"target","embedding","rho","rmse"
"Bacteroidetes_1360_1","Bacteroidetes_1360_4_tp_2, Bacteroidetes_956_1_tp_2, Ciliophora_451_1_tp_2, Proteobacteria_7314_1_tp_2, Proteobacteria_7787_1_tp_2, Proteobacteria_7983_8_tp_2, Proteobacteria_7984_1_tp_2, Proteobacteria_8176_1_tp_2, Sagenista_61_1_tp_2",0.319603472086012,0.623627944746043
"Bacteroidetes_1360_1","Archaea_164_2_tp_2, Bacteroidetes_1360_2_tp_2, Bacteroidetes_317_1_tp_2, Bacteroidetes_919_3_tp_2, Bacteroidetes_956_1_tp_2, Dinoflagellata_1769_1_tp_2, Div_reps_2942_1_tp_2, Phylum_reps_2301_1_tp_2, Proteobacteria_7983_5_tp_2",0.412727638087475,0.607092892855999
"Bacteroidetes_1360_1","Bacillariophyta_123_1_tp_2, Cryptophyta_15_1_tp_2, Dinoflagellata_1793_1_tp_2, Div_reps_1600_1_tp_2, Haptophyta_148_1_tp_2, Proteobacteria_11210_1_tp_2, Proteobacteria_7166_1_tp_2, Proteobacteria_8177_1_tp_2, Proteobacteria_9649_1_tp_2",0.33139456032624,0.638269241170913
"Bacteroidetes_1360_1","Bacillariophyta_138_1_tp_2, Bacillariophyta_196_1_tp_2, Bacillariophyta_29_1_tp_2, Bacteroidetes_1178_1_tp_2, Dinoflagellata_1749_1_tp_2, Proteobacteria_7231_1_tp_2, Proteobacteria_7316_1_tp_2, Proteobacteria_7982_1_tp_2, Proteobacteria_8185_1_tp_2",0.306607551888648,0.626362482873727
"Bacteroidetes_1360_1","Bacillariophyta_138_1_tp_2, Bacteroidetes_1166_2_tp_2, Bacteroidetes_1178_1_tp_2, Bacteroidetes_956_1_tp_2, Phylum_reps_1985_1_tp_2, Proteobacteria_10168_1_tp_2, Proteobacteria_11429_2_tp_2, Proteobacteria_7316_1_tp_2, Proteobacteria_7787_1_tp_2",0.314038513372019,0.62573758260765
"Bacteroidetes_1360_1","Bacillariophyta_138_1_tp_2, Bacillariophyta_44_1_tp_2, Bacteroidetes_1360_2_tp_2, Dinoflagellata_1014_1_tp_2, Dinoflagellata_1198_1_tp_2, Dinoflagellata_1658_1_tp_2, Proteobacteria_10114_1_tp_2, Proteobacteria_7100_1_tp_2, Sagenista_53_1_tp_2",0.392172475467252,0.618175194637307
"Bacteroidetes_1360_1","Archaea_164_1_tp_2, Chlorophyta__streptophyta_751_1_tp_2, Dinoflagellata_1014_1_tp_2, Dinoflagellata_874_1_tp_2, Haptophyta_203_1_tp_2, Perkinsea_33_1_tp_2, Proteobacteria_11120_1_tp_2, Proteobacteria_11429_4_tp_2, Proteobacteria_11431_1_tp_2",0.358884575115837,0.612012332763659
"Bacteroidetes_1360_1","Bacteroidetes_918_4_tp_2, Bacteroidetes_918_5_tp_2, Chlorophyta__streptophyta_120_1_tp_2, Cryptophyta_15_2_tp_2, Cyanobacteria_48_1_tp_2, Dinoflagellata_1769_1_tp_2, Nitrospirae_9_1_tp_2, Proteobacteria_7984_1_tp_2, Verrucomicrobia_18_4_tp_2",0.401084420841135,0.636404636110299
"Bacteroidetes_1360_1","Bacteroidetes_1166_1_tp_2, Bacteroidetes_919_3_tp_2, Haptophyta_203_1_tp_2, Nitrospirae_9_1_tp_2, Picozoa_6_1_tp_2, Proteobacteria_5461_1_tp_2, Proteobacteria_7983_4_tp_2, Proteobacteria_7983_7_tp_2, Proteobacteria_8520_1_tp_2",0.291403621187835,0.63524405035681
"Bacteroidetes_1360_1","Bacteroidetes_918_5_tp_2, Chlorophyta__streptophyta_848_1_tp_2, Chlorophyta__streptophyta_895_1_tp_2, Dinoflagellata_1771_1_tp_2, Phylum_reps_2301_1_tp_2, Proteobacteria_11155_1_tp_2, Proteobacteria_11429_2_tp_2, Proteobacteria_7230_2_tp_2, Verrucomicrobia_22_2_tp_2",0.387565936963576,0.523366135391766
"Bacteroidetes_1360_1","Bacteroidetes_918_2_tp_2, Bacteroidetes_918_5_tp_2, Bacteroidetes_919_1_tp_2, Cercozoa_291_1_tp_2, Dinoflagellata_1728_1_tp_2, Dinoflagellata_1771_1_tp_2, Proteobacteria_11155_1_tp_2, Proteobacteria_11210_2_tp_2, Proteobacteria_7313_1_tp_2",0.268577170545617,0.639842226531608
"Bacteroidetes_1360_1","Archaea_164_2_tp_2, Bacteroidetes_1178_1_tp_2, Bacteroidetes_1360_3_tp_2, Dinoflagellata_1098_1_tp_2, Dinoflagellata_1658_1_tp_2, Dinoflagellata_1711_1_tp_2, Haptophyta_203_1_tp_2, Planctomycetes_61_1_tp_2, Proteobacteria_8175_1_tp_2",0.292728306210904,0.636982080165957
"Bacteroidetes_1360_1","Actinobacteria_410_2_tp_2, Bacteroidetes_1151_1_tp_2, Cercozoa_395_1_tp_2, Ciliophora_298_1_tp_2, Cyanobacteria_85_1_tp_2, Dinoflagellata_1711_1_tp_2, Nitrospirae_9_1_tp_2, Proteobacteria_7983_2_tp_2, Verrucomicrobia_23_1_tp_2",0.0877111580845035,0.655795054625884
"Bacteroidetes_1360_1","Bacteroidetes_1360_2_tp_2, Bacteroidetes_1360_5_tp_2, Bacteroidetes_918_1_tp_2, Cryptophyta_108_1_tp_2, Dictyochophyceae_6_1_tp_2, Proteobacteria_7230_2_tp_2, Proteobacteria_7230_3_tp_2, Proteobacteria_7289_1_tp_2, temperature_tp_2",0.366786190109105,0.636571313462531
"Bacteroidetes_1360_1","Actinobacteria_410_2_tp_2, Bacteroidetes_1360_4_tp_2, Cercozoa_23_1_tp_2, Ciliophora_451_1_tp_2, Dinoflagellata_124_1_tp_2, Dinoflagellata_1555_1_tp_2, Dinoflagellata_1728_1_tp_2, Div_reps_1600_1_tp_2, Proteobacteria_7319_1_tp_2",0.190164944862376,0.635344775328074
"Bacteroidetes_1360_1","Archaea_164_2_tp_2, Bacteroidetes_918_2_tp_2, Bacteroidetes_919_1_tp_2, Cryptophyta_15_2_tp_2, Dinoflagellata_1009_1_tp_2, Dinoflagellata_1968_1_tp_2, Proteobacteria_5436_1_tp_2, Proteobacteria_7364_1_tp_2, Proteobacteria_7983_5_tp_2",0.450031915380847,0.59599026810065
"Bacteroidetes_1360_1","Bacillariophyta_138_1_tp_2, Bacteroidetes_1249_1_tp_2, Bacteroidetes_919_3_tp_2, Ciliophora_403_1_tp_2, Cryptophyta_108_1_tp_2, Dinoflagellata_1098_1_tp_2, Proteobacteria_11210_2_tp_2, Proteobacteria_11428_1_tp_2, Verrucomicrobia_18_2_tp_2",0.225397030792989,0.643577328139627
"Bacteroidetes_1360_1","Bacteroidetes_1186_1_tp_2, Bacteroidetes_1360_2_tp_2, Bacteroidetes_1360_3_tp_2, Cryptophyta_108_1_tp_2, Perkinsea_33_1_tp_2, Phylum_reps_2301_1_tp_2, Proteobacteria_7174_1_tp_2, Proteobacteria_7319_1_tp_2, Verrucomicrobia_23_1_tp_2",0.285697758583473,0.62612770070194
"Bacteroidetes_1360_1","Bacteroidetes_919_2_tp_2, Cercozoa_22_1_tp_2, Cryptophyta_15_2_tp_2, Cyanobacteria_73_1_tp_2, Dinoflagellata_1968_1_tp_2, Dinoflagellata_982_1_tp_2, Proteobacteria_5461_1_tp_2, Proteobacteria_7316_1_tp_2, Proteobacteria_7982_1_tp_2",0.337707143567673,0.6427446614502
"Bacteroidetes_1360_1","Bacteroidetes_129_1_tp_2, Cyanobacteria_65_1_tp_2, Dinoflagellata_1017_1_tp_2, Dinoflagellata_1728_2_tp_2, Phylum_reps_2301_1_tp_2, Planctomycetes_61_1_tp_2, Proteobacteria_11429_2_tp_2, Proteobacteria_7982_1_tp_2, Verrucomicrobia_18_3_tp_2",0.307215503748168,0.632841953164039
"Bacteroidetes_1360_1","Bacillariophyta_29_1_tp_2, Bacteroidetes_1167_1_tp_2, Cryptophyta_108_1_tp_2, Dinoflagellata_1017_1_tp_2, Dinoflagellata_1758_1_tp_2, Dinoflagellata_874_1_tp_2, Proteobacteria_11428_1_tp_2, Proteobacteria_7982_2_tp_2, Proteobacteria_7983_3_tp_2",0.33937423740944,0.630186791215919
"Bacteroidetes_1360_1","Actinobacteria_410_2_tp_2, Bacillariophyta_138_1_tp_2, Chlorophyta__streptophyta_732_1_tp_2, Chrysophyceae_16_1_tp_2, Ciliophora_451_1_tp_2, Dinoflagellata_1758_1_tp_2, Katablepharidophyta_7_1_tp_2, Planctomycetes_27_1_tp_2, Proteobacteria_11431_1_tp_2",0.363365073957607,0.641871366468493
"Bacteroidetes_1360_1","Bacteroidetes_1360_5_tp_2, Ciliophora_298_1_tp_2, Cyanobacteria_73_1_tp_2, Dictyochophyceae_6_1_tp_2, Nitrospirae_9_1_tp_2, Proteobacteria_6384_1_tp_2, Proteobacteria_7983_3_tp_2, Proteobacteria_7983_8_tp_2, Proteobacteria_9649_1_tp_2",0.353811495183722,0.629448259214563
"Bacteroidetes_1360_1","Actinobacteria_410_2_tp_2, Archaea_164_1_tp_2, Bacteroidetes_956_1_tp_2, Chlorophyta__streptophyta_120_1_tp_2, Dinoflagellata_1014_1_tp_2, Proteobacteria_7314_1_tp_2, Proteobacteria_7364_1_tp_2, Proteobacteria_7983_6_tp_2, Verrucomicrobia_22_2_tp_2",0.257017218381388,0.64018928356942
"Bacteroidetes_1360_1","Bacillariophyta_138_1_tp_2, Dinoflagellata_1098_1_tp_2, Dinoflagellata_1758_1_tp_2, Dinoflagellata_1771_2_tp_2, Dinoflagellata_955_1_tp_2, Div_reps_2942_1_tp_2, Phylum_reps_2301_1_tp_2, Proteobacteria_5461_1_tp_2, Verrucomicrobia_18_1_tp_2",0.170869520329999,0.647947710015216
"Bacteroidetes_1360_1","Bacteroidetes_1166_1_tp_2, Bacteroidetes_1166_2_tp_2, Bacteroidetes_1204_1_tp_2, Bacteroidetes_1360_4_tp_2, Bacteroidetes_918_5_tp_2, Ciliophora_234_1_tp_2, Ciliophora_280_1_tp_2, Div_reps_1600_1_tp_2, Proteobacteria_8175_1_tp_2",0.302044034112631,0.625159674819998
"Bacteroidetes_1360_1","Bacteroidetes_1204_1_tp_2, Bacteroidetes_956_1_tp_2, Cercozoa_291_1_tp_2, Cryptophyta_15_1_tp_2, Dinoflagellata_1496_1_tp_2, Katablepharidophyta_7_1_tp_2, Proteobacteria_11155_2_tp_2, Proteobacteria_8176_2_tp_2, temperature_tp_2",0.332098390544757,0.64597796045777
"Bacteroidetes_1360_1","Cercozoa_23_1_tp_2, Chlorophyta__streptophyta_833_1_tp_2, Ciliophora_1195_1_tp_2, Ciliophora_234_1_tp_2, Cyanobacteria_48_1_tp_2, Cyanobacteria_73_1_tp_2, Div_reps_2942_1_tp_2, Planctomycetes_34_1_tp_2, Proteobacteria_6847_1_tp_2",0.377490436133862,0.61384968693202
"Bacteroidetes_1360_1","Bacteroidetes_919_1_tp_2, Chlorophyta__streptophyta_732_1_tp_2, Chlorophyta__streptophyta_833_1_tp_2, Dinoflagellata_1728_1_tp_2, Dinoflagellata_1758_1_tp_2, Planctomycetes_61_1_tp_2, Proteobacteria_11155_1_tp_2, Proteobacteria_11155_2_tp_2, Proteobacteria_7231_1_tp_2",0.343869790085578,0.623586556270566
"Bacteroidetes_1360_1","Ciliophora_1195_1_tp_2, Dinoflagellata_124_1_tp_2, Dinoflagellata_955_1_tp_2, Picozoa_6_1_tp_2, Proteobacteria_11120_1_tp_2, Proteobacteria_7166_1_tp_2, Proteobacteria_7319_1_tp_2, Proteobacteria_7983_7_tp_2, Proteobacteria_8176_2_tp_2",0.200563891298821,0.632013076397912
"Bacteroidetes_1360_1","Bacteroidetes_1204_1_tp_2, Chlorophyta__streptophyta_845_1_tp_2, Chrysophyceae_16_1_tp_2, Dinoflagellata_124_1_tp_2, Dinoflagellata_1555_1_tp_2, Dinoflagellata_1658_1_tp_2, Dinoflagellata_1728_2_tp_2, Proteobacteria_11429_2_tp_2, Proteobacteria_11431_1_tp_2",0.309788601235781,0.622833403767343
"Bacteroidetes_1360_1","Bacteroidetes_1360_3_tp_2, Bacteroidetes_1360_5_tp_2, Bacteroidetes_317_1_tp_2, Bacteroidetes_918_3_tp_2, Dinoflagellata_1014_1_tp_2, Dinoflagellata_1769_1_tp_2, Dinoflagellata_955_1_tp_2, Proteobacteria_7787_1_tp_2, Proteobacteria_9681_2_tp_2",0.392445066762702,0.615301941401302
"Bacteroidetes_1360_1","Bacillariophyta_123_1_tp_2, Bacteroidetes_1166_2_tp_2, Bacteroidetes_1349_1_tp_2, Cercozoa_22_1_tp_2, Cryptophyta_108_1_tp_2, Proteobacteria_6384_1_tp_2, Proteobacteria_8176_1_tp_2, Proteobacteria_8178_1_tp_2, Sagenista_53_1_tp_2",0.301001798984095,0.6282767464335
"Bacteroidetes_1360_1","Bacteroidetes_1194_1_tp_2, Cryptophyta_15_1_tp_2, Cyanobacteria_48_1_tp_2, Dinoflagellata_1769_1_tp_2, Dinoflagellata_1771_1_tp_2, Proteobacteria_7230_2_tp_2, Proteobacteria_7316_1_tp_2, Sagenista_61_1_tp_2, Verrucomicrobia_18_3_tp_2",0.294980388440839,0.636829003167469
"Bacteroidetes_1360_1","Bacteroidetes_1186_1_tp_2, Bacteroidetes_956_1_tp_2, Cryptophyta_15_2_tp_2, Dinoflagellata_1728_2_tp_2, Proteobacteria_11155_2_tp_2, Proteobacteria_11190_1_tp_2, Proteobacteria_6384_1_tp_2, Proteobacteria_7166_1_tp_2, Proteobacteria_7983_8_tp_2",0.223646464450632,0.632498102232309
"Bacteroidetes_1360_1","Bacteroidetes_1167_1_tp_2, Bacteroidetes_1194_1_tp_2, Bacteroidetes_1349_1_tp_2, Bacteroidetes_919_3_tp_2, Bacteroidetes_956_1_tp_2, Cercozoa_23_1_tp_2, Cyanobacteria_85_1_tp_2, Dinoflagellata_1771_1_tp_2, Phylum_reps_1985_1_tp_2",0.294365466821528,0.620972489145743
"Bacteroidetes_1360_1","Ciliophora_234_1_tp_2, Cryptophyta_15_2_tp_2, Dinoflagellata_1198_1_tp_2, Dinoflagellata_1728_2_tp_2, Dinoflagellata_1771_2_tp_2, Proteobacteria_7313_1_tp_2, Proteobacteria_7983_3_tp_2, Proteobacteria_7983_8_tp_2, Proteobacteria_9649_1_tp_2",0.315019640220226,0.623251869834229
"Bacteroidetes_1360_1","Actinobacteria_410_1_tp_2, Bacteroidetes_1186_1_tp_2, Ciliophora_234_1_tp_2, Ciliophora_280_1_tp_2, Dinoflagellata_1542_1_tp_2, Haptophyta_148_1_tp_2, Phylum_reps_1954_1_tp_2, Proteobacteria_22_1_tp_2, Verrucomicrobia_18_2_tp_2",0.311263824743567,0.624701591244949
"Bacteroidetes_1360_1","Bacteroidetes_1167_1_tp_2, Bacteroidetes_1224_1_tp_2, Bacteroidetes_1249_1_tp_2, Dinoflagellata_1009_1_tp_2, Perkinsea_33_1_tp_2, Planctomycetes_61_1_tp_2, Proteobacteria_11155_2_tp_2, Proteobacteria_7983_5_tp_2, Proteobacteria_7984_1_tp_2",0.377117159371299,0.61117722970441
"Bacteroidetes_1360_1","Bacteroidetes_1235_1_tp_2, Bacteroidetes_919_1_tp_2, Bacteroidetes_919_2_tp_2, Haptophyta_148_1_tp_2, Proteobacteria_11429_1_tp_2, Proteobacteria_11429_4_tp_2, Proteobacteria_7983_1_tp_2, Proteobacteria_8176_1_tp_2, Verrucomicrobia_18_3_tp_2",0.258611541878663,0.637237769921151
"Bacteroidetes_1360_1","Bacteroidetes_1360_3_tp_2, Bacteroidetes_918_3_tp_2, Bacteroidetes_919_1_tp_2, Chrysophyceae_16_1_tp_2, Cryptophyta_15_2_tp_2, Div_reps_1600_1_tp_2, Proteobacteria_7174_1_tp_2, Proteobacteria_7289_1_tp_2, temperature_tp_2",0.394053689404107,0.629757261712142
"Bacteroidetes_1360_1","Actinobacteria_410_1_tp_2, Bacteroidetes_317_1_tp_2, Bacteroidetes_919_3_tp_2, Cercozoa_22_1_tp_2, Chlorophyta__streptophyta_895_1_tp_2, Proteobacteria_11431_1_tp_2, Proteobacteria_7230_1_tp_2, Proteobacteria_7230_2_tp_2, Rhodophyta_506_1_tp_2",0.29719605430151,0.636028138281891
"Bacteroidetes_1360_1","Bacillariophyta_29_1_tp_2, Bacteroidetes_1151_1_tp_2, Dinoflagellata_1010_1_tp_2, Div_reps_1600_1_tp_2, Lobosa_11_1_tp_2, Proteobacteria_22_1_tp_2, Proteobacteria_6384_1_tp_2, Proteobacteria_7787_1_tp_2, Verrucomicrobia_18_4_tp_2",0.213066371063504,0.646722059702607
"Bacteroidetes_1360_1","Bacteroidetes_1360_4_tp_2, Chlorophyta__streptophyta_833_1_tp_2, Cryptophyta_108_1_tp_2, Dinoflagellata_1728_1_tp_2, Dinoflagellata_874_1_tp_2, Phylum_reps_1954_1_tp_2, Proteobacteria_11155_1_tp_2, Proteobacteria_11429_3_tp_2, Verrucomicrobia_18_4_tp_2",0.191718069444294,0.649605165492746
"Bacteroidetes_1360_1","Cercozoa_22_1_tp_2, Ciliophora_280_1_tp_2, Dinoflagellata_1017_1_tp_2, Dinoflagellata_1728_2_tp_2, Dinoflagellata_1749_1_tp_2, Dinoflagellata_982_1_tp_2, Proteobacteria_11190_1_tp_2, Proteobacteria_11429_2_tp_2, Radiolaria_104_1_tp_2",0.246463202520799,0.629879662815798
"Bacteroidetes_1360_1","Bacteroidetes_129_1_tp_2, Bacteroidetes_1360_5_tp_2, Cryptophyta_15_2_tp_2, Picozoa_6_1_tp_2, Proteobacteria_7100_1_tp_2, Proteobacteria_7319_1_tp_2, Proteobacteria_7983_4_tp_2, Proteobacteria_7983_5_tp_2, Verrucomicrobia_18_1_tp_2",0.470124925909628,0.611870619945875
"Bacteroidetes_1360_1","Cyanobacteria_48_1_tp_2, Dinoflagellata_1098_1_tp_2, Dinoflagellata_1555_1_tp_2, Nitrospirae_9_1_tp_2, Planctomycetes_61_1_tp_2, Proteobacteria_7313_1_tp_2, Proteobacteria_7984_1_tp_2, Proteobacteria_8520_1_tp_2, Sagenista_53_1_tp_2",0.249128662646081,0.648900581743859
"Bacteroidetes_1360_1","Archaea_179_1_tp_2, Bacteroidetes_1151_1_tp_2, Bacteroidetes_129_2_tp_2, Ciliophora_451_1_tp_2, Dinoflagellata_1014_1_tp_2, Dinoflagellata_1728_2_tp_2, Dinoflagellata_1758_1_tp_2, Haptophyta_148_1_tp_2, Proteobacteria_7983_6_tp_2",0.264029992273905,0.635042246639288
"Bacteroidetes_1360_1","Bacteroidetes_1360_3_tp_2, Chlorophyta__streptophyta_120_1_tp_2, Ciliophora_451_1_tp_2, Dinoflagellata_1009_1_tp_2, Dinoflagellata_1758_1_tp_2, Dinoflagellata_1862_1_tp_2, Dinoflagellata_982_1_tp_2, Katablepharidophyta_7_1_tp_2, Proteobacteria_8176_2_tp_2",0.425816044193189,0.628860352759886
"Bacteroidetes_1360_1","Bacteroidetes_919_1_tp_2, Chlorophyta__streptophyta_732_1_tp_2, Nitrospirae_9_1_tp_2, Picozoa_18_1_tp_2, Proteobacteria_10168_1_tp_2, Proteobacteria_11210_1_tp_2, Proteobacteria_7100_1_tp_2, Proteobacteria_7314_1_tp_2, temperature_tp_2",0.336405050946893,0.638490173217349
"Bacteroidetes_1360_1","Bacteroidetes_1235_1_tp_2, Cercozoa_23_1_tp_2, Dinoflagellata_1728_2_tp_2, Dinoflagellata_874_1_tp_2, Dinoflagellata_955_1_tp_2, Proteobacteria_7100_1_tp_2, Proteobacteria_7983_3_tp_2, Proteobacteria_8177_2_tp_2, Proteobacteria_9681_1_tp_2",0.39141063420597,0.598272434153193
"Bacteroidetes_1360_1","Bacteroidetes_1167_1_tp_2, Bacteroidetes_317_1_tp_2, Dinoflagellata_1771_1_tp_2, Picozoa_6_1_tp_2, Proteobacteria_11429_1_tp_2, Proteobacteria_7983_7_tp_2, Proteobacteria_9681_2_tp_2, Raphidophyceae_3_1_tp_2, Verrucomicrobia_18_4_tp_2",0.34188690255631,0.63581870087065
"Bacteroidetes_1360_1","Bacillariophyta_29_1_tp_2, Bacteroidetes_131_1_tp_2, Bacteroidetes_919_2_tp_2, Dinoflagellata_1496_1_tp_2, Dinoflagellata_1728_1_tp_2, Lobosa_11_1_tp_2, Proteobacteria_5461_1_tp_2, Proteobacteria_7983_3_tp_2, Proteobacteria_9649_1_tp_2",0.256147977068565,0.636567352459719
"Bacteroidetes_1360_1","Bacillariophyta_219_1_tp_2, Bacteroidetes_1224_1_tp_2, Bacteroidetes_919_1_tp_2, Dinoflagellata_1749_1_tp_2, Haptophyta_148_1_tp_2, Proteobacteria_10114_1_tp_2, Proteobacteria_11429_4_tp_2, Proteobacteria_11431_1_tp_2, Proteobacteria_7289_1_tp_2",0.310764838563987,0.631695733913222
"Bacteroidetes_1360_1","Bacteroidetes_1186_1_tp_2, Bacteroidetes_1194_1_tp_2, Cyanobacteria_65_1_tp_2, Dinoflagellata_1010_1_tp_2, Div_reps_1600_1_tp_2, Proteobacteria_11429_3_tp_2, Proteobacteria_7983_6_tp_2, temperature_tp_2, Verrucomicrobia_18_1_tp_2",0.367749319514957,0.64406692513054
"Bacteroidetes_1360_1","Dinoflagellata_1711_1_tp_2, Dinoflagellata_982_1_tp_2, Proteobacteria_11431_1_tp_2, Proteobacteria_7313_1_tp_2, Proteobacteria_7983_2_tp_2, Proteobacteria_8175_1_tp_2, Proteobacteria_8185_1_tp_2, Verrucomicrobia_18_2_tp_2, Verrucomicrobia_23_1_tp_2",0.427166145225574,0.595164191707207
"Bacteroidetes_1360_1","Bacillariophyta_123_1_tp_2, Bacillariophyta_31_1_tp_2, Dinoflagellata_1496_1_tp_2, Planctomycetes_34_1_tp_2, Proteobacteria_10091_1_tp_2, Proteobacteria_11431_1_tp_2, Proteobacteria_6847_1_tp_2, Proteobacteria_7230_3_tp_2, Proteobacteria_9649_1_tp_2",0.363243194862231,0.638697965657535
"Bacteroidetes_1360_1","Bacteroidetes_131_1_tp_2, Bacteroidetes_938_1_tp_2, Cyanobacteria_65_1_tp_2, Picozoa_18_1_tp_2, Planctomycetes_27_1_tp_2, Planctomycetes_61_1_tp_2, Proteobacteria_10091_1_tp_2, Proteobacteria_7983_4_tp_2, Proteobacteria_8178_1_tp_2",0.214142752036468,0.657171267621594
"Bacteroidetes_1360_1","Proteobacteria_11210_1_tp_2, Proteobacteria_11428_1_tp_2, Proteobacteria_6384_1_tp_2, Proteobacteria_7230_2_tp_2, Proteobacteria_7289_1_tp_2, Proteobacteria_7295_1_tp_2, Proteobacteria_7314_1_tp_2, Proteobacteria_8520_1_tp_2, Verrucomicrobia_22_1_tp_2",0.360812560029614,0.624009109156988
"Bacteroidetes_1360_1","Bacillariophyta_219_1_tp_2, Chlorophyta__streptophyta_120_1_tp_2, Proteobacteria_11431_2_tp_2, Proteobacteria_7166_1_tp_2, Proteobacteria_7231_1_tp_2, Proteobacteria_7982_2_tp_2, Proteobacteria_7983_3_tp_2, Proteobacteria_7984_1_tp_2, Proteobacteria_8177_2_tp_2",0.335222537300176,0.617027187015404
"Bacteroidetes_1360_1","Bacteroidetes_1186_1_tp_2, Bacteroidetes_918_1_tp_2, Ciliophora_298_1_tp_2, Dictyochophyceae_6_1_tp_2, Dinoflagellata_1711_1_tp_2, Dinoflagellata_1793_1_tp_2, Div_reps_2942_1_tp_2, Proteobacteria_11120_1_tp_2, Proteobacteria_22_1_tp_2",0.240169100975445,0.638302051299838
"Bacteroidetes_1360_1","Bacteroidetes_1186_1_tp_2, Bacteroidetes_918_1_tp_2, Bacteroidetes_918_3_tp_2, Dinoflagellata_1017_1_tp_2, Katablepharidophyta_7_1_tp_2, Nitrospirae_9_1_tp_2, Proteobacteria_7983_2_tp_2, Proteobacteria_7983_6_tp_2, Sagenista_53_1_tp_2",0.186133461909152,0.654574627764077
"Bacteroidetes_1360_1","Bacteroidetes_1349_1_tp_2, Bacteroidetes_1360_2_tp_2, Bacteroidetes_938_1_tp_2, Dinoflagellata_1749_1_tp_2, Dinoflagellata_1968_1_tp_2, Proteobacteria_11120_1_tp_2, Proteobacteria_11431_2_tp_2, Proteobacteria_8175_1_tp_2, Verrucomicrobia_18_4_tp_2",0.417381313904653,0.600148795376648
"Bacteroidetes_1360_1","Bacteroidetes_1186_1_tp_2, Bacteroidetes_131_1_tp_2, Cyanobacteria_48_1_tp_2, Cyanobacteria_73_1_tp_2, Proteobacteria_11431_2_tp_2, Proteobacteria_7174_1_tp_2, Proteobacteria_7230_1_tp_2, Proteobacteria_7983_5_tp_2, Proteobacteria_7984_1_tp_2",0.353358960968922,0.612977621710822
"Bacteroidetes_1360_1","Actinobacteria_410_1_tp_2, Archaea_164_2_tp_2, Chlorophyta__streptophyta_751_1_tp_2, Dinoflagellata_1010_1_tp_2, Proteobacteria_6384_1_tp_2, Proteobacteria_7230_3_tp_2, Proteobacteria_7319_1_tp_2, Proteobacteria_8520_1_tp_2, Verrucomicrobia_18_4_tp_2",0.314153204807019,0.636892617560926
"Bacteroidetes_1360_1","Archaea_164_2_tp_2, Bacillariophyta_196_1_tp_2, Bacillariophyta_29_1_tp_2, Bacteroidetes_1167_1_tp_2, Bacteroidetes_1178_1_tp_2, Ciliophora_1195_1_tp_2, Cyanobacteria_65_1_tp_2, Dinoflagellata_1010_1_tp_2, Div_reps_2942_1_tp_2",0.405696038931263,0.645318010158659
"Bacteroidetes_1360_1","Cryptophyta_15_1_tp_2, Dinoflagellata_1758_1_tp_2, Lobosa_11_1_tp_2, Proteobacteria_10114_1_tp_2, Proteobacteria_7230_3_tp_2, Proteobacteria_7316_1_tp_2, Proteobacteria_7982_1_tp_2, Proteobacteria_8176_2_tp_2, Radiolaria_104_1_tp_2",0.361469424255803,0.617148580096052
"Bacteroidetes_1360_1","Bacteroidetes_1360_2_tp_2, Picozoa_18_1_tp_2, Picozoa_6_1_tp_2, Proteobacteria_7982_2_tp_2, Proteobacteria_7983_1_tp_2, Proteobacteria_9681_2_tp_2, Raphidophyceae_3_1_tp_2, Sagenista_61_1_tp_2, Verrucomicrobia_18_2_tp_2",0.290833138073771,0.663115946629699
"Bacteroidetes_1360_1","Archaea_164_2_tp_2, Dinoflagellata_1017_1_tp_2, Katablepharidophyta_7_1_tp_2, Planctomycetes_61_1_tp_2, Proteobacteria_11431_2_tp_2, Proteobacteria_7231_1_tp_2, Proteobacteria_7983_1_tp_2, Proteobacteria_8177_2_tp_2, Proteobacteria_8520_1_tp_2",0.430057822201754,0.606182013419247
"Bacteroidetes_1360_1","Actinobacteria_410_2_tp_2, Bacillariophyta_138_1_tp_2, Bacteroidetes_1360_5_tp_2, Bacteroidetes_919_1_tp_2, Bacteroidetes_938_1_tp_2, Chlorophyta__streptophyta_732_1_tp_2, Proteobacteria_10114_1_tp_2, Proteobacteria_7314_1_tp_2, Proteobacteria_8176_2_tp_2",0.253813872008014,0.638788702009142
"Bacteroidetes_1360_1","Bacteroidetes_1178_1_tp_2, Dinoflagellata_1793_1_tp_2, Katablepharidophyta_7_1_tp_2, Nitrospirae_9_1_tp_2, Perkinsea_33_1_tp_2, Perkinsea_44_1_tp_2, Phylum_reps_2301_1_tp_2, Picozoa_6_1_tp_2, Proteobacteria_10114_1_tp_2",0.0406342095582941,0.658934423461261
"Bacteroidetes_1360_1","Archaea_179_1_tp_2, Bacteroidetes_918_4_tp_2, Ciliophora_280_1_tp_2, Cyanobacteria_73_1_tp_2, Dinoflagellata_1711_1_tp_2, Haptophyta_203_1_tp_2, Perkinsea_44_1_tp_2, Proteobacteria_11429_3_tp_2, Verrucomicrobia_18_3_tp_2",0.345478800421352,0.642996001323106
"Bacteroidetes_1360_1","Bacillariophyta_138_1_tp_2, Bacteroidetes_129_1_tp_2, Bacteroidetes_918_5_tp_2, Cyanobacteria_65_1_tp_2, Perkinsea_44_1_tp_2, Proteobacteria_11155_2_tp_2, Proteobacteria_11210_1_tp_2, Proteobacteria_8175_1_tp_2, Proteobacteria_8177_2_tp_2",0.375985313909714,0.607406751735291
"Bacteroidetes_1360_1","Actinobacteria_410_1_tp_2, Bacillariophyta_138_1_tp_2, Bacillariophyta_31_1_tp_2, Bacteroidetes_1204_1_tp_2, Dinoflagellata_1014_1_tp_2, Picozoa_18_1_tp_2, Proteobacteria_11429_2_tp_2, Proteobacteria_7230_3_tp_2, Sagenista_61_1_tp_2",0.205910099777785,0.662890285219733
"Bacteroidetes_1360_1","Bacteroidetes_1194_1_tp_2, Bacteroidetes_1360_2_tp_2, Bacteroidetes_1360_5_tp_2, Bacteroidetes_919_1_tp_2, Cercozoa_395_1_tp_2, Chlorophyta__streptophyta_848_1_tp_2, Haptophyta_148_1_tp_2, Picozoa_18_1_tp_2, Verrucomicrobia_18_3_tp_2",0.35244187170371,0.615760745600769
"Bacteroidetes_1360_1","Bacteroidetes_1224_1_tp_2, Bacteroidetes_1235_1_tp_2, Dinoflagellata_1555_1_tp_2, Proteobacteria_10114_1_tp_2, Proteobacteria_22_1_tp_2, Proteobacteria_5461_1_tp_2, Proteobacteria_7295_1_tp_2, Radiolaria_104_1_tp_2, temperature_tp_2",0.475209892748555,0.588446248583314
"Bacteroidetes_1360_1","Archaea_164_1_tp_2, Bacillariophyta_123_1_tp_2, Bacteroidetes_1151_1_tp_2, Bacteroidetes_1166_2_tp_2, Cercozoa_291_1_tp_2, Dinoflagellata_1769_1_tp_2, Perkinsea_33_1_tp_2, Proteobacteria_10168_1_tp_2, Proteobacteria_6384_1_tp_2",0.214768827587686,0.637772675008522
"Bacteroidetes_1360_1","Bacteroidetes_918_1_tp_2, Bacteroidetes_919_2_tp_2, Ciliophora_234_1_tp_2, Dinoflagellata_1017_1_tp_2, Dinoflagellata_1658_1_tp_2, Proteobacteria_10091_1_tp_2, Proteobacteria_7230_2_tp_2, Proteobacteria_7289_1_tp_2, Pseudofungi_43_1_tp_2",0.180298921003204,0.652434421783498
"Bacteroidetes_1360_1","Bacteroidetes_129_1_tp_2, Ciliophora_403_1_tp_2, Cryptophyta_15_1_tp_2, Cyanobacteria_65_1_tp_2, Dinoflagellata_1968_1_tp_2, Dinoflagellata_874_1_tp_2, Planctomycetes_27_1_tp_2, Proteobacteria_7364_1_tp_2, Proteobacteria_9681_2_tp_2",0.366589768472432,0.633092491537658
"Bacteroidetes_1360_1","Cercozoa_395_1_tp_2, Dinoflagellata_1010_1_tp_2, Perkinsea_33_1_tp_2, Proteobacteria_11429_1_tp_2, Proteobacteria_22_1_tp_2, Proteobacteria_5436_1_tp_2, Proteobacteria_7982_2_tp_2, Proteobacteria_7983_6_tp_2, Proteobacteria_7983_7_tp_2",0.364054518896039,0.60727536609694
"Bacteroidetes_1360_1","Bacteroidetes_1264_1_tp_2, Bacteroidetes_918_3_tp_2, Ciliophora_234_1_tp_2, Ciliophora_451_1_tp_2, Dinoflagellata_1749_1_tp_2, Proteobacteria_7230_2_tp_2, Proteobacteria_7983_5_tp_2, Proteobacteria_8177_1_tp_2, Raphidophyceae_3_1_tp_2",0.348090269751403,0.650465596876377
"Bacteroidetes_1360_1","Bacteroidetes_1264_1_tp_2, Bacteroidetes_918_2_tp_2, Bacteroidetes_919_3_tp_2, Dinoflagellata_1769_1_tp_2, Dinoflagellata_1771_1_tp_2, Katablepharidophyta_7_1_tp_2, Proteobacteria_7174_1_tp_2, Proteobacteria_7983_5_tp_2, temperature_tp_2",0.378255338369003,0.618414093577776
"Bacteroidetes_1360_1","Bacteroidetes_1194_1_tp_2, Bacteroidetes_1204_1_tp_2, Cyanobacteria_48_1_tp_2, Dinoflagellata_1711_1_tp_2, Dinoflagellata_1728_1_tp_2, Phylum_reps_1954_1_tp_2, Proteobacteria_11429_2_tp_2, Proteobacteria_7230_1_tp_2, Proteobacteria_7313_1_tp_2",0.333404219336431,0.623624992421619
"Bacteroidetes_1360_1","Archaea_164_1_tp_2, Ciliophora_234_1_tp_2, Dinoflagellata_1793_1_tp_2, Haptophyta_203_1_tp_2, Phylum_reps_2301_1_tp_2, Proteobacteria_10168_1_tp_2, Proteobacteria_11431_1_tp_2, Proteobacteria_7983_5_tp_2, Proteobacteria_8176_1_tp_2",0.439610196523599,0.592583331424839
"Bacteroidetes_1360_1","Bacillariophyta_219_1_tp_2, Bacteroidetes_938_1_tp_2, Cyanobacteria_85_1_tp_2, Dinoflagellata_1542_1_tp_2, Dinoflagellata_874_1_tp_2, Phylum_reps_2301_1_tp_2, Planctomycetes_61_1_tp_2, Proteobacteria_11210_2_tp_2, Proteobacteria_7983_1_tp_2",0.103615887084069,0.656026972701505
"Bacteroidetes_1360_1","Bacteroidetes_1167_1_tp_2, Cercozoa_395_1_tp_2, Dinoflagellata_1017_1_tp_2, Dinoflagellata_1728_2_tp_2, Dinoflagellata_874_1_tp_2, Picozoa_6_1_tp_2, Planctomycetes_61_1_tp_2, Proteobacteria_6384_1_tp_2, Verrucomicrobia_22_2_tp_2",0.139026362808526,0.661844201424496
"Bacteroidetes_1360_1","Bacillariophyta_196_1_tp_2, Bacteroidetes_1178_1_tp_2, Cercozoa_395_1_tp_2, Cyanobacteria_48_1_tp_2, Dinoflagellata_1009_1_tp_2, Dinoflagellata_1542_1_tp_2, Dinoflagellata_1728_2_tp_2, Dinoflagellata_1749_1_tp_2, Proteobacteria_7230_2_tp_2",0.245982994762814,0.633155719200047
"Bacteroidetes_1360_1","Bacillariophyta_31_1_tp_2, Bacteroidetes_919_1_tp_2, Ciliophora_403_1_tp_2, Dinoflagellata_1658_1_tp_2, Dinoflagellata_1793_1_tp_2, Phylum_reps_2301_1_tp_2, Planctomycetes_34_1_tp_2, Proteobacteria_7983_5_tp_2, Proteobacteria_7983_6_tp_2",0.431378672253103,0.625385810415975
"Bacteroidetes_1360_1","Bacteroidetes_1249_1_tp_2, Ciliophora_1195_1_tp_2, Dinoflagellata_1542_1_tp_2, Dinoflagellata_1711_1_tp_2, Perkinsea_33_1_tp_2, Proteobacteria_10091_1_tp_2, Proteobacteria_11210_1_tp_2, Proteobacteria_7295_1_tp_2, Proteobacteria_7364_1_tp_2",0.41365063640542,0.604145789247929
"Bacteroidetes_1360_1","Cercozoa_395_1_tp_2, Cyanobacteria_73_1_tp_2, Dinoflagellata_1098_1_tp_2, Dinoflagellata_1496_1_tp_2, Haptophyta_203_1_tp_2, Planctomycetes_27_1_tp_2, Proteobacteria_11210_1_tp_2, Proteobacteria_8176_2_tp_2, Radiolaria_104_1_tp_2",0.250217020576156,0.659939704400317
"Bacteroidetes_1360_1","Actinobacteria_410_1_tp_2, Archaea_179_1_tp_2, Bacillariophyta_219_1_tp_2, Cercozoa_23_1_tp_2, Perkinsea_44_1_tp_2, Phylum_reps_1985_1_tp_2, Proteobacteria_11431_2_tp_2, Proteobacteria_7230_1_tp_2, Rhodophyta_506_1_tp_2",0.346978028793507,0.619598698660907
"Bacteroidetes_1360_1","Bacillariophyta_44_1_tp_2, Bacteroidetes_1186_1_tp_2, Ciliophora_280_1_tp_2, Dinoflagellata_1014_1_tp_2, Dinoflagellata_1496_1_tp_2, Perkinsea_44_1_tp_2, Proteobacteria_11210_2_tp_2, Proteobacteria_8177_1_tp_2, Proteobacteria_8520_1_tp_2",0.262515581741959,0.630647621213033
"Bacteroidetes_1360_1","Bacillariophyta_29_1_tp_2, Bacteroidetes_1360_2_tp_2, Bacteroidetes_938_1_tp_2, Cercozoa_22_1_tp_2, Ciliophora_234_1_tp_2, Ciliophora_451_1_tp_2, Dinoflagellata_1555_1_tp_2, Proteobacteria_10091_1_tp_2, Proteobacteria_11210_1_tp_2",0.410368838057176,0.612511667462178
"Bacteroidetes_1360_1","Bacillariophyta_100_1_tp_2, Bacteroidetes_1166_1_tp_2, Bacteroidetes_1360_3_tp_2, Bacteroidetes_938_1_tp_2, Chlorophyta__streptophyta_732_1_tp_2, Ciliophora_298_1_tp_2, Dictyochophyceae_6_1_tp_2, Dinoflagellata_1749_1_tp_2, Picozoa_18_1_tp_2",0.313544121554835,0.644282797847201
"Bacteroidetes_1360_1","Bacillariophyta_138_1_tp_2, Bacillariophyta_219_1_tp_2, Bacteroidetes_1235_1_tp_2, Bacteroidetes_918_3_tp_2, Cyanobacteria_73_1_tp_2, Haptophyta_203_1_tp_2, Proteobacteria_5461_1_tp_2, Proteobacteria_7313_1_tp_2, Proteobacteria_8177_2_tp_2",0.319886677837918,0.621055811603278
"Bacteroidetes_1360_1","Chlorophyta__streptophyta_751_1_tp_2, Dinoflagellata_1009_1_tp_2, Perkinsea_44_1_tp_2, Proteobacteria_7174_1_tp_2, Proteobacteria_7230_1_tp_2, Proteobacteria_7319_1_tp_2, Proteobacteria_7983_8_tp_2, Proteobacteria_8176_2_tp_2, Proteobacteria_8185_1_tp_2",0.297322477341688,0.622424765918736
"Bacteroidetes_1360_1","Actinobacteria_410_2_tp_2, Bacteroidetes_1151_1_tp_2, Bacteroidetes_1166_2_tp_2, Bacteroidetes_918_1_tp_2, Cryptophyta_15_2_tp_2, Dinoflagellata_1749_1_tp_2, Proteobacteria_7230_2_tp_2, Proteobacteria_7983_3_tp_2, Proteobacteria_8185_1_tp_2",0.247828087688626,0.641652522708096
"Bacteroidetes_1360_1","Bacillariophyta_196_1_tp_2, Bacteroidetes_1178_1_tp_2, Bacteroidetes_1349_1_tp_2, Bacteroidetes_938_1_tp_2, Cryptophyta_15_2_tp_2, Phylum_reps_2301_1_tp_2, Proteobacteria_11428_1_tp_2, Proteobacteria_7314_1_tp_2, temperature_tp_2",0.385652703606191,0.662989917189672
"Bacteroidetes_1360_1","Bacteroidetes_317_1_tp_2, Chrysophyceae_16_1_tp_2, Ciliophora_451_1_tp_2, Dinoflagellata_1010_1_tp_2, Dinoflagellata_1771_2_tp_2, Div_reps_1600_2_tp_2, Div_reps_2942_1_tp_2, Lobosa_11_1_tp_2, Proteobacteria_7983_4_tp_2",0.401980167334652,0.630141849591518
"Bacteroidetes_1360_1","Archaea_179_1_tp_2, Bacillariophyta_31_1_tp_2, Bacteroidetes_1235_1_tp_2, Dinoflagellata_1711_1_tp_2, Proteobacteria_11120_1_tp_2, Proteobacteria_8175_1_tp_2, Radiolaria_104_1_tp_2, Verrucomicrobia_18_2_tp_2, Verrucomicrobia_18_4_tp_2",0.369627349310887,0.613589557095736
"Bacteroidetes_1360_1","Bacteroidetes_1194_1_tp_2, Bacteroidetes_1360_5_tp_2, Bacteroidetes_918_5_tp_2, Dinoflagellata_1017_1_tp_2, Dinoflagellata_1771_1_tp_2, Dinoflagellata_1862_1_tp_2, Perkinsea_44_1_tp_2, Proteobacteria_7313_1_tp_2, Proteobacteria_7983_5_tp_2",0.418075775138304,0.599397644966421
"Bacteroidetes_1360_1","Bacillariophyta_138_1_tp_2, Bacteroidetes_1349_1_tp_2, Bacteroidetes_1360_2_tp_2, Ciliophora_280_1_tp_2, Dinoflagellata_955_1_tp_2, Haptophyta_203_1_tp_2, Nitrospirae_9_1_tp_2, Planctomycetes_61_1_tp_2, Proteobacteria_9649_1_tp_2",0.342469434156512,0.627218678051177
"Bacteroidetes_1360_1","Archaea_164_1_tp_2, Bacillariophyta_100_1_tp_2, Chlorophyta__streptophyta_751_1_tp_2, Ciliophora_234_1_tp_2, Proteobacteria_7314_1_tp_2, Proteobacteria_9681_2_tp_2, Sagenista_61_1_tp_2, temperature_tp_2, Verrucomicrobia_22_1_tp_2",0.329591361887164,0.632195396114907
"Bacteroidetes_1360_1","Bacteroidetes_129_2_tp_2, Bacteroidetes_1360_3_tp_2, Bacteroidetes_918_4_tp_2, Chlorophyta__streptophyta_895_1_tp_2, Ciliophora_1195_1_tp_2, Dictyochophyceae_6_1_tp_2, Phylum_reps_1954_1_tp_2, Proteobacteria_11428_1_tp_2, Verrucomicrobia_18_3_tp_2",0.360538561879983,0.61687144001589
"Bacteroidetes_1360_1","Bacteroidetes_1224_1_tp_2, Bacteroidetes_1360_2_tp_2, Bacteroidetes_938_1_tp_2, Cryptophyta_15_1_tp_2, Proteobacteria_7230_2_tp_2, Proteobacteria_8178_1_tp_2, Proteobacteria_8520_1_tp_2, temperature_tp_2, Verrucomicrobia_23_1_tp_2",0.451729620930906,0.596379464487699
"Bacteroidetes_1360_1","Bacteroidetes_1224_1_tp_2, Bacteroidetes_919_1_tp_2, Chrysophyceae_16_1_tp_2, Dinoflagellata_1010_1_tp_2, Dinoflagellata_1711_1_tp_2, Proteobacteria_11210_2_tp_2, Proteobacteria_7983_3_tp_2, Verrucomicrobia_18_4_tp_2, Verrucomicrobia_22_2_tp_2",0.400520599284767,0.636480604289376
"Bacteroidetes_1360_1","Bacteroidetes_918_1_tp_2, Ciliophora_298_1_tp_2, Cyanobacteria_48_1_tp_2, Div_reps_1600_1_tp_2, Div_reps_2942_1_tp_2, Picozoa_18_1_tp_2, Proteobacteria_11210_1_tp_2, Proteobacteria_11429_3_tp_2, Rhodophyta_506_1_tp_2",0.345959247700287,0.642255108295341
"Bacteroidetes_1360_1","Bacteroidetes_317_1_tp_2, Bacteroidetes_918_4_tp_2, Cercozoa_23_1_tp_2, Chrysophyceae_16_1_tp_2, Cryptophyta_15_2_tp_2, Cyanobacteria_85_1_tp_2, Picozoa_6_1_tp_2, Proteobacteria_8176_2_tp_2, Proteobacteria_8520_1_tp_2",0.367995341124019,0.613356328613007
"Bacteroidetes_1360_1","Bacillariophyta_100_1_tp_2, Bacteroidetes_129_1_tp_2, Bacteroidetes_317_1_tp_2, Chlorophyta__streptophyta_848_1_tp_2, Cyanobacteria_85_1_tp_2, Phylum_reps_2301_1_tp_2, Proteobacteria_11155_2_tp_2, Proteobacteria_7100_1_tp_2, Proteobacteria_7982_2_tp_2",0.187132659097435,0.642064570253921
"Bacteroidetes_1360_1","Bacteroidetes_1264_1_tp_2, Cercozoa_291_1_tp_2, Cercozoa_395_1_tp_2, Ciliophora_1195_1_tp_2, Haptophyta_148_1_tp_2, Proteobacteria_6384_1_tp_2, Proteobacteria_7174_1_tp_2, Proteobacteria_8176_1_tp_2, Verrucomicrobia_18_3_tp_2",0.392640529604315,0.603498896354648
"Bacteroidetes_1360_1","Actinobacteria_410_1_tp_2, Bacteroidetes_1224_1_tp_2, Cercozoa_395_1_tp_2, Cyanobacteria_48_1_tp_2, Cyanobacteria_73_1_tp_2, Dinoflagellata_1014_1_tp_2, Planctomycetes_34_1_tp_2, Proteobacteria_11431_2_tp_2, Radiolaria_104_1_tp_2",0.327138508092545,0.635599769991748
"Bacteroidetes_1360_1","Bacteroidetes_1235_1_tp_2, Bacteroidetes_918_4_tp_2, Bacteroidetes_956_1_tp_2, Dinoflagellata_1771_1_tp_2, Phylum_reps_1985_1_tp_2, Proteobacteria_11190_1_tp_2, Proteobacteria_7166_1_tp_2, Proteobacteria_7316_1_tp_2, Proteobacteria_7787_1_tp_2",0.224230648927296,0.637048136191472
"Bacteroidetes_1360_1","Bacillariophyta_44_1_tp_2, Bacteroidetes_1151_1_tp_2, Dinoflagellata_1749_1_tp_2, Dinoflagellata_1793_1_tp_2, Proteobacteria_7230_2_tp_2, Proteobacteria_7364_1_tp_2, Proteobacteria_7983_4_tp_2, Verrucomicrobia_18_1_tp_2, Verrucomicrobia_18_2_tp_2",0.414202308670896,0.619563665809683
"Bacteroidetes_1360_1","Bacteroidetes_1249_1_tp_2, Bacteroidetes_919_1_tp_2, Bacteroidetes_938_1_tp_2, Dinoflagellata_1728_2_tp_2, Proteobacteria_22_1_tp_2, Proteobacteria_7166_1_tp_2, Proteobacteria_7787_1_tp_2, Proteobacteria_8175_1_tp_2, Sagenista_61_1_tp_2",0.310674690733607,0.61745605975278
"Bacteroidetes_1360_1","Bacteroidetes_956_1_tp_2, Ciliophora_1195_1_tp_2, Ciliophora_403_1_tp_2, Dictyochophyceae_6_1_tp_2, Planctomycetes_61_1_tp_2, Proteobacteria_11120_1_tp_2, Proteobacteria_11429_3_tp_2, Proteobacteria_8178_1_tp_2, Radiolaria_104_1_tp_2",0.215373539875979,0.650734037218766
"Bacteroidetes_1360_1","Bacillariophyta_123_1_tp_2, Bacillariophyta_138_1_tp_2, Bacteroidetes_1235_1_tp_2, Chlorophyta__streptophyta_732_1_tp_2, Proteobacteria_11155_1_tp_2, Proteobacteria_11431_1_tp_2, Proteobacteria_8177_1_tp_2, Proteobacteria_8520_1_tp_2, Rhodophyta_506_1_tp_2",0.395750576986773,0.626942443335905
"Bacteroidetes_1360_1","Bacteroidetes_1167_1_tp_2, Bacteroidetes_1178_1_tp_2, Bacteroidetes_1204_1_tp_2, Chlorophyta__streptophyta_895_1_tp_2, Cyanobacteria_48_1_tp_2, Cyanobacteria_85_1_tp_2, Perkinsea_44_1_tp_2, Proteobacteria_7983_1_tp_2, Proteobacteria_7983_6_tp_2",0.301786583514114,0.63464399039254
"Bacteroidetes_1360_1","Bacteroidetes_129_1_tp_2, Bacteroidetes_918_3_tp_2, Bacteroidetes_956_1_tp_2, Dinoflagellata_1017_1_tp_2, Picozoa_18_1_tp_2, Proteobacteria_11210_2_tp_2, Proteobacteria_11428_1_tp_2, Proteobacteria_11429_3_tp_2, Proteobacteria_7983_2_tp_2",0.221395091591463,0.644265665003481
"Bacteroidetes_1360_1","Bacillariophyta_219_1_tp_2, Bacteroidetes_1194_1_tp_2, Ciliophora_298_1_tp_2, Cryptophyta_15_1_tp_2, Picozoa_18_1_tp_2, Proteobacteria_6384_1_tp_2, Proteobacteria_7230_3_tp_2, Proteobacteria_7982_1_tp_2, Verrucomicrobia_18_1_tp_2",0.388685145769419,0.624151983339816
"Bacteroidetes_1360_1","Bacteroidetes_129_1_tp_2, Bacteroidetes_919_1_tp_2, Bacteroidetes_919_2_tp_2, Chlorophyta__streptophyta_120_1_tp_2, Div_reps_1600_2_tp_2, Proteobacteria_10168_1_tp_2, Proteobacteria_11210_1_tp_2, Proteobacteria_8520_1_tp_2, Proteobacteria_9681_1_tp_2",0.233626759472288,0.655214236937908
"Bacteroidetes_1360_1","Bacteroidetes_1178_1_tp_2, Bacteroidetes_317_1_tp_2, Dinoflagellata_1014_1_tp_2, Phylum_reps_2301_1_tp_2, Proteobacteria_10091_1_tp_2, Proteobacteria_7314_1_tp_2, Proteobacteria_7982_1_tp_2, Proteobacteria_7983_4_tp_2, Verrucomicrobia_18_4_tp_2",0.40799780427499,0.627615680024127
"Bacteroidetes_1360_1","Bacteroidetes_1235_1_tp_2, Cercozoa_22_1_tp_2, Chrysophyceae_16_1_tp_2, Cryptophyta_15_1_tp_2, Proteobacteria_11429_2_tp_2, Proteobacteria_7230_1_tp_2, Proteobacteria_7983_2_tp_2, Proteobacteria_8175_1_tp_2, Verrucomicrobia_18_1_tp_2",0.384570868233218,0.61718069459652
"Bacteroidetes_1360_1","Bacteroidetes_1186_1_tp_2, Bacteroidetes_919_2_tp_2, Chlorophyta__streptophyta_732_1_tp_2, Chlorophyta__streptophyta_833_1_tp_2, Ciliophora_280_1_tp_2, Proteobacteria_11428_1_tp_2, Proteobacteria_7100_1_tp_2, Proteobacteria_7174_1_tp_2, Verrucomicrobia_18_2_tp_2",0.213756728084144,0.64537992695104
"Bacteroidetes_1360_1","Ciliophora_451_1_tp_2, Cryptophyta_15_1_tp_2, Dinoflagellata_1728_2_tp_2, Div_reps_1600_1_tp_2, Proteobacteria_11155_2_tp_2, Proteobacteria_5461_1_tp_2, Proteobacteria_7983_6_tp_2, Proteobacteria_8177_1_tp_2, Proteobacteria_9681_2_tp_2",0.450913005621597,0.610055902690711
"Bacteroidetes_1360_1","Bacteroidetes_1360_3_tp_2, Chrysophyceae_16_1_tp_2, Cryptophyta_108_1_tp_2, Cryptophyta_15_1_tp_2, Lobosa_11_1_tp_2, Proteobacteria_11431_1_tp_2, Proteobacteria_7100_1_tp_2, Proteobacteria_8176_2_tp_2, Verrucomicrobia_22_2_tp_2",0.32782805677368,0.653134402868104
"Bacteroidetes_1360_1","Actinobacteria_410_2_tp_2, Bacteroidetes_1360_3_tp_2, Chlorophyta__streptophyta_732_1_tp_2, Dinoflagellata_1749_1_tp_2, Proteobacteria_11431_1_tp_2, Proteobacteria_7983_3_tp_2, Proteobacteria_8520_1_tp_2, Proteobacteria_9681_1_tp_2, Proteobacteria_9681_2_tp_2",0.369851818924655,0.606763064491476
"Bacteroidetes_1360_1","Bacillariophyta_123_1_tp_2, Haptophyta_148_1_tp_2, Katablepharidophyta_7_1_tp_2, Nitrospirae_9_1_tp_2, Proteobacteria_7230_1_tp_2, Proteobacteria_7983_8_tp_2, Proteobacteria_8176_1_tp_2, Proteobacteria_8177_2_tp_2, Proteobacteria_9649_1_tp_2",0.244985681050384,0.632047019911888
"Bacteroidetes_1360_1","Bacillariophyta_31_1_tp_2, Bacteroidetes_1264_1_tp_2, Ciliophora_1195_1_tp_2, Dinoflagellata_1728_1_tp_2, Dinoflagellata_1771_2_tp_2, Proteobacteria_11429_3_tp_2, Proteobacteria_7231_1_tp_2, Proteobacteria_7983_2_tp_2, Proteobacteria_9681_2_tp_2",0.352546076518624,0.632558140731559
"Bacteroidetes_1360_1","Bacillariophyta_123_1_tp_2, Bacillariophyta_219_1_tp_2, Bacteroidetes_938_1_tp_2, Dinoflagellata_1098_1_tp_2, Phylum_reps_1954_1_tp_2, Proteobacteria_6384_1_tp_2, Proteobacteria_7100_1_tp_2, Proteobacteria_7295_1_tp_2, Proteobacteria_8177_1_tp_2",0.384966476488805,0.616915363484349
"Bacteroidetes_1360_1","Bacteroidetes_129_2_tp_2, Bacteroidetes_1360_2_tp_2, Chlorophyta__streptophyta_732_1_tp_2, Ciliophora_403_1_tp_2, Dinoflagellata_1749_1_tp_2, Proteobacteria_11120_1_tp_2, Proteobacteria_11428_1_tp_2, Proteobacteria_11429_2_tp_2, Verrucomicrobia_18_4_tp_2",0.355397551408289,0.619693716253911
"Bacteroidetes_1360_1","Bacteroidetes_129_2_tp_2, Chlorophyta__streptophyta_751_1_tp_2, Chlorophyta__streptophyta_833_1_tp_2, Cyanobacteria_85_1_tp_2, Dinoflagellata_1771_2_tp_2, Phylum_reps_1954_1_tp_2, Phylum_reps_1985_1_tp_2, Planctomycetes_61_1_tp_2, Verrucomicrobia_23_1_tp_2",0.266887641070305,0.623343091413772
"Bacteroidetes_1360_1","Bacteroidetes_1178_1_tp_2, Bacteroidetes_1224_1_tp_2, Bacteroidetes_1349_1_tp_2, Cercozoa_22_1_tp_2, Planctomycetes_34_1_tp_2, Proteobacteria_10114_1_tp_2, Proteobacteria_11431_1_tp_2, Proteobacteria_8177_1_tp_2, Proteobacteria_8185_1_tp_2",0.325387236125101,0.629654090068142
"Bacteroidetes_1360_1","Bacteroidetes_1264_1_tp_2, Bacteroidetes_1360_5_tp_2, Bacteroidetes_918_3_tp_2, Chlorophyta__streptophyta_120_1_tp_2, Dinoflagellata_1749_1_tp_2, Proteobacteria_5436_1_tp_2, Proteobacteria_7983_1_tp_2, Proteobacteria_7983_2_tp_2, Proteobacteria_7983_6_tp_2",0.409937966114667,0.62266028660724
"Bacteroidetes_1360_1","Bacteroidetes_1186_1_tp_2, Bacteroidetes_129_1_tp_2, Ciliophora_298_1_tp_2, Cyanobacteria_73_1_tp_2, Dictyochophyceae_6_1_tp_2, Div_reps_1600_1_tp_2, Proteobacteria_11429_3_tp_2, Proteobacteria_7230_3_tp_2, Proteobacteria_7983_1_tp_2",0.114107803658254,0.659505816860932
"Bacteroidetes_1360_1","Cercozoa_291_1_tp_2, Cyanobacteria_73_1_tp_2, Dinoflagellata_1198_1_tp_2, Dinoflagellata_1728_2_tp_2, Perkinsea_33_1_tp_2, Proteobacteria_11429_3_tp_2, Proteobacteria_7295_1_tp_2, Proteobacteria_7314_1_tp_2, Proteobacteria_8178_1_tp_2",0.325256095185356,0.622118959456211
"Bacteroidetes_1360_1","Bacillariophyta_138_1_tp_2, Bacteroidetes_1151_1_tp_2, Bacteroidetes_1167_1_tp_2, Bacteroidetes_918_4_tp_2, Cercozoa_291_1_tp_2, Cyanobacteria_65_1_tp_2, Proteobacteria_7100_1_tp_2, Proteobacteria_7983_8_tp_2, Proteobacteria_9681_1_tp_2",0.431531188973711,0.599784246126
"Bacteroidetes_1360_1","Bacteroidetes_1204_1_tp_2, Bacteroidetes_918_1_tp_2, Dinoflagellata_1658_1_tp_2, Div_reps_2942_1_tp_2, Proteobacteria_11429_4_tp_2, Proteobacteria_22_1_tp_2, Proteobacteria_5436_1_tp_2, Proteobacteria_7983_8_tp_2, Proteobacteria_8176_2_tp_2",0.373841914813849,0.612662516696627
"Bacteroidetes_1360_1","Dinoflagellata_1496_1_tp_2, Dinoflagellata_1728_1_tp_2, Dinoflagellata_1968_1_tp_2, Haptophyta_148_1_tp_2, Proteobacteria_11428_1_tp_2, Proteobacteria_11429_2_tp_2, Proteobacteria_11429_3_tp_2, Proteobacteria_11429_4_tp_2, Proteobacteria_7787_1_tp_2",0.215336498435642,0.641068422536443
"Bacteroidetes_1360_1","Bacteroidetes_129_1_tp_2, Bacteroidetes_919_3_tp_2, Ciliophora_280_1_tp_2, Dinoflagellata_1009_1_tp_2, Dinoflagellata_1496_1_tp_2, Planctomycetes_34_1_tp_2, Proteobacteria_7316_1_tp_2, Proteobacteria_7983_4_tp_2, Verrucomicrobia_18_4_tp_2",0.374745238709526,0.632989988614932
"Bacteroidetes_1360_1","Actinobacteria_410_1_tp_2, Archaea_179_1_tp_2, Bacteroidetes_317_1_tp_2, Bacteroidetes_919_3_tp_2, Dinoflagellata_1728_1_tp_2, Dinoflagellata_1728_2_tp_2, Proteobacteria_7230_3_tp_2, Proteobacteria_7289_1_tp_2, Proteobacteria_8177_2_tp_2",0.293855579040679,0.627740671311626
"Bacteroidetes_1360_1","Bacteroidetes_1178_1_tp_2, Bacteroidetes_1224_1_tp_2, Dinoflagellata_1758_1_tp_2, Perkinsea_44_1_tp_2, Proteobacteria_11155_1_tp_2, Proteobacteria_11429_4_tp_2, Proteobacteria_5436_1_tp_2, Proteobacteria_7984_1_tp_2, Pseudofungi_43_1_tp_2",0.438404359137332,0.608035054540666
"Bacteroidetes_1360_1","Bacteroidetes_1194_1_tp_2, Bacteroidetes_1235_1_tp_2, Cryptophyta_108_1_tp_2, Dinoflagellata_1198_1_tp_2, Katablepharidophyta_7_1_tp_2, Proteobacteria_7314_1_tp_2, Proteobacteria_7983_3_tp_2, Proteobacteria_9681_2_tp_2, Sagenista_61_1_tp_2",0.322188108454555,0.677492997464707
"Bacteroidetes_1360_1","Bacteroidetes_1235_1_tp_2, Bacteroidetes_918_4_tp_2, Chlorophyta__streptophyta_848_1_tp_2, Dictyochophyceae_6_1_tp_2, Dinoflagellata_1198_1_tp_2, Proteobacteria_11120_1_tp_2, Proteobacteria_7295_1_tp_2, Proteobacteria_8176_2_tp_2, Verrucomicrobia_22_2_tp_2",0.348694567341673,0.621141363658256
"Bacteroidetes_1360_1","Actinobacteria_410_2_tp_2, Bacteroidetes_1167_1_tp_2, Chlorophyta__streptophyta_120_1_tp_2, Chlorophyta__streptophyta_833_1_tp_2, Chlorophyta__streptophyta_895_1_tp_2, Dinoflagellata_1771_1_tp_2, Div_reps_2942_1_tp_2, Proteobacteria_7319_1_tp_2, Proteobacteria_7983_1_tp_2",0.37735440259189,0.636776190534535
"Bacteroidetes_1360_1","Bacillariophyta_44_1_tp_2, Bacteroidetes_1151_1_tp_2, Bacteroidetes_1166_2_tp_2, Bacteroidetes_1235_1_tp_2, Bacteroidetes_1360_5_tp_2, Dinoflagellata_1010_1_tp_2, Dinoflagellata_1769_1_tp_2, Proteobacteria_7983_5_tp_2, Proteobacteria_8177_1_tp_2",0.342480588148237,0.632988165074704
"Bacteroidetes_1360_1","Bacillariophyta_29_1_tp_2, Bacteroidetes_129_1_tp_2, Chlorophyta__streptophyta_895_1_tp_2, Ciliophora_451_1_tp_2, Dinoflagellata_1749_1_tp_2, Proteobacteria_7174_1_tp_2, Proteobacteria_7231_1_tp_2, Proteobacteria_7314_1_tp_2, Proteobacteria_7364_1_tp_2",0.389809347991458,0.618945568038213
"Bacteroidetes_1360_1","Archaea_164_2_tp_2, Cercozoa_395_1_tp_2, Dinoflagellata_1010_1_tp_2, Dinoflagellata_982_1_tp_2, Proteobacteria_10114_1_tp_2, Proteobacteria_11429_2_tp_2, Proteobacteria_7230_1_tp_2, Proteobacteria_7316_1_tp_2, Proteobacteria_8178_1_tp_2",0.341623282178632,0.620720983476188
"Bacteroidetes_1360_1","Bacteroidetes_1224_1_tp_2, Bacteroidetes_1235_1_tp_2, Bacteroidetes_938_1_tp_2, Cryptophyta_15_2_tp_2, Dinoflagellata_1496_1_tp_2, Proteobacteria_22_1_tp_2, Proteobacteria_8177_2_tp_2, Raphidophyceae_3_1_tp_2, Sagenista_61_1_tp_2",0.36028242316796,0.622413071961837
"Bacteroidetes_1360_1","Bacillariophyta_100_1_tp_2, Bacteroidetes_918_2_tp_2, Chrysophyceae_16_1_tp_2, Cryptophyta_15_1_tp_2, Cryptophyta_15_2_tp_2, Nitrospirae_9_1_tp_2, Perkinsea_44_1_tp_2, Planctomycetes_61_1_tp_2, Proteobacteria_5461_1_tp_2",0.211306750232008,0.647899347611841
"Bacteroidetes_1360_1","Archaea_164_1_tp_2, Bacillariophyta_123_1_tp_2, Bacillariophyta_196_1_tp_2, Cercozoa_291_1_tp_2, Cyanobacteria_48_1_tp_2, Cyanobacteria_73_1_tp_2, Proteobacteria_5461_1_tp_2, Verrucomicrobia_18_4_tp_2, Verrucomicrobia_22_1_tp_2",0.300402342191687,0.638093987464771
"Bacteroidetes_1360_1","Bacillariophyta_100_1_tp_2, Bacillariophyta_44_1_tp_2, Dinoflagellata_1198_1_tp_2, Dinoflagellata_1555_1_tp_2, Lobosa_11_1_tp_2, Picozoa_6_1_tp_2, Proteobacteria_6847_1_tp_2, Proteobacteria_7174_1_tp_2, Proteobacteria_7314_1_tp_2",0.290748295883249,0.643787916643883
"Bacteroidetes_1360_1","Archaea_164_2_tp_2, Bacteroidetes_1166_2_tp_2, Bacteroidetes_1360_3_tp_2, Bacteroidetes_919_3_tp_2, Ciliophora_280_1_tp_2, Proteobacteria_11431_1_tp_2, Proteobacteria_11431_2_tp_2, Proteobacteria_9649_1_tp_2, Verrucomicrobia_23_1_tp_2",0.337581125011035,0.612464263054126
"Bacteroidetes_1360_1","Actinobacteria_410_2_tp_2, Bacteroidetes_1186_1_tp_2, Bacteroidetes_131_1_tp_2, Bacteroidetes_919_2_tp_2, Cercozoa_23_1_tp_2, Dinoflagellata_1009_1_tp_2, Dinoflagellata_1968_1_tp_2, Haptophyta_203_1_tp_2, Proteobacteria_11429_4_tp_2",0.296529007315891,0.627658598907591
"Bacteroidetes_1360_1","Bacteroidetes_1235_1_tp_2, Cercozoa_291_1_tp_2, Ciliophora_280_1_tp_2, Planctomycetes_34_1_tp_2, Planctomycetes_61_1_tp_2, Proteobacteria_10091_1_tp_2, Proteobacteria_11431_1_tp_2, Proteobacteria_7983_3_tp_2, Sagenista_61_1_tp_2",0.354567351921434,0.650198572547521
"Bacteroidetes_1360_1","Bacillariophyta_123_1_tp_2, Bacteroidetes_317_1_tp_2, Bacteroidetes_919_2_tp_2, Bacteroidetes_938_1_tp_2, Dinoflagellata_1009_1_tp_2, Dinoflagellata_955_1_tp_2, Proteobacteria_11155_1_tp_2, Proteobacteria_11190_1_tp_2, Verrucomicrobia_22_1_tp_2",0.278127806282189,0.631123224540692
"Bacteroidetes_1360_1","Bacteroidetes_1186_1_tp_2, Bacteroidetes_1360_5_tp_2, Cercozoa_23_1_tp_2, Dinoflagellata_124_1_tp_2, Dinoflagellata_1496_1_tp_2, Dinoflagellata_1769_1_tp_2, Proteobacteria_11210_2_tp_2, Proteobacteria_7230_3_tp_2, Proteobacteria_9681_1_tp_2",0.309397958486786,0.620957902722694
"Bacteroidetes_1360_1","Bacteroidetes_918_4_tp_2, Bacteroidetes_919_1_tp_2, Chlorophyta__streptophyta_848_1_tp_2, Cyanobacteria_65_1_tp_2, Dinoflagellata_1758_1_tp_2, Picozoa_6_1_tp_2, Proteobacteria_11210_2_tp_2, Proteobacteria_8185_1_tp_2, Verrucomicrobia_22_1_tp_2",0.377541351660231,0.618690406705537
"Bacteroidetes_1360_1","Bacillariophyta_100_1_tp_2, Bacteroidetes_317_1_tp_2, Ciliophora_451_1_tp_2, Dinoflagellata_955_1_tp_2, Nitrospirae_9_1_tp_2, Phylum_reps_2301_1_tp_2, Proteobacteria_7982_1_tp_2, Proteobacteria_7984_1_tp_2, Proteobacteria_8175_1_tp_2",0.409805771709212,0.610326368357841
"Bacteroidetes_1360_1","Bacillariophyta_138_1_tp_2, Bacteroidetes_1349_1_tp_2, Bacteroidetes_1360_5_tp_2, Bacteroidetes_919_2_tp_2, Cercozoa_291_1_tp_2, Ciliophora_1195_1_tp_2, Proteobacteria_11155_1_tp_2, Proteobacteria_7230_2_tp_2, Raphidophyceae_3_1_tp_2",0.481749334309318,0.6117076719394
"Bacteroidetes_1360_1","Bacteroidetes_938_1_tp_2, Ciliophora_403_1_tp_2, Dinoflagellata_1198_1_tp_2, Dinoflagellata_982_1_tp_2, Katablepharidophyta_7_1_tp_2, Proteobacteria_7982_1_tp_2, Proteobacteria_7983_4_tp_2, Proteobacteria_7983_8_tp_2, Rhodophyta_506_1_tp_2",0.522221113213491,0.612556042085501
"Bacteroidetes_1360_1","Bacteroidetes_1360_4_tp_2, Cercozoa_23_1_tp_2, Dinoflagellata_1555_1_tp_2, Proteobacteria_11155_2_tp_2, Proteobacteria_5436_1_tp_2, Proteobacteria_7230_1_tp_2, Proteobacteria_7319_1_tp_2, Proteobacteria_9649_1_tp_2, Pseudofungi_43_1_tp_2",0.396101576861468,0.609042844734401
"Bacteroidetes_1360_1","Bacillariophyta_29_1_tp_2, Dinoflagellata_1758_1_tp_2, Dinoflagellata_874_1_tp_2, Lobosa_11_1_tp_2, Proteobacteria_10168_1_tp_2, Proteobacteria_22_1_tp_2, Proteobacteria_7289_1_tp_2, Sagenista_53_1_tp_2, temperature_tp_2",0.298318116491472,0.628881482493317
"Bacteroidetes_1360_1","Bacillariophyta_138_1_tp_2, Bacteroidetes_1178_1_tp_2, Dinoflagellata_1198_1_tp_2, Dinoflagellata_1728_1_tp_2, Planctomycetes_61_1_tp_2, Proteobacteria_10168_1_tp_2, Proteobacteria_7166_1_tp_2, Proteobacteria_7230_2_tp_2, temperature_tp_2",0.175999738996142,0.64074462946779
"Bacteroidetes_1360_1","Bacteroidetes_919_3_tp_2, Chlorophyta__streptophyta_751_1_tp_2, Cryptophyta_15_1_tp_2, Dinoflagellata_1769_1_tp_2, Div_reps_1600_1_tp_2, Proteobacteria_10114_1_tp_2, Proteobacteria_5436_1_tp_2, Proteobacteria_7982_2_tp_2, Proteobacteria_7983_6_tp_2",0.30228280793856,0.632500942525476
"Bacteroidetes_1360_1","Bacteroidetes_1151_1_tp_2, Bacteroidetes_938_1_tp_2, Bacteroidetes_956_1_tp_2, Dinoflagellata_1009_1_tp_2, Dinoflagellata_1014_1_tp_2, Dinoflagellata_874_1_tp_2, Div_reps_1600_2_tp_2, Proteobacteria_11429_2_tp_2, Proteobacteria_7982_2_tp_2",0.146383134209724,0.64968389746274
"Bacteroidetes_1360_1","Actinobacteria_410_1_tp_2, Bacillariophyta_138_1_tp_2, Bacteroidetes_956_1_tp_2, Div_reps_2942_1_tp_2, Proteobacteria_10114_1_tp_2, Proteobacteria_11429_2_tp_2, Proteobacteria_7314_1_tp_2, Proteobacteria_7316_1_tp_2, Sagenista_53_1_tp_2",0.334074866311034,0.635487376087538
"Bacteroidetes_1360_1","Dinoflagellata_1769_1_tp_2, Haptophyta_203_1_tp_2, Planctomycetes_34_1_tp_2, Proteobacteria_11429_2_tp_2, Proteobacteria_11431_1_tp_2, Proteobacteria_7289_1_tp_2, Proteobacteria_7983_2_tp_2, Proteobacteria_9649_1_tp_2, Verrucomicrobia_23_1_tp_2",0.442610458140181,0.627651458467063
"Bacteroidetes_1360_1","Bacillariophyta_29_1_tp_2, Ciliophora_298_1_tp_2, Cryptophyta_15_2_tp_2, Dinoflagellata_982_1_tp_2, Proteobacteria_10091_1_tp_2, Proteobacteria_11210_1_tp_2, Proteobacteria_7982_1_tp_2, Proteobacteria_8177_1_tp_2, Pseudofungi_43_1_tp_2",0.417166313260154,0.621485901117185
"Bacteroidetes_1360_1","Archaea_164_2_tp_2, Bacillariophyta_196_1_tp_2, Chlorophyta__streptophyta_895_1_tp_2, Ciliophora_298_1_tp_2, Cryptophyta_15_2_tp_2, Dinoflagellata_1769_1_tp_2, Lobosa_11_1_tp_2, Phylum_reps_2301_1_tp_2, Verrucomicrobia_23_1_tp_2",0.378439669039737,0.660236069746559
"Bacteroidetes_1360_1","Bacteroidetes_1349_1_tp_2, Dinoflagellata_1496_1_tp_2, Dinoflagellata_1658_1_tp_2, Planctomycetes_61_1_tp_2, Proteobacteria_11428_1_tp_2, Proteobacteria_11429_2_tp_2, Proteobacteria_7983_8_tp_2, Proteobacteria_8177_2_tp_2, Pseudofungi_43_1_tp_2",0.264651146630642,0.629681507273395
"Bacteroidetes_1360_1","Bacillariophyta_29_1_tp_2, Ciliophora_280_1_tp_2, Dinoflagellata_1198_1_tp_2, Dinoflagellata_1968_1_tp_2, Haptophyta_148_1_tp_2, Proteobacteria_10168_1_tp_2, Proteobacteria_6847_1_tp_2, Proteobacteria_7982_1_tp_2, Proteobacteria_8178_1_tp_2",0.327345504777362,0.623504158260393
"Bacteroidetes_1360_1","Bacteroidetes_1178_1_tp_2, Bacteroidetes_1349_1_tp_2, Chlorophyta__streptophyta_120_1_tp_2, Dinoflagellata_1496_1_tp_2, Nitrospirae_9_1_tp_2, Proteobacteria_11429_1_tp_2, Proteobacteria_22_1_tp_2, Proteobacteria_7787_1_tp_2, Verrucomicrobia_18_3_tp_2",0.321685584116266,0.625307395494743
"Bacteroidetes_1360_1","Bacteroidetes_129_2_tp_2, Ciliophora_1195_1_tp_2, Cryptophyta_108_1_tp_2, Phylum_reps_1985_1_tp_2, Proteobacteria_11210_2_tp_2, Proteobacteria_6847_1_tp_2, Proteobacteria_8176_1_tp_2, Raphidophyceae_3_1_tp_2, Verrucomicrobia_18_1_tp_2",0.413374052334408,0.619126552036392
"Bacteroidetes_1360_1","Bacteroidetes_1235_1_tp_2, Bacteroidetes_1360_2_tp_2, Cryptophyta_15_1_tp_2, Dinoflagellata_1793_1_tp_2, Dinoflagellata_1968_1_tp_2, Proteobacteria_7316_1_tp_2, Radiolaria_104_1_tp_2, Rhodophyta_506_1_tp_2, Verrucomicrobia_22_1_tp_2",0.361816106158229,0.62632116218632
"Bacteroidetes_1360_1","Archaea_164_2_tp_2, Bacteroidetes_1166_2_tp_2, Bacteroidetes_1360_4_tp_2, Chlorophyta__streptophyta_751_1_tp_2, Cryptophyta_15_2_tp_2, Dinoflagellata_1496_1_tp_2, Dinoflagellata_874_1_tp_2, Proteobacteria_11431_2_tp_2, Proteobacteria_6847_1_tp_2",0.409036884267159,0.606712348924142
"Bacteroidetes_1360_1","Bacteroidetes_918_3_tp_2, Dinoflagellata_1010_1_tp_2, Dinoflagellata_1542_1_tp_2, Dinoflagellata_1769_1_tp_2, Dinoflagellata_1862_1_tp_2, Planctomycetes_27_1_tp_2, Proteobacteria_7982_1_tp_2, Proteobacteria_7983_7_tp_2, Verrucomicrobia_23_1_tp_2",0.339822616703721,0.623636676051107
"Bacteroidetes_1360_1","Bacillariophyta_196_1_tp_2, Dinoflagellata_1555_1_tp_2, Dinoflagellata_874_1_tp_2, Picozoa_18_1_tp_2, Planctomycetes_27_1_tp_2, Proteobacteria_11428_1_tp_2, Proteobacteria_11431_1_tp_2, Proteobacteria_7230_2_tp_2, Proteobacteria_7231_1_tp_2",0.24889131441383,0.63484573180383
"Bacteroidetes_1360_1","Dinoflagellata_1098_1_tp_2, Dinoflagellata_1198_1_tp_2, Dinoflagellata_1758_1_tp_2, Dinoflagellata_955_1_tp_2, Div_reps_2942_1_tp_2, Proteobacteria_11429_2_tp_2, Proteobacteria_11429_3_tp_2, Proteobacteria_11431_1_tp_2, Proteobacteria_7983_7_tp_2",0.35656580113271,0.619374426821909
"Bacteroidetes_1360_1","Actinobacteria_410_2_tp_2, Bacteroidetes_1360_5_tp_2, Bacteroidetes_956_1_tp_2, Cryptophyta_15_1_tp_2, Dinoflagellata_874_1_tp_2, Proteobacteria_6384_1_tp_2, Proteobacteria_7364_1_tp_2, Proteobacteria_9681_2_tp_2, Rhodophyta_506_1_tp_2",0.300165959506196,0.64067536495572
"Bacteroidetes_1360_1","Bacteroidetes_1224_1_tp_2, Bacteroidetes_956_1_tp_2, Cryptophyta_15_1_tp_2, Dinoflagellata_1771_1_tp_2, Dinoflagellata_1968_1_tp_2, Proteobacteria_6384_1_tp_2, Proteobacteria_7230_1_tp_2, Proteobacteria_7983_4_tp_2, Proteobacteria_8175_1_tp_2",0.373675656591328,0.608247284659151
"Bacteroidetes_1360_1","Bacillariophyta_219_1_tp_2, Bacteroidetes_1167_1_tp_2, Bacteroidetes_1360_3_tp_2, Bacteroidetes_1360_5_tp_2, Bacteroidetes_919_2_tp_2, Bacteroidetes_919_3_tp_2, Dictyochophyceae_6_1_tp_2, Nitrospirae_9_1_tp_2, Proteobacteria_10091_1_tp_2",0.360433426753703,0.644692896319436
"Bacteroidetes_1360_1","Bacteroidetes_918_2_tp_2, Cyanobacteria_48_1_tp_2, Dinoflagellata_1769_1_tp_2, Dinoflagellata_1771_1_tp_2, Dinoflagellata_1793_1_tp_2, Dinoflagellata_874_1_tp_2, Picozoa_18_1_tp_2, Proteobacteria_7230_1_tp_2, Sagenista_61_1_tp_2",0.235591530912084,0.643819282461753
"Bacteroidetes_1360_1","Actinobacteria_410_1_tp_2, Bacillariophyta_196_1_tp_2, Bacillariophyta_44_1_tp_2, Bacteroidetes_1224_1_tp_2, Bacteroidetes_1360_3_tp_2, Chlorophyta__streptophyta_845_1_tp_2, Dinoflagellata_1728_1_tp_2, Proteobacteria_7983_6_tp_2, Rhodophyta_506_1_tp_2",0.326174649352937,0.631705090639174
"Bacteroidetes_1360_1","Bacillariophyta_31_1_tp_2, Bacteroidetes_918_3_tp_2, Bacteroidetes_919_3_tp_2, Cercozoa_395_1_tp_2, Dinoflagellata_1658_1_tp_2, Proteobacteria_7313_1_tp_2, Proteobacteria_8176_2_tp_2, Proteobacteria_8178_1_tp_2, Proteobacteria_8185_1_tp_2",0.269711575731022,0.627730135796751
"Bacteroidetes_1360_1","Bacteroidetes_1204_1_tp_2, Bacteroidetes_918_3_tp_2, Bacteroidetes_918_5_tp_2, Chrysophyceae_16_1_tp_2, Dinoflagellata_124_1_tp_2, Dinoflagellata_1542_1_tp_2, Dinoflagellata_1711_1_tp_2, Dinoflagellata_982_1_tp_2, Proteobacteria_8177_2_tp_2",0.349079321280758,0.626208459492816
"Bacteroidetes_1360_1","Bacteroidetes_1186_1_tp_2, Bacteroidetes_1264_1_tp_2, Bacteroidetes_1349_1_tp_2, Dinoflagellata_1555_1_tp_2, Dinoflagellata_1862_1_tp_2, Planctomycetes_34_1_tp_2, Proteobacteria_7983_1_tp_2, Proteobacteria_7983_8_tp_2, Proteobacteria_8176_2_tp_2",0.22921481655984,0.649170543995868
"Bacteroidetes_1360_1","Bacillariophyta_44_1_tp_2, Bacteroidetes_1178_1_tp_2, Bacteroidetes_129_2_tp_2, Bacteroidetes_1360_4_tp_2, Chlorophyta__streptophyta_120_1_tp_2, Ciliophora_298_1_tp_2, Cyanobacteria_73_1_tp_2, Proteobacteria_7983_2_tp_2, Proteobacteria_8177_1_tp_2",0.311168181763701,0.641168739286512
"Bacteroidetes_1360_1","Bacteroidetes_1204_1_tp_2, Bacteroidetes_1360_3_tp_2, Bacteroidetes_918_2_tp_2, Chlorophyta__streptophyta_848_1_tp_2, Proteobacteria_10091_1_tp_2, Proteobacteria_11431_2_tp_2, Proteobacteria_7983_7_tp_2, Proteobacteria_9649_1_tp_2, Verrucomicrobia_18_4_tp_2",0.322016879918943,0.629657501584915
"Bacteroidetes_1360_1","Bacteroidetes_1249_1_tp_2, Bacteroidetes_1360_4_tp_2, Cercozoa_395_1_tp_2, Dictyochophyceae_6_1_tp_2, Div_reps_1600_1_tp_2, Div_reps_1600_2_tp_2, Lobosa_11_1_tp_2, Proteobacteria_7230_3_tp_2, Verrucomicrobia_18_2_tp_2",0.237427279079141,0.636163182158541
"Bacteroidetes_1360_1","Bacillariophyta_29_1_tp_2, Bacteroidetes_1235_1_tp_2, Chlorophyta__streptophyta_751_1_tp_2, Dinoflagellata_1749_1_tp_2, Div_reps_1600_2_tp_2, Proteobacteria_6384_1_tp_2, Proteobacteria_7983_4_tp_2, Proteobacteria_8520_1_tp_2, Verrucomicrobia_18_4_tp_2",0.283586138796815,0.638947748338185
"Bacteroidetes_1360_1","Bacteroidetes_1235_1_tp_2, Bacteroidetes_1249_1_tp_2, Dinoflagellata_1198_1_tp_2, Dinoflagellata_1555_1_tp_2, Proteobacteria_22_1_tp_2, Proteobacteria_7231_1_tp_2, Proteobacteria_7316_1_tp_2, Proteobacteria_7983_8_tp_2, Proteobacteria_8177_2_tp_2",0.310323204800914,0.618839729059541
"Bacteroidetes_1360_1","Bacillariophyta_138_1_tp_2, Bacteroidetes_129_2_tp_2, Cercozoa_291_1_tp_2, Chlorophyta__streptophyta_120_1_tp_2, Chlorophyta__streptophyta_845_1_tp_2, Chrysophyceae_16_1_tp_2, Dinoflagellata_1771_1_tp_2, Proteobacteria_11429_4_tp_2, Proteobacteria_11431_1_tp_2",0.40363315753701,0.601797638875911
"Bacteroidetes_1360_1","Bacillariophyta_123_1_tp_2, Bacillariophyta_138_1_tp_2, Chlorophyta__streptophyta_848_1_tp_2, Ciliophora_1195_1_tp_2, Ciliophora_451_1_tp_2, Dinoflagellata_1555_1_tp_2, Lobosa_11_1_tp_2, Proteobacteria_7100_1_tp_2, Proteobacteria_7314_1_tp_2",0.360127018420463,0.618869684062905
"Bacteroidetes_1360_1","Bacillariophyta_138_1_tp_2, Bacillariophyta_44_1_tp_2, Chlorophyta__streptophyta_732_1_tp_2, Dinoflagellata_1017_1_tp_2, Proteobacteria_11210_2_tp_2, Proteobacteria_6384_1_tp_2, Proteobacteria_7230_3_tp_2, Proteobacteria_7983_6_tp_2, Proteobacteria_8175_1_tp_2",0.300325935317313,0.624202244223012
"Bacteroidetes_1360_1","Bacteroidetes_1151_1_tp_2, Dinoflagellata_1009_1_tp_2, Dinoflagellata_1496_1_tp_2, Dinoflagellata_1542_1_tp_2, Dinoflagellata_1749_1_tp_2, Dinoflagellata_1769_1_tp_2, Proteobacteria_5461_1_tp_2, temperature_tp_2, Verrucomicrobia_22_1_tp_2",0.190054211991701,0.653500971293228
"Bacteroidetes_1360_1","Bacteroidetes_1204_1_tp_2, Dinoflagellata_1017_1_tp_2, Dinoflagellata_1198_1_tp_2, Dinoflagellata_1728_1_tp_2, Dinoflagellata_1862_1_tp_2, Lobosa_11_1_tp_2, Proteobacteria_7230_2_tp_2, Proteobacteria_7984_1_tp_2, Verrucomicrobia_23_1_tp_2",0.331879560316699,0.629236129941979
"Bacteroidetes_1360_1","Actinobacteria_410_1_tp_2, Bacillariophyta_100_1_tp_2, Bacteroidetes_1224_1_tp_2, Cyanobacteria_85_1_tp_2, Dinoflagellata_1728_1_tp_2, Dinoflagellata_1771_1_tp_2, Proteobacteria_7174_1_tp_2, Proteobacteria_7313_1_tp_2, Sagenista_53_1_tp_2",0.239735247110488,0.643197891892987
"Bacteroidetes_1360_1","Bacillariophyta_29_1_tp_2, Bacteroidetes_129_2_tp_2, Ciliophora_451_1_tp_2, Proteobacteria_11190_1_tp_2, Proteobacteria_11429_4_tp_2, Proteobacteria_7230_3_tp_2, Proteobacteria_7295_1_tp_2, Proteobacteria_7983_2_tp_2, Verrucomicrobia_18_3_tp_2",0.26793623998419,0.636702958962049
"Bacteroidetes_1360_1","Archaea_164_1_tp_2, Bacteroidetes_919_3_tp_2, Bacteroidetes_938_1_tp_2, Cryptophyta_15_1_tp_2, Cryptophyta_15_2_tp_2, Dinoflagellata_1968_1_tp_2, Dinoflagellata_982_1_tp_2, Proteobacteria_11429_2_tp_2, Proteobacteria_22_1_tp_2",0.375995848560869,0.613657925621632
"Bacteroidetes_1360_1","Bacteroidetes_1264_1_tp_2, Bacteroidetes_919_1_tp_2, Cercozoa_23_1_tp_2, Cercozoa_291_1_tp_2, Proteobacteria_10168_1_tp_2, Proteobacteria_7231_1_tp_2, Proteobacteria_8176_2_tp_2, Proteobacteria_8177_1_tp_2, Verrucomicrobia_18_4_tp_2",0.384769011440645,0.612775871550262
"Bacteroidetes_1360_1","Archaea_164_1_tp_2, Bacteroidetes_129_2_tp_2, Bacteroidetes_131_1_tp_2, Bacteroidetes_919_2_tp_2, Cyanobacteria_73_1_tp_2, Proteobacteria_5436_1_tp_2, Proteobacteria_7230_1_tp_2, Proteobacteria_7983_3_tp_2, temperature_tp_2",0.33965511713189,0.62659570960538
"Bacteroidetes_1360_1","Chlorophyta__streptophyta_751_1_tp_2, Cryptophyta_108_1_tp_2, Dinoflagellata_1711_1_tp_2, Picozoa_6_1_tp_2, Proteobacteria_11431_1_tp_2, Proteobacteria_7316_1_tp_2, Proteobacteria_7319_1_tp_2, Proteobacteria_7787_1_tp_2, Proteobacteria_8185_1_tp_2",0.42137938960997,0.610627187397207
"Bacteroidetes_1360_1","Actinobacteria_410_1_tp_2, Bacteroidetes_129_1_tp_2, Bacteroidetes_919_1_tp_2, Chlorophyta__streptophyta_120_1_tp_2, Dinoflagellata_124_1_tp_2, Dinoflagellata_1728_2_tp_2, Proteobacteria_7983_1_tp_2, Proteobacteria_8175_1_tp_2, Rhodophyta_506_1_tp_2",0.260168934747665,0.652566118075399
"Bacteroidetes_1360_1","Bacteroidetes_1224_1_tp_2, Bacteroidetes_1349_1_tp_2, Bacteroidetes_918_5_tp_2, Dinoflagellata_1009_1_tp_2, Dinoflagellata_1771_1_tp_2, Dinoflagellata_1793_1_tp_2, Katablepharidophyta_7_1_tp_2, Proteobacteria_11210_1_tp_2, Proteobacteria_7982_2_tp_2",0.379910162810246,0.619012184601363
"Bacteroidetes_1360_1","Archaea_164_2_tp_2, Bacteroidetes_918_1_tp_2, Ciliophora_403_1_tp_2, Dinoflagellata_1862_1_tp_2, Planctomycetes_61_1_tp_2, Proteobacteria_11429_2_tp_2, Proteobacteria_7319_1_tp_2, Proteobacteria_7983_7_tp_2, Proteobacteria_8520_1_tp_2",0.397448640201755,0.622960202368045
"Bacteroidetes_1360_1","Bacillariophyta_100_1_tp_2, Bacillariophyta_31_1_tp_2, Bacillariophyta_44_1_tp_2, Bacteroidetes_918_2_tp_2, Chlorophyta__streptophyta_848_1_tp_2, Dinoflagellata_1711_1_tp_2, Proteobacteria_10114_1_tp_2, Proteobacteria_6384_1_tp_2, Proteobacteria_7983_5_tp_2",0.290984183717653,0.626434958835279
"Bacteroidetes_1360_1","Bacteroidetes_1360_5_tp_2, Bacteroidetes_918_3_tp_2, Ciliophora_298_1_tp_2, Dinoflagellata_1010_1_tp_2, Picozoa_6_1_tp_2, Planctomycetes_34_1_tp_2, Proteobacteria_11210_1_tp_2, Proteobacteria_7364_1_tp_2, Proteobacteria_8520_1_tp_2",0.341072967085819,0.632728000498508
"Bacteroidetes_1360_1","Bacteroidetes_317_1_tp_2, Dinoflagellata_1496_1_tp_2, Dinoflagellata_874_1_tp_2, Nitrospirae_9_1_tp_2, Proteobacteria_11431_2_tp_2, Proteobacteria_22_1_tp_2, Proteobacteria_7174_1_tp_2, Proteobacteria_7230_1_tp_2, Proteobacteria_8177_1_tp_2",0.38026274664424,0.608174193710652
"Bacteroidetes_1360_1","Archaea_164_1_tp_2, Bacteroidetes_1224_1_tp_2, Bacteroidetes_131_1_tp_2, Chlorophyta__streptophyta_120_1_tp_2, Dinoflagellata_1010_1_tp_2, Dinoflagellata_874_1_tp_2, Phylum_reps_1954_1_tp_2, Proteobacteria_11155_1_tp_2, Proteobacteria_8176_2_tp_2",0.402216259635605,0.605324632571128
"Bacteroidetes_1360_1","Bacteroidetes_918_1_tp_2, Bacteroidetes_918_4_tp_2, Bacteroidetes_919_1_tp_2, Dinoflagellata_124_1_tp_2, Dinoflagellata_1758_1_tp_2, Div_reps_1600_1_tp_2, Phylum_reps_1954_1_tp_2, Proteobacteria_8175_1_tp_2, Verrucomicrobia_18_1_tp_2",0.335695910812589,0.638773259118538
"Bacteroidetes_1360_1","Bacteroidetes_1166_1_tp_2, Bacteroidetes_317_1_tp_2, Bacteroidetes_918_3_tp_2, Cercozoa_23_1_tp_2, Dinoflagellata_1769_1_tp_2, Dinoflagellata_955_1_tp_2, Proteobacteria_11428_1_tp_2, Proteobacteria_7983_7_tp_2, Proteobacteria_9681_1_tp_2",0.441023778954805,0.592437481159529
"Bacteroidetes_1360_1","Bacteroidetes_918_2_tp_2, Bacteroidetes_919_2_tp_2, Cercozoa_395_1_tp_2, Chlorophyta__streptophyta_120_1_tp_2, Cyanobacteria_85_1_tp_2, Haptophyta_203_1_tp_2, Proteobacteria_11429_4_tp_2, Proteobacteria_7983_6_tp_2, Proteobacteria_8176_2_tp_2",0.25018411028354,0.64384734316995
"Bacteroidetes_1360_1","Actinobacteria_410_2_tp_2, Bacillariophyta_100_1_tp_2, Bacteroidetes_918_1_tp_2, Bacteroidetes_918_5_tp_2, Chlorophyta__streptophyta_845_1_tp_2, Dinoflagellata_1496_1_tp_2, Dinoflagellata_1769_1_tp_2, Planctomycetes_27_1_tp_2, Proteobacteria_7314_1_tp_2",0.272814712273482,0.644162006680179
"Bacteroidetes_1360_1","Archaea_164_2_tp_2, Bacteroidetes_918_5_tp_2, Chlorophyta__streptophyta_845_1_tp_2, Dictyochophyceae_6_1_tp_2, Phylum_reps_1954_1_tp_2, Proteobacteria_11431_2_tp_2, Proteobacteria_5436_1_tp_2, Proteobacteria_5461_1_tp_2, Proteobacteria_7983_5_tp_2",0.376646461262932,0.606659576027804
"Bacteroidetes_1360_1","Cyanobacteria_48_1_tp_2, Dinoflagellata_1009_1_tp_2, Dinoflagellata_1017_1_tp_2, Proteobacteria_10114_1_tp_2, Proteobacteria_11190_1_tp_2, Proteobacteria_11429_1_tp_2, Proteobacteria_11429_3_tp_2, Proteobacteria_7983_1_tp_2, Proteobacteria_7983_3_tp_2",0.271334765637637,0.634684678931636
"Bacteroidetes_1360_1","Bacteroidetes_1166_2_tp_2, Bacteroidetes_918_5_tp_2, Cercozoa_22_1_tp_2, Dinoflagellata_1749_1_tp_2, Proteobacteria_11120_1_tp_2, Proteobacteria_11210_2_tp_2, Proteobacteria_11431_1_tp_2, Proteobacteria_7316_1_tp_2, Proteobacteria_7982_1_tp_2",0.295875916075977,0.625493448704789
"Bacteroidetes_1360_1","Bacillariophyta_123_1_tp_2, Bacteroidetes_1235_1_tp_2, Bacteroidetes_956_1_tp_2, Chrysophyceae_16_1_tp_2, Dictyochophyceae_6_1_tp_2, Proteobacteria_7313_1_tp_2, Proteobacteria_7316_1_tp_2, Rhodophyta_506_1_tp_2, Sagenista_53_1_tp_2",0.333984377988439,0.638010631163692
"Bacteroidetes_1360_1","Bacteroidetes_1249_1_tp_2, Chrysophyceae_16_1_tp_2, Dinoflagellata_1496_1_tp_2, Dinoflagellata_1793_1_tp_2, Phylum_reps_1954_1_tp_2, Picozoa_18_1_tp_2, Proteobacteria_11210_1_tp_2, Proteobacteria_8178_1_tp_2, Proteobacteria_8185_1_tp_2",0.369898794242053,0.61542696355193
"Bacteroidetes_1360_1","Bacteroidetes_1166_1_tp_2, Bacteroidetes_956_1_tp_2, Chlorophyta__streptophyta_848_1_tp_2, Dinoflagellata_1009_1_tp_2, Dinoflagellata_1010_1_tp_2, Lobosa_11_1_tp_2, Proteobacteria_11210_1_tp_2, Proteobacteria_22_1_tp_2, Proteobacteria_8177_1_tp_2",0.408031402652914,0.607349488766316
"Bacteroidetes_1360_1","Bacteroidetes_1249_1_tp_2, Dinoflagellata_1771_1_tp_2, Haptophyta_203_1_tp_2, Katablepharidophyta_7_1_tp_2, Proteobacteria_11155_1_tp_2, Proteobacteria_11429_2_tp_2, Proteobacteria_7166_1_tp_2, Proteobacteria_7982_1_tp_2, Proteobacteria_8520_1_tp_2",0.219334086876078,0.640247168860858
"Bacteroidetes_1360_1","Bacillariophyta_138_1_tp_2, Bacillariophyta_29_1_tp_2, Bacteroidetes_918_5_tp_2, Chlorophyta__streptophyta_845_1_tp_2, Planctomycetes_61_1_tp_2, Proteobacteria_11429_4_tp_2, Proteobacteria_8176_2_tp_2, Proteobacteria_8177_1_tp_2, Proteobacteria_9681_1_tp_2",0.375684957389811,0.614432164159738
"Bacteroidetes_1360_1","Bacteroidetes_1249_1_tp_2, Bacteroidetes_1360_4_tp_2, Bacteroidetes_317_1_tp_2, Bacteroidetes_919_2_tp_2, Chlorophyta__streptophyta_833_1_tp_2, Dinoflagellata_1198_1_tp_2, Picozoa_6_1_tp_2, Proteobacteria_11429_3_tp_2, Verrucomicrobia_22_2_tp_2",0.159372908897151,0.66295154911941
"Bacteroidetes_1360_1","Bacillariophyta_29_1_tp_2, Bacteroidetes_1235_1_tp_2, Dinoflagellata_1014_1_tp_2, Dinoflagellata_1769_1_tp_2, Dinoflagellata_982_1_tp_2, Haptophyta_148_1_tp_2, Proteobacteria_5461_1_tp_2, Proteobacteria_7100_1_tp_2, Proteobacteria_7231_1_tp_2",0.430287107673223,0.610764571042432
"Bacteroidetes_1360_1","Bacteroidetes_1235_1_tp_2, Bacteroidetes_129_2_tp_2, Cercozoa_23_1_tp_2, Ciliophora_280_1_tp_2, Cryptophyta_15_1_tp_2, Haptophyta_148_1_tp_2, Proteobacteria_11155_1_tp_2, Proteobacteria_5461_1_tp_2, Proteobacteria_7100_1_tp_2",0.350588788921762,0.615894745182604
"Bacteroidetes_1360_1","Bacteroidetes_1186_1_tp_2, Bacteroidetes_1264_1_tp_2, Ciliophora_234_1_tp_2, Dinoflagellata_1658_1_tp_2, Dinoflagellata_1749_1_tp_2, Perkinsea_44_1_tp_2, Phylum_reps_1954_1_tp_2, Proteobacteria_11428_1_tp_2, Proteobacteria_9681_1_tp_2",0.361069360381041,0.605536567128991
"Bacteroidetes_1360_1","Bacteroidetes_1186_1_tp_2, Bacteroidetes_1204_1_tp_2, Bacteroidetes_317_1_tp_2, Bacteroidetes_918_1_tp_2, Chlorophyta__streptophyta_845_1_tp_2, Proteobacteria_10114_1_tp_2, Proteobacteria_11155_2_tp_2, Proteobacteria_9681_2_tp_2, Radiolaria_104_1_tp_2",0.284574520663057,0.632090888877771
"Bacteroidetes_1360_1","Bacteroidetes_919_1_tp_2, Cyanobacteria_48_1_tp_2, Cyanobacteria_65_1_tp_2, Dinoflagellata_955_1_tp_2, Haptophyta_148_1_tp_2, Proteobacteria_11429_1_tp_2, Proteobacteria_5436_1_tp_2, Proteobacteria_7230_1_tp_2, Proteobacteria_7319_1_tp_2",0.296990141995918,0.623489153078668
"Bacteroidetes_1360_1","Bacteroidetes_1360_3_tp_2, Cercozoa_395_1_tp_2, Perkinsea_44_1_tp_2, Planctomycetes_34_1_tp_2, Proteobacteria_11155_1_tp_2, Proteobacteria_7787_1_tp_2, Proteobacteria_7983_7_tp_2, Proteobacteria_8177_1_tp_2, Verrucomicrobia_18_1_tp_2",0.383979521005523,0.618348841200857
"Bacteroidetes_1360_1","Chlorophyta__streptophyta_732_1_tp_2, Dinoflagellata_1198_1_tp_2, Dinoflagellata_1555_1_tp_2, Proteobacteria_10168_1_tp_2, Proteobacteria_7100_1_tp_2, Proteobacteria_7230_3_tp_2, Proteobacteria_7982_1_tp_2, Proteobacteria_8177_1_tp_2, Verrucomicrobia_18_1_tp_2",0.479821050233406,0.607902120642384
"Bacteroidetes_1360_1","Bacteroidetes_1224_1_tp_2, Bacteroidetes_129_2_tp_2, Cryptophyta_15_1_tp_2, Cyanobacteria_85_1_tp_2, Dinoflagellata_1968_1_tp_2, Proteobacteria_7316_1_tp_2, Proteobacteria_7984_1_tp_2, Proteobacteria_9681_2_tp_2, Sagenista_53_1_tp_2",0.272368346860287,0.630254524067649
"Bacteroidetes_1360_1","Cercozoa_22_1_tp_2, Dinoflagellata_955_1_tp_2, Dinoflagellata_982_1_tp_2, Div_reps_1600_1_tp_2, Proteobacteria_10091_1_tp_2, Proteobacteria_7231_1_tp_2, Proteobacteria_7983_4_tp_2, Proteobacteria_8185_1_tp_2, Radiolaria_104_1_tp_2",0.424467053545566,0.607577902874498
"Bacteroidetes_1360_1","Bacteroidetes_918_2_tp_2, Cercozoa_395_1_tp_2, Dinoflagellata_1496_1_tp_2, Dinoflagellata_1728_2_tp_2, Dinoflagellata_1968_1_tp_2, Planctomycetes_27_1_tp_2, Planctomycetes_61_1_tp_2, Proteobacteria_7230_1_tp_2, Raphidophyceae_3_1_tp_2",0.258650807737322,0.641427928778788
"Bacteroidetes_1360_1","Bacteroidetes_1204_1_tp_2, Phylum_reps_1985_1_tp_2, Planctomycetes_61_1_tp_2, Proteobacteria_11210_1_tp_2, Proteobacteria_7319_1_tp_2, Proteobacteria_8176_2_tp_2, Proteobacteria_8177_1_tp_2, Proteobacteria_8177_2_tp_2, Radiolaria_104_1_tp_2",0.407243682262113,0.611803578960205
"Bacteroidetes_1360_1","Actinobacteria_410_2_tp_2, Bacteroidetes_1166_2_tp_2, Bacteroidetes_129_2_tp_2, Bacteroidetes_1360_3_tp_2, Cercozoa_291_1_tp_2, Cryptophyta_15_1_tp_2, Nitrospirae_9_1_tp_2, Proteobacteria_7230_1_tp_2, Proteobacteria_7314_1_tp_2",0.252484189018242,0.63360508596115
"Bacteroidetes_1360_1","Bacteroidetes_918_4_tp_2, Chlorophyta__streptophyta_845_1_tp_2, Dictyochophyceae_6_1_tp_2, Dinoflagellata_1014_1_tp_2, Dinoflagellata_1711_1_tp_2, Proteobacteria_11210_2_tp_2, Proteobacteria_7230_2_tp_2, Proteobacteria_7984_1_tp_2, Proteobacteria_8177_1_tp_2",0.288936423120996,0.639319896187314
"Bacteroidetes_1360_1","Actinobacteria_410_2_tp_2, Cercozoa_395_1_tp_2, Dinoflagellata_1968_1_tp_2, Dinoflagellata_982_1_tp_2, Proteobacteria_11210_1_tp_2, Proteobacteria_11210_2_tp_2, Proteobacteria_7166_1_tp_2, Proteobacteria_7230_1_tp_2, Proteobacteria_7787_1_tp_2",0.245614651967491,0.629596996650929
"Bacteroidetes_1360_1","Bacteroidetes_1186_1_tp_2, Cercozoa_395_1_tp_2, Dinoflagellata_1010_1_tp_2, Dinoflagellata_1098_1_tp_2, Dinoflagellata_1658_1_tp_2, Phylum_reps_1985_1_tp_2, Proteobacteria_11210_1_tp_2, Proteobacteria_11431_1_tp_2, Verrucomicrobia_18_1_tp_2",0.243751375476194,0.632724177841745
"Bacteroidetes_1360_1","Bacteroidetes_1166_2_tp_2, Bacteroidetes_1235_1_tp_2, Bacteroidetes_918_5_tp_2, Dinoflagellata_1017_1_tp_2, Div_reps_2942_1_tp_2, Phylum_reps_1985_1_tp_2, Proteobacteria_11431_1_tp_2, Proteobacteria_7230_2_tp_2, Raphidophyceae_3_1_tp_2",0.290691163999082,0.559762602950695
"Bacteroidetes_1360_1","Bacillariophyta_219_1_tp_2, Cryptophyta_15_1_tp_2, Cyanobacteria_65_1_tp_2, Dinoflagellata_1711_1_tp_2, Proteobacteria_11429_3_tp_2, Proteobacteria_7100_1_tp_2, Proteobacteria_7230_1_tp_2, Proteobacteria_8176_1_tp_2, Rhodophyta_506_1_tp_2",0.440824681928428,0.609419485971326
"Bacteroidetes_1360_1","Bacteroidetes_129_1_tp_2, Bacteroidetes_1360_5_tp_2, Dinoflagellata_1728_1_tp_2, Proteobacteria_11120_1_tp_2, Proteobacteria_5436_1_tp_2, Proteobacteria_7289_1_tp_2, Proteobacteria_7982_2_tp_2, Proteobacteria_7983_2_tp_2, Sagenista_61_1_tp_2",0.299789208780783,0.628914499998014
"Bacteroidetes_1360_1","Bacillariophyta_100_1_tp_2, Chlorophyta__streptophyta_845_1_tp_2, Chlorophyta__streptophyta_895_1_tp_2, Dinoflagellata_1728_2_tp_2, Planctomycetes_34_1_tp_2, Proteobacteria_11155_2_tp_2, Proteobacteria_11429_3_tp_2, Proteobacteria_7314_1_tp_2, temperature_tp_2",0.330688994245703,0.634108767795202
"Bacteroidetes_1360_1","Bacillariophyta_219_1_tp_2, Chlorophyta__streptophyta_751_1_tp_2, Chlorophyta__streptophyta_895_1_tp_2, Cyanobacteria_85_1_tp_2, Dinoflagellata_1758_1_tp_2, Planctomycetes_61_1_tp_2, Proteobacteria_10168_1_tp_2, Proteobacteria_11155_2_tp_2, Proteobacteria_7166_1_tp_2",0.107415762047427,0.651853780808541
"Bacteroidetes_1360_1","Bacillariophyta_44_1_tp_2, Bacteroidetes_1167_1_tp_2, Bacteroidetes_129_2_tp_2, Bacteroidetes_1360_5_tp_2, Phylum_reps_2301_1_tp_2, Proteobacteria_22_1_tp_2, Proteobacteria_7316_1_tp_2, Proteobacteria_7983_2_tp_2, Proteobacteria_9681_1_tp_2",0.427459948383769,0.604567607954654
"Bacteroidetes_1360_1","Bacillariophyta_138_1_tp_2, Bacteroidetes_1224_1_tp_2, Bacteroidetes_918_1_tp_2, Ciliophora_234_1_tp_2, Proteobacteria_11431_1_tp_2, Proteobacteria_7174_1_tp_2, Proteobacteria_7230_1_tp_2, Proteobacteria_7230_2_tp_2, Pseudofungi_43_1_tp_2",0.224424726323111,0.657122060067459
"Bacteroidetes_1360_1","Cercozoa_291_1_tp_2, Ciliophora_234_1_tp_2, Dinoflagellata_1014_1_tp_2, Dinoflagellata_955_1_tp_2, Proteobacteria_11190_1_tp_2, Proteobacteria_11429_3_tp_2, Proteobacteria_11429_4_tp_2, Proteobacteria_7983_2_tp_2, Verrucomicrobia_18_2_tp_2",0.28533584171899,0.632217212168681
"Bacteroidetes_1360_1","Bacteroidetes_1166_2_tp_2, Bacteroidetes_919_2_tp_2, Cyanobacteria_85_1_tp_2, Dinoflagellata_1010_1_tp_2, Dinoflagellata_124_1_tp_2, Dinoflagellata_1496_1_tp_2, Dinoflagellata_1555_1_tp_2, Dinoflagellata_955_1_tp_2, Proteobacteria_6847_1_tp_2",0.162911811057652,0.649868515488954
"Bacteroidetes_1360_1","Bacteroidetes_1186_1_tp_2, Bacteroidetes_1360_4_tp_2, Bacteroidetes_918_1_tp_2, Bacteroidetes_919_1_tp_2, Dinoflagellata_1658_1_tp_2, Proteobacteria_6847_1_tp_2, Proteobacteria_7983_1_tp_2, Proteobacteria_7983_8_tp_2, Proteobacteria_9681_1_tp_2",0.251605234319301,0.632927119317625
"Bacteroidetes_1360_1","Bacteroidetes_1349_1_tp_2, Bacteroidetes_1360_2_tp_2, Cercozoa_291_1_tp_2, Cyanobacteria_65_1_tp_2, Cyanobacteria_85_1_tp_2, Nitrospirae_9_1_tp_2, Proteobacteria_22_1_tp_2, Proteobacteria_7230_3_tp_2, Proteobacteria_8177_1_tp_2",0.369047704021562,0.603403765217372
"Bacteroidetes_1360_1","Bacteroidetes_1166_2_tp_2, Chlorophyta__streptophyta_845_1_tp_2, Dinoflagellata_1749_1_tp_2, Div_reps_1600_2_tp_2, Proteobacteria_11155_1_tp_2, Proteobacteria_7231_1_tp_2, Proteobacteria_7983_4_tp_2, Proteobacteria_8178_1_tp_2, Verrucomicrobia_23_1_tp_2",0.308334624022229,0.624843115777933
"Bacteroidetes_1360_1","Bacteroidetes_1194_1_tp_2, Bacteroidetes_1204_1_tp_2, Bacteroidetes_1360_5_tp_2, Bacteroidetes_317_1_tp_2, Chlorophyta__streptophyta_751_1_tp_2, Planctomycetes_61_1_tp_2, Proteobacteria_11429_1_tp_2, Proteobacteria_7319_1_tp_2, Proteobacteria_7983_3_tp_2",0.38037811042444,0.625405813426984
"Bacteroidetes_1360_1","Cercozoa_23_1_tp_2, Chlorophyta__streptophyta_845_1_tp_2, Dinoflagellata_1010_1_tp_2, Dinoflagellata_1728_1_tp_2, Proteobacteria_7982_1_tp_2, Proteobacteria_7982_2_tp_2, Proteobacteria_7983_7_tp_2, Verrucomicrobia_22_1_tp_2, Verrucomicrobia_23_1_tp_2",0.348464847076257,0.608817005333922
"Bacteroidetes_1360_1","Bacteroidetes_1151_1_tp_2, Bacteroidetes_317_1_tp_2, Ciliophora_234_1_tp_2, Dinoflagellata_124_1_tp_2, Picozoa_18_1_tp_2, Planctomycetes_27_1_tp_2, Proteobacteria_10114_1_tp_2, Proteobacteria_10168_1_tp_2, Proteobacteria_8176_2_tp_2",0.314593230107463,0.647152648829401
"Bacteroidetes_1360_1","Bacillariophyta_196_1_tp_2, Bacteroidetes_1249_1_tp_2, Cercozoa_395_1_tp_2, Dinoflagellata_1749_1_tp_2, Dinoflagellata_1769_1_tp_2, Planctomycetes_27_1_tp_2, Proteobacteria_10091_1_tp_2, Proteobacteria_8176_1_tp_2, Radiolaria_104_1_tp_2",0.202682303484174,0.645498064833372
"Bacteroidetes_1360_1","Bacteroidetes_1166_2_tp_2, Bacteroidetes_1167_1_tp_2, Bacteroidetes_1235_1_tp_2, Bacteroidetes_129_2_tp_2, Ciliophora_280_1_tp_2, Div_reps_1600_2_tp_2, Proteobacteria_11431_2_tp_2, Proteobacteria_7313_1_tp_2, Proteobacteria_7983_5_tp_2",0.353193645680415,0.615805924651264
"Bacteroidetes_1360_1","Archaea_164_1_tp_2, Bacteroidetes_1235_1_tp_2, Bacteroidetes_1360_4_tp_2, Chlorophyta__streptophyta_845_1_tp_2, Planctomycetes_34_1_tp_2, Proteobacteria_11155_1_tp_2, Proteobacteria_7983_7_tp_2, Proteobacteria_8178_1_tp_2, Radiolaria_104_1_tp_2",0.334065195529956,0.61496424317932
"Bacteroidetes_1360_1","Bacillariophyta_29_1_tp_2, Bacteroidetes_1178_1_tp_2, Bacteroidetes_918_2_tp_2, Chlorophyta__streptophyta_120_1_tp_2, Cyanobacteria_85_1_tp_2, Div_reps_1600_2_tp_2, Planctomycetes_27_1_tp_2, Proteobacteria_11210_1_tp_2, Proteobacteria_7983_5_tp_2",0.208464678918716,0.6420794306813
"Bacteroidetes_1360_1","Bacillariophyta_219_1_tp_2, Bacteroidetes_1235_1_tp_2, Cryptophyta_15_2_tp_2, Cyanobacteria_65_1_tp_2, Cyanobacteria_85_1_tp_2, Dinoflagellata_1098_1_tp_2, Dinoflagellata_1496_1_tp_2, Proteobacteria_10168_1_tp_2, Proteobacteria_8176_2_tp_2",0.293690810914626,0.620745859778442
"Bacteroidetes_1360_1","Bacillariophyta_219_1_tp_2, Bacteroidetes_1360_2_tp_2, Bacteroidetes_918_4_tp_2, Dinoflagellata_1728_1_tp_2, Proteobacteria_5436_1_tp_2, Proteobacteria_7166_1_tp_2, Proteobacteria_7231_1_tp_2, Proteobacteria_8178_1_tp_2, Pseudofungi_43_1_tp_2",0.357994622132593,0.609844813375869
"Bacteroidetes_1360_1","Bacteroidetes_1166_2_tp_2, Bacteroidetes_1178_1_tp_2, Ciliophora_234_1_tp_2, Dinoflagellata_1496_1_tp_2, Dinoflagellata_1968_1_tp_2, Dinoflagellata_874_1_tp_2, Proteobacteria_11190_1_tp_2, Proteobacteria_7166_1_tp_2, Proteobacteria_7231_1_tp_2",0.175756324076392,0.646101030521732
"Bacteroidetes_1360_1","Archaea_164_2_tp_2, Bacillariophyta_219_1_tp_2, Bacillariophyta_31_1_tp_2, Bacteroidetes_1235_1_tp_2, Chlorophyta__streptophyta_848_1_tp_2, Proteobacteria_11429_3_tp_2, Proteobacteria_7983_2_tp_2, Verrucomicrobia_18_4_tp_2, Verrucomicrobia_22_2_tp_2",0.272549983601201,0.647618394139837
"Bacteroidetes_1360_1","Archaea_164_2_tp_2, Bacillariophyta_31_1_tp_2, Bacteroidetes_317_1_tp_2, Phylum_reps_1954_1_tp_2, Picozoa_18_1_tp_2, Proteobacteria_6384_1_tp_2, Proteobacteria_7983_6_tp_2, Proteobacteria_8177_2_tp_2, Verrucomicrobia_18_3_tp_2",0.309126819580214,0.634841771379478
"Bacteroidetes_1360_1","Bacteroidetes_1360_3_tp_2, Cercozoa_23_1_tp_2, Chlorophyta__streptophyta_751_1_tp_2, Ciliophora_1195_1_tp_2, Dinoflagellata_1658_1_tp_2, Haptophyta_148_1_tp_2, Proteobacteria_11155_1_tp_2, Proteobacteria_22_1_tp_2, Proteobacteria_7174_1_tp_2",0.289280244191358,0.619968553566294
"Bacteroidetes_1360_1","Ciliophora_298_1_tp_2, Dinoflagellata_1198_1_tp_2, Dinoflagellata_1749_1_tp_2, Katablepharidophyta_7_1_tp_2, Perkinsea_44_1_tp_2, Proteobacteria_11155_1_tp_2, Proteobacteria_7230_2_tp_2, Proteobacteria_7983_8_tp_2, Proteobacteria_9681_1_tp_2",0.293273256740114,0.622919521361678
"Bacteroidetes_1360_1","Bacillariophyta_29_1_tp_2, Bacteroidetes_918_3_tp_2, Ciliophora_234_1_tp_2, Dictyochophyceae_6_1_tp_2, Dinoflagellata_1098_1_tp_2, Dinoflagellata_1555_1_tp_2, Picozoa_18_1_tp_2, Proteobacteria_6384_1_tp_2, Proteobacteria_7983_2_tp_2",0.256558002384457,0.639604324152269
"Bacteroidetes_1360_1","Bacteroidetes_1264_1_tp_2, Bacteroidetes_918_5_tp_2, Dinoflagellata_1862_1_tp_2, Div_reps_1600_1_tp_2, Lobosa_11_1_tp_2, Proteobacteria_11155_2_tp_2, Proteobacteria_11429_3_tp_2, Proteobacteria_7230_2_tp_2, Proteobacteria_7983_1_tp_2",0.328632065057067,0.635185924801909
"Bacteroidetes_1360_1","Bacteroidetes_1186_1_tp_2, Bacteroidetes_1349_1_tp_2, Bacteroidetes_1360_4_tp_2, Chlorophyta__streptophyta_120_1_tp_2, Ciliophora_280_1_tp_2, Proteobacteria_10168_1_tp_2, Proteobacteria_6384_1_tp_2, Proteobacteria_7313_1_tp_2, temperature_tp_2",0.360623645835583,0.616862173491109
"Bacteroidetes_1360_1","Bacteroidetes_1360_2_tp_2, Bacteroidetes_1360_5_tp_2, Ciliophora_403_1_tp_2, Cryptophyta_15_1_tp_2, Cyanobacteria_73_1_tp_2, Dinoflagellata_1014_1_tp_2, Dinoflagellata_1017_1_tp_2, Proteobacteria_7313_1_tp_2, Sagenista_53_1_tp_2",0.318375218863982,0.637566876898622
"Bacteroidetes_1360_1","Bacillariophyta_100_1_tp_2, Bacteroidetes_129_2_tp_2, Cercozoa_23_1_tp_2, Cyanobacteria_85_1_tp_2, Dinoflagellata_1728_2_tp_2, Dinoflagellata_955_1_tp_2, Proteobacteria_7166_1_tp_2, Proteobacteria_8185_1_tp_2, Verrucomicrobia_18_1_tp_2",0.387019028002236,0.5978197720981
"Bacteroidetes_1360_1","Actinobacteria_410_2_tp_2, Cryptophyta_108_1_tp_2, Cyanobacteria_48_1_tp_2, Dinoflagellata_982_1_tp_2, Nitrospirae_9_1_tp_2, Proteobacteria_10091_1_tp_2, Proteobacteria_7230_3_tp_2, Proteobacteria_7983_1_tp_2, Sagenista_61_1_tp_2",0.320030221732687,0.633953442156178
"Bacteroidetes_1360_1","Bacteroidetes_1194_1_tp_2, Bacteroidetes_1360_2_tp_2, Bacteroidetes_1360_3_tp_2, Cercozoa_395_1_tp_2, Cryptophyta_15_2_tp_2, Dinoflagellata_1542_1_tp_2, Planctomycetes_27_1_tp_2, Proteobacteria_11155_2_tp_2, Proteobacteria_7166_1_tp_2",0.221518921194435,0.636600836177024
"Bacteroidetes_1360_1","Bacillariophyta_219_1_tp_2, Bacteroidetes_918_4_tp_2, Chlorophyta__streptophyta_833_1_tp_2, Dinoflagellata_1555_1_tp_2, Dinoflagellata_1749_1_tp_2, Dinoflagellata_874_1_tp_2, Picozoa_18_1_tp_2, Proteobacteria_11210_2_tp_2, Proteobacteria_9681_1_tp_2",0.274395911403221,0.630389698152132
"Bacteroidetes_1360_1","Archaea_179_1_tp_2, Bacillariophyta_138_1_tp_2, Bacteroidetes_1249_1_tp_2, Bacteroidetes_129_1_tp_2, Bacteroidetes_131_1_tp_2, Dinoflagellata_1496_1_tp_2, Dinoflagellata_1793_1_tp_2, Haptophyta_148_1_tp_2, Proteobacteria_11429_2_tp_2",0.337328635039334,0.633483054263547
"Bacteroidetes_1360_1","Bacillariophyta_219_1_tp_2, Bacteroidetes_1360_2_tp_2, Bacteroidetes_918_4_tp_2, Bacteroidetes_956_1_tp_2, Proteobacteria_10114_1_tp_2, Proteobacteria_7787_1_tp_2, Proteobacteria_7983_4_tp_2, Pseudofungi_43_1_tp_2, Raphidophyceae_3_1_tp_2",0.364071938885069,0.624092189711108
"Bacteroidetes_1360_1","Bacteroidetes_1249_1_tp_2, Bacteroidetes_1360_2_tp_2, Cyanobacteria_73_1_tp_2, Dinoflagellata_1198_1_tp_2, Katablepharidophyta_7_1_tp_2, Planctomycetes_34_1_tp_2, Proteobacteria_10091_1_tp_2, Proteobacteria_11429_3_tp_2, Verrucomicrobia_18_1_tp_2",0.317814346556361,0.653609400240322
"Bacteroidetes_1360_1","Bacteroidetes_1167_1_tp_2, Bacteroidetes_1360_3_tp_2, Cercozoa_22_1_tp_2, Dinoflagellata_874_1_tp_2, Planctomycetes_61_1_tp_2, Proteobacteria_10168_1_tp_2, Proteobacteria_11431_1_tp_2, Proteobacteria_22_1_tp_2, Proteobacteria_8520_1_tp_2",0.378608949768433,0.622339854364374
"Bacteroidetes_1360_1","Archaea_179_1_tp_2, Dinoflagellata_1968_1_tp_2, Proteobacteria_10114_1_tp_2, Proteobacteria_11155_2_tp_2, Proteobacteria_11190_1_tp_2, Proteobacteria_11429_2_tp_2, Proteobacteria_5436_1_tp_2, Proteobacteria_7316_1_tp_2, Sagenista_61_1_tp_2",0.294915728997146,0.62920958350792
"Bacteroidetes_1360_1","Cyanobacteria_73_1_tp_2, Dictyochophyceae_6_1_tp_2, Dinoflagellata_1542_1_tp_2, Dinoflagellata_1728_2_tp_2, Proteobacteria_11155_1_tp_2, Proteobacteria_11155_2_tp_2, Proteobacteria_11190_1_tp_2, Proteobacteria_7230_2_tp_2, Proteobacteria_7983_5_tp_2",0.273036229409691,0.631079761729584
"Bacteroidetes_1360_1","Bacillariophyta_29_1_tp_2, Bacteroidetes_1249_1_tp_2, Bacteroidetes_1349_1_tp_2, Dinoflagellata_1542_1_tp_2, Dinoflagellata_1658_1_tp_2, Picozoa_18_1_tp_2, Proteobacteria_6847_1_tp_2, Proteobacteria_7166_1_tp_2, Proteobacteria_9681_2_tp_2",0.291401726163989,0.624434605239562
"Bacteroidetes_1360_1","Archaea_164_1_tp_2, Bacteroidetes_1151_1_tp_2, Bacteroidetes_1178_1_tp_2, Ciliophora_451_1_tp_2, Dinoflagellata_1862_1_tp_2, Phylum_reps_2301_1_tp_2, Picozoa_18_1_tp_2, Proteobacteria_7982_1_tp_2, Proteobacteria_7983_3_tp_2",0.317392935298483,0.631701055371865
"Bacteroidetes_1360_1","Actinobacteria_410_1_tp_2, Dinoflagellata_874_1_tp_2, Haptophyta_203_1_tp_2, Phylum_reps_1954_1_tp_2, Proteobacteria_7982_2_tp_2, Proteobacteria_7983_5_tp_2, Proteobacteria_8177_2_tp_2, Proteobacteria_8178_1_tp_2, temperature_tp_2",0.189406876559113,0.657525570402636
"Bacteroidetes_1360_1","Cyanobacteria_65_1_tp_2, Dinoflagellata_1758_1_tp_2, Perkinsea_33_1_tp_2, Phylum_reps_1954_1_tp_2, Proteobacteria_11210_1_tp_2, Proteobacteria_7166_1_tp_2, Proteobacteria_8185_1_tp_2, Radiolaria_104_1_tp_2, Verrucomicrobia_18_1_tp_2",0.354310497604616,0.60719772224637
"Bacteroidetes_1360_1","Bacteroidetes_317_1_tp_2, Dinoflagellata_1728_2_tp_2, Dinoflagellata_1771_1_tp_2, Div_reps_1600_2_tp_2, Planctomycetes_34_1_tp_2, Proteobacteria_11210_1_tp_2, Proteobacteria_11429_3_tp_2, Proteobacteria_7174_1_tp_2, Proteobacteria_8177_2_tp_2",0.266573445178787,0.640942782335093
"Bacteroidetes_1360_1","Archaea_179_1_tp_2, Cercozoa_395_1_tp_2, Chlorophyta__streptophyta_895_1_tp_2, Dinoflagellata_1749_1_tp_2, Phylum_reps_2301_1_tp_2, Proteobacteria_7231_1_tp_2, Proteobacteria_7314_1_tp_2, Proteobacteria_9681_2_tp_2, Verrucomicrobia_18_1_tp_2",0.302649949130072,0.637865544513804
"Bacteroidetes_1360_1","Bacteroidetes_1186_1_tp_2, Bacteroidetes_1360_5_tp_2, Ciliophora_1195_1_tp_2, Cryptophyta_15_2_tp_2, Dinoflagellata_1555_1_tp_2, Dinoflagellata_1793_1_tp_2, Div_reps_2942_1_tp_2, Proteobacteria_11155_1_tp_2, Proteobacteria_9681_1_tp_2",0.394756989642318,0.596735700808192
"Bacteroidetes_1360_1","Archaea_164_2_tp_2, Bacteroidetes_1204_1_tp_2, Chrysophyceae_16_1_tp_2, Dictyochophyceae_6_1_tp_2, Dinoflagellata_1711_1_tp_2, Dinoflagellata_1862_1_tp_2, Phylum_reps_2301_1_tp_2, Proteobacteria_7319_1_tp_2, Verrucomicrobia_18_3_tp_2",0.414435205359569,0.622037384541109
"Bacteroidetes_1360_1","Bacteroidetes_1360_5_tp_2, Chrysophyceae_16_1_tp_2, Dinoflagellata_1014_1_tp_2, Dinoflagellata_1793_1_tp_2, Phylum_reps_2301_1_tp_2, Proteobacteria_11431_1_tp_2, Proteobacteria_7230_2_tp_2, Proteobacteria_7364_1_tp_2, Proteobacteria_7983_8_tp_2",0.376042400875548,0.635129639123467
"Bacteroidetes_1360_1","Bacteroidetes_1166_1_tp_2, Bacteroidetes_129_1_tp_2, Dinoflagellata_1198_1_tp_2, Dinoflagellata_1496_1_tp_2, Picozoa_6_1_tp_2, Proteobacteria_11155_2_tp_2, Proteobacteria_7983_3_tp_2, Verrucomicrobia_22_2_tp_2, Verrucomicrobia_23_1_tp_2",0.360140710415414,0.625453929984922
"Bacteroidetes_1360_1","Actinobacteria_410_1_tp_2, Bacteroidetes_1151_1_tp_2, Bacteroidetes_1264_1_tp_2, Bacteroidetes_1360_4_tp_2, Chrysophyceae_16_1_tp_2, Div_reps_1600_2_tp_2, Proteobacteria_7314_1_tp_2, Proteobacteria_7983_2_tp_2, Proteobacteria_9681_2_tp_2",0.26753420432909,0.664105291786262
"Bacteroidetes_1360_1","Actinobacteria_410_2_tp_2, Chlorophyta__streptophyta_845_1_tp_2, Ciliophora_1195_1_tp_2, Ciliophora_298_1_tp_2, Cyanobacteria_48_1_tp_2, Dictyochophyceae_6_1_tp_2, Dinoflagellata_1098_1_tp_2, Phylum_reps_2301_1_tp_2, Verrucomicrobia_22_2_tp_2",0.293325950083981,0.631281478524605
"Bacteroidetes_1360_1","Bacteroidetes_1204_1_tp_2, Bacteroidetes_1360_2_tp_2, Bacteroidetes_918_1_tp_2, Div_reps_1600_1_tp_2, Phylum_reps_1985_1_tp_2, Proteobacteria_11210_1_tp_2, Proteobacteria_6384_1_tp_2, Proteobacteria_7983_7_tp_2, Proteobacteria_8177_1_tp_2",0.386488561059774,0.619214871157808
"Bacteroidetes_1360_1","Bacteroidetes_956_1_tp_2, Cercozoa_23_1_tp_2, Cyanobacteria_73_1_tp_2, Cyanobacteria_85_1_tp_2, Dinoflagellata_1758_1_tp_2, Planctomycetes_61_1_tp_2, Proteobacteria_6847_1_tp_2, Pseudofungi_43_1_tp_2, Sagenista_61_1_tp_2",0.304022414401431,0.615033290233374
"Bacteroidetes_1360_1","Bacillariophyta_100_1_tp_2, Bacteroidetes_129_1_tp_2, Bacteroidetes_919_1_tp_2, Cercozoa_291_1_tp_2, Chlorophyta__streptophyta_845_1_tp_2, Cyanobacteria_65_1_tp_2, Dinoflagellata_1771_1_tp_2, Proteobacteria_7982_1_tp_2, Proteobacteria_7982_2_tp_2",0.316971295434559,0.623984500124118
"Bacteroidetes_1360_1","Bacteroidetes_1194_1_tp_2, Bacteroidetes_1235_1_tp_2, Bacteroidetes_1249_1_tp_2, Dinoflagellata_1009_1_tp_2, Dinoflagellata_874_1_tp_2, Proteobacteria_7230_1_tp_2, Proteobacteria_7289_1_tp_2, Proteobacteria_7983_8_tp_2, Proteobacteria_8176_2_tp_2",0.293726102098008,0.622542375105253
"Bacteroidetes_1360_1","Bacteroidetes_1178_1_tp_2, Bacteroidetes_918_4_tp_2, Chlorophyta__streptophyta_833_1_tp_2, Ciliophora_280_1_tp_2, Cryptophyta_15_2_tp_2, Proteobacteria_11210_1_tp_2, Proteobacteria_7230_1_tp_2, Proteobacteria_7230_2_tp_2, Sagenista_53_1_tp_2",0.206646384090429,0.651350008194619
"Bacteroidetes_1360_1","Bacteroidetes_1349_1_tp_2, Bacteroidetes_918_1_tp_2, Cercozoa_23_1_tp_2, Ciliophora_451_1_tp_2, Dinoflagellata_1555_1_tp_2, Dinoflagellata_1769_1_tp_2, Dinoflagellata_1793_1_tp_2, Proteobacteria_11429_1_tp_2, Proteobacteria_11429_2_tp_2",0.418406470416722,0.614177786924389
"Bacteroidetes_1360_1","Bacteroidetes_1360_2_tp_2, Bacteroidetes_919_2_tp_2, Planctomycetes_34_1_tp_2, Proteobacteria_5436_1_tp_2, Proteobacteria_6847_1_tp_2, Proteobacteria_7983_4_tp_2, Proteobacteria_7984_1_tp_2, Proteobacteria_9649_1_tp_2, temperature_tp_2",0.229273569765688,0.655829910667606
"Bacteroidetes_1360_1","Bacteroidetes_1360_4_tp_2, Dinoflagellata_1010_1_tp_2, Dinoflagellata_1017_1_tp_2, Dinoflagellata_1658_1_tp_2, Nitrospirae_9_1_tp_2, Proteobacteria_22_1_tp_2, Proteobacteria_7230_2_tp_2, Proteobacteria_8185_1_tp_2, Verrucomicrobia_18_3_tp_2",0.242715801462089,0.644438859991302
"Bacteroidetes_1360_1","Bacteroidetes_918_5_tp_2, Chlorophyta__streptophyta_120_1_tp_2, Chlorophyta__streptophyta_751_1_tp_2, Dinoflagellata_1009_1_tp_2, Proteobacteria_10114_1_tp_2, Proteobacteria_7313_1_tp_2, Proteobacteria_7982_2_tp_2, Verrucomicrobia_18_3_tp_2, Verrucomicrobia_23_1_tp_2",0.254921019793211,0.627823577128487
"Bacteroidetes_1360_1","Chlorophyta__streptophyta_848_1_tp_2, Dinoflagellata_1711_1_tp_2, Perkinsea_33_1_tp_2, Planctomycetes_27_1_tp_2, Proteobacteria_11431_1_tp_2, Proteobacteria_7174_1_tp_2, Proteobacteria_7295_1_tp_2, Proteobacteria_7984_1_tp_2, Proteobacteria_8177_1_tp_2",0.36388670352355,0.637193485740874
"Bacteroidetes_1360_1","Bacteroidetes_1194_1_tp_2, Bacteroidetes_1360_5_tp_2, Ciliophora_298_1_tp_2, Cryptophyta_15_2_tp_2, Phylum_reps_1954_1_tp_2, Planctomycetes_34_1_tp_2, Proteobacteria_11155_1_tp_2, Proteobacteria_7230_1_tp_2, Proteobacteria_7314_1_tp_2",0.305211348007525,0.635690147299937
"Bacteroidetes_1360_1","Bacteroidetes_1151_1_tp_2, Bacteroidetes_131_1_tp_2, Bacteroidetes_918_2_tp_2, Dinoflagellata_1542_1_tp_2, Planctomycetes_34_1_tp_2, Proteobacteria_7230_2_tp_2, Proteobacteria_7319_1_tp_2, Proteobacteria_7983_3_tp_2, Proteobacteria_7983_5_tp_2",0.323612169157442,0.640081274369583
"Bacteroidetes_1360_1","Bacillariophyta_123_1_tp_2, Cercozoa_23_1_tp_2, Katablepharidophyta_7_1_tp_2, Planctomycetes_34_1_tp_2, Proteobacteria_11120_1_tp_2, Proteobacteria_11429_3_tp_2, Proteobacteria_7983_1_tp_2, Proteobacteria_9681_2_tp_2, Verrucomicrobia_18_2_tp_2",0.317143144051067,0.630969047107621
"Bacteroidetes_1360_1","Bacteroidetes_1167_1_tp_2, Bacteroidetes_1249_1_tp_2, Dictyochophyceae_6_1_tp_2, Dinoflagellata_1010_1_tp_2, Proteobacteria_11428_1_tp_2, Proteobacteria_7316_1_tp_2, Proteobacteria_7984_1_tp_2, Proteobacteria_8177_1_tp_2, Rhodophyta_506_1_tp_2",0.440456034556329,0.605287130270165
"Bacteroidetes_1360_1","Archaea_179_1_tp_2, Bacillariophyta_29_1_tp_2, Bacteroidetes_1166_1_tp_2, Bacteroidetes_1360_5_tp_2, Cercozoa_291_1_tp_2, Ciliophora_234_1_tp_2, Cyanobacteria_48_1_tp_2, Div_reps_1600_1_tp_2, Proteobacteria_7983_6_tp_2",0.397159546511678,0.617077103186171
"Bacteroidetes_1360_1","Bacillariophyta_44_1_tp_2, Bacteroidetes_919_2_tp_2, Cercozoa_23_1_tp_2, Dinoflagellata_1658_1_tp_2, Proteobacteria_11155_1_tp_2, Proteobacteria_11155_2_tp_2, Proteobacteria_8520_1_tp_2, Rhodophyta_506_1_tp_2, Verrucomicrobia_18_1_tp_2",0.376351309669577,0.625551490704417
"Bacteroidetes_1360_1","Bacteroidetes_919_2_tp_2, Cercozoa_23_1_tp_2, Proteobacteria_10114_1_tp_2, Proteobacteria_7983_7_tp_2, Proteobacteria_8178_1_tp_2, Proteobacteria_8185_1_tp_2, Proteobacteria_8520_1_tp_2, Pseudofungi_43_1_tp_2, Sagenista_61_1_tp_2",0.351877781142387,0.618177789616033
"Bacteroidetes_1360_1","Bacteroidetes_1360_3_tp_2, Bacteroidetes_918_3_tp_2, Perkinsea_33_1_tp_2, Phylum_reps_2301_1_tp_2, Picozoa_6_1_tp_2, Proteobacteria_10168_1_tp_2, Proteobacteria_7230_1_tp_2, Proteobacteria_7230_2_tp_2, Proteobacteria_7295_1_tp_2",0.0983089382247962,0.655871256206549
"Bacteroidetes_1360_1","Archaea_179_1_tp_2, Bacillariophyta_29_1_tp_2, Bacillariophyta_31_1_tp_2, Ciliophora_403_1_tp_2, Dinoflagellata_1658_1_tp_2, Dinoflagellata_1758_1_tp_2, Proteobacteria_7166_1_tp_2, Sagenista_61_1_tp_2, Verrucomicrobia_18_3_tp_2",0.169477824624124,0.64335275224966
"Bacteroidetes_1360_1","Bacteroidetes_1186_1_tp_2, Bacteroidetes_918_1_tp_2, Cryptophyta_15_1_tp_2, Dinoflagellata_982_1_tp_2, Proteobacteria_7295_1_tp_2, Proteobacteria_7316_1_tp_2, Proteobacteria_8177_2_tp_2, Proteobacteria_8178_1_tp_2, Proteobacteria_9681_1_tp_2",0.344990793154845,0.617744786331498
"Bacteroidetes_1360_1","Bacteroidetes_1235_1_tp_2, Bacteroidetes_129_1_tp_2, Bacteroidetes_918_2_tp_2, Dinoflagellata_1749_1_tp_2, Dinoflagellata_982_1_tp_2, Haptophyta_203_1_tp_2, Proteobacteria_7231_1_tp_2, Proteobacteria_8177_2_tp_2, Proteobacteria_9649_1_tp_2",0.427188770013513,0.618565903115106
"Bacteroidetes_1360_1","Ciliophora_1195_1_tp_2, Dinoflagellata_1014_1_tp_2, Dinoflagellata_1542_1_tp_2, Dinoflagellata_1793_1_tp_2, Dinoflagellata_982_1_tp_2, Proteobacteria_11431_1_tp_2, Proteobacteria_6847_1_tp_2, Proteobacteria_7983_8_tp_2, Verrucomicrobia_23_1_tp_2",0.469740385172133,0.602811829853875
"Bacteroidetes_1360_1","Archaea_179_1_tp_2, Bacteroidetes_1249_1_tp_2, Bacteroidetes_918_2_tp_2, Bacteroidetes_956_1_tp_2, Cercozoa_22_1_tp_2, Dinoflagellata_1010_1_tp_2, Dinoflagellata_1017_1_tp_2, Dinoflagellata_1749_1_tp_2, Proteobacteria_7316_1_tp_2",0.328489966704288,0.621337720047672
"Bacteroidetes_1360_1","Bacillariophyta_123_1_tp_2, Cryptophyta_15_1_tp_2, Dinoflagellata_1771_1_tp_2, Phylum_reps_1985_1_tp_2, Phylum_reps_2301_1_tp_2, Proteobacteria_11120_1_tp_2, Proteobacteria_11210_1_tp_2, Proteobacteria_11429_1_tp_2, Proteobacteria_7230_3_tp_2",0.389206875523595,0.612109643753051
"Bacteroidetes_1360_1","Bacillariophyta_123_1_tp_2, Bacteroidetes_1167_1_tp_2, Bacteroidetes_129_2_tp_2, Ciliophora_280_1_tp_2, Cryptophyta_108_1_tp_2, Dinoflagellata_1758_1_tp_2, Haptophyta_148_1_tp_2, Proteobacteria_9681_2_tp_2, Verrucomicrobia_22_2_tp_2",0.340384003862201,0.662304679849319
"Bacteroidetes_1360_1","Bacteroidetes_1178_1_tp_2, Bacteroidetes_1360_3_tp_2, Bacteroidetes_918_1_tp_2, Ciliophora_403_1_tp_2, Dinoflagellata_1098_1_tp_2, Planctomycetes_34_1_tp_2, Proteobacteria_7983_3_tp_2, Proteobacteria_8175_1_tp_2, Proteobacteria_8185_1_tp_2",0.180033285017773,0.666875520066044
"Bacteroidetes_1360_1","Bacillariophyta_196_1_tp_2, Bacteroidetes_918_4_tp_2, Bacteroidetes_919_3_tp_2, Cercozoa_22_1_tp_2, Cyanobacteria_85_1_tp_2, Haptophyta_203_1_tp_2, Proteobacteria_11429_1_tp_2, Proteobacteria_7983_4_tp_2, Verrucomicrobia_18_1_tp_2",0.358660300427948,0.617371278657152
"Bacteroidetes_1360_1","Bacteroidetes_131_1_tp_2, Cercozoa_23_1_tp_2, Cyanobacteria_85_1_tp_2, Planctomycetes_34_1_tp_2, Proteobacteria_11155_2_tp_2, Proteobacteria_7230_3_tp_2, Proteobacteria_7316_1_tp_2, Proteobacteria_9649_1_tp_2, temperature_tp_2",0.278357907412606,0.627146354312466
"Bacteroidetes_1360_1","Bacillariophyta_219_1_tp_2, Dinoflagellata_1711_1_tp_2, Div_reps_1600_1_tp_2, Katablepharidophyta_7_1_tp_2, Proteobacteria_6384_1_tp_2, Proteobacteria_7231_1_tp_2, Proteobacteria_8176_2_tp_2, Sagenista_53_1_tp_2, Verrucomicrobia_22_1_tp_2",0.436144884977567,0.618136793682376
"Bacteroidetes_1360_1","Bacteroidetes_1249_1_tp_2, Bacteroidetes_131_1_tp_2, Bacteroidetes_918_1_tp_2, Bacteroidetes_919_2_tp_2, Chlorophyta__streptophyta_120_1_tp_2, Phylum_reps_2301_1_tp_2, Proteobacteria_11155_1_tp_2, Proteobacteria_11210_2_tp_2, Proteobacteria_8185_1_tp_2",0.222603074773388,0.65521234034492
"Bacteroidetes_1360_1","Bacillariophyta_138_1_tp_2, Ciliophora_403_1_tp_2, Dinoflagellata_1009_1_tp_2, Dinoflagellata_1728_2_tp_2, Dinoflagellata_874_1_tp_2, Proteobacteria_11210_2_tp_2, Proteobacteria_11428_1_tp_2, Proteobacteria_7314_1_tp_2, Proteobacteria_7983_7_tp_2",0.263166528873218,0.632238161887011
"Bacteroidetes_1360_1","Actinobacteria_410_2_tp_2, Bacteroidetes_1224_1_tp_2, Bacteroidetes_1360_4_tp_2, Chlorophyta__streptophyta_120_1_tp_2, Chlorophyta__streptophyta_845_1_tp_2, Dinoflagellata_1728_1_tp_2, Dinoflagellata_1968_1_tp_2, Proteobacteria_7319_1_tp_2, Proteobacteria_8177_1_tp_2",0.412298668037499,0.610617439439107
"Bacteroidetes_1360_1","Bacteroidetes_918_4_tp_2, Bacteroidetes_918_5_tp_2, Cercozoa_22_1_tp_2, Lobosa_11_1_tp_2, Proteobacteria_11429_3_tp_2, Proteobacteria_8177_1_tp_2, Proteobacteria_9681_2_tp_2, Verrucomicrobia_18_3_tp_2, Verrucomicrobia_23_1_tp_2",0.402856358273899,0.60141544295813
"Bacteroidetes_1360_1","Bacteroidetes_1204_1_tp_2, Bacteroidetes_129_1_tp_2, Bacteroidetes_1360_4_tp_2, Ciliophora_280_1_tp_2, Cryptophyta_108_1_tp_2, Dinoflagellata_1198_1_tp_2, Dinoflagellata_124_1_tp_2, Proteobacteria_7982_1_tp_2, Sagenista_53_1_tp_2",0.263209967272217,0.653903497862565
"Bacteroidetes_1360_1","Bacteroidetes_1151_1_tp_2, Bacteroidetes_1360_4_tp_2, Chlorophyta__streptophyta_845_1_tp_2, Ciliophora_1195_1_tp_2, Ciliophora_451_1_tp_2, Cryptophyta_15_1_tp_2, Dinoflagellata_1009_1_tp_2, Dinoflagellata_1769_1_tp_2, Dinoflagellata_1793_1_tp_2",0.36317825158931,0.637161263406488
"Bacteroidetes_1360_1","Archaea_164_1_tp_2, Bacillariophyta_100_1_tp_2, Bacillariophyta_31_1_tp_2, Bacteroidetes_919_3_tp_2, Cercozoa_395_1_tp_2, Dinoflagellata_1758_1_tp_2, Phylum_reps_1954_1_tp_2, Proteobacteria_7983_5_tp_2, Verrucomicrobia_18_4_tp_2",0.329727322246102,0.616624622546205
"Bacteroidetes_1360_1","Bacteroidetes_1178_1_tp_2, Chlorophyta__streptophyta_848_1_tp_2, Ciliophora_451_1_tp_2, Cyanobacteria_73_1_tp_2, Dinoflagellata_1771_2_tp_2, Div_reps_2942_1_tp_2, Proteobacteria_11155_2_tp_2, Proteobacteria_7230_2_tp_2, Sagenista_53_1_tp_2",0.218147719322058,0.651147914254975
"Bacteroidetes_1360_1","Archaea_179_1_tp_2, Bacillariophyta_100_1_tp_2, Cercozoa_395_1_tp_2, Dinoflagellata_124_1_tp_2, Dinoflagellata_1728_1_tp_2, Nitrospirae_9_1_tp_2, Proteobacteria_11428_1_tp_2, Proteobacteria_7983_3_tp_2, Verrucomicrobia_18_3_tp_2",0.28515476909447,0.645288667557648
"Bacteroidetes_1360_1","Bacillariophyta_219_1_tp_2, Chlorophyta__streptophyta_751_1_tp_2, Cryptophyta_15_2_tp_2, Dinoflagellata_1009_1_tp_2, Proteobacteria_11431_1_tp_2, Proteobacteria_5436_1_tp_2, Proteobacteria_7100_1_tp_2, Proteobacteria_7230_2_tp_2, Verrucomicrobia_22_1_tp_2",0.401168142066667,0.622928365937344
"Bacteroidetes_1360_1","Bacteroidetes_1186_1_tp_2, Ciliophora_1195_1_tp_2, Dinoflagellata_1769_1_tp_2, Dinoflagellata_1862_1_tp_2, Div_reps_2942_1_tp_2, Picozoa_18_1_tp_2, Proteobacteria_10114_1_tp_2, Proteobacteria_7982_2_tp_2, Proteobacteria_7983_1_tp_2",0.358961900974567,0.620631903027211
"Bacteroidetes_1360_1","Bacillariophyta_29_1_tp_2, Bacteroidetes_1360_4_tp_2, Bacteroidetes_918_5_tp_2, Chlorophyta__streptophyta_120_1_tp_2, Dinoflagellata_1496_1_tp_2, Dinoflagellata_1749_1_tp_2, Planctomycetes_27_1_tp_2, Proteobacteria_7364_1_tp_2, Verrucomicrobia_23_1_tp_2",0.368085939131334,0.630135517066894
"Bacteroidetes_1360_1","Actinobacteria_410_2_tp_2, Bacteroidetes_956_1_tp_2, Cercozoa_22_1_tp_2, Ciliophora_280_1_tp_2, Dinoflagellata_1555_1_tp_2, Phylum_reps_1985_1_tp_2, Proteobacteria_7787_1_tp_2, Proteobacteria_7983_1_tp_2, Proteobacteria_8176_1_tp_2",0.32757345930151,0.61786691145566
"Bacteroidetes_1360_1","Bacteroidetes_919_1_tp_2, Cercozoa_291_1_tp_2, Cercozoa_395_1_tp_2, Dinoflagellata_1017_1_tp_2, Dinoflagellata_1198_1_tp_2, Dinoflagellata_1862_1_tp_2, Perkinsea_33_1_tp_2, Proteobacteria_6384_1_tp_2, Proteobacteria_7787_1_tp_2",0.404116985525992,0.621304487935552
"Bacteroidetes_1360_1","Bacteroidetes_1186_1_tp_2, Bacteroidetes_1349_1_tp_2, Cyanobacteria_65_1_tp_2, Dinoflagellata_1793_1_tp_2, Katablepharidophyta_7_1_tp_2, Phylum_reps_1985_1_tp_2, Proteobacteria_11429_3_tp_2, Proteobacteria_5461_1_tp_2, Proteobacteria_7316_1_tp_2",0.284005835537827,0.63389636328259
"Bacteroidetes_1360_1","Dinoflagellata_1771_1_tp_2, Div_reps_1600_1_tp_2, Nitrospirae_9_1_tp_2, Phylum_reps_1985_1_tp_2, Picozoa_6_1_tp_2, Proteobacteria_5436_1_tp_2, Proteobacteria_7289_1_tp_2, Proteobacteria_7984_1_tp_2, Proteobacteria_8177_1_tp_2",0.351565846735873,0.623475507442826
"Bacteroidetes_1360_1","Bacteroidetes_1167_1_tp_2, Bacteroidetes_918_4_tp_2, Chrysophyceae_16_1_tp_2, Cyanobacteria_48_1_tp_2, Picozoa_18_1_tp_2, Planctomycetes_61_1_tp_2, Proteobacteria_7787_1_tp_2, Proteobacteria_7983_1_tp_2, Proteobacteria_8175_1_tp_2",0.416439022291925,0.621733083653697
"Bacteroidetes_1360_1","Bacteroidetes_1249_1_tp_2, Bacteroidetes_129_2_tp_2, Bacteroidetes_1360_2_tp_2, Dinoflagellata_1749_1_tp_2, Dinoflagellata_1769_1_tp_2, Phylum_reps_1985_1_tp_2, Phylum_reps_2301_1_tp_2, Proteobacteria_7982_1_tp_2, Proteobacteria_7983_4_tp_2",0.312909282199067,0.625689737575803
"Bacteroidetes_1360_1","Bacillariophyta_44_1_tp_2, Ciliophora_451_1_tp_2, Cryptophyta_15_2_tp_2, Dinoflagellata_124_1_tp_2, Phylum_reps_2301_1_tp_2, Proteobacteria_11429_4_tp_2, Proteobacteria_6384_1_tp_2, Proteobacteria_7983_5_tp_2, Proteobacteria_8177_1_tp_2",0.435077365382978,0.622673610702667
"Bacteroidetes_1360_1","Bacillariophyta_44_1_tp_2, Bacteroidetes_918_3_tp_2, Chlorophyta__streptophyta_732_1_tp_2, Dinoflagellata_1555_1_tp_2, Phylum_reps_2301_1_tp_2, Planctomycetes_27_1_tp_2, Planctomycetes_61_1_tp_2, Rhodophyta_506_1_tp_2, Verrucomicrobia_22_1_tp_2",0.391442355404314,0.618891797659392
"Bacteroidetes_1360_1","Cercozoa_22_1_tp_2, Chlorophyta__streptophyta_895_1_tp_2, Ciliophora_403_1_tp_2, Katablepharidophyta_7_1_tp_2, Lobosa_11_1_tp_2, Picozoa_18_1_tp_2, Planctomycetes_61_1_tp_2, Proteobacteria_7787_1_tp_2, Verrucomicrobia_22_1_tp_2",0.291076273965015,0.643017400645703
"Bacteroidetes_1360_1","Bacteroidetes_131_1_tp_2, Cercozoa_23_1_tp_2, Ciliophora_280_1_tp_2, Cyanobacteria_73_1_tp_2, Dinoflagellata_1496_1_tp_2, Dinoflagellata_1771_1_tp_2, Proteobacteria_10168_1_tp_2, Proteobacteria_11429_2_tp_2, Proteobacteria_7983_2_tp_2",0.379595698415282,0.63212092181493
"Bacteroidetes_1360_1","Bacillariophyta_138_1_tp_2, Bacteroidetes_918_2_tp_2, Cryptophyta_15_1_tp_2, Haptophyta_203_1_tp_2, Phylum_reps_2301_1_tp_2, Proteobacteria_6384_1_tp_2, Proteobacteria_7295_1_tp_2, Proteobacteria_8176_1_tp_2, Verrucomicrobia_18_4_tp_2",0.400301712378026,0.617817021122985
"Bacteroidetes_1360_1","Bacteroidetes_1360_2_tp_2, Chlorophyta__streptophyta_751_1_tp_2, Dinoflagellata_1555_1_tp_2, Phylum_reps_2301_1_tp_2, Proteobacteria_11210_2_tp_2, Proteobacteria_6384_1_tp_2, Proteobacteria_7230_1_tp_2, Proteobacteria_7787_1_tp_2, Proteobacteria_8520_1_tp_2",0.280702517761006,0.627093840407613
"Bacteroidetes_1360_1","Archaea_164_1_tp_2, Bacillariophyta_31_1_tp_2, Bacteroidetes_129_2_tp_2, Bacteroidetes_1360_5_tp_2, Chlorophyta__streptophyta_833_1_tp_2, Ciliophora_403_1_tp_2, Dinoflagellata_1758_1_tp_2, Proteobacteria_22_1_tp_2, Proteobacteria_7983_4_tp_2",0.405895232088317,0.603436598301225
"Bacteroidetes_1360_1","Bacillariophyta_219_1_tp_2, Bacteroidetes_956_1_tp_2, Planctomycetes_27_1_tp_2, Proteobacteria_11210_1_tp_2, Proteobacteria_7982_2_tp_2, Proteobacteria_7983_8_tp_2, Raphidophyceae_3_1_tp_2, Verrucomicrobia_18_3_tp_2, Verrucomicrobia_23_1_tp_2",0.326389661954048,0.631500612490582
"Bacteroidetes_1360_1","Bacillariophyta_123_1_tp_2, Bacillariophyta_219_1_tp_2, Cryptophyta_15_2_tp_2, Cyanobacteria_85_1_tp_2, Dinoflagellata_1098_1_tp_2, Dinoflagellata_1793_1_tp_2, Lobosa_11_1_tp_2, Proteobacteria_7983_2_tp_2, Proteobacteria_7983_7_tp_2",0.19222725429774,0.647193288041546
"Bacteroidetes_1360_1","Archaea_164_2_tp_2, Bacteroidetes_1186_1_tp_2, Bacteroidetes_1360_5_tp_2, Bacteroidetes_919_2_tp_2, Proteobacteria_10168_1_tp_2, Proteobacteria_11429_2_tp_2, Proteobacteria_7100_1_tp_2, Radiolaria_104_1_tp_2, Raphidophyceae_3_1_tp_2",0.329537891085127,0.643245334844499
"Bacteroidetes_1360_1","Bacillariophyta_29_1_tp_2, Ciliophora_280_1_tp_2, Dinoflagellata_1555_1_tp_2, Dinoflagellata_1749_1_tp_2, Picozoa_18_1_tp_2, Planctomycetes_61_1_tp_2, Proteobacteria_6847_1_tp_2, Proteobacteria_7166_1_tp_2, Proteobacteria_7230_3_tp_2",0.205148872199877,0.643519685646266
"Bacteroidetes_1360_1","Bacteroidetes_129_2_tp_2, Dinoflagellata_1017_1_tp_2, Dinoflagellata_1542_1_tp_2, Proteobacteria_7787_1_tp_2, Proteobacteria_7982_2_tp_2, Proteobacteria_7983_1_tp_2, Proteobacteria_9681_1_tp_2, Verrucomicrobia_18_1_tp_2, Verrucomicrobia_22_1_tp_2",0.411737973050827,0.610477621692461
"Bacteroidetes_1360_1","Bacteroidetes_1167_1_tp_2, Bacteroidetes_129_2_tp_2, Cercozoa_395_1_tp_2, Dinoflagellata_1014_1_tp_2, Dinoflagellata_1017_1_tp_2, Proteobacteria_7314_1_tp_2, Proteobacteria_7984_1_tp_2, Raphidophyceae_3_1_tp_2, temperature_tp_2",0.34663753881154,0.647381274165467
"Bacteroidetes_1360_1","Bacillariophyta_31_1_tp_2, Bacteroidetes_1167_1_tp_2, Cercozoa_22_1_tp_2, Dinoflagellata_1014_1_tp_2, Div_reps_1600_1_tp_2, Proteobacteria_11429_1_tp_2, Proteobacteria_8185_1_tp_2, Proteobacteria_8520_1_tp_2, Rhodophyta_506_1_tp_2",0.336919323318128,0.62032354154806
"Bacteroidetes_1360_1","Bacteroidetes_1264_1_tp_2, Chlorophyta__streptophyta_120_1_tp_2, Ciliophora_403_1_tp_2, Dinoflagellata_874_1_tp_2, Perkinsea_44_1_tp_2, Proteobacteria_11428_1_tp_2, Proteobacteria_7313_1_tp_2, Sagenista_61_1_tp_2, Verrucomicrobia_18_2_tp_2",0.276196625379415,0.62861733653781
"Bacteroidetes_1360_1","Bacillariophyta_31_1_tp_2, Dinoflagellata_1555_1_tp_2, Dinoflagellata_1728_2_tp_2, Planctomycetes_34_1_tp_2, Proteobacteria_10091_1_tp_2, Proteobacteria_11155_1_tp_2, Proteobacteria_9649_1_tp_2, Radiolaria_104_1_tp_2, Raphidophyceae_3_1_tp_2",0.276924183349126,0.635594435945043
"Bacteroidetes_1360_1","Archaea_164_1_tp_2, Bacillariophyta_100_1_tp_2, Planctomycetes_27_1_tp_2, Proteobacteria_10114_1_tp_2, Proteobacteria_7230_2_tp_2, Proteobacteria_7231_1_tp_2, Proteobacteria_8178_1_tp_2, Proteobacteria_8185_1_tp_2, Verrucomicrobia_18_2_tp_2",0.37479854832517,0.609105692240569
"Bacteroidetes_1360_1","Bacillariophyta_123_1_tp_2, Bacteroidetes_1178_1_tp_2, Bacteroidetes_918_4_tp_2, Chlorophyta__streptophyta_120_1_tp_2, Dinoflagellata_1728_2_tp_2, Proteobacteria_11155_1_tp_2, Proteobacteria_11210_2_tp_2, Proteobacteria_7984_1_tp_2, Proteobacteria_8178_1_tp_2",0.338721306767615,0.612459971286634
"Bacteroidetes_1360_1","Cyanobacteria_65_1_tp_2, Dinoflagellata_1728_1_tp_2, Dinoflagellata_955_1_tp_2, Haptophyta_148_1_tp_2, Proteobacteria_11210_2_tp_2, Proteobacteria_11429_3_tp_2, Proteobacteria_7316_1_tp_2, Proteobacteria_8185_1_tp_2, Proteobacteria_9681_1_tp_2",0.367191676847676,0.604531195536769
"Bacteroidetes_1360_1","Bacteroidetes_938_1_tp_2, Cercozoa_291_1_tp_2, Perkinsea_44_1_tp_2, Phylum_reps_1985_1_tp_2, Proteobacteria_11431_2_tp_2, Proteobacteria_5436_1_tp_2, Proteobacteria_6847_1_tp_2, Verrucomicrobia_18_4_tp_2, Verrucomicrobia_22_1_tp_2",0.403721972597439,0.611063069055563
"Bacteroidetes_1360_1","Bacillariophyta_44_1_tp_2, Bacteroidetes_918_4_tp_2, Bacteroidetes_919_3_tp_2, Dinoflagellata_124_1_tp_2, Dinoflagellata_1793_1_tp_2, Div_reps_1600_1_tp_2, Phylum_reps_2301_1_tp_2, Proteobacteria_7100_1_tp_2, Verrucomicrobia_18_4_tp_2",0.387086927699574,0.637487116135269
"Bacteroidetes_1360_1","Bacillariophyta_138_1_tp_2, Bacteroidetes_1166_1_tp_2, Bacteroidetes_129_1_tp_2, Dinoflagellata_1658_1_tp_2, Nitrospirae_9_1_tp_2, Picozoa_18_1_tp_2, Proteobacteria_6847_1_tp_2, Proteobacteria_9681_2_tp_2, temperature_tp_2",0.32147611532598,0.628970566948979
"Bacteroidetes_1360_1","Actinobacteria_410_2_tp_2, Bacillariophyta_29_1_tp_2, Bacteroidetes_1204_1_tp_2, Chlorophyta__streptophyta_833_1_tp_2, Ciliophora_280_1_tp_2, Div_reps_1600_2_tp_2, Picozoa_18_1_tp_2, Proteobacteria_11429_1_tp_2, Proteobacteria_11429_4_tp_2",0.198128111812316,0.651042031671196
"Bacteroidetes_1360_1","Bacteroidetes_1249_1_tp_2, Bacteroidetes_1360_2_tp_2, Ciliophora_1195_1_tp_2, Dinoflagellata_1198_1_tp_2, Dinoflagellata_1758_1_tp_2, Lobosa_11_1_tp_2, Proteobacteria_11428_1_tp_2, Proteobacteria_11429_2_tp_2, Proteobacteria_7364_1_tp_2",0.345876851888095,0.623518939516605
"Bacteroidetes_1360_1","Bacillariophyta_29_1_tp_2, Bacteroidetes_1235_1_tp_2, Bacteroidetes_1360_3_tp_2, Bacteroidetes_918_2_tp_2, Cyanobacteria_73_1_tp_2, Dinoflagellata_1555_1_tp_2, Proteobacteria_6384_1_tp_2, Proteobacteria_7100_1_tp_2, Pseudofungi_43_1_tp_2",0.351173672999065,0.613900976062976
"Bacteroidetes_1360_1","Archaea_164_2_tp_2, Bacillariophyta_31_1_tp_2, Chlorophyta__streptophyta_120_1_tp_2, Chlorophyta__streptophyta_848_1_tp_2, Ciliophora_403_1_tp_2, Ciliophora_451_1_tp_2, Dinoflagellata_1769_1_tp_2, Proteobacteria_5436_1_tp_2, Proteobacteria_6847_1_tp_2",0.384145778286222,0.622404462360986
"Bacteroidetes_1360_1","Bacteroidetes_918_2_tp_2, Dinoflagellata_1542_1_tp_2, Planctomycetes_27_1_tp_2, Proteobacteria_10114_1_tp_2, Proteobacteria_11155_1_tp_2, Proteobacteria_11190_1_tp_2, Proteobacteria_8185_1_tp_2, Pseudofungi_43_1_tp_2, Verrucomicrobia_22_1_tp_2",0.250623622791903,0.633536719300117
"Bacteroidetes_1360_1","Bacillariophyta_123_1_tp_2, Bacteroidetes_1166_2_tp_2, Bacteroidetes_1224_1_tp_2, Ciliophora_298_1_tp_2, Ciliophora_451_1_tp_2, Haptophyta_203_1_tp_2, Proteobacteria_10114_1_tp_2, Proteobacteria_11428_1_tp_2, Proteobacteria_7313_1_tp_2",0.296465863240612,0.643804824893588
"Bacteroidetes_1360_1","Bacillariophyta_31_1_tp_2, Chlorophyta__streptophyta_895_1_tp_2, Ciliophora_298_1_tp_2, Dinoflagellata_1009_1_tp_2, Phylum_reps_2301_1_tp_2, Proteobacteria_7295_1_tp_2, Proteobacteria_7313_1_tp_2, Proteobacteria_7314_1_tp_2, Proteobacteria_9649_1_tp_2",0.246649338361969,0.647027119753094
"Bacteroidetes_1360_1","Actinobacteria_410_2_tp_2, Bacillariophyta_219_1_tp_2, Bacillariophyta_31_1_tp_2, Cyanobacteria_65_1_tp_2, Dinoflagellata_1014_1_tp_2, Perkinsea_33_1_tp_2, Proteobacteria_11155_2_tp_2, Proteobacteria_11210_1_tp_2, Proteobacteria_7364_1_tp_2",0.147947591749674,0.644626887764462
"Bacteroidetes_1360_1","Bacillariophyta_29_1_tp_2, Bacillariophyta_31_1_tp_2, Bacteroidetes_1166_2_tp_2, Chlorophyta__streptophyta_833_1_tp_2, Ciliophora_451_1_tp_2, Dictyochophyceae_6_1_tp_2, Proteobacteria_9649_1_tp_2, temperature_tp_2, Verrucomicrobia_23_1_tp_2",0.259495031715938,0.649111441938633
"Bacteroidetes_1360_1","Archaea_164_2_tp_2, Bacteroidetes_1204_1_tp_2, Bacteroidetes_129_2_tp_2, Bacteroidetes_919_2_tp_2, Cercozoa_23_1_tp_2, Dinoflagellata_982_1_tp_2, Proteobacteria_7231_1_tp_2, Proteobacteria_7313_1_tp_2, Verrucomicrobia_23_1_tp_2",0.38601580034516,0.608679030733834
"Bacteroidetes_1360_1","Bacillariophyta_123_1_tp_2, Chlorophyta__streptophyta_895_1_tp_2, Chrysophyceae_16_1_tp_2, Dinoflagellata_1555_1_tp_2, Proteobacteria_10091_1_tp_2, Proteobacteria_7364_1_tp_2, Proteobacteria_7983_7_tp_2, Proteobacteria_8177_2_tp_2, Pseudofungi_43_1_tp_2",0.425512747972346,0.62563460706311
"Bacteroidetes_1360_1","Dinoflagellata_1771_2_tp_2, Dinoflagellata_874_1_tp_2, Div_reps_1600_2_tp_2, Perkinsea_44_1_tp_2, Picozoa_6_1_tp_2, Proteobacteria_11155_1_tp_2, Proteobacteria_11210_1_tp_2, Proteobacteria_7316_1_tp_2, Proteobacteria_8520_1_tp_2",0.296213407649993,0.618846422513485
"Bacteroidetes_1360_1","Bacteroidetes_1360_4_tp_2, Bacteroidetes_919_2_tp_2, Ciliophora_280_1_tp_2, Cyanobacteria_85_1_tp_2, Dinoflagellata_1749_1_tp_2, Planctomycetes_27_1_tp_2, Planctomycetes_34_1_tp_2, Proteobacteria_11429_1_tp_2, Proteobacteria_9681_1_tp_2",0.2185210508179,0.648814642207246
"Bacteroidetes_1360_1","Bacillariophyta_29_1_tp_2, Cyanobacteria_65_1_tp_2, Katablepharidophyta_7_1_tp_2, Proteobacteria_7295_1_tp_2, Proteobacteria_7313_1_tp_2, Proteobacteria_7364_1_tp_2, Proteobacteria_8185_1_tp_2, Rhodophyta_506_1_tp_2, Verrucomicrobia_22_1_tp_2",0.358714569620127,0.622363119591093
"Bacteroidetes_1360_1","Actinobacteria_410_2_tp_2, Bacteroidetes_1360_3_tp_2, Cercozoa_23_1_tp_2, Cryptophyta_108_1_tp_2, Haptophyta_148_1_tp_2, Proteobacteria_5461_1_tp_2, Proteobacteria_7983_5_tp_2, Proteobacteria_8176_2_tp_2, Rhodophyta_506_1_tp_2",0.376184652916257,0.624978443380668
"Bacteroidetes_1360_1","Bacteroidetes_1194_1_tp_2, Chlorophyta__streptophyta_848_1_tp_2, Ciliophora_1195_1_tp_2, Ciliophora_280_1_tp_2, Dinoflagellata_124_1_tp_2, Dinoflagellata_1711_1_tp_2, Proteobacteria_11429_4_tp_2, Proteobacteria_7314_1_tp_2, Raphidophyceae_3_1_tp_2",0.42047833350213,0.627276459640679
"Bacteroidetes_1360_1","Bacillariophyta_100_1_tp_2, Bacillariophyta_31_1_tp_2, Bacteroidetes_1249_1_tp_2, Cyanobacteria_73_1_tp_2, Dinoflagellata_1496_1_tp_2, Dinoflagellata_1728_1_tp_2, Dinoflagellata_1728_2_tp_2, Proteobacteria_6847_1_tp_2, Proteobacteria_7983_2_tp_2",0.425699115469299,0.610144091851173
"Bacteroidetes_1360_1","Archaea_164_1_tp_2, Ciliophora_280_1_tp_2, Ciliophora_298_1_tp_2, Cryptophyta_15_1_tp_2, Cyanobacteria_85_1_tp_2, Phylum_reps_1954_1_tp_2, Proteobacteria_7982_1_tp_2, Proteobacteria_9681_1_tp_2, Verrucomicrobia_18_1_tp_2",0.463978002010394,0.583311250773159
"Bacteroidetes_1360_1","Actinobacteria_410_2_tp_2, Bacteroidetes_918_1_tp_2, Cryptophyta_108_1_tp_2, Cryptophyta_15_2_tp_2, Dictyochophyceae_6_1_tp_2, Dinoflagellata_1758_1_tp_2, Proteobacteria_7230_1_tp_2, Proteobacteria_7316_1_tp_2, Verrucomicrobia_18_3_tp_2",0.328085534732475,0.635616607904468
"Bacteroidetes_1360_1","Ciliophora_280_1_tp_2, Ciliophora_403_1_tp_2, Dinoflagellata_1010_1_tp_2, Dinoflagellata_1542_1_tp_2, Dinoflagellata_1711_1_tp_2, Dinoflagellata_874_1_tp_2, Proteobacteria_7983_6_tp_2, Radiolaria_104_1_tp_2, Verrucomicrobia_18_2_tp_2",0.368538911243067,0.628685008203435
"Bacteroidetes_1360_1","Bacteroidetes_1167_1_tp_2, Cryptophyta_15_2_tp_2, Dinoflagellata_1711_1_tp_2, Perkinsea_33_1_tp_2, Proteobacteria_11120_1_tp_2, Proteobacteria_11429_3_tp_2, Proteobacteria_11431_2_tp_2, Proteobacteria_7231_1_tp_2, Verrucomicrobia_18_1_tp_2",0.368247977345664,0.616393724219195
"Bacteroidetes_1360_1","Bacillariophyta_123_1_tp_2, Bacillariophyta_196_1_tp_2, Bacteroidetes_1166_1_tp_2, Bacteroidetes_1264_1_tp_2, Bacteroidetes_129_1_tp_2, Bacteroidetes_1360_4_tp_2, Cercozoa_22_1_tp_2, Dinoflagellata_1769_1_tp_2, Proteobacteria_11429_4_tp_2",0.361172671486053,0.617705042455716
"Bacteroidetes_1360_1","Bacillariophyta_123_1_tp_2, Bacteroidetes_918_5_tp_2, Div_reps_1600_1_tp_2, Perkinsea_33_1_tp_2, Proteobacteria_10091_1_tp_2, Proteobacteria_7100_1_tp_2, Proteobacteria_9649_1_tp_2, Pseudofungi_43_1_tp_2, Sagenista_53_1_tp_2",0.3842893623477,0.624727938119043
"Bacteroidetes_1360_1","Archaea_164_2_tp_2, Bacteroidetes_129_2_tp_2, Bacteroidetes_918_4_tp_2, Bacteroidetes_919_2_tp_2, Cercozoa_291_1_tp_2, Ciliophora_1195_1_tp_2, Ciliophora_280_1_tp_2, Dinoflagellata_1017_1_tp_2, Verrucomicrobia_18_1_tp_2",0.347483630955559,0.629499670478705
"Bacteroidetes_1360_1","Archaea_164_1_tp_2, Bacillariophyta_29_1_tp_2, Bacteroidetes_1224_1_tp_2, Dinoflagellata_1017_1_tp_2, Dinoflagellata_1793_1_tp_2, Proteobacteria_10091_1_tp_2, Proteobacteria_11190_1_tp_2, Proteobacteria_6384_1_tp_2, Proteobacteria_7787_1_tp_2",0.396787818523935,0.606362960758645
"Bacteroidetes_1360_1","Bacillariophyta_219_1_tp_2, Bacteroidetes_1349_1_tp_2, Cercozoa_395_1_tp_2, Proteobacteria_5436_1_tp_2, Proteobacteria_7100_1_tp_2, Proteobacteria_7166_1_tp_2, Proteobacteria_7319_1_tp_2, Proteobacteria_9649_1_tp_2, Verrucomicrobia_22_2_tp_2",0.221311221268143,0.63676201015228
"Bacteroidetes_1360_1","Actinobacteria_410_1_tp_2, Bacillariophyta_138_1_tp_2, Bacteroidetes_129_1_tp_2, Cryptophyta_15_2_tp_2, Dinoflagellata_1555_1_tp_2, Dinoflagellata_1749_1_tp_2, Proteobacteria_11155_2_tp_2, Proteobacteria_9649_1_tp_2, Proteobacteria_9681_2_tp_2",0.290860556213834,0.65683155016436
"Bacteroidetes_1360_1","Bacillariophyta_100_1_tp_2, Bacteroidetes_1166_1_tp_2, Cercozoa_22_1_tp_2, Ciliophora_403_1_tp_2, Cryptophyta_15_2_tp_2, Dinoflagellata_1769_1_tp_2, Nitrospirae_9_1_tp_2, Proteobacteria_11429_2_tp_2, Proteobacteria_8178_1_tp_2",0.337633423883349,0.639723009405983
"Bacteroidetes_1360_1","Bacillariophyta_219_1_tp_2, Bacteroidetes_1235_1_tp_2, Bacteroidetes_1249_1_tp_2, Bacteroidetes_918_5_tp_2, Bacteroidetes_919_3_tp_2, Ciliophora_451_1_tp_2, Dinoflagellata_1758_1_tp_2, Proteobacteria_7984_1_tp_2, Raphidophyceae_3_1_tp_2",0.355337919103129,0.635303133890132
"Bacteroidetes_1360_1","Bacteroidetes_919_3_tp_2, Bacteroidetes_938_1_tp_2, Ciliophora_451_1_tp_2, Dinoflagellata_1769_1_tp_2, Picozoa_18_1_tp_2, Proteobacteria_22_1_tp_2, Proteobacteria_7364_1_tp_2, Sagenista_61_1_tp_2, Verrucomicrobia_22_1_tp_2",0.441783840028085,0.605576555941312
"Bacteroidetes_1360_1","Bacillariophyta_138_1_tp_2, Bacteroidetes_1166_2_tp_2, Bacteroidetes_1167_1_tp_2, Bacteroidetes_1349_1_tp_2, Dinoflagellata_1771_2_tp_2, Dinoflagellata_1862_1_tp_2, Nitrospirae_9_1_tp_2, Proteobacteria_9649_1_tp_2, Verrucomicrobia_23_1_tp_2",0.404537090584122,0.608233852676403
"Bacteroidetes_1360_1","Bacillariophyta_138_1_tp_2, Dinoflagellata_124_1_tp_2, Dinoflagellata_1758_1_tp_2, Dinoflagellata_1793_1_tp_2, Proteobacteria_11120_1_tp_2, Proteobacteria_5436_1_tp_2, Proteobacteria_7983_2_tp_2, Proteobacteria_7983_5_tp_2, Verrucomicrobia_22_1_tp_2",0.425088046673183,0.61903691601811
"Bacteroidetes_1360_1","Bacillariophyta_219_1_tp_2, Bacillariophyta_31_1_tp_2, Bacteroidetes_129_2_tp_2, Bacteroidetes_1349_1_tp_2, Chlorophyta__streptophyta_895_1_tp_2, Proteobacteria_11210_2_tp_2, Proteobacteria_5461_1_tp_2, Proteobacteria_7174_1_tp_2, Proteobacteria_8177_2_tp_2",0.281454362978038,0.637111017579959
"Bacteroidetes_1360_1","Bacteroidetes_1186_1_tp_2, Bacteroidetes_1349_1_tp_2, Ciliophora_280_1_tp_2, Cyanobacteria_85_1_tp_2, Dinoflagellata_955_1_tp_2, Proteobacteria_7982_2_tp_2, Proteobacteria_7983_2_tp_2, Proteobacteria_7984_1_tp_2, temperature_tp_2",0.242100820640383,0.626642000982099
"Bacteroidetes_1360_1","Bacteroidetes_1166_2_tp_2, Bacteroidetes_1167_1_tp_2, Bacteroidetes_129_1_tp_2, Bacteroidetes_1360_3_tp_2, Cyanobacteria_73_1_tp_2, Dinoflagellata_874_1_tp_2, Proteobacteria_7983_7_tp_2, Proteobacteria_9681_2_tp_2, Verrucomicrobia_18_1_tp_2",0.255229405891749,0.650544145959585
"Bacteroidetes_1360_1","Bacteroidetes_918_2_tp_2, Bacteroidetes_918_3_tp_2, Bacteroidetes_938_1_tp_2, Cyanobacteria_85_1_tp_2, Dinoflagellata_1862_1_tp_2, Nitrospirae_9_1_tp_2, Perkinsea_44_1_tp_2, Planctomycetes_61_1_tp_2, Proteobacteria_11429_4_tp_2",0.39112849305034,0.610503403415783
"Bacteroidetes_1360_1","Archaea_179_1_tp_2, Bacteroidetes_1151_1_tp_2, Bacteroidetes_1360_2_tp_2, Chlorophyta__streptophyta_845_1_tp_2, Dinoflagellata_1198_1_tp_2, Proteobacteria_11155_2_tp_2, Proteobacteria_11428_1_tp_2, Proteobacteria_7983_6_tp_2, Rhodophyta_506_1_tp_2",0.366972889094438,0.621597595236324
"Bacteroidetes_1360_1","Bacteroidetes_131_1_tp_2, Cercozoa_291_1_tp_2, Chlorophyta__streptophyta_751_1_tp_2, Cyanobacteria_48_1_tp_2, Dictyochophyceae_6_1_tp_2, Dinoflagellata_1542_1_tp_2, Perkinsea_33_1_tp_2, Proteobacteria_11120_1_tp_2, Proteobacteria_7983_7_tp_2",0.298861002420378,0.62804773070485
"Bacteroidetes_1360_1","Bacteroidetes_1360_5_tp_2, Chlorophyta__streptophyta_845_1_tp_2, Dinoflagellata_1758_1_tp_2, Dinoflagellata_1769_1_tp_2, Proteobacteria_6384_1_tp_2, Proteobacteria_7100_1_tp_2, Proteobacteria_7289_1_tp_2, Proteobacteria_7313_1_tp_2, Proteobacteria_8178_1_tp_2",0.397086587012204,0.612286079793377
"Bacteroidetes_1360_1","Bacillariophyta_123_1_tp_2, Cercozoa_23_1_tp_2, Chlorophyta__streptophyta_833_1_tp_2, Chrysophyceae_16_1_tp_2, Ciliophora_298_1_tp_2, Cyanobacteria_65_1_tp_2, Dinoflagellata_1758_1_tp_2, Proteobacteria_11429_1_tp_2, Proteobacteria_7316_1_tp_2",0.437515417943893,0.604962845942536
"Bacteroidetes_1360_1","Bacteroidetes_918_4_tp_2, Dinoflagellata_1198_1_tp_2, Dinoflagellata_1542_1_tp_2, Dinoflagellata_1968_1_tp_2, Lobosa_11_1_tp_2, Proteobacteria_7230_2_tp_2, Proteobacteria_7983_3_tp_2, Proteobacteria_7983_6_tp_2, Sagenista_61_1_tp_2",0.297924158036267,0.629534544453569
"Bacteroidetes_1360_1","Bacillariophyta_123_1_tp_2, Bacteroidetes_918_5_tp_2, Ciliophora_403_1_tp_2, Dinoflagellata_1009_1_tp_2, Dinoflagellata_1728_2_tp_2, Perkinsea_44_1_tp_2, Proteobacteria_11210_2_tp_2, Proteobacteria_7316_1_tp_2, Proteobacteria_7983_3_tp_2",0.395604345298572,0.605743680398245
"Bacteroidetes_1360_1","Bacillariophyta_138_1_tp_2, Bacteroidetes_1249_1_tp_2, Bacteroidetes_129_1_tp_2, Bacteroidetes_1349_1_tp_2, Dinoflagellata_1711_1_tp_2, Dinoflagellata_1771_2_tp_2, Proteobacteria_10114_1_tp_2, Proteobacteria_7174_1_tp_2, Sagenista_53_1_tp_2",0.240358300348241,0.653466629617362
"Bacteroidetes_1360_1","Ciliophora_403_1_tp_2, Ciliophora_451_1_tp_2, Cyanobacteria_48_1_tp_2, Phylum_reps_2301_1_tp_2, Proteobacteria_11155_1_tp_2, Proteobacteria_7984_1_tp_2, Verrucomicrobia_22_1_tp_2, Verrucomicrobia_22_2_tp_2, Verrucomicrobia_23_1_tp_2",0.419134596412471,0.63311455133732
"Bacteroidetes_1360_1","Bacteroidetes_1151_1_tp_2, Bacteroidetes_1166_2_tp_2, Dinoflagellata_1009_1_tp_2, Dinoflagellata_955_1_tp_2, Perkinsea_44_1_tp_2, Proteobacteria_7319_1_tp_2, Radiolaria_104_1_tp_2, temperature_tp_2, Verrucomicrobia_18_4_tp_2",0.198875703156775,0.63614231524074
"Bacteroidetes_1360_1","Bacillariophyta_196_1_tp_2, Bacteroidetes_956_1_tp_2, Chlorophyta__streptophyta_732_1_tp_2, Ciliophora_451_1_tp_2, Dinoflagellata_1769_1_tp_2, Proteobacteria_7289_1_tp_2, Proteobacteria_7983_6_tp_2, Proteobacteria_8177_2_tp_2, Verrucomicrobia_22_1_tp_2",0.289387260135231,0.633112246354657
"Bacteroidetes_1360_1","Bacteroidetes_1151_1_tp_2, Bacteroidetes_1235_1_tp_2, Dinoflagellata_1014_1_tp_2, Proteobacteria_11429_2_tp_2, Proteobacteria_7230_2_tp_2, Proteobacteria_7983_1_tp_2, Proteobacteria_7983_4_tp_2, Proteobacteria_9681_2_tp_2, Verrucomicrobia_18_1_tp_2",0.378035942430227,0.629230754254279
"Bacteroidetes_1360_1","Actinobacteria_410_1_tp_2, Archaea_164_1_tp_2, Bacillariophyta_100_1_tp_2, Bacteroidetes_1264_1_tp_2, Ciliophora_234_1_tp_2, Dinoflagellata_1017_1_tp_2, Lobosa_11_1_tp_2, Proteobacteria_11429_2_tp_2, Proteobacteria_9649_1_tp_2",0.393359384277755,0.624080369392112
"Bacteroidetes_1360_1","Bacteroidetes_1186_1_tp_2, Bacteroidetes_1224_1_tp_2, Ciliophora_280_1_tp_2, Dinoflagellata_1711_1_tp_2, Katablepharidophyta_7_1_tp_2, Perkinsea_33_1_tp_2, Proteobacteria_11429_3_tp_2, Proteobacteria_8177_2_tp_2, Verrucomicrobia_23_1_tp_2",0.258524056262647,0.627432466336565
"Bacteroidetes_1360_1","Bacillariophyta_100_1_tp_2, Bacteroidetes_919_2_tp_2, Dinoflagellata_1771_1_tp_2, Perkinsea_33_1_tp_2, Proteobacteria_11210_1_tp_2, Proteobacteria_11210_2_tp_2, Proteobacteria_7983_4_tp_2, Proteobacteria_7983_7_tp_2, Proteobacteria_8185_1_tp_2",0.172134074494428,0.655431823377894
"Bacteroidetes_1360_1","Bacillariophyta_100_1_tp_2, Bacillariophyta_44_1_tp_2, Bacteroidetes_131_1_tp_2, Dinoflagellata_1098_1_tp_2, Dinoflagellata_1658_1_tp_2, Dinoflagellata_1758_1_tp_2, Div_reps_2942_1_tp_2, Picozoa_6_1_tp_2, Verrucomicrobia_23_1_tp_2",0.240036010391178,0.611645744055895
"Bacteroidetes_1360_1","Bacteroidetes_1178_1_tp_2, Bacteroidetes_919_1_tp_2, Cryptophyta_15_1_tp_2, Dinoflagellata_1017_1_tp_2, Dinoflagellata_1098_1_tp_2, Dinoflagellata_124_1_tp_2, Proteobacteria_11210_1_tp_2, Rhodophyta_506_1_tp_2, Verrucomicrobia_18_3_tp_2",0.282871359949215,0.654453835996791
"Bacteroidetes_1360_1","Bacteroidetes_956_1_tp_2, Chlorophyta__streptophyta_833_1_tp_2, Dinoflagellata_1010_1_tp_2, Planctomycetes_61_1_tp_2, Proteobacteria_7230_3_tp_2, Proteobacteria_7983_2_tp_2, Proteobacteria_7983_6_tp_2, Proteobacteria_7983_7_tp_2, Proteobacteria_9681_2_tp_2",0.38222211894812,0.627454002798669
"Bacteroidetes_1360_1","Archaea_164_2_tp_2, Bacteroidetes_1151_1_tp_2, Cyanobacteria_73_1_tp_2, Dinoflagellata_1010_1_tp_2, Dinoflagellata_1771_2_tp_2, Haptophyta_203_1_tp_2, Planctomycetes_34_1_tp_2, Planctomycetes_61_1_tp_2, Proteobacteria_7316_1_tp_2",0.409685803929024,0.626893501919472
"Bacteroidetes_1360_1","Bacillariophyta_123_1_tp_2, Cercozoa_22_1_tp_2, Chlorophyta__streptophyta_845_1_tp_2, Cyanobacteria_73_1_tp_2, Proteobacteria_10091_1_tp_2, Proteobacteria_11120_1_tp_2, Proteobacteria_7295_1_tp_2, Proteobacteria_9649_1_tp_2, Rhodophyta_506_1_tp_2",0.461775585138993,0.598775297973862
"Bacteroidetes_1360_1","Archaea_179_1_tp_2, Cyanobacteria_65_1_tp_2, Dinoflagellata_1542_1_tp_2, Dinoflagellata_982_1_tp_2, Phylum_reps_1985_1_tp_2, Proteobacteria_5461_1_tp_2, Proteobacteria_6847_1_tp_2, Proteobacteria_9649_1_tp_2, Sagenista_53_1_tp_2",0.379610117503201,0.630345430275554
"Bacteroidetes_1360_1","Archaea_164_1_tp_2, Bacteroidetes_1204_1_tp_2, Dinoflagellata_1728_2_tp_2, Haptophyta_148_1_tp_2, Proteobacteria_11429_3_tp_2, Proteobacteria_7230_2_tp_2, Proteobacteria_7364_1_tp_2, Proteobacteria_9681_2_tp_2, Rhodophyta_506_1_tp_2",0.398758146973927,0.604090085490804
"Bacteroidetes_1360_1","Bacillariophyta_123_1_tp_2, Bacteroidetes_918_3_tp_2, Chlorophyta__streptophyta_845_1_tp_2, Ciliophora_1195_1_tp_2, Ciliophora_280_1_tp_2, Dinoflagellata_1711_1_tp_2, Dinoflagellata_1728_1_tp_2, Katablepharidophyta_7_1_tp_2, Sagenista_53_1_tp_2",0.404946000527407,0.617201062474132
"Bacteroidetes_1360_1","Bacteroidetes_1167_1_tp_2, Bacteroidetes_918_4_tp_2, Bacteroidetes_918_5_tp_2, Chlorophyta__streptophyta_848_1_tp_2, Dinoflagellata_1198_1_tp_2, Div_reps_1600_2_tp_2, Lobosa_11_1_tp_2, Verrucomicrobia_22_2_tp_2, Verrucomicrobia_23_1_tp_2",0.4455635149687,0.613248364640949
"Bacteroidetes_1360_1","Bacillariophyta_100_1_tp_2, Bacteroidetes_129_2_tp_2, Bacteroidetes_1360_5_tp_2, Dinoflagellata_1728_1_tp_2, Lobosa_11_1_tp_2, Planctomycetes_27_1_tp_2, Proteobacteria_11190_1_tp_2, Proteobacteria_8176_1_tp_2, Proteobacteria_8520_1_tp_2",0.26354523255313,0.632933217352387
"Bacteroidetes_1360_1","Bacteroidetes_1167_1_tp_2, Cercozoa_291_1_tp_2, Dinoflagellata_1496_1_tp_2, Planctomycetes_34_1_tp_2, Proteobacteria_10168_1_tp_2, Proteobacteria_11210_1_tp_2, Proteobacteria_5436_1_tp_2, Proteobacteria_7983_8_tp_2, Radiolaria_104_1_tp_2",0.450779173336058,0.635821282903497
"Bacteroidetes_1360_1","Archaea_164_2_tp_2, Bacillariophyta_100_1_tp_2, Bacillariophyta_219_1_tp_2, Bacteroidetes_1166_2_tp_2, Bacteroidetes_1360_4_tp_2, Bacteroidetes_938_1_tp_2, Ciliophora_298_1_tp_2, Dinoflagellata_1793_1_tp_2, Proteobacteria_7983_6_tp_2",0.349339479743176,0.627360927305301
"Bacteroidetes_1360_1","Bacillariophyta_138_1_tp_2, Bacteroidetes_1264_1_tp_2, Bacteroidetes_1360_5_tp_2, Ciliophora_403_1_tp_2, Cyanobacteria_65_1_tp_2, Dinoflagellata_1728_1_tp_2, Dinoflagellata_1862_1_tp_2, Proteobacteria_11155_1_tp_2, Proteobacteria_11155_2_tp_2",0.373943555730648,0.619175088459172
"Bacteroidetes_1360_1","Bacteroidetes_1186_1_tp_2, Haptophyta_148_1_tp_2, Perkinsea_33_1_tp_2, Proteobacteria_11431_1_tp_2, Proteobacteria_7230_1_tp_2, Proteobacteria_7230_2_tp_2, Proteobacteria_7314_1_tp_2, Proteobacteria_8175_1_tp_2, Rhodophyta_506_1_tp_2",0.305791254388221,0.624497910325828
"Bacteroidetes_1360_1","Bacillariophyta_123_1_tp_2, Bacteroidetes_918_5_tp_2, Ciliophora_280_1_tp_2, Dinoflagellata_1010_1_tp_2, Phylum_reps_1954_1_tp_2, Planctomycetes_34_1_tp_2, Proteobacteria_11429_4_tp_2, Proteobacteria_7319_1_tp_2, Proteobacteria_8177_1_tp_2",0.373149684009247,0.638838812150759
"Bacteroidetes_1360_1","Bacteroidetes_1166_2_tp_2, Bacteroidetes_1178_1_tp_2, Chlorophyta__streptophyta_848_1_tp_2, Dinoflagellata_1728_1_tp_2, Dinoflagellata_1771_2_tp_2, Div_reps_2942_1_tp_2, Perkinsea_33_1_tp_2, Sagenista_53_1_tp_2, Verrucomicrobia_22_1_tp_2",0.170057337047877,0.655659707314159
"Bacteroidetes_1360_1","Bacteroidetes_918_1_tp_2, Ciliophora_298_1_tp_2, Cyanobacteria_73_1_tp_2, Dinoflagellata_1010_1_tp_2, Dinoflagellata_1014_1_tp_2, Proteobacteria_10114_1_tp_2, Proteobacteria_11190_1_tp_2, Radiolaria_104_1_tp_2, Rhodophyta_506_1_tp_2",0.239784758512165,0.649460107462485
"Bacteroidetes_1360_1","Bacteroidetes_317_1_tp_2, Cryptophyta_15_2_tp_2, Proteobacteria_10091_1_tp_2, Proteobacteria_7174_1_tp_2, Proteobacteria_7983_4_tp_2, Proteobacteria_7984_1_tp_2, Proteobacteria_8177_2_tp_2, Proteobacteria_8185_1_tp_2, Pseudofungi_43_1_tp_2",0.314438038562164,0.634392287966069
"Bacteroidetes_1360_1","Bacteroidetes_1349_1_tp_2, Bacteroidetes_1360_3_tp_2, Chlorophyta__streptophyta_845_1_tp_2, Dictyochophyceae_6_1_tp_2, Dinoflagellata_1010_1_tp_2, Picozoa_6_1_tp_2, Proteobacteria_11429_4_tp_2, Proteobacteria_8175_1_tp_2, Verrucomicrobia_18_2_tp_2",0.373047385437733,0.60892737464362
"Bacteroidetes_1360_1","Bacteroidetes_1166_1_tp_2, Bacteroidetes_1235_1_tp_2, Bacteroidetes_129_1_tp_2, Bacteroidetes_919_1_tp_2, Cercozoa_22_1_tp_2, Ciliophora_403_1_tp_2, Cryptophyta_15_2_tp_2, Dinoflagellata_1728_2_tp_2, Proteobacteria_9681_2_tp_2",0.302968793566148,0.631925230266423
"Bacteroidetes_1360_1","Actinobacteria_410_2_tp_2, Bacteroidetes_919_1_tp_2, Cercozoa_22_1_tp_2, Chlorophyta__streptophyta_732_1_tp_2, Phylum_reps_1954_1_tp_2, Proteobacteria_11429_4_tp_2, Proteobacteria_7230_1_tp_2, Proteobacteria_7983_6_tp_2, Verrucomicrobia_18_1_tp_2",0.392644101913281,0.615332043104959
"Bacteroidetes_1360_1","Actinobacteria_410_1_tp_2, Bacillariophyta_100_1_tp_2, Bacillariophyta_29_1_tp_2, Cyanobacteria_65_1_tp_2, Dinoflagellata_1555_1_tp_2, Dinoflagellata_1862_1_tp_2, Proteobacteria_7100_1_tp_2, Proteobacteria_7787_1_tp_2, Proteobacteria_7982_2_tp_2",0.219440877554552,0.639257062997667
"Bacteroidetes_1360_1","Bacillariophyta_138_1_tp_2, Bacteroidetes_129_2_tp_2, Bacteroidetes_919_1_tp_2, Bacteroidetes_919_3_tp_2, Dinoflagellata_1711_1_tp_2, Dinoflagellata_1771_1_tp_2, Dinoflagellata_1793_1_tp_2, Proteobacteria_7316_1_tp_2, Proteobacteria_7983_7_tp_2",0.379393664232488,0.618025412863904
"Bacteroidetes_1360_1","Bacteroidetes_1186_1_tp_2, Chrysophyceae_16_1_tp_2, Ciliophora_298_1_tp_2, Dinoflagellata_1771_2_tp_2, Haptophyta_148_1_tp_2, Proteobacteria_11210_1_tp_2, Proteobacteria_6847_1_tp_2, Proteobacteria_7319_1_tp_2, Proteobacteria_7982_1_tp_2",0.353018928153879,0.614765218082438
"Bacteroidetes_1360_1","Bacillariophyta_100_1_tp_2, Bacteroidetes_918_5_tp_2, Chlorophyta__streptophyta_895_1_tp_2, Dinoflagellata_1010_1_tp_2, Dinoflagellata_982_1_tp_2, Proteobacteria_11120_1_tp_2, Proteobacteria_11155_1_tp_2, Proteobacteria_7316_1_tp_2, Proteobacteria_7983_1_tp_2",0.411699068732638,0.612309478768379
"Bacteroidetes_1360_1","Bacillariophyta_123_1_tp_2, Bacteroidetes_1249_1_tp_2, Bacteroidetes_129_1_tp_2, Bacteroidetes_919_1_tp_2, Chlorophyta__streptophyta_120_1_tp_2, Chrysophyceae_16_1_tp_2, Dinoflagellata_1769_1_tp_2, Picozoa_18_1_tp_2, Sagenista_53_1_tp_2",0.248350224454966,0.653888089487538
"Bacteroidetes_1360_1","Actinobacteria_410_2_tp_2, Bacteroidetes_1166_1_tp_2, Bacteroidetes_1224_1_tp_2, Bacteroidetes_1360_5_tp_2, Bacteroidetes_918_1_tp_2, Bacteroidetes_919_1_tp_2, Bacteroidetes_919_2_tp_2, Perkinsea_33_1_tp_2, Proteobacteria_7230_3_tp_2",0.222568956891528,0.649092671342517
"Bacteroidetes_1360_1","Cercozoa_22_1_tp_2, Ciliophora_403_1_tp_2, Dinoflagellata_1862_1_tp_2, Lobosa_11_1_tp_2, Proteobacteria_7319_1_tp_2, Proteobacteria_7983_2_tp_2, Proteobacteria_7983_8_tp_2, Proteobacteria_9649_1_tp_2, Pseudofungi_43_1_tp_2",0.366915309456263,0.621771795567299
"Bacteroidetes_1360_1","Bacillariophyta_29_1_tp_2, Bacteroidetes_1167_1_tp_2, Chlorophyta__streptophyta_895_1_tp_2, Cyanobacteria_48_1_tp_2, Dinoflagellata_1198_1_tp_2, Dinoflagellata_1542_1_tp_2, Dinoflagellata_955_1_tp_2, Proteobacteria_11190_1_tp_2, Proteobacteria_11429_4_tp_2",0.39405222633691,0.610558194222596
"Bacteroidetes_1360_1","Archaea_179_1_tp_2, Bacteroidetes_919_1_tp_2, Cercozoa_23_1_tp_2, Dinoflagellata_1198_1_tp_2, Dinoflagellata_1496_1_tp_2, Dinoflagellata_982_1_tp_2, Proteobacteria_7230_2_tp_2, Proteobacteria_7983_8_tp_2, Verrucomicrobia_22_1_tp_2",0.44091285135226,0.60064127380857
"Bacteroidetes_1360_1","Bacillariophyta_100_1_tp_2, Chlorophyta__streptophyta_732_1_tp_2, Chlorophyta__streptophyta_848_1_tp_2, Cryptophyta_108_1_tp_2, Cyanobacteria_65_1_tp_2, Dinoflagellata_1009_1_tp_2, Haptophyta_148_1_tp_2, Proteobacteria_11429_2_tp_2, Proteobacteria_7364_1_tp_2",0.400275912193497,0.606932383108186
"Bacteroidetes_1360_1","Bacteroidetes_1167_1_tp_2, Bacteroidetes_918_5_tp_2, Phylum_reps_1954_1_tp_2, Proteobacteria_11429_4_tp_2, Proteobacteria_6847_1_tp_2, Proteobacteria_7100_1_tp_2, Proteobacteria_7364_1_tp_2, Proteobacteria_7984_1_tp_2, Verrucomicrobia_18_3_tp_2",0.445713782661874,0.601388249203128
"Bacteroidetes_1360_1","Bacteroidetes_919_2_tp_2, Cryptophyta_15_1_tp_2, Cyanobacteria_85_1_tp_2, Dinoflagellata_982_1_tp_2, Div_reps_2942_1_tp_2, Proteobacteria_11429_3_tp_2, Proteobacteria_8177_1_tp_2, Verrucomicrobia_18_4_tp_2, Verrucomicrobia_22_1_tp_2",0.143876729254115,0.656871292922161
"Bacteroidetes_1360_1","Bacillariophyta_196_1_tp_2, Bacteroidetes_1167_1_tp_2, Bacteroidetes_919_1_tp_2, Chlorophyta__streptophyta_833_1_tp_2, Dinoflagellata_1542_1_tp_2, Div_reps_2942_1_tp_2, Haptophyta_148_1_tp_2, Proteobacteria_7289_1_tp_2, Proteobacteria_8177_1_tp_2",0.356918447291547,0.637831144536981
"Bacteroidetes_1360_1","Bacillariophyta_100_1_tp_2, Bacteroidetes_1166_2_tp_2, Cryptophyta_15_1_tp_2, Dinoflagellata_1009_1_tp_2, Proteobacteria_11429_2_tp_2, Proteobacteria_11429_3_tp_2, Proteobacteria_11431_2_tp_2, Proteobacteria_7364_1_tp_2, Proteobacteria_7983_8_tp_2",0.361739346785399,0.618357534741483
"Bacteroidetes_1360_1","Bacteroidetes_1360_4_tp_2, Bacteroidetes_918_1_tp_2, Cyanobacteria_85_1_tp_2, Dinoflagellata_1968_1_tp_2, Div_reps_1600_1_tp_2, Proteobacteria_7983_4_tp_2, Proteobacteria_7983_5_tp_2, Proteobacteria_7983_8_tp_2, Proteobacteria_8176_2_tp_2",0.0982428031251949,0.651268879839638
"Bacteroidetes_1360_1","Bacteroidetes_131_1_tp_2, Chlorophyta__streptophyta_732_1_tp_2, Chlorophyta__streptophyta_751_1_tp_2, Div_reps_1600_2_tp_2, Picozoa_18_1_tp_2, Proteobacteria_11431_1_tp_2, Radiolaria_104_1_tp_2, Sagenista_53_1_tp_2, Verrucomicrobia_22_1_tp_2",0.214532466973185,0.687722049114912
"Bacteroidetes_1360_1","Bacteroidetes_1204_1_tp_2, Bacteroidetes_919_2_tp_2, Chlorophyta__streptophyta_848_1_tp_2, Div_reps_2942_1_tp_2, Proteobacteria_11155_2_tp_2, Proteobacteria_11429_4_tp_2, Proteobacteria_5436_1_tp_2, Proteobacteria_7983_2_tp_2, Verrucomicrobia_22_1_tp_2",0.30721427403993,0.642816874305781
"Bacteroidetes_1360_1","Actinobacteria_410_2_tp_2, Bacteroidetes_1194_1_tp_2, Bacteroidetes_918_4_tp_2, Dinoflagellata_1098_1_tp_2, Proteobacteria_10168_1_tp_2, Proteobacteria_11155_2_tp_2, Proteobacteria_7230_1_tp_2, Proteobacteria_7313_1_tp_2, Verrucomicrobia_18_1_tp_2",0.195151136812489,0.645310365642573
"Bacteroidetes_1360_1","Bacteroidetes_1151_1_tp_2, Bacteroidetes_131_1_tp_2, Bacteroidetes_1360_2_tp_2, Bacteroidetes_1360_5_tp_2, Cercozoa_395_1_tp_2, Dinoflagellata_1198_1_tp_2, Phylum_reps_1954_1_tp_2, Proteobacteria_10114_1_tp_2, Proteobacteria_11210_2_tp_2",0.304402682023551,0.626102750240861
"Bacteroidetes_1360_1","Archaea_164_1_tp_2, Bacillariophyta_29_1_tp_2, Bacillariophyta_44_1_tp_2, Bacteroidetes_918_5_tp_2, Ciliophora_234_1_tp_2, Cyanobacteria_73_1_tp_2, Dinoflagellata_1010_1_tp_2, Haptophyta_203_1_tp_2, Phylum_reps_1954_1_tp_2",0.370162749362438,0.622150053277138
"Bacteroidetes_1360_1","Actinobacteria_410_2_tp_2, Archaea_179_1_tp_2, Bacteroidetes_1194_1_tp_2, Bacteroidetes_1360_2_tp_2, Cryptophyta_15_1_tp_2, Cyanobacteria_48_1_tp_2, Dinoflagellata_1098_1_tp_2, Proteobacteria_11429_4_tp_2, Proteobacteria_7319_1_tp_2",0.272770068457553,0.638224711716734
"Bacteroidetes_1360_1","Bacteroidetes_1360_4_tp_2, Bacteroidetes_317_1_tp_2, Cercozoa_23_1_tp_2, Cercozoa_291_1_tp_2, Dinoflagellata_955_1_tp_2, Div_reps_1600_1_tp_2, Proteobacteria_7166_1_tp_2, Raphidophyceae_3_1_tp_2, Verrucomicrobia_22_1_tp_2",0.17588325960055,0.639569774772738
"Bacteroidetes_1360_1","Cyanobacteria_48_1_tp_2, Dinoflagellata_1711_1_tp_2, Dinoflagellata_1968_1_tp_2, Dinoflagellata_955_1_tp_2, Dinoflagellata_982_1_tp_2, Phylum_reps_1985_1_tp_2, Proteobacteria_11428_1_tp_2, Proteobacteria_7983_8_tp_2, Verrucomicrobia_23_1_tp_2",0.303917460825989,0.628254686372586
"Bacteroidetes_1360_1","Bacteroidetes_919_3_tp_2, Cyanobacteria_85_1_tp_2, Katablepharidophyta_7_1_tp_2, Perkinsea_33_1_tp_2, Phylum_reps_1954_1_tp_2, Proteobacteria_11155_2_tp_2, Proteobacteria_7982_1_tp_2, Proteobacteria_8178_1_tp_2, Rhodophyta_506_1_tp_2",0.217032017190361,0.63292290452605
"Bacteroidetes_1360_1","Archaea_164_1_tp_2, Bacillariophyta_219_1_tp_2, Bacillariophyta_44_1_tp_2, Bacteroidetes_1249_1_tp_2, Chlorophyta__streptophyta_732_1_tp_2, Chlorophyta__streptophyta_848_1_tp_2, Dinoflagellata_955_1_tp_2, Proteobacteria_7319_1_tp_2, Proteobacteria_7983_2_tp_2",0.299785168071493,0.624719713487152
"Bacteroidetes_1360_1","Bacteroidetes_1167_1_tp_2, Dictyochophyceae_6_1_tp_2, Dinoflagellata_1014_1_tp_2, Phylum_reps_1954_1_tp_2, Phylum_reps_1985_1_tp_2, Proteobacteria_22_1_tp_2, Proteobacteria_6384_1_tp_2, Verrucomicrobia_18_1_tp_2, Verrucomicrobia_18_2_tp_2",0.302784661731922,0.633500339800373
"Bacteroidetes_1360_1","Bacteroidetes_1151_1_tp_2, Bacteroidetes_1235_1_tp_2, Ciliophora_403_1_tp_2, Dinoflagellata_1711_1_tp_2, Lobosa_11_1_tp_2, Proteobacteria_11428_1_tp_2, Proteobacteria_7230_1_tp_2, Proteobacteria_7314_1_tp_2, Proteobacteria_8520_1_tp_2",0.345201789042691,0.633187986109915
"Bacteroidetes_1360_1","Bacillariophyta_123_1_tp_2, Bacteroidetes_1186_1_tp_2, Bacteroidetes_918_2_tp_2, Cercozoa_395_1_tp_2, Dinoflagellata_1098_1_tp_2, Dinoflagellata_124_1_tp_2, Dinoflagellata_1771_2_tp_2, Proteobacteria_11190_1_tp_2, Proteobacteria_7983_4_tp_2",0.235036562721563,0.635585596141308
"Bacteroidetes_1360_1","Bacteroidetes_129_1_tp_2, Bacteroidetes_918_5_tp_2, Cercozoa_395_1_tp_2, Cyanobacteria_73_1_tp_2, Div_reps_2942_1_tp_2, Perkinsea_44_1_tp_2, Picozoa_18_1_tp_2, Proteobacteria_7984_1_tp_2, Sagenista_61_1_tp_2",0.269308298288375,0.633083422242134
"Bacteroidetes_1360_1","Bacillariophyta_100_1_tp_2, Bacteroidetes_1166_1_tp_2, Bacteroidetes_1194_1_tp_2, Bacteroidetes_956_1_tp_2, Ciliophora_280_1_tp_2, Dinoflagellata_1198_1_tp_2, Dinoflagellata_1968_1_tp_2, Dinoflagellata_955_1_tp_2, Proteobacteria_7316_1_tp_2",0.441958328686568,0.594185977092116
"Bacteroidetes_1360_1","Actinobacteria_410_2_tp_2, Chlorophyta__streptophyta_732_1_tp_2, Ciliophora_298_1_tp_2, Ciliophora_403_1_tp_2, Dinoflagellata_982_1_tp_2, Haptophyta_203_1_tp_2, Proteobacteria_11429_1_tp_2, Proteobacteria_8176_2_tp_2, Proteobacteria_9649_1_tp_2",0.292265818230804,0.633626823908095
"Bacteroidetes_1360_1","Archaea_164_1_tp_2, Bacillariophyta_31_1_tp_2, Bacteroidetes_1204_1_tp_2, Bacteroidetes_1360_4_tp_2, Cryptophyta_108_1_tp_2, Dinoflagellata_982_1_tp_2, Phylum_reps_1954_1_tp_2, Proteobacteria_11431_2_tp_2, Proteobacteria_7984_1_tp_2",0.495043396903738,0.587435180652568
"Bacteroidetes_1360_1","Dinoflagellata_1017_1_tp_2, Dinoflagellata_1555_1_tp_2, Nitrospirae_9_1_tp_2, Proteobacteria_7313_1_tp_2, Proteobacteria_7983_3_tp_2, Proteobacteria_8176_1_tp_2, Proteobacteria_8176_2_tp_2, Radiolaria_104_1_tp_2, Verrucomicrobia_18_3_tp_2",0.275389922265187,0.633081886266988
"Bacteroidetes_1360_1","Bacteroidetes_1151_1_tp_2, Bacteroidetes_1166_2_tp_2, Chlorophyta__streptophyta_845_1_tp_2, Chrysophyceae_16_1_tp_2, Ciliophora_280_1_tp_2, Cryptophyta_15_2_tp_2, Dictyochophyceae_6_1_tp_2, Dinoflagellata_1198_1_tp_2, Proteobacteria_11429_4_tp_2",0.352357232501842,0.627858326149276
"Bacteroidetes_1360_1","Bacteroidetes_918_5_tp_2, Bacteroidetes_919_3_tp_2, Cyanobacteria_65_1_tp_2, Dinoflagellata_1496_1_tp_2, Proteobacteria_10168_1_tp_2, Proteobacteria_22_1_tp_2, Proteobacteria_7314_1_tp_2, Proteobacteria_7983_6_tp_2, Radiolaria_104_1_tp_2",0.335088986733702,0.625161034196746
"Bacteroidetes_1360_1","Archaea_179_1_tp_2, Bacteroidetes_1151_1_tp_2, Bacteroidetes_1204_1_tp_2, Cercozoa_395_1_tp_2, Phylum_reps_1954_1_tp_2, Proteobacteria_11431_1_tp_2, Proteobacteria_8178_1_tp_2, Proteobacteria_9681_1_tp_2, Verrucomicrobia_22_1_tp_2",0.270834261171607,0.627818308939901
"Bacteroidetes_1360_1","Actinobacteria_410_2_tp_2, Bacteroidetes_919_3_tp_2, Perkinsea_33_1_tp_2, Phylum_reps_1985_1_tp_2, Proteobacteria_10114_1_tp_2, Proteobacteria_9681_1_tp_2, Proteobacteria_9681_2_tp_2, Verrucomicrobia_18_1_tp_2, Verrucomicrobia_18_4_tp_2",0.283300198878617,0.626033456954289
"Bacteroidetes_1360_1","Cercozoa_23_1_tp_2, Ciliophora_1195_1_tp_2, Cryptophyta_108_1_tp_2, Cryptophyta_15_2_tp_2, Dinoflagellata_1017_1_tp_2, Dinoflagellata_1496_1_tp_2, Dinoflagellata_982_1_tp_2, Proteobacteria_7100_1_tp_2, Proteobacteria_7983_6_tp_2",0.45044443479591,0.594157802662894
"Bacteroidetes_1360_1","Bacillariophyta_196_1_tp_2, Bacteroidetes_1186_1_tp_2, Cercozoa_291_1_tp_2, Ciliophora_280_1_tp_2, Planctomycetes_27_1_tp_2, Proteobacteria_11429_4_tp_2, Proteobacteria_6384_1_tp_2, Proteobacteria_7984_1_tp_2, Proteobacteria_8185_1_tp_2",0.361044697328793,0.617594850007817
"Bacteroidetes_1360_1","Bacillariophyta_31_1_tp_2, Bacillariophyta_44_1_tp_2, Bacteroidetes_1194_1_tp_2, Ciliophora_298_1_tp_2, Proteobacteria_11428_1_tp_2, Proteobacteria_22_1_tp_2, Proteobacteria_7983_3_tp_2, Proteobacteria_7983_8_tp_2, Rhodophyta_506_1_tp_2",0.305786638730657,0.626286383646254
"Bacteroidetes_1360_1","Bacteroidetes_1194_1_tp_2, Bacteroidetes_1249_1_tp_2, Bacteroidetes_1264_1_tp_2, Bacteroidetes_1360_2_tp_2, Cyanobacteria_73_1_tp_2, Perkinsea_44_1_tp_2, Phylum_reps_1985_1_tp_2, Proteobacteria_11155_1_tp_2, Proteobacteria_7100_1_tp_2",0.387823513611897,0.609344797592774
"Bacteroidetes_1360_1","Actinobacteria_410_2_tp_2, Bacillariophyta_123_1_tp_2, Bacillariophyta_196_1_tp_2, Bacteroidetes_918_3_tp_2, Dinoflagellata_874_1_tp_2, Proteobacteria_22_1_tp_2, Proteobacteria_7295_1_tp_2, Proteobacteria_8176_1_tp_2, Proteobacteria_9681_1_tp_2",0.321987533945204,0.612448158813071
"Bacteroidetes_1360_1","Bacillariophyta_138_1_tp_2, Bacteroidetes_919_3_tp_2, Dinoflagellata_1711_1_tp_2, Dinoflagellata_955_1_tp_2, Nitrospirae_9_1_tp_2, Phylum_reps_2301_1_tp_2, Planctomycetes_34_1_tp_2, Proteobacteria_11429_4_tp_2, Verrucomicrobia_18_1_tp_2",0.365231363038027,0.628925851108932
"Bacteroidetes_1360_1","Bacillariophyta_219_1_tp_2, Bacteroidetes_1178_1_tp_2, Bacteroidetes_1360_3_tp_2, Ciliophora_451_1_tp_2, Dinoflagellata_1793_1_tp_2, Proteobacteria_11120_1_tp_2, Proteobacteria_11429_4_tp_2, Proteobacteria_7982_2_tp_2, Proteobacteria_8520_1_tp_2",0.276826098392297,0.636223576448211
"Bacteroidetes_1360_1","Bacteroidetes_1166_1_tp_2, Bacteroidetes_1360_3_tp_2, Bacteroidetes_919_1_tp_2, Dinoflagellata_955_1_tp_2, Phylum_reps_1985_1_tp_2, Proteobacteria_11429_2_tp_2, Proteobacteria_7983_4_tp_2, Proteobacteria_8177_2_tp_2, Proteobacteria_9681_1_tp_2",0.446937541979596,0.592342591211627
"Bacteroidetes_1360_1","Archaea_164_1_tp_2, Bacillariophyta_196_1_tp_2, Bacteroidetes_131_1_tp_2, Bacteroidetes_919_3_tp_2, Chlorophyta__streptophyta_848_1_tp_2, Dinoflagellata_1711_1_tp_2, Katablepharidophyta_7_1_tp_2, Proteobacteria_8176_1_tp_2, Proteobacteria_9649_1_tp_2",0.394110872221001,0.609243132337609
"Bacteroidetes_1360_1","Bacteroidetes_129_2_tp_2, Bacteroidetes_918_3_tp_2, Chlorophyta__streptophyta_120_1_tp_2, Cryptophyta_15_1_tp_2, Dinoflagellata_1658_1_tp_2, Haptophyta_148_1_tp_2, Proteobacteria_11120_1_tp_2, Proteobacteria_6384_1_tp_2, Pseudofungi_43_1_tp_2",0.280602796668098,0.625801449355036
"Bacteroidetes_1360_1","Bacteroidetes_1186_1_tp_2, Dinoflagellata_1198_1_tp_2, Dinoflagellata_1728_1_tp_2, Proteobacteria_7100_1_tp_2, Proteobacteria_7166_1_tp_2, Proteobacteria_7230_2_tp_2, Proteobacteria_7983_7_tp_2, Pseudofungi_43_1_tp_2, Sagenista_53_1_tp_2",0.189661339693671,0.639984557712871
"Bacteroidetes_1360_1","Bacteroidetes_1166_1_tp_2, Bacteroidetes_1204_1_tp_2, Chlorophyta__streptophyta_848_1_tp_2, Dinoflagellata_1010_1_tp_2, Dinoflagellata_1496_1_tp_2, Planctomycetes_27_1_tp_2, Proteobacteria_7231_1_tp_2, Proteobacteria_7983_1_tp_2, Sagenista_61_1_tp_2",0.310834386854224,0.637082870703014
"Bacteroidetes_1360_1","Bacteroidetes_1178_1_tp_2, Bacteroidetes_1360_3_tp_2, Bacteroidetes_918_4_tp_2, Dinoflagellata_1496_1_tp_2, Proteobacteria_7316_1_tp_2, Proteobacteria_8177_2_tp_2, Proteobacteria_9681_2_tp_2, Rhodophyta_506_1_tp_2, temperature_tp_2",0.295407473051476,0.634091630761158
"Bacteroidetes_1360_1","Bacteroidetes_131_1_tp_2, Bacteroidetes_919_3_tp_2, Chlorophyta__streptophyta_732_1_tp_2, Chrysophyceae_16_1_tp_2, Div_reps_1600_2_tp_2, Picozoa_18_1_tp_2, Proteobacteria_5436_1_tp_2, Proteobacteria_7982_2_tp_2, Proteobacteria_7983_7_tp_2",0.258273535981108,0.64435861457208
"Bacteroidetes_1360_1","Cryptophyta_15_2_tp_2, Dinoflagellata_124_1_tp_2, Dinoflagellata_1771_1_tp_2, Dinoflagellata_1793_1_tp_2, Lobosa_11_1_tp_2, Proteobacteria_7983_7_tp_2, Proteobacteria_8177_1_tp_2, Radiolaria_104_1_tp_2, Verrucomicrobia_18_3_tp_2",0.440885073130969,0.642384796685641
"Bacteroidetes_1360_1","Bacillariophyta_44_1_tp_2, Bacteroidetes_1264_1_tp_2, Bacteroidetes_918_1_tp_2, Chlorophyta__streptophyta_848_1_tp_2, Dinoflagellata_1014_1_tp_2, Dinoflagellata_1728_1_tp_2, Proteobacteria_10114_1_tp_2, Proteobacteria_7982_2_tp_2, Raphidophyceae_3_1_tp_2",0.192909254536171,0.649964873284217
"Bacteroidetes_1360_1","Actinobacteria_410_2_tp_2, Bacteroidetes_129_1_tp_2, Chlorophyta__streptophyta_732_1_tp_2, Dinoflagellata_874_1_tp_2, Perkinsea_44_1_tp_2, Planctomycetes_61_1_tp_2, Proteobacteria_11155_2_tp_2, Proteobacteria_7230_3_tp_2, Proteobacteria_7983_2_tp_2",0.233090608117146,0.639368492923334
"Bacteroidetes_1360_1","Bacteroidetes_918_5_tp_2, Lobosa_11_1_tp_2, Proteobacteria_10091_1_tp_2, Proteobacteria_11210_2_tp_2, Proteobacteria_22_1_tp_2, Proteobacteria_7787_1_tp_2, Proteobacteria_7983_7_tp_2, Proteobacteria_7983_8_tp_2, Proteobacteria_8176_1_tp_2",0.338534638881313,0.618277559255706
"Bacteroidetes_1360_1","Actinobacteria_410_2_tp_2, Haptophyta_203_1_tp_2, Planctomycetes_61_1_tp_2, Proteobacteria_7231_1_tp_2, Proteobacteria_7982_2_tp_2, Proteobacteria_8520_1_tp_2, Raphidophyceae_3_1_tp_2, Sagenista_61_1_tp_2, Verrucomicrobia_18_2_tp_2",0.269118596069049,0.645601339481777
"Bacteroidetes_1360_1","Archaea_179_1_tp_2, Bacillariophyta_29_1_tp_2, Ciliophora_451_1_tp_2, Dinoflagellata_1758_1_tp_2, Div_reps_1600_1_tp_2, Div_reps_1600_2_tp_2, Haptophyta_203_1_tp_2, Proteobacteria_10091_1_tp_2, Verrucomicrobia_18_2_tp_2",0.399555893736441,0.609092319343598
"Bacteroidetes_1360_1","Bacteroidetes_129_1_tp_2, Bacteroidetes_1360_5_tp_2, Bacteroidetes_938_1_tp_2, Cyanobacteria_85_1_tp_2, Lobosa_11_1_tp_2, Proteobacteria_11210_1_tp_2, Proteobacteria_6847_1_tp_2, Proteobacteria_7289_1_tp_2, Proteobacteria_8178_1_tp_2",0.335184362598476,0.619385929392951
"Bacteroidetes_1360_1","Bacteroidetes_1360_3_tp_2, Bacteroidetes_1360_5_tp_2, Ciliophora_234_1_tp_2, Cyanobacteria_65_1_tp_2, Proteobacteria_11120_1_tp_2, Proteobacteria_7314_1_tp_2, Proteobacteria_7982_2_tp_2, Proteobacteria_8175_1_tp_2, Verrucomicrobia_22_2_tp_2",0.298385215077637,0.625509395901534
"Bacteroidetes_1360_1","Bacteroidetes_131_1_tp_2, Ciliophora_298_1_tp_2, Dinoflagellata_982_1_tp_2, Proteobacteria_10168_1_tp_2, Proteobacteria_11155_1_tp_2, Proteobacteria_6384_1_tp_2, Proteobacteria_7230_3_tp_2, Proteobacteria_7982_2_tp_2, Verrucomicrobia_18_2_tp_2",0.300180151471997,0.625521620637968
"Bacteroidetes_1360_1","Bacteroidetes_1360_5_tp_2, Bacteroidetes_919_3_tp_2, Chlorophyta__streptophyta_751_1_tp_2, Chlorophyta__streptophyta_848_1_tp_2, Ciliophora_1195_1_tp_2, Cryptophyta_15_2_tp_2, Picozoa_18_1_tp_2, Proteobacteria_7230_2_tp_2, Proteobacteria_9649_1_tp_2",0.300345500106593,0.640970570316053
"Bacteroidetes_1360_1","Bacillariophyta_219_1_tp_2, Bacteroidetes_1194_1_tp_2, Dinoflagellata_1198_1_tp_2, Dinoflagellata_1542_1_tp_2, Haptophyta_203_1_tp_2, Phylum_reps_2301_1_tp_2, Proteobacteria_7983_8_tp_2, Proteobacteria_8177_2_tp_2, Proteobacteria_9681_2_tp_2",0.414834202899326,0.671764992835502
"Bacteroidetes_1360_1","Bacillariophyta_29_1_tp_2, Bacteroidetes_1349_1_tp_2, Bacteroidetes_918_5_tp_2, Ciliophora_1195_1_tp_2, Ciliophora_451_1_tp_2, Dictyochophyceae_6_1_tp_2, Dinoflagellata_1758_1_tp_2, Proteobacteria_11429_1_tp_2, Proteobacteria_7313_1_tp_2",0.389073830404269,0.615652761458868
"Bacteroidetes_1360_1","Chlorophyta__streptophyta_120_1_tp_2, Cryptophyta_15_2_tp_2, Dinoflagellata_1009_1_tp_2, Dinoflagellata_1198_1_tp_2, Dinoflagellata_874_1_tp_2, Perkinsea_33_1_tp_2, Perkinsea_44_1_tp_2, Proteobacteria_7314_1_tp_2, Verrucomicrobia_18_3_tp_2",0.285390149854483,0.635766565768929
"Bacteroidetes_1360_1","Bacteroidetes_1186_1_tp_2, Bacteroidetes_131_1_tp_2, Bacteroidetes_918_4_tp_2, Bacteroidetes_919_1_tp_2, Chlorophyta__streptophyta_845_1_tp_2, Ciliophora_280_1_tp_2, Picozoa_18_1_tp_2, Proteobacteria_11429_2_tp_2, Rhodophyta_506_1_tp_2",0.329871535261204,0.620849851547733
"Bacteroidetes_1360_1","Archaea_164_1_tp_2, Archaea_164_2_tp_2, Cryptophyta_108_1_tp_2, Dinoflagellata_1711_1_tp_2, Proteobacteria_11428_1_tp_2, Proteobacteria_7174_1_tp_2, Proteobacteria_9681_2_tp_2, Radiolaria_104_1_tp_2, Verrucomicrobia_23_1_tp_2",0.349662867512932,0.614453853968162
"Bacteroidetes_1360_1","Bacteroidetes_1360_3_tp_2, Bacteroidetes_919_2_tp_2, Ciliophora_234_1_tp_2, Cryptophyta_15_1_tp_2, Dinoflagellata_1711_1_tp_2, Dinoflagellata_1771_1_tp_2, Proteobacteria_10091_1_tp_2, Proteobacteria_6384_1_tp_2, Proteobacteria_9681_2_tp_2",0.377500991377079,0.641958095692933
"Bacteroidetes_1360_1","Actinobacteria_410_1_tp_2, Bacteroidetes_1167_1_tp_2, Bacteroidetes_129_2_tp_2, Cercozoa_395_1_tp_2, Ciliophora_298_1_tp_2, Cryptophyta_15_1_tp_2, Proteobacteria_11431_1_tp_2, Proteobacteria_6847_1_tp_2, Verrucomicrobia_18_3_tp_2",0.162307432416734,0.657257647424458
"Bacteroidetes_1360_1","Bacillariophyta_44_1_tp_2, Dinoflagellata_1758_1_tp_2, Lobosa_11_1_tp_2, Nitrospirae_9_1_tp_2, Planctomycetes_34_1_tp_2, Proteobacteria_7166_1_tp_2, Proteobacteria_7983_5_tp_2, Rhodophyta_506_1_tp_2, Verrucomicrobia_18_3_tp_2",0.37656964919609,0.623741802657473
"Bacteroidetes_1360_1","Bacteroidetes_919_1_tp_2, Bacteroidetes_938_1_tp_2, Ciliophora_1195_1_tp_2, Dinoflagellata_1555_1_tp_2, Phylum_reps_1985_1_tp_2, Picozoa_18_1_tp_2, Planctomycetes_27_1_tp_2, Proteobacteria_11120_1_tp_2, Proteobacteria_11210_2_tp_2",0.336682339062315,0.628705211927136
"Bacteroidetes_1360_1","Bacteroidetes_1224_1_tp_2, Bacteroidetes_1349_1_tp_2, Chlorophyta__streptophyta_833_1_tp_2, Dinoflagellata_1009_1_tp_2, Dinoflagellata_1728_1_tp_2, Div_reps_2942_1_tp_2, Phylum_reps_2301_1_tp_2, Proteobacteria_11428_1_tp_2, Proteobacteria_7984_1_tp_2",0.431301180486628,0.599633975632106
"Bacteroidetes_1360_1","Bacillariophyta_29_1_tp_2, Bacteroidetes_1166_1_tp_2, Bacteroidetes_1360_4_tp_2, Bacteroidetes_317_1_tp_2, Bacteroidetes_918_4_tp_2, Ciliophora_234_1_tp_2, Dinoflagellata_1749_1_tp_2, Proteobacteria_7314_1_tp_2, Verrucomicrobia_18_1_tp_2",0.34682665592019,0.634380655588712
"Bacteroidetes_1360_1","Bacillariophyta_123_1_tp_2, Bacteroidetes_1360_2_tp_2, Bacteroidetes_1360_4_tp_2, Cercozoa_22_1_tp_2, Dinoflagellata_124_1_tp_2, Proteobacteria_5436_1_tp_2, Proteobacteria_7983_2_tp_2, Proteobacteria_8177_1_tp_2, Radiolaria_104_1_tp_2",0.448548298980978,0.604768631269021
"Bacteroidetes_1360_1","Bacteroidetes_1166_1_tp_2, Bacteroidetes_129_1_tp_2, Cercozoa_291_1_tp_2, Ciliophora_234_1_tp_2, Dictyochophyceae_6_1_tp_2, Proteobacteria_7314_1_tp_2, Proteobacteria_7983_3_tp_2, Proteobacteria_9649_1_tp_2, Proteobacteria_9681_1_tp_2",0.390719095859194,0.624687807436208
"Bacteroidetes_1360_1","Archaea_179_1_tp_2, Bacillariophyta_29_1_tp_2, Bacteroidetes_317_1_tp_2, Bacteroidetes_919_1_tp_2, Chlorophyta__streptophyta_848_1_tp_2, Ciliophora_1195_1_tp_2, Div_reps_1600_2_tp_2, Proteobacteria_5436_1_tp_2, Verrucomicrobia_18_2_tp_2",0.368528439448932,0.627686201962843
"Bacteroidetes_1360_1","Bacteroidetes_129_2_tp_2, Bacteroidetes_1349_1_tp_2, Bacteroidetes_1360_5_tp_2, Bacteroidetes_918_2_tp_2, Bacteroidetes_938_1_tp_2, Cyanobacteria_73_1_tp_2, Nitrospirae_9_1_tp_2, Planctomycetes_34_1_tp_2, Proteobacteria_8176_1_tp_2",0.368838274297859,0.623848674746218
"Bacteroidetes_1360_1","Archaea_164_1_tp_2, Bacillariophyta_219_1_tp_2, Bacteroidetes_1166_1_tp_2, Bacteroidetes_1249_1_tp_2, Ciliophora_298_1_tp_2, Dinoflagellata_1555_1_tp_2, Proteobacteria_10114_1_tp_2, Proteobacteria_11429_2_tp_2, Proteobacteria_7314_1_tp_2",0.323436898424883,0.626353425794802
"Bacteroidetes_1360_1","Bacillariophyta_31_1_tp_2, Chlorophyta__streptophyta_833_1_tp_2, Cryptophyta_108_1_tp_2, Dinoflagellata_1711_1_tp_2, Dinoflagellata_1758_1_tp_2, Dinoflagellata_1769_1_tp_2, Planctomycetes_27_1_tp_2, Proteobacteria_22_1_tp_2, Proteobacteria_7316_1_tp_2",0.363517810777257,0.63191046581344
"Bacteroidetes_1360_1","Bacteroidetes_1166_1_tp_2, Bacteroidetes_1186_1_tp_2, Dinoflagellata_1758_1_tp_2, Perkinsea_44_1_tp_2, Phylum_reps_1985_1_tp_2, Proteobacteria_11428_1_tp_2, Proteobacteria_11429_2_tp_2, Rhodophyta_506_1_tp_2, Verrucomicrobia_18_3_tp_2",0.398897361959021,0.612391831947706
"Bacteroidetes_1360_1","Bacteroidetes_1249_1_tp_2, Bacteroidetes_918_4_tp_2, Bacteroidetes_919_2_tp_2, Chlorophyta__streptophyta_120_1_tp_2, Ciliophora_1195_1_tp_2, Dinoflagellata_1711_1_tp_2, Proteobacteria_7982_2_tp_2, Proteobacteria_9681_2_tp_2, Verrucomicrobia_22_2_tp_2",0.271463406186349,0.640099024650259
"Bacteroidetes_1360_1","Archaea_164_1_tp_2, Cercozoa_395_1_tp_2, Dinoflagellata_1771_2_tp_2, Div_reps_1600_1_tp_2, Proteobacteria_11429_3_tp_2, Proteobacteria_11431_1_tp_2, Proteobacteria_7983_6_tp_2, Proteobacteria_7983_8_tp_2, Proteobacteria_9681_2_tp_2",0.386892351751791,0.609886883411274
"Bacteroidetes_1360_1","Bacteroidetes_918_1_tp_2, Bacteroidetes_918_3_tp_2, Cercozoa_23_1_tp_2, Chlorophyta__streptophyta_120_1_tp_2, Dinoflagellata_1658_1_tp_2, Proteobacteria_10091_1_tp_2, Proteobacteria_11429_3_tp_2, Proteobacteria_7364_1_tp_2, Proteobacteria_9681_1_tp_2",0.362952774480222,0.618767152532733
"Bacteroidetes_1360_1","Dinoflagellata_1009_1_tp_2, Dinoflagellata_1728_1_tp_2, Div_reps_1600_1_tp_2, Picozoa_6_1_tp_2, Planctomycetes_34_1_tp_2, Proteobacteria_11431_2_tp_2, Proteobacteria_8177_1_tp_2, Raphidophyceae_3_1_tp_2, Rhodophyta_506_1_tp_2",0.355719847275846,0.647316769636042
"Bacteroidetes_1360_1","Bacteroidetes_1235_1_tp_2, Ciliophora_280_1_tp_2, Dinoflagellata_1771_1_tp_2, Proteobacteria_11155_1_tp_2, Proteobacteria_11431_1_tp_2, Proteobacteria_7982_2_tp_2, Proteobacteria_7983_8_tp_2, Proteobacteria_7984_1_tp_2, Proteobacteria_9681_2_tp_2",0.309259409456936,0.633270307809227
"Bacteroidetes_1360_1","Ciliophora_298_1_tp_2, Cyanobacteria_48_1_tp_2, Dinoflagellata_1009_1_tp_2, Dinoflagellata_1658_1_tp_2, Dinoflagellata_1749_1_tp_2, Proteobacteria_7316_1_tp_2, Proteobacteria_8176_1_tp_2, temperature_tp_2, Verrucomicrobia_23_1_tp_2",0.313971079006599,0.617320607798135
"Bacteroidetes_1360_1","Bacteroidetes_1166_1_tp_2, Cercozoa_22_1_tp_2, Ciliophora_298_1_tp_2, Cyanobacteria_48_1_tp_2, Picozoa_18_1_tp_2, Proteobacteria_22_1_tp_2, Proteobacteria_7313_1_tp_2, Proteobacteria_7983_5_tp_2, Verrucomicrobia_18_4_tp_2",0.345264952614249,0.641012086824957
"Bacteroidetes_1360_1","Cercozoa_23_1_tp_2, Cryptophyta_108_1_tp_2, Cryptophyta_15_2_tp_2, Cyanobacteria_85_1_tp_2, Dinoflagellata_1862_1_tp_2, Proteobacteria_11428_1_tp_2, Proteobacteria_7319_1_tp_2, Verrucomicrobia_22_1_tp_2, Verrucomicrobia_22_2_tp_2",0.340851266648034,0.616335606899335
"Bacteroidetes_1360_1","Archaea_164_1_tp_2, Bacteroidetes_918_2_tp_2, Cyanobacteria_73_1_tp_2, Dinoflagellata_1771_1_tp_2, Planctomycetes_27_1_tp_2, Planctomycetes_34_1_tp_2, Proteobacteria_11210_1_tp_2, Proteobacteria_5461_1_tp_2, Proteobacteria_7983_2_tp_2",0.439490483583991,0.616081657888326
"Bacteroidetes_1360_1","Cryptophyta_15_1_tp_2, Haptophyta_148_1_tp_2, Perkinsea_44_1_tp_2, Phylum_reps_1985_1_tp_2, Proteobacteria_11429_1_tp_2, Proteobacteria_6847_1_tp_2, Proteobacteria_7314_1_tp_2, Proteobacteria_8176_2_tp_2, Proteobacteria_9681_2_tp_2",0.320376936825074,0.624810656973932
"Bacteroidetes_1360_1","Bacteroidetes_1224_1_tp_2, Bacteroidetes_1360_5_tp_2, Chlorophyta__streptophyta_845_1_tp_2, Dinoflagellata_1728_2_tp_2, Haptophyta_148_1_tp_2, Proteobacteria_11431_1_tp_2, Proteobacteria_7289_1_tp_2, Radiolaria_104_1_tp_2, Sagenista_53_1_tp_2",0.327885397290223,0.629942228569715
"Bacteroidetes_1360_1","Archaea_164_1_tp_2, Dinoflagellata_1017_1_tp_2, Dinoflagellata_1749_1_tp_2, Picozoa_6_1_tp_2, Planctomycetes_27_1_tp_2, Proteobacteria_10091_1_tp_2, Proteobacteria_7319_1_tp_2, temperature_tp_2, Verrucomicrobia_18_2_tp_2",0.421270365788541,0.610449900675401
"Bacteroidetes_1360_1","Bacteroidetes_1167_1_tp_2, Cercozoa_23_1_tp_2, Ciliophora_298_1_tp_2, Proteobacteria_11429_1_tp_2, Proteobacteria_7166_1_tp_2, Proteobacteria_7230_3_tp_2, Proteobacteria_7983_3_tp_2, Radiolaria_104_1_tp_2, Verrucomicrobia_22_1_tp_2",0.339723676102203,0.622418009047955
"Bacteroidetes_1360_1","Bacillariophyta_29_1_tp_2, Chlorophyta__streptophyta_848_1_tp_2, Dinoflagellata_1968_1_tp_2, Phylum_reps_1954_1_tp_2, Planctomycetes_61_1_tp_2, Proteobacteria_11120_1_tp_2, Proteobacteria_11155_1_tp_2, Proteobacteria_8178_1_tp_2, Radiolaria_104_1_tp_2",0.162547992594451,0.643856080055577
"Bacteroidetes_1360_1","Actinobacteria_410_2_tp_2, Bacteroidetes_1167_1_tp_2, Cryptophyta_15_2_tp_2, Dinoflagellata_1555_1_tp_2, Dinoflagellata_1769_1_tp_2, Dinoflagellata_955_1_tp_2, Lobosa_11_1_tp_2, Proteobacteria_7983_7_tp_2, Raphidophyceae_3_1_tp_2",0.19462396955498,0.647329228685056
"Bacteroidetes_1360_1","Bacteroidetes_129_2_tp_2, Bacteroidetes_1360_3_tp_2, Bacteroidetes_918_1_tp_2, Chlorophyta__streptophyta_732_1_tp_2, Ciliophora_234_1_tp_2, Planctomycetes_27_1_tp_2, Proteobacteria_7314_1_tp_2, Proteobacteria_8177_1_tp_2, Verrucomicrobia_18_3_tp_2",0.322753780554738,0.647217976560506
"Bacteroidetes_1360_1","Bacteroidetes_1166_1_tp_2, Bacteroidetes_317_1_tp_2, Cercozoa_22_1_tp_2, Ciliophora_280_1_tp_2, Dinoflagellata_1017_1_tp_2, Dinoflagellata_1198_1_tp_2, Dinoflagellata_982_1_tp_2, Proteobacteria_7230_3_tp_2, Proteobacteria_9681_1_tp_2",0.493302077264686,0.584369426652241
"Bacteroidetes_1360_1","Archaea_164_2_tp_2, Cercozoa_23_1_tp_2, Ciliophora_1195_1_tp_2, Cryptophyta_15_2_tp_2, Proteobacteria_6384_1_tp_2, Proteobacteria_7983_6_tp_2, Proteobacteria_7983_7_tp_2, Proteobacteria_9681_2_tp_2, Sagenista_61_1_tp_2",0.420029060114393,0.605318353910528
"Bacteroidetes_1360_1","Bacillariophyta_29_1_tp_2, Cercozoa_22_1_tp_2, Dinoflagellata_1658_1_tp_2, Picozoa_6_1_tp_2, Proteobacteria_11190_1_tp_2, Proteobacteria_5461_1_tp_2, Proteobacteria_6847_1_tp_2, Proteobacteria_7364_1_tp_2, Pseudofungi_43_1_tp_2",0.202408775896041,0.636893499001061
"Bacteroidetes_1360_1","Bacteroidetes_1167_1_tp_2, Bacteroidetes_1349_1_tp_2, Dinoflagellata_1098_1_tp_2, Dinoflagellata_1555_1_tp_2, Dinoflagellata_955_1_tp_2, Div_reps_1600_2_tp_2, Haptophyta_148_1_tp_2, Proteobacteria_11431_2_tp_2, Proteobacteria_7983_1_tp_2",0.415232570892932,0.610083205042496
"Bacteroidetes_1360_1","Bacteroidetes_918_1_tp_2, Bacteroidetes_918_2_tp_2, Bacteroidetes_919_2_tp_2, Bacteroidetes_938_1_tp_2, Cryptophyta_108_1_tp_2, Dictyochophyceae_6_1_tp_2, Dinoflagellata_1728_2_tp_2, Planctomycetes_61_1_tp_2, Proteobacteria_7983_7_tp_2",0.188500055098886,0.65586750611066
"Bacteroidetes_1360_1","Bacteroidetes_1151_1_tp_2, Bacteroidetes_1360_4_tp_2, Div_reps_2942_1_tp_2, Katablepharidophyta_7_1_tp_2, Planctomycetes_27_1_tp_2, Proteobacteria_10114_1_tp_2, Proteobacteria_7230_2_tp_2, Proteobacteria_7983_8_tp_2, Verrucomicrobia_18_2_tp_2",0.294747525810541,0.645325596964853
"Bacteroidetes_1360_1","Bacteroidetes_1166_1_tp_2, Bacteroidetes_1178_1_tp_2, Bacteroidetes_1349_1_tp_2, Chlorophyta__streptophyta_895_1_tp_2, Dinoflagellata_1793_1_tp_2, Proteobacteria_11428_1_tp_2, Proteobacteria_6847_1_tp_2, Proteobacteria_7316_1_tp_2, Proteobacteria_7983_1_tp_2",0.417562690305326,0.61651039231441
"Bacteroidetes_1360_1","Bacillariophyta_29_1_tp_2, Bacteroidetes_1151_1_tp_2, Cyanobacteria_48_1_tp_2, Dinoflagellata_1771_2_tp_2, Div_reps_1600_1_tp_2, Div_reps_1600_2_tp_2, Perkinsea_44_1_tp_2, Proteobacteria_11428_1_tp_2, Proteobacteria_5461_1_tp_2",0.269918450604988,0.631021554510571
"Bacteroidetes_1360_1","Bacillariophyta_138_1_tp_2, Bacteroidetes_919_2_tp_2, Chlorophyta__streptophyta_751_1_tp_2, Dinoflagellata_1968_1_tp_2, Planctomycetes_61_1_tp_2, Proteobacteria_5436_1_tp_2, Proteobacteria_7231_1_tp_2, Proteobacteria_9681_1_tp_2, Verrucomicrobia_22_1_tp_2",0.324118730749947,0.629934843612195
"Bacteroidetes_1360_1","Bacteroidetes_1166_1_tp_2, Bacteroidetes_918_4_tp_2, Chlorophyta__streptophyta_895_1_tp_2, Cyanobacteria_65_1_tp_2, Dinoflagellata_1758_1_tp_2, Dinoflagellata_955_1_tp_2, Proteobacteria_11429_3_tp_2, Proteobacteria_7364_1_tp_2, Proteobacteria_7983_8_tp_2",0.36679268135224,0.621008141372158
"Bacteroidetes_1360_1","Archaea_164_1_tp_2, Bacteroidetes_918_5_tp_2, Ciliophora_280_1_tp_2, Ciliophora_451_1_tp_2, Cyanobacteria_48_1_tp_2, Perkinsea_44_1_tp_2, Proteobacteria_7166_1_tp_2, Rhodophyta_506_1_tp_2, Verrucomicrobia_18_1_tp_2",0.412865509942647,0.611650953549035
"Bacteroidetes_1360_1","Bacillariophyta_29_1_tp_2, Bacteroidetes_129_2_tp_2, Bacteroidetes_918_4_tp_2, Bacteroidetes_956_1_tp_2, Cyanobacteria_48_1_tp_2, Dinoflagellata_1711_1_tp_2, Lobosa_11_1_tp_2, Proteobacteria_7100_1_tp_2, Proteobacteria_9681_2_tp_2",0.440932948008932,0.609316063467628
"Bacteroidetes_1360_1","Cercozoa_23_1_tp_2, Cercozoa_395_1_tp_2, Ciliophora_280_1_tp_2, Perkinsea_44_1_tp_2, Phylum_reps_1954_1_tp_2, Planctomycetes_34_1_tp_2, Proteobacteria_5461_1_tp_2, Radiolaria_104_1_tp_2, Verrucomicrobia_18_2_tp_2",0.160618634323166,0.642209447740782
"Bacteroidetes_1360_1","Bacteroidetes_1224_1_tp_2, Bacteroidetes_919_2_tp_2, Chlorophyta__streptophyta_848_1_tp_2, Ciliophora_1195_1_tp_2, Dinoflagellata_124_1_tp_2, Perkinsea_44_1_tp_2, Proteobacteria_11190_1_tp_2, Proteobacteria_7100_1_tp_2, Proteobacteria_8185_1_tp_2",0.41233677025554,0.625489893998392
"Bacteroidetes_1360_1","Actinobacteria_410_2_tp_2, Chlorophyta__streptophyta_732_1_tp_2, Cyanobacteria_73_1_tp_2, Proteobacteria_10114_1_tp_2, Proteobacteria_5461_1_tp_2, Proteobacteria_7289_1_tp_2, Proteobacteria_7983_4_tp_2, Proteobacteria_7983_7_tp_2, Verrucomicrobia_18_4_tp_2",0.251759585519881,0.639667543809821
"Bacteroidetes_1360_1","Bacteroidetes_1151_1_tp_2, Bacteroidetes_1224_1_tp_2, Bacteroidetes_1360_2_tp_2, Ciliophora_280_1_tp_2, Dinoflagellata_1017_1_tp_2, Dinoflagellata_1496_1_tp_2, Dinoflagellata_1771_2_tp_2, Proteobacteria_6847_1_tp_2, Raphidophyceae_3_1_tp_2",0.307066995132147,0.636088318087446
"Bacteroidetes_1360_1","Bacillariophyta_123_1_tp_2, Bacillariophyta_219_1_tp_2, Bacillariophyta_29_1_tp_2, Div_reps_1600_2_tp_2, Haptophyta_203_1_tp_2, Proteobacteria_11429_2_tp_2, Proteobacteria_7174_1_tp_2, Proteobacteria_7230_2_tp_2, Verrucomicrobia_18_2_tp_2",0.39187933533191,0.646911218633124
"Bacteroidetes_1360_1","Bacteroidetes_1349_1_tp_2, Bacteroidetes_317_1_tp_2, Bacteroidetes_919_2_tp_2, Dinoflagellata_1769_1_tp_2, Div_reps_2942_1_tp_2, Perkinsea_33_1_tp_2, Proteobacteria_11431_2_tp_2, Proteobacteria_7230_2_tp_2, Proteobacteria_7231_1_tp_2",0.374891782011084,0.608715119746637
"Bacteroidetes_1360_1","Bacillariophyta_219_1_tp_2, Bacteroidetes_1151_1_tp_2, Bacteroidetes_1264_1_tp_2, Bacteroidetes_938_1_tp_2, Dinoflagellata_124_1_tp_2, Dinoflagellata_1968_1_tp_2, Perkinsea_33_1_tp_2, Proteobacteria_7174_1_tp_2, Proteobacteria_7984_1_tp_2",0.315034304896272,0.627073255651075
"Bacteroidetes_1360_1","Archaea_164_2_tp_2, Bacteroidetes_1166_2_tp_2, Bacteroidetes_1360_4_tp_2, Cyanobacteria_48_1_tp_2, Dinoflagellata_1711_1_tp_2, Dinoflagellata_955_1_tp_2, Dinoflagellata_982_1_tp_2, Proteobacteria_7316_1_tp_2, Verrucomicrobia_23_1_tp_2",0.483210222576997,0.593804112512884
"Bacteroidetes_1360_1","Bacteroidetes_1235_1_tp_2, Bacteroidetes_1360_5_tp_2, Dinoflagellata_1496_1_tp_2, Dinoflagellata_1793_1_tp_2, Phylum_reps_2301_1_tp_2, Planctomycetes_34_1_tp_2, Proteobacteria_7230_2_tp_2, Proteobacteria_8177_1_tp_2, Sagenista_61_1_tp_2",0.344451282327156,0.643027405632252
"Bacteroidetes_1360_1","Bacillariophyta_31_1_tp_2, Bacteroidetes_1235_1_tp_2, Bacteroidetes_129_1_tp_2, Ciliophora_234_1_tp_2, Ciliophora_451_1_tp_2, Cryptophyta_15_1_tp_2, Dinoflagellata_1496_1_tp_2, Proteobacteria_22_1_tp_2, Proteobacteria_5436_1_tp_2",0.432716761498094,0.607560154822714
"Bacteroidetes_1360_1","Bacteroidetes_1166_1_tp_2, Bacteroidetes_1249_1_tp_2, Ciliophora_298_1_tp_2, Dinoflagellata_1009_1_tp_2, Dinoflagellata_874_1_tp_2, Dinoflagellata_955_1_tp_2, Proteobacteria_11431_2_tp_2, Proteobacteria_8185_1_tp_2, Proteobacteria_9649_1_tp_2",0.330562338625761,0.615636361736749
"Bacteroidetes_1360_1","Archaea_164_1_tp_2, Archaea_164_2_tp_2, Chlorophyta__streptophyta_833_1_tp_2, Ciliophora_403_1_tp_2, Cyanobacteria_73_1_tp_2, Proteobacteria_11155_1_tp_2, Proteobacteria_7314_1_tp_2, Raphidophyceae_3_1_tp_2, Sagenista_53_1_tp_2",0.34605663750655,0.644972748707296
"Bacteroidetes_1360_1","Ciliophora_1195_1_tp_2, Dinoflagellata_1017_1_tp_2, Dinoflagellata_1771_1_tp_2, Proteobacteria_10091_1_tp_2, Proteobacteria_11429_3_tp_2, Radiolaria_104_1_tp_2, temperature_tp_2, Verrucomicrobia_18_2_tp_2, Verrucomicrobia_18_4_tp_2",0.463486795560246,0.614831755195692
"Bacteroidetes_1360_1","Bacteroidetes_1360_4_tp_2, Dinoflagellata_1749_1_tp_2, Dinoflagellata_982_1_tp_2, Proteobacteria_10114_1_tp_2, Proteobacteria_6847_1_tp_2, Proteobacteria_7230_3_tp_2, Proteobacteria_7983_2_tp_2, Proteobacteria_7983_4_tp_2, Pseudofungi_43_1_tp_2",0.345917885672265,0.512810354836991
"Bacteroidetes_1360_1","Bacteroidetes_956_1_tp_2, Ciliophora_403_1_tp_2, Cyanobacteria_85_1_tp_2, Dinoflagellata_1793_1_tp_2, Haptophyta_203_1_tp_2, Proteobacteria_5436_1_tp_2, Proteobacteria_6384_1_tp_2, Proteobacteria_7983_2_tp_2, Verrucomicrobia_22_2_tp_2",0.393229889260504,0.621313594694902
"Bacteroidetes_1360_1","Actinobacteria_410_1_tp_2, Bacteroidetes_1360_4_tp_2, Cryptophyta_15_2_tp_2, Planctomycetes_61_1_tp_2, Proteobacteria_11210_2_tp_2, Proteobacteria_7983_3_tp_2, Proteobacteria_7984_1_tp_2, Proteobacteria_8176_1_tp_2, Sagenista_61_1_tp_2",0.275439754916832,0.638178125689446
"Bacteroidetes_1360_1","Bacteroidetes_1360_2_tp_2, Ciliophora_280_1_tp_2, Dinoflagellata_1198_1_tp_2, Haptophyta_203_1_tp_2, Katablepharidophyta_7_1_tp_2, Picozoa_18_1_tp_2, Planctomycetes_34_1_tp_2, Proteobacteria_6384_1_tp_2, Proteobacteria_7983_2_tp_2",0.422716043370009,0.641439639277034
"Bacteroidetes_1360_1","Bacteroidetes_1178_1_tp_2, Bacteroidetes_1249_1_tp_2, Bacteroidetes_918_3_tp_2, Chlorophyta__streptophyta_751_1_tp_2, Cyanobacteria_73_1_tp_2, Lobosa_11_1_tp_2, Phylum_reps_2301_1_tp_2, Proteobacteria_7983_1_tp_2, Proteobacteria_9681_2_tp_2",0.34790572373629,0.644403625483093
"Bacteroidetes_1360_1","Bacillariophyta_31_1_tp_2, Bacteroidetes_129_1_tp_2, Bacteroidetes_1360_2_tp_2, Chrysophyceae_16_1_tp_2, Dinoflagellata_1771_1_tp_2, Nitrospirae_9_1_tp_2, Proteobacteria_8175_1_tp_2, Pseudofungi_43_1_tp_2, Sagenista_53_1_tp_2",0.204796338140309,0.645428459350826
"Bacteroidetes_1360_1","Bacillariophyta_44_1_tp_2, Bacteroidetes_1167_1_tp_2, Bacteroidetes_1360_5_tp_2, Chrysophyceae_16_1_tp_2, Cyanobacteria_65_1_tp_2, Dinoflagellata_982_1_tp_2, Proteobacteria_7166_1_tp_2, Proteobacteria_7983_4_tp_2, Proteobacteria_8176_2_tp_2",0.334635037658199,0.633929636700496
"Bacteroidetes_1360_1","Chlorophyta__streptophyta_751_1_tp_2, Chrysophyceae_16_1_tp_2, Ciliophora_451_1_tp_2, Dinoflagellata_1017_1_tp_2, Div_reps_1600_1_tp_2, Haptophyta_148_1_tp_2, Proteobacteria_7313_1_tp_2, Proteobacteria_7364_1_tp_2, Proteobacteria_8185_1_tp_2",0.434764500392947,0.608391721238148
"Bacteroidetes_1360_1","Bacillariophyta_219_1_tp_2, Bacteroidetes_129_2_tp_2, Bacteroidetes_918_1_tp_2, Bacteroidetes_918_4_tp_2, Dinoflagellata_1496_1_tp_2, Proteobacteria_7231_1_tp_2, Proteobacteria_7314_1_tp_2, Proteobacteria_8175_1_tp_2, Verrucomicrobia_23_1_tp_2",0.3002626270225,0.624663805058392
"Bacteroidetes_1360_1","Bacteroidetes_1151_1_tp_2, Chlorophyta__streptophyta_751_1_tp_2, Dinoflagellata_1758_1_tp_2, Planctomycetes_27_1_tp_2, Proteobacteria_7231_1_tp_2, Proteobacteria_7787_1_tp_2, Proteobacteria_7983_3_tp_2, Proteobacteria_8178_1_tp_2, Verrucomicrobia_23_1_tp_2",0.295969244885003,0.629531803072591
"Bacteroidetes_1360_1","Bacillariophyta_219_1_tp_2, Bacteroidetes_129_2_tp_2, Chlorophyta__streptophyta_848_1_tp_2, Dinoflagellata_1658_1_tp_2, Haptophyta_203_1_tp_2, Proteobacteria_7166_1_tp_2, Proteobacteria_7230_3_tp_2, Proteobacteria_7319_1_tp_2, Proteobacteria_8177_2_tp_2",0.212111125621141,0.6383046478169
"Bacteroidetes_1360_1","Actinobacteria_410_1_tp_2, Bacteroidetes_1194_1_tp_2, Bacteroidetes_1360_2_tp_2, Bacteroidetes_919_2_tp_2, Dinoflagellata_1769_1_tp_2, Proteobacteria_10114_1_tp_2, Proteobacteria_11155_1_tp_2, Proteobacteria_11431_1_tp_2, Proteobacteria_8176_2_tp_2",0.241937253873473,0.649135126969685
"Bacteroidetes_1360_1","Actinobacteria_410_1_tp_2, Cercozoa_291_1_tp_2, Dinoflagellata_1555_1_tp_2, Dinoflagellata_1793_1_tp_2, Phylum_reps_2301_1_tp_2, Planctomycetes_61_1_tp_2, Proteobacteria_11428_1_tp_2, Proteobacteria_8175_1_tp_2, Proteobacteria_8178_1_tp_2",0.344020252020689,0.618046882836511
"Bacteroidetes_1360_1","Bacteroidetes_1186_1_tp_2, Cryptophyta_108_1_tp_2, Dinoflagellata_1014_1_tp_2, Dinoflagellata_1758_1_tp_2, Dinoflagellata_1771_1_tp_2, Proteobacteria_11120_1_tp_2, Proteobacteria_7314_1_tp_2, Proteobacteria_9681_1_tp_2, Verrucomicrobia_18_4_tp_2",0.434308312487507,0.591104265931115
"Bacteroidetes_1360_1","Actinobacteria_410_1_tp_2, Bacteroidetes_919_3_tp_2, Chlorophyta__streptophyta_848_1_tp_2, Dinoflagellata_124_1_tp_2, Dinoflagellata_955_1_tp_2, Haptophyta_203_1_tp_2, Proteobacteria_11155_1_tp_2, Proteobacteria_11155_2_tp_2, Proteobacteria_7174_1_tp_2",0.31966443669668,0.641183162177126
"Bacteroidetes_1360_1","Archaea_164_2_tp_2, Bacteroidetes_1204_1_tp_2, Div_reps_1600_2_tp_2, Proteobacteria_6384_1_tp_2, Proteobacteria_7174_1_tp_2, Proteobacteria_7983_2_tp_2, Proteobacteria_8175_1_tp_2, Proteobacteria_8185_1_tp_2, Radiolaria_104_1_tp_2",0.337668598350558,0.623327703208089
"Bacteroidetes_1360_1","Bacillariophyta_196_1_tp_2, Bacteroidetes_1167_1_tp_2, Bacteroidetes_918_1_tp_2, Ciliophora_234_1_tp_2, Dinoflagellata_1769_1_tp_2, Dinoflagellata_1771_1_tp_2, Proteobacteria_11155_1_tp_2, Proteobacteria_11210_2_tp_2, Proteobacteria_7983_6_tp_2",0.293133367458296,0.641671788975144
"Bacteroidetes_1360_1","Bacillariophyta_100_1_tp_2, Ciliophora_1195_1_tp_2, Dinoflagellata_1862_1_tp_2, Dinoflagellata_955_1_tp_2, Planctomycetes_34_1_tp_2, Proteobacteria_7230_3_tp_2, Proteobacteria_7982_2_tp_2, Proteobacteria_8177_1_tp_2, Proteobacteria_8185_1_tp_2",0.401752500848022,0.608479442153763
"Bacteroidetes_1360_1","Bacillariophyta_29_1_tp_2, Bacteroidetes_1166_2_tp_2, Bacteroidetes_1178_1_tp_2, Bacteroidetes_1235_1_tp_2, Dinoflagellata_1542_1_tp_2, Haptophyta_203_1_tp_2, Proteobacteria_5461_1_tp_2, Proteobacteria_7984_1_tp_2, Proteobacteria_9649_1_tp_2",0.236838749611185,0.675190712294839
"Bacteroidetes_1360_1","Archaea_164_1_tp_2, Bacteroidetes_1166_2_tp_2, Bacteroidetes_938_1_tp_2, Chlorophyta__streptophyta_751_1_tp_2, Ciliophora_298_1_tp_2, Cryptophyta_15_2_tp_2, Dinoflagellata_955_1_tp_2, Div_reps_1600_2_tp_2, Proteobacteria_7295_1_tp_2",0.289323326597703,0.629437287841616
"Bacteroidetes_1360_1","Bacillariophyta_138_1_tp_2, Bacillariophyta_196_1_tp_2, Bacteroidetes_129_1_tp_2, Dinoflagellata_1771_1_tp_2, Dinoflagellata_1793_1_tp_2, Dinoflagellata_955_1_tp_2, Proteobacteria_10168_1_tp_2, Proteobacteria_11431_1_tp_2, Proteobacteria_7983_5_tp_2",0.427326814454769,0.604185598814716
"Bacteroidetes_1360_1","Bacteroidetes_1166_2_tp_2, Cyanobacteria_48_1_tp_2, Dinoflagellata_1098_1_tp_2, Dinoflagellata_1542_1_tp_2, Dinoflagellata_1758_1_tp_2, Proteobacteria_11428_1_tp_2, Proteobacteria_11431_2_tp_2, Proteobacteria_7231_1_tp_2, Proteobacteria_7289_1_tp_2",0.332644370126846,0.618630786255383
"Bacteroidetes_1360_1","Bacteroidetes_1204_1_tp_2, Bacteroidetes_918_4_tp_2, Bacteroidetes_919_1_tp_2, Dinoflagellata_1014_1_tp_2, Dinoflagellata_1711_1_tp_2, Dinoflagellata_982_1_tp_2, Proteobacteria_10168_1_tp_2, Proteobacteria_7314_1_tp_2, Proteobacteria_7982_2_tp_2",0.315776867684803,0.627242004013504
"Bacteroidetes_1360_1","Bacillariophyta_219_1_tp_2, Bacteroidetes_317_1_tp_2, Dinoflagellata_1771_2_tp_2, Phylum_reps_2301_1_tp_2, Proteobacteria_7231_1_tp_2, Proteobacteria_7313_1_tp_2, Proteobacteria_8185_1_tp_2, Verrucomicrobia_18_3_tp_2, Verrucomicrobia_22_1_tp_2",0.405782084279552,0.624440325667762
"Bacteroidetes_1360_1","Bacteroidetes_1224_1_tp_2, Cryptophyta_15_1_tp_2, Dinoflagellata_1758_1_tp_2, Proteobacteria_10091_1_tp_2, Proteobacteria_10114_1_tp_2, Proteobacteria_11155_1_tp_2, Proteobacteria_7787_1_tp_2, Verrucomicrobia_18_1_tp_2, Verrucomicrobia_22_2_tp_2",0.36432938362753,0.633891613646012
"Bacteroidetes_1360_1","Bacteroidetes_129_1_tp_2, Bacteroidetes_919_2_tp_2, Cercozoa_291_1_tp_2, Ciliophora_234_1_tp_2, Dinoflagellata_1014_1_tp_2, Div_reps_2942_1_tp_2, Proteobacteria_11210_2_tp_2, Proteobacteria_7313_1_tp_2, Proteobacteria_8520_1_tp_2",0.120481093040038,0.658267497239489
"Bacteroidetes_1360_1","Bacteroidetes_129_1_tp_2, Bacteroidetes_918_3_tp_2, Cryptophyta_15_2_tp_2, Dictyochophyceae_6_1_tp_2, Proteobacteria_11429_1_tp_2, Proteobacteria_5436_1_tp_2, Proteobacteria_7230_1_tp_2, Proteobacteria_8178_1_tp_2, Verrucomicrobia_18_1_tp_2",0.387800570790945,0.609710301339164
"Bacteroidetes_1360_1","Actinobacteria_410_1_tp_2, Archaea_179_1_tp_2, Bacillariophyta_29_1_tp_2, Bacteroidetes_1167_1_tp_2, Bacteroidetes_1186_1_tp_2, Bacteroidetes_1194_1_tp_2, Chlorophyta__streptophyta_732_1_tp_2, Dinoflagellata_124_1_tp_2, Dinoflagellata_955_1_tp_2",0.219553974045063,0.642715758075813
"Bacteroidetes_1360_1","Bacteroidetes_1166_1_tp_2, Dictyochophyceae_6_1_tp_2, Dinoflagellata_1014_1_tp_2, Dinoflagellata_1555_1_tp_2, Proteobacteria_10091_1_tp_2, Proteobacteria_10168_1_tp_2, Proteobacteria_22_1_tp_2, Proteobacteria_7983_8_tp_2, Sagenista_53_1_tp_2",0.325043539982682,0.626025251679187
"Bacteroidetes_1360_1","Bacteroidetes_919_1_tp_2, Bacteroidetes_919_3_tp_2, Picozoa_18_1_tp_2, Proteobacteria_11431_1_tp_2, Proteobacteria_5461_1_tp_2, Proteobacteria_7787_1_tp_2, Proteobacteria_7983_2_tp_2, Proteobacteria_8520_1_tp_2, Proteobacteria_9681_1_tp_2",0.42166631374488,0.610407060800568
"Bacteroidetes_1360_1","Cercozoa_395_1_tp_2, Chlorophyta__streptophyta_120_1_tp_2, Cryptophyta_15_1_tp_2, Dinoflagellata_1711_1_tp_2, Div_reps_1600_1_tp_2, Lobosa_11_1_tp_2, Perkinsea_44_1_tp_2, Phylum_reps_2301_1_tp_2, Proteobacteria_7230_2_tp_2",0.208906568220641,0.654096151208624
"Bacteroidetes_1360_1","Bacillariophyta_219_1_tp_2, Bacteroidetes_1166_1_tp_2, Cercozoa_23_1_tp_2, Cercozoa_291_1_tp_2, Cyanobacteria_65_1_tp_2, Dinoflagellata_1010_1_tp_2, Katablepharidophyta_7_1_tp_2, Proteobacteria_7230_2_tp_2, Proteobacteria_7289_1_tp_2",0.385867763169064,0.616174087276488
"Bacteroidetes_1360_1","Bacillariophyta_138_1_tp_2, Bacteroidetes_129_2_tp_2, Bacteroidetes_1360_4_tp_2, Bacteroidetes_918_2_tp_2, Cryptophyta_15_2_tp_2, Div_reps_1600_2_tp_2, Proteobacteria_11210_1_tp_2, Proteobacteria_6847_1_tp_2, Proteobacteria_7313_1_tp_2",0.319344966375498,0.631683266815514
"Bacteroidetes_1360_1","Bacteroidetes_1167_1_tp_2, Bacteroidetes_919_2_tp_2, Bacteroidetes_919_3_tp_2, Cyanobacteria_65_1_tp_2, Dinoflagellata_1728_1_tp_2, Dinoflagellata_1968_1_tp_2, Dinoflagellata_955_1_tp_2, Proteobacteria_10168_1_tp_2, Proteobacteria_7230_1_tp_2",0.177846245694019,0.646764688301398
"Bacteroidetes_1360_1","Bacteroidetes_1224_1_tp_2, Dinoflagellata_1098_1_tp_2, Dinoflagellata_1555_1_tp_2, Dinoflagellata_1758_1_tp_2, Dinoflagellata_1771_1_tp_2, Div_reps_1600_2_tp_2, Proteobacteria_10114_1_tp_2, Proteobacteria_7230_1_tp_2, temperature_tp_2",0.326387764488769,0.628093727499872
"Bacteroidetes_1360_1","Archaea_164_2_tp_2, Bacteroidetes_919_1_tp_2, Chlorophyta__streptophyta_833_1_tp_2, Cyanobacteria_65_1_tp_2, Lobosa_11_1_tp_2, Picozoa_6_1_tp_2, Proteobacteria_8176_1_tp_2, Verrucomicrobia_22_1_tp_2, Verrucomicrobia_23_1_tp_2",0.30925404332043,0.621917234668794
"Bacteroidetes_1360_1","Bacteroidetes_1151_1_tp_2, Bacteroidetes_129_1_tp_2, Bacteroidetes_1360_3_tp_2, Dictyochophyceae_6_1_tp_2, Proteobacteria_10114_1_tp_2, Proteobacteria_11155_1_tp_2, Proteobacteria_11155_2_tp_2, Proteobacteria_11429_4_tp_2, Raphidophyceae_3_1_tp_2",0.325632096841203,0.63726066061744
"Bacteroidetes_1360_1","Archaea_164_1_tp_2, Bacillariophyta_100_1_tp_2, Bacteroidetes_1264_1_tp_2, Cryptophyta_15_2_tp_2, Cyanobacteria_65_1_tp_2, Dinoflagellata_1658_1_tp_2, Proteobacteria_22_1_tp_2, Proteobacteria_7230_2_tp_2, Pseudofungi_43_1_tp_2",0.407228379805665,0.594565268643866
"Bacteroidetes_1360_1","Bacillariophyta_219_1_tp_2, Dinoflagellata_1658_1_tp_2, Div_reps_1600_2_tp_2, Div_reps_2942_1_tp_2, Haptophyta_203_1_tp_2, Proteobacteria_10091_1_tp_2, Proteobacteria_11429_3_tp_2, Proteobacteria_7984_1_tp_2, Verrucomicrobia_18_4_tp_2",0.345597104836143,0.679802389451835
"Bacteroidetes_1360_1","Bacteroidetes_1166_2_tp_2, Chlorophyta__streptophyta_845_1_tp_2, Cryptophyta_108_1_tp_2, Planctomycetes_34_1_tp_2, Proteobacteria_11210_2_tp_2, Proteobacteria_7787_1_tp_2, Proteobacteria_7983_5_tp_2, Proteobacteria_8176_2_tp_2, Sagenista_53_1_tp_2",0.292378527072147,0.634192933832728
"Bacteroidetes_1360_1","Actinobacteria_410_1_tp_2, Bacillariophyta_219_1_tp_2, Bacteroidetes_1186_1_tp_2, Bacteroidetes_1224_1_tp_2, Ciliophora_451_1_tp_2, Cryptophyta_15_2_tp_2, Dinoflagellata_1728_2_tp_2, Div_reps_1600_1_tp_2, Proteobacteria_11429_3_tp_2",0.258321410750173,0.634967600025433
"Bacteroidetes_1360_1","Bacteroidetes_1194_1_tp_2, Chlorophyta__streptophyta_120_1_tp_2, Div_reps_1600_1_tp_2, Planctomycetes_34_1_tp_2, Proteobacteria_10168_1_tp_2, Proteobacteria_11429_3_tp_2, Proteobacteria_7984_1_tp_2, Proteobacteria_9681_1_tp_2, Sagenista_53_1_tp_2",0.404221079520008,0.655125832801343
"Bacteroidetes_1360_1","Bacillariophyta_219_1_tp_2, Bacteroidetes_1349_1_tp_2, Bacteroidetes_1360_4_tp_2, Dinoflagellata_1010_1_tp_2, Dinoflagellata_1555_1_tp_2, Katablepharidophyta_7_1_tp_2, Proteobacteria_7100_1_tp_2, Proteobacteria_7295_1_tp_2, Sagenista_53_1_tp_2",0.310908906453446,0.641844388252351
"Bacteroidetes_1360_1","Archaea_164_1_tp_2, Chlorophyta__streptophyta_833_1_tp_2, Dinoflagellata_1771_1_tp_2, Haptophyta_203_1_tp_2, Perkinsea_33_1_tp_2, Proteobacteria_8176_1_tp_2, Proteobacteria_8177_2_tp_2, Proteobacteria_9681_2_tp_2, Verrucomicrobia_23_1_tp_2",0.382190929991468,0.600648915453231
"Bacteroidetes_1360_1","Bacteroidetes_918_1_tp_2, Bacteroidetes_938_1_tp_2, Chlorophyta__streptophyta_848_1_tp_2, Dinoflagellata_955_1_tp_2, Div_reps_2942_1_tp_2, Phylum_reps_1954_1_tp_2, Proteobacteria_10091_1_tp_2, Proteobacteria_7984_1_tp_2, Verrucomicrobia_22_2_tp_2",0.348319549759954,0.618859567247668
"Bacteroidetes_1360_1","Bacteroidetes_1360_4_tp_2, Bacteroidetes_918_5_tp_2, Bacteroidetes_919_1_tp_2, Bacteroidetes_919_2_tp_2, Proteobacteria_7174_1_tp_2, Proteobacteria_7289_1_tp_2, Proteobacteria_7982_2_tp_2, Proteobacteria_9649_1_tp_2, Verrucomicrobia_23_1_tp_2",0.369492325055023,0.613446695608612
"Bacteroidetes_1360_1","Bacillariophyta_29_1_tp_2, Bacteroidetes_1194_1_tp_2, Dinoflagellata_1009_1_tp_2, Dinoflagellata_1014_1_tp_2, Dinoflagellata_1749_1_tp_2, Dinoflagellata_1758_1_tp_2, Proteobacteria_11429_2_tp_2, Proteobacteria_22_1_tp_2, Proteobacteria_7231_1_tp_2",0.297796898961754,0.630666410643446
"Bacteroidetes_1360_1","Bacteroidetes_1166_1_tp_2, Bacteroidetes_918_5_tp_2, Chlorophyta__streptophyta_848_1_tp_2, Dinoflagellata_1010_1_tp_2, Dinoflagellata_1555_1_tp_2, Dinoflagellata_1862_1_tp_2, Proteobacteria_11155_2_tp_2, Proteobacteria_7983_3_tp_2, Verrucomicrobia_18_3_tp_2",0.373008147838444,0.629925621683778
"Bacteroidetes_1360_1","Bacteroidetes_1249_1_tp_2, Bacteroidetes_129_2_tp_2, Bacteroidetes_956_1_tp_2, Ciliophora_234_1_tp_2, Ciliophora_451_1_tp_2, Dinoflagellata_1542_1_tp_2, Proteobacteria_7230_3_tp_2, Proteobacteria_8177_1_tp_2, Radiolaria_104_1_tp_2",0.347273590630347,0.622742999827136
"Bacteroidetes_1360_1","Dinoflagellata_124_1_tp_2, Dinoflagellata_1496_1_tp_2, Dinoflagellata_1728_2_tp_2, Dinoflagellata_1793_1_tp_2, Dinoflagellata_874_1_tp_2, Proteobacteria_11120_1_tp_2, Proteobacteria_6384_1_tp_2, Proteobacteria_7230_3_tp_2, temperature_tp_2",0.304452592821139,0.624656180920792
"Bacteroidetes_1360_1","Bacteroidetes_1178_1_tp_2, Chlorophyta__streptophyta_751_1_tp_2, Lobosa_11_1_tp_2, Picozoa_18_1_tp_2, Proteobacteria_7313_1_tp_2, Proteobacteria_7314_1_tp_2, Proteobacteria_7982_2_tp_2, Proteobacteria_8176_1_tp_2, Verrucomicrobia_18_2_tp_2",0.179063016852197,0.654703784591215
"Bacteroidetes_1360_1","Bacteroidetes_1166_2_tp_2, Bacteroidetes_129_1_tp_2, Bacteroidetes_919_3_tp_2, Cercozoa_23_1_tp_2, Planctomycetes_34_1_tp_2, Proteobacteria_7313_1_tp_2, Proteobacteria_7316_1_tp_2, Verrucomicrobia_18_2_tp_2, Verrucomicrobia_22_2_tp_2",0.318067060170171,0.628905120474099
"Bacteroidetes_1360_1","Bacteroidetes_131_1_tp_2, Bacteroidetes_918_3_tp_2, Ciliophora_298_1_tp_2, Dinoflagellata_1496_1_tp_2, Proteobacteria_7983_1_tp_2, Proteobacteria_7983_3_tp_2, Proteobacteria_8185_1_tp_2, Proteobacteria_9681_1_tp_2, Rhodophyta_506_1_tp_2",0.431344562485263,0.607229947236122
"Bacteroidetes_1360_1","Bacillariophyta_31_1_tp_2, Cyanobacteria_73_1_tp_2, Haptophyta_148_1_tp_2, Proteobacteria_7230_2_tp_2, Proteobacteria_7319_1_tp_2, Proteobacteria_7984_1_tp_2, Proteobacteria_8176_1_tp_2, Verrucomicrobia_18_1_tp_2, Verrucomicrobia_18_2_tp_2",0.399035058391759,0.609216444323464
"Bacteroidetes_1360_1","Bacteroidetes_918_4_tp_2, Bacteroidetes_918_5_tp_2, Cryptophyta_108_1_tp_2, Dinoflagellata_1728_2_tp_2, Haptophyta_203_1_tp_2, Proteobacteria_6847_1_tp_2, Proteobacteria_7313_1_tp_2, Proteobacteria_7314_1_tp_2, Proteobacteria_8185_1_tp_2",0.413606419132267,0.608862990397991
"Bacteroidetes_1360_1","Bacteroidetes_1224_1_tp_2, Bacteroidetes_918_4_tp_2, Chlorophyta__streptophyta_833_1_tp_2, Cyanobacteria_48_1_tp_2, Dinoflagellata_1769_1_tp_2, Proteobacteria_10114_1_tp_2, Proteobacteria_11429_3_tp_2, Proteobacteria_6384_1_tp_2, Proteobacteria_7983_2_tp_2",0.345006498821682,0.628150969946185
"Bacteroidetes_1360_1","Bacteroidetes_919_3_tp_2, Cercozoa_395_1_tp_2, Cyanobacteria_48_1_tp_2, Dinoflagellata_1496_1_tp_2, Dinoflagellata_1749_1_tp_2, Dinoflagellata_1862_1_tp_2, Proteobacteria_7364_1_tp_2, Proteobacteria_7787_1_tp_2, Proteobacteria_7982_2_tp_2",0.323925251310796,0.626023084991469
"Bacteroidetes_1360_1","Actinobacteria_410_1_tp_2, Bacteroidetes_918_1_tp_2, Cercozoa_22_1_tp_2, Cercozoa_291_1_tp_2, Phylum_reps_2301_1_tp_2, Proteobacteria_11190_1_tp_2, Proteobacteria_11429_4_tp_2, Proteobacteria_7230_1_tp_2, Verrucomicrobia_18_2_tp_2",0.280077525026137,0.635272323545661
"Bacteroidetes_1360_1","Chlorophyta__streptophyta_120_1_tp_2, Chrysophyceae_16_1_tp_2, Cyanobacteria_85_1_tp_2, Div_reps_1600_1_tp_2, Proteobacteria_7174_1_tp_2, Proteobacteria_7983_1_tp_2, Proteobacteria_7983_2_tp_2, Sagenista_53_1_tp_2, temperature_tp_2",0.141104453474186,0.657708081697173
"Bacteroidetes_1360_1","Bacillariophyta_123_1_tp_2, Bacillariophyta_31_1_tp_2, Cryptophyta_108_1_tp_2, Planctomycetes_34_1_tp_2, Proteobacteria_11429_1_tp_2, Proteobacteria_11429_4_tp_2, Proteobacteria_11431_1_tp_2, Proteobacteria_7230_1_tp_2, Proteobacteria_8176_2_tp_2",0.361940561558666,0.624989652161955
"Bacteroidetes_1360_1","Bacillariophyta_219_1_tp_2, Bacteroidetes_1166_1_tp_2, Bacteroidetes_938_1_tp_2, Chlorophyta__streptophyta_848_1_tp_2, Dinoflagellata_1771_1_tp_2, Proteobacteria_7983_1_tp_2, Proteobacteria_8176_1_tp_2, Verrucomicrobia_22_1_tp_2, Verrucomicrobia_22_2_tp_2",0.436600134157984,0.604824956117583
"Bacteroidetes_1360_1","Bacteroidetes_1235_1_tp_2, Bacteroidetes_918_2_tp_2, Chlorophyta__streptophyta_120_1_tp_2, Cyanobacteria_85_1_tp_2, Dinoflagellata_1771_1_tp_2, Dinoflagellata_1968_1_tp_2, Planctomycetes_34_1_tp_2, Proteobacteria_7983_3_tp_2, Proteobacteria_8185_1_tp_2",0.311300712426919,0.624354420888513
"Bacteroidetes_1360_1","Archaea_164_2_tp_2, Bacteroidetes_1360_3_tp_2, Bacteroidetes_1360_4_tp_2, Chlorophyta__streptophyta_833_1_tp_2, Chrysophyceae_16_1_tp_2, Ciliophora_451_1_tp_2, Dinoflagellata_1542_1_tp_2, Proteobacteria_7983_3_tp_2, Verrucomicrobia_23_1_tp_2",0.460478107967656,0.613963400394907
"Bacteroidetes_1360_1","Bacteroidetes_918_5_tp_2, Bacteroidetes_938_1_tp_2, Dinoflagellata_1496_1_tp_2, Dinoflagellata_1793_1_tp_2, Dinoflagellata_982_1_tp_2, Phylum_reps_1985_1_tp_2, Proteobacteria_10091_1_tp_2, Proteobacteria_11210_2_tp_2, Proteobacteria_8176_1_tp_2",0.362478133049013,0.616395971742825
"Bacteroidetes_1360_1","Planctomycetes_61_1_tp_2, Proteobacteria_10168_1_tp_2, Proteobacteria_11210_1_tp_2, Proteobacteria_11428_1_tp_2, Proteobacteria_11429_3_tp_2, Proteobacteria_7100_1_tp_2, Proteobacteria_7230_3_tp_2, Proteobacteria_7983_5_tp_2, Proteobacteria_9681_1_tp_2",0.357189078256002,0.617642443678172
"Bacteroidetes_1360_1","Bacteroidetes_1360_5_tp_2, Bacteroidetes_918_4_tp_2, Chlorophyta__streptophyta_895_1_tp_2, Cyanobacteria_73_1_tp_2, Dinoflagellata_1014_1_tp_2, Dinoflagellata_1658_1_tp_2, Phylum_reps_2301_1_tp_2, Proteobacteria_11120_1_tp_2, Pseudofungi_43_1_tp_2",0.353189650795759,0.639883233205221
"Bacteroidetes_1360_1","Bacteroidetes_1360_3_tp_2, Bacteroidetes_938_1_tp_2, Chlorophyta__streptophyta_751_1_tp_2, Dictyochophyceae_6_1_tp_2, Dinoflagellata_1711_1_tp_2, Phylum_reps_2301_1_tp_2, Proteobacteria_7295_1_tp_2, Proteobacteria_7983_8_tp_2, Proteobacteria_9649_1_tp_2",0.400096546769676,0.635748156550533
"Bacteroidetes_1360_1","Bacteroidetes_1166_1_tp_2, Bacteroidetes_1186_1_tp_2, Bacteroidetes_1224_1_tp_2, Chrysophyceae_16_1_tp_2, Haptophyta_203_1_tp_2, Lobosa_11_1_tp_2, Proteobacteria_7787_1_tp_2, Proteobacteria_8185_1_tp_2, temperature_tp_2",0.374516134972847,0.626410299548433
"Bacteroidetes_1360_1","Bacillariophyta_31_1_tp_2, Dinoflagellata_1542_1_tp_2, Haptophyta_148_1_tp_2, Proteobacteria_10168_1_tp_2, Proteobacteria_11155_1_tp_2, Proteobacteria_11431_2_tp_2, Proteobacteria_7983_1_tp_2, Proteobacteria_8176_1_tp_2, Verrucomicrobia_18_1_tp_2",0.36857821644649,0.617285215217232
"Bacteroidetes_1360_1","Cercozoa_23_1_tp_2, Cryptophyta_15_1_tp_2, Dinoflagellata_1009_1_tp_2, Dinoflagellata_1968_1_tp_2, Proteobacteria_10168_1_tp_2, Proteobacteria_11429_1_tp_2, Proteobacteria_22_1_tp_2, Proteobacteria_7314_1_tp_2, Proteobacteria_8177_1_tp_2",0.440934180814559,0.592562985039431
"Bacteroidetes_1360_1","Bacteroidetes_1204_1_tp_2, Bacteroidetes_1360_2_tp_2, Cercozoa_395_1_tp_2, Planctomycetes_34_1_tp_2, Proteobacteria_11155_2_tp_2, Proteobacteria_7983_3_tp_2, Proteobacteria_8175_1_tp_2, Radiolaria_104_1_tp_2, Verrucomicrobia_18_4_tp_2",0.297476539877525,0.630872073191909
"Bacteroidetes_1360_1","Bacteroidetes_1349_1_tp_2, Bacteroidetes_918_4_tp_2, Bacteroidetes_919_1_tp_2, Ciliophora_1195_1_tp_2, Dictyochophyceae_6_1_tp_2, Dinoflagellata_1009_1_tp_2, Katablepharidophyta_7_1_tp_2, Proteobacteria_11429_2_tp_2, Proteobacteria_7289_1_tp_2",0.378735205737672,0.617482377692174
"Bacteroidetes_1360_1","Bacteroidetes_131_1_tp_2, Chlorophyta__streptophyta_848_1_tp_2, Ciliophora_1195_1_tp_2, Ciliophora_280_1_tp_2, Dinoflagellata_1098_1_tp_2, Div_reps_2942_1_tp_2, Planctomycetes_34_1_tp_2, Proteobacteria_7314_1_tp_2, Proteobacteria_8520_1_tp_2",0.146110412803202,0.654502313659964
"Bacteroidetes_1360_1","Bacteroidetes_1166_1_tp_2, Dinoflagellata_1728_1_tp_2, Dinoflagellata_1749_1_tp_2, Proteobacteria_10114_1_tp_2, Proteobacteria_6384_1_tp_2, Proteobacteria_7100_1_tp_2, Proteobacteria_9681_2_tp_2, Verrucomicrobia_18_1_tp_2, Verrucomicrobia_22_2_tp_2",0.343732716646078,0.630963171335174
"Bacteroidetes_1360_1","Bacteroidetes_1249_1_tp_2, Bacteroidetes_918_1_tp_2, Ciliophora_298_1_tp_2, Dinoflagellata_1542_1_tp_2, Dinoflagellata_1728_2_tp_2, Phylum_reps_2301_1_tp_2, Proteobacteria_22_1_tp_2, Proteobacteria_7230_2_tp_2, Proteobacteria_7295_1_tp_2",0.181325446482554,0.644250573146423
"Bacteroidetes_1360_1","Bacteroidetes_919_1_tp_2, Dinoflagellata_1749_1_tp_2, Proteobacteria_11210_2_tp_2, Proteobacteria_11431_2_tp_2, Proteobacteria_22_1_tp_2, Proteobacteria_5436_1_tp_2, Proteobacteria_7314_1_tp_2, Proteobacteria_7983_7_tp_2, Proteobacteria_8175_1_tp_2",0.334297807987347,0.628142436550725
"Bacteroidetes_1360_1","Bacteroidetes_1204_1_tp_2, Dinoflagellata_1769_1_tp_2, Dinoflagellata_955_1_tp_2, Planctomycetes_34_1_tp_2, Planctomycetes_61_1_tp_2, Proteobacteria_11429_2_tp_2, Proteobacteria_7982_1_tp_2, Proteobacteria_8520_1_tp_2, Pseudofungi_43_1_tp_2",0.249182545425585,0.634096382666867
"Bacteroidetes_1360_1","Archaea_179_1_tp_2, Ciliophora_298_1_tp_2, Cryptophyta_15_1_tp_2, Cyanobacteria_65_1_tp_2, Cyanobacteria_85_1_tp_2, Planctomycetes_27_1_tp_2, Proteobacteria_11431_2_tp_2, Proteobacteria_8185_1_tp_2, Raphidophyceae_3_1_tp_2",0.329066806373907,0.633792903452913
"Bacteroidetes_1360_1","Bacteroidetes_918_3_tp_2, Cercozoa_23_1_tp_2, Cercozoa_291_1_tp_2, Ciliophora_298_1_tp_2, Cryptophyta_15_2_tp_2, Phylum_reps_2301_1_tp_2, Proteobacteria_11155_1_tp_2, Proteobacteria_11428_1_tp_2, Proteobacteria_8176_2_tp_2",0.258535652333107,0.639259632674873
"Bacteroidetes_1360_1","Actinobacteria_410_2_tp_2, Cyanobacteria_48_1_tp_2, Dinoflagellata_1009_1_tp_2, Phylum_reps_1985_1_tp_2, Proteobacteria_7983_1_tp_2, Proteobacteria_7984_1_tp_2, Proteobacteria_8520_1_tp_2, Rhodophyta_506_1_tp_2, Verrucomicrobia_22_1_tp_2",0.354964370523719,0.628712354906233
"Bacteroidetes_1360_1","Cercozoa_22_1_tp_2, Cercozoa_291_1_tp_2, Chlorophyta__streptophyta_751_1_tp_2, Chlorophyta__streptophyta_833_1_tp_2, Cryptophyta_15_2_tp_2, Cyanobacteria_48_1_tp_2, Proteobacteria_11155_2_tp_2, Proteobacteria_7316_1_tp_2, Proteobacteria_8185_1_tp_2",0.390265091176396,0.622447554018221
"Bacteroidetes_1360_1","Bacteroidetes_1194_1_tp_2, Bacteroidetes_918_4_tp_2, Cyanobacteria_73_1_tp_2, Dinoflagellata_982_1_tp_2, Picozoa_18_1_tp_2, Proteobacteria_11429_3_tp_2, Proteobacteria_7983_6_tp_2, Proteobacteria_8176_2_tp_2, Pseudofungi_43_1_tp_2",0.350107399804286,0.663315427440744
"Bacteroidetes_1360_1","Actinobacteria_410_2_tp_2, Bacteroidetes_1166_1_tp_2, Bacteroidetes_918_2_tp_2, Dinoflagellata_1017_1_tp_2, Dinoflagellata_874_1_tp_2, Perkinsea_33_1_tp_2, Picozoa_6_1_tp_2, Proteobacteria_11431_1_tp_2, Verrucomicrobia_18_1_tp_2",0.332482820077426,0.618894265703278
"Bacteroidetes_1360_1","Bacteroidetes_1151_1_tp_2, Dinoflagellata_1542_1_tp_2, Dinoflagellata_1711_1_tp_2, Dinoflagellata_1793_1_tp_2, Proteobacteria_11429_1_tp_2, Proteobacteria_11429_2_tp_2, Proteobacteria_11429_4_tp_2, Proteobacteria_7100_1_tp_2, Proteobacteria_8520_1_tp_2",0.393884199938008,0.618423092889175
"Bacteroidetes_1360_1","Bacillariophyta_31_1_tp_2, Bacteroidetes_129_1_tp_2, Chlorophyta__streptophyta_833_1_tp_2, Dinoflagellata_1749_1_tp_2, Nitrospirae_9_1_tp_2, Proteobacteria_11155_2_tp_2, Proteobacteria_11429_3_tp_2, Proteobacteria_8177_2_tp_2, Sagenista_53_1_tp_2",0.155535280214504,0.659443855944845
"Bacteroidetes_1360_1","Cercozoa_23_1_tp_2, Ciliophora_1195_1_tp_2, Dinoflagellata_1711_1_tp_2, Dinoflagellata_1771_1_tp_2, Div_reps_1600_2_tp_2, Perkinsea_33_1_tp_2, Planctomycetes_34_1_tp_2, Proteobacteria_11431_2_tp_2, Proteobacteria_7983_1_tp_2",0.403314698490133,0.598236885232134
"Bacteroidetes_1360_1","Bacteroidetes_129_1_tp_2, Bacteroidetes_919_3_tp_2, Bacteroidetes_956_1_tp_2, Ciliophora_451_1_tp_2, Proteobacteria_11190_1_tp_2, Proteobacteria_7230_3_tp_2, Proteobacteria_7364_1_tp_2, Proteobacteria_8520_1_tp_2, Proteobacteria_9681_2_tp_2",0.300441703491305,0.622815349039912
"Bacteroidetes_1360_1","Bacteroidetes_1186_1_tp_2, Bacteroidetes_919_2_tp_2, Chlorophyta__streptophyta_833_1_tp_2, Dinoflagellata_1198_1_tp_2, Dinoflagellata_124_1_tp_2, Proteobacteria_5436_1_tp_2, Proteobacteria_7166_1_tp_2, Proteobacteria_7174_1_tp_2, Proteobacteria_8520_1_tp_2",0.217871776621226,0.645948916655413
"Bacteroidetes_1360_1","Bacteroidetes_918_2_tp_2, Chlorophyta__streptophyta_833_1_tp_2, Cryptophyta_108_1_tp_2, Dictyochophyceae_6_1_tp_2, Dinoflagellata_1014_1_tp_2, Perkinsea_44_1_tp_2, Proteobacteria_7316_1_tp_2, Sagenista_53_1_tp_2, Verrucomicrobia_23_1_tp_2",0.231063918441047,0.637682640032505
"Bacteroidetes_1360_1","Bacteroidetes_1167_1_tp_2, Chlorophyta__streptophyta_848_1_tp_2, Dinoflagellata_1098_1_tp_2, Haptophyta_203_1_tp_2, Planctomycetes_61_1_tp_2, Proteobacteria_5461_1_tp_2, Proteobacteria_7230_1_tp_2, Proteobacteria_8176_2_tp_2, Verrucomicrobia_22_2_tp_2",0.277941640014536,0.642648442938701
"Bacteroidetes_1360_1","Bacillariophyta_44_1_tp_2, Bacteroidetes_1204_1_tp_2, Dinoflagellata_1010_1_tp_2, Katablepharidophyta_7_1_tp_2, Lobosa_11_1_tp_2, Proteobacteria_10091_1_tp_2, Proteobacteria_11429_3_tp_2, Proteobacteria_7100_1_tp_2, temperature_tp_2",0.340682422985443,0.629051486849113
"Bacteroidetes_1360_1","Bacillariophyta_138_1_tp_2, Bacillariophyta_29_1_tp_2, Bacteroidetes_1167_1_tp_2, Bacteroidetes_1360_2_tp_2, Dinoflagellata_1198_1_tp_2, Nitrospirae_9_1_tp_2, Proteobacteria_7100_1_tp_2, Proteobacteria_7787_1_tp_2, Proteobacteria_9681_2_tp_2",0.434364096646887,0.610128516319334
"Bacteroidetes_1360_1","Bacteroidetes_1249_1_tp_2, Chlorophyta__streptophyta_848_1_tp_2, Cryptophyta_15_1_tp_2, Picozoa_6_1_tp_2, Proteobacteria_10114_1_tp_2, Proteobacteria_10168_1_tp_2, Proteobacteria_22_1_tp_2, Proteobacteria_7230_1_tp_2, Proteobacteria_7983_1_tp_2",0.343398574460444,0.611728962632283
"Bacteroidetes_1360_1","Bacteroidetes_1151_1_tp_2, Bacteroidetes_1204_1_tp_2, Bacteroidetes_131_1_tp_2, Ciliophora_298_1_tp_2, Dictyochophyceae_6_1_tp_2, Phylum_reps_2301_1_tp_2, Proteobacteria_7983_4_tp_2, Raphidophyceae_3_1_tp_2, Verrucomicrobia_18_1_tp_2",0.237811897394787,0.67272845635073
"Bacteroidetes_1360_1","Archaea_179_1_tp_2, Cercozoa_395_1_tp_2, Ciliophora_1195_1_tp_2, Dinoflagellata_1010_1_tp_2, Dinoflagellata_1769_1_tp_2, Picozoa_18_1_tp_2, Planctomycetes_27_1_tp_2, Proteobacteria_8177_2_tp_2, Rhodophyta_506_1_tp_2",0.252925871046608,0.66205408158149
"Bacteroidetes_1360_1","Bacillariophyta_31_1_tp_2, Bacteroidetes_1151_1_tp_2, Ciliophora_298_1_tp_2, Dinoflagellata_1009_1_tp_2, Dinoflagellata_1862_1_tp_2, Perkinsea_44_1_tp_2, Proteobacteria_5436_1_tp_2, Proteobacteria_7313_1_tp_2, Proteobacteria_7787_1_tp_2",0.244362033089033,0.6400406801821
"Bacteroidetes_1360_1","Bacillariophyta_196_1_tp_2, Bacillariophyta_29_1_tp_2, Chlorophyta__streptophyta_848_1_tp_2, Ciliophora_1195_1_tp_2, Dinoflagellata_1658_1_tp_2, Phylum_reps_2301_1_tp_2, Proteobacteria_11155_2_tp_2, Proteobacteria_7787_1_tp_2, Verrucomicrobia_18_4_tp_2",0.217479935372811,0.647205327001774
"Bacteroidetes_1360_1","Bacteroidetes_1204_1_tp_2, Dinoflagellata_1009_1_tp_2, Dinoflagellata_955_1_tp_2, Picozoa_18_1_tp_2, Proteobacteria_11155_2_tp_2, Proteobacteria_11429_2_tp_2, Proteobacteria_7314_1_tp_2, Sagenista_61_1_tp_2, Verrucomicrobia_18_2_tp_2",0.284250611081726,0.631864419170628
"Bacteroidetes_1360_1","Bacteroidetes_919_1_tp_2, Haptophyta_203_1_tp_2, Proteobacteria_10114_1_tp_2, Proteobacteria_11120_1_tp_2, Proteobacteria_7230_2_tp_2, Proteobacteria_7364_1_tp_2, Proteobacteria_8176_1_tp_2, Verrucomicrobia_18_3_tp_2, Verrucomicrobia_22_2_tp_2",0.25580683124528,0.645750404528682
"Bacteroidetes_1360_1","Bacteroidetes_1178_1_tp_2, Bacteroidetes_919_3_tp_2, Ciliophora_234_1_tp_2, Ciliophora_280_1_tp_2, Cryptophyta_15_1_tp_2, Dictyochophyceae_6_1_tp_2, Div_reps_2942_1_tp_2, Proteobacteria_10091_1_tp_2, Proteobacteria_11429_3_tp_2",0.208908413628612,0.64745027936444
"Bacteroidetes_1360_1","Bacillariophyta_196_1_tp_2, Bacteroidetes_1360_5_tp_2, Bacteroidetes_918_2_tp_2, Bacteroidetes_918_4_tp_2, Chlorophyta__streptophyta_833_1_tp_2, Dinoflagellata_1711_1_tp_2, Dinoflagellata_1728_2_tp_2, Dinoflagellata_1771_1_tp_2, Proteobacteria_10168_1_tp_2",0.378071710127764,0.617979021212819
"Bacteroidetes_1360_1","Actinobacteria_410_2_tp_2, Bacteroidetes_1186_1_tp_2, Cercozoa_22_1_tp_2, Dictyochophyceae_6_1_tp_2, Dinoflagellata_1769_1_tp_2, Haptophyta_203_1_tp_2, Katablepharidophyta_7_1_tp_2, Proteobacteria_7983_2_tp_2, Proteobacteria_8185_1_tp_2",0.308214691567675,0.633861842995428
"Bacteroidetes_1360_1","Bacteroidetes_1178_1_tp_2, Chlorophyta__streptophyta_833_1_tp_2, Ciliophora_451_1_tp_2, Dictyochophyceae_6_1_tp_2, Dinoflagellata_1749_1_tp_2, Dinoflagellata_1758_1_tp_2, Proteobacteria_5461_1_tp_2, Proteobacteria_7319_1_tp_2, Sagenista_61_1_tp_2",0.30264553391164,0.637567714150751
"Bacteroidetes_1360_1","Bacillariophyta_29_1_tp_2, Dinoflagellata_1771_2_tp_2, Dinoflagellata_1862_1_tp_2, Nitrospirae_9_1_tp_2, Proteobacteria_11429_4_tp_2, Proteobacteria_7314_1_tp_2, Proteobacteria_8176_1_tp_2, Radiolaria_104_1_tp_2, Raphidophyceae_3_1_tp_2",0.291351529189028,0.632879257488932
"Bacteroidetes_1360_1","Bacillariophyta_44_1_tp_2, Bacteroidetes_1360_3_tp_2, Bacteroidetes_938_1_tp_2, Cyanobacteria_65_1_tp_2, Dinoflagellata_1098_1_tp_2, Dinoflagellata_955_1_tp_2, Haptophyta_203_1_tp_2, Phylum_reps_1954_1_tp_2, Verrucomicrobia_18_1_tp_2",0.325209680839535,0.621995251021339
"Bacteroidetes_1360_1","Bacteroidetes_918_3_tp_2, Bacteroidetes_918_5_tp_2, Dinoflagellata_1758_1_tp_2, Perkinsea_33_1_tp_2, Phylum_reps_1954_1_tp_2, Proteobacteria_10114_1_tp_2, Proteobacteria_11120_1_tp_2, Proteobacteria_11155_1_tp_2, Proteobacteria_7295_1_tp_2",0.374933289887479,0.612604448265015
"Bacteroidetes_1360_1","Archaea_164_1_tp_2, Dinoflagellata_1555_1_tp_2, Dinoflagellata_1771_1_tp_2, Dinoflagellata_1968_1_tp_2, Nitrospirae_9_1_tp_2, Proteobacteria_7982_2_tp_2, Proteobacteria_7983_7_tp_2, Pseudofungi_43_1_tp_2, Rhodophyta_506_1_tp_2",0.374949239995565,0.610172621820443
"Bacteroidetes_1360_1","Bacteroidetes_1166_1_tp_2, Bacteroidetes_1167_1_tp_2, Cyanobacteria_65_1_tp_2, Dinoflagellata_124_1_tp_2, Proteobacteria_11190_1_tp_2, Proteobacteria_22_1_tp_2, Proteobacteria_8176_2_tp_2, Proteobacteria_9649_1_tp_2, Sagenista_61_1_tp_2",0.426429626296947,0.615507602217959
"Bacteroidetes_1360_1","Bacteroidetes_1360_5_tp_2, Chrysophyceae_16_1_tp_2, Cyanobacteria_48_1_tp_2, Dictyochophyceae_6_1_tp_2, Dinoflagellata_955_1_tp_2, Proteobacteria_11155_1_tp_2, Proteobacteria_7316_1_tp_2, Raphidophyceae_3_1_tp_2, Verrucomicrobia_18_2_tp_2",0.430609294193332,0.62110140472385
"Bacteroidetes_1360_1","Archaea_164_1_tp_2, Bacteroidetes_1349_1_tp_2, Bacteroidetes_918_3_tp_2, Chlorophyta__streptophyta_848_1_tp_2, Chlorophyta__streptophyta_895_1_tp_2, Dinoflagellata_1711_1_tp_2, Proteobacteria_7289_1_tp_2, Proteobacteria_7319_1_tp_2, Proteobacteria_7982_2_tp_2",0.411648454505556,0.604085710478954
"Bacteroidetes_1360_1","Bacteroidetes_1249_1_tp_2, Bacteroidetes_919_3_tp_2, Chlorophyta__streptophyta_845_1_tp_2, Dinoflagellata_1555_1_tp_2, Dinoflagellata_874_1_tp_2, Haptophyta_148_1_tp_2, Proteobacteria_7166_1_tp_2, Proteobacteria_7313_1_tp_2, temperature_tp_2",0.23272365797324,0.63640754382193
"Bacteroidetes_1360_1","Ciliophora_1195_1_tp_2, Dinoflagellata_1555_1_tp_2, Lobosa_11_1_tp_2, Picozoa_18_1_tp_2, Proteobacteria_11210_1_tp_2, Proteobacteria_11429_2_tp_2, Proteobacteria_7174_1_tp_2, Proteobacteria_7316_1_tp_2, Proteobacteria_8185_1_tp_2",0.378030892238037,0.615063176290802
"Bacteroidetes_1360_1","Bacteroidetes_1349_1_tp_2, Bacteroidetes_918_5_tp_2, Cercozoa_291_1_tp_2, Perkinsea_44_1_tp_2, Proteobacteria_7230_2_tp_2, Proteobacteria_7289_1_tp_2, Proteobacteria_7787_1_tp_2, Proteobacteria_7982_1_tp_2, Proteobacteria_7983_8_tp_2",0.364507825348744,0.616802435647343
"Bacteroidetes_1360_1","Actinobacteria_410_1_tp_2, Bacteroidetes_1166_2_tp_2, Bacteroidetes_1264_1_tp_2, Bacteroidetes_938_1_tp_2, Cyanobacteria_73_1_tp_2, Dinoflagellata_1010_1_tp_2, Proteobacteria_11431_1_tp_2, Proteobacteria_7231_1_tp_2, Proteobacteria_8177_2_tp_2",0.303869573078402,0.629164050971608
"Bacteroidetes_1360_1","Actinobacteria_410_1_tp_2, Bacteroidetes_1224_1_tp_2, Cercozoa_395_1_tp_2, Chlorophyta__streptophyta_848_1_tp_2, Cryptophyta_15_1_tp_2, Dinoflagellata_1749_1_tp_2, Planctomycetes_27_1_tp_2, Proteobacteria_7319_1_tp_2, Proteobacteria_9681_2_tp_2",0.214532228381075,0.655933557694512
"Bacteroidetes_1360_1","Archaea_164_1_tp_2, Cercozoa_395_1_tp_2, Dinoflagellata_1658_1_tp_2, Dinoflagellata_1749_1_tp_2, Katablepharidophyta_7_1_tp_2, Proteobacteria_11429_3_tp_2, Proteobacteria_7230_1_tp_2, Proteobacteria_8520_1_tp_2, Verrucomicrobia_22_1_tp_2",0.385495894167106,0.608326543784946
"Bacteroidetes_1360_1","Bacteroidetes_1166_1_tp_2, Bacteroidetes_1204_1_tp_2, Bacteroidetes_1360_5_tp_2, Bacteroidetes_938_1_tp_2, Chlorophyta__streptophyta_751_1_tp_2, Cryptophyta_15_1_tp_2, Dinoflagellata_1198_1_tp_2, Proteobacteria_11428_1_tp_2, Proteobacteria_7314_1_tp_2",0.364188938851839,0.631221800221414
"Bacteroidetes_1360_1","Bacteroidetes_918_4_tp_2, Ciliophora_403_1_tp_2, Dinoflagellata_1496_1_tp_2, Dinoflagellata_1658_1_tp_2, Picozoa_6_1_tp_2, Proteobacteria_7295_1_tp_2, Proteobacteria_7983_7_tp_2, Verrucomicrobia_18_1_tp_2, Verrucomicrobia_18_4_tp_2",0.371898089784675,0.622768746083725
"Bacteroidetes_1360_1","Archaea_164_1_tp_2, Archaea_164_2_tp_2, Cercozoa_291_1_tp_2, Ciliophora_298_1_tp_2, Dinoflagellata_1198_1_tp_2, Dinoflagellata_1542_1_tp_2, Proteobacteria_7983_5_tp_2, Verrucomicrobia_18_1_tp_2, Verrucomicrobia_22_2_tp_2",0.459465255681628,0.600771606752443
"Bacteroidetes_1360_1","Chlorophyta__streptophyta_845_1_tp_2, Cryptophyta_15_1_tp_2, Cryptophyta_15_2_tp_2, Dinoflagellata_1711_1_tp_2, Dinoflagellata_874_1_tp_2, Planctomycetes_61_1_tp_2, Proteobacteria_10091_1_tp_2, Proteobacteria_10168_1_tp_2, Proteobacteria_7289_1_tp_2",0.32606563739044,0.635595840402877
"Bacteroidetes_1360_1","Bacteroidetes_131_1_tp_2, Bacteroidetes_1349_1_tp_2, Bacteroidetes_918_3_tp_2, Chlorophyta__streptophyta_120_1_tp_2, Proteobacteria_11431_2_tp_2, Proteobacteria_6847_1_tp_2, Proteobacteria_8178_1_tp_2, Proteobacteria_9681_1_tp_2, Verrucomicrobia_18_1_tp_2",0.499268960018734,0.575955329367555
"Bacteroidetes_1360_1","Bacteroidetes_1204_1_tp_2, Chlorophyta__streptophyta_120_1_tp_2, Ciliophora_234_1_tp_2, Dinoflagellata_1496_1_tp_2, Proteobacteria_11210_2_tp_2, Proteobacteria_7313_1_tp_2, Proteobacteria_7316_1_tp_2, Proteobacteria_8178_1_tp_2, Verrucomicrobia_18_1_tp_2",0.34339319460485,0.617868897736897
"Bacteroidetes_1360_1","Bacteroidetes_1264_1_tp_2, Bacteroidetes_918_4_tp_2, Ciliophora_280_1_tp_2, Dinoflagellata_1198_1_tp_2, Proteobacteria_11210_2_tp_2, Proteobacteria_7313_1_tp_2, Proteobacteria_8177_1_tp_2, Proteobacteria_9681_1_tp_2, temperature_tp_2",0.374719860382899,0.620105050407493
"Bacteroidetes_1360_1","Bacillariophyta_44_1_tp_2, Chlorophyta__streptophyta_120_1_tp_2, Cyanobacteria_48_1_tp_2, Dinoflagellata_1017_1_tp_2, Dinoflagellata_1758_1_tp_2, Dinoflagellata_982_1_tp_2, Proteobacteria_10114_1_tp_2, Proteobacteria_11190_1_tp_2, Proteobacteria_7316_1_tp_2",0.349732316211567,0.629012685107456
"Bacteroidetes_1360_1","Chlorophyta__streptophyta_751_1_tp_2, Dinoflagellata_1014_1_tp_2, Div_reps_1600_1_tp_2, Haptophyta_203_1_tp_2, Lobosa_11_1_tp_2, Proteobacteria_11429_4_tp_2, Proteobacteria_7316_1_tp_2, Proteobacteria_7787_1_tp_2, Proteobacteria_8185_1_tp_2",0.387134596085782,0.626126042973415
"Bacteroidetes_1360_1","Bacillariophyta_123_1_tp_2, Bacillariophyta_29_1_tp_2, Bacteroidetes_1360_2_tp_2, Bacteroidetes_918_4_tp_2, Planctomycetes_27_1_tp_2, Proteobacteria_11120_1_tp_2, Proteobacteria_5436_1_tp_2, Proteobacteria_7983_7_tp_2, Verrucomicrobia_22_2_tp_2",0.351645176262125,0.627908310530099
"Bacteroidetes_1360_1","Bacteroidetes_1166_2_tp_2, Bacteroidetes_1224_1_tp_2, Cryptophyta_15_1_tp_2, Dinoflagellata_1009_1_tp_2, Dinoflagellata_1542_1_tp_2, Phylum_reps_2301_1_tp_2, Proteobacteria_7983_1_tp_2, Proteobacteria_8177_2_tp_2, Radiolaria_104_1_tp_2",0.351393791182813,0.621756343470486
"Bacteroidetes_1360_1","Bacteroidetes_129_2_tp_2, Dinoflagellata_1009_1_tp_2, Dinoflagellata_1769_1_tp_2, Dinoflagellata_874_1_tp_2, Perkinsea_33_1_tp_2, Phylum_reps_2301_1_tp_2, Proteobacteria_11429_4_tp_2, Proteobacteria_5436_1_tp_2, Proteobacteria_7982_1_tp_2",0.381956773282073,0.606022173481961
"Bacteroidetes_1360_1","Chlorophyta__streptophyta_751_1_tp_2, Ciliophora_298_1_tp_2, Cryptophyta_15_1_tp_2, Dinoflagellata_1728_1_tp_2, Dinoflagellata_1758_1_tp_2, Proteobacteria_11155_1_tp_2, Proteobacteria_11428_1_tp_2, Proteobacteria_5436_1_tp_2, Proteobacteria_8177_1_tp_2",0.319385734288538,0.630062469193453
"Bacteroidetes_1360_1","Archaea_164_1_tp_2, Bacteroidetes_1151_1_tp_2, Bacteroidetes_918_4_tp_2, Bacteroidetes_918_5_tp_2, Ciliophora_298_1_tp_2, Dinoflagellata_1555_1_tp_2, Dinoflagellata_955_1_tp_2, Proteobacteria_11429_4_tp_2, Proteobacteria_7289_1_tp_2",0.316258838451882,0.629085877975172
"Bacteroidetes_1360_1","Bacteroidetes_1167_1_tp_2, Bacteroidetes_1178_1_tp_2, Bacteroidetes_918_3_tp_2, Picozoa_6_1_tp_2, Proteobacteria_5436_1_tp_2, Proteobacteria_7230_3_tp_2, Proteobacteria_8176_2_tp_2, Sagenista_53_1_tp_2, Verrucomicrobia_22_1_tp_2",0.324818282636518,0.646845422323199
"Bacteroidetes_1360_1","Bacillariophyta_138_1_tp_2, Bacteroidetes_1360_3_tp_2, Cryptophyta_15_2_tp_2, Cyanobacteria_65_1_tp_2, Picozoa_6_1_tp_2, Proteobacteria_11431_2_tp_2, Proteobacteria_7314_1_tp_2, Proteobacteria_9681_1_tp_2, Verrucomicrobia_22_1_tp_2",0.400024697698819,0.610450659179781
"Bacteroidetes_1360_1","Archaea_179_1_tp_2, Bacillariophyta_123_1_tp_2, Bacteroidetes_1360_2_tp_2, Dinoflagellata_1010_1_tp_2, Planctomycetes_61_1_tp_2, Proteobacteria_6384_1_tp_2, Proteobacteria_7313_1_tp_2, Proteobacteria_7787_1_tp_2, Proteobacteria_7982_1_tp_2",0.392931726801372,0.616518389342243
"Bacteroidetes_1360_1","Bacteroidetes_1194_1_tp_2, Bacteroidetes_1360_3_tp_2, Ciliophora_451_1_tp_2, Dinoflagellata_1555_1_tp_2, Proteobacteria_10114_1_tp_2, Proteobacteria_7289_1_tp_2, Proteobacteria_8177_1_tp_2, Radiolaria_104_1_tp_2, Verrucomicrobia_18_4_tp_2",0.366600476416542,0.634898450583075
"Bacteroidetes_1360_1","Bacillariophyta_219_1_tp_2, Bacteroidetes_1224_1_tp_2, Dinoflagellata_1769_1_tp_2, Dinoflagellata_955_1_tp_2, Proteobacteria_11429_1_tp_2, Proteobacteria_6384_1_tp_2, Proteobacteria_7174_1_tp_2, Proteobacteria_7983_2_tp_2, Verrucomicrobia_18_1_tp_2",0.4111913662728,0.61111463013825
"Bacteroidetes_1360_1","Bacteroidetes_918_5_tp_2, Proteobacteria_11429_4_tp_2, Proteobacteria_11431_1_tp_2, Proteobacteria_7166_1_tp_2, Proteobacteria_7364_1_tp_2, Proteobacteria_7982_2_tp_2, Proteobacteria_7984_1_tp_2, Proteobacteria_8177_2_tp_2, Proteobacteria_8185_1_tp_2",0.387088285409214,0.60537971443083
"Bacteroidetes_1360_1","Bacillariophyta_29_1_tp_2, Bacteroidetes_129_2_tp_2, Bacteroidetes_918_2_tp_2, Bacteroidetes_919_2_tp_2, Perkinsea_33_1_tp_2, Proteobacteria_11210_1_tp_2, Proteobacteria_6847_1_tp_2, Pseudofungi_43_1_tp_2, Sagenista_61_1_tp_2",0.174316146569401,0.643034873796108
"Bacteroidetes_1360_1","Bacteroidetes_1204_1_tp_2, Bacteroidetes_1360_2_tp_2, Dinoflagellata_1758_1_tp_2, Div_reps_2942_1_tp_2, Picozoa_6_1_tp_2, Proteobacteria_7364_1_tp_2, Proteobacteria_8176_1_tp_2, Verrucomicrobia_18_4_tp_2, Verrucomicrobia_23_1_tp_2",0.292706019041981,0.617016796422364
"Bacteroidetes_1360_1","Bacillariophyta_31_1_tp_2, Bacteroidetes_1235_1_tp_2, Dinoflagellata_1711_1_tp_2, Haptophyta_203_1_tp_2, Planctomycetes_34_1_tp_2, Proteobacteria_7319_1_tp_2, Proteobacteria_7982_2_tp_2, Proteobacteria_7983_8_tp_2, Sagenista_53_1_tp_2",0.196369636412754,0.664511672528199
"Bacteroidetes_1360_1","Actinobacteria_410_2_tp_2, Bacteroidetes_1349_1_tp_2, Chlorophyta__streptophyta_732_1_tp_2, Dinoflagellata_1968_1_tp_2, Proteobacteria_7230_1_tp_2, Proteobacteria_7230_3_tp_2, Proteobacteria_7316_1_tp_2, Proteobacteria_8520_1_tp_2, Verrucomicrobia_18_1_tp_2",0.319791134787313,0.623571107194196
"Bacteroidetes_1360_1","Bacteroidetes_1224_1_tp_2, Bacteroidetes_918_1_tp_2, Bacteroidetes_918_3_tp_2, Bacteroidetes_919_3_tp_2, Chlorophyta__streptophyta_895_1_tp_2, Cryptophyta_108_1_tp_2, Dinoflagellata_1862_1_tp_2, Dinoflagellata_955_1_tp_2, Sagenista_53_1_tp_2",0.258623881960977,0.644047231714403
"Bacteroidetes_1360_1","Bacteroidetes_1166_2_tp_2, Cercozoa_291_1_tp_2, Cercozoa_395_1_tp_2, Cyanobacteria_73_1_tp_2, Dinoflagellata_874_1_tp_2, Dinoflagellata_982_1_tp_2, Proteobacteria_5461_1_tp_2, Sagenista_61_1_tp_2, Verrucomicrobia_18_4_tp_2",0.299642671355698,0.628155702219007
"Bacteroidetes_1360_1","Bacteroidetes_1349_1_tp_2, Bacteroidetes_956_1_tp_2, Cryptophyta_15_2_tp_2, Cyanobacteria_65_1_tp_2, Dinoflagellata_1771_1_tp_2, Katablepharidophyta_7_1_tp_2, Proteobacteria_5436_1_tp_2, Proteobacteria_7166_1_tp_2, Sagenista_61_1_tp_2",0.303218006788511,0.630606848814208
"Bacteroidetes_1360_1","Archaea_164_1_tp_2, Bacillariophyta_44_1_tp_2, Bacteroidetes_1224_1_tp_2, Chlorophyta__streptophyta_845_1_tp_2, Ciliophora_298_1_tp_2, Cyanobacteria_85_1_tp_2, Dinoflagellata_1014_1_tp_2, Proteobacteria_7982_2_tp_2, Verrucomicrobia_18_1_tp_2",0.346039679667093,0.621745721658066
"Bacteroidetes_1360_1","Bacteroidetes_1166_2_tp_2, Bacteroidetes_1186_1_tp_2, Ciliophora_451_1_tp_2, Cyanobacteria_65_1_tp_2, Dinoflagellata_1017_1_tp_2, Picozoa_18_1_tp_2, Proteobacteria_7231_1_tp_2, Proteobacteria_7364_1_tp_2, Verrucomicrobia_18_3_tp_2",0.3465473565415,0.621454580980937
"Bacteroidetes_1360_1","Bacteroidetes_1194_1_tp_2, Bacteroidetes_131_1_tp_2, Bacteroidetes_919_3_tp_2, Bacteroidetes_938_1_tp_2, Dictyochophyceae_6_1_tp_2, Dinoflagellata_1555_1_tp_2, Proteobacteria_11428_1_tp_2, Proteobacteria_6847_1_tp_2, Proteobacteria_8176_1_tp_2",0.426453784620024,0.597220357725449
"Bacteroidetes_1360_1","Bacteroidetes_918_3_tp_2, Bacteroidetes_938_1_tp_2, Cercozoa_291_1_tp_2, Ciliophora_298_1_tp_2, Proteobacteria_7982_2_tp_2, Proteobacteria_7983_4_tp_2, Proteobacteria_8176_2_tp_2, Proteobacteria_8178_1_tp_2, Sagenista_53_1_tp_2",0.239753615287564,0.635690509229321
"Bacteroidetes_1360_1","Archaea_179_1_tp_2, Bacillariophyta_31_1_tp_2, Bacteroidetes_1166_2_tp_2, Cryptophyta_15_1_tp_2, Cyanobacteria_85_1_tp_2, Dinoflagellata_1862_1_tp_2, Proteobacteria_11210_1_tp_2, Proteobacteria_11429_4_tp_2, Proteobacteria_11431_1_tp_2",0.217543117172005,0.63848458031268
"Bacteroidetes_1360_1","Bacillariophyta_29_1_tp_2, Bacteroidetes_1249_1_tp_2, Chlorophyta__streptophyta_848_1_tp_2, Dinoflagellata_1009_1_tp_2, Dinoflagellata_1769_1_tp_2, Phylum_reps_2301_1_tp_2, Proteobacteria_11120_1_tp_2, Proteobacteria_6384_1_tp_2, Proteobacteria_7230_2_tp_2",0.175910734714075,0.644288963217593
"Bacteroidetes_1360_1","Bacillariophyta_219_1_tp_2, Bacteroidetes_1167_1_tp_2, Bacteroidetes_129_2_tp_2, Bacteroidetes_918_1_tp_2, Bacteroidetes_918_5_tp_2, Ciliophora_403_1_tp_2, Perkinsea_33_1_tp_2, Proteobacteria_11429_1_tp_2, Radiolaria_104_1_tp_2",0.284695731100947,0.638328374423329
"Bacteroidetes_1360_1","Archaea_179_1_tp_2, Bacillariophyta_123_1_tp_2, Chlorophyta__streptophyta_732_1_tp_2, Ciliophora_234_1_tp_2, Dinoflagellata_1010_1_tp_2, Dinoflagellata_955_1_tp_2, Proteobacteria_7100_1_tp_2, Proteobacteria_8175_1_tp_2, Proteobacteria_8177_1_tp_2",0.321972122271901,0.625142749022696
"Bacteroidetes_1360_1","Bacteroidetes_129_1_tp_2, Bacteroidetes_1360_4_tp_2, Cercozoa_23_1_tp_2, Dictyochophyceae_6_1_tp_2, Dinoflagellata_1728_1_tp_2, Planctomycetes_34_1_tp_2, Proteobacteria_11431_2_tp_2, Proteobacteria_7983_2_tp_2, Rhodophyta_506_1_tp_2",0.392904266485688,0.625334595577335
"Bacteroidetes_1360_1","Bacteroidetes_918_5_tp_2, Cercozoa_395_1_tp_2, Cyanobacteria_65_1_tp_2, Phylum_reps_2301_1_tp_2, Proteobacteria_11429_4_tp_2, Proteobacteria_7174_1_tp_2, Proteobacteria_7364_1_tp_2, Proteobacteria_8177_1_tp_2, Rhodophyta_506_1_tp_2",0.342039593024299,0.625173207664509
"Bacteroidetes_1360_1","Archaea_179_1_tp_2, Bacillariophyta_100_1_tp_2, Cryptophyta_15_2_tp_2, Perkinsea_33_1_tp_2, Proteobacteria_10114_1_tp_2, Proteobacteria_6384_1_tp_2, Proteobacteria_7230_1_tp_2, Proteobacteria_7289_1_tp_2, Proteobacteria_7983_5_tp_2",0.339544896728391,0.611044853297348
"Bacteroidetes_1360_1","Bacteroidetes_129_2_tp_2, Cryptophyta_108_1_tp_2, Dinoflagellata_1555_1_tp_2, Planctomycetes_61_1_tp_2, Proteobacteria_11429_1_tp_2, Proteobacteria_11429_4_tp_2, Proteobacteria_7983_5_tp_2, Proteobacteria_7983_6_tp_2, Sagenista_61_1_tp_2",0.359826036365087,0.612864986787623
"Bacteroidetes_1360_1","Bacillariophyta_196_1_tp_2, Cryptophyta_15_1_tp_2, Dinoflagellata_124_1_tp_2, Proteobacteria_10091_1_tp_2, Proteobacteria_10168_1_tp_2, Proteobacteria_11210_1_tp_2, Proteobacteria_7313_1_tp_2, Proteobacteria_7984_1_tp_2, Pseudofungi_43_1_tp_2",0.387475069153343,0.633066544856661
"Bacteroidetes_1360_1","Bacillariophyta_196_1_tp_2, Bacteroidetes_1235_1_tp_2, Bacteroidetes_1360_4_tp_2, Cercozoa_23_1_tp_2, Dinoflagellata_1771_1_tp_2, Planctomycetes_61_1_tp_2, Proteobacteria_6384_1_tp_2, Proteobacteria_7983_2_tp_2, Proteobacteria_8185_1_tp_2",0.408256128723645,0.603538359032179
"Bacteroidetes_1360_1","Bacteroidetes_1249_1_tp_2, Chlorophyta__streptophyta_845_1_tp_2, Ciliophora_1195_1_tp_2, Dinoflagellata_1009_1_tp_2, Dinoflagellata_1017_1_tp_2, Dinoflagellata_124_1_tp_2, Dinoflagellata_1496_1_tp_2, Div_reps_2942_1_tp_2, Nitrospirae_9_1_tp_2",0.350887751803327,0.621386571362976
"Bacteroidetes_1360_1","Bacteroidetes_1166_1_tp_2, Chlorophyta__streptophyta_848_1_tp_2, Cyanobacteria_85_1_tp_2, Dinoflagellata_1017_1_tp_2, Dinoflagellata_955_1_tp_2, Div_reps_1600_1_tp_2, Proteobacteria_7983_1_tp_2, Proteobacteria_7983_2_tp_2, Proteobacteria_8176_2_tp_2",0.269519755043001,0.629042904554805
"Bacteroidetes_1360_1","Bacteroidetes_1167_1_tp_2, Bacteroidetes_918_1_tp_2, Phylum_reps_1954_1_tp_2, Proteobacteria_11429_1_tp_2, Proteobacteria_11429_2_tp_2, Proteobacteria_7230_1_tp_2, Proteobacteria_7983_5_tp_2, Proteobacteria_8520_1_tp_2, Verrucomicrobia_23_1_tp_2",0.257193927294417,0.626190904111899
"Bacteroidetes_1360_1","Bacillariophyta_100_1_tp_2, Bacteroidetes_1151_1_tp_2, Bacteroidetes_956_1_tp_2, Dinoflagellata_1198_1_tp_2, Haptophyta_203_1_tp_2, Proteobacteria_10091_1_tp_2, Proteobacteria_6384_1_tp_2, Proteobacteria_7174_1_tp_2, Proteobacteria_8520_1_tp_2",0.364441975396342,0.624825230347233
"Bacteroidetes_1360_1","Archaea_164_1_tp_2, Bacillariophyta_123_1_tp_2, Dinoflagellata_1749_1_tp_2, Proteobacteria_11120_1_tp_2, Proteobacteria_11429_2_tp_2, Proteobacteria_5436_1_tp_2, Proteobacteria_7984_1_tp_2, Proteobacteria_8175_1_tp_2, Proteobacteria_9681_1_tp_2",0.385599606060344,0.603959325331464
"Bacteroidetes_1360_1","Bacteroidetes_1360_4_tp_2, Bacteroidetes_918_1_tp_2, Cryptophyta_15_1_tp_2, Cyanobacteria_65_1_tp_2, Dinoflagellata_1098_1_tp_2, Dinoflagellata_982_1_tp_2, Phylum_reps_2301_1_tp_2, Proteobacteria_7314_1_tp_2, Proteobacteria_9681_2_tp_2",0.264957105440212,0.649639337149408
"Bacteroidetes_1360_1","Bacteroidetes_1166_1_tp_2, Chlorophyta__streptophyta_845_1_tp_2, Ciliophora_280_1_tp_2, Cyanobacteria_48_1_tp_2, Phylum_reps_2301_1_tp_2, Picozoa_18_1_tp_2, Proteobacteria_5461_1_tp_2, Proteobacteria_6847_1_tp_2, Proteobacteria_7983_8_tp_2",0.3921946837468,0.615664737483514
"Bacteroidetes_1360_1","Bacteroidetes_1151_1_tp_2, Cyanobacteria_48_1_tp_2, Div_reps_2942_1_tp_2, Phylum_reps_2301_1_tp_2, Proteobacteria_11429_2_tp_2, Proteobacteria_11429_3_tp_2, Proteobacteria_7364_1_tp_2, Proteobacteria_9681_1_tp_2, Verrucomicrobia_18_1_tp_2",0.387973748862779,0.537078485218848
"Bacteroidetes_1360_1","Bacteroidetes_1360_2_tp_2, Chlorophyta__streptophyta_845_1_tp_2, Cyanobacteria_65_1_tp_2, Dinoflagellata_124_1_tp_2, Proteobacteria_6384_1_tp_2, Proteobacteria_7787_1_tp_2, Proteobacteria_8177_1_tp_2, Verrucomicrobia_18_4_tp_2, Verrucomicrobia_22_1_tp_2",0.384426265678297,0.605234825623367
"Bacteroidetes_1360_1","Actinobacteria_410_1_tp_2, Bacteroidetes_1166_2_tp_2, Bacteroidetes_1204_1_tp_2, Bacteroidetes_129_1_tp_2, Chlorophyta__streptophyta_120_1_tp_2, Chlorophyta__streptophyta_848_1_tp_2, Cyanobacteria_48_1_tp_2, Perkinsea_44_1_tp_2, Proteobacteria_11210_1_tp_2",0.31718485120219,0.621323053041518
"Bacteroidetes_1360_1","Bacillariophyta_31_1_tp_2, Bacteroidetes_1204_1_tp_2, Cyanobacteria_65_1_tp_2, Div_reps_2942_1_tp_2, Proteobacteria_10114_1_tp_2, Proteobacteria_7230_3_tp_2, Proteobacteria_7983_2_tp_2, Radiolaria_104_1_tp_2, Verrucomicrobia_18_3_tp_2",0.298117956218393,0.640804195536999
"Bacteroidetes_1360_1","Actinobacteria_410_2_tp_2, Bacillariophyta_31_1_tp_2, Bacteroidetes_1360_4_tp_2, Chlorophyta__streptophyta_895_1_tp_2, Dinoflagellata_1496_1_tp_2, Haptophyta_148_1_tp_2, Nitrospirae_9_1_tp_2, Proteobacteria_10114_1_tp_2, Verrucomicrobia_18_1_tp_2",0.324152682476258,0.627379693636975
"Bacteroidetes_1360_1","Bacteroidetes_1224_1_tp_2, Bacteroidetes_1249_1_tp_2, Bacteroidetes_317_1_tp_2, Bacteroidetes_918_5_tp_2, Chlorophyta__streptophyta_120_1_tp_2, Chlorophyta__streptophyta_732_1_tp_2, Ciliophora_451_1_tp_2, Proteobacteria_7295_1_tp_2, Proteobacteria_7364_1_tp_2",0.38752627020861,0.631457363250353
"Bacteroidetes_1360_1","Chlorophyta__streptophyta_120_1_tp_2, Chlorophyta__streptophyta_833_1_tp_2, Dinoflagellata_124_1_tp_2, Dinoflagellata_1728_2_tp_2, Dinoflagellata_1769_1_tp_2, Dinoflagellata_874_1_tp_2, Phylum_reps_2301_1_tp_2, Proteobacteria_10114_1_tp_2, temperature_tp_2",0.161301150575969,0.644700263355098
"Bacteroidetes_1360_1","Archaea_164_1_tp_2, Bacillariophyta_138_1_tp_2, Bacteroidetes_1360_5_tp_2, Cryptophyta_108_1_tp_2, Phylum_reps_2301_1_tp_2, Proteobacteria_11155_1_tp_2, Proteobacteria_5436_1_tp_2, Proteobacteria_7230_1_tp_2, Proteobacteria_8177_1_tp_2",0.445973224838488,0.60986592893768
"Bacteroidetes_1360_1","Bacteroidetes_1204_1_tp_2, Bacteroidetes_1349_1_tp_2, Bacteroidetes_938_1_tp_2, Dinoflagellata_124_1_tp_2, Div_reps_1600_2_tp_2, Perkinsea_44_1_tp_2, Phylum_reps_1954_1_tp_2, Proteobacteria_7289_1_tp_2, Verrucomicrobia_22_1_tp_2",0.232853441231172,0.637672646846136
"Bacteroidetes_1360_1","Bacteroidetes_1224_1_tp_2, Ciliophora_403_1_tp_2, Dinoflagellata_1793_1_tp_2, Dinoflagellata_1968_1_tp_2, Proteobacteria_7230_1_tp_2, Proteobacteria_7983_2_tp_2, Proteobacteria_8176_1_tp_2, Proteobacteria_8185_1_tp_2, Sagenista_61_1_tp_2",0.437086438222094,0.598188102571194
"Bacteroidetes_1360_1","Archaea_164_1_tp_2, Bacteroidetes_1204_1_tp_2, Bacteroidetes_1360_3_tp_2, Bacteroidetes_938_1_tp_2, Dinoflagellata_1098_1_tp_2, Dinoflagellata_874_1_tp_2, Proteobacteria_7313_1_tp_2, Proteobacteria_7983_4_tp_2, Radiolaria_104_1_tp_2",0.197155046064553,0.642212496526525
"Bacteroidetes_1360_1","Bacteroidetes_129_1_tp_2, Bacteroidetes_1360_5_tp_2, Bacteroidetes_918_2_tp_2, Perkinsea_33_1_tp_2, Proteobacteria_7174_1_tp_2, Proteobacteria_7230_2_tp_2, Proteobacteria_7231_1_tp_2, Proteobacteria_7787_1_tp_2, Raphidophyceae_3_1_tp_2",0.451904742329754,0.621753680333283
"Bacteroidetes_1360_1","Bacteroidetes_1178_1_tp_2, Bacteroidetes_129_2_tp_2, Chlorophyta__streptophyta_895_1_tp_2, Dinoflagellata_1496_1_tp_2, Dinoflagellata_1542_1_tp_2, Dinoflagellata_1771_2_tp_2, Proteobacteria_7174_1_tp_2, Proteobacteria_7316_1_tp_2, Proteobacteria_7984_1_tp_2",0.359654509087758,0.617373048079066
"Bacteroidetes_1360_1","Ciliophora_234_1_tp_2, Cryptophyta_108_1_tp_2, Cyanobacteria_65_1_tp_2, Dinoflagellata_1010_1_tp_2, Dinoflagellata_1198_1_tp_2, Dinoflagellata_124_1_tp_2, Dinoflagellata_1711_1_tp_2, Proteobacteria_11431_1_tp_2, Proteobacteria_7982_2_tp_2",0.449805217308342,0.608144096603607
"Bacteroidetes_1360_1","Bacillariophyta_100_1_tp_2, Bacteroidetes_1360_3_tp_2, Chlorophyta__streptophyta_751_1_tp_2, Dinoflagellata_1771_1_tp_2, Planctomycetes_27_1_tp_2, Proteobacteria_11429_4_tp_2, Proteobacteria_7319_1_tp_2, Proteobacteria_7364_1_tp_2, Sagenista_53_1_tp_2",0.288912331336828,0.642772805846311
"Bacteroidetes_1360_1","Bacteroidetes_1204_1_tp_2, Div_reps_2942_1_tp_2, Proteobacteria_10114_1_tp_2, Proteobacteria_11210_2_tp_2, Proteobacteria_11428_1_tp_2, Proteobacteria_7166_1_tp_2, Proteobacteria_7314_1_tp_2, Proteobacteria_8177_1_tp_2, Raphidophyceae_3_1_tp_2",0.228602112704145,0.654449016173988
"Bacteroidetes_1360_1","Bacteroidetes_317_1_tp_2, Cercozoa_395_1_tp_2, Dinoflagellata_1862_1_tp_2, Proteobacteria_10168_1_tp_2, Proteobacteria_11431_2_tp_2, Proteobacteria_5461_1_tp_2, Proteobacteria_7100_1_tp_2, Proteobacteria_7319_1_tp_2, Proteobacteria_7983_7_tp_2",0.355223456408621,0.629845231268276
"Bacteroidetes_1360_1","Bacillariophyta_44_1_tp_2, Bacteroidetes_919_1_tp_2, Ciliophora_1195_1_tp_2, Dinoflagellata_1198_1_tp_2, Proteobacteria_11428_1_tp_2, Proteobacteria_7313_1_tp_2, Proteobacteria_7983_6_tp_2, Pseudofungi_43_1_tp_2, Verrucomicrobia_22_1_tp_2",0.36545214836333,0.616291174421333
"Bacteroidetes_1360_1","Bacteroidetes_918_1_tp_2, Cercozoa_23_1_tp_2, Chlorophyta__streptophyta_120_1_tp_2, Dinoflagellata_1098_1_tp_2, Div_reps_1600_1_tp_2, Perkinsea_33_1_tp_2, Proteobacteria_7364_1_tp_2, Proteobacteria_7983_3_tp_2, Raphidophyceae_3_1_tp_2",0.216169762733875,0.637827146188976
"Bacteroidetes_1360_1","Archaea_179_1_tp_2, Bacteroidetes_918_4_tp_2, Bacteroidetes_919_2_tp_2, Lobosa_11_1_tp_2, Proteobacteria_11120_1_tp_2, Proteobacteria_7174_1_tp_2, Proteobacteria_7295_1_tp_2, Proteobacteria_7984_1_tp_2, Verrucomicrobia_18_3_tp_2",0.216100608883256,0.658245922692555
"Bacteroidetes_1360_1","Actinobacteria_410_1_tp_2, Bacteroidetes_918_1_tp_2, Bacteroidetes_918_2_tp_2, Ciliophora_234_1_tp_2, Ciliophora_280_1_tp_2, Phylum_reps_1954_1_tp_2, Proteobacteria_11210_2_tp_2, Proteobacteria_7983_2_tp_2, Proteobacteria_9681_2_tp_2",0.194868975513405,0.652667129687756
"Bacteroidetes_1360_1","Bacillariophyta_100_1_tp_2, Bacteroidetes_1264_1_tp_2, Dinoflagellata_1098_1_tp_2, Proteobacteria_11431_2_tp_2, Proteobacteria_5461_1_tp_2, Proteobacteria_7166_1_tp_2, Proteobacteria_7984_1_tp_2, Proteobacteria_9681_1_tp_2, Verrucomicrobia_18_2_tp_2",0.434984762265289,0.48713918752728
"Bacteroidetes_1360_1","Bacillariophyta_138_1_tp_2, Bacteroidetes_317_1_tp_2, Ciliophora_403_1_tp_2, Dinoflagellata_1010_1_tp_2, Picozoa_6_1_tp_2, Proteobacteria_5436_1_tp_2, Proteobacteria_7295_1_tp_2, Proteobacteria_7983_2_tp_2, Proteobacteria_7983_7_tp_2",0.424787550744981,0.619429989678621
"Bacteroidetes_1360_1","Bacteroidetes_1166_2_tp_2, Bacteroidetes_1360_4_tp_2, Chrysophyceae_16_1_tp_2, Dinoflagellata_982_1_tp_2, Div_reps_2942_1_tp_2, Lobosa_11_1_tp_2, Proteobacteria_11155_1_tp_2, Proteobacteria_7982_1_tp_2, Proteobacteria_8175_1_tp_2",0.367595907997186,0.61193896423399
"Bacteroidetes_1360_1","Bacteroidetes_1151_1_tp_2, Bacteroidetes_1167_1_tp_2, Bacteroidetes_1204_1_tp_2, Chlorophyta__streptophyta_848_1_tp_2, Cryptophyta_15_2_tp_2, Dinoflagellata_1010_1_tp_2, Div_reps_1600_1_tp_2, Proteobacteria_11210_2_tp_2, Proteobacteria_9681_2_tp_2",0.273599214476186,0.657945001712235
"Bacteroidetes_1360_1","Bacteroidetes_129_1_tp_2, Chlorophyta__streptophyta_833_1_tp_2, Dinoflagellata_1728_2_tp_2, Haptophyta_203_1_tp_2, Perkinsea_33_1_tp_2, Planctomycetes_27_1_tp_2, Proteobacteria_7230_2_tp_2, Proteobacteria_7314_1_tp_2, Proteobacteria_9681_1_tp_2",0.248761443731669,0.631904371992025
"Bacteroidetes_1360_1","Bacillariophyta_100_1_tp_2, Bacteroidetes_1166_2_tp_2, Bacteroidetes_919_1_tp_2, Ciliophora_403_1_tp_2, Dinoflagellata_1771_2_tp_2, Perkinsea_44_1_tp_2, Proteobacteria_11155_2_tp_2, Proteobacteria_8177_1_tp_2, Raphidophyceae_3_1_tp_2",0.328786498882581,0.633602590526924
"Bacteroidetes_1360_1","Bacillariophyta_196_1_tp_2, Dinoflagellata_1658_1_tp_2, Dinoflagellata_1769_1_tp_2, Div_reps_1600_2_tp_2, Planctomycetes_61_1_tp_2, Proteobacteria_11155_2_tp_2, Proteobacteria_11429_1_tp_2, Proteobacteria_8177_2_tp_2, Verrucomicrobia_18_1_tp_2",0.411903653272667,0.61057655727573
"Bacteroidetes_1360_1","Bacillariophyta_123_1_tp_2, Cryptophyta_108_1_tp_2, Dinoflagellata_1728_1_tp_2, Dinoflagellata_955_1_tp_2, Proteobacteria_11431_2_tp_2, Proteobacteria_6384_1_tp_2, Proteobacteria_7174_1_tp_2, Proteobacteria_8520_1_tp_2, Verrucomicrobia_18_1_tp_2",0.354478695019766,0.618977892609811
"Bacteroidetes_1360_1","Bacillariophyta_44_1_tp_2, Bacteroidetes_1178_1_tp_2, Bacteroidetes_918_2_tp_2, Ciliophora_298_1_tp_2, Dinoflagellata_1728_1_tp_2, Proteobacteria_11155_1_tp_2, Proteobacteria_11210_2_tp_2, Proteobacteria_7289_1_tp_2, Verrucomicrobia_18_1_tp_2",0.208054773206977,0.641383952636593
"Bacteroidetes_1360_1","Bacteroidetes_1235_1_tp_2, Cercozoa_22_1_tp_2, Ciliophora_1195_1_tp_2, Dinoflagellata_1098_1_tp_2, Dinoflagellata_1862_1_tp_2, Dinoflagellata_874_1_tp_2, Proteobacteria_7319_1_tp_2, Proteobacteria_7983_6_tp_2, Proteobacteria_7983_7_tp_2",0.353205488215339,0.611512678078439
"Bacteroidetes_1360_1","Ciliophora_1195_1_tp_2, Cryptophyta_15_1_tp_2, Planctomycetes_27_1_tp_2, Proteobacteria_7231_1_tp_2, Proteobacteria_7787_1_tp_2, Proteobacteria_7982_1_tp_2, Proteobacteria_7983_1_tp_2, Verrucomicrobia_22_2_tp_2, Verrucomicrobia_23_1_tp_2",0.320981074574948,0.620764687893408
"Bacteroidetes_1360_1","Bacteroidetes_1166_2_tp_2, Chlorophyta__streptophyta_732_1_tp_2, Dinoflagellata_1014_1_tp_2, Dinoflagellata_1017_1_tp_2, Div_reps_2942_1_tp_2, Perkinsea_33_1_tp_2, Planctomycetes_61_1_tp_2, Proteobacteria_7174_1_tp_2, Verrucomicrobia_22_1_tp_2",0.19471893414783,0.660991752568028
"Bacteroidetes_1360_1","Bacteroidetes_1204_1_tp_2, Bacteroidetes_1235_1_tp_2, Bacteroidetes_938_1_tp_2, Cercozoa_23_1_tp_2, Cyanobacteria_85_1_tp_2, Dinoflagellata_1658_1_tp_2, Proteobacteria_11429_3_tp_2, Sagenista_61_1_tp_2, Verrucomicrobia_18_4_tp_2",0.300539184560279,0.61833832022905
"Bacteroidetes_1360_1","Dinoflagellata_1793_1_tp_2, Dinoflagellata_982_1_tp_2, Div_reps_2942_1_tp_2, Planctomycetes_27_1_tp_2, Proteobacteria_10168_1_tp_2, Proteobacteria_7100_1_tp_2, Proteobacteria_7982_2_tp_2, Proteobacteria_8176_1_tp_2, Rhodophyta_506_1_tp_2",0.467497410524743,0.600743278273444
"Bacteroidetes_1360_1","Bacillariophyta_123_1_tp_2, Bacillariophyta_29_1_tp_2, Bacteroidetes_919_3_tp_2, Dictyochophyceae_6_1_tp_2, Dinoflagellata_1009_1_tp_2, Dinoflagellata_1658_1_tp_2, Proteobacteria_11429_3_tp_2, Proteobacteria_7230_2_tp_2, Proteobacteria_8178_1_tp_2",0.260669699129769,0.628464073268677
"Bacteroidetes_1360_1","Bacillariophyta_219_1_tp_2, Bacteroidetes_1204_1_tp_2, Cryptophyta_108_1_tp_2, Dinoflagellata_1017_1_tp_2, Picozoa_18_1_tp_2, Proteobacteria_11210_1_tp_2, Proteobacteria_7100_1_tp_2, Proteobacteria_7230_3_tp_2, Proteobacteria_7982_1_tp_2",0.3908614765802,0.613548093589444
"Bacteroidetes_1360_1","Bacteroidetes_317_1_tp_2, Chlorophyta__streptophyta_833_1_tp_2, Cyanobacteria_48_1_tp_2, Proteobacteria_11431_1_tp_2, Proteobacteria_7289_1_tp_2, Proteobacteria_7313_1_tp_2, Proteobacteria_7983_7_tp_2, Proteobacteria_8176_2_tp_2, Raphidophyceae_3_1_tp_2",0.28478108040947,0.654245299329825
"Bacteroidetes_1360_1","Bacteroidetes_129_1_tp_2, Bacteroidetes_918_1_tp_2, Chlorophyta__streptophyta_833_1_tp_2, Chlorophyta__streptophyta_848_1_tp_2, Dinoflagellata_1555_1_tp_2, Proteobacteria_10114_1_tp_2, Proteobacteria_11429_3_tp_2, Proteobacteria_7289_1_tp_2, Proteobacteria_7295_1_tp_2",0.286833090703493,0.635581485675942
"Bacteroidetes_1360_1","Bacteroidetes_1166_2_tp_2, Bacteroidetes_1235_1_tp_2, Bacteroidetes_1249_1_tp_2, Chlorophyta__streptophyta_848_1_tp_2, Ciliophora_234_1_tp_2, Proteobacteria_10168_1_tp_2, Proteobacteria_7230_1_tp_2, Proteobacteria_7295_1_tp_2, Proteobacteria_7983_6_tp_2",0.328370203382487,0.62231417872117
"Bacteroidetes_1360_1","Bacteroidetes_1235_1_tp_2, Cercozoa_23_1_tp_2, Dinoflagellata_1010_1_tp_2, Dinoflagellata_1728_1_tp_2, Proteobacteria_7787_1_tp_2, Proteobacteria_8175_1_tp_2, Proteobacteria_8177_1_tp_2, Proteobacteria_9681_1_tp_2, Rhodophyta_506_1_tp_2",0.430379636695827,0.594754984377656
"Bacteroidetes_1360_1","Bacteroidetes_1194_1_tp_2, Bacteroidetes_918_2_tp_2, Bacteroidetes_918_4_tp_2, Bacteroidetes_918_5_tp_2, Bacteroidetes_919_2_tp_2, Ciliophora_234_1_tp_2, Dinoflagellata_1771_1_tp_2, Dinoflagellata_1771_2_tp_2, Proteobacteria_11120_1_tp_2",0.398719709405064,0.62284292187076
"Bacteroidetes_1360_1","Bacteroidetes_1151_1_tp_2, Bacteroidetes_1194_1_tp_2, Cercozoa_22_1_tp_2, Ciliophora_403_1_tp_2, Katablepharidophyta_7_1_tp_2, Proteobacteria_6384_1_tp_2, Proteobacteria_7230_3_tp_2, Proteobacteria_7289_1_tp_2, Sagenista_53_1_tp_2",0.213667472302369,0.655603683610059
"Bacteroidetes_1360_1","Bacteroidetes_1349_1_tp_2, Dinoflagellata_1009_1_tp_2, Dinoflagellata_1014_1_tp_2, Haptophyta_148_1_tp_2, Nitrospirae_9_1_tp_2, Proteobacteria_11210_2_tp_2, Proteobacteria_7230_1_tp_2, Proteobacteria_8185_1_tp_2, Sagenista_53_1_tp_2",0.265903141003889,0.641554180156688
"Bacteroidetes_1360_1","Archaea_164_2_tp_2, Bacillariophyta_100_1_tp_2, Ciliophora_1195_1_tp_2, Ciliophora_403_1_tp_2, Dinoflagellata_1771_2_tp_2, Planctomycetes_34_1_tp_2, Proteobacteria_11155_2_tp_2, Proteobacteria_8175_1_tp_2, Proteobacteria_8185_1_tp_2",0.448615453736802,0.60368476937567
"Bacteroidetes_1360_1","Bacillariophyta_31_1_tp_2, Bacteroidetes_918_3_tp_2, Div_reps_1600_1_tp_2, Perkinsea_44_1_tp_2, Proteobacteria_11429_3_tp_2, Proteobacteria_11431_2_tp_2, Proteobacteria_22_1_tp_2, Proteobacteria_8176_1_tp_2, Verrucomicrobia_18_3_tp_2",0.314635036475504,0.618100399761405
"Bacteroidetes_1360_1","Bacteroidetes_1360_4_tp_2, Bacteroidetes_918_4_tp_2, Dinoflagellata_1711_1_tp_2, Lobosa_11_1_tp_2, Proteobacteria_7316_1_tp_2, Proteobacteria_8175_1_tp_2, Raphidophyceae_3_1_tp_2, Sagenista_53_1_tp_2, Verrucomicrobia_22_2_tp_2",0.306236071621158,0.641022672708428
"Bacteroidetes_1360_1","Ciliophora_280_1_tp_2, Dinoflagellata_1728_2_tp_2, Perkinsea_44_1_tp_2, Phylum_reps_1985_1_tp_2, Proteobacteria_11210_1_tp_2, Proteobacteria_11429_1_tp_2, Proteobacteria_7983_4_tp_2, Proteobacteria_8177_1_tp_2, Proteobacteria_8178_1_tp_2",0.434399689440275,0.604357267785863
"Bacteroidetes_1360_1","Bacillariophyta_219_1_tp_2, Bacteroidetes_1360_4_tp_2, Chlorophyta__streptophyta_848_1_tp_2, Dinoflagellata_955_1_tp_2, Dinoflagellata_982_1_tp_2, Proteobacteria_11431_2_tp_2, Proteobacteria_7289_1_tp_2, Proteobacteria_7983_1_tp_2, Proteobacteria_7983_3_tp_2",0.415307347485968,0.609732161748503
"Bacteroidetes_1360_1","Ciliophora_234_1_tp_2, Haptophyta_148_1_tp_2, Planctomycetes_61_1_tp_2, Proteobacteria_10114_1_tp_2, Proteobacteria_7295_1_tp_2, Proteobacteria_7787_1_tp_2, Proteobacteria_7982_2_tp_2, Proteobacteria_7983_7_tp_2, temperature_tp_2",0.287787991834233,0.632214575361626
"Bacteroidetes_1360_1","Bacteroidetes_918_1_tp_2, Bacteroidetes_918_4_tp_2, Bacteroidetes_919_3_tp_2, Cryptophyta_15_1_tp_2, Cryptophyta_15_2_tp_2, Haptophyta_148_1_tp_2, Proteobacteria_7982_1_tp_2, Proteobacteria_7983_7_tp_2, Verrucomicrobia_23_1_tp_2",0.361690367968196,0.626422200968734
"Bacteroidetes_1360_1","Bacteroidetes_131_1_tp_2, Bacteroidetes_1349_1_tp_2, Chlorophyta__streptophyta_845_1_tp_2, Cyanobacteria_65_1_tp_2, Dinoflagellata_1771_1_tp_2, Planctomycetes_61_1_tp_2, Proteobacteria_10091_1_tp_2, Proteobacteria_7230_2_tp_2, Proteobacteria_7295_1_tp_2",0.382685088251219,0.610121358846799
"Bacteroidetes_1360_1","Bacteroidetes_938_1_tp_2, Cercozoa_395_1_tp_2, Cyanobacteria_48_1_tp_2, Dinoflagellata_1010_1_tp_2, Dinoflagellata_1968_1_tp_2, Div_reps_2942_1_tp_2, Planctomycetes_27_1_tp_2, Proteobacteria_7231_1_tp_2, Proteobacteria_7983_4_tp_2",0.262252478650955,0.64040867037344
"Bacteroidetes_1360_1","Bacteroidetes_1186_1_tp_2, Cercozoa_395_1_tp_2, Chlorophyta__streptophyta_751_1_tp_2, Ciliophora_403_1_tp_2, Dinoflagellata_1014_1_tp_2, Proteobacteria_11155_1_tp_2, Proteobacteria_7983_7_tp_2, Rhodophyta_506_1_tp_2, temperature_tp_2",0.431358181248931,0.615743522545257
"Bacteroidetes_1360_1","Bacteroidetes_1204_1_tp_2, Dinoflagellata_1711_1_tp_2, Dinoflagellata_1862_1_tp_2, Haptophyta_203_1_tp_2, Proteobacteria_11431_1_tp_2, Proteobacteria_7319_1_tp_2, Proteobacteria_7982_2_tp_2, Proteobacteria_8177_1_tp_2, Verrucomicrobia_23_1_tp_2",0.323213499350332,0.64079564349049
"Bacteroidetes_1360_1","Bacteroidetes_1249_1_tp_2, Chlorophyta__streptophyta_120_1_tp_2, Chlorophyta__streptophyta_845_1_tp_2, Planctomycetes_27_1_tp_2, Proteobacteria_11429_2_tp_2, Proteobacteria_22_1_tp_2, Proteobacteria_7313_1_tp_2, Proteobacteria_8178_1_tp_2, Proteobacteria_9681_1_tp_2",0.371606542049618,0.61342749134686
"Bacteroidetes_1360_1","Archaea_164_1_tp_2, Archaea_164_2_tp_2, Bacillariophyta_138_1_tp_2, Bacteroidetes_1360_2_tp_2, Cryptophyta_108_1_tp_2, Proteobacteria_11190_1_tp_2, Proteobacteria_7316_1_tp_2, Proteobacteria_7983_3_tp_2, Verrucomicrobia_18_1_tp_2",0.477455664332405,0.590788480959514
"Bacteroidetes_1360_1","Archaea_179_1_tp_2, Bacteroidetes_129_1_tp_2, Ciliophora_451_1_tp_2, Cryptophyta_15_1_tp_2, Haptophyta_148_1_tp_2, Proteobacteria_11431_2_tp_2, Proteobacteria_7983_8_tp_2, Proteobacteria_8520_1_tp_2, Proteobacteria_9649_1_tp_2",0.43848469172835,0.635344546763424
"Bacteroidetes_1360_1","Bacillariophyta_138_1_tp_2, Bacteroidetes_317_1_tp_2, Ciliophora_1195_1_tp_2, Dinoflagellata_1793_1_tp_2, Div_reps_2942_1_tp_2, Picozoa_6_1_tp_2, Proteobacteria_7364_1_tp_2, Proteobacteria_8177_1_tp_2, temperature_tp_2",0.434702929501604,0.612416148749799
"Bacteroidetes_1360_1","Bacteroidetes_1151_1_tp_2, Bacteroidetes_918_4_tp_2, Cercozoa_291_1_tp_2, Cyanobacteria_73_1_tp_2, Dinoflagellata_1968_1_tp_2, Proteobacteria_7319_1_tp_2, Proteobacteria_7983_7_tp_2, Radiolaria_104_1_tp_2, temperature_tp_2",0.366688948742316,0.623340313133337
"Bacteroidetes_1360_1","Bacillariophyta_44_1_tp_2, Bacteroidetes_131_1_tp_2, Bacteroidetes_919_1_tp_2, Ciliophora_280_1_tp_2, Dinoflagellata_1496_1_tp_2, Dinoflagellata_1862_1_tp_2, Proteobacteria_11428_1_tp_2, Proteobacteria_7295_1_tp_2, Proteobacteria_9649_1_tp_2",0.375531414892274,0.621431525103875
"Bacteroidetes_1360_1","Chlorophyta__streptophyta_732_1_tp_2, Ciliophora_451_1_tp_2, Dinoflagellata_1555_1_tp_2, Picozoa_6_1_tp_2, Proteobacteria_11429_4_tp_2, Proteobacteria_7166_1_tp_2, Proteobacteria_7982_2_tp_2, Rhodophyta_506_1_tp_2, Verrucomicrobia_22_1_tp_2",0.382098621210893,0.614222839846879
"Bacteroidetes_1360_1","Bacillariophyta_29_1_tp_2, Bacteroidetes_1166_1_tp_2, Bacteroidetes_1349_1_tp_2, Bacteroidetes_1360_3_tp_2, Cyanobacteria_85_1_tp_2, Dinoflagellata_1793_1_tp_2, Planctomycetes_27_1_tp_2, Proteobacteria_11190_1_tp_2, Proteobacteria_7787_1_tp_2",0.236077090318296,0.640341796148078
"Bacteroidetes_1360_1","Bacteroidetes_1166_1_tp_2, Bacteroidetes_1166_2_tp_2, Bacteroidetes_1224_1_tp_2, Cercozoa_22_1_tp_2, Cercozoa_23_1_tp_2, Dinoflagellata_955_1_tp_2, Planctomycetes_61_1_tp_2, Proteobacteria_7982_2_tp_2, Proteobacteria_9649_1_tp_2",0.244010675213001,0.625017677916569
"Bacteroidetes_1360_1","Bacillariophyta_138_1_tp_2, Bacteroidetes_1167_1_tp_2, Bacteroidetes_1349_1_tp_2, Cercozoa_395_1_tp_2, Dinoflagellata_1555_1_tp_2, Proteobacteria_7314_1_tp_2, Proteobacteria_7319_1_tp_2, Proteobacteria_7983_6_tp_2, Verrucomicrobia_23_1_tp_2",0.351293875933056,0.620531068686962
"Bacteroidetes_1360_1","Chlorophyta__streptophyta_845_1_tp_2, Haptophyta_148_1_tp_2, Phylum_reps_2301_1_tp_2, Proteobacteria_7231_1_tp_2, Proteobacteria_7983_3_tp_2, Proteobacteria_7983_6_tp_2, Proteobacteria_7984_1_tp_2, Proteobacteria_8176_2_tp_2, Sagenista_53_1_tp_2",0.373327161320167,0.617699833672873
"Bacteroidetes_1360_1","Actinobacteria_410_2_tp_2, Archaea_164_1_tp_2, Bacillariophyta_138_1_tp_2, Bacteroidetes_1166_2_tp_2, Bacteroidetes_1264_1_tp_2, Cercozoa_22_1_tp_2, Chlorophyta__streptophyta_833_1_tp_2, Cryptophyta_15_1_tp_2, Dinoflagellata_1749_1_tp_2",0.228924784202082,0.63295093476423
"Bacteroidetes_1360_1","Cercozoa_291_1_tp_2, Cyanobacteria_73_1_tp_2, Dinoflagellata_1771_2_tp_2, Katablepharidophyta_7_1_tp_2, Phylum_reps_1954_1_tp_2, Proteobacteria_11155_1_tp_2, Proteobacteria_11429_1_tp_2, temperature_tp_2, Verrucomicrobia_22_2_tp_2",0.448379683355528,0.606962245877763
"Bacteroidetes_1360_1","Bacillariophyta_138_1_tp_2, Bacteroidetes_1186_1_tp_2, Dinoflagellata_1496_1_tp_2, Haptophyta_203_1_tp_2, Lobosa_11_1_tp_2, Proteobacteria_11431_2_tp_2, Proteobacteria_22_1_tp_2, Sagenista_61_1_tp_2, Verrucomicrobia_18_4_tp_2",0.349939722572057,0.610620915140828
"Bacteroidetes_1360_1","Bacteroidetes_129_2_tp_2, Chlorophyta__streptophyta_120_1_tp_2, Ciliophora_1195_1_tp_2, Dinoflagellata_1793_1_tp_2, Dinoflagellata_874_1_tp_2, Phylum_reps_1985_1_tp_2, Phylum_reps_2301_1_tp_2, Planctomycetes_61_1_tp_2, Proteobacteria_11431_2_tp_2",0.262334376842031,0.644336672325134
"Bacteroidetes_1360_1","Bacteroidetes_1249_1_tp_2, Cercozoa_23_1_tp_2, Cyanobacteria_48_1_tp_2, Dictyochophyceae_6_1_tp_2, Div_reps_1600_1_tp_2, Perkinsea_44_1_tp_2, Phylum_reps_1954_1_tp_2, Planctomycetes_61_1_tp_2, Proteobacteria_11428_1_tp_2",0.362784064751285,0.613012346856347
"Bacteroidetes_1360_1","Bacteroidetes_129_2_tp_2, Bacteroidetes_1360_2_tp_2, Cryptophyta_108_1_tp_2, Dictyochophyceae_6_1_tp_2, Planctomycetes_34_1_tp_2, Proteobacteria_11210_2_tp_2, Proteobacteria_7982_1_tp_2, Proteobacteria_7983_1_tp_2, Proteobacteria_8178_1_tp_2",0.391666045616467,0.622701896549822
"Bacteroidetes_1360_1","Bacillariophyta_196_1_tp_2, Bacteroidetes_1249_1_tp_2, Bacteroidetes_317_1_tp_2, Bacteroidetes_918_5_tp_2, Cercozoa_395_1_tp_2, Chrysophyceae_16_1_tp_2, Proteobacteria_7166_1_tp_2, Radiolaria_104_1_tp_2, Sagenista_61_1_tp_2",0.278500891645754,0.626818463529455
"Bacteroidetes_1360_1","Bacteroidetes_1151_1_tp_2, Bacteroidetes_131_1_tp_2, Bacteroidetes_918_1_tp_2, Bacteroidetes_938_1_tp_2, Cercozoa_291_1_tp_2, Dinoflagellata_124_1_tp_2, Dinoflagellata_1542_1_tp_2, Proteobacteria_7316_1_tp_2, Raphidophyceae_3_1_tp_2",0.336380105435604,0.641099874578662
"Bacteroidetes_1360_1","Bacteroidetes_1166_2_tp_2, Bacteroidetes_1235_1_tp_2, Bacteroidetes_129_1_tp_2, Bacteroidetes_918_4_tp_2, Nitrospirae_9_1_tp_2, Proteobacteria_5461_1_tp_2, Proteobacteria_7319_1_tp_2, Proteobacteria_8176_2_tp_2, Raphidophyceae_3_1_tp_2",0.26173265631962,0.647396103146181
"Bacteroidetes_1360_1","Bacteroidetes_131_1_tp_2, Bacteroidetes_956_1_tp_2, Proteobacteria_11120_1_tp_2, Proteobacteria_11155_2_tp_2, Proteobacteria_22_1_tp_2, Proteobacteria_7295_1_tp_2, Proteobacteria_7983_2_tp_2, Pseudofungi_43_1_tp_2, temperature_tp_2",0.305613832424123,0.620160494094443
"Bacteroidetes_1360_1","Bacteroidetes_1178_1_tp_2, Bacteroidetes_938_1_tp_2, Cercozoa_22_1_tp_2, Dinoflagellata_1542_1_tp_2, Dinoflagellata_1771_2_tp_2, Proteobacteria_11210_2_tp_2, Proteobacteria_7230_2_tp_2, Proteobacteria_7313_1_tp_2, Sagenista_53_1_tp_2",0.0580543749023831,0.670668487338519
"Bacteroidetes_1360_1","Bacteroidetes_1360_4_tp_2, Bacteroidetes_317_1_tp_2, Cryptophyta_108_1_tp_2, Dinoflagellata_1771_1_tp_2, Lobosa_11_1_tp_2, Proteobacteria_11190_1_tp_2, Proteobacteria_11210_1_tp_2, Proteobacteria_5436_1_tp_2, Proteobacteria_7983_1_tp_2",0.402045193160382,0.622637954029306
"Bacteroidetes_1360_1","Bacillariophyta_138_1_tp_2, Bacteroidetes_1167_1_tp_2, Bacteroidetes_918_5_tp_2, Dinoflagellata_1771_1_tp_2, Dinoflagellata_874_1_tp_2, Haptophyta_148_1_tp_2, Proteobacteria_11155_1_tp_2, Proteobacteria_7983_2_tp_2, Proteobacteria_8176_2_tp_2",0.288407899257986,0.658510579615057
"Bacteroidetes_1360_1","Bacillariophyta_138_1_tp_2, Bacteroidetes_1224_1_tp_2, Picozoa_18_1_tp_2, Proteobacteria_11190_1_tp_2, Proteobacteria_7100_1_tp_2, Proteobacteria_7316_1_tp_2, Proteobacteria_7364_1_tp_2, Proteobacteria_8177_1_tp_2, Proteobacteria_8178_1_tp_2",0.389088778236668,0.623410271637692
"Bacteroidetes_1360_1","Archaea_164_2_tp_2, Bacteroidetes_131_1_tp_2, Bacteroidetes_938_1_tp_2, Perkinsea_33_1_tp_2, Picozoa_6_1_tp_2, Proteobacteria_5461_1_tp_2, Proteobacteria_7100_1_tp_2, Proteobacteria_7364_1_tp_2, Radiolaria_104_1_tp_2",0.435380540919075,0.613196512861303
"Bacteroidetes_1360_1","Bacillariophyta_100_1_tp_2, Bacteroidetes_918_3_tp_2, Haptophyta_148_1_tp_2, Perkinsea_44_1_tp_2, Planctomycetes_61_1_tp_2, Proteobacteria_5461_1_tp_2, Proteobacteria_7319_1_tp_2, Proteobacteria_7364_1_tp_2, Proteobacteria_8175_1_tp_2",0.344812583846219,0.612836625047347
"Bacteroidetes_1360_1","Archaea_164_2_tp_2, Bacteroidetes_1349_1_tp_2, Bacteroidetes_918_5_tp_2, Chrysophyceae_16_1_tp_2, Dinoflagellata_982_1_tp_2, Div_reps_2942_1_tp_2, Proteobacteria_11210_1_tp_2, Proteobacteria_5436_1_tp_2, Proteobacteria_7230_3_tp_2",0.458447492076727,0.613762597972694
"Bacteroidetes_1360_1","Bacillariophyta_219_1_tp_2, Bacteroidetes_1224_1_tp_2, Chlorophyta__streptophyta_120_1_tp_2, Dinoflagellata_1711_1_tp_2, Dinoflagellata_1771_2_tp_2, Picozoa_6_1_tp_2, Proteobacteria_8177_1_tp_2, Raphidophyceae_3_1_tp_2, Verrucomicrobia_18_3_tp_2",0.38388290450232,0.637890612148352
"Bacteroidetes_1360_1","Bacillariophyta_44_1_tp_2, Dinoflagellata_1728_2_tp_2, Div_reps_1600_1_tp_2, Proteobacteria_11429_2_tp_2, Proteobacteria_7100_1_tp_2, Proteobacteria_7231_1_tp_2, Proteobacteria_7983_1_tp_2, Proteobacteria_8176_1_tp_2, Raphidophyceae_3_1_tp_2",0.344065986170969,0.627213890720904
"Bacteroidetes_1360_1","Archaea_164_2_tp_2, Bacillariophyta_44_1_tp_2, Bacteroidetes_1224_1_tp_2, Bacteroidetes_918_1_tp_2, Chlorophyta__streptophyta_895_1_tp_2, Cryptophyta_15_1_tp_2, Dinoflagellata_1017_1_tp_2, Proteobacteria_5461_1_tp_2, Verrucomicrobia_18_2_tp_2",0.305263615599727,0.628808958609967
"Bacteroidetes_1360_1","Bacillariophyta_196_1_tp_2, Bacillariophyta_31_1_tp_2, Ciliophora_234_1_tp_2, Dinoflagellata_1014_1_tp_2, Dinoflagellata_1728_1_tp_2, Dinoflagellata_1771_1_tp_2, Proteobacteria_7982_1_tp_2, Verrucomicrobia_18_2_tp_2, Verrucomicrobia_22_2_tp_2",0.311647674904254,0.63653804054754
"Bacteroidetes_1360_1","Bacteroidetes_919_1_tp_2, Bacteroidetes_919_3_tp_2, Dinoflagellata_1749_1_tp_2, Haptophyta_203_1_tp_2, Picozoa_6_1_tp_2, Proteobacteria_11210_1_tp_2, Proteobacteria_7983_6_tp_2, Proteobacteria_9649_1_tp_2, Verrucomicrobia_18_2_tp_2",0.357670696120838,0.633060095643903
"Bacteroidetes_1360_1","Cercozoa_22_1_tp_2, Dictyochophyceae_6_1_tp_2, Haptophyta_148_1_tp_2, Haptophyta_203_1_tp_2, Proteobacteria_10168_1_tp_2, Proteobacteria_11431_2_tp_2, Proteobacteria_7231_1_tp_2, Proteobacteria_7983_6_tp_2, Verrucomicrobia_22_2_tp_2",0.400902277233961,0.613876490342021
"Bacteroidetes_1360_1","Bacteroidetes_1167_1_tp_2, Ciliophora_1195_1_tp_2, Dinoflagellata_1198_1_tp_2, Proteobacteria_11210_2_tp_2, Proteobacteria_7230_2_tp_2, Proteobacteria_7231_1_tp_2, Proteobacteria_7319_1_tp_2, Proteobacteria_7364_1_tp_2, Verrucomicrobia_18_2_tp_2",0.360824154105228,0.614364567787628
"Bacteroidetes_1360_1","Bacillariophyta_29_1_tp_2, Bacteroidetes_1186_1_tp_2, Cyanobacteria_65_1_tp_2, Dinoflagellata_1198_1_tp_2, Perkinsea_44_1_tp_2, Phylum_reps_2301_1_tp_2, Proteobacteria_11210_2_tp_2, Proteobacteria_6847_1_tp_2, Proteobacteria_8520_1_tp_2",0.308637262675132,0.624724271005129
"Bacteroidetes_1360_1","Bacteroidetes_1249_1_tp_2, Bacteroidetes_956_1_tp_2, Haptophyta_203_1_tp_2, Proteobacteria_11210_1_tp_2, Proteobacteria_8177_2_tp_2, temperature_tp_2, Verrucomicrobia_18_1_tp_2, Verrucomicrobia_18_3_tp_2, Verrucomicrobia_22_1_tp_2",0.30685861289928,0.637398824743853
"Bacteroidetes_1360_1","Bacillariophyta_138_1_tp_2, Bacillariophyta_196_1_tp_2, Bacteroidetes_919_1_tp_2, Chlorophyta__streptophyta_845_1_tp_2, Dinoflagellata_1793_1_tp_2, Perkinsea_33_1_tp_2, Planctomycetes_34_1_tp_2, Proteobacteria_7230_1_tp_2, Verrucomicrobia_18_2_tp_2",0.349914681873935,0.62899769121961
"Bacteroidetes_1360_1","Bacillariophyta_123_1_tp_2, Bacteroidetes_1186_1_tp_2, Cryptophyta_108_1_tp_2, Cryptophyta_15_1_tp_2, Dinoflagellata_1098_1_tp_2, Dinoflagellata_124_1_tp_2, Dinoflagellata_1968_1_tp_2, temperature_tp_2, Verrucomicrobia_18_1_tp_2",0.387210035544757,0.622280927993975
"Bacteroidetes_1360_1","Bacillariophyta_196_1_tp_2, Chrysophyceae_16_1_tp_2, Cyanobacteria_48_1_tp_2, Dinoflagellata_982_1_tp_2, Phylum_reps_1954_1_tp_2, Proteobacteria_11431_2_tp_2, Proteobacteria_7983_1_tp_2, Proteobacteria_9649_1_tp_2, Verrucomicrobia_22_2_tp_2",0.464415255659275,0.606818110527388
"Bacteroidetes_1360_1","Bacillariophyta_138_1_tp_2, Chlorophyta__streptophyta_751_1_tp_2, Cryptophyta_15_1_tp_2, Cyanobacteria_65_1_tp_2, Cyanobacteria_85_1_tp_2, Proteobacteria_11155_1_tp_2, Proteobacteria_11429_1_tp_2, Proteobacteria_7316_1_tp_2, Proteobacteria_7983_7_tp_2",0.338620630481059,0.619138228508718
"Bacteroidetes_1360_1","Chlorophyta__streptophyta_833_1_tp_2, Dinoflagellata_955_1_tp_2, Phylum_reps_2301_1_tp_2, Planctomycetes_27_1_tp_2, Proteobacteria_5436_1_tp_2, Proteobacteria_7100_1_tp_2, Proteobacteria_7231_1_tp_2, Proteobacteria_7316_1_tp_2, Proteobacteria_7983_2_tp_2",0.366442503034046,0.626397545106025
"Bacteroidetes_1360_1","Bacteroidetes_131_1_tp_2, Bacteroidetes_1349_1_tp_2, Cercozoa_291_1_tp_2, Ciliophora_280_1_tp_2, Dinoflagellata_1658_1_tp_2, Perkinsea_44_1_tp_2, Proteobacteria_11190_1_tp_2, Proteobacteria_7319_1_tp_2, Proteobacteria_7983_4_tp_2",0.33137673059603,0.617826570246281
"Bacteroidetes_1360_1","Cercozoa_23_1_tp_2, Dinoflagellata_1542_1_tp_2, Dinoflagellata_1711_1_tp_2, Dinoflagellata_1728_1_tp_2, Katablepharidophyta_7_1_tp_2, Proteobacteria_11120_1_tp_2, Proteobacteria_7230_2_tp_2, Proteobacteria_7983_3_tp_2, Rhodophyta_506_1_tp_2",0.40565142658627,0.608417707360489
"Bacteroidetes_1360_1","Bacteroidetes_1166_2_tp_2, Bacteroidetes_1249_1_tp_2, Bacteroidetes_1360_4_tp_2, Chlorophyta__streptophyta_833_1_tp_2, Dinoflagellata_124_1_tp_2, Dinoflagellata_1542_1_tp_2, Proteobacteria_10114_1_tp_2, Proteobacteria_7230_2_tp_2, Proteobacteria_7289_1_tp_2",0.174527109382835,0.646038314201477
"Bacteroidetes_1360_1","Bacillariophyta_196_1_tp_2, Bacteroidetes_1167_1_tp_2, Bacteroidetes_1235_1_tp_2, Ciliophora_1195_1_tp_2, Dinoflagellata_1017_1_tp_2, Dinoflagellata_982_1_tp_2, Picozoa_6_1_tp_2, Proteobacteria_7982_1_tp_2, Pseudofungi_43_1_tp_2",0.386061446089572,0.615710256879178
"Bacteroidetes_1360_1","Chlorophyta__streptophyta_120_1_tp_2, Cryptophyta_15_1_tp_2, Dinoflagellata_1793_1_tp_2, Proteobacteria_7289_1_tp_2, Proteobacteria_7295_1_tp_2, Proteobacteria_7316_1_tp_2, Proteobacteria_7364_1_tp_2, Proteobacteria_7983_8_tp_2, Proteobacteria_9681_2_tp_2",0.388611996627935,0.624204222167381
"Bacteroidetes_1360_1","Cyanobacteria_48_1_tp_2, Cyanobacteria_85_1_tp_2, Dinoflagellata_1496_1_tp_2, Dinoflagellata_1658_1_tp_2, Dinoflagellata_1968_1_tp_2, Proteobacteria_10114_1_tp_2, Proteobacteria_10168_1_tp_2, Proteobacteria_7231_1_tp_2, Proteobacteria_8176_1_tp_2",0.343914984809821,0.618725707622446
"Bacteroidetes_1360_1","Bacteroidetes_129_2_tp_2, Bacteroidetes_1360_2_tp_2, Bacteroidetes_918_4_tp_2, Bacteroidetes_919_1_tp_2, Cryptophyta_15_2_tp_2, Dinoflagellata_1017_1_tp_2, Dinoflagellata_1862_1_tp_2, Lobosa_11_1_tp_2, Proteobacteria_11431_2_tp_2",0.420628462839688,0.614634694845267
"Bacteroidetes_1360_1","Bacillariophyta_138_1_tp_2, Bacillariophyta_196_1_tp_2, Bacteroidetes_1264_1_tp_2, Dinoflagellata_1728_2_tp_2, Proteobacteria_11210_1_tp_2, Proteobacteria_7314_1_tp_2, Proteobacteria_9681_2_tp_2, Verrucomicrobia_18_1_tp_2, Verrucomicrobia_18_2_tp_2",0.352508698572575,0.618315962774723
"Bacteroidetes_1360_1","Bacteroidetes_919_2_tp_2, Cercozoa_23_1_tp_2, Cyanobacteria_73_1_tp_2, Dinoflagellata_955_1_tp_2, Lobosa_11_1_tp_2, Proteobacteria_7174_1_tp_2, Proteobacteria_7984_1_tp_2, Proteobacteria_9681_2_tp_2, Verrucomicrobia_22_2_tp_2",0.238764671931528,0.643090403280637
"Bacteroidetes_1360_1","Bacteroidetes_1249_1_tp_2, Bacteroidetes_129_2_tp_2, Bacteroidetes_918_3_tp_2, Chlorophyta__streptophyta_732_1_tp_2, Ciliophora_280_1_tp_2, Katablepharidophyta_7_1_tp_2, Proteobacteria_7100_1_tp_2, Proteobacteria_7166_1_tp_2, Proteobacteria_7295_1_tp_2",0.316642875274339,0.617141816991797
"Bacteroidetes_1360_1","Bacteroidetes_1166_2_tp_2, Bacteroidetes_1186_1_tp_2, Bacteroidetes_1264_1_tp_2, Cryptophyta_108_1_tp_2, Dinoflagellata_1542_1_tp_2, Phylum_reps_1954_1_tp_2, Proteobacteria_7230_1_tp_2, Proteobacteria_7295_1_tp_2, Proteobacteria_7983_2_tp_2",0.264885830804627,0.635994207987075
"Bacteroidetes_1360_1","Archaea_164_1_tp_2, Bacteroidetes_1360_2_tp_2, Bacteroidetes_918_5_tp_2, Bacteroidetes_938_1_tp_2, Cyanobacteria_48_1_tp_2, Dinoflagellata_1728_2_tp_2, Proteobacteria_11429_3_tp_2, Pseudofungi_43_1_tp_2, Verrucomicrobia_18_1_tp_2",0.359311826771488,0.612022891909071
"Bacteroidetes_1360_1","Bacteroidetes_1166_1_tp_2, Bacteroidetes_918_4_tp_2, Dinoflagellata_124_1_tp_2, Planctomycetes_34_1_tp_2, Proteobacteria_11431_2_tp_2, Proteobacteria_7231_1_tp_2, Proteobacteria_8176_2_tp_2, Proteobacteria_9649_1_tp_2, Proteobacteria_9681_1_tp_2",0.451163812644811,0.617697266823984
"Bacteroidetes_1360_1","Bacteroidetes_129_1_tp_2, Chlorophyta__streptophyta_120_1_tp_2, Dinoflagellata_1658_1_tp_2, Nitrospirae_9_1_tp_2, Proteobacteria_10114_1_tp_2, Proteobacteria_11210_1_tp_2, Proteobacteria_7230_1_tp_2, Proteobacteria_8177_1_tp_2, Verrucomicrobia_22_1_tp_2",0.245194365768565,0.646061430014084
"Bacteroidetes_1360_1","Bacillariophyta_100_1_tp_2, Bacteroidetes_1167_1_tp_2, Bacteroidetes_1194_1_tp_2, Bacteroidetes_129_2_tp_2, Bacteroidetes_956_1_tp_2, Ciliophora_298_1_tp_2, Dinoflagellata_1542_1_tp_2, Proteobacteria_11210_2_tp_2, Proteobacteria_7982_1_tp_2",0.32089358216917,0.631937253020862
"Bacteroidetes_1360_1","Bacteroidetes_1235_1_tp_2, Bacteroidetes_919_2_tp_2, Chlorophyta__streptophyta_120_1_tp_2, Dinoflagellata_955_1_tp_2, Proteobacteria_7289_1_tp_2, Proteobacteria_7982_2_tp_2, Proteobacteria_7983_7_tp_2, Proteobacteria_8520_1_tp_2, Radiolaria_104_1_tp_2",0.206831700372864,0.637934844492855
"Bacteroidetes_1360_1","Bacteroidetes_956_1_tp_2, Dinoflagellata_1014_1_tp_2, Proteobacteria_11429_4_tp_2, Proteobacteria_11431_2_tp_2, Proteobacteria_7313_1_tp_2, Proteobacteria_7316_1_tp_2, Proteobacteria_7983_3_tp_2, Proteobacteria_7983_5_tp_2, Sagenista_53_1_tp_2",0.384726672675352,0.617287457636896
"Bacteroidetes_1360_1","Bacillariophyta_29_1_tp_2, Bacteroidetes_1360_5_tp_2, Bacteroidetes_918_5_tp_2, Ciliophora_234_1_tp_2, Dinoflagellata_1010_1_tp_2, Proteobacteria_7230_3_tp_2, Proteobacteria_7983_6_tp_2, Proteobacteria_9681_2_tp_2, Pseudofungi_43_1_tp_2",0.300360648085477,0.627704484954831
"Bacteroidetes_1360_1","Chlorophyta__streptophyta_120_1_tp_2, Chlorophyta__streptophyta_732_1_tp_2, Dinoflagellata_1198_1_tp_2, Div_reps_1600_1_tp_2, Proteobacteria_11429_4_tp_2, Proteobacteria_7230_1_tp_2, Proteobacteria_7364_1_tp_2, Proteobacteria_7983_2_tp_2, Proteobacteria_7983_6_tp_2",0.37926999986084,0.625669933859996
"Bacteroidetes_1360_1","Cryptophyta_108_1_tp_2, Cryptophyta_15_1_tp_2, Div_reps_1600_1_tp_2, Proteobacteria_10091_1_tp_2, Proteobacteria_11429_4_tp_2, Proteobacteria_5461_1_tp_2, Proteobacteria_7166_1_tp_2, Proteobacteria_7230_3_tp_2, Proteobacteria_7364_1_tp_2",0.388891187589599,0.624594802898386
"Bacteroidetes_1360_1","Bacillariophyta_123_1_tp_2, Bacteroidetes_918_3_tp_2, Dinoflagellata_1793_1_tp_2, Proteobacteria_11210_1_tp_2, Proteobacteria_11210_2_tp_2, Proteobacteria_22_1_tp_2, Proteobacteria_5436_1_tp_2, Proteobacteria_7289_1_tp_2, temperature_tp_2",0.341672365027355,0.621210101699867
"Bacteroidetes_1360_1","Bacillariophyta_196_1_tp_2, Cercozoa_291_1_tp_2, Cercozoa_395_1_tp_2, Ciliophora_1195_1_tp_2, Dinoflagellata_1711_1_tp_2, Dinoflagellata_1793_1_tp_2, Proteobacteria_11120_1_tp_2, Proteobacteria_7100_1_tp_2, Proteobacteria_7983_8_tp_2",0.466075241352572,0.595200687125389
"Bacteroidetes_1360_1","Bacillariophyta_44_1_tp_2, Bacteroidetes_129_1_tp_2, Dinoflagellata_1010_1_tp_2, Proteobacteria_5461_1_tp_2, Proteobacteria_7314_1_tp_2, Proteobacteria_7983_6_tp_2, Proteobacteria_8177_1_tp_2, Proteobacteria_8177_2_tp_2, Proteobacteria_9681_1_tp_2",0.338695377523227,0.633505801683668
"Bacteroidetes_1360_1","Bacteroidetes_1235_1_tp_2, Ciliophora_298_1_tp_2, Cryptophyta_15_2_tp_2, Haptophyta_148_1_tp_2, Proteobacteria_11155_1_tp_2, Proteobacteria_7174_1_tp_2, Proteobacteria_7787_1_tp_2, Sagenista_61_1_tp_2, Verrucomicrobia_22_1_tp_2",0.387158665403811,0.679705979183789
"Bacteroidetes_1360_1","Bacteroidetes_1167_1_tp_2, Chrysophyceae_16_1_tp_2, Ciliophora_280_1_tp_2, Dinoflagellata_1017_1_tp_2, Dinoflagellata_1728_1_tp_2, Dinoflagellata_1862_1_tp_2, Proteobacteria_11429_3_tp_2, Proteobacteria_7231_1_tp_2, Verrucomicrobia_18_3_tp_2",0.292482162974535,0.634746404601046
"Bacteroidetes_1360_1","Chlorophyta__streptophyta_848_1_tp_2, Ciliophora_298_1_tp_2, Cyanobacteria_48_1_tp_2, Dinoflagellata_1496_1_tp_2, Nitrospirae_9_1_tp_2, Perkinsea_33_1_tp_2, Proteobacteria_7983_2_tp_2, Proteobacteria_9681_2_tp_2, Verrucomicrobia_23_1_tp_2",0.320784392878114,0.633269221179594
"Bacteroidetes_1360_1","Bacillariophyta_31_1_tp_2, Bacteroidetes_1360_5_tp_2, Chlorophyta__streptophyta_732_1_tp_2, Chlorophyta__streptophyta_751_1_tp_2, Ciliophora_451_1_tp_2, Div_reps_2942_1_tp_2, Proteobacteria_11120_1_tp_2, Proteobacteria_11429_4_tp_2, Proteobacteria_7983_4_tp_2",0.349818337103087,0.627355261660954
"Bacteroidetes_1360_1","Bacteroidetes_1204_1_tp_2, Bacteroidetes_129_2_tp_2, Cercozoa_22_1_tp_2, Dinoflagellata_1711_1_tp_2, Dinoflagellata_874_1_tp_2, Proteobacteria_11120_1_tp_2, Proteobacteria_11210_1_tp_2, Proteobacteria_7364_1_tp_2, Proteobacteria_8185_1_tp_2",0.317572076866225,0.61943466423847
"Bacteroidetes_1360_1","Bacillariophyta_44_1_tp_2, Dinoflagellata_1542_1_tp_2, Perkinsea_33_1_tp_2, Phylum_reps_2301_1_tp_2, Proteobacteria_11429_2_tp_2, Proteobacteria_7230_1_tp_2, Proteobacteria_7984_1_tp_2, Proteobacteria_8178_1_tp_2, Rhodophyta_506_1_tp_2",0.345678431585833,0.631294158593969
"Bacteroidetes_1360_1","Bacillariophyta_196_1_tp_2, Bacteroidetes_317_1_tp_2, Chlorophyta__streptophyta_120_1_tp_2, Haptophyta_148_1_tp_2, Phylum_reps_2301_1_tp_2, Picozoa_18_1_tp_2, Planctomycetes_27_1_tp_2, Proteobacteria_11210_1_tp_2, Proteobacteria_7319_1_tp_2",0.364515218813315,0.643994929632726
"Bacteroidetes_1360_1","Actinobacteria_410_2_tp_2, Bacteroidetes_1178_1_tp_2, Bacteroidetes_1186_1_tp_2, Bacteroidetes_129_1_tp_2, Cryptophyta_15_2_tp_2, Phylum_reps_2301_1_tp_2, Proteobacteria_5436_1_tp_2, Proteobacteria_7166_1_tp_2, Proteobacteria_7174_1_tp_2",0.292756268853869,0.630545526365143
"Bacteroidetes_1360_1","Bacillariophyta_219_1_tp_2, Bacteroidetes_1186_1_tp_2, Chlorophyta__streptophyta_732_1_tp_2, Ciliophora_298_1_tp_2, Dinoflagellata_1010_1_tp_2, Dinoflagellata_1862_1_tp_2, Dinoflagellata_874_1_tp_2, Lobosa_11_1_tp_2, Proteobacteria_7983_7_tp_2",0.28547419300893,0.635526010343026
"Bacteroidetes_1360_1","Bacillariophyta_138_1_tp_2, Bacteroidetes_131_1_tp_2, Bacteroidetes_918_3_tp_2, Chlorophyta__streptophyta_120_1_tp_2, Dinoflagellata_1793_1_tp_2, Proteobacteria_7174_1_tp_2, Proteobacteria_7313_1_tp_2, Proteobacteria_8175_1_tp_2, Pseudofungi_43_1_tp_2",0.331674996297398,0.619968500325493
"Bacteroidetes_1360_1","Bacteroidetes_1167_1_tp_2, Bacteroidetes_918_3_tp_2, Dictyochophyceae_6_1_tp_2, Dinoflagellata_1771_2_tp_2, Planctomycetes_61_1_tp_2, Proteobacteria_7319_1_tp_2, Proteobacteria_7983_5_tp_2, Verrucomicrobia_18_1_tp_2, Verrucomicrobia_18_3_tp_2",0.41634201962888,0.624344172251544
"Bacteroidetes_1360_1","Bacillariophyta_123_1_tp_2, Bacillariophyta_44_1_tp_2, Bacteroidetes_918_1_tp_2, Dinoflagellata_1542_1_tp_2, Dinoflagellata_982_1_tp_2, Div_reps_1600_2_tp_2, Proteobacteria_10091_1_tp_2, Proteobacteria_8176_1_tp_2, Sagenista_61_1_tp_2",0.268041525642168,0.634496590066774
"Bacteroidetes_1360_1","Bacillariophyta_138_1_tp_2, Bacteroidetes_1360_5_tp_2, Bacteroidetes_919_3_tp_2, Chlorophyta__streptophyta_895_1_tp_2, Chrysophyceae_16_1_tp_2, Cyanobacteria_48_1_tp_2, Dinoflagellata_1758_1_tp_2, Proteobacteria_6384_1_tp_2, Pseudofungi_43_1_tp_2",0.360437249710995,0.621948896562584
"Bacteroidetes_1360_1","Bacillariophyta_29_1_tp_2, Bacteroidetes_918_5_tp_2, Bacteroidetes_919_3_tp_2, Chrysophyceae_16_1_tp_2, Div_reps_1600_1_tp_2, Proteobacteria_7289_1_tp_2, Proteobacteria_7983_1_tp_2, Raphidophyceae_3_1_tp_2, Sagenista_53_1_tp_2",0.324269058117698,0.645470619489108
"Bacteroidetes_1360_1","Actinobacteria_410_2_tp_2, Bacillariophyta_44_1_tp_2, Bacteroidetes_918_2_tp_2, Bacteroidetes_919_2_tp_2, Dictyochophyceae_6_1_tp_2, Dinoflagellata_1862_1_tp_2, Proteobacteria_7983_5_tp_2, Proteobacteria_7983_8_tp_2, Verrucomicrobia_18_4_tp_2",0.206207186116702,0.645337685983028
"Bacteroidetes_1360_1","Actinobacteria_410_2_tp_2, Bacillariophyta_29_1_tp_2, Bacteroidetes_1186_1_tp_2, Ciliophora_1195_1_tp_2, Dinoflagellata_1009_1_tp_2, Dinoflagellata_874_1_tp_2, Perkinsea_44_1_tp_2, Phylum_reps_1985_1_tp_2, Proteobacteria_7174_1_tp_2",0.104166838123023,0.658941598374535
"Bacteroidetes_1360_1","Bacillariophyta_123_1_tp_2, Bacteroidetes_1194_1_tp_2, Cercozoa_291_1_tp_2, Ciliophora_234_1_tp_2, Cryptophyta_15_2_tp_2, Dinoflagellata_1014_1_tp_2, Dinoflagellata_874_1_tp_2, Proteobacteria_7364_1_tp_2, Radiolaria_104_1_tp_2",0.447477513576815,0.638487727380093
"Bacteroidetes_1360_1","Bacteroidetes_1167_1_tp_2, Bacteroidetes_918_2_tp_2, Ciliophora_234_1_tp_2, Dinoflagellata_1771_2_tp_2, Phylum_reps_1954_1_tp_2, Proteobacteria_22_1_tp_2, Proteobacteria_6847_1_tp_2, Proteobacteria_7982_2_tp_2, Verrucomicrobia_23_1_tp_2",0.343247080427066,0.609393140385949
"Bacteroidetes_1360_1","Archaea_164_2_tp_2, Bacteroidetes_1360_3_tp_2, Chlorophyta__streptophyta_848_1_tp_2, Ciliophora_234_1_tp_2, Ciliophora_298_1_tp_2, Cyanobacteria_65_1_tp_2, Dinoflagellata_1014_1_tp_2, Dinoflagellata_1017_1_tp_2, Proteobacteria_8178_1_tp_2",0.367889516061591,0.629223322799169
"Bacteroidetes_1360_1","Actinobacteria_410_1_tp_2, Bacillariophyta_196_1_tp_2, Chlorophyta__streptophyta_845_1_tp_2, Dinoflagellata_1728_2_tp_2, Dinoflagellata_1771_1_tp_2, Div_reps_1600_1_tp_2, Haptophyta_148_1_tp_2, Proteobacteria_7230_1_tp_2, Verrucomicrobia_18_3_tp_2",0.309972528675283,0.61821196047238
"Bacteroidetes_1360_1","Bacteroidetes_1204_1_tp_2, Dinoflagellata_1098_1_tp_2, Proteobacteria_11429_2_tp_2, Proteobacteria_22_1_tp_2, Proteobacteria_6384_1_tp_2, Proteobacteria_7100_1_tp_2, Proteobacteria_7983_6_tp_2, Proteobacteria_9681_1_tp_2, Verrucomicrobia_18_1_tp_2",0.429231949098374,0.597879472321248
"Bacteroidetes_1360_1","Actinobacteria_410_2_tp_2, Cercozoa_291_1_tp_2, Chrysophyceae_16_1_tp_2, Lobosa_11_1_tp_2, Phylum_reps_1954_1_tp_2, Planctomycetes_61_1_tp_2, Proteobacteria_11120_1_tp_2, Proteobacteria_11428_1_tp_2, Proteobacteria_7983_4_tp_2",0.240837484237567,0.650924127385641
"Bacteroidetes_1360_1","Bacillariophyta_123_1_tp_2, Cercozoa_395_1_tp_2, Chlorophyta__streptophyta_833_1_tp_2, Dictyochophyceae_6_1_tp_2, Dinoflagellata_1017_1_tp_2, Dinoflagellata_1098_1_tp_2, Proteobacteria_7983_5_tp_2, Proteobacteria_8176_2_tp_2, Verrucomicrobia_18_4_tp_2",0.204560393483355,0.637474440411429
"Bacteroidetes_1360_1","Actinobacteria_410_1_tp_2, Bacteroidetes_1349_1_tp_2, Chlorophyta__streptophyta_833_1_tp_2, Ciliophora_298_1_tp_2, Perkinsea_33_1_tp_2, Proteobacteria_11428_1_tp_2, Proteobacteria_7231_1_tp_2, Proteobacteria_7983_2_tp_2, Sagenista_61_1_tp_2",0.320928309740407,0.619134071506481
"Bacteroidetes_1360_1","Archaea_164_1_tp_2, Bacteroidetes_918_2_tp_2, Dinoflagellata_124_1_tp_2, Phylum_reps_1954_1_tp_2, Planctomycetes_34_1_tp_2, Proteobacteria_11429_1_tp_2, Proteobacteria_7230_3_tp_2, Proteobacteria_7316_1_tp_2, Proteobacteria_7983_5_tp_2",0.463487933965392,0.603134098121992
"Bacteroidetes_1360_1","Bacteroidetes_129_2_tp_2, Cercozoa_395_1_tp_2, Chlorophyta__streptophyta_845_1_tp_2, Cryptophyta_108_1_tp_2, Dinoflagellata_1862_1_tp_2, Lobosa_11_1_tp_2, Proteobacteria_11431_1_tp_2, Proteobacteria_7231_1_tp_2, Proteobacteria_8176_2_tp_2",0.357854438901473,0.619519608409645
"Bacteroidetes_1360_1","Bacteroidetes_1151_1_tp_2, Bacteroidetes_1235_1_tp_2, Ciliophora_280_1_tp_2, Dinoflagellata_1010_1_tp_2, Dinoflagellata_1793_1_tp_2, Lobosa_11_1_tp_2, Proteobacteria_7983_4_tp_2, Sagenista_53_1_tp_2, temperature_tp_2",0.2244969337383,0.69075542454228
"Bacteroidetes_1360_1","Bacteroidetes_1360_4_tp_2, Cercozoa_23_1_tp_2, Chlorophyta__streptophyta_848_1_tp_2, Ciliophora_1195_1_tp_2, Ciliophora_234_1_tp_2, Dinoflagellata_1009_1_tp_2, Phylum_reps_1985_1_tp_2, Proteobacteria_7983_1_tp_2, Proteobacteria_8177_2_tp_2",0.460565822424737,0.593200900167078
"Bacteroidetes_1360_1","Actinobacteria_410_2_tp_2, Dinoflagellata_982_1_tp_2, Div_reps_2942_1_tp_2, Perkinsea_33_1_tp_2, Proteobacteria_10114_1_tp_2, Proteobacteria_11210_2_tp_2, Proteobacteria_7982_2_tp_2, Proteobacteria_8176_1_tp_2, Proteobacteria_8176_2_tp_2",0.254028706327279,0.625593556402817
"Bacteroidetes_1360_1","Bacteroidetes_918_4_tp_2, Bacteroidetes_919_3_tp_2, Cryptophyta_15_1_tp_2, Dinoflagellata_1658_1_tp_2, Dinoflagellata_1711_1_tp_2, Dinoflagellata_1758_1_tp_2, Planctomycetes_34_1_tp_2, Proteobacteria_10168_1_tp_2, Verrucomicrobia_18_2_tp_2",0.382214792419429,0.621336087305664
"Bacteroidetes_1360_1","Bacteroidetes_131_1_tp_2, Chlorophyta__streptophyta_845_1_tp_2, Dictyochophyceae_6_1_tp_2, Dinoflagellata_874_1_tp_2, Planctomycetes_34_1_tp_2, Proteobacteria_11190_1_tp_2, Proteobacteria_11431_2_tp_2, Proteobacteria_7230_3_tp_2, Proteobacteria_7313_1_tp_2",0.295024677132518,0.631901583093803
"Bacteroidetes_1360_1","Actinobacteria_410_1_tp_2, Bacteroidetes_1178_1_tp_2, Bacteroidetes_1360_3_tp_2, Ciliophora_1195_1_tp_2, Phylum_reps_1985_1_tp_2, Proteobacteria_11429_2_tp_2, Proteobacteria_7166_1_tp_2, Proteobacteria_7983_4_tp_2, Proteobacteria_8177_1_tp_2",0.303016278698312,0.630259325379422
"Bacteroidetes_1360_1","Bacillariophyta_100_1_tp_2, Bacteroidetes_919_2_tp_2, Chrysophyceae_16_1_tp_2, Dinoflagellata_982_1_tp_2, Proteobacteria_7983_2_tp_2, Proteobacteria_7983_4_tp_2, Proteobacteria_8176_1_tp_2, Raphidophyceae_3_1_tp_2, Verrucomicrobia_18_3_tp_2",0.206000478361784,0.671566366496799
"Bacteroidetes_1360_1","Archaea_179_1_tp_2, Bacteroidetes_1360_5_tp_2, Cyanobacteria_48_1_tp_2, Dinoflagellata_1014_1_tp_2, Haptophyta_148_1_tp_2, Proteobacteria_6384_1_tp_2, Proteobacteria_7230_3_tp_2, Proteobacteria_7983_2_tp_2, Proteobacteria_7983_4_tp_2",0.382007086539695,0.638270668594275
"Bacteroidetes_1360_1","Bacteroidetes_1166_1_tp_2, Bacteroidetes_1167_1_tp_2, Bacteroidetes_919_1_tp_2, Bacteroidetes_919_2_tp_2, Dinoflagellata_1198_1_tp_2, Dinoflagellata_1862_1_tp_2, Proteobacteria_11429_2_tp_2, Proteobacteria_7230_3_tp_2, Verrucomicrobia_22_1_tp_2",0.410378768512851,0.637169685826333
"Bacteroidetes_1360_1","Bacteroidetes_129_2_tp_2, Bacteroidetes_918_4_tp_2, Cyanobacteria_85_1_tp_2, Dinoflagellata_1728_2_tp_2, Lobosa_11_1_tp_2, Perkinsea_33_1_tp_2, Phylum_reps_1954_1_tp_2, Proteobacteria_11155_2_tp_2, Proteobacteria_7983_8_tp_2",0.172566036665264,0.638013680181917
"Bacteroidetes_1360_1","Actinobacteria_410_2_tp_2, Bacteroidetes_919_3_tp_2, Dinoflagellata_1771_1_tp_2, Dinoflagellata_1793_1_tp_2, Dinoflagellata_955_1_tp_2, Div_reps_2942_1_tp_2, Nitrospirae_9_1_tp_2, Planctomycetes_61_1_tp_2, Proteobacteria_7983_8_tp_2",0.139040756215408,0.65633324267563
"Bacteroidetes_1360_1","Archaea_164_1_tp_2, Bacteroidetes_1235_1_tp_2, Planctomycetes_27_1_tp_2, Proteobacteria_11210_2_tp_2, Proteobacteria_6384_1_tp_2, Proteobacteria_7982_2_tp_2, Proteobacteria_7983_3_tp_2, Proteobacteria_8176_2_tp_2, Sagenista_53_1_tp_2",0.260168860853101,0.63498043495867
"Bacteroidetes_1360_1","Archaea_164_2_tp_2, Bacillariophyta_100_1_tp_2, Bacteroidetes_1166_2_tp_2, Chlorophyta__streptophyta_895_1_tp_2, Div_reps_1600_1_tp_2, Nitrospirae_9_1_tp_2, Proteobacteria_7230_1_tp_2, Proteobacteria_7289_1_tp_2, Proteobacteria_7983_6_tp_2",0.333167753585115,0.626121600140908
"Bacteroidetes_1360_1","Bacteroidetes_918_1_tp_2, Bacteroidetes_938_1_tp_2, Cercozoa_291_1_tp_2, Chlorophyta__streptophyta_848_1_tp_2, Proteobacteria_5436_1_tp_2, Proteobacteria_7295_1_tp_2, Proteobacteria_7787_1_tp_2, Proteobacteria_9681_2_tp_2, Verrucomicrobia_22_1_tp_2",0.304192396885359,0.649352082548075
"Bacteroidetes_1360_1","Archaea_164_1_tp_2, Bacteroidetes_1194_1_tp_2, Bacteroidetes_1264_1_tp_2, Chlorophyta__streptophyta_848_1_tp_2, Cyanobacteria_65_1_tp_2, Dinoflagellata_1862_1_tp_2, Dinoflagellata_874_1_tp_2, Proteobacteria_11155_2_tp_2, Proteobacteria_7364_1_tp_2",0.430618388061854,0.596502618495899
"Bacteroidetes_1360_1","Bacteroidetes_1264_1_tp_2, Bacteroidetes_1360_4_tp_2, Chlorophyta__streptophyta_120_1_tp_2, Dinoflagellata_1496_1_tp_2, Lobosa_11_1_tp_2, Proteobacteria_11429_1_tp_2, Proteobacteria_11429_3_tp_2, Proteobacteria_8176_1_tp_2, Proteobacteria_8177_2_tp_2",0.378284914074779,0.6137936798573
"Bacteroidetes_1360_1","Bacillariophyta_219_1_tp_2, Bacteroidetes_1151_1_tp_2, Bacteroidetes_1204_1_tp_2, Bacteroidetes_1349_1_tp_2, Cercozoa_395_1_tp_2, Chlorophyta__streptophyta_751_1_tp_2, Chrysophyceae_16_1_tp_2, Cryptophyta_15_1_tp_2, Dinoflagellata_1728_1_tp_2",0.171085055023175,0.645463158395165
"Bacteroidetes_1360_1","Bacteroidetes_129_1_tp_2, Bacteroidetes_131_1_tp_2, Proteobacteria_10114_1_tp_2, Proteobacteria_11431_2_tp_2, Proteobacteria_6384_1_tp_2, Proteobacteria_7230_3_tp_2, Proteobacteria_7982_2_tp_2, Raphidophyceae_3_1_tp_2, temperature_tp_2",0.348737443484039,0.628735602428248
"Bacteroidetes_1360_1","Bacteroidetes_1194_1_tp_2, Bacteroidetes_919_1_tp_2, Proteobacteria_7982_2_tp_2, Proteobacteria_8175_1_tp_2, Proteobacteria_8177_1_tp_2, Raphidophyceae_3_1_tp_2, Rhodophyta_506_1_tp_2, Verrucomicrobia_18_1_tp_2, Verrucomicrobia_18_4_tp_2",0.289320054528072,0.642265324659182
"Bacteroidetes_1360_1","Bacteroidetes_131_1_tp_2, Bacteroidetes_919_1_tp_2, Dinoflagellata_1009_1_tp_2, Dinoflagellata_1771_1_tp_2, Proteobacteria_11429_2_tp_2, Proteobacteria_11431_2_tp_2, Proteobacteria_7230_2_tp_2, Proteobacteria_7289_1_tp_2, Proteobacteria_7983_5_tp_2",0.371211692331322,0.604866259600407
"Bacteroidetes_1360_1","Bacillariophyta_123_1_tp_2, Bacteroidetes_129_2_tp_2, Cryptophyta_15_1_tp_2, Dinoflagellata_1496_1_tp_2, Dinoflagellata_874_1_tp_2, Haptophyta_148_1_tp_2, Proteobacteria_11155_1_tp_2, Proteobacteria_8175_1_tp_2, temperature_tp_2",0.337840486250572,0.623635086230291
"Bacteroidetes_1360_1","Bacteroidetes_1224_1_tp_2, Bacteroidetes_131_1_tp_2, Bacteroidetes_1360_4_tp_2, Bacteroidetes_919_3_tp_2, Dinoflagellata_1014_1_tp_2, Dinoflagellata_1771_2_tp_2, Proteobacteria_7295_1_tp_2, Radiolaria_104_1_tp_2, Verrucomicrobia_22_1_tp_2",0.403110675258158,0.616096432564463
"Bacteroidetes_1360_1","Archaea_179_1_tp_2, Bacillariophyta_196_1_tp_2, Cryptophyta_108_1_tp_2, Dinoflagellata_1009_1_tp_2, Dinoflagellata_1658_1_tp_2, Dinoflagellata_1758_1_tp_2, Haptophyta_148_1_tp_2, Proteobacteria_10168_1_tp_2, Proteobacteria_7364_1_tp_2",0.322078214143831,0.621554929482163
"Bacteroidetes_1360_1","Archaea_179_1_tp_2, Bacteroidetes_1186_1_tp_2, Bacteroidetes_918_3_tp_2, Bacteroidetes_919_2_tp_2, Cryptophyta_108_1_tp_2, Dinoflagellata_1017_1_tp_2, Dinoflagellata_124_1_tp_2, Proteobacteria_7230_3_tp_2, Raphidophyceae_3_1_tp_2",0.327299900492542,0.642038224963377
"Bacteroidetes_1360_1","Cryptophyta_15_1_tp_2, Dinoflagellata_1758_1_tp_2, Haptophyta_148_1_tp_2, Proteobacteria_11190_1_tp_2, Proteobacteria_11431_2_tp_2, Proteobacteria_6847_1_tp_2, Proteobacteria_7983_1_tp_2, Proteobacteria_9649_1_tp_2, Pseudofungi_43_1_tp_2",0.341243378730025,0.632154281696812
"Bacteroidetes_1360_1","Bacteroidetes_1166_2_tp_2, Chlorophyta__streptophyta_732_1_tp_2, Cryptophyta_15_1_tp_2, Dictyochophyceae_6_1_tp_2, Proteobacteria_11120_1_tp_2, Proteobacteria_22_1_tp_2, Proteobacteria_7983_6_tp_2, Proteobacteria_8520_1_tp_2, Sagenista_61_1_tp_2",0.235705180992871,0.635066511768013
"Bacteroidetes_1360_1","Actinobacteria_410_1_tp_2, Bacteroidetes_918_4_tp_2, Bacteroidetes_918_5_tp_2, Cercozoa_291_1_tp_2, Cyanobacteria_85_1_tp_2, Dinoflagellata_1728_1_tp_2, Perkinsea_44_1_tp_2, Proteobacteria_7983_3_tp_2, Proteobacteria_8176_1_tp_2",0.181535588454149,0.652175113354653
"Bacteroidetes_1360_1","Bacillariophyta_219_1_tp_2, Bacillariophyta_44_1_tp_2, Bacteroidetes_1151_1_tp_2, Bacteroidetes_129_2_tp_2, Bacteroidetes_1360_4_tp_2, Bacteroidetes_317_1_tp_2, Cercozoa_23_1_tp_2, Chlorophyta__streptophyta_732_1_tp_2, Dictyochophyceae_6_1_tp_2",0.338773874704647,0.619711423347904
"Bacteroidetes_1360_1","Bacteroidetes_1194_1_tp_2, Bacteroidetes_1360_3_tp_2, Cyanobacteria_48_1_tp_2, Lobosa_11_1_tp_2, Proteobacteria_11210_2_tp_2, Proteobacteria_7364_1_tp_2, Proteobacteria_7983_3_tp_2, Proteobacteria_7984_1_tp_2, Verrucomicrobia_18_4_tp_2",0.24778810211073,0.662226645610367
"Bacteroidetes_1360_1","Archaea_164_2_tp_2, Bacillariophyta_31_1_tp_2, Bacteroidetes_918_5_tp_2, Chlorophyta__streptophyta_848_1_tp_2, Dinoflagellata_1728_2_tp_2, Proteobacteria_7230_1_tp_2, Proteobacteria_9681_2_tp_2, Raphidophyceae_3_1_tp_2, Verrucomicrobia_22_1_tp_2",0.305379764805456,0.633452705221079
"Bacteroidetes_1360_1","Bacillariophyta_100_1_tp_2, Bacteroidetes_918_3_tp_2, Chlorophyta__streptophyta_845_1_tp_2, Cyanobacteria_65_1_tp_2, Dinoflagellata_1793_1_tp_2, Dinoflagellata_955_1_tp_2, Proteobacteria_11155_1_tp_2, Proteobacteria_7231_1_tp_2, Verrucomicrobia_18_3_tp_2",0.345165538699981,0.613264637211222
"Bacteroidetes_1360_1","Bacteroidetes_1186_1_tp_2, Bacteroidetes_1235_1_tp_2, Chlorophyta__streptophyta_845_1_tp_2, Chlorophyta__streptophyta_895_1_tp_2, Proteobacteria_11190_1_tp_2, Proteobacteria_11431_2_tp_2, Proteobacteria_7319_1_tp_2, Proteobacteria_8185_1_tp_2, Proteobacteria_9649_1_tp_2",0.359684164623105,0.611970318022348
"Bacteroidetes_1360_1","Bacteroidetes_1360_4_tp_2, Bacteroidetes_918_5_tp_2, Cercozoa_395_1_tp_2, Chlorophyta__streptophyta_848_1_tp_2, Cyanobacteria_85_1_tp_2, Dinoflagellata_1658_1_tp_2, Perkinsea_33_1_tp_2, Proteobacteria_7230_1_tp_2, Proteobacteria_8176_2_tp_2",0.242923909093812,0.62688258616108
"Bacteroidetes_1360_1","Actinobacteria_410_2_tp_2, Bacteroidetes_1360_2_tp_2, Bacteroidetes_918_4_tp_2, Cyanobacteria_73_1_tp_2, Lobosa_11_1_tp_2, Proteobacteria_7166_1_tp_2, Proteobacteria_7174_1_tp_2, Proteobacteria_9649_1_tp_2, Verrucomicrobia_22_2_tp_2",0.194641930886606,0.646106181864906
"Bacteroidetes_1360_1","Bacillariophyta_123_1_tp_2, Bacteroidetes_918_4_tp_2, Bacteroidetes_918_5_tp_2, Chlorophyta__streptophyta_751_1_tp_2, Ciliophora_403_1_tp_2, Lobosa_11_1_tp_2, Planctomycetes_27_1_tp_2, Proteobacteria_11429_1_tp_2, Proteobacteria_8177_2_tp_2",0.348985343262116,0.634889296511287
"Bacteroidetes_1360_1","Bacillariophyta_123_1_tp_2, Bacteroidetes_918_3_tp_2, Chlorophyta__streptophyta_751_1_tp_2, Chlorophyta__streptophyta_848_1_tp_2, Dinoflagellata_1771_1_tp_2, Dinoflagellata_1862_1_tp_2, Picozoa_6_1_tp_2, Proteobacteria_11155_1_tp_2, Proteobacteria_11431_1_tp_2",0.338888253842829,0.616072850366989
"Bacteroidetes_1360_1","Bacteroidetes_1178_1_tp_2, Cryptophyta_15_1_tp_2, Dictyochophyceae_6_1_tp_2, Dinoflagellata_1010_1_tp_2, Dinoflagellata_1198_1_tp_2, Dinoflagellata_1968_1_tp_2, Proteobacteria_7100_1_tp_2, Proteobacteria_7983_8_tp_2, Proteobacteria_9649_1_tp_2",0.25541491006803,0.646610462710884
"Bacteroidetes_1360_1","Archaea_164_2_tp_2, Bacteroidetes_1178_1_tp_2, Bacteroidetes_129_2_tp_2, Bacteroidetes_1360_4_tp_2, Cercozoa_22_1_tp_2, Dinoflagellata_1771_1_tp_2, Proteobacteria_5436_1_tp_2, Proteobacteria_9681_1_tp_2, Verrucomicrobia_18_2_tp_2",0.43614007757444,0.592854494744679
"Bacteroidetes_1360_1","Bacillariophyta_123_1_tp_2, Bacteroidetes_1167_1_tp_2, Bacteroidetes_956_1_tp_2, Nitrospirae_9_1_tp_2, Phylum_reps_1954_1_tp_2, Planctomycetes_27_1_tp_2, Proteobacteria_7313_1_tp_2, Proteobacteria_9649_1_tp_2, Verrucomicrobia_22_1_tp_2",0.342453255348263,0.635471204178353
"Bacteroidetes_1360_1","Bacteroidetes_1166_1_tp_2, Bacteroidetes_129_1_tp_2, Cercozoa_395_1_tp_2, Ciliophora_280_1_tp_2, Proteobacteria_11190_1_tp_2, Proteobacteria_11429_2_tp_2, Proteobacteria_7174_1_tp_2, Proteobacteria_7230_3_tp_2, Sagenista_61_1_tp_2",0.297053705362422,0.624679635054873
"Bacteroidetes_1360_1","Bacillariophyta_123_1_tp_2, Bacteroidetes_129_1_tp_2, Dinoflagellata_1758_1_tp_2, Proteobacteria_11428_1_tp_2, Proteobacteria_11429_4_tp_2, Proteobacteria_7316_1_tp_2, Proteobacteria_7983_4_tp_2, Proteobacteria_8177_2_tp_2, Raphidophyceae_3_1_tp_2",0.368793528953044,0.620156673713141
"Bacteroidetes_1360_1","Bacillariophyta_138_1_tp_2, Bacteroidetes_131_1_tp_2, Bacteroidetes_1360_3_tp_2, Dinoflagellata_1728_1_tp_2, Haptophyta_148_1_tp_2, Picozoa_6_1_tp_2, Proteobacteria_11155_1_tp_2, Proteobacteria_7983_6_tp_2, Proteobacteria_8185_1_tp_2",0.343650177948095,0.611204758070525
"Bacteroidetes_1360_1","Bacteroidetes_1224_1_tp_2, Bacteroidetes_129_1_tp_2, Chlorophyta__streptophyta_732_1_tp_2, Dinoflagellata_1010_1_tp_2, Planctomycetes_27_1_tp_2, Proteobacteria_11429_1_tp_2, Proteobacteria_6847_1_tp_2, Proteobacteria_7174_1_tp_2, Proteobacteria_8520_1_tp_2",0.386160934360419,0.62111292988379
"Bacteroidetes_1360_1","Bacillariophyta_100_1_tp_2, Bacteroidetes_1166_1_tp_2, Bacteroidetes_938_1_tp_2, Dinoflagellata_124_1_tp_2, Dinoflagellata_1968_1_tp_2, Dinoflagellata_874_1_tp_2, Katablepharidophyta_7_1_tp_2, Proteobacteria_10168_1_tp_2, Proteobacteria_7983_6_tp_2",0.366313329465303,0.640401718306715
"Bacteroidetes_1360_1","Bacillariophyta_196_1_tp_2, Bacteroidetes_1249_1_tp_2, Chrysophyceae_16_1_tp_2, Ciliophora_280_1_tp_2, Div_reps_1600_2_tp_2, Lobosa_11_1_tp_2, Proteobacteria_11210_2_tp_2, Proteobacteria_7983_6_tp_2, Proteobacteria_7984_1_tp_2",0.333288591037274,0.631784342950354
"Bacteroidetes_1360_1","Bacteroidetes_1166_2_tp_2, Cyanobacteria_85_1_tp_2, Dinoflagellata_874_1_tp_2, Katablepharidophyta_7_1_tp_2, Picozoa_6_1_tp_2, Proteobacteria_5461_1_tp_2, Proteobacteria_7319_1_tp_2, Proteobacteria_8177_1_tp_2, temperature_tp_2",0.0828248239119444,0.651189316631729
"Bacteroidetes_1360_1","Bacteroidetes_317_1_tp_2, Ciliophora_298_1_tp_2, Perkinsea_33_1_tp_2, Planctomycetes_34_1_tp_2, Proteobacteria_11428_1_tp_2, Proteobacteria_7982_1_tp_2, Proteobacteria_7983_8_tp_2, Proteobacteria_8178_1_tp_2, Verrucomicrobia_22_1_tp_2",0.324016823093618,0.632392084541568
"Bacteroidetes_1360_1","Chrysophyceae_16_1_tp_2, Dinoflagellata_124_1_tp_2, Dinoflagellata_1658_1_tp_2, Dinoflagellata_1862_1_tp_2, Perkinsea_44_1_tp_2, Proteobacteria_11431_2_tp_2, Proteobacteria_7313_1_tp_2, Proteobacteria_7787_1_tp_2, Proteobacteria_8185_1_tp_2",0.354397923521433,0.622641986527292
"Bacteroidetes_1360_1","Bacteroidetes_1224_1_tp_2, Chlorophyta__streptophyta_120_1_tp_2, Ciliophora_451_1_tp_2, Dinoflagellata_1555_1_tp_2, Proteobacteria_11429_3_tp_2, Proteobacteria_11429_4_tp_2, Proteobacteria_7982_2_tp_2, Proteobacteria_8176_2_tp_2, Verrucomicrobia_22_2_tp_2",0.321973928730687,0.625040886300887
"Bacteroidetes_1360_1","Bacillariophyta_100_1_tp_2, Cercozoa_291_1_tp_2, Dinoflagellata_874_1_tp_2, Div_reps_1600_1_tp_2, Proteobacteria_11431_2_tp_2, Proteobacteria_7100_1_tp_2, Proteobacteria_7787_1_tp_2, Proteobacteria_7982_2_tp_2, Radiolaria_104_1_tp_2",0.399973944470891,0.615451922068856
"Bacteroidetes_1360_1","Bacillariophyta_138_1_tp_2, Bacillariophyta_44_1_tp_2, Bacteroidetes_1224_1_tp_2, Bacteroidetes_918_2_tp_2, Dinoflagellata_1198_1_tp_2, Dinoflagellata_1711_1_tp_2, Dinoflagellata_1968_1_tp_2, Div_reps_2942_1_tp_2, Proteobacteria_10091_1_tp_2",0.389492351933804,0.612127719105869
"Bacteroidetes_1360_1","Bacteroidetes_1166_1_tp_2, Bacteroidetes_1178_1_tp_2, Bacteroidetes_1360_3_tp_2, Bacteroidetes_918_5_tp_2, Chlorophyta__streptophyta_895_1_tp_2, Dictyochophyceae_6_1_tp_2, Dinoflagellata_1017_1_tp_2, Phylum_reps_1954_1_tp_2, Proteobacteria_11429_4_tp_2",0.321726706993537,0.632579607629687
"Bacteroidetes_1360_1","Bacteroidetes_956_1_tp_2, Chlorophyta__streptophyta_848_1_tp_2, Cyanobacteria_73_1_tp_2, Dinoflagellata_1793_1_tp_2, Phylum_reps_1985_1_tp_2, Proteobacteria_7231_1_tp_2, Proteobacteria_7787_1_tp_2, Proteobacteria_7983_4_tp_2, Verrucomicrobia_18_2_tp_2",0.434369897453532,0.604008734585129
"Bacteroidetes_1360_1","Archaea_164_2_tp_2, Bacteroidetes_1235_1_tp_2, Bacteroidetes_956_1_tp_2, Cyanobacteria_85_1_tp_2, Planctomycetes_34_1_tp_2, Proteobacteria_11155_1_tp_2, Proteobacteria_7231_1_tp_2, Proteobacteria_8177_2_tp_2, Proteobacteria_8178_1_tp_2",0.377025132088732,0.605762659942446
"Bacteroidetes_1360_1","Bacteroidetes_1186_1_tp_2, Bacteroidetes_1224_1_tp_2, Bacteroidetes_1360_5_tp_2, Dinoflagellata_1198_1_tp_2, Dinoflagellata_1728_2_tp_2, Dinoflagellata_1749_1_tp_2, Dinoflagellata_1758_1_tp_2, Proteobacteria_10091_1_tp_2, Proteobacteria_6384_1_tp_2",0.319800733062265,0.623330146886109
"Bacteroidetes_1360_1","Archaea_179_1_tp_2, Bacillariophyta_138_1_tp_2, Bacteroidetes_918_3_tp_2, Cryptophyta_15_2_tp_2, Nitrospirae_9_1_tp_2, Proteobacteria_11155_2_tp_2, Proteobacteria_11429_3_tp_2, Proteobacteria_9649_1_tp_2, Verrucomicrobia_18_3_tp_2",0.348484289473111,0.629552916053995
"Bacteroidetes_1360_1","Bacteroidetes_1249_1_tp_2, Cercozoa_22_1_tp_2, Chrysophyceae_16_1_tp_2, Dinoflagellata_1009_1_tp_2, Dinoflagellata_1728_1_tp_2, Proteobacteria_11429_4_tp_2, Proteobacteria_8176_1_tp_2, Proteobacteria_8185_1_tp_2, Pseudofungi_43_1_tp_2",0.374437625385528,0.601669518578081
"Bacteroidetes_1360_1","Actinobacteria_410_2_tp_2, Bacillariophyta_44_1_tp_2, Cercozoa_22_1_tp_2, Dinoflagellata_1728_2_tp_2, Dinoflagellata_1769_1_tp_2, Proteobacteria_11190_1_tp_2, Proteobacteria_11431_2_tp_2, Verrucomicrobia_18_1_tp_2, Verrucomicrobia_18_4_tp_2",0.350926907115261,0.610364905696604
"Bacteroidetes_1360_1","Bacteroidetes_1151_1_tp_2, Bacteroidetes_918_3_tp_2, Bacteroidetes_918_5_tp_2, Cryptophyta_108_1_tp_2, Dictyochophyceae_6_1_tp_2, Planctomycetes_27_1_tp_2, Proteobacteria_11210_1_tp_2, Proteobacteria_7314_1_tp_2, Proteobacteria_8520_1_tp_2",0.312515601582031,0.638495458496007
"Bacteroidetes_1360_1","Bacillariophyta_44_1_tp_2, Bacteroidetes_919_3_tp_2, Chlorophyta__streptophyta_848_1_tp_2, Dinoflagellata_1009_1_tp_2, Dinoflagellata_982_1_tp_2, Lobosa_11_1_tp_2, Proteobacteria_7983_1_tp_2, Proteobacteria_7984_1_tp_2, Rhodophyta_506_1_tp_2",0.39032848535048,0.618347881398645
"Bacteroidetes_1360_1","Bacteroidetes_129_2_tp_2, Bacteroidetes_1360_2_tp_2, Chlorophyta__streptophyta_751_1_tp_2, Cryptophyta_15_1_tp_2, Proteobacteria_7230_3_tp_2, Proteobacteria_7983_4_tp_2, Proteobacteria_8176_1_tp_2, Proteobacteria_8185_1_tp_2, Verrucomicrobia_22_1_tp_2",0.338719351535408,0.616132783460542
"Bacteroidetes_1360_1","Cercozoa_22_1_tp_2, Cercozoa_395_1_tp_2, Ciliophora_280_1_tp_2, Dinoflagellata_1098_1_tp_2, Proteobacteria_7100_1_tp_2, Proteobacteria_7313_1_tp_2, Proteobacteria_7983_6_tp_2, Pseudofungi_43_1_tp_2, Radiolaria_104_1_tp_2",0.22638869504934,0.634181152588372
"Bacteroidetes_1360_1","Bacteroidetes_918_2_tp_2, Cryptophyta_15_2_tp_2, Dinoflagellata_1098_1_tp_2, Haptophyta_203_1_tp_2, Proteobacteria_11428_1_tp_2, Proteobacteria_11429_4_tp_2, Proteobacteria_7983_5_tp_2, Verrucomicrobia_18_3_tp_2, Verrucomicrobia_22_2_tp_2",0.287899439333942,0.6307699722102
"Bacteroidetes_1360_1","Bacillariophyta_123_1_tp_2, Bacteroidetes_1186_1_tp_2, Bacteroidetes_918_5_tp_2, Chlorophyta__streptophyta_732_1_tp_2, Proteobacteria_11431_1_tp_2, Proteobacteria_7174_1_tp_2, Proteobacteria_7983_3_tp_2, Rhodophyta_506_1_tp_2, Verrucomicrobia_18_3_tp_2",0.236028382641183,0.659972138054419
"Bacteroidetes_1360_1","Bacteroidetes_1235_1_tp_2, Cercozoa_22_1_tp_2, Dinoflagellata_1542_1_tp_2, Dinoflagellata_1555_1_tp_2, Dinoflagellata_1728_1_tp_2, Haptophyta_203_1_tp_2, Proteobacteria_11155_1_tp_2, Proteobacteria_6384_1_tp_2, Pseudofungi_43_1_tp_2",0.302586525000838,0.629052347884263
"Bacteroidetes_1360_1","Bacteroidetes_919_1_tp_2, Cercozoa_23_1_tp_2, Ciliophora_234_1_tp_2, Dinoflagellata_1009_1_tp_2, Dinoflagellata_1749_1_tp_2, Dinoflagellata_874_1_tp_2, Proteobacteria_7983_5_tp_2, Proteobacteria_8176_1_tp_2, Sagenista_53_1_tp_2",0.309875979370814,0.622546555263702
"Bacteroidetes_1360_1","Bacillariophyta_138_1_tp_2, Haptophyta_148_1_tp_2, Perkinsea_33_1_tp_2, Picozoa_18_1_tp_2, Planctomycetes_61_1_tp_2, Proteobacteria_11428_1_tp_2, Proteobacteria_7316_1_tp_2, Proteobacteria_8178_1_tp_2, Verrucomicrobia_18_2_tp_2",0.292409732379234,0.62667193709097
"Bacteroidetes_1360_1","Archaea_164_1_tp_2, Bacteroidetes_129_2_tp_2, Dictyochophyceae_6_1_tp_2, Dinoflagellata_1862_1_tp_2, Haptophyta_203_1_tp_2, Proteobacteria_10114_1_tp_2, Proteobacteria_7100_1_tp_2, Proteobacteria_7983_2_tp_2, Verrucomicrobia_22_2_tp_2",0.354326472142228,0.616879832869544
"Bacteroidetes_1360_1","Archaea_179_1_tp_2, Bacillariophyta_123_1_tp_2, Bacteroidetes_1167_1_tp_2, Bacteroidetes_1360_3_tp_2, Dinoflagellata_124_1_tp_2, Dinoflagellata_955_1_tp_2, Katablepharidophyta_7_1_tp_2, Rhodophyta_506_1_tp_2, Verrucomicrobia_23_1_tp_2",0.341816970155498,0.627717158686907
"Bacteroidetes_1360_1","Bacillariophyta_196_1_tp_2, Cyanobacteria_48_1_tp_2, Dinoflagellata_874_1_tp_2, Dinoflagellata_982_1_tp_2, Div_reps_2942_1_tp_2, Lobosa_11_1_tp_2, Perkinsea_33_1_tp_2, Phylum_reps_1954_1_tp_2, Proteobacteria_7983_6_tp_2",0.339917141948092,0.628513085181961
"Bacteroidetes_1360_1","Bacillariophyta_100_1_tp_2, Bacteroidetes_1224_1_tp_2, Bacteroidetes_1360_2_tp_2, Bacteroidetes_1360_4_tp_2, Bacteroidetes_918_5_tp_2, Dictyochophyceae_6_1_tp_2, Dinoflagellata_1017_1_tp_2, Proteobacteria_11210_1_tp_2, Proteobacteria_7230_2_tp_2",0.346564733550244,0.629888435353866
"Bacteroidetes_1360_1","Bacillariophyta_138_1_tp_2, Bacillariophyta_196_1_tp_2, Bacillariophyta_44_1_tp_2, Chlorophyta__streptophyta_732_1_tp_2, Dinoflagellata_1555_1_tp_2, Proteobacteria_7787_1_tp_2, Proteobacteria_7982_2_tp_2, temperature_tp_2, Verrucomicrobia_23_1_tp_2",0.320680011066906,0.628308455287117
"Bacteroidetes_1360_1","Archaea_164_1_tp_2, Bacillariophyta_44_1_tp_2, Bacteroidetes_1249_1_tp_2, Bacteroidetes_317_1_tp_2, Chlorophyta__streptophyta_751_1_tp_2, Dinoflagellata_1010_1_tp_2, Proteobacteria_7313_1_tp_2, Proteobacteria_7983_1_tp_2, Proteobacteria_8178_1_tp_2",0.345795608656564,0.618543974869313
"Bacteroidetes_1360_1","Chlorophyta__streptophyta_732_1_tp_2, Cyanobacteria_48_1_tp_2, Div_reps_1600_1_tp_2, Picozoa_6_1_tp_2, Proteobacteria_7100_1_tp_2, Proteobacteria_7230_1_tp_2, Proteobacteria_8175_1_tp_2, Verrucomicrobia_18_1_tp_2, Verrucomicrobia_18_2_tp_2",0.381112463843199,0.607343613678821
"Bacteroidetes_1360_1","Bacteroidetes_918_1_tp_2, Bacteroidetes_918_4_tp_2, Bacteroidetes_918_5_tp_2, Bacteroidetes_956_1_tp_2, Dinoflagellata_1728_2_tp_2, Planctomycetes_61_1_tp_2, Proteobacteria_5461_1_tp_2, Proteobacteria_7231_1_tp_2, Proteobacteria_8185_1_tp_2",0.245537622789474,0.633328105480988
"Bacteroidetes_1360_1","Archaea_179_1_tp_2, Bacillariophyta_31_1_tp_2, Ciliophora_280_1_tp_2, Cyanobacteria_48_1_tp_2, Dinoflagellata_1542_1_tp_2, Dinoflagellata_1728_1_tp_2, Haptophyta_203_1_tp_2, Picozoa_18_1_tp_2, Proteobacteria_11190_1_tp_2",0.297238883687804,0.645049624725348
"Bacteroidetes_1360_1","Bacillariophyta_138_1_tp_2, Bacteroidetes_919_3_tp_2, Dinoflagellata_1017_1_tp_2, Dinoflagellata_1771_1_tp_2, Proteobacteria_5461_1_tp_2, Proteobacteria_7314_1_tp_2, Proteobacteria_7787_1_tp_2, Proteobacteria_9649_1_tp_2, Verrucomicrobia_18_2_tp_2",0.382710013587538,0.619484105724267
"Bacteroidetes_1360_1","Bacteroidetes_1235_1_tp_2, Ciliophora_451_1_tp_2, Cryptophyta_15_2_tp_2, Cyanobacteria_48_1_tp_2, Dinoflagellata_1728_1_tp_2, Nitrospirae_9_1_tp_2, Proteobacteria_11155_1_tp_2, Proteobacteria_7289_1_tp_2, Proteobacteria_8185_1_tp_2",0.37712056910414,0.61956294073382
"Bacteroidetes_1360_1","Bacillariophyta_100_1_tp_2, Dinoflagellata_1017_1_tp_2, Dinoflagellata_1555_1_tp_2, Dinoflagellata_1758_1_tp_2, Dinoflagellata_1771_1_tp_2, Planctomycetes_27_1_tp_2, Proteobacteria_11190_1_tp_2, Raphidophyceae_3_1_tp_2, Sagenista_53_1_tp_2",0.297144994320786,0.663985620560158
"Bacteroidetes_1360_1","Bacillariophyta_44_1_tp_2, Bacteroidetes_1151_1_tp_2, Bacteroidetes_1249_1_tp_2, Proteobacteria_11428_1_tp_2, Proteobacteria_11429_4_tp_2, Proteobacteria_7174_1_tp_2, Proteobacteria_7230_2_tp_2, Rhodophyta_506_1_tp_2, Verrucomicrobia_22_1_tp_2",0.309811219617077,0.629828572508524
"Bacteroidetes_1360_1","Bacteroidetes_1224_1_tp_2, Bacteroidetes_919_1_tp_2, Chrysophyceae_16_1_tp_2, Dinoflagellata_1010_1_tp_2, Katablepharidophyta_7_1_tp_2, Proteobacteria_6847_1_tp_2, Proteobacteria_7231_1_tp_2, Proteobacteria_9681_1_tp_2, Proteobacteria_9681_2_tp_2",0.448567823975477,0.599325163342468
"Bacteroidetes_1360_1","Bacteroidetes_1166_1_tp_2, Bacteroidetes_1166_2_tp_2, Bacteroidetes_1360_2_tp_2, Cryptophyta_108_1_tp_2, Dinoflagellata_1098_1_tp_2, Dinoflagellata_1968_1_tp_2, Div_reps_2942_1_tp_2, Katablepharidophyta_7_1_tp_2, Perkinsea_44_1_tp_2",0.30479661714191,0.620192719729733
"Bacteroidetes_1360_1","Cercozoa_395_1_tp_2, Chlorophyta__streptophyta_120_1_tp_2, Dinoflagellata_1010_1_tp_2, Dinoflagellata_1771_2_tp_2, Div_reps_2942_1_tp_2, Proteobacteria_11190_1_tp_2, Proteobacteria_11429_1_tp_2, Proteobacteria_8176_1_tp_2, Proteobacteria_8520_1_tp_2",0.331338373949803,0.616626640671114
"Bacteroidetes_1360_1","Bacteroidetes_1360_3_tp_2, Bacteroidetes_938_1_tp_2, Chlorophyta__streptophyta_732_1_tp_2, Dinoflagellata_1728_2_tp_2, Proteobacteria_11155_2_tp_2, Proteobacteria_7166_1_tp_2, Proteobacteria_7174_1_tp_2, Proteobacteria_7364_1_tp_2, Proteobacteria_9681_1_tp_2",0.446349153296257,0.593179473265212
"Bacteroidetes_1360_1","Bacteroidetes_919_3_tp_2, Cercozoa_22_1_tp_2, Chrysophyceae_16_1_tp_2, Ciliophora_451_1_tp_2, Dinoflagellata_1728_1_tp_2, Planctomycetes_61_1_tp_2, Proteobacteria_11210_2_tp_2, Proteobacteria_8185_1_tp_2, Proteobacteria_9681_2_tp_2",0.341450082724987,0.624043818937409
"Bacteroidetes_1360_1","Bacillariophyta_138_1_tp_2, Bacteroidetes_1360_4_tp_2, Bacteroidetes_956_1_tp_2, Cercozoa_22_1_tp_2, Chlorophyta__streptophyta_845_1_tp_2, Dinoflagellata_1711_1_tp_2, Dinoflagellata_1728_2_tp_2, Proteobacteria_11429_1_tp_2, Rhodophyta_506_1_tp_2",0.457446725959795,0.590670355643443
"Bacteroidetes_1360_1","Bacteroidetes_1360_2_tp_2, Dinoflagellata_1017_1_tp_2, Dinoflagellata_1496_1_tp_2, Dinoflagellata_1728_2_tp_2, Haptophyta_203_1_tp_2, Lobosa_11_1_tp_2, Proteobacteria_7289_1_tp_2, Proteobacteria_8178_1_tp_2, Sagenista_53_1_tp_2",0.334207145987684,0.638153566840334
"Bacteroidetes_1360_1","Bacillariophyta_100_1_tp_2, Bacteroidetes_1235_1_tp_2, Cercozoa_291_1_tp_2, Dinoflagellata_1728_1_tp_2, Dinoflagellata_874_1_tp_2, Picozoa_6_1_tp_2, Proteobacteria_11429_1_tp_2, Proteobacteria_7230_1_tp_2, Proteobacteria_7982_2_tp_2",0.217982807991643,0.629741791535359
"Bacteroidetes_1360_1","Chlorophyta__streptophyta_120_1_tp_2, Chlorophyta__streptophyta_833_1_tp_2, Dinoflagellata_1014_1_tp_2, Haptophyta_203_1_tp_2, Phylum_reps_2301_1_tp_2, Proteobacteria_11155_2_tp_2, Proteobacteria_6847_1_tp_2, Proteobacteria_7174_1_tp_2, Proteobacteria_7983_8_tp_2",0.476311369407081,0.621028745362093
"Bacteroidetes_1360_1","Bacteroidetes_918_1_tp_2, Bacteroidetes_919_2_tp_2, Ciliophora_403_1_tp_2, Cyanobacteria_48_1_tp_2, Dinoflagellata_1009_1_tp_2, Dinoflagellata_1014_1_tp_2, Dinoflagellata_1198_1_tp_2, Proteobacteria_7364_1_tp_2, Proteobacteria_8520_1_tp_2",0.310297627779735,0.648651715397421
"Bacteroidetes_1360_1","Chlorophyta__streptophyta_732_1_tp_2, Dinoflagellata_1862_1_tp_2, Dinoflagellata_955_1_tp_2, Proteobacteria_11429_1_tp_2, Proteobacteria_11429_4_tp_2, Proteobacteria_22_1_tp_2, Proteobacteria_7166_1_tp_2, Proteobacteria_7314_1_tp_2, Proteobacteria_8175_1_tp_2",0.290743209833804,0.618915982091363
"Bacteroidetes_1360_1","Actinobacteria_410_1_tp_2, Bacteroidetes_1194_1_tp_2, Bacteroidetes_918_4_tp_2, Ciliophora_1195_1_tp_2, Picozoa_6_1_tp_2, Planctomycetes_61_1_tp_2, Proteobacteria_11429_2_tp_2, Proteobacteria_8185_1_tp_2, Rhodophyta_506_1_tp_2",0.366137657904252,0.624470666817938
"Bacteroidetes_1360_1","Actinobacteria_410_1_tp_2, Archaea_179_1_tp_2, Bacillariophyta_31_1_tp_2, Bacteroidetes_1166_2_tp_2, Chlorophyta__streptophyta_833_1_tp_2, Chrysophyceae_16_1_tp_2, Div_reps_2942_1_tp_2, Katablepharidophyta_7_1_tp_2, Proteobacteria_7295_1_tp_2",0.201874285046308,0.648117537524217
"Bacteroidetes_1360_1","Bacteroidetes_129_2_tp_2, Bacteroidetes_1360_2_tp_2, Bacteroidetes_919_3_tp_2, Cyanobacteria_65_1_tp_2, Dinoflagellata_1728_2_tp_2, Dinoflagellata_1862_1_tp_2, Proteobacteria_11120_1_tp_2, Proteobacteria_7983_2_tp_2, Verrucomicrobia_18_2_tp_2",0.282304484074063,0.6243531026196
"Bacteroidetes_1360_1","Bacillariophyta_138_1_tp_2, Dinoflagellata_1017_1_tp_2, Dinoflagellata_1658_1_tp_2, Haptophyta_203_1_tp_2, Katablepharidophyta_7_1_tp_2, Planctomycetes_61_1_tp_2, Proteobacteria_7314_1_tp_2, Proteobacteria_7983_8_tp_2, Proteobacteria_9649_1_tp_2",0.176786354474258,0.686290773316635
"Bacteroidetes_1360_1","Actinobacteria_410_2_tp_2, Bacteroidetes_1167_1_tp_2, Cercozoa_22_1_tp_2, Dinoflagellata_124_1_tp_2, Dinoflagellata_1496_1_tp_2, Proteobacteria_11210_1_tp_2, Proteobacteria_7230_3_tp_2, Proteobacteria_8177_2_tp_2, Verrucomicrobia_22_2_tp_2",0.259178518184786,0.632900096664062
"Bacteroidetes_1360_1","Bacillariophyta_100_1_tp_2, Bacillariophyta_196_1_tp_2, Bacillariophyta_219_1_tp_2, Bacteroidetes_131_1_tp_2, Dinoflagellata_1728_2_tp_2, Div_reps_1600_2_tp_2, Proteobacteria_10114_1_tp_2, Proteobacteria_7982_2_tp_2, Proteobacteria_7983_1_tp_2",0.314356627738707,0.624843875770478
"Bacteroidetes_1360_1","Actinobacteria_410_1_tp_2, Bacillariophyta_219_1_tp_2, Bacteroidetes_1194_1_tp_2, Bacteroidetes_1249_1_tp_2, Chlorophyta__streptophyta_833_1_tp_2, Dinoflagellata_1198_1_tp_2, Dinoflagellata_955_1_tp_2, Proteobacteria_7230_2_tp_2, Proteobacteria_8175_1_tp_2",0.286579393972522,0.619689280577321
"Bacteroidetes_1360_1","Bacteroidetes_918_4_tp_2, Chlorophyta__streptophyta_751_1_tp_2, Dinoflagellata_1198_1_tp_2, Div_reps_1600_1_tp_2, Proteobacteria_11429_1_tp_2, Proteobacteria_7230_1_tp_2, Proteobacteria_7983_8_tp_2, Proteobacteria_8176_2_tp_2, Radiolaria_104_1_tp_2",0.315889873337592,0.630597239966136
"Bacteroidetes_1360_1","Bacillariophyta_31_1_tp_2, Cercozoa_291_1_tp_2, Chlorophyta__streptophyta_751_1_tp_2, Dinoflagellata_1728_2_tp_2, Dinoflagellata_1968_1_tp_2, Dinoflagellata_874_1_tp_2, Div_reps_1600_1_tp_2, Proteobacteria_7983_4_tp_2, Verrucomicrobia_18_4_tp_2",0.205966092691242,0.638230668349666
"Bacteroidetes_1360_1","Bacillariophyta_219_1_tp_2, Bacteroidetes_918_3_tp_2, Bacteroidetes_919_2_tp_2, Chlorophyta__streptophyta_833_1_tp_2, Cyanobacteria_65_1_tp_2, Dinoflagellata_1542_1_tp_2, Phylum_reps_1985_1_tp_2, Proteobacteria_11429_1_tp_2, Proteobacteria_7983_1_tp_2",0.345829588595388,0.628499820986165
"Bacteroidetes_1360_1","Actinobacteria_410_2_tp_2, Ciliophora_403_1_tp_2, Dinoflagellata_1555_1_tp_2, Dinoflagellata_1749_1_tp_2, Dinoflagellata_1771_1_tp_2, Proteobacteria_22_1_tp_2, Proteobacteria_9681_1_tp_2, Raphidophyceae_3_1_tp_2, Verrucomicrobia_18_4_tp_2",0.259347688311292,0.63420036253992
"Bacteroidetes_1360_1","Bacteroidetes_1167_1_tp_2, Bacteroidetes_1204_1_tp_2, Dinoflagellata_1728_2_tp_2, Proteobacteria_11190_1_tp_2, Proteobacteria_7983_2_tp_2, Proteobacteria_7983_4_tp_2, Proteobacteria_8175_1_tp_2, Proteobacteria_9681_2_tp_2, Verrucomicrobia_18_3_tp_2",0.279397277095228,0.62783839604216
"Bacteroidetes_1360_1","Bacteroidetes_1166_2_tp_2, Bacteroidetes_1360_3_tp_2, Dinoflagellata_1014_1_tp_2, Dinoflagellata_1198_1_tp_2, Phylum_reps_1954_1_tp_2, Proteobacteria_10168_1_tp_2, Proteobacteria_11431_2_tp_2, Proteobacteria_7230_1_tp_2, Verrucomicrobia_22_1_tp_2",0.358873613774358,0.617055228334565
"Bacteroidetes_1360_1","Bacteroidetes_919_2_tp_2, Dinoflagellata_1793_1_tp_2, Perkinsea_44_1_tp_2, Picozoa_6_1_tp_2, Proteobacteria_11429_4_tp_2, Proteobacteria_11431_1_tp_2, Proteobacteria_7230_3_tp_2, Proteobacteria_7982_2_tp_2, Proteobacteria_8520_1_tp_2",0.310475605193212,0.610831955868106
"Bacteroidetes_1360_1","Bacteroidetes_1151_1_tp_2, Chlorophyta__streptophyta_833_1_tp_2, Dinoflagellata_1658_1_tp_2, Dinoflagellata_1758_1_tp_2, Picozoa_6_1_tp_2, Proteobacteria_5461_1_tp_2, Proteobacteria_7314_1_tp_2, Proteobacteria_8177_1_tp_2, Sagenista_61_1_tp_2",0.308494707336725,0.652567416451935
"Bacteroidetes_1360_1","Bacillariophyta_29_1_tp_2, Cercozoa_395_1_tp_2, Dinoflagellata_1728_1_tp_2, Dinoflagellata_1769_1_tp_2, Proteobacteria_11120_1_tp_2, Proteobacteria_7982_2_tp_2, Proteobacteria_7983_2_tp_2, Proteobacteria_8178_1_tp_2, Proteobacteria_9681_1_tp_2",0.258855651112433,0.625989095136753
"Bacteroidetes_1360_1","Bacteroidetes_918_5_tp_2, Cercozoa_23_1_tp_2, Cyanobacteria_73_1_tp_2, Phylum_reps_2301_1_tp_2, Proteobacteria_5461_1_tp_2, Proteobacteria_7316_1_tp_2, Proteobacteria_7983_1_tp_2, Proteobacteria_8520_1_tp_2, Verrucomicrobia_23_1_tp_2",0.44261006880651,0.602660337223577
"Bacteroidetes_1360_1","Bacillariophyta_100_1_tp_2, Bacteroidetes_1167_1_tp_2, Bacteroidetes_1360_4_tp_2, Bacteroidetes_918_4_tp_2, Dinoflagellata_1014_1_tp_2, Dinoflagellata_1658_1_tp_2, Dinoflagellata_1769_1_tp_2, Proteobacteria_7289_1_tp_2, Proteobacteria_8176_1_tp_2",0.273881680889499,0.634029327504707
"Bacteroidetes_1360_1","Bacteroidetes_1166_1_tp_2, Cercozoa_395_1_tp_2, Dinoflagellata_1009_1_tp_2, Dinoflagellata_1010_1_tp_2, Dinoflagellata_1711_1_tp_2, Dinoflagellata_982_1_tp_2, Phylum_reps_1954_1_tp_2, Proteobacteria_5461_1_tp_2, Proteobacteria_8176_2_tp_2",0.347387676678754,0.623467381051873
"Bacteroidetes_1360_1","Actinobacteria_410_2_tp_2, Bacteroidetes_1194_1_tp_2, Cercozoa_291_1_tp_2, Picozoa_18_1_tp_2, Proteobacteria_11120_1_tp_2, Proteobacteria_11155_1_tp_2, Proteobacteria_11428_1_tp_2, Proteobacteria_5436_1_tp_2, Rhodophyta_506_1_tp_2",0.369009696514205,0.614306434410523
"Bacteroidetes_1360_1","Bacteroidetes_1166_2_tp_2, Bacteroidetes_1235_1_tp_2, Bacteroidetes_1249_1_tp_2, Dinoflagellata_1711_1_tp_2, Planctomycetes_27_1_tp_2, Proteobacteria_11210_1_tp_2, Proteobacteria_7100_1_tp_2, Proteobacteria_9649_1_tp_2, Verrucomicrobia_18_3_tp_2",0.348335625630503,0.635298838293314
"Bacteroidetes_1360_1","Bacillariophyta_29_1_tp_2, Bacteroidetes_1178_1_tp_2, Chlorophyta__streptophyta_751_1_tp_2, Dinoflagellata_124_1_tp_2, Dinoflagellata_1496_1_tp_2, Proteobacteria_7166_1_tp_2, Proteobacteria_7982_2_tp_2, Proteobacteria_8175_1_tp_2, Proteobacteria_9681_1_tp_2",0.282051347321613,0.627911083466496
"Bacteroidetes_1360_1","Bacteroidetes_129_2_tp_2, Bacteroidetes_918_1_tp_2, Bacteroidetes_919_1_tp_2, Ciliophora_298_1_tp_2, Dinoflagellata_124_1_tp_2, Dinoflagellata_1728_2_tp_2, Perkinsea_44_1_tp_2, Proteobacteria_5436_1_tp_2, Proteobacteria_7983_4_tp_2",0.204694636895898,0.650792235724996
"Bacteroidetes_1360_1","Bacillariophyta_219_1_tp_2, Bacteroidetes_1166_1_tp_2, Bacteroidetes_129_2_tp_2, Bacteroidetes_317_1_tp_2, Dinoflagellata_874_1_tp_2, Planctomycetes_61_1_tp_2, Proteobacteria_7230_3_tp_2, Proteobacteria_8177_1_tp_2, Verrucomicrobia_23_1_tp_2",0.27578697284275,0.630747366486552
"Bacteroidetes_1360_1","Bacteroidetes_1166_2_tp_2, Bacteroidetes_1167_1_tp_2, Bacteroidetes_131_1_tp_2, Bacteroidetes_919_3_tp_2, Chlorophyta__streptophyta_833_1_tp_2, Dinoflagellata_1711_1_tp_2, Dinoflagellata_874_1_tp_2, Proteobacteria_7230_3_tp_2, Proteobacteria_7983_1_tp_2",0.215986773356008,0.651443473072525
"Bacteroidetes_1360_1","Bacteroidetes_1360_2_tp_2, Bacteroidetes_918_2_tp_2, Cercozoa_291_1_tp_2, Chlorophyta__streptophyta_833_1_tp_2, Dinoflagellata_1010_1_tp_2, Perkinsea_44_1_tp_2, Proteobacteria_11429_2_tp_2, Proteobacteria_7316_1_tp_2, Verrucomicrobia_22_2_tp_2",0.319422001709851,0.62219608670579
"Bacteroidetes_1360_1","Bacteroidetes_1360_5_tp_2, Bacteroidetes_317_1_tp_2, Chrysophyceae_16_1_tp_2, Dinoflagellata_1728_2_tp_2, Dinoflagellata_1749_1_tp_2, Planctomycetes_61_1_tp_2, Proteobacteria_11155_1_tp_2, Proteobacteria_7295_1_tp_2, Proteobacteria_7364_1_tp_2",0.383935151931215,0.618486746697716
"Bacteroidetes_1360_1","Bacillariophyta_100_1_tp_2, Dinoflagellata_1749_1_tp_2, Dinoflagellata_1862_1_tp_2, Planctomycetes_27_1_tp_2, Planctomycetes_34_1_tp_2, Proteobacteria_7364_1_tp_2, Proteobacteria_8175_1_tp_2, Proteobacteria_9681_2_tp_2, Verrucomicrobia_18_2_tp_2",0.313212651527714,0.631295880041571
"Bacteroidetes_1360_1","Bacteroidetes_1167_1_tp_2, Bacteroidetes_1204_1_tp_2, Bacteroidetes_938_1_tp_2, Chrysophyceae_16_1_tp_2, Ciliophora_280_1_tp_2, Dinoflagellata_1496_1_tp_2, Nitrospirae_9_1_tp_2, Proteobacteria_11429_1_tp_2, Proteobacteria_8176_1_tp_2",0.328499588201768,0.621835471105744
"Bacteroidetes_1360_1","Bacillariophyta_219_1_tp_2, Bacteroidetes_1249_1_tp_2, Ciliophora_451_1_tp_2, Phylum_reps_1985_1_tp_2, Proteobacteria_22_1_tp_2, Proteobacteria_7230_3_tp_2, Proteobacteria_7289_1_tp_2, Proteobacteria_8185_1_tp_2, Verrucomicrobia_23_1_tp_2",0.318771493517183,0.623009359326407
"Bacteroidetes_1360_1","Bacteroidetes_1204_1_tp_2, Chrysophyceae_16_1_tp_2, Ciliophora_280_1_tp_2, Cryptophyta_108_1_tp_2, Dinoflagellata_982_1_tp_2, Div_reps_2942_1_tp_2, Phylum_reps_1954_1_tp_2, Proteobacteria_7983_1_tp_2, Proteobacteria_7983_7_tp_2",0.327236321947701,0.649711268571808
"Bacteroidetes_1360_1","Bacteroidetes_1249_1_tp_2, Bacteroidetes_938_1_tp_2, Cryptophyta_15_2_tp_2, Dinoflagellata_1010_1_tp_2, Dinoflagellata_1014_1_tp_2, Dinoflagellata_1968_1_tp_2, Perkinsea_33_1_tp_2, Proteobacteria_11210_1_tp_2, Verrucomicrobia_18_2_tp_2",0.331745286853364,0.627710757762314
"Bacteroidetes_1360_1","Chlorophyta__streptophyta_120_1_tp_2, Cyanobacteria_85_1_tp_2, Dictyochophyceae_6_1_tp_2, Dinoflagellata_1014_1_tp_2, Dinoflagellata_1542_1_tp_2, Dinoflagellata_1862_1_tp_2, Proteobacteria_10114_1_tp_2, Proteobacteria_7230_2_tp_2, Verrucomicrobia_22_1_tp_2",0.234744739278179,0.652109582425365
"Bacteroidetes_1360_1","Bacteroidetes_1360_5_tp_2, Bacteroidetes_919_1_tp_2, Cyanobacteria_48_1_tp_2, Dinoflagellata_1728_1_tp_2, Dinoflagellata_1749_1_tp_2, Haptophyta_148_1_tp_2, Phylum_reps_2301_1_tp_2, Proteobacteria_7983_3_tp_2, Pseudofungi_43_1_tp_2",0.231978457847744,0.656644624234337
"Bacteroidetes_1360_1","Bacillariophyta_31_1_tp_2, Bacteroidetes_1166_1_tp_2, Bacteroidetes_1167_1_tp_2, Dinoflagellata_1017_1_tp_2, Dinoflagellata_124_1_tp_2, Dinoflagellata_1711_1_tp_2, Proteobacteria_11428_1_tp_2, Sagenista_53_1_tp_2, Verrucomicrobia_22_1_tp_2",0.323694907172461,0.648247231569484
"Bacteroidetes_1360_1","Actinobacteria_410_2_tp_2, Bacteroidetes_129_2_tp_2, Picozoa_18_1_tp_2, Proteobacteria_10114_1_tp_2, Proteobacteria_11429_3_tp_2, Proteobacteria_7231_1_tp_2, Proteobacteria_8177_2_tp_2, Proteobacteria_9681_1_tp_2, Verrucomicrobia_22_1_tp_2",0.316259328978723,0.620957943616639
"Bacteroidetes_1360_1","Bacillariophyta_138_1_tp_2, Bacteroidetes_1264_1_tp_2, Cyanobacteria_85_1_tp_2, Dinoflagellata_1017_1_tp_2, Planctomycetes_27_1_tp_2, Proteobacteria_11155_2_tp_2, Proteobacteria_7983_2_tp_2, Proteobacteria_8175_1_tp_2, Pseudofungi_43_1_tp_2",0.332221273704391,0.62447067426666
"Bacteroidetes_1360_1","Archaea_164_1_tp_2, Bacteroidetes_129_1_tp_2, Bacteroidetes_919_1_tp_2, Cyanobacteria_48_1_tp_2, Proteobacteria_11429_3_tp_2, Proteobacteria_11429_4_tp_2, Proteobacteria_6384_1_tp_2, Proteobacteria_7984_1_tp_2, Rhodophyta_506_1_tp_2",0.486357666438305,0.60438117657526
"Bacteroidetes_1360_1","Bacillariophyta_196_1_tp_2, Bacteroidetes_1194_1_tp_2, Bacteroidetes_1235_1_tp_2, Cryptophyta_108_1_tp_2, Dinoflagellata_1017_1_tp_2, Proteobacteria_11155_2_tp_2, Proteobacteria_7166_1_tp_2, Proteobacteria_7983_2_tp_2, Verrucomicrobia_18_2_tp_2",0.307394947398576,0.63402653458909
"Bacteroidetes_1360_1","Archaea_164_2_tp_2, Bacteroidetes_1194_1_tp_2, Div_reps_1600_2_tp_2, Proteobacteria_5436_1_tp_2, Proteobacteria_7230_1_tp_2, Proteobacteria_7230_2_tp_2, Proteobacteria_7231_1_tp_2, Proteobacteria_8176_1_tp_2, Proteobacteria_8178_1_tp_2",0.418672119750264,0.60559038968321
"Bacteroidetes_1360_1","Bacteroidetes_1249_1_tp_2, Bacteroidetes_1360_2_tp_2, Ciliophora_234_1_tp_2, Dinoflagellata_955_1_tp_2, Proteobacteria_7231_1_tp_2, Proteobacteria_7982_1_tp_2, Proteobacteria_8177_2_tp_2, Proteobacteria_9649_1_tp_2, Proteobacteria_9681_2_tp_2",0.352526323258001,0.609083624050997
"Bacteroidetes_1360_1","Bacillariophyta_196_1_tp_2, Bacteroidetes_129_1_tp_2, Bacteroidetes_129_2_tp_2, Ciliophora_451_1_tp_2, Proteobacteria_10114_1_tp_2, Proteobacteria_7316_1_tp_2, Proteobacteria_8178_1_tp_2, temperature_tp_2, Verrucomicrobia_22_2_tp_2",0.393299249362214,0.61762573746394
"Bacteroidetes_1360_1","Bacillariophyta_31_1_tp_2, Bacteroidetes_1166_2_tp_2, Bacteroidetes_1360_5_tp_2, Dinoflagellata_1728_1_tp_2, Dinoflagellata_1749_1_tp_2, Planctomycetes_27_1_tp_2, Proteobacteria_11155_2_tp_2, Raphidophyceae_3_1_tp_2, Verrucomicrobia_22_1_tp_2",0.181471715023046,0.657484791879567
"Bacteroidetes_1360_1","Archaea_164_1_tp_2, Bacteroidetes_1166_1_tp_2, Bacteroidetes_919_3_tp_2, Cercozoa_22_1_tp_2, Dinoflagellata_1711_1_tp_2, Dinoflagellata_1968_1_tp_2, Proteobacteria_10091_1_tp_2, Proteobacteria_11429_4_tp_2, Proteobacteria_7295_1_tp_2",0.47454110386128,0.600790889399815
"Bacteroidetes_1360_1","Archaea_164_2_tp_2, Bacteroidetes_1360_3_tp_2, Bacteroidetes_918_2_tp_2, Cercozoa_395_1_tp_2, Ciliophora_234_1_tp_2, Dinoflagellata_1009_1_tp_2, Katablepharidophyta_7_1_tp_2, Proteobacteria_11190_1_tp_2, Proteobacteria_7787_1_tp_2",0.386181001933756,0.616496159565681
"Bacteroidetes_1360_1","Ciliophora_1195_1_tp_2, Haptophyta_148_1_tp_2, Perkinsea_33_1_tp_2, Proteobacteria_11429_3_tp_2, Proteobacteria_22_1_tp_2, Proteobacteria_7983_4_tp_2, Proteobacteria_7983_6_tp_2, Proteobacteria_7984_1_tp_2, temperature_tp_2",0.347267330444022,0.615174908512445
"Bacteroidetes_1360_1","Bacteroidetes_1349_1_tp_2, Bacteroidetes_1360_5_tp_2, Cercozoa_291_1_tp_2, Ciliophora_403_1_tp_2, Ciliophora_451_1_tp_2, Cryptophyta_15_2_tp_2, Nitrospirae_9_1_tp_2, Proteobacteria_7230_2_tp_2, Verrucomicrobia_22_2_tp_2",0.317271089634919,0.648536114927789
"Bacteroidetes_1360_1","Bacillariophyta_123_1_tp_2, Bacteroidetes_918_4_tp_2, Dinoflagellata_124_1_tp_2, Dinoflagellata_1793_1_tp_2, Div_reps_2942_1_tp_2, Katablepharidophyta_7_1_tp_2, Phylum_reps_1954_1_tp_2, Proteobacteria_7982_1_tp_2, Verrucomicrobia_18_1_tp_2",0.435679846528612,0.609110740806365
"Bacteroidetes_1360_1","Bacteroidetes_129_2_tp_2, Chlorophyta__streptophyta_751_1_tp_2, Chrysophyceae_16_1_tp_2, Proteobacteria_10168_1_tp_2, Proteobacteria_5436_1_tp_2, Proteobacteria_7983_7_tp_2, Proteobacteria_7983_8_tp_2, Proteobacteria_8520_1_tp_2, Verrucomicrobia_18_3_tp_2",0.369801899469039,0.629304677143774
"Bacteroidetes_1360_1","Bacillariophyta_138_1_tp_2, Bacteroidetes_1264_1_tp_2, Bacteroidetes_317_1_tp_2, Chlorophyta__streptophyta_895_1_tp_2, Dinoflagellata_1711_1_tp_2, Dinoflagellata_874_1_tp_2, Proteobacteria_7319_1_tp_2, Proteobacteria_7983_5_tp_2, Proteobacteria_8176_2_tp_2",0.467473854133029,0.609812974875833
