"target","embedding","rho","rmse"
"Bacteroidetes_1360_3","Bacteroidetes_918_1_tp_2, Bacteroidetes_918_3_tp_2, Cercozoa_23_1_tp_2, Chlorophyta__streptophyta_833_1_tp_2, Cyanobacteria_65_1_tp_2, Dinoflagellata_1758_1_tp_2, Picozoa_6_1_tp_2, Proteobacteria_7166_1_tp_2, Proteobacteria_9681_2_tp_2",0.505239524923944,0.307672495403025
"Bacteroidetes_1360_3","Bacteroidetes_131_1_tp_2, Chlorophyta__streptophyta_751_1_tp_2, Dinoflagellata_1496_1_tp_2, Proteobacteria_11431_2_tp_2, Proteobacteria_8176_1_tp_2, Proteobacteria_8176_2_tp_2, Proteobacteria_9681_2_tp_2, Sagenista_53_1_tp_2, Verrucomicrobia_18_3_tp_2",0.447746210613245,0.316231459095573
"Bacteroidetes_1360_3","Bacillariophyta_100_1_tp_2, Bacteroidetes_1264_1_tp_2, Bacteroidetes_918_1_tp_2, Bacteroidetes_918_5_tp_2, Cercozoa_23_1_tp_2, Picozoa_18_1_tp_2, Radiolaria_104_1_tp_2, Verrucomicrobia_22_1_tp_2, Verrucomicrobia_22_2_tp_2",0.536688688297293,0.296751406292872
"Bacteroidetes_1360_3","Bacillariophyta_31_1_tp_2, Bacteroidetes_1178_1_tp_2, Bacteroidetes_919_2_tp_2, Ciliophora_403_1_tp_2, Planctomycetes_27_1_tp_2, Proteobacteria_11429_4_tp_2, Proteobacteria_5461_1_tp_2, Proteobacteria_7231_1_tp_2, Proteobacteria_8178_1_tp_2",0.514525987508761,0.309357242558761
"Bacteroidetes_1360_3","Actinobacteria_410_1_tp_2, Bacteroidetes_1151_1_tp_2, Bacteroidetes_1204_1_tp_2, Bacteroidetes_919_3_tp_2, Chlorophyta__streptophyta_833_1_tp_2, Dinoflagellata_1771_2_tp_2, Perkinsea_33_1_tp_2, Proteobacteria_7364_1_tp_2, Radiolaria_104_1_tp_2",0.521082116020205,0.302748427501234
"Bacteroidetes_1360_3","Bacillariophyta_100_1_tp_2, Bacteroidetes_1224_1_tp_2, Bacteroidetes_918_1_tp_2, Chlorophyta__streptophyta_751_1_tp_2, Ciliophora_451_1_tp_2, Haptophyta_203_1_tp_2, Proteobacteria_11155_1_tp_2, Proteobacteria_6847_1_tp_2, Verrucomicrobia_18_1_tp_2",0.559499629549558,0.302843845498267
"Bacteroidetes_1360_3","Bacillariophyta_196_1_tp_2, Bacillariophyta_44_1_tp_2, Bacteroidetes_1235_1_tp_2, Dinoflagellata_1098_1_tp_2, Dinoflagellata_1555_1_tp_2, Katablepharidophyta_7_1_tp_2, Phylum_reps_1954_1_tp_2, Proteobacteria_11431_1_tp_2, Proteobacteria_7983_6_tp_2",0.460906452400203,0.31392927443388
"Bacteroidetes_1360_3","Actinobacteria_410_2_tp_2, Bacteroidetes_1349_1_tp_2, Bacteroidetes_956_1_tp_2, Chlorophyta__streptophyta_120_1_tp_2, Dinoflagellata_1009_1_tp_2, Div_reps_2942_1_tp_2, Proteobacteria_11120_1_tp_2, Proteobacteria_11210_1_tp_2, Proteobacteria_7313_1_tp_2",0.509426717344821,0.304795533474153
"Bacteroidetes_1360_3","Bacillariophyta_123_1_tp_2, Bacteroidetes_918_3_tp_2, Cercozoa_291_1_tp_2, Cryptophyta_108_1_tp_2, Dinoflagellata_1009_1_tp_2, Dinoflagellata_1198_1_tp_2, Dinoflagellata_1749_1_tp_2, Proteobacteria_11429_4_tp_2, Proteobacteria_8520_1_tp_2",0.534222411884162,0.297577709655536
"Bacteroidetes_1360_3","Archaea_179_1_tp_2, Bacteroidetes_1204_1_tp_2, Bacteroidetes_1349_1_tp_2, Bacteroidetes_938_1_tp_2, Cyanobacteria_73_1_tp_2, Proteobacteria_7100_1_tp_2, Proteobacteria_7983_5_tp_2, Radiolaria_104_1_tp_2, Sagenista_61_1_tp_2",0.505110997594432,0.308487452944887
"Bacteroidetes_1360_3","Archaea_164_2_tp_2, Bacteroidetes_1166_2_tp_2, Bacteroidetes_1360_5_tp_2, Chlorophyta__streptophyta_732_1_tp_2, Cryptophyta_15_1_tp_2, Proteobacteria_11155_1_tp_2, Proteobacteria_7174_1_tp_2, Proteobacteria_7984_1_tp_2, Verrucomicrobia_23_1_tp_2",0.48197652898669,0.313816341899786
"Bacteroidetes_1360_3","Bacteroidetes_1166_2_tp_2, Bacteroidetes_129_1_tp_2, Bacteroidetes_129_2_tp_2, Bacteroidetes_938_1_tp_2, Ciliophora_298_1_tp_2, Planctomycetes_34_1_tp_2, Proteobacteria_10091_1_tp_2, Proteobacteria_7230_3_tp_2, Proteobacteria_7319_1_tp_2",0.453517794166939,0.30549484163604
"Bacteroidetes_1360_3","Bacillariophyta_29_1_tp_2, Bacteroidetes_1360_2_tp_2, Ciliophora_403_1_tp_2, Dinoflagellata_1771_2_tp_2, Nitrospirae_9_1_tp_2, Proteobacteria_7230_2_tp_2, Proteobacteria_7982_1_tp_2, Proteobacteria_7982_2_tp_2, Proteobacteria_8176_2_tp_2",0.534226366946268,0.295968434058946
"Bacteroidetes_1360_3","Archaea_164_1_tp_2, Bacteroidetes_1235_1_tp_2, Cyanobacteria_65_1_tp_2, Dinoflagellata_1749_1_tp_2, Dinoflagellata_1968_1_tp_2, Div_reps_1600_1_tp_2, Proteobacteria_11429_2_tp_2, Proteobacteria_22_1_tp_2, Proteobacteria_7174_1_tp_2",0.462011859876735,0.312806201217452
"Bacteroidetes_1360_3","Bacillariophyta_29_1_tp_2, Bacteroidetes_1166_2_tp_2, Bacteroidetes_919_2_tp_2, Dinoflagellata_124_1_tp_2, Dinoflagellata_982_1_tp_2, Katablepharidophyta_7_1_tp_2, Picozoa_18_1_tp_2, Proteobacteria_6384_1_tp_2, Verrucomicrobia_18_3_tp_2",0.48032634936955,0.322108624885058
"Bacteroidetes_1360_3","Bacteroidetes_1194_1_tp_2, Bacteroidetes_1224_1_tp_2, Bacteroidetes_1249_1_tp_2, Bacteroidetes_129_1_tp_2, Cyanobacteria_48_1_tp_2, Haptophyta_148_1_tp_2, Katablepharidophyta_7_1_tp_2, Proteobacteria_11190_1_tp_2, Sagenista_61_1_tp_2",0.545680979373425,0.303691569153587
"Bacteroidetes_1360_3","Bacteroidetes_1249_1_tp_2, Cercozoa_23_1_tp_2, Dinoflagellata_1758_1_tp_2, Dinoflagellata_982_1_tp_2, Div_reps_1600_1_tp_2, Planctomycetes_61_1_tp_2, Proteobacteria_22_1_tp_2, Proteobacteria_7230_3_tp_2, Proteobacteria_8520_1_tp_2",0.427213518227145,0.319079078143233
"Bacteroidetes_1360_3","Cercozoa_291_1_tp_2, Chlorophyta__streptophyta_751_1_tp_2, Dinoflagellata_1711_1_tp_2, Proteobacteria_11429_1_tp_2, Proteobacteria_5436_1_tp_2, Proteobacteria_7316_1_tp_2, Proteobacteria_7983_3_tp_2, Proteobacteria_8175_1_tp_2, Proteobacteria_8176_2_tp_2",0.530718340151034,0.299118733679694
"Bacteroidetes_1360_3","Archaea_164_2_tp_2, Cryptophyta_15_2_tp_2, Proteobacteria_11429_4_tp_2, Proteobacteria_5461_1_tp_2, Proteobacteria_7166_1_tp_2, Proteobacteria_7231_1_tp_2, Proteobacteria_7983_1_tp_2, Proteobacteria_8175_1_tp_2, Proteobacteria_8520_1_tp_2",0.529940155696719,0.2982899741395
"Bacteroidetes_1360_3","Bacteroidetes_918_1_tp_2, Chlorophyta__streptophyta_120_1_tp_2, Dinoflagellata_1009_1_tp_2, Dinoflagellata_1098_1_tp_2, Dinoflagellata_1728_1_tp_2, Proteobacteria_22_1_tp_2, Proteobacteria_5436_1_tp_2, Proteobacteria_7316_1_tp_2, Proteobacteria_7983_3_tp_2",0.505147786857997,0.300176036269865
"Bacteroidetes_1360_3","Actinobacteria_410_1_tp_2, Bacteroidetes_1167_1_tp_2, Bacteroidetes_317_1_tp_2, Bacteroidetes_918_1_tp_2, Haptophyta_203_1_tp_2, Picozoa_18_1_tp_2, Proteobacteria_10114_1_tp_2, Verrucomicrobia_18_2_tp_2, Verrucomicrobia_22_1_tp_2",0.321957716858695,0.337638164713919
"Bacteroidetes_1360_3","Bacillariophyta_123_1_tp_2, Bacteroidetes_1264_1_tp_2, Dinoflagellata_124_1_tp_2, Dinoflagellata_1496_1_tp_2, Dinoflagellata_1758_1_tp_2, Dinoflagellata_1771_1_tp_2, Phylum_reps_2301_1_tp_2, Proteobacteria_8185_1_tp_2, Sagenista_53_1_tp_2",0.502589121231048,0.31903098089126
"Bacteroidetes_1360_3","Bacteroidetes_919_3_tp_2, Cyanobacteria_85_1_tp_2, Haptophyta_203_1_tp_2, Perkinsea_33_1_tp_2, Proteobacteria_10168_1_tp_2, Proteobacteria_11429_2_tp_2, Proteobacteria_7166_1_tp_2, Proteobacteria_7174_1_tp_2, Proteobacteria_7314_1_tp_2",0.529563961061709,0.296321909827426
"Bacteroidetes_1360_3","Bacteroidetes_1167_1_tp_2, Bacteroidetes_1224_1_tp_2, Ciliophora_451_1_tp_2, Cryptophyta_15_1_tp_2, Dictyochophyceae_6_1_tp_2, Dinoflagellata_1010_1_tp_2, Planctomycetes_34_1_tp_2, Proteobacteria_11429_1_tp_2, Verrucomicrobia_18_4_tp_2",0.480487916573538,0.305605621232401
"Bacteroidetes_1360_3","Bacteroidetes_1166_2_tp_2, Bacteroidetes_129_1_tp_2, Bacteroidetes_317_1_tp_2, Cryptophyta_15_2_tp_2, Dinoflagellata_1014_1_tp_2, Dinoflagellata_1542_1_tp_2, Dinoflagellata_1771_2_tp_2, Proteobacteria_11431_2_tp_2, Proteobacteria_9649_1_tp_2",0.521252907409243,0.303739093864829
"Bacteroidetes_1360_3","Bacillariophyta_138_1_tp_2, Bacteroidetes_131_1_tp_2, Dinoflagellata_1098_1_tp_2, Dinoflagellata_1711_1_tp_2, Dinoflagellata_1771_2_tp_2, Proteobacteria_6384_1_tp_2, Proteobacteria_7314_1_tp_2, Proteobacteria_9649_1_tp_2, Verrucomicrobia_18_2_tp_2",0.394104596101203,0.327667939157732
"Bacteroidetes_1360_3","Bacteroidetes_918_5_tp_2, Chlorophyta__streptophyta_732_1_tp_2, Ciliophora_280_1_tp_2, Cryptophyta_15_2_tp_2, Dinoflagellata_1771_2_tp_2, Proteobacteria_10114_1_tp_2, Proteobacteria_7314_1_tp_2, Proteobacteria_7983_8_tp_2, Verrucomicrobia_18_1_tp_2",0.428631224176107,0.328704633550014
"Bacteroidetes_1360_3","Bacillariophyta_31_1_tp_2, Chlorophyta__streptophyta_751_1_tp_2, Cyanobacteria_73_1_tp_2, Phylum_reps_1954_1_tp_2, Proteobacteria_7230_3_tp_2, Proteobacteria_7314_1_tp_2, Proteobacteria_7982_2_tp_2, Proteobacteria_7983_7_tp_2, Proteobacteria_9649_1_tp_2",0.440265813230135,0.324715324560148
"Bacteroidetes_1360_3","Bacillariophyta_31_1_tp_2, Bacteroidetes_1166_2_tp_2, Bacteroidetes_1360_1_tp_2, Bacteroidetes_938_1_tp_2, Chrysophyceae_16_1_tp_2, Proteobacteria_10168_1_tp_2, Proteobacteria_11429_4_tp_2, Proteobacteria_7314_1_tp_2, Pseudofungi_43_1_tp_2",0.459085222488255,0.31527175017472
"Bacteroidetes_1360_3","Bacillariophyta_31_1_tp_2, Bacteroidetes_1178_1_tp_2, Bacteroidetes_919_1_tp_2, Dinoflagellata_1098_1_tp_2, Dinoflagellata_1496_1_tp_2, Dinoflagellata_1769_1_tp_2, Proteobacteria_7231_1_tp_2, temperature_tp_2, Verrucomicrobia_22_2_tp_2",0.480920912020154,0.311679017444789
"Bacteroidetes_1360_3","Bacteroidetes_1167_1_tp_2, Bacteroidetes_131_1_tp_2, Chlorophyta__streptophyta_120_1_tp_2, Cryptophyta_108_1_tp_2, Dinoflagellata_1198_1_tp_2, Proteobacteria_10168_1_tp_2, Proteobacteria_11431_1_tp_2, Proteobacteria_7316_1_tp_2, Proteobacteria_7319_1_tp_2",0.508506450045029,0.304704500819429
"Bacteroidetes_1360_3","Bacteroidetes_1349_1_tp_2, Cryptophyta_108_1_tp_2, Cryptophyta_15_1_tp_2, Cyanobacteria_73_1_tp_2, Dinoflagellata_1198_1_tp_2, Dinoflagellata_1728_1_tp_2, Proteobacteria_10114_1_tp_2, Proteobacteria_11190_1_tp_2, Radiolaria_104_1_tp_2",0.457419170498164,0.31320953657489
"Bacteroidetes_1360_3","Bacteroidetes_918_2_tp_2, Cryptophyta_108_1_tp_2, Lobosa_11_1_tp_2, Perkinsea_44_1_tp_2, Proteobacteria_11210_1_tp_2, Proteobacteria_7231_1_tp_2, Proteobacteria_7319_1_tp_2, Verrucomicrobia_18_4_tp_2, Verrucomicrobia_22_2_tp_2",0.462026892131367,0.313842321578923
"Bacteroidetes_1360_3","Cyanobacteria_73_1_tp_2, Dinoflagellata_1009_1_tp_2, Dinoflagellata_1017_1_tp_2, Dinoflagellata_1749_1_tp_2, Proteobacteria_7100_1_tp_2, Proteobacteria_7289_1_tp_2, Proteobacteria_7787_1_tp_2, Pseudofungi_43_1_tp_2, Verrucomicrobia_18_3_tp_2",0.472840820911476,0.311730238522128
"Bacteroidetes_1360_3","Bacteroidetes_1360_1_tp_2, Bacteroidetes_918_3_tp_2, Bacteroidetes_919_3_tp_2, Ciliophora_403_1_tp_2, Dinoflagellata_1198_1_tp_2, Phylum_reps_1985_1_tp_2, Proteobacteria_7295_1_tp_2, Raphidophyceae_3_1_tp_2, Rhodophyta_506_1_tp_2",0.620120753181361,0.286980860575793
"Bacteroidetes_1360_3","Actinobacteria_410_1_tp_2, Bacillariophyta_196_1_tp_2, Ciliophora_298_1_tp_2, Dinoflagellata_1771_1_tp_2, Div_reps_1600_2_tp_2, Phylum_reps_1985_1_tp_2, Proteobacteria_7314_1_tp_2, Proteobacteria_7983_4_tp_2, Verrucomicrobia_18_3_tp_2",0.601758453416873,0.299058965923239
"Bacteroidetes_1360_3","Archaea_164_2_tp_2, Bacteroidetes_1151_1_tp_2, Bacteroidetes_1166_2_tp_2, Bacteroidetes_1360_2_tp_2, Chrysophyceae_16_1_tp_2, Dinoflagellata_1758_1_tp_2, Picozoa_6_1_tp_2, Proteobacteria_6847_1_tp_2, Proteobacteria_7230_3_tp_2",0.46145027994217,0.315002935550799
"Bacteroidetes_1360_3","Actinobacteria_410_2_tp_2, Bacteroidetes_1224_1_tp_2, Chlorophyta__streptophyta_732_1_tp_2, Ciliophora_403_1_tp_2, Cryptophyta_108_1_tp_2, Dinoflagellata_1496_1_tp_2, Dinoflagellata_1771_1_tp_2, Picozoa_6_1_tp_2, Proteobacteria_7787_1_tp_2",0.487518433109305,0.305766651325846
"Bacteroidetes_1360_3","Dinoflagellata_1198_1_tp_2, Div_reps_1600_2_tp_2, Perkinsea_33_1_tp_2, Phylum_reps_1985_1_tp_2, Proteobacteria_11190_1_tp_2, Proteobacteria_11431_1_tp_2, Proteobacteria_7230_1_tp_2, Proteobacteria_7982_2_tp_2, Proteobacteria_7983_8_tp_2",0.549892295091494,0.293909660454095
"Bacteroidetes_1360_3","Bacteroidetes_1360_1_tp_2, Bacteroidetes_918_4_tp_2, Dinoflagellata_1968_1_tp_2, Proteobacteria_10091_1_tp_2, Proteobacteria_7230_2_tp_2, Proteobacteria_7364_1_tp_2, Proteobacteria_7983_8_tp_2, Proteobacteria_9681_1_tp_2, Verrucomicrobia_18_1_tp_2",0.600962227993815,0.265996845053523
"Bacteroidetes_1360_3","Bacillariophyta_100_1_tp_2, Bacillariophyta_138_1_tp_2, Cercozoa_291_1_tp_2, Dinoflagellata_1542_1_tp_2, Dinoflagellata_1728_1_tp_2, Dinoflagellata_982_1_tp_2, Proteobacteria_11120_1_tp_2, Proteobacteria_8176_1_tp_2, Verrucomicrobia_18_1_tp_2",0.583666956642908,0.290583951087013
"Bacteroidetes_1360_3","Bacteroidetes_1349_1_tp_2, Dinoflagellata_1728_2_tp_2, Haptophyta_203_1_tp_2, Perkinsea_44_1_tp_2, Proteobacteria_11155_1_tp_2, Proteobacteria_7231_1_tp_2, Proteobacteria_7316_1_tp_2, Proteobacteria_8177_2_tp_2, Sagenista_61_1_tp_2",0.487565107261707,0.303416137824623
"Bacteroidetes_1360_3","Bacillariophyta_100_1_tp_2, Bacillariophyta_196_1_tp_2, Bacteroidetes_317_1_tp_2, Dinoflagellata_1017_1_tp_2, Dinoflagellata_982_1_tp_2, Proteobacteria_11429_1_tp_2, Proteobacteria_6384_1_tp_2, Verrucomicrobia_18_1_tp_2, Verrucomicrobia_18_2_tp_2",0.566354755244954,0.300157584325108
"Bacteroidetes_1360_3","Bacillariophyta_138_1_tp_2, Bacteroidetes_1166_2_tp_2, Cryptophyta_108_1_tp_2, Cryptophyta_15_1_tp_2, Dinoflagellata_1758_1_tp_2, Dinoflagellata_874_1_tp_2, Proteobacteria_11210_2_tp_2, Proteobacteria_7313_1_tp_2, Proteobacteria_8177_1_tp_2",0.440008517060222,0.318912612440887
"Bacteroidetes_1360_3","Chlorophyta__streptophyta_120_1_tp_2, Chlorophyta__streptophyta_732_1_tp_2, Dinoflagellata_1010_1_tp_2, Dinoflagellata_874_1_tp_2, Picozoa_6_1_tp_2, Proteobacteria_7289_1_tp_2, Proteobacteria_7983_6_tp_2, Proteobacteria_9681_2_tp_2, Radiolaria_104_1_tp_2",0.434834531672886,0.314502590219204
"Bacteroidetes_1360_3","Archaea_164_1_tp_2, Bacteroidetes_1166_2_tp_2, Bacteroidetes_919_1_tp_2, Dinoflagellata_1771_2_tp_2, Picozoa_6_1_tp_2, Proteobacteria_11120_1_tp_2, Proteobacteria_11429_4_tp_2, Proteobacteria_5461_1_tp_2, Raphidophyceae_3_1_tp_2",0.427405112066358,0.317346987200656
"Bacteroidetes_1360_3","Bacteroidetes_317_1_tp_2, Dinoflagellata_1198_1_tp_2, Dinoflagellata_124_1_tp_2, Dinoflagellata_982_1_tp_2, Div_reps_1600_1_tp_2, Haptophyta_148_1_tp_2, Proteobacteria_10168_1_tp_2, Proteobacteria_7230_1_tp_2, Proteobacteria_7983_4_tp_2",0.463904253855578,0.32407141313362
"Bacteroidetes_1360_3","Bacteroidetes_1167_1_tp_2, Bacteroidetes_919_2_tp_2, Cyanobacteria_65_1_tp_2, Dictyochophyceae_6_1_tp_2, Dinoflagellata_874_1_tp_2, Haptophyta_203_1_tp_2, Proteobacteria_11429_3_tp_2, Proteobacteria_7316_1_tp_2, Pseudofungi_43_1_tp_2",0.521060419356666,0.313871072770936
"Bacteroidetes_1360_3","Bacteroidetes_1349_1_tp_2, Chlorophyta__streptophyta_848_1_tp_2, Dinoflagellata_1198_1_tp_2, Dinoflagellata_1771_1_tp_2, Dinoflagellata_955_1_tp_2, Phylum_reps_1954_1_tp_2, Proteobacteria_11429_1_tp_2, Proteobacteria_7982_1_tp_2, Proteobacteria_8176_2_tp_2",0.543667104906084,0.29652924325908
"Bacteroidetes_1360_3","Archaea_179_1_tp_2, Bacteroidetes_129_1_tp_2, Bacteroidetes_1360_2_tp_2, Bacteroidetes_1360_4_tp_2, Ciliophora_1195_1_tp_2, Div_reps_1600_2_tp_2, Planctomycetes_61_1_tp_2, Proteobacteria_11155_2_tp_2, Proteobacteria_9681_2_tp_2",0.526714106475658,0.306338423501702
"Bacteroidetes_1360_3","Actinobacteria_410_2_tp_2, Bacteroidetes_1360_5_tp_2, Bacteroidetes_919_2_tp_2, Dinoflagellata_1793_1_tp_2, Proteobacteria_7983_6_tp_2, Proteobacteria_9681_1_tp_2, Pseudofungi_43_1_tp_2, Verrucomicrobia_18_3_tp_2, Verrucomicrobia_23_1_tp_2",0.497602280191825,0.306875525179093
"Bacteroidetes_1360_3","Bacteroidetes_918_2_tp_2, Cercozoa_395_1_tp_2, Ciliophora_403_1_tp_2, Proteobacteria_11429_2_tp_2, Proteobacteria_5436_1_tp_2, Proteobacteria_5461_1_tp_2, Proteobacteria_7319_1_tp_2, Proteobacteria_7983_2_tp_2, Proteobacteria_7983_8_tp_2",0.419657671049041,0.325036708621943
"Bacteroidetes_1360_3","Actinobacteria_410_2_tp_2, Bacillariophyta_138_1_tp_2, Bacteroidetes_1186_1_tp_2, Cryptophyta_108_1_tp_2, Dinoflagellata_1542_1_tp_2, Dinoflagellata_1658_1_tp_2, Picozoa_6_1_tp_2, Proteobacteria_7289_1_tp_2, Verrucomicrobia_22_2_tp_2",0.423912879540536,0.31458828049269
"Bacteroidetes_1360_3","Bacteroidetes_1360_2_tp_2, Chrysophyceae_16_1_tp_2, Dinoflagellata_1009_1_tp_2, Dinoflagellata_1728_1_tp_2, Phylum_reps_1985_1_tp_2, Proteobacteria_11155_1_tp_2, Proteobacteria_11429_3_tp_2, Proteobacteria_7231_1_tp_2, Proteobacteria_7982_1_tp_2",0.60745586098151,0.289001687181296
"Bacteroidetes_1360_3","Archaea_164_2_tp_2, Bacteroidetes_919_2_tp_2, Bacteroidetes_938_1_tp_2, Ciliophora_1195_1_tp_2, Planctomycetes_27_1_tp_2, Proteobacteria_10114_1_tp_2, Proteobacteria_7166_1_tp_2, Proteobacteria_7982_2_tp_2, Proteobacteria_9681_1_tp_2",0.527153785126369,0.294753888883972
"Bacteroidetes_1360_3","Bacteroidetes_1204_1_tp_2, Bacteroidetes_1360_1_tp_2, Chrysophyceae_16_1_tp_2, Dinoflagellata_1496_1_tp_2, Dinoflagellata_1769_1_tp_2, Perkinsea_44_1_tp_2, Picozoa_6_1_tp_2, Raphidophyceae_3_1_tp_2, Sagenista_53_1_tp_2",0.457802227463993,0.32233352342792
"Bacteroidetes_1360_3","Bacillariophyta_31_1_tp_2, Bacillariophyta_44_1_tp_2, Bacteroidetes_1166_2_tp_2, Bacteroidetes_919_1_tp_2, Cercozoa_291_1_tp_2, Dinoflagellata_1542_1_tp_2, Dinoflagellata_1968_1_tp_2, Phylum_reps_2301_1_tp_2, Proteobacteria_7983_5_tp_2",0.469253244767357,0.3151440179535
"Bacteroidetes_1360_3","Bacteroidetes_1186_1_tp_2, Bacteroidetes_129_1_tp_2, Dinoflagellata_1017_1_tp_2, Dinoflagellata_1769_1_tp_2, Dinoflagellata_874_1_tp_2, Dinoflagellata_982_1_tp_2, Haptophyta_148_1_tp_2, Proteobacteria_7230_1_tp_2, Proteobacteria_7230_2_tp_2",0.448582106446915,0.314558298515565
"Bacteroidetes_1360_3","Bacteroidetes_1264_1_tp_2, Bacteroidetes_918_5_tp_2, Chlorophyta__streptophyta_120_1_tp_2, Chlorophyta__streptophyta_732_1_tp_2, Dinoflagellata_124_1_tp_2, Proteobacteria_11155_1_tp_2, Proteobacteria_7983_7_tp_2, Proteobacteria_8185_1_tp_2, Proteobacteria_8520_1_tp_2",0.52904068267316,0.303332276037632
"Bacteroidetes_1360_3","Bacteroidetes_1166_1_tp_2, Bacteroidetes_1249_1_tp_2, Bacteroidetes_1360_1_tp_2, Dinoflagellata_982_1_tp_2, Perkinsea_44_1_tp_2, Proteobacteria_10114_1_tp_2, Proteobacteria_11429_1_tp_2, Proteobacteria_7314_1_tp_2, Proteobacteria_8520_1_tp_2",0.491070018003981,0.313698443821446
"Bacteroidetes_1360_3","Bacillariophyta_29_1_tp_2, Bacteroidetes_1167_1_tp_2, Bacteroidetes_317_1_tp_2, Bacteroidetes_919_2_tp_2, Cyanobacteria_73_1_tp_2, Dinoflagellata_1968_1_tp_2, Proteobacteria_11210_1_tp_2, Proteobacteria_8520_1_tp_2, Raphidophyceae_3_1_tp_2",0.314886576759164,0.330592344858976
"Bacteroidetes_1360_3","Bacteroidetes_1166_1_tp_2, Bacteroidetes_1186_1_tp_2, Bacteroidetes_956_1_tp_2, Dinoflagellata_1771_2_tp_2, Dinoflagellata_874_1_tp_2, Haptophyta_203_1_tp_2, Proteobacteria_10114_1_tp_2, Proteobacteria_5461_1_tp_2, Proteobacteria_7319_1_tp_2",0.495616074373899,0.312227328391797
"Bacteroidetes_1360_3","Archaea_179_1_tp_2, Bacteroidetes_1360_5_tp_2, Cercozoa_22_1_tp_2, Ciliophora_298_1_tp_2, Dinoflagellata_1014_1_tp_2, Planctomycetes_27_1_tp_2, Proteobacteria_11120_1_tp_2, Proteobacteria_11431_2_tp_2, Proteobacteria_8175_1_tp_2",0.592100657341047,0.283334571660895
"Bacteroidetes_1360_3","Bacillariophyta_138_1_tp_2, Bacteroidetes_1360_2_tp_2, Ciliophora_451_1_tp_2, Cyanobacteria_73_1_tp_2, Dinoflagellata_1198_1_tp_2, Dinoflagellata_1555_1_tp_2, Dinoflagellata_1711_1_tp_2, Proteobacteria_11210_1_tp_2, Proteobacteria_8177_2_tp_2",0.593843276474192,0.301223609625956
"Bacteroidetes_1360_3","Bacillariophyta_100_1_tp_2, Bacteroidetes_129_2_tp_2, Bacteroidetes_1349_1_tp_2, Bacteroidetes_1360_1_tp_2, Cercozoa_395_1_tp_2, Ciliophora_1195_1_tp_2, Dinoflagellata_1968_1_tp_2, Proteobacteria_7230_3_tp_2, Rhodophyta_506_1_tp_2",0.471364219335559,0.306967359474698
"Bacteroidetes_1360_3","Bacteroidetes_956_1_tp_2, Cyanobacteria_73_1_tp_2, Dinoflagellata_1728_2_tp_2, Dinoflagellata_1771_1_tp_2, Phylum_reps_1985_1_tp_2, Phylum_reps_2301_1_tp_2, Proteobacteria_7166_1_tp_2, Proteobacteria_7174_1_tp_2, Proteobacteria_7319_1_tp_2",0.596289453536642,0.286357756150569
"Bacteroidetes_1360_3","Bacteroidetes_1151_1_tp_2, Bacteroidetes_1264_1_tp_2, Bacteroidetes_1360_4_tp_2, Bacteroidetes_956_1_tp_2, Cercozoa_22_1_tp_2, Ciliophora_280_1_tp_2, Dinoflagellata_1010_1_tp_2, Phylum_reps_2301_1_tp_2, Proteobacteria_8185_1_tp_2",0.484753358463282,0.306302767254208
"Bacteroidetes_1360_3","Bacteroidetes_918_3_tp_2, Bacteroidetes_919_2_tp_2, Chlorophyta__streptophyta_833_1_tp_2, Cyanobacteria_48_1_tp_2, Cyanobacteria_73_1_tp_2, Div_reps_2942_1_tp_2, Haptophyta_203_1_tp_2, Proteobacteria_7983_4_tp_2, Proteobacteria_9681_2_tp_2",0.546953094890669,0.300131216023745
"Bacteroidetes_1360_3","Bacteroidetes_1224_1_tp_2, Chlorophyta__streptophyta_120_1_tp_2, Ciliophora_1195_1_tp_2, Dinoflagellata_1862_1_tp_2, Picozoa_6_1_tp_2, Planctomycetes_34_1_tp_2, Proteobacteria_11210_1_tp_2, Proteobacteria_11429_4_tp_2, Proteobacteria_7231_1_tp_2",0.429482007646918,0.316994659384911
"Bacteroidetes_1360_3","Bacteroidetes_1360_4_tp_2, Bacteroidetes_918_2_tp_2, Ciliophora_234_1_tp_2, Ciliophora_298_1_tp_2, Cyanobacteria_85_1_tp_2, Dinoflagellata_1017_1_tp_2, Dinoflagellata_1793_1_tp_2, Proteobacteria_6847_1_tp_2, Proteobacteria_7983_7_tp_2",0.441165848528876,0.317265959208447
"Bacteroidetes_1360_3","Bacteroidetes_1178_1_tp_2, Bacteroidetes_919_2_tp_2, Dinoflagellata_1728_2_tp_2, Div_reps_1600_1_tp_2, Proteobacteria_11155_1_tp_2, Proteobacteria_7983_3_tp_2, Pseudofungi_43_1_tp_2, Radiolaria_104_1_tp_2, Verrucomicrobia_18_4_tp_2",0.454168506635669,0.313939987971609
"Bacteroidetes_1360_3","Bacillariophyta_219_1_tp_2, Bacteroidetes_1167_1_tp_2, Bacteroidetes_1235_1_tp_2, Bacteroidetes_1264_1_tp_2, Bacteroidetes_1360_1_tp_2, Bacteroidetes_956_1_tp_2, Ciliophora_1195_1_tp_2, Ciliophora_280_1_tp_2, Proteobacteria_7364_1_tp_2",0.458371170872773,0.323491250188928
"Bacteroidetes_1360_3","Bacteroidetes_1166_2_tp_2, Bacteroidetes_919_1_tp_2, Dinoflagellata_1542_1_tp_2, Dinoflagellata_1769_1_tp_2, Proteobacteria_10091_1_tp_2, Proteobacteria_11190_1_tp_2, Proteobacteria_7166_1_tp_2, Radiolaria_104_1_tp_2, Sagenista_53_1_tp_2",0.406776656499086,0.332913921680188
"Bacteroidetes_1360_3","Bacteroidetes_1166_1_tp_2, Bacteroidetes_1204_1_tp_2, Bacteroidetes_1235_1_tp_2, Bacteroidetes_918_2_tp_2, Dinoflagellata_982_1_tp_2, Proteobacteria_11210_1_tp_2, Sagenista_53_1_tp_2, Verrucomicrobia_18_3_tp_2, Verrucomicrobia_23_1_tp_2",0.467194760722761,0.326473121420224
"Bacteroidetes_1360_3","Archaea_179_1_tp_2, Bacteroidetes_1167_1_tp_2, Bacteroidetes_1186_1_tp_2, Bacteroidetes_1360_1_tp_2, Bacteroidetes_919_3_tp_2, Picozoa_18_1_tp_2, Proteobacteria_22_1_tp_2, Proteobacteria_6384_1_tp_2, Proteobacteria_7983_6_tp_2",0.453999939567428,0.311407525175134
"Bacteroidetes_1360_3","Bacteroidetes_1178_1_tp_2, Bacteroidetes_317_1_tp_2, Cercozoa_291_1_tp_2, Chlorophyta__streptophyta_895_1_tp_2, Ciliophora_234_1_tp_2, Dinoflagellata_1010_1_tp_2, Dinoflagellata_1728_1_tp_2, Proteobacteria_7230_1_tp_2, Proteobacteria_7983_2_tp_2",0.432346968173285,0.317646107143168
"Bacteroidetes_1360_3","Bacteroidetes_1178_1_tp_2, Bacteroidetes_918_5_tp_2, Cercozoa_291_1_tp_2, Dictyochophyceae_6_1_tp_2, Dinoflagellata_1009_1_tp_2, Proteobacteria_11429_2_tp_2, Proteobacteria_7230_1_tp_2, Proteobacteria_8176_2_tp_2, Proteobacteria_8177_2_tp_2",0.479729115176968,0.309765257287313
"Bacteroidetes_1360_3","Bacteroidetes_1178_1_tp_2, Bacteroidetes_1194_1_tp_2, Bacteroidetes_1360_4_tp_2, Proteobacteria_6847_1_tp_2, Proteobacteria_7289_1_tp_2, Proteobacteria_7982_2_tp_2, Proteobacteria_7983_4_tp_2, Verrucomicrobia_18_2_tp_2, Verrucomicrobia_18_3_tp_2",0.485042541450517,0.311889486072564
"Bacteroidetes_1360_3","Bacteroidetes_1349_1_tp_2, Bacteroidetes_1360_5_tp_2, Dinoflagellata_1098_1_tp_2, Dinoflagellata_1749_1_tp_2, Perkinsea_33_1_tp_2, Phylum_reps_2301_1_tp_2, Proteobacteria_7166_1_tp_2, Proteobacteria_7174_1_tp_2, Proteobacteria_8177_2_tp_2",0.464056957385242,0.3115471437193
"Bacteroidetes_1360_3","Bacillariophyta_196_1_tp_2, Bacillariophyta_219_1_tp_2, Bacteroidetes_1360_4_tp_2, Ciliophora_403_1_tp_2, Dinoflagellata_1010_1_tp_2, Dinoflagellata_1728_1_tp_2, Proteobacteria_7983_2_tp_2, Proteobacteria_9681_1_tp_2, Verrucomicrobia_18_1_tp_2",0.505439748471414,0.307717412437455
"Bacteroidetes_1360_3","Bacillariophyta_123_1_tp_2, Bacteroidetes_1166_1_tp_2, Bacteroidetes_129_1_tp_2, Dinoflagellata_1658_1_tp_2, Dinoflagellata_1711_1_tp_2, Proteobacteria_7289_1_tp_2, Proteobacteria_7295_1_tp_2, Proteobacteria_7983_4_tp_2, Raphidophyceae_3_1_tp_2",0.499839479167023,0.316953459753258
"Bacteroidetes_1360_3","Bacillariophyta_219_1_tp_2, Chlorophyta__streptophyta_833_1_tp_2, Cryptophyta_15_1_tp_2, Cyanobacteria_65_1_tp_2, Dinoflagellata_1862_1_tp_2, Katablepharidophyta_7_1_tp_2, Proteobacteria_11190_1_tp_2, Proteobacteria_7983_5_tp_2, Verrucomicrobia_18_2_tp_2",0.547391607977723,0.293193852061532
"Bacteroidetes_1360_3","Actinobacteria_410_1_tp_2, Cercozoa_395_1_tp_2, Chlorophyta__streptophyta_120_1_tp_2, Chlorophyta__streptophyta_751_1_tp_2, Ciliophora_280_1_tp_2, Dinoflagellata_1010_1_tp_2, Haptophyta_148_1_tp_2, Phylum_reps_1985_1_tp_2, Proteobacteria_11431_2_tp_2",0.494867155465733,0.299447657438951
"Bacteroidetes_1360_3","Bacteroidetes_1166_2_tp_2, Bacteroidetes_1264_1_tp_2, Bacteroidetes_918_3_tp_2, Bacteroidetes_956_1_tp_2, Dinoflagellata_1098_1_tp_2, Planctomycetes_27_1_tp_2, Proteobacteria_10168_1_tp_2, Proteobacteria_7982_2_tp_2, Proteobacteria_7983_8_tp_2",0.441158130919172,0.315097327832412
"Bacteroidetes_1360_3","Bacteroidetes_1151_1_tp_2, Bacteroidetes_1264_1_tp_2, Bacteroidetes_1349_1_tp_2, Ciliophora_1195_1_tp_2, Cryptophyta_15_1_tp_2, Dinoflagellata_1771_1_tp_2, Div_reps_1600_2_tp_2, Proteobacteria_11190_1_tp_2, Proteobacteria_11210_2_tp_2",0.490870122686035,0.307764821011472
"Bacteroidetes_1360_3","Bacillariophyta_44_1_tp_2, Bacteroidetes_1166_1_tp_2, Bacteroidetes_1186_1_tp_2, Bacteroidetes_1224_1_tp_2, Bacteroidetes_129_2_tp_2, Chlorophyta__streptophyta_848_1_tp_2, Proteobacteria_8520_1_tp_2, Proteobacteria_9649_1_tp_2, Verrucomicrobia_18_4_tp_2",0.445414586885855,0.316946961170975
"Bacteroidetes_1360_3","Bacillariophyta_31_1_tp_2, Chlorophyta__streptophyta_848_1_tp_2, Ciliophora_403_1_tp_2, Dinoflagellata_1496_1_tp_2, Dinoflagellata_1749_1_tp_2, Dinoflagellata_874_1_tp_2, Haptophyta_203_1_tp_2, Perkinsea_33_1_tp_2, Proteobacteria_11431_1_tp_2",0.462507359863568,0.313793871476956
"Bacteroidetes_1360_3","Bacillariophyta_29_1_tp_2, Bacillariophyta_44_1_tp_2, Bacteroidetes_1360_5_tp_2, Dinoflagellata_955_1_tp_2, Picozoa_18_1_tp_2, Proteobacteria_5461_1_tp_2, Proteobacteria_7289_1_tp_2, Proteobacteria_7319_1_tp_2, Proteobacteria_7364_1_tp_2",0.460798519353664,0.318617183262646
"Bacteroidetes_1360_3","Chlorophyta__streptophyta_895_1_tp_2, Chrysophyceae_16_1_tp_2, Dinoflagellata_1017_1_tp_2, Proteobacteria_11429_4_tp_2, Proteobacteria_7983_6_tp_2, Proteobacteria_8185_1_tp_2, Proteobacteria_8520_1_tp_2, Proteobacteria_9681_1_tp_2, Rhodophyta_506_1_tp_2",0.51782678365552,0.301632931275435
"Bacteroidetes_1360_3","Bacillariophyta_100_1_tp_2, Bacteroidetes_1186_1_tp_2, Bacteroidetes_1360_2_tp_2, Bacteroidetes_956_1_tp_2, Chlorophyta__streptophyta_833_1_tp_2, Cyanobacteria_65_1_tp_2, Dinoflagellata_1728_1_tp_2, Proteobacteria_7313_1_tp_2, Proteobacteria_9681_2_tp_2",0.564050417921394,0.295724842667796
"Bacteroidetes_1360_3","Bacteroidetes_1166_1_tp_2, Bacteroidetes_1224_1_tp_2, Bacteroidetes_919_1_tp_2, Bacteroidetes_956_1_tp_2, Chlorophyta__streptophyta_845_1_tp_2, Dinoflagellata_1542_1_tp_2, Dinoflagellata_1771_2_tp_2, Proteobacteria_11428_1_tp_2, Proteobacteria_7983_5_tp_2",0.551412168961566,0.307864062866741
"Bacteroidetes_1360_3","Archaea_164_2_tp_2, Archaea_179_1_tp_2, Bacillariophyta_219_1_tp_2, Bacteroidetes_1194_1_tp_2, Bacteroidetes_918_5_tp_2, Bacteroidetes_938_1_tp_2, Cyanobacteria_73_1_tp_2, Dinoflagellata_1728_1_tp_2, Proteobacteria_11120_1_tp_2",0.633867514013086,0.284741738239259
"Bacteroidetes_1360_3","Bacteroidetes_918_1_tp_2, Bacteroidetes_918_5_tp_2, Ciliophora_298_1_tp_2, Planctomycetes_61_1_tp_2, Proteobacteria_11429_1_tp_2, Proteobacteria_11429_4_tp_2, Proteobacteria_7230_1_tp_2, Proteobacteria_7982_2_tp_2, Proteobacteria_8177_2_tp_2",0.459532963296296,0.317991206143219
"Bacteroidetes_1360_3","Bacteroidetes_1235_1_tp_2, Chlorophyta__streptophyta_120_1_tp_2, Cryptophyta_108_1_tp_2, Cyanobacteria_85_1_tp_2, Planctomycetes_27_1_tp_2, Proteobacteria_11431_2_tp_2, Proteobacteria_7166_1_tp_2, Proteobacteria_7983_2_tp_2, Proteobacteria_7983_8_tp_2",0.530583568151129,0.295101918610803
"Bacteroidetes_1360_3","Bacillariophyta_219_1_tp_2, Bacteroidetes_1166_2_tp_2, Bacteroidetes_1167_1_tp_2, Ciliophora_234_1_tp_2, Dinoflagellata_1555_1_tp_2, Proteobacteria_10091_1_tp_2, Proteobacteria_7316_1_tp_2, Proteobacteria_7787_1_tp_2, Proteobacteria_8177_2_tp_2",0.46246890270307,0.317004751031935
"Bacteroidetes_1360_3","Actinobacteria_410_2_tp_2, Bacteroidetes_1235_1_tp_2, Bacteroidetes_918_4_tp_2, Chlorophyta__streptophyta_732_1_tp_2, Chlorophyta__streptophyta_833_1_tp_2, Dinoflagellata_1010_1_tp_2, Dinoflagellata_1098_1_tp_2, Dinoflagellata_1862_1_tp_2, Proteobacteria_7983_7_tp_2",0.413709742926075,0.318306735673989
"Bacteroidetes_1360_3","Archaea_164_1_tp_2, Bacteroidetes_1167_1_tp_2, Bacteroidetes_1204_1_tp_2, Bacteroidetes_956_1_tp_2, Chlorophyta__streptophyta_895_1_tp_2, Phylum_reps_1985_1_tp_2, Proteobacteria_11210_1_tp_2, Proteobacteria_7295_1_tp_2, temperature_tp_2",0.561953209149727,0.299520234812141
"Bacteroidetes_1360_3","Bacillariophyta_219_1_tp_2, Ciliophora_298_1_tp_2, Dinoflagellata_1496_1_tp_2, Div_reps_1600_2_tp_2, Proteobacteria_11429_2_tp_2, Proteobacteria_22_1_tp_2, Proteobacteria_7230_2_tp_2, Proteobacteria_7295_1_tp_2, Verrucomicrobia_18_3_tp_2",0.569622389585334,0.310558332848166
"Bacteroidetes_1360_3","Bacillariophyta_196_1_tp_2, Bacteroidetes_131_1_tp_2, Bacteroidetes_1360_1_tp_2, Bacteroidetes_956_1_tp_2, Cercozoa_23_1_tp_2, Dinoflagellata_1711_1_tp_2, Proteobacteria_11429_4_tp_2, Proteobacteria_7787_1_tp_2, Pseudofungi_43_1_tp_2",0.470574387655995,0.311955173795314
"Bacteroidetes_1360_3","Actinobacteria_410_1_tp_2, Bacteroidetes_1264_1_tp_2, Bacteroidetes_129_1_tp_2, Bacteroidetes_919_1_tp_2, Dinoflagellata_1728_1_tp_2, Proteobacteria_7313_1_tp_2, Proteobacteria_7983_7_tp_2, Proteobacteria_8178_1_tp_2, Raphidophyceae_3_1_tp_2",0.515541384853598,0.311706560833452
"Bacteroidetes_1360_3","Archaea_164_2_tp_2, Bacillariophyta_196_1_tp_2, Bacteroidetes_1360_1_tp_2, Chlorophyta__streptophyta_833_1_tp_2, Chrysophyceae_16_1_tp_2, Cryptophyta_15_2_tp_2, Dinoflagellata_1198_1_tp_2, Dinoflagellata_1758_1_tp_2, Sagenista_61_1_tp_2",0.529112991394469,0.297740659386437
"Bacteroidetes_1360_3","Bacteroidetes_1151_1_tp_2, Dictyochophyceae_6_1_tp_2, Dinoflagellata_1711_1_tp_2, Dinoflagellata_1728_2_tp_2, Perkinsea_44_1_tp_2, Proteobacteria_10091_1_tp_2, Proteobacteria_11155_1_tp_2, Sagenista_61_1_tp_2, Verrucomicrobia_18_4_tp_2",0.446364931438195,0.310472151051594
"Bacteroidetes_1360_3","Bacteroidetes_1151_1_tp_2, Bacteroidetes_1264_1_tp_2, Bacteroidetes_1360_5_tp_2, Bacteroidetes_317_1_tp_2, Ciliophora_403_1_tp_2, Dinoflagellata_1771_2_tp_2, Perkinsea_33_1_tp_2, Phylum_reps_2301_1_tp_2, Proteobacteria_7983_2_tp_2",0.4925334463206,0.307523205832257
"Bacteroidetes_1360_3","Bacteroidetes_131_1_tp_2, Bacteroidetes_1360_4_tp_2, Chlorophyta__streptophyta_895_1_tp_2, Proteobacteria_11431_1_tp_2, Proteobacteria_7230_1_tp_2, Proteobacteria_8175_1_tp_2, temperature_tp_2, Verrucomicrobia_22_1_tp_2, Verrucomicrobia_23_1_tp_2",0.545142022757152,0.294695850100783
"Bacteroidetes_1360_3","Bacteroidetes_131_1_tp_2, Bacteroidetes_956_1_tp_2, Cercozoa_291_1_tp_2, Cryptophyta_15_1_tp_2, Dinoflagellata_955_1_tp_2, Proteobacteria_11210_1_tp_2, Proteobacteria_11431_1_tp_2, Proteobacteria_7313_1_tp_2, Proteobacteria_7983_8_tp_2",0.499902340268542,0.306630119645275
"Bacteroidetes_1360_3","Actinobacteria_410_1_tp_2, Chlorophyta__streptophyta_732_1_tp_2, Dinoflagellata_1198_1_tp_2, Dinoflagellata_1728_2_tp_2, Dinoflagellata_955_1_tp_2, Proteobacteria_10168_1_tp_2, Proteobacteria_11155_2_tp_2, Proteobacteria_7174_1_tp_2, Proteobacteria_7230_2_tp_2",0.512481168915456,0.300810835310313
"Bacteroidetes_1360_3","Archaea_179_1_tp_2, Bacillariophyta_44_1_tp_2, Bacteroidetes_1166_1_tp_2, Chlorophyta__streptophyta_732_1_tp_2, Ciliophora_1195_1_tp_2, Proteobacteria_10168_1_tp_2, Proteobacteria_7983_6_tp_2, Proteobacteria_9649_1_tp_2, Sagenista_53_1_tp_2",0.40783599510564,0.327922457408444
"Bacteroidetes_1360_3","Bacteroidetes_1235_1_tp_2, Bacteroidetes_129_2_tp_2, Bacteroidetes_1360_2_tp_2, Dinoflagellata_1555_1_tp_2, Dinoflagellata_1658_1_tp_2, Proteobacteria_11429_2_tp_2, Proteobacteria_7314_1_tp_2, Proteobacteria_8185_1_tp_2, Proteobacteria_9649_1_tp_2",0.370680249218855,0.327928380369026
"Bacteroidetes_1360_3","Actinobacteria_410_1_tp_2, Bacillariophyta_100_1_tp_2, Bacteroidetes_1360_1_tp_2, Cercozoa_291_1_tp_2, Ciliophora_298_1_tp_2, Dictyochophyceae_6_1_tp_2, Dinoflagellata_1010_1_tp_2, Proteobacteria_7231_1_tp_2, temperature_tp_2",0.505886267873896,0.307747802491727
"Bacteroidetes_1360_3","Bacteroidetes_1186_1_tp_2, Bacteroidetes_918_1_tp_2, Chlorophyta__streptophyta_845_1_tp_2, Cyanobacteria_73_1_tp_2, Proteobacteria_11429_2_tp_2, Proteobacteria_5461_1_tp_2, Proteobacteria_8178_1_tp_2, Proteobacteria_8185_1_tp_2, Verrucomicrobia_22_2_tp_2",0.560328891534209,0.302277882541648
"Bacteroidetes_1360_3","Bacillariophyta_100_1_tp_2, Bacillariophyta_138_1_tp_2, Bacteroidetes_919_3_tp_2, Cercozoa_395_1_tp_2, Dinoflagellata_1771_2_tp_2, Planctomycetes_61_1_tp_2, Proteobacteria_7289_1_tp_2, Verrucomicrobia_18_2_tp_2, Verrucomicrobia_22_1_tp_2",0.497233381920043,0.310537111099192
"Bacteroidetes_1360_3","Actinobacteria_410_2_tp_2, Archaea_164_1_tp_2, Bacteroidetes_129_1_tp_2, Bacteroidetes_129_2_tp_2, Dictyochophyceae_6_1_tp_2, Proteobacteria_11210_2_tp_2, Proteobacteria_11429_3_tp_2, Sagenista_53_1_tp_2, Verrucomicrobia_18_3_tp_2",0.500538096446146,0.310694238774651
"Bacteroidetes_1360_3","Bacillariophyta_219_1_tp_2, Bacteroidetes_1167_1_tp_2, Bacteroidetes_919_1_tp_2, Chlorophyta__streptophyta_751_1_tp_2, Haptophyta_203_1_tp_2, Perkinsea_44_1_tp_2, Proteobacteria_7230_1_tp_2, Proteobacteria_7983_1_tp_2, Proteobacteria_7983_4_tp_2",0.374460441445581,0.332932797036356
"Bacteroidetes_1360_3","Bacillariophyta_100_1_tp_2, Bacteroidetes_919_3_tp_2, Chlorophyta__streptophyta_751_1_tp_2, Ciliophora_280_1_tp_2, Cyanobacteria_85_1_tp_2, Dinoflagellata_1711_1_tp_2, Phylum_reps_1954_1_tp_2, Proteobacteria_11429_3_tp_2, Verrucomicrobia_22_2_tp_2",0.476162754728885,0.307196321132959
"Bacteroidetes_1360_3","Bacteroidetes_1264_1_tp_2, Proteobacteria_10168_1_tp_2, Proteobacteria_11429_3_tp_2, Proteobacteria_7174_1_tp_2, Proteobacteria_7231_1_tp_2, Proteobacteria_7983_4_tp_2, Proteobacteria_8176_1_tp_2, Proteobacteria_9681_1_tp_2, Verrucomicrobia_18_2_tp_2",0.531748297363552,0.299003003419248
"Bacteroidetes_1360_3","Bacteroidetes_918_2_tp_2, Div_reps_2942_1_tp_2, Perkinsea_33_1_tp_2, Planctomycetes_61_1_tp_2, Proteobacteria_6384_1_tp_2, Proteobacteria_7983_1_tp_2, Proteobacteria_7983_3_tp_2, Raphidophyceae_3_1_tp_2, Verrucomicrobia_18_1_tp_2",0.467313383078979,0.313362330261752
"Bacteroidetes_1360_3","Actinobacteria_410_2_tp_2, Archaea_164_2_tp_2, Bacillariophyta_138_1_tp_2, Ciliophora_403_1_tp_2, Ciliophora_451_1_tp_2, Proteobacteria_7983_5_tp_2, Proteobacteria_7983_6_tp_2, Proteobacteria_8175_1_tp_2, Verrucomicrobia_18_2_tp_2",0.577321293934314,0.28820313435354
"Bacteroidetes_1360_3","Actinobacteria_410_1_tp_2, Bacteroidetes_1264_1_tp_2, Bacteroidetes_1360_4_tp_2, Chlorophyta__streptophyta_895_1_tp_2, Dinoflagellata_1793_1_tp_2, Proteobacteria_11210_1_tp_2, Proteobacteria_11429_1_tp_2, Proteobacteria_11431_2_tp_2, Verrucomicrobia_23_1_tp_2",0.543262771284872,0.311591213274968
"Bacteroidetes_1360_3","Archaea_179_1_tp_2, Bacillariophyta_29_1_tp_2, Bacteroidetes_919_3_tp_2, Ciliophora_1195_1_tp_2, Dinoflagellata_1749_1_tp_2, Dinoflagellata_1769_1_tp_2, Proteobacteria_7983_4_tp_2, Proteobacteria_8175_1_tp_2, Proteobacteria_8176_1_tp_2",0.486306840328996,0.305310376383788
"Bacteroidetes_1360_3","Archaea_164_1_tp_2, Bacteroidetes_1360_2_tp_2, Cercozoa_22_1_tp_2, Chlorophyta__streptophyta_732_1_tp_2, Dinoflagellata_1009_1_tp_2, Dinoflagellata_874_1_tp_2, Proteobacteria_7174_1_tp_2, Proteobacteria_7982_2_tp_2, Rhodophyta_506_1_tp_2",0.519851673530191,0.299687202312692
"Bacteroidetes_1360_3","Actinobacteria_410_1_tp_2, Bacillariophyta_138_1_tp_2, Bacteroidetes_918_2_tp_2, Cryptophyta_15_1_tp_2, Dinoflagellata_1014_1_tp_2, Dinoflagellata_1728_1_tp_2, Dinoflagellata_1771_2_tp_2, Proteobacteria_8175_1_tp_2, Verrucomicrobia_18_3_tp_2",0.546211813878035,0.292391639668887
"Bacteroidetes_1360_3","Bacteroidetes_918_1_tp_2, Ciliophora_298_1_tp_2, Dinoflagellata_1014_1_tp_2, Dinoflagellata_1749_1_tp_2, Dinoflagellata_1758_1_tp_2, Proteobacteria_11155_1_tp_2, Proteobacteria_11431_1_tp_2, Proteobacteria_7166_1_tp_2, Verrucomicrobia_18_1_tp_2",0.501602955980401,0.322951305439174
"Bacteroidetes_1360_3","Bacteroidetes_1204_1_tp_2, Bacteroidetes_1235_1_tp_2, Bacteroidetes_1264_1_tp_2, Ciliophora_451_1_tp_2, Cyanobacteria_48_1_tp_2, Dinoflagellata_1098_1_tp_2, Dinoflagellata_1771_2_tp_2, Proteobacteria_7230_1_tp_2, Proteobacteria_7314_1_tp_2",0.365146591930146,0.334095125090726
"Bacteroidetes_1360_3","Bacteroidetes_1166_2_tp_2, Bacteroidetes_1167_1_tp_2, Bacteroidetes_1186_1_tp_2, Dinoflagellata_1010_1_tp_2, Dinoflagellata_1017_1_tp_2, Dinoflagellata_1496_1_tp_2, Dinoflagellata_1771_1_tp_2, Proteobacteria_11210_1_tp_2, Proteobacteria_6847_1_tp_2",0.405966155839231,0.318753319740218
"Bacteroidetes_1360_3","Bacillariophyta_138_1_tp_2, Bacillariophyta_44_1_tp_2, Bacteroidetes_1166_2_tp_2, Bacteroidetes_1167_1_tp_2, Bacteroidetes_1235_1_tp_2, Bacteroidetes_1349_1_tp_2, Bacteroidetes_918_5_tp_2, Phylum_reps_2301_1_tp_2, Proteobacteria_11210_1_tp_2",0.505976475519703,0.313417647294915
"Bacteroidetes_1360_3","Bacteroidetes_1186_1_tp_2, Bacteroidetes_1194_1_tp_2, Dinoflagellata_1014_1_tp_2, Dinoflagellata_1017_1_tp_2, Proteobacteria_8177_2_tp_2, Raphidophyceae_3_1_tp_2, Sagenista_53_1_tp_2, Verrucomicrobia_18_3_tp_2, Verrucomicrobia_22_1_tp_2",0.531562588180817,0.298534006024266
"Bacteroidetes_1360_3","Archaea_164_1_tp_2, Bacteroidetes_1186_1_tp_2, Cercozoa_22_1_tp_2, Dinoflagellata_1198_1_tp_2, Dinoflagellata_982_1_tp_2, Proteobacteria_7231_1_tp_2, Proteobacteria_8175_1_tp_2, Raphidophyceae_3_1_tp_2, Verrucomicrobia_18_1_tp_2",0.56555661267174,0.288202070488127
"Bacteroidetes_1360_3","Archaea_179_1_tp_2, Bacteroidetes_1224_1_tp_2, Bacteroidetes_129_1_tp_2, Chlorophyta__streptophyta_833_1_tp_2, Div_reps_1600_2_tp_2, Proteobacteria_7314_1_tp_2, Proteobacteria_7319_1_tp_2, Proteobacteria_7984_1_tp_2, Pseudofungi_43_1_tp_2",0.552061866846119,0.305239514043649
"Bacteroidetes_1360_3","Archaea_164_2_tp_2, Bacillariophyta_219_1_tp_2, Cercozoa_291_1_tp_2, Cyanobacteria_85_1_tp_2, Dictyochophyceae_6_1_tp_2, Div_reps_1600_1_tp_2, Phylum_reps_1954_1_tp_2, Proteobacteria_11431_2_tp_2, Verrucomicrobia_18_3_tp_2",0.566335219374499,0.2862709536037
"Bacteroidetes_1360_3","Bacillariophyta_138_1_tp_2, Bacteroidetes_1360_5_tp_2, Dinoflagellata_1658_1_tp_2, Dinoflagellata_1749_1_tp_2, Dinoflagellata_1771_1_tp_2, Dinoflagellata_982_1_tp_2, Proteobacteria_11428_1_tp_2, Proteobacteria_7984_1_tp_2, Proteobacteria_8178_1_tp_2",0.60570736761516,0.291769085544524
"Bacteroidetes_1360_3","Bacteroidetes_1178_1_tp_2, Dictyochophyceae_6_1_tp_2, Dinoflagellata_1658_1_tp_2, Dinoflagellata_955_1_tp_2, Proteobacteria_11429_4_tp_2, Proteobacteria_7295_1_tp_2, Proteobacteria_7787_1_tp_2, Proteobacteria_8176_2_tp_2, Proteobacteria_8177_2_tp_2",0.56371902090262,0.293486468850427
"Bacteroidetes_1360_3","Actinobacteria_410_1_tp_2, Cercozoa_291_1_tp_2, Chlorophyta__streptophyta_848_1_tp_2, Dinoflagellata_1711_1_tp_2, Picozoa_6_1_tp_2, Planctomycetes_27_1_tp_2, Proteobacteria_7230_2_tp_2, Proteobacteria_7983_4_tp_2, Sagenista_53_1_tp_2",0.48255081577287,0.311795823115985
"Bacteroidetes_1360_3","Dinoflagellata_1542_1_tp_2, Dinoflagellata_1862_1_tp_2, Dinoflagellata_955_1_tp_2, Dinoflagellata_982_1_tp_2, Planctomycetes_27_1_tp_2, Proteobacteria_7100_1_tp_2, Raphidophyceae_3_1_tp_2, Sagenista_61_1_tp_2, Verrucomicrobia_18_4_tp_2",0.467847294266825,0.307187911299811
"Bacteroidetes_1360_3","Bacillariophyta_123_1_tp_2, Bacteroidetes_1166_1_tp_2, Bacteroidetes_129_1_tp_2, Cyanobacteria_85_1_tp_2, Dinoflagellata_1098_1_tp_2, Dinoflagellata_1728_2_tp_2, Proteobacteria_7100_1_tp_2, Proteobacteria_7984_1_tp_2, Proteobacteria_8177_1_tp_2",0.51326939760643,0.299379557492029
"Bacteroidetes_1360_3","Dinoflagellata_1542_1_tp_2, Lobosa_11_1_tp_2, Perkinsea_33_1_tp_2, Planctomycetes_61_1_tp_2, Proteobacteria_11120_1_tp_2, Proteobacteria_11429_1_tp_2, Proteobacteria_7316_1_tp_2, Proteobacteria_8178_1_tp_2, Proteobacteria_8520_1_tp_2",0.47077878549311,0.308912296307192
"Bacteroidetes_1360_3","Bacteroidetes_1186_1_tp_2, Bacteroidetes_919_2_tp_2, Dictyochophyceae_6_1_tp_2, Dinoflagellata_1771_1_tp_2, Div_reps_2942_1_tp_2, Planctomycetes_34_1_tp_2, Proteobacteria_10091_1_tp_2, Proteobacteria_7319_1_tp_2, Verrucomicrobia_18_4_tp_2",0.467242967970108,0.320040775725207
"Bacteroidetes_1360_3","Bacillariophyta_123_1_tp_2, Bacillariophyta_29_1_tp_2, Bacillariophyta_44_1_tp_2, Bacteroidetes_1235_1_tp_2, Cryptophyta_15_2_tp_2, Dinoflagellata_1010_1_tp_2, Nitrospirae_9_1_tp_2, Phylum_reps_1985_1_tp_2, Phylum_reps_2301_1_tp_2",0.382792142650816,0.328163485269233
"Bacteroidetes_1360_3","Bacillariophyta_123_1_tp_2, Bacillariophyta_31_1_tp_2, Dinoflagellata_1017_1_tp_2, Dinoflagellata_1658_1_tp_2, Lobosa_11_1_tp_2, Proteobacteria_7100_1_tp_2, Proteobacteria_7313_1_tp_2, Proteobacteria_7364_1_tp_2, Proteobacteria_7983_7_tp_2",0.497368904330128,0.301436084838008
"Bacteroidetes_1360_3","Archaea_164_1_tp_2, Bacteroidetes_1178_1_tp_2, Dinoflagellata_1728_2_tp_2, Nitrospirae_9_1_tp_2, Picozoa_18_1_tp_2, Proteobacteria_11155_2_tp_2, Proteobacteria_7174_1_tp_2, Proteobacteria_7289_1_tp_2, Proteobacteria_7983_1_tp_2",0.515689910423364,0.298021868082372
"Bacteroidetes_1360_3","Cercozoa_23_1_tp_2, Chlorophyta__streptophyta_845_1_tp_2, Ciliophora_298_1_tp_2, Cryptophyta_108_1_tp_2, Katablepharidophyta_7_1_tp_2, Proteobacteria_10091_1_tp_2, Proteobacteria_11210_1_tp_2, Proteobacteria_7982_1_tp_2, Proteobacteria_7983_6_tp_2",0.622481017360926,0.283520584472827
"Bacteroidetes_1360_3","Archaea_164_2_tp_2, Archaea_179_1_tp_2, Bacillariophyta_29_1_tp_2, Bacteroidetes_1360_1_tp_2, Cercozoa_291_1_tp_2, Div_reps_2942_1_tp_2, Proteobacteria_7316_1_tp_2, Proteobacteria_7982_1_tp_2, Verrucomicrobia_22_2_tp_2",0.51205909316477,0.301039562660658
"Bacteroidetes_1360_3","Archaea_164_1_tp_2, Bacteroidetes_1360_2_tp_2, Bacteroidetes_919_1_tp_2, Bacteroidetes_919_3_tp_2, Ciliophora_403_1_tp_2, Dinoflagellata_1098_1_tp_2, Dinoflagellata_1496_1_tp_2, Proteobacteria_10168_1_tp_2, Proteobacteria_11431_1_tp_2",0.488704289671533,0.307805118384655
"Bacteroidetes_1360_3","Bacillariophyta_138_1_tp_2, Chlorophyta__streptophyta_751_1_tp_2, Ciliophora_403_1_tp_2, Dictyochophyceae_6_1_tp_2, Phylum_reps_1985_1_tp_2, Proteobacteria_7230_1_tp_2, Proteobacteria_7313_1_tp_2, Proteobacteria_8175_1_tp_2, Sagenista_61_1_tp_2",0.497191111824827,0.304007748394278
"Bacteroidetes_1360_3","Bacteroidetes_1194_1_tp_2, Cyanobacteria_65_1_tp_2, Dinoflagellata_982_1_tp_2, Phylum_reps_2301_1_tp_2, Proteobacteria_10114_1_tp_2, Proteobacteria_10168_1_tp_2, Proteobacteria_7319_1_tp_2, Proteobacteria_7984_1_tp_2, Proteobacteria_8520_1_tp_2",0.565930426818043,0.271527727703232
"Bacteroidetes_1360_3","Bacteroidetes_1224_1_tp_2, Bacteroidetes_129_1_tp_2, Chlorophyta__streptophyta_732_1_tp_2, Chlorophyta__streptophyta_751_1_tp_2, Dinoflagellata_1496_1_tp_2, Proteobacteria_7314_1_tp_2, Proteobacteria_7787_1_tp_2, Proteobacteria_7983_2_tp_2, Proteobacteria_7983_5_tp_2",0.441101258750635,0.327494311646448
"Bacteroidetes_1360_3","Bacteroidetes_1194_1_tp_2, Bacteroidetes_129_1_tp_2, Cercozoa_23_1_tp_2, Chlorophyta__streptophyta_120_1_tp_2, Cryptophyta_15_2_tp_2, Dinoflagellata_1771_2_tp_2, Proteobacteria_11431_2_tp_2, Proteobacteria_8177_2_tp_2, Sagenista_53_1_tp_2",0.535106584530889,0.300610793418148
"Bacteroidetes_1360_3","Bacteroidetes_1151_1_tp_2, Bacteroidetes_918_1_tp_2, Chrysophyceae_16_1_tp_2, Dinoflagellata_1496_1_tp_2, Dinoflagellata_1658_1_tp_2, Proteobacteria_22_1_tp_2, Proteobacteria_7364_1_tp_2, Verrucomicrobia_18_2_tp_2, Verrucomicrobia_22_2_tp_2",0.548009067759487,0.295122708550438
"Bacteroidetes_1360_3","Actinobacteria_410_1_tp_2, Bacteroidetes_1194_1_tp_2, Bacteroidetes_918_1_tp_2, Bacteroidetes_918_3_tp_2, Cyanobacteria_85_1_tp_2, Dinoflagellata_1098_1_tp_2, Proteobacteria_10114_1_tp_2, Proteobacteria_10168_1_tp_2, Proteobacteria_11431_2_tp_2",0.527534296249118,0.298769206864306
"Bacteroidetes_1360_3","Bacillariophyta_29_1_tp_2, Dinoflagellata_1728_2_tp_2, Dinoflagellata_1968_1_tp_2, Proteobacteria_11429_3_tp_2, Proteobacteria_22_1_tp_2, Proteobacteria_6384_1_tp_2, Proteobacteria_7364_1_tp_2, Proteobacteria_7983_3_tp_2, Raphidophyceae_3_1_tp_2",0.48627839830137,0.303457006530195
"Bacteroidetes_1360_3","Bacteroidetes_918_1_tp_2, Chlorophyta__streptophyta_120_1_tp_2, Cryptophyta_15_2_tp_2, Dinoflagellata_1009_1_tp_2, Div_reps_2942_1_tp_2, Proteobacteria_11431_1_tp_2, Proteobacteria_7295_1_tp_2, Proteobacteria_9681_1_tp_2, Rhodophyta_506_1_tp_2",0.538298680938125,0.298114543405056
"Bacteroidetes_1360_3","Bacteroidetes_1360_1_tp_2, Bacteroidetes_938_1_tp_2, Ciliophora_280_1_tp_2, Cryptophyta_108_1_tp_2, Cyanobacteria_48_1_tp_2, Cyanobacteria_73_1_tp_2, Dinoflagellata_1009_1_tp_2, Proteobacteria_7313_1_tp_2, Proteobacteria_7983_7_tp_2",0.477543846258201,0.309364561263654
"Bacteroidetes_1360_3","Bacillariophyta_196_1_tp_2, Bacteroidetes_1249_1_tp_2, Bacteroidetes_918_1_tp_2, Div_reps_2942_1_tp_2, Proteobacteria_10091_1_tp_2, Proteobacteria_11190_1_tp_2, Proteobacteria_6384_1_tp_2, Proteobacteria_6847_1_tp_2, Proteobacteria_8185_1_tp_2",0.523426591270745,0.306473221112491
"Bacteroidetes_1360_3","Bacillariophyta_100_1_tp_2, Bacteroidetes_131_1_tp_2, Dictyochophyceae_6_1_tp_2, Dinoflagellata_1542_1_tp_2, Dinoflagellata_1771_2_tp_2, Dinoflagellata_1968_1_tp_2, Phylum_reps_1954_1_tp_2, Proteobacteria_10091_1_tp_2, Proteobacteria_10168_1_tp_2",0.466698527528209,0.312827237431938
"Bacteroidetes_1360_3","Bacteroidetes_1178_1_tp_2, Bacteroidetes_1224_1_tp_2, Dinoflagellata_874_1_tp_2, Picozoa_6_1_tp_2, Proteobacteria_10091_1_tp_2, Proteobacteria_11155_2_tp_2, Proteobacteria_11210_1_tp_2, Proteobacteria_11210_2_tp_2, Proteobacteria_7319_1_tp_2",0.48079449257684,0.316297245745787
"Bacteroidetes_1360_3","Chlorophyta__streptophyta_751_1_tp_2, Chlorophyta__streptophyta_833_1_tp_2, Ciliophora_451_1_tp_2, Dinoflagellata_1862_1_tp_2, Picozoa_6_1_tp_2, Proteobacteria_7983_7_tp_2, Proteobacteria_8175_1_tp_2, Proteobacteria_9681_2_tp_2, Verrucomicrobia_18_4_tp_2",0.530039113952021,0.298148564073179
"Bacteroidetes_1360_3","Bacteroidetes_317_1_tp_2, Ciliophora_280_1_tp_2, Picozoa_18_1_tp_2, Proteobacteria_10114_1_tp_2, Proteobacteria_11120_1_tp_2, Proteobacteria_11210_1_tp_2, Proteobacteria_5461_1_tp_2, Proteobacteria_6384_1_tp_2, Proteobacteria_9681_1_tp_2",0.520415780641558,0.312135600688183
"Bacteroidetes_1360_3","Archaea_164_2_tp_2, Bacillariophyta_138_1_tp_2, Bacteroidetes_1194_1_tp_2, Cercozoa_22_1_tp_2, Chlorophyta__streptophyta_120_1_tp_2, Dinoflagellata_1198_1_tp_2, Picozoa_6_1_tp_2, Proteobacteria_22_1_tp_2, Proteobacteria_7230_2_tp_2",0.506426441417225,0.299675491376612
"Bacteroidetes_1360_3","Bacillariophyta_219_1_tp_2, Bacteroidetes_918_2_tp_2, Chlorophyta__streptophyta_751_1_tp_2, Cryptophyta_15_2_tp_2, Dinoflagellata_1711_1_tp_2, Dinoflagellata_1769_1_tp_2, Proteobacteria_10114_1_tp_2, Proteobacteria_11155_1_tp_2, Proteobacteria_7314_1_tp_2",0.384100424869275,0.330349400862029
"Bacteroidetes_1360_3","Bacillariophyta_44_1_tp_2, Bacteroidetes_1360_4_tp_2, Cercozoa_22_1_tp_2, Dinoflagellata_1017_1_tp_2, Dinoflagellata_1711_1_tp_2, Picozoa_18_1_tp_2, Proteobacteria_22_1_tp_2, Proteobacteria_7983_5_tp_2, Verrucomicrobia_22_1_tp_2",0.445102394366856,0.315330715030369
"Bacteroidetes_1360_3","Archaea_164_1_tp_2, Chlorophyta__streptophyta_833_1_tp_2, Dinoflagellata_1009_1_tp_2, Div_reps_2942_1_tp_2, Picozoa_18_1_tp_2, Proteobacteria_11190_1_tp_2, Proteobacteria_11210_2_tp_2, Proteobacteria_7316_1_tp_2, Proteobacteria_7983_6_tp_2",0.507066740796393,0.301538337087636
"Bacteroidetes_1360_3","Bacteroidetes_1224_1_tp_2, Bacteroidetes_1349_1_tp_2, Cyanobacteria_65_1_tp_2, Dinoflagellata_1793_1_tp_2, Picozoa_6_1_tp_2, Proteobacteria_7100_1_tp_2, Proteobacteria_7316_1_tp_2, Proteobacteria_8520_1_tp_2, Verrucomicrobia_22_2_tp_2",0.532009941398779,0.29602568848314
"Bacteroidetes_1360_3","Archaea_164_2_tp_2, Bacteroidetes_129_2_tp_2, Bacteroidetes_1349_1_tp_2, Dinoflagellata_1968_1_tp_2, Dinoflagellata_955_1_tp_2, Proteobacteria_11190_1_tp_2, Proteobacteria_11429_4_tp_2, Proteobacteria_7983_2_tp_2, Sagenista_61_1_tp_2",0.460079919492134,0.308500530299179
"Bacteroidetes_1360_3","Bacteroidetes_1264_1_tp_2, Dinoflagellata_1014_1_tp_2, Dinoflagellata_1098_1_tp_2, Dinoflagellata_1749_1_tp_2, Dinoflagellata_1758_1_tp_2, Div_reps_1600_1_tp_2, Picozoa_6_1_tp_2, Proteobacteria_6847_1_tp_2, Raphidophyceae_3_1_tp_2",0.329433890748786,0.328906105984932
"Bacteroidetes_1360_3","Bacteroidetes_1166_1_tp_2, Bacteroidetes_919_2_tp_2, Dinoflagellata_1658_1_tp_2, Dinoflagellata_1728_1_tp_2, Proteobacteria_7231_1_tp_2, Proteobacteria_7983_5_tp_2, Proteobacteria_7983_7_tp_2, Verrucomicrobia_22_2_tp_2, Verrucomicrobia_23_1_tp_2",0.458887670205067,0.316875152577532
"Bacteroidetes_1360_3","Bacteroidetes_1249_1_tp_2, Bacteroidetes_918_1_tp_2, Cercozoa_22_1_tp_2, Phylum_reps_1954_1_tp_2, Proteobacteria_11429_1_tp_2, Proteobacteria_7316_1_tp_2, Proteobacteria_7787_1_tp_2, Proteobacteria_7983_1_tp_2, Verrucomicrobia_18_1_tp_2",0.543199795280096,0.307077643464381
"Bacteroidetes_1360_3","Bacteroidetes_1166_1_tp_2, Bacteroidetes_1349_1_tp_2, Bacteroidetes_1360_2_tp_2, Dictyochophyceae_6_1_tp_2, Dinoflagellata_1555_1_tp_2, Katablepharidophyta_7_1_tp_2, Proteobacteria_7174_1_tp_2, Proteobacteria_8176_1_tp_2, Verrucomicrobia_22_2_tp_2",0.570328592131399,0.2938922127722
"Bacteroidetes_1360_3","Bacteroidetes_1166_1_tp_2, Bacteroidetes_1186_1_tp_2, Dinoflagellata_1098_1_tp_2, Dinoflagellata_1198_1_tp_2, Dinoflagellata_1496_1_tp_2, Lobosa_11_1_tp_2, Planctomycetes_27_1_tp_2, Proteobacteria_8176_1_tp_2, Proteobacteria_9649_1_tp_2",0.470249211868356,0.308200368810168
"Bacteroidetes_1360_3","Archaea_164_2_tp_2, Cercozoa_23_1_tp_2, Dinoflagellata_1658_1_tp_2, Haptophyta_148_1_tp_2, Planctomycetes_61_1_tp_2, Proteobacteria_11429_3_tp_2, temperature_tp_2, Verrucomicrobia_22_1_tp_2, Verrucomicrobia_23_1_tp_2",0.415661550649111,0.329886456552942
"Bacteroidetes_1360_3","Cercozoa_22_1_tp_2, Cercozoa_395_1_tp_2, Chlorophyta__streptophyta_120_1_tp_2, Dictyochophyceae_6_1_tp_2, Dinoflagellata_1793_1_tp_2, Dinoflagellata_874_1_tp_2, Proteobacteria_7231_1_tp_2, Rhodophyta_506_1_tp_2, Verrucomicrobia_18_3_tp_2",0.522105382225099,0.305027938875916
"Bacteroidetes_1360_3","Bacteroidetes_918_4_tp_2, Bacteroidetes_919_2_tp_2, Ciliophora_1195_1_tp_2, Dinoflagellata_1862_1_tp_2, Div_reps_1600_1_tp_2, Phylum_reps_2301_1_tp_2, Proteobacteria_11190_1_tp_2, Proteobacteria_7314_1_tp_2, Verrucomicrobia_18_4_tp_2",0.566212770076218,0.299950972810655
"Bacteroidetes_1360_3","Bacteroidetes_1235_1_tp_2, Bacteroidetes_918_5_tp_2, Bacteroidetes_956_1_tp_2, Chlorophyta__streptophyta_751_1_tp_2, Ciliophora_298_1_tp_2, Proteobacteria_7983_3_tp_2, Proteobacteria_8185_1_tp_2, Rhodophyta_506_1_tp_2, temperature_tp_2",0.523945505817391,0.305851647130732
"Bacteroidetes_1360_3","Bacillariophyta_123_1_tp_2, Bacillariophyta_31_1_tp_2, Bacillariophyta_44_1_tp_2, Bacteroidetes_1204_1_tp_2, Chlorophyta__streptophyta_895_1_tp_2, Ciliophora_451_1_tp_2, Lobosa_11_1_tp_2, Proteobacteria_11120_1_tp_2, Proteobacteria_11431_2_tp_2",0.556665104534658,0.302302505480771
"Bacteroidetes_1360_3","Bacteroidetes_1249_1_tp_2, Bacteroidetes_918_2_tp_2, Ciliophora_403_1_tp_2, Cryptophyta_108_1_tp_2, Dinoflagellata_1728_2_tp_2, Div_reps_1600_1_tp_2, Proteobacteria_11210_1_tp_2, Proteobacteria_7982_1_tp_2, Proteobacteria_8520_1_tp_2",0.408642447243795,0.318617270511217
"Bacteroidetes_1360_3","Bacteroidetes_1360_2_tp_2, Bacteroidetes_918_1_tp_2, Ciliophora_1195_1_tp_2, Dinoflagellata_1010_1_tp_2, Dinoflagellata_1728_1_tp_2, Perkinsea_44_1_tp_2, Proteobacteria_11429_1_tp_2, Proteobacteria_7314_1_tp_2, Verrucomicrobia_22_1_tp_2",0.507551170447261,0.308256960051139
"Bacteroidetes_1360_3","Bacillariophyta_219_1_tp_2, Cercozoa_22_1_tp_2, Cercozoa_23_1_tp_2, Picozoa_6_1_tp_2, Proteobacteria_11155_1_tp_2, Proteobacteria_11429_1_tp_2, Proteobacteria_7983_7_tp_2, Proteobacteria_8520_1_tp_2, Verrucomicrobia_18_2_tp_2",0.473905777515993,0.312803281853352
"Bacteroidetes_1360_3","Bacteroidetes_1166_2_tp_2, Bacteroidetes_956_1_tp_2, Chlorophyta__streptophyta_895_1_tp_2, Dinoflagellata_1098_1_tp_2, Dinoflagellata_124_1_tp_2, Lobosa_11_1_tp_2, Perkinsea_33_1_tp_2, Proteobacteria_7295_1_tp_2, Verrucomicrobia_18_2_tp_2",0.404133775966177,0.320892457855926
"Bacteroidetes_1360_3","Archaea_164_2_tp_2, Bacteroidetes_1178_1_tp_2, Cyanobacteria_48_1_tp_2, Dinoflagellata_1198_1_tp_2, Div_reps_1600_2_tp_2, Proteobacteria_11431_2_tp_2, Proteobacteria_6847_1_tp_2, Proteobacteria_7313_1_tp_2, Proteobacteria_8176_1_tp_2",0.499466467076355,0.306436127287368
"Bacteroidetes_1360_3","Bacillariophyta_29_1_tp_2, Bacillariophyta_31_1_tp_2, Bacteroidetes_1360_5_tp_2, Chlorophyta__streptophyta_895_1_tp_2, Dinoflagellata_955_1_tp_2, Div_reps_2942_1_tp_2, Proteobacteria_11190_1_tp_2, Proteobacteria_11429_3_tp_2, Verrucomicrobia_18_2_tp_2",0.492341105586949,0.308977633751577
"Bacteroidetes_1360_3","Bacillariophyta_29_1_tp_2, Bacteroidetes_1166_2_tp_2, Chlorophyta__streptophyta_120_1_tp_2, Chlorophyta__streptophyta_732_1_tp_2, Dinoflagellata_1749_1_tp_2, Proteobacteria_5461_1_tp_2, Proteobacteria_8177_1_tp_2, Verrucomicrobia_18_4_tp_2, Verrucomicrobia_23_1_tp_2",0.392426602580062,0.343355384046151
"Bacteroidetes_1360_3","Bacteroidetes_1264_1_tp_2, Bacteroidetes_1360_1_tp_2, Bacteroidetes_317_1_tp_2, Ciliophora_298_1_tp_2, Cryptophyta_15_2_tp_2, Dinoflagellata_124_1_tp_2, Proteobacteria_11210_1_tp_2, Proteobacteria_7314_1_tp_2, Proteobacteria_8520_1_tp_2",0.486556966129322,0.311249282066197
"Bacteroidetes_1360_3","Chlorophyta__streptophyta_833_1_tp_2, Chlorophyta__streptophyta_895_1_tp_2, Cyanobacteria_85_1_tp_2, Dinoflagellata_1793_1_tp_2, Perkinsea_44_1_tp_2, Proteobacteria_11155_2_tp_2, Proteobacteria_7231_1_tp_2, Raphidophyceae_3_1_tp_2, Verrucomicrobia_18_1_tp_2",0.553635463698269,0.296456578113736
"Bacteroidetes_1360_3","Bacillariophyta_138_1_tp_2, Bacillariophyta_29_1_tp_2, Bacteroidetes_1151_1_tp_2, Dinoflagellata_1771_2_tp_2, Picozoa_18_1_tp_2, Proteobacteria_10168_1_tp_2, Proteobacteria_11210_2_tp_2, Proteobacteria_22_1_tp_2, Proteobacteria_8520_1_tp_2",0.541382176800193,0.293490223878438
"Bacteroidetes_1360_3","Archaea_164_1_tp_2, Bacteroidetes_1264_1_tp_2, Bacteroidetes_918_1_tp_2, Dictyochophyceae_6_1_tp_2, Dinoflagellata_1198_1_tp_2, Phylum_reps_1954_1_tp_2, Proteobacteria_7174_1_tp_2, Proteobacteria_7983_3_tp_2, Proteobacteria_8520_1_tp_2",0.602405469151088,0.268840492937666
"Bacteroidetes_1360_3","Dinoflagellata_1009_1_tp_2, Haptophyta_148_1_tp_2, Proteobacteria_11155_1_tp_2, Proteobacteria_7787_1_tp_2, Proteobacteria_7983_7_tp_2, Proteobacteria_8177_1_tp_2, Proteobacteria_9681_2_tp_2, Sagenista_61_1_tp_2, Verrucomicrobia_18_4_tp_2",0.521760809397883,0.303168276185448
"Bacteroidetes_1360_3","Bacteroidetes_1194_1_tp_2, Bacteroidetes_1204_1_tp_2, Bacteroidetes_1224_1_tp_2, Dinoflagellata_982_1_tp_2, Proteobacteria_11155_1_tp_2, Proteobacteria_11190_1_tp_2, Proteobacteria_5436_1_tp_2, Proteobacteria_7984_1_tp_2, Proteobacteria_8178_1_tp_2",0.580416049228825,0.29842583034047
"Bacteroidetes_1360_3","Bacteroidetes_1194_1_tp_2, Bacteroidetes_918_2_tp_2, Dinoflagellata_1017_1_tp_2, Dinoflagellata_1542_1_tp_2, Dinoflagellata_955_1_tp_2, Lobosa_11_1_tp_2, Proteobacteria_11210_2_tp_2, Proteobacteria_7314_1_tp_2, Verrucomicrobia_22_1_tp_2",0.44082940975691,0.311398890599329
"Bacteroidetes_1360_3","Bacteroidetes_1167_1_tp_2, Cryptophyta_108_1_tp_2, Dictyochophyceae_6_1_tp_2, Perkinsea_33_1_tp_2, Picozoa_18_1_tp_2, Proteobacteria_7174_1_tp_2, Proteobacteria_7231_1_tp_2, Proteobacteria_8176_2_tp_2, Proteobacteria_8178_1_tp_2",0.507860275413084,0.305820921844796
"Bacteroidetes_1360_3","Bacteroidetes_129_1_tp_2, Dinoflagellata_1010_1_tp_2, Dinoflagellata_1496_1_tp_2, Dinoflagellata_1555_1_tp_2, Dinoflagellata_1728_1_tp_2, Div_reps_1600_1_tp_2, Phylum_reps_2301_1_tp_2, Proteobacteria_11155_2_tp_2, Verrucomicrobia_18_1_tp_2",0.509713689546248,0.303238994997634
"Bacteroidetes_1360_3","Bacteroidetes_1204_1_tp_2, Chlorophyta__streptophyta_845_1_tp_2, Ciliophora_234_1_tp_2, Dinoflagellata_1749_1_tp_2, Proteobacteria_11210_2_tp_2, Proteobacteria_7313_1_tp_2, Proteobacteria_7364_1_tp_2, Proteobacteria_8177_2_tp_2, Verrucomicrobia_23_1_tp_2",0.47062225830352,0.310244002266755
"Bacteroidetes_1360_3","Bacteroidetes_1166_2_tp_2, Bacteroidetes_1360_1_tp_2, Bacteroidetes_317_1_tp_2, Bacteroidetes_938_1_tp_2, Dinoflagellata_1728_2_tp_2, Perkinsea_33_1_tp_2, Proteobacteria_5436_1_tp_2, Proteobacteria_7231_1_tp_2, Proteobacteria_7289_1_tp_2",0.487516880503329,0.305090275488967
"Bacteroidetes_1360_3","Bacillariophyta_29_1_tp_2, Bacteroidetes_918_1_tp_2, Bacteroidetes_918_2_tp_2, Cercozoa_23_1_tp_2, Cryptophyta_15_1_tp_2, Dinoflagellata_1014_1_tp_2, Perkinsea_44_1_tp_2, Proteobacteria_11428_1_tp_2, Proteobacteria_7983_6_tp_2",0.461776444482141,0.311689171321379
"Bacteroidetes_1360_3","Bacteroidetes_1264_1_tp_2, Bacteroidetes_919_3_tp_2, Ciliophora_234_1_tp_2, Ciliophora_451_1_tp_2, Cyanobacteria_85_1_tp_2, Dinoflagellata_1542_1_tp_2, Katablepharidophyta_7_1_tp_2, Planctomycetes_61_1_tp_2, Proteobacteria_7174_1_tp_2",0.541153597670726,0.305028145830355
"Bacteroidetes_1360_3","Bacillariophyta_44_1_tp_2, Bacteroidetes_1360_4_tp_2, Bacteroidetes_317_1_tp_2, Chlorophyta__streptophyta_895_1_tp_2, Phylum_reps_1985_1_tp_2, Proteobacteria_11428_1_tp_2, Proteobacteria_5436_1_tp_2, Proteobacteria_7982_2_tp_2, Proteobacteria_9681_2_tp_2",0.555544180716695,0.297750322670094
"Bacteroidetes_1360_3","Archaea_179_1_tp_2, Bacteroidetes_129_2_tp_2, Bacteroidetes_317_1_tp_2, Chlorophyta__streptophyta_120_1_tp_2, Cryptophyta_15_2_tp_2, Cyanobacteria_85_1_tp_2, Dinoflagellata_1017_1_tp_2, Proteobacteria_7787_1_tp_2, Proteobacteria_9649_1_tp_2",0.356018749121281,0.32394153048416
"Bacteroidetes_1360_3","Chlorophyta__streptophyta_845_1_tp_2, Cyanobacteria_73_1_tp_2, Dinoflagellata_124_1_tp_2, Dinoflagellata_1758_1_tp_2, Proteobacteria_10114_1_tp_2, Proteobacteria_7230_3_tp_2, Proteobacteria_7313_1_tp_2, Proteobacteria_7319_1_tp_2, Proteobacteria_9649_1_tp_2",0.436795349502287,0.322666654697252
"Bacteroidetes_1360_3","Bacteroidetes_317_1_tp_2, Bacteroidetes_919_3_tp_2, Cercozoa_23_1_tp_2, Ciliophora_403_1_tp_2, Dinoflagellata_1793_1_tp_2, Div_reps_1600_1_tp_2, Proteobacteria_7983_2_tp_2, Proteobacteria_8520_1_tp_2, Verrucomicrobia_18_1_tp_2",0.502013043972956,0.311405169107398
"Bacteroidetes_1360_3","Bacteroidetes_938_1_tp_2, Dinoflagellata_1749_1_tp_2, Dinoflagellata_874_1_tp_2, Haptophyta_203_1_tp_2, Proteobacteria_11120_1_tp_2, Proteobacteria_5436_1_tp_2, Proteobacteria_6384_1_tp_2, Proteobacteria_7166_1_tp_2, Verrucomicrobia_22_2_tp_2",0.447618568442126,0.32012791758502
"Bacteroidetes_1360_3","Bacteroidetes_1178_1_tp_2, Cercozoa_291_1_tp_2, Dictyochophyceae_6_1_tp_2, Dinoflagellata_124_1_tp_2, Nitrospirae_9_1_tp_2, Proteobacteria_11429_4_tp_2, Proteobacteria_7316_1_tp_2, Sagenista_61_1_tp_2, Verrucomicrobia_22_1_tp_2",0.501524737624023,0.30492949336211
"Bacteroidetes_1360_3","Bacteroidetes_1349_1_tp_2, Bacteroidetes_1360_1_tp_2, Bacteroidetes_956_1_tp_2, Cryptophyta_15_2_tp_2, Dinoflagellata_1014_1_tp_2, Planctomycetes_27_1_tp_2, Proteobacteria_11429_4_tp_2, Proteobacteria_7983_3_tp_2, temperature_tp_2",0.567745246267497,0.295991855212644
"Bacteroidetes_1360_3","Bacillariophyta_196_1_tp_2, Bacteroidetes_918_1_tp_2, Chlorophyta__streptophyta_120_1_tp_2, Chlorophyta__streptophyta_732_1_tp_2, Cyanobacteria_48_1_tp_2, Dinoflagellata_1793_1_tp_2, Proteobacteria_11429_1_tp_2, Proteobacteria_22_1_tp_2, Proteobacteria_7230_1_tp_2",0.483000604804349,0.31504839004704
"Bacteroidetes_1360_3","Archaea_164_1_tp_2, Chlorophyta__streptophyta_120_1_tp_2, Dinoflagellata_1658_1_tp_2, Dinoflagellata_1728_1_tp_2, Phylum_reps_1954_1_tp_2, Planctomycetes_61_1_tp_2, Proteobacteria_11429_4_tp_2, Proteobacteria_8178_1_tp_2, Verrucomicrobia_18_1_tp_2",0.468768421894496,0.308670958634056
"Bacteroidetes_1360_3","Ciliophora_234_1_tp_2, Dinoflagellata_1542_1_tp_2, Haptophyta_203_1_tp_2, Proteobacteria_11155_2_tp_2, Proteobacteria_11431_2_tp_2, Proteobacteria_7230_3_tp_2, Proteobacteria_7295_1_tp_2, Proteobacteria_7983_4_tp_2, Proteobacteria_8178_1_tp_2",0.509123448632836,0.306380913034296
"Bacteroidetes_1360_3","Bacillariophyta_123_1_tp_2, Bacteroidetes_1249_1_tp_2, Bacteroidetes_129_1_tp_2, Chlorophyta__streptophyta_732_1_tp_2, Chlorophyta__streptophyta_751_1_tp_2, Ciliophora_451_1_tp_2, Planctomycetes_61_1_tp_2, Proteobacteria_7319_1_tp_2, Proteobacteria_8520_1_tp_2",0.370571208406538,0.334909101447542
"Bacteroidetes_1360_3","Bacteroidetes_918_3_tp_2, Dinoflagellata_955_1_tp_2, Proteobacteria_11120_1_tp_2, Proteobacteria_11431_1_tp_2, Proteobacteria_7230_3_tp_2, Proteobacteria_7313_1_tp_2, Radiolaria_104_1_tp_2, Raphidophyceae_3_1_tp_2, Verrucomicrobia_18_2_tp_2",0.553357953082102,0.292131244202387
"Bacteroidetes_1360_3","Bacillariophyta_196_1_tp_2, Dinoflagellata_1010_1_tp_2, Dinoflagellata_1793_1_tp_2, Perkinsea_44_1_tp_2, Picozoa_6_1_tp_2, Proteobacteria_5461_1_tp_2, Proteobacteria_7787_1_tp_2, Proteobacteria_7983_3_tp_2, temperature_tp_2",0.502560566898739,0.305152839049062
"Bacteroidetes_1360_3","Bacteroidetes_1178_1_tp_2, Cercozoa_22_1_tp_2, Cercozoa_395_1_tp_2, Dinoflagellata_1014_1_tp_2, Dinoflagellata_1771_1_tp_2, Planctomycetes_61_1_tp_2, Proteobacteria_11155_2_tp_2, Proteobacteria_7289_1_tp_2, Proteobacteria_7983_2_tp_2",0.452516289806708,0.312453860400723
"Bacteroidetes_1360_3","Bacillariophyta_219_1_tp_2, Bacteroidetes_1186_1_tp_2, Bacteroidetes_129_2_tp_2, Bacteroidetes_317_1_tp_2, Cercozoa_23_1_tp_2, Proteobacteria_7295_1_tp_2, Proteobacteria_8176_1_tp_2, Proteobacteria_8176_2_tp_2, Pseudofungi_43_1_tp_2",0.550295143628693,0.296371526666015
"Bacteroidetes_1360_3","Bacillariophyta_196_1_tp_2, Chlorophyta__streptophyta_848_1_tp_2, Ciliophora_451_1_tp_2, Cryptophyta_15_2_tp_2, Proteobacteria_11429_3_tp_2, Proteobacteria_7174_1_tp_2, Proteobacteria_8175_1_tp_2, Proteobacteria_8520_1_tp_2, Verrucomicrobia_18_3_tp_2",0.579473641181831,0.287052173755281
"Bacteroidetes_1360_3","Actinobacteria_410_1_tp_2, Bacteroidetes_1166_2_tp_2, Bacteroidetes_1178_1_tp_2, Bacteroidetes_1204_1_tp_2, Bacteroidetes_1235_1_tp_2, Bacteroidetes_919_1_tp_2, Chlorophyta__streptophyta_845_1_tp_2, Dinoflagellata_1968_1_tp_2, Proteobacteria_7231_1_tp_2",0.450879932750901,0.318089805607022
"Bacteroidetes_1360_3","Archaea_179_1_tp_2, Bacillariophyta_138_1_tp_2, Bacteroidetes_919_3_tp_2, Dinoflagellata_874_1_tp_2, Div_reps_1600_2_tp_2, Proteobacteria_10168_1_tp_2, Proteobacteria_11431_2_tp_2, Proteobacteria_7230_1_tp_2, Proteobacteria_9681_1_tp_2",0.568939003442016,0.288845009775147
"Bacteroidetes_1360_3","Archaea_164_2_tp_2, Bacillariophyta_29_1_tp_2, Chlorophyta__streptophyta_751_1_tp_2, Dinoflagellata_1098_1_tp_2, Nitrospirae_9_1_tp_2, Proteobacteria_11155_2_tp_2, Proteobacteria_7983_1_tp_2, Proteobacteria_7983_4_tp_2, Proteobacteria_8185_1_tp_2",0.395928989695383,0.324365829591286
"Bacteroidetes_1360_3","Bacteroidetes_919_1_tp_2, Ciliophora_234_1_tp_2, Div_reps_2942_1_tp_2, Planctomycetes_34_1_tp_2, Proteobacteria_7174_1_tp_2, Proteobacteria_7983_1_tp_2, Proteobacteria_7983_3_tp_2, Proteobacteria_7983_5_tp_2, Verrucomicrobia_22_1_tp_2",0.529755195158508,0.313451126294658
"Bacteroidetes_1360_3","Bacteroidetes_1167_1_tp_2, Dinoflagellata_1749_1_tp_2, Dinoflagellata_1793_1_tp_2, Div_reps_2942_1_tp_2, Phylum_reps_1985_1_tp_2, Picozoa_6_1_tp_2, Proteobacteria_10114_1_tp_2, Proteobacteria_11431_2_tp_2, Proteobacteria_8176_2_tp_2",0.404148788684774,0.325285992311579
"Bacteroidetes_1360_3","Bacteroidetes_1194_1_tp_2, Bacteroidetes_1360_4_tp_2, Bacteroidetes_1360_5_tp_2, Ciliophora_298_1_tp_2, Div_reps_1600_1_tp_2, Proteobacteria_7983_4_tp_2, Proteobacteria_7983_6_tp_2, Proteobacteria_9681_2_tp_2, temperature_tp_2",0.54627902965314,0.308588982350193
"Bacteroidetes_1360_3","Bacillariophyta_123_1_tp_2, Bacteroidetes_131_1_tp_2, Chrysophyceae_16_1_tp_2, Dinoflagellata_1728_1_tp_2, Dinoflagellata_1769_1_tp_2, Proteobacteria_11428_1_tp_2, Proteobacteria_7166_1_tp_2, Proteobacteria_7983_1_tp_2, Proteobacteria_7983_8_tp_2",0.566191291791564,0.301643858545305
"Bacteroidetes_1360_3","Bacteroidetes_1204_1_tp_2, Bacteroidetes_1349_1_tp_2, Ciliophora_451_1_tp_2, Cryptophyta_15_1_tp_2, Cyanobacteria_85_1_tp_2, Div_reps_2942_1_tp_2, Perkinsea_44_1_tp_2, Proteobacteria_11428_1_tp_2, Proteobacteria_7983_3_tp_2",0.569344636737386,0.297254022362323
"Bacteroidetes_1360_3","Bacillariophyta_123_1_tp_2, Bacillariophyta_138_1_tp_2, Bacteroidetes_1178_1_tp_2, Dinoflagellata_1728_2_tp_2, Div_reps_2942_1_tp_2, Haptophyta_203_1_tp_2, Proteobacteria_11155_2_tp_2, Proteobacteria_8177_1_tp_2, Verrucomicrobia_23_1_tp_2",0.473203374086197,0.313255312038222
"Bacteroidetes_1360_3","Bacteroidetes_1151_1_tp_2, Bacteroidetes_1360_5_tp_2, Cercozoa_22_1_tp_2, Dinoflagellata_874_1_tp_2, Div_reps_2942_1_tp_2, Lobosa_11_1_tp_2, Phylum_reps_1954_1_tp_2, Proteobacteria_7289_1_tp_2, Proteobacteria_8176_1_tp_2",0.529668217832321,0.300423181663965
"Bacteroidetes_1360_3","Bacteroidetes_1235_1_tp_2, Bacteroidetes_129_2_tp_2, Ciliophora_298_1_tp_2, Proteobacteria_11429_3_tp_2, Proteobacteria_5461_1_tp_2, Proteobacteria_7166_1_tp_2, Proteobacteria_7289_1_tp_2, Proteobacteria_8176_2_tp_2, Verrucomicrobia_18_3_tp_2",0.499271551911442,0.311118693108783
"Bacteroidetes_1360_3","Actinobacteria_410_2_tp_2, Bacillariophyta_196_1_tp_2, Bacteroidetes_1264_1_tp_2, Bacteroidetes_1360_5_tp_2, Dinoflagellata_1017_1_tp_2, Dinoflagellata_982_1_tp_2, Proteobacteria_7174_1_tp_2, Proteobacteria_7230_2_tp_2, Pseudofungi_43_1_tp_2",0.56223055432191,0.297891467419707
"Bacteroidetes_1360_3","Bacillariophyta_219_1_tp_2, Ciliophora_451_1_tp_2, Cyanobacteria_85_1_tp_2, Dictyochophyceae_6_1_tp_2, Dinoflagellata_982_1_tp_2, Perkinsea_33_1_tp_2, Proteobacteria_11190_1_tp_2, Proteobacteria_9681_1_tp_2, temperature_tp_2",0.575500966883948,0.283646002172165
"Bacteroidetes_1360_3","Bacillariophyta_100_1_tp_2, Bacteroidetes_1167_1_tp_2, Bacteroidetes_918_3_tp_2, Bacteroidetes_956_1_tp_2, Cercozoa_22_1_tp_2, Dinoflagellata_1555_1_tp_2, Proteobacteria_7230_3_tp_2, Proteobacteria_7313_1_tp_2, Proteobacteria_8520_1_tp_2",0.504871393868167,0.30321680523372
"Bacteroidetes_1360_3","Bacillariophyta_123_1_tp_2, Bacteroidetes_1360_5_tp_2, Bacteroidetes_918_1_tp_2, Chlorophyta__streptophyta_845_1_tp_2, Ciliophora_234_1_tp_2, Dinoflagellata_955_1_tp_2, Div_reps_1600_2_tp_2, Proteobacteria_11155_2_tp_2, Proteobacteria_7295_1_tp_2",0.587887595506528,0.293247382687286
"Bacteroidetes_1360_3","Bacteroidetes_129_1_tp_2, Bacteroidetes_918_2_tp_2, Cercozoa_22_1_tp_2, Cryptophyta_108_1_tp_2, Dinoflagellata_1014_1_tp_2, Dinoflagellata_1728_1_tp_2, Dinoflagellata_1968_1_tp_2, Proteobacteria_5461_1_tp_2, Proteobacteria_7295_1_tp_2",0.385779023824346,0.321616437964633
"Bacteroidetes_1360_3","Archaea_164_1_tp_2, Bacteroidetes_1349_1_tp_2, Bacteroidetes_918_4_tp_2, Chlorophyta__streptophyta_833_1_tp_2, Dinoflagellata_1968_1_tp_2, Phylum_reps_1954_1_tp_2, Proteobacteria_5436_1_tp_2, Proteobacteria_5461_1_tp_2, Proteobacteria_7983_8_tp_2",0.522654178624598,0.298298826707702
"Bacteroidetes_1360_3","Bacteroidetes_1194_1_tp_2, Bacteroidetes_918_4_tp_2, Dinoflagellata_1496_1_tp_2, Nitrospirae_9_1_tp_2, Proteobacteria_10114_1_tp_2, Proteobacteria_5461_1_tp_2, Proteobacteria_7982_1_tp_2, Proteobacteria_9681_2_tp_2, Verrucomicrobia_18_4_tp_2",0.570988427662642,0.291995259295103
"Bacteroidetes_1360_3","Bacillariophyta_31_1_tp_2, Bacteroidetes_919_1_tp_2, Bacteroidetes_919_3_tp_2, Ciliophora_298_1_tp_2, Dinoflagellata_124_1_tp_2, Dinoflagellata_1793_1_tp_2, Proteobacteria_11428_1_tp_2, Proteobacteria_6847_1_tp_2, Sagenista_53_1_tp_2",0.491995980918901,0.317855906928629
"Bacteroidetes_1360_3","Archaea_164_2_tp_2, Bacillariophyta_31_1_tp_2, Bacteroidetes_1166_2_tp_2, Dinoflagellata_1555_1_tp_2, Dinoflagellata_1711_1_tp_2, Dinoflagellata_1771_2_tp_2, Planctomycetes_27_1_tp_2, Proteobacteria_5461_1_tp_2, Proteobacteria_8520_1_tp_2",0.4874364529724,0.307854259014986
"Bacteroidetes_1360_3","Bacteroidetes_1194_1_tp_2, Chlorophyta__streptophyta_732_1_tp_2, Dinoflagellata_1728_2_tp_2, Dinoflagellata_1771_2_tp_2, Proteobacteria_10168_1_tp_2, Proteobacteria_11431_1_tp_2, Proteobacteria_7174_1_tp_2, Sagenista_53_1_tp_2, temperature_tp_2",0.451944233051184,0.317082527843371
"Bacteroidetes_1360_3","Bacteroidetes_918_2_tp_2, Cercozoa_23_1_tp_2, Dinoflagellata_1758_1_tp_2, Proteobacteria_10114_1_tp_2, Proteobacteria_11431_1_tp_2, Proteobacteria_6847_1_tp_2, Proteobacteria_7983_7_tp_2, Proteobacteria_8175_1_tp_2, Rhodophyta_506_1_tp_2",0.4964207409647,0.301632284047779
"Bacteroidetes_1360_3","Archaea_179_1_tp_2, Bacteroidetes_1204_1_tp_2, Bacteroidetes_1360_2_tp_2, Dinoflagellata_1009_1_tp_2, Nitrospirae_9_1_tp_2, Proteobacteria_7230_3_tp_2, Proteobacteria_7319_1_tp_2, Proteobacteria_7983_4_tp_2, Verrucomicrobia_23_1_tp_2",0.525459057750461,0.312928293174376
"Bacteroidetes_1360_3","Bacteroidetes_919_3_tp_2, Ciliophora_298_1_tp_2, Picozoa_18_1_tp_2, Proteobacteria_22_1_tp_2, Proteobacteria_7231_1_tp_2, Proteobacteria_7289_1_tp_2, Proteobacteria_7787_1_tp_2, Rhodophyta_506_1_tp_2, Verrucomicrobia_18_1_tp_2",0.485682626472087,0.321332049093368
"Bacteroidetes_1360_3","Archaea_164_1_tp_2, Bacteroidetes_1167_1_tp_2, Bacteroidetes_1194_1_tp_2, Bacteroidetes_1360_1_tp_2, Cyanobacteria_85_1_tp_2, Dinoflagellata_1017_1_tp_2, Verrucomicrobia_18_1_tp_2, Verrucomicrobia_18_3_tp_2, Verrucomicrobia_18_4_tp_2",0.52401989227757,0.299643414864972
"Bacteroidetes_1360_3","Bacillariophyta_138_1_tp_2, Bacteroidetes_1360_4_tp_2, Bacteroidetes_918_4_tp_2, Chlorophyta__streptophyta_751_1_tp_2, Dinoflagellata_1098_1_tp_2, Proteobacteria_6384_1_tp_2, Proteobacteria_7166_1_tp_2, Proteobacteria_7787_1_tp_2, Sagenista_53_1_tp_2",0.360218998318851,0.330286138337364
"Bacteroidetes_1360_3","Bacteroidetes_1349_1_tp_2, Bacteroidetes_956_1_tp_2, Dinoflagellata_1658_1_tp_2, Proteobacteria_10168_1_tp_2, Proteobacteria_11155_1_tp_2, Proteobacteria_11210_2_tp_2, Proteobacteria_7166_1_tp_2, Proteobacteria_7230_2_tp_2, Proteobacteria_7983_2_tp_2",0.471355300110379,0.311781818635016
"Bacteroidetes_1360_3","Chrysophyceae_16_1_tp_2, Dinoflagellata_1758_1_tp_2, Proteobacteria_11120_1_tp_2, Proteobacteria_5436_1_tp_2, Proteobacteria_7289_1_tp_2, Proteobacteria_7295_1_tp_2, Proteobacteria_8177_1_tp_2, Radiolaria_104_1_tp_2, Verrucomicrobia_18_4_tp_2",0.445071954076728,0.320869424144096
"Bacteroidetes_1360_3","Bacteroidetes_129_2_tp_2, Bacteroidetes_919_2_tp_2, Cercozoa_291_1_tp_2, Chlorophyta__streptophyta_845_1_tp_2, Ciliophora_403_1_tp_2, Dinoflagellata_1198_1_tp_2, Dinoflagellata_1758_1_tp_2, Div_reps_1600_1_tp_2, Div_reps_1600_2_tp_2",0.521241326370835,0.309076551667715
"Bacteroidetes_1360_3","Chlorophyta__streptophyta_120_1_tp_2, Chrysophyceae_16_1_tp_2, Cyanobacteria_48_1_tp_2, Phylum_reps_1954_1_tp_2, Proteobacteria_7295_1_tp_2, Proteobacteria_7364_1_tp_2, Proteobacteria_7787_1_tp_2, Proteobacteria_9681_2_tp_2, Verrucomicrobia_22_1_tp_2",0.544881003498393,0.311366570152122
"Bacteroidetes_1360_3","Bacteroidetes_918_4_tp_2, Bacteroidetes_919_3_tp_2, Proteobacteria_11155_1_tp_2, Proteobacteria_11210_2_tp_2, Proteobacteria_5436_1_tp_2, Proteobacteria_7319_1_tp_2, Proteobacteria_7982_2_tp_2, Proteobacteria_8520_1_tp_2, Sagenista_61_1_tp_2",0.552261407349702,0.294093115659612
"Bacteroidetes_1360_3","Bacteroidetes_1224_1_tp_2, Ciliophora_298_1_tp_2, Cyanobacteria_65_1_tp_2, Dinoflagellata_1198_1_tp_2, Dinoflagellata_1496_1_tp_2, Picozoa_18_1_tp_2, Proteobacteria_11120_1_tp_2, Proteobacteria_9649_1_tp_2, Verrucomicrobia_22_2_tp_2",0.546122335485998,0.311285470823547
"Bacteroidetes_1360_3","Bacillariophyta_31_1_tp_2, Dinoflagellata_1098_1_tp_2, Dinoflagellata_1728_1_tp_2, Nitrospirae_9_1_tp_2, Proteobacteria_10168_1_tp_2, Proteobacteria_11431_1_tp_2, Proteobacteria_7289_1_tp_2, Proteobacteria_8520_1_tp_2, Verrucomicrobia_23_1_tp_2",0.411191659830755,0.31867052993449
"Bacteroidetes_1360_3","Chlorophyta__streptophyta_120_1_tp_2, Chlorophyta__streptophyta_845_1_tp_2, Dinoflagellata_1771_2_tp_2, Lobosa_11_1_tp_2, Perkinsea_33_1_tp_2, Proteobacteria_11155_2_tp_2, Proteobacteria_11428_1_tp_2, Proteobacteria_7230_3_tp_2, Verrucomicrobia_18_1_tp_2",0.60894712423917,0.279907485567591
"Bacteroidetes_1360_3","Cryptophyta_15_1_tp_2, Dinoflagellata_1542_1_tp_2, Dinoflagellata_1771_2_tp_2, Proteobacteria_5436_1_tp_2, Proteobacteria_6847_1_tp_2, Proteobacteria_7314_1_tp_2, Proteobacteria_7983_4_tp_2, Proteobacteria_7983_6_tp_2, Proteobacteria_8178_1_tp_2",0.458420094897747,0.309271269708417
"Bacteroidetes_1360_3","Bacteroidetes_1249_1_tp_2, Bacteroidetes_1264_1_tp_2, Cercozoa_22_1_tp_2, Dinoflagellata_124_1_tp_2, Div_reps_1600_2_tp_2, Proteobacteria_10091_1_tp_2, Proteobacteria_11210_1_tp_2, Proteobacteria_7295_1_tp_2, Proteobacteria_7314_1_tp_2",0.515611625348609,0.315322910821804
"Bacteroidetes_1360_3","Bacteroidetes_1360_1_tp_2, Cercozoa_291_1_tp_2, Chlorophyta__streptophyta_845_1_tp_2, Ciliophora_403_1_tp_2, Cryptophyta_108_1_tp_2, Dinoflagellata_1968_1_tp_2, Haptophyta_203_1_tp_2, Proteobacteria_11120_1_tp_2, Verrucomicrobia_18_2_tp_2",0.505273067717327,0.299053279271857
"Bacteroidetes_1360_3","Actinobacteria_410_2_tp_2, Bacteroidetes_1360_2_tp_2, Dinoflagellata_1014_1_tp_2, Dinoflagellata_1758_1_tp_2, Phylum_reps_2301_1_tp_2, Proteobacteria_7289_1_tp_2, Proteobacteria_8176_1_tp_2, Pseudofungi_43_1_tp_2, Radiolaria_104_1_tp_2",0.493089718399711,0.303526327928159
"Bacteroidetes_1360_3","Archaea_164_2_tp_2, Bacteroidetes_1360_1_tp_2, Ciliophora_234_1_tp_2, Dinoflagellata_1658_1_tp_2, Dinoflagellata_874_1_tp_2, Dinoflagellata_955_1_tp_2, Proteobacteria_11190_1_tp_2, Proteobacteria_7983_7_tp_2, Proteobacteria_7984_1_tp_2",0.538325459470925,0.29450348601669
"Bacteroidetes_1360_3","Bacteroidetes_1224_1_tp_2, Bacteroidetes_1235_1_tp_2, Bacteroidetes_129_1_tp_2, Cercozoa_22_1_tp_2, Dinoflagellata_124_1_tp_2, Proteobacteria_7314_1_tp_2, Proteobacteria_7364_1_tp_2, Proteobacteria_7787_1_tp_2, Proteobacteria_7983_3_tp_2",0.469175897309823,0.317575577054277
"Bacteroidetes_1360_3","Bacteroidetes_1166_1_tp_2, Bacteroidetes_1204_1_tp_2, Bacteroidetes_129_1_tp_2, Bacteroidetes_1360_5_tp_2, Ciliophora_234_1_tp_2, Proteobacteria_11210_1_tp_2, Proteobacteria_5461_1_tp_2, Proteobacteria_7982_2_tp_2, Proteobacteria_8185_1_tp_2",0.525642494801027,0.310536522333116
"Bacteroidetes_1360_3","Bacillariophyta_123_1_tp_2, Bacillariophyta_44_1_tp_2, Bacteroidetes_1151_1_tp_2, Bacteroidetes_919_3_tp_2, Cercozoa_23_1_tp_2, Cyanobacteria_73_1_tp_2, Dinoflagellata_1658_1_tp_2, Proteobacteria_9681_2_tp_2, Pseudofungi_43_1_tp_2",0.432827199686408,0.316002414256463
"Bacteroidetes_1360_3","Bacillariophyta_44_1_tp_2, Bacteroidetes_131_1_tp_2, Bacteroidetes_938_1_tp_2, Dinoflagellata_1496_1_tp_2, Dinoflagellata_1658_1_tp_2, Proteobacteria_10168_1_tp_2, Proteobacteria_5461_1_tp_2, Proteobacteria_7230_3_tp_2, Proteobacteria_9649_1_tp_2",0.460960829709338,0.313967546488479
"Bacteroidetes_1360_3","Bacillariophyta_138_1_tp_2, Bacteroidetes_918_3_tp_2, Bacteroidetes_919_3_tp_2, Dinoflagellata_1009_1_tp_2, Dinoflagellata_1711_1_tp_2, Planctomycetes_27_1_tp_2, Proteobacteria_7230_2_tp_2, Proteobacteria_7982_2_tp_2, Proteobacteria_7983_5_tp_2",0.507691307956936,0.303017906848497
"Bacteroidetes_1360_3","Bacteroidetes_1235_1_tp_2, Bacteroidetes_1360_2_tp_2, Ciliophora_280_1_tp_2, Cryptophyta_15_2_tp_2, Dinoflagellata_1198_1_tp_2, Haptophyta_203_1_tp_2, Proteobacteria_22_1_tp_2, Proteobacteria_7364_1_tp_2, Proteobacteria_7982_2_tp_2",0.426900197303711,0.317301673953079
"Bacteroidetes_1360_3","Actinobacteria_410_2_tp_2, Bacillariophyta_29_1_tp_2, Bacteroidetes_1178_1_tp_2, Cercozoa_22_1_tp_2, Ciliophora_1195_1_tp_2, Ciliophora_280_1_tp_2, Cryptophyta_15_2_tp_2, Dinoflagellata_1749_1_tp_2, Dinoflagellata_1968_1_tp_2",0.464130686113694,0.281400089002857
"Bacteroidetes_1360_3","Bacteroidetes_1194_1_tp_2, Bacteroidetes_938_1_tp_2, Ciliophora_234_1_tp_2, Cryptophyta_108_1_tp_2, Dinoflagellata_124_1_tp_2, Dinoflagellata_1555_1_tp_2, Picozoa_6_1_tp_2, Proteobacteria_11190_1_tp_2, temperature_tp_2",0.483245000064794,0.305131517747719
"Bacteroidetes_1360_3","Bacillariophyta_123_1_tp_2, Cryptophyta_15_1_tp_2, Div_reps_1600_2_tp_2, Proteobacteria_11210_2_tp_2, Proteobacteria_7289_1_tp_2, Proteobacteria_7314_1_tp_2, Proteobacteria_7983_4_tp_2, Rhodophyta_506_1_tp_2, Verrucomicrobia_18_3_tp_2",0.500852957306533,0.309120060389771
"Bacteroidetes_1360_3","Archaea_164_1_tp_2, Bacteroidetes_1360_1_tp_2, Bacteroidetes_918_3_tp_2, Bacteroidetes_919_1_tp_2, Cercozoa_395_1_tp_2, Proteobacteria_11190_1_tp_2, Proteobacteria_8177_1_tp_2, Proteobacteria_9681_1_tp_2, Verrucomicrobia_18_3_tp_2",0.558413458462098,0.291020749506163
"Bacteroidetes_1360_3","Actinobacteria_410_1_tp_2, Bacteroidetes_919_3_tp_2, Dinoflagellata_1010_1_tp_2, Dinoflagellata_1014_1_tp_2, Dinoflagellata_1658_1_tp_2, Dinoflagellata_1711_1_tp_2, Proteobacteria_6847_1_tp_2, Proteobacteria_7982_2_tp_2, Verrucomicrobia_18_3_tp_2",0.489840287268849,0.305037112650771
"Bacteroidetes_1360_3","Dinoflagellata_1098_1_tp_2, Dinoflagellata_1728_2_tp_2, Dinoflagellata_1968_1_tp_2, Proteobacteria_11429_4_tp_2, Proteobacteria_22_1_tp_2, Proteobacteria_7295_1_tp_2, Raphidophyceae_3_1_tp_2, temperature_tp_2, Verrucomicrobia_22_2_tp_2",0.485407360609199,0.303079703936627
"Bacteroidetes_1360_3","Bacillariophyta_123_1_tp_2, Bacteroidetes_956_1_tp_2, Dinoflagellata_1009_1_tp_2, Dinoflagellata_1542_1_tp_2, Dinoflagellata_1555_1_tp_2, Dinoflagellata_1769_1_tp_2, Proteobacteria_7787_1_tp_2, Proteobacteria_7982_1_tp_2, Proteobacteria_8175_1_tp_2",0.550894284511806,0.295749588243374
"Bacteroidetes_1360_3","Bacillariophyta_100_1_tp_2, Bacteroidetes_1360_2_tp_2, Bacteroidetes_918_2_tp_2, Chlorophyta__streptophyta_845_1_tp_2, Cyanobacteria_48_1_tp_2, Proteobacteria_11190_1_tp_2, Proteobacteria_11429_1_tp_2, Proteobacteria_7295_1_tp_2, Verrucomicrobia_18_3_tp_2",0.542704834394173,0.301036238670289
"Bacteroidetes_1360_3","Bacteroidetes_1166_1_tp_2, Chlorophyta__streptophyta_751_1_tp_2, Ciliophora_403_1_tp_2, Dinoflagellata_124_1_tp_2, Lobosa_11_1_tp_2, Phylum_reps_2301_1_tp_2, Proteobacteria_11429_4_tp_2, Proteobacteria_5436_1_tp_2, Proteobacteria_7983_6_tp_2",0.52352399689287,0.301025921459405
"Bacteroidetes_1360_3","Bacillariophyta_123_1_tp_2, Bacteroidetes_956_1_tp_2, Cercozoa_22_1_tp_2, Dinoflagellata_1771_1_tp_2, Dinoflagellata_955_1_tp_2, Picozoa_18_1_tp_2, Planctomycetes_27_1_tp_2, Proteobacteria_8178_1_tp_2, Raphidophyceae_3_1_tp_2",0.544141092514287,0.298806355052036
"Bacteroidetes_1360_3","Actinobacteria_410_2_tp_2, Bacteroidetes_129_1_tp_2, Dinoflagellata_1758_1_tp_2, Dinoflagellata_874_1_tp_2, Proteobacteria_11431_1_tp_2, Proteobacteria_7364_1_tp_2, Proteobacteria_7982_1_tp_2, Radiolaria_104_1_tp_2, Verrucomicrobia_18_4_tp_2",0.509194488448581,0.312362278306292
"Bacteroidetes_1360_3","Bacteroidetes_129_2_tp_2, Bacteroidetes_918_1_tp_2, Cercozoa_22_1_tp_2, Chlorophyta__streptophyta_848_1_tp_2, Dinoflagellata_1771_1_tp_2, Proteobacteria_11155_1_tp_2, Proteobacteria_7787_1_tp_2, Proteobacteria_8520_1_tp_2, Proteobacteria_9681_1_tp_2",0.512587181973635,0.300291733845839
"Bacteroidetes_1360_3","Bacillariophyta_123_1_tp_2, Bacteroidetes_1264_1_tp_2, Dinoflagellata_1542_1_tp_2, Dinoflagellata_1862_1_tp_2, Dinoflagellata_955_1_tp_2, Haptophyta_148_1_tp_2, Proteobacteria_11210_1_tp_2, Proteobacteria_6384_1_tp_2, Proteobacteria_7319_1_tp_2",0.462143150539029,0.32307441679164
"Bacteroidetes_1360_3","Archaea_164_1_tp_2, Bacteroidetes_1264_1_tp_2, Bacteroidetes_918_4_tp_2, Chlorophyta__streptophyta_732_1_tp_2, Chlorophyta__streptophyta_751_1_tp_2, Dinoflagellata_955_1_tp_2, Proteobacteria_5461_1_tp_2, Proteobacteria_6384_1_tp_2, Proteobacteria_7364_1_tp_2",0.487904031639494,0.303579185083159
"Bacteroidetes_1360_3","Ciliophora_1195_1_tp_2, Dinoflagellata_1010_1_tp_2, Dinoflagellata_982_1_tp_2, Picozoa_6_1_tp_2, Proteobacteria_10114_1_tp_2, Proteobacteria_10168_1_tp_2, Proteobacteria_11155_1_tp_2, Proteobacteria_11429_3_tp_2, Proteobacteria_7364_1_tp_2",0.54073967912425,0.247755396341703
"Bacteroidetes_1360_3","Archaea_164_2_tp_2, Bacillariophyta_44_1_tp_2, Bacteroidetes_1204_1_tp_2, Bacteroidetes_1264_1_tp_2, Ciliophora_1195_1_tp_2, Lobosa_11_1_tp_2, Proteobacteria_6847_1_tp_2, Proteobacteria_8177_1_tp_2, Verrucomicrobia_18_2_tp_2",0.515535895918351,0.308197238179909
"Bacteroidetes_1360_3","Bacillariophyta_31_1_tp_2, Bacteroidetes_1151_1_tp_2, Bacteroidetes_1204_1_tp_2, Bacteroidetes_918_5_tp_2, Ciliophora_298_1_tp_2, Div_reps_2942_1_tp_2, Verrucomicrobia_18_1_tp_2, Verrucomicrobia_18_3_tp_2, Verrucomicrobia_23_1_tp_2",0.552534341059526,0.327981728609898
"Bacteroidetes_1360_3","Cyanobacteria_65_1_tp_2, Cyanobacteria_85_1_tp_2, Dinoflagellata_874_1_tp_2, Phylum_reps_1954_1_tp_2, Planctomycetes_34_1_tp_2, Proteobacteria_11210_1_tp_2, Proteobacteria_7230_1_tp_2, Proteobacteria_7230_3_tp_2, Proteobacteria_8185_1_tp_2",0.510578438192638,0.313867945602018
"Bacteroidetes_1360_3","Actinobacteria_410_1_tp_2, Bacteroidetes_1360_5_tp_2, Dinoflagellata_874_1_tp_2, Div_reps_1600_1_tp_2, Picozoa_6_1_tp_2, Proteobacteria_7174_1_tp_2, Proteobacteria_7230_2_tp_2, Proteobacteria_8175_1_tp_2, Proteobacteria_8185_1_tp_2",0.506534635029103,0.309540491569599
"Bacteroidetes_1360_3","Archaea_164_1_tp_2, Bacillariophyta_123_1_tp_2, Bacillariophyta_31_1_tp_2, Bacteroidetes_1249_1_tp_2, Bacteroidetes_919_3_tp_2, Chlorophyta__streptophyta_833_1_tp_2, Dinoflagellata_1496_1_tp_2, Phylum_reps_1985_1_tp_2, Proteobacteria_7982_1_tp_2",0.574196828007512,0.29458383325745
"Bacteroidetes_1360_3","Bacteroidetes_1151_1_tp_2, Bacteroidetes_1194_1_tp_2, Cryptophyta_15_2_tp_2, Dictyochophyceae_6_1_tp_2, Dinoflagellata_1728_2_tp_2, Dinoflagellata_955_1_tp_2, Proteobacteria_7364_1_tp_2, Proteobacteria_7983_4_tp_2, Proteobacteria_9681_1_tp_2",0.559516842480759,0.288296606301322
"Bacteroidetes_1360_3","Archaea_164_1_tp_2, Bacteroidetes_1166_1_tp_2, Bacteroidetes_1249_1_tp_2, Planctomycetes_34_1_tp_2, Proteobacteria_11155_1_tp_2, Proteobacteria_11429_4_tp_2, Proteobacteria_7316_1_tp_2, Proteobacteria_7982_1_tp_2, Verrucomicrobia_18_1_tp_2",0.567414840661683,0.298203863146982
"Bacteroidetes_1360_3","Bacillariophyta_219_1_tp_2, Bacteroidetes_1167_1_tp_2, Bacteroidetes_1360_5_tp_2, Bacteroidetes_918_1_tp_2, Dinoflagellata_1010_1_tp_2, Dinoflagellata_1014_1_tp_2, Phylum_reps_2301_1_tp_2, Proteobacteria_7231_1_tp_2, Proteobacteria_8176_2_tp_2",0.515820473439876,0.30346968427906
"Bacteroidetes_1360_3","Bacillariophyta_138_1_tp_2, Bacteroidetes_129_2_tp_2, Cercozoa_395_1_tp_2, Cyanobacteria_65_1_tp_2, Div_reps_2942_1_tp_2, Proteobacteria_11210_2_tp_2, Proteobacteria_11429_2_tp_2, Proteobacteria_7983_5_tp_2, Proteobacteria_8175_1_tp_2",0.485045624023351,0.307463575723007
"Bacteroidetes_1360_3","Archaea_164_2_tp_2, Bacteroidetes_1235_1_tp_2, Bacteroidetes_1249_1_tp_2, Bacteroidetes_938_1_tp_2, Cryptophyta_15_1_tp_2, Dinoflagellata_1496_1_tp_2, Haptophyta_203_1_tp_2, Proteobacteria_10168_1_tp_2, Proteobacteria_7364_1_tp_2",0.509298418452451,0.303698450200669
"Bacteroidetes_1360_3","Bacteroidetes_1235_1_tp_2, Bacteroidetes_129_1_tp_2, Bacteroidetes_1360_2_tp_2, Bacteroidetes_1360_5_tp_2, Ciliophora_403_1_tp_2, Ciliophora_451_1_tp_2, Proteobacteria_7983_3_tp_2, Proteobacteria_9681_1_tp_2, temperature_tp_2",0.518074826931565,0.308490201235832
"Bacteroidetes_1360_3","Archaea_164_1_tp_2, Bacteroidetes_1186_1_tp_2, Chlorophyta__streptophyta_751_1_tp_2, Ciliophora_298_1_tp_2, Phylum_reps_1985_1_tp_2, Proteobacteria_5436_1_tp_2, Proteobacteria_7982_1_tp_2, Proteobacteria_7983_8_tp_2, Radiolaria_104_1_tp_2",0.532691709395965,0.299421542927146
"Bacteroidetes_1360_3","Bacillariophyta_138_1_tp_2, Bacillariophyta_29_1_tp_2, Dinoflagellata_1010_1_tp_2, Dinoflagellata_1728_1_tp_2, Proteobacteria_11210_2_tp_2, Proteobacteria_11429_3_tp_2, Proteobacteria_7174_1_tp_2, Proteobacteria_7983_2_tp_2, Verrucomicrobia_18_2_tp_2",0.408925465065913,0.324096395470547
"Bacteroidetes_1360_3","Bacteroidetes_1166_2_tp_2, Bacteroidetes_1349_1_tp_2, Bacteroidetes_1360_5_tp_2, Bacteroidetes_317_1_tp_2, Phylum_reps_1985_1_tp_2, Proteobacteria_10114_1_tp_2, Proteobacteria_11428_1_tp_2, Proteobacteria_7100_1_tp_2, Proteobacteria_8176_2_tp_2",0.54281094601438,0.301263706023699
"Bacteroidetes_1360_3","Archaea_164_2_tp_2, Bacteroidetes_918_5_tp_2, Chlorophyta__streptophyta_845_1_tp_2, Ciliophora_451_1_tp_2, Proteobacteria_10168_1_tp_2, Proteobacteria_11210_1_tp_2, Proteobacteria_11431_1_tp_2, Proteobacteria_9681_1_tp_2, Radiolaria_104_1_tp_2",0.541523509702897,0.311108212034076
"Bacteroidetes_1360_3","Bacillariophyta_31_1_tp_2, Bacillariophyta_44_1_tp_2, Ciliophora_451_1_tp_2, Phylum_reps_1985_1_tp_2, Picozoa_18_1_tp_2, Proteobacteria_7230_1_tp_2, Proteobacteria_9681_1_tp_2, Raphidophyceae_3_1_tp_2, Sagenista_53_1_tp_2",0.482855392767448,0.318874729072063
"Bacteroidetes_1360_3","Bacteroidetes_918_4_tp_2, Bacteroidetes_919_2_tp_2, Cercozoa_23_1_tp_2, Chlorophyta__streptophyta_751_1_tp_2, Dinoflagellata_982_1_tp_2, Proteobacteria_10114_1_tp_2, Proteobacteria_7174_1_tp_2, Proteobacteria_7983_7_tp_2, Verrucomicrobia_18_2_tp_2",0.501662015334671,0.309625010975453
"Bacteroidetes_1360_3","Archaea_164_1_tp_2, Bacteroidetes_1186_1_tp_2, Bacteroidetes_918_5_tp_2, Chlorophyta__streptophyta_732_1_tp_2, Dinoflagellata_1749_1_tp_2, Dinoflagellata_1769_1_tp_2, Proteobacteria_7230_2_tp_2, Proteobacteria_8185_1_tp_2, Proteobacteria_9681_2_tp_2",0.548498081878447,0.297326785700028
"Bacteroidetes_1360_3","Bacteroidetes_1167_1_tp_2, Bacteroidetes_1204_1_tp_2, Bacteroidetes_1224_1_tp_2, Bacteroidetes_918_2_tp_2, Div_reps_2942_1_tp_2, Phylum_reps_1954_1_tp_2, Proteobacteria_11431_1_tp_2, Proteobacteria_7230_1_tp_2, Proteobacteria_7313_1_tp_2",0.431449713630335,0.321366406880288
"Bacteroidetes_1360_3","Bacteroidetes_1360_2_tp_2, Bacteroidetes_938_1_tp_2, Cercozoa_23_1_tp_2, Ciliophora_403_1_tp_2, Cryptophyta_15_2_tp_2, Lobosa_11_1_tp_2, Proteobacteria_11429_4_tp_2, Proteobacteria_7313_1_tp_2, Proteobacteria_7983_6_tp_2",0.470314784496978,0.307504009109689
"Bacteroidetes_1360_3","Bacillariophyta_196_1_tp_2, Ciliophora_1195_1_tp_2, Dinoflagellata_1010_1_tp_2, Dinoflagellata_1728_1_tp_2, Lobosa_11_1_tp_2, Planctomycetes_61_1_tp_2, Proteobacteria_7166_1_tp_2, Proteobacteria_7289_1_tp_2, Rhodophyta_506_1_tp_2",0.419495319339742,0.318822972631529
"Bacteroidetes_1360_3","Bacteroidetes_1224_1_tp_2, Bacteroidetes_131_1_tp_2, Cryptophyta_15_1_tp_2, Katablepharidophyta_7_1_tp_2, Proteobacteria_10114_1_tp_2, Proteobacteria_6847_1_tp_2, Proteobacteria_7230_1_tp_2, Proteobacteria_8178_1_tp_2, Proteobacteria_9681_1_tp_2",0.480198833600235,0.305811735353989
"Bacteroidetes_1360_3","Bacteroidetes_129_1_tp_2, Bacteroidetes_938_1_tp_2, Chlorophyta__streptophyta_895_1_tp_2, Dinoflagellata_1771_1_tp_2, Proteobacteria_11155_2_tp_2, Proteobacteria_11429_4_tp_2, Proteobacteria_5436_1_tp_2, Proteobacteria_7313_1_tp_2, Proteobacteria_7983_5_tp_2",0.492044161602398,0.312269518256933
"Bacteroidetes_1360_3","Bacteroidetes_129_1_tp_2, Bacteroidetes_956_1_tp_2, Ciliophora_280_1_tp_2, Cyanobacteria_85_1_tp_2, Dinoflagellata_1009_1_tp_2, Dinoflagellata_1749_1_tp_2, Picozoa_18_1_tp_2, Proteobacteria_7166_1_tp_2, Verrucomicrobia_18_4_tp_2",0.509898869312348,0.311788274348389
"Bacteroidetes_1360_3","Bacteroidetes_1186_1_tp_2, Bacteroidetes_1264_1_tp_2, Chlorophyta__streptophyta_120_1_tp_2, Dinoflagellata_1014_1_tp_2, Dinoflagellata_1711_1_tp_2, Picozoa_6_1_tp_2, Proteobacteria_11190_1_tp_2, Proteobacteria_5436_1_tp_2, Proteobacteria_7100_1_tp_2",0.488261539184448,0.303279984219661
"Bacteroidetes_1360_3","Archaea_179_1_tp_2, Bacteroidetes_1249_1_tp_2, Bacteroidetes_1360_1_tp_2, Bacteroidetes_956_1_tp_2, Dinoflagellata_1769_1_tp_2, Planctomycetes_34_1_tp_2, Proteobacteria_8177_2_tp_2, Proteobacteria_8520_1_tp_2, Proteobacteria_9681_2_tp_2",0.516967609655714,0.312770866958996
"Bacteroidetes_1360_3","Bacillariophyta_100_1_tp_2, Cryptophyta_108_1_tp_2, Dinoflagellata_1555_1_tp_2, Dinoflagellata_1771_2_tp_2, Dinoflagellata_955_1_tp_2, Phylum_reps_1954_1_tp_2, Proteobacteria_5461_1_tp_2, Proteobacteria_7982_2_tp_2, Rhodophyta_506_1_tp_2",0.469008641459489,0.314958769956417
"Bacteroidetes_1360_3","Bacteroidetes_1166_2_tp_2, Dinoflagellata_1098_1_tp_2, Dinoflagellata_1758_1_tp_2, Proteobacteria_11155_1_tp_2, Proteobacteria_11431_2_tp_2, Proteobacteria_7230_2_tp_2, Proteobacteria_7364_1_tp_2, Proteobacteria_8185_1_tp_2, Verrucomicrobia_22_1_tp_2",0.526597501649541,0.30318140435739
"Bacteroidetes_1360_3","Bacteroidetes_1166_1_tp_2, Bacteroidetes_1224_1_tp_2, Chlorophyta__streptophyta_732_1_tp_2, Ciliophora_298_1_tp_2, Cryptophyta_108_1_tp_2, Cyanobacteria_73_1_tp_2, Div_reps_1600_1_tp_2, Lobosa_11_1_tp_2, Proteobacteria_9681_2_tp_2",0.506998236554495,0.312996316044452
"Bacteroidetes_1360_3","Bacteroidetes_919_1_tp_2, Chlorophyta__streptophyta_833_1_tp_2, Cryptophyta_15_2_tp_2, Dinoflagellata_1198_1_tp_2, Dinoflagellata_1728_1_tp_2, Dinoflagellata_1771_1_tp_2, Proteobacteria_22_1_tp_2, Proteobacteria_7364_1_tp_2, Proteobacteria_8520_1_tp_2",0.553754307796569,0.294036956799588
"Bacteroidetes_1360_3","Cryptophyta_15_1_tp_2, Dinoflagellata_1758_1_tp_2, Dinoflagellata_1771_2_tp_2, Planctomycetes_27_1_tp_2, Proteobacteria_6384_1_tp_2, Proteobacteria_7289_1_tp_2, Proteobacteria_7313_1_tp_2, Proteobacteria_7983_3_tp_2, Verrucomicrobia_18_4_tp_2",0.473190688724543,0.309700461101646
"Bacteroidetes_1360_3","Bacillariophyta_31_1_tp_2, Bacteroidetes_129_2_tp_2, Bacteroidetes_1349_1_tp_2, Bacteroidetes_919_2_tp_2, Cercozoa_395_1_tp_2, Dinoflagellata_1658_1_tp_2, Dinoflagellata_1711_1_tp_2, Proteobacteria_7319_1_tp_2, Proteobacteria_7983_2_tp_2",0.413790463876072,0.321751952985163
"Bacteroidetes_1360_3","Bacteroidetes_956_1_tp_2, Dinoflagellata_1728_2_tp_2, Dinoflagellata_874_1_tp_2, Picozoa_18_1_tp_2, Proteobacteria_10091_1_tp_2, Proteobacteria_11429_4_tp_2, Proteobacteria_5461_1_tp_2, Proteobacteria_7289_1_tp_2, Proteobacteria_7983_4_tp_2",0.479249877991278,0.309651851668525
"Bacteroidetes_1360_3","Bacillariophyta_100_1_tp_2, Bacillariophyta_123_1_tp_2, Bacteroidetes_131_1_tp_2, Bacteroidetes_1360_1_tp_2, Bacteroidetes_918_2_tp_2, Dinoflagellata_1968_1_tp_2, Proteobacteria_7983_2_tp_2, Verrucomicrobia_18_1_tp_2, Verrucomicrobia_18_2_tp_2",0.455502756817268,0.317750269544908
"Bacteroidetes_1360_3","Bacteroidetes_1167_1_tp_2, Bacteroidetes_1194_1_tp_2, Bacteroidetes_1235_1_tp_2, Ciliophora_1195_1_tp_2, Dinoflagellata_1014_1_tp_2, Lobosa_11_1_tp_2, Perkinsea_44_1_tp_2, Proteobacteria_7316_1_tp_2, Proteobacteria_8176_2_tp_2",0.435887343413567,0.314133625375002
"Bacteroidetes_1360_3","Bacteroidetes_1224_1_tp_2, Bacteroidetes_129_1_tp_2, Bacteroidetes_317_1_tp_2, Cercozoa_23_1_tp_2, Chlorophyta__streptophyta_833_1_tp_2, Katablepharidophyta_7_1_tp_2, Proteobacteria_10168_1_tp_2, Proteobacteria_7983_4_tp_2, Proteobacteria_7984_1_tp_2",0.55899642125518,0.304546181812021
"Bacteroidetes_1360_3","Bacillariophyta_196_1_tp_2, Bacteroidetes_131_1_tp_2, Bacteroidetes_956_1_tp_2, Dinoflagellata_1010_1_tp_2, Dinoflagellata_1658_1_tp_2, Proteobacteria_5436_1_tp_2, Proteobacteria_7364_1_tp_2, Proteobacteria_7983_1_tp_2, Sagenista_61_1_tp_2",0.449869815983648,0.315145302093243
"Bacteroidetes_1360_3","Bacteroidetes_1264_1_tp_2, Bacteroidetes_1349_1_tp_2, Bacteroidetes_1360_1_tp_2, Bacteroidetes_1360_5_tp_2, Bacteroidetes_919_3_tp_2, Ciliophora_403_1_tp_2, Dinoflagellata_1010_1_tp_2, Phylum_reps_1985_1_tp_2, Proteobacteria_9681_2_tp_2",0.523202882593058,0.306232051850981
"Bacteroidetes_1360_3","Dictyochophyceae_6_1_tp_2, Perkinsea_33_1_tp_2, Proteobacteria_11429_1_tp_2, Proteobacteria_7100_1_tp_2, Proteobacteria_7230_3_tp_2, Proteobacteria_7983_3_tp_2, Proteobacteria_7983_8_tp_2, Proteobacteria_8177_1_tp_2, Pseudofungi_43_1_tp_2",0.538568500957191,0.296848624477902
"Bacteroidetes_1360_3","Bacillariophyta_138_1_tp_2, Bacteroidetes_1194_1_tp_2, Bacteroidetes_131_1_tp_2, Cercozoa_23_1_tp_2, Chlorophyta__streptophyta_845_1_tp_2, Dinoflagellata_1968_1_tp_2, Proteobacteria_11429_2_tp_2, Proteobacteria_9681_2_tp_2, temperature_tp_2",0.512410247572583,0.302314288138236
"Bacteroidetes_1360_3","Bacteroidetes_1349_1_tp_2, Bacteroidetes_1360_1_tp_2, Chlorophyta__streptophyta_848_1_tp_2, Cryptophyta_108_1_tp_2, Dinoflagellata_1711_1_tp_2, Dinoflagellata_1728_2_tp_2, Dinoflagellata_1749_1_tp_2, Dinoflagellata_1769_1_tp_2, Dinoflagellata_982_1_tp_2",0.4056596944939,0.316890216670657
"Bacteroidetes_1360_3","Archaea_179_1_tp_2, Bacillariophyta_44_1_tp_2, Bacteroidetes_129_2_tp_2, Dinoflagellata_1711_1_tp_2, Dinoflagellata_1771_1_tp_2, Proteobacteria_11429_1_tp_2, Proteobacteria_11429_3_tp_2, Proteobacteria_11431_1_tp_2, Proteobacteria_7983_6_tp_2",0.506787938461981,0.311596307102571
"Bacteroidetes_1360_3","Bacteroidetes_1166_2_tp_2, Dinoflagellata_124_1_tp_2, Dinoflagellata_1793_1_tp_2, Proteobacteria_11429_2_tp_2, Sagenista_61_1_tp_2, temperature_tp_2, Verrucomicrobia_18_4_tp_2, Verrucomicrobia_22_1_tp_2, Verrucomicrobia_23_1_tp_2",0.403520473716055,0.328671226675647
"Bacteroidetes_1360_3","Archaea_179_1_tp_2, Bacillariophyta_31_1_tp_2, Bacteroidetes_1194_1_tp_2, Bacteroidetes_129_2_tp_2, Chlorophyta__streptophyta_751_1_tp_2, Dictyochophyceae_6_1_tp_2, Dinoflagellata_1555_1_tp_2, Dinoflagellata_1758_1_tp_2, Proteobacteria_11429_1_tp_2",0.586958498450905,0.28636061148749
"Bacteroidetes_1360_3","Actinobacteria_410_2_tp_2, Bacillariophyta_219_1_tp_2, Bacteroidetes_1178_1_tp_2, Bacteroidetes_938_1_tp_2, Phylum_reps_1985_1_tp_2, Proteobacteria_11210_1_tp_2, Proteobacteria_6847_1_tp_2, Proteobacteria_7983_2_tp_2, Proteobacteria_7983_7_tp_2",0.509656661324498,0.308592211251549
"Bacteroidetes_1360_3","Bacteroidetes_1166_2_tp_2, Bacteroidetes_1249_1_tp_2, Cercozoa_22_1_tp_2, Dinoflagellata_1749_1_tp_2, Proteobacteria_5436_1_tp_2, Proteobacteria_7174_1_tp_2, Proteobacteria_8177_2_tp_2, Sagenista_61_1_tp_2, Verrucomicrobia_18_1_tp_2",0.508274596527086,0.310438257355681
"Bacteroidetes_1360_3","Bacillariophyta_138_1_tp_2, Bacillariophyta_29_1_tp_2, Bacillariophyta_44_1_tp_2, Bacteroidetes_129_1_tp_2, Chlorophyta__streptophyta_845_1_tp_2, Ciliophora_403_1_tp_2, Perkinsea_33_1_tp_2, Proteobacteria_8178_1_tp_2, Pseudofungi_43_1_tp_2",0.513206883323235,0.302669079985405
"Bacteroidetes_1360_3","Archaea_179_1_tp_2, Bacteroidetes_1204_1_tp_2, Bacteroidetes_918_3_tp_2, Dinoflagellata_1014_1_tp_2, Dinoflagellata_1496_1_tp_2, Proteobacteria_11210_1_tp_2, Proteobacteria_11431_1_tp_2, Proteobacteria_7316_1_tp_2, Proteobacteria_7983_8_tp_2",0.52232076469819,0.303614911379429
"Bacteroidetes_1360_3","Bacteroidetes_317_1_tp_2, Bacteroidetes_918_1_tp_2, Bacteroidetes_938_1_tp_2, Picozoa_18_1_tp_2, Proteobacteria_11120_1_tp_2, Proteobacteria_11429_3_tp_2, Proteobacteria_7230_2_tp_2, Proteobacteria_9649_1_tp_2, Proteobacteria_9681_2_tp_2",0.448575474234398,0.324343366142187
"Bacteroidetes_1360_3","Bacillariophyta_100_1_tp_2, Bacteroidetes_1194_1_tp_2, Bacteroidetes_1235_1_tp_2, Dinoflagellata_1968_1_tp_2, Perkinsea_33_1_tp_2, Phylum_reps_1985_1_tp_2, Proteobacteria_11210_2_tp_2, Proteobacteria_6384_1_tp_2, Proteobacteria_7983_2_tp_2",0.463002804060598,0.309032090264315
"Bacteroidetes_1360_3","Bacteroidetes_1166_1_tp_2, Bacteroidetes_1249_1_tp_2, Bacteroidetes_919_2_tp_2, Cercozoa_22_1_tp_2, Dinoflagellata_1017_1_tp_2, Dinoflagellata_1658_1_tp_2, Haptophyta_148_1_tp_2, Picozoa_6_1_tp_2, Proteobacteria_8520_1_tp_2",0.350894723151016,0.326663476871086
"Bacteroidetes_1360_3","Actinobacteria_410_1_tp_2, Bacteroidetes_1151_1_tp_2, Bacteroidetes_938_1_tp_2, Cyanobacteria_65_1_tp_2, Cyanobacteria_85_1_tp_2, Dinoflagellata_1496_1_tp_2, Dinoflagellata_1758_1_tp_2, Nitrospirae_9_1_tp_2, Proteobacteria_7314_1_tp_2",0.523606732012751,0.29753701930321
"Bacteroidetes_1360_3","Archaea_164_1_tp_2, Bacteroidetes_131_1_tp_2, Cercozoa_22_1_tp_2, Ciliophora_451_1_tp_2, Dinoflagellata_1542_1_tp_2, Dinoflagellata_1658_1_tp_2, Proteobacteria_11429_2_tp_2, Proteobacteria_7174_1_tp_2, Proteobacteria_7983_8_tp_2",0.460043305948981,0.314242218136459
"Bacteroidetes_1360_3","Bacteroidetes_1151_1_tp_2, Cyanobacteria_48_1_tp_2, Dinoflagellata_1769_1_tp_2, Katablepharidophyta_7_1_tp_2, Phylum_reps_1985_1_tp_2, Phylum_reps_2301_1_tp_2, Proteobacteria_10168_1_tp_2, Verrucomicrobia_18_3_tp_2, Verrucomicrobia_23_1_tp_2",0.620861673382178,0.293037797336101
"Bacteroidetes_1360_3","Bacteroidetes_1204_1_tp_2, Bacteroidetes_1360_2_tp_2, Dinoflagellata_1771_1_tp_2, Dinoflagellata_955_1_tp_2, Planctomycetes_27_1_tp_2, Proteobacteria_7230_2_tp_2, Proteobacteria_7319_1_tp_2, Proteobacteria_7983_6_tp_2, Radiolaria_104_1_tp_2",0.485437509870599,0.316827066310757
"Bacteroidetes_1360_3","Bacteroidetes_1166_2_tp_2, Bacteroidetes_129_1_tp_2, Bacteroidetes_918_2_tp_2, Cyanobacteria_48_1_tp_2, Dinoflagellata_874_1_tp_2, Picozoa_6_1_tp_2, Proteobacteria_10091_1_tp_2, Proteobacteria_11155_2_tp_2, Proteobacteria_9681_1_tp_2",0.483454162092814,0.314787786755059
"Bacteroidetes_1360_3","Bacteroidetes_918_1_tp_2, Dinoflagellata_955_1_tp_2, Dinoflagellata_982_1_tp_2, Lobosa_11_1_tp_2, Planctomycetes_61_1_tp_2, Proteobacteria_10091_1_tp_2, Proteobacteria_10168_1_tp_2, Proteobacteria_11428_1_tp_2, Proteobacteria_11429_1_tp_2",0.565004518009123,0.291420252141206
"Bacteroidetes_1360_3","Bacteroidetes_129_1_tp_2, Chlorophyta__streptophyta_833_1_tp_2, Cryptophyta_15_1_tp_2, Dinoflagellata_1098_1_tp_2, Dinoflagellata_1771_2_tp_2, Div_reps_1600_1_tp_2, Perkinsea_44_1_tp_2, Phylum_reps_2301_1_tp_2, Proteobacteria_7983_3_tp_2",0.479783025712819,0.306551856687124
"Bacteroidetes_1360_3","Bacteroidetes_1235_1_tp_2, Cryptophyta_15_1_tp_2, Dinoflagellata_1009_1_tp_2, Dinoflagellata_874_1_tp_2, Dinoflagellata_982_1_tp_2, Proteobacteria_11431_2_tp_2, Proteobacteria_22_1_tp_2, Proteobacteria_7230_3_tp_2, Proteobacteria_7983_4_tp_2",0.395189050540165,0.321480828242357
"Bacteroidetes_1360_3","Archaea_164_2_tp_2, Bacillariophyta_138_1_tp_2, Bacteroidetes_1249_1_tp_2, Bacteroidetes_129_2_tp_2, Cryptophyta_15_2_tp_2, Proteobacteria_11431_1_tp_2, Proteobacteria_7983_2_tp_2, Proteobacteria_8177_2_tp_2, Verrucomicrobia_22_1_tp_2",0.535588330634466,0.305114454160825
"Bacteroidetes_1360_3","Bacillariophyta_138_1_tp_2, Bacteroidetes_129_2_tp_2, Dinoflagellata_1198_1_tp_2, Dinoflagellata_1555_1_tp_2, Dinoflagellata_1862_1_tp_2, Proteobacteria_11429_1_tp_2, Proteobacteria_11429_4_tp_2, Proteobacteria_11431_1_tp_2, Proteobacteria_11431_2_tp_2",0.55099033029248,0.29937170695649
"Bacteroidetes_1360_3","Bacillariophyta_219_1_tp_2, Ciliophora_451_1_tp_2, Cyanobacteria_48_1_tp_2, Dinoflagellata_1728_2_tp_2, Haptophyta_203_1_tp_2, Katablepharidophyta_7_1_tp_2, Proteobacteria_11210_2_tp_2, Proteobacteria_11431_1_tp_2, Proteobacteria_7984_1_tp_2",0.541640292999307,0.301041847265557
"Bacteroidetes_1360_3","Bacteroidetes_1178_1_tp_2, Bacteroidetes_1360_4_tp_2, Cercozoa_395_1_tp_2, Chlorophyta__streptophyta_895_1_tp_2, Ciliophora_234_1_tp_2, Cyanobacteria_85_1_tp_2, Dinoflagellata_1771_1_tp_2, Dinoflagellata_955_1_tp_2, Proteobacteria_7289_1_tp_2",0.494987432616003,0.303998257958106
"Bacteroidetes_1360_3","Bacillariophyta_31_1_tp_2, Bacteroidetes_1264_1_tp_2, Bacteroidetes_1360_1_tp_2, Ciliophora_1195_1_tp_2, Perkinsea_33_1_tp_2, Proteobacteria_11429_1_tp_2, Proteobacteria_7230_3_tp_2, Proteobacteria_7295_1_tp_2, Proteobacteria_7364_1_tp_2",0.563062327311775,0.298654133127808
"Bacteroidetes_1360_3","Archaea_179_1_tp_2, Bacillariophyta_29_1_tp_2, Bacillariophyta_44_1_tp_2, Bacteroidetes_1235_1_tp_2, Dinoflagellata_1862_1_tp_2, Perkinsea_33_1_tp_2, Perkinsea_44_1_tp_2, Picozoa_18_1_tp_2, Proteobacteria_10091_1_tp_2",0.43122296959251,0.318403029181538
"Bacteroidetes_1360_3","Dinoflagellata_1749_1_tp_2, Div_reps_1600_1_tp_2, Perkinsea_33_1_tp_2, Planctomycetes_61_1_tp_2, Proteobacteria_7100_1_tp_2, Proteobacteria_7787_1_tp_2, Proteobacteria_9649_1_tp_2, Verrucomicrobia_18_3_tp_2, Verrucomicrobia_18_4_tp_2",0.45336508740374,0.314478023746013
"Bacteroidetes_1360_3","Bacillariophyta_100_1_tp_2, Bacillariophyta_196_1_tp_2, Ciliophora_1195_1_tp_2, Dinoflagellata_1555_1_tp_2, Perkinsea_44_1_tp_2, Phylum_reps_2301_1_tp_2, Proteobacteria_11155_1_tp_2, Proteobacteria_6384_1_tp_2, Proteobacteria_7983_4_tp_2",0.506608791332159,0.301900926365804
"Bacteroidetes_1360_3","Archaea_164_1_tp_2, Bacteroidetes_1264_1_tp_2, Bacteroidetes_918_1_tp_2, Picozoa_6_1_tp_2, Proteobacteria_11429_4_tp_2, Proteobacteria_11431_2_tp_2, Proteobacteria_7983_6_tp_2, Proteobacteria_9649_1_tp_2, Sagenista_61_1_tp_2",0.500432705640156,0.30322873199387
"Bacteroidetes_1360_3","Bacteroidetes_129_1_tp_2, Bacteroidetes_918_3_tp_2, Chlorophyta__streptophyta_120_1_tp_2, Chlorophyta__streptophyta_845_1_tp_2, Dinoflagellata_1496_1_tp_2, Dinoflagellata_1793_1_tp_2, Dinoflagellata_1968_1_tp_2, Proteobacteria_11210_1_tp_2, Proteobacteria_7231_1_tp_2",0.531025505361416,0.297195951217398
"Bacteroidetes_1360_3","Bacteroidetes_1178_1_tp_2, Bacteroidetes_129_2_tp_2, Bacteroidetes_1360_2_tp_2, Cryptophyta_15_2_tp_2, Dinoflagellata_1496_1_tp_2, Proteobacteria_7231_1_tp_2, Proteobacteria_7319_1_tp_2, Proteobacteria_7983_4_tp_2, Proteobacteria_8185_1_tp_2",0.519714520805809,0.304767025188563
"Bacteroidetes_1360_3","Archaea_164_1_tp_2, Bacteroidetes_1204_1_tp_2, Cercozoa_23_1_tp_2, Cercozoa_395_1_tp_2, Ciliophora_298_1_tp_2, Dinoflagellata_1758_1_tp_2, Proteobacteria_7364_1_tp_2, Proteobacteria_7982_2_tp_2, Proteobacteria_7983_8_tp_2",0.602666257221862,0.292050888847898
"Bacteroidetes_1360_3","Bacteroidetes_1167_1_tp_2, Bacteroidetes_1204_1_tp_2, Dictyochophyceae_6_1_tp_2, Dinoflagellata_1496_1_tp_2, Perkinsea_33_1_tp_2, Planctomycetes_27_1_tp_2, Proteobacteria_7787_1_tp_2, Proteobacteria_8178_1_tp_2, Proteobacteria_9681_1_tp_2",0.489500881057795,0.305275876357971
"Bacteroidetes_1360_3","Archaea_179_1_tp_2, Bacteroidetes_1249_1_tp_2, Bacteroidetes_938_1_tp_2, Chlorophyta__streptophyta_895_1_tp_2, Chrysophyceae_16_1_tp_2, Cyanobacteria_73_1_tp_2, Phylum_reps_1954_1_tp_2, Proteobacteria_8175_1_tp_2, Verrucomicrobia_18_4_tp_2",0.553049294830049,0.30659967171506
"Bacteroidetes_1360_3","Bacteroidetes_1235_1_tp_2, Bacteroidetes_1360_5_tp_2, Dinoflagellata_1010_1_tp_2, Dinoflagellata_1017_1_tp_2, Dinoflagellata_982_1_tp_2, Div_reps_2942_1_tp_2, Katablepharidophyta_7_1_tp_2, Proteobacteria_11431_1_tp_2, Proteobacteria_7983_7_tp_2",0.497068894674336,0.30062192747609
"Bacteroidetes_1360_3","Bacteroidetes_1194_1_tp_2, Bacteroidetes_919_2_tp_2, Bacteroidetes_938_1_tp_2, Ciliophora_403_1_tp_2, Cryptophyta_15_1_tp_2, Dinoflagellata_1749_1_tp_2, Proteobacteria_11210_1_tp_2, Proteobacteria_7983_5_tp_2, Sagenista_53_1_tp_2",0.463326625053803,0.330600332392306
"Bacteroidetes_1360_3","Chlorophyta__streptophyta_120_1_tp_2, Dinoflagellata_1017_1_tp_2, Dinoflagellata_1771_2_tp_2, Dinoflagellata_874_1_tp_2, Phylum_reps_2301_1_tp_2, Picozoa_6_1_tp_2, Proteobacteria_11429_1_tp_2, Rhodophyta_506_1_tp_2, Verrucomicrobia_23_1_tp_2",0.540260882718498,0.297483387057421
"Bacteroidetes_1360_3","Bacillariophyta_219_1_tp_2, Bacteroidetes_1360_5_tp_2, Bacteroidetes_317_1_tp_2, Ciliophora_1195_1_tp_2, Dinoflagellata_1017_1_tp_2, Dinoflagellata_1098_1_tp_2, Dinoflagellata_1711_1_tp_2, Proteobacteria_7983_1_tp_2, Proteobacteria_7983_3_tp_2",0.456108216967612,0.312863080029399
"Bacteroidetes_1360_3","Bacteroidetes_1349_1_tp_2, Bacteroidetes_918_3_tp_2, Bacteroidetes_919_1_tp_2, Dinoflagellata_1968_1_tp_2, Div_reps_2942_1_tp_2, Proteobacteria_10168_1_tp_2, Proteobacteria_7313_1_tp_2, Proteobacteria_8176_1_tp_2, Proteobacteria_9681_1_tp_2",0.501740053503239,0.299722291101458
"Bacteroidetes_1360_3","Bacillariophyta_138_1_tp_2, Bacteroidetes_1166_2_tp_2, Bacteroidetes_919_1_tp_2, Bacteroidetes_956_1_tp_2, Ciliophora_403_1_tp_2, Dinoflagellata_1009_1_tp_2, Dinoflagellata_874_1_tp_2, Proteobacteria_7289_1_tp_2, Proteobacteria_9681_1_tp_2",0.498677313816157,0.310805701710548
"Bacteroidetes_1360_3","Bacillariophyta_31_1_tp_2, Bacteroidetes_1186_1_tp_2, Bacteroidetes_1264_1_tp_2, Cercozoa_395_1_tp_2, Chlorophyta__streptophyta_732_1_tp_2, Proteobacteria_11431_1_tp_2, Proteobacteria_7983_1_tp_2, Proteobacteria_7983_7_tp_2, Proteobacteria_8185_1_tp_2",0.49383001079217,0.305306415984496
"Bacteroidetes_1360_3","Actinobacteria_410_2_tp_2, Ciliophora_298_1_tp_2, Dictyochophyceae_6_1_tp_2, Dinoflagellata_1009_1_tp_2, Dinoflagellata_1769_1_tp_2, Picozoa_18_1_tp_2, Proteobacteria_22_1_tp_2, Proteobacteria_7983_8_tp_2, Proteobacteria_9649_1_tp_2",0.511238299614907,0.306977605237391
"Bacteroidetes_1360_3","Archaea_164_2_tp_2, Bacteroidetes_1194_1_tp_2, Cercozoa_291_1_tp_2, Cercozoa_395_1_tp_2, Dinoflagellata_1555_1_tp_2, Picozoa_18_1_tp_2, Proteobacteria_7983_3_tp_2, Proteobacteria_8175_1_tp_2, Rhodophyta_506_1_tp_2",0.608113744574201,0.282375874524623
"Bacteroidetes_1360_3","Bacillariophyta_29_1_tp_2, Bacteroidetes_918_4_tp_2, Bacteroidetes_919_3_tp_2, Ciliophora_234_1_tp_2, Dinoflagellata_1749_1_tp_2, Dinoflagellata_955_1_tp_2, Proteobacteria_7983_5_tp_2, Proteobacteria_7984_1_tp_2, temperature_tp_2",0.478401769514837,0.312146134516208
"Bacteroidetes_1360_3","Archaea_164_2_tp_2, Bacillariophyta_219_1_tp_2, Bacteroidetes_1249_1_tp_2, Dinoflagellata_1769_1_tp_2, Phylum_reps_1985_1_tp_2, Proteobacteria_11429_1_tp_2, Proteobacteria_22_1_tp_2, Proteobacteria_6384_1_tp_2, Proteobacteria_7314_1_tp_2",0.637177546154464,0.293189035339187
"Bacteroidetes_1360_3","Archaea_164_2_tp_2, Bacteroidetes_1360_5_tp_2, Dinoflagellata_1017_1_tp_2, Planctomycetes_27_1_tp_2, Proteobacteria_5436_1_tp_2, Proteobacteria_7983_7_tp_2, Proteobacteria_8175_1_tp_2, Pseudofungi_43_1_tp_2, Radiolaria_104_1_tp_2",0.537042774759159,0.295428826020231
"Bacteroidetes_1360_3","Bacteroidetes_1349_1_tp_2, Chlorophyta__streptophyta_751_1_tp_2, Phylum_reps_1985_1_tp_2, Proteobacteria_11210_1_tp_2, Proteobacteria_11429_4_tp_2, Proteobacteria_7174_1_tp_2, Proteobacteria_7289_1_tp_2, Proteobacteria_7983_1_tp_2, Proteobacteria_7983_2_tp_2",0.499694955547719,0.311987825765563
"Bacteroidetes_1360_3","Bacteroidetes_918_4_tp_2, Cryptophyta_15_2_tp_2, Dinoflagellata_1771_1_tp_2, Proteobacteria_10091_1_tp_2, Proteobacteria_10168_1_tp_2, Proteobacteria_11210_1_tp_2, Proteobacteria_7983_8_tp_2, Radiolaria_104_1_tp_2, temperature_tp_2",0.518084694433857,0.312451275053064
"Bacteroidetes_1360_3","Bacillariophyta_196_1_tp_2, Bacteroidetes_1349_1_tp_2, Cercozoa_22_1_tp_2, Chlorophyta__streptophyta_845_1_tp_2, Dinoflagellata_1017_1_tp_2, Dinoflagellata_1728_1_tp_2, Phylum_reps_1954_1_tp_2, Proteobacteria_11190_1_tp_2, Proteobacteria_9681_2_tp_2",0.494286038964258,0.30170873520048
"Bacteroidetes_1360_3","Cercozoa_395_1_tp_2, Dinoflagellata_1014_1_tp_2, Proteobacteria_11429_4_tp_2, Proteobacteria_5461_1_tp_2, Proteobacteria_6847_1_tp_2, Proteobacteria_7100_1_tp_2, Proteobacteria_7230_1_tp_2, Proteobacteria_7231_1_tp_2, Proteobacteria_7364_1_tp_2",0.548872268953071,0.290833676140225
"Bacteroidetes_1360_3","Bacillariophyta_44_1_tp_2, Bacteroidetes_1235_1_tp_2, Bacteroidetes_919_1_tp_2, Chlorophyta__streptophyta_845_1_tp_2, Chlorophyta__streptophyta_895_1_tp_2, Dinoflagellata_1017_1_tp_2, Dinoflagellata_1555_1_tp_2, Proteobacteria_11120_1_tp_2, Verrucomicrobia_18_3_tp_2",0.488156139141502,0.307617499222282
"Bacteroidetes_1360_3","Archaea_179_1_tp_2, Bacillariophyta_219_1_tp_2, Bacteroidetes_1194_1_tp_2, Chlorophyta__streptophyta_845_1_tp_2, Ciliophora_451_1_tp_2, Dinoflagellata_1017_1_tp_2, Dinoflagellata_982_1_tp_2, Proteobacteria_8176_1_tp_2, Proteobacteria_8177_2_tp_2",0.588060601284955,0.283003168851294
"Bacteroidetes_1360_3","Bacteroidetes_129_1_tp_2, Bacteroidetes_918_4_tp_2, Chlorophyta__streptophyta_732_1_tp_2, Chrysophyceae_16_1_tp_2, Dinoflagellata_1555_1_tp_2, Dinoflagellata_1769_1_tp_2, Dinoflagellata_1771_1_tp_2, Proteobacteria_11429_2_tp_2, Sagenista_61_1_tp_2",0.486490564465931,0.315879451039528
"Bacteroidetes_1360_3","Dinoflagellata_1728_1_tp_2, Dinoflagellata_1862_1_tp_2, Lobosa_11_1_tp_2, Nitrospirae_9_1_tp_2, Proteobacteria_7230_3_tp_2, Proteobacteria_7982_2_tp_2, Proteobacteria_7983_8_tp_2, Proteobacteria_8177_2_tp_2, Verrucomicrobia_22_2_tp_2",0.580445696650904,0.282234349473852
"Bacteroidetes_1360_3","Archaea_164_2_tp_2, Bacillariophyta_219_1_tp_2, Bacteroidetes_918_3_tp_2, Bacteroidetes_956_1_tp_2, Ciliophora_234_1_tp_2, Dinoflagellata_1010_1_tp_2, Picozoa_6_1_tp_2, Verrucomicrobia_18_1_tp_2, Verrucomicrobia_22_2_tp_2",0.498200130696701,0.302321759333917
"Bacteroidetes_1360_3","Bacteroidetes_1349_1_tp_2, Chlorophyta__streptophyta_848_1_tp_2, Cryptophyta_15_2_tp_2, Haptophyta_148_1_tp_2, Picozoa_6_1_tp_2, Proteobacteria_11429_3_tp_2, Proteobacteria_7174_1_tp_2, Proteobacteria_7289_1_tp_2, Proteobacteria_7983_8_tp_2",0.409606316311204,0.318295515114361
"Bacteroidetes_1360_3","Bacteroidetes_956_1_tp_2, Cercozoa_23_1_tp_2, Dinoflagellata_124_1_tp_2, Dinoflagellata_1555_1_tp_2, Div_reps_2942_1_tp_2, Proteobacteria_11210_2_tp_2, Proteobacteria_7983_2_tp_2, Proteobacteria_7983_6_tp_2, Proteobacteria_8520_1_tp_2",0.486685908559797,0.284330968392559
"Bacteroidetes_1360_3","Bacteroidetes_1166_1_tp_2, Bacteroidetes_956_1_tp_2, Chlorophyta__streptophyta_732_1_tp_2, Cyanobacteria_73_1_tp_2, Phylum_reps_1985_1_tp_2, Planctomycetes_61_1_tp_2, Proteobacteria_10114_1_tp_2, Proteobacteria_11155_2_tp_2, Proteobacteria_7983_8_tp_2",0.474725679550548,0.32039815771104
"Bacteroidetes_1360_3","Bacillariophyta_100_1_tp_2, Chlorophyta__streptophyta_845_1_tp_2, Dinoflagellata_1017_1_tp_2, Dinoflagellata_1658_1_tp_2, Perkinsea_33_1_tp_2, Picozoa_6_1_tp_2, Proteobacteria_7174_1_tp_2, Proteobacteria_8176_1_tp_2, Verrucomicrobia_18_2_tp_2",0.525240337648079,0.296929719505477
"Bacteroidetes_1360_3","Bacteroidetes_1194_1_tp_2, Dictyochophyceae_6_1_tp_2, Dinoflagellata_1555_1_tp_2, Perkinsea_44_1_tp_2, Picozoa_6_1_tp_2, Proteobacteria_11120_1_tp_2, Proteobacteria_11155_1_tp_2, Proteobacteria_7314_1_tp_2, Proteobacteria_7319_1_tp_2",0.514199442175345,0.300867247015908
"Bacteroidetes_1360_3","Bacteroidetes_129_1_tp_2, Chlorophyta__streptophyta_895_1_tp_2, Dictyochophyceae_6_1_tp_2, Dinoflagellata_1014_1_tp_2, Dinoflagellata_1017_1_tp_2, Dinoflagellata_1749_1_tp_2, Picozoa_18_1_tp_2, Proteobacteria_11155_1_tp_2, Proteobacteria_7166_1_tp_2",0.4694455323782,0.292333684092553
"Bacteroidetes_1360_3","Chlorophyta__streptophyta_732_1_tp_2, Ciliophora_1195_1_tp_2, Cyanobacteria_73_1_tp_2, Dinoflagellata_1014_1_tp_2, Dinoflagellata_1771_1_tp_2, Proteobacteria_7314_1_tp_2, Proteobacteria_7364_1_tp_2, Proteobacteria_7983_5_tp_2, Pseudofungi_43_1_tp_2",0.446796192748882,0.332588712698142
"Bacteroidetes_1360_3","Bacteroidetes_1151_1_tp_2, Bacteroidetes_129_1_tp_2, Chlorophyta__streptophyta_751_1_tp_2, Cryptophyta_15_1_tp_2, Dinoflagellata_124_1_tp_2, Proteobacteria_10168_1_tp_2, Proteobacteria_8185_1_tp_2, Radiolaria_104_1_tp_2, Raphidophyceae_3_1_tp_2",0.514557990320755,0.303615578303879
"Bacteroidetes_1360_3","Bacteroidetes_1249_1_tp_2, Bacteroidetes_1360_5_tp_2, Bacteroidetes_918_4_tp_2, Bacteroidetes_919_2_tp_2, Dinoflagellata_1658_1_tp_2, Proteobacteria_6384_1_tp_2, Proteobacteria_7364_1_tp_2, Proteobacteria_7983_7_tp_2, temperature_tp_2",0.526789590351637,0.3129755302274
"Bacteroidetes_1360_3","Bacteroidetes_129_2_tp_2, Dinoflagellata_1198_1_tp_2, Phylum_reps_1985_1_tp_2, Proteobacteria_10114_1_tp_2, Proteobacteria_11210_2_tp_2, Proteobacteria_11431_2_tp_2, Proteobacteria_7230_1_tp_2, Proteobacteria_7289_1_tp_2, Proteobacteria_8175_1_tp_2",0.50864696549016,0.30259025100838
"Bacteroidetes_1360_3","Actinobacteria_410_1_tp_2, Bacteroidetes_1264_1_tp_2, Bacteroidetes_129_1_tp_2, Bacteroidetes_1349_1_tp_2, Bacteroidetes_918_2_tp_2, Cyanobacteria_65_1_tp_2, Dinoflagellata_1014_1_tp_2, Raphidophyceae_3_1_tp_2, Verrucomicrobia_18_2_tp_2",0.501194905083462,0.306268670901569
"Bacteroidetes_1360_3","Bacillariophyta_138_1_tp_2, Bacteroidetes_131_1_tp_2, Cercozoa_22_1_tp_2, Phylum_reps_1954_1_tp_2, Proteobacteria_11210_2_tp_2, Proteobacteria_7174_1_tp_2, Proteobacteria_7319_1_tp_2, Proteobacteria_8177_1_tp_2, Raphidophyceae_3_1_tp_2",0.459293010610604,0.316887097323871
"Bacteroidetes_1360_3","Archaea_164_1_tp_2, Bacteroidetes_1167_1_tp_2, Chlorophyta__streptophyta_120_1_tp_2, Dinoflagellata_1771_2_tp_2, Proteobacteria_11155_1_tp_2, Proteobacteria_7174_1_tp_2, Proteobacteria_7230_1_tp_2, Proteobacteria_7787_1_tp_2, Proteobacteria_8178_1_tp_2",0.576460381973373,0.293424140665452
"Bacteroidetes_1360_3","Archaea_179_1_tp_2, Bacteroidetes_1167_1_tp_2, Bacteroidetes_1249_1_tp_2, Cyanobacteria_48_1_tp_2, Proteobacteria_6847_1_tp_2, Proteobacteria_7100_1_tp_2, Proteobacteria_7983_8_tp_2, Proteobacteria_8175_1_tp_2, Sagenista_53_1_tp_2",0.399328625629846,0.323954785933445
"Bacteroidetes_1360_3","Bacteroidetes_1204_1_tp_2, Bacteroidetes_956_1_tp_2, Chlorophyta__streptophyta_120_1_tp_2, Dictyochophyceae_6_1_tp_2, Dinoflagellata_1793_1_tp_2, Phylum_reps_1954_1_tp_2, Proteobacteria_7983_2_tp_2, Verrucomicrobia_18_2_tp_2, Verrucomicrobia_18_3_tp_2",0.566452807101607,0.308781905658497
"Bacteroidetes_1360_3","Chlorophyta__streptophyta_845_1_tp_2, Dinoflagellata_1658_1_tp_2, Phylum_reps_2301_1_tp_2, Proteobacteria_7982_2_tp_2, Proteobacteria_8520_1_tp_2, Proteobacteria_9681_1_tp_2, Sagenista_53_1_tp_2, Verrucomicrobia_18_3_tp_2, Verrucomicrobia_22_2_tp_2",0.501498919821416,0.301578024221515
"Bacteroidetes_1360_3","Bacillariophyta_219_1_tp_2, Bacteroidetes_1204_1_tp_2, Dinoflagellata_1009_1_tp_2, Dinoflagellata_1749_1_tp_2, Div_reps_1600_2_tp_2, Proteobacteria_7982_2_tp_2, Proteobacteria_8176_1_tp_2, Sagenista_61_1_tp_2, Verrucomicrobia_18_4_tp_2",0.561213024970246,0.295722974765133
"Bacteroidetes_1360_3","Chlorophyta__streptophyta_120_1_tp_2, Dinoflagellata_1017_1_tp_2, Planctomycetes_27_1_tp_2, Proteobacteria_11429_4_tp_2, Proteobacteria_7319_1_tp_2, Proteobacteria_7983_6_tp_2, Proteobacteria_8175_1_tp_2, Pseudofungi_43_1_tp_2, Sagenista_53_1_tp_2",0.499189080106609,0.304567878900624
"Bacteroidetes_1360_3","Archaea_164_1_tp_2, Bacteroidetes_1167_1_tp_2, Bacteroidetes_129_1_tp_2, Bacteroidetes_1360_1_tp_2, Dinoflagellata_1555_1_tp_2, Phylum_reps_1954_1_tp_2, Proteobacteria_11210_1_tp_2, Proteobacteria_5436_1_tp_2, Verrucomicrobia_22_2_tp_2",0.581840512464005,0.298918928773817
"Bacteroidetes_1360_3","Bacteroidetes_1204_1_tp_2, Bacteroidetes_918_2_tp_2, Ciliophora_234_1_tp_2, Haptophyta_148_1_tp_2, Katablepharidophyta_7_1_tp_2, Phylum_reps_2301_1_tp_2, Proteobacteria_11120_1_tp_2, Proteobacteria_11210_2_tp_2, Sagenista_61_1_tp_2",0.475040307133393,0.309885126600136
"Bacteroidetes_1360_3","Actinobacteria_410_2_tp_2, Bacillariophyta_123_1_tp_2, Cryptophyta_15_2_tp_2, Dinoflagellata_1009_1_tp_2, Dinoflagellata_1198_1_tp_2, Dinoflagellata_1728_1_tp_2, Proteobacteria_7313_1_tp_2, Proteobacteria_7983_2_tp_2, Proteobacteria_7983_6_tp_2",0.469932954791796,0.307655425142216
"Bacteroidetes_1360_3","Bacteroidetes_918_5_tp_2, Chlorophyta__streptophyta_732_1_tp_2, Chlorophyta__streptophyta_751_1_tp_2, Ciliophora_403_1_tp_2, Proteobacteria_10168_1_tp_2, Proteobacteria_7295_1_tp_2, Proteobacteria_7314_1_tp_2, Proteobacteria_8178_1_tp_2, Rhodophyta_506_1_tp_2",0.513482107758993,0.308566181596215
"Bacteroidetes_1360_3","Bacteroidetes_1204_1_tp_2, Bacteroidetes_1224_1_tp_2, Bacteroidetes_918_2_tp_2, Cercozoa_395_1_tp_2, Proteobacteria_7231_1_tp_2, Proteobacteria_7289_1_tp_2, Proteobacteria_7319_1_tp_2, Proteobacteria_7984_1_tp_2, Proteobacteria_8176_1_tp_2",0.453123376568393,0.319921773409903
"Bacteroidetes_1360_3","Bacteroidetes_1349_1_tp_2, Bacteroidetes_1360_2_tp_2, Bacteroidetes_1360_5_tp_2, Dictyochophyceae_6_1_tp_2, Dinoflagellata_1711_1_tp_2, Dinoflagellata_1758_1_tp_2, Dinoflagellata_874_1_tp_2, Picozoa_6_1_tp_2, Proteobacteria_10091_1_tp_2",0.536801548013719,0.307521481271267
"Bacteroidetes_1360_3","Bacillariophyta_123_1_tp_2, Bacteroidetes_317_1_tp_2, Cyanobacteria_85_1_tp_2, Dinoflagellata_1014_1_tp_2, Div_reps_1600_1_tp_2, Proteobacteria_11431_2_tp_2, Proteobacteria_5461_1_tp_2, Proteobacteria_8176_2_tp_2, Radiolaria_104_1_tp_2",0.509551875720882,0.30238588923503
"Bacteroidetes_1360_3","Bacteroidetes_1166_1_tp_2, Bacteroidetes_1360_4_tp_2, Ciliophora_234_1_tp_2, Dinoflagellata_982_1_tp_2, Lobosa_11_1_tp_2, Phylum_reps_1954_1_tp_2, Proteobacteria_5461_1_tp_2, Proteobacteria_8176_2_tp_2, Sagenista_61_1_tp_2",0.500242406219695,0.301422308522688
"Bacteroidetes_1360_3","Actinobacteria_410_1_tp_2, Bacteroidetes_1167_1_tp_2, Bacteroidetes_1235_1_tp_2, Ciliophora_451_1_tp_2, Cyanobacteria_65_1_tp_2, Dinoflagellata_1711_1_tp_2, Dinoflagellata_955_1_tp_2, Proteobacteria_7983_5_tp_2, Verrucomicrobia_23_1_tp_2",0.452835414059249,0.31782440204533
"Bacteroidetes_1360_3","Bacillariophyta_31_1_tp_2, Bacteroidetes_131_1_tp_2, Bacteroidetes_1349_1_tp_2, Dictyochophyceae_6_1_tp_2, Dinoflagellata_1017_1_tp_2, Dinoflagellata_124_1_tp_2, Dinoflagellata_1542_1_tp_2, Dinoflagellata_1769_1_tp_2, Proteobacteria_6847_1_tp_2",0.450590335176967,0.313158502611473
"Bacteroidetes_1360_3","Bacteroidetes_1178_1_tp_2, Bacteroidetes_1349_1_tp_2, Cercozoa_22_1_tp_2, Ciliophora_451_1_tp_2, Katablepharidophyta_7_1_tp_2, Proteobacteria_7174_1_tp_2, Proteobacteria_7289_1_tp_2, Proteobacteria_7984_1_tp_2, Proteobacteria_8520_1_tp_2",0.452098074638125,0.317589399050923
"Bacteroidetes_1360_3","Ciliophora_403_1_tp_2, Cyanobacteria_85_1_tp_2, Dinoflagellata_1009_1_tp_2, Proteobacteria_7295_1_tp_2, Proteobacteria_7313_1_tp_2, Proteobacteria_7314_1_tp_2, Proteobacteria_8177_2_tp_2, Proteobacteria_9649_1_tp_2, Raphidophyceae_3_1_tp_2",0.461112286394271,0.310034470959273
"Bacteroidetes_1360_3","Bacillariophyta_100_1_tp_2, Bacteroidetes_1249_1_tp_2, Bacteroidetes_918_2_tp_2, Chlorophyta__streptophyta_751_1_tp_2, Chrysophyceae_16_1_tp_2, Dinoflagellata_1198_1_tp_2, Dinoflagellata_874_1_tp_2, Proteobacteria_5461_1_tp_2, Proteobacteria_8178_1_tp_2",0.515428340182868,0.319628263331539
"Bacteroidetes_1360_3","Bacillariophyta_100_1_tp_2, Bacteroidetes_1151_1_tp_2, Chlorophyta__streptophyta_751_1_tp_2, Chrysophyceae_16_1_tp_2, Cyanobacteria_48_1_tp_2, Dinoflagellata_1542_1_tp_2, Dinoflagellata_1728_1_tp_2, Picozoa_18_1_tp_2, Proteobacteria_11429_3_tp_2",0.521900788972413,0.310759746529392
"Bacteroidetes_1360_3","Bacteroidetes_1249_1_tp_2, Bacteroidetes_129_2_tp_2, Bacteroidetes_317_1_tp_2, Bacteroidetes_918_5_tp_2, Ciliophora_1195_1_tp_2, Dinoflagellata_1542_1_tp_2, Haptophyta_203_1_tp_2, Proteobacteria_10114_1_tp_2, Pseudofungi_43_1_tp_2",0.461975222539519,0.316878413990596
"Bacteroidetes_1360_3","Bacteroidetes_1264_1_tp_2, Bacteroidetes_317_1_tp_2, Lobosa_11_1_tp_2, Nitrospirae_9_1_tp_2, Picozoa_6_1_tp_2, Planctomycetes_27_1_tp_2, Proteobacteria_10114_1_tp_2, Radiolaria_104_1_tp_2, Rhodophyta_506_1_tp_2",0.495003852984302,0.311670961793572
"Bacteroidetes_1360_3","Actinobacteria_410_2_tp_2, Bacteroidetes_1264_1_tp_2, Bacteroidetes_918_3_tp_2, Chlorophyta__streptophyta_120_1_tp_2, Ciliophora_298_1_tp_2, Cryptophyta_15_2_tp_2, Katablepharidophyta_7_1_tp_2, Planctomycetes_27_1_tp_2, Proteobacteria_7174_1_tp_2",0.594752928659976,0.291678790874219
"Bacteroidetes_1360_3","Bacteroidetes_1178_1_tp_2, Bacteroidetes_1264_1_tp_2, Bacteroidetes_918_3_tp_2, Ciliophora_1195_1_tp_2, Ciliophora_451_1_tp_2, Phylum_reps_1985_1_tp_2, Proteobacteria_10168_1_tp_2, Proteobacteria_11210_2_tp_2, Proteobacteria_5461_1_tp_2",0.524772687589947,0.303556670481956
"Bacteroidetes_1360_3","Actinobacteria_410_2_tp_2, Bacteroidetes_1194_1_tp_2, Bacteroidetes_129_1_tp_2, Cercozoa_22_1_tp_2, Cyanobacteria_73_1_tp_2, Dinoflagellata_1771_1_tp_2, Perkinsea_44_1_tp_2, Picozoa_18_1_tp_2, Proteobacteria_11429_1_tp_2",0.519467088029785,0.279509234078531
"Bacteroidetes_1360_3","Archaea_179_1_tp_2, Bacteroidetes_1235_1_tp_2, Bacteroidetes_919_3_tp_2, Cercozoa_395_1_tp_2, Dinoflagellata_1014_1_tp_2, Dinoflagellata_1728_1_tp_2, Proteobacteria_7316_1_tp_2, Proteobacteria_7984_1_tp_2, Verrucomicrobia_23_1_tp_2",0.473471353572011,0.309635021858343
"Bacteroidetes_1360_3","Bacteroidetes_1264_1_tp_2, Cryptophyta_15_1_tp_2, Cyanobacteria_73_1_tp_2, Dinoflagellata_1010_1_tp_2, Proteobacteria_11429_1_tp_2, Proteobacteria_11429_2_tp_2, Proteobacteria_11431_2_tp_2, Proteobacteria_7983_7_tp_2, Verrucomicrobia_18_4_tp_2",0.513026238026832,0.306787353187605
"Bacteroidetes_1360_3","Bacillariophyta_29_1_tp_2, Bacteroidetes_1151_1_tp_2, Bacteroidetes_1264_1_tp_2, Ciliophora_1195_1_tp_2, Cryptophyta_15_1_tp_2, Dinoflagellata_1098_1_tp_2, Lobosa_11_1_tp_2, Proteobacteria_22_1_tp_2, Proteobacteria_8185_1_tp_2",0.417004425572163,0.315590817971751
"Bacteroidetes_1360_3","Bacillariophyta_123_1_tp_2, Bacillariophyta_138_1_tp_2, Bacteroidetes_1360_5_tp_2, Chlorophyta__streptophyta_751_1_tp_2, Cyanobacteria_48_1_tp_2, Dinoflagellata_1017_1_tp_2, Div_reps_2942_1_tp_2, Proteobacteria_7230_2_tp_2, Verrucomicrobia_18_1_tp_2",0.465679701491391,0.320043233935585
"Bacteroidetes_1360_3","Bacteroidetes_919_3_tp_2, Chlorophyta__streptophyta_845_1_tp_2, Dinoflagellata_982_1_tp_2, Perkinsea_33_1_tp_2, Planctomycetes_27_1_tp_2, Proteobacteria_10091_1_tp_2, Proteobacteria_6384_1_tp_2, Proteobacteria_7295_1_tp_2, Pseudofungi_43_1_tp_2",0.542470002264821,0.294717523760213
"Bacteroidetes_1360_3","Bacteroidetes_317_1_tp_2, Bacteroidetes_956_1_tp_2, Chlorophyta__streptophyta_732_1_tp_2, Chlorophyta__streptophyta_845_1_tp_2, Ciliophora_1195_1_tp_2, Dictyochophyceae_6_1_tp_2, Proteobacteria_10168_1_tp_2, Proteobacteria_11190_1_tp_2, Proteobacteria_7982_2_tp_2",0.495608709493066,0.302902892048233
"Bacteroidetes_1360_3","Bacteroidetes_1186_1_tp_2, Dinoflagellata_1017_1_tp_2, Dinoflagellata_1711_1_tp_2, Dinoflagellata_1771_1_tp_2, Proteobacteria_11429_3_tp_2, Proteobacteria_7982_1_tp_2, Proteobacteria_7983_7_tp_2, Proteobacteria_8178_1_tp_2, Proteobacteria_8185_1_tp_2",0.517334670967379,0.297426268842756
"Bacteroidetes_1360_3","Bacteroidetes_129_2_tp_2, Bacteroidetes_1349_1_tp_2, Bacteroidetes_918_4_tp_2, Cercozoa_22_1_tp_2, Cercozoa_395_1_tp_2, Dinoflagellata_124_1_tp_2, Proteobacteria_10114_1_tp_2, Proteobacteria_11210_1_tp_2, Proteobacteria_7983_6_tp_2",0.522911897766736,0.302537152725543
"Bacteroidetes_1360_3","Bacillariophyta_100_1_tp_2, Bacteroidetes_1194_1_tp_2, Bacteroidetes_1360_2_tp_2, Bacteroidetes_1360_4_tp_2, Cyanobacteria_48_1_tp_2, Proteobacteria_7230_2_tp_2, Proteobacteria_7295_1_tp_2, Proteobacteria_7313_1_tp_2, Proteobacteria_7983_2_tp_2",0.559642801071235,0.30807220186049
"Bacteroidetes_1360_3","Bacteroidetes_1249_1_tp_2, Bacteroidetes_131_1_tp_2, Cyanobacteria_85_1_tp_2, Dinoflagellata_1014_1_tp_2, Dinoflagellata_1711_1_tp_2, Dinoflagellata_1758_1_tp_2, Proteobacteria_5461_1_tp_2, Proteobacteria_7319_1_tp_2, Proteobacteria_8178_1_tp_2",0.456885401158173,0.308786364587605
"Bacteroidetes_1360_3","Bacteroidetes_938_1_tp_2, Chlorophyta__streptophyta_833_1_tp_2, Dinoflagellata_1017_1_tp_2, Dinoflagellata_1198_1_tp_2, Dinoflagellata_1728_1_tp_2, Proteobacteria_7174_1_tp_2, Proteobacteria_7230_3_tp_2, Proteobacteria_7316_1_tp_2, Proteobacteria_8177_1_tp_2",0.516511662110991,0.300022027331918
"Bacteroidetes_1360_3","Bacteroidetes_1166_1_tp_2, Bacteroidetes_1178_1_tp_2, Bacteroidetes_919_2_tp_2, Dinoflagellata_1555_1_tp_2, Dinoflagellata_1769_1_tp_2, Dinoflagellata_1771_2_tp_2, Proteobacteria_11190_1_tp_2, Proteobacteria_22_1_tp_2, Proteobacteria_7983_8_tp_2",0.508696266537364,0.312962262445662
"Bacteroidetes_1360_3","Archaea_164_1_tp_2, Bacteroidetes_1151_1_tp_2, Bacteroidetes_129_2_tp_2, Chrysophyceae_16_1_tp_2, Ciliophora_280_1_tp_2, Dinoflagellata_1793_1_tp_2, Proteobacteria_7100_1_tp_2, Proteobacteria_7983_2_tp_2, Verrucomicrobia_23_1_tp_2",0.494676615166458,0.312740916461276
"Bacteroidetes_1360_3","Actinobacteria_410_1_tp_2, Bacteroidetes_1360_5_tp_2, Cryptophyta_15_2_tp_2, Planctomycetes_34_1_tp_2, Proteobacteria_10114_1_tp_2, Proteobacteria_11210_2_tp_2, Proteobacteria_7982_2_tp_2, Verrucomicrobia_18_1_tp_2, Verrucomicrobia_22_2_tp_2",0.452835306686548,0.311162056725306
"Bacteroidetes_1360_3","Actinobacteria_410_1_tp_2, Archaea_179_1_tp_2, Bacteroidetes_1151_1_tp_2, Cyanobacteria_85_1_tp_2, Dinoflagellata_1758_1_tp_2, Dinoflagellata_955_1_tp_2, Dinoflagellata_982_1_tp_2, Perkinsea_33_1_tp_2, Proteobacteria_7313_1_tp_2",0.500260353617712,0.300674662850691
"Bacteroidetes_1360_3","Actinobacteria_410_1_tp_2, Bacteroidetes_1224_1_tp_2, Dinoflagellata_1758_1_tp_2, Nitrospirae_9_1_tp_2, Proteobacteria_7983_1_tp_2, Proteobacteria_8176_2_tp_2, Proteobacteria_8177_1_tp_2, Proteobacteria_8520_1_tp_2, Raphidophyceae_3_1_tp_2",0.544552633237471,0.303210614747952
"Bacteroidetes_1360_3","Bacteroidetes_1166_2_tp_2, Bacteroidetes_1360_4_tp_2, Chlorophyta__streptophyta_751_1_tp_2, Ciliophora_403_1_tp_2, Perkinsea_33_1_tp_2, Planctomycetes_27_1_tp_2, Planctomycetes_61_1_tp_2, Proteobacteria_8178_1_tp_2, Raphidophyceae_3_1_tp_2",0.411821410761748,0.320236390194677
"Bacteroidetes_1360_3","Archaea_164_2_tp_2, Bacteroidetes_918_4_tp_2, Cercozoa_22_1_tp_2, Cryptophyta_108_1_tp_2, Haptophyta_148_1_tp_2, Proteobacteria_7289_1_tp_2, Proteobacteria_7982_2_tp_2, Proteobacteria_7983_2_tp_2, Pseudofungi_43_1_tp_2",0.515160733919937,0.297372297550048
"Bacteroidetes_1360_3","Bacillariophyta_123_1_tp_2, Bacteroidetes_956_1_tp_2, Chlorophyta__streptophyta_848_1_tp_2, Phylum_reps_1985_1_tp_2, Phylum_reps_2301_1_tp_2, Proteobacteria_11155_1_tp_2, Proteobacteria_5461_1_tp_2, Proteobacteria_9681_1_tp_2, Verrucomicrobia_18_3_tp_2",0.599667008706114,0.287547612215914
"Bacteroidetes_1360_3","Bacillariophyta_196_1_tp_2, Bacillariophyta_29_1_tp_2, Dinoflagellata_1749_1_tp_2, Div_reps_2942_1_tp_2, Phylum_reps_1985_1_tp_2, Proteobacteria_11155_2_tp_2, Proteobacteria_11190_1_tp_2, Proteobacteria_11431_1_tp_2, Rhodophyta_506_1_tp_2",0.450761228927773,0.31886750552412
"Bacteroidetes_1360_3","Chlorophyta__streptophyta_120_1_tp_2, Dinoflagellata_1496_1_tp_2, Haptophyta_148_1_tp_2, Phylum_reps_1954_1_tp_2, Proteobacteria_7295_1_tp_2, Proteobacteria_7982_2_tp_2, Proteobacteria_8177_2_tp_2, Sagenista_53_1_tp_2, Verrucomicrobia_22_2_tp_2",0.513448434203829,0.305717295655625
"Bacteroidetes_1360_3","Archaea_164_2_tp_2, Bacillariophyta_100_1_tp_2, Dinoflagellata_1728_1_tp_2, Haptophyta_148_1_tp_2, Katablepharidophyta_7_1_tp_2, Lobosa_11_1_tp_2, Perkinsea_44_1_tp_2, Picozoa_18_1_tp_2, Proteobacteria_8175_1_tp_2",0.54745066882314,0.290339502362135
"Bacteroidetes_1360_3","Bacillariophyta_219_1_tp_2, Bacteroidetes_918_4_tp_2, Chlorophyta__streptophyta_120_1_tp_2, Chlorophyta__streptophyta_845_1_tp_2, Dinoflagellata_1793_1_tp_2, Nitrospirae_9_1_tp_2, Proteobacteria_11429_2_tp_2, Proteobacteria_7983_2_tp_2, Proteobacteria_7983_3_tp_2",0.545015610446676,0.294977085752789
"Bacteroidetes_1360_3","Actinobacteria_410_1_tp_2, Bacteroidetes_1167_1_tp_2, Chlorophyta__streptophyta_848_1_tp_2, Dinoflagellata_1198_1_tp_2, Dinoflagellata_1496_1_tp_2, Proteobacteria_7314_1_tp_2, Proteobacteria_7983_3_tp_2, Proteobacteria_7983_4_tp_2, Verrucomicrobia_23_1_tp_2",0.509219633885876,0.309363970645088
"Bacteroidetes_1360_3","Bacteroidetes_1235_1_tp_2, Bacteroidetes_1349_1_tp_2, Bacteroidetes_938_1_tp_2, Chlorophyta__streptophyta_848_1_tp_2, Dinoflagellata_1658_1_tp_2, Dinoflagellata_1968_1_tp_2, Proteobacteria_7230_2_tp_2, Proteobacteria_7314_1_tp_2, temperature_tp_2",0.40584230712149,0.319396041867318
"Bacteroidetes_1360_3","Bacteroidetes_1204_1_tp_2, Bacteroidetes_1349_1_tp_2, Bacteroidetes_956_1_tp_2, Dictyochophyceae_6_1_tp_2, Dinoflagellata_1728_2_tp_2, Proteobacteria_11155_2_tp_2, Proteobacteria_5436_1_tp_2, Proteobacteria_8177_2_tp_2, temperature_tp_2",0.551242758880291,0.295424005154452
"Bacteroidetes_1360_3","Bacillariophyta_138_1_tp_2, Bacteroidetes_1360_1_tp_2, Bacteroidetes_317_1_tp_2, Cryptophyta_15_2_tp_2, Cyanobacteria_85_1_tp_2, Planctomycetes_34_1_tp_2, Proteobacteria_7295_1_tp_2, Proteobacteria_7983_3_tp_2, Verrucomicrobia_18_2_tp_2",0.500677060300804,0.306551827019821
"Bacteroidetes_1360_3","Bacteroidetes_1360_4_tp_2, Bacteroidetes_1360_5_tp_2, Proteobacteria_10168_1_tp_2, Proteobacteria_11431_2_tp_2, Proteobacteria_5436_1_tp_2, Proteobacteria_7174_1_tp_2, Proteobacteria_7364_1_tp_2, Proteobacteria_8177_2_tp_2, temperature_tp_2",0.522491123198141,0.302266737360254
"Bacteroidetes_1360_3","Bacillariophyta_44_1_tp_2, Bacteroidetes_1151_1_tp_2, Bacteroidetes_1166_2_tp_2, Chlorophyta__streptophyta_848_1_tp_2, Cyanobacteria_73_1_tp_2, Dinoflagellata_982_1_tp_2, Nitrospirae_9_1_tp_2, Proteobacteria_11431_1_tp_2, Pseudofungi_43_1_tp_2",0.465789593352164,0.317370864600244
"Bacteroidetes_1360_3","Actinobacteria_410_1_tp_2, Bacteroidetes_129_1_tp_2, Bacteroidetes_317_1_tp_2, Cercozoa_395_1_tp_2, Cyanobacteria_65_1_tp_2, Dinoflagellata_1010_1_tp_2, Dinoflagellata_982_1_tp_2, Proteobacteria_8520_1_tp_2, Proteobacteria_9681_1_tp_2",0.526883047856695,0.299392850806872
"Bacteroidetes_1360_3","Actinobacteria_410_1_tp_2, Bacillariophyta_123_1_tp_2, Bacillariophyta_138_1_tp_2, Bacteroidetes_131_1_tp_2, Bacteroidetes_918_2_tp_2, Phylum_reps_1954_1_tp_2, Proteobacteria_11429_2_tp_2, Proteobacteria_7230_3_tp_2, Proteobacteria_7983_3_tp_2",0.451488019362006,0.318124918270264
"Bacteroidetes_1360_3","Bacteroidetes_918_2_tp_2, Cercozoa_395_1_tp_2, Cyanobacteria_48_1_tp_2, Dinoflagellata_1555_1_tp_2, Proteobacteria_7231_1_tp_2, Proteobacteria_7295_1_tp_2, Proteobacteria_7314_1_tp_2, Radiolaria_104_1_tp_2, Sagenista_53_1_tp_2",0.457150129102352,0.315142030487312
"Bacteroidetes_1360_3","Bacteroidetes_1178_1_tp_2, Bacteroidetes_129_1_tp_2, Bacteroidetes_1360_2_tp_2, Bacteroidetes_919_1_tp_2, Cryptophyta_15_1_tp_2, Nitrospirae_9_1_tp_2, Perkinsea_33_1_tp_2, Proteobacteria_10091_1_tp_2, Proteobacteria_10114_1_tp_2",0.483339359622752,0.307445607971137
"Bacteroidetes_1360_3","Bacteroidetes_1166_2_tp_2, Bacteroidetes_918_1_tp_2, Bacteroidetes_918_4_tp_2, Dinoflagellata_1728_1_tp_2, Div_reps_1600_1_tp_2, Phylum_reps_2301_1_tp_2, Proteobacteria_11120_1_tp_2, Proteobacteria_22_1_tp_2, Proteobacteria_7231_1_tp_2",0.498046775239446,0.305299577812827
"Bacteroidetes_1360_3","Bacillariophyta_196_1_tp_2, Ciliophora_403_1_tp_2, Lobosa_11_1_tp_2, Phylum_reps_1954_1_tp_2, Picozoa_18_1_tp_2, Proteobacteria_5461_1_tp_2, Proteobacteria_7174_1_tp_2, Proteobacteria_7295_1_tp_2, Proteobacteria_8177_1_tp_2",0.517727433968511,0.305785806357413
"Bacteroidetes_1360_3","Actinobacteria_410_2_tp_2, Bacteroidetes_1166_2_tp_2, Bacteroidetes_1194_1_tp_2, Bacteroidetes_129_2_tp_2, Bacteroidetes_1349_1_tp_2, Dinoflagellata_1496_1_tp_2, Dinoflagellata_1749_1_tp_2, Proteobacteria_7230_1_tp_2, Proteobacteria_7983_4_tp_2",0.441907675759514,0.319923082560152
"Bacteroidetes_1360_3","Bacteroidetes_1249_1_tp_2, Bacteroidetes_129_2_tp_2, Bacteroidetes_918_5_tp_2, Ciliophora_403_1_tp_2, Cyanobacteria_65_1_tp_2, Cyanobacteria_85_1_tp_2, Dinoflagellata_874_1_tp_2, Phylum_reps_1985_1_tp_2, Sagenista_53_1_tp_2",0.433988800677141,0.323699714121619
"Bacteroidetes_1360_3","Bacteroidetes_1166_2_tp_2, Bacteroidetes_1167_1_tp_2, Dinoflagellata_1198_1_tp_2, Dinoflagellata_1728_1_tp_2, Proteobacteria_11429_4_tp_2, Proteobacteria_7983_1_tp_2, Proteobacteria_8176_2_tp_2, Proteobacteria_8177_1_tp_2, Verrucomicrobia_18_2_tp_2",0.547492948696643,0.31362398538509
"Bacteroidetes_1360_3","Actinobacteria_410_2_tp_2, Bacillariophyta_100_1_tp_2, Bacteroidetes_918_5_tp_2, Ciliophora_280_1_tp_2, Haptophyta_203_1_tp_2, Picozoa_6_1_tp_2, Proteobacteria_7983_2_tp_2, Proteobacteria_7983_4_tp_2, Pseudofungi_43_1_tp_2",0.372764190256552,0.333951969851327
"Bacteroidetes_1360_3","Bacillariophyta_44_1_tp_2, Bacteroidetes_1349_1_tp_2, Bacteroidetes_1360_1_tp_2, Bacteroidetes_1360_4_tp_2, Dinoflagellata_1711_1_tp_2, Div_reps_1600_2_tp_2, Proteobacteria_7231_1_tp_2, Proteobacteria_7983_2_tp_2, Rhodophyta_506_1_tp_2",0.482068021183808,0.313958938090727
"Bacteroidetes_1360_3","Bacillariophyta_31_1_tp_2, Bacteroidetes_1360_2_tp_2, Chlorophyta__streptophyta_845_1_tp_2, Ciliophora_234_1_tp_2, Cryptophyta_15_2_tp_2, Cyanobacteria_48_1_tp_2, Dinoflagellata_1010_1_tp_2, Dinoflagellata_1728_1_tp_2, Verrucomicrobia_18_3_tp_2",0.527126762017356,0.308021711705496
"Bacteroidetes_1360_3","Bacteroidetes_1349_1_tp_2, Bacteroidetes_1360_2_tp_2, Bacteroidetes_918_3_tp_2, Chlorophyta__streptophyta_120_1_tp_2, Chlorophyta__streptophyta_751_1_tp_2, Proteobacteria_10168_1_tp_2, Proteobacteria_7983_4_tp_2, Proteobacteria_7983_6_tp_2, Proteobacteria_7984_1_tp_2",0.595103750979218,0.284544214356673
"Bacteroidetes_1360_3","Bacteroidetes_1178_1_tp_2, Bacteroidetes_1186_1_tp_2, Chlorophyta__streptophyta_833_1_tp_2, Ciliophora_1195_1_tp_2, Dinoflagellata_1771_2_tp_2, Dinoflagellata_1793_1_tp_2, Proteobacteria_7316_1_tp_2, Proteobacteria_8175_1_tp_2, Proteobacteria_8177_2_tp_2",0.552975498706189,0.292193793000571
"Bacteroidetes_1360_3","Bacillariophyta_123_1_tp_2, Bacillariophyta_219_1_tp_2, Bacteroidetes_1167_1_tp_2, Bacteroidetes_1224_1_tp_2, Div_reps_1600_1_tp_2, Proteobacteria_11190_1_tp_2, Proteobacteria_5461_1_tp_2, Proteobacteria_7295_1_tp_2, Verrucomicrobia_18_1_tp_2",0.480615419425933,0.309509171893849
"Bacteroidetes_1360_3","Bacillariophyta_123_1_tp_2, Bacteroidetes_131_1_tp_2, Bacteroidetes_938_1_tp_2, Bacteroidetes_956_1_tp_2, Dinoflagellata_1793_1_tp_2, Proteobacteria_7295_1_tp_2, Proteobacteria_7983_2_tp_2, Proteobacteria_7983_4_tp_2, Verrucomicrobia_18_3_tp_2",0.467761176132777,0.324696754948651
"Bacteroidetes_1360_3","Bacteroidetes_1178_1_tp_2, Bacteroidetes_1194_1_tp_2, Bacteroidetes_1204_1_tp_2, Bacteroidetes_131_1_tp_2, Cercozoa_22_1_tp_2, Div_reps_1600_1_tp_2, Proteobacteria_7983_2_tp_2, Proteobacteria_7983_7_tp_2, Proteobacteria_8175_1_tp_2",0.548136239296284,0.30313781651999
"Bacteroidetes_1360_3","Bacillariophyta_31_1_tp_2, Bacteroidetes_1349_1_tp_2, Katablepharidophyta_7_1_tp_2, Proteobacteria_11190_1_tp_2, Proteobacteria_11431_1_tp_2, Proteobacteria_7230_1_tp_2, Proteobacteria_7983_5_tp_2, Proteobacteria_8520_1_tp_2, Sagenista_61_1_tp_2",0.49849712435366,0.307144501445724
"Bacteroidetes_1360_3","Bacillariophyta_196_1_tp_2, Bacteroidetes_1224_1_tp_2, Bacteroidetes_1249_1_tp_2, Chlorophyta__streptophyta_120_1_tp_2, Ciliophora_280_1_tp_2, Dinoflagellata_955_1_tp_2, Haptophyta_203_1_tp_2, Proteobacteria_7100_1_tp_2, Proteobacteria_9649_1_tp_2",0.500912849124464,0.310647207458066
"Bacteroidetes_1360_3","Bacteroidetes_1264_1_tp_2, Dinoflagellata_1010_1_tp_2, Dinoflagellata_1542_1_tp_2, Dinoflagellata_1771_1_tp_2, Haptophyta_203_1_tp_2, Nitrospirae_9_1_tp_2, Phylum_reps_1954_1_tp_2, Proteobacteria_7983_5_tp_2, Proteobacteria_8176_2_tp_2",0.441863447728877,0.318865290425854
"Bacteroidetes_1360_3","Bacillariophyta_44_1_tp_2, Bacteroidetes_1360_5_tp_2, Bacteroidetes_918_3_tp_2, Chlorophyta__streptophyta_845_1_tp_2, Chlorophyta__streptophyta_848_1_tp_2, Ciliophora_403_1_tp_2, Dinoflagellata_1010_1_tp_2, Dinoflagellata_1555_1_tp_2, Planctomycetes_34_1_tp_2",0.489746178996374,0.304756200262534
"Bacteroidetes_1360_3","Bacteroidetes_1264_1_tp_2, Bacteroidetes_129_2_tp_2, Chlorophyta__streptophyta_833_1_tp_2, Chlorophyta__streptophyta_845_1_tp_2, Dinoflagellata_874_1_tp_2, Planctomycetes_27_1_tp_2, Proteobacteria_11429_3_tp_2, Proteobacteria_7174_1_tp_2, Proteobacteria_7230_2_tp_2",0.551001116252938,0.305191348389206
"Bacteroidetes_1360_3","Bacteroidetes_1151_1_tp_2, Bacteroidetes_1264_1_tp_2, Bacteroidetes_918_3_tp_2, Chlorophyta__streptophyta_751_1_tp_2, Dinoflagellata_1198_1_tp_2, Proteobacteria_11429_3_tp_2, Proteobacteria_9649_1_tp_2, Proteobacteria_9681_1_tp_2, Rhodophyta_506_1_tp_2",0.469799242924524,0.314436817901156
"Bacteroidetes_1360_3","Bacteroidetes_919_1_tp_2, Cercozoa_23_1_tp_2, Dinoflagellata_1758_1_tp_2, Haptophyta_148_1_tp_2, Picozoa_6_1_tp_2, Proteobacteria_5461_1_tp_2, Proteobacteria_7319_1_tp_2, Proteobacteria_8177_2_tp_2, Verrucomicrobia_22_2_tp_2",0.466468821227976,0.318614745654669
"Bacteroidetes_1360_3","Actinobacteria_410_1_tp_2, Bacteroidetes_918_3_tp_2, Bacteroidetes_956_1_tp_2, Cercozoa_23_1_tp_2, Dinoflagellata_1017_1_tp_2, Dinoflagellata_1711_1_tp_2, Dinoflagellata_1728_2_tp_2, Proteobacteria_7983_1_tp_2, Proteobacteria_7983_7_tp_2",0.476624137307572,0.304650741282893
"Bacteroidetes_1360_3","Bacteroidetes_1178_1_tp_2, Bacteroidetes_1349_1_tp_2, Bacteroidetes_919_2_tp_2, Dinoflagellata_1749_1_tp_2, Phylum_reps_2301_1_tp_2, Proteobacteria_11428_1_tp_2, Proteobacteria_11431_1_tp_2, Proteobacteria_5436_1_tp_2, Proteobacteria_8185_1_tp_2",0.477126750555863,0.315607769686762
"Bacteroidetes_1360_3","Bacteroidetes_1166_1_tp_2, Bacteroidetes_129_2_tp_2, Bacteroidetes_1360_1_tp_2, Bacteroidetes_919_1_tp_2, Chlorophyta__streptophyta_833_1_tp_2, Dinoflagellata_874_1_tp_2, Proteobacteria_7982_2_tp_2, Proteobacteria_7983_6_tp_2, Verrucomicrobia_18_4_tp_2",0.59339852318276,0.297588941628179
"Bacteroidetes_1360_3","Bacillariophyta_138_1_tp_2, Cercozoa_22_1_tp_2, Chlorophyta__streptophyta_732_1_tp_2, Dinoflagellata_1098_1_tp_2, Dinoflagellata_1711_1_tp_2, Proteobacteria_10168_1_tp_2, Proteobacteria_8176_1_tp_2, Proteobacteria_8178_1_tp_2, Rhodophyta_506_1_tp_2",0.40109606205535,0.330436357033771
"Bacteroidetes_1360_3","Bacteroidetes_1204_1_tp_2, Bacteroidetes_918_2_tp_2, Bacteroidetes_919_3_tp_2, Ciliophora_1195_1_tp_2, Ciliophora_403_1_tp_2, Dinoflagellata_124_1_tp_2, Proteobacteria_11429_3_tp_2, Proteobacteria_7174_1_tp_2, Proteobacteria_7313_1_tp_2",0.435452923692795,0.324867760394747
"Bacteroidetes_1360_3","Bacteroidetes_317_1_tp_2, Bacteroidetes_918_5_tp_2, Cercozoa_395_1_tp_2, Chlorophyta__streptophyta_845_1_tp_2, Picozoa_6_1_tp_2, Planctomycetes_34_1_tp_2, Proteobacteria_11429_1_tp_2, Proteobacteria_7166_1_tp_2, Proteobacteria_7983_6_tp_2",0.486849263272417,0.305618764657601
"Bacteroidetes_1360_3","Bacteroidetes_918_5_tp_2, Chlorophyta__streptophyta_833_1_tp_2, Dinoflagellata_1758_1_tp_2, Dinoflagellata_1771_1_tp_2, Proteobacteria_7231_1_tp_2, Proteobacteria_7983_1_tp_2, Proteobacteria_7983_6_tp_2, Proteobacteria_7983_7_tp_2, Raphidophyceae_3_1_tp_2",0.543390071045574,0.299447316772397
"Bacteroidetes_1360_3","Bacteroidetes_1166_1_tp_2, Bacteroidetes_1167_1_tp_2, Bacteroidetes_919_3_tp_2, Cyanobacteria_85_1_tp_2, Dinoflagellata_1728_1_tp_2, Haptophyta_148_1_tp_2, Proteobacteria_7295_1_tp_2, Proteobacteria_7364_1_tp_2, Proteobacteria_9681_1_tp_2",0.533216206879783,0.297569442224737
"Bacteroidetes_1360_3","Actinobacteria_410_2_tp_2, Bacteroidetes_1167_1_tp_2, Cyanobacteria_73_1_tp_2, Dinoflagellata_1769_1_tp_2, Proteobacteria_7982_2_tp_2, Proteobacteria_8176_1_tp_2, Proteobacteria_8178_1_tp_2, temperature_tp_2, Verrucomicrobia_18_2_tp_2",0.563662926188939,0.301771372258179
"Bacteroidetes_1360_3","Bacillariophyta_29_1_tp_2, Bacteroidetes_129_2_tp_2, Bacteroidetes_1349_1_tp_2, Bacteroidetes_918_3_tp_2, Dinoflagellata_1555_1_tp_2, Dinoflagellata_1968_1_tp_2, Nitrospirae_9_1_tp_2, Proteobacteria_7983_4_tp_2, Pseudofungi_43_1_tp_2",0.432837965493186,0.312683461625821
"Bacteroidetes_1360_3","Bacillariophyta_123_1_tp_2, Bacteroidetes_1360_2_tp_2, Ciliophora_298_1_tp_2, Cyanobacteria_48_1_tp_2, Planctomycetes_34_1_tp_2, Proteobacteria_11210_2_tp_2, Proteobacteria_7984_1_tp_2, Proteobacteria_8177_2_tp_2, Verrucomicrobia_18_2_tp_2",0.601430124606826,0.304875622774887
"Bacteroidetes_1360_3","Bacteroidetes_1167_1_tp_2, Bacteroidetes_938_1_tp_2, Cyanobacteria_48_1_tp_2, Dinoflagellata_1728_2_tp_2, Div_reps_1600_1_tp_2, Proteobacteria_7100_1_tp_2, Proteobacteria_7166_1_tp_2, Proteobacteria_7316_1_tp_2, Verrucomicrobia_22_1_tp_2",0.489361826386604,0.303509840591337
"Bacteroidetes_1360_3","Bacillariophyta_123_1_tp_2, Bacteroidetes_1360_2_tp_2, Bacteroidetes_919_1_tp_2, Chlorophyta__streptophyta_845_1_tp_2, Ciliophora_234_1_tp_2, Lobosa_11_1_tp_2, Proteobacteria_7787_1_tp_2, Proteobacteria_7983_4_tp_2, Rhodophyta_506_1_tp_2",0.508153696833015,0.319201494432886
"Bacteroidetes_1360_3","Bacteroidetes_956_1_tp_2, Cercozoa_291_1_tp_2, Cyanobacteria_65_1_tp_2, Proteobacteria_7230_3_tp_2, Proteobacteria_7313_1_tp_2, Proteobacteria_7364_1_tp_2, Proteobacteria_7983_5_tp_2, Proteobacteria_7983_7_tp_2, Sagenista_53_1_tp_2",0.44336319651128,0.325202116722591
"Bacteroidetes_1360_3","Bacteroidetes_1194_1_tp_2, Bacteroidetes_918_2_tp_2, Chlorophyta__streptophyta_751_1_tp_2, Ciliophora_234_1_tp_2, Ciliophora_298_1_tp_2, Dinoflagellata_1496_1_tp_2, Perkinsea_44_1_tp_2, Proteobacteria_7313_1_tp_2, Rhodophyta_506_1_tp_2",0.552573730572355,0.304140120668704
"Bacteroidetes_1360_3","Bacteroidetes_1224_1_tp_2, Cryptophyta_108_1_tp_2, Cryptophyta_15_1_tp_2, Dinoflagellata_1098_1_tp_2, Dinoflagellata_1728_2_tp_2, Dinoflagellata_955_1_tp_2, Proteobacteria_7100_1_tp_2, Proteobacteria_7230_3_tp_2, Proteobacteria_9681_1_tp_2",0.438452036161495,0.312956191775909
"Bacteroidetes_1360_3","Bacteroidetes_1349_1_tp_2, Cercozoa_23_1_tp_2, Cercozoa_395_1_tp_2, Cryptophyta_15_1_tp_2, Dinoflagellata_1017_1_tp_2, Proteobacteria_11155_1_tp_2, Proteobacteria_7295_1_tp_2, Proteobacteria_7983_8_tp_2, Proteobacteria_8177_2_tp_2",0.519486700767292,0.297986928696849
"Bacteroidetes_1360_3","Bacillariophyta_138_1_tp_2, Bacteroidetes_919_3_tp_2, Chlorophyta__streptophyta_895_1_tp_2, Dictyochophyceae_6_1_tp_2, Div_reps_1600_1_tp_2, Proteobacteria_9681_1_tp_2, Raphidophyceae_3_1_tp_2, Verrucomicrobia_22_1_tp_2, Verrucomicrobia_22_2_tp_2",0.560790490185434,0.291914578460667
"Bacteroidetes_1360_3","Bacteroidetes_1166_1_tp_2, Bacteroidetes_131_1_tp_2, Dinoflagellata_1769_1_tp_2, Haptophyta_148_1_tp_2, Picozoa_6_1_tp_2, Proteobacteria_7100_1_tp_2, Proteobacteria_7983_1_tp_2, Proteobacteria_8177_1_tp_2, Verrucomicrobia_18_4_tp_2",0.532231815985973,0.307830679319786
"Bacteroidetes_1360_3","Bacteroidetes_1166_1_tp_2, Chrysophyceae_16_1_tp_2, Cryptophyta_108_1_tp_2, Dinoflagellata_1758_1_tp_2, Katablepharidophyta_7_1_tp_2, Proteobacteria_7174_1_tp_2, Proteobacteria_7787_1_tp_2, Proteobacteria_7983_2_tp_2, Proteobacteria_7984_1_tp_2",0.56718524117576,0.307211254331706
"Bacteroidetes_1360_3","Bacillariophyta_196_1_tp_2, Bacteroidetes_1360_1_tp_2, Chlorophyta__streptophyta_895_1_tp_2, Proteobacteria_11429_1_tp_2, Proteobacteria_7230_3_tp_2, Proteobacteria_7295_1_tp_2, Proteobacteria_8520_1_tp_2, Verrucomicrobia_18_3_tp_2, Verrucomicrobia_23_1_tp_2",0.446287473595054,0.3211294633123
"Bacteroidetes_1360_3","Bacillariophyta_196_1_tp_2, Bacteroidetes_1264_1_tp_2, Dinoflagellata_955_1_tp_2, Div_reps_1600_2_tp_2, Phylum_reps_1985_1_tp_2, Planctomycetes_34_1_tp_2, Proteobacteria_6847_1_tp_2, Proteobacteria_7314_1_tp_2, Proteobacteria_7983_7_tp_2",0.515461104933251,0.305162263355533
"Bacteroidetes_1360_3","Archaea_179_1_tp_2, Bacteroidetes_1166_2_tp_2, Ciliophora_451_1_tp_2, Picozoa_18_1_tp_2, Planctomycetes_27_1_tp_2, Proteobacteria_7230_1_tp_2, Proteobacteria_7314_1_tp_2, Proteobacteria_7983_8_tp_2, Raphidophyceae_3_1_tp_2",0.505153284242687,0.307974385325687
"Bacteroidetes_1360_3","Bacillariophyta_100_1_tp_2, Bacteroidetes_1264_1_tp_2, Bacteroidetes_317_1_tp_2, Ciliophora_451_1_tp_2, Dinoflagellata_1771_1_tp_2, Dinoflagellata_1862_1_tp_2, Proteobacteria_11155_2_tp_2, Proteobacteria_8185_1_tp_2, Rhodophyta_506_1_tp_2",0.562832453400784,0.298959253516048
"Bacteroidetes_1360_3","Bacillariophyta_123_1_tp_2, Bacteroidetes_1151_1_tp_2, Bacteroidetes_1349_1_tp_2, Bacteroidetes_1360_4_tp_2, Chlorophyta__streptophyta_845_1_tp_2, Ciliophora_403_1_tp_2, Proteobacteria_5436_1_tp_2, Proteobacteria_7319_1_tp_2, Proteobacteria_7982_1_tp_2",0.541112074106519,0.303338668541411
"Bacteroidetes_1360_3","Bacteroidetes_1360_1_tp_2, Bacteroidetes_1360_5_tp_2, Cryptophyta_15_2_tp_2, Dictyochophyceae_6_1_tp_2, Proteobacteria_11429_1_tp_2, Proteobacteria_8175_1_tp_2, Proteobacteria_8176_2_tp_2, Proteobacteria_9649_1_tp_2, Verrucomicrobia_18_1_tp_2",0.508427640515727,0.303990513135887
"Bacteroidetes_1360_3","Archaea_179_1_tp_2, Bacillariophyta_123_1_tp_2, Bacteroidetes_1360_2_tp_2, Dinoflagellata_1728_1_tp_2, Proteobacteria_11428_1_tp_2, Proteobacteria_5436_1_tp_2, Proteobacteria_7174_1_tp_2, Proteobacteria_7230_2_tp_2, Verrucomicrobia_18_1_tp_2",0.557669917799641,0.304168200477543
"Bacteroidetes_1360_3","Ciliophora_234_1_tp_2, Cyanobacteria_48_1_tp_2, Planctomycetes_34_1_tp_2, Planctomycetes_61_1_tp_2, Proteobacteria_5461_1_tp_2, Proteobacteria_7100_1_tp_2, Proteobacteria_7231_1_tp_2, Proteobacteria_7787_1_tp_2, Proteobacteria_8178_1_tp_2",0.503015046183794,0.308052991532524
"Bacteroidetes_1360_3","Bacillariophyta_123_1_tp_2, Chlorophyta__streptophyta_751_1_tp_2, Lobosa_11_1_tp_2, Proteobacteria_22_1_tp_2, Proteobacteria_7983_5_tp_2, Proteobacteria_9681_2_tp_2, Sagenista_61_1_tp_2, Verrucomicrobia_18_1_tp_2, Verrucomicrobia_23_1_tp_2",0.47718312403367,0.309218047836085
"Bacteroidetes_1360_3","Bacteroidetes_1349_1_tp_2, Bacteroidetes_1360_2_tp_2, Bacteroidetes_956_1_tp_2, Chlorophyta__streptophyta_845_1_tp_2, Dinoflagellata_1769_1_tp_2, Proteobacteria_8176_2_tp_2, Proteobacteria_8178_1_tp_2, Proteobacteria_9649_1_tp_2, Pseudofungi_43_1_tp_2",0.521298222024396,0.302665926412909
"Bacteroidetes_1360_3","Bacteroidetes_1264_1_tp_2, Cyanobacteria_48_1_tp_2, Cyanobacteria_73_1_tp_2, Dinoflagellata_1098_1_tp_2, Dinoflagellata_1749_1_tp_2, Dinoflagellata_1968_1_tp_2, Perkinsea_33_1_tp_2, Proteobacteria_8177_2_tp_2, Verrucomicrobia_23_1_tp_2",0.35047272888859,0.327631485876785
"Bacteroidetes_1360_3","Bacteroidetes_1151_1_tp_2, Bacteroidetes_1360_5_tp_2, Bacteroidetes_919_3_tp_2, Cryptophyta_108_1_tp_2, Dinoflagellata_982_1_tp_2, Picozoa_18_1_tp_2, Proteobacteria_6847_1_tp_2, Proteobacteria_7230_1_tp_2, Proteobacteria_7982_2_tp_2",0.518330554105553,0.298389216544846
"Bacteroidetes_1360_3","Bacteroidetes_1186_1_tp_2, Bacteroidetes_1194_1_tp_2, Bacteroidetes_1204_1_tp_2, Katablepharidophyta_7_1_tp_2, Proteobacteria_11155_2_tp_2, Proteobacteria_11210_1_tp_2, Proteobacteria_7230_3_tp_2, Proteobacteria_7316_1_tp_2, Proteobacteria_7983_2_tp_2",0.577755738136877,0.296139495876098
"Bacteroidetes_1360_3","Bacteroidetes_317_1_tp_2, Cercozoa_23_1_tp_2, Chlorophyta__streptophyta_848_1_tp_2, Dinoflagellata_1862_1_tp_2, Phylum_reps_1954_1_tp_2, Proteobacteria_11210_1_tp_2, Proteobacteria_7289_1_tp_2, Proteobacteria_7983_3_tp_2, Proteobacteria_8520_1_tp_2",0.467279911213205,0.313146587716621
"Bacteroidetes_1360_3","Bacillariophyta_196_1_tp_2, Bacteroidetes_1178_1_tp_2, Bacteroidetes_918_2_tp_2, Cercozoa_291_1_tp_2, Ciliophora_1195_1_tp_2, Dinoflagellata_982_1_tp_2, Proteobacteria_11428_1_tp_2, Proteobacteria_7983_1_tp_2, Proteobacteria_7983_6_tp_2",0.48914798559099,0.314520426005889
"Bacteroidetes_1360_3","Bacillariophyta_31_1_tp_2, Bacillariophyta_44_1_tp_2, Bacteroidetes_1360_1_tp_2, Bacteroidetes_918_2_tp_2, Chlorophyta__streptophyta_120_1_tp_2, Dinoflagellata_1769_1_tp_2, Proteobacteria_7982_1_tp_2, Sagenista_53_1_tp_2, Verrucomicrobia_22_1_tp_2",0.458479770358821,0.314331806464371
"Bacteroidetes_1360_3","Bacteroidetes_919_2_tp_2, Cercozoa_395_1_tp_2, Dinoflagellata_1542_1_tp_2, Dinoflagellata_1658_1_tp_2, Dinoflagellata_1793_1_tp_2, Dinoflagellata_874_1_tp_2, Planctomycetes_61_1_tp_2, Proteobacteria_7984_1_tp_2, Proteobacteria_9649_1_tp_2",0.454628852996901,0.331100688937153
"Bacteroidetes_1360_3","Archaea_164_1_tp_2, Cercozoa_23_1_tp_2, Cyanobacteria_73_1_tp_2, Dinoflagellata_1658_1_tp_2, Dinoflagellata_1711_1_tp_2, Dinoflagellata_1968_1_tp_2, Proteobacteria_11431_2_tp_2, Proteobacteria_6384_1_tp_2, Proteobacteria_7316_1_tp_2",0.512420961162239,0.299874409830819
"Bacteroidetes_1360_3","Bacteroidetes_1204_1_tp_2, Cyanobacteria_65_1_tp_2, Dinoflagellata_1198_1_tp_2, Phylum_reps_1954_1_tp_2, Proteobacteria_10114_1_tp_2, Proteobacteria_11429_1_tp_2, Proteobacteria_6384_1_tp_2, Proteobacteria_7982_1_tp_2, temperature_tp_2",0.502777031430279,0.311609857275251
"Bacteroidetes_1360_3","Bacteroidetes_1166_2_tp_2, Bacteroidetes_918_3_tp_2, Chlorophyta__streptophyta_120_1_tp_2, Chrysophyceae_16_1_tp_2, Ciliophora_234_1_tp_2, Dinoflagellata_1198_1_tp_2, Dinoflagellata_1728_1_tp_2, Proteobacteria_11431_1_tp_2, Proteobacteria_7100_1_tp_2",0.552260212227834,0.301780887611908
"Bacteroidetes_1360_3","Bacillariophyta_196_1_tp_2, Bacteroidetes_1151_1_tp_2, Bacteroidetes_918_3_tp_2, Chlorophyta__streptophyta_848_1_tp_2, Chlorophyta__streptophyta_895_1_tp_2, Ciliophora_280_1_tp_2, Cryptophyta_15_2_tp_2, Planctomycetes_61_1_tp_2, Proteobacteria_7983_2_tp_2",0.487553161227707,0.306709000100143
"Bacteroidetes_1360_3","Bacillariophyta_196_1_tp_2, Bacteroidetes_1194_1_tp_2, Bacteroidetes_129_2_tp_2, Cyanobacteria_65_1_tp_2, Perkinsea_33_1_tp_2, Proteobacteria_10168_1_tp_2, Proteobacteria_11428_1_tp_2, Proteobacteria_7314_1_tp_2, Verrucomicrobia_23_1_tp_2",0.582049223430011,0.28424703455457
"Bacteroidetes_1360_3","Bacillariophyta_138_1_tp_2, Cercozoa_395_1_tp_2, Chlorophyta__streptophyta_732_1_tp_2, Ciliophora_451_1_tp_2, Dictyochophyceae_6_1_tp_2, Dinoflagellata_1728_2_tp_2, Div_reps_1600_1_tp_2, Proteobacteria_11155_1_tp_2, Proteobacteria_7982_2_tp_2",0.465870312355258,0.307974393339663
"Bacteroidetes_1360_3","Archaea_179_1_tp_2, Bacillariophyta_31_1_tp_2, Chlorophyta__streptophyta_848_1_tp_2, Cyanobacteria_48_1_tp_2, Dinoflagellata_1728_1_tp_2, Div_reps_1600_1_tp_2, Proteobacteria_11429_2_tp_2, Proteobacteria_7230_3_tp_2, Rhodophyta_506_1_tp_2",0.472167538032842,0.315163280433166
"Bacteroidetes_1360_3","Chlorophyta__streptophyta_120_1_tp_2, Dinoflagellata_1496_1_tp_2, Dinoflagellata_874_1_tp_2, Div_reps_1600_1_tp_2, Proteobacteria_7230_1_tp_2, Proteobacteria_7313_1_tp_2, Proteobacteria_8175_1_tp_2, Proteobacteria_9681_2_tp_2, Sagenista_61_1_tp_2",0.481886803343575,0.306036860591649
"Bacteroidetes_1360_3","Bacteroidetes_1166_2_tp_2, Bacteroidetes_1235_1_tp_2, Bacteroidetes_129_1_tp_2, Bacteroidetes_1360_4_tp_2, Chrysophyceae_16_1_tp_2, Dinoflagellata_1771_2_tp_2, Proteobacteria_8175_1_tp_2, Verrucomicrobia_18_1_tp_2, Verrucomicrobia_22_2_tp_2",0.46378859362363,0.314854833721271
"Bacteroidetes_1360_3","Bacillariophyta_196_1_tp_2, Bacteroidetes_1167_1_tp_2, Bacteroidetes_129_2_tp_2, Bacteroidetes_918_1_tp_2, Ciliophora_298_1_tp_2, Cyanobacteria_73_1_tp_2, Dinoflagellata_1862_1_tp_2, Proteobacteria_11190_1_tp_2, Proteobacteria_9681_2_tp_2",0.460915788538128,0.314283479645451
"Bacteroidetes_1360_3","Bacteroidetes_918_5_tp_2, Bacteroidetes_938_1_tp_2, Chlorophyta__streptophyta_833_1_tp_2, Dinoflagellata_1771_2_tp_2, Proteobacteria_11155_1_tp_2, Proteobacteria_11431_1_tp_2, Proteobacteria_7166_1_tp_2, Proteobacteria_7364_1_tp_2, Proteobacteria_7983_1_tp_2",0.554264331168967,0.299155792245121
"Bacteroidetes_1360_3","Chlorophyta__streptophyta_732_1_tp_2, Katablepharidophyta_7_1_tp_2, Proteobacteria_11428_1_tp_2, Proteobacteria_6384_1_tp_2, Proteobacteria_7230_2_tp_2, Proteobacteria_7231_1_tp_2, Proteobacteria_7295_1_tp_2, Proteobacteria_7984_1_tp_2, Proteobacteria_9681_2_tp_2",0.573490381237847,0.29545174087749
"Bacteroidetes_1360_3","Actinobacteria_410_2_tp_2, Archaea_164_2_tp_2, Bacteroidetes_1166_2_tp_2, Chlorophyta__streptophyta_848_1_tp_2, Dinoflagellata_1771_1_tp_2, Div_reps_1600_1_tp_2, Div_reps_2942_1_tp_2, Perkinsea_33_1_tp_2, Planctomycetes_61_1_tp_2",0.382002492066796,0.330876719743252
"Bacteroidetes_1360_3","Bacteroidetes_1249_1_tp_2, Bacteroidetes_1360_1_tp_2, Bacteroidetes_918_5_tp_2, Chlorophyta__streptophyta_120_1_tp_2, Katablepharidophyta_7_1_tp_2, Proteobacteria_10168_1_tp_2, Proteobacteria_11190_1_tp_2, Proteobacteria_7984_1_tp_2, Proteobacteria_9681_1_tp_2",0.576389866083369,0.291691908080568
"Bacteroidetes_1360_3","Bacteroidetes_1264_1_tp_2, Bacteroidetes_918_2_tp_2, Dinoflagellata_1728_1_tp_2, Dinoflagellata_1749_1_tp_2, Div_reps_1600_1_tp_2, Proteobacteria_10168_1_tp_2, Proteobacteria_7313_1_tp_2, Proteobacteria_8177_2_tp_2, Rhodophyta_506_1_tp_2",0.467343527477467,0.316253397489872
"Bacteroidetes_1360_3","Bacteroidetes_1264_1_tp_2, Bacteroidetes_1360_5_tp_2, Bacteroidetes_918_4_tp_2, Bacteroidetes_938_1_tp_2, Dinoflagellata_1496_1_tp_2, Picozoa_18_1_tp_2, Proteobacteria_11155_2_tp_2, Proteobacteria_5436_1_tp_2, Proteobacteria_7316_1_tp_2",0.543598880252084,0.296241910222453
"Bacteroidetes_1360_3","Archaea_164_1_tp_2, Bacillariophyta_196_1_tp_2, Bacteroidetes_131_1_tp_2, Bacteroidetes_918_4_tp_2, Dinoflagellata_1017_1_tp_2, Katablepharidophyta_7_1_tp_2, Planctomycetes_34_1_tp_2, Pseudofungi_43_1_tp_2, Radiolaria_104_1_tp_2",0.50053850542291,0.30199408578247
"Bacteroidetes_1360_3","Bacteroidetes_1167_1_tp_2, Bacteroidetes_918_3_tp_2, Cyanobacteria_85_1_tp_2, Dictyochophyceae_6_1_tp_2, Haptophyta_203_1_tp_2, Planctomycetes_34_1_tp_2, Proteobacteria_11428_1_tp_2, Proteobacteria_7983_7_tp_2, Proteobacteria_8176_1_tp_2",0.549174310402317,0.292125283082088
"Bacteroidetes_1360_3","Bacteroidetes_919_2_tp_2, Chlorophyta__streptophyta_848_1_tp_2, Dinoflagellata_1017_1_tp_2, Proteobacteria_11210_2_tp_2, Proteobacteria_7230_1_tp_2, Proteobacteria_7314_1_tp_2, Proteobacteria_7982_1_tp_2, Proteobacteria_7982_2_tp_2, Proteobacteria_7983_5_tp_2",0.465875812709152,0.314525804500898
"Bacteroidetes_1360_3","Cercozoa_23_1_tp_2, Ciliophora_451_1_tp_2, Dinoflagellata_1728_2_tp_2, Dinoflagellata_1862_1_tp_2, Div_reps_2942_1_tp_2, Katablepharidophyta_7_1_tp_2, Phylum_reps_1954_1_tp_2, Proteobacteria_22_1_tp_2, Proteobacteria_7314_1_tp_2",0.493837371047071,0.302151430490335
"Bacteroidetes_1360_3","Bacteroidetes_1151_1_tp_2, Bacteroidetes_1264_1_tp_2, Bacteroidetes_317_1_tp_2, Bacteroidetes_938_1_tp_2, Cercozoa_291_1_tp_2, Chrysophyceae_16_1_tp_2, Dinoflagellata_1862_1_tp_2, Div_reps_1600_1_tp_2, Proteobacteria_10091_1_tp_2",0.457735607710246,0.318929091615516
"Bacteroidetes_1360_3","Bacillariophyta_219_1_tp_2, Bacteroidetes_1166_1_tp_2, Bacteroidetes_1360_5_tp_2, Cyanobacteria_65_1_tp_2, Dinoflagellata_124_1_tp_2, Dinoflagellata_1862_1_tp_2, Proteobacteria_10168_1_tp_2, Proteobacteria_7982_1_tp_2, temperature_tp_2",0.553529351831924,0.299120935080565
"Bacteroidetes_1360_3","Bacteroidetes_1360_1_tp_2, Bacteroidetes_1360_5_tp_2, Cercozoa_395_1_tp_2, Dictyochophyceae_6_1_tp_2, Picozoa_18_1_tp_2, Planctomycetes_61_1_tp_2, Proteobacteria_7230_1_tp_2, Proteobacteria_8176_1_tp_2, Proteobacteria_9681_2_tp_2",0.493210252280152,0.315013106635466
"Bacteroidetes_1360_3","Bacteroidetes_1264_1_tp_2, Bacteroidetes_956_1_tp_2, Cercozoa_291_1_tp_2, Dinoflagellata_1769_1_tp_2, Dinoflagellata_874_1_tp_2, Lobosa_11_1_tp_2, Proteobacteria_8520_1_tp_2, Proteobacteria_9649_1_tp_2, Raphidophyceae_3_1_tp_2",0.518900474777161,0.320897570737481
"Bacteroidetes_1360_3","Bacteroidetes_918_3_tp_2, Chlorophyta__streptophyta_848_1_tp_2, Cyanobacteria_48_1_tp_2, Dinoflagellata_1496_1_tp_2, Proteobacteria_11429_2_tp_2, Proteobacteria_11429_4_tp_2, Proteobacteria_7982_1_tp_2, Verrucomicrobia_18_3_tp_2, Verrucomicrobia_23_1_tp_2",0.581502146075847,0.294343036776398
"Bacteroidetes_1360_3","Bacillariophyta_219_1_tp_2, Bacteroidetes_129_2_tp_2, Chlorophyta__streptophyta_732_1_tp_2, Chlorophyta__streptophyta_848_1_tp_2, Chrysophyceae_16_1_tp_2, Div_reps_1600_1_tp_2, Phylum_reps_1985_1_tp_2, Proteobacteria_11210_2_tp_2, Proteobacteria_7983_8_tp_2",0.416430064850306,0.323539912222417
"Bacteroidetes_1360_3","Bacteroidetes_956_1_tp_2, Dinoflagellata_1098_1_tp_2, Dinoflagellata_1749_1_tp_2, Proteobacteria_11155_2_tp_2, Proteobacteria_11190_1_tp_2, Proteobacteria_7982_1_tp_2, Proteobacteria_7983_1_tp_2, Proteobacteria_8178_1_tp_2, Radiolaria_104_1_tp_2",0.516906185548764,0.303226348770775
"Bacteroidetes_1360_3","Bacillariophyta_123_1_tp_2, Bacteroidetes_1204_1_tp_2, Bacteroidetes_1264_1_tp_2, Cercozoa_395_1_tp_2, Proteobacteria_11429_4_tp_2, Proteobacteria_11431_2_tp_2, Proteobacteria_7983_4_tp_2, Radiolaria_104_1_tp_2, Sagenista_61_1_tp_2",0.522678630493405,0.309911053151776
"Bacteroidetes_1360_3","Bacteroidetes_1166_2_tp_2, Bacteroidetes_918_4_tp_2, Cercozoa_22_1_tp_2, Cercozoa_395_1_tp_2, Dinoflagellata_124_1_tp_2, Proteobacteria_6847_1_tp_2, Proteobacteria_7289_1_tp_2, Proteobacteria_7983_4_tp_2, Pseudofungi_43_1_tp_2",0.413827014540806,0.319183760075027
"Bacteroidetes_1360_3","Cercozoa_23_1_tp_2, Cyanobacteria_73_1_tp_2, Dinoflagellata_1658_1_tp_2, Dinoflagellata_1711_1_tp_2, Planctomycetes_61_1_tp_2, Proteobacteria_10114_1_tp_2, Proteobacteria_11429_1_tp_2, Proteobacteria_8177_2_tp_2, Verrucomicrobia_18_1_tp_2",0.423652799368747,0.325220498234415
"Bacteroidetes_1360_3","Bacillariophyta_31_1_tp_2, Bacillariophyta_44_1_tp_2, Ciliophora_280_1_tp_2, Dinoflagellata_1771_1_tp_2, Planctomycetes_61_1_tp_2, Proteobacteria_6847_1_tp_2, Proteobacteria_7787_1_tp_2, Proteobacteria_8176_2_tp_2, Verrucomicrobia_18_1_tp_2",0.505855629328102,0.310250971283609
"Bacteroidetes_1360_3","Bacteroidetes_1186_1_tp_2, Ciliophora_298_1_tp_2, Dinoflagellata_1017_1_tp_2, Planctomycetes_27_1_tp_2, Proteobacteria_5436_1_tp_2, Proteobacteria_7983_6_tp_2, Proteobacteria_7984_1_tp_2, Proteobacteria_8178_1_tp_2, Proteobacteria_8185_1_tp_2",0.522312744607567,0.30112908115839
"Bacteroidetes_1360_3","Bacillariophyta_219_1_tp_2, Bacteroidetes_129_2_tp_2, Bacteroidetes_938_1_tp_2, Dinoflagellata_1496_1_tp_2, Picozoa_18_1_tp_2, Proteobacteria_11210_2_tp_2, Proteobacteria_6847_1_tp_2, Proteobacteria_7983_7_tp_2, Proteobacteria_8177_2_tp_2",0.531608658160381,0.300570509675574
"Bacteroidetes_1360_3","Bacteroidetes_1166_1_tp_2, Bacteroidetes_1186_1_tp_2, Bacteroidetes_1194_1_tp_2, Bacteroidetes_918_1_tp_2, Ciliophora_403_1_tp_2, Dinoflagellata_1658_1_tp_2, Dinoflagellata_1758_1_tp_2, Proteobacteria_7364_1_tp_2, Proteobacteria_7787_1_tp_2",0.536630584592272,0.301866236147331
"Bacteroidetes_1360_3","Bacteroidetes_131_1_tp_2, Dinoflagellata_1010_1_tp_2, Dinoflagellata_1728_1_tp_2, Planctomycetes_27_1_tp_2, Proteobacteria_11210_1_tp_2, Proteobacteria_11429_3_tp_2, Proteobacteria_6847_1_tp_2, Proteobacteria_7230_2_tp_2, Verrucomicrobia_22_2_tp_2",0.505922508517319,0.31372594147599
"Bacteroidetes_1360_3","Bacteroidetes_1166_2_tp_2, Ciliophora_451_1_tp_2, Dinoflagellata_1010_1_tp_2, Dinoflagellata_1658_1_tp_2, Lobosa_11_1_tp_2, Proteobacteria_11429_2_tp_2, Proteobacteria_7983_2_tp_2, Proteobacteria_7983_8_tp_2, Verrucomicrobia_22_2_tp_2",0.462896424414492,0.319935187982221
"Bacteroidetes_1360_3","Actinobacteria_410_2_tp_2, Bacteroidetes_1151_1_tp_2, Dictyochophyceae_6_1_tp_2, Lobosa_11_1_tp_2, Planctomycetes_34_1_tp_2, Proteobacteria_11210_2_tp_2, Proteobacteria_7319_1_tp_2, Proteobacteria_8185_1_tp_2, Verrucomicrobia_18_4_tp_2",0.565151939450158,0.293743762861266
"Bacteroidetes_1360_3","Bacteroidetes_1235_1_tp_2, Chlorophyta__streptophyta_845_1_tp_2, Cyanobacteria_48_1_tp_2, Cyanobacteria_65_1_tp_2, Dinoflagellata_1496_1_tp_2, Dinoflagellata_955_1_tp_2, Picozoa_18_1_tp_2, Proteobacteria_10168_1_tp_2, Proteobacteria_7364_1_tp_2",0.540312876127608,0.296512382483252
"Bacteroidetes_1360_3","Bacillariophyta_31_1_tp_2, Chlorophyta__streptophyta_751_1_tp_2, Dinoflagellata_1014_1_tp_2, Proteobacteria_11190_1_tp_2, Proteobacteria_7316_1_tp_2, Proteobacteria_8175_1_tp_2, Proteobacteria_9681_2_tp_2, Verrucomicrobia_18_2_tp_2, Verrucomicrobia_23_1_tp_2",0.604014332670492,0.277423469910525
"Bacteroidetes_1360_3","Bacteroidetes_1166_1_tp_2, Bacteroidetes_1204_1_tp_2, Bacteroidetes_1249_1_tp_2, Cercozoa_23_1_tp_2, Ciliophora_298_1_tp_2, Cyanobacteria_73_1_tp_2, Perkinsea_33_1_tp_2, Proteobacteria_11431_1_tp_2, Proteobacteria_7983_8_tp_2",0.527507829007083,0.319839078424174
"Bacteroidetes_1360_3","Bacillariophyta_123_1_tp_2, Bacteroidetes_1249_1_tp_2, Bacteroidetes_1264_1_tp_2, Bacteroidetes_938_1_tp_2, Ciliophora_403_1_tp_2, Ciliophora_451_1_tp_2, Dinoflagellata_1009_1_tp_2, Dinoflagellata_1749_1_tp_2, Verrucomicrobia_18_4_tp_2",0.502991206362116,0.313732278528657
"Bacteroidetes_1360_3","Bacillariophyta_219_1_tp_2, Cercozoa_22_1_tp_2, Cercozoa_395_1_tp_2, Dinoflagellata_1017_1_tp_2, Dinoflagellata_1658_1_tp_2, Planctomycetes_61_1_tp_2, Proteobacteria_7230_1_tp_2, Verrucomicrobia_18_4_tp_2, Verrucomicrobia_23_1_tp_2",0.333628295809733,0.331025278376287
"Bacteroidetes_1360_3","Bacillariophyta_219_1_tp_2, Bacteroidetes_1167_1_tp_2, Bacteroidetes_918_3_tp_2, Bacteroidetes_919_3_tp_2, Dinoflagellata_1098_1_tp_2, Dinoflagellata_1711_1_tp_2, Proteobacteria_7231_1_tp_2, Proteobacteria_7983_5_tp_2, Sagenista_53_1_tp_2",0.406413257909507,0.324437733051207
"Bacteroidetes_1360_3","Dinoflagellata_1010_1_tp_2, Dinoflagellata_1542_1_tp_2, Div_reps_2942_1_tp_2, Proteobacteria_11429_2_tp_2, Proteobacteria_11429_4_tp_2, Proteobacteria_7983_3_tp_2, Proteobacteria_7984_1_tp_2, Proteobacteria_8177_2_tp_2, Proteobacteria_8185_1_tp_2",0.543318460970165,0.30413834372732
"Bacteroidetes_1360_3","Bacillariophyta_219_1_tp_2, Dinoflagellata_1014_1_tp_2, Dinoflagellata_1749_1_tp_2, Dinoflagellata_1771_1_tp_2, Dinoflagellata_1862_1_tp_2, Katablepharidophyta_7_1_tp_2, Phylum_reps_1954_1_tp_2, Proteobacteria_11429_2_tp_2, Proteobacteria_7982_2_tp_2",0.53850954571223,0.2972469515653
"Bacteroidetes_1360_3","Chlorophyta__streptophyta_833_1_tp_2, Dinoflagellata_1793_1_tp_2, Nitrospirae_9_1_tp_2, Proteobacteria_22_1_tp_2, Proteobacteria_7230_2_tp_2, Proteobacteria_7289_1_tp_2, Proteobacteria_7313_1_tp_2, Sagenista_53_1_tp_2, Verrucomicrobia_18_4_tp_2",0.404360176415027,0.324989828346381
"Bacteroidetes_1360_3","Bacteroidetes_1204_1_tp_2, Bacteroidetes_1360_4_tp_2, Chlorophyta__streptophyta_732_1_tp_2, Proteobacteria_10168_1_tp_2, Proteobacteria_7982_2_tp_2, Proteobacteria_7983_2_tp_2, Proteobacteria_7983_7_tp_2, Proteobacteria_7984_1_tp_2, Verrucomicrobia_18_1_tp_2",0.516864436923021,0.323141732409806
"Bacteroidetes_1360_3","Actinobacteria_410_1_tp_2, Actinobacteria_410_2_tp_2, Bacteroidetes_131_1_tp_2, Dinoflagellata_1496_1_tp_2, Haptophyta_148_1_tp_2, Proteobacteria_10114_1_tp_2, Proteobacteria_7983_8_tp_2, Proteobacteria_8175_1_tp_2, Proteobacteria_9681_2_tp_2",0.45889505448303,0.314996169721253
"Bacteroidetes_1360_3","Chlorophyta__streptophyta_751_1_tp_2, Ciliophora_234_1_tp_2, Ciliophora_280_1_tp_2, Cyanobacteria_73_1_tp_2, Proteobacteria_11155_2_tp_2, Proteobacteria_5461_1_tp_2, Proteobacteria_7313_1_tp_2, Proteobacteria_7983_5_tp_2, Proteobacteria_8520_1_tp_2",0.516633259249731,0.279153144799156
"Bacteroidetes_1360_3","Bacillariophyta_100_1_tp_2, Bacillariophyta_123_1_tp_2, Bacteroidetes_1166_1_tp_2, Bacteroidetes_1235_1_tp_2, Chlorophyta__streptophyta_751_1_tp_2, Proteobacteria_5436_1_tp_2, Proteobacteria_7231_1_tp_2, Proteobacteria_8176_2_tp_2, Proteobacteria_8177_2_tp_2",0.500698202796636,0.306023999756648
"Bacteroidetes_1360_3","Bacteroidetes_919_1_tp_2, Dinoflagellata_1769_1_tp_2, Phylum_reps_1985_1_tp_2, Planctomycetes_61_1_tp_2, Proteobacteria_11155_1_tp_2, Proteobacteria_7230_2_tp_2, Proteobacteria_7787_1_tp_2, Proteobacteria_8176_2_tp_2, Sagenista_53_1_tp_2",0.483870405239629,0.325078556694611
"Bacteroidetes_1360_3","Bacteroidetes_1204_1_tp_2, Bacteroidetes_918_1_tp_2, Cercozoa_23_1_tp_2, Ciliophora_1195_1_tp_2, Ciliophora_403_1_tp_2, Dinoflagellata_124_1_tp_2, Dinoflagellata_874_1_tp_2, Phylum_reps_2301_1_tp_2, Sagenista_53_1_tp_2",0.46184468554825,0.327556095616418
"Bacteroidetes_1360_3","Bacillariophyta_219_1_tp_2, Chlorophyta__streptophyta_732_1_tp_2, Cryptophyta_108_1_tp_2, Dinoflagellata_1014_1_tp_2, Div_reps_2942_1_tp_2, Proteobacteria_7314_1_tp_2, Proteobacteria_7982_2_tp_2, Proteobacteria_8175_1_tp_2, Proteobacteria_8520_1_tp_2",0.515186374541741,0.298540919051135
"Bacteroidetes_1360_3","Bacillariophyta_29_1_tp_2, Bacteroidetes_129_1_tp_2, Bacteroidetes_1360_5_tp_2, Cercozoa_23_1_tp_2, Cyanobacteria_73_1_tp_2, Div_reps_2942_1_tp_2, Perkinsea_33_1_tp_2, Phylum_reps_1954_1_tp_2, Proteobacteria_7982_1_tp_2",0.561898583666042,0.299759097335764
"Bacteroidetes_1360_3","Actinobacteria_410_1_tp_2, Chlorophyta__streptophyta_833_1_tp_2, Ciliophora_1195_1_tp_2, Dinoflagellata_874_1_tp_2, Proteobacteria_10114_1_tp_2, Proteobacteria_7166_1_tp_2, Proteobacteria_7230_3_tp_2, Proteobacteria_7314_1_tp_2, Proteobacteria_7982_2_tp_2",0.518761307340742,0.298848638668648
"Bacteroidetes_1360_3","Bacteroidetes_1178_1_tp_2, Chlorophyta__streptophyta_848_1_tp_2, Dinoflagellata_1555_1_tp_2, Dinoflagellata_1728_2_tp_2, Nitrospirae_9_1_tp_2, Proteobacteria_10091_1_tp_2, Proteobacteria_7984_1_tp_2, Verrucomicrobia_22_1_tp_2, Verrucomicrobia_22_2_tp_2",0.546069721581457,0.290760815603436
"Bacteroidetes_1360_3","Bacteroidetes_129_1_tp_2, Bacteroidetes_129_2_tp_2, Chlorophyta__streptophyta_833_1_tp_2, Ciliophora_1195_1_tp_2, Ciliophora_234_1_tp_2, Ciliophora_403_1_tp_2, Dinoflagellata_1862_1_tp_2, Div_reps_1600_1_tp_2, Planctomycetes_61_1_tp_2",0.424010292813253,0.318349029823795
"Bacteroidetes_1360_3","Bacteroidetes_1224_1_tp_2, Cercozoa_395_1_tp_2, Cryptophyta_108_1_tp_2, Dinoflagellata_1771_2_tp_2, Dinoflagellata_1793_1_tp_2, Dinoflagellata_955_1_tp_2, Nitrospirae_9_1_tp_2, Proteobacteria_6384_1_tp_2, Verrucomicrobia_23_1_tp_2",0.48922209166285,0.303245454079545
"Bacteroidetes_1360_3","Bacillariophyta_138_1_tp_2, Bacteroidetes_317_1_tp_2, Dictyochophyceae_6_1_tp_2, Dinoflagellata_1769_1_tp_2, Div_reps_2942_1_tp_2, Phylum_reps_1985_1_tp_2, Proteobacteria_7230_1_tp_2, Proteobacteria_7313_1_tp_2, Verrucomicrobia_18_4_tp_2",0.470762525035546,0.318651695525143
"Bacteroidetes_1360_3","Bacteroidetes_1264_1_tp_2, Bacteroidetes_919_3_tp_2, Lobosa_11_1_tp_2, Phylum_reps_1954_1_tp_2, Picozoa_6_1_tp_2, Proteobacteria_11155_2_tp_2, Proteobacteria_7166_1_tp_2, Proteobacteria_7230_3_tp_2, Proteobacteria_7787_1_tp_2",0.515301429835536,0.301678888369778
"Bacteroidetes_1360_3","Archaea_164_2_tp_2, Bacteroidetes_131_1_tp_2, Bacteroidetes_938_1_tp_2, Ciliophora_234_1_tp_2, Proteobacteria_7983_2_tp_2, Proteobacteria_7983_4_tp_2, temperature_tp_2, Verrucomicrobia_18_2_tp_2, Verrucomicrobia_22_2_tp_2",0.541257406737114,0.306175158250263
"Bacteroidetes_1360_3","Archaea_179_1_tp_2, Bacteroidetes_1204_1_tp_2, Bacteroidetes_919_3_tp_2, Cercozoa_23_1_tp_2, Dictyochophyceae_6_1_tp_2, Proteobacteria_11155_1_tp_2, Proteobacteria_7230_1_tp_2, Proteobacteria_7983_6_tp_2, Proteobacteria_7984_1_tp_2",0.597532920480919,0.294674354616295
"Bacteroidetes_1360_3","Archaea_164_2_tp_2, Bacillariophyta_44_1_tp_2, Bacteroidetes_1178_1_tp_2, Bacteroidetes_918_4_tp_2, Cryptophyta_15_1_tp_2, Proteobacteria_10168_1_tp_2, Proteobacteria_11431_2_tp_2, Proteobacteria_7983_1_tp_2, Sagenista_53_1_tp_2",0.486218376778814,0.310429815376589
"Bacteroidetes_1360_3","Bacteroidetes_1235_1_tp_2, Bacteroidetes_1249_1_tp_2, Bacteroidetes_317_1_tp_2, Cryptophyta_15_1_tp_2, Dinoflagellata_1017_1_tp_2, Dinoflagellata_1793_1_tp_2, Proteobacteria_7319_1_tp_2, Proteobacteria_7983_3_tp_2, Proteobacteria_8178_1_tp_2",0.50730185448933,0.309376423473299
"Bacteroidetes_1360_3","Bacteroidetes_1151_1_tp_2, Bacteroidetes_918_2_tp_2, Bacteroidetes_919_2_tp_2, Chlorophyta__streptophyta_848_1_tp_2, Chlorophyta__streptophyta_895_1_tp_2, Dinoflagellata_1009_1_tp_2, Dinoflagellata_1014_1_tp_2, Lobosa_11_1_tp_2, Verrucomicrobia_22_2_tp_2",0.432442878638759,0.315044859818501
"Bacteroidetes_1360_3","Chlorophyta__streptophyta_833_1_tp_2, Dinoflagellata_1010_1_tp_2, Proteobacteria_10168_1_tp_2, Proteobacteria_5436_1_tp_2, Proteobacteria_7983_2_tp_2, Proteobacteria_7983_8_tp_2, Proteobacteria_8520_1_tp_2, Sagenista_61_1_tp_2, Verrucomicrobia_22_1_tp_2",0.530736825755581,0.305095767150732
"Bacteroidetes_1360_3","Bacteroidetes_317_1_tp_2, Bacteroidetes_918_3_tp_2, Dinoflagellata_1009_1_tp_2, Dinoflagellata_1711_1_tp_2, Haptophyta_203_1_tp_2, Proteobacteria_10168_1_tp_2, Proteobacteria_7295_1_tp_2, Proteobacteria_8185_1_tp_2, Verrucomicrobia_18_1_tp_2",0.605592367298639,0.289442474071114
"Bacteroidetes_1360_3","Bacteroidetes_1235_1_tp_2, Cyanobacteria_73_1_tp_2, Dinoflagellata_1542_1_tp_2, Dinoflagellata_955_1_tp_2, Planctomycetes_61_1_tp_2, Proteobacteria_11155_2_tp_2, Proteobacteria_8176_2_tp_2, Proteobacteria_9649_1_tp_2, Verrucomicrobia_22_2_tp_2",0.428306454621308,0.324826727952075
"Bacteroidetes_1360_3","Bacteroidetes_1349_1_tp_2, Chlorophyta__streptophyta_751_1_tp_2, Dinoflagellata_1010_1_tp_2, Dinoflagellata_1711_1_tp_2, Proteobacteria_7319_1_tp_2, Proteobacteria_7983_8_tp_2, Sagenista_53_1_tp_2, Verrucomicrobia_18_3_tp_2, Verrucomicrobia_23_1_tp_2",0.368723210531774,0.336622910825109
"Bacteroidetes_1360_3","Actinobacteria_410_1_tp_2, Bacteroidetes_919_1_tp_2, Cercozoa_23_1_tp_2, Cyanobacteria_48_1_tp_2, Div_reps_1600_2_tp_2, Proteobacteria_11428_1_tp_2, Proteobacteria_7295_1_tp_2, Proteobacteria_7983_7_tp_2, Proteobacteria_7983_8_tp_2",0.556412812954893,0.304275383121921
"Bacteroidetes_1360_3","Archaea_164_1_tp_2, Bacteroidetes_918_5_tp_2, Bacteroidetes_919_1_tp_2, Cercozoa_291_1_tp_2, Chlorophyta__streptophyta_751_1_tp_2, Dinoflagellata_1009_1_tp_2, Phylum_reps_2301_1_tp_2, Proteobacteria_11429_3_tp_2, Proteobacteria_7319_1_tp_2",0.507481937275049,0.30515749720509
"Bacteroidetes_1360_3","Actinobacteria_410_2_tp_2, Bacteroidetes_1186_1_tp_2, Dinoflagellata_1009_1_tp_2, Dinoflagellata_1728_2_tp_2, Dinoflagellata_1862_1_tp_2, Nitrospirae_9_1_tp_2, Proteobacteria_10168_1_tp_2, Proteobacteria_7314_1_tp_2, Verrucomicrobia_18_2_tp_2",0.516969698454445,0.296823362383929
"Bacteroidetes_1360_3","Archaea_164_2_tp_2, Bacillariophyta_44_1_tp_2, Bacteroidetes_1151_1_tp_2, Dinoflagellata_1496_1_tp_2, Perkinsea_33_1_tp_2, Planctomycetes_61_1_tp_2, Proteobacteria_11120_1_tp_2, Proteobacteria_7983_1_tp_2, Proteobacteria_7983_4_tp_2",0.478954822088149,0.307140789844681
"Bacteroidetes_1360_3","Bacteroidetes_918_2_tp_2, Bacteroidetes_919_2_tp_2, Chlorophyta__streptophyta_845_1_tp_2, Ciliophora_403_1_tp_2, Cryptophyta_15_2_tp_2, Planctomycetes_34_1_tp_2, Proteobacteria_11210_2_tp_2, Proteobacteria_11429_1_tp_2, Proteobacteria_7982_1_tp_2",0.484742963921031,0.308566889244428
"Bacteroidetes_1360_3","Bacillariophyta_123_1_tp_2, Bacteroidetes_1360_5_tp_2, Dinoflagellata_1198_1_tp_2, Dinoflagellata_1771_1_tp_2, Dinoflagellata_1968_1_tp_2, Planctomycetes_34_1_tp_2, Proteobacteria_8178_1_tp_2, Verrucomicrobia_18_2_tp_2, Verrucomicrobia_22_1_tp_2",0.499276794101338,0.310655767081053
"Bacteroidetes_1360_3","Bacillariophyta_100_1_tp_2, Bacteroidetes_1360_2_tp_2, Perkinsea_33_1_tp_2, Planctomycetes_34_1_tp_2, Proteobacteria_10168_1_tp_2, Proteobacteria_7983_8_tp_2, Proteobacteria_9681_1_tp_2, Proteobacteria_9681_2_tp_2, Verrucomicrobia_18_1_tp_2",0.579996615182607,0.275022898145906
"Bacteroidetes_1360_3","Bacillariophyta_29_1_tp_2, Ciliophora_403_1_tp_2, Dinoflagellata_1014_1_tp_2, Dinoflagellata_1793_1_tp_2, Dinoflagellata_1862_1_tp_2, Haptophyta_203_1_tp_2, Phylum_reps_2301_1_tp_2, Proteobacteria_7230_3_tp_2, Proteobacteria_7984_1_tp_2",0.46831434096909,0.321550071229235
"Bacteroidetes_1360_3","Chlorophyta__streptophyta_895_1_tp_2, Cryptophyta_15_2_tp_2, Dictyochophyceae_6_1_tp_2, Dinoflagellata_1711_1_tp_2, Phylum_reps_1985_1_tp_2, Proteobacteria_7230_1_tp_2, Proteobacteria_7230_2_tp_2, Proteobacteria_7983_4_tp_2, Proteobacteria_7984_1_tp_2",0.539608152302535,0.311668485943625
"Bacteroidetes_1360_3","Bacillariophyta_219_1_tp_2, Bacteroidetes_1224_1_tp_2, Bacteroidetes_129_2_tp_2, Bacteroidetes_1360_2_tp_2, Chlorophyta__streptophyta_833_1_tp_2, Dinoflagellata_1198_1_tp_2, Dinoflagellata_1542_1_tp_2, Dinoflagellata_1793_1_tp_2, Proteobacteria_8185_1_tp_2",0.559713786023065,0.305074140027583
"Bacteroidetes_1360_3","Bacteroidetes_1235_1_tp_2, Chlorophyta__streptophyta_895_1_tp_2, Cyanobacteria_65_1_tp_2, Cyanobacteria_73_1_tp_2, Dinoflagellata_874_1_tp_2, Div_reps_1600_2_tp_2, Phylum_reps_1954_1_tp_2, Phylum_reps_2301_1_tp_2, Proteobacteria_7982_2_tp_2",0.497815784613092,0.3141321318509
"Bacteroidetes_1360_3","Bacteroidetes_1151_1_tp_2, Bacteroidetes_129_2_tp_2, Dictyochophyceae_6_1_tp_2, Proteobacteria_7174_1_tp_2, Proteobacteria_7787_1_tp_2, Proteobacteria_8177_2_tp_2, Raphidophyceae_3_1_tp_2, Sagenista_61_1_tp_2, Verrucomicrobia_18_3_tp_2",0.526079631935792,0.304710588293918
"Bacteroidetes_1360_3","Bacillariophyta_29_1_tp_2, Bacteroidetes_1166_2_tp_2, Bacteroidetes_1360_2_tp_2, Cercozoa_23_1_tp_2, Ciliophora_298_1_tp_2, Cyanobacteria_85_1_tp_2, Proteobacteria_7983_3_tp_2, Sagenista_53_1_tp_2, Verrucomicrobia_23_1_tp_2",0.446292880754596,0.323005683514849
"Bacteroidetes_1360_3","Ciliophora_451_1_tp_2, Dinoflagellata_1496_1_tp_2, Dinoflagellata_1728_1_tp_2, Dinoflagellata_1771_1_tp_2, Perkinsea_33_1_tp_2, Proteobacteria_11431_1_tp_2, Proteobacteria_7316_1_tp_2, Proteobacteria_8520_1_tp_2, Radiolaria_104_1_tp_2",0.470511887838259,0.309301271614294
"Bacteroidetes_1360_3","Bacteroidetes_938_1_tp_2, Cercozoa_291_1_tp_2, Cryptophyta_15_1_tp_2, Dinoflagellata_1014_1_tp_2, Dinoflagellata_1658_1_tp_2, Dinoflagellata_1758_1_tp_2, Dinoflagellata_1771_1_tp_2, Dinoflagellata_1862_1_tp_2, Sagenista_53_1_tp_2",0.38686713467433,0.338072381559545
"Bacteroidetes_1360_3","Bacillariophyta_196_1_tp_2, Bacteroidetes_918_5_tp_2, Dinoflagellata_1017_1_tp_2, Div_reps_2942_1_tp_2, Planctomycetes_34_1_tp_2, Proteobacteria_6384_1_tp_2, Proteobacteria_7100_1_tp_2, Proteobacteria_7230_3_tp_2, Proteobacteria_7982_2_tp_2",0.454147086397321,0.310986333538403
"Bacteroidetes_1360_3","Chlorophyta__streptophyta_751_1_tp_2, Dinoflagellata_1728_2_tp_2, Dinoflagellata_874_1_tp_2, Haptophyta_203_1_tp_2, Proteobacteria_11428_1_tp_2, Proteobacteria_7230_3_tp_2, Proteobacteria_7787_1_tp_2, Proteobacteria_7983_5_tp_2, temperature_tp_2",0.526568483034961,0.297491693017174
"Bacteroidetes_1360_3","Bacteroidetes_131_1_tp_2, Bacteroidetes_1360_4_tp_2, Dinoflagellata_1749_1_tp_2, Dinoflagellata_1771_1_tp_2, Proteobacteria_10114_1_tp_2, Proteobacteria_7983_3_tp_2, Proteobacteria_8177_2_tp_2, Raphidophyceae_3_1_tp_2, Verrucomicrobia_18_2_tp_2",0.489938122802877,0.308137020272212
"Bacteroidetes_1360_3","Bacteroidetes_1151_1_tp_2, Bacteroidetes_1349_1_tp_2, Chlorophyta__streptophyta_845_1_tp_2, Dinoflagellata_1771_1_tp_2, Planctomycetes_27_1_tp_2, Proteobacteria_5436_1_tp_2, Proteobacteria_7313_1_tp_2, Proteobacteria_7983_3_tp_2, Proteobacteria_7983_6_tp_2",0.557597461962114,0.29689518932915
"Bacteroidetes_1360_3","Bacillariophyta_196_1_tp_2, Chlorophyta__streptophyta_848_1_tp_2, Proteobacteria_6847_1_tp_2, Proteobacteria_7230_1_tp_2, Proteobacteria_7319_1_tp_2, Proteobacteria_8176_1_tp_2, Proteobacteria_8177_1_tp_2, Proteobacteria_8178_1_tp_2, Proteobacteria_9681_2_tp_2",0.505885824236375,0.305908313248625
"Bacteroidetes_1360_3","Archaea_179_1_tp_2, Bacteroidetes_1194_1_tp_2, Bacteroidetes_1360_2_tp_2, Chlorophyta__streptophyta_732_1_tp_2, Cryptophyta_108_1_tp_2, Proteobacteria_11155_2_tp_2, Proteobacteria_5436_1_tp_2, Proteobacteria_6384_1_tp_2, Verrucomicrobia_22_1_tp_2",0.494562563997406,0.30494339373658
"Bacteroidetes_1360_3","Bacteroidetes_1360_4_tp_2, Bacteroidetes_918_2_tp_2, Bacteroidetes_919_2_tp_2, Div_reps_1600_1_tp_2, Div_reps_1600_2_tp_2, Proteobacteria_10091_1_tp_2, Proteobacteria_7982_1_tp_2, Proteobacteria_8178_1_tp_2, temperature_tp_2",0.47540355262589,0.317574664192867
"Bacteroidetes_1360_3","Actinobacteria_410_2_tp_2, Bacteroidetes_1194_1_tp_2, Bacteroidetes_317_1_tp_2, Cercozoa_395_1_tp_2, Chlorophyta__streptophyta_895_1_tp_2, Dinoflagellata_1862_1_tp_2, Proteobacteria_7289_1_tp_2, Proteobacteria_7983_6_tp_2, Verrucomicrobia_23_1_tp_2",0.537920905873691,0.300121417066266
"Bacteroidetes_1360_3","Bacteroidetes_1360_2_tp_2, Dinoflagellata_1010_1_tp_2, Dinoflagellata_1014_1_tp_2, Picozoa_18_1_tp_2, Proteobacteria_11210_2_tp_2, Proteobacteria_5461_1_tp_2, Proteobacteria_7230_3_tp_2, Proteobacteria_8176_2_tp_2, Rhodophyta_506_1_tp_2",0.479116690099671,0.309552690633053
"Bacteroidetes_1360_3","Bacteroidetes_956_1_tp_2, Chlorophyta__streptophyta_751_1_tp_2, Dinoflagellata_1728_2_tp_2, Dinoflagellata_1968_1_tp_2, Dinoflagellata_955_1_tp_2, Perkinsea_44_1_tp_2, Proteobacteria_7314_1_tp_2, Proteobacteria_8176_1_tp_2, Proteobacteria_8177_1_tp_2",0.457475528710151,0.310049989280294
"Bacteroidetes_1360_3","Bacteroidetes_1167_1_tp_2, Bacteroidetes_1194_1_tp_2, Cercozoa_22_1_tp_2, Ciliophora_1195_1_tp_2, Dinoflagellata_1010_1_tp_2, Proteobacteria_7983_1_tp_2, Proteobacteria_7983_4_tp_2, Proteobacteria_8177_2_tp_2, Radiolaria_104_1_tp_2",0.427490710317154,0.320092729573316
"Bacteroidetes_1360_3","Chlorophyta__streptophyta_848_1_tp_2, Ciliophora_1195_1_tp_2, Cyanobacteria_85_1_tp_2, Dinoflagellata_1711_1_tp_2, Div_reps_1600_2_tp_2, Perkinsea_44_1_tp_2, Planctomycetes_27_1_tp_2, Proteobacteria_5461_1_tp_2, Proteobacteria_7316_1_tp_2",0.495648049991714,0.301307519222717
"Bacteroidetes_1360_3","Bacteroidetes_1151_1_tp_2, Bacteroidetes_1204_1_tp_2, Cercozoa_23_1_tp_2, Chrysophyceae_16_1_tp_2, Dinoflagellata_1017_1_tp_2, Dinoflagellata_1496_1_tp_2, Dinoflagellata_874_1_tp_2, Proteobacteria_7983_6_tp_2, Raphidophyceae_3_1_tp_2",0.527791056222515,0.329086827486867
"Bacteroidetes_1360_3","Bacillariophyta_123_1_tp_2, Bacillariophyta_138_1_tp_2, Chlorophyta__streptophyta_732_1_tp_2, Cryptophyta_108_1_tp_2, Dinoflagellata_1711_1_tp_2, Dinoflagellata_1749_1_tp_2, Rhodophyta_506_1_tp_2, Sagenista_61_1_tp_2, Verrucomicrobia_18_2_tp_2",0.458230952743294,0.316996347012619
"Bacteroidetes_1360_3","Bacteroidetes_1167_1_tp_2, Bacteroidetes_918_1_tp_2, Dinoflagellata_1014_1_tp_2, Dinoflagellata_1098_1_tp_2, Dinoflagellata_1793_1_tp_2, Proteobacteria_7787_1_tp_2, Proteobacteria_9681_1_tp_2, Sagenista_53_1_tp_2, Verrucomicrobia_22_2_tp_2",0.402474997901209,0.326857881007677
"Bacteroidetes_1360_3","Bacillariophyta_196_1_tp_2, Bacteroidetes_129_1_tp_2, Ciliophora_1195_1_tp_2, Ciliophora_298_1_tp_2, Dinoflagellata_1009_1_tp_2, Dinoflagellata_124_1_tp_2, Proteobacteria_11429_4_tp_2, Proteobacteria_7316_1_tp_2, Verrucomicrobia_23_1_tp_2",0.550793624848425,0.307219724959139
"Bacteroidetes_1360_3","Bacteroidetes_1178_1_tp_2, Bacteroidetes_1249_1_tp_2, Cercozoa_291_1_tp_2, Ciliophora_280_1_tp_2, Dinoflagellata_1749_1_tp_2, Dinoflagellata_1793_1_tp_2, Dinoflagellata_874_1_tp_2, Proteobacteria_7174_1_tp_2, Proteobacteria_7982_1_tp_2",0.572028830298917,0.301964708333186
"Bacteroidetes_1360_3","Archaea_164_1_tp_2, Bacillariophyta_100_1_tp_2, Bacteroidetes_1264_1_tp_2, Cercozoa_395_1_tp_2, Dinoflagellata_1542_1_tp_2, Dinoflagellata_1769_1_tp_2, Proteobacteria_10168_1_tp_2, Proteobacteria_7295_1_tp_2, Proteobacteria_7314_1_tp_2",0.581842608659289,0.289214419143254
"Bacteroidetes_1360_3","Actinobacteria_410_2_tp_2, Bacteroidetes_1360_5_tp_2, Dinoflagellata_124_1_tp_2, Proteobacteria_11429_3_tp_2, Proteobacteria_11429_4_tp_2, Proteobacteria_22_1_tp_2, Proteobacteria_7983_2_tp_2, Proteobacteria_7983_3_tp_2, Verrucomicrobia_22_1_tp_2",0.514118396991149,0.305705949317899
"Bacteroidetes_1360_3","Bacillariophyta_219_1_tp_2, Bacteroidetes_1360_1_tp_2, Cercozoa_23_1_tp_2, Ciliophora_403_1_tp_2, Cryptophyta_15_2_tp_2, Cyanobacteria_65_1_tp_2, Dinoflagellata_1771_1_tp_2, Haptophyta_203_1_tp_2, Proteobacteria_7982_1_tp_2",0.536864166926215,0.297975383902029
"Bacteroidetes_1360_3","Actinobacteria_410_1_tp_2, Bacteroidetes_1151_1_tp_2, Bacteroidetes_918_2_tp_2, Dinoflagellata_1496_1_tp_2, Planctomycetes_27_1_tp_2, Proteobacteria_11431_2_tp_2, Proteobacteria_7295_1_tp_2, Proteobacteria_8175_1_tp_2, Sagenista_61_1_tp_2",0.520083482458037,0.298793725221469
"Bacteroidetes_1360_3","Bacillariophyta_100_1_tp_2, Bacillariophyta_31_1_tp_2, Bacteroidetes_1360_1_tp_2, Bacteroidetes_918_5_tp_2, Cercozoa_22_1_tp_2, Chlorophyta__streptophyta_732_1_tp_2, Ciliophora_451_1_tp_2, Proteobacteria_7982_1_tp_2, temperature_tp_2",0.523503884777557,0.304258716652088
"Bacteroidetes_1360_3","Bacillariophyta_123_1_tp_2, Bacteroidetes_1224_1_tp_2, Bacteroidetes_918_1_tp_2, Cyanobacteria_85_1_tp_2, Dinoflagellata_1014_1_tp_2, Dinoflagellata_1542_1_tp_2, Div_reps_2942_1_tp_2, Proteobacteria_7319_1_tp_2, Proteobacteria_7983_4_tp_2",0.499411947852521,0.307280364690667
"Bacteroidetes_1360_3","Chlorophyta__streptophyta_848_1_tp_2, Proteobacteria_11155_1_tp_2, Proteobacteria_11429_3_tp_2, Proteobacteria_7166_1_tp_2, Proteobacteria_7174_1_tp_2, Proteobacteria_7983_7_tp_2, Sagenista_53_1_tp_2, Verrucomicrobia_18_4_tp_2, Verrucomicrobia_22_1_tp_2",0.42759062699025,0.328244627677326
"Bacteroidetes_1360_3","Bacteroidetes_1194_1_tp_2, Bacteroidetes_1224_1_tp_2, Bacteroidetes_129_2_tp_2, Bacteroidetes_1360_2_tp_2, Chlorophyta__streptophyta_120_1_tp_2, Dinoflagellata_1010_1_tp_2, Proteobacteria_11429_4_tp_2, Proteobacteria_5436_1_tp_2, Verrucomicrobia_18_4_tp_2",0.48694161670668,0.310761026580489
"Bacteroidetes_1360_3","Bacteroidetes_1194_1_tp_2, Bacteroidetes_129_2_tp_2, Bacteroidetes_131_1_tp_2, Haptophyta_148_1_tp_2, Katablepharidophyta_7_1_tp_2, Proteobacteria_5436_1_tp_2, Proteobacteria_7230_3_tp_2, Proteobacteria_7982_2_tp_2, Proteobacteria_8175_1_tp_2",0.532024762898977,0.298453700607108
"Bacteroidetes_1360_3","Bacteroidetes_938_1_tp_2, Cercozoa_23_1_tp_2, Dinoflagellata_1198_1_tp_2, Picozoa_6_1_tp_2, Proteobacteria_11429_1_tp_2, Proteobacteria_7230_1_tp_2, Proteobacteria_7230_2_tp_2, Proteobacteria_7314_1_tp_2, Proteobacteria_7316_1_tp_2",0.507583902553598,0.304112608159996
"Bacteroidetes_1360_3","Archaea_164_2_tp_2, Bacteroidetes_1249_1_tp_2, Bacteroidetes_131_1_tp_2, Chlorophyta__streptophyta_833_1_tp_2, Nitrospirae_9_1_tp_2, Proteobacteria_11428_1_tp_2, Proteobacteria_22_1_tp_2, Sagenista_61_1_tp_2, Verrucomicrobia_18_4_tp_2",0.48822765548671,0.304786338234104
"Bacteroidetes_1360_3","Actinobacteria_410_1_tp_2, Bacillariophyta_219_1_tp_2, Chlorophyta__streptophyta_751_1_tp_2, Cyanobacteria_48_1_tp_2, Cyanobacteria_85_1_tp_2, Dinoflagellata_1711_1_tp_2, Proteobacteria_11155_1_tp_2, Proteobacteria_11429_1_tp_2, Proteobacteria_8176_1_tp_2",0.524573444698128,0.303498847715855
"Bacteroidetes_1360_3","Bacteroidetes_1151_1_tp_2, Ciliophora_403_1_tp_2, Dinoflagellata_1010_1_tp_2, Phylum_reps_2301_1_tp_2, Proteobacteria_10168_1_tp_2, Proteobacteria_11429_4_tp_2, Proteobacteria_7983_8_tp_2, Proteobacteria_9681_1_tp_2, Verrucomicrobia_18_1_tp_2",0.590949432286549,0.263513309487772
"Bacteroidetes_1360_3","Bacteroidetes_1167_1_tp_2, Bacteroidetes_1194_1_tp_2, Chlorophyta__streptophyta_751_1_tp_2, Cyanobacteria_48_1_tp_2, Proteobacteria_5461_1_tp_2, Proteobacteria_7313_1_tp_2, Proteobacteria_7319_1_tp_2, Proteobacteria_7983_6_tp_2, Proteobacteria_7983_7_tp_2",0.4824250034034,0.31022039283462
"Bacteroidetes_1360_3","Chlorophyta__streptophyta_120_1_tp_2, Chlorophyta__streptophyta_833_1_tp_2, Chlorophyta__streptophyta_895_1_tp_2, Dinoflagellata_124_1_tp_2, Dinoflagellata_1793_1_tp_2, Lobosa_11_1_tp_2, Proteobacteria_6384_1_tp_2, Proteobacteria_7319_1_tp_2, Proteobacteria_8176_2_tp_2",0.525614410967422,0.30871983213542
"Bacteroidetes_1360_3","Actinobacteria_410_1_tp_2, Bacteroidetes_918_1_tp_2, Cercozoa_395_1_tp_2, Ciliophora_451_1_tp_2, Dictyochophyceae_6_1_tp_2, Dinoflagellata_1014_1_tp_2, Dinoflagellata_1098_1_tp_2, Proteobacteria_7100_1_tp_2, Verrucomicrobia_18_3_tp_2",0.482798679542603,0.307984842544047
"Bacteroidetes_1360_3","Bacteroidetes_131_1_tp_2, Bacteroidetes_918_2_tp_2, Bacteroidetes_919_1_tp_2, Dinoflagellata_1017_1_tp_2, Katablepharidophyta_7_1_tp_2, Proteobacteria_11155_2_tp_2, Proteobacteria_7166_1_tp_2, Proteobacteria_7982_1_tp_2, Proteobacteria_8176_2_tp_2",0.522310107619791,0.299346360349003
"Bacteroidetes_1360_3","Archaea_164_1_tp_2, Archaea_164_2_tp_2, Bacteroidetes_131_1_tp_2, Dinoflagellata_1862_1_tp_2, Dinoflagellata_874_1_tp_2, Proteobacteria_11429_4_tp_2, Proteobacteria_11431_1_tp_2, Proteobacteria_7230_2_tp_2, Proteobacteria_7983_2_tp_2",0.542452864253184,0.304547330196908
"Bacteroidetes_1360_3","Bacteroidetes_1186_1_tp_2, Dinoflagellata_1728_1_tp_2, Dinoflagellata_955_1_tp_2, Lobosa_11_1_tp_2, Proteobacteria_7100_1_tp_2, Proteobacteria_7230_2_tp_2, Proteobacteria_7983_7_tp_2, Pseudofungi_43_1_tp_2, Radiolaria_104_1_tp_2",0.476749438824928,0.307865921530681
"Bacteroidetes_1360_3","Actinobacteria_410_1_tp_2, Bacteroidetes_1194_1_tp_2, Bacteroidetes_1360_5_tp_2, Dinoflagellata_1014_1_tp_2, Dinoflagellata_1728_2_tp_2, Dinoflagellata_1771_1_tp_2, Dinoflagellata_1793_1_tp_2, Planctomycetes_61_1_tp_2, Proteobacteria_11429_1_tp_2",0.519287714166901,0.299091660687479
"Bacteroidetes_1360_3","Archaea_164_2_tp_2, Cercozoa_22_1_tp_2, Ciliophora_298_1_tp_2, Cyanobacteria_65_1_tp_2, Div_reps_1600_2_tp_2, Proteobacteria_7230_3_tp_2, Proteobacteria_7983_2_tp_2, Proteobacteria_7983_4_tp_2, Verrucomicrobia_18_3_tp_2",0.647846061371985,0.256587298536956
"Bacteroidetes_1360_3","Bacillariophyta_31_1_tp_2, Bacteroidetes_1360_1_tp_2, Ciliophora_280_1_tp_2, Cryptophyta_15_1_tp_2, Cyanobacteria_48_1_tp_2, Dinoflagellata_1771_1_tp_2, Lobosa_11_1_tp_2, Perkinsea_44_1_tp_2, Proteobacteria_11429_1_tp_2",0.502973578654541,0.310020310179162
"Bacteroidetes_1360_3","Bacillariophyta_123_1_tp_2, Bacillariophyta_31_1_tp_2, Bacteroidetes_1166_1_tp_2, Bacteroidetes_919_1_tp_2, Dinoflagellata_1098_1_tp_2, Phylum_reps_1954_1_tp_2, Proteobacteria_5436_1_tp_2, Proteobacteria_7983_1_tp_2, Sagenista_53_1_tp_2",0.377036515438893,0.336590214020023
"Bacteroidetes_1360_3","Chlorophyta__streptophyta_751_1_tp_2, Ciliophora_298_1_tp_2, Cryptophyta_15_1_tp_2, Dinoflagellata_1793_1_tp_2, Phylum_reps_1985_1_tp_2, Proteobacteria_7100_1_tp_2, Proteobacteria_7983_8_tp_2, Proteobacteria_8175_1_tp_2, Proteobacteria_8176_1_tp_2",0.541902793076409,0.293261063739298
"Bacteroidetes_1360_3","Bacillariophyta_196_1_tp_2, Bacteroidetes_1178_1_tp_2, Dinoflagellata_1542_1_tp_2, Dinoflagellata_1728_1_tp_2, Dinoflagellata_1758_1_tp_2, Dinoflagellata_1771_1_tp_2, Proteobacteria_11210_2_tp_2, Proteobacteria_7983_6_tp_2, Verrucomicrobia_22_2_tp_2",0.511070176647253,0.301241818413326
"Bacteroidetes_1360_3","Bacillariophyta_44_1_tp_2, Bacteroidetes_1360_5_tp_2, Bacteroidetes_938_1_tp_2, Dinoflagellata_1728_2_tp_2, Dinoflagellata_955_1_tp_2, Proteobacteria_7314_1_tp_2, Proteobacteria_7319_1_tp_2, Proteobacteria_7982_2_tp_2, Proteobacteria_9681_1_tp_2",0.526450106130343,0.296210292154229
"Bacteroidetes_1360_3","Archaea_179_1_tp_2, Bacillariophyta_196_1_tp_2, Bacteroidetes_1360_1_tp_2, Chlorophyta__streptophyta_848_1_tp_2, Dinoflagellata_1017_1_tp_2, Katablepharidophyta_7_1_tp_2, Phylum_reps_1985_1_tp_2, Proteobacteria_11190_1_tp_2, Proteobacteria_11429_4_tp_2",0.556544632481531,0.291828073204487
"Bacteroidetes_1360_3","Actinobacteria_410_1_tp_2, Bacteroidetes_956_1_tp_2, Dinoflagellata_1555_1_tp_2, Perkinsea_33_1_tp_2, Proteobacteria_6847_1_tp_2, Proteobacteria_7100_1_tp_2, Proteobacteria_8175_1_tp_2, Proteobacteria_8177_2_tp_2, Sagenista_53_1_tp_2",0.445750761759958,0.312671295394553
"Bacteroidetes_1360_3","Archaea_179_1_tp_2, Bacillariophyta_31_1_tp_2, Cryptophyta_15_2_tp_2, Dinoflagellata_1728_1_tp_2, Dinoflagellata_1758_1_tp_2, Planctomycetes_61_1_tp_2, Proteobacteria_11431_1_tp_2, Proteobacteria_7316_1_tp_2, Verrucomicrobia_22_2_tp_2",0.450504836044839,0.315312473587438
"Bacteroidetes_1360_3","Bacteroidetes_1151_1_tp_2, Bacteroidetes_918_4_tp_2, Bacteroidetes_938_1_tp_2, Cyanobacteria_48_1_tp_2, Dinoflagellata_1198_1_tp_2, Dinoflagellata_124_1_tp_2, Proteobacteria_9681_2_tp_2, Rhodophyta_506_1_tp_2, Sagenista_53_1_tp_2",0.511069199990149,0.318083600563036
"Bacteroidetes_1360_3","Bacillariophyta_31_1_tp_2, Bacteroidetes_918_2_tp_2, Cyanobacteria_85_1_tp_2, Planctomycetes_61_1_tp_2, Proteobacteria_11210_1_tp_2, Proteobacteria_11431_2_tp_2, Proteobacteria_5436_1_tp_2, Proteobacteria_7982_2_tp_2, Proteobacteria_8520_1_tp_2",0.470220692052353,0.310791106519861
"Bacteroidetes_1360_3","Bacteroidetes_1349_1_tp_2, Bacteroidetes_1360_2_tp_2, Bacteroidetes_918_3_tp_2, Nitrospirae_9_1_tp_2, Perkinsea_44_1_tp_2, Planctomycetes_61_1_tp_2, Proteobacteria_7983_2_tp_2, Proteobacteria_7983_4_tp_2, Proteobacteria_8177_2_tp_2",0.538647845723608,0.300683842204471
"Bacteroidetes_1360_3","Bacillariophyta_219_1_tp_2, Bacteroidetes_1166_2_tp_2, Cyanobacteria_65_1_tp_2, Proteobacteria_10114_1_tp_2, Proteobacteria_11190_1_tp_2, Proteobacteria_7166_1_tp_2, Proteobacteria_7295_1_tp_2, Proteobacteria_7314_1_tp_2, Rhodophyta_506_1_tp_2",0.483306728102534,0.318055042762881
"Bacteroidetes_1360_3","Bacteroidetes_1194_1_tp_2, Bacteroidetes_1264_1_tp_2, Bacteroidetes_317_1_tp_2, Chrysophyceae_16_1_tp_2, Dinoflagellata_874_1_tp_2, Proteobacteria_11210_2_tp_2, Proteobacteria_7982_2_tp_2, Proteobacteria_7983_4_tp_2, Proteobacteria_9649_1_tp_2",0.506330197587869,0.307039505129392
"Bacteroidetes_1360_3","Bacillariophyta_29_1_tp_2, Bacteroidetes_1166_2_tp_2, Bacteroidetes_1360_2_tp_2, Cercozoa_22_1_tp_2, Cyanobacteria_73_1_tp_2, Dinoflagellata_1758_1_tp_2, Div_reps_1600_1_tp_2, Haptophyta_203_1_tp_2, Proteobacteria_7787_1_tp_2",0.535320319294634,0.316098597537189
"Bacteroidetes_1360_3","Bacteroidetes_1360_1_tp_2, Bacteroidetes_1360_5_tp_2, Chlorophyta__streptophyta_895_1_tp_2, Dictyochophyceae_6_1_tp_2, Dinoflagellata_1769_1_tp_2, Dinoflagellata_982_1_tp_2, Proteobacteria_11155_2_tp_2, Proteobacteria_8177_2_tp_2, Sagenista_61_1_tp_2",0.513611502441118,0.302952563588552
"Bacteroidetes_1360_3","Bacteroidetes_918_4_tp_2, Ciliophora_1195_1_tp_2, Ciliophora_451_1_tp_2, Cryptophyta_15_1_tp_2, Dinoflagellata_1010_1_tp_2, Haptophyta_203_1_tp_2, Proteobacteria_11428_1_tp_2, Proteobacteria_7787_1_tp_2, Proteobacteria_9681_2_tp_2",0.542806550018148,0.308749319460274
"Bacteroidetes_1360_3","Bacteroidetes_1167_1_tp_2, Bacteroidetes_131_1_tp_2, Ciliophora_403_1_tp_2, Dinoflagellata_1017_1_tp_2, Planctomycetes_34_1_tp_2, Proteobacteria_11155_1_tp_2, Proteobacteria_11190_1_tp_2, Proteobacteria_7231_1_tp_2, Proteobacteria_7982_2_tp_2",0.430041022489026,0.315982716305602
"Bacteroidetes_1360_3","Bacteroidetes_1235_1_tp_2, Cercozoa_395_1_tp_2, Dinoflagellata_1017_1_tp_2, Dinoflagellata_982_1_tp_2, Div_reps_1600_1_tp_2, Div_reps_1600_2_tp_2, Proteobacteria_7230_1_tp_2, Verrucomicrobia_18_3_tp_2, Verrucomicrobia_23_1_tp_2",0.440262557201223,0.312946040920477
"Bacteroidetes_1360_3","Bacteroidetes_1224_1_tp_2, Dinoflagellata_1098_1_tp_2, Dinoflagellata_1658_1_tp_2, Dinoflagellata_1749_1_tp_2, Proteobacteria_11190_1_tp_2, Proteobacteria_11429_4_tp_2, Proteobacteria_7230_1_tp_2, Proteobacteria_9649_1_tp_2, Verrucomicrobia_18_2_tp_2",0.392925703095217,0.323219934325469
"Bacteroidetes_1360_3","Bacteroidetes_1235_1_tp_2, Bacteroidetes_919_2_tp_2, Dinoflagellata_955_1_tp_2, Proteobacteria_11155_1_tp_2, Proteobacteria_11431_2_tp_2, Proteobacteria_7983_7_tp_2, Raphidophyceae_3_1_tp_2, temperature_tp_2, Verrucomicrobia_22_1_tp_2",0.508155674064304,0.308409378129965
"Bacteroidetes_1360_3","Bacteroidetes_1360_2_tp_2, Bacteroidetes_918_4_tp_2, Ciliophora_1195_1_tp_2, Dinoflagellata_1793_1_tp_2, Haptophyta_203_1_tp_2, Proteobacteria_7295_1_tp_2, Proteobacteria_7983_6_tp_2, Proteobacteria_7983_7_tp_2, Proteobacteria_7983_8_tp_2",0.550481636890395,0.304558021342622
"Bacteroidetes_1360_3","Bacillariophyta_44_1_tp_2, Chlorophyta__streptophyta_751_1_tp_2, Dinoflagellata_1769_1_tp_2, Dinoflagellata_982_1_tp_2, Div_reps_1600_1_tp_2, Div_reps_2942_1_tp_2, Proteobacteria_7166_1_tp_2, Proteobacteria_7174_1_tp_2, Verrucomicrobia_22_1_tp_2",0.443043628049863,0.319921405583112
"Bacteroidetes_1360_3","Bacteroidetes_956_1_tp_2, Cercozoa_22_1_tp_2, Dinoflagellata_1771_1_tp_2, Proteobacteria_10114_1_tp_2, Proteobacteria_11210_1_tp_2, Proteobacteria_11431_1_tp_2, Proteobacteria_5461_1_tp_2, Proteobacteria_7316_1_tp_2, Proteobacteria_8520_1_tp_2",0.446212903782982,0.316542000148357
"Bacteroidetes_1360_3","Bacteroidetes_1166_1_tp_2, Bacteroidetes_1360_4_tp_2, Dinoflagellata_1555_1_tp_2, Dinoflagellata_1771_1_tp_2, Haptophyta_203_1_tp_2, Phylum_reps_1954_1_tp_2, Proteobacteria_5461_1_tp_2, Pseudofungi_43_1_tp_2, Radiolaria_104_1_tp_2",0.434328817532924,0.319420685085844
"Bacteroidetes_1360_3","Bacteroidetes_129_1_tp_2, Bacteroidetes_1349_1_tp_2, Dinoflagellata_1728_2_tp_2, Proteobacteria_11120_1_tp_2, Proteobacteria_11431_1_tp_2, Proteobacteria_7230_1_tp_2, Sagenista_53_1_tp_2, Verrucomicrobia_18_2_tp_2, Verrucomicrobia_22_1_tp_2",0.462839174886014,0.313235760182549
"Bacteroidetes_1360_3","Bacillariophyta_196_1_tp_2, Bacillariophyta_44_1_tp_2, Bacteroidetes_1166_2_tp_2, Cyanobacteria_65_1_tp_2, Dinoflagellata_1010_1_tp_2, Planctomycetes_34_1_tp_2, Proteobacteria_11210_1_tp_2, Proteobacteria_9649_1_tp_2, Verrucomicrobia_22_1_tp_2",0.476436194064283,0.315126525149809
"Bacteroidetes_1360_3","Bacillariophyta_29_1_tp_2, Bacteroidetes_1178_1_tp_2, Chlorophyta__streptophyta_848_1_tp_2, Cryptophyta_15_2_tp_2, Dinoflagellata_1009_1_tp_2, Dinoflagellata_1010_1_tp_2, Proteobacteria_10091_1_tp_2, Proteobacteria_9649_1_tp_2, Proteobacteria_9681_1_tp_2",0.413494449970184,0.320612945086888
"Bacteroidetes_1360_3","Actinobacteria_410_2_tp_2, Bacillariophyta_196_1_tp_2, Ciliophora_298_1_tp_2, Proteobacteria_7313_1_tp_2, Proteobacteria_7787_1_tp_2, Proteobacteria_7983_6_tp_2, Proteobacteria_8175_1_tp_2, Proteobacteria_8178_1_tp_2, Proteobacteria_8185_1_tp_2",0.616593217924239,0.2842278697439
"Bacteroidetes_1360_3","Bacteroidetes_1349_1_tp_2, Bacteroidetes_1360_1_tp_2, Bacteroidetes_918_2_tp_2, Bacteroidetes_919_3_tp_2, Dinoflagellata_1658_1_tp_2, Dinoflagellata_1758_1_tp_2, Dinoflagellata_955_1_tp_2, Proteobacteria_7316_1_tp_2, Verrucomicrobia_18_2_tp_2",0.519619509241096,0.298991499801424
"Bacteroidetes_1360_3","Cyanobacteria_85_1_tp_2, Dinoflagellata_1010_1_tp_2, Dinoflagellata_1542_1_tp_2, Planctomycetes_34_1_tp_2, Proteobacteria_10091_1_tp_2, Proteobacteria_7174_1_tp_2, Proteobacteria_8175_1_tp_2, Proteobacteria_8177_2_tp_2, Pseudofungi_43_1_tp_2",0.495495738814538,0.303631340162029
"Bacteroidetes_1360_3","Bacteroidetes_1264_1_tp_2, Bacteroidetes_918_3_tp_2, Dinoflagellata_1711_1_tp_2, Haptophyta_148_1_tp_2, Planctomycetes_27_1_tp_2, Planctomycetes_61_1_tp_2, Proteobacteria_10168_1_tp_2, Raphidophyceae_3_1_tp_2, Verrucomicrobia_18_1_tp_2",0.50285057762728,0.314736228142918
"Bacteroidetes_1360_3","Actinobacteria_410_1_tp_2, Bacteroidetes_918_3_tp_2, Ciliophora_1195_1_tp_2, Div_reps_1600_2_tp_2, Perkinsea_33_1_tp_2, Phylum_reps_1954_1_tp_2, Proteobacteria_7983_5_tp_2, Verrucomicrobia_18_2_tp_2, Verrucomicrobia_18_3_tp_2",0.563237526536358,0.292660700977111
"Bacteroidetes_1360_3","Bacteroidetes_1178_1_tp_2, Bacteroidetes_1224_1_tp_2, Dinoflagellata_1711_1_tp_2, Div_reps_1600_2_tp_2, Proteobacteria_7230_1_tp_2, Proteobacteria_7230_2_tp_2, Proteobacteria_8177_1_tp_2, Proteobacteria_9681_1_tp_2, Proteobacteria_9681_2_tp_2",0.538528195757963,0.312145809214978
"Bacteroidetes_1360_3","Archaea_164_1_tp_2, Bacillariophyta_196_1_tp_2, Bacteroidetes_1224_1_tp_2, Bacteroidetes_129_1_tp_2, Proteobacteria_10114_1_tp_2, Proteobacteria_6847_1_tp_2, Proteobacteria_7982_1_tp_2, Proteobacteria_7983_4_tp_2, Raphidophyceae_3_1_tp_2",0.529892641715588,0.304738404941999
"Bacteroidetes_1360_3","Bacteroidetes_131_1_tp_2, Dinoflagellata_1555_1_tp_2, Dinoflagellata_1968_1_tp_2, Div_reps_1600_1_tp_2, Proteobacteria_11190_1_tp_2, Proteobacteria_22_1_tp_2, Proteobacteria_6847_1_tp_2, Proteobacteria_7230_2_tp_2, Radiolaria_104_1_tp_2",0.412664561690962,0.316551835080414
"Bacteroidetes_1360_3","Bacteroidetes_1204_1_tp_2, Bacteroidetes_938_1_tp_2, Cercozoa_395_1_tp_2, Chlorophyta__streptophyta_895_1_tp_2, Ciliophora_403_1_tp_2, Cryptophyta_108_1_tp_2, Dinoflagellata_1098_1_tp_2, Dinoflagellata_874_1_tp_2, Proteobacteria_10114_1_tp_2",0.394245234897178,0.327990631528736
"Bacteroidetes_1360_3","Archaea_164_1_tp_2, Bacteroidetes_1186_1_tp_2, Cercozoa_291_1_tp_2, Ciliophora_280_1_tp_2, Dinoflagellata_955_1_tp_2, Phylum_reps_1954_1_tp_2, Proteobacteria_11155_1_tp_2, Proteobacteria_11429_1_tp_2, Proteobacteria_9681_2_tp_2",0.592689765944681,0.287531543508479
"Bacteroidetes_1360_3","Bacteroidetes_1224_1_tp_2, Ciliophora_1195_1_tp_2, Haptophyta_203_1_tp_2, Proteobacteria_11120_1_tp_2, Proteobacteria_11210_1_tp_2, Proteobacteria_5461_1_tp_2, Proteobacteria_6847_1_tp_2, Proteobacteria_7984_1_tp_2, Radiolaria_104_1_tp_2",0.526975406922488,0.313073416024983
"Bacteroidetes_1360_3","Bacteroidetes_918_4_tp_2, Chlorophyta__streptophyta_845_1_tp_2, Ciliophora_298_1_tp_2, Dinoflagellata_1010_1_tp_2, Dinoflagellata_1711_1_tp_2, Div_reps_2942_1_tp_2, Proteobacteria_10091_1_tp_2, Proteobacteria_11429_4_tp_2, Proteobacteria_7983_2_tp_2",0.564582551187782,0.296808932477627
"Bacteroidetes_1360_3","Bacteroidetes_918_4_tp_2, Bacteroidetes_919_2_tp_2, Proteobacteria_11155_1_tp_2, Proteobacteria_11428_1_tp_2, Proteobacteria_11429_2_tp_2, Proteobacteria_6847_1_tp_2, Proteobacteria_7174_1_tp_2, Radiolaria_104_1_tp_2, Verrucomicrobia_22_2_tp_2",0.4969882291032,0.312882782464942
"Bacteroidetes_1360_3","Bacteroidetes_1194_1_tp_2, Bacteroidetes_1360_4_tp_2, Bacteroidetes_938_1_tp_2, Bacteroidetes_956_1_tp_2, Cyanobacteria_85_1_tp_2, Dinoflagellata_1496_1_tp_2, Dinoflagellata_1728_1_tp_2, Haptophyta_203_1_tp_2, Proteobacteria_7982_2_tp_2",0.513995194031542,0.298836011626677
"Bacteroidetes_1360_3","Bacteroidetes_1151_1_tp_2, Bacteroidetes_1186_1_tp_2, Bacteroidetes_129_1_tp_2, Cercozoa_395_1_tp_2, Chlorophyta__streptophyta_833_1_tp_2, Ciliophora_298_1_tp_2, Dinoflagellata_1758_1_tp_2, Proteobacteria_11429_4_tp_2, Proteobacteria_8175_1_tp_2",0.548896244362975,0.300950746171451
"Bacteroidetes_1360_3","Actinobacteria_410_1_tp_2, Bacteroidetes_1360_1_tp_2, Chlorophyta__streptophyta_845_1_tp_2, Ciliophora_234_1_tp_2, Ciliophora_451_1_tp_2, Cyanobacteria_48_1_tp_2, Dinoflagellata_982_1_tp_2, Proteobacteria_11429_2_tp_2, Proteobacteria_7230_1_tp_2",0.497239228817021,0.318185414530886
"Bacteroidetes_1360_3","Bacteroidetes_1166_2_tp_2, Cercozoa_395_1_tp_2, Chlorophyta__streptophyta_751_1_tp_2, Chlorophyta__streptophyta_845_1_tp_2, Cryptophyta_108_1_tp_2, Perkinsea_33_1_tp_2, Proteobacteria_22_1_tp_2, Proteobacteria_7364_1_tp_2, Proteobacteria_7983_2_tp_2",0.494189635448466,0.301829091822889
"Bacteroidetes_1360_3","Bacillariophyta_138_1_tp_2, Bacillariophyta_29_1_tp_2, Bacteroidetes_1235_1_tp_2, Bacteroidetes_129_2_tp_2, Phylum_reps_1954_1_tp_2, Phylum_reps_1985_1_tp_2, Picozoa_18_1_tp_2, Proteobacteria_11120_1_tp_2, Proteobacteria_7289_1_tp_2",0.457499260109886,0.317095971706074
"Bacteroidetes_1360_3","Bacillariophyta_100_1_tp_2, Bacteroidetes_1166_1_tp_2, Cercozoa_395_1_tp_2, Dinoflagellata_1496_1_tp_2, Dinoflagellata_1749_1_tp_2, Proteobacteria_11120_1_tp_2, Proteobacteria_11429_1_tp_2, Proteobacteria_11431_1_tp_2, Proteobacteria_7100_1_tp_2",0.581543228116465,0.28853465187834
"Bacteroidetes_1360_3","Bacteroidetes_938_1_tp_2, Picozoa_18_1_tp_2, Proteobacteria_11120_1_tp_2, Proteobacteria_11210_1_tp_2, Proteobacteria_11210_2_tp_2, Proteobacteria_11429_4_tp_2, Proteobacteria_7787_1_tp_2, Proteobacteria_7984_1_tp_2, Raphidophyceae_3_1_tp_2",0.517038558606186,0.313178443774226
"Bacteroidetes_1360_3","Bacteroidetes_1360_2_tp_2, Bacteroidetes_1360_4_tp_2, Bacteroidetes_919_1_tp_2, Ciliophora_298_1_tp_2, Dinoflagellata_955_1_tp_2, Proteobacteria_11210_2_tp_2, Proteobacteria_6384_1_tp_2, Proteobacteria_7230_1_tp_2, Proteobacteria_7982_2_tp_2",0.513397229576741,0.3041643082108
"Bacteroidetes_1360_3","Bacteroidetes_1178_1_tp_2, Bacteroidetes_1186_1_tp_2, Bacteroidetes_1235_1_tp_2, Cercozoa_395_1_tp_2, Chlorophyta__streptophyta_848_1_tp_2, Dinoflagellata_1758_1_tp_2, Div_reps_2942_1_tp_2, Perkinsea_33_1_tp_2, Proteobacteria_7230_1_tp_2",0.44226338945767,0.310785657317739
"Bacteroidetes_1360_3","Archaea_164_1_tp_2, Bacteroidetes_1151_1_tp_2, Bacteroidetes_129_1_tp_2, Chlorophyta__streptophyta_833_1_tp_2, Cryptophyta_108_1_tp_2, Dinoflagellata_1771_2_tp_2, Dinoflagellata_1968_1_tp_2, Proteobacteria_11429_3_tp_2, Proteobacteria_7319_1_tp_2",0.511281658005321,0.300255988068881
"Bacteroidetes_1360_3","Dinoflagellata_1771_2_tp_2, Dinoflagellata_874_1_tp_2, Lobosa_11_1_tp_2, Planctomycetes_34_1_tp_2, Planctomycetes_61_1_tp_2, Proteobacteria_5436_1_tp_2, Proteobacteria_7982_1_tp_2, Proteobacteria_7983_7_tp_2, Proteobacteria_9649_1_tp_2",0.487548253559623,0.311773283514237
"Bacteroidetes_1360_3","Bacteroidetes_317_1_tp_2, Bacteroidetes_918_2_tp_2, Bacteroidetes_956_1_tp_2, Dinoflagellata_1010_1_tp_2, Dinoflagellata_1198_1_tp_2, Dinoflagellata_1555_1_tp_2, Picozoa_18_1_tp_2, Proteobacteria_11429_4_tp_2, Proteobacteria_8176_2_tp_2",0.495069875543659,0.309810554248269
"Bacteroidetes_1360_3","Bacteroidetes_1349_1_tp_2, Bacteroidetes_1360_2_tp_2, Bacteroidetes_919_3_tp_2, Dinoflagellata_1198_1_tp_2, Dinoflagellata_124_1_tp_2, Proteobacteria_11190_1_tp_2, Proteobacteria_7230_1_tp_2, Proteobacteria_9649_1_tp_2, Verrucomicrobia_18_3_tp_2",0.516803876030861,0.31134071565172
"Bacteroidetes_1360_3","Bacteroidetes_129_2_tp_2, Cercozoa_291_1_tp_2, Ciliophora_1195_1_tp_2, Cryptophyta_108_1_tp_2, Cyanobacteria_48_1_tp_2, Cyanobacteria_85_1_tp_2, Dinoflagellata_1771_2_tp_2, Picozoa_18_1_tp_2, Verrucomicrobia_18_4_tp_2",0.474385734051146,0.305749701219454
"Bacteroidetes_1360_3","Bacillariophyta_196_1_tp_2, Ciliophora_1195_1_tp_2, Proteobacteria_11190_1_tp_2, Proteobacteria_11210_2_tp_2, Proteobacteria_7230_3_tp_2, Proteobacteria_7316_1_tp_2, Proteobacteria_7319_1_tp_2, Proteobacteria_7983_7_tp_2, Verrucomicrobia_23_1_tp_2",0.477646078830939,0.309274125778838
"Bacteroidetes_1360_3","Archaea_164_2_tp_2, Bacteroidetes_1167_1_tp_2, Bacteroidetes_1204_1_tp_2, Ciliophora_1195_1_tp_2, Perkinsea_33_1_tp_2, Proteobacteria_7364_1_tp_2, Proteobacteria_8176_2_tp_2, Verrucomicrobia_18_2_tp_2, Verrucomicrobia_18_4_tp_2",0.631664243944951,0.281546359871564
"Bacteroidetes_1360_3","Bacteroidetes_918_2_tp_2, Cercozoa_22_1_tp_2, Dinoflagellata_1098_1_tp_2, Dinoflagellata_1555_1_tp_2, Dinoflagellata_1711_1_tp_2, Proteobacteria_7230_2_tp_2, Proteobacteria_7787_1_tp_2, Proteobacteria_9681_2_tp_2, Verrucomicrobia_18_3_tp_2",0.333351412997848,0.329897711990423
"Bacteroidetes_1360_3","Bacteroidetes_1166_1_tp_2, Bacteroidetes_1349_1_tp_2, Bacteroidetes_1360_2_tp_2, Bacteroidetes_1360_5_tp_2, Bacteroidetes_919_2_tp_2, Bacteroidetes_956_1_tp_2, Cercozoa_23_1_tp_2, Nitrospirae_9_1_tp_2, Verrucomicrobia_18_2_tp_2",0.555828343108152,0.304838850112875
"Bacteroidetes_1360_3","Bacteroidetes_129_2_tp_2, Bacteroidetes_1360_2_tp_2, Bacteroidetes_317_1_tp_2, Bacteroidetes_918_2_tp_2, Chrysophyceae_16_1_tp_2, Dinoflagellata_1009_1_tp_2, Dinoflagellata_1769_1_tp_2, Phylum_reps_1985_1_tp_2, Proteobacteria_7166_1_tp_2",0.53118986353511,0.304462650955466
"Bacteroidetes_1360_3","Bacteroidetes_1186_1_tp_2, Bacteroidetes_1249_1_tp_2, Chlorophyta__streptophyta_732_1_tp_2, Chlorophyta__streptophyta_845_1_tp_2, Ciliophora_280_1_tp_2, Phylum_reps_1985_1_tp_2, Proteobacteria_7983_7_tp_2, Proteobacteria_9681_2_tp_2, Verrucomicrobia_18_1_tp_2",0.566094938760002,0.303745788460925
"Bacteroidetes_1360_3","Bacteroidetes_1349_1_tp_2, Bacteroidetes_918_4_tp_2, Cryptophyta_15_2_tp_2, Div_reps_2942_1_tp_2, Phylum_reps_2301_1_tp_2, Proteobacteria_10114_1_tp_2, Proteobacteria_7230_2_tp_2, Proteobacteria_8520_1_tp_2, Verrucomicrobia_18_3_tp_2",0.497268118772772,0.306482078369895
"Bacteroidetes_1360_3","Bacillariophyta_44_1_tp_2, Chlorophyta__streptophyta_751_1_tp_2, Chlorophyta__streptophyta_848_1_tp_2, Chlorophyta__streptophyta_895_1_tp_2, Dinoflagellata_1749_1_tp_2, Dinoflagellata_1771_1_tp_2, Proteobacteria_10091_1_tp_2, Proteobacteria_10168_1_tp_2, Proteobacteria_7230_3_tp_2",0.409841045335672,0.325575371398827
"Bacteroidetes_1360_3","Bacillariophyta_138_1_tp_2, Bacillariophyta_29_1_tp_2, Bacteroidetes_317_1_tp_2, Bacteroidetes_918_5_tp_2, Cyanobacteria_65_1_tp_2, Dinoflagellata_1198_1_tp_2, Proteobacteria_10168_1_tp_2, Proteobacteria_8185_1_tp_2, Verrucomicrobia_18_3_tp_2",0.566487396193091,0.305523178870991
"Bacteroidetes_1360_3","Bacteroidetes_1235_1_tp_2, Bacteroidetes_129_1_tp_2, Bacteroidetes_919_3_tp_2, Bacteroidetes_938_1_tp_2, Ciliophora_234_1_tp_2, Dinoflagellata_1711_1_tp_2, Proteobacteria_11120_1_tp_2, Proteobacteria_7983_5_tp_2, Proteobacteria_8520_1_tp_2",0.395040776776055,0.324899810371471
"Bacteroidetes_1360_3","Archaea_179_1_tp_2, Bacillariophyta_123_1_tp_2, Bacteroidetes_1167_1_tp_2, Bacteroidetes_938_1_tp_2, Haptophyta_148_1_tp_2, Perkinsea_33_1_tp_2, Proteobacteria_22_1_tp_2, Proteobacteria_7230_2_tp_2, Proteobacteria_7314_1_tp_2",0.455965255434169,0.312669345808857
"Bacteroidetes_1360_3","Bacteroidetes_938_1_tp_2, Chrysophyceae_16_1_tp_2, Ciliophora_403_1_tp_2, Dinoflagellata_1496_1_tp_2, Lobosa_11_1_tp_2, Phylum_reps_2301_1_tp_2, Proteobacteria_11210_2_tp_2, Proteobacteria_22_1_tp_2, Proteobacteria_7364_1_tp_2",0.485333551580482,0.305087589300542
"Bacteroidetes_1360_3","Archaea_179_1_tp_2, Bacillariophyta_44_1_tp_2, Bacteroidetes_1235_1_tp_2, Cyanobacteria_65_1_tp_2, Proteobacteria_10168_1_tp_2, Proteobacteria_11429_4_tp_2, Proteobacteria_5436_1_tp_2, Proteobacteria_8176_2_tp_2, Sagenista_53_1_tp_2",0.460405354947226,0.316597302593513
"Bacteroidetes_1360_3","Bacteroidetes_1166_2_tp_2, Bacteroidetes_918_2_tp_2, Dinoflagellata_1711_1_tp_2, Perkinsea_33_1_tp_2, Proteobacteria_10114_1_tp_2, Proteobacteria_7982_1_tp_2, Proteobacteria_8176_2_tp_2, Proteobacteria_8185_1_tp_2, Verrucomicrobia_18_2_tp_2",0.469278885123522,0.308663541411523
"Bacteroidetes_1360_3","Bacteroidetes_1224_1_tp_2, Bacteroidetes_1235_1_tp_2, Bacteroidetes_918_5_tp_2, Bacteroidetes_956_1_tp_2, Dinoflagellata_1009_1_tp_2, Nitrospirae_9_1_tp_2, Proteobacteria_10114_1_tp_2, Proteobacteria_11429_1_tp_2, Proteobacteria_7100_1_tp_2",0.42692121410702,0.317160965648434
"Bacteroidetes_1360_3","Bacteroidetes_1166_2_tp_2, Bacteroidetes_1360_5_tp_2, Chlorophyta__streptophyta_120_1_tp_2, Cyanobacteria_48_1_tp_2, Cyanobacteria_73_1_tp_2, Dinoflagellata_1728_2_tp_2, Perkinsea_44_1_tp_2, Proteobacteria_5436_1_tp_2, Verrucomicrobia_18_4_tp_2",0.448379608117269,0.316009208269985
"Bacteroidetes_1360_3","Bacteroidetes_1166_1_tp_2, Bacteroidetes_1166_2_tp_2, Bacteroidetes_918_5_tp_2, Chlorophyta__streptophyta_848_1_tp_2, Dinoflagellata_1862_1_tp_2, Proteobacteria_11429_1_tp_2, Proteobacteria_22_1_tp_2, Proteobacteria_7289_1_tp_2, Proteobacteria_7314_1_tp_2",0.479807912287032,0.307792024267204
"Bacteroidetes_1360_3","Bacteroidetes_1186_1_tp_2, Bacteroidetes_1249_1_tp_2, Cercozoa_23_1_tp_2, Dinoflagellata_1749_1_tp_2, Nitrospirae_9_1_tp_2, Proteobacteria_11155_2_tp_2, Proteobacteria_11210_2_tp_2, Proteobacteria_11428_1_tp_2, Verrucomicrobia_22_2_tp_2",0.513646969409705,0.298618007701052
"Bacteroidetes_1360_3","Bacteroidetes_1194_1_tp_2, Bacteroidetes_131_1_tp_2, Bacteroidetes_1360_1_tp_2, Cercozoa_22_1_tp_2, Dinoflagellata_1014_1_tp_2, Dinoflagellata_1793_1_tp_2, Dinoflagellata_982_1_tp_2, Proteobacteria_7983_8_tp_2, Verrucomicrobia_18_3_tp_2",0.537451113540009,0.304798421977307
"Bacteroidetes_1360_3","Archaea_164_2_tp_2, Cercozoa_22_1_tp_2, Ciliophora_234_1_tp_2, Dictyochophyceae_6_1_tp_2, Dinoflagellata_1658_1_tp_2, Nitrospirae_9_1_tp_2, Proteobacteria_7319_1_tp_2, Proteobacteria_7982_2_tp_2, Rhodophyta_506_1_tp_2",0.482526717033382,0.306175125615848
"Bacteroidetes_1360_3","Bacteroidetes_1349_1_tp_2, Bacteroidetes_918_3_tp_2, Cercozoa_395_1_tp_2, Ciliophora_451_1_tp_2, Dinoflagellata_1968_1_tp_2, Nitrospirae_9_1_tp_2, Proteobacteria_11429_2_tp_2, Proteobacteria_7174_1_tp_2, temperature_tp_2",0.558633577073257,0.290390148758456
"Bacteroidetes_1360_3","Bacteroidetes_919_1_tp_2, Chlorophyta__streptophyta_751_1_tp_2, Dinoflagellata_1010_1_tp_2, Dinoflagellata_955_1_tp_2, Phylum_reps_1985_1_tp_2, Proteobacteria_11429_1_tp_2, Proteobacteria_22_1_tp_2, Proteobacteria_5461_1_tp_2, Proteobacteria_8176_2_tp_2",0.503639809195008,0.304872440765482
"Bacteroidetes_1360_3","Bacteroidetes_1167_1_tp_2, Ciliophora_280_1_tp_2, Dinoflagellata_1771_2_tp_2, Nitrospirae_9_1_tp_2, Proteobacteria_6847_1_tp_2, Proteobacteria_7983_3_tp_2, Proteobacteria_8176_1_tp_2, Verrucomicrobia_18_4_tp_2, Verrucomicrobia_22_2_tp_2",0.507568189285022,0.300798703947209
"Bacteroidetes_1360_3","Bacteroidetes_1186_1_tp_2, Bacteroidetes_919_3_tp_2, Cercozoa_395_1_tp_2, Chlorophyta__streptophyta_845_1_tp_2, Dinoflagellata_1198_1_tp_2, Perkinsea_33_1_tp_2, Planctomycetes_61_1_tp_2, Proteobacteria_7230_1_tp_2, Proteobacteria_7314_1_tp_2",0.523606513053034,0.300342100000429
"Bacteroidetes_1360_3","Cercozoa_23_1_tp_2, Chlorophyta__streptophyta_751_1_tp_2, Dinoflagellata_1017_1_tp_2, Dinoflagellata_1542_1_tp_2, Dinoflagellata_1555_1_tp_2, Picozoa_18_1_tp_2, Proteobacteria_8176_2_tp_2, Verrucomicrobia_22_1_tp_2, Verrucomicrobia_23_1_tp_2",0.443031209897187,0.321305500381924
"Bacteroidetes_1360_3","Bacteroidetes_1186_1_tp_2, Bacteroidetes_1204_1_tp_2, Chlorophyta__streptophyta_833_1_tp_2, Chlorophyta__streptophyta_845_1_tp_2, Haptophyta_203_1_tp_2, Picozoa_18_1_tp_2, Proteobacteria_11429_2_tp_2, Proteobacteria_8176_1_tp_2, Pseudofungi_43_1_tp_2",0.533217636637556,0.307457285797765
"Bacteroidetes_1360_3","Bacteroidetes_1194_1_tp_2, Bacteroidetes_1249_1_tp_2, Bacteroidetes_1360_1_tp_2, Dinoflagellata_874_1_tp_2, Dinoflagellata_982_1_tp_2, Planctomycetes_34_1_tp_2, Proteobacteria_10091_1_tp_2, Proteobacteria_22_1_tp_2, Proteobacteria_5436_1_tp_2",0.528727291066916,0.300241095424128
"Bacteroidetes_1360_3","Bacillariophyta_44_1_tp_2, Bacteroidetes_1167_1_tp_2, Cyanobacteria_48_1_tp_2, Dictyochophyceae_6_1_tp_2, Dinoflagellata_124_1_tp_2, Proteobacteria_11210_1_tp_2, Proteobacteria_7983_3_tp_2, Proteobacteria_7983_8_tp_2, Sagenista_53_1_tp_2",0.486911729333499,0.316505494294379
"Bacteroidetes_1360_3","Archaea_164_2_tp_2, Ciliophora_451_1_tp_2, Dinoflagellata_1542_1_tp_2, Dinoflagellata_1771_2_tp_2, Dinoflagellata_1793_1_tp_2, Div_reps_2942_1_tp_2, Phylum_reps_2301_1_tp_2, Proteobacteria_11210_1_tp_2, Proteobacteria_7983_7_tp_2",0.543880144148796,0.302562902786171
"Bacteroidetes_1360_3","Bacteroidetes_1360_1_tp_2, Bacteroidetes_919_2_tp_2, Chrysophyceae_16_1_tp_2, Nitrospirae_9_1_tp_2, Proteobacteria_11190_1_tp_2, Proteobacteria_11428_1_tp_2, Proteobacteria_11429_4_tp_2, Proteobacteria_7166_1_tp_2, Proteobacteria_7174_1_tp_2",0.577115041642099,0.290761454590075
"Bacteroidetes_1360_3","Bacillariophyta_31_1_tp_2, Cryptophyta_108_1_tp_2, Dinoflagellata_1771_2_tp_2, Proteobacteria_7983_2_tp_2, Proteobacteria_7983_5_tp_2, Proteobacteria_8178_1_tp_2, Raphidophyceae_3_1_tp_2, Verrucomicrobia_18_1_tp_2, Verrucomicrobia_18_3_tp_2",0.560431197359101,0.310713650485013
"Bacteroidetes_1360_3","Bacteroidetes_1235_1_tp_2, Bacteroidetes_1264_1_tp_2, Bacteroidetes_918_1_tp_2, Bacteroidetes_918_5_tp_2, Lobosa_11_1_tp_2, Phylum_reps_1954_1_tp_2, Picozoa_18_1_tp_2, Proteobacteria_7174_1_tp_2, Proteobacteria_7983_7_tp_2",0.49214249513275,0.320450368712725
"Bacteroidetes_1360_3","Bacteroidetes_317_1_tp_2, Cyanobacteria_65_1_tp_2, Dinoflagellata_1542_1_tp_2, Dinoflagellata_955_1_tp_2, Div_reps_1600_1_tp_2, Div_reps_2942_1_tp_2, Phylum_reps_1954_1_tp_2, Rhodophyta_506_1_tp_2, Verrucomicrobia_18_4_tp_2",0.451867345097975,0.324218292680992
"Bacteroidetes_1360_3","Bacteroidetes_1349_1_tp_2, Ciliophora_298_1_tp_2, Cyanobacteria_85_1_tp_2, Dinoflagellata_1542_1_tp_2, Proteobacteria_11210_1_tp_2, Proteobacteria_7983_2_tp_2, Proteobacteria_7983_5_tp_2, Proteobacteria_7983_8_tp_2, Verrucomicrobia_22_1_tp_2",0.524288612725019,0.308463406478826
"Bacteroidetes_1360_3","Bacillariophyta_196_1_tp_2, Cercozoa_22_1_tp_2, Cryptophyta_15_1_tp_2, Cyanobacteria_73_1_tp_2, Dinoflagellata_1749_1_tp_2, Planctomycetes_27_1_tp_2, Proteobacteria_7983_5_tp_2, Proteobacteria_7983_6_tp_2, Proteobacteria_8520_1_tp_2",0.51664204741725,0.277310497276086
"Bacteroidetes_1360_3","Bacteroidetes_1194_1_tp_2, Bacteroidetes_918_4_tp_2, Ciliophora_451_1_tp_2, Dinoflagellata_1749_1_tp_2, Phylum_reps_2301_1_tp_2, Proteobacteria_10168_1_tp_2, Proteobacteria_7982_2_tp_2, Verrucomicrobia_18_2_tp_2, Verrucomicrobia_22_1_tp_2",0.595907547223176,0.283235944687489
"Bacteroidetes_1360_3","Bacillariophyta_44_1_tp_2, Ciliophora_451_1_tp_2, Dinoflagellata_124_1_tp_2, Dinoflagellata_1968_1_tp_2, Proteobacteria_11120_1_tp_2, Proteobacteria_11431_1_tp_2, Proteobacteria_7231_1_tp_2, Proteobacteria_7983_5_tp_2, Verrucomicrobia_23_1_tp_2",0.507035565357273,0.302327813156684
"Bacteroidetes_1360_3","Bacteroidetes_1186_1_tp_2, Bacteroidetes_1360_2_tp_2, Bacteroidetes_918_2_tp_2, Ciliophora_298_1_tp_2, Ciliophora_451_1_tp_2, Planctomycetes_61_1_tp_2, Proteobacteria_11431_1_tp_2, Proteobacteria_7313_1_tp_2, Verrucomicrobia_18_1_tp_2",0.479263438915793,0.320807075439324
"Bacteroidetes_1360_3","Dinoflagellata_1014_1_tp_2, Dinoflagellata_1658_1_tp_2, Dinoflagellata_982_1_tp_2, Nitrospirae_9_1_tp_2, Planctomycetes_34_1_tp_2, Proteobacteria_7289_1_tp_2, Proteobacteria_7316_1_tp_2, Proteobacteria_7983_3_tp_2, Verrucomicrobia_22_2_tp_2",0.508134633075972,0.30027666938059
"Bacteroidetes_1360_3","Bacteroidetes_1166_1_tp_2, Bacteroidetes_1194_1_tp_2, Bacteroidetes_129_1_tp_2, Bacteroidetes_1360_2_tp_2, Cercozoa_395_1_tp_2, Chlorophyta__streptophyta_120_1_tp_2, Dinoflagellata_1542_1_tp_2, Picozoa_6_1_tp_2, Proteobacteria_11190_1_tp_2",0.553072288154992,0.297371646840637
"Bacteroidetes_1360_3","Bacillariophyta_138_1_tp_2, Bacteroidetes_1224_1_tp_2, Bacteroidetes_1360_1_tp_2, Bacteroidetes_918_1_tp_2, Cercozoa_291_1_tp_2, Chlorophyta__streptophyta_848_1_tp_2, Cyanobacteria_73_1_tp_2, Katablepharidophyta_7_1_tp_2, Proteobacteria_9681_2_tp_2",0.575784008010534,0.301539758332768
"Bacteroidetes_1360_3","Bacillariophyta_29_1_tp_2, Bacillariophyta_31_1_tp_2, Bacillariophyta_44_1_tp_2, Bacteroidetes_1204_1_tp_2, Bacteroidetes_1360_1_tp_2, Div_reps_2942_1_tp_2, Haptophyta_148_1_tp_2, Proteobacteria_7982_1_tp_2, Proteobacteria_7983_3_tp_2",0.513133653294834,0.307295943386905
"Bacteroidetes_1360_3","Bacillariophyta_44_1_tp_2, Bacteroidetes_1249_1_tp_2, Bacteroidetes_1360_1_tp_2, Bacteroidetes_918_2_tp_2, Bacteroidetes_919_3_tp_2, Cyanobacteria_65_1_tp_2, Dinoflagellata_1098_1_tp_2, Phylum_reps_1954_1_tp_2, Proteobacteria_7983_7_tp_2",0.383337468049278,0.3311720560879
"Bacteroidetes_1360_3","Bacteroidetes_1235_1_tp_2, Cryptophyta_108_1_tp_2, Dinoflagellata_1728_2_tp_2, Picozoa_18_1_tp_2, Proteobacteria_10091_1_tp_2, Proteobacteria_7230_2_tp_2, Proteobacteria_7231_1_tp_2, Proteobacteria_7289_1_tp_2, Proteobacteria_7314_1_tp_2",0.395175747692968,0.31954710910359
"Bacteroidetes_1360_3","Bacillariophyta_138_1_tp_2, Bacteroidetes_918_5_tp_2, Cryptophyta_108_1_tp_2, Dinoflagellata_1862_1_tp_2, Haptophyta_203_1_tp_2, Proteobacteria_6384_1_tp_2, Proteobacteria_9649_1_tp_2, Verrucomicrobia_22_1_tp_2, Verrucomicrobia_22_2_tp_2",0.423127105195836,0.316110200948498
"Bacteroidetes_1360_3","Bacteroidetes_938_1_tp_2, Cryptophyta_15_1_tp_2, Div_reps_1600_2_tp_2, Proteobacteria_11155_1_tp_2, Proteobacteria_11155_2_tp_2, Proteobacteria_11210_1_tp_2, Proteobacteria_7230_3_tp_2, Proteobacteria_9681_1_tp_2, Sagenista_61_1_tp_2",0.545266669302971,0.295693116238362
"Bacteroidetes_1360_3","Bacteroidetes_1166_2_tp_2, Bacteroidetes_1224_1_tp_2, Bacteroidetes_1349_1_tp_2, Dinoflagellata_982_1_tp_2, Nitrospirae_9_1_tp_2, Proteobacteria_11155_2_tp_2, Proteobacteria_5436_1_tp_2, Proteobacteria_7316_1_tp_2, Proteobacteria_9681_1_tp_2",0.557797895637907,0.289251769331667
"Bacteroidetes_1360_3","Bacteroidetes_938_1_tp_2, Cercozoa_23_1_tp_2, Chlorophyta__streptophyta_895_1_tp_2, Planctomycetes_34_1_tp_2, Proteobacteria_10114_1_tp_2, Proteobacteria_11155_2_tp_2, Proteobacteria_7230_2_tp_2, Proteobacteria_7982_2_tp_2, Raphidophyceae_3_1_tp_2",0.454293571705656,0.311520837230179
"Bacteroidetes_1360_3","Bacillariophyta_123_1_tp_2, Bacteroidetes_1178_1_tp_2, Katablepharidophyta_7_1_tp_2, Perkinsea_44_1_tp_2, Phylum_reps_1954_1_tp_2, Planctomycetes_27_1_tp_2, Proteobacteria_11431_1_tp_2, Proteobacteria_7787_1_tp_2, Proteobacteria_7982_1_tp_2",0.57316326246396,0.299017213456576
"Bacteroidetes_1360_3","Bacillariophyta_100_1_tp_2, Bacteroidetes_1151_1_tp_2, Bacteroidetes_1166_2_tp_2, Dinoflagellata_1758_1_tp_2, Dinoflagellata_1771_1_tp_2, Proteobacteria_7983_2_tp_2, Proteobacteria_8176_1_tp_2, Proteobacteria_8178_1_tp_2, Verrucomicrobia_22_2_tp_2",0.533256456709169,0.303634636366639
"Bacteroidetes_1360_3","Bacillariophyta_219_1_tp_2, Dinoflagellata_1009_1_tp_2, Dinoflagellata_1014_1_tp_2, Dinoflagellata_1542_1_tp_2, Dinoflagellata_982_1_tp_2, Picozoa_6_1_tp_2, Proteobacteria_7983_1_tp_2, Proteobacteria_9681_2_tp_2, Sagenista_53_1_tp_2",0.384737186523526,0.325701047297623
"Bacteroidetes_1360_3","Bacteroidetes_1264_1_tp_2, Bacteroidetes_1360_4_tp_2, Bacteroidetes_918_4_tp_2, Chlorophyta__streptophyta_848_1_tp_2, Ciliophora_298_1_tp_2, Cryptophyta_15_1_tp_2, Dinoflagellata_1009_1_tp_2, Proteobacteria_11429_4_tp_2, Proteobacteria_7231_1_tp_2",0.507920640917686,0.303061104011878
"Bacteroidetes_1360_3","Archaea_164_2_tp_2, Bacteroidetes_1186_1_tp_2, Chlorophyta__streptophyta_120_1_tp_2, Chlorophyta__streptophyta_732_1_tp_2, Dinoflagellata_1198_1_tp_2, Planctomycetes_34_1_tp_2, Proteobacteria_7983_1_tp_2, Proteobacteria_8175_1_tp_2, Raphidophyceae_3_1_tp_2",0.496064089291871,0.30634519432803
"Bacteroidetes_1360_3","Bacillariophyta_29_1_tp_2, Bacillariophyta_31_1_tp_2, Dinoflagellata_1758_1_tp_2, Katablepharidophyta_7_1_tp_2, Proteobacteria_10168_1_tp_2, Proteobacteria_11120_1_tp_2, Proteobacteria_11210_1_tp_2, Proteobacteria_7289_1_tp_2, Proteobacteria_8177_2_tp_2",0.577293788023052,0.288767109363999
"Bacteroidetes_1360_3","Bacteroidetes_1167_1_tp_2, Bacteroidetes_1249_1_tp_2, Bacteroidetes_131_1_tp_2, Bacteroidetes_1360_4_tp_2, Bacteroidetes_918_2_tp_2, Dinoflagellata_1017_1_tp_2, Proteobacteria_11190_1_tp_2, Proteobacteria_7983_5_tp_2, Proteobacteria_9681_1_tp_2",0.423775424230348,0.324349360228461
"Bacteroidetes_1360_3","Chlorophyta__streptophyta_120_1_tp_2, Chlorophyta__streptophyta_845_1_tp_2, Chlorophyta__streptophyta_895_1_tp_2, Dinoflagellata_1010_1_tp_2, Lobosa_11_1_tp_2, Proteobacteria_11428_1_tp_2, Proteobacteria_6847_1_tp_2, Proteobacteria_7316_1_tp_2, Verrucomicrobia_22_1_tp_2",0.502771156310099,0.301960025574981
"Bacteroidetes_1360_3","Bacteroidetes_1249_1_tp_2, Bacteroidetes_131_1_tp_2, Bacteroidetes_938_1_tp_2, Chlorophyta__streptophyta_895_1_tp_2, Proteobacteria_11120_1_tp_2, Proteobacteria_7313_1_tp_2, Proteobacteria_7787_1_tp_2, Proteobacteria_9681_1_tp_2, Rhodophyta_506_1_tp_2",0.507800000033644,0.306863173878511
"Bacteroidetes_1360_3","Bacteroidetes_1204_1_tp_2, Bacteroidetes_1224_1_tp_2, Bacteroidetes_1264_1_tp_2, Ciliophora_280_1_tp_2, Haptophyta_148_1_tp_2, Katablepharidophyta_7_1_tp_2, Proteobacteria_11429_2_tp_2, Proteobacteria_7364_1_tp_2, Proteobacteria_9681_1_tp_2",0.534886753629899,0.311557083125819
"Bacteroidetes_1360_3","Bacillariophyta_219_1_tp_2, Bacteroidetes_918_3_tp_2, Bacteroidetes_919_3_tp_2, Cyanobacteria_65_1_tp_2, Cyanobacteria_73_1_tp_2, Dictyochophyceae_6_1_tp_2, Dinoflagellata_124_1_tp_2, Proteobacteria_11155_2_tp_2, Proteobacteria_11429_3_tp_2",0.570146300483492,0.296141567012078
"Bacteroidetes_1360_3","Actinobacteria_410_1_tp_2, Bacteroidetes_129_2_tp_2, Bacteroidetes_1360_2_tp_2, Cercozoa_23_1_tp_2, Proteobacteria_7295_1_tp_2, Proteobacteria_7364_1_tp_2, Proteobacteria_7984_1_tp_2, Proteobacteria_9681_1_tp_2, Verrucomicrobia_22_1_tp_2",0.571724938300044,0.29565219102442
"Bacteroidetes_1360_3","Archaea_164_1_tp_2, Bacillariophyta_44_1_tp_2, Cercozoa_291_1_tp_2, Ciliophora_451_1_tp_2, Dinoflagellata_1198_1_tp_2, Phylum_reps_2301_1_tp_2, Proteobacteria_11431_1_tp_2, Proteobacteria_7316_1_tp_2, Proteobacteria_8178_1_tp_2",0.531834122314073,0.301622668841051
"Bacteroidetes_1360_3","Actinobacteria_410_2_tp_2, Bacillariophyta_29_1_tp_2, Bacteroidetes_956_1_tp_2, Chlorophyta__streptophyta_751_1_tp_2, Ciliophora_1195_1_tp_2, Dinoflagellata_1542_1_tp_2, Dinoflagellata_1793_1_tp_2, Proteobacteria_5436_1_tp_2, Proteobacteria_9681_1_tp_2",0.469372752373415,0.319063728119758
"Bacteroidetes_1360_3","Bacteroidetes_1166_1_tp_2, Bacteroidetes_1360_2_tp_2, Cyanobacteria_73_1_tp_2, Proteobacteria_11429_1_tp_2, Proteobacteria_5461_1_tp_2, Proteobacteria_7166_1_tp_2, Proteobacteria_7364_1_tp_2, Proteobacteria_8185_1_tp_2, Verrucomicrobia_18_4_tp_2",0.611738818908179,0.301127975502337
"Bacteroidetes_1360_3","Bacteroidetes_1178_1_tp_2, Bacteroidetes_129_2_tp_2, Dinoflagellata_1014_1_tp_2, Dinoflagellata_1542_1_tp_2, Proteobacteria_7316_1_tp_2, Proteobacteria_7982_1_tp_2, Radiolaria_104_1_tp_2, Verrucomicrobia_18_2_tp_2, Verrucomicrobia_22_1_tp_2",0.541287349547221,0.29577573113969
"Bacteroidetes_1360_3","Bacteroidetes_1167_1_tp_2, Ciliophora_1195_1_tp_2, Perkinsea_44_1_tp_2, Proteobacteria_11429_4_tp_2, Proteobacteria_7982_2_tp_2, Proteobacteria_7983_2_tp_2, Proteobacteria_8176_1_tp_2, Pseudofungi_43_1_tp_2, Sagenista_61_1_tp_2",0.451829823388834,0.310262773049572
"Bacteroidetes_1360_3","Archaea_179_1_tp_2, Bacteroidetes_919_1_tp_2, Cercozoa_23_1_tp_2, Ciliophora_280_1_tp_2, Phylum_reps_1985_1_tp_2, Proteobacteria_11431_1_tp_2, Proteobacteria_22_1_tp_2, Proteobacteria_6847_1_tp_2, Proteobacteria_7983_2_tp_2",0.523531715107093,0.304715603463296
"Bacteroidetes_1360_3","Bacillariophyta_138_1_tp_2, Bacteroidetes_1204_1_tp_2, Bacteroidetes_129_2_tp_2, Cercozoa_395_1_tp_2, Ciliophora_298_1_tp_2, Dinoflagellata_1728_1_tp_2, Perkinsea_44_1_tp_2, Radiolaria_104_1_tp_2, Sagenista_53_1_tp_2",0.470415758208903,0.322029187090942
"Bacteroidetes_1360_3","Bacillariophyta_29_1_tp_2, Bacillariophyta_31_1_tp_2, Bacteroidetes_1167_1_tp_2, Bacteroidetes_1186_1_tp_2, Chlorophyta__streptophyta_845_1_tp_2, Chrysophyceae_16_1_tp_2, Cyanobacteria_48_1_tp_2, Cyanobacteria_65_1_tp_2, Proteobacteria_11429_4_tp_2",0.522153515447567,0.305052987867593
"Bacteroidetes_1360_3","Bacteroidetes_1224_1_tp_2, Cercozoa_23_1_tp_2, Chlorophyta__streptophyta_848_1_tp_2, Dinoflagellata_1793_1_tp_2, Katablepharidophyta_7_1_tp_2, Planctomycetes_34_1_tp_2, Proteobacteria_11210_2_tp_2, Proteobacteria_7231_1_tp_2, Verrucomicrobia_22_2_tp_2",0.514180114485778,0.303685627837158
"Bacteroidetes_1360_3","Bacteroidetes_1264_1_tp_2, Bacteroidetes_129_1_tp_2, Bacteroidetes_1360_1_tp_2, Bacteroidetes_938_1_tp_2, Cercozoa_22_1_tp_2, Dinoflagellata_1728_2_tp_2, Proteobacteria_11429_1_tp_2, Proteobacteria_8178_1_tp_2, Verrucomicrobia_18_1_tp_2",0.508534146338158,0.305236079327386
"Bacteroidetes_1360_3","Bacteroidetes_1249_1_tp_2, Bacteroidetes_918_3_tp_2, Cercozoa_395_1_tp_2, Dinoflagellata_1771_1_tp_2, Proteobacteria_11120_1_tp_2, Proteobacteria_11429_4_tp_2, Proteobacteria_7316_1_tp_2, Proteobacteria_7983_6_tp_2, Proteobacteria_7984_1_tp_2",0.597209777446117,0.287585596899366
"Bacteroidetes_1360_3","Bacteroidetes_1194_1_tp_2, Bacteroidetes_1349_1_tp_2, Chlorophyta__streptophyta_848_1_tp_2, Dinoflagellata_1658_1_tp_2, Dinoflagellata_1711_1_tp_2, Dinoflagellata_1749_1_tp_2, Picozoa_6_1_tp_2, Planctomycetes_27_1_tp_2, Proteobacteria_8185_1_tp_2",0.43086267103629,0.313950632005079
"Bacteroidetes_1360_3","Bacteroidetes_1224_1_tp_2, Bacteroidetes_918_1_tp_2, Bacteroidetes_919_2_tp_2, Dinoflagellata_1014_1_tp_2, Dinoflagellata_1658_1_tp_2, Proteobacteria_11190_1_tp_2, Proteobacteria_7295_1_tp_2, Proteobacteria_7983_2_tp_2, Verrucomicrobia_22_2_tp_2",0.526345215529222,0.304648216993002
"Bacteroidetes_1360_3","Bacillariophyta_29_1_tp_2, Cyanobacteria_48_1_tp_2, Dinoflagellata_1496_1_tp_2, Dinoflagellata_1542_1_tp_2, Dinoflagellata_1793_1_tp_2, Picozoa_6_1_tp_2, Proteobacteria_11429_2_tp_2, Proteobacteria_7314_1_tp_2, Proteobacteria_8520_1_tp_2",0.508715377438139,0.315504746485223
"Bacteroidetes_1360_3","Bacteroidetes_1249_1_tp_2, Bacteroidetes_1360_4_tp_2, Bacteroidetes_918_2_tp_2, Bacteroidetes_918_5_tp_2, Chrysophyceae_16_1_tp_2, Phylum_reps_1954_1_tp_2, Picozoa_18_1_tp_2, Proteobacteria_11428_1_tp_2, Proteobacteria_6847_1_tp_2",0.503799109604656,0.308634783324916
"Bacteroidetes_1360_3","Bacteroidetes_1167_1_tp_2, Ciliophora_298_1_tp_2, Dictyochophyceae_6_1_tp_2, Dinoflagellata_1014_1_tp_2, Dinoflagellata_124_1_tp_2, Dinoflagellata_955_1_tp_2, Picozoa_6_1_tp_2, Sagenista_53_1_tp_2, Verrucomicrobia_18_1_tp_2",0.492447081799587,0.309315752389222
"Bacteroidetes_1360_3","Bacteroidetes_1264_1_tp_2, Bacteroidetes_1349_1_tp_2, Bacteroidetes_918_5_tp_2, Ciliophora_403_1_tp_2, Cyanobacteria_48_1_tp_2, Dinoflagellata_982_1_tp_2, Haptophyta_148_1_tp_2, Proteobacteria_7230_2_tp_2, Verrucomicrobia_18_4_tp_2",0.517536260134104,0.312819158680156
"Bacteroidetes_1360_3","Bacillariophyta_219_1_tp_2, Bacillariophyta_29_1_tp_2, Chlorophyta__streptophyta_848_1_tp_2, Dinoflagellata_1711_1_tp_2, Planctomycetes_61_1_tp_2, Proteobacteria_7319_1_tp_2, Proteobacteria_7364_1_tp_2, Proteobacteria_7984_1_tp_2, Proteobacteria_8520_1_tp_2",0.443380938238758,0.322670909623557
"Bacteroidetes_1360_3","Bacteroidetes_1178_1_tp_2, Bacteroidetes_1204_1_tp_2, Bacteroidetes_956_1_tp_2, Chlorophyta__streptophyta_833_1_tp_2, Dinoflagellata_1010_1_tp_2, Dinoflagellata_1014_1_tp_2, Proteobacteria_11155_2_tp_2, Proteobacteria_7295_1_tp_2, Proteobacteria_7313_1_tp_2",0.507226057504546,0.306865920576541
"Bacteroidetes_1360_3","Bacteroidetes_1186_1_tp_2, Bacteroidetes_918_4_tp_2, Phylum_reps_1954_1_tp_2, Proteobacteria_11428_1_tp_2, Proteobacteria_11431_2_tp_2, Proteobacteria_7313_1_tp_2, Proteobacteria_7319_1_tp_2, Radiolaria_104_1_tp_2, Verrucomicrobia_22_2_tp_2",0.561296561626821,0.288413599689778
"Bacteroidetes_1360_3","Actinobacteria_410_2_tp_2, Bacteroidetes_1264_1_tp_2, Bacteroidetes_1360_4_tp_2, Bacteroidetes_1360_5_tp_2, Chlorophyta__streptophyta_732_1_tp_2, Picozoa_18_1_tp_2, Proteobacteria_10168_1_tp_2, Proteobacteria_11429_2_tp_2, Proteobacteria_7230_1_tp_2",0.44563044851942,0.31126931261359
"Bacteroidetes_1360_3","Archaea_164_1_tp_2, Bacteroidetes_1166_1_tp_2, Bacteroidetes_1249_1_tp_2, Bacteroidetes_1360_2_tp_2, Bacteroidetes_918_3_tp_2, Cyanobacteria_65_1_tp_2, Dinoflagellata_1098_1_tp_2, Dinoflagellata_1771_2_tp_2, Raphidophyceae_3_1_tp_2",0.536918048974737,0.303594902457588
"Bacteroidetes_1360_3","Actinobacteria_410_1_tp_2, Actinobacteria_410_2_tp_2, Bacillariophyta_219_1_tp_2, Bacteroidetes_1249_1_tp_2, Bacteroidetes_131_1_tp_2, Chlorophyta__streptophyta_751_1_tp_2, Cyanobacteria_73_1_tp_2, Div_reps_1600_2_tp_2, Rhodophyta_506_1_tp_2",0.46500792345361,0.321746450363781
"Bacteroidetes_1360_3","Archaea_179_1_tp_2, Bacteroidetes_1186_1_tp_2, Bacteroidetes_1360_1_tp_2, Chlorophyta__streptophyta_833_1_tp_2, Ciliophora_403_1_tp_2, Dinoflagellata_1658_1_tp_2, Planctomycetes_61_1_tp_2, Proteobacteria_7100_1_tp_2, Proteobacteria_7983_8_tp_2",0.478494139213329,0.307450438336082
"Bacteroidetes_1360_3","Dinoflagellata_1014_1_tp_2, Dinoflagellata_1098_1_tp_2, Dinoflagellata_124_1_tp_2, Dinoflagellata_1749_1_tp_2, Perkinsea_33_1_tp_2, Picozoa_18_1_tp_2, Proteobacteria_6847_1_tp_2, Proteobacteria_8185_1_tp_2, Verrucomicrobia_18_2_tp_2",0.409805242189804,0.319181021578663
"Bacteroidetes_1360_3","Chlorophyta__streptophyta_732_1_tp_2, Dinoflagellata_1728_1_tp_2, Dinoflagellata_1771_2_tp_2, Dinoflagellata_1862_1_tp_2, Proteobacteria_11431_2_tp_2, Proteobacteria_7230_1_tp_2, Proteobacteria_7983_7_tp_2, Proteobacteria_7983_8_tp_2, Raphidophyceae_3_1_tp_2",0.484283054953663,0.304928055219288
"Bacteroidetes_1360_3","Bacillariophyta_123_1_tp_2, Bacteroidetes_1194_1_tp_2, Dinoflagellata_1010_1_tp_2, Dinoflagellata_1771_1_tp_2, Proteobacteria_10114_1_tp_2, Proteobacteria_11429_1_tp_2, Proteobacteria_7295_1_tp_2, Proteobacteria_8176_1_tp_2, Proteobacteria_8185_1_tp_2",0.50343528499284,0.30349826866686
"Bacteroidetes_1360_3","Bacillariophyta_138_1_tp_2, Bacteroidetes_1349_1_tp_2, Chlorophyta__streptophyta_120_1_tp_2, Dinoflagellata_1749_1_tp_2, Lobosa_11_1_tp_2, Proteobacteria_11155_1_tp_2, Proteobacteria_7295_1_tp_2, Proteobacteria_7983_3_tp_2, Verrucomicrobia_18_4_tp_2",0.563710625763033,0.300147536458359
"Bacteroidetes_1360_3","Bacteroidetes_1249_1_tp_2, Bacteroidetes_918_3_tp_2, Dinoflagellata_124_1_tp_2, Dinoflagellata_874_1_tp_2, Phylum_reps_2301_1_tp_2, Proteobacteria_11431_2_tp_2, Proteobacteria_7166_1_tp_2, Proteobacteria_7316_1_tp_2, Proteobacteria_8175_1_tp_2",0.579312630626204,0.292239459749792
"Bacteroidetes_1360_3","Bacteroidetes_317_1_tp_2, Chlorophyta__streptophyta_833_1_tp_2, Chlorophyta__streptophyta_845_1_tp_2, Dinoflagellata_1542_1_tp_2, Haptophyta_203_1_tp_2, Picozoa_6_1_tp_2, Proteobacteria_7100_1_tp_2, Proteobacteria_7230_1_tp_2, Proteobacteria_7316_1_tp_2",0.483763521812532,0.304793247507714
"Bacteroidetes_1360_3","Bacteroidetes_1264_1_tp_2, Cercozoa_23_1_tp_2, Cyanobacteria_65_1_tp_2, Dinoflagellata_1749_1_tp_2, Dinoflagellata_1968_1_tp_2, Proteobacteria_11210_2_tp_2, Proteobacteria_7314_1_tp_2, Proteobacteria_7983_1_tp_2, Verrucomicrobia_18_4_tp_2",0.46128924880812,0.318954072860271
"Bacteroidetes_1360_3","Actinobacteria_410_1_tp_2, Archaea_164_2_tp_2, Bacillariophyta_31_1_tp_2, Bacteroidetes_918_5_tp_2, Dinoflagellata_1771_2_tp_2, Haptophyta_148_1_tp_2, Lobosa_11_1_tp_2, Perkinsea_44_1_tp_2, Proteobacteria_8176_1_tp_2",0.540023557075542,0.294233446537157
"Bacteroidetes_1360_3","Bacillariophyta_123_1_tp_2, Bacillariophyta_138_1_tp_2, Bacteroidetes_1360_1_tp_2, Bacteroidetes_919_3_tp_2, Chlorophyta__streptophyta_120_1_tp_2, Proteobacteria_7230_1_tp_2, Proteobacteria_7295_1_tp_2, Proteobacteria_7983_7_tp_2, Proteobacteria_8175_1_tp_2",0.559765146171308,0.292825183087307
"Bacteroidetes_1360_3","Bacteroidetes_1360_2_tp_2, Bacteroidetes_918_1_tp_2, Cercozoa_22_1_tp_2, Chlorophyta__streptophyta_845_1_tp_2, Dinoflagellata_955_1_tp_2, Phylum_reps_2301_1_tp_2, Proteobacteria_10168_1_tp_2, Proteobacteria_5436_1_tp_2, Proteobacteria_7983_5_tp_2",0.51097432097547,0.301877484587401
"Bacteroidetes_1360_3","Bacteroidetes_1178_1_tp_2, Ciliophora_1195_1_tp_2, Dinoflagellata_1009_1_tp_2, Div_reps_1600_1_tp_2, Lobosa_11_1_tp_2, Proteobacteria_11155_2_tp_2, Proteobacteria_7230_1_tp_2, Proteobacteria_7313_1_tp_2, Proteobacteria_8177_2_tp_2",0.494894651483406,0.303483727438508
"Bacteroidetes_1360_3","Bacillariophyta_31_1_tp_2, Bacteroidetes_1360_5_tp_2, Dinoflagellata_1198_1_tp_2, Dinoflagellata_1555_1_tp_2, Dinoflagellata_1769_1_tp_2, Picozoa_18_1_tp_2, Proteobacteria_5436_1_tp_2, Proteobacteria_9649_1_tp_2, Rhodophyta_506_1_tp_2",0.496592070759699,0.323260102187011
"Bacteroidetes_1360_3","Bacteroidetes_919_1_tp_2, Cercozoa_23_1_tp_2, Dinoflagellata_1014_1_tp_2, Dinoflagellata_1771_1_tp_2, Div_reps_2942_1_tp_2, Proteobacteria_7982_1_tp_2, Proteobacteria_7983_7_tp_2, Proteobacteria_8175_1_tp_2, Verrucomicrobia_18_2_tp_2",0.591553272395238,0.287437914684877
"Bacteroidetes_1360_3","Bacteroidetes_1166_1_tp_2, Bacteroidetes_1166_2_tp_2, Bacteroidetes_918_5_tp_2, Ciliophora_298_1_tp_2, Dinoflagellata_1098_1_tp_2, Proteobacteria_7983_1_tp_2, Proteobacteria_8178_1_tp_2, Rhodophyta_506_1_tp_2, Verrucomicrobia_18_3_tp_2",0.486983207825875,0.322516655593526
"Bacteroidetes_1360_3","Bacteroidetes_1167_1_tp_2, Bacteroidetes_1249_1_tp_2, Bacteroidetes_317_1_tp_2, Cercozoa_22_1_tp_2, Dinoflagellata_1198_1_tp_2, Dinoflagellata_1542_1_tp_2, Dinoflagellata_1793_1_tp_2, Proteobacteria_11431_1_tp_2, Proteobacteria_7314_1_tp_2",0.524067850708257,0.316916391326608
"Bacteroidetes_1360_3","Bacillariophyta_100_1_tp_2, Dinoflagellata_1098_1_tp_2, Dinoflagellata_1771_1_tp_2, Haptophyta_203_1_tp_2, Lobosa_11_1_tp_2, Proteobacteria_11429_3_tp_2, Proteobacteria_11431_1_tp_2, Proteobacteria_7983_2_tp_2, Proteobacteria_7983_5_tp_2",0.414243261745309,0.326687839151431
"Bacteroidetes_1360_3","Bacillariophyta_31_1_tp_2, Bacteroidetes_1178_1_tp_2, Dinoflagellata_1542_1_tp_2, Div_reps_2942_1_tp_2, Perkinsea_44_1_tp_2, Proteobacteria_10168_1_tp_2, Proteobacteria_6384_1_tp_2, Proteobacteria_7166_1_tp_2, Proteobacteria_7289_1_tp_2",0.42340988621699,0.320121456458501
"Bacteroidetes_1360_3","Bacillariophyta_44_1_tp_2, Bacteroidetes_1166_2_tp_2, Bacteroidetes_1360_4_tp_2, Cercozoa_23_1_tp_2, Dictyochophyceae_6_1_tp_2, Phylum_reps_1985_1_tp_2, Proteobacteria_11210_2_tp_2, Proteobacteria_7983_6_tp_2, Pseudofungi_43_1_tp_2",0.460706368207218,0.311752061048415
"Bacteroidetes_1360_3","Bacteroidetes_1186_1_tp_2, Bacteroidetes_1264_1_tp_2, Bacteroidetes_919_2_tp_2, Dinoflagellata_1017_1_tp_2, Dinoflagellata_124_1_tp_2, Dinoflagellata_1728_2_tp_2, Proteobacteria_6384_1_tp_2, Proteobacteria_7231_1_tp_2, Verrucomicrobia_22_2_tp_2",0.514016232477173,0.302712484697592
"Bacteroidetes_1360_3","Bacteroidetes_956_1_tp_2, Chlorophyta__streptophyta_732_1_tp_2, Dinoflagellata_874_1_tp_2, Proteobacteria_11429_4_tp_2, Proteobacteria_7230_1_tp_2, Proteobacteria_7787_1_tp_2, Proteobacteria_7982_1_tp_2, Proteobacteria_8185_1_tp_2, Proteobacteria_9681_2_tp_2",0.517695359283766,0.306259861380945
"Bacteroidetes_1360_3","Bacillariophyta_138_1_tp_2, Bacteroidetes_1204_1_tp_2, Bacteroidetes_919_2_tp_2, Chlorophyta__streptophyta_845_1_tp_2, Ciliophora_403_1_tp_2, Dinoflagellata_1010_1_tp_2, Proteobacteria_11190_1_tp_2, Proteobacteria_11429_3_tp_2, Sagenista_53_1_tp_2",0.395396137120449,0.331235964068035
"Bacteroidetes_1360_3","Actinobacteria_410_1_tp_2, Bacillariophyta_138_1_tp_2, Bacteroidetes_919_3_tp_2, Dinoflagellata_1968_1_tp_2, Proteobacteria_10168_1_tp_2, Proteobacteria_11190_1_tp_2, Proteobacteria_7166_1_tp_2, Proteobacteria_8176_2_tp_2, Proteobacteria_8185_1_tp_2",0.564102448756134,0.287195700171776
"Bacteroidetes_1360_3","Bacteroidetes_1349_1_tp_2, Dinoflagellata_1009_1_tp_2, Dinoflagellata_124_1_tp_2, Dinoflagellata_1658_1_tp_2, Proteobacteria_7289_1_tp_2, Proteobacteria_8176_1_tp_2, Proteobacteria_9681_1_tp_2, Verrucomicrobia_18_3_tp_2, Verrucomicrobia_22_2_tp_2",0.49904603015073,0.301877641754034
"Bacteroidetes_1360_3","Bacteroidetes_1167_1_tp_2, Bacteroidetes_1186_1_tp_2, Planctomycetes_61_1_tp_2, Proteobacteria_10114_1_tp_2, Proteobacteria_10168_1_tp_2, Proteobacteria_11210_2_tp_2, Proteobacteria_7231_1_tp_2, Proteobacteria_8185_1_tp_2, Verrucomicrobia_18_1_tp_2",0.445424398271378,0.312947315634421
"Bacteroidetes_1360_3","Bacillariophyta_31_1_tp_2, Bacteroidetes_918_2_tp_2, Chrysophyceae_16_1_tp_2, Ciliophora_234_1_tp_2, Div_reps_1600_1_tp_2, Proteobacteria_11155_2_tp_2, Proteobacteria_11210_1_tp_2, Proteobacteria_7982_2_tp_2, Proteobacteria_9681_2_tp_2",0.548131306648164,0.302192543536595
"Bacteroidetes_1360_3","Bacteroidetes_317_1_tp_2, Ciliophora_280_1_tp_2, Proteobacteria_11120_1_tp_2, Proteobacteria_7289_1_tp_2, Proteobacteria_7983_5_tp_2, Radiolaria_104_1_tp_2, Sagenista_61_1_tp_2, Verrucomicrobia_18_3_tp_2, Verrucomicrobia_18_4_tp_2",0.452382364284906,0.316257095351393
"Bacteroidetes_1360_3","Actinobacteria_410_1_tp_2, Bacillariophyta_219_1_tp_2, Bacteroidetes_1166_2_tp_2, Cercozoa_22_1_tp_2, Cyanobacteria_85_1_tp_2, Proteobacteria_11429_3_tp_2, Proteobacteria_11431_1_tp_2, Proteobacteria_7787_1_tp_2, Verrucomicrobia_18_1_tp_2",0.403555089572855,0.331607292928408
"Bacteroidetes_1360_3","Bacillariophyta_138_1_tp_2, Bacillariophyta_29_1_tp_2, Bacteroidetes_1235_1_tp_2, Ciliophora_1195_1_tp_2, Proteobacteria_5461_1_tp_2, Proteobacteria_7166_1_tp_2, Proteobacteria_7982_1_tp_2, Proteobacteria_7983_2_tp_2, Rhodophyta_506_1_tp_2",0.505634962444656,0.310486386746911
"Bacteroidetes_1360_3","Archaea_164_2_tp_2, Chlorophyta__streptophyta_120_1_tp_2, Chlorophyta__streptophyta_833_1_tp_2, Dinoflagellata_1009_1_tp_2, Dinoflagellata_1749_1_tp_2, Dinoflagellata_1793_1_tp_2, Proteobacteria_11210_2_tp_2, Proteobacteria_7983_4_tp_2, Proteobacteria_8176_2_tp_2",0.496447897048698,0.304013361331591
"Bacteroidetes_1360_3","Bacillariophyta_123_1_tp_2, Bacillariophyta_219_1_tp_2, Bacillariophyta_44_1_tp_2, Dinoflagellata_1014_1_tp_2, Dinoflagellata_1017_1_tp_2, Dinoflagellata_1098_1_tp_2, Dinoflagellata_1758_1_tp_2, Phylum_reps_1985_1_tp_2, Proteobacteria_10091_1_tp_2",0.449124110898776,0.315861071173562
"Bacteroidetes_1360_3","Bacteroidetes_131_1_tp_2, Chlorophyta__streptophyta_833_1_tp_2, Dinoflagellata_982_1_tp_2, Proteobacteria_7319_1_tp_2, Proteobacteria_7787_1_tp_2, Proteobacteria_7983_3_tp_2, Pseudofungi_43_1_tp_2, Sagenista_53_1_tp_2, Verrucomicrobia_22_2_tp_2",0.445805619433173,0.320628597710059
"Bacteroidetes_1360_3","Bacteroidetes_1186_1_tp_2, Bacteroidetes_1204_1_tp_2, Bacteroidetes_918_2_tp_2, Bacteroidetes_918_5_tp_2, Cyanobacteria_85_1_tp_2, Dinoflagellata_982_1_tp_2, Haptophyta_148_1_tp_2, Planctomycetes_61_1_tp_2, Proteobacteria_11210_2_tp_2",0.508153058623478,0.307157862393819
"Bacteroidetes_1360_3","Bacillariophyta_196_1_tp_2, Bacteroidetes_1249_1_tp_2, Bacteroidetes_129_2_tp_2, Bacteroidetes_1349_1_tp_2, Ciliophora_298_1_tp_2, Cyanobacteria_85_1_tp_2, Proteobacteria_7316_1_tp_2, Proteobacteria_7984_1_tp_2, Sagenista_61_1_tp_2",0.547120674173436,0.30658268769302
"Bacteroidetes_1360_3","Bacteroidetes_918_1_tp_2, Chlorophyta__streptophyta_732_1_tp_2, Dinoflagellata_1542_1_tp_2, Proteobacteria_11429_1_tp_2, Proteobacteria_11431_2_tp_2, Proteobacteria_7230_2_tp_2, Proteobacteria_8520_1_tp_2, Verrucomicrobia_22_1_tp_2, Verrucomicrobia_23_1_tp_2",0.483512437868038,0.31502449414887
"Bacteroidetes_1360_3","Bacteroidetes_1360_2_tp_2, Bacteroidetes_1360_4_tp_2, Bacteroidetes_1360_5_tp_2, Bacteroidetes_918_3_tp_2, Bacteroidetes_938_1_tp_2, Dinoflagellata_1014_1_tp_2, Dinoflagellata_1728_1_tp_2, Verrucomicrobia_18_2_tp_2, Verrucomicrobia_23_1_tp_2",0.528980905550601,0.30160400870822
"Bacteroidetes_1360_3","Archaea_164_2_tp_2, Archaea_179_1_tp_2, Bacteroidetes_1186_1_tp_2, Bacteroidetes_1249_1_tp_2, Bacteroidetes_918_4_tp_2, Ciliophora_298_1_tp_2, Haptophyta_148_1_tp_2, Katablepharidophyta_7_1_tp_2, Proteobacteria_11429_3_tp_2",0.54661719215036,0.301937133879753
"Bacteroidetes_1360_3","Chlorophyta__streptophyta_732_1_tp_2, Ciliophora_451_1_tp_2, Dinoflagellata_1658_1_tp_2, Perkinsea_33_1_tp_2, Proteobacteria_6847_1_tp_2, Proteobacteria_7174_1_tp_2, Proteobacteria_7319_1_tp_2, Proteobacteria_7982_2_tp_2, Proteobacteria_7983_4_tp_2",0.466791909364356,0.302311012565898
"Bacteroidetes_1360_3","Bacteroidetes_918_4_tp_2, Cercozoa_22_1_tp_2, Planctomycetes_34_1_tp_2, Proteobacteria_11155_2_tp_2, Proteobacteria_11431_1_tp_2, Proteobacteria_7289_1_tp_2, Proteobacteria_7364_1_tp_2, Proteobacteria_7982_2_tp_2, Proteobacteria_8175_1_tp_2",0.545070446382582,0.292111892798956
"Bacteroidetes_1360_3","Archaea_164_1_tp_2, Bacteroidetes_1166_2_tp_2, Bacteroidetes_129_2_tp_2, Bacteroidetes_131_1_tp_2, Bacteroidetes_938_1_tp_2, Dinoflagellata_1862_1_tp_2, Proteobacteria_7319_1_tp_2, Proteobacteria_7983_6_tp_2, temperature_tp_2",0.458794380724494,0.312303536548475
"Bacteroidetes_1360_3","Bacteroidetes_131_1_tp_2, Bacteroidetes_1349_1_tp_2, Ciliophora_280_1_tp_2, Ciliophora_403_1_tp_2, Proteobacteria_11428_1_tp_2, Proteobacteria_7174_1_tp_2, Proteobacteria_7313_1_tp_2, Proteobacteria_7983_7_tp_2, Verrucomicrobia_22_2_tp_2",0.537124911371785,0.296618236012106
"Bacteroidetes_1360_3","Bacillariophyta_31_1_tp_2, Cercozoa_23_1_tp_2, Chlorophyta__streptophyta_120_1_tp_2, Ciliophora_298_1_tp_2, Ciliophora_451_1_tp_2, Cryptophyta_15_2_tp_2, Proteobacteria_11429_3_tp_2, Proteobacteria_8178_1_tp_2, Verrucomicrobia_18_2_tp_2",0.596588770542867,0.298492116458624
"Bacteroidetes_1360_3","Bacillariophyta_138_1_tp_2, Bacillariophyta_219_1_tp_2, Bacteroidetes_1264_1_tp_2, Bacteroidetes_918_5_tp_2, Chlorophyta__streptophyta_833_1_tp_2, Cryptophyta_108_1_tp_2, Dinoflagellata_955_1_tp_2, Lobosa_11_1_tp_2, Proteobacteria_7983_8_tp_2",0.517930661130552,0.299729211838425
"Bacteroidetes_1360_3","Bacillariophyta_100_1_tp_2, Bacteroidetes_1204_1_tp_2, Bacteroidetes_1360_1_tp_2, Ciliophora_1195_1_tp_2, Dinoflagellata_1098_1_tp_2, Dinoflagellata_1758_1_tp_2, Proteobacteria_6384_1_tp_2, Proteobacteria_7230_1_tp_2, Proteobacteria_7983_1_tp_2",0.431580300419398,0.325323705546436
"Bacteroidetes_1360_3","Bacteroidetes_1360_4_tp_2, Chlorophyta__streptophyta_895_1_tp_2, Div_reps_1600_2_tp_2, Lobosa_11_1_tp_2, Proteobacteria_11428_1_tp_2, Proteobacteria_11431_2_tp_2, Proteobacteria_7313_1_tp_2, Proteobacteria_7319_1_tp_2, Proteobacteria_8520_1_tp_2",0.524703446628625,0.299188026462413
"Bacteroidetes_1360_3","Bacteroidetes_1349_1_tp_2, Cyanobacteria_48_1_tp_2, Cyanobacteria_65_1_tp_2, Dinoflagellata_1198_1_tp_2, Dinoflagellata_1711_1_tp_2, Proteobacteria_11155_1_tp_2, Proteobacteria_11155_2_tp_2, Proteobacteria_8178_1_tp_2, Proteobacteria_8185_1_tp_2",0.56730407111253,0.29673052073134
"Bacteroidetes_1360_3","Bacteroidetes_1349_1_tp_2, Chrysophyceae_16_1_tp_2, Dinoflagellata_1555_1_tp_2, Dinoflagellata_982_1_tp_2, Proteobacteria_11190_1_tp_2, Proteobacteria_7295_1_tp_2, Proteobacteria_8177_1_tp_2, Verrucomicrobia_18_2_tp_2, Verrucomicrobia_23_1_tp_2",0.491437179174207,0.312784321577396
"Bacteroidetes_1360_3","Bacteroidetes_1360_4_tp_2, Bacteroidetes_919_2_tp_2, Dinoflagellata_1198_1_tp_2, Dinoflagellata_1555_1_tp_2, Dinoflagellata_1711_1_tp_2, Dinoflagellata_1968_1_tp_2, Katablepharidophyta_7_1_tp_2, Proteobacteria_7100_1_tp_2, Verrucomicrobia_18_3_tp_2",0.546561227129538,0.301642385958467
"Bacteroidetes_1360_3","Bacteroidetes_918_3_tp_2, Bacteroidetes_938_1_tp_2, Chrysophyceae_16_1_tp_2, Dinoflagellata_1017_1_tp_2, Dinoflagellata_1758_1_tp_2, Katablepharidophyta_7_1_tp_2, Planctomycetes_61_1_tp_2, Proteobacteria_8176_1_tp_2, Radiolaria_104_1_tp_2",0.479859591498632,0.306342172990149
"Bacteroidetes_1360_3","Bacteroidetes_1166_2_tp_2, Bacteroidetes_918_5_tp_2, Bacteroidetes_956_1_tp_2, Cyanobacteria_65_1_tp_2, Div_reps_2942_1_tp_2, Phylum_reps_1954_1_tp_2, Proteobacteria_11429_3_tp_2, Proteobacteria_7174_1_tp_2, Proteobacteria_7983_2_tp_2",0.399893645843702,0.340121229821184
"Bacteroidetes_1360_3","Bacteroidetes_1360_5_tp_2, Bacteroidetes_918_3_tp_2, Ciliophora_298_1_tp_2, Dinoflagellata_1771_1_tp_2, Haptophyta_148_1_tp_2, Perkinsea_44_1_tp_2, Proteobacteria_11155_1_tp_2, Proteobacteria_7230_1_tp_2, Proteobacteria_7289_1_tp_2",0.464265060584831,0.314757103019479
"Bacteroidetes_1360_3","Bacteroidetes_1166_1_tp_2, Bacteroidetes_1264_1_tp_2, Bacteroidetes_129_2_tp_2, Dinoflagellata_1496_1_tp_2, Nitrospirae_9_1_tp_2, Proteobacteria_7231_1_tp_2, Proteobacteria_7319_1_tp_2, Proteobacteria_7983_8_tp_2, Proteobacteria_8520_1_tp_2",0.460372845582868,0.314268567701722
"Bacteroidetes_1360_3","Bacteroidetes_919_1_tp_2, Cercozoa_23_1_tp_2, Chlorophyta__streptophyta_833_1_tp_2, Proteobacteria_5436_1_tp_2, Proteobacteria_6384_1_tp_2, Proteobacteria_7166_1_tp_2, Proteobacteria_7982_2_tp_2, Proteobacteria_7983_1_tp_2, Radiolaria_104_1_tp_2",0.529556888742818,0.306414424277783
"Bacteroidetes_1360_3","Bacillariophyta_196_1_tp_2, Bacillariophyta_219_1_tp_2, Bacteroidetes_1186_1_tp_2, Bacteroidetes_918_3_tp_2, Bacteroidetes_938_1_tp_2, Chlorophyta__streptophyta_120_1_tp_2, Dinoflagellata_1496_1_tp_2, Div_reps_1600_2_tp_2, Proteobacteria_7984_1_tp_2",0.59796040385457,0.284081419209949
"Bacteroidetes_1360_3","Dinoflagellata_874_1_tp_2, Dinoflagellata_955_1_tp_2, Div_reps_2942_1_tp_2, Picozoa_18_1_tp_2, Proteobacteria_5436_1_tp_2, Proteobacteria_7174_1_tp_2, Proteobacteria_8176_2_tp_2, Proteobacteria_8520_1_tp_2, Raphidophyceae_3_1_tp_2",0.5458168339091,0.298767928520174
"Bacteroidetes_1360_3","Bacteroidetes_1166_1_tp_2, Bacteroidetes_131_1_tp_2, Bacteroidetes_918_4_tp_2, Bacteroidetes_919_3_tp_2, Ciliophora_234_1_tp_2, Phylum_reps_1954_1_tp_2, Proteobacteria_10114_1_tp_2, Proteobacteria_7314_1_tp_2, temperature_tp_2",0.497002792272357,0.311467895434173
"Bacteroidetes_1360_3","Bacillariophyta_138_1_tp_2, Bacteroidetes_317_1_tp_2, Cercozoa_291_1_tp_2, Chlorophyta__streptophyta_751_1_tp_2, Ciliophora_1195_1_tp_2, Nitrospirae_9_1_tp_2, Phylum_reps_1985_1_tp_2, Proteobacteria_7364_1_tp_2, Proteobacteria_7983_2_tp_2",0.634310938816654,0.278953695671477
"Bacteroidetes_1360_3","Bacteroidetes_1349_1_tp_2, Bacteroidetes_317_1_tp_2, Cercozoa_22_1_tp_2, Cyanobacteria_85_1_tp_2, Proteobacteria_11120_1_tp_2, Proteobacteria_11210_2_tp_2, Proteobacteria_7100_1_tp_2, Proteobacteria_7230_3_tp_2, Proteobacteria_8177_1_tp_2",0.497368220968586,0.301068474061648
"Bacteroidetes_1360_3","Bacillariophyta_196_1_tp_2, Bacteroidetes_1235_1_tp_2, Bacteroidetes_129_1_tp_2, Bacteroidetes_919_2_tp_2, Cyanobacteria_48_1_tp_2, Perkinsea_33_1_tp_2, Proteobacteria_7313_1_tp_2, Proteobacteria_9681_1_tp_2, Raphidophyceae_3_1_tp_2",0.5161631413615,0.303762384189081
"Bacteroidetes_1360_3","Bacteroidetes_1360_1_tp_2, Bacteroidetes_918_1_tp_2, Bacteroidetes_956_1_tp_2, Cyanobacteria_48_1_tp_2, Dinoflagellata_1749_1_tp_2, Dinoflagellata_1769_1_tp_2, Proteobacteria_8177_2_tp_2, Sagenista_53_1_tp_2, Verrucomicrobia_18_2_tp_2",0.513688181723989,0.31903101047882
"Bacteroidetes_1360_3","Bacillariophyta_219_1_tp_2, Bacteroidetes_1249_1_tp_2, Cryptophyta_108_1_tp_2, Dinoflagellata_1009_1_tp_2, Div_reps_1600_1_tp_2, Proteobacteria_5436_1_tp_2, Proteobacteria_7289_1_tp_2, Proteobacteria_8175_1_tp_2, Verrucomicrobia_18_1_tp_2",0.509785386644598,0.303117798150035
"Bacteroidetes_1360_3","Bacteroidetes_918_2_tp_2, Cercozoa_23_1_tp_2, Chlorophyta__streptophyta_845_1_tp_2, Dinoflagellata_1771_1_tp_2, Katablepharidophyta_7_1_tp_2, Lobosa_11_1_tp_2, Proteobacteria_11429_2_tp_2, Proteobacteria_7174_1_tp_2, Verrucomicrobia_18_1_tp_2",0.556913564707407,0.300537798093196
"Bacteroidetes_1360_3","Archaea_164_1_tp_2, Ciliophora_280_1_tp_2, Ciliophora_403_1_tp_2, Dinoflagellata_1771_1_tp_2, Proteobacteria_10168_1_tp_2, Proteobacteria_6384_1_tp_2, Proteobacteria_8177_2_tp_2, Proteobacteria_9649_1_tp_2, Pseudofungi_43_1_tp_2",0.497919992556616,0.302165133887522
"Bacteroidetes_1360_3","Archaea_164_2_tp_2, Bacteroidetes_1349_1_tp_2, Cercozoa_22_1_tp_2, Dictyochophyceae_6_1_tp_2, Dinoflagellata_1010_1_tp_2, Dinoflagellata_1198_1_tp_2, Dinoflagellata_1862_1_tp_2, Dinoflagellata_982_1_tp_2, Proteobacteria_11429_3_tp_2",0.483773179754274,0.30648256297371
"Bacteroidetes_1360_3","Chrysophyceae_16_1_tp_2, Cyanobacteria_65_1_tp_2, Dictyochophyceae_6_1_tp_2, Dinoflagellata_1769_1_tp_2, Proteobacteria_11429_1_tp_2, Proteobacteria_11431_2_tp_2, Proteobacteria_7230_1_tp_2, Proteobacteria_7983_3_tp_2, Proteobacteria_8177_1_tp_2",0.581270416949808,0.292876812857295
"Bacteroidetes_1360_3","Bacteroidetes_918_4_tp_2, Cercozoa_291_1_tp_2, Cyanobacteria_48_1_tp_2, Dinoflagellata_1711_1_tp_2, Perkinsea_33_1_tp_2, Proteobacteria_7983_4_tp_2, Proteobacteria_7984_1_tp_2, Proteobacteria_9649_1_tp_2, Sagenista_61_1_tp_2",0.539197716841816,0.310399384216739
"Bacteroidetes_1360_3","Bacillariophyta_138_1_tp_2, Bacteroidetes_1166_2_tp_2, Bacteroidetes_1178_1_tp_2, Bacteroidetes_938_1_tp_2, Ciliophora_298_1_tp_2, Dinoflagellata_1793_1_tp_2, Phylum_reps_1954_1_tp_2, Proteobacteria_11190_1_tp_2, Proteobacteria_7984_1_tp_2",0.456425945347285,0.327816005811454
"Bacteroidetes_1360_3","Bacillariophyta_138_1_tp_2, Bacteroidetes_129_2_tp_2, Dinoflagellata_1198_1_tp_2, Dinoflagellata_124_1_tp_2, Dinoflagellata_955_1_tp_2, Picozoa_6_1_tp_2, Planctomycetes_61_1_tp_2, Proteobacteria_7364_1_tp_2, Verrucomicrobia_22_2_tp_2",0.441118117834754,0.316544934132437
"Bacteroidetes_1360_3","Bacteroidetes_918_4_tp_2, Cercozoa_395_1_tp_2, Dinoflagellata_1014_1_tp_2, Dinoflagellata_1198_1_tp_2, Planctomycetes_27_1_tp_2, Proteobacteria_5461_1_tp_2, Proteobacteria_8176_1_tp_2, Pseudofungi_43_1_tp_2, temperature_tp_2",0.541282710641915,0.292732537198664
"Bacteroidetes_1360_3","Bacteroidetes_1360_2_tp_2, Bacteroidetes_918_2_tp_2, Bacteroidetes_919_1_tp_2, Chlorophyta__streptophyta_848_1_tp_2, Dinoflagellata_1098_1_tp_2, Proteobacteria_6847_1_tp_2, Proteobacteria_7166_1_tp_2, Proteobacteria_7982_1_tp_2, Proteobacteria_9649_1_tp_2",0.437552088104987,0.319006561810793
"Bacteroidetes_1360_3","Bacteroidetes_1264_1_tp_2, Bacteroidetes_317_1_tp_2, Proteobacteria_11429_4_tp_2, Proteobacteria_22_1_tp_2, Proteobacteria_7230_3_tp_2, Proteobacteria_7289_1_tp_2, Proteobacteria_8177_2_tp_2, Pseudofungi_43_1_tp_2, Raphidophyceae_3_1_tp_2",0.493317136860761,0.307955832749905
"Bacteroidetes_1360_3","Bacteroidetes_1249_1_tp_2, Bacteroidetes_131_1_tp_2, Dinoflagellata_1555_1_tp_2, Dinoflagellata_1749_1_tp_2, Dinoflagellata_955_1_tp_2, Dinoflagellata_982_1_tp_2, Proteobacteria_7319_1_tp_2, Proteobacteria_7983_1_tp_2, Proteobacteria_7983_6_tp_2",0.451074730380444,0.314131156192665
"Bacteroidetes_1360_3","Bacillariophyta_31_1_tp_2, Bacteroidetes_1224_1_tp_2, Bacteroidetes_129_2_tp_2, Cyanobacteria_73_1_tp_2, Dinoflagellata_1711_1_tp_2, Proteobacteria_11190_1_tp_2, Proteobacteria_11429_3_tp_2, Proteobacteria_7983_1_tp_2, Proteobacteria_7984_1_tp_2",0.588099404683278,0.305068558899248
"Bacteroidetes_1360_3","Bacillariophyta_138_1_tp_2, Bacteroidetes_1360_1_tp_2, Bacteroidetes_919_2_tp_2, Dinoflagellata_124_1_tp_2, Dinoflagellata_1658_1_tp_2, Picozoa_18_1_tp_2, Planctomycetes_61_1_tp_2, Proteobacteria_7983_8_tp_2, Verrucomicrobia_18_4_tp_2",0.493953854333179,0.319853335695409
"Bacteroidetes_1360_3","Bacteroidetes_1360_2_tp_2, Dinoflagellata_1009_1_tp_2, Dinoflagellata_1711_1_tp_2, Dinoflagellata_1749_1_tp_2, Div_reps_2942_1_tp_2, Proteobacteria_9681_2_tp_2, Verrucomicrobia_18_2_tp_2, Verrucomicrobia_18_3_tp_2, Verrucomicrobia_23_1_tp_2",0.477462068369124,0.315600107377904
"Bacteroidetes_1360_3","Bacillariophyta_29_1_tp_2, Bacteroidetes_918_5_tp_2, Div_reps_1600_1_tp_2, Proteobacteria_11431_2_tp_2, Proteobacteria_7314_1_tp_2, Proteobacteria_7983_2_tp_2, Proteobacteria_8177_2_tp_2, Pseudofungi_43_1_tp_2, Verrucomicrobia_18_4_tp_2",0.464672348939289,0.318934315952666
"Bacteroidetes_1360_3","Bacteroidetes_1178_1_tp_2, Bacteroidetes_1264_1_tp_2, Bacteroidetes_938_1_tp_2, Cercozoa_22_1_tp_2, Chlorophyta__streptophyta_751_1_tp_2, Dinoflagellata_1771_1_tp_2, Proteobacteria_11429_4_tp_2, Proteobacteria_9681_1_tp_2, temperature_tp_2",0.481981314953107,0.308450524726534
"Bacteroidetes_1360_3","Actinobacteria_410_1_tp_2, Chlorophyta__streptophyta_751_1_tp_2, Cryptophyta_15_2_tp_2, Dinoflagellata_1098_1_tp_2, Dinoflagellata_1728_1_tp_2, Dinoflagellata_1758_1_tp_2, Proteobacteria_7787_1_tp_2, Proteobacteria_8185_1_tp_2, Proteobacteria_9681_2_tp_2",0.453713765399965,0.309923126482722
"Bacteroidetes_1360_3","Actinobacteria_410_2_tp_2, Bacillariophyta_196_1_tp_2, Bacteroidetes_1151_1_tp_2, Bacteroidetes_1360_1_tp_2, Dinoflagellata_1758_1_tp_2, Proteobacteria_10168_1_tp_2, Proteobacteria_11428_1_tp_2, Proteobacteria_7319_1_tp_2, Proteobacteria_8176_1_tp_2",0.576571419410814,0.283542910655466
"Bacteroidetes_1360_3","Bacteroidetes_1186_1_tp_2, Bacteroidetes_1204_1_tp_2, Bacteroidetes_1349_1_tp_2, Chrysophyceae_16_1_tp_2, Dinoflagellata_1862_1_tp_2, Dinoflagellata_1968_1_tp_2, Proteobacteria_7983_7_tp_2, Proteobacteria_9681_2_tp_2, Verrucomicrobia_18_3_tp_2",0.529029457784125,0.304093252214898
"Bacteroidetes_1360_3","Bacteroidetes_129_1_tp_2, Bacteroidetes_1360_1_tp_2, Bacteroidetes_918_5_tp_2, Chlorophyta__streptophyta_848_1_tp_2, Phylum_reps_1985_1_tp_2, Phylum_reps_2301_1_tp_2, Proteobacteria_7313_1_tp_2, Proteobacteria_8520_1_tp_2, Rhodophyta_506_1_tp_2",0.542624945474375,0.304676536762814
"Bacteroidetes_1360_3","Bacteroidetes_1204_1_tp_2, Bacteroidetes_1349_1_tp_2, Dinoflagellata_874_1_tp_2, Proteobacteria_11210_1_tp_2, Proteobacteria_5461_1_tp_2, Proteobacteria_7983_4_tp_2, Proteobacteria_8177_1_tp_2, Sagenista_61_1_tp_2, Verrucomicrobia_18_4_tp_2",0.55155169428758,0.314508285353242
"Bacteroidetes_1360_3","Bacteroidetes_129_1_tp_2, Cyanobacteria_85_1_tp_2, Dinoflagellata_1098_1_tp_2, Dinoflagellata_1862_1_tp_2, Div_reps_1600_1_tp_2, Proteobacteria_11210_2_tp_2, Proteobacteria_7295_1_tp_2, Proteobacteria_7313_1_tp_2, Radiolaria_104_1_tp_2",0.394257800360274,0.322251381044874
"Bacteroidetes_1360_3","Bacillariophyta_100_1_tp_2, Chlorophyta__streptophyta_751_1_tp_2, Dinoflagellata_1017_1_tp_2, Dinoflagellata_1098_1_tp_2, Planctomycetes_27_1_tp_2, Proteobacteria_10114_1_tp_2, Proteobacteria_7983_1_tp_2, Verrucomicrobia_22_2_tp_2, Verrucomicrobia_23_1_tp_2",0.314649220774047,0.332110420594951
"Bacteroidetes_1360_3","Bacteroidetes_129_1_tp_2, Bacteroidetes_1360_2_tp_2, Cercozoa_395_1_tp_2, Katablepharidophyta_7_1_tp_2, Planctomycetes_61_1_tp_2, Proteobacteria_11429_2_tp_2, Proteobacteria_7174_1_tp_2, Proteobacteria_7983_2_tp_2, Proteobacteria_8185_1_tp_2",0.533942756287293,0.306548069401516
"Bacteroidetes_1360_3","Bacteroidetes_1151_1_tp_2, Bacteroidetes_1166_2_tp_2, Bacteroidetes_918_1_tp_2, Bacteroidetes_919_3_tp_2, Cercozoa_23_1_tp_2, Chlorophyta__streptophyta_895_1_tp_2, Ciliophora_234_1_tp_2, Planctomycetes_61_1_tp_2, Proteobacteria_11428_1_tp_2",0.492670753079072,0.309396400754428
"Bacteroidetes_1360_3","Archaea_164_1_tp_2, Bacteroidetes_1194_1_tp_2, Bacteroidetes_1224_1_tp_2, Cercozoa_22_1_tp_2, Chlorophyta__streptophyta_845_1_tp_2, Dinoflagellata_124_1_tp_2, Dinoflagellata_1496_1_tp_2, Planctomycetes_61_1_tp_2, Proteobacteria_7230_3_tp_2",0.479796047241528,0.306790248025656
"Bacteroidetes_1360_3","Bacteroidetes_1360_1_tp_2, Chlorophyta__streptophyta_848_1_tp_2, Dinoflagellata_1010_1_tp_2, Dinoflagellata_1758_1_tp_2, Dinoflagellata_1793_1_tp_2, Proteobacteria_7289_1_tp_2, Proteobacteria_7313_1_tp_2, Proteobacteria_7787_1_tp_2, Proteobacteria_9681_1_tp_2",0.498640010875031,0.303605530234151
"Bacteroidetes_1360_3","Bacteroidetes_1360_5_tp_2, Bacteroidetes_919_3_tp_2, Cyanobacteria_73_1_tp_2, Dinoflagellata_1758_1_tp_2, Dinoflagellata_1771_2_tp_2, Proteobacteria_5436_1_tp_2, Proteobacteria_7983_4_tp_2, Proteobacteria_8176_2_tp_2, Proteobacteria_8520_1_tp_2",0.54900146261356,0.303348616495686
"Bacteroidetes_1360_3","Bacteroidetes_1167_1_tp_2, Bacteroidetes_1194_1_tp_2, Bacteroidetes_131_1_tp_2, Bacteroidetes_918_1_tp_2, Bacteroidetes_919_3_tp_2, Picozoa_18_1_tp_2, Proteobacteria_7982_2_tp_2, Proteobacteria_8175_1_tp_2, Radiolaria_104_1_tp_2",0.489906545930362,0.304536964898149
"Bacteroidetes_1360_3","Bacteroidetes_1167_1_tp_2, Bacteroidetes_1360_1_tp_2, Bacteroidetes_918_3_tp_2, Dinoflagellata_874_1_tp_2, Katablepharidophyta_7_1_tp_2, Perkinsea_44_1_tp_2, Proteobacteria_7289_1_tp_2, Proteobacteria_8177_1_tp_2, Radiolaria_104_1_tp_2",0.49635122224213,0.308000691262194
"Bacteroidetes_1360_3","Bacteroidetes_1264_1_tp_2, Bacteroidetes_956_1_tp_2, Chlorophyta__streptophyta_120_1_tp_2, Dinoflagellata_1542_1_tp_2, Dinoflagellata_1862_1_tp_2, Planctomycetes_27_1_tp_2, Proteobacteria_10091_1_tp_2, Proteobacteria_22_1_tp_2, Proteobacteria_8176_2_tp_2",0.53074353413599,0.301774368960537
"Bacteroidetes_1360_3","Bacillariophyta_123_1_tp_2, Bacteroidetes_131_1_tp_2, Bacteroidetes_317_1_tp_2, Bacteroidetes_918_2_tp_2, Chlorophyta__streptophyta_751_1_tp_2, Ciliophora_1195_1_tp_2, Dinoflagellata_1728_1_tp_2, Picozoa_6_1_tp_2, Proteobacteria_9681_2_tp_2",0.372371706866962,0.324533185782948
"Bacteroidetes_1360_3","Bacillariophyta_219_1_tp_2, Ciliophora_1195_1_tp_2, Dinoflagellata_1862_1_tp_2, Proteobacteria_11155_2_tp_2, Proteobacteria_11429_2_tp_2, Proteobacteria_11429_4_tp_2, Proteobacteria_7787_1_tp_2, Proteobacteria_7983_4_tp_2, Verrucomicrobia_18_4_tp_2",0.547315276701884,0.312085054392686
"Bacteroidetes_1360_3","Bacteroidetes_1360_1_tp_2, Bacteroidetes_317_1_tp_2, Cercozoa_395_1_tp_2, Chlorophyta__streptophyta_732_1_tp_2, Dinoflagellata_1769_1_tp_2, Perkinsea_33_1_tp_2, Proteobacteria_11210_2_tp_2, Proteobacteria_7983_2_tp_2, Raphidophyceae_3_1_tp_2",0.444073136506371,0.315159130658408
"Bacteroidetes_1360_3","Dinoflagellata_1017_1_tp_2, Dinoflagellata_1658_1_tp_2, Dinoflagellata_1771_2_tp_2, Dinoflagellata_1968_1_tp_2, Proteobacteria_11431_1_tp_2, Proteobacteria_6847_1_tp_2, Proteobacteria_7230_2_tp_2, Proteobacteria_7983_8_tp_2, Rhodophyta_506_1_tp_2",0.406891241162407,0.319172775788054
"Bacteroidetes_1360_3","Archaea_179_1_tp_2, Bacillariophyta_196_1_tp_2, Bacteroidetes_131_1_tp_2, Bacteroidetes_1360_4_tp_2, Bacteroidetes_919_2_tp_2, Dinoflagellata_982_1_tp_2, Proteobacteria_10091_1_tp_2, Proteobacteria_7231_1_tp_2, Proteobacteria_7983_5_tp_2",0.492877513595042,0.318471404518284
"Bacteroidetes_1360_3","Bacteroidetes_1167_1_tp_2, Ciliophora_451_1_tp_2, Cyanobacteria_85_1_tp_2, Dinoflagellata_1793_1_tp_2, Div_reps_1600_2_tp_2, Proteobacteria_11155_1_tp_2, Proteobacteria_11155_2_tp_2, Proteobacteria_7316_1_tp_2, Proteobacteria_8176_2_tp_2",0.498637021477123,0.303504998423439
"Bacteroidetes_1360_3","Bacteroidetes_317_1_tp_2, Ciliophora_451_1_tp_2, Dinoflagellata_1017_1_tp_2, Picozoa_6_1_tp_2, Proteobacteria_11190_1_tp_2, Proteobacteria_22_1_tp_2, Proteobacteria_7983_3_tp_2, Proteobacteria_8175_1_tp_2, Proteobacteria_9681_2_tp_2",0.590123128030759,0.286403060326389
"Bacteroidetes_1360_3","Bacteroidetes_1264_1_tp_2, Bacteroidetes_1360_4_tp_2, Dinoflagellata_1017_1_tp_2, Proteobacteria_11429_3_tp_2, Proteobacteria_7230_1_tp_2, Proteobacteria_7983_3_tp_2, Proteobacteria_7983_5_tp_2, Proteobacteria_8520_1_tp_2, Pseudofungi_43_1_tp_2",0.451620173948988,0.31616741111832
"Bacteroidetes_1360_3","Bacteroidetes_1166_2_tp_2, Ciliophora_234_1_tp_2, Dictyochophyceae_6_1_tp_2, Dinoflagellata_1771_2_tp_2, Dinoflagellata_1862_1_tp_2, Dinoflagellata_874_1_tp_2, Proteobacteria_11429_1_tp_2, Proteobacteria_7174_1_tp_2, Proteobacteria_7983_6_tp_2",0.48982460493161,0.311625971653543
"Bacteroidetes_1360_3","Archaea_164_1_tp_2, Bacillariophyta_29_1_tp_2, Bacteroidetes_1167_1_tp_2, Bacteroidetes_131_1_tp_2, Cercozoa_395_1_tp_2, Phylum_reps_1985_1_tp_2, Proteobacteria_11120_1_tp_2, Proteobacteria_6384_1_tp_2, Raphidophyceae_3_1_tp_2",0.491914621826124,0.309527815209463
"Bacteroidetes_1360_3","Bacillariophyta_29_1_tp_2, Bacteroidetes_1224_1_tp_2, Cercozoa_291_1_tp_2, Dinoflagellata_1555_1_tp_2, Planctomycetes_34_1_tp_2, Proteobacteria_7983_6_tp_2, Proteobacteria_8177_1_tp_2, Sagenista_61_1_tp_2, Verrucomicrobia_23_1_tp_2",0.401037694167007,0.322880512108532
"Bacteroidetes_1360_3","Actinobacteria_410_1_tp_2, Bacillariophyta_29_1_tp_2, Bacteroidetes_129_2_tp_2, Bacteroidetes_919_2_tp_2, Perkinsea_33_1_tp_2, Proteobacteria_6384_1_tp_2, Proteobacteria_7289_1_tp_2, Proteobacteria_8176_1_tp_2, Verrucomicrobia_18_4_tp_2",0.449486125764502,0.317155495940999
"Bacteroidetes_1360_3","Actinobacteria_410_2_tp_2, Bacillariophyta_138_1_tp_2, Cyanobacteria_65_1_tp_2, Proteobacteria_11155_1_tp_2, Proteobacteria_11155_2_tp_2, Proteobacteria_7231_1_tp_2, Proteobacteria_7983_2_tp_2, Proteobacteria_7983_5_tp_2, Proteobacteria_9649_1_tp_2",0.491601527400791,0.310801787448998
"Bacteroidetes_1360_3","Bacteroidetes_1166_1_tp_2, Bacteroidetes_1224_1_tp_2, Bacteroidetes_956_1_tp_2, Ciliophora_451_1_tp_2, Cyanobacteria_73_1_tp_2, Dinoflagellata_1010_1_tp_2, Haptophyta_148_1_tp_2, Proteobacteria_8177_2_tp_2, Proteobacteria_9681_1_tp_2",0.556177916793394,0.300412469904057
"Bacteroidetes_1360_3","Archaea_164_2_tp_2, Bacillariophyta_123_1_tp_2, Bacteroidetes_918_4_tp_2, Dinoflagellata_1793_1_tp_2, Div_reps_1600_1_tp_2, Proteobacteria_7289_1_tp_2, Proteobacteria_7982_2_tp_2, Proteobacteria_7983_6_tp_2, Proteobacteria_9649_1_tp_2",0.562584054195578,0.292944444567675
"Bacteroidetes_1360_3","Bacteroidetes_1166_1_tp_2, Bacteroidetes_131_1_tp_2, Chlorophyta__streptophyta_751_1_tp_2, Cyanobacteria_65_1_tp_2, Div_reps_1600_1_tp_2, Proteobacteria_7231_1_tp_2, Proteobacteria_7983_2_tp_2, Proteobacteria_8177_1_tp_2, Verrucomicrobia_23_1_tp_2",0.465219390536447,0.315480844113371
"Bacteroidetes_1360_3","Bacteroidetes_1178_1_tp_2, Ciliophora_1195_1_tp_2, Ciliophora_403_1_tp_2, Cyanobacteria_48_1_tp_2, Dinoflagellata_1098_1_tp_2, Picozoa_18_1_tp_2, Proteobacteria_10114_1_tp_2, Proteobacteria_10168_1_tp_2, Proteobacteria_8177_2_tp_2",0.372138391638794,0.330019573486095
"Bacteroidetes_1360_3","Bacteroidetes_1166_1_tp_2, Bacteroidetes_129_2_tp_2, Bacteroidetes_919_2_tp_2, Chlorophyta__streptophyta_751_1_tp_2, Cyanobacteria_73_1_tp_2, Div_reps_1600_2_tp_2, Proteobacteria_11120_1_tp_2, Proteobacteria_7983_5_tp_2, Verrucomicrobia_18_3_tp_2",0.452157671913159,0.323923207027311
"Bacteroidetes_1360_3","Actinobacteria_410_1_tp_2, Bacteroidetes_1224_1_tp_2, Bacteroidetes_1235_1_tp_2, Dinoflagellata_1728_2_tp_2, Dinoflagellata_1793_1_tp_2, Haptophyta_148_1_tp_2, Perkinsea_44_1_tp_2, Picozoa_18_1_tp_2, Proteobacteria_6847_1_tp_2",0.511721755541372,0.305536699142594
"Bacteroidetes_1360_3","Archaea_179_1_tp_2, Bacteroidetes_1360_1_tp_2, Bacteroidetes_919_3_tp_2, Picozoa_18_1_tp_2, Planctomycetes_61_1_tp_2, Proteobacteria_11429_3_tp_2, Proteobacteria_11431_2_tp_2, Proteobacteria_7983_2_tp_2, Proteobacteria_8177_1_tp_2",0.463408885030632,0.32071473480194
"Bacteroidetes_1360_3","Bacteroidetes_1264_1_tp_2, Bacteroidetes_1360_2_tp_2, Katablepharidophyta_7_1_tp_2, Proteobacteria_11429_1_tp_2, Proteobacteria_7313_1_tp_2, Proteobacteria_7787_1_tp_2, Proteobacteria_7982_1_tp_2, Proteobacteria_8177_1_tp_2, Sagenista_61_1_tp_2",0.540749988834577,0.301825115114838
"Bacteroidetes_1360_3","Bacteroidetes_1186_1_tp_2, Cercozoa_22_1_tp_2, Cryptophyta_15_1_tp_2, Dinoflagellata_1769_1_tp_2, Dinoflagellata_1862_1_tp_2, Proteobacteria_11120_1_tp_2, Proteobacteria_7313_1_tp_2, Proteobacteria_7983_7_tp_2, temperature_tp_2",0.525657119483456,0.295802363756811
"Bacteroidetes_1360_3","Bacteroidetes_1360_1_tp_2, Ciliophora_1195_1_tp_2, Cryptophyta_108_1_tp_2, Dinoflagellata_1658_1_tp_2, Dinoflagellata_1862_1_tp_2, Proteobacteria_11155_1_tp_2, Proteobacteria_22_1_tp_2, Proteobacteria_7982_1_tp_2, Proteobacteria_7983_1_tp_2",0.46358305397075,0.308486423569554
"Bacteroidetes_1360_3","Bacteroidetes_129_1_tp_2, Chlorophyta__streptophyta_751_1_tp_2, Div_reps_1600_2_tp_2, Phylum_reps_1954_1_tp_2, Proteobacteria_7983_3_tp_2, Proteobacteria_7983_5_tp_2, Proteobacteria_7983_8_tp_2, Radiolaria_104_1_tp_2, Rhodophyta_506_1_tp_2",0.448753256126367,0.322507048772736
"Bacteroidetes_1360_3","Bacillariophyta_219_1_tp_2, Bacteroidetes_1264_1_tp_2, Bacteroidetes_1360_1_tp_2, Cryptophyta_15_1_tp_2, Dinoflagellata_1542_1_tp_2, Dinoflagellata_1658_1_tp_2, Picozoa_6_1_tp_2, Proteobacteria_9681_1_tp_2, Sagenista_61_1_tp_2",0.448457765564488,0.291145311433653
"Bacteroidetes_1360_3","Archaea_164_1_tp_2, Bacillariophyta_219_1_tp_2, Bacteroidetes_1360_5_tp_2, Bacteroidetes_918_5_tp_2, Bacteroidetes_956_1_tp_2, Cyanobacteria_48_1_tp_2, Proteobacteria_11429_2_tp_2, Proteobacteria_7289_1_tp_2, Radiolaria_104_1_tp_2",0.522850912832666,0.307281581410929
"Bacteroidetes_1360_3","Cercozoa_291_1_tp_2, Chlorophyta__streptophyta_120_1_tp_2, Cryptophyta_15_1_tp_2, Dinoflagellata_1658_1_tp_2, Proteobacteria_10091_1_tp_2, Proteobacteria_5436_1_tp_2, Proteobacteria_7983_5_tp_2, Sagenista_53_1_tp_2, Verrucomicrobia_22_1_tp_2",0.374661469418305,0.34628622451838
"Bacteroidetes_1360_3","Bacillariophyta_29_1_tp_2, Bacteroidetes_1151_1_tp_2, Bacteroidetes_1249_1_tp_2, Chlorophyta__streptophyta_120_1_tp_2, Ciliophora_234_1_tp_2, Cyanobacteria_65_1_tp_2, Dictyochophyceae_6_1_tp_2, Haptophyta_148_1_tp_2, Picozoa_18_1_tp_2",0.491382414797181,0.315669898778262
"Bacteroidetes_1360_3","Bacillariophyta_100_1_tp_2, Bacteroidetes_1204_1_tp_2, Bacteroidetes_1360_2_tp_2, Bacteroidetes_317_1_tp_2, Cyanobacteria_48_1_tp_2, Dinoflagellata_1014_1_tp_2, Dinoflagellata_1658_1_tp_2, Planctomycetes_27_1_tp_2, Proteobacteria_11429_1_tp_2",0.485417127373114,0.312459075852142
"Bacteroidetes_1360_3","Actinobacteria_410_1_tp_2, Chlorophyta__streptophyta_845_1_tp_2, Ciliophora_451_1_tp_2, Dinoflagellata_874_1_tp_2, Div_reps_2942_1_tp_2, Haptophyta_148_1_tp_2, Proteobacteria_7983_2_tp_2, Proteobacteria_8175_1_tp_2, Verrucomicrobia_22_1_tp_2",0.523935199512748,0.298012615354425
"Bacteroidetes_1360_3","Dinoflagellata_1862_1_tp_2, Dinoflagellata_982_1_tp_2, Proteobacteria_11155_2_tp_2, Proteobacteria_22_1_tp_2, Proteobacteria_7983_2_tp_2, Proteobacteria_7983_3_tp_2, Proteobacteria_9681_1_tp_2, Raphidophyceae_3_1_tp_2, Sagenista_53_1_tp_2",0.50606751678191,0.301504926337281
"Bacteroidetes_1360_3","Bacteroidetes_129_2_tp_2, Dinoflagellata_1496_1_tp_2, Proteobacteria_11155_1_tp_2, Proteobacteria_11210_2_tp_2, Proteobacteria_11429_4_tp_2, Proteobacteria_7319_1_tp_2, Proteobacteria_7982_1_tp_2, Proteobacteria_7984_1_tp_2, Sagenista_61_1_tp_2",0.500384067172031,0.30758365169181
"Bacteroidetes_1360_3","Actinobacteria_410_1_tp_2, Dinoflagellata_1968_1_tp_2, Picozoa_18_1_tp_2, Proteobacteria_10114_1_tp_2, Proteobacteria_7230_2_tp_2, Proteobacteria_7289_1_tp_2, Proteobacteria_7319_1_tp_2, Proteobacteria_7983_8_tp_2, Proteobacteria_8177_2_tp_2",0.393205388693203,0.325825655165711
"Bacteroidetes_1360_3","Bacillariophyta_100_1_tp_2, Bacillariophyta_196_1_tp_2, Dinoflagellata_1014_1_tp_2, Dinoflagellata_1771_1_tp_2, Dinoflagellata_1862_1_tp_2, Katablepharidophyta_7_1_tp_2, Lobosa_11_1_tp_2, Proteobacteria_11429_3_tp_2, Proteobacteria_7295_1_tp_2",0.594204400644506,0.285987162844776
"Bacteroidetes_1360_3","Archaea_164_2_tp_2, Cercozoa_23_1_tp_2, Dinoflagellata_1749_1_tp_2, Phylum_reps_2301_1_tp_2, Proteobacteria_11155_1_tp_2, Proteobacteria_11190_1_tp_2, Proteobacteria_11429_2_tp_2, Proteobacteria_7983_5_tp_2, Verrucomicrobia_22_2_tp_2",0.475380719319725,0.312070672303019
"Bacteroidetes_1360_3","Bacillariophyta_138_1_tp_2, Bacteroidetes_918_1_tp_2, Chlorophyta__streptophyta_848_1_tp_2, Ciliophora_280_1_tp_2, Dinoflagellata_1862_1_tp_2, Dinoflagellata_955_1_tp_2, Katablepharidophyta_7_1_tp_2, Proteobacteria_11210_2_tp_2, Proteobacteria_7787_1_tp_2",0.497621072758796,0.302104853007688
"Bacteroidetes_1360_3","Bacteroidetes_1360_2_tp_2, Bacteroidetes_1360_5_tp_2, Bacteroidetes_956_1_tp_2, Dinoflagellata_1749_1_tp_2, Dinoflagellata_1758_1_tp_2, Dinoflagellata_1771_1_tp_2, Picozoa_18_1_tp_2, Proteobacteria_7295_1_tp_2, Verrucomicrobia_18_4_tp_2",0.581815790182168,0.302330275667358
"Bacteroidetes_1360_3","Bacillariophyta_100_1_tp_2, Bacillariophyta_138_1_tp_2, Cryptophyta_15_2_tp_2, Dinoflagellata_1769_1_tp_2, Haptophyta_203_1_tp_2, Perkinsea_33_1_tp_2, Proteobacteria_8176_2_tp_2, Proteobacteria_8178_1_tp_2, Proteobacteria_9681_2_tp_2",0.49369440872429,0.307689566254159
"Bacteroidetes_1360_3","Bacteroidetes_1264_1_tp_2, Cercozoa_395_1_tp_2, Chlorophyta__streptophyta_120_1_tp_2, Dinoflagellata_1010_1_tp_2, Dinoflagellata_1771_2_tp_2, Katablepharidophyta_7_1_tp_2, Proteobacteria_11210_2_tp_2, Proteobacteria_7983_6_tp_2, Proteobacteria_8175_1_tp_2",0.517660775433967,0.29762819514217
"Bacteroidetes_1360_3","Bacteroidetes_918_1_tp_2, Dinoflagellata_124_1_tp_2, Dinoflagellata_1728_1_tp_2, Dinoflagellata_1758_1_tp_2, Dinoflagellata_1771_1_tp_2, Div_reps_1600_1_tp_2, Proteobacteria_11431_2_tp_2, Proteobacteria_7289_1_tp_2, Verrucomicrobia_18_1_tp_2",0.514195915854343,0.307273295395678
"Bacteroidetes_1360_3","Bacillariophyta_196_1_tp_2, Bacteroidetes_1151_1_tp_2, Bacteroidetes_1264_1_tp_2, Bacteroidetes_919_1_tp_2, Cercozoa_23_1_tp_2, Chrysophyceae_16_1_tp_2, Dinoflagellata_1968_1_tp_2, Proteobacteria_7230_1_tp_2, Proteobacteria_7787_1_tp_2",0.512941939194599,0.304748636429646
"Bacteroidetes_1360_3","Actinobacteria_410_2_tp_2, Bacillariophyta_219_1_tp_2, Bacteroidetes_918_5_tp_2, Chlorophyta__streptophyta_848_1_tp_2, Cryptophyta_15_1_tp_2, Cyanobacteria_73_1_tp_2, Dinoflagellata_1711_1_tp_2, Proteobacteria_11429_4_tp_2, Proteobacteria_11431_2_tp_2",0.570942754282278,0.29054759614972
"Bacteroidetes_1360_3","Bacillariophyta_44_1_tp_2, Chlorophyta__streptophyta_751_1_tp_2, Lobosa_11_1_tp_2, Proteobacteria_11210_1_tp_2, Proteobacteria_11429_2_tp_2, Proteobacteria_7230_1_tp_2, Proteobacteria_7230_3_tp_2, Proteobacteria_7984_1_tp_2, Verrucomicrobia_22_1_tp_2",0.533022893409286,0.309816371989827
"Bacteroidetes_1360_3","Bacillariophyta_44_1_tp_2, Bacteroidetes_1249_1_tp_2, Bacteroidetes_919_1_tp_2, Chlorophyta__streptophyta_732_1_tp_2, Ciliophora_1195_1_tp_2, Cyanobacteria_65_1_tp_2, Dinoflagellata_1968_1_tp_2, Proteobacteria_7984_1_tp_2, Proteobacteria_8178_1_tp_2",0.512901641297515,0.319046956545964
"Bacteroidetes_1360_3","Bacteroidetes_1166_1_tp_2, Ciliophora_298_1_tp_2, Picozoa_6_1_tp_2, Proteobacteria_11428_1_tp_2, Proteobacteria_6847_1_tp_2, Proteobacteria_7313_1_tp_2, Proteobacteria_7983_8_tp_2, Proteobacteria_7984_1_tp_2, Verrucomicrobia_18_1_tp_2",0.587547762456892,0.298542928507124
"Bacteroidetes_1360_3","Bacillariophyta_31_1_tp_2, Ciliophora_451_1_tp_2, Cryptophyta_15_2_tp_2, Dinoflagellata_1496_1_tp_2, Div_reps_1600_2_tp_2, Proteobacteria_7314_1_tp_2, Proteobacteria_8176_1_tp_2, Proteobacteria_9649_1_tp_2, Proteobacteria_9681_2_tp_2",0.517533470714159,0.303183015600972
"Bacteroidetes_1360_3","Actinobacteria_410_1_tp_2, Bacillariophyta_44_1_tp_2, Bacteroidetes_1224_1_tp_2, Bacteroidetes_1349_1_tp_2, Bacteroidetes_918_3_tp_2, Cercozoa_395_1_tp_2, Chrysophyceae_16_1_tp_2, Proteobacteria_8177_1_tp_2, Proteobacteria_8177_2_tp_2",0.504895981432848,0.304521874317843
"Bacteroidetes_1360_3","Bacteroidetes_1166_2_tp_2, Bacteroidetes_1167_1_tp_2, Chlorophyta__streptophyta_732_1_tp_2, Ciliophora_234_1_tp_2, Planctomycetes_27_1_tp_2, Proteobacteria_11431_1_tp_2, Proteobacteria_7982_1_tp_2, Verrucomicrobia_18_1_tp_2, Verrucomicrobia_23_1_tp_2",0.467239415939145,0.319195170788484
"Bacteroidetes_1360_3","Bacillariophyta_123_1_tp_2, Ciliophora_403_1_tp_2, Cyanobacteria_48_1_tp_2, Cyanobacteria_85_1_tp_2, Dinoflagellata_1793_1_tp_2, Nitrospirae_9_1_tp_2, Proteobacteria_8176_2_tp_2, Rhodophyta_506_1_tp_2, Verrucomicrobia_18_4_tp_2",0.487780294847548,0.316545232229499
"Bacteroidetes_1360_3","Bacteroidetes_1186_1_tp_2, Bacteroidetes_1194_1_tp_2, Bacteroidetes_918_2_tp_2, Dinoflagellata_1769_1_tp_2, Dinoflagellata_1771_1_tp_2, Dinoflagellata_874_1_tp_2, Proteobacteria_7289_1_tp_2, Proteobacteria_7983_8_tp_2, Verrucomicrobia_23_1_tp_2",0.473051049738428,0.310059663196764
"Bacteroidetes_1360_3","Bacteroidetes_918_2_tp_2, Ciliophora_451_1_tp_2, Dinoflagellata_1017_1_tp_2, Dinoflagellata_1793_1_tp_2, Proteobacteria_10091_1_tp_2, Proteobacteria_11155_2_tp_2, Proteobacteria_7174_1_tp_2, Proteobacteria_7314_1_tp_2, Proteobacteria_7319_1_tp_2",0.501457599282164,0.312088088269487
"Bacteroidetes_1360_3","Bacteroidetes_918_2_tp_2, Chlorophyta__streptophyta_833_1_tp_2, Cyanobacteria_48_1_tp_2, Dinoflagellata_1711_1_tp_2, Dinoflagellata_982_1_tp_2, Proteobacteria_22_1_tp_2, Proteobacteria_7787_1_tp_2, Proteobacteria_7983_5_tp_2, Sagenista_53_1_tp_2",0.49901998227346,0.317831331173674
"Bacteroidetes_1360_3","Ciliophora_298_1_tp_2, Cryptophyta_108_1_tp_2, Cyanobacteria_73_1_tp_2, Dinoflagellata_1771_2_tp_2, Dinoflagellata_1968_1_tp_2, Proteobacteria_10091_1_tp_2, Proteobacteria_7230_2_tp_2, Proteobacteria_9681_2_tp_2, Rhodophyta_506_1_tp_2",0.559096213215407,0.276861913990989
"Bacteroidetes_1360_3","Bacteroidetes_1194_1_tp_2, Chlorophyta__streptophyta_845_1_tp_2, Cryptophyta_15_1_tp_2, Lobosa_11_1_tp_2, Picozoa_6_1_tp_2, Proteobacteria_11429_2_tp_2, Proteobacteria_6847_1_tp_2, Proteobacteria_7983_8_tp_2, Proteobacteria_8177_1_tp_2",0.477904640575016,0.306613569466968
"Bacteroidetes_1360_3","Bacteroidetes_919_1_tp_2, Chlorophyta__streptophyta_732_1_tp_2, Div_reps_1600_1_tp_2, Phylum_reps_1954_1_tp_2, Planctomycetes_61_1_tp_2, Proteobacteria_7364_1_tp_2, Proteobacteria_7787_1_tp_2, Sagenista_53_1_tp_2, Verrucomicrobia_18_1_tp_2",0.426142349795716,0.33124532702475
"Bacteroidetes_1360_3","Bacillariophyta_31_1_tp_2, Bacteroidetes_1178_1_tp_2, Bacteroidetes_1360_4_tp_2, Bacteroidetes_918_5_tp_2, Ciliophora_1195_1_tp_2, Proteobacteria_10114_1_tp_2, Proteobacteria_7313_1_tp_2, Proteobacteria_7319_1_tp_2, Proteobacteria_7983_5_tp_2",0.424168197553387,0.32823844019696
"Bacteroidetes_1360_3","Bacillariophyta_31_1_tp_2, Bacteroidetes_1151_1_tp_2, Bacteroidetes_1166_1_tp_2, Bacteroidetes_1360_5_tp_2, Bacteroidetes_918_1_tp_2, Phylum_reps_1954_1_tp_2, Proteobacteria_11210_1_tp_2, Proteobacteria_7983_5_tp_2, Verrucomicrobia_23_1_tp_2",0.604226914357605,0.303843439595407
"Bacteroidetes_1360_3","Bacteroidetes_1224_1_tp_2, Bacteroidetes_1349_1_tp_2, Cyanobacteria_48_1_tp_2, Cyanobacteria_73_1_tp_2, Dinoflagellata_1009_1_tp_2, Dinoflagellata_1542_1_tp_2, Planctomycetes_61_1_tp_2, Proteobacteria_6384_1_tp_2, Rhodophyta_506_1_tp_2",0.471737491733265,0.323668263562384
"Bacteroidetes_1360_3","Cercozoa_23_1_tp_2, Cercozoa_395_1_tp_2, Chlorophyta__streptophyta_732_1_tp_2, Dinoflagellata_1862_1_tp_2, Div_reps_2942_1_tp_2, Picozoa_6_1_tp_2, Proteobacteria_10091_1_tp_2, Proteobacteria_11210_2_tp_2, Proteobacteria_7983_7_tp_2",0.377226255576,0.32320652300216
"Bacteroidetes_1360_3","Actinobacteria_410_1_tp_2, Bacteroidetes_1224_1_tp_2, Bacteroidetes_918_5_tp_2, Cercozoa_395_1_tp_2, Chlorophyta__streptophyta_732_1_tp_2, Cyanobacteria_48_1_tp_2, Dinoflagellata_124_1_tp_2, Dinoflagellata_1769_1_tp_2, Nitrospirae_9_1_tp_2",0.49604771935895,0.311397781378472
"Bacteroidetes_1360_3","Bacteroidetes_1151_1_tp_2, Cercozoa_291_1_tp_2, Cyanobacteria_48_1_tp_2, Dinoflagellata_874_1_tp_2, Planctomycetes_34_1_tp_2, Proteobacteria_11429_4_tp_2, Proteobacteria_6384_1_tp_2, Proteobacteria_7231_1_tp_2, Proteobacteria_7319_1_tp_2",0.533319886259527,0.306863335215357
"Bacteroidetes_1360_3","Bacteroidetes_1178_1_tp_2, Chlorophyta__streptophyta_833_1_tp_2, Cryptophyta_15_2_tp_2, Dinoflagellata_1658_1_tp_2, Proteobacteria_11190_1_tp_2, Proteobacteria_7230_1_tp_2, Proteobacteria_7983_8_tp_2, Proteobacteria_8176_1_tp_2, Proteobacteria_9649_1_tp_2",0.490373134245826,0.303699200638154
"Bacteroidetes_1360_3","Bacteroidetes_1151_1_tp_2, Ciliophora_280_1_tp_2, Dinoflagellata_1017_1_tp_2, Dinoflagellata_1098_1_tp_2, Dinoflagellata_1198_1_tp_2, Perkinsea_33_1_tp_2, Planctomycetes_61_1_tp_2, Proteobacteria_22_1_tp_2, Proteobacteria_8177_2_tp_2",0.384032786046626,0.322434756522056
"Bacteroidetes_1360_3","Archaea_164_2_tp_2, Bacteroidetes_1151_1_tp_2, Bacteroidetes_1194_1_tp_2, Bacteroidetes_919_1_tp_2, Cyanobacteria_65_1_tp_2, Dinoflagellata_1862_1_tp_2, Proteobacteria_11429_2_tp_2, Proteobacteria_8176_1_tp_2, Proteobacteria_9649_1_tp_2",0.529519871426345,0.299681872004247
"Bacteroidetes_1360_3","Archaea_179_1_tp_2, Bacillariophyta_219_1_tp_2, Bacteroidetes_1264_1_tp_2, Chlorophyta__streptophyta_120_1_tp_2, Div_reps_1600_1_tp_2, Haptophyta_148_1_tp_2, Proteobacteria_11155_1_tp_2, Proteobacteria_7166_1_tp_2, Proteobacteria_8520_1_tp_2",0.516807288785906,0.315146700649645
"Bacteroidetes_1360_3","Bacillariophyta_29_1_tp_2, Bacteroidetes_1166_1_tp_2, Bacteroidetes_918_3_tp_2, Ciliophora_1195_1_tp_2, Lobosa_11_1_tp_2, Proteobacteria_11210_1_tp_2, Proteobacteria_7316_1_tp_2, Proteobacteria_7319_1_tp_2, Proteobacteria_7364_1_tp_2",0.602089769820643,0.293548995655991
"Bacteroidetes_1360_3","Bacteroidetes_1349_1_tp_2, Bacteroidetes_918_2_tp_2, Cercozoa_291_1_tp_2, Chlorophyta__streptophyta_833_1_tp_2, Dictyochophyceae_6_1_tp_2, Picozoa_18_1_tp_2, Proteobacteria_11429_2_tp_2, Proteobacteria_7316_1_tp_2, Proteobacteria_7983_8_tp_2",0.493445277905649,0.308150106250297
"Bacteroidetes_1360_3","Bacteroidetes_1264_1_tp_2, Bacteroidetes_918_1_tp_2, Bacteroidetes_918_4_tp_2, Chlorophyta__streptophyta_845_1_tp_2, Cyanobacteria_85_1_tp_2, Dinoflagellata_1198_1_tp_2, Picozoa_6_1_tp_2, Proteobacteria_11210_2_tp_2, Proteobacteria_7316_1_tp_2",0.484381617315021,0.304295904182173
"Bacteroidetes_1360_3","Bacteroidetes_1360_2_tp_2, Bacteroidetes_919_1_tp_2, Ciliophora_403_1_tp_2, Dinoflagellata_1098_1_tp_2, Proteobacteria_7100_1_tp_2, Proteobacteria_7166_1_tp_2, Proteobacteria_7983_5_tp_2, Verrucomicrobia_18_1_tp_2, Verrucomicrobia_22_1_tp_2",0.42148521805811,0.326122016261696
"Bacteroidetes_1360_3","Archaea_179_1_tp_2, Bacteroidetes_1178_1_tp_2, Bacteroidetes_1360_2_tp_2, Chlorophyta__streptophyta_895_1_tp_2, Perkinsea_33_1_tp_2, Proteobacteria_11155_1_tp_2, Proteobacteria_11429_1_tp_2, Proteobacteria_8185_1_tp_2, Verrucomicrobia_18_3_tp_2",0.540103999668033,0.299728488128373
"Bacteroidetes_1360_3","Cryptophyta_108_1_tp_2, Dinoflagellata_1728_1_tp_2, Dinoflagellata_1758_1_tp_2, Dinoflagellata_1771_2_tp_2, Phylum_reps_1985_1_tp_2, Planctomycetes_34_1_tp_2, Proteobacteria_11155_1_tp_2, Proteobacteria_11431_2_tp_2, Proteobacteria_7174_1_tp_2",0.505748864476067,0.303158851470982
"Bacteroidetes_1360_3","Bacillariophyta_196_1_tp_2, Bacteroidetes_938_1_tp_2, Chlorophyta__streptophyta_732_1_tp_2, Dinoflagellata_1728_2_tp_2, Proteobacteria_10168_1_tp_2, Proteobacteria_6847_1_tp_2, Proteobacteria_7316_1_tp_2, Proteobacteria_8178_1_tp_2, Raphidophyceae_3_1_tp_2",0.468902036228338,0.311194482682044
"Bacteroidetes_1360_3","Bacteroidetes_129_1_tp_2, Bacteroidetes_919_2_tp_2, Cercozoa_22_1_tp_2, Proteobacteria_10091_1_tp_2, Proteobacteria_10168_1_tp_2, Proteobacteria_11429_4_tp_2, Proteobacteria_7319_1_tp_2, Proteobacteria_9681_2_tp_2, Verrucomicrobia_18_4_tp_2",0.518217657686906,0.312975848174652
"Bacteroidetes_1360_3","Bacteroidetes_1204_1_tp_2, Dinoflagellata_1198_1_tp_2, Dinoflagellata_1968_1_tp_2, Phylum_reps_1954_1_tp_2, Planctomycetes_34_1_tp_2, Proteobacteria_10114_1_tp_2, Proteobacteria_11155_1_tp_2, Proteobacteria_8177_2_tp_2, Proteobacteria_8178_1_tp_2",0.428961959593356,0.323485055764949
"Bacteroidetes_1360_3","Bacteroidetes_1360_4_tp_2, Bacteroidetes_918_2_tp_2, Bacteroidetes_956_1_tp_2, Haptophyta_148_1_tp_2, Proteobacteria_6847_1_tp_2, Proteobacteria_7983_1_tp_2, Radiolaria_104_1_tp_2, Verrucomicrobia_18_1_tp_2, Verrucomicrobia_23_1_tp_2",0.406337180213302,0.332110757025522
"Bacteroidetes_1360_3","Bacillariophyta_219_1_tp_2, Cercozoa_22_1_tp_2, Ciliophora_234_1_tp_2, Cryptophyta_15_1_tp_2, Cyanobacteria_65_1_tp_2, Dinoflagellata_1542_1_tp_2, Dinoflagellata_1758_1_tp_2, Div_reps_1600_1_tp_2, Proteobacteria_8177_2_tp_2",0.389279063155418,0.326156782878272
"Bacteroidetes_1360_3","Bacteroidetes_1151_1_tp_2, Bacteroidetes_1204_1_tp_2, Bacteroidetes_918_2_tp_2, Bacteroidetes_919_1_tp_2, Cercozoa_23_1_tp_2, Chlorophyta__streptophyta_833_1_tp_2, Cyanobacteria_85_1_tp_2, Proteobacteria_11210_2_tp_2, Proteobacteria_8177_1_tp_2",0.495701612465181,0.310733137541099
"Bacteroidetes_1360_3","Bacteroidetes_129_2_tp_2, Bacteroidetes_1360_2_tp_2, Bacteroidetes_919_1_tp_2, Cercozoa_23_1_tp_2, Cyanobacteria_73_1_tp_2, Dinoflagellata_982_1_tp_2, Proteobacteria_7100_1_tp_2, Proteobacteria_8185_1_tp_2, temperature_tp_2",0.516963621102186,0.308113505502479
"Bacteroidetes_1360_3","Bacteroidetes_129_2_tp_2, Bacteroidetes_1360_5_tp_2, Ciliophora_280_1_tp_2, Cyanobacteria_73_1_tp_2, Dinoflagellata_1017_1_tp_2, Dinoflagellata_1098_1_tp_2, Dinoflagellata_1198_1_tp_2, Proteobacteria_7983_4_tp_2, Sagenista_53_1_tp_2",0.259347676550017,0.347443867937422
"Bacteroidetes_1360_3","Bacteroidetes_131_1_tp_2, Bacteroidetes_918_1_tp_2, Cercozoa_23_1_tp_2, Ciliophora_280_1_tp_2, Dinoflagellata_1010_1_tp_2, Dinoflagellata_1758_1_tp_2, Proteobacteria_11429_3_tp_2, Proteobacteria_8177_1_tp_2, Verrucomicrobia_23_1_tp_2",0.418332223973886,0.336738600768614
"Bacteroidetes_1360_3","Actinobacteria_410_1_tp_2, Bacteroidetes_1167_1_tp_2, Bacteroidetes_1204_1_tp_2, Dinoflagellata_1496_1_tp_2, Nitrospirae_9_1_tp_2, Planctomycetes_34_1_tp_2, Proteobacteria_10091_1_tp_2, Proteobacteria_7983_8_tp_2, Sagenista_61_1_tp_2",0.443452643050608,0.314834799301833
"Bacteroidetes_1360_3","Cercozoa_22_1_tp_2, Dinoflagellata_1555_1_tp_2, Dinoflagellata_1771_1_tp_2, Dinoflagellata_1968_1_tp_2, Perkinsea_44_1_tp_2, Planctomycetes_34_1_tp_2, Proteobacteria_7983_6_tp_2, Verrucomicrobia_18_4_tp_2, Verrucomicrobia_23_1_tp_2",0.454015994820548,0.285454250388551
"Bacteroidetes_1360_3","Bacillariophyta_138_1_tp_2, Bacillariophyta_196_1_tp_2, Bacteroidetes_1167_1_tp_2, Bacteroidetes_1264_1_tp_2, Bacteroidetes_956_1_tp_2, Cyanobacteria_48_1_tp_2, Proteobacteria_11190_1_tp_2, Proteobacteria_7983_4_tp_2, Rhodophyta_506_1_tp_2",0.567439100390357,0.303625934240417
"Bacteroidetes_1360_3","Bacteroidetes_1167_1_tp_2, Bacteroidetes_918_4_tp_2, Dinoflagellata_1793_1_tp_2, Div_reps_1600_1_tp_2, Div_reps_2942_1_tp_2, Proteobacteria_5436_1_tp_2, Proteobacteria_6384_1_tp_2, Proteobacteria_7174_1_tp_2, Proteobacteria_7289_1_tp_2",0.41364052832024,0.326492781003879
"Bacteroidetes_1360_3","Bacteroidetes_1204_1_tp_2, Bacteroidetes_919_1_tp_2, Dinoflagellata_1010_1_tp_2, Dinoflagellata_1496_1_tp_2, Dinoflagellata_1728_1_tp_2, Proteobacteria_11190_1_tp_2, Proteobacteria_11210_2_tp_2, Proteobacteria_7983_8_tp_2, Proteobacteria_9681_2_tp_2",0.538668382799271,0.309900160611928
"Bacteroidetes_1360_3","Actinobacteria_410_1_tp_2, Bacteroidetes_1204_1_tp_2, Cercozoa_291_1_tp_2, Ciliophora_280_1_tp_2, Planctomycetes_27_1_tp_2, Proteobacteria_7174_1_tp_2, Proteobacteria_7230_3_tp_2, Proteobacteria_7984_1_tp_2, Proteobacteria_8176_2_tp_2",0.487113699271607,0.333365522283742
"Bacteroidetes_1360_3","Bacteroidetes_1166_2_tp_2, Bacteroidetes_1167_1_tp_2, Bacteroidetes_1194_1_tp_2, Bacteroidetes_131_1_tp_2, Chlorophyta__streptophyta_895_1_tp_2, Dinoflagellata_1862_1_tp_2, Proteobacteria_6384_1_tp_2, Proteobacteria_7982_1_tp_2, Proteobacteria_7983_8_tp_2",0.523966783393092,0.30693714101209
"Bacteroidetes_1360_3","Actinobacteria_410_1_tp_2, Bacteroidetes_1167_1_tp_2, Bacteroidetes_1178_1_tp_2, Bacteroidetes_1264_1_tp_2, Bacteroidetes_919_1_tp_2, Ciliophora_403_1_tp_2, Dinoflagellata_1542_1_tp_2, Proteobacteria_5461_1_tp_2, Raphidophyceae_3_1_tp_2",0.447664462044421,0.325859068050315
"Bacteroidetes_1360_3","Actinobacteria_410_2_tp_2, Bacteroidetes_1360_1_tp_2, Bacteroidetes_918_1_tp_2, Bacteroidetes_919_1_tp_2, Cyanobacteria_48_1_tp_2, Dictyochophyceae_6_1_tp_2, Dinoflagellata_1771_2_tp_2, Proteobacteria_7230_2_tp_2, Proteobacteria_7230_3_tp_2",0.53134064199586,0.315830349715606
"Bacteroidetes_1360_3","Bacteroidetes_1166_1_tp_2, Bacteroidetes_919_3_tp_2, Cyanobacteria_85_1_tp_2, Div_reps_1600_1_tp_2, Picozoa_18_1_tp_2, Proteobacteria_22_1_tp_2, Proteobacteria_7230_2_tp_2, Proteobacteria_7231_1_tp_2, Proteobacteria_8177_2_tp_2",0.468810044083312,0.318069795773508
"Bacteroidetes_1360_3","Archaea_179_1_tp_2, Bacteroidetes_1167_1_tp_2, Bacteroidetes_1178_1_tp_2, Cercozoa_395_1_tp_2, Dinoflagellata_1496_1_tp_2, Proteobacteria_11120_1_tp_2, Proteobacteria_6847_1_tp_2, Proteobacteria_7231_1_tp_2, Verrucomicrobia_18_3_tp_2",0.503101419366362,0.30067344966734
"Bacteroidetes_1360_3","Bacteroidetes_1224_1_tp_2, Bacteroidetes_938_1_tp_2, Ciliophora_403_1_tp_2, Perkinsea_33_1_tp_2, Proteobacteria_11429_2_tp_2, Proteobacteria_8176_2_tp_2, Proteobacteria_9649_1_tp_2, Pseudofungi_43_1_tp_2, Raphidophyceae_3_1_tp_2",0.455844486712133,0.316461247363752
"Bacteroidetes_1360_3","Archaea_164_1_tp_2, Bacteroidetes_1264_1_tp_2, Bacteroidetes_1349_1_tp_2, Ciliophora_280_1_tp_2, Proteobacteria_7230_1_tp_2, Proteobacteria_7230_2_tp_2, Proteobacteria_7313_1_tp_2, Proteobacteria_9681_2_tp_2, Radiolaria_104_1_tp_2",0.553586549834749,0.302882439054486
"Bacteroidetes_1360_3","Cyanobacteria_65_1_tp_2, Cyanobacteria_73_1_tp_2, Proteobacteria_11428_1_tp_2, Proteobacteria_7313_1_tp_2, Proteobacteria_7983_8_tp_2, Proteobacteria_8175_1_tp_2, Proteobacteria_8520_1_tp_2, Proteobacteria_9681_2_tp_2, Verrucomicrobia_18_4_tp_2",0.535297248693972,0.305746124663006
"Bacteroidetes_1360_3","Bacillariophyta_138_1_tp_2, Bacteroidetes_1178_1_tp_2, Bacteroidetes_1249_1_tp_2, Bacteroidetes_1264_1_tp_2, Bacteroidetes_938_1_tp_2, Chlorophyta__streptophyta_732_1_tp_2, Chlorophyta__streptophyta_833_1_tp_2, Dinoflagellata_124_1_tp_2, Proteobacteria_7983_1_tp_2",0.543484754460034,0.310051000709329
"Bacteroidetes_1360_3","Bacillariophyta_44_1_tp_2, Bacteroidetes_1151_1_tp_2, Bacteroidetes_919_3_tp_2, Chlorophyta__streptophyta_833_1_tp_2, Ciliophora_234_1_tp_2, Cryptophyta_15_2_tp_2, Proteobacteria_11429_2_tp_2, Proteobacteria_7231_1_tp_2, Verrucomicrobia_18_1_tp_2",0.554739977195561,0.30226194460324
"Bacteroidetes_1360_3","Actinobacteria_410_1_tp_2, Bacteroidetes_1349_1_tp_2, Bacteroidetes_1360_1_tp_2, Bacteroidetes_919_1_tp_2, Phylum_reps_1954_1_tp_2, Planctomycetes_27_1_tp_2, Planctomycetes_34_1_tp_2, Sagenista_61_1_tp_2, Verrucomicrobia_18_3_tp_2",0.471581150257339,0.314117081853939
"Bacteroidetes_1360_3","Bacillariophyta_138_1_tp_2, Bacillariophyta_196_1_tp_2, Bacteroidetes_1178_1_tp_2, Bacteroidetes_1194_1_tp_2, Ciliophora_280_1_tp_2, Proteobacteria_7289_1_tp_2, Proteobacteria_8185_1_tp_2, Proteobacteria_9649_1_tp_2, Sagenista_53_1_tp_2",0.459193974794093,0.318896735169811
"Bacteroidetes_1360_3","Bacteroidetes_918_2_tp_2, Cercozoa_23_1_tp_2, Chlorophyta__streptophyta_895_1_tp_2, Dinoflagellata_1555_1_tp_2, Katablepharidophyta_7_1_tp_2, Proteobacteria_11431_2_tp_2, Proteobacteria_7174_1_tp_2, Proteobacteria_9681_1_tp_2, Verrucomicrobia_18_3_tp_2",0.544036615555095,0.297617952908057
"Bacteroidetes_1360_3","Actinobacteria_410_1_tp_2, Bacillariophyta_31_1_tp_2, Bacteroidetes_918_2_tp_2, Bacteroidetes_918_4_tp_2, Cercozoa_22_1_tp_2, Chlorophyta__streptophyta_120_1_tp_2, Picozoa_6_1_tp_2, Proteobacteria_11431_2_tp_2, Proteobacteria_6384_1_tp_2",0.511814113162257,0.298550836761736
"Bacteroidetes_1360_3","Bacteroidetes_1194_1_tp_2, Bacteroidetes_919_1_tp_2, Dinoflagellata_1555_1_tp_2, Div_reps_1600_1_tp_2, Katablepharidophyta_7_1_tp_2, Proteobacteria_11429_1_tp_2, Proteobacteria_7231_1_tp_2, Proteobacteria_9681_1_tp_2, Verrucomicrobia_22_2_tp_2",0.529178882590302,0.303384631416624
"Bacteroidetes_1360_3","Bacillariophyta_31_1_tp_2, Bacteroidetes_129_2_tp_2, Ciliophora_280_1_tp_2, Cryptophyta_15_1_tp_2, Planctomycetes_34_1_tp_2, Proteobacteria_11429_4_tp_2, Proteobacteria_5436_1_tp_2, Proteobacteria_7316_1_tp_2, Proteobacteria_7984_1_tp_2",0.492858612792345,0.311399045731083
"Bacteroidetes_1360_3","Ciliophora_234_1_tp_2, Cryptophyta_108_1_tp_2, Dinoflagellata_1711_1_tp_2, Phylum_reps_1954_1_tp_2, Proteobacteria_10091_1_tp_2, Proteobacteria_7983_2_tp_2, Proteobacteria_7983_8_tp_2, Proteobacteria_8176_2_tp_2, Verrucomicrobia_18_2_tp_2",0.506923202615397,0.303902529928708
"Bacteroidetes_1360_3","Bacteroidetes_1264_1_tp_2, Bacteroidetes_918_2_tp_2, Cryptophyta_15_1_tp_2, Dinoflagellata_1793_1_tp_2, Nitrospirae_9_1_tp_2, Proteobacteria_11431_1_tp_2, Proteobacteria_7983_3_tp_2, Proteobacteria_8175_1_tp_2, Proteobacteria_8185_1_tp_2",0.52310133941619,0.296971023444499
"Bacteroidetes_1360_3","Actinobacteria_410_1_tp_2, Ciliophora_234_1_tp_2, Dictyochophyceae_6_1_tp_2, Dinoflagellata_1658_1_tp_2, Div_reps_2942_1_tp_2, Planctomycetes_34_1_tp_2, Planctomycetes_61_1_tp_2, Proteobacteria_11155_2_tp_2, Pseudofungi_43_1_tp_2",0.412808463626452,0.319642769584895
"Bacteroidetes_1360_3","Bacillariophyta_138_1_tp_2, Bacteroidetes_1360_4_tp_2, Chlorophyta__streptophyta_732_1_tp_2, Dinoflagellata_1010_1_tp_2, Proteobacteria_11155_1_tp_2, Proteobacteria_11429_4_tp_2, Proteobacteria_5436_1_tp_2, Proteobacteria_7983_8_tp_2, Proteobacteria_7984_1_tp_2",0.477022649044632,0.318909235925003
"Bacteroidetes_1360_3","Dinoflagellata_124_1_tp_2, Proteobacteria_11429_4_tp_2, Proteobacteria_7230_2_tp_2, Proteobacteria_7983_6_tp_2, Proteobacteria_8177_1_tp_2, Rhodophyta_506_1_tp_2, Verrucomicrobia_18_2_tp_2, Verrucomicrobia_18_4_tp_2, Verrucomicrobia_22_1_tp_2",0.550798241915448,0.311269941570694
"Bacteroidetes_1360_3","Bacillariophyta_31_1_tp_2, Bacteroidetes_1360_1_tp_2, Bacteroidetes_918_1_tp_2, Dinoflagellata_1017_1_tp_2, Perkinsea_33_1_tp_2, Proteobacteria_11429_2_tp_2, Proteobacteria_7166_1_tp_2, Proteobacteria_7983_8_tp_2, Verrucomicrobia_23_1_tp_2",0.48176497490238,0.313138334032438
"Bacteroidetes_1360_3","Bacteroidetes_1151_1_tp_2, Bacteroidetes_1360_1_tp_2, Cyanobacteria_85_1_tp_2, Dinoflagellata_1010_1_tp_2, Dinoflagellata_1758_1_tp_2, Dinoflagellata_955_1_tp_2, Proteobacteria_5461_1_tp_2, Proteobacteria_7231_1_tp_2, Verrucomicrobia_23_1_tp_2",0.485477051154621,0.304925782911795
"Bacteroidetes_1360_3","Bacteroidetes_1349_1_tp_2, Chrysophyceae_16_1_tp_2, Cyanobacteria_65_1_tp_2, Dinoflagellata_1014_1_tp_2, Div_reps_1600_1_tp_2, Proteobacteria_10091_1_tp_2, Proteobacteria_11155_1_tp_2, Proteobacteria_7230_1_tp_2, Proteobacteria_7364_1_tp_2",0.459152654406749,0.320230012921166
"Bacteroidetes_1360_3","Bacteroidetes_1349_1_tp_2, Bacteroidetes_919_1_tp_2, Dinoflagellata_1098_1_tp_2, Dinoflagellata_124_1_tp_2, Dinoflagellata_1728_1_tp_2, Div_reps_1600_1_tp_2, Proteobacteria_11155_2_tp_2, Proteobacteria_11210_1_tp_2, Proteobacteria_8178_1_tp_2",0.503899405275675,0.311793875291818
"Bacteroidetes_1360_3","Bacillariophyta_138_1_tp_2, Bacteroidetes_919_1_tp_2, Chrysophyceae_16_1_tp_2, Dinoflagellata_1758_1_tp_2, Dinoflagellata_982_1_tp_2, Div_reps_1600_1_tp_2, Perkinsea_44_1_tp_2, Proteobacteria_6384_1_tp_2, Proteobacteria_7313_1_tp_2",0.486357921407978,0.312942340776273
"Bacteroidetes_1360_3","Ciliophora_451_1_tp_2, Cryptophyta_15_1_tp_2, Cyanobacteria_73_1_tp_2, Picozoa_6_1_tp_2, Planctomycetes_27_1_tp_2, Proteobacteria_7982_2_tp_2, Proteobacteria_8175_1_tp_2, Proteobacteria_8178_1_tp_2, Verrucomicrobia_18_2_tp_2",0.571596478271633,0.290640797029126
"Bacteroidetes_1360_3","Ciliophora_234_1_tp_2, Cryptophyta_108_1_tp_2, Dinoflagellata_982_1_tp_2, Perkinsea_33_1_tp_2, Picozoa_6_1_tp_2, Proteobacteria_11155_1_tp_2, Proteobacteria_8178_1_tp_2, Proteobacteria_8520_1_tp_2, Sagenista_61_1_tp_2",0.412365948573679,0.321767569353893
"Bacteroidetes_1360_3","Actinobacteria_410_2_tp_2, Chlorophyta__streptophyta_833_1_tp_2, Ciliophora_1195_1_tp_2, Div_reps_2942_1_tp_2, Proteobacteria_11429_1_tp_2, Proteobacteria_5436_1_tp_2, Proteobacteria_6847_1_tp_2, Radiolaria_104_1_tp_2, Rhodophyta_506_1_tp_2",0.542337292824148,0.302288377237432
"Bacteroidetes_1360_3","Bacteroidetes_1178_1_tp_2, Bacteroidetes_1264_1_tp_2, Chlorophyta__streptophyta_120_1_tp_2, Dinoflagellata_124_1_tp_2, Dinoflagellata_1769_1_tp_2, Div_reps_1600_1_tp_2, Picozoa_18_1_tp_2, Proteobacteria_7316_1_tp_2, Proteobacteria_7983_7_tp_2",0.556334548077983,0.30330207983175
"Bacteroidetes_1360_3","Bacillariophyta_196_1_tp_2, Ciliophora_1195_1_tp_2, Ciliophora_234_1_tp_2, Cyanobacteria_48_1_tp_2, Dinoflagellata_1968_1_tp_2, Div_reps_1600_1_tp_2, Phylum_reps_1985_1_tp_2, Planctomycetes_34_1_tp_2, Proteobacteria_9649_1_tp_2",0.308172014007188,0.313388723837398
"Bacteroidetes_1360_3","Ciliophora_1195_1_tp_2, Dinoflagellata_1728_1_tp_2, Dinoflagellata_1793_1_tp_2, Proteobacteria_11120_1_tp_2, Proteobacteria_11429_4_tp_2, Proteobacteria_7982_1_tp_2, Proteobacteria_7983_8_tp_2, Proteobacteria_8177_2_tp_2, Proteobacteria_9681_2_tp_2",0.558338398293282,0.302131848319777
"Bacteroidetes_1360_3","Actinobacteria_410_1_tp_2, Archaea_164_1_tp_2, Chrysophyceae_16_1_tp_2, Cryptophyta_15_2_tp_2, Dinoflagellata_1198_1_tp_2, Katablepharidophyta_7_1_tp_2, Proteobacteria_5436_1_tp_2, Proteobacteria_7983_5_tp_2, Proteobacteria_8175_1_tp_2",0.56208538553236,0.289295949091006
"Bacteroidetes_1360_3","Actinobacteria_410_2_tp_2, Bacteroidetes_919_2_tp_2, Ciliophora_1195_1_tp_2, Ciliophora_234_1_tp_2, Dinoflagellata_1010_1_tp_2, Proteobacteria_11428_1_tp_2, Proteobacteria_11429_2_tp_2, Proteobacteria_7295_1_tp_2, Proteobacteria_7982_1_tp_2",0.539698405632278,0.302582326795397
"Bacteroidetes_1360_3","Bacillariophyta_31_1_tp_2, Chrysophyceae_16_1_tp_2, Dinoflagellata_1496_1_tp_2, Dinoflagellata_1658_1_tp_2, Haptophyta_203_1_tp_2, Perkinsea_44_1_tp_2, Picozoa_6_1_tp_2, Raphidophyceae_3_1_tp_2, Verrucomicrobia_22_1_tp_2",0.480501259778621,0.308578132495046
"Bacteroidetes_1360_3","Bacillariophyta_31_1_tp_2, Bacteroidetes_1166_2_tp_2, Bacteroidetes_1178_1_tp_2, Bacteroidetes_1204_1_tp_2, Bacteroidetes_918_2_tp_2, Chlorophyta__streptophyta_845_1_tp_2, Dinoflagellata_1198_1_tp_2, Proteobacteria_11210_1_tp_2, Proteobacteria_11429_4_tp_2",0.457763702718165,0.322123057144438
"Bacteroidetes_1360_3","Bacillariophyta_196_1_tp_2, Chlorophyta__streptophyta_120_1_tp_2, Dinoflagellata_1009_1_tp_2, Dinoflagellata_1769_1_tp_2, Phylum_reps_2301_1_tp_2, Proteobacteria_11155_1_tp_2, Proteobacteria_5436_1_tp_2, Proteobacteria_7166_1_tp_2, Proteobacteria_9681_2_tp_2",0.561273369717961,0.292467581643179
"Bacteroidetes_1360_3","Bacteroidetes_938_1_tp_2, Chlorophyta__streptophyta_848_1_tp_2, Dinoflagellata_1771_1_tp_2, Div_reps_2942_1_tp_2, Nitrospirae_9_1_tp_2, Phylum_reps_2301_1_tp_2, Proteobacteria_7230_2_tp_2, Proteobacteria_7289_1_tp_2, Proteobacteria_7313_1_tp_2",0.39599219785863,0.320108277203297
"Bacteroidetes_1360_3","Bacillariophyta_31_1_tp_2, Bacteroidetes_131_1_tp_2, Bacteroidetes_1360_5_tp_2, Cercozoa_291_1_tp_2, Chlorophyta__streptophyta_732_1_tp_2, Dinoflagellata_1098_1_tp_2, Proteobacteria_22_1_tp_2, Proteobacteria_9681_2_tp_2, Sagenista_53_1_tp_2",0.299250763852613,0.342705709796267
"Bacteroidetes_1360_3","Bacillariophyta_196_1_tp_2, Bacteroidetes_1178_1_tp_2, Chrysophyceae_16_1_tp_2, Cryptophyta_108_1_tp_2, Cyanobacteria_48_1_tp_2, Cyanobacteria_65_1_tp_2, Dinoflagellata_1793_1_tp_2, Perkinsea_44_1_tp_2, Proteobacteria_8177_2_tp_2",0.508860549330862,0.308057498187187
"Bacteroidetes_1360_3","Archaea_164_2_tp_2, Bacteroidetes_1204_1_tp_2, Bacteroidetes_1360_5_tp_2, Cercozoa_291_1_tp_2, Ciliophora_1195_1_tp_2, Proteobacteria_10168_1_tp_2, Proteobacteria_7231_1_tp_2, Proteobacteria_8520_1_tp_2, Sagenista_53_1_tp_2",0.485664573069921,0.312666110287545
"Bacteroidetes_1360_3","Bacillariophyta_100_1_tp_2, Bacteroidetes_1360_5_tp_2, Bacteroidetes_919_3_tp_2, Bacteroidetes_938_1_tp_2, Cercozoa_395_1_tp_2, Dinoflagellata_1728_2_tp_2, Proteobacteria_11155_2_tp_2, Proteobacteria_7983_5_tp_2, Proteobacteria_8178_1_tp_2",0.57452756273249,0.288197410135646
"Bacteroidetes_1360_3","Bacteroidetes_1194_1_tp_2, Bacteroidetes_1204_1_tp_2, Bacteroidetes_1235_1_tp_2, Bacteroidetes_129_2_tp_2, Div_reps_2942_1_tp_2, Proteobacteria_11431_2_tp_2, Proteobacteria_22_1_tp_2, Rhodophyta_506_1_tp_2, Verrucomicrobia_23_1_tp_2",0.491293365867695,0.313194003268094
"Bacteroidetes_1360_3","Actinobacteria_410_1_tp_2, Bacteroidetes_918_3_tp_2, Bacteroidetes_918_4_tp_2, Cercozoa_23_1_tp_2, Dinoflagellata_1496_1_tp_2, Dinoflagellata_1771_2_tp_2, Katablepharidophyta_7_1_tp_2, Proteobacteria_11429_1_tp_2, Proteobacteria_9681_1_tp_2",0.584714648118525,0.287809682727733
"Bacteroidetes_1360_3","Bacillariophyta_29_1_tp_2, Bacillariophyta_31_1_tp_2, Bacteroidetes_956_1_tp_2, Ciliophora_280_1_tp_2, Dinoflagellata_1009_1_tp_2, Dinoflagellata_1758_1_tp_2, Haptophyta_203_1_tp_2, Proteobacteria_6847_1_tp_2, Proteobacteria_7316_1_tp_2",0.477331303934069,0.313970437141249
"Bacteroidetes_1360_3","Bacteroidetes_1166_1_tp_2, Bacteroidetes_1166_2_tp_2, Cercozoa_291_1_tp_2, Ciliophora_280_1_tp_2, Dinoflagellata_1017_1_tp_2, Lobosa_11_1_tp_2, Proteobacteria_7983_8_tp_2, Raphidophyceae_3_1_tp_2, Verrucomicrobia_22_1_tp_2",0.537716250762342,0.30587255706338
"Bacteroidetes_1360_3","Bacillariophyta_196_1_tp_2, Bacteroidetes_1194_1_tp_2, Bacteroidetes_1360_4_tp_2, Cercozoa_22_1_tp_2, Dinoflagellata_1749_1_tp_2, Dinoflagellata_1771_1_tp_2, Proteobacteria_7314_1_tp_2, Proteobacteria_8177_1_tp_2, Verrucomicrobia_18_1_tp_2",0.561825416441413,0.27127861156163
"Bacteroidetes_1360_3","Archaea_164_1_tp_2, Archaea_164_2_tp_2, Bacteroidetes_1166_1_tp_2, Bacteroidetes_1264_1_tp_2, Bacteroidetes_919_2_tp_2, Chlorophyta__streptophyta_833_1_tp_2, Chlorophyta__streptophyta_848_1_tp_2, Dinoflagellata_1017_1_tp_2, Proteobacteria_8176_2_tp_2",0.591990752306405,0.286463818663636
"Bacteroidetes_1360_3","Bacteroidetes_1194_1_tp_2, Bacteroidetes_1264_1_tp_2, Cercozoa_395_1_tp_2, Chlorophyta__streptophyta_833_1_tp_2, Dinoflagellata_1555_1_tp_2, Dinoflagellata_1711_1_tp_2, Dinoflagellata_1728_2_tp_2, Dinoflagellata_1771_1_tp_2, Proteobacteria_11155_1_tp_2",0.474168060288178,0.307358763441681
"Bacteroidetes_1360_3","Bacteroidetes_1166_1_tp_2, Ciliophora_280_1_tp_2, Haptophyta_148_1_tp_2, Haptophyta_203_1_tp_2, Lobosa_11_1_tp_2, Proteobacteria_11210_2_tp_2, Proteobacteria_6384_1_tp_2, Proteobacteria_8176_1_tp_2, Verrucomicrobia_18_3_tp_2",0.54791636103848,0.294067243001862
"Bacteroidetes_1360_3","Chlorophyta__streptophyta_120_1_tp_2, Dictyochophyceae_6_1_tp_2, Dinoflagellata_1014_1_tp_2, Dinoflagellata_1749_1_tp_2, Haptophyta_203_1_tp_2, Proteobacteria_11210_1_tp_2, Proteobacteria_5461_1_tp_2, Pseudofungi_43_1_tp_2, Verrucomicrobia_22_1_tp_2",0.490492543900406,0.313764993785407
"Bacteroidetes_1360_3","Bacteroidetes_1349_1_tp_2, Cyanobacteria_73_1_tp_2, Dinoflagellata_1728_2_tp_2, Dinoflagellata_982_1_tp_2, Nitrospirae_9_1_tp_2, Planctomycetes_34_1_tp_2, Proteobacteria_10168_1_tp_2, Proteobacteria_11431_1_tp_2, Proteobacteria_7983_5_tp_2",0.484607737075636,0.307704963767239
"Bacteroidetes_1360_3","Bacillariophyta_31_1_tp_2, Bacteroidetes_129_2_tp_2, Chlorophyta__streptophyta_848_1_tp_2, Chrysophyceae_16_1_tp_2, Proteobacteria_11210_1_tp_2, Proteobacteria_7983_7_tp_2, Proteobacteria_9681_1_tp_2, Verrucomicrobia_18_2_tp_2, Verrucomicrobia_22_1_tp_2",0.519072795535328,0.30355649914735
"Bacteroidetes_1360_3","Actinobacteria_410_2_tp_2, Bacteroidetes_1224_1_tp_2, Dinoflagellata_1010_1_tp_2, Dinoflagellata_1728_1_tp_2, Dinoflagellata_1758_1_tp_2, Planctomycetes_27_1_tp_2, Proteobacteria_7230_2_tp_2, Proteobacteria_7231_1_tp_2, Sagenista_53_1_tp_2",0.429546077352479,0.316457402488147
"Bacteroidetes_1360_3","Bacillariophyta_138_1_tp_2, Bacteroidetes_1194_1_tp_2, Cryptophyta_108_1_tp_2, Dinoflagellata_1793_1_tp_2, Proteobacteria_10168_1_tp_2, Proteobacteria_11120_1_tp_2, Proteobacteria_11429_2_tp_2, Proteobacteria_7364_1_tp_2, Verrucomicrobia_18_4_tp_2",0.525007549619192,0.293970066538073
"Bacteroidetes_1360_3","Bacillariophyta_44_1_tp_2, Bacteroidetes_1178_1_tp_2, Chlorophyta__streptophyta_732_1_tp_2, Dinoflagellata_982_1_tp_2, Katablepharidophyta_7_1_tp_2, Proteobacteria_11429_3_tp_2, Proteobacteria_8176_2_tp_2, Sagenista_61_1_tp_2, Verrucomicrobia_18_4_tp_2",0.463467857517305,0.317998957916653
"Bacteroidetes_1360_3","Bacillariophyta_44_1_tp_2, Cercozoa_291_1_tp_2, Dinoflagellata_1758_1_tp_2, Dinoflagellata_1769_1_tp_2, Phylum_reps_1985_1_tp_2, Picozoa_18_1_tp_2, Proteobacteria_10091_1_tp_2, Proteobacteria_6384_1_tp_2, Proteobacteria_7230_2_tp_2",0.521506131099865,0.292317284908513
"Bacteroidetes_1360_3","Bacteroidetes_129_2_tp_2, Chlorophyta__streptophyta_120_1_tp_2, Cryptophyta_15_2_tp_2, Lobosa_11_1_tp_2, Nitrospirae_9_1_tp_2, Phylum_reps_2301_1_tp_2, Proteobacteria_11431_2_tp_2, Proteobacteria_7313_1_tp_2, Verrucomicrobia_23_1_tp_2",0.530419902960018,0.293904677859359
"Bacteroidetes_1360_3","Bacillariophyta_100_1_tp_2, Bacillariophyta_31_1_tp_2, Bacteroidetes_1167_1_tp_2, Chlorophyta__streptophyta_732_1_tp_2, Ciliophora_1195_1_tp_2, Picozoa_18_1_tp_2, Planctomycetes_27_1_tp_2, Pseudofungi_43_1_tp_2, Sagenista_61_1_tp_2",0.432196090829529,0.329729429398927
"Bacteroidetes_1360_3","Bacteroidetes_129_1_tp_2, Cercozoa_291_1_tp_2, Dinoflagellata_1017_1_tp_2, Proteobacteria_22_1_tp_2, Proteobacteria_7230_3_tp_2, Proteobacteria_7982_2_tp_2, Proteobacteria_8176_2_tp_2, Verrucomicrobia_18_1_tp_2, Verrucomicrobia_22_1_tp_2",0.5038196963535,0.300785924401358
"Bacteroidetes_1360_3","Bacteroidetes_129_1_tp_2, Bacteroidetes_918_1_tp_2, Nitrospirae_9_1_tp_2, Picozoa_18_1_tp_2, Planctomycetes_27_1_tp_2, Proteobacteria_7289_1_tp_2, Proteobacteria_7314_1_tp_2, Proteobacteria_7983_4_tp_2, Verrucomicrobia_22_1_tp_2",0.508006162221475,0.318856333654688
"Bacteroidetes_1360_3","Ciliophora_234_1_tp_2, Cryptophyta_15_1_tp_2, Cryptophyta_15_2_tp_2, Dinoflagellata_874_1_tp_2, Proteobacteria_10114_1_tp_2, Proteobacteria_11431_1_tp_2, Proteobacteria_6384_1_tp_2, Proteobacteria_6847_1_tp_2, Proteobacteria_7984_1_tp_2",0.485485504081014,0.310903451711268
"Bacteroidetes_1360_3","Actinobacteria_410_2_tp_2, Bacillariophyta_29_1_tp_2, Bacteroidetes_1166_2_tp_2, Bacteroidetes_1204_1_tp_2, Bacteroidetes_918_4_tp_2, Cercozoa_23_1_tp_2, Proteobacteria_7984_1_tp_2, temperature_tp_2, Verrucomicrobia_18_4_tp_2",0.478857082841344,0.33112623426621
"Bacteroidetes_1360_3","Archaea_164_2_tp_2, Bacteroidetes_1224_1_tp_2, Bacteroidetes_1360_1_tp_2, Chlorophyta__streptophyta_120_1_tp_2, Cryptophyta_108_1_tp_2, Dinoflagellata_1555_1_tp_2, Lobosa_11_1_tp_2, Proteobacteria_11431_1_tp_2, Verrucomicrobia_18_1_tp_2",0.494734009283818,0.303879937982064
"Bacteroidetes_1360_3","Bacteroidetes_1360_2_tp_2, Chlorophyta__streptophyta_732_1_tp_2, Dinoflagellata_1728_2_tp_2, Proteobacteria_7166_1_tp_2, Proteobacteria_7295_1_tp_2, Proteobacteria_7983_8_tp_2, Proteobacteria_8520_1_tp_2, Verrucomicrobia_18_3_tp_2, Verrucomicrobia_22_1_tp_2",0.519312174831341,0.304310761058325
"Bacteroidetes_1360_3","Archaea_164_1_tp_2, Archaea_179_1_tp_2, Bacteroidetes_131_1_tp_2, Chlorophyta__streptophyta_845_1_tp_2, Ciliophora_234_1_tp_2, Dinoflagellata_1098_1_tp_2, Picozoa_6_1_tp_2, Proteobacteria_7230_1_tp_2, temperature_tp_2",0.476411362753887,0.304676237350326
"Bacteroidetes_1360_3","Bacillariophyta_196_1_tp_2, Bacteroidetes_1166_1_tp_2, Cercozoa_291_1_tp_2, Cryptophyta_15_2_tp_2, Proteobacteria_11429_2_tp_2, Proteobacteria_7313_1_tp_2, Proteobacteria_7983_3_tp_2, Proteobacteria_9681_2_tp_2, Verrucomicrobia_18_1_tp_2",0.594055644486207,0.300425437302669
"Bacteroidetes_1360_3","Archaea_164_1_tp_2, Bacteroidetes_1204_1_tp_2, Bacteroidetes_938_1_tp_2, Dinoflagellata_1542_1_tp_2, Proteobacteria_11429_1_tp_2, Proteobacteria_5461_1_tp_2, Proteobacteria_7983_3_tp_2, Rhodophyta_506_1_tp_2, Verrucomicrobia_18_2_tp_2",0.565155657573519,0.304366837082029
"Bacteroidetes_1360_3","Bacteroidetes_1178_1_tp_2, Cryptophyta_108_1_tp_2, Dinoflagellata_1771_1_tp_2, Dinoflagellata_1968_1_tp_2, Nitrospirae_9_1_tp_2, Proteobacteria_11190_1_tp_2, Proteobacteria_7174_1_tp_2, Proteobacteria_7230_2_tp_2, Pseudofungi_43_1_tp_2",0.524049253771272,0.296231416877043
"Bacteroidetes_1360_3","Bacillariophyta_29_1_tp_2, Bacteroidetes_1166_2_tp_2, Bacteroidetes_919_3_tp_2, Ciliophora_234_1_tp_2, Cryptophyta_15_1_tp_2, Dinoflagellata_1555_1_tp_2, Proteobacteria_7983_1_tp_2, Proteobacteria_8178_1_tp_2, Verrucomicrobia_23_1_tp_2",0.423245825245575,0.324706856833643
"Bacteroidetes_1360_3","Actinobacteria_410_2_tp_2, Archaea_164_2_tp_2, Bacteroidetes_1186_1_tp_2, Chlorophyta__streptophyta_120_1_tp_2, Phylum_reps_1954_1_tp_2, Proteobacteria_11190_1_tp_2, Proteobacteria_7983_8_tp_2, Proteobacteria_9649_1_tp_2, Verrucomicrobia_22_2_tp_2",0.523223205690585,0.299288601737092
"Bacteroidetes_1360_3","Bacteroidetes_1360_5_tp_2, Bacteroidetes_956_1_tp_2, Cercozoa_22_1_tp_2, Dinoflagellata_1728_2_tp_2, Phylum_reps_1954_1_tp_2, Planctomycetes_61_1_tp_2, Proteobacteria_11120_1_tp_2, Proteobacteria_6847_1_tp_2, Proteobacteria_7166_1_tp_2",0.401123468447455,0.318963371304844
"Bacteroidetes_1360_3","Archaea_164_1_tp_2, Bacteroidetes_1360_1_tp_2, Chlorophyta__streptophyta_845_1_tp_2, Ciliophora_280_1_tp_2, Dinoflagellata_982_1_tp_2, Planctomycetes_27_1_tp_2, Proteobacteria_10114_1_tp_2, Proteobacteria_11155_1_tp_2, Proteobacteria_11429_3_tp_2",0.484617378601151,0.305643303294118
"Bacteroidetes_1360_3","Bacteroidetes_1151_1_tp_2, Bacteroidetes_918_1_tp_2, Dinoflagellata_1728_2_tp_2, Planctomycetes_27_1_tp_2, Proteobacteria_10114_1_tp_2, Proteobacteria_7982_2_tp_2, Proteobacteria_7983_8_tp_2, Proteobacteria_8175_1_tp_2, Verrucomicrobia_22_2_tp_2",0.46489713313162,0.30762946197027
