"target","embedding","rho","rmse"
"Chlorophyta__streptophyta_848_1","Archaea_164_1_tp_2, Bacteroidetes_1360_1_tp_2, Bacteroidetes_919_2_tp_2, Nitrospirae_9_1_tp_2, Picozoa_18_1_tp_2, Proteobacteria_7313_1_tp_2, Proteobacteria_7983_2_tp_2, Proteobacteria_8177_1_tp_2, Verrucomicrobia_18_4_tp_2",0.0445785788891521,0.26614811085728
"Chlorophyta__streptophyta_848_1","Archaea_179_1_tp_2, Bacteroidetes_1186_1_tp_2, Bacteroidetes_317_1_tp_2, Ciliophora_298_1_tp_2, Haptophyta_148_1_tp_2, Phylum_reps_1985_1_tp_2, Proteobacteria_11190_1_tp_2, Proteobacteria_7166_1_tp_2, Proteobacteria_8176_2_tp_2",0.133311890658059,0.237626665260776
"Chlorophyta__streptophyta_848_1","Bacteroidetes_1167_1_tp_2, Ciliophora_403_1_tp_2, Dinoflagellata_1728_1_tp_2, Dinoflagellata_1728_2_tp_2, Phylum_reps_2301_1_tp_2, Proteobacteria_10168_1_tp_2, Proteobacteria_11429_3_tp_2, Proteobacteria_6384_1_tp_2, Proteobacteria_7983_2_tp_2",0.367630916086879,0.206638986620584
"Chlorophyta__streptophyta_848_1","Bacteroidetes_317_1_tp_2, Ciliophora_234_1_tp_2, Dinoflagellata_124_1_tp_2, Dinoflagellata_1758_1_tp_2, Div_reps_1600_2_tp_2, Proteobacteria_10168_1_tp_2, Proteobacteria_7313_1_tp_2, Radiolaria_104_1_tp_2, Raphidophyceae_3_1_tp_2",0.254906192452763,0.239838702128564
"Chlorophyta__streptophyta_848_1","Dinoflagellata_1009_1_tp_2, Dinoflagellata_1010_1_tp_2, Dinoflagellata_1555_1_tp_2, Dinoflagellata_1728_2_tp_2, Dinoflagellata_1793_1_tp_2, Picozoa_6_1_tp_2, Proteobacteria_11190_1_tp_2, Proteobacteria_8176_2_tp_2, Proteobacteria_8177_1_tp_2",0.165583640452669,0.236030861267745
"Chlorophyta__streptophyta_848_1","Archaea_179_1_tp_2, Bacillariophyta_44_1_tp_2, Dinoflagellata_1658_1_tp_2, Dinoflagellata_1771_2_tp_2, Proteobacteria_11429_2_tp_2, Proteobacteria_11429_4_tp_2, Pseudofungi_43_1_tp_2, Rhodophyta_506_1_tp_2, Verrucomicrobia_18_3_tp_2",0.259476892288635,0.234266245308292
"Chlorophyta__streptophyta_848_1","Bacillariophyta_29_1_tp_2, Bacteroidetes_1186_1_tp_2, Bacteroidetes_919_3_tp_2, Chlorophyta__streptophyta_120_1_tp_2, Ciliophora_1195_1_tp_2, Cyanobacteria_65_1_tp_2, Perkinsea_44_1_tp_2, Proteobacteria_11429_4_tp_2, Proteobacteria_6384_1_tp_2",0.0777120009972198,0.248659319500209
"Chlorophyta__streptophyta_848_1","Bacteroidetes_919_2_tp_2, Ciliophora_298_1_tp_2, Dinoflagellata_1758_1_tp_2, Planctomycetes_34_1_tp_2, Proteobacteria_11190_1_tp_2, Proteobacteria_11210_1_tp_2, Proteobacteria_5461_1_tp_2, Proteobacteria_7316_1_tp_2, Proteobacteria_7982_2_tp_2",0.184488194184475,0.25295747768286
"Chlorophyta__streptophyta_848_1","Bacillariophyta_31_1_tp_2, Bacteroidetes_918_4_tp_2, Bacteroidetes_919_3_tp_2, Chlorophyta__streptophyta_895_1_tp_2, Dinoflagellata_1793_1_tp_2, Proteobacteria_10114_1_tp_2, Proteobacteria_11210_2_tp_2, Proteobacteria_11429_1_tp_2, Proteobacteria_7787_1_tp_2",0.184067205149586,0.248862394431481
"Chlorophyta__streptophyta_848_1","Bacillariophyta_29_1_tp_2, Bacteroidetes_1360_3_tp_2, Chlorophyta__streptophyta_751_1_tp_2, Dinoflagellata_1758_1_tp_2, Haptophyta_148_1_tp_2, Proteobacteria_11210_2_tp_2, Proteobacteria_7166_1_tp_2, Proteobacteria_7319_1_tp_2, Radiolaria_104_1_tp_2",0.265257299249155,0.220973159979235
"Chlorophyta__streptophyta_848_1","Bacteroidetes_1264_1_tp_2, Dictyochophyceae_6_1_tp_2, Dinoflagellata_1098_1_tp_2, Dinoflagellata_1555_1_tp_2, Div_reps_1600_2_tp_2, Planctomycetes_34_1_tp_2, Proteobacteria_11210_1_tp_2, Proteobacteria_11429_2_tp_2, Proteobacteria_7230_1_tp_2",0.148788723092668,0.244711916287003
"Chlorophyta__streptophyta_848_1","Bacteroidetes_1151_1_tp_2, Bacteroidetes_918_5_tp_2, Bacteroidetes_956_1_tp_2, Dinoflagellata_1862_1_tp_2, Phylum_reps_2301_1_tp_2, Proteobacteria_7230_1_tp_2, Proteobacteria_7289_1_tp_2, Proteobacteria_7313_1_tp_2, Proteobacteria_8177_2_tp_2",0.116696681396592,0.235656644980132
"Chlorophyta__streptophyta_848_1","Bacteroidetes_1186_1_tp_2, Bacteroidetes_1249_1_tp_2, Chlorophyta__streptophyta_895_1_tp_2, Dinoflagellata_1749_1_tp_2, Lobosa_11_1_tp_2, Proteobacteria_10168_1_tp_2, Proteobacteria_11210_2_tp_2, Proteobacteria_8177_2_tp_2, Proteobacteria_8185_1_tp_2",0.229488311701918,0.216337516099475
"Chlorophyta__streptophyta_848_1","Bacteroidetes_1167_1_tp_2, Bacteroidetes_1249_1_tp_2, Bacteroidetes_1360_1_tp_2, Dinoflagellata_1711_1_tp_2, Katablepharidophyta_7_1_tp_2, Proteobacteria_11190_1_tp_2, Proteobacteria_7230_2_tp_2, Proteobacteria_7983_5_tp_2, Proteobacteria_9681_1_tp_2",0.0382084787810883,0.276488095285743
"Chlorophyta__streptophyta_848_1","Archaea_164_1_tp_2, Bacteroidetes_1194_1_tp_2, Dinoflagellata_1010_1_tp_2, Dinoflagellata_1758_1_tp_2, Proteobacteria_5461_1_tp_2, Proteobacteria_7230_2_tp_2, Proteobacteria_7289_1_tp_2, Proteobacteria_7316_1_tp_2, Proteobacteria_7983_4_tp_2",0.214918198828336,0.232415620424894
"Chlorophyta__streptophyta_848_1","Archaea_164_2_tp_2, Chlorophyta__streptophyta_895_1_tp_2, Dinoflagellata_1009_1_tp_2, Proteobacteria_6847_1_tp_2, Proteobacteria_7983_6_tp_2, Proteobacteria_8176_2_tp_2, Proteobacteria_8178_1_tp_2, Verrucomicrobia_18_2_tp_2, Verrucomicrobia_22_1_tp_2",0.17649265834469,0.22278709544407
"Chlorophyta__streptophyta_848_1","Bacteroidetes_1360_2_tp_2, Cyanobacteria_85_1_tp_2, Dinoflagellata_1793_1_tp_2, Dinoflagellata_1968_1_tp_2, Nitrospirae_9_1_tp_2, Proteobacteria_11431_2_tp_2, Proteobacteria_5461_1_tp_2, Proteobacteria_7983_1_tp_2, Raphidophyceae_3_1_tp_2",0.132148376917455,0.232044083962793
"Chlorophyta__streptophyta_848_1","Bacillariophyta_31_1_tp_2, Bacteroidetes_129_1_tp_2, Cyanobacteria_65_1_tp_2, Dinoflagellata_1496_1_tp_2, Dinoflagellata_1542_1_tp_2, Haptophyta_203_1_tp_2, Perkinsea_33_1_tp_2, Proteobacteria_7982_1_tp_2, Proteobacteria_7983_8_tp_2",0.239745862317536,0.2153749929075
"Chlorophyta__streptophyta_848_1","Bacteroidetes_129_1_tp_2, Bacteroidetes_131_1_tp_2, Cercozoa_395_1_tp_2, Chlorophyta__streptophyta_120_1_tp_2, Chlorophyta__streptophyta_751_1_tp_2, Div_reps_2942_1_tp_2, Proteobacteria_6384_1_tp_2, Proteobacteria_7983_2_tp_2, Pseudofungi_43_1_tp_2",0.246647891458753,0.224935430218666
"Chlorophyta__streptophyta_848_1","Bacteroidetes_1360_2_tp_2, Bacteroidetes_919_2_tp_2, Bacteroidetes_919_3_tp_2, Chlorophyta__streptophyta_732_1_tp_2, Dinoflagellata_1014_1_tp_2, Dinoflagellata_874_1_tp_2, Proteobacteria_7316_1_tp_2, Proteobacteria_7983_2_tp_2, Proteobacteria_8177_1_tp_2",0.186260498231702,0.258543493279165
"Chlorophyta__streptophyta_848_1","Bacteroidetes_129_1_tp_2, Bacteroidetes_1349_1_tp_2, Bacteroidetes_1360_5_tp_2, Bacteroidetes_918_3_tp_2, Dinoflagellata_1555_1_tp_2, Div_reps_2942_1_tp_2, Proteobacteria_8178_1_tp_2, Proteobacteria_9649_1_tp_2, Rhodophyta_506_1_tp_2",0.191382587867633,0.244449782966791
"Chlorophyta__streptophyta_848_1","Bacillariophyta_138_1_tp_2, Bacteroidetes_918_1_tp_2, Bacteroidetes_918_2_tp_2, Picozoa_6_1_tp_2, Proteobacteria_11155_2_tp_2, Proteobacteria_11431_1_tp_2, Proteobacteria_7230_3_tp_2, Proteobacteria_7314_1_tp_2, Proteobacteria_9681_2_tp_2",0.206917599221151,0.249135750585159
"Chlorophyta__streptophyta_848_1","Actinobacteria_410_2_tp_2, Bacteroidetes_918_4_tp_2, Ciliophora_234_1_tp_2, Dinoflagellata_1771_1_tp_2, Dinoflagellata_982_1_tp_2, Nitrospirae_9_1_tp_2, Planctomycetes_34_1_tp_2, Proteobacteria_7295_1_tp_2, Radiolaria_104_1_tp_2",0.0951058459833654,0.244767563650684
"Chlorophyta__streptophyta_848_1","Bacteroidetes_1360_2_tp_2, Bacteroidetes_919_1_tp_2, Chrysophyceae_16_1_tp_2, Dinoflagellata_1968_1_tp_2, Div_reps_2942_1_tp_2, Proteobacteria_11210_1_tp_2, Proteobacteria_7166_1_tp_2, Proteobacteria_7983_1_tp_2, Sagenista_61_1_tp_2",0.216235005159933,0.217304111649654
"Chlorophyta__streptophyta_848_1","Bacillariophyta_44_1_tp_2, Bacteroidetes_1166_2_tp_2, Cryptophyta_108_1_tp_2, Cryptophyta_15_2_tp_2, Proteobacteria_5436_1_tp_2, Proteobacteria_7174_1_tp_2, Proteobacteria_7295_1_tp_2, Proteobacteria_8177_2_tp_2, Proteobacteria_9649_1_tp_2",0.0610030846931794,0.277433984247968
"Chlorophyta__streptophyta_848_1","Bacteroidetes_1151_1_tp_2, Cercozoa_395_1_tp_2, Dinoflagellata_124_1_tp_2, Phylum_reps_1954_1_tp_2, Proteobacteria_11429_1_tp_2, Proteobacteria_8177_1_tp_2, Proteobacteria_8177_2_tp_2, Rhodophyta_506_1_tp_2, Verrucomicrobia_23_1_tp_2",0.0670820576802484,0.22886527632887
"Chlorophyta__streptophyta_848_1","Actinobacteria_410_2_tp_2, Bacteroidetes_1166_2_tp_2, Bacteroidetes_131_1_tp_2, Dinoflagellata_1014_1_tp_2, Dinoflagellata_1728_2_tp_2, Proteobacteria_22_1_tp_2, Proteobacteria_9681_2_tp_2, Radiolaria_104_1_tp_2, Verrucomicrobia_22_1_tp_2",0.155113380572283,0.230214574182879
"Chlorophyta__streptophyta_848_1","Bacteroidetes_1167_1_tp_2, Bacteroidetes_919_1_tp_2, Cercozoa_291_1_tp_2, Dictyochophyceae_6_1_tp_2, Dinoflagellata_1555_1_tp_2, Dinoflagellata_1968_1_tp_2, Proteobacteria_10091_1_tp_2, Proteobacteria_7319_1_tp_2, Raphidophyceae_3_1_tp_2",0.222532000333204,0.239371580780865
"Chlorophyta__streptophyta_848_1","Dinoflagellata_1771_1_tp_2, Div_reps_1600_1_tp_2, Proteobacteria_11431_1_tp_2, Proteobacteria_7100_1_tp_2, Proteobacteria_7166_1_tp_2, Proteobacteria_7174_1_tp_2, Proteobacteria_7364_1_tp_2, Proteobacteria_8177_2_tp_2, Verrucomicrobia_18_2_tp_2",0.151539512366262,0.227923610497177
"Chlorophyta__streptophyta_848_1","Cercozoa_291_1_tp_2, Chlorophyta__streptophyta_833_1_tp_2, Cryptophyta_108_1_tp_2, Dinoflagellata_1711_1_tp_2, Dinoflagellata_1862_1_tp_2, Div_reps_2942_1_tp_2, Proteobacteria_11155_2_tp_2, Proteobacteria_8175_1_tp_2, Raphidophyceae_3_1_tp_2",0.215292958476085,0.230975847494965
"Chlorophyta__streptophyta_848_1","Bacteroidetes_1360_4_tp_2, Bacteroidetes_938_1_tp_2, Dinoflagellata_1009_1_tp_2, Dinoflagellata_1010_1_tp_2, Dinoflagellata_1758_1_tp_2, Katablepharidophyta_7_1_tp_2, Proteobacteria_11190_1_tp_2, Proteobacteria_11210_2_tp_2, Proteobacteria_7983_5_tp_2",0.171935758156999,0.220971880156269
"Chlorophyta__streptophyta_848_1","Archaea_179_1_tp_2, Bacteroidetes_1235_1_tp_2, Bacteroidetes_1360_5_tp_2, Bacteroidetes_317_1_tp_2, Bacteroidetes_938_1_tp_2, Proteobacteria_10114_1_tp_2, Proteobacteria_7316_1_tp_2, Proteobacteria_8178_1_tp_2, temperature_tp_2",0.111379175211878,0.249252559347978
"Chlorophyta__streptophyta_848_1","Bacillariophyta_29_1_tp_2, Bacteroidetes_129_1_tp_2, Bacteroidetes_129_2_tp_2, Bacteroidetes_918_1_tp_2, Bacteroidetes_918_4_tp_2, Dinoflagellata_1728_1_tp_2, Proteobacteria_10168_1_tp_2, Proteobacteria_7364_1_tp_2, Sagenista_61_1_tp_2",0.150574023235734,0.233356513472032
"Chlorophyta__streptophyta_848_1","Actinobacteria_410_2_tp_2, Archaea_179_1_tp_2, Bacillariophyta_44_1_tp_2, Bacteroidetes_1166_2_tp_2, Bacteroidetes_1194_1_tp_2, Bacteroidetes_919_3_tp_2, Cyanobacteria_48_1_tp_2, Proteobacteria_7983_8_tp_2, Verrucomicrobia_22_2_tp_2",0.181912346914049,0.239115321140336
"Chlorophyta__streptophyta_848_1","Bacillariophyta_138_1_tp_2, Bacteroidetes_1235_1_tp_2, Dinoflagellata_1758_1_tp_2, Dinoflagellata_874_1_tp_2, Picozoa_18_1_tp_2, Proteobacteria_7364_1_tp_2, Proteobacteria_7983_7_tp_2, Proteobacteria_8177_2_tp_2, Proteobacteria_9681_2_tp_2",0.166373725399411,0.247220392604141
"Chlorophyta__streptophyta_848_1","Bacteroidetes_918_5_tp_2, Chlorophyta__streptophyta_732_1_tp_2, Dinoflagellata_124_1_tp_2, Dinoflagellata_874_1_tp_2, Planctomycetes_27_1_tp_2, Proteobacteria_7231_1_tp_2, Proteobacteria_7289_1_tp_2, Proteobacteria_7984_1_tp_2, Proteobacteria_8176_2_tp_2",-0.0036847556665358,0.269432315512953
"Chlorophyta__streptophyta_848_1","Bacteroidetes_1166_2_tp_2, Ciliophora_1195_1_tp_2, Div_reps_1600_2_tp_2, Phylum_reps_1954_1_tp_2, Planctomycetes_34_1_tp_2, Proteobacteria_5461_1_tp_2, Proteobacteria_6847_1_tp_2, Proteobacteria_7787_1_tp_2, Proteobacteria_7983_8_tp_2",0.212263535643201,0.24537933182149
"Chlorophyta__streptophyta_848_1","Bacteroidetes_1178_1_tp_2, Dinoflagellata_955_1_tp_2, Lobosa_11_1_tp_2, Proteobacteria_11155_1_tp_2, Proteobacteria_11431_2_tp_2, Proteobacteria_7982_2_tp_2, Proteobacteria_7983_1_tp_2, Proteobacteria_7983_4_tp_2, Proteobacteria_8177_1_tp_2",0.230067244114047,0.213536247727344
"Chlorophyta__streptophyta_848_1","Bacteroidetes_1186_1_tp_2, Bacteroidetes_938_1_tp_2, Bacteroidetes_956_1_tp_2, Cyanobacteria_65_1_tp_2, Cyanobacteria_73_1_tp_2, Proteobacteria_11429_4_tp_2, Proteobacteria_9681_1_tp_2, temperature_tp_2, Verrucomicrobia_23_1_tp_2",0.0345144204089516,0.266348094767533
"Chlorophyta__streptophyta_848_1","Actinobacteria_410_2_tp_2, Archaea_164_2_tp_2, Bacillariophyta_219_1_tp_2, Bacteroidetes_1204_1_tp_2, Bacteroidetes_956_1_tp_2, Cercozoa_22_1_tp_2, Ciliophora_451_1_tp_2, Dinoflagellata_1198_1_tp_2, Dinoflagellata_1758_1_tp_2",0.217551768108864,0.23020080627767
"Chlorophyta__streptophyta_848_1","Bacillariophyta_123_1_tp_2, Bacteroidetes_1167_1_tp_2, Chrysophyceae_16_1_tp_2, Ciliophora_1195_1_tp_2, Div_reps_2942_1_tp_2, Picozoa_6_1_tp_2, Proteobacteria_7319_1_tp_2, Proteobacteria_8178_1_tp_2, Verrucomicrobia_23_1_tp_2",0.284904584377027,0.217480525733169
"Chlorophyta__streptophyta_848_1","Bacillariophyta_219_1_tp_2, Bacillariophyta_31_1_tp_2, Bacteroidetes_129_1_tp_2, Bacteroidetes_1360_1_tp_2, Chlorophyta__streptophyta_732_1_tp_2, Proteobacteria_11429_3_tp_2, Proteobacteria_22_1_tp_2, Proteobacteria_5461_1_tp_2, Radiolaria_104_1_tp_2",0.189570447333908,0.236453489105593
"Chlorophyta__streptophyta_848_1","Chrysophyceae_16_1_tp_2, Ciliophora_451_1_tp_2, Dinoflagellata_1198_1_tp_2, Div_reps_1600_1_tp_2, Nitrospirae_9_1_tp_2, Perkinsea_44_1_tp_2, Picozoa_6_1_tp_2, Proteobacteria_11429_3_tp_2, Proteobacteria_9681_2_tp_2",0.274822446017607,0.215652144192561
"Chlorophyta__streptophyta_848_1","Bacteroidetes_1349_1_tp_2, Bacteroidetes_1360_2_tp_2, Bacteroidetes_918_4_tp_2, Chlorophyta__streptophyta_833_1_tp_2, Cryptophyta_108_1_tp_2, Dinoflagellata_1017_1_tp_2, Div_reps_1600_2_tp_2, Planctomycetes_27_1_tp_2, Proteobacteria_7313_1_tp_2",0.0997601266633228,0.232175344333156
"Chlorophyta__streptophyta_848_1","Bacteroidetes_918_5_tp_2, Bacteroidetes_919_3_tp_2, Cercozoa_291_1_tp_2, Ciliophora_298_1_tp_2, Ciliophora_403_1_tp_2, Dinoflagellata_1711_1_tp_2, Picozoa_6_1_tp_2, Proteobacteria_8178_1_tp_2, Verrucomicrobia_22_2_tp_2",0.147782072415328,0.250384540335761
"Chlorophyta__streptophyta_848_1","Bacteroidetes_1360_3_tp_2, Bacteroidetes_918_3_tp_2, Bacteroidetes_919_1_tp_2, Cercozoa_23_1_tp_2, Cercozoa_291_1_tp_2, Chlorophyta__streptophyta_833_1_tp_2, Proteobacteria_10168_1_tp_2, Proteobacteria_7174_1_tp_2, Proteobacteria_7983_8_tp_2",0.214687182849771,0.240868176153222
"Chlorophyta__streptophyta_848_1","Bacteroidetes_1151_1_tp_2, Bacteroidetes_1360_2_tp_2, Cryptophyta_108_1_tp_2, Cryptophyta_15_1_tp_2, Dinoflagellata_1496_1_tp_2, Dinoflagellata_1771_1_tp_2, Planctomycetes_61_1_tp_2, Proteobacteria_7787_1_tp_2, Proteobacteria_8185_1_tp_2",0.12171116656076,0.252940327719626
"Chlorophyta__streptophyta_848_1","Bacillariophyta_31_1_tp_2, Bacteroidetes_1360_1_tp_2, Bacteroidetes_1360_5_tp_2, Bacteroidetes_918_4_tp_2, Bacteroidetes_956_1_tp_2, Cercozoa_22_1_tp_2, Chrysophyceae_16_1_tp_2, Dinoflagellata_982_1_tp_2, Proteobacteria_10168_1_tp_2",0.244011187811733,0.225465258261044
"Chlorophyta__streptophyta_848_1","Bacillariophyta_29_1_tp_2, Bacteroidetes_1166_1_tp_2, Bacteroidetes_919_2_tp_2, Dinoflagellata_1862_1_tp_2, Picozoa_18_1_tp_2, Proteobacteria_11429_4_tp_2, Proteobacteria_7166_1_tp_2, Proteobacteria_8178_1_tp_2, Rhodophyta_506_1_tp_2",0.155134554892819,0.247826951664261
"Chlorophyta__streptophyta_848_1","Bacteroidetes_1166_1_tp_2, Bacteroidetes_1235_1_tp_2, Bacteroidetes_1360_3_tp_2, Dinoflagellata_124_1_tp_2, Dinoflagellata_1769_1_tp_2, Div_reps_2942_1_tp_2, Proteobacteria_11429_4_tp_2, Proteobacteria_8520_1_tp_2, Verrucomicrobia_23_1_tp_2",0.266049774216995,0.226535778516693
"Chlorophyta__streptophyta_848_1","Bacteroidetes_918_2_tp_2, Chlorophyta__streptophyta_751_1_tp_2, Ciliophora_403_1_tp_2, Cyanobacteria_48_1_tp_2, Dinoflagellata_1862_1_tp_2, Dinoflagellata_955_1_tp_2, Proteobacteria_6384_1_tp_2, Proteobacteria_7983_2_tp_2, Verrucomicrobia_22_1_tp_2",0.224074663548151,0.220685140066127
"Chlorophyta__streptophyta_848_1","Bacteroidetes_918_2_tp_2, Cryptophyta_15_1_tp_2, Dinoflagellata_1542_1_tp_2, Dinoflagellata_1769_1_tp_2, Dinoflagellata_1793_1_tp_2, Nitrospirae_9_1_tp_2, Proteobacteria_11429_1_tp_2, Proteobacteria_7364_1_tp_2, Raphidophyceae_3_1_tp_2",0.0494036907648815,0.279707140877461
"Chlorophyta__streptophyta_848_1","Actinobacteria_410_1_tp_2, Bacteroidetes_131_1_tp_2, Bacteroidetes_919_1_tp_2, Cyanobacteria_73_1_tp_2, Dinoflagellata_874_1_tp_2, Picozoa_6_1_tp_2, Proteobacteria_7166_1_tp_2, Proteobacteria_8176_2_tp_2, Proteobacteria_8178_1_tp_2",0.18060770951959,0.233278432754554
"Chlorophyta__streptophyta_848_1","Bacillariophyta_123_1_tp_2, Dinoflagellata_1017_1_tp_2, Dinoflagellata_1658_1_tp_2, Div_reps_1600_1_tp_2, Haptophyta_203_1_tp_2, Proteobacteria_11431_1_tp_2, Proteobacteria_7230_3_tp_2, Proteobacteria_7289_1_tp_2, temperature_tp_2",0.225769967363052,0.228961860444822
"Chlorophyta__streptophyta_848_1","Bacillariophyta_219_1_tp_2, Bacteroidetes_1224_1_tp_2, Phylum_reps_2301_1_tp_2, Proteobacteria_5461_1_tp_2, Proteobacteria_7230_2_tp_2, Proteobacteria_7983_1_tp_2, Proteobacteria_7983_3_tp_2, Proteobacteria_7983_5_tp_2, Proteobacteria_7984_1_tp_2",0.214057821527717,0.252008714663486
"Chlorophyta__streptophyta_848_1","Bacteroidetes_1349_1_tp_2, Dinoflagellata_1098_1_tp_2, Dinoflagellata_1749_1_tp_2, Dinoflagellata_1968_1_tp_2, Phylum_reps_2301_1_tp_2, Planctomycetes_61_1_tp_2, Proteobacteria_11155_1_tp_2, Proteobacteria_9649_1_tp_2, Proteobacteria_9681_2_tp_2",0.165984513873828,0.235187874942099
"Chlorophyta__streptophyta_848_1","Bacteroidetes_1186_1_tp_2, Bacteroidetes_1360_5_tp_2, Cercozoa_291_1_tp_2, Dinoflagellata_982_1_tp_2, Haptophyta_203_1_tp_2, Proteobacteria_7982_1_tp_2, Proteobacteria_7983_1_tp_2, Proteobacteria_8177_2_tp_2, Proteobacteria_8185_1_tp_2",0.0474677393440079,0.249462485342746
"Chlorophyta__streptophyta_848_1","Bacteroidetes_129_2_tp_2, Perkinsea_44_1_tp_2, Phylum_reps_1954_1_tp_2, Proteobacteria_7174_1_tp_2, Proteobacteria_7319_1_tp_2, Proteobacteria_7982_2_tp_2, Proteobacteria_8175_1_tp_2, Sagenista_53_1_tp_2, Verrucomicrobia_18_4_tp_2",0.0699258405151892,0.238111125690824
"Chlorophyta__streptophyta_848_1","Bacillariophyta_44_1_tp_2, Bacteroidetes_1194_1_tp_2, Ciliophora_451_1_tp_2, Lobosa_11_1_tp_2, Proteobacteria_7166_1_tp_2, Proteobacteria_7982_2_tp_2, Proteobacteria_7983_6_tp_2, Verrucomicrobia_18_4_tp_2, Verrucomicrobia_23_1_tp_2",0.157659296634837,0.231601565395091
"Chlorophyta__streptophyta_848_1","Bacteroidetes_1166_1_tp_2, Bacteroidetes_1178_1_tp_2, Bacteroidetes_129_2_tp_2, Chlorophyta__streptophyta_845_1_tp_2, Cyanobacteria_65_1_tp_2, Dinoflagellata_1793_1_tp_2, Dinoflagellata_1862_1_tp_2, Dinoflagellata_955_1_tp_2, Phylum_reps_2301_1_tp_2",0.294143538070254,0.209297319555397
"Chlorophyta__streptophyta_848_1","Bacillariophyta_123_1_tp_2, Bacteroidetes_1249_1_tp_2, Bacteroidetes_1360_3_tp_2, Bacteroidetes_918_3_tp_2, Haptophyta_203_1_tp_2, Nitrospirae_9_1_tp_2, Proteobacteria_11190_1_tp_2, Proteobacteria_7787_1_tp_2, Verrucomicrobia_23_1_tp_2",-0.0966075962818906,0.273965179869124
"Chlorophyta__streptophyta_848_1","Bacteroidetes_1151_1_tp_2, Bacteroidetes_1167_1_tp_2, Bacteroidetes_129_1_tp_2, Dinoflagellata_1009_1_tp_2, Dinoflagellata_982_1_tp_2, Proteobacteria_11155_2_tp_2, Proteobacteria_11429_2_tp_2, Sagenista_53_1_tp_2, Verrucomicrobia_18_2_tp_2",0.135650470374073,0.269516907415346
"Chlorophyta__streptophyta_848_1","Bacteroidetes_131_1_tp_2, Bacteroidetes_1349_1_tp_2, Bacteroidetes_1360_1_tp_2, Bacteroidetes_956_1_tp_2, Cyanobacteria_48_1_tp_2, Haptophyta_148_1_tp_2, Phylum_reps_2301_1_tp_2, Proteobacteria_11428_1_tp_2, Proteobacteria_7983_4_tp_2",0.134340286254496,0.262062133542342
"Chlorophyta__streptophyta_848_1","Bacteroidetes_129_1_tp_2, Cercozoa_23_1_tp_2, Proteobacteria_11155_2_tp_2, Proteobacteria_11429_3_tp_2, Proteobacteria_7166_1_tp_2, Proteobacteria_7230_3_tp_2, Proteobacteria_7984_1_tp_2, Sagenista_61_1_tp_2, Verrucomicrobia_18_4_tp_2",0.18005473637198,0.232940756095996
"Chlorophyta__streptophyta_848_1","Bacillariophyta_31_1_tp_2, Bacteroidetes_1166_2_tp_2, Bacteroidetes_1349_1_tp_2, Bacteroidetes_1360_2_tp_2, Chlorophyta__streptophyta_120_1_tp_2, Cyanobacteria_65_1_tp_2, Dinoflagellata_124_1_tp_2, Planctomycetes_61_1_tp_2, Proteobacteria_7174_1_tp_2",0.132700661968187,0.264323274501413
"Chlorophyta__streptophyta_848_1","Ciliophora_234_1_tp_2, Dinoflagellata_1711_1_tp_2, Proteobacteria_11120_1_tp_2, Proteobacteria_11155_1_tp_2, Proteobacteria_11155_2_tp_2, Proteobacteria_7982_2_tp_2, Proteobacteria_7983_2_tp_2, Verrucomicrobia_18_1_tp_2, Verrucomicrobia_18_4_tp_2",0.337465545602038,0.219736282917353
"Chlorophyta__streptophyta_848_1","Cercozoa_23_1_tp_2, Cercozoa_395_1_tp_2, Cyanobacteria_85_1_tp_2, Dinoflagellata_1771_2_tp_2, Picozoa_18_1_tp_2, Planctomycetes_34_1_tp_2, Proteobacteria_10114_1_tp_2, Proteobacteria_11429_1_tp_2, Proteobacteria_11431_1_tp_2",0.203511410452356,0.21641285601109
"Chlorophyta__streptophyta_848_1","Archaea_164_2_tp_2, Bacillariophyta_196_1_tp_2, Bacteroidetes_1194_1_tp_2, Dinoflagellata_1771_2_tp_2, Div_reps_2942_1_tp_2, Picozoa_18_1_tp_2, Proteobacteria_11155_1_tp_2, Proteobacteria_7166_1_tp_2, Proteobacteria_7230_2_tp_2",0.251660740542913,0.259008526687268
"Chlorophyta__streptophyta_848_1","Bacteroidetes_1224_1_tp_2, Bacteroidetes_918_2_tp_2, Cyanobacteria_73_1_tp_2, Dinoflagellata_1009_1_tp_2, Dinoflagellata_124_1_tp_2, Dinoflagellata_1769_1_tp_2, Dinoflagellata_955_1_tp_2, Planctomycetes_34_1_tp_2, Proteobacteria_8177_2_tp_2",0.091947433444426,0.245585942811846
"Chlorophyta__streptophyta_848_1","Actinobacteria_410_2_tp_2, Bacteroidetes_129_1_tp_2, Bacteroidetes_919_1_tp_2, Bacteroidetes_956_1_tp_2, Cercozoa_22_1_tp_2, Cyanobacteria_65_1_tp_2, Proteobacteria_7231_1_tp_2, Proteobacteria_7984_1_tp_2, Proteobacteria_8176_1_tp_2",0.0201746502494429,0.243867380826899
"Chlorophyta__streptophyta_848_1","Archaea_164_2_tp_2, Bacteroidetes_956_1_tp_2, Cercozoa_22_1_tp_2, Cercozoa_395_1_tp_2, Cyanobacteria_73_1_tp_2, Planctomycetes_27_1_tp_2, Proteobacteria_11155_1_tp_2, Proteobacteria_7316_1_tp_2, Proteobacteria_7983_2_tp_2",0.220890310960947,0.223982302722931
"Chlorophyta__streptophyta_848_1","Actinobacteria_410_1_tp_2, Archaea_164_1_tp_2, Bacteroidetes_1151_1_tp_2, Bacteroidetes_1360_2_tp_2, Dinoflagellata_1555_1_tp_2, Proteobacteria_7230_2_tp_2, Proteobacteria_7230_3_tp_2, Proteobacteria_7984_1_tp_2, Raphidophyceae_3_1_tp_2",0.151453686809872,0.258354113607928
"Chlorophyta__streptophyta_848_1","Bacteroidetes_1249_1_tp_2, Bacteroidetes_1360_2_tp_2, Dinoflagellata_1758_1_tp_2, Proteobacteria_22_1_tp_2, Proteobacteria_6847_1_tp_2, Proteobacteria_7983_5_tp_2, Proteobacteria_9649_1_tp_2, temperature_tp_2, Verrucomicrobia_23_1_tp_2",0.072505852353148,0.234177726095581
"Chlorophyta__streptophyta_848_1","Bacteroidetes_1349_1_tp_2, Chlorophyta__streptophyta_833_1_tp_2, Ciliophora_1195_1_tp_2, Dinoflagellata_1555_1_tp_2, Div_reps_1600_2_tp_2, Haptophyta_148_1_tp_2, Proteobacteria_11428_1_tp_2, Proteobacteria_7983_5_tp_2, Rhodophyta_506_1_tp_2",0.254685933020842,0.227785241009603
"Chlorophyta__streptophyta_848_1","Bacillariophyta_123_1_tp_2, Bacillariophyta_138_1_tp_2, Bacteroidetes_1204_1_tp_2, Bacteroidetes_1264_1_tp_2, Bacteroidetes_919_1_tp_2, Cyanobacteria_73_1_tp_2, Proteobacteria_10168_1_tp_2, Proteobacteria_7982_1_tp_2, Proteobacteria_7983_1_tp_2",0.0886829039537896,0.255722503001926
"Chlorophyta__streptophyta_848_1","Actinobacteria_410_2_tp_2, Bacteroidetes_956_1_tp_2, Cyanobacteria_65_1_tp_2, Dinoflagellata_1728_1_tp_2, Dinoflagellata_1771_1_tp_2, Proteobacteria_7230_2_tp_2, Proteobacteria_7364_1_tp_2, Proteobacteria_7787_1_tp_2, Pseudofungi_43_1_tp_2",0.253998211053662,0.213319263089025
"Chlorophyta__streptophyta_848_1","Bacteroidetes_1166_1_tp_2, Bacteroidetes_1360_5_tp_2, Bacteroidetes_918_1_tp_2, Chlorophyta__streptophyta_833_1_tp_2, Ciliophora_1195_1_tp_2, Div_reps_1600_2_tp_2, Proteobacteria_6384_1_tp_2, Proteobacteria_8176_2_tp_2, Sagenista_53_1_tp_2",0.198453905317154,0.244174270299828
"Chlorophyta__streptophyta_848_1","Bacteroidetes_919_1_tp_2, Cyanobacteria_73_1_tp_2, Dinoflagellata_1009_1_tp_2, Dinoflagellata_1771_2_tp_2, Div_reps_1600_1_tp_2, Perkinsea_44_1_tp_2, Proteobacteria_7983_8_tp_2, Proteobacteria_9649_1_tp_2, Proteobacteria_9681_1_tp_2",0.2195587302426,0.224246407855304
"Chlorophyta__streptophyta_848_1","Bacteroidetes_1194_1_tp_2, Bacteroidetes_1360_3_tp_2, Bacteroidetes_938_1_tp_2, Dinoflagellata_1728_1_tp_2, Proteobacteria_7100_1_tp_2, Proteobacteria_7230_1_tp_2, Proteobacteria_7295_1_tp_2, Proteobacteria_7316_1_tp_2, Proteobacteria_8175_1_tp_2",0.1666574733954,0.224284448626227
"Chlorophyta__streptophyta_848_1","Archaea_164_2_tp_2, Bacillariophyta_29_1_tp_2, Bacteroidetes_1360_3_tp_2, Ciliophora_451_1_tp_2, Cryptophyta_15_2_tp_2, Dinoflagellata_1728_1_tp_2, Div_reps_1600_2_tp_2, Proteobacteria_7983_4_tp_2, Proteobacteria_9681_1_tp_2",0.109867551338699,0.256631915889017
"Chlorophyta__streptophyta_848_1","Bacteroidetes_1186_1_tp_2, Ciliophora_1195_1_tp_2, Haptophyta_203_1_tp_2, Picozoa_6_1_tp_2, Proteobacteria_10114_1_tp_2, Proteobacteria_6384_1_tp_2, Radiolaria_104_1_tp_2, Rhodophyta_506_1_tp_2, Sagenista_53_1_tp_2",0.231478109447288,0.241482823734433
"Chlorophyta__streptophyta_848_1","Bacteroidetes_1204_1_tp_2, Bacteroidetes_918_2_tp_2, Cercozoa_23_1_tp_2, Chlorophyta__streptophyta_732_1_tp_2, Dinoflagellata_1098_1_tp_2, Dinoflagellata_1728_1_tp_2, Nitrospirae_9_1_tp_2, Proteobacteria_7983_7_tp_2, Proteobacteria_8175_1_tp_2",0.259852066033763,0.215363781504804
"Chlorophyta__streptophyta_848_1","Bacteroidetes_131_1_tp_2, Bacteroidetes_1349_1_tp_2, Ciliophora_280_1_tp_2, Ciliophora_403_1_tp_2, Cryptophyta_108_1_tp_2, Dinoflagellata_1728_1_tp_2, Katablepharidophyta_7_1_tp_2, Phylum_reps_2301_1_tp_2, Proteobacteria_11210_1_tp_2",0.224983796510991,0.236185199709213
"Chlorophyta__streptophyta_848_1","Bacillariophyta_100_1_tp_2, Bacteroidetes_1360_4_tp_2, Bacteroidetes_1360_5_tp_2, Bacteroidetes_317_1_tp_2, Dinoflagellata_1010_1_tp_2, Dinoflagellata_1771_2_tp_2, Dinoflagellata_955_1_tp_2, Planctomycetes_34_1_tp_2, Pseudofungi_43_1_tp_2",0.289911460201795,0.211530119753022
"Chlorophyta__streptophyta_848_1","Bacillariophyta_29_1_tp_2, Bacteroidetes_1224_1_tp_2, Bacteroidetes_918_4_tp_2, Proteobacteria_10091_1_tp_2, Proteobacteria_5461_1_tp_2, Proteobacteria_7982_2_tp_2, Proteobacteria_7984_1_tp_2, Proteobacteria_8177_1_tp_2, temperature_tp_2",0.138103527502021,0.238778553403698
"Chlorophyta__streptophyta_848_1","Chlorophyta__streptophyta_120_1_tp_2, Dinoflagellata_124_1_tp_2, Dinoflagellata_1758_1_tp_2, Nitrospirae_9_1_tp_2, Picozoa_6_1_tp_2, Proteobacteria_11210_1_tp_2, Proteobacteria_7100_1_tp_2, Proteobacteria_7983_4_tp_2, Proteobacteria_8177_2_tp_2",0.0618093257366053,0.244803061387833
"Chlorophyta__streptophyta_848_1","Bacteroidetes_1166_1_tp_2, Chlorophyta__streptophyta_120_1_tp_2, Ciliophora_403_1_tp_2, Dinoflagellata_1017_1_tp_2, Perkinsea_33_1_tp_2, Picozoa_6_1_tp_2, Proteobacteria_7983_2_tp_2, Proteobacteria_7983_6_tp_2, Sagenista_53_1_tp_2",0.2190605629562,0.245186989011378
"Chlorophyta__streptophyta_848_1","Bacteroidetes_1360_4_tp_2, Bacteroidetes_918_2_tp_2, Dinoflagellata_1711_1_tp_2, Dinoflagellata_1728_1_tp_2, Dinoflagellata_955_1_tp_2, Phylum_reps_1954_1_tp_2, Planctomycetes_61_1_tp_2, Proteobacteria_11210_1_tp_2, Proteobacteria_11431_1_tp_2",0.182052942246663,0.215079020057666
"Chlorophyta__streptophyta_848_1","Bacillariophyta_100_1_tp_2, Bacteroidetes_1186_1_tp_2, Bacteroidetes_1224_1_tp_2, Chlorophyta__streptophyta_833_1_tp_2, Dinoflagellata_1968_1_tp_2, Proteobacteria_11210_1_tp_2, Proteobacteria_7983_1_tp_2, Proteobacteria_8176_2_tp_2, Pseudofungi_43_1_tp_2",0.127971093167469,0.246295257690982
"Chlorophyta__streptophyta_848_1","Bacteroidetes_317_1_tp_2, Chlorophyta__streptophyta_895_1_tp_2, Ciliophora_403_1_tp_2, Lobosa_11_1_tp_2, Proteobacteria_7289_1_tp_2, Proteobacteria_7316_1_tp_2, Proteobacteria_7319_1_tp_2, Proteobacteria_7983_2_tp_2, Proteobacteria_7983_7_tp_2",0.153110626531088,0.240933114326621
"Chlorophyta__streptophyta_848_1","Bacteroidetes_1194_1_tp_2, Bacteroidetes_1235_1_tp_2, Bacteroidetes_129_1_tp_2, Chlorophyta__streptophyta_833_1_tp_2, Chlorophyta__streptophyta_895_1_tp_2, Dinoflagellata_1862_1_tp_2, Proteobacteria_7319_1_tp_2, temperature_tp_2, Verrucomicrobia_23_1_tp_2",0.237712309711684,0.221053581648273
"Chlorophyta__streptophyta_848_1","Archaea_164_1_tp_2, Archaea_164_2_tp_2, Bacteroidetes_919_3_tp_2, Ciliophora_451_1_tp_2, Dinoflagellata_1771_2_tp_2, Phylum_reps_2301_1_tp_2, Proteobacteria_7314_1_tp_2, Proteobacteria_7316_1_tp_2, Proteobacteria_7787_1_tp_2",0.282167750948018,0.237380156075529
"Chlorophyta__streptophyta_848_1","Archaea_179_1_tp_2, Bacillariophyta_100_1_tp_2, Bacillariophyta_31_1_tp_2, Dinoflagellata_1769_1_tp_2, Phylum_reps_1954_1_tp_2, Planctomycetes_27_1_tp_2, Proteobacteria_10168_1_tp_2, Raphidophyceae_3_1_tp_2, Sagenista_61_1_tp_2",0.216590271669797,0.226901401935293
"Chlorophyta__streptophyta_848_1","Bacteroidetes_918_2_tp_2, Bacteroidetes_918_3_tp_2, Cryptophyta_108_1_tp_2, Proteobacteria_11429_1_tp_2, Proteobacteria_5436_1_tp_2, Proteobacteria_7174_1_tp_2, Proteobacteria_7364_1_tp_2, Sagenista_53_1_tp_2, Verrucomicrobia_18_1_tp_2",0.13628824883624,0.237966795488462
"Chlorophyta__streptophyta_848_1","Archaea_179_1_tp_2, Ciliophora_234_1_tp_2, Dinoflagellata_1749_1_tp_2, Dinoflagellata_1771_1_tp_2, Dinoflagellata_982_1_tp_2, Perkinsea_44_1_tp_2, Proteobacteria_11155_2_tp_2, Proteobacteria_11210_2_tp_2, Proteobacteria_11429_2_tp_2",0.186633838267404,0.246736155750802
"Chlorophyta__streptophyta_848_1","Bacteroidetes_1166_2_tp_2, Bacteroidetes_1186_1_tp_2, Bacteroidetes_129_1_tp_2, Bacteroidetes_131_1_tp_2, Cyanobacteria_73_1_tp_2, Cyanobacteria_85_1_tp_2, Dinoflagellata_1198_1_tp_2, Proteobacteria_7166_1_tp_2, Proteobacteria_7174_1_tp_2",0.0375943558737857,0.244832095129218
"Chlorophyta__streptophyta_848_1","Bacillariophyta_31_1_tp_2, Bacteroidetes_918_5_tp_2, Bacteroidetes_919_2_tp_2, Ciliophora_280_1_tp_2, Ciliophora_298_1_tp_2, Phylum_reps_1985_1_tp_2, Picozoa_6_1_tp_2, Proteobacteria_7983_1_tp_2, Proteobacteria_8185_1_tp_2",0.141225548930336,0.24611187176287
"Chlorophyta__streptophyta_848_1","Bacillariophyta_123_1_tp_2, Bacillariophyta_29_1_tp_2, Bacteroidetes_1167_1_tp_2, Cyanobacteria_85_1_tp_2, Dinoflagellata_982_1_tp_2, Proteobacteria_7787_1_tp_2, Proteobacteria_7983_5_tp_2, Proteobacteria_9681_1_tp_2, Sagenista_53_1_tp_2",0.160037529315681,0.230002050966585
"Chlorophyta__streptophyta_848_1","Bacteroidetes_1360_3_tp_2, Chlorophyta__streptophyta_833_1_tp_2, Dinoflagellata_1862_1_tp_2, Planctomycetes_61_1_tp_2, Proteobacteria_10114_1_tp_2, Proteobacteria_11429_2_tp_2, Proteobacteria_7230_3_tp_2, Proteobacteria_8177_2_tp_2, Proteobacteria_9649_1_tp_2",0.14245083096087,0.2414534353045
"Chlorophyta__streptophyta_848_1","Bacteroidetes_1224_1_tp_2, Chlorophyta__streptophyta_732_1_tp_2, Ciliophora_234_1_tp_2, Cryptophyta_108_1_tp_2, Dinoflagellata_1542_1_tp_2, Haptophyta_148_1_tp_2, Proteobacteria_11429_2_tp_2, Proteobacteria_6384_1_tp_2, Proteobacteria_7174_1_tp_2",0.261668076930078,0.248729317942393
"Chlorophyta__streptophyta_848_1","Bacillariophyta_29_1_tp_2, Chlorophyta__streptophyta_732_1_tp_2, Ciliophora_1195_1_tp_2, Dinoflagellata_1771_1_tp_2, Katablepharidophyta_7_1_tp_2, Planctomycetes_27_1_tp_2, Proteobacteria_11155_2_tp_2, Proteobacteria_5461_1_tp_2, Verrucomicrobia_18_3_tp_2",0.151902810567149,0.250121512094868
"Chlorophyta__streptophyta_848_1","Bacteroidetes_1224_1_tp_2, Bacteroidetes_918_4_tp_2, Bacteroidetes_938_1_tp_2, Cercozoa_291_1_tp_2, Dinoflagellata_1555_1_tp_2, Haptophyta_203_1_tp_2, Nitrospirae_9_1_tp_2, Proteobacteria_5461_1_tp_2, Verrucomicrobia_18_1_tp_2",0.100276046306055,0.270748454099504
"Chlorophyta__streptophyta_848_1","Bacteroidetes_317_1_tp_2, Bacteroidetes_956_1_tp_2, Dinoflagellata_1758_1_tp_2, Lobosa_11_1_tp_2, Picozoa_18_1_tp_2, Planctomycetes_34_1_tp_2, Proteobacteria_7983_3_tp_2, Proteobacteria_7983_8_tp_2, Radiolaria_104_1_tp_2",0.192219648863732,0.245052112314258
"Chlorophyta__streptophyta_848_1","Ciliophora_298_1_tp_2, Cyanobacteria_73_1_tp_2, Dinoflagellata_1009_1_tp_2, Dinoflagellata_955_1_tp_2, Perkinsea_33_1_tp_2, Proteobacteria_10091_1_tp_2, Proteobacteria_7313_1_tp_2, Raphidophyceae_3_1_tp_2, Rhodophyta_506_1_tp_2",0.151617518425899,0.227559717731668
"Chlorophyta__streptophyta_848_1","Bacteroidetes_918_5_tp_2, Dinoflagellata_1009_1_tp_2, Dinoflagellata_1542_1_tp_2, Dinoflagellata_1749_1_tp_2, Lobosa_11_1_tp_2, Proteobacteria_6384_1_tp_2, Proteobacteria_7313_1_tp_2, Proteobacteria_8176_1_tp_2, Proteobacteria_9681_2_tp_2",0.153895193600788,0.230898749800752
"Chlorophyta__streptophyta_848_1","Bacteroidetes_918_3_tp_2, Cercozoa_395_1_tp_2, Ciliophora_451_1_tp_2, Dinoflagellata_1198_1_tp_2, Dinoflagellata_1728_2_tp_2, Haptophyta_148_1_tp_2, Proteobacteria_7231_1_tp_2, Proteobacteria_8185_1_tp_2, Verrucomicrobia_18_2_tp_2",0.244645819134374,0.219805220847361
"Chlorophyta__streptophyta_848_1","Bacillariophyta_219_1_tp_2, Bacteroidetes_1249_1_tp_2, Bacteroidetes_918_5_tp_2, Cercozoa_395_1_tp_2, Div_reps_1600_2_tp_2, Proteobacteria_10114_1_tp_2, Proteobacteria_11428_1_tp_2, Proteobacteria_11429_2_tp_2, Proteobacteria_8177_1_tp_2",0.0861220312139385,0.238812390248048
"Chlorophyta__streptophyta_848_1","Bacteroidetes_1249_1_tp_2, Bacteroidetes_1360_4_tp_2, Bacteroidetes_956_1_tp_2, Cryptophyta_15_1_tp_2, Cyanobacteria_48_1_tp_2, Proteobacteria_11190_1_tp_2, Proteobacteria_6384_1_tp_2, Proteobacteria_7174_1_tp_2, Proteobacteria_7364_1_tp_2",0.0226270412309389,0.267905277084162
"Chlorophyta__streptophyta_848_1","Bacteroidetes_1249_1_tp_2, Cryptophyta_15_1_tp_2, Cyanobacteria_85_1_tp_2, Dinoflagellata_1542_1_tp_2, Perkinsea_33_1_tp_2, Phylum_reps_2301_1_tp_2, Proteobacteria_11429_3_tp_2, Proteobacteria_8177_1_tp_2, Proteobacteria_8178_1_tp_2",0.115755246423312,0.215444124177057
"Chlorophyta__streptophyta_848_1","Bacteroidetes_1194_1_tp_2, Bacteroidetes_919_2_tp_2, Dictyochophyceae_6_1_tp_2, Dinoflagellata_1771_1_tp_2, Nitrospirae_9_1_tp_2, Phylum_reps_1985_1_tp_2, Proteobacteria_7230_2_tp_2, Verrucomicrobia_18_2_tp_2, Verrucomicrobia_22_2_tp_2",0.130261922793102,0.252053648995765
"Chlorophyta__streptophyta_848_1","Bacillariophyta_44_1_tp_2, Bacteroidetes_1224_1_tp_2, Bacteroidetes_1235_1_tp_2, Bacteroidetes_918_3_tp_2, Ciliophora_234_1_tp_2, Cryptophyta_15_2_tp_2, Dinoflagellata_1793_1_tp_2, Proteobacteria_10091_1_tp_2, Proteobacteria_8178_1_tp_2",0.126444824095412,0.264709452866333
"Chlorophyta__streptophyta_848_1","Cyanobacteria_73_1_tp_2, Dinoflagellata_1010_1_tp_2, Dinoflagellata_1098_1_tp_2, Dinoflagellata_1658_1_tp_2, Dinoflagellata_1758_1_tp_2, Phylum_reps_1985_1_tp_2, Proteobacteria_7983_8_tp_2, Pseudofungi_43_1_tp_2, Radiolaria_104_1_tp_2",0.270661608316831,0.219868600077679
"Chlorophyta__streptophyta_848_1","Actinobacteria_410_2_tp_2, Bacillariophyta_196_1_tp_2, Bacteroidetes_1349_1_tp_2, Dinoflagellata_1098_1_tp_2, Dinoflagellata_1749_1_tp_2, Proteobacteria_11428_1_tp_2, Proteobacteria_5436_1_tp_2, Proteobacteria_7289_1_tp_2, Verrucomicrobia_22_2_tp_2",0.161837050897487,0.244184037387537
"Chlorophyta__streptophyta_848_1","Bacteroidetes_1360_2_tp_2, Cyanobacteria_85_1_tp_2, Dinoflagellata_124_1_tp_2, Dinoflagellata_1555_1_tp_2, Dinoflagellata_1758_1_tp_2, Proteobacteria_10168_1_tp_2, Proteobacteria_11190_1_tp_2, Proteobacteria_11431_1_tp_2, Verrucomicrobia_18_2_tp_2",0.121132790578963,0.240081137011844
"Chlorophyta__streptophyta_848_1","Bacillariophyta_44_1_tp_2, Bacteroidetes_1166_2_tp_2, Bacteroidetes_131_1_tp_2, Cyanobacteria_85_1_tp_2, Dinoflagellata_1496_1_tp_2, Dinoflagellata_1862_1_tp_2, Proteobacteria_7983_3_tp_2, Proteobacteria_9649_1_tp_2, temperature_tp_2",0.147498784287158,0.227428815486426
"Chlorophyta__streptophyta_848_1","Actinobacteria_410_2_tp_2, Bacillariophyta_219_1_tp_2, Cercozoa_22_1_tp_2, Ciliophora_403_1_tp_2, Dinoflagellata_1542_1_tp_2, Dinoflagellata_874_1_tp_2, Proteobacteria_22_1_tp_2, Sagenista_53_1_tp_2, Verrucomicrobia_18_4_tp_2",0.147593502595763,0.22563655202829
"Chlorophyta__streptophyta_848_1","Bacillariophyta_100_1_tp_2, Bacteroidetes_1166_1_tp_2, Bacteroidetes_1166_2_tp_2, Bacteroidetes_1349_1_tp_2, Bacteroidetes_918_1_tp_2, Phylum_reps_1954_1_tp_2, Proteobacteria_11210_2_tp_2, Sagenista_53_1_tp_2, Verrucomicrobia_22_1_tp_2",0.21177912932164,0.222613548254008
"Chlorophyta__streptophyta_848_1","Bacillariophyta_31_1_tp_2, Bacteroidetes_918_2_tp_2, Cyanobacteria_85_1_tp_2, Dinoflagellata_1728_1_tp_2, Dinoflagellata_1771_2_tp_2, Proteobacteria_10168_1_tp_2, Proteobacteria_11210_1_tp_2, Proteobacteria_7314_1_tp_2, Proteobacteria_7364_1_tp_2",0.28551561083749,0.208717133828886
"Chlorophyta__streptophyta_848_1","Bacteroidetes_1151_1_tp_2, Bacteroidetes_919_2_tp_2, Dinoflagellata_1098_1_tp_2, Dinoflagellata_1771_1_tp_2, Haptophyta_148_1_tp_2, Perkinsea_33_1_tp_2, Proteobacteria_7787_1_tp_2, Proteobacteria_7983_7_tp_2, Sagenista_61_1_tp_2",0.120978235383196,0.242157902177047
"Chlorophyta__streptophyta_848_1","Bacteroidetes_1360_1_tp_2, Cercozoa_23_1_tp_2, Ciliophora_451_1_tp_2, Dinoflagellata_1014_1_tp_2, Nitrospirae_9_1_tp_2, Proteobacteria_7230_2_tp_2, Proteobacteria_7313_1_tp_2, Proteobacteria_7319_1_tp_2, Proteobacteria_8176_1_tp_2",0.11132448554771,0.273072313873216
"Chlorophyta__streptophyta_848_1","Bacillariophyta_100_1_tp_2, Bacillariophyta_123_1_tp_2, Chlorophyta__streptophyta_845_1_tp_2, Cryptophyta_15_1_tp_2, Dinoflagellata_1542_1_tp_2, Dinoflagellata_1749_1_tp_2, Nitrospirae_9_1_tp_2, Proteobacteria_7100_1_tp_2, Radiolaria_104_1_tp_2",0.306670199737505,0.219948195671576
"Chlorophyta__streptophyta_848_1","Archaea_164_1_tp_2, Bacillariophyta_100_1_tp_2, Bacillariophyta_138_1_tp_2, Dinoflagellata_1658_1_tp_2, Dinoflagellata_1728_2_tp_2, Planctomycetes_34_1_tp_2, Proteobacteria_11190_1_tp_2, Proteobacteria_9649_1_tp_2, temperature_tp_2",0.205035035476308,0.242162094822388
"Chlorophyta__streptophyta_848_1","Bacteroidetes_1166_2_tp_2, Bacteroidetes_1235_1_tp_2, Bacteroidetes_1349_1_tp_2, Cyanobacteria_85_1_tp_2, Planctomycetes_34_1_tp_2, Proteobacteria_11155_2_tp_2, Proteobacteria_11431_2_tp_2, Proteobacteria_6384_1_tp_2, Proteobacteria_7289_1_tp_2",0.095258562491179,0.27926095216126
"Chlorophyta__streptophyta_848_1","Actinobacteria_410_2_tp_2, Bacteroidetes_918_2_tp_2, Bacteroidetes_919_1_tp_2, Bacteroidetes_919_3_tp_2, Chlorophyta__streptophyta_732_1_tp_2, Ciliophora_1195_1_tp_2, Dictyochophyceae_6_1_tp_2, Proteobacteria_8175_1_tp_2, Verrucomicrobia_18_2_tp_2",0.150330961980162,0.239455486346119
"Chlorophyta__streptophyta_848_1","Bacteroidetes_1178_1_tp_2, Bacteroidetes_918_1_tp_2, Chlorophyta__streptophyta_751_1_tp_2, Ciliophora_451_1_tp_2, Proteobacteria_10091_1_tp_2, Proteobacteria_11429_3_tp_2, Proteobacteria_22_1_tp_2, Sagenista_61_1_tp_2, Verrucomicrobia_22_1_tp_2",0.170378534675712,0.229782346748144
"Chlorophyta__streptophyta_848_1","Bacillariophyta_44_1_tp_2, Cercozoa_22_1_tp_2, Cercozoa_291_1_tp_2, Cyanobacteria_73_1_tp_2, Dinoflagellata_1014_1_tp_2, Proteobacteria_11190_1_tp_2, Proteobacteria_7230_3_tp_2, Proteobacteria_7983_3_tp_2, Sagenista_61_1_tp_2",0.178489861461574,0.214186777987431
"Chlorophyta__streptophyta_848_1","Bacteroidetes_918_1_tp_2, Bacteroidetes_918_3_tp_2, Dinoflagellata_124_1_tp_2, Dinoflagellata_1968_1_tp_2, Dinoflagellata_982_1_tp_2, Lobosa_11_1_tp_2, Proteobacteria_11431_1_tp_2, Proteobacteria_7983_4_tp_2, Raphidophyceae_3_1_tp_2",0.2357587253815,0.265828800758857
"Chlorophyta__streptophyta_848_1","Bacillariophyta_44_1_tp_2, Bacteroidetes_1235_1_tp_2, Bacteroidetes_1360_5_tp_2, Bacteroidetes_918_5_tp_2, Bacteroidetes_919_3_tp_2, Dinoflagellata_1769_1_tp_2, Proteobacteria_7983_6_tp_2, Proteobacteria_9649_1_tp_2, temperature_tp_2",0.150305995096585,0.24514354234271
"Chlorophyta__streptophyta_848_1","Archaea_179_1_tp_2, Dinoflagellata_1017_1_tp_2, Dinoflagellata_1758_1_tp_2, Dinoflagellata_1771_2_tp_2, Picozoa_6_1_tp_2, Proteobacteria_11429_1_tp_2, Proteobacteria_7230_1_tp_2, Proteobacteria_8520_1_tp_2, Verrucomicrobia_18_4_tp_2",0.214253901181456,0.216692725904131
"Chlorophyta__streptophyta_848_1","Cyanobacteria_85_1_tp_2, Dinoflagellata_1658_1_tp_2, Dinoflagellata_1758_1_tp_2, Dinoflagellata_982_1_tp_2, Proteobacteria_10168_1_tp_2, Proteobacteria_11429_2_tp_2, Proteobacteria_7319_1_tp_2, Proteobacteria_8175_1_tp_2, Proteobacteria_9649_1_tp_2",0.171029336081941,0.236898896154892
"Chlorophyta__streptophyta_848_1","Bacteroidetes_918_4_tp_2, Bacteroidetes_919_1_tp_2, Bacteroidetes_956_1_tp_2, Cercozoa_395_1_tp_2, Dinoflagellata_1098_1_tp_2, Dinoflagellata_1542_1_tp_2, Dinoflagellata_874_1_tp_2, Verrucomicrobia_18_2_tp_2, Verrucomicrobia_23_1_tp_2",0.14325219960554,0.228476791459482
"Chlorophyta__streptophyta_848_1","Bacillariophyta_138_1_tp_2, Bacillariophyta_44_1_tp_2, Bacteroidetes_1249_1_tp_2, Bacteroidetes_129_1_tp_2, Bacteroidetes_938_1_tp_2, Dinoflagellata_1771_1_tp_2, Proteobacteria_11429_1_tp_2, Proteobacteria_11429_2_tp_2, Proteobacteria_7231_1_tp_2",0.220987380561737,0.219119931056772
"Chlorophyta__streptophyta_848_1","Bacteroidetes_1224_1_tp_2, Bacteroidetes_918_4_tp_2, Dinoflagellata_124_1_tp_2, Proteobacteria_7983_1_tp_2, Proteobacteria_7983_2_tp_2, Proteobacteria_7983_3_tp_2, Proteobacteria_7983_8_tp_2, Proteobacteria_8185_1_tp_2, Verrucomicrobia_22_2_tp_2",0.0446990309610445,0.25672284549417
"Chlorophyta__streptophyta_848_1","Bacteroidetes_1151_1_tp_2, Bacteroidetes_1249_1_tp_2, Bacteroidetes_919_1_tp_2, Ciliophora_451_1_tp_2, Dinoflagellata_1010_1_tp_2, Picozoa_18_1_tp_2, Proteobacteria_10114_1_tp_2, Proteobacteria_7313_1_tp_2, Sagenista_53_1_tp_2",-0.00241553282744738,0.247575623350571
"Chlorophyta__streptophyta_848_1","Bacteroidetes_1186_1_tp_2, Bacteroidetes_129_2_tp_2, Bacteroidetes_1360_2_tp_2, Dinoflagellata_1749_1_tp_2, Phylum_reps_1954_1_tp_2, Planctomycetes_34_1_tp_2, Proteobacteria_11428_1_tp_2, Proteobacteria_7316_1_tp_2, Proteobacteria_7983_7_tp_2",0.0561125234628374,0.255168416759627
"Chlorophyta__streptophyta_848_1","Bacteroidetes_918_1_tp_2, Dinoflagellata_1198_1_tp_2, Dinoflagellata_1496_1_tp_2, Haptophyta_203_1_tp_2, Phylum_reps_1954_1_tp_2, Proteobacteria_6384_1_tp_2, Proteobacteria_7983_4_tp_2, Proteobacteria_8177_2_tp_2, Verrucomicrobia_23_1_tp_2",0.204683259389806,0.22788036918224
"Chlorophyta__streptophyta_848_1","Bacillariophyta_44_1_tp_2, Bacteroidetes_1360_4_tp_2, Bacteroidetes_317_1_tp_2, Bacteroidetes_919_2_tp_2, Cryptophyta_15_2_tp_2, Proteobacteria_7100_1_tp_2, Proteobacteria_7983_3_tp_2, Proteobacteria_8176_1_tp_2, Proteobacteria_9681_2_tp_2",0.0846660766283272,0.276355889497272
"Chlorophyta__streptophyta_848_1","Bacillariophyta_100_1_tp_2, Bacteroidetes_1151_1_tp_2, Bacteroidetes_1166_1_tp_2, Cercozoa_395_1_tp_2, Ciliophora_403_1_tp_2, Cryptophyta_108_1_tp_2, Dinoflagellata_1017_1_tp_2, Proteobacteria_11429_4_tp_2, Proteobacteria_7983_3_tp_2",0.198150603513876,0.229950927445875
"Chlorophyta__streptophyta_848_1","Actinobacteria_410_2_tp_2, Bacteroidetes_1166_1_tp_2, Ciliophora_234_1_tp_2, Dinoflagellata_1496_1_tp_2, Lobosa_11_1_tp_2, Proteobacteria_11428_1_tp_2, Proteobacteria_7787_1_tp_2, Proteobacteria_8176_1_tp_2, Sagenista_53_1_tp_2",0.19775443556695,0.245722508698542
"Chlorophyta__streptophyta_848_1","Bacteroidetes_1151_1_tp_2, Bacteroidetes_1166_1_tp_2, Chlorophyta__streptophyta_845_1_tp_2, Ciliophora_234_1_tp_2, Dinoflagellata_1711_1_tp_2, Dinoflagellata_1968_1_tp_2, Proteobacteria_7319_1_tp_2, Proteobacteria_7983_6_tp_2, Verrucomicrobia_22_2_tp_2",0.136255822540748,0.247788614820038
"Chlorophyta__streptophyta_848_1","Bacteroidetes_1360_5_tp_2, Chlorophyta__streptophyta_751_1_tp_2, Cyanobacteria_65_1_tp_2, Dinoflagellata_1017_1_tp_2, Lobosa_11_1_tp_2, Proteobacteria_10114_1_tp_2, Proteobacteria_7100_1_tp_2, Proteobacteria_7289_1_tp_2, Proteobacteria_7319_1_tp_2",0.126422323568124,0.261774237102658
"Chlorophyta__streptophyta_848_1","Bacteroidetes_1186_1_tp_2, Bacteroidetes_1360_3_tp_2, Bacteroidetes_918_1_tp_2, Cryptophyta_15_1_tp_2, Dinoflagellata_1711_1_tp_2, Haptophyta_203_1_tp_2, Proteobacteria_11429_2_tp_2, Proteobacteria_7316_1_tp_2, Verrucomicrobia_18_3_tp_2",0.019545357814721,0.284044837494638
"Chlorophyta__streptophyta_848_1","Bacillariophyta_100_1_tp_2, Planctomycetes_34_1_tp_2, Planctomycetes_61_1_tp_2, Proteobacteria_7316_1_tp_2, Proteobacteria_7983_4_tp_2, Proteobacteria_8185_1_tp_2, Proteobacteria_9681_2_tp_2, Raphidophyceae_3_1_tp_2, Verrucomicrobia_18_1_tp_2",0.1743250938378,0.28054570149262
"Chlorophyta__streptophyta_848_1","Archaea_179_1_tp_2, Bacillariophyta_123_1_tp_2, Cercozoa_22_1_tp_2, Chlorophyta__streptophyta_751_1_tp_2, Ciliophora_403_1_tp_2, Div_reps_1600_2_tp_2, Proteobacteria_11429_2_tp_2, Proteobacteria_5436_1_tp_2, Proteobacteria_9649_1_tp_2",0.151822978064291,0.256563929244663
"Chlorophyta__streptophyta_848_1","Bacillariophyta_138_1_tp_2, Bacteroidetes_1235_1_tp_2, Bacteroidetes_918_3_tp_2, Phylum_reps_1985_1_tp_2, Planctomycetes_61_1_tp_2, Proteobacteria_11155_1_tp_2, Proteobacteria_7983_8_tp_2, Proteobacteria_8178_1_tp_2, Verrucomicrobia_18_2_tp_2",0.218123243600679,0.242708776827205
"Chlorophyta__streptophyta_848_1","Bacteroidetes_919_1_tp_2, Ciliophora_234_1_tp_2, Ciliophora_451_1_tp_2, Dinoflagellata_955_1_tp_2, Proteobacteria_10168_1_tp_2, Proteobacteria_11155_1_tp_2, Proteobacteria_7230_2_tp_2, Proteobacteria_8177_2_tp_2, Proteobacteria_8185_1_tp_2",0.155795032184784,0.242497388260453
"Chlorophyta__streptophyta_848_1","Bacteroidetes_1204_1_tp_2, Bacteroidetes_938_1_tp_2, Chlorophyta__streptophyta_845_1_tp_2, Ciliophora_280_1_tp_2, Dinoflagellata_1098_1_tp_2, Dinoflagellata_1496_1_tp_2, Lobosa_11_1_tp_2, Proteobacteria_11431_1_tp_2, Proteobacteria_6847_1_tp_2",0.229202744538549,0.252926535595859
"Chlorophyta__streptophyta_848_1","Actinobacteria_410_2_tp_2, Archaea_164_1_tp_2, Bacteroidetes_1235_1_tp_2, Bacteroidetes_1360_5_tp_2, Dinoflagellata_1017_1_tp_2, Dinoflagellata_1771_2_tp_2, Proteobacteria_11210_2_tp_2, Proteobacteria_5436_1_tp_2, Verrucomicrobia_18_1_tp_2",0.102910259175139,0.294234221638173
"Chlorophyta__streptophyta_848_1","Archaea_164_1_tp_2, Bacteroidetes_956_1_tp_2, Ciliophora_403_1_tp_2, Cyanobacteria_85_1_tp_2, Dinoflagellata_1728_2_tp_2, Dinoflagellata_1793_1_tp_2, Div_reps_1600_1_tp_2, Phylum_reps_1954_1_tp_2, Proteobacteria_9649_1_tp_2",0.188222264019536,0.223760912015723
"Chlorophyta__streptophyta_848_1","Bacteroidetes_1194_1_tp_2, Dinoflagellata_1658_1_tp_2, Dinoflagellata_1728_2_tp_2, Dinoflagellata_1771_2_tp_2, Proteobacteria_5436_1_tp_2, Proteobacteria_7295_1_tp_2, Proteobacteria_7982_2_tp_2, Proteobacteria_8175_1_tp_2, Proteobacteria_8177_1_tp_2",0.169103056904517,0.23321263828541
"Chlorophyta__streptophyta_848_1","Bacteroidetes_918_2_tp_2, Bacteroidetes_918_4_tp_2, Bacteroidetes_919_1_tp_2, Cyanobacteria_73_1_tp_2, Dinoflagellata_1198_1_tp_2, Dinoflagellata_1758_1_tp_2, Proteobacteria_7295_1_tp_2, Proteobacteria_7313_1_tp_2, Proteobacteria_9649_1_tp_2",0.0718300024192529,0.243736567128727
"Chlorophyta__streptophyta_848_1","Bacteroidetes_919_2_tp_2, Dinoflagellata_955_1_tp_2, Proteobacteria_22_1_tp_2, Proteobacteria_5436_1_tp_2, Proteobacteria_6384_1_tp_2, Proteobacteria_7174_1_tp_2, Proteobacteria_7983_5_tp_2, Proteobacteria_7983_6_tp_2, Proteobacteria_7984_1_tp_2",0.0782748205563556,0.25803482288123
"Chlorophyta__streptophyta_848_1","Actinobacteria_410_2_tp_2, Ciliophora_403_1_tp_2, Cryptophyta_108_1_tp_2, Dinoflagellata_1496_1_tp_2, Dinoflagellata_982_1_tp_2, Proteobacteria_10114_1_tp_2, Proteobacteria_8175_1_tp_2, Proteobacteria_8176_2_tp_2, Verrucomicrobia_18_3_tp_2",0.1707673018303,0.263307379498876
"Chlorophyta__streptophyta_848_1","Bacteroidetes_918_3_tp_2, Bacteroidetes_919_1_tp_2, Cryptophyta_108_1_tp_2, Cyanobacteria_85_1_tp_2, Dinoflagellata_1017_1_tp_2, Dinoflagellata_1771_1_tp_2, Proteobacteria_7982_2_tp_2, Proteobacteria_7983_7_tp_2, Proteobacteria_8177_2_tp_2",0.0727429681736579,0.234175211986694
"Chlorophyta__streptophyta_848_1","Bacteroidetes_1178_1_tp_2, Bacteroidetes_1360_1_tp_2, Bacteroidetes_1360_3_tp_2, Bacteroidetes_1360_4_tp_2, Dinoflagellata_124_1_tp_2, Proteobacteria_11155_1_tp_2, Proteobacteria_11155_2_tp_2, Proteobacteria_11428_1_tp_2, Proteobacteria_7230_1_tp_2",0.0841642519421948,0.257784836473376
"Chlorophyta__streptophyta_848_1","Bacillariophyta_100_1_tp_2, Bacteroidetes_1178_1_tp_2, Cryptophyta_15_1_tp_2, Haptophyta_148_1_tp_2, Haptophyta_203_1_tp_2, Planctomycetes_34_1_tp_2, Proteobacteria_6384_1_tp_2, Proteobacteria_7166_1_tp_2, Proteobacteria_8176_1_tp_2",0.220802001580058,0.241715726316963
"Chlorophyta__streptophyta_848_1","Chlorophyta__streptophyta_732_1_tp_2, Ciliophora_451_1_tp_2, Dinoflagellata_1010_1_tp_2, Dinoflagellata_1014_1_tp_2, Dinoflagellata_1771_2_tp_2, Dinoflagellata_1862_1_tp_2, Proteobacteria_11431_2_tp_2, Proteobacteria_7174_1_tp_2, Proteobacteria_7314_1_tp_2",0.260930602561423,0.221014289045548
"Chlorophyta__streptophyta_848_1","Chlorophyta__streptophyta_833_1_tp_2, Cryptophyta_108_1_tp_2, Cryptophyta_15_1_tp_2, Cyanobacteria_85_1_tp_2, Div_reps_1600_1_tp_2, Haptophyta_148_1_tp_2, Proteobacteria_7983_2_tp_2, Proteobacteria_8178_1_tp_2, Proteobacteria_9681_1_tp_2",0.199668827576372,0.227122444986959
"Chlorophyta__streptophyta_848_1","Archaea_164_1_tp_2, Bacteroidetes_1166_1_tp_2, Bacteroidetes_129_1_tp_2, Bacteroidetes_1360_2_tp_2, Cercozoa_22_1_tp_2, Chlorophyta__streptophyta_845_1_tp_2, Proteobacteria_11429_4_tp_2, Proteobacteria_8177_2_tp_2, Verrucomicrobia_23_1_tp_2",0.0903917943530095,0.237060420941026
"Chlorophyta__streptophyta_848_1","Bacteroidetes_1360_3_tp_2, Bacteroidetes_1360_5_tp_2, Chlorophyta__streptophyta_751_1_tp_2, Dinoflagellata_1009_1_tp_2, Dinoflagellata_1496_1_tp_2, Dinoflagellata_1771_1_tp_2, Proteobacteria_7313_1_tp_2, Proteobacteria_7364_1_tp_2, Verrucomicrobia_18_2_tp_2",0.215424836368422,0.239023596742943
"Chlorophyta__streptophyta_848_1","Bacillariophyta_29_1_tp_2, Chlorophyta__streptophyta_120_1_tp_2, Ciliophora_298_1_tp_2, Dinoflagellata_1496_1_tp_2, Proteobacteria_7166_1_tp_2, Proteobacteria_7231_1_tp_2, Proteobacteria_8520_1_tp_2, Proteobacteria_9681_2_tp_2, temperature_tp_2",0.16428431896786,0.219898532468206
"Chlorophyta__streptophyta_848_1","Bacteroidetes_1249_1_tp_2, Bacteroidetes_1349_1_tp_2, Bacteroidetes_938_1_tp_2, Dinoflagellata_1555_1_tp_2, Dinoflagellata_874_1_tp_2, Dinoflagellata_955_1_tp_2, Proteobacteria_7230_2_tp_2, Proteobacteria_7984_1_tp_2, Verrucomicrobia_18_4_tp_2",0.126167929568685,0.23961982137204
"Chlorophyta__streptophyta_848_1","Bacteroidetes_1178_1_tp_2, Cyanobacteria_73_1_tp_2, Dinoflagellata_1711_1_tp_2, Dinoflagellata_1968_1_tp_2, Katablepharidophyta_7_1_tp_2, Proteobacteria_11120_1_tp_2, Proteobacteria_11429_1_tp_2, Proteobacteria_7983_8_tp_2, Radiolaria_104_1_tp_2",0.301822890111344,0.210838908534497
"Chlorophyta__streptophyta_848_1","Bacillariophyta_44_1_tp_2, Bacteroidetes_1224_1_tp_2, Chlorophyta__streptophyta_895_1_tp_2, Dinoflagellata_1014_1_tp_2, Dinoflagellata_1749_1_tp_2, Dinoflagellata_1793_1_tp_2, Proteobacteria_6384_1_tp_2, Proteobacteria_7289_1_tp_2, Proteobacteria_7983_7_tp_2",0.178992587669716,0.24496926537986
"Chlorophyta__streptophyta_848_1","Ciliophora_1195_1_tp_2, Dinoflagellata_1658_1_tp_2, Dinoflagellata_1758_1_tp_2, Perkinsea_44_1_tp_2, Planctomycetes_61_1_tp_2, Proteobacteria_6847_1_tp_2, Proteobacteria_7983_1_tp_2, Proteobacteria_7984_1_tp_2, Verrucomicrobia_18_1_tp_2",0.192446819432976,0.234716962723093
"Chlorophyta__streptophyta_848_1","Bacteroidetes_1264_1_tp_2, Ciliophora_1195_1_tp_2, Dinoflagellata_1728_2_tp_2, Katablepharidophyta_7_1_tp_2, Planctomycetes_34_1_tp_2, Proteobacteria_11431_2_tp_2, Proteobacteria_7174_1_tp_2, Proteobacteria_7316_1_tp_2, Proteobacteria_7983_8_tp_2",0.174891548687051,0.282620483582852
"Chlorophyta__streptophyta_848_1","Bacillariophyta_44_1_tp_2, Dinoflagellata_1658_1_tp_2, Dinoflagellata_1728_2_tp_2, Planctomycetes_34_1_tp_2, Proteobacteria_10091_1_tp_2, Proteobacteria_7100_1_tp_2, Proteobacteria_7314_1_tp_2, Sagenista_53_1_tp_2, Sagenista_61_1_tp_2",0.209236074008833,0.234512743449487
"Chlorophyta__streptophyta_848_1","Bacteroidetes_1166_1_tp_2, Bacteroidetes_1166_2_tp_2, Bacteroidetes_129_2_tp_2, Haptophyta_148_1_tp_2, Proteobacteria_11155_1_tp_2, Proteobacteria_5461_1_tp_2, Proteobacteria_8177_1_tp_2, Pseudofungi_43_1_tp_2, Verrucomicrobia_22_1_tp_2",0.227110507284919,0.234851205619641
"Chlorophyta__streptophyta_848_1","Bacteroidetes_1204_1_tp_2, Bacteroidetes_1249_1_tp_2, Chlorophyta__streptophyta_732_1_tp_2, Dinoflagellata_1010_1_tp_2, Proteobacteria_10114_1_tp_2, Proteobacteria_11429_1_tp_2, Proteobacteria_11429_2_tp_2, Proteobacteria_7231_1_tp_2, Proteobacteria_7364_1_tp_2",0.130555461265761,0.231209673948623
"Chlorophyta__streptophyta_848_1","Bacillariophyta_138_1_tp_2, Cryptophyta_15_1_tp_2, Dinoflagellata_982_1_tp_2, Proteobacteria_11210_2_tp_2, Proteobacteria_11429_4_tp_2, Proteobacteria_11431_1_tp_2, Proteobacteria_5461_1_tp_2, Verrucomicrobia_18_1_tp_2, Verrucomicrobia_23_1_tp_2",0.202304230200285,0.257953794513963
"Chlorophyta__streptophyta_848_1","Actinobacteria_410_1_tp_2, Bacteroidetes_1178_1_tp_2, Cyanobacteria_48_1_tp_2, Cyanobacteria_65_1_tp_2, Dinoflagellata_124_1_tp_2, Dinoflagellata_1542_1_tp_2, Radiolaria_104_1_tp_2, Sagenista_61_1_tp_2, Verrucomicrobia_22_1_tp_2",0.135017899977162,0.243256159798758
"Chlorophyta__streptophyta_848_1","Chrysophyceae_16_1_tp_2, Ciliophora_234_1_tp_2, Dinoflagellata_1711_1_tp_2, Dinoflagellata_874_1_tp_2, Picozoa_18_1_tp_2, Picozoa_6_1_tp_2, Proteobacteria_11428_1_tp_2, Proteobacteria_5436_1_tp_2, Proteobacteria_7289_1_tp_2",0.183138447520142,0.250205198441263
"Chlorophyta__streptophyta_848_1","Bacteroidetes_1235_1_tp_2, Chlorophyta__streptophyta_120_1_tp_2, Ciliophora_1195_1_tp_2, Cryptophyta_15_1_tp_2, Katablepharidophyta_7_1_tp_2, Proteobacteria_10091_1_tp_2, Proteobacteria_11429_1_tp_2, Proteobacteria_7230_3_tp_2, Proteobacteria_7289_1_tp_2",0.129838477731211,0.260519692128028
"Chlorophyta__streptophyta_848_1","Bacillariophyta_44_1_tp_2, Bacteroidetes_129_1_tp_2, Bacteroidetes_1360_5_tp_2, Bacteroidetes_918_5_tp_2, Cyanobacteria_73_1_tp_2, Proteobacteria_10114_1_tp_2, Proteobacteria_6847_1_tp_2, Proteobacteria_7316_1_tp_2, temperature_tp_2",0.171320284741129,0.24676064200003
"Chlorophyta__streptophyta_848_1","Bacteroidetes_1178_1_tp_2, Bacteroidetes_1360_5_tp_2, Proteobacteria_7100_1_tp_2, Proteobacteria_7230_3_tp_2, Proteobacteria_7787_1_tp_2, Proteobacteria_7983_1_tp_2, Proteobacteria_7983_7_tp_2, Proteobacteria_9681_1_tp_2, Proteobacteria_9681_2_tp_2",0.177715477010463,0.249055298218286
"Chlorophyta__streptophyta_848_1","Bacteroidetes_1166_1_tp_2, Bacteroidetes_1249_1_tp_2, Bacteroidetes_918_3_tp_2, Bacteroidetes_956_1_tp_2, Chlorophyta__streptophyta_833_1_tp_2, Ciliophora_451_1_tp_2, Div_reps_2942_1_tp_2, Proteobacteria_7983_8_tp_2, Sagenista_53_1_tp_2",0.201310496604493,0.240476648554998
"Chlorophyta__streptophyta_848_1","Bacillariophyta_44_1_tp_2, Bacteroidetes_1360_2_tp_2, Bacteroidetes_1360_5_tp_2, Bacteroidetes_919_2_tp_2, Proteobacteria_7100_1_tp_2, Proteobacteria_7231_1_tp_2, Proteobacteria_7316_1_tp_2, Proteobacteria_7983_2_tp_2, Verrucomicrobia_23_1_tp_2",0.131857568363217,0.224469224994801
"Chlorophyta__streptophyta_848_1","Bacillariophyta_123_1_tp_2, Bacteroidetes_1166_2_tp_2, Dinoflagellata_1862_1_tp_2, Dinoflagellata_982_1_tp_2, Phylum_reps_1954_1_tp_2, Picozoa_18_1_tp_2, Proteobacteria_10114_1_tp_2, Proteobacteria_8185_1_tp_2, Raphidophyceae_3_1_tp_2",0.187055716127929,0.252679284884849
"Chlorophyta__streptophyta_848_1","Actinobacteria_410_1_tp_2, Archaea_179_1_tp_2, Bacteroidetes_1235_1_tp_2, Bacteroidetes_1264_1_tp_2, Bacteroidetes_131_1_tp_2, Bacteroidetes_1360_2_tp_2, Cyanobacteria_48_1_tp_2, Div_reps_1600_2_tp_2, temperature_tp_2",0.0541122868561378,0.273493065981872
"Chlorophyta__streptophyta_848_1","Bacteroidetes_1360_1_tp_2, Cercozoa_22_1_tp_2, Dinoflagellata_1010_1_tp_2, Dinoflagellata_1198_1_tp_2, Dinoflagellata_1496_1_tp_2, Dinoflagellata_1771_1_tp_2, Div_reps_1600_1_tp_2, Proteobacteria_7314_1_tp_2, Radiolaria_104_1_tp_2",0.302829663291304,0.202445217413842
"Chlorophyta__streptophyta_848_1","Chlorophyta__streptophyta_833_1_tp_2, Chrysophyceae_16_1_tp_2, Dinoflagellata_1769_1_tp_2, Phylum_reps_1985_1_tp_2, Picozoa_18_1_tp_2, Proteobacteria_11429_2_tp_2, Proteobacteria_11431_2_tp_2, Proteobacteria_7983_4_tp_2, Sagenista_53_1_tp_2",0.162099586923061,0.252411722790508
"Chlorophyta__streptophyta_848_1","Archaea_164_1_tp_2, Bacteroidetes_1224_1_tp_2, Bacteroidetes_1349_1_tp_2, Chlorophyta__streptophyta_732_1_tp_2, Chlorophyta__streptophyta_895_1_tp_2, Dinoflagellata_1711_1_tp_2, Dinoflagellata_1968_1_tp_2, Div_reps_1600_1_tp_2, Proteobacteria_7166_1_tp_2",0.259055571420306,0.215029076085795
"Chlorophyta__streptophyta_848_1","Bacteroidetes_1204_1_tp_2, Bacteroidetes_918_3_tp_2, Dinoflagellata_1555_1_tp_2, Haptophyta_148_1_tp_2, Phylum_reps_1954_1_tp_2, Proteobacteria_7983_4_tp_2, Proteobacteria_8176_1_tp_2, Raphidophyceae_3_1_tp_2, Verrucomicrobia_18_3_tp_2",0.166058180023893,0.247194281395092
"Chlorophyta__streptophyta_848_1","Bacteroidetes_129_2_tp_2, Cyanobacteria_85_1_tp_2, Katablepharidophyta_7_1_tp_2, Planctomycetes_34_1_tp_2, Proteobacteria_11429_3_tp_2, Proteobacteria_7174_1_tp_2, Proteobacteria_7230_2_tp_2, Proteobacteria_7289_1_tp_2, Proteobacteria_9649_1_tp_2",0.0449361934359006,0.298325434123806
"Chlorophyta__streptophyta_848_1","Bacteroidetes_1178_1_tp_2, Bacteroidetes_918_5_tp_2, Ciliophora_298_1_tp_2, Cyanobacteria_48_1_tp_2, Cyanobacteria_73_1_tp_2, Dinoflagellata_1010_1_tp_2, Dinoflagellata_1198_1_tp_2, Dinoflagellata_1968_1_tp_2, Dinoflagellata_874_1_tp_2",0.272761690736822,0.223916740772583
"Chlorophyta__streptophyta_848_1","Bacteroidetes_1249_1_tp_2, Bacteroidetes_919_3_tp_2, Ciliophora_234_1_tp_2, Cyanobacteria_48_1_tp_2, Dinoflagellata_1658_1_tp_2, Picozoa_18_1_tp_2, Proteobacteria_11210_1_tp_2, Proteobacteria_22_1_tp_2, Proteobacteria_7174_1_tp_2",0.0338863549943845,0.262421746498625
"Chlorophyta__streptophyta_848_1","Bacteroidetes_918_2_tp_2, Bacteroidetes_919_1_tp_2, Chrysophyceae_16_1_tp_2, Dinoflagellata_1555_1_tp_2, Proteobacteria_6384_1_tp_2, Proteobacteria_7289_1_tp_2, Proteobacteria_7983_8_tp_2, temperature_tp_2, Verrucomicrobia_22_2_tp_2",0.197529838141041,0.234990195824781
"Chlorophyta__streptophyta_848_1","Actinobacteria_410_2_tp_2, Bacillariophyta_100_1_tp_2, Cercozoa_22_1_tp_2, Chlorophyta__streptophyta_751_1_tp_2, Dinoflagellata_1749_1_tp_2, Proteobacteria_5461_1_tp_2, Proteobacteria_7983_2_tp_2, Proteobacteria_7983_8_tp_2, Proteobacteria_8176_2_tp_2",0.278098131391508,0.217467807239471
"Chlorophyta__streptophyta_848_1","Bacillariophyta_100_1_tp_2, Bacteroidetes_1360_2_tp_2, Bacteroidetes_1360_5_tp_2, Bacteroidetes_956_1_tp_2, Ciliophora_298_1_tp_2, Cryptophyta_15_2_tp_2, Dinoflagellata_1010_1_tp_2, Haptophyta_203_1_tp_2, Proteobacteria_11428_1_tp_2",0.109815456259368,0.252184993685493
"Chlorophyta__streptophyta_848_1","Ciliophora_280_1_tp_2, Cryptophyta_15_1_tp_2, Cyanobacteria_48_1_tp_2, Proteobacteria_10091_1_tp_2, Proteobacteria_7314_1_tp_2, Proteobacteria_8178_1_tp_2, Sagenista_53_1_tp_2, Verrucomicrobia_18_3_tp_2, Verrucomicrobia_22_2_tp_2",0.0897618233742671,0.272353381186609
"Chlorophyta__streptophyta_848_1","Actinobacteria_410_1_tp_2, Bacteroidetes_1151_1_tp_2, Bacteroidetes_919_2_tp_2, Chlorophyta__streptophyta_751_1_tp_2, Cyanobacteria_48_1_tp_2, Proteobacteria_10114_1_tp_2, Proteobacteria_11155_2_tp_2, Proteobacteria_11210_1_tp_2, Proteobacteria_8176_2_tp_2",0.0948820602802047,0.284151028103305
"Chlorophyta__streptophyta_848_1","Actinobacteria_410_1_tp_2, Bacteroidetes_129_2_tp_2, Bacteroidetes_131_1_tp_2, Bacteroidetes_1360_5_tp_2, Chlorophyta__streptophyta_833_1_tp_2, Cyanobacteria_73_1_tp_2, Proteobacteria_7295_1_tp_2, Proteobacteria_7316_1_tp_2, Radiolaria_104_1_tp_2",0.207387670194761,0.240426695435747
"Chlorophyta__streptophyta_848_1","Bacteroidetes_1224_1_tp_2, Bacteroidetes_131_1_tp_2, Ciliophora_1195_1_tp_2, Ciliophora_234_1_tp_2, Dinoflagellata_1711_1_tp_2, Dinoflagellata_955_1_tp_2, Dinoflagellata_982_1_tp_2, Proteobacteria_11190_1_tp_2, Proteobacteria_7174_1_tp_2",0.120969431302682,0.229457060100791
"Chlorophyta__streptophyta_848_1","Bacillariophyta_138_1_tp_2, Bacillariophyta_44_1_tp_2, Cryptophyta_108_1_tp_2, Dinoflagellata_955_1_tp_2, Perkinsea_33_1_tp_2, Proteobacteria_11155_1_tp_2, Proteobacteria_7364_1_tp_2, Proteobacteria_7982_1_tp_2, Proteobacteria_7982_2_tp_2",0.226689684474202,0.211968087907944
"Chlorophyta__streptophyta_848_1","Bacteroidetes_1151_1_tp_2, Bacteroidetes_918_2_tp_2, Bacteroidetes_918_5_tp_2, Cercozoa_22_1_tp_2, Chlorophyta__streptophyta_751_1_tp_2, Dinoflagellata_1771_1_tp_2, Phylum_reps_1985_1_tp_2, Proteobacteria_7787_1_tp_2, Raphidophyceae_3_1_tp_2",0.100932786087949,0.244122123239686
"Chlorophyta__streptophyta_848_1","Bacteroidetes_1224_1_tp_2, Bacteroidetes_1249_1_tp_2, Bacteroidetes_918_1_tp_2, Nitrospirae_9_1_tp_2, Proteobacteria_10091_1_tp_2, Proteobacteria_11429_3_tp_2, Proteobacteria_7295_1_tp_2, Proteobacteria_8178_1_tp_2, Proteobacteria_8185_1_tp_2",-0.00831459235822805,0.250455415021663
"Chlorophyta__streptophyta_848_1","Bacillariophyta_196_1_tp_2, Bacteroidetes_1194_1_tp_2, Bacteroidetes_1235_1_tp_2, Bacteroidetes_918_2_tp_2, Cyanobacteria_65_1_tp_2, Dinoflagellata_1771_1_tp_2, Dinoflagellata_874_1_tp_2, Haptophyta_148_1_tp_2, Proteobacteria_8177_1_tp_2",0.197352695215682,0.243905348692248
"Chlorophyta__streptophyta_848_1","Bacteroidetes_1349_1_tp_2, Cercozoa_23_1_tp_2, Dinoflagellata_1758_1_tp_2, Proteobacteria_7100_1_tp_2, Proteobacteria_7230_1_tp_2, Proteobacteria_7231_1_tp_2, Proteobacteria_7364_1_tp_2, Proteobacteria_9681_2_tp_2, Sagenista_53_1_tp_2",0.170734471514895,0.230148107305879
"Chlorophyta__streptophyta_848_1","Archaea_164_1_tp_2, Bacillariophyta_100_1_tp_2, Bacteroidetes_1166_1_tp_2, Bacteroidetes_1360_2_tp_2, Bacteroidetes_956_1_tp_2, Cyanobacteria_85_1_tp_2, Planctomycetes_27_1_tp_2, Verrucomicrobia_18_1_tp_2, Verrucomicrobia_22_1_tp_2",0.0916696657773248,0.245467748884011
"Chlorophyta__streptophyta_848_1","Bacteroidetes_1224_1_tp_2, Cercozoa_23_1_tp_2, Chlorophyta__streptophyta_845_1_tp_2, Proteobacteria_11429_2_tp_2, Proteobacteria_6847_1_tp_2, Proteobacteria_7364_1_tp_2, Proteobacteria_7983_6_tp_2, Sagenista_61_1_tp_2, Verrucomicrobia_22_1_tp_2",0.0713246692928007,0.250568017714862
"Chlorophyta__streptophyta_848_1","Bacteroidetes_317_1_tp_2, Bacteroidetes_956_1_tp_2, Dictyochophyceae_6_1_tp_2, Dinoflagellata_1010_1_tp_2, Dinoflagellata_1862_1_tp_2, Proteobacteria_10168_1_tp_2, Proteobacteria_11428_1_tp_2, Proteobacteria_7983_3_tp_2, Proteobacteria_8176_2_tp_2",0.0976523658268693,0.236941194858851
"Chlorophyta__streptophyta_848_1","Bacteroidetes_1224_1_tp_2, Bacteroidetes_1249_1_tp_2, Bacteroidetes_1264_1_tp_2, Bacteroidetes_129_2_tp_2, Bacteroidetes_919_2_tp_2, Bacteroidetes_938_1_tp_2, Dinoflagellata_1749_1_tp_2, Proteobacteria_11429_2_tp_2, Proteobacteria_7313_1_tp_2",0.113604391797399,0.263738671426731
"Chlorophyta__streptophyta_848_1","Bacteroidetes_1360_1_tp_2, Cercozoa_395_1_tp_2, Dinoflagellata_1728_2_tp_2, Dinoflagellata_1771_2_tp_2, Lobosa_11_1_tp_2, Phylum_reps_2301_1_tp_2, Proteobacteria_7230_2_tp_2, Proteobacteria_7289_1_tp_2, Proteobacteria_9649_1_tp_2",0.232109924146031,0.22171500346919
"Chlorophyta__streptophyta_848_1","Archaea_164_1_tp_2, Bacteroidetes_1235_1_tp_2, Bacteroidetes_1349_1_tp_2, Cercozoa_22_1_tp_2, Dinoflagellata_1198_1_tp_2, Dinoflagellata_1769_1_tp_2, Dinoflagellata_1771_2_tp_2, Proteobacteria_7983_1_tp_2, temperature_tp_2",0.117184977881149,0.229849737028453
"Chlorophyta__streptophyta_848_1","Bacteroidetes_1186_1_tp_2, Bacteroidetes_131_1_tp_2, Bacteroidetes_317_1_tp_2, Chlorophyta__streptophyta_751_1_tp_2, Cyanobacteria_85_1_tp_2, Dinoflagellata_1555_1_tp_2, Proteobacteria_7787_1_tp_2, Proteobacteria_8177_1_tp_2, Proteobacteria_9681_1_tp_2",0.0495293132034217,0.262973839384068
"Chlorophyta__streptophyta_848_1","Bacillariophyta_31_1_tp_2, Bacteroidetes_1360_3_tp_2, Dinoflagellata_1758_1_tp_2, Proteobacteria_11428_1_tp_2, Proteobacteria_11431_1_tp_2, Proteobacteria_8177_2_tp_2, Proteobacteria_8520_1_tp_2, Proteobacteria_9681_2_tp_2, Verrucomicrobia_18_3_tp_2",0.14312752751681,0.2363275105289
"Chlorophyta__streptophyta_848_1","Archaea_179_1_tp_2, Bacillariophyta_44_1_tp_2, Bacteroidetes_1167_1_tp_2, Chlorophyta__streptophyta_833_1_tp_2, Ciliophora_280_1_tp_2, Proteobacteria_11429_1_tp_2, Proteobacteria_22_1_tp_2, Proteobacteria_8176_2_tp_2, Raphidophyceae_3_1_tp_2",0.187922975274036,0.23043639560052
"Chlorophyta__streptophyta_848_1","Archaea_179_1_tp_2, Bacteroidetes_1166_1_tp_2, Chlorophyta__streptophyta_751_1_tp_2, Ciliophora_451_1_tp_2, Cyanobacteria_73_1_tp_2, Dictyochophyceae_6_1_tp_2, Proteobacteria_11431_2_tp_2, Proteobacteria_7984_1_tp_2, temperature_tp_2",0.0654559648631939,0.268921015050539
"Chlorophyta__streptophyta_848_1","Archaea_179_1_tp_2, Bacteroidetes_918_1_tp_2, Dinoflagellata_1728_1_tp_2, Haptophyta_148_1_tp_2, Perkinsea_33_1_tp_2, Proteobacteria_11429_1_tp_2, Proteobacteria_11431_1_tp_2, Proteobacteria_8177_2_tp_2, Verrucomicrobia_22_1_tp_2",0.199467800053301,0.224137168540062
"Chlorophyta__streptophyta_848_1","Ciliophora_298_1_tp_2, Cyanobacteria_48_1_tp_2, Dinoflagellata_1198_1_tp_2, Dinoflagellata_1769_1_tp_2, Div_reps_1600_1_tp_2, Nitrospirae_9_1_tp_2, Proteobacteria_7983_5_tp_2, Proteobacteria_8176_1_tp_2, Verrucomicrobia_23_1_tp_2",0.155480887589828,0.225050604536144
"Chlorophyta__streptophyta_848_1","Bacillariophyta_100_1_tp_2, Bacteroidetes_1167_1_tp_2, Bacteroidetes_918_1_tp_2, Ciliophora_403_1_tp_2, Dinoflagellata_1198_1_tp_2, Planctomycetes_27_1_tp_2, Proteobacteria_7983_3_tp_2, Proteobacteria_7983_4_tp_2, Verrucomicrobia_18_3_tp_2",0.161565470354826,0.244634777523043
"Chlorophyta__streptophyta_848_1","Bacillariophyta_100_1_tp_2, Bacteroidetes_1264_1_tp_2, Bacteroidetes_317_1_tp_2, Picozoa_6_1_tp_2, Planctomycetes_61_1_tp_2, Proteobacteria_10091_1_tp_2, Proteobacteria_11210_2_tp_2, Verrucomicrobia_18_1_tp_2, Verrucomicrobia_18_3_tp_2",0.201453495686691,0.245178916760679
"Chlorophyta__streptophyta_848_1","Bacillariophyta_219_1_tp_2, Bacteroidetes_918_5_tp_2, Chlorophyta__streptophyta_120_1_tp_2, Chlorophyta__streptophyta_833_1_tp_2, Dinoflagellata_124_1_tp_2, Planctomycetes_61_1_tp_2, Proteobacteria_10091_1_tp_2, Proteobacteria_7231_1_tp_2, Proteobacteria_7983_1_tp_2",0.0554193272165387,0.253249688191222
"Chlorophyta__streptophyta_848_1","Actinobacteria_410_2_tp_2, Bacteroidetes_1151_1_tp_2, Bacteroidetes_1264_1_tp_2, Cryptophyta_108_1_tp_2, Lobosa_11_1_tp_2, Proteobacteria_10091_1_tp_2, Proteobacteria_7983_8_tp_2, Proteobacteria_9681_1_tp_2, temperature_tp_2",-0.0257862674528699,0.284117090876654
"Chlorophyta__streptophyta_848_1","Bacteroidetes_1204_1_tp_2, Bacteroidetes_129_2_tp_2, Ciliophora_451_1_tp_2, Dinoflagellata_1198_1_tp_2, Dinoflagellata_1771_1_tp_2, Haptophyta_148_1_tp_2, Proteobacteria_6847_1_tp_2, Raphidophyceae_3_1_tp_2, Verrucomicrobia_23_1_tp_2",0.249176825710429,0.228709766001877
"Chlorophyta__streptophyta_848_1","Bacteroidetes_1249_1_tp_2, Bacteroidetes_1360_2_tp_2, Bacteroidetes_1360_4_tp_2, Chlorophyta__streptophyta_120_1_tp_2, Dinoflagellata_1711_1_tp_2, Dinoflagellata_1771_2_tp_2, Proteobacteria_7983_5_tp_2, Proteobacteria_8178_1_tp_2, Proteobacteria_8185_1_tp_2",0.0734067866257484,0.241950429769641
"Chlorophyta__streptophyta_848_1","Bacillariophyta_196_1_tp_2, Bacillariophyta_219_1_tp_2, Bacteroidetes_1178_1_tp_2, Bacteroidetes_317_1_tp_2, Bacteroidetes_918_5_tp_2, Proteobacteria_10091_1_tp_2, Proteobacteria_11431_2_tp_2, Proteobacteria_7984_1_tp_2, Verrucomicrobia_23_1_tp_2",0.210419741110021,0.22713320144826
"Chlorophyta__streptophyta_848_1","Bacillariophyta_29_1_tp_2, Bacteroidetes_1235_1_tp_2, Bacteroidetes_1360_1_tp_2, Cyanobacteria_65_1_tp_2, Dinoflagellata_1014_1_tp_2, Dinoflagellata_982_1_tp_2, Haptophyta_203_1_tp_2, Proteobacteria_7313_1_tp_2, Proteobacteria_7316_1_tp_2",0.128999002342587,0.274893526720365
"Chlorophyta__streptophyta_848_1","Bacillariophyta_123_1_tp_2, Bacteroidetes_129_1_tp_2, Chlorophyta__streptophyta_895_1_tp_2, Dinoflagellata_1496_1_tp_2, Proteobacteria_7314_1_tp_2, Proteobacteria_7982_1_tp_2, Proteobacteria_7983_2_tp_2, Verrucomicrobia_18_3_tp_2, Verrucomicrobia_18_4_tp_2",0.158388100668539,0.251572476204093
"Chlorophyta__streptophyta_848_1","Archaea_179_1_tp_2, Bacillariophyta_196_1_tp_2, Bacteroidetes_1360_3_tp_2, Bacteroidetes_1360_4_tp_2, Bacteroidetes_918_4_tp_2, Bacteroidetes_919_1_tp_2, Dinoflagellata_1728_1_tp_2, Katablepharidophyta_7_1_tp_2, Proteobacteria_7982_1_tp_2",0.0642051507076951,0.254604318957102
"Chlorophyta__streptophyta_848_1","Archaea_164_2_tp_2, Bacteroidetes_1249_1_tp_2, Bacteroidetes_1360_5_tp_2, Nitrospirae_9_1_tp_2, Perkinsea_44_1_tp_2, Proteobacteria_7295_1_tp_2, Proteobacteria_7983_1_tp_2, Proteobacteria_9681_2_tp_2, Verrucomicrobia_22_1_tp_2",-0.0237813841707834,0.252515131910586
"Chlorophyta__streptophyta_848_1","Bacteroidetes_1167_1_tp_2, Bacteroidetes_1360_2_tp_2, Cercozoa_395_1_tp_2, Div_reps_1600_2_tp_2, Lobosa_11_1_tp_2, Perkinsea_44_1_tp_2, Proteobacteria_7174_1_tp_2, Proteobacteria_7230_1_tp_2, Rhodophyta_506_1_tp_2",0.252011392202128,0.208556059048906
"Chlorophyta__streptophyta_848_1","Bacteroidetes_1194_1_tp_2, Cryptophyta_15_2_tp_2, Dinoflagellata_1728_2_tp_2, Proteobacteria_10168_1_tp_2, Proteobacteria_11190_1_tp_2, Proteobacteria_11428_1_tp_2, Proteobacteria_7983_1_tp_2, Proteobacteria_8520_1_tp_2, Verrucomicrobia_18_1_tp_2",0.0606522783425371,0.247621791195393
"Chlorophyta__streptophyta_848_1","Actinobacteria_410_1_tp_2, Bacteroidetes_1360_4_tp_2, Bacteroidetes_938_1_tp_2, Ciliophora_234_1_tp_2, Dictyochophyceae_6_1_tp_2, Proteobacteria_11155_1_tp_2, Proteobacteria_11190_1_tp_2, Proteobacteria_7983_4_tp_2, Proteobacteria_7983_5_tp_2",0.0793650655382642,0.264983461343798
"Chlorophyta__streptophyta_848_1","Actinobacteria_410_2_tp_2, Bacteroidetes_1178_1_tp_2, Bacteroidetes_129_2_tp_2, Bacteroidetes_919_3_tp_2, Ciliophora_280_1_tp_2, Dinoflagellata_1098_1_tp_2, Picozoa_18_1_tp_2, Proteobacteria_11210_1_tp_2, Radiolaria_104_1_tp_2",0.210230645130327,0.248478423654852
"Chlorophyta__streptophyta_848_1","Archaea_164_2_tp_2, Bacteroidetes_1151_1_tp_2, Bacteroidetes_1264_1_tp_2, Bacteroidetes_1360_1_tp_2, Ciliophora_280_1_tp_2, Dinoflagellata_1749_1_tp_2, Haptophyta_203_1_tp_2, Picozoa_18_1_tp_2, Proteobacteria_7230_3_tp_2",0.161428390763649,0.247120335852536
"Chlorophyta__streptophyta_848_1","Bacillariophyta_138_1_tp_2, Bacteroidetes_131_1_tp_2, Dinoflagellata_1769_1_tp_2, Proteobacteria_11155_1_tp_2, Proteobacteria_11429_4_tp_2, Proteobacteria_7230_1_tp_2, Proteobacteria_7982_2_tp_2, Proteobacteria_8176_2_tp_2, Raphidophyceae_3_1_tp_2",0.0930415309850293,0.240086987634826
"Chlorophyta__streptophyta_848_1","Bacillariophyta_219_1_tp_2, Bacteroidetes_1204_1_tp_2, Cercozoa_22_1_tp_2, Dinoflagellata_1009_1_tp_2, Div_reps_2942_1_tp_2, Perkinsea_44_1_tp_2, Proteobacteria_10114_1_tp_2, Raphidophyceae_3_1_tp_2, Sagenista_61_1_tp_2",0.252287097798724,0.220895264253862
"Chlorophyta__streptophyta_848_1","Bacteroidetes_1194_1_tp_2, Bacteroidetes_129_1_tp_2, Dinoflagellata_1014_1_tp_2, Proteobacteria_11210_2_tp_2, Proteobacteria_6847_1_tp_2, Raphidophyceae_3_1_tp_2, Rhodophyta_506_1_tp_2, Sagenista_53_1_tp_2, Verrucomicrobia_18_1_tp_2",0.146500442549933,0.278036548348968
"Chlorophyta__streptophyta_848_1","Archaea_164_2_tp_2, Bacteroidetes_1360_5_tp_2, Ciliophora_1195_1_tp_2, Cyanobacteria_85_1_tp_2, Dinoflagellata_1749_1_tp_2, Proteobacteria_6384_1_tp_2, Proteobacteria_8176_2_tp_2, Proteobacteria_9649_1_tp_2, Verrucomicrobia_18_1_tp_2",0.21405880525423,0.238890664405963
"Chlorophyta__streptophyta_848_1","Actinobacteria_410_1_tp_2, Ciliophora_403_1_tp_2, Dinoflagellata_1542_1_tp_2, Div_reps_2942_1_tp_2, Planctomycetes_61_1_tp_2, Proteobacteria_7787_1_tp_2, Proteobacteria_7982_2_tp_2, Proteobacteria_7983_1_tp_2, Pseudofungi_43_1_tp_2",0.290132825653906,0.22643176182619
"Chlorophyta__streptophyta_848_1","Bacillariophyta_138_1_tp_2, Bacteroidetes_1166_1_tp_2, Bacteroidetes_1264_1_tp_2, Chrysophyceae_16_1_tp_2, Dinoflagellata_1098_1_tp_2, Dinoflagellata_1749_1_tp_2, Proteobacteria_11431_2_tp_2, Proteobacteria_7787_1_tp_2, Pseudofungi_43_1_tp_2",0.198704555652958,0.244240540760727
"Chlorophyta__streptophyta_848_1","Bacteroidetes_1151_1_tp_2, Bacteroidetes_129_2_tp_2, Bacteroidetes_131_1_tp_2, Bacteroidetes_938_1_tp_2, Chlorophyta__streptophyta_895_1_tp_2, Cryptophyta_15_2_tp_2, Proteobacteria_7983_2_tp_2, Pseudofungi_43_1_tp_2, Verrucomicrobia_22_1_tp_2",0.11869738541851,0.250841574849966
"Chlorophyta__streptophyta_848_1","Bacillariophyta_138_1_tp_2, Bacteroidetes_129_1_tp_2, Bacteroidetes_918_5_tp_2, Chlorophyta__streptophyta_732_1_tp_2, Ciliophora_298_1_tp_2, Dictyochophyceae_6_1_tp_2, Div_reps_2942_1_tp_2, Picozoa_6_1_tp_2, Proteobacteria_11120_1_tp_2",0.264813485916727,0.220827162581969
"Chlorophyta__streptophyta_848_1","Bacillariophyta_219_1_tp_2, Bacteroidetes_131_1_tp_2, Cercozoa_291_1_tp_2, Ciliophora_234_1_tp_2, Cryptophyta_108_1_tp_2, Cyanobacteria_73_1_tp_2, Proteobacteria_11429_1_tp_2, Proteobacteria_9649_1_tp_2, Pseudofungi_43_1_tp_2",0.281705788892541,0.221013936438377
"Chlorophyta__streptophyta_848_1","Archaea_179_1_tp_2, Bacillariophyta_100_1_tp_2, Bacillariophyta_44_1_tp_2, Dinoflagellata_1793_1_tp_2, Dinoflagellata_1968_1_tp_2, Div_reps_1600_1_tp_2, Katablepharidophyta_7_1_tp_2, Proteobacteria_10091_1_tp_2, Proteobacteria_11429_1_tp_2",0.0857502578463287,0.263763344065981
"Chlorophyta__streptophyta_848_1","Actinobacteria_410_1_tp_2, Bacteroidetes_1178_1_tp_2, Cryptophyta_108_1_tp_2, Cyanobacteria_85_1_tp_2, Planctomycetes_61_1_tp_2, Proteobacteria_11429_4_tp_2, Proteobacteria_6384_1_tp_2, Proteobacteria_8178_1_tp_2, Verrucomicrobia_18_2_tp_2",0.105198888784789,0.249843722054853
"Chlorophyta__streptophyta_848_1","Archaea_179_1_tp_2, Bacteroidetes_1166_2_tp_2, Bacteroidetes_129_1_tp_2, Dictyochophyceae_6_1_tp_2, Dinoflagellata_1793_1_tp_2, Lobosa_11_1_tp_2, Proteobacteria_10168_1_tp_2, Proteobacteria_7983_6_tp_2, Proteobacteria_8176_2_tp_2",0.0573227984197069,0.252096314417996
"Chlorophyta__streptophyta_848_1","Bacteroidetes_1204_1_tp_2, Bacteroidetes_1360_5_tp_2, Chlorophyta__streptophyta_833_1_tp_2, Dinoflagellata_1017_1_tp_2, Lobosa_11_1_tp_2, Proteobacteria_5436_1_tp_2, Proteobacteria_7231_1_tp_2, Proteobacteria_7983_3_tp_2, Rhodophyta_506_1_tp_2",0.0817095040040559,0.245883435600611
"Chlorophyta__streptophyta_848_1","Bacteroidetes_1166_1_tp_2, Bacteroidetes_1194_1_tp_2, Ciliophora_451_1_tp_2, Haptophyta_203_1_tp_2, Proteobacteria_11428_1_tp_2, Proteobacteria_11429_4_tp_2, Proteobacteria_7983_5_tp_2, Proteobacteria_7983_8_tp_2, Proteobacteria_8177_1_tp_2",0.169777359752174,0.234304413332297
"Chlorophyta__streptophyta_848_1","Actinobacteria_410_2_tp_2, Bacillariophyta_44_1_tp_2, Bacteroidetes_1360_3_tp_2, Cyanobacteria_73_1_tp_2, Div_reps_1600_2_tp_2, Perkinsea_33_1_tp_2, Perkinsea_44_1_tp_2, Proteobacteria_11155_1_tp_2, Proteobacteria_7983_3_tp_2",0.19080922761564,0.222701228665523
"Chlorophyta__streptophyta_848_1","Bacteroidetes_1166_1_tp_2, Bacteroidetes_1194_1_tp_2, Bacteroidetes_129_2_tp_2, Ciliophora_280_1_tp_2, Div_reps_1600_1_tp_2, Proteobacteria_7314_1_tp_2, Proteobacteria_9681_1_tp_2, Pseudofungi_43_1_tp_2, Verrucomicrobia_18_4_tp_2",0.178086134108105,0.246344755649479
"Chlorophyta__streptophyta_848_1","Bacteroidetes_1151_1_tp_2, Cryptophyta_15_2_tp_2, Dictyochophyceae_6_1_tp_2, Dinoflagellata_874_1_tp_2, Haptophyta_148_1_tp_2, Phylum_reps_2301_1_tp_2, Proteobacteria_11155_2_tp_2, Proteobacteria_7166_1_tp_2, Pseudofungi_43_1_tp_2",0.0891863860344578,0.244925390107664
"Chlorophyta__streptophyta_848_1","Bacteroidetes_1360_5_tp_2, Bacteroidetes_918_3_tp_2, Bacteroidetes_919_1_tp_2, Ciliophora_280_1_tp_2, Ciliophora_451_1_tp_2, Dinoflagellata_955_1_tp_2, Proteobacteria_5436_1_tp_2, Proteobacteria_7230_3_tp_2, Proteobacteria_9681_1_tp_2",0.179836674140782,0.228863411568409
"Chlorophyta__streptophyta_848_1","Bacillariophyta_219_1_tp_2, Bacteroidetes_1224_1_tp_2, Ciliophora_403_1_tp_2, Div_reps_2942_1_tp_2, Proteobacteria_11429_1_tp_2, Proteobacteria_5461_1_tp_2, Proteobacteria_7787_1_tp_2, Proteobacteria_7982_2_tp_2, Radiolaria_104_1_tp_2",0.266996031011366,0.221937333822959
"Chlorophyta__streptophyta_848_1","Actinobacteria_410_1_tp_2, Bacteroidetes_1166_2_tp_2, Bacteroidetes_1194_1_tp_2, Bacteroidetes_918_3_tp_2, Proteobacteria_10114_1_tp_2, Proteobacteria_11155_2_tp_2, Proteobacteria_7316_1_tp_2, Proteobacteria_8177_1_tp_2, Verrucomicrobia_18_1_tp_2",0.22044926221076,0.237636087086748
"Chlorophyta__streptophyta_848_1","Archaea_164_1_tp_2, Bacillariophyta_29_1_tp_2, Dinoflagellata_1555_1_tp_2, Div_reps_2942_1_tp_2, Proteobacteria_11155_1_tp_2, Proteobacteria_11429_3_tp_2, Proteobacteria_11431_2_tp_2, Proteobacteria_7230_2_tp_2, Proteobacteria_9681_1_tp_2",0.136695199238756,0.290147151967304
"Chlorophyta__streptophyta_848_1","Bacillariophyta_123_1_tp_2, Bacteroidetes_1186_1_tp_2, Chlorophyta__streptophyta_895_1_tp_2, Cyanobacteria_65_1_tp_2, Dinoflagellata_1010_1_tp_2, Proteobacteria_6847_1_tp_2, Proteobacteria_7983_4_tp_2, Proteobacteria_9681_1_tp_2, Verrucomicrobia_18_2_tp_2",0.0889064315448655,0.246436011023575
"Chlorophyta__streptophyta_848_1","Archaea_179_1_tp_2, Bacillariophyta_123_1_tp_2, Chlorophyta__streptophyta_732_1_tp_2, Ciliophora_280_1_tp_2, Perkinsea_33_1_tp_2, Proteobacteria_11210_2_tp_2, Proteobacteria_7230_1_tp_2, Proteobacteria_7983_1_tp_2, Proteobacteria_9649_1_tp_2",0.141233008929183,0.233799990092099
"Chlorophyta__streptophyta_848_1","Bacteroidetes_1349_1_tp_2, Bacteroidetes_1360_5_tp_2, Bacteroidetes_919_1_tp_2, Ciliophora_1195_1_tp_2, Dinoflagellata_1728_2_tp_2, Phylum_reps_2301_1_tp_2, Proteobacteria_11190_1_tp_2, Proteobacteria_8175_1_tp_2, Proteobacteria_8177_1_tp_2",0.112841383767688,0.241039292421605
"Chlorophyta__streptophyta_848_1","Bacteroidetes_918_4_tp_2, Cercozoa_395_1_tp_2, Dinoflagellata_1009_1_tp_2, Dinoflagellata_1711_1_tp_2, Phylum_reps_1954_1_tp_2, Proteobacteria_11190_1_tp_2, Proteobacteria_22_1_tp_2, Proteobacteria_7174_1_tp_2, Proteobacteria_7364_1_tp_2",0.0509096660752423,0.230463893387804
"Chlorophyta__streptophyta_848_1","Actinobacteria_410_2_tp_2, Bacillariophyta_31_1_tp_2, Bacteroidetes_1186_1_tp_2, Bacteroidetes_1264_1_tp_2, Cercozoa_22_1_tp_2, Haptophyta_203_1_tp_2, Proteobacteria_5461_1_tp_2, Proteobacteria_7166_1_tp_2, Pseudofungi_43_1_tp_2",0.206048598693155,0.221905641923882
"Chlorophyta__streptophyta_848_1","Bacteroidetes_1204_1_tp_2, Chlorophyta__streptophyta_833_1_tp_2, Dinoflagellata_1010_1_tp_2, Dinoflagellata_1017_1_tp_2, Dinoflagellata_1771_2_tp_2, Proteobacteria_11210_2_tp_2, Proteobacteria_11431_2_tp_2, Proteobacteria_6384_1_tp_2, Proteobacteria_7983_1_tp_2",0.245170375851464,0.221681394589823
"Chlorophyta__streptophyta_848_1","Bacteroidetes_919_1_tp_2, Chrysophyceae_16_1_tp_2, Ciliophora_403_1_tp_2, Cryptophyta_108_1_tp_2, Dinoflagellata_1098_1_tp_2, Dinoflagellata_1758_1_tp_2, Lobosa_11_1_tp_2, Phylum_reps_1954_1_tp_2, Proteobacteria_7230_3_tp_2",0.147483751547638,0.227524966578183
"Chlorophyta__streptophyta_848_1","Archaea_164_2_tp_2, Bacillariophyta_100_1_tp_2, Cryptophyta_15_2_tp_2, Picozoa_18_1_tp_2, Planctomycetes_61_1_tp_2, Proteobacteria_11155_1_tp_2, Proteobacteria_11210_2_tp_2, Proteobacteria_6384_1_tp_2, Proteobacteria_7983_7_tp_2",0.0177848675135252,0.289206335568848
"Chlorophyta__streptophyta_848_1","Bacillariophyta_100_1_tp_2, Bacteroidetes_1360_1_tp_2, Bacteroidetes_938_1_tp_2, Picozoa_18_1_tp_2, Proteobacteria_7982_2_tp_2, Proteobacteria_8177_1_tp_2, Proteobacteria_9681_2_tp_2, Sagenista_53_1_tp_2, Verrucomicrobia_23_1_tp_2",0.166093141547871,0.239687243153101
"Chlorophyta__streptophyta_848_1","Actinobacteria_410_2_tp_2, Bacillariophyta_123_1_tp_2, Dinoflagellata_1968_1_tp_2, Proteobacteria_11120_1_tp_2, Proteobacteria_22_1_tp_2, Proteobacteria_7983_1_tp_2, Proteobacteria_7983_2_tp_2, Proteobacteria_9681_2_tp_2, Verrucomicrobia_18_4_tp_2",0.155946534800232,0.224520316310154
"Chlorophyta__streptophyta_848_1","Dinoflagellata_1198_1_tp_2, Dinoflagellata_1658_1_tp_2, Phylum_reps_2301_1_tp_2, Proteobacteria_11155_2_tp_2, Proteobacteria_11210_2_tp_2, Proteobacteria_7983_2_tp_2, Proteobacteria_8520_1_tp_2, Rhodophyta_506_1_tp_2, Verrucomicrobia_18_1_tp_2",0.236763467356405,0.240976574099654
"Chlorophyta__streptophyta_848_1","Bacillariophyta_100_1_tp_2, Bacillariophyta_219_1_tp_2, Bacteroidetes_1264_1_tp_2, Bacteroidetes_1360_2_tp_2, Bacteroidetes_918_3_tp_2, Bacteroidetes_919_3_tp_2, Dinoflagellata_1749_1_tp_2, Proteobacteria_11431_2_tp_2, Verrucomicrobia_18_4_tp_2",0.0956819462383815,0.245400356935267
"Chlorophyta__streptophyta_848_1","Bacteroidetes_1204_1_tp_2, Bacteroidetes_1360_4_tp_2, Chlorophyta__streptophyta_120_1_tp_2, Chlorophyta__streptophyta_895_1_tp_2, Ciliophora_298_1_tp_2, Ciliophora_451_1_tp_2, Proteobacteria_7230_3_tp_2, Proteobacteria_7982_1_tp_2, Proteobacteria_7983_1_tp_2",0.082244718506601,0.251739347236609
"Chlorophyta__streptophyta_848_1","Archaea_164_2_tp_2, Bacteroidetes_317_1_tp_2, Dinoflagellata_1968_1_tp_2, Div_reps_2942_1_tp_2, Phylum_reps_1985_1_tp_2, Proteobacteria_11431_1_tp_2, Proteobacteria_5461_1_tp_2, Verrucomicrobia_18_4_tp_2, Verrucomicrobia_22_2_tp_2",0.17219155615537,0.246916444738107
"Chlorophyta__streptophyta_848_1","Actinobacteria_410_1_tp_2, Bacillariophyta_219_1_tp_2, Bacteroidetes_1167_1_tp_2, Bacteroidetes_1249_1_tp_2, Dinoflagellata_1793_1_tp_2, Phylum_reps_2301_1_tp_2, Proteobacteria_11431_2_tp_2, Proteobacteria_7231_1_tp_2, Proteobacteria_7319_1_tp_2",0.222347795251266,0.230785761514295
"Chlorophyta__streptophyta_848_1","Bacillariophyta_29_1_tp_2, Bacteroidetes_918_1_tp_2, Bacteroidetes_919_3_tp_2, Div_reps_1600_2_tp_2, Planctomycetes_61_1_tp_2, Proteobacteria_7983_2_tp_2, Proteobacteria_7983_6_tp_2, Proteobacteria_8176_2_tp_2, Verrucomicrobia_23_1_tp_2",0.152009047917959,0.241598747470183
"Chlorophyta__streptophyta_848_1","Actinobacteria_410_1_tp_2, Bacillariophyta_219_1_tp_2, Bacteroidetes_129_1_tp_2, Bacteroidetes_918_4_tp_2, Cercozoa_291_1_tp_2, Ciliophora_298_1_tp_2, Dinoflagellata_1555_1_tp_2, Haptophyta_148_1_tp_2, Proteobacteria_5461_1_tp_2",0.164645025317818,0.243840289392748
"Chlorophyta__streptophyta_848_1","Bacillariophyta_31_1_tp_2, Bacteroidetes_1264_1_tp_2, Ciliophora_1195_1_tp_2, Dinoflagellata_1009_1_tp_2, Katablepharidophyta_7_1_tp_2, Perkinsea_33_1_tp_2, Proteobacteria_7314_1_tp_2, Proteobacteria_7982_1_tp_2, Verrucomicrobia_18_2_tp_2",0.232083787947538,0.232009087123849
"Chlorophyta__streptophyta_848_1","Bacteroidetes_1166_1_tp_2, Bacteroidetes_1360_2_tp_2, Bacteroidetes_1360_5_tp_2, Cercozoa_291_1_tp_2, Chlorophyta__streptophyta_120_1_tp_2, Cyanobacteria_85_1_tp_2, Dinoflagellata_1862_1_tp_2, Proteobacteria_7984_1_tp_2, Verrucomicrobia_18_1_tp_2",0.2488971118557,0.226823413137215
"Chlorophyta__streptophyta_848_1","Actinobacteria_410_1_tp_2, Archaea_164_2_tp_2, Bacteroidetes_918_2_tp_2, Bacteroidetes_919_1_tp_2, Chlorophyta__streptophyta_833_1_tp_2, Proteobacteria_11210_1_tp_2, Proteobacteria_5461_1_tp_2, Rhodophyta_506_1_tp_2, Sagenista_53_1_tp_2",0.171959108549169,0.265234677084629
"Chlorophyta__streptophyta_848_1","Archaea_179_1_tp_2, Bacillariophyta_196_1_tp_2, Bacteroidetes_919_2_tp_2, Dinoflagellata_982_1_tp_2, Proteobacteria_22_1_tp_2, Proteobacteria_7295_1_tp_2, Proteobacteria_8176_2_tp_2, Proteobacteria_8177_1_tp_2, Verrucomicrobia_18_3_tp_2",0.0662079480863049,0.255257113470229
"Chlorophyta__streptophyta_848_1","Bacillariophyta_29_1_tp_2, Chlorophyta__streptophyta_751_1_tp_2, Cryptophyta_15_1_tp_2, Perkinsea_44_1_tp_2, Proteobacteria_11190_1_tp_2, Proteobacteria_11429_2_tp_2, Proteobacteria_22_1_tp_2, Rhodophyta_506_1_tp_2, Verrucomicrobia_23_1_tp_2",0.0407844378059049,0.267690145120985
"Chlorophyta__streptophyta_848_1","Bacteroidetes_129_1_tp_2, Cryptophyta_15_2_tp_2, Dinoflagellata_1769_1_tp_2, Dinoflagellata_955_1_tp_2, Lobosa_11_1_tp_2, Planctomycetes_61_1_tp_2, Proteobacteria_11431_2_tp_2, Proteobacteria_7230_1_tp_2, Proteobacteria_7983_8_tp_2",0.078979392061026,0.238391498695547
"Chlorophyta__streptophyta_848_1","Archaea_164_1_tp_2, Bacillariophyta_44_1_tp_2, Chlorophyta__streptophyta_833_1_tp_2, Katablepharidophyta_7_1_tp_2, Phylum_reps_1985_1_tp_2, Proteobacteria_11155_1_tp_2, Proteobacteria_11428_1_tp_2, Proteobacteria_7100_1_tp_2, Raphidophyceae_3_1_tp_2",0.144673907889836,0.254345479405745
"Chlorophyta__streptophyta_848_1","Bacillariophyta_123_1_tp_2, Bacteroidetes_131_1_tp_2, Bacteroidetes_938_1_tp_2, Cyanobacteria_73_1_tp_2, Dinoflagellata_1010_1_tp_2, Picozoa_6_1_tp_2, Proteobacteria_7230_1_tp_2, Proteobacteria_7314_1_tp_2, Verrucomicrobia_18_4_tp_2",0.204027440798172,0.219950327616169
"Chlorophyta__streptophyta_848_1","Archaea_179_1_tp_2, Bacteroidetes_131_1_tp_2, Ciliophora_451_1_tp_2, Dinoflagellata_1017_1_tp_2, Dinoflagellata_1555_1_tp_2, Dinoflagellata_1771_2_tp_2, Proteobacteria_11210_1_tp_2, Proteobacteria_11210_2_tp_2, Pseudofungi_43_1_tp_2",0.273657208772086,0.233664364771898
"Chlorophyta__streptophyta_848_1","Archaea_179_1_tp_2, Bacteroidetes_1166_1_tp_2, Cercozoa_395_1_tp_2, Chlorophyta__streptophyta_732_1_tp_2, Phylum_reps_2301_1_tp_2, Proteobacteria_11120_1_tp_2, Proteobacteria_11155_2_tp_2, Proteobacteria_11190_1_tp_2, Proteobacteria_7100_1_tp_2",0.180326339396858,0.225480721151963
"Chlorophyta__streptophyta_848_1","Bacillariophyta_44_1_tp_2, Bacteroidetes_1360_2_tp_2, Bacteroidetes_918_1_tp_2, Cyanobacteria_85_1_tp_2, Dinoflagellata_1010_1_tp_2, Dinoflagellata_1496_1_tp_2, Proteobacteria_10168_1_tp_2, Proteobacteria_11155_2_tp_2, Proteobacteria_6384_1_tp_2",0.140633142381243,0.223920624870529
"Chlorophyta__streptophyta_848_1","Bacteroidetes_1167_1_tp_2, Bacteroidetes_129_2_tp_2, Bacteroidetes_317_1_tp_2, Bacteroidetes_919_2_tp_2, Bacteroidetes_938_1_tp_2, Chlorophyta__streptophyta_120_1_tp_2, Dinoflagellata_1728_2_tp_2, Proteobacteria_7316_1_tp_2, Proteobacteria_8520_1_tp_2",0.166450230818842,0.244262395915896
"Chlorophyta__streptophyta_848_1","Bacillariophyta_123_1_tp_2, Cercozoa_291_1_tp_2, Chlorophyta__streptophyta_120_1_tp_2, Dinoflagellata_1098_1_tp_2, Div_reps_1600_1_tp_2, Div_reps_2942_1_tp_2, Proteobacteria_11190_1_tp_2, Proteobacteria_7982_1_tp_2, Proteobacteria_7983_1_tp_2",0.0242768516120341,0.247180446956847
"Chlorophyta__streptophyta_848_1","Bacillariophyta_29_1_tp_2, Bacteroidetes_1178_1_tp_2, Bacteroidetes_956_1_tp_2, Ciliophora_451_1_tp_2, Dinoflagellata_1014_1_tp_2, Dinoflagellata_1728_1_tp_2, Phylum_reps_1985_1_tp_2, Proteobacteria_7289_1_tp_2, Proteobacteria_8175_1_tp_2",0.203653917942471,0.221852817984918
"Chlorophyta__streptophyta_848_1","Bacteroidetes_1249_1_tp_2, Bacteroidetes_129_1_tp_2, Bacteroidetes_1360_4_tp_2, Bacteroidetes_1360_5_tp_2, Cercozoa_395_1_tp_2, Ciliophora_1195_1_tp_2, Dinoflagellata_1098_1_tp_2, Proteobacteria_11431_1_tp_2, Verrucomicrobia_18_4_tp_2",0.0995379106164535,0.234358639865055
"Chlorophyta__streptophyta_848_1","Bacillariophyta_29_1_tp_2, Chlorophyta__streptophyta_732_1_tp_2, Dinoflagellata_1496_1_tp_2, Dinoflagellata_1771_1_tp_2, Proteobacteria_10114_1_tp_2, Proteobacteria_11190_1_tp_2, Proteobacteria_7166_1_tp_2, Sagenista_53_1_tp_2, temperature_tp_2",0.238023850500308,0.225989643017332
"Chlorophyta__streptophyta_848_1","Bacteroidetes_1186_1_tp_2, Bacteroidetes_1360_1_tp_2, Bacteroidetes_918_4_tp_2, Chlorophyta__streptophyta_845_1_tp_2, Dinoflagellata_1542_1_tp_2, Dinoflagellata_1771_2_tp_2, Proteobacteria_11431_1_tp_2, Proteobacteria_8185_1_tp_2, Proteobacteria_9681_1_tp_2",0.0961339673801525,0.248030736469811
"Chlorophyta__streptophyta_848_1","Chlorophyta__streptophyta_895_1_tp_2, Cyanobacteria_85_1_tp_2, Katablepharidophyta_7_1_tp_2, Phylum_reps_1985_1_tp_2, Proteobacteria_7230_1_tp_2, Proteobacteria_7289_1_tp_2, Proteobacteria_7983_4_tp_2, Proteobacteria_8177_2_tp_2, Sagenista_61_1_tp_2",0.101950268374274,0.223843857323333
"Chlorophyta__streptophyta_848_1","Bacillariophyta_196_1_tp_2, Bacteroidetes_1224_1_tp_2, Cercozoa_23_1_tp_2, Dinoflagellata_1098_1_tp_2, Dinoflagellata_874_1_tp_2, Dinoflagellata_982_1_tp_2, Div_reps_1600_1_tp_2, Proteobacteria_6847_1_tp_2, Proteobacteria_9681_1_tp_2",0.280172252391516,0.239651479729023
"Chlorophyta__streptophyta_848_1","Bacteroidetes_129_1_tp_2, Bacteroidetes_1360_4_tp_2, Bacteroidetes_919_1_tp_2, Bacteroidetes_919_3_tp_2, Cercozoa_23_1_tp_2, Dinoflagellata_1658_1_tp_2, Div_reps_1600_1_tp_2, Nitrospirae_9_1_tp_2, Proteobacteria_9681_2_tp_2",0.210970891921604,0.227609903823479
"Chlorophyta__streptophyta_848_1","Bacillariophyta_100_1_tp_2, Bacteroidetes_918_4_tp_2, Cyanobacteria_65_1_tp_2, Dinoflagellata_874_1_tp_2, Proteobacteria_10114_1_tp_2, Proteobacteria_11429_1_tp_2, Proteobacteria_6384_1_tp_2, Proteobacteria_7983_1_tp_2, Proteobacteria_7983_6_tp_2",0.0288616341984204,0.25134067440093
"Chlorophyta__streptophyta_848_1","Archaea_164_2_tp_2, Dinoflagellata_1769_1_tp_2, Dinoflagellata_955_1_tp_2, Nitrospirae_9_1_tp_2, Proteobacteria_11155_2_tp_2, Proteobacteria_7983_3_tp_2, Proteobacteria_9681_1_tp_2, Sagenista_53_1_tp_2, temperature_tp_2",0.143335594208534,0.243380414575261
"Chlorophyta__streptophyta_848_1","Bacteroidetes_1349_1_tp_2, Bacteroidetes_919_1_tp_2, Cercozoa_291_1_tp_2, Cercozoa_395_1_tp_2, Chlorophyta__streptophyta_751_1_tp_2, Dinoflagellata_1769_1_tp_2, Proteobacteria_7983_1_tp_2, Proteobacteria_7984_1_tp_2, Verrucomicrobia_18_2_tp_2",0.0145946269565808,0.241952121362499
"Chlorophyta__streptophyta_848_1","Ciliophora_234_1_tp_2, Cyanobacteria_73_1_tp_2, Dinoflagellata_1098_1_tp_2, Dinoflagellata_1658_1_tp_2, Planctomycetes_34_1_tp_2, Proteobacteria_11429_2_tp_2, Proteobacteria_8176_2_tp_2, Proteobacteria_8177_2_tp_2, Proteobacteria_9681_1_tp_2",0.140528888341669,0.259407594102434
"Chlorophyta__streptophyta_848_1","Bacillariophyta_31_1_tp_2, Bacteroidetes_131_1_tp_2, Cyanobacteria_65_1_tp_2, Dinoflagellata_1771_1_tp_2, Phylum_reps_2301_1_tp_2, Proteobacteria_10114_1_tp_2, Proteobacteria_7983_1_tp_2, Rhodophyta_506_1_tp_2, Verrucomicrobia_18_3_tp_2",0.284867465607773,0.24320139385161
"Chlorophyta__streptophyta_848_1","Archaea_164_2_tp_2, Bacillariophyta_31_1_tp_2, Cryptophyta_108_1_tp_2, Lobosa_11_1_tp_2, Proteobacteria_22_1_tp_2, Proteobacteria_7230_3_tp_2, Proteobacteria_7289_1_tp_2, Sagenista_61_1_tp_2, Verrucomicrobia_18_1_tp_2",0.164277481528169,0.216978207693524
"Chlorophyta__streptophyta_848_1","Bacillariophyta_100_1_tp_2, Bacteroidetes_1235_1_tp_2, Bacteroidetes_918_5_tp_2, Cercozoa_22_1_tp_2, Dinoflagellata_1728_2_tp_2, Div_reps_1600_1_tp_2, Proteobacteria_11429_4_tp_2, Proteobacteria_7364_1_tp_2, Proteobacteria_8177_2_tp_2",0.145269229992365,0.219273782973187
"Chlorophyta__streptophyta_848_1","Bacillariophyta_196_1_tp_2, Chlorophyta__streptophyta_120_1_tp_2, Ciliophora_234_1_tp_2, Ciliophora_280_1_tp_2, Haptophyta_203_1_tp_2, Phylum_reps_2301_1_tp_2, Proteobacteria_10114_1_tp_2, Proteobacteria_5436_1_tp_2, Proteobacteria_7983_4_tp_2",0.174230144459641,0.245402131222285
"Chlorophyta__streptophyta_848_1","Bacteroidetes_1167_1_tp_2, Bacteroidetes_919_1_tp_2, Cercozoa_22_1_tp_2, Dinoflagellata_1198_1_tp_2, Dinoflagellata_124_1_tp_2, Proteobacteria_11120_1_tp_2, Proteobacteria_11431_2_tp_2, Proteobacteria_7289_1_tp_2, Raphidophyceae_3_1_tp_2",0.246631147160653,0.215597086504681
"Chlorophyta__streptophyta_848_1","Bacillariophyta_31_1_tp_2, Bacteroidetes_1360_3_tp_2, Cercozoa_23_1_tp_2, Dinoflagellata_1968_1_tp_2, Div_reps_1600_1_tp_2, Proteobacteria_11431_1_tp_2, Proteobacteria_7313_1_tp_2, Proteobacteria_7319_1_tp_2, Proteobacteria_7364_1_tp_2",0.25158290558187,0.238110651304196
"Chlorophyta__streptophyta_848_1","Chrysophyceae_16_1_tp_2, Dinoflagellata_955_1_tp_2, Phylum_reps_1954_1_tp_2, Proteobacteria_7314_1_tp_2, Proteobacteria_7983_6_tp_2, Proteobacteria_8175_1_tp_2, Radiolaria_104_1_tp_2, Verrucomicrobia_18_2_tp_2, Verrucomicrobia_22_1_tp_2",0.220424715525637,0.209276695020359
"Chlorophyta__streptophyta_848_1","Actinobacteria_410_2_tp_2, Bacteroidetes_1249_1_tp_2, Dinoflagellata_1017_1_tp_2, Perkinsea_33_1_tp_2, Proteobacteria_10114_1_tp_2, Proteobacteria_22_1_tp_2, Proteobacteria_5461_1_tp_2, Sagenista_61_1_tp_2, Verrucomicrobia_23_1_tp_2",0.0860631692268922,0.222658641403482
"Chlorophyta__streptophyta_848_1","Bacteroidetes_1166_1_tp_2, Bacteroidetes_1204_1_tp_2, Bacteroidetes_1264_1_tp_2, Cercozoa_395_1_tp_2, Cyanobacteria_48_1_tp_2, Cyanobacteria_85_1_tp_2, Dinoflagellata_1198_1_tp_2, Proteobacteria_6847_1_tp_2, Proteobacteria_7983_4_tp_2",0.191844256667982,0.218088872342322
"Chlorophyta__streptophyta_848_1","Archaea_164_2_tp_2, Bacteroidetes_918_2_tp_2, Bacteroidetes_919_2_tp_2, Dinoflagellata_1198_1_tp_2, Dinoflagellata_1658_1_tp_2, Haptophyta_203_1_tp_2, Proteobacteria_7787_1_tp_2, Proteobacteria_7983_5_tp_2, Sagenista_53_1_tp_2",0.230805671234054,0.250617143994641
"Chlorophyta__streptophyta_848_1","Bacteroidetes_1194_1_tp_2, Bacteroidetes_938_1_tp_2, Dinoflagellata_1749_1_tp_2, Dinoflagellata_1758_1_tp_2, Proteobacteria_10168_1_tp_2, Proteobacteria_11155_2_tp_2, Proteobacteria_8175_1_tp_2, Proteobacteria_8176_2_tp_2, Verrucomicrobia_18_3_tp_2",0.187856990170559,0.228311517751307
"Chlorophyta__streptophyta_848_1","Archaea_164_1_tp_2, Bacillariophyta_44_1_tp_2, Dinoflagellata_1098_1_tp_2, Dinoflagellata_1793_1_tp_2, Proteobacteria_11120_1_tp_2, Proteobacteria_11429_4_tp_2, Proteobacteria_7166_1_tp_2, Proteobacteria_7983_7_tp_2, Radiolaria_104_1_tp_2",0.237956492895623,0.212712951118828
"Chlorophyta__streptophyta_848_1","Bacteroidetes_918_5_tp_2, Bacteroidetes_956_1_tp_2, Chlorophyta__streptophyta_732_1_tp_2, Katablepharidophyta_7_1_tp_2, Planctomycetes_27_1_tp_2, Proteobacteria_8175_1_tp_2, Pseudofungi_43_1_tp_2, Sagenista_53_1_tp_2, Verrucomicrobia_22_1_tp_2",0.136182583755492,0.238684281117458
"Chlorophyta__streptophyta_848_1","Bacteroidetes_1224_1_tp_2, Bacteroidetes_918_2_tp_2, Chlorophyta__streptophyta_732_1_tp_2, Cryptophyta_15_2_tp_2, Phylum_reps_2301_1_tp_2, Planctomycetes_27_1_tp_2, Proteobacteria_11210_2_tp_2, Proteobacteria_22_1_tp_2, Proteobacteria_7230_2_tp_2",0.187932579748819,0.268564723543503
"Chlorophyta__streptophyta_848_1","Bacillariophyta_29_1_tp_2, Cercozoa_22_1_tp_2, Dinoflagellata_1555_1_tp_2, Div_reps_1600_2_tp_2, Haptophyta_148_1_tp_2, Proteobacteria_11155_2_tp_2, Proteobacteria_8176_2_tp_2, Verrucomicrobia_18_2_tp_2, Verrucomicrobia_18_4_tp_2",0.154953612522091,0.231584381604379
"Chlorophyta__streptophyta_848_1","Bacillariophyta_100_1_tp_2, Bacteroidetes_1235_1_tp_2, Bacteroidetes_1249_1_tp_2, Bacteroidetes_129_2_tp_2, Dinoflagellata_1658_1_tp_2, Proteobacteria_7316_1_tp_2, Proteobacteria_7364_1_tp_2, Raphidophyceae_3_1_tp_2, Verrucomicrobia_18_3_tp_2",0.229131783618803,0.232137970925019
"Chlorophyta__streptophyta_848_1","Bacteroidetes_1167_1_tp_2, Bacteroidetes_919_3_tp_2, Chlorophyta__streptophyta_732_1_tp_2, Cyanobacteria_65_1_tp_2, Dinoflagellata_1862_1_tp_2, Haptophyta_148_1_tp_2, Planctomycetes_27_1_tp_2, Proteobacteria_7983_1_tp_2, Proteobacteria_8176_1_tp_2",0.242601898381395,0.221499365864441
"Chlorophyta__streptophyta_848_1","Actinobacteria_410_1_tp_2, Bacteroidetes_131_1_tp_2, Bacteroidetes_1360_5_tp_2, Dinoflagellata_1771_1_tp_2, Div_reps_2942_1_tp_2, Perkinsea_44_1_tp_2, Phylum_reps_2301_1_tp_2, Pseudofungi_43_1_tp_2, Sagenista_61_1_tp_2",0.219386105304232,0.21164027360103
"Chlorophyta__streptophyta_848_1","Chlorophyta__streptophyta_751_1_tp_2, Ciliophora_234_1_tp_2, Div_reps_1600_1_tp_2, Perkinsea_44_1_tp_2, Proteobacteria_11429_2_tp_2, Proteobacteria_5461_1_tp_2, Proteobacteria_7319_1_tp_2, Sagenista_53_1_tp_2, Verrucomicrobia_18_2_tp_2",0.282224453172076,0.225390577004762
"Chlorophyta__streptophyta_848_1","Bacteroidetes_919_2_tp_2, Chlorophyta__streptophyta_895_1_tp_2, Ciliophora_234_1_tp_2, Cyanobacteria_85_1_tp_2, Div_reps_2942_1_tp_2, Haptophyta_148_1_tp_2, Proteobacteria_11431_1_tp_2, Pseudofungi_43_1_tp_2, Rhodophyta_506_1_tp_2",0.155756628905602,0.238262455286588
"Chlorophyta__streptophyta_848_1","Archaea_164_1_tp_2, Bacillariophyta_196_1_tp_2, Ciliophora_1195_1_tp_2, Dinoflagellata_1793_1_tp_2, Phylum_reps_1954_1_tp_2, Picozoa_18_1_tp_2, Planctomycetes_34_1_tp_2, Proteobacteria_7295_1_tp_2, Proteobacteria_7984_1_tp_2",0.25962256621249,0.247297734992215
"Chlorophyta__streptophyta_848_1","Bacteroidetes_1360_4_tp_2, Cryptophyta_108_1_tp_2, Katablepharidophyta_7_1_tp_2, Lobosa_11_1_tp_2, Phylum_reps_2301_1_tp_2, Proteobacteria_11431_2_tp_2, Proteobacteria_7295_1_tp_2, Proteobacteria_7984_1_tp_2, Verrucomicrobia_22_2_tp_2",0.267617406800701,0.227731436268391
"Chlorophyta__streptophyta_848_1","Actinobacteria_410_2_tp_2, Bacillariophyta_31_1_tp_2, Bacteroidetes_918_2_tp_2, Dinoflagellata_1658_1_tp_2, Dinoflagellata_1711_1_tp_2, Proteobacteria_7174_1_tp_2, Proteobacteria_7230_2_tp_2, Proteobacteria_7364_1_tp_2, Pseudofungi_43_1_tp_2",0.246771454728526,0.232403600696553
"Chlorophyta__streptophyta_848_1","Actinobacteria_410_1_tp_2, Bacteroidetes_918_4_tp_2, Bacteroidetes_956_1_tp_2, Dinoflagellata_1014_1_tp_2, Dinoflagellata_1542_1_tp_2, Planctomycetes_61_1_tp_2, Proteobacteria_7787_1_tp_2, Proteobacteria_8185_1_tp_2, Raphidophyceae_3_1_tp_2",0.14857091538985,0.260539745854167
"Chlorophyta__streptophyta_848_1","Bacillariophyta_44_1_tp_2, Bacteroidetes_1235_1_tp_2, Bacteroidetes_129_1_tp_2, Cyanobacteria_65_1_tp_2, Dinoflagellata_1496_1_tp_2, Dinoflagellata_1555_1_tp_2, Katablepharidophyta_7_1_tp_2, Phylum_reps_2301_1_tp_2, Proteobacteria_7364_1_tp_2",0.265031107708529,0.216004247025005
"Chlorophyta__streptophyta_848_1","Actinobacteria_410_2_tp_2, Bacteroidetes_1360_1_tp_2, Bacteroidetes_919_2_tp_2, Cercozoa_23_1_tp_2, Ciliophora_403_1_tp_2, Dinoflagellata_1771_2_tp_2, Planctomycetes_61_1_tp_2, Proteobacteria_7787_1_tp_2, Proteobacteria_8520_1_tp_2",0.146218286787022,0.263016804103509
"Chlorophyta__streptophyta_848_1","Archaea_164_2_tp_2, Bacteroidetes_918_1_tp_2, Bacteroidetes_918_3_tp_2, Chlorophyta__streptophyta_732_1_tp_2, Cyanobacteria_48_1_tp_2, Dinoflagellata_1758_1_tp_2, Proteobacteria_11210_2_tp_2, Proteobacteria_7316_1_tp_2, Radiolaria_104_1_tp_2",0.254907512243086,0.243091112906301
"Chlorophyta__streptophyta_848_1","Bacteroidetes_919_3_tp_2, Cercozoa_291_1_tp_2, Dictyochophyceae_6_1_tp_2, Dinoflagellata_1769_1_tp_2, Dinoflagellata_955_1_tp_2, Picozoa_18_1_tp_2, Proteobacteria_11155_2_tp_2, Proteobacteria_8520_1_tp_2, Verrucomicrobia_22_2_tp_2",0.279552543394269,0.212355485761974
"Chlorophyta__streptophyta_848_1","Bacillariophyta_196_1_tp_2, Bacteroidetes_1264_1_tp_2, Cyanobacteria_85_1_tp_2, Dinoflagellata_1542_1_tp_2, Dinoflagellata_1758_1_tp_2, Planctomycetes_27_1_tp_2, Proteobacteria_11428_1_tp_2, Proteobacteria_7983_2_tp_2, Proteobacteria_8176_1_tp_2",0.11980720381354,0.252860883902722
"Chlorophyta__streptophyta_848_1","Bacteroidetes_1178_1_tp_2, Bacteroidetes_956_1_tp_2, Cercozoa_23_1_tp_2, Cercozoa_291_1_tp_2, Dinoflagellata_1010_1_tp_2, Dinoflagellata_1098_1_tp_2, Proteobacteria_10114_1_tp_2, Proteobacteria_11429_3_tp_2, Proteobacteria_7231_1_tp_2",0.241383610929499,0.219552814229829
"Chlorophyta__streptophyta_848_1","Bacteroidetes_1360_4_tp_2, Bacteroidetes_317_1_tp_2, Cercozoa_291_1_tp_2, Cercozoa_395_1_tp_2, Ciliophora_234_1_tp_2, Dinoflagellata_1862_1_tp_2, Dinoflagellata_955_1_tp_2, Proteobacteria_7787_1_tp_2, Proteobacteria_7983_3_tp_2",0.238361847942314,0.211748129280038
"Chlorophyta__streptophyta_848_1","Bacteroidetes_918_5_tp_2, Cercozoa_395_1_tp_2, Chlorophyta__streptophyta_732_1_tp_2, Ciliophora_298_1_tp_2, Cyanobacteria_65_1_tp_2, Dinoflagellata_1793_1_tp_2, Phylum_reps_2301_1_tp_2, Rhodophyta_506_1_tp_2, Verrucomicrobia_22_1_tp_2",0.217003517070644,0.225461451591185
"Chlorophyta__streptophyta_848_1","Bacillariophyta_29_1_tp_2, Bacteroidetes_919_1_tp_2, Cercozoa_23_1_tp_2, Cercozoa_395_1_tp_2, Dinoflagellata_1769_1_tp_2, Proteobacteria_10091_1_tp_2, Proteobacteria_7166_1_tp_2, Sagenista_61_1_tp_2, Verrucomicrobia_18_3_tp_2",0.11002625476116,0.227460466065835
"Chlorophyta__streptophyta_848_1","Bacteroidetes_1178_1_tp_2, Bacteroidetes_1249_1_tp_2, Chlorophyta__streptophyta_120_1_tp_2, Chlorophyta__streptophyta_895_1_tp_2, Ciliophora_280_1_tp_2, Haptophyta_148_1_tp_2, Proteobacteria_5461_1_tp_2, Proteobacteria_7983_2_tp_2, Rhodophyta_506_1_tp_2",0.184675265849892,0.25646482819515
"Chlorophyta__streptophyta_848_1","Bacteroidetes_1166_1_tp_2, Bacteroidetes_1360_1_tp_2, Ciliophora_234_1_tp_2, Dinoflagellata_1771_1_tp_2, Div_reps_1600_2_tp_2, Proteobacteria_7230_2_tp_2, Proteobacteria_7787_1_tp_2, Proteobacteria_8177_1_tp_2, Rhodophyta_506_1_tp_2",-0.0359399465795248,0.350523725434377
"Chlorophyta__streptophyta_848_1","Bacteroidetes_1235_1_tp_2, Bacteroidetes_938_1_tp_2, Chlorophyta__streptophyta_833_1_tp_2, Chlorophyta__streptophyta_895_1_tp_2, Dinoflagellata_1793_1_tp_2, Haptophyta_203_1_tp_2, Proteobacteria_11429_4_tp_2, Verrucomicrobia_18_4_tp_2, Verrucomicrobia_23_1_tp_2",0.168497364842574,0.259695294896325
"Chlorophyta__streptophyta_848_1","Bacteroidetes_918_3_tp_2, Chrysophyceae_16_1_tp_2, Cyanobacteria_73_1_tp_2, Dinoflagellata_1014_1_tp_2, Dinoflagellata_1771_1_tp_2, Dinoflagellata_1771_2_tp_2, Dinoflagellata_1862_1_tp_2, Proteobacteria_22_1_tp_2, Proteobacteria_7983_7_tp_2",0.130756661973071,0.229231255539236
"Chlorophyta__streptophyta_848_1","Bacillariophyta_44_1_tp_2, Bacteroidetes_1249_1_tp_2, Bacteroidetes_918_4_tp_2, Bacteroidetes_919_3_tp_2, Chlorophyta__streptophyta_833_1_tp_2, Dinoflagellata_1968_1_tp_2, Proteobacteria_11429_2_tp_2, Proteobacteria_7983_3_tp_2, Proteobacteria_8520_1_tp_2",0.183732865043756,0.226670576142432
"Chlorophyta__streptophyta_848_1","Bacteroidetes_1166_2_tp_2, Bacteroidetes_956_1_tp_2, Dinoflagellata_1658_1_tp_2, Dinoflagellata_982_1_tp_2, Proteobacteria_11155_2_tp_2, Proteobacteria_22_1_tp_2, Proteobacteria_7983_4_tp_2, Proteobacteria_8185_1_tp_2, Proteobacteria_9649_1_tp_2",0.13613159333429,0.24066537770996
"Chlorophyta__streptophyta_848_1","Archaea_179_1_tp_2, Bacteroidetes_918_1_tp_2, Bacteroidetes_918_4_tp_2, Chlorophyta__streptophyta_751_1_tp_2, Dinoflagellata_1542_1_tp_2, Dinoflagellata_874_1_tp_2, Phylum_reps_1985_1_tp_2, Proteobacteria_11431_1_tp_2, Verrucomicrobia_18_2_tp_2",0.13139639743086,0.25861233993222
"Chlorophyta__streptophyta_848_1","Bacillariophyta_123_1_tp_2, Bacteroidetes_1360_1_tp_2, Chlorophyta__streptophyta_751_1_tp_2, Haptophyta_148_1_tp_2, Nitrospirae_9_1_tp_2, Phylum_reps_2301_1_tp_2, Proteobacteria_11431_1_tp_2, Proteobacteria_7364_1_tp_2, Proteobacteria_7983_3_tp_2",0.276093372534964,0.226848730442947
"Chlorophyta__streptophyta_848_1","Bacteroidetes_1249_1_tp_2, Bacteroidetes_956_1_tp_2, Chlorophyta__streptophyta_833_1_tp_2, Chlorophyta__streptophyta_845_1_tp_2, Dinoflagellata_124_1_tp_2, Dinoflagellata_1769_1_tp_2, Haptophyta_203_1_tp_2, Proteobacteria_11155_1_tp_2, Verrucomicrobia_18_2_tp_2",0.162215810035749,0.254784451631284
"Chlorophyta__streptophyta_848_1","Bacteroidetes_129_2_tp_2, Dictyochophyceae_6_1_tp_2, Dinoflagellata_124_1_tp_2, Dinoflagellata_1793_1_tp_2, Proteobacteria_10114_1_tp_2, Proteobacteria_7983_8_tp_2, Proteobacteria_8177_2_tp_2, Raphidophyceae_3_1_tp_2, Verrucomicrobia_18_1_tp_2",0.127074051151094,0.255101978736569
"Chlorophyta__streptophyta_848_1","Bacteroidetes_1166_1_tp_2, Bacteroidetes_1204_1_tp_2, Bacteroidetes_129_1_tp_2, Bacteroidetes_919_1_tp_2, Ciliophora_403_1_tp_2, Cyanobacteria_73_1_tp_2, Dinoflagellata_874_1_tp_2, Proteobacteria_7231_1_tp_2, Proteobacteria_7983_1_tp_2",0.131098960909457,0.240265959037519
"Chlorophyta__streptophyta_848_1","Bacillariophyta_196_1_tp_2, Bacteroidetes_1178_1_tp_2, Bacteroidetes_918_5_tp_2, Dinoflagellata_1771_2_tp_2, Lobosa_11_1_tp_2, Proteobacteria_11155_1_tp_2, Proteobacteria_11431_1_tp_2, Proteobacteria_7982_1_tp_2, Proteobacteria_7983_8_tp_2",0.230229609070334,0.240983829187428
"Chlorophyta__streptophyta_848_1","Bacteroidetes_131_1_tp_2, Bacteroidetes_1360_2_tp_2, Bacteroidetes_317_1_tp_2, Ciliophora_403_1_tp_2, Dinoflagellata_1017_1_tp_2, Dinoflagellata_124_1_tp_2, Phylum_reps_1954_1_tp_2, Proteobacteria_7983_8_tp_2, Proteobacteria_8178_1_tp_2",0.125778991685686,0.231067806034907
"Chlorophyta__streptophyta_848_1","Bacillariophyta_44_1_tp_2, Bacteroidetes_918_2_tp_2, Chlorophyta__streptophyta_120_1_tp_2, Phylum_reps_2301_1_tp_2, Proteobacteria_7313_1_tp_2, Proteobacteria_7982_1_tp_2, Proteobacteria_7983_8_tp_2, Proteobacteria_8176_2_tp_2, Proteobacteria_9681_2_tp_2",0.171416750408482,0.234806731339773
"Chlorophyta__streptophyta_848_1","Bacteroidetes_1204_1_tp_2, Bacteroidetes_317_1_tp_2, Bacteroidetes_918_2_tp_2, Bacteroidetes_919_2_tp_2, Chlorophyta__streptophyta_751_1_tp_2, Proteobacteria_11428_1_tp_2, Proteobacteria_11431_2_tp_2, Proteobacteria_7230_3_tp_2, Raphidophyceae_3_1_tp_2",0.0547236868556508,0.274504579900522
"Chlorophyta__streptophyta_848_1","Bacteroidetes_129_1_tp_2, Bacteroidetes_919_1_tp_2, Bacteroidetes_956_1_tp_2, Cercozoa_23_1_tp_2, Ciliophora_403_1_tp_2, Dinoflagellata_1658_1_tp_2, Perkinsea_44_1_tp_2, Proteobacteria_7230_3_tp_2, Proteobacteria_7983_6_tp_2",0.19203215806529,0.225346799994289
"Chlorophyta__streptophyta_848_1","Bacillariophyta_219_1_tp_2, Cercozoa_291_1_tp_2, Cyanobacteria_73_1_tp_2, Haptophyta_148_1_tp_2, Planctomycetes_27_1_tp_2, Proteobacteria_11120_1_tp_2, Proteobacteria_11431_1_tp_2, Proteobacteria_11431_2_tp_2, Proteobacteria_8185_1_tp_2",0.132757370967784,0.241056653854734
"Chlorophyta__streptophyta_848_1","Bacteroidetes_1151_1_tp_2, Bacteroidetes_1360_5_tp_2, Bacteroidetes_918_3_tp_2, Chlorophyta__streptophyta_732_1_tp_2, Ciliophora_298_1_tp_2, Cyanobacteria_48_1_tp_2, Div_reps_1600_1_tp_2, Proteobacteria_7983_7_tp_2, Raphidophyceae_3_1_tp_2",0.0320279325641389,0.255220210612334
"Chlorophyta__streptophyta_848_1","Bacteroidetes_1360_2_tp_2, Cercozoa_395_1_tp_2, Chlorophyta__streptophyta_751_1_tp_2, Chlorophyta__streptophyta_895_1_tp_2, Cyanobacteria_73_1_tp_2, Dinoflagellata_1711_1_tp_2, Picozoa_6_1_tp_2, Planctomycetes_27_1_tp_2, Proteobacteria_7314_1_tp_2",0.206699157440803,0.219848650470462
"Chlorophyta__streptophyta_848_1","Bacteroidetes_918_2_tp_2, Bacteroidetes_918_4_tp_2, Bacteroidetes_938_1_tp_2, Cercozoa_23_1_tp_2, Cryptophyta_15_2_tp_2, Div_reps_1600_1_tp_2, Proteobacteria_11429_3_tp_2, Proteobacteria_11429_4_tp_2, Proteobacteria_8177_2_tp_2",0.0276461565361586,0.265701819283257
"Chlorophyta__streptophyta_848_1","Bacillariophyta_44_1_tp_2, Cercozoa_23_1_tp_2, Chlorophyta__streptophyta_732_1_tp_2, Ciliophora_234_1_tp_2, Proteobacteria_7231_1_tp_2, Proteobacteria_7983_8_tp_2, Raphidophyceae_3_1_tp_2, Rhodophyta_506_1_tp_2, Sagenista_61_1_tp_2",0.265581087300096,0.225206604570893
"Chlorophyta__streptophyta_848_1","Bacillariophyta_138_1_tp_2, Bacteroidetes_1204_1_tp_2, Bacteroidetes_1235_1_tp_2, Ciliophora_451_1_tp_2, Div_reps_1600_1_tp_2, Proteobacteria_7295_1_tp_2, Proteobacteria_7319_1_tp_2, Proteobacteria_7982_1_tp_2, Proteobacteria_8520_1_tp_2",0.184519477642595,0.228814596155222
"Chlorophyta__streptophyta_848_1","Actinobacteria_410_2_tp_2, Bacteroidetes_919_2_tp_2, Chlorophyta__streptophyta_120_1_tp_2, Haptophyta_148_1_tp_2, Proteobacteria_11429_2_tp_2, Proteobacteria_5436_1_tp_2, Proteobacteria_7983_1_tp_2, Sagenista_61_1_tp_2, Verrucomicrobia_22_1_tp_2",0.0489154518840018,0.2589966368618
"Chlorophyta__streptophyta_848_1","Chlorophyta__streptophyta_751_1_tp_2, Dinoflagellata_874_1_tp_2, Div_reps_1600_1_tp_2, Proteobacteria_11190_1_tp_2, Proteobacteria_11429_3_tp_2, Proteobacteria_7289_1_tp_2, Proteobacteria_9649_1_tp_2, Raphidophyceae_3_1_tp_2, Rhodophyta_506_1_tp_2",0.168907378886151,0.247366130835635
"Chlorophyta__streptophyta_848_1","Actinobacteria_410_1_tp_2, Bacteroidetes_1204_1_tp_2, Bacteroidetes_1349_1_tp_2, Bacteroidetes_918_2_tp_2, Picozoa_6_1_tp_2, Proteobacteria_7166_1_tp_2, Proteobacteria_7319_1_tp_2, Proteobacteria_8520_1_tp_2, Sagenista_53_1_tp_2",0.201407033099814,0.224096972256919
"Chlorophyta__streptophyta_848_1","Bacillariophyta_123_1_tp_2, Bacteroidetes_131_1_tp_2, Bacteroidetes_1360_1_tp_2, Bacteroidetes_918_5_tp_2, Ciliophora_298_1_tp_2, Dinoflagellata_1542_1_tp_2, Dinoflagellata_1749_1_tp_2, Proteobacteria_7313_1_tp_2, Proteobacteria_7983_4_tp_2",0.214003585906191,0.243970821842624
"Chlorophyta__streptophyta_848_1","Bacillariophyta_100_1_tp_2, Bacteroidetes_1235_1_tp_2, Bacteroidetes_129_1_tp_2, Ciliophora_298_1_tp_2, Dinoflagellata_1758_1_tp_2, Dinoflagellata_955_1_tp_2, Katablepharidophyta_7_1_tp_2, Perkinsea_44_1_tp_2, Proteobacteria_6384_1_tp_2",0.266806309877643,0.205187339331771
"Chlorophyta__streptophyta_848_1","Bacteroidetes_1167_1_tp_2, Bacteroidetes_1194_1_tp_2, Chlorophyta__streptophyta_120_1_tp_2, Chrysophyceae_16_1_tp_2, Haptophyta_148_1_tp_2, Proteobacteria_6847_1_tp_2, Proteobacteria_7983_3_tp_2, Proteobacteria_7983_4_tp_2, Verrucomicrobia_18_4_tp_2",0.183934748882011,0.235289605431868
"Chlorophyta__streptophyta_848_1","Bacteroidetes_317_1_tp_2, Dinoflagellata_1010_1_tp_2, Dinoflagellata_1542_1_tp_2, Proteobacteria_11210_1_tp_2, Proteobacteria_11431_2_tp_2, Proteobacteria_7174_1_tp_2, Proteobacteria_7230_1_tp_2, Proteobacteria_9681_1_tp_2, Verrucomicrobia_22_2_tp_2",0.172349527981587,0.241741567022238
"Chlorophyta__streptophyta_848_1","Bacteroidetes_1167_1_tp_2, Bacteroidetes_918_1_tp_2, Chlorophyta__streptophyta_833_1_tp_2, Proteobacteria_11155_1_tp_2, Proteobacteria_11190_1_tp_2, Proteobacteria_11428_1_tp_2, Proteobacteria_7166_1_tp_2, Proteobacteria_8175_1_tp_2, Verrucomicrobia_23_1_tp_2",0.123810622658065,0.226735744257849
"Chlorophyta__streptophyta_848_1","Archaea_164_2_tp_2, Bacillariophyta_196_1_tp_2, Dinoflagellata_1749_1_tp_2, Dinoflagellata_1793_1_tp_2, Dinoflagellata_1968_1_tp_2, Dinoflagellata_982_1_tp_2, Proteobacteria_11155_2_tp_2, Proteobacteria_11431_2_tp_2, Proteobacteria_8177_1_tp_2",0.256358044774455,0.241114742710883
"Chlorophyta__streptophyta_848_1","Bacillariophyta_123_1_tp_2, Bacteroidetes_1360_5_tp_2, Cercozoa_23_1_tp_2, Dinoflagellata_1771_2_tp_2, Dinoflagellata_982_1_tp_2, Proteobacteria_7230_1_tp_2, Proteobacteria_7314_1_tp_2, Verrucomicrobia_18_2_tp_2, Verrucomicrobia_18_3_tp_2",0.270980643693254,0.230678494212609
"Chlorophyta__streptophyta_848_1","Bacteroidetes_1166_2_tp_2, Bacteroidetes_918_4_tp_2, Dinoflagellata_1014_1_tp_2, Dinoflagellata_1862_1_tp_2, Phylum_reps_2301_1_tp_2, Proteobacteria_7166_1_tp_2, Proteobacteria_7314_1_tp_2, Proteobacteria_7983_3_tp_2, Proteobacteria_7983_8_tp_2",0.218688102144935,0.224689725965905
"Chlorophyta__streptophyta_848_1","Archaea_164_1_tp_2, Bacteroidetes_1349_1_tp_2, Bacteroidetes_938_1_tp_2, Chlorophyta__streptophyta_732_1_tp_2, Cyanobacteria_85_1_tp_2, Dinoflagellata_1010_1_tp_2, Perkinsea_44_1_tp_2, Proteobacteria_7295_1_tp_2, Sagenista_61_1_tp_2",0.278231759706475,0.211110110749819
"Chlorophyta__streptophyta_848_1","Actinobacteria_410_1_tp_2, Bacteroidetes_1194_1_tp_2, Dinoflagellata_1098_1_tp_2, Proteobacteria_11120_1_tp_2, Proteobacteria_11431_2_tp_2, Proteobacteria_7314_1_tp_2, Proteobacteria_7983_1_tp_2, Proteobacteria_8175_1_tp_2, Verrucomicrobia_18_1_tp_2",0.113912986808332,0.249225781271043
"Chlorophyta__streptophyta_848_1","Bacteroidetes_1360_5_tp_2, Chlorophyta__streptophyta_732_1_tp_2, Dinoflagellata_1198_1_tp_2, Dinoflagellata_1496_1_tp_2, Planctomycetes_61_1_tp_2, Proteobacteria_11431_2_tp_2, Proteobacteria_7983_2_tp_2, Verrucomicrobia_22_2_tp_2, Verrucomicrobia_23_1_tp_2",0.28973958575445,0.223124662197693
"Chlorophyta__streptophyta_848_1","Archaea_164_1_tp_2, Archaea_179_1_tp_2, Cercozoa_22_1_tp_2, Cercozoa_23_1_tp_2, Proteobacteria_11429_4_tp_2, Proteobacteria_7983_2_tp_2, Proteobacteria_8520_1_tp_2, Raphidophyceae_3_1_tp_2, Verrucomicrobia_22_1_tp_2",0.271765609058501,0.211302195773766
"Chlorophyta__streptophyta_848_1","Bacillariophyta_29_1_tp_2, Bacteroidetes_1249_1_tp_2, Bacteroidetes_918_2_tp_2, Cyanobacteria_85_1_tp_2, Phylum_reps_1985_1_tp_2, Picozoa_6_1_tp_2, Planctomycetes_61_1_tp_2, Proteobacteria_7787_1_tp_2, Sagenista_61_1_tp_2",0.0635918290279655,0.236912245840324
"Chlorophyta__streptophyta_848_1","Archaea_179_1_tp_2, Bacteroidetes_1167_1_tp_2, Chlorophyta__streptophyta_732_1_tp_2, Dinoflagellata_1749_1_tp_2, Dinoflagellata_1968_1_tp_2, Proteobacteria_11429_2_tp_2, Proteobacteria_7289_1_tp_2, Proteobacteria_7319_1_tp_2, Proteobacteria_8176_1_tp_2",0.221655533656765,0.221515593391063
"Chlorophyta__streptophyta_848_1","Bacteroidetes_1264_1_tp_2, Bacteroidetes_129_2_tp_2, Dinoflagellata_1771_1_tp_2, Dinoflagellata_1771_2_tp_2, Proteobacteria_11431_2_tp_2, Proteobacteria_22_1_tp_2, Proteobacteria_7230_2_tp_2, Proteobacteria_7231_1_tp_2, Proteobacteria_7314_1_tp_2",0.131869699688895,0.260780899343371
"Chlorophyta__streptophyta_848_1","Bacillariophyta_219_1_tp_2, Cercozoa_23_1_tp_2, Ciliophora_1195_1_tp_2, Cyanobacteria_85_1_tp_2, Dinoflagellata_1009_1_tp_2, Dinoflagellata_1014_1_tp_2, Phylum_reps_1985_1_tp_2, Proteobacteria_11431_1_tp_2, Proteobacteria_7983_1_tp_2",0.156796935593634,0.229297263381401
"Chlorophyta__streptophyta_848_1","Bacteroidetes_1178_1_tp_2, Chlorophyta__streptophyta_751_1_tp_2, Cryptophyta_108_1_tp_2, Dinoflagellata_1968_1_tp_2, Dinoflagellata_955_1_tp_2, Perkinsea_44_1_tp_2, Proteobacteria_7295_1_tp_2, Proteobacteria_7984_1_tp_2, Verrucomicrobia_18_3_tp_2",0.261159219908835,0.218217953197596
"Chlorophyta__streptophyta_848_1","Actinobacteria_410_2_tp_2, Bacteroidetes_1167_1_tp_2, Bacteroidetes_1178_1_tp_2, Bacteroidetes_1186_1_tp_2, Dinoflagellata_1728_2_tp_2, Dinoflagellata_1771_1_tp_2, Katablepharidophyta_7_1_tp_2, Proteobacteria_7289_1_tp_2, Raphidophyceae_3_1_tp_2",0.2312618777821,0.230081688193103
"Chlorophyta__streptophyta_848_1","Bacillariophyta_29_1_tp_2, Cercozoa_291_1_tp_2, Chlorophyta__streptophyta_895_1_tp_2, Dinoflagellata_1017_1_tp_2, Dinoflagellata_1198_1_tp_2, Dinoflagellata_1496_1_tp_2, Dinoflagellata_1749_1_tp_2, Proteobacteria_11429_3_tp_2, Proteobacteria_7166_1_tp_2",0.172116037840346,0.223116948978584
"Chlorophyta__streptophyta_848_1","Archaea_164_2_tp_2, Bacteroidetes_131_1_tp_2, Bacteroidetes_1360_3_tp_2, Bacteroidetes_918_2_tp_2, Cercozoa_23_1_tp_2, Phylum_reps_2301_1_tp_2, Picozoa_18_1_tp_2, Proteobacteria_11431_1_tp_2, Proteobacteria_7983_5_tp_2",0.233754694384532,0.237945763267763
"Chlorophyta__streptophyta_848_1","Bacillariophyta_196_1_tp_2, Cercozoa_22_1_tp_2, Cryptophyta_108_1_tp_2, Picozoa_6_1_tp_2, Proteobacteria_7289_1_tp_2, Proteobacteria_7364_1_tp_2, Proteobacteria_7983_3_tp_2, Proteobacteria_8178_1_tp_2, Pseudofungi_43_1_tp_2",0.349519479536159,0.196730943374176
"Chlorophyta__streptophyta_848_1","Bacteroidetes_1186_1_tp_2, Bacteroidetes_1249_1_tp_2, Bacteroidetes_131_1_tp_2, Bacteroidetes_956_1_tp_2, Chlorophyta__streptophyta_751_1_tp_2, Ciliophora_1195_1_tp_2, Dinoflagellata_1728_1_tp_2, Proteobacteria_7983_5_tp_2, Verrucomicrobia_18_3_tp_2",0.191526105838823,0.226165233539651
"Chlorophyta__streptophyta_848_1","Bacillariophyta_100_1_tp_2, Bacteroidetes_1167_1_tp_2, Bacteroidetes_1235_1_tp_2, Bacteroidetes_1249_1_tp_2, Bacteroidetes_129_2_tp_2, Bacteroidetes_1360_1_tp_2, Cyanobacteria_48_1_tp_2, Div_reps_2942_1_tp_2, Proteobacteria_7230_2_tp_2",0.169036549975007,0.272754743686497
"Chlorophyta__streptophyta_848_1","Cyanobacteria_48_1_tp_2, Dinoflagellata_1658_1_tp_2, Dinoflagellata_1728_1_tp_2, Dinoflagellata_874_1_tp_2, Haptophyta_203_1_tp_2, Nitrospirae_9_1_tp_2, Phylum_reps_1985_1_tp_2, Proteobacteria_11429_4_tp_2, Proteobacteria_7174_1_tp_2",0.165743549370249,0.229215234848827
"Chlorophyta__streptophyta_848_1","Bacteroidetes_1151_1_tp_2, Bacteroidetes_1360_4_tp_2, Ciliophora_451_1_tp_2, Dictyochophyceae_6_1_tp_2, Dinoflagellata_1555_1_tp_2, Dinoflagellata_1749_1_tp_2, Proteobacteria_5461_1_tp_2, Proteobacteria_7100_1_tp_2, Proteobacteria_7166_1_tp_2",0.243525564916375,0.223936983991194
"Chlorophyta__streptophyta_848_1","Actinobacteria_410_1_tp_2, Bacteroidetes_1151_1_tp_2, Bacteroidetes_1166_2_tp_2, Bacteroidetes_919_3_tp_2, Chlorophyta__streptophyta_833_1_tp_2, Dinoflagellata_1010_1_tp_2, Proteobacteria_11428_1_tp_2, Proteobacteria_7983_8_tp_2, temperature_tp_2",0.121838659117192,0.251200136718962
"Chlorophyta__streptophyta_848_1","Bacteroidetes_1186_1_tp_2, Cryptophyta_15_1_tp_2, Dictyochophyceae_6_1_tp_2, Dinoflagellata_1542_1_tp_2, Dinoflagellata_1658_1_tp_2, Lobosa_11_1_tp_2, Perkinsea_44_1_tp_2, Proteobacteria_7983_3_tp_2, Proteobacteria_9681_2_tp_2",0.212925050134704,0.236038022212769
"Chlorophyta__streptophyta_848_1","Bacillariophyta_123_1_tp_2, Bacillariophyta_29_1_tp_2, Bacteroidetes_1204_1_tp_2, Cercozoa_22_1_tp_2, Chlorophyta__streptophyta_732_1_tp_2, Chrysophyceae_16_1_tp_2, Dinoflagellata_1496_1_tp_2, Dinoflagellata_1728_2_tp_2, Dinoflagellata_1793_1_tp_2",0.229294543639601,0.21263127780094
"Chlorophyta__streptophyta_848_1","Bacteroidetes_1264_1_tp_2, Bacteroidetes_919_3_tp_2, Dinoflagellata_1198_1_tp_2, Lobosa_11_1_tp_2, Planctomycetes_61_1_tp_2, Proteobacteria_7313_1_tp_2, Proteobacteria_8177_1_tp_2, Radiolaria_104_1_tp_2, Verrucomicrobia_18_2_tp_2",0.103657719177383,0.236627067929932
"Chlorophyta__streptophyta_848_1","Bacillariophyta_100_1_tp_2, Bacteroidetes_1166_2_tp_2, Bacteroidetes_131_1_tp_2, Dinoflagellata_1749_1_tp_2, Dinoflagellata_1771_1_tp_2, Div_reps_1600_2_tp_2, Picozoa_6_1_tp_2, Proteobacteria_8175_1_tp_2, Proteobacteria_8176_2_tp_2",0.247845763542977,0.212938419646235
"Chlorophyta__streptophyta_848_1","Archaea_164_2_tp_2, Archaea_179_1_tp_2, Bacteroidetes_919_1_tp_2, Chlorophyta__streptophyta_732_1_tp_2, Phylum_reps_1954_1_tp_2, Proteobacteria_11429_2_tp_2, Proteobacteria_11429_4_tp_2, Proteobacteria_7174_1_tp_2, Proteobacteria_7289_1_tp_2",0.0214456615565008,0.249272332334215
"Chlorophyta__streptophyta_848_1","Chlorophyta__streptophyta_833_1_tp_2, Dictyochophyceae_6_1_tp_2, Planctomycetes_34_1_tp_2, Proteobacteria_11429_2_tp_2, Proteobacteria_7100_1_tp_2, Proteobacteria_7295_1_tp_2, Proteobacteria_7983_3_tp_2, Proteobacteria_8178_1_tp_2, Sagenista_53_1_tp_2",0.161355636518395,0.242074331481843
"Chlorophyta__streptophyta_848_1","Archaea_164_1_tp_2, Bacteroidetes_1360_3_tp_2, Chlorophyta__streptophyta_833_1_tp_2, Dinoflagellata_955_1_tp_2, Proteobacteria_11210_1_tp_2, Proteobacteria_11429_2_tp_2, Proteobacteria_22_1_tp_2, Proteobacteria_7983_3_tp_2, Proteobacteria_8176_1_tp_2",0.11125543942271,0.22432815945592
"Chlorophyta__streptophyta_848_1","Bacteroidetes_1360_5_tp_2, Bacteroidetes_919_3_tp_2, Cercozoa_291_1_tp_2, Ciliophora_234_1_tp_2, Haptophyta_148_1_tp_2, Proteobacteria_6384_1_tp_2, Proteobacteria_7983_8_tp_2, Proteobacteria_8176_1_tp_2, Radiolaria_104_1_tp_2",0.215611274629934,0.231379979242498
"Chlorophyta__streptophyta_848_1","Bacteroidetes_1166_1_tp_2, Bacteroidetes_1264_1_tp_2, Bacteroidetes_131_1_tp_2, Bacteroidetes_918_2_tp_2, Bacteroidetes_918_4_tp_2, Chlorophyta__streptophyta_732_1_tp_2, Ciliophora_234_1_tp_2, Proteobacteria_5461_1_tp_2, Verrucomicrobia_23_1_tp_2",0.19253800005606,0.226651946723815
"Chlorophyta__streptophyta_848_1","Archaea_164_2_tp_2, Bacteroidetes_1360_5_tp_2, Bacteroidetes_918_5_tp_2, Dinoflagellata_1017_1_tp_2, Dinoflagellata_1542_1_tp_2, Nitrospirae_9_1_tp_2, Proteobacteria_11429_1_tp_2, Proteobacteria_11429_3_tp_2, Proteobacteria_7174_1_tp_2",0.118857148026332,0.254082817025665
"Chlorophyta__streptophyta_848_1","Bacteroidetes_1151_1_tp_2, Bacteroidetes_1204_1_tp_2, Bacteroidetes_317_1_tp_2, Bacteroidetes_918_1_tp_2, Ciliophora_280_1_tp_2, Haptophyta_148_1_tp_2, Proteobacteria_7983_7_tp_2, Sagenista_53_1_tp_2, temperature_tp_2",0.0261884061467517,0.257938757177337
"Chlorophyta__streptophyta_848_1","Bacteroidetes_1249_1_tp_2, Cercozoa_395_1_tp_2, Perkinsea_33_1_tp_2, Proteobacteria_10168_1_tp_2, Proteobacteria_11190_1_tp_2, Proteobacteria_11429_1_tp_2, Proteobacteria_11431_2_tp_2, Proteobacteria_7984_1_tp_2, Verrucomicrobia_18_1_tp_2",0.10368916560979,0.227378402194902
"Chlorophyta__streptophyta_848_1","Actinobacteria_410_1_tp_2, Bacillariophyta_219_1_tp_2, Cyanobacteria_85_1_tp_2, Dinoflagellata_1555_1_tp_2, Dinoflagellata_1793_1_tp_2, Dinoflagellata_1862_1_tp_2, Phylum_reps_2301_1_tp_2, Proteobacteria_11190_1_tp_2, Proteobacteria_7289_1_tp_2",0.168606684034006,0.229454957345215
"Chlorophyta__streptophyta_848_1","Actinobacteria_410_1_tp_2, Bacteroidetes_1360_1_tp_2, Bacteroidetes_918_1_tp_2, Cercozoa_291_1_tp_2, Chlorophyta__streptophyta_120_1_tp_2, Chrysophyceae_16_1_tp_2, Dinoflagellata_124_1_tp_2, Dinoflagellata_1769_1_tp_2, Proteobacteria_7100_1_tp_2",0.108313791071628,0.268663171394132
"Chlorophyta__streptophyta_848_1","Bacteroidetes_1166_1_tp_2, Bacteroidetes_1167_1_tp_2, Dinoflagellata_1769_1_tp_2, Dinoflagellata_874_1_tp_2, Perkinsea_33_1_tp_2, Proteobacteria_10168_1_tp_2, Proteobacteria_7295_1_tp_2, Proteobacteria_8176_1_tp_2, Sagenista_53_1_tp_2",0.138178246294429,0.238204474759356
"Chlorophyta__streptophyta_848_1","Bacillariophyta_196_1_tp_2, Bacillariophyta_44_1_tp_2, Chlorophyta__streptophyta_833_1_tp_2, Cryptophyta_15_1_tp_2, Cyanobacteria_48_1_tp_2, Dinoflagellata_1862_1_tp_2, Dinoflagellata_1968_1_tp_2, Proteobacteria_22_1_tp_2, Verrucomicrobia_18_2_tp_2",0.233615522880985,0.225213759309892
"Chlorophyta__streptophyta_848_1","Bacteroidetes_1360_1_tp_2, Div_reps_1600_2_tp_2, Perkinsea_33_1_tp_2, Proteobacteria_10091_1_tp_2, Proteobacteria_11431_2_tp_2, Proteobacteria_7230_1_tp_2, Proteobacteria_7983_2_tp_2, Proteobacteria_7983_3_tp_2, Verrucomicrobia_23_1_tp_2",0.236172004361289,0.210820793245438
"Chlorophyta__streptophyta_848_1","Bacillariophyta_29_1_tp_2, Bacillariophyta_44_1_tp_2, Chlorophyta__streptophyta_845_1_tp_2, Dinoflagellata_1009_1_tp_2, Dinoflagellata_955_1_tp_2, Proteobacteria_7174_1_tp_2, Proteobacteria_7982_2_tp_2, Proteobacteria_7983_2_tp_2, Proteobacteria_8176_1_tp_2",0.243818647106836,0.208745616350229
"Chlorophyta__streptophyta_848_1","Bacteroidetes_1360_4_tp_2, Cercozoa_22_1_tp_2, Dinoflagellata_1009_1_tp_2, Dinoflagellata_1968_1_tp_2, Dinoflagellata_955_1_tp_2, Planctomycetes_34_1_tp_2, Proteobacteria_11120_1_tp_2, Proteobacteria_7230_1_tp_2, Proteobacteria_7364_1_tp_2",0.215891117427316,0.210987106322406
"Chlorophyta__streptophyta_848_1","Cercozoa_291_1_tp_2, Haptophyta_203_1_tp_2, Phylum_reps_1954_1_tp_2, Proteobacteria_11155_1_tp_2, Proteobacteria_11210_2_tp_2, Proteobacteria_11428_1_tp_2, Proteobacteria_7295_1_tp_2, Proteobacteria_7983_1_tp_2, Verrucomicrobia_18_2_tp_2",0.112085546661358,0.237877475711014
"Chlorophyta__streptophyta_848_1","Bacillariophyta_138_1_tp_2, Bacteroidetes_1360_4_tp_2, Bacteroidetes_918_2_tp_2, Bacteroidetes_919_3_tp_2, Cyanobacteria_48_1_tp_2, Cyanobacteria_85_1_tp_2, Phylum_reps_2301_1_tp_2, Picozoa_6_1_tp_2, Proteobacteria_7230_2_tp_2",0.177293820174131,0.233717561813809
"Chlorophyta__streptophyta_848_1","Archaea_164_2_tp_2, Bacteroidetes_1167_1_tp_2, Bacteroidetes_919_1_tp_2, Cryptophyta_15_2_tp_2, Dinoflagellata_1017_1_tp_2, Planctomycetes_34_1_tp_2, Proteobacteria_7289_1_tp_2, Pseudofungi_43_1_tp_2, Verrucomicrobia_22_2_tp_2",0.220220745862534,0.243648807685816
"Chlorophyta__streptophyta_848_1","Cercozoa_22_1_tp_2, Cercozoa_23_1_tp_2, Cercozoa_291_1_tp_2, Chlorophyta__streptophyta_751_1_tp_2, Cryptophyta_15_2_tp_2, Dinoflagellata_1009_1_tp_2, Div_reps_2942_1_tp_2, Proteobacteria_6847_1_tp_2, Proteobacteria_7231_1_tp_2",0.250837008410751,0.217691647250668
"Chlorophyta__streptophyta_848_1","Bacteroidetes_1360_3_tp_2, Bacteroidetes_918_3_tp_2, Dinoflagellata_1098_1_tp_2, Proteobacteria_11190_1_tp_2, Proteobacteria_5461_1_tp_2, Proteobacteria_7289_1_tp_2, Proteobacteria_7787_1_tp_2, Proteobacteria_7983_1_tp_2, Verrucomicrobia_22_1_tp_2",0.166778497528926,0.237421680591862
"Chlorophyta__streptophyta_848_1","Archaea_164_2_tp_2, Bacteroidetes_1360_3_tp_2, Bacteroidetes_918_5_tp_2, Cyanobacteria_73_1_tp_2, Dictyochophyceae_6_1_tp_2, Dinoflagellata_1098_1_tp_2, Dinoflagellata_955_1_tp_2, Proteobacteria_11429_1_tp_2, Proteobacteria_5436_1_tp_2",0.16175648399079,0.230820747147105
"Chlorophyta__streptophyta_848_1","Bacillariophyta_219_1_tp_2, Bacteroidetes_919_3_tp_2, Cyanobacteria_65_1_tp_2, Dictyochophyceae_6_1_tp_2, Div_reps_1600_2_tp_2, Phylum_reps_1954_1_tp_2, Proteobacteria_11155_1_tp_2, Proteobacteria_7230_2_tp_2, Verrucomicrobia_18_3_tp_2",0.260236121336191,0.234339995001854
"Chlorophyta__streptophyta_848_1","Bacteroidetes_129_1_tp_2, Cryptophyta_15_1_tp_2, Dinoflagellata_1496_1_tp_2, Dinoflagellata_1542_1_tp_2, Dinoflagellata_1862_1_tp_2, Perkinsea_44_1_tp_2, Proteobacteria_9681_1_tp_2, Verrucomicrobia_18_2_tp_2, Verrucomicrobia_23_1_tp_2",0.168669688678608,0.230481540348803
"Chlorophyta__streptophyta_848_1","Bacteroidetes_1167_1_tp_2, Chlorophyta__streptophyta_833_1_tp_2, Ciliophora_298_1_tp_2, Div_reps_1600_1_tp_2, Haptophyta_203_1_tp_2, Proteobacteria_7319_1_tp_2, Proteobacteria_9681_1_tp_2, Sagenista_53_1_tp_2, Verrucomicrobia_22_2_tp_2",0.259218568421227,0.242721279972798
"Chlorophyta__streptophyta_848_1","Bacillariophyta_100_1_tp_2, Bacillariophyta_123_1_tp_2, Bacteroidetes_919_1_tp_2, Chlorophyta__streptophyta_751_1_tp_2, Dinoflagellata_1728_1_tp_2, Proteobacteria_11190_1_tp_2, Proteobacteria_11210_1_tp_2, Proteobacteria_7983_6_tp_2, Proteobacteria_9681_1_tp_2",0.12833992104437,0.246888494351586
"Chlorophyta__streptophyta_848_1","Bacteroidetes_1151_1_tp_2, Bacteroidetes_129_1_tp_2, Bacteroidetes_918_5_tp_2, Haptophyta_148_1_tp_2, Phylum_reps_1985_1_tp_2, Proteobacteria_11155_2_tp_2, Proteobacteria_7982_1_tp_2, Raphidophyceae_3_1_tp_2, Verrucomicrobia_18_1_tp_2",0.0111700284115724,0.263666514466948
"Chlorophyta__streptophyta_848_1","Bacteroidetes_129_1_tp_2, Bacteroidetes_918_4_tp_2, Dinoflagellata_1017_1_tp_2, Dinoflagellata_1098_1_tp_2, Dinoflagellata_1496_1_tp_2, Proteobacteria_11429_1_tp_2, Proteobacteria_5436_1_tp_2, temperature_tp_2, Verrucomicrobia_18_3_tp_2",0.0643217526169373,0.249839870191504
"Chlorophyta__streptophyta_848_1","Bacillariophyta_100_1_tp_2, Bacteroidetes_1194_1_tp_2, Bacteroidetes_919_2_tp_2, Dinoflagellata_124_1_tp_2, Planctomycetes_27_1_tp_2, Proteobacteria_7230_2_tp_2, Proteobacteria_7313_1_tp_2, Proteobacteria_7983_4_tp_2, Pseudofungi_43_1_tp_2",0.142842853902611,0.296052972604879
"Chlorophyta__streptophyta_848_1","Bacteroidetes_1204_1_tp_2, Chlorophyta__streptophyta_120_1_tp_2, Chlorophyta__streptophyta_732_1_tp_2, Cryptophyta_15_1_tp_2, Cyanobacteria_65_1_tp_2, Cyanobacteria_73_1_tp_2, Dinoflagellata_1771_2_tp_2, Radiolaria_104_1_tp_2, Verrucomicrobia_18_4_tp_2",0.20558694758989,0.237046556199993
"Chlorophyta__streptophyta_848_1","Bacteroidetes_317_1_tp_2, Dinoflagellata_1014_1_tp_2, Dinoflagellata_1017_1_tp_2, Div_reps_1600_1_tp_2, Perkinsea_33_1_tp_2, Proteobacteria_10168_1_tp_2, Pseudofungi_43_1_tp_2, Verrucomicrobia_18_1_tp_2, Verrucomicrobia_22_1_tp_2",0.249723561337683,0.220069414589435
"Chlorophyta__streptophyta_848_1","Bacteroidetes_918_5_tp_2, Bacteroidetes_919_3_tp_2, Cercozoa_395_1_tp_2, Cyanobacteria_65_1_tp_2, Dinoflagellata_1862_1_tp_2, Proteobacteria_7313_1_tp_2, Proteobacteria_7314_1_tp_2, Radiolaria_104_1_tp_2, Raphidophyceae_3_1_tp_2",0.222443276999021,0.218435782711306
"Chlorophyta__streptophyta_848_1","Archaea_164_1_tp_2, Bacillariophyta_123_1_tp_2, Bacillariophyta_29_1_tp_2, Bacteroidetes_1166_1_tp_2, Ciliophora_280_1_tp_2, Katablepharidophyta_7_1_tp_2, Proteobacteria_11429_1_tp_2, Proteobacteria_22_1_tp_2, Proteobacteria_7230_1_tp_2",0.00456777462583266,0.253924988491121
"Chlorophyta__streptophyta_848_1","Cryptophyta_15_1_tp_2, Dinoflagellata_1098_1_tp_2, Div_reps_1600_1_tp_2, Proteobacteria_11429_1_tp_2, Proteobacteria_6847_1_tp_2, Proteobacteria_7983_2_tp_2, Proteobacteria_8177_1_tp_2, Proteobacteria_8178_1_tp_2, Sagenista_53_1_tp_2",0.151648674571595,0.286527667485789
"Chlorophyta__streptophyta_848_1","Bacillariophyta_123_1_tp_2, Ciliophora_451_1_tp_2, Dinoflagellata_1098_1_tp_2, Dinoflagellata_1769_1_tp_2, Dinoflagellata_955_1_tp_2, Proteobacteria_10168_1_tp_2, Proteobacteria_11428_1_tp_2, Proteobacteria_9681_2_tp_2, temperature_tp_2",0.135169793375796,0.235993473815533
"Chlorophyta__streptophyta_848_1","Bacillariophyta_123_1_tp_2, Bacillariophyta_29_1_tp_2, Bacteroidetes_1194_1_tp_2, Bacteroidetes_1204_1_tp_2, Bacteroidetes_131_1_tp_2, Perkinsea_33_1_tp_2, Proteobacteria_10091_1_tp_2, Proteobacteria_7230_3_tp_2, Raphidophyceae_3_1_tp_2",0.186511206213201,0.222128389545222
"Chlorophyta__streptophyta_848_1","Bacillariophyta_138_1_tp_2, Bacteroidetes_1151_1_tp_2, Ciliophora_1195_1_tp_2, Dinoflagellata_1728_1_tp_2, Dinoflagellata_1749_1_tp_2, Proteobacteria_7100_1_tp_2, Proteobacteria_7983_2_tp_2, Proteobacteria_7984_1_tp_2, Proteobacteria_8177_2_tp_2",0.131761873688652,0.232075682533009
"Chlorophyta__streptophyta_848_1","Bacteroidetes_1178_1_tp_2, Bacteroidetes_1186_1_tp_2, Bacteroidetes_1360_2_tp_2, Chrysophyceae_16_1_tp_2, Dinoflagellata_1862_1_tp_2, Dinoflagellata_874_1_tp_2, Proteobacteria_11120_1_tp_2, Proteobacteria_5436_1_tp_2, Sagenista_53_1_tp_2",0.216172406234475,0.233095005596265
"Chlorophyta__streptophyta_848_1","Bacteroidetes_1166_1_tp_2, Cercozoa_22_1_tp_2, Dinoflagellata_1793_1_tp_2, Perkinsea_44_1_tp_2, Proteobacteria_10091_1_tp_2, Proteobacteria_11155_1_tp_2, Proteobacteria_11429_1_tp_2, Proteobacteria_7100_1_tp_2, Proteobacteria_7984_1_tp_2",0.218463722640553,0.215762660743298
"Chlorophyta__streptophyta_848_1","Bacillariophyta_196_1_tp_2, Bacteroidetes_1167_1_tp_2, Bacteroidetes_1360_2_tp_2, Chlorophyta__streptophyta_732_1_tp_2, Chlorophyta__streptophyta_895_1_tp_2, Planctomycetes_34_1_tp_2, Proteobacteria_11431_2_tp_2, Proteobacteria_7313_1_tp_2, Proteobacteria_8177_1_tp_2",0.196418090964256,0.244485116530706
"Chlorophyta__streptophyta_848_1","Actinobacteria_410_2_tp_2, Bacteroidetes_1166_1_tp_2, Bacteroidetes_938_1_tp_2, Chlorophyta__streptophyta_732_1_tp_2, Nitrospirae_9_1_tp_2, Planctomycetes_34_1_tp_2, Proteobacteria_7289_1_tp_2, Proteobacteria_9681_1_tp_2, Pseudofungi_43_1_tp_2",0.145247911200117,0.253249013532682
"Chlorophyta__streptophyta_848_1","Bacillariophyta_100_1_tp_2, Bacillariophyta_196_1_tp_2, Ciliophora_1195_1_tp_2, Dinoflagellata_124_1_tp_2, Dinoflagellata_1769_1_tp_2, Proteobacteria_6384_1_tp_2, Proteobacteria_7787_1_tp_2, Proteobacteria_8178_1_tp_2, Proteobacteria_8520_1_tp_2",0.291921543244613,0.230996579513499
"Chlorophyta__streptophyta_848_1","Bacillariophyta_196_1_tp_2, Bacteroidetes_1194_1_tp_2, Dinoflagellata_1014_1_tp_2, Dinoflagellata_124_1_tp_2, Dinoflagellata_874_1_tp_2, Proteobacteria_11155_2_tp_2, Proteobacteria_7230_2_tp_2, Proteobacteria_7289_1_tp_2, Sagenista_53_1_tp_2",0.133211707162137,0.284591507906055
"Chlorophyta__streptophyta_848_1","Ciliophora_403_1_tp_2, Div_reps_1600_2_tp_2, Perkinsea_33_1_tp_2, Proteobacteria_7314_1_tp_2, Proteobacteria_7983_4_tp_2, Proteobacteria_8520_1_tp_2, Proteobacteria_9681_2_tp_2, Verrucomicrobia_18_1_tp_2, Verrucomicrobia_18_4_tp_2",0.219648242583795,0.222635292730676
"Chlorophyta__streptophyta_848_1","Bacteroidetes_1194_1_tp_2, Bacteroidetes_938_1_tp_2, Dinoflagellata_1711_1_tp_2, Dinoflagellata_1769_1_tp_2, Div_reps_2942_1_tp_2, Planctomycetes_27_1_tp_2, Proteobacteria_10091_1_tp_2, Proteobacteria_8175_1_tp_2, Verrucomicrobia_18_2_tp_2",0.127365969460193,0.249630205761513
"Chlorophyta__streptophyta_848_1","Archaea_164_2_tp_2, Bacteroidetes_1360_1_tp_2, Bacteroidetes_1360_3_tp_2, Dinoflagellata_1009_1_tp_2, Picozoa_6_1_tp_2, Proteobacteria_11210_2_tp_2, Proteobacteria_7231_1_tp_2, Proteobacteria_7983_4_tp_2, Pseudofungi_43_1_tp_2",0.148682506768361,0.239775007020333
"Chlorophyta__streptophyta_848_1","Bacteroidetes_129_2_tp_2, Bacteroidetes_918_5_tp_2, Bacteroidetes_919_1_tp_2, Bacteroidetes_919_3_tp_2, Cryptophyta_15_1_tp_2, Planctomycetes_27_1_tp_2, Proteobacteria_10091_1_tp_2, Proteobacteria_8176_2_tp_2, Proteobacteria_8520_1_tp_2",0.0625572753399236,0.273205907103775
"Chlorophyta__streptophyta_848_1","Bacteroidetes_129_2_tp_2, Bacteroidetes_1349_1_tp_2, Bacteroidetes_918_3_tp_2, Dinoflagellata_1728_2_tp_2, Div_reps_1600_1_tp_2, Katablepharidophyta_7_1_tp_2, Proteobacteria_7316_1_tp_2, Proteobacteria_9681_1_tp_2, Verrucomicrobia_18_2_tp_2",0.154111617940363,0.238879907221949
"Chlorophyta__streptophyta_848_1","Bacteroidetes_1194_1_tp_2, Bacteroidetes_1360_3_tp_2, Ciliophora_234_1_tp_2, Dictyochophyceae_6_1_tp_2, Dinoflagellata_1198_1_tp_2, Picozoa_18_1_tp_2, Proteobacteria_11431_2_tp_2, Proteobacteria_7982_2_tp_2, Rhodophyta_506_1_tp_2",0.29217314782437,0.244235547999001
"Chlorophyta__streptophyta_848_1","Bacteroidetes_1249_1_tp_2, Bacteroidetes_1360_4_tp_2, Bacteroidetes_918_5_tp_2, Cryptophyta_108_1_tp_2, Dinoflagellata_1658_1_tp_2, Proteobacteria_11210_1_tp_2, Proteobacteria_11429_3_tp_2, Proteobacteria_5461_1_tp_2, Proteobacteria_7983_8_tp_2",0.101075981751417,0.272430745937374
"Chlorophyta__streptophyta_848_1","Bacteroidetes_1167_1_tp_2, Bacteroidetes_1249_1_tp_2, Dinoflagellata_1711_1_tp_2, Proteobacteria_11429_4_tp_2, Proteobacteria_7166_1_tp_2, Proteobacteria_7230_3_tp_2, Proteobacteria_7982_2_tp_2, Proteobacteria_8177_1_tp_2, Radiolaria_104_1_tp_2",0.271605564631332,0.217247113667005
"Chlorophyta__streptophyta_848_1","Actinobacteria_410_1_tp_2, Actinobacteria_410_2_tp_2, Bacteroidetes_918_2_tp_2, Chlorophyta__streptophyta_751_1_tp_2, Ciliophora_451_1_tp_2, Proteobacteria_7983_4_tp_2, Proteobacteria_8177_1_tp_2, Proteobacteria_9681_2_tp_2, Pseudofungi_43_1_tp_2",0.187154068211806,0.253871509435522
"Chlorophyta__streptophyta_848_1","Bacillariophyta_196_1_tp_2, Bacteroidetes_918_5_tp_2, Chlorophyta__streptophyta_732_1_tp_2, Ciliophora_1195_1_tp_2, Proteobacteria_11431_2_tp_2, Proteobacteria_7230_2_tp_2, Proteobacteria_7313_1_tp_2, Proteobacteria_7319_1_tp_2, Proteobacteria_8185_1_tp_2",0.112355533147123,0.262451768500937
"Chlorophyta__streptophyta_848_1","Bacillariophyta_44_1_tp_2, Bacteroidetes_1360_1_tp_2, Ciliophora_280_1_tp_2, Haptophyta_203_1_tp_2, Perkinsea_33_1_tp_2, Proteobacteria_10114_1_tp_2, Proteobacteria_11429_3_tp_2, Proteobacteria_7231_1_tp_2, Proteobacteria_9681_1_tp_2",0.167047741623936,0.229112524302347
"Chlorophyta__streptophyta_848_1","Bacillariophyta_44_1_tp_2, Bacteroidetes_1151_1_tp_2, Bacteroidetes_1204_1_tp_2, Bacteroidetes_918_4_tp_2, Cyanobacteria_65_1_tp_2, Dinoflagellata_1098_1_tp_2, Dinoflagellata_1555_1_tp_2, Dinoflagellata_1728_1_tp_2, Proteobacteria_7983_1_tp_2",0.0502187510757124,0.244155445879556
"Chlorophyta__streptophyta_848_1","Dinoflagellata_1009_1_tp_2, Dinoflagellata_1968_1_tp_2, Perkinsea_44_1_tp_2, Proteobacteria_11431_1_tp_2, Proteobacteria_5436_1_tp_2, Proteobacteria_7174_1_tp_2, Proteobacteria_7231_1_tp_2, Proteobacteria_8185_1_tp_2, Verrucomicrobia_22_1_tp_2",0.127497227948015,0.232745910265928
"Chlorophyta__streptophyta_848_1","Actinobacteria_410_2_tp_2, Bacteroidetes_1360_1_tp_2, Bacteroidetes_918_2_tp_2, Chlorophyta__streptophyta_751_1_tp_2, Dinoflagellata_1728_1_tp_2, Dinoflagellata_1771_2_tp_2, Phylum_reps_1985_1_tp_2, Proteobacteria_11431_2_tp_2, Verrucomicrobia_18_2_tp_2",0.207332277034928,0.234526193301583
"Chlorophyta__streptophyta_848_1","Actinobacteria_410_2_tp_2, Bacteroidetes_1167_1_tp_2, Bacteroidetes_1178_1_tp_2, Cercozoa_395_1_tp_2, Dinoflagellata_1555_1_tp_2, Planctomycetes_27_1_tp_2, Proteobacteria_11429_1_tp_2, Proteobacteria_7230_1_tp_2, Proteobacteria_8176_1_tp_2",0.21997657495328,0.214459310318089
"Chlorophyta__streptophyta_848_1","Archaea_164_2_tp_2, Bacillariophyta_100_1_tp_2, Bacillariophyta_196_1_tp_2, Bacteroidetes_919_2_tp_2, Dinoflagellata_1009_1_tp_2, Dinoflagellata_874_1_tp_2, Phylum_reps_2301_1_tp_2, Proteobacteria_7787_1_tp_2, Proteobacteria_7983_1_tp_2",0.135660824952292,0.252086006257344
"Chlorophyta__streptophyta_848_1","Bacillariophyta_100_1_tp_2, Bacteroidetes_129_1_tp_2, Proteobacteria_11190_1_tp_2, Proteobacteria_7230_3_tp_2, Proteobacteria_7231_1_tp_2, Proteobacteria_7295_1_tp_2, Proteobacteria_7983_8_tp_2, Proteobacteria_8178_1_tp_2, Verrucomicrobia_23_1_tp_2",0.231494957674467,0.217274376910922
"Chlorophyta__streptophyta_848_1","Bacteroidetes_129_1_tp_2, Bacteroidetes_919_3_tp_2, Katablepharidophyta_7_1_tp_2, Proteobacteria_6384_1_tp_2, Proteobacteria_7230_2_tp_2, Proteobacteria_8177_2_tp_2, Proteobacteria_8178_1_tp_2, Rhodophyta_506_1_tp_2, Sagenista_61_1_tp_2",0.169334420032559,0.242221403576777
"Chlorophyta__streptophyta_848_1","Bacteroidetes_317_1_tp_2, Cryptophyta_15_2_tp_2, Dinoflagellata_1658_1_tp_2, Katablepharidophyta_7_1_tp_2, Proteobacteria_11429_3_tp_2, Proteobacteria_22_1_tp_2, Proteobacteria_7787_1_tp_2, Proteobacteria_7983_7_tp_2, Pseudofungi_43_1_tp_2",0.191051896843273,0.226018652463203
"Chlorophyta__streptophyta_848_1","Bacillariophyta_100_1_tp_2, Bacteroidetes_1166_2_tp_2, Bacteroidetes_918_5_tp_2, Chlorophyta__streptophyta_751_1_tp_2, Chrysophyceae_16_1_tp_2, Dinoflagellata_1968_1_tp_2, Proteobacteria_7230_3_tp_2, Proteobacteria_8175_1_tp_2, Verrucomicrobia_18_2_tp_2",0.176540432896705,0.242952297475152
"Chlorophyta__streptophyta_848_1","Bacteroidetes_1151_1_tp_2, Bacteroidetes_1349_1_tp_2, Bacteroidetes_1360_2_tp_2, Cercozoa_23_1_tp_2, Chlorophyta__streptophyta_833_1_tp_2, Proteobacteria_7314_1_tp_2, Proteobacteria_7984_1_tp_2, Sagenista_61_1_tp_2, Verrucomicrobia_18_3_tp_2",0.166123793861151,0.232379398556822
"Chlorophyta__streptophyta_848_1","Bacteroidetes_317_1_tp_2, Chlorophyta__streptophyta_732_1_tp_2, Dinoflagellata_1198_1_tp_2, Dinoflagellata_1496_1_tp_2, Dinoflagellata_982_1_tp_2, Haptophyta_148_1_tp_2, Proteobacteria_11428_1_tp_2, Proteobacteria_7174_1_tp_2, Rhodophyta_506_1_tp_2",0.190602795110487,0.276153655142624
"Chlorophyta__streptophyta_848_1","Cercozoa_291_1_tp_2, Dinoflagellata_1496_1_tp_2, Dinoflagellata_1862_1_tp_2, Div_reps_2942_1_tp_2, Picozoa_18_1_tp_2, Proteobacteria_11431_1_tp_2, Proteobacteria_7289_1_tp_2, Proteobacteria_7983_4_tp_2, Proteobacteria_8175_1_tp_2",0.235840887231313,0.223291796674387
"Chlorophyta__streptophyta_848_1","Dinoflagellata_1555_1_tp_2, Dinoflagellata_1711_1_tp_2, Dinoflagellata_1862_1_tp_2, Div_reps_2942_1_tp_2, Proteobacteria_10114_1_tp_2, Proteobacteria_7313_1_tp_2, Proteobacteria_7319_1_tp_2, Proteobacteria_7982_1_tp_2, Proteobacteria_8177_2_tp_2",0.160585841950315,0.235798001971952
"Chlorophyta__streptophyta_848_1","Archaea_164_2_tp_2, Bacteroidetes_1166_1_tp_2, Bacteroidetes_1166_2_tp_2, Bacteroidetes_131_1_tp_2, Bacteroidetes_919_3_tp_2, Cercozoa_23_1_tp_2, Katablepharidophyta_7_1_tp_2, Planctomycetes_27_1_tp_2, Proteobacteria_7983_6_tp_2",0.112303053684084,0.256154330711122
"Chlorophyta__streptophyta_848_1","Bacillariophyta_44_1_tp_2, Bacteroidetes_1167_1_tp_2, Dictyochophyceae_6_1_tp_2, Div_reps_2942_1_tp_2, Planctomycetes_34_1_tp_2, Proteobacteria_7364_1_tp_2, Proteobacteria_7983_5_tp_2, Proteobacteria_8176_2_tp_2, Proteobacteria_8177_2_tp_2",0.232637290744317,0.228551919245826
"Chlorophyta__streptophyta_848_1","Bacteroidetes_131_1_tp_2, Bacteroidetes_918_5_tp_2, Ciliophora_403_1_tp_2, Proteobacteria_11429_3_tp_2, Proteobacteria_7982_2_tp_2, Proteobacteria_7983_8_tp_2, Proteobacteria_7984_1_tp_2, Sagenista_53_1_tp_2, Verrucomicrobia_22_1_tp_2",0.305546377990011,0.212086081629993
"Chlorophyta__streptophyta_848_1","Actinobacteria_410_2_tp_2, Bacillariophyta_196_1_tp_2, Bacteroidetes_1204_1_tp_2, Bacteroidetes_317_1_tp_2, Bacteroidetes_938_1_tp_2, Chlorophyta__streptophyta_895_1_tp_2, Dinoflagellata_1009_1_tp_2, Dinoflagellata_874_1_tp_2, Proteobacteria_11210_1_tp_2",0.135591574241781,0.254859161473826
"Chlorophyta__streptophyta_848_1","Bacteroidetes_1360_2_tp_2, Chlorophyta__streptophyta_120_1_tp_2, Dinoflagellata_1769_1_tp_2, Dinoflagellata_1862_1_tp_2, Dinoflagellata_1968_1_tp_2, Proteobacteria_6384_1_tp_2, Proteobacteria_8176_2_tp_2, Proteobacteria_8520_1_tp_2, Rhodophyta_506_1_tp_2",0.169054991670423,0.244823926206482
"Chlorophyta__streptophyta_848_1","Bacillariophyta_138_1_tp_2, Bacillariophyta_219_1_tp_2, Ciliophora_298_1_tp_2, Picozoa_18_1_tp_2, Proteobacteria_10168_1_tp_2, Proteobacteria_11429_3_tp_2, Proteobacteria_7174_1_tp_2, Proteobacteria_8178_1_tp_2, Verrucomicrobia_18_2_tp_2",0.0811932031103156,0.260438077150676
"Chlorophyta__streptophyta_848_1","Dinoflagellata_1728_1_tp_2, Dinoflagellata_955_1_tp_2, Dinoflagellata_982_1_tp_2, Div_reps_1600_1_tp_2, Phylum_reps_1954_1_tp_2, Proteobacteria_11210_1_tp_2, Proteobacteria_7230_3_tp_2, Proteobacteria_8176_2_tp_2, Verrucomicrobia_18_3_tp_2",0.213503060199501,0.222440481285612
"Chlorophyta__streptophyta_848_1","Bacteroidetes_919_3_tp_2, Chlorophyta__streptophyta_751_1_tp_2, Dinoflagellata_1496_1_tp_2, Planctomycetes_27_1_tp_2, Proteobacteria_10114_1_tp_2, Proteobacteria_11155_1_tp_2, Proteobacteria_11428_1_tp_2, Proteobacteria_8176_2_tp_2, Verrucomicrobia_23_1_tp_2",0.143129510416996,0.247396894465166
"Chlorophyta__streptophyta_848_1","Bacteroidetes_1151_1_tp_2, Cercozoa_22_1_tp_2, Dinoflagellata_1711_1_tp_2, Dinoflagellata_1728_2_tp_2, Proteobacteria_11431_2_tp_2, Proteobacteria_7231_1_tp_2, Proteobacteria_7364_1_tp_2, Proteobacteria_7983_3_tp_2, Verrucomicrobia_18_4_tp_2",0.0740975838276792,0.23090059302095
"Chlorophyta__streptophyta_848_1","Chlorophyta__streptophyta_833_1_tp_2, Ciliophora_403_1_tp_2, Dinoflagellata_1010_1_tp_2, Dinoflagellata_1771_2_tp_2, Picozoa_6_1_tp_2, Proteobacteria_10168_1_tp_2, Proteobacteria_11431_1_tp_2, Proteobacteria_7166_1_tp_2, Proteobacteria_8176_2_tp_2",0.197049441934982,0.225545898951941
"Chlorophyta__streptophyta_848_1","Bacillariophyta_44_1_tp_2, Bacteroidetes_1360_1_tp_2, Bacteroidetes_918_3_tp_2, Chlorophyta__streptophyta_845_1_tp_2, Ciliophora_451_1_tp_2, Cryptophyta_15_1_tp_2, Planctomycetes_27_1_tp_2, Planctomycetes_61_1_tp_2, Proteobacteria_7289_1_tp_2",0.159566945063899,0.269586752567487
"Chlorophyta__streptophyta_848_1","Bacteroidetes_1166_1_tp_2, Bacteroidetes_1349_1_tp_2, Ciliophora_234_1_tp_2, Cryptophyta_15_1_tp_2, Cyanobacteria_48_1_tp_2, Dinoflagellata_1771_1_tp_2, Proteobacteria_11210_1_tp_2, Proteobacteria_6384_1_tp_2, Proteobacteria_7100_1_tp_2",0.157790446703124,0.275007174207861
"Chlorophyta__streptophyta_848_1","Bacillariophyta_100_1_tp_2, Bacillariophyta_219_1_tp_2, Bacteroidetes_1167_1_tp_2, Bacteroidetes_1264_1_tp_2, Bacteroidetes_131_1_tp_2, Bacteroidetes_918_4_tp_2, Dinoflagellata_1009_1_tp_2, Proteobacteria_6384_1_tp_2, Proteobacteria_7983_3_tp_2",0.209273882534267,0.236509567597631
"Chlorophyta__streptophyta_848_1","Actinobacteria_410_2_tp_2, Bacteroidetes_1224_1_tp_2, Bacteroidetes_938_1_tp_2, Dinoflagellata_955_1_tp_2, Proteobacteria_10114_1_tp_2, Proteobacteria_7295_1_tp_2, Proteobacteria_7787_1_tp_2, Proteobacteria_7983_8_tp_2, Raphidophyceae_3_1_tp_2",0.201179572289142,0.224313183995074
"Chlorophyta__streptophyta_848_1","Bacteroidetes_1204_1_tp_2, Bacteroidetes_918_5_tp_2, Chrysophyceae_16_1_tp_2, Dinoflagellata_1010_1_tp_2, Dinoflagellata_1496_1_tp_2, Dinoflagellata_1728_1_tp_2, Dinoflagellata_1862_1_tp_2, Proteobacteria_7166_1_tp_2, Proteobacteria_7364_1_tp_2",0.200603906095815,0.215070212610803
"Chlorophyta__streptophyta_848_1","Bacteroidetes_1151_1_tp_2, Chlorophyta__streptophyta_751_1_tp_2, Cryptophyta_15_2_tp_2, Dinoflagellata_1968_1_tp_2, Haptophyta_148_1_tp_2, Lobosa_11_1_tp_2, Proteobacteria_11155_1_tp_2, Proteobacteria_11190_1_tp_2, Proteobacteria_11429_1_tp_2",0.0840565562906771,0.24655647253855
"Chlorophyta__streptophyta_848_1","Archaea_179_1_tp_2, Bacteroidetes_1224_1_tp_2, Bacteroidetes_1349_1_tp_2, Bacteroidetes_919_3_tp_2, Dictyochophyceae_6_1_tp_2, Lobosa_11_1_tp_2, Picozoa_18_1_tp_2, Proteobacteria_7166_1_tp_2, Radiolaria_104_1_tp_2",0.270230592930639,0.218502469022078
"Chlorophyta__streptophyta_848_1","Bacillariophyta_29_1_tp_2, Bacteroidetes_1178_1_tp_2, Cercozoa_395_1_tp_2, Chlorophyta__streptophyta_845_1_tp_2, Dinoflagellata_1728_1_tp_2, Dinoflagellata_1968_1_tp_2, Katablepharidophyta_7_1_tp_2, Proteobacteria_8175_1_tp_2, Proteobacteria_8185_1_tp_2",0.216976657080468,0.218090491850419
"Chlorophyta__streptophyta_848_1","Bacteroidetes_1167_1_tp_2, Bacteroidetes_1194_1_tp_2, Ciliophora_298_1_tp_2, Dinoflagellata_1009_1_tp_2, Nitrospirae_9_1_tp_2, Picozoa_18_1_tp_2, Proteobacteria_7231_1_tp_2, Proteobacteria_7983_1_tp_2, Verrucomicrobia_22_1_tp_2",0.0784830625723412,0.232378491447486
"Chlorophyta__streptophyta_848_1","Archaea_164_1_tp_2, Bacillariophyta_219_1_tp_2, Ciliophora_451_1_tp_2, Haptophyta_148_1_tp_2, Proteobacteria_11429_2_tp_2, Proteobacteria_7166_1_tp_2, Proteobacteria_7983_4_tp_2, Proteobacteria_8185_1_tp_2, Verrucomicrobia_18_2_tp_2",0.253115022288093,0.230991692742359
"Chlorophyta__streptophyta_848_1","Archaea_164_1_tp_2, Bacillariophyta_196_1_tp_2, Bacteroidetes_1204_1_tp_2, Bacteroidetes_1224_1_tp_2, Ciliophora_1195_1_tp_2, Cryptophyta_108_1_tp_2, Cryptophyta_15_1_tp_2, Cyanobacteria_48_1_tp_2, Dinoflagellata_1017_1_tp_2",0.190783139584898,0.259881330859197
"Chlorophyta__streptophyta_848_1","Bacillariophyta_196_1_tp_2, Bacteroidetes_1204_1_tp_2, Ciliophora_403_1_tp_2, Proteobacteria_10114_1_tp_2, Proteobacteria_11210_2_tp_2, Proteobacteria_11429_1_tp_2, Proteobacteria_11429_2_tp_2, Proteobacteria_7983_4_tp_2, Rhodophyta_506_1_tp_2",0.206228819160778,0.24780207232531
"Chlorophyta__streptophyta_848_1","Ciliophora_298_1_tp_2, Dinoflagellata_1769_1_tp_2, Dinoflagellata_1771_2_tp_2, Dinoflagellata_982_1_tp_2, Katablepharidophyta_7_1_tp_2, Proteobacteria_11210_1_tp_2, Proteobacteria_6384_1_tp_2, Proteobacteria_7230_1_tp_2, Proteobacteria_7983_7_tp_2",0.0992723356586623,0.270172267409194
"Chlorophyta__streptophyta_848_1","Bacteroidetes_1178_1_tp_2, Bacteroidetes_1249_1_tp_2, Bacteroidetes_1264_1_tp_2, Chlorophyta__streptophyta_732_1_tp_2, Dinoflagellata_1862_1_tp_2, Proteobacteria_11428_1_tp_2, Proteobacteria_11429_4_tp_2, Proteobacteria_6847_1_tp_2, Verrucomicrobia_22_1_tp_2",0.222651076707115,0.219885152949089
"Chlorophyta__streptophyta_848_1","Actinobacteria_410_2_tp_2, Bacteroidetes_918_2_tp_2, Bacteroidetes_918_4_tp_2, Cryptophyta_15_1_tp_2, Dinoflagellata_1010_1_tp_2, Dinoflagellata_1968_1_tp_2, Phylum_reps_1985_1_tp_2, Planctomycetes_27_1_tp_2, Proteobacteria_11210_2_tp_2",0.222166397609584,0.249553515187708
"Chlorophyta__streptophyta_848_1","Archaea_164_2_tp_2, Bacillariophyta_219_1_tp_2, Bacteroidetes_1360_4_tp_2, Dinoflagellata_1017_1_tp_2, Dinoflagellata_1098_1_tp_2, Dinoflagellata_1968_1_tp_2, Div_reps_1600_2_tp_2, Phylum_reps_2301_1_tp_2, Picozoa_6_1_tp_2",0.243324761184128,0.224862204953284
"Chlorophyta__streptophyta_848_1","Bacillariophyta_196_1_tp_2, Bacteroidetes_1186_1_tp_2, Bacteroidetes_1204_1_tp_2, Bacteroidetes_129_2_tp_2, Cyanobacteria_48_1_tp_2, Proteobacteria_11429_4_tp_2, Proteobacteria_7314_1_tp_2, Proteobacteria_7983_7_tp_2, Proteobacteria_8175_1_tp_2",0.0928648399620844,0.269496527113802
"Chlorophyta__streptophyta_848_1","Actinobacteria_410_2_tp_2, Bacteroidetes_317_1_tp_2, Dinoflagellata_1496_1_tp_2, Proteobacteria_10114_1_tp_2, Proteobacteria_10168_1_tp_2, Proteobacteria_7314_1_tp_2, Proteobacteria_7983_1_tp_2, Proteobacteria_9681_2_tp_2, Radiolaria_104_1_tp_2",0.150710180618794,0.238389513324891
"Chlorophyta__streptophyta_848_1","Bacillariophyta_219_1_tp_2, Bacteroidetes_1178_1_tp_2, Bacteroidetes_1224_1_tp_2, Dinoflagellata_1098_1_tp_2, Proteobacteria_11429_4_tp_2, Proteobacteria_7230_2_tp_2, Proteobacteria_7230_3_tp_2, Proteobacteria_8520_1_tp_2, Rhodophyta_506_1_tp_2",0.201609621560002,0.258228097828694
"Chlorophyta__streptophyta_848_1","Cercozoa_395_1_tp_2, Chlorophyta__streptophyta_751_1_tp_2, Cyanobacteria_65_1_tp_2, Cyanobacteria_85_1_tp_2, Div_reps_1600_2_tp_2, Planctomycetes_27_1_tp_2, Proteobacteria_5461_1_tp_2, Proteobacteria_7983_5_tp_2, Verrucomicrobia_18_2_tp_2",0.165439611195248,0.218134078871226
"Chlorophyta__streptophyta_848_1","Bacteroidetes_1349_1_tp_2, Chlorophyta__streptophyta_120_1_tp_2, Cyanobacteria_85_1_tp_2, Dinoflagellata_1009_1_tp_2, Dinoflagellata_1542_1_tp_2, Dinoflagellata_1728_1_tp_2, Dinoflagellata_982_1_tp_2, Proteobacteria_10114_1_tp_2, Verrucomicrobia_18_3_tp_2",0.253553164519629,0.229936244361076
"Chlorophyta__streptophyta_848_1","Bacteroidetes_1360_2_tp_2, Bacteroidetes_918_3_tp_2, Bacteroidetes_956_1_tp_2, Chlorophyta__streptophyta_732_1_tp_2, Dictyochophyceae_6_1_tp_2, Dinoflagellata_1749_1_tp_2, Proteobacteria_7230_3_tp_2, Proteobacteria_7314_1_tp_2, Proteobacteria_7983_1_tp_2",0.0991174040909387,0.247104648978058
"Chlorophyta__streptophyta_848_1","Bacteroidetes_1151_1_tp_2, Bacteroidetes_129_2_tp_2, Ciliophora_1195_1_tp_2, Dinoflagellata_1728_1_tp_2, Perkinsea_44_1_tp_2, Picozoa_18_1_tp_2, Proteobacteria_11155_2_tp_2, Proteobacteria_7174_1_tp_2, Proteobacteria_8177_1_tp_2",0.103476867820549,0.242692794830412
"Chlorophyta__streptophyta_848_1","Bacillariophyta_123_1_tp_2, Bacteroidetes_1360_2_tp_2, Bacteroidetes_918_2_tp_2, Bacteroidetes_918_3_tp_2, Ciliophora_1195_1_tp_2, Div_reps_1600_2_tp_2, Planctomycetes_61_1_tp_2, Proteobacteria_11429_2_tp_2, Proteobacteria_8177_1_tp_2",0.0271283728878949,0.24949680326395
"Chlorophyta__streptophyta_848_1","Bacteroidetes_919_3_tp_2, Cercozoa_395_1_tp_2, Dinoflagellata_1769_1_tp_2, Div_reps_1600_2_tp_2, Proteobacteria_10114_1_tp_2, Proteobacteria_7166_1_tp_2, Proteobacteria_7231_1_tp_2, Proteobacteria_7983_8_tp_2, Verrucomicrobia_22_2_tp_2",0.156741365320091,0.217388300593017
"Chlorophyta__streptophyta_848_1","Bacteroidetes_1360_1_tp_2, Bacteroidetes_317_1_tp_2, Cercozoa_291_1_tp_2, Katablepharidophyta_7_1_tp_2, Proteobacteria_7982_1_tp_2, Proteobacteria_7983_7_tp_2, Proteobacteria_8176_1_tp_2, Proteobacteria_9681_1_tp_2, temperature_tp_2",0.105287884209793,0.242286601904823
"Chlorophyta__streptophyta_848_1","Bacillariophyta_196_1_tp_2, Bacteroidetes_1235_1_tp_2, Bacteroidetes_1360_4_tp_2, Dinoflagellata_1198_1_tp_2, Div_reps_2942_1_tp_2, Proteobacteria_7230_1_tp_2, Proteobacteria_7230_3_tp_2, Verrucomicrobia_22_1_tp_2, Verrucomicrobia_22_2_tp_2",0.224392202323453,0.219555992714426
"Chlorophyta__streptophyta_848_1","Cryptophyta_108_1_tp_2, Cyanobacteria_73_1_tp_2, Dinoflagellata_1010_1_tp_2, Dinoflagellata_1198_1_tp_2, Dinoflagellata_1658_1_tp_2, Dinoflagellata_1771_2_tp_2, Planctomycetes_34_1_tp_2, Proteobacteria_7316_1_tp_2, Proteobacteria_7787_1_tp_2",0.326957020240856,0.225222941125356
"Chlorophyta__streptophyta_848_1","Bacillariophyta_29_1_tp_2, Bacteroidetes_1166_1_tp_2, Bacteroidetes_1264_1_tp_2, Chlorophyta__streptophyta_751_1_tp_2, Ciliophora_234_1_tp_2, Dinoflagellata_1098_1_tp_2, Dinoflagellata_982_1_tp_2, Proteobacteria_7100_1_tp_2, Proteobacteria_7230_2_tp_2",0.0743514724708436,0.315930054391554
"Chlorophyta__streptophyta_848_1","Bacteroidetes_1178_1_tp_2, Bacteroidetes_918_1_tp_2, Bacteroidetes_918_5_tp_2, Cyanobacteria_48_1_tp_2, Dinoflagellata_1749_1_tp_2, Proteobacteria_10114_1_tp_2, Proteobacteria_11431_1_tp_2, Proteobacteria_7984_1_tp_2, Sagenista_61_1_tp_2",0.169080772768028,0.248456107796005
"Chlorophyta__streptophyta_848_1","Bacteroidetes_1167_1_tp_2, Bacteroidetes_1360_5_tp_2, Cyanobacteria_48_1_tp_2, Dinoflagellata_1009_1_tp_2, Dinoflagellata_1711_1_tp_2, Dinoflagellata_1758_1_tp_2, Planctomycetes_61_1_tp_2, Proteobacteria_6384_1_tp_2, temperature_tp_2",0.198488042320608,0.228276475864312
"Chlorophyta__streptophyta_848_1","Bacillariophyta_44_1_tp_2, Ciliophora_1195_1_tp_2, Ciliophora_451_1_tp_2, Dinoflagellata_1542_1_tp_2, Dinoflagellata_982_1_tp_2, Proteobacteria_11190_1_tp_2, Proteobacteria_11210_1_tp_2, Proteobacteria_5461_1_tp_2, Proteobacteria_6847_1_tp_2",0.205059302021441,0.241418348413419
"Chlorophyta__streptophyta_848_1","Bacillariophyta_123_1_tp_2, Bacteroidetes_1360_2_tp_2, Bacteroidetes_956_1_tp_2, Cercozoa_22_1_tp_2, Dinoflagellata_1010_1_tp_2, Lobosa_11_1_tp_2, Proteobacteria_10168_1_tp_2, Proteobacteria_7313_1_tp_2, Proteobacteria_8176_2_tp_2",0.185831393030198,0.212304975307477
"Chlorophyta__streptophyta_848_1","Dinoflagellata_1014_1_tp_2, Dinoflagellata_1968_1_tp_2, Proteobacteria_11429_2_tp_2, Proteobacteria_22_1_tp_2, Proteobacteria_7316_1_tp_2, Proteobacteria_7983_4_tp_2, Proteobacteria_8177_2_tp_2, Raphidophyceae_3_1_tp_2, Verrucomicrobia_22_1_tp_2",0.124206066829874,0.228120252720462
"Chlorophyta__streptophyta_848_1","Bacillariophyta_100_1_tp_2, Bacillariophyta_219_1_tp_2, Bacillariophyta_29_1_tp_2, Bacillariophyta_44_1_tp_2, Dinoflagellata_1198_1_tp_2, Dinoflagellata_1862_1_tp_2, Haptophyta_148_1_tp_2, Proteobacteria_5461_1_tp_2, Verrucomicrobia_23_1_tp_2",0.296677583959028,0.215451569653739
"Chlorophyta__streptophyta_848_1","Archaea_179_1_tp_2, Bacteroidetes_1186_1_tp_2, Bacteroidetes_1264_1_tp_2, Planctomycetes_34_1_tp_2, Proteobacteria_11210_2_tp_2, Proteobacteria_7982_1_tp_2, Proteobacteria_7983_1_tp_2, temperature_tp_2, Verrucomicrobia_18_1_tp_2",0.0268009914050164,0.271942029705629
"Chlorophyta__streptophyta_848_1","Bacillariophyta_29_1_tp_2, Chlorophyta__streptophyta_895_1_tp_2, Cryptophyta_15_2_tp_2, Dinoflagellata_1658_1_tp_2, Proteobacteria_7100_1_tp_2, Proteobacteria_7230_3_tp_2, Proteobacteria_7983_1_tp_2, Verrucomicrobia_22_1_tp_2, Verrucomicrobia_22_2_tp_2",0.16072571998432,0.234817918279804
"Chlorophyta__streptophyta_848_1","Bacteroidetes_131_1_tp_2, Bacteroidetes_919_3_tp_2, Bacteroidetes_956_1_tp_2, Cryptophyta_15_1_tp_2, Dinoflagellata_1968_1_tp_2, Proteobacteria_11429_4_tp_2, Proteobacteria_8176_2_tp_2, Proteobacteria_9681_1_tp_2, Sagenista_61_1_tp_2",0.206144359720392,0.236409306961084
"Chlorophyta__streptophyta_848_1","Bacteroidetes_918_2_tp_2, Ciliophora_451_1_tp_2, Dinoflagellata_1711_1_tp_2, Dinoflagellata_1749_1_tp_2, Planctomycetes_27_1_tp_2, Proteobacteria_22_1_tp_2, Proteobacteria_6847_1_tp_2, Proteobacteria_9649_1_tp_2, Verrucomicrobia_18_1_tp_2",0.0158767735813426,0.267373467024593
"Chlorophyta__streptophyta_848_1","Actinobacteria_410_1_tp_2, Bacillariophyta_138_1_tp_2, Bacteroidetes_938_1_tp_2, Haptophyta_148_1_tp_2, Picozoa_6_1_tp_2, Proteobacteria_10168_1_tp_2, Proteobacteria_7319_1_tp_2, Proteobacteria_8520_1_tp_2, Radiolaria_104_1_tp_2",0.276151221900807,0.229244200785832
"Chlorophyta__streptophyta_848_1","Bacteroidetes_918_1_tp_2, Ciliophora_298_1_tp_2, Cyanobacteria_48_1_tp_2, Dinoflagellata_1198_1_tp_2, Proteobacteria_7289_1_tp_2, Proteobacteria_7983_4_tp_2, Proteobacteria_7983_8_tp_2, Proteobacteria_8175_1_tp_2, Verrucomicrobia_22_1_tp_2",0.239533486068443,0.22600017408282
"Chlorophyta__streptophyta_848_1","Bacillariophyta_123_1_tp_2, Bacteroidetes_1166_2_tp_2, Bacteroidetes_918_3_tp_2, Ciliophora_234_1_tp_2, Dinoflagellata_1009_1_tp_2, Dinoflagellata_1728_1_tp_2, Proteobacteria_7313_1_tp_2, Proteobacteria_7316_1_tp_2, Proteobacteria_7787_1_tp_2",0.252217359212463,0.227316391013983
"Chlorophyta__streptophyta_848_1","Actinobacteria_410_1_tp_2, Bacillariophyta_219_1_tp_2, Bacteroidetes_918_4_tp_2, Bacteroidetes_919_3_tp_2, Cyanobacteria_48_1_tp_2, Cyanobacteria_85_1_tp_2, Dinoflagellata_1014_1_tp_2, Proteobacteria_7100_1_tp_2, Proteobacteria_7982_1_tp_2",0.133714750473345,0.230550074992166
"Chlorophyta__streptophyta_848_1","Archaea_164_1_tp_2, Bacillariophyta_100_1_tp_2, Cryptophyta_15_1_tp_2, Cyanobacteria_73_1_tp_2, Dinoflagellata_1728_1_tp_2, Dinoflagellata_1771_1_tp_2, Haptophyta_203_1_tp_2, Proteobacteria_7230_3_tp_2, Proteobacteria_7313_1_tp_2",0.268603397546937,0.221086828669987
"Chlorophyta__streptophyta_848_1","Archaea_179_1_tp_2, Bacteroidetes_919_2_tp_2, Perkinsea_44_1_tp_2, Proteobacteria_11210_2_tp_2, Proteobacteria_6847_1_tp_2, Proteobacteria_7166_1_tp_2, Proteobacteria_7316_1_tp_2, Proteobacteria_8178_1_tp_2, Verrucomicrobia_18_1_tp_2",0.276588119530605,0.223714607707214
"Chlorophyta__streptophyta_848_1","Bacteroidetes_1235_1_tp_2, Bacteroidetes_918_2_tp_2, Dinoflagellata_1769_1_tp_2, Dinoflagellata_1793_1_tp_2, Picozoa_18_1_tp_2, Planctomycetes_61_1_tp_2, Proteobacteria_11155_2_tp_2, Proteobacteria_7313_1_tp_2, Proteobacteria_9681_2_tp_2",0.165215267498799,0.27508024758841
"Chlorophyta__streptophyta_848_1","Bacillariophyta_100_1_tp_2, Bacteroidetes_1264_1_tp_2, Bacteroidetes_918_2_tp_2, Cercozoa_395_1_tp_2, Picozoa_18_1_tp_2, Proteobacteria_7100_1_tp_2, Proteobacteria_7166_1_tp_2, Proteobacteria_7983_3_tp_2, Verrucomicrobia_18_2_tp_2",0.137132401063112,0.227360635108062
"Chlorophyta__streptophyta_848_1","Bacillariophyta_100_1_tp_2, Cryptophyta_15_2_tp_2, Dinoflagellata_955_1_tp_2, Dinoflagellata_982_1_tp_2, Perkinsea_33_1_tp_2, Proteobacteria_10091_1_tp_2, Proteobacteria_11431_2_tp_2, Proteobacteria_8185_1_tp_2, Proteobacteria_9681_2_tp_2",0.203084794804302,0.222886624178886
"Chlorophyta__streptophyta_848_1","Cercozoa_22_1_tp_2, Chlorophyta__streptophyta_895_1_tp_2, Ciliophora_1195_1_tp_2, Cryptophyta_108_1_tp_2, Phylum_reps_1954_1_tp_2, Planctomycetes_61_1_tp_2, Proteobacteria_11190_1_tp_2, Proteobacteria_7982_1_tp_2, Proteobacteria_8175_1_tp_2",0.0268831132620638,0.235261171197848
"Chlorophyta__streptophyta_848_1","Dinoflagellata_1496_1_tp_2, Div_reps_1600_1_tp_2, Haptophyta_148_1_tp_2, Lobosa_11_1_tp_2, Phylum_reps_2301_1_tp_2, Proteobacteria_10168_1_tp_2, Proteobacteria_8176_2_tp_2, Proteobacteria_8177_2_tp_2, Radiolaria_104_1_tp_2",0.328376379268682,0.203551488675344
"Chlorophyta__streptophyta_848_1","Bacteroidetes_1167_1_tp_2, Bacteroidetes_1235_1_tp_2, Bacteroidetes_1249_1_tp_2, Bacteroidetes_919_3_tp_2, Dinoflagellata_1711_1_tp_2, Proteobacteria_22_1_tp_2, Proteobacteria_7174_1_tp_2, Proteobacteria_8175_1_tp_2, Verrucomicrobia_18_3_tp_2",-0.0357829556458904,0.279001594814201
"Chlorophyta__streptophyta_848_1","Bacteroidetes_1167_1_tp_2, Cercozoa_22_1_tp_2, Chlorophyta__streptophyta_895_1_tp_2, Ciliophora_298_1_tp_2, Cyanobacteria_65_1_tp_2, Dinoflagellata_1771_1_tp_2, Dinoflagellata_955_1_tp_2, Nitrospirae_9_1_tp_2, Proteobacteria_7230_2_tp_2",0.202888158194569,0.211934259988377
"Chlorophyta__streptophyta_848_1","Bacteroidetes_1249_1_tp_2, Bacteroidetes_1360_1_tp_2, Bacteroidetes_956_1_tp_2, Ciliophora_280_1_tp_2, Cyanobacteria_85_1_tp_2, Dinoflagellata_1014_1_tp_2, Nitrospirae_9_1_tp_2, Perkinsea_44_1_tp_2, Proteobacteria_11210_1_tp_2",0.0502825022954901,0.241693472379001
"Chlorophyta__streptophyta_848_1","Cercozoa_22_1_tp_2, Chlorophyta__streptophyta_751_1_tp_2, Ciliophora_298_1_tp_2, Proteobacteria_11190_1_tp_2, Proteobacteria_7166_1_tp_2, Proteobacteria_7983_3_tp_2, Proteobacteria_8177_1_tp_2, Rhodophyta_506_1_tp_2, Verrucomicrobia_18_1_tp_2",0.153629132435513,0.226032595235998
"Chlorophyta__streptophyta_848_1","Archaea_164_2_tp_2, Bacillariophyta_29_1_tp_2, Bacteroidetes_1167_1_tp_2, Bacteroidetes_918_5_tp_2, Dinoflagellata_1658_1_tp_2, Proteobacteria_7231_1_tp_2, Proteobacteria_7983_4_tp_2, Proteobacteria_7983_8_tp_2, Verrucomicrobia_22_1_tp_2",0.175102990801961,0.236675271097618
"Chlorophyta__streptophyta_848_1","Bacteroidetes_1224_1_tp_2, Cryptophyta_108_1_tp_2, Cryptophyta_15_2_tp_2, Proteobacteria_11190_1_tp_2, Proteobacteria_11428_1_tp_2, Proteobacteria_7983_4_tp_2, Proteobacteria_7983_6_tp_2, Proteobacteria_9681_2_tp_2, Verrucomicrobia_22_2_tp_2",0.032586485484723,0.278551265176359
"Chlorophyta__streptophyta_848_1","Archaea_164_2_tp_2, Bacillariophyta_100_1_tp_2, Chrysophyceae_16_1_tp_2, Cryptophyta_15_1_tp_2, Div_reps_2942_1_tp_2, Proteobacteria_7230_1_tp_2, Proteobacteria_8175_1_tp_2, Proteobacteria_8176_1_tp_2, Pseudofungi_43_1_tp_2",0.206241520099358,0.240014804480232
"Chlorophyta__streptophyta_848_1","Bacillariophyta_219_1_tp_2, Bacillariophyta_44_1_tp_2, Bacteroidetes_1360_3_tp_2, Chlorophyta__streptophyta_833_1_tp_2, Planctomycetes_61_1_tp_2, Proteobacteria_7174_1_tp_2, Proteobacteria_7230_1_tp_2, Proteobacteria_7319_1_tp_2, Proteobacteria_8185_1_tp_2",0.161941757277446,0.243769279928871
"Chlorophyta__streptophyta_848_1","Bacillariophyta_219_1_tp_2, Bacillariophyta_31_1_tp_2, Bacteroidetes_1360_2_tp_2, Chlorophyta__streptophyta_120_1_tp_2, Dinoflagellata_1771_2_tp_2, Sagenista_53_1_tp_2, Verrucomicrobia_18_2_tp_2, Verrucomicrobia_18_4_tp_2, Verrucomicrobia_23_1_tp_2",0.143479975033813,0.231651258351704
"Chlorophyta__streptophyta_848_1","Archaea_179_1_tp_2, Bacillariophyta_44_1_tp_2, Cyanobacteria_85_1_tp_2, Dinoflagellata_1542_1_tp_2, Dinoflagellata_1793_1_tp_2, Proteobacteria_7100_1_tp_2, Proteobacteria_7982_2_tp_2, Proteobacteria_8176_2_tp_2, Verrucomicrobia_18_2_tp_2",0.105128403405213,0.241912302141795
"Chlorophyta__streptophyta_848_1","Bacteroidetes_129_1_tp_2, Cryptophyta_108_1_tp_2, Dinoflagellata_1496_1_tp_2, Planctomycetes_34_1_tp_2, Proteobacteria_10091_1_tp_2, Proteobacteria_11431_2_tp_2, Proteobacteria_7230_3_tp_2, Proteobacteria_8176_2_tp_2, Verrucomicrobia_22_2_tp_2",0.185409672863271,0.249563046304948
"Chlorophyta__streptophyta_848_1","Bacteroidetes_918_2_tp_2, Dinoflagellata_1009_1_tp_2, Dinoflagellata_1658_1_tp_2, Div_reps_1600_2_tp_2, Perkinsea_44_1_tp_2, Proteobacteria_6847_1_tp_2, Proteobacteria_7230_2_tp_2, Proteobacteria_7364_1_tp_2, Verrucomicrobia_18_2_tp_2",0.219849972409285,0.232867578766425
"Chlorophyta__streptophyta_848_1","Bacteroidetes_1360_3_tp_2, Chlorophyta__streptophyta_732_1_tp_2, Cyanobacteria_48_1_tp_2, Dinoflagellata_1658_1_tp_2, Div_reps_1600_2_tp_2, Div_reps_2942_1_tp_2, Proteobacteria_6384_1_tp_2, Proteobacteria_7230_2_tp_2, Raphidophyceae_3_1_tp_2",0.185792122798823,0.260522735973081
"Chlorophyta__streptophyta_848_1","Bacteroidetes_1166_2_tp_2, Bacteroidetes_1167_1_tp_2, Bacteroidetes_1360_3_tp_2, Chlorophyta__streptophyta_751_1_tp_2, Dinoflagellata_1010_1_tp_2, Proteobacteria_7983_6_tp_2, Proteobacteria_8176_1_tp_2, Proteobacteria_9681_1_tp_2, Verrucomicrobia_18_2_tp_2",0.110795902416477,0.25406218548983
"Chlorophyta__streptophyta_848_1","Bacteroidetes_1151_1_tp_2, Dinoflagellata_1711_1_tp_2, Dinoflagellata_1862_1_tp_2, Phylum_reps_1985_1_tp_2, Proteobacteria_7316_1_tp_2, Proteobacteria_7319_1_tp_2, Proteobacteria_7983_1_tp_2, Radiolaria_104_1_tp_2, Verrucomicrobia_23_1_tp_2",0.112683286759414,0.226862978189559
"Chlorophyta__streptophyta_848_1","Archaea_179_1_tp_2, Bacillariophyta_219_1_tp_2, Bacteroidetes_1166_2_tp_2, Bacteroidetes_1167_1_tp_2, Bacteroidetes_918_2_tp_2, Dinoflagellata_1198_1_tp_2, Dinoflagellata_1771_2_tp_2, Proteobacteria_9681_1_tp_2, Verrucomicrobia_18_3_tp_2",0.279299918230511,0.225113903763394
"Chlorophyta__streptophyta_848_1","Bacillariophyta_100_1_tp_2, Bacteroidetes_1249_1_tp_2, Bacteroidetes_1360_1_tp_2, Bacteroidetes_1360_3_tp_2, Dinoflagellata_1771_1_tp_2, Haptophyta_148_1_tp_2, Proteobacteria_7983_3_tp_2, Proteobacteria_7983_7_tp_2, Proteobacteria_8176_1_tp_2",0.0843448294962752,0.253009748087351
"Chlorophyta__streptophyta_848_1","Bacillariophyta_29_1_tp_2, Bacillariophyta_31_1_tp_2, Bacteroidetes_918_3_tp_2, Bacteroidetes_918_5_tp_2, Phylum_reps_1985_1_tp_2, Proteobacteria_11210_1_tp_2, Proteobacteria_6384_1_tp_2, Proteobacteria_8177_2_tp_2, Raphidophyceae_3_1_tp_2",0.0763938049792858,0.273737017779433
"Chlorophyta__streptophyta_848_1","Archaea_164_2_tp_2, Bacteroidetes_1360_4_tp_2, Bacteroidetes_919_1_tp_2, Dinoflagellata_1658_1_tp_2, Dinoflagellata_1968_1_tp_2, Proteobacteria_7231_1_tp_2, Proteobacteria_7316_1_tp_2, Proteobacteria_8177_1_tp_2, Proteobacteria_8177_2_tp_2",0.105017928714297,0.237750763399041
"Chlorophyta__streptophyta_848_1","Bacteroidetes_1167_1_tp_2, Dinoflagellata_1728_2_tp_2, Dinoflagellata_1769_1_tp_2, Div_reps_2942_1_tp_2, Proteobacteria_11210_2_tp_2, Proteobacteria_11429_3_tp_2, Proteobacteria_7983_2_tp_2, Proteobacteria_8176_2_tp_2, Proteobacteria_8185_1_tp_2",0.279796794933377,0.223798577054556
"Chlorophyta__streptophyta_848_1","Bacillariophyta_196_1_tp_2, Bacteroidetes_1204_1_tp_2, Dinoflagellata_1098_1_tp_2, Dinoflagellata_1728_1_tp_2, Dinoflagellata_1968_1_tp_2, Proteobacteria_10168_1_tp_2, Proteobacteria_11431_1_tp_2, Proteobacteria_8178_1_tp_2, Proteobacteria_8185_1_tp_2",0.198920265102329,0.232437146456841
"Chlorophyta__streptophyta_848_1","Bacteroidetes_1264_1_tp_2, Ciliophora_451_1_tp_2, Dinoflagellata_1014_1_tp_2, Dinoflagellata_1658_1_tp_2, Proteobacteria_6847_1_tp_2, Proteobacteria_7295_1_tp_2, Proteobacteria_7313_1_tp_2, Proteobacteria_7314_1_tp_2, Sagenista_61_1_tp_2",0.206508161591813,0.230386892072002
"Chlorophyta__streptophyta_848_1","Bacteroidetes_317_1_tp_2, Cercozoa_22_1_tp_2, Ciliophora_280_1_tp_2, Dinoflagellata_1496_1_tp_2, Dinoflagellata_1749_1_tp_2, Dinoflagellata_1769_1_tp_2, Div_reps_1600_1_tp_2, Proteobacteria_11190_1_tp_2, Proteobacteria_7983_5_tp_2",0.147101950260787,0.217641463093236
"Chlorophyta__streptophyta_848_1","Bacteroidetes_1167_1_tp_2, Bacteroidetes_1360_1_tp_2, Dinoflagellata_1017_1_tp_2, Dinoflagellata_1771_1_tp_2, Proteobacteria_7230_1_tp_2, Proteobacteria_7231_1_tp_2, Proteobacteria_7313_1_tp_2, Proteobacteria_8176_1_tp_2, Proteobacteria_9681_1_tp_2",0.183023331242129,0.21779772322714
"Chlorophyta__streptophyta_848_1","Bacteroidetes_918_3_tp_2, Chlorophyta__streptophyta_732_1_tp_2, Cyanobacteria_73_1_tp_2, Dinoflagellata_1758_1_tp_2, Dinoflagellata_1771_2_tp_2, Proteobacteria_6847_1_tp_2, Proteobacteria_7319_1_tp_2, Proteobacteria_7983_2_tp_2, Proteobacteria_8185_1_tp_2",0.35734394836568,0.228249130984203
"Chlorophyta__streptophyta_848_1","Bacillariophyta_31_1_tp_2, Bacteroidetes_1264_1_tp_2, Bacteroidetes_1360_5_tp_2, Dinoflagellata_1010_1_tp_2, Div_reps_2942_1_tp_2, Proteobacteria_11155_2_tp_2, Proteobacteria_7982_2_tp_2, Proteobacteria_7983_3_tp_2, Proteobacteria_7983_5_tp_2",0.209275011526735,0.223187038154124
"Chlorophyta__streptophyta_848_1","Bacteroidetes_1151_1_tp_2, Bacteroidetes_1349_1_tp_2, Bacteroidetes_1360_1_tp_2, Ciliophora_298_1_tp_2, Dinoflagellata_1771_2_tp_2, Dinoflagellata_955_1_tp_2, Haptophyta_203_1_tp_2, Proteobacteria_11155_1_tp_2, Proteobacteria_8176_2_tp_2",0.113276332893583,0.22405412785263
"Chlorophyta__streptophyta_848_1","Bacteroidetes_1360_2_tp_2, Bacteroidetes_956_1_tp_2, Chlorophyta__streptophyta_751_1_tp_2, Dinoflagellata_955_1_tp_2, Dinoflagellata_982_1_tp_2, Phylum_reps_1954_1_tp_2, Planctomycetes_27_1_tp_2, Proteobacteria_7982_2_tp_2, Proteobacteria_7983_4_tp_2",0.203296711221311,0.213374013483831
"Chlorophyta__streptophyta_848_1","Archaea_179_1_tp_2, Bacillariophyta_219_1_tp_2, Bacteroidetes_1249_1_tp_2, Bacteroidetes_1360_5_tp_2, Dinoflagellata_1711_1_tp_2, Dinoflagellata_1728_2_tp_2, Haptophyta_148_1_tp_2, Proteobacteria_10168_1_tp_2, Proteobacteria_8178_1_tp_2",0.148835982991564,0.250969745194926
"Chlorophyta__streptophyta_848_1","Bacillariophyta_196_1_tp_2, Bacteroidetes_1166_1_tp_2, Bacteroidetes_1224_1_tp_2, Chlorophyta__streptophyta_751_1_tp_2, Ciliophora_280_1_tp_2, Dinoflagellata_1728_1_tp_2, Proteobacteria_11429_4_tp_2, Proteobacteria_7230_3_tp_2, Proteobacteria_7316_1_tp_2",0.195513058320597,0.254103191335418
"Chlorophyta__streptophyta_848_1","Actinobacteria_410_1_tp_2, Bacteroidetes_1178_1_tp_2, Bacteroidetes_1249_1_tp_2, Bacteroidetes_1349_1_tp_2, Cryptophyta_108_1_tp_2, Dinoflagellata_1198_1_tp_2, Dinoflagellata_1968_1_tp_2, Planctomycetes_61_1_tp_2, Proteobacteria_11431_2_tp_2",0.222737984865167,0.253537052334356
"Chlorophyta__streptophyta_848_1","Chrysophyceae_16_1_tp_2, Ciliophora_234_1_tp_2, Dinoflagellata_1758_1_tp_2, Dinoflagellata_1862_1_tp_2, Div_reps_2942_1_tp_2, Picozoa_18_1_tp_2, Proteobacteria_7174_1_tp_2, Proteobacteria_7230_3_tp_2, Verrucomicrobia_18_2_tp_2",0.231131964370904,0.237740233104942
"Chlorophyta__streptophyta_848_1","Bacteroidetes_1194_1_tp_2, Chlorophyta__streptophyta_732_1_tp_2, Lobosa_11_1_tp_2, Proteobacteria_10114_1_tp_2, Proteobacteria_22_1_tp_2, Proteobacteria_7230_1_tp_2, Proteobacteria_7231_1_tp_2, Proteobacteria_9649_1_tp_2, Sagenista_61_1_tp_2",0.135079721181626,0.223105719369461
"Chlorophyta__streptophyta_848_1","Actinobacteria_410_1_tp_2, Bacteroidetes_1186_1_tp_2, Bacteroidetes_956_1_tp_2, Katablepharidophyta_7_1_tp_2, Phylum_reps_2301_1_tp_2, Proteobacteria_10168_1_tp_2, Proteobacteria_11429_1_tp_2, Proteobacteria_11431_1_tp_2, Proteobacteria_9681_2_tp_2",0.145939752169003,0.250693091877437
"Chlorophyta__streptophyta_848_1","Bacillariophyta_196_1_tp_2, Bacillariophyta_29_1_tp_2, Bacteroidetes_918_2_tp_2, Chlorophyta__streptophyta_120_1_tp_2, Dinoflagellata_1496_1_tp_2, Dinoflagellata_1728_1_tp_2, Planctomycetes_61_1_tp_2, Proteobacteria_7295_1_tp_2, Proteobacteria_7983_8_tp_2",0.246680100447762,0.217934196293581
"Chlorophyta__streptophyta_848_1","Bacillariophyta_196_1_tp_2, Bacteroidetes_1178_1_tp_2, Bacteroidetes_1360_1_tp_2, Dinoflagellata_1658_1_tp_2, Dinoflagellata_1758_1_tp_2, Div_reps_1600_2_tp_2, Haptophyta_203_1_tp_2, Phylum_reps_1954_1_tp_2, Proteobacteria_7316_1_tp_2",0.240233745326617,0.219832785838515
"Chlorophyta__streptophyta_848_1","Bacteroidetes_1235_1_tp_2, Ciliophora_234_1_tp_2, Perkinsea_44_1_tp_2, Proteobacteria_11155_1_tp_2, Proteobacteria_11431_1_tp_2, Proteobacteria_6384_1_tp_2, Proteobacteria_7313_1_tp_2, Proteobacteria_8177_1_tp_2, Verrucomicrobia_18_1_tp_2",0.178915367736542,0.263584070959494
"Chlorophyta__streptophyta_848_1","Bacillariophyta_100_1_tp_2, Bacteroidetes_1166_2_tp_2, Chrysophyceae_16_1_tp_2, Dinoflagellata_1017_1_tp_2, Dinoflagellata_1769_1_tp_2, Proteobacteria_7295_1_tp_2, Proteobacteria_7983_5_tp_2, Proteobacteria_9649_1_tp_2, Verrucomicrobia_22_1_tp_2",0.167777215677179,0.230545336573265
"Chlorophyta__streptophyta_848_1","Bacillariophyta_31_1_tp_2, Bacteroidetes_1178_1_tp_2, Bacteroidetes_919_1_tp_2, Dinoflagellata_1758_1_tp_2, Proteobacteria_7295_1_tp_2, Proteobacteria_7983_5_tp_2, Radiolaria_104_1_tp_2, Sagenista_53_1_tp_2, Verrucomicrobia_18_2_tp_2",0.134258300322158,0.238056432025262
"Chlorophyta__streptophyta_848_1","Bacillariophyta_196_1_tp_2, Bacteroidetes_1166_2_tp_2, Cryptophyta_108_1_tp_2, Dinoflagellata_1198_1_tp_2, Dinoflagellata_955_1_tp_2, Phylum_reps_1985_1_tp_2, Picozoa_18_1_tp_2, Planctomycetes_34_1_tp_2, Proteobacteria_8177_2_tp_2",0.149041700399837,0.233817664983442
"Chlorophyta__streptophyta_848_1","Dinoflagellata_1017_1_tp_2, Dinoflagellata_1198_1_tp_2, Dinoflagellata_1793_1_tp_2, Dinoflagellata_1968_1_tp_2, Phylum_reps_2301_1_tp_2, Proteobacteria_11120_1_tp_2, Proteobacteria_11155_1_tp_2, Proteobacteria_7983_4_tp_2, Radiolaria_104_1_tp_2",0.270666013891704,0.213750010510988
"Chlorophyta__streptophyta_848_1","Bacillariophyta_219_1_tp_2, Bacteroidetes_1235_1_tp_2, Bacteroidetes_129_2_tp_2, Bacteroidetes_918_5_tp_2, Chlorophyta__streptophyta_751_1_tp_2, Chlorophyta__streptophyta_895_1_tp_2, Ciliophora_451_1_tp_2, Dinoflagellata_1769_1_tp_2, Proteobacteria_8175_1_tp_2",0.14510217995654,0.248406679126147
"Chlorophyta__streptophyta_848_1","Bacillariophyta_219_1_tp_2, Bacteroidetes_1360_2_tp_2, Bacteroidetes_918_4_tp_2, Haptophyta_203_1_tp_2, Phylum_reps_1985_1_tp_2, Proteobacteria_5436_1_tp_2, Proteobacteria_7982_1_tp_2, Proteobacteria_7983_1_tp_2, Proteobacteria_8177_2_tp_2",0.0184727445173149,0.26142015059214
"Chlorophyta__streptophyta_848_1","Bacillariophyta_100_1_tp_2, Bacillariophyta_219_1_tp_2, Bacteroidetes_1194_1_tp_2, Bacteroidetes_1360_4_tp_2, Bacteroidetes_918_2_tp_2, Ciliophora_280_1_tp_2, Proteobacteria_11429_1_tp_2, Proteobacteria_7314_1_tp_2, Proteobacteria_9649_1_tp_2",0.154119749156618,0.241259080427177
"Chlorophyta__streptophyta_848_1","Bacteroidetes_1166_2_tp_2, Bacteroidetes_1360_2_tp_2, Chlorophyta__streptophyta_120_1_tp_2, Dinoflagellata_1010_1_tp_2, Dinoflagellata_1728_1_tp_2, Dinoflagellata_1758_1_tp_2, Proteobacteria_7174_1_tp_2, Proteobacteria_8176_2_tp_2, Proteobacteria_9681_2_tp_2",0.204374085432606,0.220271559412948
"Chlorophyta__streptophyta_848_1","Bacteroidetes_1166_2_tp_2, Dinoflagellata_1771_1_tp_2, Phylum_reps_1954_1_tp_2, Planctomycetes_61_1_tp_2, Proteobacteria_10091_1_tp_2, Proteobacteria_10114_1_tp_2, Proteobacteria_11155_1_tp_2, Proteobacteria_11429_2_tp_2, Proteobacteria_11431_2_tp_2",0.131522480861963,0.238888481784659
"Chlorophyta__streptophyta_848_1","Bacteroidetes_1235_1_tp_2, Bacteroidetes_1349_1_tp_2, Bacteroidetes_919_3_tp_2, Dinoflagellata_1014_1_tp_2, Dinoflagellata_1758_1_tp_2, Proteobacteria_11120_1_tp_2, Proteobacteria_11429_2_tp_2, Proteobacteria_7230_2_tp_2, Proteobacteria_8176_2_tp_2",0.125123621797385,0.25351510276707
"Chlorophyta__streptophyta_848_1","Actinobacteria_410_1_tp_2, Bacillariophyta_31_1_tp_2, Bacteroidetes_1186_1_tp_2, Bacteroidetes_956_1_tp_2, Ciliophora_280_1_tp_2, Cyanobacteria_85_1_tp_2, Dinoflagellata_1728_1_tp_2, Proteobacteria_5436_1_tp_2, Sagenista_53_1_tp_2",0.178762726213386,0.234177882424043
"Chlorophyta__streptophyta_848_1","Bacteroidetes_918_1_tp_2, Bacteroidetes_918_3_tp_2, Cercozoa_22_1_tp_2, Chlorophyta__streptophyta_895_1_tp_2, Dinoflagellata_1711_1_tp_2, Dinoflagellata_1758_1_tp_2, Proteobacteria_11210_1_tp_2, Proteobacteria_7314_1_tp_2, Verrucomicrobia_22_1_tp_2",0.21602597026621,0.229890305674745
"Chlorophyta__streptophyta_848_1","Bacteroidetes_919_2_tp_2, Chrysophyceae_16_1_tp_2, Cyanobacteria_85_1_tp_2, Proteobacteria_10168_1_tp_2, Proteobacteria_11429_4_tp_2, Proteobacteria_7314_1_tp_2, Proteobacteria_7983_3_tp_2, Raphidophyceae_3_1_tp_2, Verrucomicrobia_18_1_tp_2",0.0652327050393503,0.256256406004042
"Chlorophyta__streptophyta_848_1","Bacteroidetes_1360_3_tp_2, Chlorophyta__streptophyta_120_1_tp_2, Chlorophyta__streptophyta_751_1_tp_2, Dinoflagellata_1968_1_tp_2, Perkinsea_44_1_tp_2, Planctomycetes_27_1_tp_2, Proteobacteria_7166_1_tp_2, Proteobacteria_7174_1_tp_2, Proteobacteria_8177_2_tp_2",0.145640380235471,0.251185850481786
"Chlorophyta__streptophyta_848_1","Bacteroidetes_1167_1_tp_2, Bacteroidetes_1235_1_tp_2, Cercozoa_291_1_tp_2, Dinoflagellata_1014_1_tp_2, Dinoflagellata_1771_1_tp_2, Div_reps_2942_1_tp_2, Proteobacteria_7231_1_tp_2, Proteobacteria_7787_1_tp_2, Proteobacteria_7983_4_tp_2",0.183147223385298,0.230366581426139
"Chlorophyta__streptophyta_848_1","Bacillariophyta_44_1_tp_2, Bacteroidetes_1235_1_tp_2, Chlorophyta__streptophyta_751_1_tp_2, Cyanobacteria_65_1_tp_2, Dinoflagellata_1728_2_tp_2, Div_reps_1600_2_tp_2, Katablepharidophyta_7_1_tp_2, Proteobacteria_11428_1_tp_2, Proteobacteria_9681_1_tp_2",0.189388001810804,0.239394091137577
"Chlorophyta__streptophyta_848_1","Bacteroidetes_918_1_tp_2, Dinoflagellata_1098_1_tp_2, Dinoflagellata_1862_1_tp_2, Haptophyta_148_1_tp_2, Lobosa_11_1_tp_2, Phylum_reps_1985_1_tp_2, Proteobacteria_22_1_tp_2, Proteobacteria_7313_1_tp_2, Proteobacteria_7983_7_tp_2",0.120287308769372,0.234171699009978
"Chlorophyta__streptophyta_848_1","Bacillariophyta_219_1_tp_2, Bacteroidetes_1178_1_tp_2, Bacteroidetes_1194_1_tp_2, Ciliophora_403_1_tp_2, Dinoflagellata_1098_1_tp_2, Dinoflagellata_1542_1_tp_2, Dinoflagellata_1555_1_tp_2, Proteobacteria_11155_1_tp_2, Proteobacteria_5461_1_tp_2",0.161108817277354,0.253697375320875
"Chlorophyta__streptophyta_848_1","Bacteroidetes_1166_1_tp_2, Bacteroidetes_918_2_tp_2, Cyanobacteria_48_1_tp_2, Dinoflagellata_1009_1_tp_2, Haptophyta_148_1_tp_2, Proteobacteria_7230_1_tp_2, Proteobacteria_7295_1_tp_2, Proteobacteria_7983_2_tp_2, Verrucomicrobia_18_4_tp_2",0.115481740064245,0.231017095804653
"Chlorophyta__streptophyta_848_1","Bacillariophyta_219_1_tp_2, Bacteroidetes_1166_1_tp_2, Bacteroidetes_1224_1_tp_2, Bacteroidetes_918_2_tp_2, Dinoflagellata_124_1_tp_2, Div_reps_1600_2_tp_2, Phylum_reps_1954_1_tp_2, Proteobacteria_11431_2_tp_2, Sagenista_61_1_tp_2",0.159823473689963,0.229529141174621
"Chlorophyta__streptophyta_848_1","Chlorophyta__streptophyta_845_1_tp_2, Dinoflagellata_124_1_tp_2, Dinoflagellata_1496_1_tp_2, Dinoflagellata_1862_1_tp_2, Proteobacteria_5436_1_tp_2, Proteobacteria_7983_5_tp_2, Proteobacteria_7983_7_tp_2, Proteobacteria_9649_1_tp_2, Raphidophyceae_3_1_tp_2",0.0605811436579873,0.272371863010921
"Chlorophyta__streptophyta_848_1","Dinoflagellata_1555_1_tp_2, Dinoflagellata_1711_1_tp_2, Dinoflagellata_1769_1_tp_2, Planctomycetes_34_1_tp_2, Proteobacteria_11210_1_tp_2, Proteobacteria_11429_2_tp_2, Proteobacteria_6847_1_tp_2, Proteobacteria_7295_1_tp_2, Proteobacteria_8176_1_tp_2",0.100380305073982,0.272734555053149
"Chlorophyta__streptophyta_848_1","Cercozoa_23_1_tp_2, Chlorophyta__streptophyta_732_1_tp_2, Cryptophyta_15_2_tp_2, Cyanobacteria_73_1_tp_2, Dinoflagellata_1014_1_tp_2, Phylum_reps_1954_1_tp_2, Proteobacteria_11431_2_tp_2, Proteobacteria_6384_1_tp_2, Proteobacteria_8185_1_tp_2",0.183642103527196,0.247420888171907
"Chlorophyta__streptophyta_848_1","Bacteroidetes_1249_1_tp_2, Bacteroidetes_918_4_tp_2, Cercozoa_291_1_tp_2, Chlorophyta__streptophyta_895_1_tp_2, Dinoflagellata_1496_1_tp_2, Dinoflagellata_874_1_tp_2, Proteobacteria_11210_2_tp_2, Proteobacteria_22_1_tp_2, Proteobacteria_6847_1_tp_2",0.174566596109754,0.226784644772672
"Chlorophyta__streptophyta_848_1","Bacillariophyta_100_1_tp_2, Bacteroidetes_1249_1_tp_2, Bacteroidetes_918_2_tp_2, Dinoflagellata_1758_1_tp_2, Proteobacteria_11431_2_tp_2, Proteobacteria_7787_1_tp_2, Proteobacteria_8175_1_tp_2, Verrucomicrobia_18_1_tp_2, Verrucomicrobia_22_2_tp_2",0.183505318015557,0.241228735253837
"Chlorophyta__streptophyta_848_1","Bacteroidetes_1167_1_tp_2, Bacteroidetes_1360_1_tp_2, Bacteroidetes_1360_3_tp_2, Bacteroidetes_918_2_tp_2, Dinoflagellata_874_1_tp_2, Nitrospirae_9_1_tp_2, Proteobacteria_11429_1_tp_2, Proteobacteria_11431_1_tp_2, Proteobacteria_8177_2_tp_2",0.0920526199181574,0.237414227012479
"Chlorophyta__streptophyta_848_1","Actinobacteria_410_1_tp_2, Bacteroidetes_1360_3_tp_2, Chlorophyta__streptophyta_895_1_tp_2, Ciliophora_1195_1_tp_2, Cyanobacteria_65_1_tp_2, Dinoflagellata_124_1_tp_2, Proteobacteria_22_1_tp_2, Proteobacteria_7314_1_tp_2, Proteobacteria_8520_1_tp_2",0.154033391991346,0.248260089206922
"Chlorophyta__streptophyta_848_1","Bacillariophyta_123_1_tp_2, Bacteroidetes_1186_1_tp_2, Bacteroidetes_317_1_tp_2, Ciliophora_451_1_tp_2, Proteobacteria_10091_1_tp_2, Proteobacteria_5461_1_tp_2, Proteobacteria_7983_4_tp_2, Verrucomicrobia_18_1_tp_2, Verrucomicrobia_18_2_tp_2",0.122378899475624,0.250030453064092
"Chlorophyta__streptophyta_848_1","Actinobacteria_410_2_tp_2, Bacteroidetes_1224_1_tp_2, Chlorophyta__streptophyta_833_1_tp_2, Div_reps_2942_1_tp_2, Proteobacteria_11155_1_tp_2, Proteobacteria_7231_1_tp_2, Proteobacteria_7295_1_tp_2, Proteobacteria_8176_1_tp_2, Proteobacteria_9681_1_tp_2",0.222507911950315,0.225399511429542
"Chlorophyta__streptophyta_848_1","Bacteroidetes_1235_1_tp_2, Bacteroidetes_1349_1_tp_2, Cercozoa_23_1_tp_2, Dinoflagellata_1771_1_tp_2, Proteobacteria_10091_1_tp_2, Proteobacteria_22_1_tp_2, Proteobacteria_7230_1_tp_2, temperature_tp_2, Verrucomicrobia_18_2_tp_2",0.00864092430001587,0.26047937639713
"Chlorophyta__streptophyta_848_1","Bacteroidetes_1166_1_tp_2, Bacteroidetes_1360_5_tp_2, Bacteroidetes_919_3_tp_2, Bacteroidetes_938_1_tp_2, Chlorophyta__streptophyta_120_1_tp_2, Picozoa_6_1_tp_2, Planctomycetes_61_1_tp_2, Proteobacteria_7289_1_tp_2, Proteobacteria_7983_4_tp_2",0.168771946625408,0.252087179302906
"Chlorophyta__streptophyta_848_1","Actinobacteria_410_2_tp_2, Bacillariophyta_31_1_tp_2, Bacteroidetes_1194_1_tp_2, Bacteroidetes_1264_1_tp_2, Ciliophora_403_1_tp_2, Planctomycetes_27_1_tp_2, Proteobacteria_5461_1_tp_2, Pseudofungi_43_1_tp_2, Verrucomicrobia_22_2_tp_2",0.198354821739258,0.248729178012222
"Chlorophyta__streptophyta_848_1","Chlorophyta__streptophyta_833_1_tp_2, Ciliophora_280_1_tp_2, Perkinsea_44_1_tp_2, Proteobacteria_11210_2_tp_2, Proteobacteria_7230_1_tp_2, Proteobacteria_7289_1_tp_2, Proteobacteria_8175_1_tp_2, Proteobacteria_8177_1_tp_2, temperature_tp_2",0.0852358823668236,0.248241155513219
"Chlorophyta__streptophyta_848_1","Archaea_179_1_tp_2, Bacteroidetes_1166_1_tp_2, Bacteroidetes_1204_1_tp_2, Planctomycetes_61_1_tp_2, Proteobacteria_11429_1_tp_2, Proteobacteria_7230_2_tp_2, Proteobacteria_7787_1_tp_2, Proteobacteria_8176_2_tp_2, Proteobacteria_8185_1_tp_2",0.132086820073728,0.2790191464062
"Chlorophyta__streptophyta_848_1","Bacteroidetes_1166_2_tp_2, Bacteroidetes_1167_1_tp_2, Ciliophora_298_1_tp_2, Dinoflagellata_1555_1_tp_2, Phylum_reps_1985_1_tp_2, Proteobacteria_8176_1_tp_2, Pseudofungi_43_1_tp_2, Rhodophyta_506_1_tp_2, Sagenista_61_1_tp_2",0.118978324469413,0.243649756917539
"Chlorophyta__streptophyta_848_1","Bacillariophyta_100_1_tp_2, Bacteroidetes_918_2_tp_2, Bacteroidetes_918_3_tp_2, Dinoflagellata_1017_1_tp_2, Dinoflagellata_1711_1_tp_2, Katablepharidophyta_7_1_tp_2, Perkinsea_33_1_tp_2, Phylum_reps_1954_1_tp_2, Proteobacteria_7230_1_tp_2",0.216539869880946,0.204866756038508
"Chlorophyta__streptophyta_848_1","Bacillariophyta_123_1_tp_2, Bacillariophyta_31_1_tp_2, Bacteroidetes_918_5_tp_2, Ciliophora_280_1_tp_2, Cryptophyta_108_1_tp_2, Dinoflagellata_1658_1_tp_2, Dinoflagellata_1862_1_tp_2, Proteobacteria_8178_1_tp_2, temperature_tp_2",0.144969585194394,0.24224163922298
"Chlorophyta__streptophyta_848_1","Bacillariophyta_29_1_tp_2, Bacteroidetes_1178_1_tp_2, Bacteroidetes_1204_1_tp_2, Chlorophyta__streptophyta_895_1_tp_2, Dinoflagellata_1658_1_tp_2, Phylum_reps_2301_1_tp_2, Picozoa_6_1_tp_2, Proteobacteria_7983_6_tp_2, Proteobacteria_7983_8_tp_2",0.323509736499403,0.213544245472935
"Chlorophyta__streptophyta_848_1","Chlorophyta__streptophyta_833_1_tp_2, Cyanobacteria_48_1_tp_2, Dinoflagellata_1010_1_tp_2, Dinoflagellata_1198_1_tp_2, Dinoflagellata_1758_1_tp_2, Katablepharidophyta_7_1_tp_2, Planctomycetes_61_1_tp_2, Proteobacteria_7983_1_tp_2, Proteobacteria_8176_1_tp_2",0.068820589115021,0.239051694425447
"Chlorophyta__streptophyta_848_1","Actinobacteria_410_2_tp_2, Bacteroidetes_1194_1_tp_2, Bacteroidetes_938_1_tp_2, Perkinsea_33_1_tp_2, Picozoa_18_1_tp_2, Proteobacteria_11431_1_tp_2, Proteobacteria_7319_1_tp_2, Proteobacteria_8176_1_tp_2, Proteobacteria_9649_1_tp_2",0.191030060011447,0.241015159554413
"Chlorophyta__streptophyta_848_1","Bacteroidetes_919_2_tp_2, Bacteroidetes_919_3_tp_2, Bacteroidetes_938_1_tp_2, Cercozoa_291_1_tp_2, Dinoflagellata_1010_1_tp_2, Dinoflagellata_1555_1_tp_2, Planctomycetes_61_1_tp_2, Proteobacteria_11210_1_tp_2, Verrucomicrobia_18_2_tp_2",0.246930883051621,0.252385553442264
"Chlorophyta__streptophyta_848_1","Bacillariophyta_123_1_tp_2, Bacteroidetes_1264_1_tp_2, Bacteroidetes_1360_5_tp_2, Bacteroidetes_918_2_tp_2, Dinoflagellata_1862_1_tp_2, Dinoflagellata_982_1_tp_2, Phylum_reps_1985_1_tp_2, Proteobacteria_11429_1_tp_2, Proteobacteria_7316_1_tp_2",0.267223788680338,0.238801576046409
"Chlorophyta__streptophyta_848_1","Archaea_179_1_tp_2, Bacillariophyta_123_1_tp_2, Chrysophyceae_16_1_tp_2, Dinoflagellata_1542_1_tp_2, Dinoflagellata_1555_1_tp_2, Planctomycetes_34_1_tp_2, Proteobacteria_11190_1_tp_2, Proteobacteria_11210_1_tp_2, Proteobacteria_11431_1_tp_2",0.0647662870591887,0.270482232087013
"Chlorophyta__streptophyta_848_1","Bacteroidetes_131_1_tp_2, Bacteroidetes_919_1_tp_2, Chlorophyta__streptophyta_732_1_tp_2, Chlorophyta__streptophyta_845_1_tp_2, Cryptophyta_108_1_tp_2, Cryptophyta_15_2_tp_2, Dinoflagellata_1198_1_tp_2, Nitrospirae_9_1_tp_2, Proteobacteria_7230_1_tp_2",0.0808350747670512,0.2467736827906
"Chlorophyta__streptophyta_848_1","Archaea_164_2_tp_2, Bacteroidetes_918_5_tp_2, Bacteroidetes_919_1_tp_2, Chlorophyta__streptophyta_845_1_tp_2, Dinoflagellata_1496_1_tp_2, Dinoflagellata_1771_2_tp_2, Dinoflagellata_1793_1_tp_2, Haptophyta_203_1_tp_2, Proteobacteria_7983_1_tp_2",0.103293918516984,0.252140452788783
"Chlorophyta__streptophyta_848_1","Bacteroidetes_1360_4_tp_2, Bacteroidetes_918_2_tp_2, Perkinsea_33_1_tp_2, Planctomycetes_27_1_tp_2, Proteobacteria_11429_1_tp_2, Proteobacteria_7983_1_tp_2, Proteobacteria_7983_5_tp_2, Proteobacteria_8177_2_tp_2, Verrucomicrobia_18_1_tp_2",0.138499072244319,0.219176397096206
"Chlorophyta__streptophyta_848_1","Bacteroidetes_1186_1_tp_2, Bacteroidetes_938_1_tp_2, Ciliophora_280_1_tp_2, Dinoflagellata_1098_1_tp_2, Dinoflagellata_1711_1_tp_2, Proteobacteria_10091_1_tp_2, Proteobacteria_7230_1_tp_2, Proteobacteria_7316_1_tp_2, Sagenista_53_1_tp_2",0.0411622973670015,0.24398974668426
"Chlorophyta__streptophyta_848_1","Bacillariophyta_100_1_tp_2, Bacillariophyta_31_1_tp_2, Bacteroidetes_1166_1_tp_2, Bacteroidetes_1360_3_tp_2, Bacteroidetes_1360_4_tp_2, Proteobacteria_10168_1_tp_2, Proteobacteria_11428_1_tp_2, Proteobacteria_7174_1_tp_2, Proteobacteria_7983_3_tp_2",0.165110451013191,0.264878739303592
"Chlorophyta__streptophyta_848_1","Bacillariophyta_31_1_tp_2, Bacteroidetes_1167_1_tp_2, Bacteroidetes_956_1_tp_2, Dictyochophyceae_6_1_tp_2, Dinoflagellata_1542_1_tp_2, Proteobacteria_5461_1_tp_2, Proteobacteria_7983_6_tp_2, Proteobacteria_7983_7_tp_2, Proteobacteria_8178_1_tp_2",0.260620599349234,0.221867909462452
"Chlorophyta__streptophyta_848_1","Bacillariophyta_31_1_tp_2, Bacteroidetes_918_2_tp_2, Chlorophyta__streptophyta_833_1_tp_2, Chrysophyceae_16_1_tp_2, Dinoflagellata_1749_1_tp_2, Dinoflagellata_1769_1_tp_2, Nitrospirae_9_1_tp_2, Phylum_reps_1985_1_tp_2, Proteobacteria_22_1_tp_2",0.149403838774372,0.238222631362407
"Chlorophyta__streptophyta_848_1","Archaea_164_1_tp_2, Bacteroidetes_1224_1_tp_2, Cercozoa_395_1_tp_2, Cryptophyta_15_1_tp_2, Dinoflagellata_1658_1_tp_2, Dinoflagellata_1728_2_tp_2, Proteobacteria_10168_1_tp_2, Proteobacteria_11120_1_tp_2, Proteobacteria_9681_1_tp_2",0.277602441764841,0.245353392273806
"Chlorophyta__streptophyta_848_1","Bacteroidetes_1151_1_tp_2, Bacteroidetes_131_1_tp_2, Bacteroidetes_1360_4_tp_2, Bacteroidetes_938_1_tp_2, Dinoflagellata_1711_1_tp_2, Planctomycetes_61_1_tp_2, Proteobacteria_10091_1_tp_2, Proteobacteria_7166_1_tp_2, Proteobacteria_7295_1_tp_2",0.0575624537790059,0.247307640322623
"Chlorophyta__streptophyta_848_1","Cyanobacteria_65_1_tp_2, Dinoflagellata_1496_1_tp_2, Dinoflagellata_1749_1_tp_2, Dinoflagellata_1771_1_tp_2, Perkinsea_33_1_tp_2, Proteobacteria_11429_4_tp_2, Proteobacteria_9681_1_tp_2, Verrucomicrobia_18_1_tp_2, Verrucomicrobia_22_1_tp_2",0.249604515797006,0.205796027907042
"Chlorophyta__streptophyta_848_1","Bacillariophyta_31_1_tp_2, Bacteroidetes_1151_1_tp_2, Bacteroidetes_129_2_tp_2, Bacteroidetes_317_1_tp_2, Chlorophyta__streptophyta_751_1_tp_2, Dinoflagellata_1098_1_tp_2, Dinoflagellata_1711_1_tp_2, Phylum_reps_1954_1_tp_2, Picozoa_6_1_tp_2",0.186785262235866,0.228092975438427
"Chlorophyta__streptophyta_848_1","Bacteroidetes_1360_5_tp_2, Bacteroidetes_918_5_tp_2, Chlorophyta__streptophyta_732_1_tp_2, Ciliophora_298_1_tp_2, Dinoflagellata_1496_1_tp_2, Dinoflagellata_1711_1_tp_2, Proteobacteria_10168_1_tp_2, Proteobacteria_11155_1_tp_2, Proteobacteria_5461_1_tp_2",0.23466794386406,0.245498663514326
"Chlorophyta__streptophyta_848_1","Archaea_179_1_tp_2, Bacteroidetes_918_5_tp_2, Ciliophora_280_1_tp_2, Ciliophora_298_1_tp_2, Cryptophyta_15_2_tp_2, Dinoflagellata_1009_1_tp_2, Dinoflagellata_1555_1_tp_2, Proteobacteria_7983_3_tp_2, Proteobacteria_8520_1_tp_2",0.117440115767657,0.263752806870784
"Chlorophyta__streptophyta_848_1","Bacteroidetes_919_1_tp_2, Ciliophora_1195_1_tp_2, Cryptophyta_108_1_tp_2, Dinoflagellata_982_1_tp_2, Haptophyta_148_1_tp_2, Phylum_reps_2301_1_tp_2, Proteobacteria_7100_1_tp_2, Proteobacteria_7983_2_tp_2, Radiolaria_104_1_tp_2",0.244797955533851,0.239311328850318
"Chlorophyta__streptophyta_848_1","Bacteroidetes_1151_1_tp_2, Bacteroidetes_1186_1_tp_2, Chlorophyta__streptophyta_751_1_tp_2, Katablepharidophyta_7_1_tp_2, Proteobacteria_11210_1_tp_2, Proteobacteria_11210_2_tp_2, Proteobacteria_9681_2_tp_2, Verrucomicrobia_18_1_tp_2, Verrucomicrobia_22_1_tp_2",0.0574007203101736,0.268638131027597
"Chlorophyta__streptophyta_848_1","Bacillariophyta_138_1_tp_2, Cercozoa_22_1_tp_2, Chlorophyta__streptophyta_120_1_tp_2, Cyanobacteria_73_1_tp_2, Haptophyta_148_1_tp_2, Proteobacteria_11431_2_tp_2, Proteobacteria_7982_1_tp_2, Proteobacteria_8176_1_tp_2, Sagenista_61_1_tp_2",0.161313298305995,0.221728691100714
"Chlorophyta__streptophyta_848_1","Actinobacteria_410_1_tp_2, Bacteroidetes_1166_2_tp_2, Bacteroidetes_1360_3_tp_2, Dinoflagellata_1009_1_tp_2, Dinoflagellata_1496_1_tp_2, Proteobacteria_5461_1_tp_2, Proteobacteria_7313_1_tp_2, Pseudofungi_43_1_tp_2, Verrucomicrobia_18_3_tp_2",0.241504766149868,0.234525326006193
"Chlorophyta__streptophyta_848_1","Bacillariophyta_44_1_tp_2, Dinoflagellata_1017_1_tp_2, Dinoflagellata_1728_1_tp_2, Dinoflagellata_1769_1_tp_2, Dinoflagellata_982_1_tp_2, Div_reps_2942_1_tp_2, Proteobacteria_10091_1_tp_2, Radiolaria_104_1_tp_2, Verrucomicrobia_18_4_tp_2",0.227294219761472,0.2198970923002
"Chlorophyta__streptophyta_848_1","Bacillariophyta_196_1_tp_2, Bacteroidetes_918_4_tp_2, Bacteroidetes_938_1_tp_2, Cercozoa_22_1_tp_2, Chlorophyta__streptophyta_732_1_tp_2, Cyanobacteria_48_1_tp_2, Dinoflagellata_1711_1_tp_2, Dinoflagellata_874_1_tp_2, Proteobacteria_7983_6_tp_2",0.177457456366352,0.222591664494609
"Chlorophyta__streptophyta_848_1","Bacteroidetes_1166_1_tp_2, Bacteroidetes_1194_1_tp_2, Bacteroidetes_1360_3_tp_2, Chlorophyta__streptophyta_845_1_tp_2, Katablepharidophyta_7_1_tp_2, Picozoa_18_1_tp_2, Proteobacteria_11155_2_tp_2, Proteobacteria_11431_1_tp_2, Proteobacteria_8520_1_tp_2",0.2096536111563,0.253310123632329
"Chlorophyta__streptophyta_848_1","Archaea_164_2_tp_2, Chlorophyta__streptophyta_732_1_tp_2, Cyanobacteria_73_1_tp_2, Dinoflagellata_1496_1_tp_2, Dinoflagellata_1758_1_tp_2, Div_reps_2942_1_tp_2, Proteobacteria_7100_1_tp_2, Proteobacteria_7295_1_tp_2, Proteobacteria_8520_1_tp_2",0.228456069821868,0.230299804253876
"Chlorophyta__streptophyta_848_1","Bacillariophyta_100_1_tp_2, Bacteroidetes_1151_1_tp_2, Bacteroidetes_317_1_tp_2, Chlorophyta__streptophyta_833_1_tp_2, Ciliophora_298_1_tp_2, Dinoflagellata_1555_1_tp_2, Dinoflagellata_1793_1_tp_2, Div_reps_2942_1_tp_2, Proteobacteria_7983_3_tp_2",0.139501387353658,0.244807414012633
"Chlorophyta__streptophyta_848_1","Bacteroidetes_1235_1_tp_2, Bacteroidetes_129_2_tp_2, Bacteroidetes_919_1_tp_2, Ciliophora_280_1_tp_2, Haptophyta_203_1_tp_2, Proteobacteria_10091_1_tp_2, Proteobacteria_6384_1_tp_2, Proteobacteria_7319_1_tp_2, Raphidophyceae_3_1_tp_2",0.149670825602107,0.253264321925328
"Chlorophyta__streptophyta_848_1","Cercozoa_291_1_tp_2, Ciliophora_451_1_tp_2, Dictyochophyceae_6_1_tp_2, Dinoflagellata_1010_1_tp_2, Dinoflagellata_1771_2_tp_2, Div_reps_2942_1_tp_2, Proteobacteria_11431_1_tp_2, Proteobacteria_7230_1_tp_2, Proteobacteria_7983_6_tp_2",0.308236699867144,0.21571378240534
"Chlorophyta__streptophyta_848_1","Bacillariophyta_29_1_tp_2, Bacteroidetes_1166_1_tp_2, Bacteroidetes_918_2_tp_2, Dinoflagellata_1098_1_tp_2, Dinoflagellata_1771_2_tp_2, Haptophyta_203_1_tp_2, Proteobacteria_11210_1_tp_2, Proteobacteria_8177_2_tp_2, Proteobacteria_9681_1_tp_2",0.0851075733693081,0.265697262268724
"Chlorophyta__streptophyta_848_1","Bacteroidetes_1204_1_tp_2, Chlorophyta__streptophyta_751_1_tp_2, Dinoflagellata_1728_1_tp_2, Dinoflagellata_1758_1_tp_2, Lobosa_11_1_tp_2, Phylum_reps_2301_1_tp_2, Proteobacteria_11428_1_tp_2, Proteobacteria_7983_3_tp_2, Verrucomicrobia_18_1_tp_2",0.225508342736884,0.22338708826841
"Chlorophyta__streptophyta_848_1","Bacteroidetes_1224_1_tp_2, Chlorophyta__streptophyta_845_1_tp_2, Cryptophyta_108_1_tp_2, Dinoflagellata_1010_1_tp_2, Dinoflagellata_1198_1_tp_2, Picozoa_6_1_tp_2, Proteobacteria_11155_1_tp_2, Proteobacteria_11429_1_tp_2, Proteobacteria_8177_1_tp_2",0.146880430910484,0.259131853694635
"Chlorophyta__streptophyta_848_1","Bacteroidetes_1167_1_tp_2, Bacteroidetes_1360_4_tp_2, Cercozoa_395_1_tp_2, Cryptophyta_108_1_tp_2, Cryptophyta_15_1_tp_2, Cyanobacteria_73_1_tp_2, Dinoflagellata_1542_1_tp_2, Dinoflagellata_1862_1_tp_2, Planctomycetes_34_1_tp_2",0.2443553840144,0.230357229296467
"Chlorophyta__streptophyta_848_1","Bacillariophyta_219_1_tp_2, Chlorophyta__streptophyta_732_1_tp_2, Cyanobacteria_73_1_tp_2, Dinoflagellata_1769_1_tp_2, Div_reps_1600_1_tp_2, Phylum_reps_2301_1_tp_2, Proteobacteria_10168_1_tp_2, Proteobacteria_11190_1_tp_2, Proteobacteria_7983_3_tp_2",0.0807441618368804,0.243116764373321
"Chlorophyta__streptophyta_848_1","Bacteroidetes_919_3_tp_2, Chlorophyta__streptophyta_751_1_tp_2, Cryptophyta_15_2_tp_2, Proteobacteria_10091_1_tp_2, Proteobacteria_11120_1_tp_2, Proteobacteria_7295_1_tp_2, Proteobacteria_7983_2_tp_2, Proteobacteria_9681_1_tp_2, Verrucomicrobia_18_2_tp_2",0.13513859168046,0.241687804577668
"Chlorophyta__streptophyta_848_1","Bacteroidetes_1360_2_tp_2, Bacteroidetes_918_2_tp_2, Cercozoa_291_1_tp_2, Ciliophora_234_1_tp_2, Dinoflagellata_1728_1_tp_2, Picozoa_6_1_tp_2, Proteobacteria_7295_1_tp_2, Proteobacteria_7983_6_tp_2, Verrucomicrobia_22_2_tp_2",0.17182755168196,0.227746318962887
"Chlorophyta__streptophyta_848_1","Bacillariophyta_100_1_tp_2, Bacillariophyta_29_1_tp_2, Bacteroidetes_1151_1_tp_2, Bacteroidetes_1186_1_tp_2, Ciliophora_1195_1_tp_2, Dinoflagellata_1014_1_tp_2, Dinoflagellata_1728_1_tp_2, Dinoflagellata_955_1_tp_2, Proteobacteria_7983_1_tp_2",0.0419624704784693,0.234671582280494
"Chlorophyta__streptophyta_848_1","Archaea_164_2_tp_2, Bacteroidetes_1224_1_tp_2, Chlorophyta__streptophyta_732_1_tp_2, Chrysophyceae_16_1_tp_2, Cyanobacteria_85_1_tp_2, Dinoflagellata_1010_1_tp_2, Perkinsea_33_1_tp_2, Proteobacteria_8185_1_tp_2, Verrucomicrobia_22_1_tp_2",0.15692581118684,0.224841138449664
"Chlorophyta__streptophyta_848_1","Bacteroidetes_1167_1_tp_2, Bacteroidetes_1224_1_tp_2, Bacteroidetes_1349_1_tp_2, Bacteroidetes_1360_5_tp_2, Cercozoa_23_1_tp_2, Planctomycetes_27_1_tp_2, Proteobacteria_7295_1_tp_2, Pseudofungi_43_1_tp_2, Verrucomicrobia_18_4_tp_2",0.0849779567487603,0.252162669390477
"Chlorophyta__streptophyta_848_1","Bacteroidetes_1194_1_tp_2, Cercozoa_395_1_tp_2, Cyanobacteria_65_1_tp_2, Cyanobacteria_85_1_tp_2, Katablepharidophyta_7_1_tp_2, Proteobacteria_11120_1_tp_2, Proteobacteria_5461_1_tp_2, Proteobacteria_7100_1_tp_2, Proteobacteria_7983_4_tp_2",0.234310928827702,0.209851152974542
"Chlorophyta__streptophyta_848_1","Cryptophyta_15_2_tp_2, Cyanobacteria_85_1_tp_2, Dictyochophyceae_6_1_tp_2, Phylum_reps_1985_1_tp_2, Picozoa_6_1_tp_2, Proteobacteria_11210_1_tp_2, Proteobacteria_5461_1_tp_2, Proteobacteria_7982_1_tp_2, Radiolaria_104_1_tp_2",0.151993016889533,0.233154832770853
"Chlorophyta__streptophyta_848_1","Cercozoa_395_1_tp_2, Dinoflagellata_1555_1_tp_2, Dinoflagellata_874_1_tp_2, Proteobacteria_7100_1_tp_2, Proteobacteria_7313_1_tp_2, Proteobacteria_7314_1_tp_2, Proteobacteria_7983_1_tp_2, Proteobacteria_7983_3_tp_2, Verrucomicrobia_18_2_tp_2",0.108872913000689,0.245053201347671
"Chlorophyta__streptophyta_848_1","Bacillariophyta_123_1_tp_2, Bacteroidetes_1194_1_tp_2, Bacteroidetes_919_1_tp_2, Cercozoa_22_1_tp_2, Ciliophora_234_1_tp_2, Phylum_reps_1954_1_tp_2, Proteobacteria_5436_1_tp_2, Proteobacteria_7313_1_tp_2, Proteobacteria_7983_6_tp_2",0.132728548528951,0.22271634531069
"Chlorophyta__streptophyta_848_1","Bacillariophyta_29_1_tp_2, Bacteroidetes_1204_1_tp_2, Bacteroidetes_918_2_tp_2, Bacteroidetes_918_4_tp_2, Ciliophora_1195_1_tp_2, Dinoflagellata_1098_1_tp_2, Haptophyta_148_1_tp_2, Proteobacteria_7983_3_tp_2, Radiolaria_104_1_tp_2",0.208125728319849,0.233366043134258
"Chlorophyta__streptophyta_848_1","Bacteroidetes_918_3_tp_2, Bacteroidetes_919_1_tp_2, Phylum_reps_1954_1_tp_2, Planctomycetes_27_1_tp_2, Proteobacteria_11155_1_tp_2, Proteobacteria_7982_2_tp_2, Proteobacteria_8176_1_tp_2, Proteobacteria_8177_1_tp_2, Proteobacteria_9681_1_tp_2",0.0540927494415268,0.260270183796683
"Chlorophyta__streptophyta_848_1","Bacteroidetes_1166_1_tp_2, Bacteroidetes_1204_1_tp_2, Cryptophyta_15_1_tp_2, Proteobacteria_10114_1_tp_2, Proteobacteria_7314_1_tp_2, Proteobacteria_7316_1_tp_2, Proteobacteria_7982_2_tp_2, Proteobacteria_7983_6_tp_2, Sagenista_53_1_tp_2",0.185480483709599,0.242922877440856
"Chlorophyta__streptophyta_848_1","Bacillariophyta_219_1_tp_2, Bacteroidetes_129_2_tp_2, Bacteroidetes_317_1_tp_2, Proteobacteria_11429_2_tp_2, Proteobacteria_7230_3_tp_2, Proteobacteria_7313_1_tp_2, Proteobacteria_7983_4_tp_2, Proteobacteria_9681_1_tp_2, Verrucomicrobia_22_2_tp_2",0.127013783680192,0.248344840331915
"Chlorophyta__streptophyta_848_1","Archaea_164_1_tp_2, Bacteroidetes_1360_2_tp_2, Bacteroidetes_918_4_tp_2, Dinoflagellata_1758_1_tp_2, Dinoflagellata_1771_2_tp_2, Picozoa_18_1_tp_2, Proteobacteria_10168_1_tp_2, Proteobacteria_8185_1_tp_2, Radiolaria_104_1_tp_2",0.219718130393487,0.228090258829462
"Chlorophyta__streptophyta_848_1","Bacteroidetes_1186_1_tp_2, Bacteroidetes_919_2_tp_2, Dinoflagellata_955_1_tp_2, Haptophyta_203_1_tp_2, Katablepharidophyta_7_1_tp_2, Nitrospirae_9_1_tp_2, Picozoa_18_1_tp_2, Proteobacteria_7100_1_tp_2, Rhodophyta_506_1_tp_2",0.102615373498374,0.254737311723741
"Chlorophyta__streptophyta_848_1","Bacteroidetes_1178_1_tp_2, Bacteroidetes_129_1_tp_2, Bacteroidetes_1360_1_tp_2, Cyanobacteria_48_1_tp_2, Dinoflagellata_1009_1_tp_2, Dinoflagellata_1010_1_tp_2, Dinoflagellata_124_1_tp_2, Proteobacteria_11155_1_tp_2, Proteobacteria_7100_1_tp_2",0.19236136378077,0.240119823135198
"Chlorophyta__streptophyta_848_1","Bacillariophyta_138_1_tp_2, Bacteroidetes_1349_1_tp_2, Bacteroidetes_317_1_tp_2, Katablepharidophyta_7_1_tp_2, Planctomycetes_61_1_tp_2, Proteobacteria_11428_1_tp_2, Proteobacteria_6384_1_tp_2, Proteobacteria_7230_1_tp_2, Proteobacteria_7787_1_tp_2",0.226193428258726,0.24675291294622
"Chlorophyta__streptophyta_848_1","Bacteroidetes_1186_1_tp_2, Bacteroidetes_1360_1_tp_2, Bacteroidetes_918_1_tp_2, Chlorophyta__streptophyta_895_1_tp_2, Cryptophyta_15_2_tp_2, Proteobacteria_5461_1_tp_2, Proteobacteria_6847_1_tp_2, Proteobacteria_7166_1_tp_2, Proteobacteria_9649_1_tp_2",0.199034735670173,0.238280110642624
"Chlorophyta__streptophyta_848_1","Bacteroidetes_129_1_tp_2, Bacteroidetes_918_5_tp_2, Chlorophyta__streptophyta_120_1_tp_2, Chlorophyta__streptophyta_732_1_tp_2, Ciliophora_280_1_tp_2, Proteobacteria_7231_1_tp_2, Proteobacteria_7295_1_tp_2, Proteobacteria_7983_6_tp_2, Proteobacteria_7984_1_tp_2",0.151808712997452,0.226335397186858
"Chlorophyta__streptophyta_848_1","Bacteroidetes_129_2_tp_2, Cercozoa_395_1_tp_2, Chlorophyta__streptophyta_120_1_tp_2, Cyanobacteria_85_1_tp_2, Dinoflagellata_874_1_tp_2, Proteobacteria_6384_1_tp_2, Proteobacteria_7289_1_tp_2, Proteobacteria_7984_1_tp_2, Verrucomicrobia_18_2_tp_2",0.154939642174473,0.226162348929957
"Chlorophyta__streptophyta_848_1","Actinobacteria_410_1_tp_2, Bacteroidetes_1166_2_tp_2, Bacteroidetes_1167_1_tp_2, Bacteroidetes_129_1_tp_2, Bacteroidetes_919_3_tp_2, Dinoflagellata_874_1_tp_2, Proteobacteria_7983_5_tp_2, Proteobacteria_7983_6_tp_2, Verrucomicrobia_23_1_tp_2",0.02925017548853,0.249092332215286
"Chlorophyta__streptophyta_848_1","Bacteroidetes_1349_1_tp_2, Cryptophyta_15_2_tp_2, Dinoflagellata_1017_1_tp_2, Dinoflagellata_1728_2_tp_2, Planctomycetes_34_1_tp_2, Proteobacteria_11429_4_tp_2, Proteobacteria_7100_1_tp_2, Proteobacteria_7984_1_tp_2, Proteobacteria_8175_1_tp_2",0.116276585482749,0.252496814287077
"Chlorophyta__streptophyta_848_1","Bacillariophyta_31_1_tp_2, Bacteroidetes_919_3_tp_2, Ciliophora_403_1_tp_2, Cryptophyta_108_1_tp_2, Cryptophyta_15_1_tp_2, Katablepharidophyta_7_1_tp_2, Proteobacteria_11429_3_tp_2, Proteobacteria_7319_1_tp_2, Proteobacteria_8177_2_tp_2",0.159510835211593,0.251694360241471
"Chlorophyta__streptophyta_848_1","Chlorophyta__streptophyta_732_1_tp_2, Dinoflagellata_1749_1_tp_2, Dinoflagellata_1968_1_tp_2, Dinoflagellata_874_1_tp_2, Proteobacteria_11120_1_tp_2, Proteobacteria_7230_3_tp_2, Proteobacteria_7364_1_tp_2, Proteobacteria_7982_2_tp_2, Verrucomicrobia_22_2_tp_2",0.345902593023157,0.206898272597799
"Chlorophyta__streptophyta_848_1","Bacteroidetes_1360_2_tp_2, Ciliophora_298_1_tp_2, Dinoflagellata_1009_1_tp_2, Planctomycetes_61_1_tp_2, Proteobacteria_10168_1_tp_2, Proteobacteria_11431_1_tp_2, Proteobacteria_7314_1_tp_2, Proteobacteria_7983_5_tp_2, Sagenista_61_1_tp_2",0.145658821966505,0.232171354525824
"Chlorophyta__streptophyta_848_1","Bacillariophyta_196_1_tp_2, Cryptophyta_108_1_tp_2, Dinoflagellata_1010_1_tp_2, Phylum_reps_1985_1_tp_2, Proteobacteria_11429_2_tp_2, Proteobacteria_11429_3_tp_2, Proteobacteria_7174_1_tp_2, Proteobacteria_7230_3_tp_2, Proteobacteria_7984_1_tp_2",0.216350956037448,0.254200727584043
"Chlorophyta__streptophyta_848_1","Bacillariophyta_31_1_tp_2, Bacteroidetes_1264_1_tp_2, Chlorophyta__streptophyta_751_1_tp_2, Chrysophyceae_16_1_tp_2, Cyanobacteria_48_1_tp_2, Katablepharidophyta_7_1_tp_2, Proteobacteria_22_1_tp_2, Proteobacteria_7295_1_tp_2, Proteobacteria_8176_2_tp_2",0.169415232073727,0.236432993514679
"Chlorophyta__streptophyta_848_1","Bacillariophyta_219_1_tp_2, Bacteroidetes_1194_1_tp_2, Dinoflagellata_1711_1_tp_2, Haptophyta_203_1_tp_2, Katablepharidophyta_7_1_tp_2, Phylum_reps_1985_1_tp_2, Picozoa_18_1_tp_2, Proteobacteria_11120_1_tp_2, Proteobacteria_11428_1_tp_2",0.274372963390849,0.227347293256003
"Chlorophyta__streptophyta_848_1","Archaea_164_1_tp_2, Bacillariophyta_196_1_tp_2, Bacillariophyta_219_1_tp_2, Chlorophyta__streptophyta_895_1_tp_2, Dinoflagellata_1542_1_tp_2, Div_reps_1600_1_tp_2, Planctomycetes_61_1_tp_2, Proteobacteria_7174_1_tp_2, Proteobacteria_8520_1_tp_2",0.176585458266568,0.242740182897735
"Chlorophyta__streptophyta_848_1","Bacteroidetes_918_4_tp_2, Cercozoa_395_1_tp_2, Chlorophyta__streptophyta_120_1_tp_2, Chlorophyta__streptophyta_751_1_tp_2, Dinoflagellata_1542_1_tp_2, Dinoflagellata_1658_1_tp_2, Dinoflagellata_1711_1_tp_2, Proteobacteria_5436_1_tp_2, Verrucomicrobia_18_2_tp_2",0.179608098500479,0.230432362545685
"Chlorophyta__streptophyta_848_1","Bacteroidetes_1360_3_tp_2, Bacteroidetes_1360_5_tp_2, Chlorophyta__streptophyta_120_1_tp_2, Ciliophora_1195_1_tp_2, Dinoflagellata_1198_1_tp_2, Planctomycetes_61_1_tp_2, Proteobacteria_11155_1_tp_2, Proteobacteria_7982_2_tp_2, Verrucomicrobia_18_1_tp_2",0.103582291295646,0.250534853699734
"Chlorophyta__streptophyta_848_1","Bacteroidetes_1360_1_tp_2, Bacteroidetes_1360_4_tp_2, Ciliophora_451_1_tp_2, Dinoflagellata_1728_2_tp_2, Div_reps_2942_1_tp_2, Proteobacteria_10091_1_tp_2, Proteobacteria_11210_1_tp_2, Proteobacteria_7316_1_tp_2, Proteobacteria_7983_2_tp_2",0.111273471272312,0.243462264932231
"Chlorophyta__streptophyta_848_1","Bacillariophyta_31_1_tp_2, Chlorophyta__streptophyta_895_1_tp_2, Dinoflagellata_1862_1_tp_2, Planctomycetes_27_1_tp_2, Proteobacteria_11155_2_tp_2, Proteobacteria_11429_4_tp_2, Proteobacteria_7230_2_tp_2, Proteobacteria_8176_1_tp_2, Proteobacteria_9681_1_tp_2",0.117579609446581,0.268239764612457
"Chlorophyta__streptophyta_848_1","Bacteroidetes_1166_1_tp_2, Bacteroidetes_1360_1_tp_2, Bacteroidetes_1360_5_tp_2, Ciliophora_451_1_tp_2, Dinoflagellata_1017_1_tp_2, Proteobacteria_7166_1_tp_2, Proteobacteria_7295_1_tp_2, Proteobacteria_8175_1_tp_2, Raphidophyceae_3_1_tp_2",0.133090593032805,0.229331374097022
"Chlorophyta__streptophyta_848_1","Bacteroidetes_129_1_tp_2, Bacteroidetes_919_3_tp_2, Dinoflagellata_955_1_tp_2, Proteobacteria_11429_4_tp_2, Proteobacteria_11431_1_tp_2, Proteobacteria_7100_1_tp_2, Proteobacteria_7230_3_tp_2, Proteobacteria_7983_4_tp_2, Proteobacteria_8176_1_tp_2",0.102410117850579,0.228423011760744
"Chlorophyta__streptophyta_848_1","Bacteroidetes_1224_1_tp_2, Bacteroidetes_919_2_tp_2, Chlorophyta__streptophyta_751_1_tp_2, Chlorophyta__streptophyta_895_1_tp_2, Katablepharidophyta_7_1_tp_2, Proteobacteria_7289_1_tp_2, Proteobacteria_7364_1_tp_2, Proteobacteria_7787_1_tp_2, Proteobacteria_9681_1_tp_2",0.219373191438975,0.264961953574552
"Chlorophyta__streptophyta_848_1","Actinobacteria_410_2_tp_2, Bacteroidetes_1166_2_tp_2, Bacteroidetes_1178_1_tp_2, Bacteroidetes_1249_1_tp_2, Bacteroidetes_918_1_tp_2, Bacteroidetes_938_1_tp_2, Perkinsea_33_1_tp_2, Proteobacteria_7983_6_tp_2, Radiolaria_104_1_tp_2",0.223895775531117,0.228681963621674
"Chlorophyta__streptophyta_848_1","Bacteroidetes_1167_1_tp_2, Bacteroidetes_1178_1_tp_2, Dinoflagellata_1017_1_tp_2, Phylum_reps_1985_1_tp_2, Proteobacteria_11190_1_tp_2, Proteobacteria_11210_2_tp_2, Proteobacteria_7314_1_tp_2, Proteobacteria_7983_3_tp_2, Radiolaria_104_1_tp_2",0.248207733009015,0.235273760148396
"Chlorophyta__streptophyta_848_1","Bacteroidetes_1166_2_tp_2, Bacteroidetes_1264_1_tp_2, Dinoflagellata_1017_1_tp_2, Dinoflagellata_1098_1_tp_2, Dinoflagellata_1758_1_tp_2, Proteobacteria_11155_2_tp_2, Proteobacteria_8176_2_tp_2, Sagenista_61_1_tp_2, Verrucomicrobia_18_4_tp_2",0.221969701268067,0.222175870968834
"Chlorophyta__streptophyta_848_1","Bacteroidetes_1166_1_tp_2, Bacteroidetes_918_1_tp_2, Chlorophyta__streptophyta_833_1_tp_2, Cryptophyta_108_1_tp_2, Dinoflagellata_1771_1_tp_2, Lobosa_11_1_tp_2, Proteobacteria_11120_1_tp_2, Proteobacteria_5436_1_tp_2, Raphidophyceae_3_1_tp_2",0.284898828971789,0.220259227953505
"Chlorophyta__streptophyta_848_1","Bacteroidetes_1224_1_tp_2, Bacteroidetes_918_5_tp_2, Cercozoa_395_1_tp_2, Chrysophyceae_16_1_tp_2, Dinoflagellata_1014_1_tp_2, Dinoflagellata_1098_1_tp_2, Div_reps_1600_2_tp_2, Phylum_reps_1954_1_tp_2, Proteobacteria_11429_4_tp_2",0.165823928972372,0.225479444171598
"Chlorophyta__streptophyta_848_1","Bacillariophyta_123_1_tp_2, Bacillariophyta_196_1_tp_2, Bacteroidetes_1167_1_tp_2, Bacteroidetes_1235_1_tp_2, Picozoa_6_1_tp_2, Proteobacteria_11155_1_tp_2, Proteobacteria_7983_2_tp_2, Proteobacteria_7983_7_tp_2, Radiolaria_104_1_tp_2",0.183659773771987,0.236422584261397
"Chlorophyta__streptophyta_848_1","Bacteroidetes_1360_1_tp_2, Chlorophyta__streptophyta_732_1_tp_2, Dinoflagellata_1098_1_tp_2, Dinoflagellata_1658_1_tp_2, Proteobacteria_11120_1_tp_2, Proteobacteria_11155_2_tp_2, Proteobacteria_11429_1_tp_2, Proteobacteria_6384_1_tp_2, Proteobacteria_7166_1_tp_2",0.284200220743098,0.211829555627418
"Chlorophyta__streptophyta_848_1","Archaea_164_2_tp_2, Bacillariophyta_44_1_tp_2, Cyanobacteria_48_1_tp_2, Dinoflagellata_1542_1_tp_2, Div_reps_1600_2_tp_2, Picozoa_6_1_tp_2, Proteobacteria_10168_1_tp_2, Proteobacteria_11431_2_tp_2, Proteobacteria_7295_1_tp_2",0.178442747900135,0.236499499126899
"Chlorophyta__streptophyta_848_1","Bacillariophyta_219_1_tp_2, Bacteroidetes_1264_1_tp_2, Cryptophyta_15_2_tp_2, Dinoflagellata_1555_1_tp_2, Div_reps_1600_2_tp_2, Proteobacteria_11431_2_tp_2, Proteobacteria_7231_1_tp_2, Proteobacteria_7314_1_tp_2, Verrucomicrobia_18_1_tp_2",0.0656708585573691,0.2541064146751
"Chlorophyta__streptophyta_848_1","Bacteroidetes_1178_1_tp_2, Bacteroidetes_1360_2_tp_2, Cyanobacteria_73_1_tp_2, Dinoflagellata_1555_1_tp_2, Div_reps_1600_2_tp_2, Proteobacteria_11431_2_tp_2, Proteobacteria_7100_1_tp_2, Proteobacteria_8175_1_tp_2, Proteobacteria_8177_1_tp_2",0.138562620982811,0.237586203521976
"Chlorophyta__streptophyta_848_1","Bacteroidetes_1151_1_tp_2, Bacteroidetes_1186_1_tp_2, Bacteroidetes_919_3_tp_2, Ciliophora_234_1_tp_2, Dinoflagellata_124_1_tp_2, Dinoflagellata_1771_1_tp_2, Lobosa_11_1_tp_2, Proteobacteria_7314_1_tp_2, Proteobacteria_7983_3_tp_2",0.0821397193762403,0.248555799967487
"Chlorophyta__streptophyta_848_1","Bacteroidetes_1360_3_tp_2, Dinoflagellata_1010_1_tp_2, Dinoflagellata_874_1_tp_2, Picozoa_6_1_tp_2, Planctomycetes_27_1_tp_2, Proteobacteria_11120_1_tp_2, Proteobacteria_11429_2_tp_2, Proteobacteria_7983_8_tp_2, Proteobacteria_9649_1_tp_2",0.202123091222899,0.248985099723336
"Chlorophyta__streptophyta_848_1","Actinobacteria_410_2_tp_2, Bacteroidetes_1151_1_tp_2, Dinoflagellata_1555_1_tp_2, Proteobacteria_11431_1_tp_2, Proteobacteria_11431_2_tp_2, Proteobacteria_7983_1_tp_2, Proteobacteria_8176_2_tp_2, Proteobacteria_9649_1_tp_2, Sagenista_53_1_tp_2",0.0933750829317583,0.251802120843471
"Chlorophyta__streptophyta_848_1","Bacteroidetes_1249_1_tp_2, Bacteroidetes_317_1_tp_2, Ciliophora_403_1_tp_2, Dinoflagellata_874_1_tp_2, Phylum_reps_1985_1_tp_2, Proteobacteria_10091_1_tp_2, Proteobacteria_6847_1_tp_2, Proteobacteria_7230_3_tp_2, Proteobacteria_7983_8_tp_2",0.183243815816148,0.246363106060482
"Chlorophyta__streptophyta_848_1","Bacillariophyta_123_1_tp_2, Bacteroidetes_1166_1_tp_2, Chlorophyta__streptophyta_120_1_tp_2, Chlorophyta__streptophyta_732_1_tp_2, Dinoflagellata_1010_1_tp_2, Dinoflagellata_874_1_tp_2, Proteobacteria_11155_2_tp_2, Proteobacteria_7316_1_tp_2, Proteobacteria_8175_1_tp_2",0.0971266099032961,0.242201044354998
"Chlorophyta__streptophyta_848_1","Actinobacteria_410_1_tp_2, Bacteroidetes_1349_1_tp_2, Ciliophora_280_1_tp_2, Ciliophora_298_1_tp_2, Proteobacteria_11429_3_tp_2, Proteobacteria_7100_1_tp_2, Proteobacteria_7983_6_tp_2, Proteobacteria_8177_1_tp_2, Verrucomicrobia_23_1_tp_2",0.108111031643975,0.244758381619641
"Chlorophyta__streptophyta_848_1","Bacteroidetes_1166_1_tp_2, Bacteroidetes_1264_1_tp_2, Bacteroidetes_131_1_tp_2, Chlorophyta__streptophyta_895_1_tp_2, Ciliophora_234_1_tp_2, Cyanobacteria_65_1_tp_2, Proteobacteria_11429_4_tp_2, Proteobacteria_5461_1_tp_2, Proteobacteria_8178_1_tp_2",0.238267399765113,0.21888081037357
"Chlorophyta__streptophyta_848_1","Bacillariophyta_138_1_tp_2, Bacteroidetes_1204_1_tp_2, Bacteroidetes_919_3_tp_2, Dinoflagellata_1728_2_tp_2, Dinoflagellata_955_1_tp_2, Proteobacteria_11210_2_tp_2, Proteobacteria_11431_1_tp_2, Proteobacteria_8175_1_tp_2, Proteobacteria_8177_1_tp_2",0.128364044785862,0.232040744024493
"Chlorophyta__streptophyta_848_1","Bacteroidetes_1166_2_tp_2, Bacteroidetes_129_1_tp_2, Katablepharidophyta_7_1_tp_2, Picozoa_6_1_tp_2, Proteobacteria_10168_1_tp_2, Proteobacteria_11428_1_tp_2, Proteobacteria_7983_1_tp_2, Sagenista_53_1_tp_2, Verrucomicrobia_22_2_tp_2",0.104271284360224,0.264893045742852
"Chlorophyta__streptophyta_848_1","Bacteroidetes_1249_1_tp_2, Bacteroidetes_919_2_tp_2, Bacteroidetes_919_3_tp_2, Ciliophora_1195_1_tp_2, Dinoflagellata_1009_1_tp_2, Proteobacteria_11210_1_tp_2, Proteobacteria_11431_1_tp_2, Proteobacteria_7231_1_tp_2, Verrucomicrobia_18_1_tp_2",0.121221098549657,0.246212265058801
"Chlorophyta__streptophyta_848_1","Bacteroidetes_918_1_tp_2, Chlorophyta__streptophyta_732_1_tp_2, Chlorophyta__streptophyta_895_1_tp_2, Proteobacteria_11429_1_tp_2, Proteobacteria_22_1_tp_2, Proteobacteria_8178_1_tp_2, Proteobacteria_8520_1_tp_2, Pseudofungi_43_1_tp_2, Verrucomicrobia_22_2_tp_2",0.181300278540662,0.222407873094984
"Chlorophyta__streptophyta_848_1","Chlorophyta__streptophyta_732_1_tp_2, Ciliophora_403_1_tp_2, Cyanobacteria_73_1_tp_2, Dictyochophyceae_6_1_tp_2, Dinoflagellata_1009_1_tp_2, Dinoflagellata_124_1_tp_2, Dinoflagellata_1711_1_tp_2, Picozoa_6_1_tp_2, Rhodophyta_506_1_tp_2",0.199282255279958,0.240524472470571
"Chlorophyta__streptophyta_848_1","Bacteroidetes_919_3_tp_2, Bacteroidetes_938_1_tp_2, Dinoflagellata_1771_1_tp_2, Div_reps_1600_1_tp_2, Proteobacteria_11155_2_tp_2, Proteobacteria_11431_1_tp_2, Proteobacteria_7174_1_tp_2, Rhodophyta_506_1_tp_2, Verrucomicrobia_22_1_tp_2",0.201404873249295,0.242627405600315
"Chlorophyta__streptophyta_848_1","Bacteroidetes_919_2_tp_2, Bacteroidetes_938_1_tp_2, Ciliophora_451_1_tp_2, Dinoflagellata_124_1_tp_2, Dinoflagellata_955_1_tp_2, Proteobacteria_5461_1_tp_2, Proteobacteria_6384_1_tp_2, Proteobacteria_7982_1_tp_2, Verrucomicrobia_18_1_tp_2",0.130043577546145,0.241273024081443
"Chlorophyta__streptophyta_848_1","Bacteroidetes_129_2_tp_2, Bacteroidetes_919_1_tp_2, Chrysophyceae_16_1_tp_2, Cryptophyta_15_1_tp_2, Dinoflagellata_1496_1_tp_2, Nitrospirae_9_1_tp_2, Phylum_reps_1954_1_tp_2, Radiolaria_104_1_tp_2, Verrucomicrobia_22_1_tp_2",0.259716715161948,0.214680941097264
"Chlorophyta__streptophyta_848_1","Bacteroidetes_1167_1_tp_2, Chlorophyta__streptophyta_751_1_tp_2, Ciliophora_451_1_tp_2, Cyanobacteria_85_1_tp_2, Dinoflagellata_1771_2_tp_2, Proteobacteria_10114_1_tp_2, Proteobacteria_11210_1_tp_2, Proteobacteria_11429_1_tp_2, Verrucomicrobia_22_1_tp_2",0.234768159434168,0.219526051022047
"Chlorophyta__streptophyta_848_1","Bacteroidetes_1264_1_tp_2, Bacteroidetes_1360_3_tp_2, Bacteroidetes_918_4_tp_2, Bacteroidetes_956_1_tp_2, Dinoflagellata_124_1_tp_2, Perkinsea_44_1_tp_2, Proteobacteria_7983_5_tp_2, Proteobacteria_8176_1_tp_2, Verrucomicrobia_23_1_tp_2",0.0976559493765015,0.249766469295161
"Chlorophyta__streptophyta_848_1","Actinobacteria_410_2_tp_2, Bacteroidetes_1167_1_tp_2, Bacteroidetes_129_1_tp_2, Dinoflagellata_1711_1_tp_2, Proteobacteria_11429_3_tp_2, Proteobacteria_11431_2_tp_2, Proteobacteria_7316_1_tp_2, Proteobacteria_7984_1_tp_2, Verrucomicrobia_18_4_tp_2",0.132894431383289,0.249829602188448
"Chlorophyta__streptophyta_848_1","Cryptophyta_15_1_tp_2, Dinoflagellata_1198_1_tp_2, Dinoflagellata_1555_1_tp_2, Haptophyta_203_1_tp_2, Proteobacteria_11155_1_tp_2, Proteobacteria_11429_2_tp_2, Proteobacteria_7983_3_tp_2, Proteobacteria_7983_7_tp_2, Verrucomicrobia_18_1_tp_2",-0.0213464966823275,0.298752430380494
"Chlorophyta__streptophyta_848_1","Bacteroidetes_1224_1_tp_2, Bacteroidetes_131_1_tp_2, Bacteroidetes_1349_1_tp_2, Cyanobacteria_73_1_tp_2, Dinoflagellata_1749_1_tp_2, Proteobacteria_10114_1_tp_2, Proteobacteria_11155_1_tp_2, Proteobacteria_7231_1_tp_2, Proteobacteria_9649_1_tp_2",0.141200909769586,0.237371407634764
"Chlorophyta__streptophyta_848_1","Bacteroidetes_1360_3_tp_2, Bacteroidetes_919_2_tp_2, Chlorophyta__streptophyta_845_1_tp_2, Proteobacteria_22_1_tp_2, Proteobacteria_6384_1_tp_2, Proteobacteria_7983_6_tp_2, Proteobacteria_7983_7_tp_2, Proteobacteria_8520_1_tp_2, Verrucomicrobia_22_2_tp_2",0.082542974274643,0.258807643244287
"Chlorophyta__streptophyta_848_1","Archaea_164_2_tp_2, Bacteroidetes_1166_2_tp_2, Bacteroidetes_1224_1_tp_2, Cyanobacteria_48_1_tp_2, Dinoflagellata_1098_1_tp_2, Dinoflagellata_1198_1_tp_2, Phylum_reps_1954_1_tp_2, Proteobacteria_7231_1_tp_2, Proteobacteria_7787_1_tp_2",0.0750364537576481,0.24839455689472
"Chlorophyta__streptophyta_848_1","Bacteroidetes_1167_1_tp_2, Bacteroidetes_1360_3_tp_2, Bacteroidetes_1360_5_tp_2, Bacteroidetes_918_1_tp_2, Cercozoa_22_1_tp_2, Ciliophora_234_1_tp_2, Ciliophora_280_1_tp_2, Haptophyta_203_1_tp_2, Proteobacteria_10168_1_tp_2",0.251381743913904,0.219380090031289
"Chlorophyta__streptophyta_848_1","Bacteroidetes_1194_1_tp_2, Bacteroidetes_1360_5_tp_2, Bacteroidetes_918_1_tp_2, Ciliophora_280_1_tp_2, Cyanobacteria_48_1_tp_2, Phylum_reps_1985_1_tp_2, Proteobacteria_7313_1_tp_2, Proteobacteria_7787_1_tp_2, temperature_tp_2",0.11412594956382,0.254971615955845
"Chlorophyta__streptophyta_848_1","Actinobacteria_410_1_tp_2, Haptophyta_148_1_tp_2, Phylum_reps_1985_1_tp_2, Phylum_reps_2301_1_tp_2, Proteobacteria_11155_1_tp_2, Proteobacteria_5461_1_tp_2, Proteobacteria_6384_1_tp_2, Proteobacteria_8176_2_tp_2, Verrucomicrobia_22_2_tp_2",0.250958172266949,0.236086742100958
"Chlorophyta__streptophyta_848_1","Bacteroidetes_1264_1_tp_2, Bacteroidetes_918_3_tp_2, Dinoflagellata_1711_1_tp_2, Dinoflagellata_1968_1_tp_2, Lobosa_11_1_tp_2, Proteobacteria_10091_1_tp_2, Proteobacteria_7174_1_tp_2, Proteobacteria_7316_1_tp_2, Rhodophyta_506_1_tp_2",0.0712039840770922,0.27292640768261
"Chlorophyta__streptophyta_848_1","Bacillariophyta_138_1_tp_2, Bacteroidetes_1204_1_tp_2, Bacteroidetes_919_2_tp_2, Cercozoa_395_1_tp_2, Dinoflagellata_1017_1_tp_2, Div_reps_2942_1_tp_2, Proteobacteria_11429_3_tp_2, Proteobacteria_11431_2_tp_2, Proteobacteria_7787_1_tp_2",0.264182159457188,0.249998780154331
"Chlorophyta__streptophyta_848_1","Bacillariophyta_196_1_tp_2, Bacteroidetes_1166_1_tp_2, Bacteroidetes_1360_4_tp_2, Cercozoa_23_1_tp_2, Chlorophyta__streptophyta_120_1_tp_2, Dinoflagellata_1658_1_tp_2, Dinoflagellata_874_1_tp_2, Dinoflagellata_955_1_tp_2, Proteobacteria_11429_2_tp_2",0.27323264583561,0.210140868929655
"Chlorophyta__streptophyta_848_1","Archaea_164_1_tp_2, Bacteroidetes_1360_2_tp_2, Bacteroidetes_919_2_tp_2, Haptophyta_148_1_tp_2, Nitrospirae_9_1_tp_2, Proteobacteria_7230_1_tp_2, Proteobacteria_7983_8_tp_2, Proteobacteria_8176_1_tp_2, Raphidophyceae_3_1_tp_2",0.101463659545042,0.235721386976943
"Chlorophyta__streptophyta_848_1","Bacillariophyta_100_1_tp_2, Bacteroidetes_1360_1_tp_2, Haptophyta_148_1_tp_2, Proteobacteria_11190_1_tp_2, Proteobacteria_11210_1_tp_2, Proteobacteria_7174_1_tp_2, Proteobacteria_7230_2_tp_2, Proteobacteria_8520_1_tp_2, Verrucomicrobia_18_3_tp_2",0.0254070630063459,0.331760393487864
"Chlorophyta__streptophyta_848_1","Bacillariophyta_29_1_tp_2, Bacteroidetes_1235_1_tp_2, Bacteroidetes_1360_5_tp_2, Ciliophora_234_1_tp_2, Dinoflagellata_982_1_tp_2, Proteobacteria_7231_1_tp_2, Proteobacteria_8176_2_tp_2, Sagenista_61_1_tp_2, Verrucomicrobia_18_1_tp_2",0.139673475367765,0.235192419209255
"Chlorophyta__streptophyta_848_1","Bacillariophyta_123_1_tp_2, Cercozoa_23_1_tp_2, Chlorophyta__streptophyta_833_1_tp_2, Dinoflagellata_1010_1_tp_2, Dinoflagellata_1711_1_tp_2, Dinoflagellata_1769_1_tp_2, Haptophyta_203_1_tp_2, Proteobacteria_6384_1_tp_2, Radiolaria_104_1_tp_2",0.303780344599194,0.221653299752304
"Chlorophyta__streptophyta_848_1","Bacteroidetes_1167_1_tp_2, Bacteroidetes_918_4_tp_2, Cercozoa_291_1_tp_2, Chlorophyta__streptophyta_845_1_tp_2, Dinoflagellata_1017_1_tp_2, Proteobacteria_10114_1_tp_2, Proteobacteria_11431_2_tp_2, Proteobacteria_7983_1_tp_2, Verrucomicrobia_22_1_tp_2",0.124515243252684,0.246126410695661
"Chlorophyta__streptophyta_848_1","Bacillariophyta_219_1_tp_2, Bacillariophyta_44_1_tp_2, Haptophyta_203_1_tp_2, Planctomycetes_61_1_tp_2, Proteobacteria_10091_1_tp_2, Proteobacteria_11210_2_tp_2, Proteobacteria_11428_1_tp_2, Proteobacteria_7983_5_tp_2, Raphidophyceae_3_1_tp_2",0.0600274584713242,0.27081382278321
"Chlorophyta__streptophyta_848_1","Archaea_164_1_tp_2, Bacteroidetes_129_2_tp_2, Dinoflagellata_1542_1_tp_2, Div_reps_2942_1_tp_2, Proteobacteria_11429_4_tp_2, Proteobacteria_7295_1_tp_2, Proteobacteria_7313_1_tp_2, Proteobacteria_7983_2_tp_2, Raphidophyceae_3_1_tp_2",0.135121492061297,0.252473590078505
"Chlorophyta__streptophyta_848_1","Chlorophyta__streptophyta_845_1_tp_2, Dinoflagellata_1771_1_tp_2, Dinoflagellata_1862_1_tp_2, Dinoflagellata_1968_1_tp_2, Proteobacteria_11210_2_tp_2, Proteobacteria_11428_1_tp_2, Proteobacteria_7174_1_tp_2, Proteobacteria_7289_1_tp_2, Proteobacteria_9681_2_tp_2",0.113707880247219,0.251344764217815
"Chlorophyta__streptophyta_848_1","Bacillariophyta_44_1_tp_2, Bacteroidetes_1349_1_tp_2, Bacteroidetes_1360_3_tp_2, Cercozoa_22_1_tp_2, Cyanobacteria_85_1_tp_2, Dinoflagellata_1658_1_tp_2, Proteobacteria_8176_1_tp_2, Proteobacteria_8177_1_tp_2, Raphidophyceae_3_1_tp_2",0.1932815014758,0.220167291628821
"Chlorophyta__streptophyta_848_1","Bacillariophyta_44_1_tp_2, Chlorophyta__streptophyta_833_1_tp_2, Dinoflagellata_1198_1_tp_2, Haptophyta_203_1_tp_2, Proteobacteria_6384_1_tp_2, Proteobacteria_7166_1_tp_2, Proteobacteria_7983_8_tp_2, Verrucomicrobia_18_2_tp_2, Verrucomicrobia_18_3_tp_2",0.289737202411962,0.234819539507168
"Chlorophyta__streptophyta_848_1","Bacteroidetes_1360_2_tp_2, Bacteroidetes_1360_4_tp_2, Ciliophora_451_1_tp_2, Cryptophyta_15_2_tp_2, Dinoflagellata_1010_1_tp_2, Dinoflagellata_1793_1_tp_2, Proteobacteria_7230_3_tp_2, Proteobacteria_7983_2_tp_2, Proteobacteria_8177_1_tp_2",0.150069665002224,0.247718861735155
"Chlorophyta__streptophyta_848_1","Bacillariophyta_100_1_tp_2, Bacillariophyta_31_1_tp_2, Dinoflagellata_1711_1_tp_2, Dinoflagellata_874_1_tp_2, Picozoa_18_1_tp_2, Proteobacteria_11190_1_tp_2, Proteobacteria_11210_2_tp_2, Proteobacteria_5461_1_tp_2, Proteobacteria_7166_1_tp_2",0.161697419333956,0.242314212003748
"Chlorophyta__streptophyta_848_1","Bacteroidetes_317_1_tp_2, Chlorophyta__streptophyta_120_1_tp_2, Dinoflagellata_1496_1_tp_2, Dinoflagellata_1555_1_tp_2, Dinoflagellata_1711_1_tp_2, Dinoflagellata_1728_1_tp_2, Proteobacteria_22_1_tp_2, Proteobacteria_6384_1_tp_2, Pseudofungi_43_1_tp_2",0.330868927557429,0.205398807265258
"Chlorophyta__streptophyta_848_1","Ciliophora_1195_1_tp_2, Dinoflagellata_955_1_tp_2, Phylum_reps_1954_1_tp_2, Proteobacteria_11428_1_tp_2, Proteobacteria_7100_1_tp_2, Proteobacteria_7313_1_tp_2, Proteobacteria_8176_1_tp_2, Proteobacteria_8178_1_tp_2, Verrucomicrobia_18_3_tp_2",0.0710763270395834,0.229754900290882
"Chlorophyta__streptophyta_848_1","Bacillariophyta_196_1_tp_2, Bacteroidetes_1186_1_tp_2, Bacteroidetes_129_1_tp_2, Cercozoa_395_1_tp_2, Dinoflagellata_955_1_tp_2, Planctomycetes_34_1_tp_2, Proteobacteria_22_1_tp_2, Raphidophyceae_3_1_tp_2, Verrucomicrobia_22_2_tp_2",0.113200975878387,0.239109703714973
"Chlorophyta__streptophyta_848_1","Bacteroidetes_1178_1_tp_2, Bacteroidetes_129_2_tp_2, Bacteroidetes_919_3_tp_2, Dinoflagellata_1198_1_tp_2, Perkinsea_44_1_tp_2, Planctomycetes_27_1_tp_2, Proteobacteria_7983_4_tp_2, Proteobacteria_7983_6_tp_2, Verrucomicrobia_18_4_tp_2",0.135495789267649,0.248064399677441
"Chlorophyta__streptophyta_848_1","Actinobacteria_410_2_tp_2, Bacteroidetes_1235_1_tp_2, Bacteroidetes_1360_5_tp_2, Dinoflagellata_1658_1_tp_2, Picozoa_6_1_tp_2, Proteobacteria_22_1_tp_2, Proteobacteria_6384_1_tp_2, Proteobacteria_7364_1_tp_2, Verrucomicrobia_18_2_tp_2",0.201099839485557,0.218365150493642
"Chlorophyta__streptophyta_848_1","Bacteroidetes_1166_1_tp_2, Bacteroidetes_1349_1_tp_2, Dinoflagellata_982_1_tp_2, Picozoa_18_1_tp_2, Proteobacteria_10114_1_tp_2, Proteobacteria_7319_1_tp_2, Proteobacteria_7983_5_tp_2, Raphidophyceae_3_1_tp_2, Verrucomicrobia_18_1_tp_2",0.233884545921352,0.278176824593069
"Chlorophyta__streptophyta_848_1","Bacteroidetes_1166_1_tp_2, Dinoflagellata_1711_1_tp_2, Katablepharidophyta_7_1_tp_2, Picozoa_6_1_tp_2, Proteobacteria_11190_1_tp_2, Proteobacteria_11429_2_tp_2, Proteobacteria_7983_2_tp_2, temperature_tp_2, Verrucomicrobia_22_2_tp_2",0.0814567807460015,0.257265642475209
"Chlorophyta__streptophyta_848_1","Chlorophyta__streptophyta_833_1_tp_2, Ciliophora_298_1_tp_2, Dinoflagellata_1496_1_tp_2, Proteobacteria_11155_2_tp_2, Proteobacteria_11429_3_tp_2, Proteobacteria_6384_1_tp_2, Proteobacteria_7983_4_tp_2, Verrucomicrobia_18_2_tp_2, Verrucomicrobia_22_1_tp_2",0.240505510384523,0.249881171556101
"Chlorophyta__streptophyta_848_1","Bacillariophyta_196_1_tp_2, Bacteroidetes_1194_1_tp_2, Bacteroidetes_918_2_tp_2, Dinoflagellata_1749_1_tp_2, Dinoflagellata_1771_2_tp_2, Planctomycetes_34_1_tp_2, Proteobacteria_11155_1_tp_2, Proteobacteria_11155_2_tp_2, Proteobacteria_11210_2_tp_2",0.22263412717963,0.260256158123475
"Chlorophyta__streptophyta_848_1","Archaea_179_1_tp_2, Bacteroidetes_1360_3_tp_2, Chlorophyta__streptophyta_845_1_tp_2, Cryptophyta_15_2_tp_2, Dinoflagellata_1017_1_tp_2, Dinoflagellata_1496_1_tp_2, Dinoflagellata_1658_1_tp_2, Dinoflagellata_1749_1_tp_2, Dinoflagellata_1771_2_tp_2",0.173227701842412,0.247032185483799
"Chlorophyta__streptophyta_848_1","Bacillariophyta_219_1_tp_2, Bacteroidetes_131_1_tp_2, Bacteroidetes_1349_1_tp_2, Bacteroidetes_918_2_tp_2, Bacteroidetes_938_1_tp_2, Cercozoa_291_1_tp_2, Dinoflagellata_1010_1_tp_2, Proteobacteria_7100_1_tp_2, Radiolaria_104_1_tp_2",0.133346486625904,0.241958540591827
"Chlorophyta__streptophyta_848_1","Dinoflagellata_1014_1_tp_2, Dinoflagellata_1098_1_tp_2, Dinoflagellata_1793_1_tp_2, Dinoflagellata_982_1_tp_2, Katablepharidophyta_7_1_tp_2, Nitrospirae_9_1_tp_2, Proteobacteria_7983_4_tp_2, Proteobacteria_9649_1_tp_2, Proteobacteria_9681_2_tp_2",0.10740268694765,0.279602671881203
"Chlorophyta__streptophyta_848_1","Actinobacteria_410_1_tp_2, Bacteroidetes_1167_1_tp_2, Bacteroidetes_918_4_tp_2, Bacteroidetes_919_2_tp_2, Dinoflagellata_1010_1_tp_2, Proteobacteria_11210_2_tp_2, Proteobacteria_22_1_tp_2, Proteobacteria_7231_1_tp_2, Proteobacteria_8176_2_tp_2",0.0764102441053378,0.240173659488813
"Chlorophyta__streptophyta_848_1","Bacteroidetes_1194_1_tp_2, Bacteroidetes_919_3_tp_2, Bacteroidetes_938_1_tp_2, Picozoa_18_1_tp_2, Proteobacteria_7100_1_tp_2, Proteobacteria_7983_6_tp_2, Proteobacteria_8176_1_tp_2, Proteobacteria_8176_2_tp_2, Verrucomicrobia_23_1_tp_2",0.0912839788512601,0.248185396802059
"Chlorophyta__streptophyta_848_1","Bacteroidetes_1178_1_tp_2, Cercozoa_291_1_tp_2, Ciliophora_234_1_tp_2, Dinoflagellata_1769_1_tp_2, Proteobacteria_10091_1_tp_2, Proteobacteria_11428_1_tp_2, Proteobacteria_7982_1_tp_2, Proteobacteria_7983_3_tp_2, Verrucomicrobia_18_1_tp_2",0.149255379734163,0.247660990271788
"Chlorophyta__streptophyta_848_1","Archaea_179_1_tp_2, Dinoflagellata_1728_2_tp_2, Nitrospirae_9_1_tp_2, Picozoa_18_1_tp_2, Proteobacteria_22_1_tp_2, Proteobacteria_7983_7_tp_2, Proteobacteria_9649_1_tp_2, Sagenista_61_1_tp_2, Verrucomicrobia_18_2_tp_2",0.0607392764177732,0.251631155679617
"Chlorophyta__streptophyta_848_1","Bacillariophyta_123_1_tp_2, Bacteroidetes_1360_4_tp_2, Bacteroidetes_956_1_tp_2, Dinoflagellata_1758_1_tp_2, Proteobacteria_11429_3_tp_2, Proteobacteria_6384_1_tp_2, Proteobacteria_7314_1_tp_2, Proteobacteria_7983_6_tp_2, Proteobacteria_8177_2_tp_2",0.0473365605650269,0.235225950864248
"Chlorophyta__streptophyta_848_1","Archaea_164_1_tp_2, Bacillariophyta_219_1_tp_2, Bacteroidetes_1349_1_tp_2, Dinoflagellata_874_1_tp_2, Div_reps_2942_1_tp_2, Proteobacteria_6847_1_tp_2, Proteobacteria_7319_1_tp_2, Proteobacteria_9681_2_tp_2, Verrucomicrobia_23_1_tp_2",0.248898148857058,0.223918772251909
"Chlorophyta__streptophyta_848_1","Bacteroidetes_918_4_tp_2, Chlorophyta__streptophyta_833_1_tp_2, Dinoflagellata_1728_1_tp_2, Dinoflagellata_1793_1_tp_2, Picozoa_18_1_tp_2, Planctomycetes_27_1_tp_2, Proteobacteria_22_1_tp_2, Proteobacteria_7316_1_tp_2, Sagenista_53_1_tp_2",0.172740320235363,0.247194696552139
"Chlorophyta__streptophyta_848_1","Bacillariophyta_123_1_tp_2, Bacteroidetes_1249_1_tp_2, Cercozoa_22_1_tp_2, Ciliophora_234_1_tp_2, Cyanobacteria_73_1_tp_2, Dinoflagellata_1758_1_tp_2, Proteobacteria_7982_1_tp_2, Proteobacteria_7983_1_tp_2, Proteobacteria_7983_6_tp_2",0.107373227206203,0.236330192681293
"Chlorophyta__streptophyta_848_1","Bacteroidetes_1194_1_tp_2, Bacteroidetes_1235_1_tp_2, Bacteroidetes_1360_4_tp_2, Bacteroidetes_317_1_tp_2, Ciliophora_234_1_tp_2, Dinoflagellata_124_1_tp_2, Proteobacteria_7231_1_tp_2, Proteobacteria_7983_6_tp_2, Proteobacteria_9681_1_tp_2",0.129094967388223,0.240332532133583
"Chlorophyta__streptophyta_848_1","Bacillariophyta_44_1_tp_2, Bacteroidetes_1167_1_tp_2, Cyanobacteria_85_1_tp_2, Dinoflagellata_1198_1_tp_2, Dinoflagellata_982_1_tp_2, Phylum_reps_2301_1_tp_2, Proteobacteria_7983_8_tp_2, Proteobacteria_8178_1_tp_2, Radiolaria_104_1_tp_2",0.293704620676022,0.203032365643407
"Chlorophyta__streptophyta_848_1","Archaea_164_1_tp_2, Cercozoa_23_1_tp_2, Chrysophyceae_16_1_tp_2, Cyanobacteria_85_1_tp_2, Katablepharidophyta_7_1_tp_2, Perkinsea_33_1_tp_2, Proteobacteria_8175_1_tp_2, Proteobacteria_8178_1_tp_2, Proteobacteria_8520_1_tp_2",0.0862370634413614,0.22695539960515
"Chlorophyta__streptophyta_848_1","Archaea_164_1_tp_2, Bacteroidetes_1249_1_tp_2, Dinoflagellata_1542_1_tp_2, Dinoflagellata_1711_1_tp_2, Div_reps_1600_1_tp_2, Picozoa_6_1_tp_2, Proteobacteria_7982_2_tp_2, Proteobacteria_7983_1_tp_2, Raphidophyceae_3_1_tp_2",0.224312362982308,0.220756158158921
"Chlorophyta__streptophyta_848_1","Bacteroidetes_919_2_tp_2, Dinoflagellata_1658_1_tp_2, Dinoflagellata_1711_1_tp_2, Perkinsea_33_1_tp_2, Proteobacteria_7174_1_tp_2, Proteobacteria_7289_1_tp_2, Proteobacteria_7983_6_tp_2, Raphidophyceae_3_1_tp_2, Verrucomicrobia_22_2_tp_2",0.197352974500726,0.256895891219777
"Chlorophyta__streptophyta_848_1","Archaea_179_1_tp_2, Bacteroidetes_1349_1_tp_2, Bacteroidetes_1360_2_tp_2, Bacteroidetes_1360_4_tp_2, Cryptophyta_15_1_tp_2, Dinoflagellata_1793_1_tp_2, Proteobacteria_7364_1_tp_2, Rhodophyta_506_1_tp_2, temperature_tp_2",0.165362047875286,0.266489647918234
"Chlorophyta__streptophyta_848_1","Bacillariophyta_196_1_tp_2, Bacteroidetes_1360_3_tp_2, Bacteroidetes_918_2_tp_2, Div_reps_1600_1_tp_2, Katablepharidophyta_7_1_tp_2, Picozoa_6_1_tp_2, Proteobacteria_11428_1_tp_2, Proteobacteria_7983_2_tp_2, Verrucomicrobia_18_1_tp_2",0.17644095748661,0.246047087840917
"Chlorophyta__streptophyta_848_1","Bacteroidetes_1360_2_tp_2, Bacteroidetes_919_2_tp_2, Cercozoa_291_1_tp_2, Ciliophora_234_1_tp_2, Dinoflagellata_1555_1_tp_2, Nitrospirae_9_1_tp_2, Perkinsea_44_1_tp_2, Planctomycetes_27_1_tp_2, Proteobacteria_7316_1_tp_2",0.172135749390825,0.238343716348355
"Chlorophyta__streptophyta_848_1","Bacteroidetes_1204_1_tp_2, Bacteroidetes_938_1_tp_2, Bacteroidetes_956_1_tp_2, Dinoflagellata_1771_2_tp_2, Dinoflagellata_874_1_tp_2, Proteobacteria_7295_1_tp_2, Proteobacteria_7316_1_tp_2, Verrucomicrobia_18_2_tp_2, Verrucomicrobia_23_1_tp_2",0.194843660728244,0.233243699289539
"Chlorophyta__streptophyta_848_1","Bacillariophyta_123_1_tp_2, Bacteroidetes_1186_1_tp_2, Chlorophyta__streptophyta_120_1_tp_2, Dinoflagellata_1496_1_tp_2, Dinoflagellata_1728_1_tp_2, Dinoflagellata_1758_1_tp_2, Div_reps_1600_1_tp_2, Proteobacteria_10114_1_tp_2, Proteobacteria_7984_1_tp_2",0.221225666157551,0.229951011467462
"Chlorophyta__streptophyta_848_1","Dinoflagellata_1555_1_tp_2, Dinoflagellata_1771_1_tp_2, Phylum_reps_2301_1_tp_2, Proteobacteria_11431_1_tp_2, Proteobacteria_7230_2_tp_2, Proteobacteria_7316_1_tp_2, Proteobacteria_7983_3_tp_2, Sagenista_61_1_tp_2, Verrucomicrobia_23_1_tp_2",0.245478981085436,0.213094248006895
"Chlorophyta__streptophyta_848_1","Bacteroidetes_1360_1_tp_2, Bacteroidetes_1360_2_tp_2, Cyanobacteria_48_1_tp_2, Proteobacteria_11210_2_tp_2, Proteobacteria_11428_1_tp_2, Proteobacteria_11429_3_tp_2, Proteobacteria_7295_1_tp_2, Proteobacteria_7983_6_tp_2, Proteobacteria_7984_1_tp_2",0.114636315920228,0.244048083200998
"Chlorophyta__streptophyta_848_1","Bacteroidetes_131_1_tp_2, Cryptophyta_15_2_tp_2, Dinoflagellata_1862_1_tp_2, Haptophyta_148_1_tp_2, Proteobacteria_10091_1_tp_2, Proteobacteria_22_1_tp_2, Proteobacteria_7100_1_tp_2, Proteobacteria_7319_1_tp_2, Pseudofungi_43_1_tp_2",0.170789278638965,0.223254033408936
"Chlorophyta__streptophyta_848_1","Archaea_164_1_tp_2, Bacteroidetes_131_1_tp_2, Dinoflagellata_1711_1_tp_2, Proteobacteria_10091_1_tp_2, Proteobacteria_11429_4_tp_2, Proteobacteria_7231_1_tp_2, Proteobacteria_7983_1_tp_2, Proteobacteria_8175_1_tp_2, Verrucomicrobia_22_2_tp_2",-0.0083194976168418,0.262722845654308
"Chlorophyta__streptophyta_848_1","Bacteroidetes_918_1_tp_2, Dinoflagellata_1017_1_tp_2, Phylum_reps_1954_1_tp_2, Proteobacteria_7231_1_tp_2, Proteobacteria_7295_1_tp_2, Proteobacteria_7982_2_tp_2, Proteobacteria_7983_7_tp_2, Proteobacteria_8520_1_tp_2, Verrucomicrobia_22_1_tp_2",0.201779993662742,0.20901073926835
"Chlorophyta__streptophyta_848_1","Bacillariophyta_196_1_tp_2, Ciliophora_280_1_tp_2, Cryptophyta_108_1_tp_2, Dinoflagellata_1010_1_tp_2, Phylum_reps_2301_1_tp_2, Proteobacteria_11431_1_tp_2, Proteobacteria_7289_1_tp_2, Proteobacteria_7313_1_tp_2, Proteobacteria_7983_7_tp_2",0.131534899246455,0.250888984972362
"Chlorophyta__streptophyta_848_1","Bacillariophyta_31_1_tp_2, Cercozoa_395_1_tp_2, Chlorophyta__streptophyta_732_1_tp_2, Dinoflagellata_1749_1_tp_2, Dinoflagellata_1771_2_tp_2, Proteobacteria_7319_1_tp_2, Proteobacteria_7983_8_tp_2, Proteobacteria_8185_1_tp_2, Sagenista_53_1_tp_2",0.481101318966945,0.194687066375858
"Chlorophyta__streptophyta_848_1","Dinoflagellata_1728_2_tp_2, Haptophyta_148_1_tp_2, Planctomycetes_34_1_tp_2, Proteobacteria_10091_1_tp_2, Proteobacteria_11120_1_tp_2, Proteobacteria_11429_1_tp_2, Proteobacteria_7289_1_tp_2, Proteobacteria_7983_5_tp_2, Proteobacteria_7983_8_tp_2",0.207403595598989,0.229606509478785
"Chlorophyta__streptophyta_848_1","Bacteroidetes_131_1_tp_2, Cyanobacteria_65_1_tp_2, Phylum_reps_1954_1_tp_2, Proteobacteria_10091_1_tp_2, Proteobacteria_11429_3_tp_2, Proteobacteria_7983_6_tp_2, Proteobacteria_8176_1_tp_2, Sagenista_53_1_tp_2, temperature_tp_2",0.124910308507253,0.234593588399677
"Chlorophyta__streptophyta_848_1","Bacteroidetes_1360_3_tp_2, Chlorophyta__streptophyta_732_1_tp_2, Chlorophyta__streptophyta_833_1_tp_2, Chlorophyta__streptophyta_845_1_tp_2, Ciliophora_403_1_tp_2, Dinoflagellata_1014_1_tp_2, Dinoflagellata_1711_1_tp_2, Proteobacteria_11210_1_tp_2, Proteobacteria_7982_2_tp_2",0.234592296128392,0.231578227770107
"Chlorophyta__streptophyta_848_1","Bacillariophyta_29_1_tp_2, Bacteroidetes_918_1_tp_2, Bacteroidetes_918_2_tp_2, Cercozoa_395_1_tp_2, Dinoflagellata_1542_1_tp_2, Dinoflagellata_1711_1_tp_2, Haptophyta_148_1_tp_2, Proteobacteria_11155_2_tp_2, Proteobacteria_11210_1_tp_2",0.205656237031114,0.228804830915879
"Chlorophyta__streptophyta_848_1","Bacteroidetes_918_2_tp_2, Cercozoa_291_1_tp_2, Ciliophora_403_1_tp_2, Dinoflagellata_1010_1_tp_2, Proteobacteria_11210_2_tp_2, Proteobacteria_7166_1_tp_2, Proteobacteria_7983_3_tp_2, Proteobacteria_8177_1_tp_2, Proteobacteria_9681_2_tp_2",0.245080795578442,0.229007758238806
"Chlorophyta__streptophyta_848_1","Bacillariophyta_138_1_tp_2, Bacteroidetes_1204_1_tp_2, Bacteroidetes_1349_1_tp_2, Bacteroidetes_919_2_tp_2, Proteobacteria_11210_2_tp_2, Proteobacteria_22_1_tp_2, Proteobacteria_6847_1_tp_2, Proteobacteria_7982_1_tp_2, Proteobacteria_7983_3_tp_2",0.195228946225789,0.242885973870813
"Chlorophyta__streptophyta_848_1","Bacteroidetes_1349_1_tp_2, Bacteroidetes_919_1_tp_2, Dinoflagellata_1496_1_tp_2, Dinoflagellata_1728_2_tp_2, Dinoflagellata_1771_2_tp_2, Div_reps_1600_1_tp_2, Div_reps_1600_2_tp_2, Proteobacteria_7100_1_tp_2, Proteobacteria_7983_3_tp_2",0.251558158689139,0.218249694667011
"Chlorophyta__streptophyta_848_1","Bacillariophyta_31_1_tp_2, Bacteroidetes_956_1_tp_2, Cercozoa_291_1_tp_2, Proteobacteria_11431_1_tp_2, Proteobacteria_7230_2_tp_2, Proteobacteria_7983_6_tp_2, Proteobacteria_8176_2_tp_2, Proteobacteria_8177_2_tp_2, Verrucomicrobia_18_3_tp_2",0.108926863373008,0.258031385066198
"Chlorophyta__streptophyta_848_1","Chlorophyta__streptophyta_732_1_tp_2, Dictyochophyceae_6_1_tp_2, Dinoflagellata_1658_1_tp_2, Dinoflagellata_982_1_tp_2, Haptophyta_148_1_tp_2, Proteobacteria_10091_1_tp_2, Proteobacteria_11120_1_tp_2, Proteobacteria_8175_1_tp_2, Proteobacteria_8178_1_tp_2",0.215654562478159,0.228920479378722
"Chlorophyta__streptophyta_848_1","Bacillariophyta_100_1_tp_2, Bacteroidetes_1186_1_tp_2, Bacteroidetes_918_2_tp_2, Bacteroidetes_918_4_tp_2, Phylum_reps_1985_1_tp_2, Proteobacteria_22_1_tp_2, Proteobacteria_7230_2_tp_2, Proteobacteria_7983_8_tp_2, Proteobacteria_8176_2_tp_2",0.13847170180885,0.246733117235906
"Chlorophyta__streptophyta_848_1","Archaea_179_1_tp_2, Bacteroidetes_1194_1_tp_2, Bacteroidetes_131_1_tp_2, Bacteroidetes_918_2_tp_2, Bacteroidetes_919_2_tp_2, Dinoflagellata_1793_1_tp_2, Perkinsea_33_1_tp_2, Proteobacteria_7316_1_tp_2, Proteobacteria_7982_1_tp_2",0.120010077783226,0.240304867899785
"Chlorophyta__streptophyta_848_1","Bacillariophyta_123_1_tp_2, Bacteroidetes_1360_1_tp_2, Bacteroidetes_1360_4_tp_2, Bacteroidetes_919_1_tp_2, Bacteroidetes_919_2_tp_2, Bacteroidetes_938_1_tp_2, Proteobacteria_7289_1_tp_2, Proteobacteria_7319_1_tp_2, Rhodophyta_506_1_tp_2",0.160946684959611,0.273832531982752
"Chlorophyta__streptophyta_848_1","Bacteroidetes_1224_1_tp_2, Bacteroidetes_1264_1_tp_2, Bacteroidetes_131_1_tp_2, Cercozoa_395_1_tp_2, Dinoflagellata_1010_1_tp_2, Proteobacteria_11429_4_tp_2, Proteobacteria_7166_1_tp_2, Proteobacteria_7230_1_tp_2, Proteobacteria_7983_4_tp_2",0.215527561710471,0.215603337403359
"Chlorophyta__streptophyta_848_1","Bacteroidetes_919_2_tp_2, Dinoflagellata_1098_1_tp_2, Dinoflagellata_124_1_tp_2, Div_reps_2942_1_tp_2, Katablepharidophyta_7_1_tp_2, Planctomycetes_61_1_tp_2, Proteobacteria_22_1_tp_2, Proteobacteria_7983_5_tp_2, Proteobacteria_8175_1_tp_2",0.182028215244495,0.236294191172495
"Chlorophyta__streptophyta_848_1","Actinobacteria_410_1_tp_2, Bacillariophyta_29_1_tp_2, Bacillariophyta_44_1_tp_2, Bacteroidetes_956_1_tp_2, Cercozoa_22_1_tp_2, Cyanobacteria_73_1_tp_2, Dinoflagellata_1010_1_tp_2, Proteobacteria_7984_1_tp_2, Sagenista_61_1_tp_2",0.119518851557786,0.228003713539325
"Chlorophyta__streptophyta_848_1","Bacteroidetes_1360_5_tp_2, Bacteroidetes_919_3_tp_2, Cyanobacteria_48_1_tp_2, Cyanobacteria_85_1_tp_2, Dinoflagellata_1198_1_tp_2, Proteobacteria_10168_1_tp_2, Proteobacteria_7230_2_tp_2, Proteobacteria_7983_8_tp_2, temperature_tp_2",0.0724098509121341,0.296751793639501
"Chlorophyta__streptophyta_848_1","Bacteroidetes_129_1_tp_2, Bacteroidetes_1360_5_tp_2, Chlorophyta__streptophyta_895_1_tp_2, Div_reps_1600_2_tp_2, Proteobacteria_11155_2_tp_2, Proteobacteria_7982_1_tp_2, Proteobacteria_7983_2_tp_2, Proteobacteria_8176_1_tp_2, Verrucomicrobia_22_2_tp_2",0.215454030106688,0.245363418456137
"Chlorophyta__streptophyta_848_1","Actinobacteria_410_1_tp_2, Archaea_179_1_tp_2, Bacteroidetes_129_1_tp_2, Nitrospirae_9_1_tp_2, Proteobacteria_11431_1_tp_2, Proteobacteria_7289_1_tp_2, Proteobacteria_7319_1_tp_2, Proteobacteria_8185_1_tp_2, Verrucomicrobia_18_3_tp_2",0.096398771620003,0.258723742484255
"Chlorophyta__streptophyta_848_1","Dinoflagellata_1198_1_tp_2, Dinoflagellata_1496_1_tp_2, Picozoa_18_1_tp_2, Proteobacteria_7230_1_tp_2, Proteobacteria_7230_2_tp_2, Proteobacteria_7313_1_tp_2, Proteobacteria_7316_1_tp_2, Proteobacteria_7364_1_tp_2, Proteobacteria_8176_1_tp_2",0.200323229307225,0.246339028808641
"Chlorophyta__streptophyta_848_1","Bacillariophyta_100_1_tp_2, Bacillariophyta_123_1_tp_2, Bacteroidetes_1151_1_tp_2, Dinoflagellata_1010_1_tp_2, Dinoflagellata_1198_1_tp_2, Dinoflagellata_982_1_tp_2, Proteobacteria_7174_1_tp_2, Proteobacteria_8185_1_tp_2, Raphidophyceae_3_1_tp_2",0.163870372362745,0.259906533707945
"Chlorophyta__streptophyta_848_1","Bacteroidetes_1360_5_tp_2, Ciliophora_280_1_tp_2, Dinoflagellata_1009_1_tp_2, Dinoflagellata_874_1_tp_2, Haptophyta_148_1_tp_2, Proteobacteria_6847_1_tp_2, Proteobacteria_7316_1_tp_2, Proteobacteria_7983_7_tp_2, Proteobacteria_8178_1_tp_2",0.179685367819855,0.237098278775451
"Chlorophyta__streptophyta_848_1","Cercozoa_22_1_tp_2, Chlorophyta__streptophyta_732_1_tp_2, Dinoflagellata_1014_1_tp_2, Dinoflagellata_874_1_tp_2, Proteobacteria_11210_1_tp_2, Proteobacteria_11428_1_tp_2, Proteobacteria_7313_1_tp_2, Proteobacteria_7983_6_tp_2, Verrucomicrobia_22_2_tp_2",0.212430120998971,0.227138972345164
"Chlorophyta__streptophyta_848_1","Bacteroidetes_1166_1_tp_2, Bacteroidetes_918_3_tp_2, Cercozoa_22_1_tp_2, Ciliophora_403_1_tp_2, Dinoflagellata_1014_1_tp_2, Dinoflagellata_1771_2_tp_2, Proteobacteria_7319_1_tp_2, Proteobacteria_7982_2_tp_2, Proteobacteria_7984_1_tp_2",0.264209261430377,0.215045688992093
"Chlorophyta__streptophyta_848_1","Archaea_164_1_tp_2, Bacteroidetes_918_3_tp_2, Ciliophora_1195_1_tp_2, Dinoflagellata_1728_1_tp_2, Proteobacteria_11431_1_tp_2, Proteobacteria_7230_3_tp_2, Proteobacteria_7231_1_tp_2, Proteobacteria_7319_1_tp_2, Proteobacteria_8177_1_tp_2",0.139638933340349,0.24156287828256
"Chlorophyta__streptophyta_848_1","Bacteroidetes_1166_1_tp_2, Bacteroidetes_1360_5_tp_2, Bacteroidetes_317_1_tp_2, Dinoflagellata_1017_1_tp_2, Dinoflagellata_874_1_tp_2, Proteobacteria_11429_2_tp_2, Proteobacteria_7295_1_tp_2, Verrucomicrobia_18_1_tp_2, Verrucomicrobia_18_3_tp_2",0.115047751666758,0.255658889629025
"Chlorophyta__streptophyta_848_1","Bacillariophyta_31_1_tp_2, Bacteroidetes_1166_2_tp_2, Chlorophyta__streptophyta_120_1_tp_2, Cyanobacteria_85_1_tp_2, Dinoflagellata_1017_1_tp_2, Dinoflagellata_1198_1_tp_2, Proteobacteria_11155_2_tp_2, Proteobacteria_11429_2_tp_2, Proteobacteria_7983_4_tp_2",0.159129261901499,0.238925558748045
"Chlorophyta__streptophyta_848_1","Bacillariophyta_196_1_tp_2, Bacteroidetes_1249_1_tp_2, Dinoflagellata_1010_1_tp_2, Dinoflagellata_1728_2_tp_2, Picozoa_18_1_tp_2, Planctomycetes_34_1_tp_2, Proteobacteria_11155_2_tp_2, Proteobacteria_11429_2_tp_2, Proteobacteria_7983_2_tp_2",0.167309991826274,0.272709182831888
"Chlorophyta__streptophyta_848_1","Cercozoa_291_1_tp_2, Chlorophyta__streptophyta_895_1_tp_2, Cyanobacteria_85_1_tp_2, Dinoflagellata_1542_1_tp_2, Dinoflagellata_1728_1_tp_2, Dinoflagellata_1771_1_tp_2, Dinoflagellata_1793_1_tp_2, Proteobacteria_11429_1_tp_2, Proteobacteria_11429_2_tp_2",0.2473737608484,0.205976227374796
"Chlorophyta__streptophyta_848_1","Bacteroidetes_129_1_tp_2, Bacteroidetes_129_2_tp_2, Bacteroidetes_1360_4_tp_2, Cercozoa_22_1_tp_2, Chlorophyta__streptophyta_120_1_tp_2, Cyanobacteria_65_1_tp_2, Dinoflagellata_1014_1_tp_2, Phylum_reps_2301_1_tp_2, Proteobacteria_7231_1_tp_2",0.104650290117027,0.226756817625851
"Chlorophyta__streptophyta_848_1","Bacteroidetes_919_1_tp_2, Cercozoa_395_1_tp_2, Dinoflagellata_1010_1_tp_2, Dinoflagellata_1758_1_tp_2, Haptophyta_148_1_tp_2, Proteobacteria_11190_1_tp_2, Proteobacteria_11431_2_tp_2, Proteobacteria_7983_4_tp_2, Verrucomicrobia_22_1_tp_2",0.121173253989259,0.226885872116474
"Chlorophyta__streptophyta_848_1","Bacteroidetes_1204_1_tp_2, Bacteroidetes_918_1_tp_2, Cercozoa_23_1_tp_2, Cryptophyta_15_2_tp_2, Cyanobacteria_85_1_tp_2, Dinoflagellata_1017_1_tp_2, Dinoflagellata_1771_2_tp_2, Div_reps_2942_1_tp_2, Proteobacteria_7230_2_tp_2",0.0883404650397785,0.25589141330822
"Chlorophyta__streptophyta_848_1","Bacteroidetes_1194_1_tp_2, Chlorophyta__streptophyta_120_1_tp_2, Dinoflagellata_1769_1_tp_2, Div_reps_1600_1_tp_2, Proteobacteria_8177_2_tp_2, Proteobacteria_9649_1_tp_2, Radiolaria_104_1_tp_2, Raphidophyceae_3_1_tp_2, Rhodophyta_506_1_tp_2",0.159681861304697,0.243413668058894
"Chlorophyta__streptophyta_848_1","Bacteroidetes_1360_2_tp_2, Chlorophyta__streptophyta_833_1_tp_2, Dictyochophyceae_6_1_tp_2, Dinoflagellata_874_1_tp_2, Lobosa_11_1_tp_2, Nitrospirae_9_1_tp_2, Phylum_reps_1985_1_tp_2, Proteobacteria_11429_4_tp_2, Verrucomicrobia_22_1_tp_2",0.158547124504741,0.223213458008633
"Chlorophyta__streptophyta_848_1","Bacteroidetes_1360_4_tp_2, Bacteroidetes_918_4_tp_2, Bacteroidetes_919_1_tp_2, Ciliophora_1195_1_tp_2, Dinoflagellata_1010_1_tp_2, Dinoflagellata_1198_1_tp_2, Dinoflagellata_955_1_tp_2, Proteobacteria_7364_1_tp_2, Proteobacteria_7787_1_tp_2",0.1362992288544,0.233474503987773
"Chlorophyta__streptophyta_848_1","Bacteroidetes_1235_1_tp_2, Bacteroidetes_1360_3_tp_2, Bacteroidetes_918_3_tp_2, Phylum_reps_1954_1_tp_2, Phylum_reps_2301_1_tp_2, Proteobacteria_11190_1_tp_2, Proteobacteria_7230_1_tp_2, Proteobacteria_7983_7_tp_2, Proteobacteria_8185_1_tp_2",0.00555600249904111,0.242216775784081
"Chlorophyta__streptophyta_848_1","Bacteroidetes_1186_1_tp_2, Chlorophyta__streptophyta_732_1_tp_2, Chlorophyta__streptophyta_751_1_tp_2, Ciliophora_298_1_tp_2, Ciliophora_451_1_tp_2, Dinoflagellata_1862_1_tp_2, Proteobacteria_7314_1_tp_2, Proteobacteria_7983_2_tp_2, Proteobacteria_8185_1_tp_2",0.319685291509576,0.230818595552486
"Chlorophyta__streptophyta_848_1","Bacillariophyta_219_1_tp_2, Bacillariophyta_44_1_tp_2, Bacteroidetes_1204_1_tp_2, Bacteroidetes_1360_4_tp_2, Bacteroidetes_919_2_tp_2, Bacteroidetes_919_3_tp_2, Dinoflagellata_124_1_tp_2, Dinoflagellata_1749_1_tp_2, Haptophyta_203_1_tp_2",0.227467061757792,0.252963159622206
"Chlorophyta__streptophyta_848_1","Chlorophyta__streptophyta_845_1_tp_2, Dinoflagellata_1017_1_tp_2, Dinoflagellata_874_1_tp_2, Perkinsea_44_1_tp_2, Proteobacteria_10114_1_tp_2, Proteobacteria_11210_2_tp_2, Proteobacteria_7982_2_tp_2, Proteobacteria_7983_3_tp_2, Verrucomicrobia_18_4_tp_2",0.213308289796183,0.223965118304238
"Chlorophyta__streptophyta_848_1","Chlorophyta__streptophyta_833_1_tp_2, Ciliophora_234_1_tp_2, Dinoflagellata_1010_1_tp_2, Dinoflagellata_1496_1_tp_2, Planctomycetes_34_1_tp_2, Proteobacteria_10091_1_tp_2, Proteobacteria_11431_2_tp_2, Sagenista_53_1_tp_2, Sagenista_61_1_tp_2",0.212085431616067,0.232561721079352
"Chlorophyta__streptophyta_848_1","Bacteroidetes_1264_1_tp_2, Cercozoa_22_1_tp_2, Dinoflagellata_1769_1_tp_2, Dinoflagellata_982_1_tp_2, Planctomycetes_34_1_tp_2, Proteobacteria_6847_1_tp_2, Proteobacteria_7314_1_tp_2, Proteobacteria_9649_1_tp_2, Verrucomicrobia_22_1_tp_2",0.311023939188856,0.212705426539489
"Chlorophyta__streptophyta_848_1","Bacteroidetes_1224_1_tp_2, Bacteroidetes_918_5_tp_2, Cercozoa_23_1_tp_2, Ciliophora_234_1_tp_2, Dinoflagellata_1009_1_tp_2, Dinoflagellata_1758_1_tp_2, Proteobacteria_7289_1_tp_2, Proteobacteria_7319_1_tp_2, Proteobacteria_7983_1_tp_2",0.16578241464394,0.244077415418181
"Chlorophyta__streptophyta_848_1","Bacillariophyta_138_1_tp_2, Bacillariophyta_196_1_tp_2, Bacillariophyta_31_1_tp_2, Bacteroidetes_1360_1_tp_2, Cyanobacteria_65_1_tp_2, Dinoflagellata_1555_1_tp_2, Proteobacteria_5436_1_tp_2, Proteobacteria_7166_1_tp_2, Proteobacteria_7174_1_tp_2",0.103018132088822,0.253861798355555
"Chlorophyta__streptophyta_848_1","Bacteroidetes_131_1_tp_2, Cercozoa_395_1_tp_2, Dinoflagellata_1098_1_tp_2, Picozoa_6_1_tp_2, Proteobacteria_11210_1_tp_2, Proteobacteria_11429_1_tp_2, Proteobacteria_6384_1_tp_2, Proteobacteria_7174_1_tp_2, Proteobacteria_9649_1_tp_2",0.177107319052415,0.244466949081222
"Chlorophyta__streptophyta_848_1","Archaea_179_1_tp_2, Bacteroidetes_1360_1_tp_2, Bacteroidetes_919_2_tp_2, Chlorophyta__streptophyta_833_1_tp_2, Dinoflagellata_1014_1_tp_2, Dinoflagellata_1771_1_tp_2, Proteobacteria_7983_8_tp_2, Proteobacteria_7984_1_tp_2, Verrucomicrobia_18_1_tp_2",0.194524573710745,0.246961961091408
"Chlorophyta__streptophyta_848_1","Bacillariophyta_100_1_tp_2, Bacteroidetes_1235_1_tp_2, Bacteroidetes_1360_1_tp_2, Bacteroidetes_919_2_tp_2, Cercozoa_22_1_tp_2, Cercozoa_395_1_tp_2, Chlorophyta__streptophyta_732_1_tp_2, Dinoflagellata_1555_1_tp_2, Div_reps_2942_1_tp_2",0.268651390761081,0.222683181613527
"Chlorophyta__streptophyta_848_1","Bacteroidetes_1178_1_tp_2, Dinoflagellata_1098_1_tp_2, Dinoflagellata_1542_1_tp_2, Dinoflagellata_1728_2_tp_2, Katablepharidophyta_7_1_tp_2, Proteobacteria_7174_1_tp_2, Proteobacteria_7319_1_tp_2, Proteobacteria_7982_1_tp_2, Proteobacteria_7983_7_tp_2",0.195719797353831,0.244000784899656
"Chlorophyta__streptophyta_848_1","Bacillariophyta_123_1_tp_2, Bacillariophyta_44_1_tp_2, Bacteroidetes_1224_1_tp_2, Bacteroidetes_918_3_tp_2, Chlorophyta__streptophyta_120_1_tp_2, Dinoflagellata_1968_1_tp_2, Proteobacteria_7364_1_tp_2, Proteobacteria_7983_1_tp_2, Proteobacteria_9681_2_tp_2",0.171127105648334,0.232364311315639
"Chlorophyta__streptophyta_848_1","Bacillariophyta_44_1_tp_2, Ciliophora_451_1_tp_2, Dinoflagellata_1009_1_tp_2, Dinoflagellata_1771_1_tp_2, Div_reps_1600_1_tp_2, Phylum_reps_2301_1_tp_2, Planctomycetes_34_1_tp_2, Proteobacteria_11431_2_tp_2, Proteobacteria_7316_1_tp_2",0.232356535809922,0.226786199324215
"Chlorophyta__streptophyta_848_1","Actinobacteria_410_2_tp_2, Archaea_164_1_tp_2, Dinoflagellata_874_1_tp_2, Dinoflagellata_982_1_tp_2, Katablepharidophyta_7_1_tp_2, Proteobacteria_11431_2_tp_2, Proteobacteria_7230_1_tp_2, Proteobacteria_7313_1_tp_2, Proteobacteria_8176_1_tp_2",0.172081244332594,0.26131667033805
"Chlorophyta__streptophyta_848_1","Actinobacteria_410_1_tp_2, Archaea_164_2_tp_2, Cryptophyta_15_1_tp_2, Cryptophyta_15_2_tp_2, Dinoflagellata_1098_1_tp_2, Proteobacteria_11429_1_tp_2, Proteobacteria_7982_2_tp_2, Proteobacteria_8185_1_tp_2, Proteobacteria_8520_1_tp_2",0.102244594878948,0.278992949867752
"Chlorophyta__streptophyta_848_1","Chlorophyta__streptophyta_120_1_tp_2, Chlorophyta__streptophyta_845_1_tp_2, Proteobacteria_11120_1_tp_2, Proteobacteria_11155_1_tp_2, Proteobacteria_11428_1_tp_2, Proteobacteria_11431_1_tp_2, Proteobacteria_7983_2_tp_2, Proteobacteria_7983_5_tp_2, Verrucomicrobia_18_1_tp_2",0.156454415540221,0.228501961792582
"Chlorophyta__streptophyta_848_1","Archaea_164_1_tp_2, Bacteroidetes_129_1_tp_2, Bacteroidetes_1349_1_tp_2, Bacteroidetes_918_4_tp_2, Cercozoa_395_1_tp_2, Ciliophora_451_1_tp_2, Dinoflagellata_1198_1_tp_2, Dinoflagellata_874_1_tp_2, Proteobacteria_7983_1_tp_2",-0.0291668900118782,0.267261889460647
"Chlorophyta__streptophyta_848_1","Chlorophyta__streptophyta_732_1_tp_2, Chrysophyceae_16_1_tp_2, Ciliophora_1195_1_tp_2, Dinoflagellata_1098_1_tp_2, Dinoflagellata_1771_2_tp_2, Planctomycetes_61_1_tp_2, Proteobacteria_11429_3_tp_2, Proteobacteria_7983_2_tp_2, Proteobacteria_8185_1_tp_2",0.326266982345184,0.226748698517482
"Chlorophyta__streptophyta_848_1","Actinobacteria_410_2_tp_2, Archaea_179_1_tp_2, Bacillariophyta_138_1_tp_2, Ciliophora_451_1_tp_2, Dinoflagellata_1769_1_tp_2, Proteobacteria_7787_1_tp_2, Proteobacteria_7983_4_tp_2, Sagenista_53_1_tp_2, Verrucomicrobia_22_1_tp_2",0.124801235878758,0.250231390310276
"Chlorophyta__streptophyta_848_1","Cercozoa_291_1_tp_2, Chlorophyta__streptophyta_732_1_tp_2, Chlorophyta__streptophyta_845_1_tp_2, Cyanobacteria_48_1_tp_2, Div_reps_2942_1_tp_2, Katablepharidophyta_7_1_tp_2, Proteobacteria_7174_1_tp_2, Raphidophyceae_3_1_tp_2, Sagenista_53_1_tp_2",0.0956456149016825,0.258809275700702
"Chlorophyta__streptophyta_848_1","Bacteroidetes_1204_1_tp_2, Bacteroidetes_1349_1_tp_2, Bacteroidetes_317_1_tp_2, Dinoflagellata_124_1_tp_2, Dinoflagellata_1862_1_tp_2, Planctomycetes_61_1_tp_2, Proteobacteria_7982_2_tp_2, Rhodophyta_506_1_tp_2, Verrucomicrobia_18_1_tp_2",0.255140031613612,0.252377274367462
"Chlorophyta__streptophyta_848_1","Bacteroidetes_1167_1_tp_2, Bacteroidetes_1360_2_tp_2, Chlorophyta__streptophyta_833_1_tp_2, Perkinsea_33_1_tp_2, Proteobacteria_11429_4_tp_2, Proteobacteria_5461_1_tp_2, Proteobacteria_6847_1_tp_2, Proteobacteria_7983_3_tp_2, Radiolaria_104_1_tp_2",0.178499170662802,0.223151537061685
"Chlorophyta__streptophyta_848_1","Bacillariophyta_123_1_tp_2, Bacteroidetes_129_1_tp_2, Ciliophora_280_1_tp_2, Dinoflagellata_1555_1_tp_2, Dinoflagellata_874_1_tp_2, Proteobacteria_10114_1_tp_2, Proteobacteria_11155_1_tp_2, Proteobacteria_7230_1_tp_2, Proteobacteria_7983_6_tp_2",0.105649782138109,0.245243006958383
"Chlorophyta__streptophyta_848_1","Actinobacteria_410_1_tp_2, Bacillariophyta_44_1_tp_2, Bacteroidetes_131_1_tp_2, Bacteroidetes_317_1_tp_2, Chlorophyta__streptophyta_895_1_tp_2, Dinoflagellata_1758_1_tp_2, Dinoflagellata_1771_2_tp_2, Planctomycetes_34_1_tp_2, Proteobacteria_11431_2_tp_2",0.162271952127239,0.256448167327148
"Chlorophyta__streptophyta_848_1","Bacteroidetes_131_1_tp_2, Bacteroidetes_919_2_tp_2, Picozoa_18_1_tp_2, Picozoa_6_1_tp_2, Proteobacteria_11428_1_tp_2, Proteobacteria_7100_1_tp_2, Proteobacteria_7364_1_tp_2, Proteobacteria_8520_1_tp_2, Sagenista_53_1_tp_2",0.236359518119483,0.252255002485751
"Chlorophyta__streptophyta_848_1","Bacteroidetes_129_2_tp_2, Chlorophyta__streptophyta_732_1_tp_2, Dinoflagellata_1198_1_tp_2, Dinoflagellata_1711_1_tp_2, Dinoflagellata_1728_2_tp_2, Dinoflagellata_874_1_tp_2, Dinoflagellata_955_1_tp_2, Nitrospirae_9_1_tp_2, Phylum_reps_2301_1_tp_2",0.232368134938792,0.205593719010857
"Chlorophyta__streptophyta_848_1","Bacteroidetes_918_1_tp_2, Cercozoa_291_1_tp_2, Cyanobacteria_85_1_tp_2, Dictyochophyceae_6_1_tp_2, Dinoflagellata_982_1_tp_2, Phylum_reps_1954_1_tp_2, Proteobacteria_11210_2_tp_2, Proteobacteria_7295_1_tp_2, Proteobacteria_8178_1_tp_2",0.279164259943473,0.209984987781621
"Chlorophyta__streptophyta_848_1","Bacteroidetes_1249_1_tp_2, Cyanobacteria_65_1_tp_2, Dinoflagellata_1728_1_tp_2, Dinoflagellata_1769_1_tp_2, Planctomycetes_61_1_tp_2, Proteobacteria_11210_1_tp_2, Proteobacteria_7231_1_tp_2, Proteobacteria_9649_1_tp_2, Verrucomicrobia_18_1_tp_2",0.164882586966842,0.22012112637501
"Chlorophyta__streptophyta_848_1","Archaea_179_1_tp_2, Bacillariophyta_123_1_tp_2, Bacillariophyta_219_1_tp_2, Chlorophyta__streptophyta_833_1_tp_2, Cyanobacteria_48_1_tp_2, Dinoflagellata_1658_1_tp_2, Proteobacteria_11120_1_tp_2, Proteobacteria_11431_1_tp_2, Verrucomicrobia_22_1_tp_2",0.198822090997613,0.229839727200575
"Chlorophyta__streptophyta_848_1","Archaea_164_1_tp_2, Bacteroidetes_1360_5_tp_2, Bacteroidetes_919_2_tp_2, Cercozoa_291_1_tp_2, Cryptophyta_15_2_tp_2, Perkinsea_33_1_tp_2, Phylum_reps_2301_1_tp_2, Pseudofungi_43_1_tp_2, Sagenista_61_1_tp_2",0.154174326768498,0.231613404203519
"Chlorophyta__streptophyta_848_1","Bacteroidetes_1151_1_tp_2, Bacteroidetes_1360_2_tp_2, Cercozoa_395_1_tp_2, Ciliophora_298_1_tp_2, Lobosa_11_1_tp_2, Proteobacteria_11429_4_tp_2, Proteobacteria_7314_1_tp_2, Proteobacteria_7983_7_tp_2, Sagenista_53_1_tp_2",0.0356436959624939,0.236452827520511
"Chlorophyta__streptophyta_848_1","Bacteroidetes_1166_1_tp_2, Bacteroidetes_1349_1_tp_2, Bacteroidetes_919_1_tp_2, Cyanobacteria_85_1_tp_2, Lobosa_11_1_tp_2, Phylum_reps_1985_1_tp_2, Planctomycetes_27_1_tp_2, Proteobacteria_10114_1_tp_2, Proteobacteria_22_1_tp_2",0.0890691974129501,0.232111443839901
"Chlorophyta__streptophyta_848_1","Archaea_164_2_tp_2, Bacteroidetes_1166_1_tp_2, Ciliophora_280_1_tp_2, Dinoflagellata_1658_1_tp_2, Dinoflagellata_1793_1_tp_2, Perkinsea_33_1_tp_2, Planctomycetes_61_1_tp_2, Proteobacteria_11155_1_tp_2, Proteobacteria_11210_2_tp_2",0.228679650860898,0.23950412851583
"Chlorophyta__streptophyta_848_1","Archaea_164_2_tp_2, Bacteroidetes_129_2_tp_2, Cercozoa_22_1_tp_2, Chrysophyceae_16_1_tp_2, Dinoflagellata_1014_1_tp_2, Nitrospirae_9_1_tp_2, Proteobacteria_11120_1_tp_2, Proteobacteria_22_1_tp_2, Proteobacteria_7166_1_tp_2",0.132927729417519,0.214132836039168
"Chlorophyta__streptophyta_848_1","Bacillariophyta_219_1_tp_2, Bacillariophyta_44_1_tp_2, Bacteroidetes_1224_1_tp_2, Chlorophyta__streptophyta_845_1_tp_2, Div_reps_2942_1_tp_2, Phylum_reps_1985_1_tp_2, Planctomycetes_34_1_tp_2, Proteobacteria_11429_4_tp_2, Proteobacteria_7982_1_tp_2",0.222335985711387,0.243681377361593
"Chlorophyta__streptophyta_848_1","Bacteroidetes_1224_1_tp_2, Bacteroidetes_918_2_tp_2, Bacteroidetes_918_5_tp_2, Dinoflagellata_1010_1_tp_2, Dinoflagellata_1728_2_tp_2, Proteobacteria_11120_1_tp_2, Proteobacteria_5461_1_tp_2, Proteobacteria_8178_1_tp_2, Proteobacteria_9681_2_tp_2",0.131195302512414,0.23599564877602
"Chlorophyta__streptophyta_848_1","Bacillariophyta_44_1_tp_2, Bacteroidetes_919_1_tp_2, Ciliophora_1195_1_tp_2, Dinoflagellata_124_1_tp_2, Dinoflagellata_1555_1_tp_2, Nitrospirae_9_1_tp_2, Proteobacteria_6847_1_tp_2, Proteobacteria_7316_1_tp_2, Proteobacteria_8177_2_tp_2",0.0572098842288733,0.242200421174572
"Chlorophyta__streptophyta_848_1","Bacillariophyta_138_1_tp_2, Bacteroidetes_129_2_tp_2, Bacteroidetes_919_1_tp_2, Cyanobacteria_73_1_tp_2, Cyanobacteria_85_1_tp_2, Dinoflagellata_124_1_tp_2, Planctomycetes_34_1_tp_2, Proteobacteria_7983_2_tp_2, Proteobacteria_8520_1_tp_2",0.195428914172704,0.243746925821207
"Chlorophyta__streptophyta_848_1","Bacillariophyta_44_1_tp_2, Bacteroidetes_1235_1_tp_2, Dinoflagellata_1555_1_tp_2, Proteobacteria_11429_1_tp_2, Proteobacteria_7166_1_tp_2, Proteobacteria_7289_1_tp_2, Proteobacteria_9681_1_tp_2, Sagenista_53_1_tp_2, Verrucomicrobia_22_2_tp_2",0.275354221120421,0.22188008847792
"Chlorophyta__streptophyta_848_1","Bacteroidetes_1178_1_tp_2, Bacteroidetes_1360_1_tp_2, Dinoflagellata_1014_1_tp_2, Dinoflagellata_1542_1_tp_2, Planctomycetes_34_1_tp_2, Proteobacteria_11429_2_tp_2, Proteobacteria_11431_2_tp_2, Proteobacteria_7319_1_tp_2, Proteobacteria_7983_7_tp_2",0.0684499876692025,0.269453777275358
"Chlorophyta__streptophyta_848_1","Archaea_164_1_tp_2, Bacillariophyta_219_1_tp_2, Bacteroidetes_1204_1_tp_2, Bacteroidetes_1249_1_tp_2, Chlorophyta__streptophyta_120_1_tp_2, Ciliophora_298_1_tp_2, Dinoflagellata_1728_1_tp_2, Proteobacteria_5461_1_tp_2, Proteobacteria_9681_1_tp_2",0.288514276343275,0.220070412734516
"Chlorophyta__streptophyta_848_1","Bacteroidetes_1349_1_tp_2, Bacteroidetes_938_1_tp_2, Cercozoa_22_1_tp_2, Cyanobacteria_73_1_tp_2, Proteobacteria_7174_1_tp_2, Proteobacteria_7319_1_tp_2, Proteobacteria_7982_2_tp_2, Proteobacteria_9681_1_tp_2, Sagenista_61_1_tp_2",0.135527452578378,0.221770183595291
"Chlorophyta__streptophyta_848_1","Bacteroidetes_1166_1_tp_2, Bacteroidetes_1360_2_tp_2, Bacteroidetes_919_1_tp_2, Bacteroidetes_956_1_tp_2, Cyanobacteria_73_1_tp_2, Proteobacteria_10091_1_tp_2, Proteobacteria_11190_1_tp_2, Proteobacteria_7230_2_tp_2, Proteobacteria_7787_1_tp_2",-0.0583036526968922,0.303721923508977
"Chlorophyta__streptophyta_848_1","Actinobacteria_410_1_tp_2, Actinobacteria_410_2_tp_2, Cyanobacteria_73_1_tp_2, Dinoflagellata_1658_1_tp_2, Dinoflagellata_1758_1_tp_2, Div_reps_1600_2_tp_2, Katablepharidophyta_7_1_tp_2, Phylum_reps_2301_1_tp_2, Rhodophyta_506_1_tp_2",0.182858458127863,0.2484440193114
"Chlorophyta__streptophyta_848_1","Archaea_179_1_tp_2, Bacteroidetes_1186_1_tp_2, Bacteroidetes_918_4_tp_2, Cercozoa_22_1_tp_2, Chlorophyta__streptophyta_845_1_tp_2, Cryptophyta_15_2_tp_2, Dinoflagellata_1862_1_tp_2, Proteobacteria_9681_2_tp_2, Sagenista_61_1_tp_2",0.0872015400558161,0.24116857943246
"Chlorophyta__streptophyta_848_1","Actinobacteria_410_2_tp_2, Archaea_164_2_tp_2, Dinoflagellata_1728_1_tp_2, Div_reps_1600_2_tp_2, Proteobacteria_10168_1_tp_2, Proteobacteria_7230_3_tp_2, Proteobacteria_7319_1_tp_2, Proteobacteria_7983_3_tp_2, Sagenista_53_1_tp_2",0.165191980616155,0.2379032629902
"Chlorophyta__streptophyta_848_1","Bacillariophyta_31_1_tp_2, Bacteroidetes_1186_1_tp_2, Bacteroidetes_129_2_tp_2, Dinoflagellata_1711_1_tp_2, Dinoflagellata_1769_1_tp_2, Dinoflagellata_982_1_tp_2, Proteobacteria_11155_2_tp_2, Proteobacteria_7295_1_tp_2, Proteobacteria_7983_7_tp_2",0.119196782635622,0.262839962745205
"Chlorophyta__streptophyta_848_1","Actinobacteria_410_1_tp_2, Actinobacteria_410_2_tp_2, Bacteroidetes_1235_1_tp_2, Ciliophora_298_1_tp_2, Dinoflagellata_1098_1_tp_2, Dinoflagellata_1771_1_tp_2, Dinoflagellata_874_1_tp_2, Proteobacteria_11429_2_tp_2, Proteobacteria_7983_7_tp_2",0.103451716929372,0.253303182966741
"Chlorophyta__streptophyta_848_1","Chlorophyta__streptophyta_751_1_tp_2, Ciliophora_298_1_tp_2, Dinoflagellata_982_1_tp_2, Div_reps_1600_2_tp_2, Proteobacteria_11155_1_tp_2, Proteobacteria_7230_3_tp_2, Proteobacteria_7983_5_tp_2, Sagenista_53_1_tp_2, Sagenista_61_1_tp_2",0.186991985923417,0.226147252424305
"Chlorophyta__streptophyta_848_1","Archaea_164_2_tp_2, Bacillariophyta_44_1_tp_2, Bacteroidetes_1249_1_tp_2, Chlorophyta__streptophyta_120_1_tp_2, Cyanobacteria_65_1_tp_2, Dinoflagellata_1010_1_tp_2, Proteobacteria_11428_1_tp_2, Proteobacteria_7319_1_tp_2, Proteobacteria_8176_2_tp_2",0.183431963034856,0.231544905150745
"Chlorophyta__streptophyta_848_1","Bacillariophyta_138_1_tp_2, Bacteroidetes_918_5_tp_2, Chlorophyta__streptophyta_120_1_tp_2, Ciliophora_234_1_tp_2, Dinoflagellata_1017_1_tp_2, Planctomycetes_61_1_tp_2, Proteobacteria_11429_2_tp_2, Proteobacteria_7295_1_tp_2, Sagenista_61_1_tp_2",0.17575883206625,0.225101921116608
"Chlorophyta__streptophyta_848_1","Bacteroidetes_1349_1_tp_2, Cryptophyta_15_2_tp_2, Dinoflagellata_874_1_tp_2, Planctomycetes_27_1_tp_2, Proteobacteria_11120_1_tp_2, Proteobacteria_11429_3_tp_2, Proteobacteria_7982_2_tp_2, Proteobacteria_7983_2_tp_2, Proteobacteria_8176_2_tp_2",0.159623967691206,0.23766628509595
"Chlorophyta__streptophyta_848_1","Bacteroidetes_918_4_tp_2, Dinoflagellata_1658_1_tp_2, Phylum_reps_2301_1_tp_2, Proteobacteria_6384_1_tp_2, Proteobacteria_7230_3_tp_2, Proteobacteria_9681_2_tp_2, Sagenista_53_1_tp_2, Verrucomicrobia_22_2_tp_2, Verrucomicrobia_23_1_tp_2",0.209397816519638,0.235945655329126
"Chlorophyta__streptophyta_848_1","Bacteroidetes_1167_1_tp_2, Cercozoa_23_1_tp_2, Ciliophora_403_1_tp_2, Dinoflagellata_1555_1_tp_2, Dinoflagellata_1749_1_tp_2, Div_reps_2942_1_tp_2, Proteobacteria_7174_1_tp_2, Proteobacteria_7289_1_tp_2, Verrucomicrobia_23_1_tp_2",0.228168469401392,0.236875033735897
"Chlorophyta__streptophyta_848_1","Bacteroidetes_956_1_tp_2, Cercozoa_291_1_tp_2, Cryptophyta_15_1_tp_2, Lobosa_11_1_tp_2, Proteobacteria_10114_1_tp_2, Proteobacteria_11190_1_tp_2, Proteobacteria_7230_1_tp_2, Proteobacteria_8175_1_tp_2, Proteobacteria_8520_1_tp_2",0.157733291591538,0.247633893342231
"Chlorophyta__streptophyta_848_1","Archaea_164_2_tp_2, Bacteroidetes_1360_5_tp_2, Cercozoa_291_1_tp_2, Dinoflagellata_955_1_tp_2, Planctomycetes_27_1_tp_2, Proteobacteria_11210_2_tp_2, Proteobacteria_11428_1_tp_2, Proteobacteria_6384_1_tp_2, Proteobacteria_7364_1_tp_2",0.227720534135153,0.222690118521557
"Chlorophyta__streptophyta_848_1","Bacillariophyta_219_1_tp_2, Bacteroidetes_1178_1_tp_2, Cercozoa_22_1_tp_2, Cercozoa_23_1_tp_2, Cryptophyta_15_2_tp_2, Dinoflagellata_1014_1_tp_2, Proteobacteria_7230_1_tp_2, temperature_tp_2, Verrucomicrobia_22_2_tp_2",0.200295216898371,0.225165012751989
"Chlorophyta__streptophyta_848_1","Bacteroidetes_1235_1_tp_2, Chlorophyta__streptophyta_895_1_tp_2, Cryptophyta_15_1_tp_2, Dinoflagellata_1758_1_tp_2, Nitrospirae_9_1_tp_2, Proteobacteria_11429_2_tp_2, Proteobacteria_7230_2_tp_2, Proteobacteria_7316_1_tp_2, Proteobacteria_8177_1_tp_2",-0.003779254438281,0.33404607780426
"Chlorophyta__streptophyta_848_1","Archaea_164_2_tp_2, Bacteroidetes_1186_1_tp_2, Chrysophyceae_16_1_tp_2, Dinoflagellata_1542_1_tp_2, Dinoflagellata_874_1_tp_2, Proteobacteria_7100_1_tp_2, Proteobacteria_7364_1_tp_2, Proteobacteria_7983_3_tp_2, Proteobacteria_7983_7_tp_2",0.175628726544979,0.230770301652684
"Chlorophyta__streptophyta_848_1","Bacteroidetes_1178_1_tp_2, Bacteroidetes_1186_1_tp_2, Cryptophyta_15_2_tp_2, Dinoflagellata_1009_1_tp_2, Dinoflagellata_1098_1_tp_2, Haptophyta_148_1_tp_2, Katablepharidophyta_7_1_tp_2, Phylum_reps_1954_1_tp_2, Verrucomicrobia_22_1_tp_2",0.211212216813841,0.223493920674161
"Chlorophyta__streptophyta_848_1","Bacillariophyta_196_1_tp_2, Bacteroidetes_131_1_tp_2, Dinoflagellata_1758_1_tp_2, Dinoflagellata_1793_1_tp_2, Perkinsea_44_1_tp_2, Planctomycetes_27_1_tp_2, Proteobacteria_11190_1_tp_2, Proteobacteria_11429_4_tp_2, Proteobacteria_7983_7_tp_2",0.124915072646258,0.252481833864846
"Chlorophyta__streptophyta_848_1","Actinobacteria_410_1_tp_2, Archaea_179_1_tp_2, Bacteroidetes_129_2_tp_2, Ciliophora_298_1_tp_2, Dinoflagellata_1098_1_tp_2, Dinoflagellata_1862_1_tp_2, Proteobacteria_8177_2_tp_2, Sagenista_61_1_tp_2, Verrucomicrobia_22_2_tp_2",0.128830699495,0.240702640209202
"Chlorophyta__streptophyta_848_1","Actinobacteria_410_2_tp_2, Bacillariophyta_123_1_tp_2, Bacteroidetes_1186_1_tp_2, Bacteroidetes_919_1_tp_2, Chrysophyceae_16_1_tp_2, Cryptophyta_15_1_tp_2, Proteobacteria_11120_1_tp_2, Proteobacteria_11155_2_tp_2, Rhodophyta_506_1_tp_2",0.187984987217915,0.241972650028752
"Chlorophyta__streptophyta_848_1","Bacillariophyta_31_1_tp_2, Bacteroidetes_317_1_tp_2, Bacteroidetes_918_4_tp_2, Bacteroidetes_919_2_tp_2, Cercozoa_22_1_tp_2, Cyanobacteria_48_1_tp_2, Cyanobacteria_73_1_tp_2, Proteobacteria_7983_2_tp_2, Proteobacteria_8176_2_tp_2",0.104622750954465,0.229957111640275
"Chlorophyta__streptophyta_848_1","Archaea_164_1_tp_2, Bacteroidetes_1264_1_tp_2, Bacteroidetes_918_4_tp_2, Ciliophora_298_1_tp_2, Cyanobacteria_65_1_tp_2, Dinoflagellata_1010_1_tp_2, Dinoflagellata_1793_1_tp_2, Proteobacteria_11429_4_tp_2, Verrucomicrobia_22_1_tp_2",0.148931027335931,0.246286367759891
"Chlorophyta__streptophyta_848_1","Bacillariophyta_219_1_tp_2, Bacteroidetes_1194_1_tp_2, Bacteroidetes_1360_2_tp_2, Ciliophora_234_1_tp_2, Dinoflagellata_1098_1_tp_2, Dinoflagellata_1728_1_tp_2, Proteobacteria_11155_1_tp_2, Proteobacteria_7230_1_tp_2, Verrucomicrobia_22_2_tp_2",0.295778380963565,0.209640464162575
"Chlorophyta__streptophyta_848_1","Bacillariophyta_31_1_tp_2, Bacteroidetes_1360_1_tp_2, Bacteroidetes_918_3_tp_2, Ciliophora_403_1_tp_2, Dinoflagellata_1658_1_tp_2, Planctomycetes_34_1_tp_2, Proteobacteria_11210_2_tp_2, Proteobacteria_7983_5_tp_2, Proteobacteria_9681_2_tp_2",0.282078343266441,0.232895375309948
"Chlorophyta__streptophyta_848_1","Actinobacteria_410_2_tp_2, Bacillariophyta_31_1_tp_2, Bacteroidetes_918_5_tp_2, Bacteroidetes_919_2_tp_2, Dinoflagellata_1010_1_tp_2, Nitrospirae_9_1_tp_2, Proteobacteria_11155_1_tp_2, Proteobacteria_7313_1_tp_2, Raphidophyceae_3_1_tp_2",0.156928744696562,0.274599118368917
"Chlorophyta__streptophyta_848_1","Bacteroidetes_1166_1_tp_2, Bacteroidetes_1235_1_tp_2, Bacteroidetes_1360_4_tp_2, Bacteroidetes_918_2_tp_2, Ciliophora_403_1_tp_2, Cryptophyta_108_1_tp_2, Div_reps_1600_1_tp_2, Verrucomicrobia_18_3_tp_2, Verrucomicrobia_22_1_tp_2",0.250160905860145,0.237156564835445
"Chlorophyta__streptophyta_848_1","Bacteroidetes_1360_5_tp_2, Bacteroidetes_918_2_tp_2, Chlorophyta__streptophyta_895_1_tp_2, Cryptophyta_15_1_tp_2, Nitrospirae_9_1_tp_2, Proteobacteria_11155_1_tp_2, Proteobacteria_7319_1_tp_2, Proteobacteria_8176_2_tp_2, Pseudofungi_43_1_tp_2",0.0609482364825079,0.265871006072551
"Chlorophyta__streptophyta_848_1","Bacteroidetes_1166_2_tp_2, Bacteroidetes_1186_1_tp_2, Bacteroidetes_1194_1_tp_2, Bacteroidetes_1204_1_tp_2, Bacteroidetes_1224_1_tp_2, Chlorophyta__streptophyta_833_1_tp_2, Ciliophora_403_1_tp_2, Dinoflagellata_1793_1_tp_2, Dinoflagellata_982_1_tp_2",0.229689837711018,0.238288703676245
"Chlorophyta__streptophyta_848_1","Bacteroidetes_1166_2_tp_2, Bacteroidetes_918_1_tp_2, Dinoflagellata_1014_1_tp_2, Dinoflagellata_955_1_tp_2, Proteobacteria_10168_1_tp_2, Proteobacteria_11428_1_tp_2, Proteobacteria_7231_1_tp_2, Proteobacteria_8178_1_tp_2, Sagenista_53_1_tp_2",0.137250718440931,0.223802267269608
"Chlorophyta__streptophyta_848_1","Bacteroidetes_131_1_tp_2, Chlorophyta__streptophyta_845_1_tp_2, Dinoflagellata_124_1_tp_2, Proteobacteria_11120_1_tp_2, Proteobacteria_11428_1_tp_2, Proteobacteria_5436_1_tp_2, Proteobacteria_7983_1_tp_2, Proteobacteria_9681_1_tp_2, Verrucomicrobia_22_1_tp_2",0.102348908672732,0.257934713506839
"Chlorophyta__streptophyta_848_1","Archaea_164_1_tp_2, Bacillariophyta_196_1_tp_2, Bacteroidetes_1166_1_tp_2, Bacteroidetes_1360_2_tp_2, Dinoflagellata_1658_1_tp_2, Perkinsea_33_1_tp_2, Proteobacteria_7314_1_tp_2, Proteobacteria_7984_1_tp_2, Proteobacteria_8176_2_tp_2",0.150401829376649,0.225967660797728
"Chlorophyta__streptophyta_848_1","Bacillariophyta_219_1_tp_2, Bacteroidetes_1166_2_tp_2, Chlorophyta__streptophyta_751_1_tp_2, Dictyochophyceae_6_1_tp_2, Proteobacteria_11120_1_tp_2, Proteobacteria_11190_1_tp_2, Proteobacteria_11429_1_tp_2, Proteobacteria_7231_1_tp_2, Proteobacteria_8185_1_tp_2",0.10454445183701,0.231527648594
"Chlorophyta__streptophyta_848_1","Bacteroidetes_1235_1_tp_2, Bacteroidetes_919_1_tp_2, Chlorophyta__streptophyta_895_1_tp_2, Dinoflagellata_1771_1_tp_2, Proteobacteria_11190_1_tp_2, Proteobacteria_22_1_tp_2, Proteobacteria_7982_2_tp_2, Proteobacteria_9649_1_tp_2, Verrucomicrobia_18_1_tp_2",0.0774488633996508,0.228958206254957
"Chlorophyta__streptophyta_848_1","Archaea_164_2_tp_2, Bacteroidetes_1166_2_tp_2, Bacteroidetes_1167_1_tp_2, Bacteroidetes_1249_1_tp_2, Bacteroidetes_1360_3_tp_2, Bacteroidetes_919_2_tp_2, Dinoflagellata_1769_1_tp_2, Proteobacteria_11210_1_tp_2, Proteobacteria_9649_1_tp_2",-0.0173502981029058,0.274613578817133
"Chlorophyta__streptophyta_848_1","Bacteroidetes_1166_2_tp_2, Ciliophora_298_1_tp_2, Dinoflagellata_1862_1_tp_2, Div_reps_2942_1_tp_2, Phylum_reps_2301_1_tp_2, Proteobacteria_5461_1_tp_2, Proteobacteria_7982_2_tp_2, Proteobacteria_8175_1_tp_2, Proteobacteria_8178_1_tp_2",0.249299833251862,0.20757085641551
"Chlorophyta__streptophyta_848_1","Ciliophora_280_1_tp_2, Cyanobacteria_65_1_tp_2, Dinoflagellata_1711_1_tp_2, Lobosa_11_1_tp_2, Nitrospirae_9_1_tp_2, Proteobacteria_6847_1_tp_2, Proteobacteria_8175_1_tp_2, Proteobacteria_8176_1_tp_2, Verrucomicrobia_18_4_tp_2",0.112506579785892,0.244671569496473
"Chlorophyta__streptophyta_848_1","Bacteroidetes_1360_1_tp_2, Bacteroidetes_918_2_tp_2, Cercozoa_291_1_tp_2, Dinoflagellata_1771_1_tp_2, Katablepharidophyta_7_1_tp_2, Proteobacteria_10114_1_tp_2, Proteobacteria_7983_2_tp_2, Proteobacteria_8177_2_tp_2, Proteobacteria_8520_1_tp_2",0.121019618909994,0.245372056296977
"Chlorophyta__streptophyta_848_1","Bacillariophyta_100_1_tp_2, Bacteroidetes_1360_5_tp_2, Dinoflagellata_1496_1_tp_2, Dinoflagellata_1658_1_tp_2, Dinoflagellata_1728_1_tp_2, Dinoflagellata_1728_2_tp_2, Div_reps_2942_1_tp_2, Planctomycetes_61_1_tp_2, Proteobacteria_11155_2_tp_2",0.255358643197418,0.2260618401278
"Chlorophyta__streptophyta_848_1","Bacteroidetes_129_2_tp_2, Bacteroidetes_938_1_tp_2, Ciliophora_451_1_tp_2, Haptophyta_203_1_tp_2, Proteobacteria_11210_1_tp_2, Proteobacteria_11429_1_tp_2, Proteobacteria_7983_7_tp_2, Proteobacteria_7983_8_tp_2, Proteobacteria_8185_1_tp_2",0.0947344320261775,0.269101291239216
"Chlorophyta__streptophyta_848_1","Archaea_164_1_tp_2, Bacillariophyta_219_1_tp_2, Bacteroidetes_129_1_tp_2, Ciliophora_298_1_tp_2, Planctomycetes_34_1_tp_2, Proteobacteria_11431_2_tp_2, Proteobacteria_5436_1_tp_2, Proteobacteria_7364_1_tp_2, Verrucomicrobia_22_1_tp_2",0.0861838252689999,0.279712542998317
"Chlorophyta__streptophyta_848_1","Bacteroidetes_1178_1_tp_2, Bacteroidetes_919_2_tp_2, Ciliophora_298_1_tp_2, Dinoflagellata_1771_2_tp_2, Dinoflagellata_1793_1_tp_2, Phylum_reps_1954_1_tp_2, Proteobacteria_11429_2_tp_2, Proteobacteria_5461_1_tp_2, temperature_tp_2",0.282565512791505,0.225362373299671
"Chlorophyta__streptophyta_848_1","Bacteroidetes_129_2_tp_2, Bacteroidetes_919_1_tp_2, Bacteroidetes_919_3_tp_2, Dinoflagellata_1198_1_tp_2, Proteobacteria_5461_1_tp_2, Proteobacteria_7230_1_tp_2, Proteobacteria_7364_1_tp_2, Proteobacteria_7982_1_tp_2, Proteobacteria_7982_2_tp_2",0.130103596291139,0.227088567138351
"Chlorophyta__streptophyta_848_1","Bacillariophyta_219_1_tp_2, Bacteroidetes_1224_1_tp_2, Bacteroidetes_918_3_tp_2, Cyanobacteria_73_1_tp_2, Dinoflagellata_1009_1_tp_2, Lobosa_11_1_tp_2, Proteobacteria_11210_1_tp_2, Proteobacteria_7983_1_tp_2, Sagenista_61_1_tp_2",0.130958355027361,0.24651969608443
"Chlorophyta__streptophyta_848_1","Bacillariophyta_196_1_tp_2, Bacteroidetes_918_3_tp_2, Dinoflagellata_1968_1_tp_2, Phylum_reps_1985_1_tp_2, Proteobacteria_10114_1_tp_2, Proteobacteria_11210_2_tp_2, Proteobacteria_6847_1_tp_2, Proteobacteria_7319_1_tp_2, Proteobacteria_7983_6_tp_2",0.183406083237701,0.242898364300686
"Chlorophyta__streptophyta_848_1","Cryptophyta_15_2_tp_2, Cyanobacteria_65_1_tp_2, Dictyochophyceae_6_1_tp_2, Dinoflagellata_1728_2_tp_2, Dinoflagellata_1749_1_tp_2, Planctomycetes_34_1_tp_2, Proteobacteria_7231_1_tp_2, Proteobacteria_8176_1_tp_2, Proteobacteria_8177_2_tp_2",0.235124667168209,0.220032918070615
"Chlorophyta__streptophyta_848_1","Ciliophora_403_1_tp_2, Dinoflagellata_1542_1_tp_2, Dinoflagellata_1862_1_tp_2, Haptophyta_148_1_tp_2, Haptophyta_203_1_tp_2, Proteobacteria_11155_2_tp_2, Proteobacteria_11210_1_tp_2, Sagenista_53_1_tp_2, Verrucomicrobia_22_1_tp_2",0.211837975116809,0.23533677953395
"Chlorophyta__streptophyta_848_1","Bacillariophyta_196_1_tp_2, Bacteroidetes_129_1_tp_2, Bacteroidetes_1360_1_tp_2, Chrysophyceae_16_1_tp_2, Dinoflagellata_124_1_tp_2, Dinoflagellata_1555_1_tp_2, Div_reps_1600_1_tp_2, Phylum_reps_1954_1_tp_2, Proteobacteria_7983_5_tp_2",0.106552931992595,0.240210166371476
"Chlorophyta__streptophyta_848_1","Bacteroidetes_1194_1_tp_2, Ciliophora_298_1_tp_2, Cryptophyta_15_1_tp_2, Picozoa_6_1_tp_2, Proteobacteria_11120_1_tp_2, Proteobacteria_11428_1_tp_2, Proteobacteria_7983_3_tp_2, Proteobacteria_8176_2_tp_2, Verrucomicrobia_18_1_tp_2",0.12263803870328,0.248411221953239
"Chlorophyta__streptophyta_848_1","Bacillariophyta_219_1_tp_2, Bacteroidetes_1194_1_tp_2, Bacteroidetes_1360_2_tp_2, Bacteroidetes_918_5_tp_2, Bacteroidetes_919_3_tp_2, Cercozoa_23_1_tp_2, Cercozoa_395_1_tp_2, Dictyochophyceae_6_1_tp_2, Proteobacteria_11431_2_tp_2",0.178886811879755,0.233108112610723
"Chlorophyta__streptophyta_848_1","Actinobacteria_410_1_tp_2, Bacillariophyta_100_1_tp_2, Bacteroidetes_317_1_tp_2, Chlorophyta__streptophyta_732_1_tp_2, Cryptophyta_15_2_tp_2, Proteobacteria_11428_1_tp_2, Proteobacteria_11431_1_tp_2, Proteobacteria_7316_1_tp_2, Proteobacteria_7319_1_tp_2",0.144983841879122,0.263723849482344
"Chlorophyta__streptophyta_848_1","Bacillariophyta_100_1_tp_2, Bacteroidetes_1166_1_tp_2, Bacteroidetes_1349_1_tp_2, Cryptophyta_108_1_tp_2, Cyanobacteria_73_1_tp_2, Perkinsea_44_1_tp_2, Proteobacteria_7983_2_tp_2, Proteobacteria_8176_1_tp_2, Pseudofungi_43_1_tp_2",0.190997819407759,0.224770019866428
"Chlorophyta__streptophyta_848_1","Actinobacteria_410_2_tp_2, Bacteroidetes_1166_2_tp_2, Cercozoa_22_1_tp_2, Chrysophyceae_16_1_tp_2, Haptophyta_148_1_tp_2, Proteobacteria_7230_1_tp_2, Proteobacteria_7289_1_tp_2, Proteobacteria_7314_1_tp_2, Proteobacteria_8176_1_tp_2",0.0955357633270053,0.230555628328343
"Chlorophyta__streptophyta_848_1","Bacillariophyta_219_1_tp_2, Dinoflagellata_1198_1_tp_2, Dinoflagellata_1728_1_tp_2, Dinoflagellata_1968_1_tp_2, Katablepharidophyta_7_1_tp_2, Proteobacteria_11210_2_tp_2, Proteobacteria_5436_1_tp_2, Proteobacteria_7231_1_tp_2, Proteobacteria_8177_2_tp_2",0.172129911803189,0.227457469012557
"Chlorophyta__streptophyta_848_1","Bacillariophyta_138_1_tp_2, Bacillariophyta_219_1_tp_2, Bacteroidetes_918_3_tp_2, Bacteroidetes_938_1_tp_2, Dinoflagellata_1711_1_tp_2, Planctomycetes_34_1_tp_2, Proteobacteria_10091_1_tp_2, Proteobacteria_7230_2_tp_2, Proteobacteria_7983_7_tp_2",0.0193574565958442,0.313863879611967
"Chlorophyta__streptophyta_848_1","Bacteroidetes_1264_1_tp_2, Bacteroidetes_129_1_tp_2, Bacteroidetes_131_1_tp_2, Dinoflagellata_1014_1_tp_2, Dinoflagellata_1542_1_tp_2, Dinoflagellata_1555_1_tp_2, Planctomycetes_34_1_tp_2, Proteobacteria_7983_8_tp_2, Proteobacteria_9681_1_tp_2",0.284145329193918,0.242404644214362
"Chlorophyta__streptophyta_848_1","Actinobacteria_410_1_tp_2, Bacillariophyta_31_1_tp_2, Ciliophora_298_1_tp_2, Cyanobacteria_48_1_tp_2, Cyanobacteria_73_1_tp_2, Proteobacteria_11210_1_tp_2, Proteobacteria_11429_4_tp_2, Proteobacteria_11431_2_tp_2, Proteobacteria_6384_1_tp_2",0.0952102131157741,0.251010271494561
"Chlorophyta__streptophyta_848_1","Bacteroidetes_1360_5_tp_2, Chlorophyta__streptophyta_751_1_tp_2, Ciliophora_451_1_tp_2, Dinoflagellata_1198_1_tp_2, Dinoflagellata_1771_2_tp_2, Proteobacteria_11155_2_tp_2, Proteobacteria_7231_1_tp_2, Proteobacteria_7316_1_tp_2, Proteobacteria_7983_8_tp_2",0.112273781420526,0.261439703298189
"Chlorophyta__streptophyta_848_1","Bacillariophyta_100_1_tp_2, Bacteroidetes_1167_1_tp_2, Bacteroidetes_919_3_tp_2, Cercozoa_22_1_tp_2, Chlorophyta__streptophyta_120_1_tp_2, Cryptophyta_15_1_tp_2, Proteobacteria_5436_1_tp_2, Proteobacteria_8175_1_tp_2, Proteobacteria_8185_1_tp_2",0.0976939471212535,0.251607384480295
"Chlorophyta__streptophyta_848_1","Bacillariophyta_29_1_tp_2, Bacteroidetes_1166_2_tp_2, Bacteroidetes_1264_1_tp_2, Bacteroidetes_317_1_tp_2, Chlorophyta__streptophyta_751_1_tp_2, Phylum_reps_2301_1_tp_2, Proteobacteria_5436_1_tp_2, Proteobacteria_7166_1_tp_2, Proteobacteria_8178_1_tp_2",0.0818894851057503,0.251400761785987
"Chlorophyta__streptophyta_848_1","Cryptophyta_108_1_tp_2, Dinoflagellata_1017_1_tp_2, Dinoflagellata_1728_2_tp_2, Phylum_reps_2301_1_tp_2, Proteobacteria_10091_1_tp_2, Proteobacteria_7983_4_tp_2, Proteobacteria_8175_1_tp_2, Proteobacteria_8176_2_tp_2, Verrucomicrobia_23_1_tp_2",0.161968129994022,0.225442344732721
"Chlorophyta__streptophyta_848_1","Archaea_164_1_tp_2, Bacteroidetes_1178_1_tp_2, Chlorophyta__streptophyta_895_1_tp_2, Dinoflagellata_1555_1_tp_2, Proteobacteria_7314_1_tp_2, Proteobacteria_7319_1_tp_2, Proteobacteria_7983_2_tp_2, Proteobacteria_7983_5_tp_2, Rhodophyta_506_1_tp_2",0.216592347585624,0.277858786697548
"Chlorophyta__streptophyta_848_1","Actinobacteria_410_1_tp_2, Bacillariophyta_138_1_tp_2, Bacillariophyta_31_1_tp_2, Dinoflagellata_1749_1_tp_2, Proteobacteria_10091_1_tp_2, Proteobacteria_11120_1_tp_2, Proteobacteria_11428_1_tp_2, Proteobacteria_7983_1_tp_2, Proteobacteria_7983_8_tp_2",0.190505269378423,0.232879466039351
"Chlorophyta__streptophyta_848_1","Actinobacteria_410_2_tp_2, Bacteroidetes_1151_1_tp_2, Bacteroidetes_129_2_tp_2, Bacteroidetes_1349_1_tp_2, Bacteroidetes_918_1_tp_2, Dinoflagellata_1496_1_tp_2, Dinoflagellata_1771_2_tp_2, Proteobacteria_7983_7_tp_2, Proteobacteria_7983_8_tp_2",0.114773088320293,0.252769744463122
"Chlorophyta__streptophyta_848_1","Bacteroidetes_1166_1_tp_2, Bacteroidetes_919_2_tp_2, Haptophyta_203_1_tp_2, Perkinsea_33_1_tp_2, Planctomycetes_34_1_tp_2, Proteobacteria_10091_1_tp_2, Proteobacteria_10114_1_tp_2, Proteobacteria_7314_1_tp_2, Proteobacteria_7364_1_tp_2",0.266713080786714,0.231819622991969
"Chlorophyta__streptophyta_848_1","Bacteroidetes_1151_1_tp_2, Cercozoa_23_1_tp_2, Cyanobacteria_65_1_tp_2, Dinoflagellata_1728_2_tp_2, Haptophyta_203_1_tp_2, Planctomycetes_61_1_tp_2, Proteobacteria_7313_1_tp_2, Proteobacteria_7316_1_tp_2, Proteobacteria_7983_3_tp_2",0.00872570604855246,0.268156532151489
"Chlorophyta__streptophyta_848_1","Bacillariophyta_100_1_tp_2, Bacillariophyta_196_1_tp_2, Bacteroidetes_129_1_tp_2, Haptophyta_203_1_tp_2, Proteobacteria_5461_1_tp_2, Proteobacteria_7316_1_tp_2, Pseudofungi_43_1_tp_2, Sagenista_53_1_tp_2, Verrucomicrobia_23_1_tp_2",0.26140942983045,0.226821067438035
"Chlorophyta__streptophyta_848_1","Actinobacteria_410_1_tp_2, Bacteroidetes_1178_1_tp_2, Dinoflagellata_1658_1_tp_2, Dinoflagellata_874_1_tp_2, Proteobacteria_7319_1_tp_2, Proteobacteria_8176_2_tp_2, Proteobacteria_8520_1_tp_2, Proteobacteria_9681_1_tp_2, Raphidophyceae_3_1_tp_2",0.279802936071372,0.228595258065813
"Chlorophyta__streptophyta_848_1","Chlorophyta__streptophyta_895_1_tp_2, Cyanobacteria_73_1_tp_2, Dinoflagellata_982_1_tp_2, Proteobacteria_6384_1_tp_2, Proteobacteria_7231_1_tp_2, Proteobacteria_7983_2_tp_2, Proteobacteria_7983_8_tp_2, Pseudofungi_43_1_tp_2, Verrucomicrobia_23_1_tp_2",0.293103774265709,0.213349683419612
"Chlorophyta__streptophyta_848_1","Archaea_164_1_tp_2, Bacteroidetes_918_2_tp_2, Bacteroidetes_956_1_tp_2, Cercozoa_395_1_tp_2, Dinoflagellata_1542_1_tp_2, Haptophyta_148_1_tp_2, Perkinsea_44_1_tp_2, Proteobacteria_11210_1_tp_2, Proteobacteria_8176_2_tp_2",0.229270924086402,0.218601737711613
"Chlorophyta__streptophyta_848_1","Actinobacteria_410_1_tp_2, Bacteroidetes_129_2_tp_2, Bacteroidetes_918_1_tp_2, Bacteroidetes_918_4_tp_2, Cercozoa_23_1_tp_2, Chlorophyta__streptophyta_751_1_tp_2, Proteobacteria_7295_1_tp_2, Proteobacteria_7319_1_tp_2, temperature_tp_2",0.166559759791866,0.25602581359779
"Chlorophyta__streptophyta_848_1","Actinobacteria_410_1_tp_2, Archaea_179_1_tp_2, Bacteroidetes_1204_1_tp_2, Bacteroidetes_131_1_tp_2, Bacteroidetes_918_2_tp_2, Cercozoa_22_1_tp_2, Proteobacteria_11429_4_tp_2, Proteobacteria_7100_1_tp_2, Verrucomicrobia_22_1_tp_2",0.135144170879273,0.22969659408695
"Chlorophyta__streptophyta_848_1","Bacteroidetes_1264_1_tp_2, Bacteroidetes_918_5_tp_2, Cercozoa_395_1_tp_2, Dinoflagellata_1968_1_tp_2, Proteobacteria_11210_1_tp_2, Proteobacteria_5461_1_tp_2, Proteobacteria_7319_1_tp_2, Proteobacteria_7364_1_tp_2, Proteobacteria_8178_1_tp_2",0.139625933894187,0.230863627725274
"Chlorophyta__streptophyta_848_1","Archaea_179_1_tp_2, Bacteroidetes_1194_1_tp_2, Dinoflagellata_1017_1_tp_2, Dinoflagellata_1711_1_tp_2, Dinoflagellata_1771_2_tp_2, Proteobacteria_11431_1_tp_2, Proteobacteria_7100_1_tp_2, Proteobacteria_7230_2_tp_2, Proteobacteria_7983_7_tp_2",0.0583583533775358,0.266304890631045
"Chlorophyta__streptophyta_848_1","Bacteroidetes_317_1_tp_2, Bacteroidetes_956_1_tp_2, Nitrospirae_9_1_tp_2, Proteobacteria_6847_1_tp_2, Proteobacteria_7314_1_tp_2, Proteobacteria_7983_6_tp_2, Proteobacteria_8185_1_tp_2, Sagenista_61_1_tp_2, Verrucomicrobia_18_2_tp_2",0.130345877782502,0.231167689293073
"Chlorophyta__streptophyta_848_1","Bacteroidetes_918_1_tp_2, Dinoflagellata_1711_1_tp_2, Dinoflagellata_1771_2_tp_2, Picozoa_6_1_tp_2, Proteobacteria_10091_1_tp_2, Proteobacteria_7230_1_tp_2, Proteobacteria_7230_2_tp_2, Proteobacteria_7983_2_tp_2, Radiolaria_104_1_tp_2",0.19654529467314,0.244873730794275
"Chlorophyta__streptophyta_848_1","Bacteroidetes_1167_1_tp_2, Bacteroidetes_1224_1_tp_2, Bacteroidetes_1349_1_tp_2, Bacteroidetes_956_1_tp_2, Phylum_reps_1954_1_tp_2, Proteobacteria_5436_1_tp_2, Proteobacteria_5461_1_tp_2, Proteobacteria_7982_2_tp_2, Verrucomicrobia_18_4_tp_2",0.13036679452495,0.240708937658237
"Chlorophyta__streptophyta_848_1","Actinobacteria_410_2_tp_2, Bacteroidetes_938_1_tp_2, Bacteroidetes_956_1_tp_2, Ciliophora_1195_1_tp_2, Dinoflagellata_1496_1_tp_2, Perkinsea_33_1_tp_2, Proteobacteria_11431_2_tp_2, Proteobacteria_7289_1_tp_2, Proteobacteria_7313_1_tp_2",0.243328582582807,0.237502275276117
"Chlorophyta__streptophyta_848_1","Bacteroidetes_1235_1_tp_2, Bacteroidetes_1360_2_tp_2, Ciliophora_234_1_tp_2, Dinoflagellata_1010_1_tp_2, Dinoflagellata_1749_1_tp_2, Planctomycetes_61_1_tp_2, Proteobacteria_10091_1_tp_2, Proteobacteria_7230_1_tp_2, Proteobacteria_7982_2_tp_2",0.25119328549989,0.213837949459572
"Chlorophyta__streptophyta_848_1","Actinobacteria_410_1_tp_2, Actinobacteria_410_2_tp_2, Bacillariophyta_29_1_tp_2, Bacteroidetes_1264_1_tp_2, Proteobacteria_5461_1_tp_2, Proteobacteria_7100_1_tp_2, Proteobacteria_7230_3_tp_2, Proteobacteria_7984_1_tp_2, Verrucomicrobia_23_1_tp_2",0.160350856452444,0.228990954987401
"Chlorophyta__streptophyta_848_1","Actinobacteria_410_1_tp_2, Bacteroidetes_1151_1_tp_2, Bacteroidetes_1166_1_tp_2, Bacteroidetes_1235_1_tp_2, Dinoflagellata_1769_1_tp_2, Proteobacteria_11429_2_tp_2, Proteobacteria_7166_1_tp_2, Verrucomicrobia_18_1_tp_2, Verrucomicrobia_22_2_tp_2",0.0988187011619398,0.271350842351618
"Chlorophyta__streptophyta_848_1","Archaea_179_1_tp_2, Bacteroidetes_1166_2_tp_2, Bacteroidetes_919_1_tp_2, Cercozoa_291_1_tp_2, Dinoflagellata_1014_1_tp_2, Perkinsea_33_1_tp_2, Proteobacteria_11210_2_tp_2, Proteobacteria_7295_1_tp_2, Proteobacteria_7983_2_tp_2",0.179020292619478,0.23022973884357
"Chlorophyta__streptophyta_848_1","Bacteroidetes_1194_1_tp_2, Bacteroidetes_1249_1_tp_2, Cercozoa_291_1_tp_2, Dinoflagellata_1098_1_tp_2, Proteobacteria_11190_1_tp_2, Proteobacteria_7166_1_tp_2, Proteobacteria_7983_4_tp_2, Proteobacteria_8176_2_tp_2, Proteobacteria_8177_2_tp_2",0.0404512417596866,0.236263814127328
"Chlorophyta__streptophyta_848_1","Bacteroidetes_918_3_tp_2, Dinoflagellata_1098_1_tp_2, Planctomycetes_34_1_tp_2, Proteobacteria_10091_1_tp_2, Proteobacteria_11429_4_tp_2, Proteobacteria_7231_1_tp_2, Proteobacteria_8177_1_tp_2, Pseudofungi_43_1_tp_2, Rhodophyta_506_1_tp_2",0.0990848407549646,0.258005852691101
"Chlorophyta__streptophyta_848_1","Actinobacteria_410_1_tp_2, Chlorophyta__streptophyta_833_1_tp_2, Cryptophyta_108_1_tp_2, Dinoflagellata_874_1_tp_2, Div_reps_1600_1_tp_2, Proteobacteria_7230_2_tp_2, Proteobacteria_8185_1_tp_2, Verrucomicrobia_18_1_tp_2, Verrucomicrobia_18_3_tp_2",0.166468095133065,0.266353667181191
"Chlorophyta__streptophyta_848_1","Bacteroidetes_1167_1_tp_2, Bacteroidetes_1224_1_tp_2, Bacteroidetes_1360_2_tp_2, Ciliophora_280_1_tp_2, Cryptophyta_108_1_tp_2, Dinoflagellata_1711_1_tp_2, Nitrospirae_9_1_tp_2, Proteobacteria_7984_1_tp_2, Proteobacteria_8176_2_tp_2",0.1040395810405,0.238601255234428
"Chlorophyta__streptophyta_848_1","Actinobacteria_410_2_tp_2, Bacteroidetes_1151_1_tp_2, Bacteroidetes_1167_1_tp_2, Ciliophora_280_1_tp_2, Dinoflagellata_1771_1_tp_2, Proteobacteria_11429_2_tp_2, Proteobacteria_7174_1_tp_2, Proteobacteria_7983_5_tp_2, Sagenista_61_1_tp_2",0.0918845665546313,0.251911230204504
"Chlorophyta__streptophyta_848_1","Bacteroidetes_1360_4_tp_2, Bacteroidetes_1360_5_tp_2, Ciliophora_1195_1_tp_2, Cyanobacteria_73_1_tp_2, Dinoflagellata_1198_1_tp_2, Dinoflagellata_1728_1_tp_2, Proteobacteria_7230_3_tp_2, Proteobacteria_7983_2_tp_2, Verrucomicrobia_22_2_tp_2",0.285143792907647,0.223664924981519
"Chlorophyta__streptophyta_848_1","Bacteroidetes_1151_1_tp_2, Bacteroidetes_919_2_tp_2, Chlorophyta__streptophyta_845_1_tp_2, Ciliophora_298_1_tp_2, Ciliophora_451_1_tp_2, Dinoflagellata_1968_1_tp_2, Proteobacteria_7166_1_tp_2, Proteobacteria_9681_1_tp_2, Rhodophyta_506_1_tp_2",0.148271770189857,0.255801569729565
"Chlorophyta__streptophyta_848_1","Bacillariophyta_123_1_tp_2, Bacteroidetes_1167_1_tp_2, Bacteroidetes_1249_1_tp_2, Ciliophora_403_1_tp_2, Cryptophyta_15_2_tp_2, Proteobacteria_11120_1_tp_2, Proteobacteria_22_1_tp_2, Proteobacteria_7289_1_tp_2, Verrucomicrobia_18_4_tp_2",0.182294389985516,0.223282483387363
"Chlorophyta__streptophyta_848_1","Bacteroidetes_1166_1_tp_2, Bacteroidetes_1166_2_tp_2, Chlorophyta__streptophyta_120_1_tp_2, Dinoflagellata_1728_1_tp_2, Planctomycetes_61_1_tp_2, Proteobacteria_10091_1_tp_2, Proteobacteria_5436_1_tp_2, Proteobacteria_7982_1_tp_2, Verrucomicrobia_18_1_tp_2",0.268283697940716,0.230478291078993
"Chlorophyta__streptophyta_848_1","Dinoflagellata_1010_1_tp_2, Dinoflagellata_1198_1_tp_2, Dinoflagellata_1542_1_tp_2, Div_reps_1600_1_tp_2, Proteobacteria_11431_1_tp_2, Proteobacteria_22_1_tp_2, Proteobacteria_7230_3_tp_2, Proteobacteria_7982_2_tp_2, Verrucomicrobia_22_2_tp_2",0.228434333984163,0.21090835324521
"Chlorophyta__streptophyta_848_1","Bacteroidetes_1249_1_tp_2, Bacteroidetes_1360_3_tp_2, Ciliophora_451_1_tp_2, Dinoflagellata_1098_1_tp_2, Haptophyta_148_1_tp_2, Proteobacteria_7295_1_tp_2, Proteobacteria_7983_2_tp_2, Proteobacteria_9681_1_tp_2, Verrucomicrobia_18_3_tp_2",0.138668920425351,0.239583823302329
"Chlorophyta__streptophyta_848_1","Bacillariophyta_196_1_tp_2, Bacteroidetes_1224_1_tp_2, Bacteroidetes_131_1_tp_2, Bacteroidetes_1360_5_tp_2, Cercozoa_395_1_tp_2, Div_reps_2942_1_tp_2, Proteobacteria_7166_1_tp_2, Proteobacteria_7295_1_tp_2, Proteobacteria_7983_8_tp_2",0.209508816320303,0.219544010991229
"Chlorophyta__streptophyta_848_1","Cercozoa_22_1_tp_2, Ciliophora_298_1_tp_2, Dinoflagellata_1098_1_tp_2, Haptophyta_148_1_tp_2, Phylum_reps_1954_1_tp_2, Planctomycetes_27_1_tp_2, Planctomycetes_61_1_tp_2, Proteobacteria_8176_1_tp_2, Proteobacteria_8178_1_tp_2",0.199447633898832,0.214568816367061
"Chlorophyta__streptophyta_848_1","Bacteroidetes_919_1_tp_2, Dinoflagellata_874_1_tp_2, Dinoflagellata_982_1_tp_2, Phylum_reps_2301_1_tp_2, Proteobacteria_11190_1_tp_2, Proteobacteria_11429_3_tp_2, Proteobacteria_7230_3_tp_2, Proteobacteria_7316_1_tp_2, Proteobacteria_7983_4_tp_2",0.067811757604858,0.255507115611538
"Chlorophyta__streptophyta_848_1","Actinobacteria_410_1_tp_2, Archaea_164_2_tp_2, Bacteroidetes_1235_1_tp_2, Bacteroidetes_938_1_tp_2, Ciliophora_403_1_tp_2, Phylum_reps_2301_1_tp_2, Planctomycetes_61_1_tp_2, Proteobacteria_7166_1_tp_2, Proteobacteria_7983_4_tp_2",0.203219651921398,0.244311074985138
"Chlorophyta__streptophyta_848_1","Archaea_164_1_tp_2, Bacteroidetes_1360_2_tp_2, Bacteroidetes_1360_5_tp_2, Bacteroidetes_956_1_tp_2, Dinoflagellata_1542_1_tp_2, Dinoflagellata_1658_1_tp_2, Proteobacteria_10091_1_tp_2, Proteobacteria_8177_1_tp_2, Verrucomicrobia_23_1_tp_2",0.144975057079025,0.244864121634322
"Chlorophyta__streptophyta_848_1","Bacillariophyta_100_1_tp_2, Bacteroidetes_1204_1_tp_2, Chlorophyta__streptophyta_895_1_tp_2, Dinoflagellata_1728_2_tp_2, Dinoflagellata_1862_1_tp_2, Planctomycetes_34_1_tp_2, Proteobacteria_11431_1_tp_2, Proteobacteria_7295_1_tp_2, Proteobacteria_7983_1_tp_2",0.250263248999506,0.230940742277201
"Chlorophyta__streptophyta_848_1","Archaea_164_1_tp_2, Bacillariophyta_219_1_tp_2, Bacteroidetes_1186_1_tp_2, Bacteroidetes_919_1_tp_2, Cercozoa_23_1_tp_2, Cryptophyta_108_1_tp_2, Dinoflagellata_1862_1_tp_2, Dinoflagellata_874_1_tp_2, Perkinsea_33_1_tp_2",0.203631326153147,0.22559309385967
"Chlorophyta__streptophyta_848_1","Archaea_164_2_tp_2, Bacteroidetes_1360_2_tp_2, Dinoflagellata_1010_1_tp_2, Dinoflagellata_1771_2_tp_2, Planctomycetes_27_1_tp_2, Proteobacteria_6384_1_tp_2, Proteobacteria_7313_1_tp_2, Proteobacteria_7983_7_tp_2, Proteobacteria_8177_2_tp_2",0.144342540435964,0.230095674219016
"Chlorophyta__streptophyta_848_1","Bacillariophyta_44_1_tp_2, Chlorophyta__streptophyta_895_1_tp_2, Ciliophora_298_1_tp_2, Dinoflagellata_1711_1_tp_2, Proteobacteria_11155_2_tp_2, Proteobacteria_11210_1_tp_2, Proteobacteria_11429_4_tp_2, Proteobacteria_7983_3_tp_2, Proteobacteria_7983_8_tp_2",0.149623787348217,0.248266396537988
"Chlorophyta__streptophyta_848_1","Ciliophora_298_1_tp_2, Cryptophyta_15_1_tp_2, Dinoflagellata_124_1_tp_2, Dinoflagellata_1711_1_tp_2, Div_reps_1600_2_tp_2, Proteobacteria_7230_1_tp_2, Proteobacteria_8520_1_tp_2, Pseudofungi_43_1_tp_2, Verrucomicrobia_23_1_tp_2",0.202199479250442,0.222441555769416
"Chlorophyta__streptophyta_848_1","Bacillariophyta_219_1_tp_2, Bacillariophyta_44_1_tp_2, Bacteroidetes_1178_1_tp_2, Cercozoa_23_1_tp_2, Chlorophyta__streptophyta_751_1_tp_2, Proteobacteria_7319_1_tp_2, Proteobacteria_8178_1_tp_2, Proteobacteria_9649_1_tp_2, Verrucomicrobia_23_1_tp_2",0.282841407618502,0.229066424678316
"Chlorophyta__streptophyta_848_1","Actinobacteria_410_2_tp_2, Bacillariophyta_123_1_tp_2, Bacillariophyta_44_1_tp_2, Chlorophyta__streptophyta_845_1_tp_2, Dinoflagellata_1542_1_tp_2, Proteobacteria_10168_1_tp_2, Proteobacteria_22_1_tp_2, Proteobacteria_6384_1_tp_2, Proteobacteria_9649_1_tp_2",0.24943963140345,0.230712763239941
"Chlorophyta__streptophyta_848_1","Bacillariophyta_31_1_tp_2, Bacteroidetes_1249_1_tp_2, Dinoflagellata_1793_1_tp_2, Div_reps_1600_2_tp_2, Proteobacteria_11431_1_tp_2, Proteobacteria_7319_1_tp_2, Proteobacteria_7982_2_tp_2, Proteobacteria_8176_1_tp_2, Rhodophyta_506_1_tp_2",0.179030206892974,0.238857163721322
"Chlorophyta__streptophyta_848_1","Bacillariophyta_29_1_tp_2, Bacteroidetes_1194_1_tp_2, Dinoflagellata_1862_1_tp_2, Phylum_reps_2301_1_tp_2, Proteobacteria_11431_2_tp_2, Proteobacteria_7100_1_tp_2, Proteobacteria_7983_3_tp_2, Proteobacteria_8178_1_tp_2, Proteobacteria_8520_1_tp_2",0.178251671512658,0.235429251738492
"Chlorophyta__streptophyta_848_1","Bacteroidetes_918_3_tp_2, Ciliophora_298_1_tp_2, Dinoflagellata_1728_2_tp_2, Picozoa_6_1_tp_2, Proteobacteria_11429_2_tp_2, Proteobacteria_7983_4_tp_2, Raphidophyceae_3_1_tp_2, Rhodophyta_506_1_tp_2, Verrucomicrobia_18_3_tp_2",0.271987285072191,0.248576916403913
"Chlorophyta__streptophyta_848_1","Bacillariophyta_31_1_tp_2, Bacteroidetes_1166_1_tp_2, Bacteroidetes_317_1_tp_2, Bacteroidetes_919_2_tp_2, Dinoflagellata_1496_1_tp_2, Dinoflagellata_982_1_tp_2, Proteobacteria_5461_1_tp_2, Proteobacteria_6384_1_tp_2, Verrucomicrobia_22_2_tp_2",0.256411432392977,0.253878922203393
"Chlorophyta__streptophyta_848_1","Chlorophyta__streptophyta_895_1_tp_2, Dinoflagellata_1711_1_tp_2, Katablepharidophyta_7_1_tp_2, Perkinsea_44_1_tp_2, Phylum_reps_2301_1_tp_2, Proteobacteria_10114_1_tp_2, Proteobacteria_11428_1_tp_2, Proteobacteria_7230_2_tp_2, Proteobacteria_7982_2_tp_2",0.195375203530358,0.259834346860244
"Chlorophyta__streptophyta_848_1","Archaea_164_2_tp_2, Bacteroidetes_317_1_tp_2, Bacteroidetes_918_1_tp_2, Bacteroidetes_918_3_tp_2, Dinoflagellata_982_1_tp_2, Proteobacteria_10091_1_tp_2, Proteobacteria_11190_1_tp_2, Proteobacteria_7983_8_tp_2, Verrucomicrobia_18_1_tp_2",0.0656307122444766,0.255527642466091
"Chlorophyta__streptophyta_848_1","Bacteroidetes_918_5_tp_2, Bacteroidetes_919_1_tp_2, Cryptophyta_108_1_tp_2, Cyanobacteria_65_1_tp_2, Dinoflagellata_1555_1_tp_2, Perkinsea_44_1_tp_2, Proteobacteria_7313_1_tp_2, Proteobacteria_8178_1_tp_2, Sagenista_53_1_tp_2",0.0689352839298866,0.263974386757124
"Chlorophyta__streptophyta_848_1","Archaea_164_1_tp_2, Bacillariophyta_44_1_tp_2, Cercozoa_22_1_tp_2, Proteobacteria_11120_1_tp_2, Proteobacteria_11429_3_tp_2, Proteobacteria_7174_1_tp_2, Proteobacteria_7289_1_tp_2, Proteobacteria_7313_1_tp_2, Proteobacteria_8185_1_tp_2",0.314255878530176,0.207297959266953
"Chlorophyta__streptophyta_848_1","Cyanobacteria_65_1_tp_2, Dinoflagellata_1098_1_tp_2, Dinoflagellata_124_1_tp_2, Dinoflagellata_1728_2_tp_2, Nitrospirae_9_1_tp_2, Proteobacteria_11429_2_tp_2, Proteobacteria_7313_1_tp_2, Proteobacteria_7314_1_tp_2, Proteobacteria_8185_1_tp_2",0.198411313359296,0.236781709213724
"Chlorophyta__streptophyta_848_1","Actinobacteria_410_2_tp_2, Bacillariophyta_44_1_tp_2, Bacteroidetes_956_1_tp_2, Ciliophora_234_1_tp_2, Dinoflagellata_1749_1_tp_2, Dinoflagellata_1771_1_tp_2, Dinoflagellata_982_1_tp_2, Phylum_reps_1985_1_tp_2, Proteobacteria_6847_1_tp_2",0.265675819054724,0.235228116885804
"Chlorophyta__streptophyta_848_1","Bacillariophyta_196_1_tp_2, Bacteroidetes_1360_5_tp_2, Bacteroidetes_317_1_tp_2, Ciliophora_298_1_tp_2, Dinoflagellata_874_1_tp_2, Proteobacteria_11120_1_tp_2, Proteobacteria_11210_1_tp_2, Proteobacteria_6847_1_tp_2, Sagenista_61_1_tp_2",0.14926043722499,0.235669063021438
"Chlorophyta__streptophyta_848_1","Bacteroidetes_919_1_tp_2, Cercozoa_395_1_tp_2, Chlorophyta__streptophyta_120_1_tp_2, Chrysophyceae_16_1_tp_2, Cyanobacteria_85_1_tp_2, Dinoflagellata_1749_1_tp_2, Proteobacteria_11155_1_tp_2, Proteobacteria_11429_2_tp_2, Proteobacteria_7787_1_tp_2",0.0273839676038932,0.230916193040561
"Chlorophyta__streptophyta_848_1","Actinobacteria_410_1_tp_2, Bacillariophyta_123_1_tp_2, Bacteroidetes_1166_2_tp_2, Chlorophyta__streptophyta_895_1_tp_2, Nitrospirae_9_1_tp_2, Planctomycetes_27_1_tp_2, Planctomycetes_61_1_tp_2, Proteobacteria_11190_1_tp_2, Proteobacteria_11431_1_tp_2",0.120305724164276,0.261334034202411
"Chlorophyta__streptophyta_848_1","Dinoflagellata_1769_1_tp_2, Div_reps_2942_1_tp_2, Phylum_reps_1954_1_tp_2, Proteobacteria_10168_1_tp_2, Proteobacteria_11155_2_tp_2, Proteobacteria_22_1_tp_2, Proteobacteria_7983_1_tp_2, Rhodophyta_506_1_tp_2, Sagenista_61_1_tp_2",0.151901502218416,0.22129624596528
"Chlorophyta__streptophyta_848_1","Bacteroidetes_1167_1_tp_2, Bacteroidetes_1360_3_tp_2, Bacteroidetes_317_1_tp_2, Bacteroidetes_918_3_tp_2, Chlorophyta__streptophyta_751_1_tp_2, Proteobacteria_11210_1_tp_2, Proteobacteria_6847_1_tp_2, Proteobacteria_7230_1_tp_2, Proteobacteria_7984_1_tp_2",0.175763083121286,0.242390113150484
"Chlorophyta__streptophyta_848_1","Bacteroidetes_918_4_tp_2, Dinoflagellata_874_1_tp_2, Dinoflagellata_982_1_tp_2, Haptophyta_148_1_tp_2, Perkinsea_33_1_tp_2, Phylum_reps_2301_1_tp_2, Proteobacteria_7100_1_tp_2, Proteobacteria_7289_1_tp_2, Radiolaria_104_1_tp_2",0.182124723985147,0.233238389643457
"Chlorophyta__streptophyta_848_1","Archaea_179_1_tp_2, Bacteroidetes_1264_1_tp_2, Dictyochophyceae_6_1_tp_2, Dinoflagellata_1555_1_tp_2, Dinoflagellata_1711_1_tp_2, Dinoflagellata_1793_1_tp_2, Proteobacteria_6384_1_tp_2, Proteobacteria_7100_1_tp_2, Proteobacteria_8175_1_tp_2",0.100403007525708,0.289225843758963
"Chlorophyta__streptophyta_848_1","Archaea_164_1_tp_2, Bacteroidetes_919_2_tp_2, Ciliophora_403_1_tp_2, Cryptophyta_15_2_tp_2, Perkinsea_44_1_tp_2, Proteobacteria_6847_1_tp_2, Proteobacteria_7231_1_tp_2, Proteobacteria_8177_1_tp_2, Rhodophyta_506_1_tp_2",0.185960341962963,0.267774021357572
"Chlorophyta__streptophyta_848_1","Archaea_179_1_tp_2, Dictyochophyceae_6_1_tp_2, Dinoflagellata_1009_1_tp_2, Haptophyta_148_1_tp_2, Phylum_reps_2301_1_tp_2, Proteobacteria_11429_4_tp_2, Proteobacteria_7314_1_tp_2, Proteobacteria_7983_7_tp_2, Proteobacteria_7984_1_tp_2",0.222453022704125,0.240039955418756
"Chlorophyta__streptophyta_848_1","Dinoflagellata_1098_1_tp_2, Dinoflagellata_1198_1_tp_2, Dinoflagellata_1658_1_tp_2, Dinoflagellata_1728_2_tp_2, Proteobacteria_11429_1_tp_2, Proteobacteria_7100_1_tp_2, Proteobacteria_7231_1_tp_2, Proteobacteria_7295_1_tp_2, Proteobacteria_8175_1_tp_2",0.129533531198248,0.230891028440556
"Chlorophyta__streptophyta_848_1","Bacteroidetes_1360_3_tp_2, Bacteroidetes_919_1_tp_2, Chlorophyta__streptophyta_895_1_tp_2, Dinoflagellata_1542_1_tp_2, Dinoflagellata_1658_1_tp_2, Dinoflagellata_1749_1_tp_2, Phylum_reps_1954_1_tp_2, Proteobacteria_8178_1_tp_2, Raphidophyceae_3_1_tp_2",0.245804658731098,0.211154437180791
"Chlorophyta__streptophyta_848_1","Chlorophyta__streptophyta_732_1_tp_2, Dictyochophyceae_6_1_tp_2, Dinoflagellata_1010_1_tp_2, Dinoflagellata_1542_1_tp_2, Proteobacteria_11431_2_tp_2, Proteobacteria_7983_4_tp_2, Proteobacteria_7983_8_tp_2, Proteobacteria_8177_1_tp_2, Pseudofungi_43_1_tp_2",0.324375660127585,0.217015113599487
"Chlorophyta__streptophyta_848_1","Archaea_164_1_tp_2, Archaea_164_2_tp_2, Bacteroidetes_918_5_tp_2, Dictyochophyceae_6_1_tp_2, Haptophyta_203_1_tp_2, Proteobacteria_7166_1_tp_2, Proteobacteria_7230_1_tp_2, Proteobacteria_7982_2_tp_2, Verrucomicrobia_18_4_tp_2",0.147400011221423,0.239728940118612
"Chlorophyta__streptophyta_848_1","Bacillariophyta_123_1_tp_2, Dinoflagellata_1711_1_tp_2, Div_reps_1600_1_tp_2, Div_reps_2942_1_tp_2, Proteobacteria_7230_1_tp_2, Proteobacteria_7231_1_tp_2, Proteobacteria_7983_2_tp_2, Proteobacteria_8175_1_tp_2, Radiolaria_104_1_tp_2",0.267841617315459,0.20973144956234
"Chlorophyta__streptophyta_848_1","Bacteroidetes_1151_1_tp_2, Bacteroidetes_918_1_tp_2, Bacteroidetes_956_1_tp_2, Chlorophyta__streptophyta_751_1_tp_2, Chrysophyceae_16_1_tp_2, Ciliophora_234_1_tp_2, Dinoflagellata_1968_1_tp_2, Phylum_reps_1954_1_tp_2, Proteobacteria_7787_1_tp_2",0.256219688200347,0.231624937482355
"Chlorophyta__streptophyta_848_1","Actinobacteria_410_2_tp_2, Bacteroidetes_1167_1_tp_2, Bacteroidetes_1264_1_tp_2, Cercozoa_23_1_tp_2, Ciliophora_298_1_tp_2, Dinoflagellata_1711_1_tp_2, Haptophyta_148_1_tp_2, Proteobacteria_7174_1_tp_2, Verrucomicrobia_18_2_tp_2",0.162125112424923,0.269805940761654
"Chlorophyta__streptophyta_848_1","Bacteroidetes_1224_1_tp_2, Chlorophyta__streptophyta_895_1_tp_2, Cyanobacteria_85_1_tp_2, Dinoflagellata_1728_1_tp_2, Lobosa_11_1_tp_2, Nitrospirae_9_1_tp_2, Proteobacteria_7230_3_tp_2, Proteobacteria_9681_1_tp_2, Verrucomicrobia_18_4_tp_2",0.249724675268697,0.214855072009799
"Chlorophyta__streptophyta_848_1","Archaea_164_2_tp_2, Bacteroidetes_131_1_tp_2, Bacteroidetes_1360_3_tp_2, Cryptophyta_15_1_tp_2, Dinoflagellata_1749_1_tp_2, Proteobacteria_7983_2_tp_2, Proteobacteria_7984_1_tp_2, Rhodophyta_506_1_tp_2, temperature_tp_2",0.200077565124717,0.268951485170345
"Chlorophyta__streptophyta_848_1","Bacillariophyta_196_1_tp_2, Bacteroidetes_1151_1_tp_2, Bacteroidetes_956_1_tp_2, Dinoflagellata_1014_1_tp_2, Dinoflagellata_1198_1_tp_2, Dinoflagellata_1771_1_tp_2, Phylum_reps_1954_1_tp_2, Proteobacteria_10114_1_tp_2, Proteobacteria_11429_1_tp_2",0.161138335088609,0.241673932762326
"Chlorophyta__streptophyta_848_1","Bacteroidetes_1204_1_tp_2, Bacteroidetes_919_3_tp_2, Picozoa_6_1_tp_2, Proteobacteria_11190_1_tp_2, Proteobacteria_11429_2_tp_2, Proteobacteria_7319_1_tp_2, Proteobacteria_7983_5_tp_2, Proteobacteria_8178_1_tp_2, Radiolaria_104_1_tp_2",0.0875849424509766,0.244701521822474
"Chlorophyta__streptophyta_848_1","Ciliophora_451_1_tp_2, Dinoflagellata_1010_1_tp_2, Dinoflagellata_1711_1_tp_2, Div_reps_2942_1_tp_2, Lobosa_11_1_tp_2, Proteobacteria_5436_1_tp_2, Proteobacteria_7166_1_tp_2, Proteobacteria_7983_3_tp_2, Proteobacteria_9681_2_tp_2",0.195501061439658,0.216795192089886
"Chlorophyta__streptophyta_848_1","Bacteroidetes_918_3_tp_2, Cercozoa_23_1_tp_2, Cyanobacteria_48_1_tp_2, Cyanobacteria_85_1_tp_2, Dinoflagellata_1711_1_tp_2, Proteobacteria_5436_1_tp_2, Proteobacteria_7230_2_tp_2, Proteobacteria_7319_1_tp_2, Proteobacteria_8176_1_tp_2",0.0140837222049117,0.300819903795669
"Chlorophyta__streptophyta_848_1","Archaea_164_2_tp_2, Bacteroidetes_131_1_tp_2, Dinoflagellata_1098_1_tp_2, Haptophyta_203_1_tp_2, Phylum_reps_2301_1_tp_2, Proteobacteria_11431_2_tp_2, Proteobacteria_7100_1_tp_2, Proteobacteria_9681_2_tp_2, Verrucomicrobia_18_2_tp_2",0.118797800916723,0.256234808086177
"Chlorophyta__streptophyta_848_1","Bacteroidetes_938_1_tp_2, Chlorophyta__streptophyta_120_1_tp_2, Chlorophyta__streptophyta_751_1_tp_2, Ciliophora_234_1_tp_2, Dinoflagellata_1542_1_tp_2, Dinoflagellata_1728_1_tp_2, Dinoflagellata_1862_1_tp_2, Proteobacteria_10091_1_tp_2, Proteobacteria_7983_2_tp_2",0.303605026661707,0.22800126762733
"Chlorophyta__streptophyta_848_1","Bacillariophyta_31_1_tp_2, Bacillariophyta_44_1_tp_2, Cryptophyta_15_2_tp_2, Picozoa_6_1_tp_2, Planctomycetes_27_1_tp_2, Proteobacteria_10168_1_tp_2, Proteobacteria_7231_1_tp_2, Proteobacteria_8176_2_tp_2, Proteobacteria_9681_2_tp_2",0.162194703340521,0.24407222411155
"Chlorophyta__streptophyta_848_1","Actinobacteria_410_2_tp_2, Bacteroidetes_1224_1_tp_2, Bacteroidetes_919_3_tp_2, Chlorophyta__streptophyta_732_1_tp_2, Perkinsea_33_1_tp_2, Planctomycetes_27_1_tp_2, Proteobacteria_7289_1_tp_2, Proteobacteria_7983_3_tp_2, Proteobacteria_8176_1_tp_2",0.157487564095037,0.229618122123831
"Chlorophyta__streptophyta_848_1","Bacteroidetes_1166_2_tp_2, Bacteroidetes_919_3_tp_2, Cyanobacteria_73_1_tp_2, Picozoa_6_1_tp_2, Proteobacteria_11210_1_tp_2, Proteobacteria_7295_1_tp_2, Proteobacteria_7319_1_tp_2, Pseudofungi_43_1_tp_2, Sagenista_53_1_tp_2",0.249424291654363,0.233060114139236
"Chlorophyta__streptophyta_848_1","Bacteroidetes_1167_1_tp_2, Bacteroidetes_1235_1_tp_2, Bacteroidetes_918_5_tp_2, Bacteroidetes_919_2_tp_2, Katablepharidophyta_7_1_tp_2, Proteobacteria_5461_1_tp_2, Proteobacteria_7230_1_tp_2, Proteobacteria_8520_1_tp_2, Verrucomicrobia_18_2_tp_2",0.240659115628645,0.231651484631581
"Chlorophyta__streptophyta_848_1","Bacteroidetes_1166_1_tp_2, Bacteroidetes_1360_4_tp_2, Haptophyta_148_1_tp_2, Picozoa_6_1_tp_2, Proteobacteria_10091_1_tp_2, Proteobacteria_11190_1_tp_2, Proteobacteria_7983_6_tp_2, Proteobacteria_7984_1_tp_2, Sagenista_53_1_tp_2",0.16139073553077,0.233486786079992
"Chlorophyta__streptophyta_848_1","Bacillariophyta_44_1_tp_2, Bacteroidetes_1178_1_tp_2, Bacteroidetes_129_1_tp_2, Dinoflagellata_1749_1_tp_2, Dinoflagellata_1771_2_tp_2, Dinoflagellata_1862_1_tp_2, Proteobacteria_10114_1_tp_2, Pseudofungi_43_1_tp_2, Verrucomicrobia_22_2_tp_2",0.325788274983408,0.204750482875995
"Chlorophyta__streptophyta_848_1","Actinobacteria_410_2_tp_2, Bacteroidetes_1360_1_tp_2, Bacteroidetes_918_1_tp_2, Chlorophyta__streptophyta_751_1_tp_2, Ciliophora_403_1_tp_2, Dinoflagellata_1711_1_tp_2, Haptophyta_203_1_tp_2, Proteobacteria_10091_1_tp_2, Proteobacteria_11155_2_tp_2",0.117507204962023,0.256015986913955
"Chlorophyta__streptophyta_848_1","Bacteroidetes_918_4_tp_2, Dinoflagellata_1198_1_tp_2, Dinoflagellata_1496_1_tp_2, Dinoflagellata_1769_1_tp_2, Dinoflagellata_982_1_tp_2, Picozoa_6_1_tp_2, Proteobacteria_7983_2_tp_2, Proteobacteria_9681_2_tp_2, Verrucomicrobia_22_2_tp_2",0.181355262126786,0.259519600194511
"Chlorophyta__streptophyta_848_1","Bacteroidetes_1204_1_tp_2, Chlorophyta__streptophyta_833_1_tp_2, Dinoflagellata_1769_1_tp_2, Dinoflagellata_1771_2_tp_2, Div_reps_1600_1_tp_2, Perkinsea_33_1_tp_2, Proteobacteria_7983_5_tp_2, Proteobacteria_8177_2_tp_2, Proteobacteria_9681_2_tp_2",0.224155679666315,0.206626469960812
"Chlorophyta__streptophyta_848_1","Bacillariophyta_138_1_tp_2, Bacteroidetes_1360_1_tp_2, Bacteroidetes_918_4_tp_2, Cyanobacteria_73_1_tp_2, Dinoflagellata_1009_1_tp_2, Proteobacteria_11429_1_tp_2, Proteobacteria_11431_2_tp_2, Pseudofungi_43_1_tp_2, Verrucomicrobia_18_2_tp_2",0.168465906407538,0.234083401060262
"Chlorophyta__streptophyta_848_1","Bacteroidetes_1166_2_tp_2, Bacteroidetes_1360_2_tp_2, Cryptophyta_108_1_tp_2, Dinoflagellata_124_1_tp_2, Proteobacteria_10168_1_tp_2, Proteobacteria_11120_1_tp_2, Proteobacteria_11428_1_tp_2, Proteobacteria_7984_1_tp_2, Verrucomicrobia_18_3_tp_2",0.154589327893824,0.243888006016733
"Chlorophyta__streptophyta_848_1","Archaea_164_1_tp_2, Bacillariophyta_29_1_tp_2, Bacteroidetes_918_5_tp_2, Dinoflagellata_1009_1_tp_2, Haptophyta_203_1_tp_2, Proteobacteria_11428_1_tp_2, Proteobacteria_11429_4_tp_2, Proteobacteria_7314_1_tp_2, Proteobacteria_8176_2_tp_2",0.0750604024926037,0.25931948619101
"Chlorophyta__streptophyta_848_1","Bacteroidetes_918_3_tp_2, Bacteroidetes_919_3_tp_2, Dinoflagellata_1793_1_tp_2, Haptophyta_203_1_tp_2, Proteobacteria_10091_1_tp_2, Proteobacteria_11431_1_tp_2, Proteobacteria_7166_1_tp_2, Proteobacteria_7984_1_tp_2, Proteobacteria_8175_1_tp_2",0.14086644232728,0.239743581950187
"Chlorophyta__streptophyta_848_1","Bacillariophyta_196_1_tp_2, Bacteroidetes_918_5_tp_2, Bacteroidetes_956_1_tp_2, Cryptophyta_108_1_tp_2, Cryptophyta_15_1_tp_2, Div_reps_2942_1_tp_2, Perkinsea_33_1_tp_2, Picozoa_6_1_tp_2, Proteobacteria_5461_1_tp_2",0.325125428225544,0.230837014699223
"Chlorophyta__streptophyta_848_1","Bacteroidetes_918_2_tp_2, Proteobacteria_10091_1_tp_2, Proteobacteria_11429_1_tp_2, Proteobacteria_11429_3_tp_2, Proteobacteria_7230_1_tp_2, Proteobacteria_7230_3_tp_2, Proteobacteria_7983_2_tp_2, Proteobacteria_7983_7_tp_2, Verrucomicrobia_23_1_tp_2",0.161789201718156,0.234776330663514
"Chlorophyta__streptophyta_848_1","Bacillariophyta_123_1_tp_2, Bacillariophyta_219_1_tp_2, Bacteroidetes_1167_1_tp_2, Bacteroidetes_938_1_tp_2, Dinoflagellata_1098_1_tp_2, Picozoa_18_1_tp_2, Proteobacteria_7166_1_tp_2, Proteobacteria_7313_1_tp_2, Sagenista_53_1_tp_2",0.165984168549154,0.238784669415346
"Chlorophyta__streptophyta_848_1","Bacteroidetes_1178_1_tp_2, Bacteroidetes_1194_1_tp_2, Bacteroidetes_129_1_tp_2, Bacteroidetes_1360_5_tp_2, Cercozoa_395_1_tp_2, Ciliophora_280_1_tp_2, Dinoflagellata_1009_1_tp_2, Dinoflagellata_955_1_tp_2, Div_reps_1600_2_tp_2",0.277673541081607,0.216187156460824
"Chlorophyta__streptophyta_848_1","Bacteroidetes_1360_1_tp_2, Chlorophyta__streptophyta_895_1_tp_2, Dinoflagellata_1658_1_tp_2, Dinoflagellata_1771_1_tp_2, Dinoflagellata_874_1_tp_2, Perkinsea_33_1_tp_2, Proteobacteria_5436_1_tp_2, Proteobacteria_6847_1_tp_2, Proteobacteria_7983_4_tp_2",0.239789314167066,0.22232762335495
"Chlorophyta__streptophyta_848_1","Archaea_164_1_tp_2, Cyanobacteria_48_1_tp_2, Perkinsea_44_1_tp_2, Planctomycetes_61_1_tp_2, Proteobacteria_11155_2_tp_2, Proteobacteria_7166_1_tp_2, Proteobacteria_8176_1_tp_2, Proteobacteria_8178_1_tp_2, Pseudofungi_43_1_tp_2",0.159642006855519,0.216978619679492
"Chlorophyta__streptophyta_848_1","Bacillariophyta_29_1_tp_2, Bacteroidetes_129_1_tp_2, Cryptophyta_15_2_tp_2, Planctomycetes_34_1_tp_2, Proteobacteria_10091_1_tp_2, Proteobacteria_11155_2_tp_2, Proteobacteria_11428_1_tp_2, Proteobacteria_7982_2_tp_2, Proteobacteria_9681_1_tp_2",-0.0407287896515495,0.285664948370192
"Chlorophyta__streptophyta_848_1","Actinobacteria_410_2_tp_2, Bacteroidetes_129_1_tp_2, Cercozoa_22_1_tp_2, Cercozoa_23_1_tp_2, Chlorophyta__streptophyta_751_1_tp_2, Dinoflagellata_1749_1_tp_2, Proteobacteria_7983_3_tp_2, Proteobacteria_7983_5_tp_2, Proteobacteria_9681_2_tp_2",0.076713744384571,0.238077624642968
"Chlorophyta__streptophyta_848_1","Bacteroidetes_1166_2_tp_2, Ciliophora_234_1_tp_2, Cyanobacteria_65_1_tp_2, Dinoflagellata_1014_1_tp_2, Picozoa_6_1_tp_2, Proteobacteria_7230_1_tp_2, Proteobacteria_8185_1_tp_2, Proteobacteria_9649_1_tp_2, Verrucomicrobia_22_1_tp_2",0.290585986634127,0.205110170527421
"Chlorophyta__streptophyta_848_1","Bacillariophyta_219_1_tp_2, Ciliophora_403_1_tp_2, Cryptophyta_108_1_tp_2, Dinoflagellata_1010_1_tp_2, Dinoflagellata_1769_1_tp_2, Proteobacteria_10091_1_tp_2, Proteobacteria_7983_6_tp_2, Proteobacteria_7983_7_tp_2, Rhodophyta_506_1_tp_2",0.181496813711189,0.236104740058959
"Chlorophyta__streptophyta_848_1","Bacteroidetes_131_1_tp_2, Cyanobacteria_48_1_tp_2, Dinoflagellata_1496_1_tp_2, Dinoflagellata_1658_1_tp_2, Div_reps_2942_1_tp_2, Phylum_reps_2301_1_tp_2, Proteobacteria_11155_2_tp_2, Verrucomicrobia_18_4_tp_2, Verrucomicrobia_22_2_tp_2",0.207122206417237,0.238551096581362
"Chlorophyta__streptophyta_848_1","Bacillariophyta_100_1_tp_2, Bacillariophyta_219_1_tp_2, Dinoflagellata_955_1_tp_2, Picozoa_18_1_tp_2, Proteobacteria_11155_2_tp_2, Proteobacteria_7100_1_tp_2, Proteobacteria_8176_1_tp_2, Proteobacteria_8177_2_tp_2, temperature_tp_2",0.0764267215283377,0.233023454854578
"Chlorophyta__streptophyta_848_1","Bacteroidetes_956_1_tp_2, Chlorophyta__streptophyta_751_1_tp_2, Chlorophyta__streptophyta_833_1_tp_2, Dinoflagellata_1198_1_tp_2, Dinoflagellata_1555_1_tp_2, Haptophyta_148_1_tp_2, Proteobacteria_8177_1_tp_2, Proteobacteria_8185_1_tp_2, Rhodophyta_506_1_tp_2",0.24843685432038,0.258072200910172
"Chlorophyta__streptophyta_848_1","Bacteroidetes_1224_1_tp_2, Bacteroidetes_1249_1_tp_2, Bacteroidetes_918_2_tp_2, Cryptophyta_108_1_tp_2, Dinoflagellata_1014_1_tp_2, Dinoflagellata_1862_1_tp_2, Proteobacteria_7982_2_tp_2, Proteobacteria_7983_1_tp_2, Proteobacteria_7983_3_tp_2",0.283294419720783,0.227644429180796
"Chlorophyta__streptophyta_848_1","Dinoflagellata_1098_1_tp_2, Dinoflagellata_1862_1_tp_2, Dinoflagellata_874_1_tp_2, Lobosa_11_1_tp_2, Proteobacteria_11120_1_tp_2, Proteobacteria_11429_4_tp_2, Proteobacteria_5461_1_tp_2, Proteobacteria_6847_1_tp_2, Sagenista_53_1_tp_2",0.240872312889313,0.214794356950322
"Chlorophyta__streptophyta_848_1","Bacteroidetes_1166_1_tp_2, Ciliophora_280_1_tp_2, Cryptophyta_15_1_tp_2, Dinoflagellata_1098_1_tp_2, Dinoflagellata_1198_1_tp_2, Dinoflagellata_1728_1_tp_2, Dinoflagellata_1749_1_tp_2, Proteobacteria_5461_1_tp_2, temperature_tp_2",0.268607977938199,0.230239008014331
"Chlorophyta__streptophyta_848_1","Archaea_164_1_tp_2, Ciliophora_1195_1_tp_2, Dinoflagellata_1017_1_tp_2, Div_reps_2942_1_tp_2, Proteobacteria_10168_1_tp_2, Proteobacteria_11210_2_tp_2, Proteobacteria_11428_1_tp_2, Proteobacteria_7166_1_tp_2, Pseudofungi_43_1_tp_2",0.326357484781649,0.223241581910956
"Chlorophyta__streptophyta_848_1","Bacillariophyta_219_1_tp_2, Bacteroidetes_1166_2_tp_2, Bacteroidetes_918_1_tp_2, Chlorophyta__streptophyta_845_1_tp_2, Planctomycetes_34_1_tp_2, Proteobacteria_10114_1_tp_2, Proteobacteria_8177_1_tp_2, Rhodophyta_506_1_tp_2, Sagenista_53_1_tp_2",0.163951041692298,0.268924137692688
"Chlorophyta__streptophyta_848_1","Bacteroidetes_1178_1_tp_2, Bacteroidetes_129_1_tp_2, Cercozoa_395_1_tp_2, Cryptophyta_15_1_tp_2, Dinoflagellata_1749_1_tp_2, Dinoflagellata_1771_1_tp_2, Proteobacteria_11120_1_tp_2, Proteobacteria_7316_1_tp_2, Proteobacteria_7982_1_tp_2",0.253158123965304,0.22585256700805
"Chlorophyta__streptophyta_848_1","Archaea_164_2_tp_2, Bacillariophyta_219_1_tp_2, Bacteroidetes_1360_3_tp_2, Chlorophyta__streptophyta_120_1_tp_2, Cryptophyta_15_1_tp_2, Cyanobacteria_65_1_tp_2, Dinoflagellata_1728_1_tp_2, Perkinsea_33_1_tp_2, Raphidophyceae_3_1_tp_2",0.202477698264081,0.235913442292702
"Chlorophyta__streptophyta_848_1","Actinobacteria_410_1_tp_2, Bacteroidetes_1360_5_tp_2, Bacteroidetes_919_1_tp_2, Chrysophyceae_16_1_tp_2, Dinoflagellata_1758_1_tp_2, Div_reps_1600_1_tp_2, Proteobacteria_7313_1_tp_2, Proteobacteria_7316_1_tp_2, Proteobacteria_9681_2_tp_2",0.230386077954838,0.226655688694642
"Chlorophyta__streptophyta_848_1","Bacteroidetes_1249_1_tp_2, Bacteroidetes_938_1_tp_2, Chrysophyceae_16_1_tp_2, Cryptophyta_15_1_tp_2, Dinoflagellata_1010_1_tp_2, Dinoflagellata_874_1_tp_2, Sagenista_61_1_tp_2, Verrucomicrobia_18_3_tp_2, Verrucomicrobia_22_1_tp_2",0.173068087232377,0.235653438211856
"Chlorophyta__streptophyta_848_1","Bacteroidetes_1166_2_tp_2, Bacteroidetes_1349_1_tp_2, Bacteroidetes_918_3_tp_2, Bacteroidetes_919_3_tp_2, Cyanobacteria_85_1_tp_2, Dinoflagellata_1769_1_tp_2, Nitrospirae_9_1_tp_2, Perkinsea_33_1_tp_2, Proteobacteria_11190_1_tp_2",0.061693352495416,0.232490274259841
"Chlorophyta__streptophyta_848_1","Bacillariophyta_123_1_tp_2, Bacteroidetes_1360_4_tp_2, Bacteroidetes_919_1_tp_2, Chrysophyceae_16_1_tp_2, Proteobacteria_11120_1_tp_2, Proteobacteria_11155_2_tp_2, Proteobacteria_7230_3_tp_2, Proteobacteria_7289_1_tp_2, Proteobacteria_7983_8_tp_2",0.226139954267458,0.226354744241039
"Chlorophyta__streptophyta_848_1","Bacteroidetes_1360_2_tp_2, Bacteroidetes_918_4_tp_2, Dinoflagellata_1010_1_tp_2, Katablepharidophyta_7_1_tp_2, Picozoa_6_1_tp_2, Planctomycetes_61_1_tp_2, Proteobacteria_11210_1_tp_2, Proteobacteria_7313_1_tp_2, Sagenista_53_1_tp_2",0.139547572742507,0.254785907286403
"Chlorophyta__streptophyta_848_1","Ciliophora_451_1_tp_2, Dinoflagellata_1098_1_tp_2, Dinoflagellata_1793_1_tp_2, Perkinsea_44_1_tp_2, Proteobacteria_11429_1_tp_2, Proteobacteria_11429_2_tp_2, Proteobacteria_7166_1_tp_2, Proteobacteria_8178_1_tp_2, Proteobacteria_9681_1_tp_2",0.106857126508759,0.230858883130819
"Chlorophyta__streptophyta_848_1","Bacteroidetes_1249_1_tp_2, Ciliophora_403_1_tp_2, Dinoflagellata_1769_1_tp_2, Dinoflagellata_1968_1_tp_2, Div_reps_2942_1_tp_2, Planctomycetes_27_1_tp_2, Proteobacteria_11429_4_tp_2, Proteobacteria_22_1_tp_2, Proteobacteria_5461_1_tp_2",0.198232968568072,0.231449592718963
"Chlorophyta__streptophyta_848_1","Bacillariophyta_31_1_tp_2, Bacteroidetes_1360_4_tp_2, Cercozoa_23_1_tp_2, Ciliophora_234_1_tp_2, Dinoflagellata_1793_1_tp_2, Dinoflagellata_1862_1_tp_2, Proteobacteria_7100_1_tp_2, Proteobacteria_7983_7_tp_2, Verrucomicrobia_18_4_tp_2",0.203900827325488,0.251984214251053
"Chlorophyta__streptophyta_848_1","Chlorophyta__streptophyta_895_1_tp_2, Cryptophyta_108_1_tp_2, Dinoflagellata_1010_1_tp_2, Dinoflagellata_124_1_tp_2, Dinoflagellata_874_1_tp_2, Div_reps_1600_2_tp_2, Div_reps_2942_1_tp_2, Proteobacteria_11210_2_tp_2, Verrucomicrobia_23_1_tp_2",0.165121358724634,0.245979724222236
"Chlorophyta__streptophyta_848_1","Bacteroidetes_1178_1_tp_2, Bacteroidetes_1235_1_tp_2, Bacteroidetes_938_1_tp_2, Bacteroidetes_956_1_tp_2, Dinoflagellata_1758_1_tp_2, Dinoflagellata_1771_2_tp_2, Phylum_reps_1954_1_tp_2, Proteobacteria_7230_1_tp_2, Proteobacteria_7319_1_tp_2",0.284208853003651,0.221421611271826
"Chlorophyta__streptophyta_848_1","Ciliophora_451_1_tp_2, Dinoflagellata_1769_1_tp_2, Dinoflagellata_1771_1_tp_2, Proteobacteria_10091_1_tp_2, Proteobacteria_7313_1_tp_2, Proteobacteria_7983_1_tp_2, Proteobacteria_8185_1_tp_2, Rhodophyta_506_1_tp_2, temperature_tp_2",0.0753254342864085,0.250468412840493
"Chlorophyta__streptophyta_848_1","Bacillariophyta_29_1_tp_2, Chlorophyta__streptophyta_732_1_tp_2, Ciliophora_234_1_tp_2, Cryptophyta_15_1_tp_2, Dinoflagellata_1728_1_tp_2, Div_reps_2942_1_tp_2, Proteobacteria_11429_4_tp_2, Proteobacteria_11431_2_tp_2, Proteobacteria_8177_1_tp_2",0.273867891102357,0.237247393552776
"Chlorophyta__streptophyta_848_1","Bacteroidetes_1249_1_tp_2, Bacteroidetes_919_3_tp_2, Div_reps_1600_1_tp_2, Nitrospirae_9_1_tp_2, Proteobacteria_11155_1_tp_2, Proteobacteria_11210_1_tp_2, Proteobacteria_11429_1_tp_2, Proteobacteria_7174_1_tp_2, Verrucomicrobia_18_2_tp_2",0.0281546967497513,0.269528488421102
"Chlorophyta__streptophyta_848_1","Bacteroidetes_131_1_tp_2, Dinoflagellata_1014_1_tp_2, Haptophyta_148_1_tp_2, Proteobacteria_7100_1_tp_2, Proteobacteria_7313_1_tp_2, Proteobacteria_7984_1_tp_2, Raphidophyceae_3_1_tp_2, Rhodophyta_506_1_tp_2, Sagenista_61_1_tp_2",0.223127133611276,0.239938106708014
"Chlorophyta__streptophyta_848_1","Bacteroidetes_1166_1_tp_2, Bacteroidetes_1204_1_tp_2, Bacteroidetes_918_3_tp_2, Chlorophyta__streptophyta_895_1_tp_2, Dinoflagellata_1793_1_tp_2, Katablepharidophyta_7_1_tp_2, Planctomycetes_34_1_tp_2, Proteobacteria_7231_1_tp_2, Verrucomicrobia_23_1_tp_2",0.094375924590747,0.264997188346133
"Chlorophyta__streptophyta_848_1","Bacillariophyta_219_1_tp_2, Bacteroidetes_129_1_tp_2, Bacteroidetes_918_1_tp_2, Bacteroidetes_918_2_tp_2, Ciliophora_298_1_tp_2, Cyanobacteria_85_1_tp_2, Phylum_reps_2301_1_tp_2, Proteobacteria_7982_1_tp_2, Proteobacteria_7982_2_tp_2",0.124217905689372,0.234737674409034
"Chlorophyta__streptophyta_848_1","Archaea_164_1_tp_2, Bacteroidetes_1166_1_tp_2, Bacteroidetes_1224_1_tp_2, Bacteroidetes_1360_4_tp_2, Ciliophora_234_1_tp_2, Ciliophora_451_1_tp_2, Div_reps_2942_1_tp_2, Phylum_reps_1954_1_tp_2, Proteobacteria_7316_1_tp_2",0.144435803337359,0.239054679812936
