"target","embedding","rho","rmse"
"Dinoflagellata_1009_1","Bacillariophyta_31_1_tp_2, Bacillariophyta_44_1_tp_2, Bacteroidetes_918_1_tp_2, Bacteroidetes_918_2_tp_2, Dinoflagellata_1771_2_tp_2, Proteobacteria_11431_1_tp_2, Proteobacteria_7982_1_tp_2, Proteobacteria_7983_5_tp_2, Proteobacteria_8177_2_tp_2",0.451101049234221,0.210209441678567
"Dinoflagellata_1009_1","Chlorophyta__streptophyta_895_1_tp_2, Cryptophyta_15_2_tp_2, Haptophyta_203_1_tp_2, Proteobacteria_11155_1_tp_2, Proteobacteria_11429_2_tp_2, Proteobacteria_11429_3_tp_2, Proteobacteria_11429_4_tp_2, temperature_tp_2, Verrucomicrobia_23_1_tp_2",0.526754242712003,0.203600235246202
"Dinoflagellata_1009_1","Bacillariophyta_29_1_tp_2, Bacteroidetes_1166_2_tp_2, Chlorophyta__streptophyta_895_1_tp_2, Dictyochophyceae_6_1_tp_2, Dinoflagellata_1793_1_tp_2, Proteobacteria_7982_2_tp_2, Proteobacteria_7983_2_tp_2, Proteobacteria_9681_2_tp_2, Verrucomicrobia_18_1_tp_2",0.360613759887904,0.217720408837709
"Dinoflagellata_1009_1","Bacillariophyta_219_1_tp_2, Bacteroidetes_918_4_tp_2, Cyanobacteria_85_1_tp_2, Picozoa_6_1_tp_2, Planctomycetes_34_1_tp_2, Proteobacteria_11120_1_tp_2, Proteobacteria_7230_3_tp_2, Proteobacteria_7983_2_tp_2, Rhodophyta_506_1_tp_2",0.463221621775241,0.210730725264615
"Dinoflagellata_1009_1","Bacillariophyta_138_1_tp_2, Chlorophyta__streptophyta_845_1_tp_2, Dinoflagellata_1758_1_tp_2, Dinoflagellata_1793_1_tp_2, Proteobacteria_11155_2_tp_2, Proteobacteria_7289_1_tp_2, Proteobacteria_7983_4_tp_2, Proteobacteria_9681_1_tp_2, Pseudofungi_43_1_tp_2",0.475258229666305,0.204270860458525
"Dinoflagellata_1009_1","Bacillariophyta_219_1_tp_2, Bacteroidetes_918_4_tp_2, Nitrospirae_9_1_tp_2, Proteobacteria_10168_1_tp_2, Proteobacteria_7230_3_tp_2, Proteobacteria_7316_1_tp_2, Proteobacteria_7983_4_tp_2, Proteobacteria_7983_7_tp_2, Proteobacteria_8176_1_tp_2",0.474092777403895,0.202284378000541
"Dinoflagellata_1009_1","Bacillariophyta_100_1_tp_2, Bacteroidetes_129_1_tp_2, Bacteroidetes_129_2_tp_2, Dinoflagellata_1017_1_tp_2, Dinoflagellata_1758_1_tp_2, Proteobacteria_6384_1_tp_2, Proteobacteria_7230_2_tp_2, Proteobacteria_7314_1_tp_2, Proteobacteria_8178_1_tp_2",0.540383176346109,0.199578595594064
"Dinoflagellata_1009_1","Bacteroidetes_129_1_tp_2, Bacteroidetes_918_4_tp_2, Dinoflagellata_1496_1_tp_2, Dinoflagellata_1658_1_tp_2, Phylum_reps_2301_1_tp_2, Proteobacteria_5461_1_tp_2, Proteobacteria_8178_1_tp_2, Verrucomicrobia_18_1_tp_2, Verrucomicrobia_18_2_tp_2",0.5305196022732,0.193023830072226
"Dinoflagellata_1009_1","Bacteroidetes_1360_1_tp_2, Bacteroidetes_918_3_tp_2, Cryptophyta_108_1_tp_2, Dictyochophyceae_6_1_tp_2, Dinoflagellata_982_1_tp_2, Proteobacteria_6847_1_tp_2, Proteobacteria_7313_1_tp_2, Proteobacteria_7314_1_tp_2, Proteobacteria_7787_1_tp_2",0.5194186599853,0.212355856966745
"Dinoflagellata_1009_1","Bacillariophyta_29_1_tp_2, Bacteroidetes_1264_1_tp_2, Bacteroidetes_918_1_tp_2, Cercozoa_291_1_tp_2, Haptophyta_148_1_tp_2, Proteobacteria_11210_1_tp_2, Proteobacteria_11429_3_tp_2, Proteobacteria_11429_4_tp_2, Proteobacteria_7983_1_tp_2",0.547734990704278,0.209232347786373
"Dinoflagellata_1009_1","Bacteroidetes_1360_1_tp_2, Bacteroidetes_918_2_tp_2, Bacteroidetes_918_4_tp_2, Cyanobacteria_73_1_tp_2, Picozoa_18_1_tp_2, Proteobacteria_11210_2_tp_2, Proteobacteria_11429_3_tp_2, Proteobacteria_7316_1_tp_2, Proteobacteria_8185_1_tp_2",0.598887694948327,0.198482851498903
"Dinoflagellata_1009_1","Bacteroidetes_919_3_tp_2, Chlorophyta__streptophyta_848_1_tp_2, Cyanobacteria_85_1_tp_2, Dinoflagellata_1769_1_tp_2, Dinoflagellata_955_1_tp_2, Phylum_reps_1985_1_tp_2, Proteobacteria_11429_1_tp_2, Proteobacteria_7230_1_tp_2, Proteobacteria_9681_1_tp_2",0.4926196556367,0.190798236782676
"Dinoflagellata_1009_1","Bacillariophyta_196_1_tp_2, Cercozoa_23_1_tp_2, Cercozoa_395_1_tp_2, Ciliophora_280_1_tp_2, Phylum_reps_2301_1_tp_2, Planctomycetes_61_1_tp_2, Proteobacteria_7982_2_tp_2, Proteobacteria_9649_1_tp_2, Pseudofungi_43_1_tp_2",0.325591744026396,0.204176239987404
"Dinoflagellata_1009_1","Bacteroidetes_1167_1_tp_2, Bacteroidetes_1224_1_tp_2, Chlorophyta__streptophyta_848_1_tp_2, Cyanobacteria_73_1_tp_2, Dinoflagellata_1198_1_tp_2, Proteobacteria_11210_2_tp_2, Proteobacteria_7313_1_tp_2, Proteobacteria_7787_1_tp_2, Verrucomicrobia_18_3_tp_2",0.578615586546627,0.189232436461227
"Dinoflagellata_1009_1","Bacillariophyta_138_1_tp_2, Cyanobacteria_48_1_tp_2, Dinoflagellata_1010_1_tp_2, Dinoflagellata_955_1_tp_2, Phylum_reps_1985_1_tp_2, Proteobacteria_11190_1_tp_2, Proteobacteria_7983_2_tp_2, Proteobacteria_8177_1_tp_2, Verrucomicrobia_18_4_tp_2",0.445833334176856,0.210516514564286
"Dinoflagellata_1009_1","Bacteroidetes_1166_2_tp_2, Bacteroidetes_129_1_tp_2, Bacteroidetes_918_1_tp_2, Dinoflagellata_1711_1_tp_2, Phylum_reps_1954_1_tp_2, Proteobacteria_11429_4_tp_2, Proteobacteria_5461_1_tp_2, Proteobacteria_6384_1_tp_2, Proteobacteria_9681_1_tp_2",0.525057599579399,0.194163941207096
"Dinoflagellata_1009_1","Bacteroidetes_1186_1_tp_2, Cryptophyta_15_2_tp_2, Div_reps_1600_2_tp_2, Proteobacteria_22_1_tp_2, Proteobacteria_6384_1_tp_2, Proteobacteria_7289_1_tp_2, Sagenista_53_1_tp_2, Verrucomicrobia_18_1_tp_2, Verrucomicrobia_18_3_tp_2",0.513623446671989,0.190301540674696
"Dinoflagellata_1009_1","Bacteroidetes_1166_1_tp_2, Bacteroidetes_919_1_tp_2, Cercozoa_291_1_tp_2, Cyanobacteria_48_1_tp_2, Cyanobacteria_65_1_tp_2, Picozoa_6_1_tp_2, Proteobacteria_7316_1_tp_2, Proteobacteria_7984_1_tp_2, Sagenista_53_1_tp_2",0.500187741203392,0.21577385817641
"Dinoflagellata_1009_1","Actinobacteria_410_2_tp_2, Bacteroidetes_1249_1_tp_2, Bacteroidetes_918_3_tp_2, Ciliophora_451_1_tp_2, Dictyochophyceae_6_1_tp_2, Dinoflagellata_1968_1_tp_2, Proteobacteria_6384_1_tp_2, Proteobacteria_7364_1_tp_2, Proteobacteria_8185_1_tp_2",0.638053322371959,0.17301379443271
"Dinoflagellata_1009_1","Bacillariophyta_29_1_tp_2, Bacillariophyta_31_1_tp_2, Bacteroidetes_1264_1_tp_2, Bacteroidetes_1360_1_tp_2, Chlorophyta__streptophyta_732_1_tp_2, Dinoflagellata_124_1_tp_2, Dinoflagellata_1758_1_tp_2, Haptophyta_203_1_tp_2, Proteobacteria_7983_8_tp_2",0.390469228879508,0.229411121806603
"Dinoflagellata_1009_1","Bacteroidetes_919_3_tp_2, Chlorophyta__streptophyta_845_1_tp_2, Dinoflagellata_1728_2_tp_2, Lobosa_11_1_tp_2, Proteobacteria_11210_1_tp_2, Proteobacteria_7289_1_tp_2, Proteobacteria_7983_4_tp_2, Proteobacteria_9649_1_tp_2, Pseudofungi_43_1_tp_2",0.542683525550289,0.202579104093216
"Dinoflagellata_1009_1","Bacteroidetes_1360_1_tp_2, Bacteroidetes_1360_4_tp_2, Ciliophora_280_1_tp_2, Dinoflagellata_1658_1_tp_2, Dinoflagellata_1758_1_tp_2, Proteobacteria_11155_2_tp_2, Proteobacteria_7231_1_tp_2, Proteobacteria_8176_2_tp_2, Rhodophyta_506_1_tp_2",0.481832673925887,0.202656378883264
"Dinoflagellata_1009_1","Bacillariophyta_219_1_tp_2, Bacteroidetes_1235_1_tp_2, Cercozoa_22_1_tp_2, Cryptophyta_15_1_tp_2, Cyanobacteria_85_1_tp_2, Div_reps_1600_2_tp_2, Proteobacteria_7983_3_tp_2, Proteobacteria_7983_4_tp_2, Proteobacteria_8520_1_tp_2",0.477449787923608,0.196474732385432
"Dinoflagellata_1009_1","Bacteroidetes_1224_1_tp_2, Bacteroidetes_918_3_tp_2, Chlorophyta__streptophyta_845_1_tp_2, Ciliophora_451_1_tp_2, Dinoflagellata_1542_1_tp_2, Phylum_reps_1954_1_tp_2, Proteobacteria_10091_1_tp_2, Raphidophyceae_3_1_tp_2, Sagenista_61_1_tp_2",0.570883909670697,0.185038280703275
"Dinoflagellata_1009_1","Bacillariophyta_31_1_tp_2, Bacteroidetes_1235_1_tp_2, Cercozoa_291_1_tp_2, Chlorophyta__streptophyta_833_1_tp_2, Ciliophora_451_1_tp_2, Dinoflagellata_1771_2_tp_2, Proteobacteria_5436_1_tp_2, Proteobacteria_9681_2_tp_2, Rhodophyta_506_1_tp_2",0.494703738938668,0.215655599664226
"Dinoflagellata_1009_1","Bacillariophyta_219_1_tp_2, Bacillariophyta_29_1_tp_2, Cercozoa_23_1_tp_2, Ciliophora_1195_1_tp_2, Cyanobacteria_65_1_tp_2, Dinoflagellata_1749_1_tp_2, Picozoa_18_1_tp_2, Proteobacteria_10114_1_tp_2, Proteobacteria_11429_3_tp_2",0.54843006888058,0.19513624395469
"Dinoflagellata_1009_1","Bacillariophyta_219_1_tp_2, Bacteroidetes_1360_2_tp_2, Bacteroidetes_956_1_tp_2, Ciliophora_403_1_tp_2, Cryptophyta_15_2_tp_2, Nitrospirae_9_1_tp_2, Phylum_reps_1954_1_tp_2, Picozoa_18_1_tp_2, Verrucomicrobia_22_1_tp_2",0.451836881484615,0.200587761777358
"Dinoflagellata_1009_1","Bacteroidetes_918_4_tp_2, Chlorophyta__streptophyta_732_1_tp_2, Chlorophyta__streptophyta_751_1_tp_2, Chlorophyta__streptophyta_845_1_tp_2, Div_reps_1600_1_tp_2, Planctomycetes_61_1_tp_2, Proteobacteria_10168_1_tp_2, Proteobacteria_11210_1_tp_2, Proteobacteria_5461_1_tp_2",0.589816854550592,0.188138272045893
"Dinoflagellata_1009_1","Bacteroidetes_1235_1_tp_2, Bacteroidetes_1349_1_tp_2, Bacteroidetes_1360_2_tp_2, Bacteroidetes_938_1_tp_2, Cryptophyta_15_2_tp_2, Cyanobacteria_85_1_tp_2, Dinoflagellata_1542_1_tp_2, Phylum_reps_1954_1_tp_2, Proteobacteria_11428_1_tp_2",0.466624095813559,0.196041096699741
"Dinoflagellata_1009_1","Bacteroidetes_1167_1_tp_2, Chlorophyta__streptophyta_120_1_tp_2, Cyanobacteria_73_1_tp_2, Dinoflagellata_1542_1_tp_2, Dinoflagellata_874_1_tp_2, Proteobacteria_11190_1_tp_2, Proteobacteria_11210_1_tp_2, Proteobacteria_7983_4_tp_2, Proteobacteria_8177_1_tp_2",0.450877693857729,0.222201880145197
"Dinoflagellata_1009_1","Ciliophora_403_1_tp_2, Dinoflagellata_1010_1_tp_2, Dinoflagellata_1017_1_tp_2, Dinoflagellata_1098_1_tp_2, Dinoflagellata_1198_1_tp_2, Dinoflagellata_1658_1_tp_2, Proteobacteria_7289_1_tp_2, Proteobacteria_8177_2_tp_2, Radiolaria_104_1_tp_2",0.552352263986859,0.186631155711022
"Dinoflagellata_1009_1","Bacteroidetes_1151_1_tp_2, Ciliophora_1195_1_tp_2, Cryptophyta_108_1_tp_2, Dinoflagellata_1968_1_tp_2, Planctomycetes_27_1_tp_2, Proteobacteria_11429_3_tp_2, Proteobacteria_7231_1_tp_2, Proteobacteria_8176_2_tp_2, Verrucomicrobia_18_1_tp_2",0.557416125350286,0.190142673480615
"Dinoflagellata_1009_1","Bacillariophyta_44_1_tp_2, Bacteroidetes_1349_1_tp_2, Bacteroidetes_918_2_tp_2, Chlorophyta__streptophyta_895_1_tp_2, Dictyochophyceae_6_1_tp_2, Katablepharidophyta_7_1_tp_2, Proteobacteria_11120_1_tp_2, Proteobacteria_11431_2_tp_2, Proteobacteria_9681_1_tp_2",0.571263515409458,0.183354523725423
"Dinoflagellata_1009_1","Archaea_179_1_tp_2, Bacteroidetes_919_3_tp_2, Cryptophyta_15_2_tp_2, Dinoflagellata_1198_1_tp_2, Dinoflagellata_1555_1_tp_2, Dinoflagellata_1771_2_tp_2, Planctomycetes_27_1_tp_2, Proteobacteria_7295_1_tp_2, Verrucomicrobia_23_1_tp_2",0.477520392325322,0.204443687812066
"Dinoflagellata_1009_1","Bacteroidetes_1204_1_tp_2, Bacteroidetes_918_2_tp_2, Cyanobacteria_85_1_tp_2, Div_reps_1600_2_tp_2, Proteobacteria_11120_1_tp_2, Proteobacteria_11190_1_tp_2, Proteobacteria_7100_1_tp_2, Proteobacteria_7313_1_tp_2, Radiolaria_104_1_tp_2",0.514287186018305,0.190068248966341
"Dinoflagellata_1009_1","Archaea_179_1_tp_2, Bacteroidetes_1166_2_tp_2, Bacteroidetes_918_2_tp_2, Bacteroidetes_919_2_tp_2, Dinoflagellata_1771_1_tp_2, Planctomycetes_34_1_tp_2, Proteobacteria_7295_1_tp_2, Proteobacteria_7983_1_tp_2, Verrucomicrobia_18_2_tp_2",0.50827092948455,0.202545968396988
"Dinoflagellata_1009_1","Bacteroidetes_1360_4_tp_2, Bacteroidetes_918_2_tp_2, Chlorophyta__streptophyta_833_1_tp_2, Ciliophora_280_1_tp_2, Cryptophyta_15_2_tp_2, Dictyochophyceae_6_1_tp_2, Dinoflagellata_1862_1_tp_2, Haptophyta_148_1_tp_2, Proteobacteria_8176_2_tp_2",0.413447324130207,0.222054286840977
"Dinoflagellata_1009_1","Bacteroidetes_129_2_tp_2, Bacteroidetes_1349_1_tp_2, Bacteroidetes_1360_2_tp_2, Chlorophyta__streptophyta_845_1_tp_2, Proteobacteria_10091_1_tp_2, Proteobacteria_7230_1_tp_2, Proteobacteria_9681_1_tp_2, Proteobacteria_9681_2_tp_2, Verrucomicrobia_22_2_tp_2",0.543437419918405,0.194247978396618
"Dinoflagellata_1009_1","Bacillariophyta_29_1_tp_2, Bacteroidetes_129_1_tp_2, Bacteroidetes_317_1_tp_2, Bacteroidetes_918_1_tp_2, Dinoflagellata_1728_1_tp_2, Dinoflagellata_955_1_tp_2, Proteobacteria_10168_1_tp_2, Proteobacteria_11190_1_tp_2, Proteobacteria_11429_1_tp_2",0.4994039637718,0.201023306757385
"Dinoflagellata_1009_1","Actinobacteria_410_2_tp_2, Bacteroidetes_1360_3_tp_2, Bacteroidetes_938_1_tp_2, Chlorophyta__streptophyta_833_1_tp_2, Cyanobacteria_65_1_tp_2, Dinoflagellata_982_1_tp_2, Picozoa_6_1_tp_2, Proteobacteria_11431_1_tp_2, Pseudofungi_43_1_tp_2",0.497694936773464,0.214557418934179
"Dinoflagellata_1009_1","Dinoflagellata_1198_1_tp_2, Proteobacteria_10114_1_tp_2, Proteobacteria_11210_2_tp_2, Proteobacteria_5436_1_tp_2, Proteobacteria_7313_1_tp_2, Proteobacteria_8177_1_tp_2, Proteobacteria_8177_2_tp_2, Rhodophyta_506_1_tp_2, Verrucomicrobia_18_4_tp_2",0.493285457652882,0.200464508656056
"Dinoflagellata_1009_1","Bacillariophyta_100_1_tp_2, Chrysophyceae_16_1_tp_2, Dinoflagellata_1728_2_tp_2, Haptophyta_148_1_tp_2, Proteobacteria_11120_1_tp_2, Proteobacteria_11428_1_tp_2, Proteobacteria_22_1_tp_2, Proteobacteria_5461_1_tp_2, Verrucomicrobia_18_2_tp_2",0.589336825217313,0.180686687094492
"Dinoflagellata_1009_1","Bacillariophyta_31_1_tp_2, Bacillariophyta_44_1_tp_2, Bacteroidetes_1360_5_tp_2, Bacteroidetes_918_4_tp_2, Dinoflagellata_874_1_tp_2, Picozoa_6_1_tp_2, Proteobacteria_7983_7_tp_2, Proteobacteria_9681_1_tp_2, Verrucomicrobia_18_3_tp_2",0.393680237122172,0.229828111788376
"Dinoflagellata_1009_1","Actinobacteria_410_1_tp_2, Bacteroidetes_919_1_tp_2, Ciliophora_234_1_tp_2, Cyanobacteria_65_1_tp_2, Dictyochophyceae_6_1_tp_2, Dinoflagellata_1542_1_tp_2, Planctomycetes_34_1_tp_2, Proteobacteria_7100_1_tp_2, Proteobacteria_7364_1_tp_2",0.536427047727435,0.199878191332978
"Dinoflagellata_1009_1","Bacteroidetes_1224_1_tp_2, Bacteroidetes_1235_1_tp_2, Bacteroidetes_1349_1_tp_2, Cercozoa_22_1_tp_2, Cercozoa_395_1_tp_2, Cryptophyta_108_1_tp_2, Dinoflagellata_1010_1_tp_2, Proteobacteria_11429_2_tp_2, Proteobacteria_7314_1_tp_2",0.522902026552732,0.194839780496856
"Dinoflagellata_1009_1","Bacteroidetes_1166_2_tp_2, Bacteroidetes_129_1_tp_2, Bacteroidetes_1349_1_tp_2, Bacteroidetes_918_4_tp_2, Ciliophora_280_1_tp_2, Dinoflagellata_1728_2_tp_2, Proteobacteria_11155_2_tp_2, Proteobacteria_11429_1_tp_2, Proteobacteria_7289_1_tp_2",0.466255269098647,0.202634595545692
"Dinoflagellata_1009_1","Archaea_164_1_tp_2, Archaea_164_2_tp_2, Bacteroidetes_317_1_tp_2, Bacteroidetes_918_5_tp_2, Ciliophora_1195_1_tp_2, Dinoflagellata_1749_1_tp_2, Dinoflagellata_982_1_tp_2, Perkinsea_44_1_tp_2, temperature_tp_2",0.592402736903154,0.183702125305105
"Dinoflagellata_1009_1","Bacteroidetes_1235_1_tp_2, Bacteroidetes_1360_3_tp_2, Bacteroidetes_918_4_tp_2, Dinoflagellata_1017_1_tp_2, Dinoflagellata_1658_1_tp_2, Div_reps_1600_2_tp_2, Proteobacteria_11429_4_tp_2, Proteobacteria_7983_8_tp_2, Verrucomicrobia_18_4_tp_2",0.54030068490031,0.190642222886164
"Dinoflagellata_1009_1","Bacteroidetes_1167_1_tp_2, Bacteroidetes_919_2_tp_2, Bacteroidetes_956_1_tp_2, Chlorophyta__streptophyta_895_1_tp_2, Div_reps_1600_1_tp_2, Planctomycetes_34_1_tp_2, Proteobacteria_7230_3_tp_2, Proteobacteria_7295_1_tp_2, Verrucomicrobia_23_1_tp_2",0.522954778423347,0.195543759409553
"Dinoflagellata_1009_1","Bacteroidetes_956_1_tp_2, Chlorophyta__streptophyta_848_1_tp_2, Dinoflagellata_1198_1_tp_2, Dinoflagellata_1771_2_tp_2, Dinoflagellata_1862_1_tp_2, Div_reps_2942_1_tp_2, Proteobacteria_7316_1_tp_2, Proteobacteria_7983_7_tp_2, Proteobacteria_8177_1_tp_2",0.492000137979917,0.20134292298728
"Dinoflagellata_1009_1","Bacteroidetes_1249_1_tp_2, Bacteroidetes_131_1_tp_2, Bacteroidetes_918_3_tp_2, Cyanobacteria_73_1_tp_2, Dinoflagellata_1728_2_tp_2, Dinoflagellata_1793_1_tp_2, Proteobacteria_7295_1_tp_2, Proteobacteria_7313_1_tp_2, Verrucomicrobia_23_1_tp_2",0.564803736108344,0.18640994839884
"Dinoflagellata_1009_1","Bacteroidetes_918_2_tp_2, Chlorophyta__streptophyta_845_1_tp_2, Cyanobacteria_65_1_tp_2, Dinoflagellata_1496_1_tp_2, Dinoflagellata_955_1_tp_2, Nitrospirae_9_1_tp_2, Perkinsea_44_1_tp_2, Proteobacteria_7230_2_tp_2, Verrucomicrobia_18_2_tp_2",0.509432126582597,0.206022607437137
"Dinoflagellata_1009_1","Actinobacteria_410_2_tp_2, Bacteroidetes_1204_1_tp_2, Bacteroidetes_1360_5_tp_2, Div_reps_1600_1_tp_2, Proteobacteria_11210_1_tp_2, Proteobacteria_11210_2_tp_2, Proteobacteria_11431_2_tp_2, Proteobacteria_7166_1_tp_2, Proteobacteria_7295_1_tp_2",0.623662640934645,0.177301153767876
"Dinoflagellata_1009_1","Bacillariophyta_138_1_tp_2, Bacteroidetes_918_2_tp_2, Bacteroidetes_919_3_tp_2, Ciliophora_298_1_tp_2, Div_reps_2942_1_tp_2, Proteobacteria_7230_2_tp_2, Proteobacteria_7295_1_tp_2, Proteobacteria_7313_1_tp_2, Raphidophyceae_3_1_tp_2",0.501132051642149,0.208423450671449
"Dinoflagellata_1009_1","Bacteroidetes_1194_1_tp_2, Bacteroidetes_129_1_tp_2, Bacteroidetes_1360_4_tp_2, Bacteroidetes_918_5_tp_2, Cryptophyta_15_1_tp_2, Phylum_reps_1954_1_tp_2, Phylum_reps_1985_1_tp_2, Proteobacteria_5461_1_tp_2, Proteobacteria_8185_1_tp_2",0.590001450289154,0.179859189695644
"Dinoflagellata_1009_1","Archaea_164_2_tp_2, Bacteroidetes_1178_1_tp_2, Bacteroidetes_1360_2_tp_2, Chlorophyta__streptophyta_845_1_tp_2, Div_reps_2942_1_tp_2, Proteobacteria_11155_2_tp_2, Proteobacteria_7982_2_tp_2, Verrucomicrobia_18_4_tp_2, Verrucomicrobia_23_1_tp_2",0.566605119704287,0.184125785415156
"Dinoflagellata_1009_1","Bacteroidetes_1204_1_tp_2, Chlorophyta__streptophyta_848_1_tp_2, Cyanobacteria_73_1_tp_2, Dinoflagellata_1658_1_tp_2, Dinoflagellata_1728_1_tp_2, Dinoflagellata_1771_2_tp_2, Perkinsea_44_1_tp_2, Proteobacteria_7982_2_tp_2, Proteobacteria_8178_1_tp_2",0.582512581676642,0.181523154506312
"Dinoflagellata_1009_1","Bacteroidetes_1178_1_tp_2, Bacteroidetes_1204_1_tp_2, Bacteroidetes_131_1_tp_2, Chlorophyta__streptophyta_732_1_tp_2, Proteobacteria_11155_1_tp_2, Proteobacteria_11155_2_tp_2, Proteobacteria_7230_1_tp_2, Proteobacteria_8520_1_tp_2, Proteobacteria_9681_2_tp_2",0.390012343990385,0.198119506061372
"Dinoflagellata_1009_1","Bacteroidetes_1186_1_tp_2, Bacteroidetes_1360_2_tp_2, Haptophyta_203_1_tp_2, Proteobacteria_11210_1_tp_2, Proteobacteria_11429_3_tp_2, Proteobacteria_11431_2_tp_2, Proteobacteria_8185_1_tp_2, Proteobacteria_8520_1_tp_2, Verrucomicrobia_23_1_tp_2",0.609579150635658,0.19166803651038
"Dinoflagellata_1009_1","Archaea_179_1_tp_2, Bacteroidetes_1166_1_tp_2, Ciliophora_451_1_tp_2, Proteobacteria_11429_3_tp_2, Proteobacteria_7231_1_tp_2, Proteobacteria_7289_1_tp_2, Proteobacteria_7295_1_tp_2, Proteobacteria_9649_1_tp_2, Verrucomicrobia_18_1_tp_2",0.587682836143142,0.183006017825081
"Dinoflagellata_1009_1","Actinobacteria_410_1_tp_2, Bacillariophyta_123_1_tp_2, Bacteroidetes_1360_1_tp_2, Bacteroidetes_1360_3_tp_2, Chlorophyta__streptophyta_732_1_tp_2, Dinoflagellata_1711_1_tp_2, Dinoflagellata_1862_1_tp_2, Proteobacteria_11431_1_tp_2, Proteobacteria_7982_1_tp_2",0.566844447636611,0.202717211418115
"Dinoflagellata_1009_1","Bacteroidetes_1235_1_tp_2, Dinoflagellata_1014_1_tp_2, Dinoflagellata_1542_1_tp_2, Dinoflagellata_1769_1_tp_2, Dinoflagellata_955_1_tp_2, Proteobacteria_11190_1_tp_2, Proteobacteria_7982_2_tp_2, Proteobacteria_9681_2_tp_2, Verrucomicrobia_22_2_tp_2",0.452945106383418,0.19842963977371
"Dinoflagellata_1009_1","Ciliophora_298_1_tp_2, Div_reps_1600_2_tp_2, Nitrospirae_9_1_tp_2, Phylum_reps_1954_1_tp_2, Proteobacteria_10091_1_tp_2, Proteobacteria_7100_1_tp_2, Proteobacteria_7230_3_tp_2, Proteobacteria_8178_1_tp_2, Verrucomicrobia_18_1_tp_2",0.477581980771312,0.199572383316361
"Dinoflagellata_1009_1","Bacteroidetes_1360_1_tp_2, Chlorophyta__streptophyta_120_1_tp_2, Chlorophyta__streptophyta_845_1_tp_2, Cryptophyta_15_2_tp_2, Cyanobacteria_48_1_tp_2, Dinoflagellata_1769_1_tp_2, Div_reps_1600_1_tp_2, Proteobacteria_10114_1_tp_2, Proteobacteria_7289_1_tp_2",0.62814703026215,0.17671023193031
"Dinoflagellata_1009_1","Bacillariophyta_196_1_tp_2, Dinoflagellata_874_1_tp_2, Proteobacteria_11210_2_tp_2, Proteobacteria_5436_1_tp_2, Proteobacteria_7230_2_tp_2, Proteobacteria_7230_3_tp_2, Proteobacteria_7364_1_tp_2, Proteobacteria_8185_1_tp_2, Sagenista_53_1_tp_2",0.532917830374897,0.202607874280455
"Dinoflagellata_1009_1","Actinobacteria_410_1_tp_2, Bacteroidetes_129_1_tp_2, Bacteroidetes_918_3_tp_2, Chlorophyta__streptophyta_833_1_tp_2, Dinoflagellata_1198_1_tp_2, Planctomycetes_61_1_tp_2, Proteobacteria_11429_4_tp_2, Proteobacteria_8177_1_tp_2, Radiolaria_104_1_tp_2",0.547204124844226,0.21402682478447
"Dinoflagellata_1009_1","Bacteroidetes_129_2_tp_2, Chlorophyta__streptophyta_833_1_tp_2, Ciliophora_280_1_tp_2, Dictyochophyceae_6_1_tp_2, Dinoflagellata_1014_1_tp_2, Dinoflagellata_1758_1_tp_2, Phylum_reps_1954_1_tp_2, Proteobacteria_11429_2_tp_2, Proteobacteria_6384_1_tp_2",0.442373841302877,0.211616166944642
"Dinoflagellata_1009_1","Actinobacteria_410_2_tp_2, Bacteroidetes_1166_1_tp_2, Bacteroidetes_317_1_tp_2, Proteobacteria_11429_3_tp_2, Proteobacteria_5461_1_tp_2, Proteobacteria_7230_3_tp_2, Proteobacteria_7316_1_tp_2, Proteobacteria_7787_1_tp_2, Verrucomicrobia_18_3_tp_2",0.498661332996475,0.198000127120523
"Dinoflagellata_1009_1","Bacteroidetes_918_4_tp_2, Cercozoa_395_1_tp_2, Ciliophora_234_1_tp_2, Dinoflagellata_1017_1_tp_2, Dinoflagellata_1862_1_tp_2, Proteobacteria_11431_1_tp_2, Proteobacteria_22_1_tp_2, Proteobacteria_7100_1_tp_2, Proteobacteria_7230_2_tp_2",0.557076878276323,0.183854172896194
"Dinoflagellata_1009_1","Actinobacteria_410_1_tp_2, Bacillariophyta_100_1_tp_2, Bacteroidetes_1178_1_tp_2, Bacteroidetes_129_2_tp_2, Bacteroidetes_918_3_tp_2, Ciliophora_403_1_tp_2, Proteobacteria_11120_1_tp_2, Proteobacteria_7100_1_tp_2, Proteobacteria_8177_2_tp_2",0.57279066054153,0.18326571466566
"Dinoflagellata_1009_1","Bacillariophyta_219_1_tp_2, Bacteroidetes_1249_1_tp_2, Chlorophyta__streptophyta_895_1_tp_2, Dinoflagellata_1017_1_tp_2, Dinoflagellata_1555_1_tp_2, Dinoflagellata_1658_1_tp_2, Div_reps_2942_1_tp_2, Proteobacteria_7982_1_tp_2, Proteobacteria_8520_1_tp_2",0.62067157638412,0.178166514782036
"Dinoflagellata_1009_1","Archaea_179_1_tp_2, Bacteroidetes_1151_1_tp_2, Bacteroidetes_1166_1_tp_2, Bacteroidetes_918_5_tp_2, Bacteroidetes_919_2_tp_2, Ciliophora_1195_1_tp_2, Picozoa_18_1_tp_2, Proteobacteria_5461_1_tp_2, temperature_tp_2",0.569544976374455,0.191452595432075
"Dinoflagellata_1009_1","Bacteroidetes_1235_1_tp_2, Bacteroidetes_1264_1_tp_2, Ciliophora_234_1_tp_2, Ciliophora_280_1_tp_2, Dinoflagellata_1769_1_tp_2, Katablepharidophyta_7_1_tp_2, Perkinsea_33_1_tp_2, Picozoa_6_1_tp_2, Proteobacteria_11210_1_tp_2",0.476367442026745,0.202695115520173
"Dinoflagellata_1009_1","Bacillariophyta_29_1_tp_2, Cercozoa_22_1_tp_2, Dinoflagellata_1198_1_tp_2, Dinoflagellata_1771_2_tp_2, Proteobacteria_10114_1_tp_2, Proteobacteria_11429_4_tp_2, Proteobacteria_7364_1_tp_2, Proteobacteria_8177_2_tp_2, Proteobacteria_8178_1_tp_2",0.558798614524563,0.191107165510062
"Dinoflagellata_1009_1","Bacteroidetes_317_1_tp_2, Bacteroidetes_918_2_tp_2, Chlorophyta__streptophyta_848_1_tp_2, Chrysophyceae_16_1_tp_2, Ciliophora_1195_1_tp_2, Dinoflagellata_1555_1_tp_2, Phylum_reps_1985_1_tp_2, Planctomycetes_61_1_tp_2, Proteobacteria_11431_1_tp_2",0.494728537284106,0.198303465711204
"Dinoflagellata_1009_1","Bacteroidetes_956_1_tp_2, Katablepharidophyta_7_1_tp_2, Picozoa_6_1_tp_2, Planctomycetes_34_1_tp_2, Proteobacteria_10168_1_tp_2, Proteobacteria_11429_1_tp_2, Proteobacteria_8185_1_tp_2, Sagenista_61_1_tp_2, Verrucomicrobia_22_2_tp_2",0.64121577613499,0.182212200235981
"Dinoflagellata_1009_1","Bacillariophyta_138_1_tp_2, Bacillariophyta_196_1_tp_2, Bacteroidetes_1178_1_tp_2, Bacteroidetes_1264_1_tp_2, Dinoflagellata_1098_1_tp_2, Dinoflagellata_1771_1_tp_2, Proteobacteria_7230_3_tp_2, Proteobacteria_7983_3_tp_2, Proteobacteria_7983_6_tp_2",0.504087596348197,0.196457088530403
"Dinoflagellata_1009_1","Bacteroidetes_1224_1_tp_2, Chlorophyta__streptophyta_895_1_tp_2, Ciliophora_234_1_tp_2, Ciliophora_298_1_tp_2, Dinoflagellata_1198_1_tp_2, Haptophyta_203_1_tp_2, Proteobacteria_7230_1_tp_2, Radiolaria_104_1_tp_2, Sagenista_53_1_tp_2",0.460520807075199,0.210266905500639
"Dinoflagellata_1009_1","Actinobacteria_410_1_tp_2, Bacteroidetes_1166_2_tp_2, Bacteroidetes_918_5_tp_2, Bacteroidetes_919_1_tp_2, Cercozoa_23_1_tp_2, Ciliophora_1195_1_tp_2, Planctomycetes_27_1_tp_2, Proteobacteria_7289_1_tp_2, Proteobacteria_8175_1_tp_2",0.596412730071428,0.187408586683664
"Dinoflagellata_1009_1","Archaea_164_2_tp_2, Bacillariophyta_219_1_tp_2, Dinoflagellata_1010_1_tp_2, Phylum_reps_1985_1_tp_2, Planctomycetes_61_1_tp_2, Proteobacteria_22_1_tp_2, Proteobacteria_8175_1_tp_2, Proteobacteria_9681_1_tp_2, Verrucomicrobia_23_1_tp_2",0.583449318730983,0.189464848370396
"Dinoflagellata_1009_1","Bacteroidetes_317_1_tp_2, Bacteroidetes_918_2_tp_2, Chlorophyta__streptophyta_845_1_tp_2, Dinoflagellata_1862_1_tp_2, Div_reps_1600_2_tp_2, Pseudofungi_43_1_tp_2, Verrucomicrobia_18_1_tp_2, Verrucomicrobia_18_2_tp_2, Verrucomicrobia_22_1_tp_2",0.510555074076668,0.196086062661306
"Dinoflagellata_1009_1","Bacteroidetes_1151_1_tp_2, Bacteroidetes_1360_2_tp_2, Chlorophyta__streptophyta_751_1_tp_2, Dinoflagellata_1728_1_tp_2, Dinoflagellata_1749_1_tp_2, Dinoflagellata_874_1_tp_2, Perkinsea_44_1_tp_2, Proteobacteria_8176_1_tp_2, Raphidophyceae_3_1_tp_2",0.563453971681118,0.190442529962988
"Dinoflagellata_1009_1","Bacteroidetes_1151_1_tp_2, Bacteroidetes_1166_2_tp_2, Bacteroidetes_918_5_tp_2, Katablepharidophyta_7_1_tp_2, Proteobacteria_7166_1_tp_2, Proteobacteria_7230_2_tp_2, Proteobacteria_7364_1_tp_2, Proteobacteria_7982_2_tp_2, Proteobacteria_9681_2_tp_2",0.225208064457122,0.233320934990565
"Dinoflagellata_1009_1","Bacillariophyta_44_1_tp_2, Bacteroidetes_918_5_tp_2, Cercozoa_395_1_tp_2, Dinoflagellata_982_1_tp_2, Picozoa_18_1_tp_2, Planctomycetes_61_1_tp_2, Proteobacteria_7230_3_tp_2, Proteobacteria_7983_3_tp_2, Proteobacteria_7983_4_tp_2",0.489277807813807,0.194613886905485
"Dinoflagellata_1009_1","Bacteroidetes_1167_1_tp_2, Cercozoa_23_1_tp_2, Chlorophyta__streptophyta_751_1_tp_2, Dinoflagellata_1010_1_tp_2, Dinoflagellata_1542_1_tp_2, Div_reps_1600_2_tp_2, Proteobacteria_11155_1_tp_2, Proteobacteria_7787_1_tp_2, Pseudofungi_43_1_tp_2",0.4358677236323,0.189457791254347
"Dinoflagellata_1009_1","Bacteroidetes_918_4_tp_2, Dictyochophyceae_6_1_tp_2, Haptophyta_203_1_tp_2, Proteobacteria_11428_1_tp_2, Proteobacteria_6384_1_tp_2, Proteobacteria_7174_1_tp_2, Proteobacteria_7230_3_tp_2, Proteobacteria_7983_1_tp_2, Raphidophyceae_3_1_tp_2",0.433670094465704,0.212413450026204
"Dinoflagellata_1009_1","Archaea_164_1_tp_2, Bacteroidetes_938_1_tp_2, Bacteroidetes_956_1_tp_2, Chlorophyta__streptophyta_845_1_tp_2, Ciliophora_1195_1_tp_2, Cryptophyta_15_2_tp_2, Dinoflagellata_1496_1_tp_2, Proteobacteria_11155_2_tp_2, Proteobacteria_8177_1_tp_2",0.585879516492011,0.185110781707255
"Dinoflagellata_1009_1","Actinobacteria_410_2_tp_2, Bacteroidetes_918_3_tp_2, Dinoflagellata_1711_1_tp_2, Dinoflagellata_1758_1_tp_2, Dinoflagellata_1793_1_tp_2, Div_reps_1600_2_tp_2, Proteobacteria_5436_1_tp_2, Proteobacteria_5461_1_tp_2, Proteobacteria_7364_1_tp_2",0.58341874766863,0.195358586512017
"Dinoflagellata_1009_1","Actinobacteria_410_1_tp_2, Archaea_164_1_tp_2, Bacteroidetes_1166_2_tp_2, Dinoflagellata_1728_1_tp_2, Planctomycetes_61_1_tp_2, Proteobacteria_10114_1_tp_2, Proteobacteria_11431_1_tp_2, Proteobacteria_7983_1_tp_2, Proteobacteria_9649_1_tp_2",0.558282239695171,0.196447465059024
"Dinoflagellata_1009_1","Bacteroidetes_1264_1_tp_2, Bacteroidetes_918_5_tp_2, Chlorophyta__streptophyta_120_1_tp_2, Chlorophyta__streptophyta_732_1_tp_2, Ciliophora_403_1_tp_2, Dinoflagellata_1769_1_tp_2, Proteobacteria_10091_1_tp_2, Proteobacteria_11429_2_tp_2, Radiolaria_104_1_tp_2",0.50235173363116,0.206830145723762
"Dinoflagellata_1009_1","Bacteroidetes_1264_1_tp_2, Bacteroidetes_918_2_tp_2, Cercozoa_23_1_tp_2, Chlorophyta__streptophyta_751_1_tp_2, Proteobacteria_10091_1_tp_2, Proteobacteria_6847_1_tp_2, Proteobacteria_7983_3_tp_2, Proteobacteria_8520_1_tp_2, Verrucomicrobia_22_1_tp_2",0.578670525321364,0.183104868291535
"Dinoflagellata_1009_1","Bacteroidetes_938_1_tp_2, Ciliophora_1195_1_tp_2, Dinoflagellata_124_1_tp_2, Dinoflagellata_1555_1_tp_2, Dinoflagellata_1728_2_tp_2, Dinoflagellata_874_1_tp_2, Dinoflagellata_982_1_tp_2, Proteobacteria_7982_2_tp_2, Proteobacteria_7983_7_tp_2",0.56276871569435,0.183145092125598
"Dinoflagellata_1009_1","Actinobacteria_410_2_tp_2, Bacteroidetes_1249_1_tp_2, Bacteroidetes_129_2_tp_2, Bacteroidetes_131_1_tp_2, Bacteroidetes_317_1_tp_2, Bacteroidetes_919_1_tp_2, Chlorophyta__streptophyta_732_1_tp_2, Chlorophyta__streptophyta_833_1_tp_2, Proteobacteria_7983_4_tp_2",0.416486570664849,0.213124956676615
"Dinoflagellata_1009_1","Chlorophyta__streptophyta_895_1_tp_2, Dinoflagellata_1728_1_tp_2, Proteobacteria_11155_1_tp_2, Proteobacteria_7982_2_tp_2, Proteobacteria_7983_3_tp_2, Proteobacteria_8175_1_tp_2, Proteobacteria_8178_1_tp_2, Proteobacteria_8520_1_tp_2, Proteobacteria_9649_1_tp_2",0.526598902281581,0.188059154277118
"Dinoflagellata_1009_1","Bacillariophyta_138_1_tp_2, Cercozoa_291_1_tp_2, Dinoflagellata_1014_1_tp_2, Dinoflagellata_1771_1_tp_2, Katablepharidophyta_7_1_tp_2, Proteobacteria_11428_1_tp_2, Proteobacteria_7166_1_tp_2, Proteobacteria_7230_3_tp_2, Proteobacteria_7982_2_tp_2",0.438391549596801,0.191307357767138
"Dinoflagellata_1009_1","Bacteroidetes_1360_5_tp_2, Cercozoa_395_1_tp_2, Dinoflagellata_1555_1_tp_2, Dinoflagellata_1968_1_tp_2, Picozoa_18_1_tp_2, Proteobacteria_11429_4_tp_2, Proteobacteria_7166_1_tp_2, Proteobacteria_8177_1_tp_2, temperature_tp_2",0.443878176867232,0.201646101855732
"Dinoflagellata_1009_1","Bacteroidetes_1360_2_tp_2, Cercozoa_23_1_tp_2, Cercozoa_395_1_tp_2, Div_reps_2942_1_tp_2, Phylum_reps_1954_1_tp_2, Proteobacteria_11429_3_tp_2, Proteobacteria_11429_4_tp_2, Proteobacteria_8176_2_tp_2, Verrucomicrobia_18_3_tp_2",0.560941907179327,0.181029425534298
"Dinoflagellata_1009_1","Archaea_164_2_tp_2, Bacteroidetes_1194_1_tp_2, Bacteroidetes_1360_3_tp_2, Cryptophyta_108_1_tp_2, Cryptophyta_15_1_tp_2, Phylum_reps_1985_1_tp_2, Proteobacteria_5436_1_tp_2, Proteobacteria_7787_1_tp_2, Raphidophyceae_3_1_tp_2",0.580949466926475,0.210185598616564
"Dinoflagellata_1009_1","Archaea_164_2_tp_2, Bacillariophyta_44_1_tp_2, Bacteroidetes_317_1_tp_2, Dinoflagellata_1098_1_tp_2, Div_reps_2942_1_tp_2, Proteobacteria_7319_1_tp_2, Proteobacteria_7982_2_tp_2, Pseudofungi_43_1_tp_2, Verrucomicrobia_18_4_tp_2",0.415153214958561,0.207779169003425
"Dinoflagellata_1009_1","Bacillariophyta_138_1_tp_2, Bacteroidetes_918_4_tp_2, Bacteroidetes_919_3_tp_2, Proteobacteria_10091_1_tp_2, Proteobacteria_11429_3_tp_2, Proteobacteria_7230_1_tp_2, Proteobacteria_7319_1_tp_2, Proteobacteria_9681_2_tp_2, Verrucomicrobia_18_2_tp_2",0.475838837587138,0.200417071428891
"Dinoflagellata_1009_1","Bacillariophyta_100_1_tp_2, Cyanobacteria_48_1_tp_2, Dinoflagellata_1014_1_tp_2, Proteobacteria_10091_1_tp_2, Proteobacteria_11429_1_tp_2, Proteobacteria_11429_3_tp_2, Proteobacteria_7983_7_tp_2, Proteobacteria_8185_1_tp_2, Proteobacteria_9649_1_tp_2",0.509865861515461,0.202292756902096
"Dinoflagellata_1009_1","Archaea_164_1_tp_2, Bacteroidetes_1249_1_tp_2, Bacteroidetes_1349_1_tp_2, Katablepharidophyta_7_1_tp_2, Planctomycetes_27_1_tp_2, Proteobacteria_11155_1_tp_2, Proteobacteria_22_1_tp_2, Proteobacteria_7295_1_tp_2, Verrucomicrobia_18_4_tp_2",0.513568141535523,0.193130615751167
"Dinoflagellata_1009_1","Bacteroidetes_1224_1_tp_2, Bacteroidetes_131_1_tp_2, Cryptophyta_108_1_tp_2, Dinoflagellata_1862_1_tp_2, Div_reps_2942_1_tp_2, Katablepharidophyta_7_1_tp_2, Proteobacteria_7231_1_tp_2, Proteobacteria_7983_6_tp_2, Proteobacteria_8177_1_tp_2",0.559774774503631,0.191687528529008
"Dinoflagellata_1009_1","Bacillariophyta_196_1_tp_2, Bacillariophyta_44_1_tp_2, Bacteroidetes_1194_1_tp_2, Bacteroidetes_129_1_tp_2, Ciliophora_298_1_tp_2, Cryptophyta_15_2_tp_2, Cyanobacteria_85_1_tp_2, Dinoflagellata_1728_1_tp_2, Proteobacteria_7230_3_tp_2",0.437850935530046,0.201214916104947
"Dinoflagellata_1009_1","Bacteroidetes_1360_3_tp_2, Div_reps_1600_1_tp_2, Lobosa_11_1_tp_2, Proteobacteria_6384_1_tp_2, Proteobacteria_7982_1_tp_2, Proteobacteria_7983_4_tp_2, Proteobacteria_7984_1_tp_2, Proteobacteria_8176_2_tp_2, Proteobacteria_9681_2_tp_2",0.55323317854529,0.187744913401436
"Dinoflagellata_1009_1","Bacteroidetes_1166_2_tp_2, Bacteroidetes_1235_1_tp_2, Cercozoa_395_1_tp_2, Dinoflagellata_874_1_tp_2, Div_reps_1600_1_tp_2, Proteobacteria_7983_8_tp_2, Proteobacteria_8177_2_tp_2, Proteobacteria_9681_2_tp_2, Radiolaria_104_1_tp_2",0.509389676706999,0.18963832089434
"Dinoflagellata_1009_1","Bacillariophyta_123_1_tp_2, Chlorophyta__streptophyta_120_1_tp_2, Chlorophyta__streptophyta_751_1_tp_2, Dinoflagellata_1769_1_tp_2, Dinoflagellata_874_1_tp_2, Proteobacteria_6384_1_tp_2, Proteobacteria_7787_1_tp_2, Proteobacteria_7983_8_tp_2, Proteobacteria_8520_1_tp_2",0.497237887472005,0.198148384255254
"Dinoflagellata_1009_1","Cercozoa_23_1_tp_2, Cyanobacteria_65_1_tp_2, Dinoflagellata_1758_1_tp_2, Dinoflagellata_982_1_tp_2, Proteobacteria_10168_1_tp_2, Proteobacteria_7313_1_tp_2, Proteobacteria_7983_3_tp_2, Proteobacteria_8176_1_tp_2, Sagenista_61_1_tp_2",0.637747444787148,0.176166617486747
"Dinoflagellata_1009_1","Archaea_164_1_tp_2, Bacillariophyta_29_1_tp_2, Bacteroidetes_1166_2_tp_2, Bacteroidetes_1235_1_tp_2, Dinoflagellata_1749_1_tp_2, Div_reps_2942_1_tp_2, Haptophyta_203_1_tp_2, Proteobacteria_11431_1_tp_2, Proteobacteria_7319_1_tp_2",0.528212704200343,0.196237786909993
"Dinoflagellata_1009_1","Actinobacteria_410_2_tp_2, Cercozoa_22_1_tp_2, Dinoflagellata_1010_1_tp_2, Dinoflagellata_1017_1_tp_2, Proteobacteria_11190_1_tp_2, Proteobacteria_7314_1_tp_2, Proteobacteria_7316_1_tp_2, Proteobacteria_7983_5_tp_2, Proteobacteria_8177_2_tp_2",0.446691742258392,0.202125868761518
"Dinoflagellata_1009_1","Bacillariophyta_100_1_tp_2, Bacillariophyta_123_1_tp_2, Bacteroidetes_131_1_tp_2, Bacteroidetes_317_1_tp_2, Cercozoa_22_1_tp_2, Chlorophyta__streptophyta_833_1_tp_2, Div_reps_1600_1_tp_2, Planctomycetes_61_1_tp_2, Proteobacteria_7983_8_tp_2",0.462763987480735,0.200837558563736
"Dinoflagellata_1009_1","Bacillariophyta_100_1_tp_2, Chlorophyta__streptophyta_751_1_tp_2, Cryptophyta_15_2_tp_2, Haptophyta_148_1_tp_2, Proteobacteria_5436_1_tp_2, Proteobacteria_7166_1_tp_2, Proteobacteria_7230_1_tp_2, Proteobacteria_7230_3_tp_2, Proteobacteria_7314_1_tp_2",0.440191049853913,0.200534736586921
"Dinoflagellata_1009_1","Actinobacteria_410_1_tp_2, Bacillariophyta_219_1_tp_2, Bacillariophyta_44_1_tp_2, Bacteroidetes_1186_1_tp_2, Dictyochophyceae_6_1_tp_2, Dinoflagellata_1658_1_tp_2, Planctomycetes_34_1_tp_2, Proteobacteria_7983_3_tp_2, Proteobacteria_7983_5_tp_2",0.526667143963605,0.193110280690914
"Dinoflagellata_1009_1","Bacteroidetes_1167_1_tp_2, Bacteroidetes_1204_1_tp_2, Bacteroidetes_129_2_tp_2, Dinoflagellata_1862_1_tp_2, Perkinsea_33_1_tp_2, Phylum_reps_1985_1_tp_2, Proteobacteria_10091_1_tp_2, Proteobacteria_5436_1_tp_2, Raphidophyceae_3_1_tp_2",0.511013354186602,0.193553373392881
"Dinoflagellata_1009_1","Bacillariophyta_29_1_tp_2, Bacteroidetes_1186_1_tp_2, Dinoflagellata_1769_1_tp_2, Dinoflagellata_1968_1_tp_2, Lobosa_11_1_tp_2, Proteobacteria_11190_1_tp_2, Proteobacteria_11429_2_tp_2, Proteobacteria_7174_1_tp_2, Verrucomicrobia_18_1_tp_2",0.550692892394768,0.186664150179322
"Dinoflagellata_1009_1","Bacteroidetes_1194_1_tp_2, Bacteroidetes_1360_1_tp_2, Haptophyta_203_1_tp_2, Picozoa_6_1_tp_2, Proteobacteria_11155_1_tp_2, Proteobacteria_7100_1_tp_2, Proteobacteria_7230_1_tp_2, Proteobacteria_7983_8_tp_2, Proteobacteria_7984_1_tp_2",0.531316008870879,0.190322442156805
"Dinoflagellata_1009_1","Bacillariophyta_138_1_tp_2, Bacteroidetes_129_1_tp_2, Chlorophyta__streptophyta_845_1_tp_2, Ciliophora_280_1_tp_2, Dinoflagellata_1010_1_tp_2, Proteobacteria_11429_4_tp_2, Proteobacteria_7174_1_tp_2, Proteobacteria_8177_1_tp_2, Proteobacteria_8177_2_tp_2",0.468356003280908,0.208511870864764
"Dinoflagellata_1009_1","Bacteroidetes_1360_1_tp_2, Bacteroidetes_1360_4_tp_2, Bacteroidetes_938_1_tp_2, Dinoflagellata_1014_1_tp_2, Dinoflagellata_1555_1_tp_2, Dinoflagellata_1728_2_tp_2, Nitrospirae_9_1_tp_2, Proteobacteria_7230_2_tp_2, Verrucomicrobia_18_3_tp_2",0.572862908136053,0.187637063388404
"Dinoflagellata_1009_1","Archaea_164_1_tp_2, Bacteroidetes_1360_4_tp_2, Bacteroidetes_918_2_tp_2, Cercozoa_395_1_tp_2, Nitrospirae_9_1_tp_2, Phylum_reps_1954_1_tp_2, Proteobacteria_11210_2_tp_2, Proteobacteria_5436_1_tp_2, Proteobacteria_7983_8_tp_2",0.434743592476604,0.201569894230696
"Dinoflagellata_1009_1","Archaea_164_1_tp_2, Bacteroidetes_918_2_tp_2, Chlorophyta__streptophyta_120_1_tp_2, Ciliophora_1195_1_tp_2, Dinoflagellata_955_1_tp_2, Planctomycetes_27_1_tp_2, Proteobacteria_7314_1_tp_2, Proteobacteria_7982_2_tp_2, Proteobacteria_9649_1_tp_2",0.512819861129417,0.190623148266841
"Dinoflagellata_1009_1","Bacillariophyta_123_1_tp_2, Bacteroidetes_1360_5_tp_2, Bacteroidetes_919_3_tp_2, Cercozoa_23_1_tp_2, Cercozoa_291_1_tp_2, Div_reps_2942_1_tp_2, Proteobacteria_10091_1_tp_2, Proteobacteria_11429_2_tp_2, Proteobacteria_7314_1_tp_2",0.490953755666389,0.214276890102064
"Dinoflagellata_1009_1","Bacteroidetes_1204_1_tp_2, Bacteroidetes_1264_1_tp_2, Bacteroidetes_129_2_tp_2, Bacteroidetes_317_1_tp_2, Dinoflagellata_1728_1_tp_2, Planctomycetes_61_1_tp_2, Proteobacteria_7230_2_tp_2, Proteobacteria_7983_7_tp_2, Proteobacteria_7984_1_tp_2",0.480384615907864,0.202377238775331
"Dinoflagellata_1009_1","Bacteroidetes_1186_1_tp_2, Cyanobacteria_73_1_tp_2, Dinoflagellata_1496_1_tp_2, Dinoflagellata_955_1_tp_2, Perkinsea_33_1_tp_2, Proteobacteria_7319_1_tp_2, Proteobacteria_7983_4_tp_2, Rhodophyta_506_1_tp_2, Verrucomicrobia_23_1_tp_2",0.562766908406582,0.187182239189661
"Dinoflagellata_1009_1","Bacillariophyta_196_1_tp_2, Bacteroidetes_1166_1_tp_2, Bacteroidetes_1204_1_tp_2, Bacteroidetes_1360_5_tp_2, Chlorophyta__streptophyta_751_1_tp_2, Cyanobacteria_85_1_tp_2, Dinoflagellata_1793_1_tp_2, Phylum_reps_1954_1_tp_2, Verrucomicrobia_18_4_tp_2",0.513195412840955,0.193567979695868
"Dinoflagellata_1009_1","Bacteroidetes_1166_1_tp_2, Cercozoa_395_1_tp_2, Chlorophyta__streptophyta_732_1_tp_2, Cyanobacteria_73_1_tp_2, Dinoflagellata_1098_1_tp_2, Dinoflagellata_1198_1_tp_2, Proteobacteria_10168_1_tp_2, Proteobacteria_7166_1_tp_2, Verrucomicrobia_22_1_tp_2",0.423532396577761,0.200908499383486
"Dinoflagellata_1009_1","Archaea_164_2_tp_2, Bacteroidetes_1349_1_tp_2, Bacteroidetes_956_1_tp_2, Chlorophyta__streptophyta_845_1_tp_2, Dinoflagellata_1862_1_tp_2, Proteobacteria_7787_1_tp_2, Proteobacteria_7983_5_tp_2, Proteobacteria_8176_2_tp_2, Proteobacteria_9681_1_tp_2",0.523114709441745,0.197145548906419
"Dinoflagellata_1009_1","Bacteroidetes_1360_1_tp_2, Bacteroidetes_918_2_tp_2, Bacteroidetes_918_4_tp_2, Chlorophyta__streptophyta_732_1_tp_2, Chlorophyta__streptophyta_751_1_tp_2, Dinoflagellata_1658_1_tp_2, Div_reps_1600_2_tp_2, Proteobacteria_11431_2_tp_2, Proteobacteria_22_1_tp_2",0.571641047471139,0.18829881914749
"Dinoflagellata_1009_1","Bacillariophyta_138_1_tp_2, Bacteroidetes_1178_1_tp_2, Bacteroidetes_317_1_tp_2, Bacteroidetes_919_3_tp_2, Chrysophyceae_16_1_tp_2, Proteobacteria_11190_1_tp_2, Proteobacteria_7100_1_tp_2, Proteobacteria_7313_1_tp_2, Proteobacteria_7316_1_tp_2",0.48629309566401,0.198076855680258
"Dinoflagellata_1009_1","Bacteroidetes_1235_1_tp_2, Bacteroidetes_918_1_tp_2, Chrysophyceae_16_1_tp_2, Ciliophora_234_1_tp_2, Div_reps_1600_2_tp_2, Perkinsea_33_1_tp_2, Perkinsea_44_1_tp_2, Proteobacteria_5461_1_tp_2, Verrucomicrobia_23_1_tp_2",0.580424568861914,0.17849841842308
"Dinoflagellata_1009_1","Cercozoa_23_1_tp_2, Dinoflagellata_1098_1_tp_2, Dinoflagellata_1711_1_tp_2, Nitrospirae_9_1_tp_2, Proteobacteria_11429_2_tp_2, Proteobacteria_7983_5_tp_2, Pseudofungi_43_1_tp_2, Verrucomicrobia_18_3_tp_2, Verrucomicrobia_18_4_tp_2",0.486414634042346,0.196620091177727
"Dinoflagellata_1009_1","Bacteroidetes_1249_1_tp_2, Bacteroidetes_129_1_tp_2, Bacteroidetes_918_4_tp_2, Bacteroidetes_956_1_tp_2, Chlorophyta__streptophyta_833_1_tp_2, Cyanobacteria_48_1_tp_2, Dinoflagellata_1014_1_tp_2, Proteobacteria_7319_1_tp_2, Proteobacteria_7364_1_tp_2",0.459870692247418,0.210957863828696
"Dinoflagellata_1009_1","Actinobacteria_410_1_tp_2, Bacteroidetes_1249_1_tp_2, Bacteroidetes_919_3_tp_2, Cercozoa_22_1_tp_2, Proteobacteria_7166_1_tp_2, Proteobacteria_7231_1_tp_2, Proteobacteria_8176_1_tp_2, Proteobacteria_8178_1_tp_2, Proteobacteria_8520_1_tp_2",0.538395256357768,0.185373519884088
"Dinoflagellata_1009_1","Bacillariophyta_138_1_tp_2, Bacillariophyta_44_1_tp_2, Bacteroidetes_1360_1_tp_2, Bacteroidetes_919_3_tp_2, Dinoflagellata_1769_1_tp_2, Perkinsea_44_1_tp_2, Proteobacteria_10091_1_tp_2, Proteobacteria_7230_1_tp_2, Proteobacteria_7982_1_tp_2",0.477220418323368,0.197935922337305
"Dinoflagellata_1009_1","Actinobacteria_410_1_tp_2, Archaea_164_1_tp_2, Ciliophora_234_1_tp_2, Ciliophora_298_1_tp_2, Dinoflagellata_1771_2_tp_2, Proteobacteria_11428_1_tp_2, Proteobacteria_6847_1_tp_2, Proteobacteria_9681_2_tp_2, Sagenista_61_1_tp_2",0.585321802361757,0.183156878062321
"Dinoflagellata_1009_1","Bacillariophyta_219_1_tp_2, Bacteroidetes_1151_1_tp_2, Bacteroidetes_919_2_tp_2, Dinoflagellata_124_1_tp_2, Div_reps_1600_2_tp_2, Proteobacteria_10168_1_tp_2, Proteobacteria_7231_1_tp_2, Sagenista_61_1_tp_2, Verrucomicrobia_22_1_tp_2",0.467478547651931,0.204670801686039
"Dinoflagellata_1009_1","Archaea_164_1_tp_2, Bacteroidetes_1235_1_tp_2, Bacteroidetes_919_1_tp_2, Chrysophyceae_16_1_tp_2, Dinoflagellata_955_1_tp_2, Planctomycetes_27_1_tp_2, Proteobacteria_10091_1_tp_2, Proteobacteria_11428_1_tp_2, Proteobacteria_5436_1_tp_2",0.479430009200117,0.21422438429818
"Dinoflagellata_1009_1","Archaea_179_1_tp_2, Bacillariophyta_138_1_tp_2, Bacteroidetes_129_1_tp_2, Dinoflagellata_1658_1_tp_2, Dinoflagellata_1711_1_tp_2, Dinoflagellata_1968_1_tp_2, Haptophyta_148_1_tp_2, Phylum_reps_1954_1_tp_2, Proteobacteria_5461_1_tp_2",0.578827368812726,0.180376446026887
"Dinoflagellata_1009_1","Bacillariophyta_138_1_tp_2, Cercozoa_22_1_tp_2, Cyanobacteria_48_1_tp_2, Cyanobacteria_85_1_tp_2, Lobosa_11_1_tp_2, Phylum_reps_2301_1_tp_2, Proteobacteria_11431_1_tp_2, Proteobacteria_7787_1_tp_2, Verrucomicrobia_18_2_tp_2",0.454489677177349,0.202878415591698
"Dinoflagellata_1009_1","Bacteroidetes_1360_4_tp_2, Bacteroidetes_1360_5_tp_2, Chlorophyta__streptophyta_848_1_tp_2, Cyanobacteria_48_1_tp_2, Phylum_reps_1985_1_tp_2, Proteobacteria_10114_1_tp_2, Proteobacteria_7983_6_tp_2, Verrucomicrobia_18_1_tp_2, Verrucomicrobia_18_2_tp_2",0.515395799502935,0.197957119332815
"Dinoflagellata_1009_1","Div_reps_1600_2_tp_2, Proteobacteria_11155_1_tp_2, Proteobacteria_11155_2_tp_2, Proteobacteria_11429_3_tp_2, Proteobacteria_7230_2_tp_2, Proteobacteria_7289_1_tp_2, Proteobacteria_7364_1_tp_2, Proteobacteria_7983_4_tp_2, Proteobacteria_7983_7_tp_2",0.433807205641435,0.205179560136034
"Dinoflagellata_1009_1","Bacteroidetes_129_1_tp_2, Cercozoa_22_1_tp_2, Ciliophora_280_1_tp_2, Dinoflagellata_1968_1_tp_2, Proteobacteria_7295_1_tp_2, Proteobacteria_8178_1_tp_2, Sagenista_53_1_tp_2, Verrucomicrobia_18_3_tp_2, Verrucomicrobia_23_1_tp_2",0.45602966771348,0.201050978899854
"Dinoflagellata_1009_1","Chlorophyta__streptophyta_845_1_tp_2, Cyanobacteria_65_1_tp_2, Dinoflagellata_1658_1_tp_2, Proteobacteria_10168_1_tp_2, Proteobacteria_7316_1_tp_2, Proteobacteria_7983_7_tp_2, Proteobacteria_8175_1_tp_2, Proteobacteria_8176_2_tp_2, Proteobacteria_8178_1_tp_2",0.61538874966158,0.178663863924743
"Dinoflagellata_1009_1","Bacillariophyta_31_1_tp_2, Bacteroidetes_1178_1_tp_2, Bacteroidetes_1249_1_tp_2, Bacteroidetes_1360_3_tp_2, Bacteroidetes_1360_5_tp_2, Bacteroidetes_918_4_tp_2, Proteobacteria_7230_3_tp_2, Proteobacteria_7983_2_tp_2, Verrucomicrobia_18_1_tp_2",0.452714216076698,0.216187887131355
"Dinoflagellata_1009_1","Bacteroidetes_1224_1_tp_2, Chlorophyta__streptophyta_732_1_tp_2, Div_reps_1600_1_tp_2, Proteobacteria_10091_1_tp_2, Proteobacteria_10114_1_tp_2, Proteobacteria_11120_1_tp_2, Proteobacteria_8176_1_tp_2, Verrucomicrobia_18_4_tp_2, Verrucomicrobia_22_1_tp_2",0.536761597857012,0.189249257249808
"Dinoflagellata_1009_1","Archaea_164_1_tp_2, Bacteroidetes_1178_1_tp_2, Bacteroidetes_1186_1_tp_2, Bacteroidetes_1194_1_tp_2, Bacteroidetes_131_1_tp_2, Dinoflagellata_955_1_tp_2, Dinoflagellata_982_1_tp_2, Proteobacteria_11210_1_tp_2, temperature_tp_2",0.586768241610054,0.185036740128692
"Dinoflagellata_1009_1","Bacteroidetes_129_1_tp_2, Bacteroidetes_918_1_tp_2, Cyanobacteria_48_1_tp_2, Planctomycetes_27_1_tp_2, Proteobacteria_11120_1_tp_2, Proteobacteria_7316_1_tp_2, Proteobacteria_7983_1_tp_2, Rhodophyta_506_1_tp_2, temperature_tp_2",0.549881855672952,0.204499981998972
"Dinoflagellata_1009_1","Actinobacteria_410_2_tp_2, Dinoflagellata_1728_1_tp_2, Haptophyta_148_1_tp_2, Katablepharidophyta_7_1_tp_2, Planctomycetes_34_1_tp_2, Proteobacteria_7295_1_tp_2, Proteobacteria_9649_1_tp_2, Rhodophyta_506_1_tp_2, Verrucomicrobia_23_1_tp_2",0.514353499468662,0.200089037363717
"Dinoflagellata_1009_1","Bacillariophyta_44_1_tp_2, Bacteroidetes_1204_1_tp_2, Bacteroidetes_1224_1_tp_2, Proteobacteria_7230_1_tp_2, Proteobacteria_7983_1_tp_2, Proteobacteria_8176_1_tp_2, temperature_tp_2, Verrucomicrobia_18_2_tp_2, Verrucomicrobia_23_1_tp_2",0.458074663444665,0.201525760130142
"Dinoflagellata_1009_1","Bacteroidetes_1224_1_tp_2, Bacteroidetes_1360_1_tp_2, Bacteroidetes_1360_2_tp_2, Bacteroidetes_956_1_tp_2, Chlorophyta__streptophyta_120_1_tp_2, Dinoflagellata_1728_2_tp_2, Proteobacteria_7319_1_tp_2, Sagenista_53_1_tp_2, Verrucomicrobia_22_1_tp_2",0.495526265207804,0.200768903126828
"Dinoflagellata_1009_1","Bacteroidetes_1178_1_tp_2, Bacteroidetes_918_4_tp_2, Chlorophyta__streptophyta_895_1_tp_2, Dinoflagellata_1017_1_tp_2, Dinoflagellata_1728_2_tp_2, Dinoflagellata_1771_2_tp_2, Planctomycetes_61_1_tp_2, Proteobacteria_7314_1_tp_2, Proteobacteria_7983_3_tp_2",0.517569826875941,0.205969657670334
"Dinoflagellata_1009_1","Bacteroidetes_1360_3_tp_2, Bacteroidetes_918_1_tp_2, Cyanobacteria_65_1_tp_2, Phylum_reps_1954_1_tp_2, Proteobacteria_11190_1_tp_2, Proteobacteria_7174_1_tp_2, Proteobacteria_7313_1_tp_2, Proteobacteria_7983_6_tp_2, Verrucomicrobia_23_1_tp_2",0.562990650978248,0.184053874674841
"Dinoflagellata_1009_1","Bacteroidetes_938_1_tp_2, Chlorophyta__streptophyta_120_1_tp_2, Ciliophora_298_1_tp_2, Dinoflagellata_1728_2_tp_2, Haptophyta_203_1_tp_2, Proteobacteria_7319_1_tp_2, Proteobacteria_7982_2_tp_2, Proteobacteria_9681_1_tp_2, Rhodophyta_506_1_tp_2",0.524243047537171,0.196894645240105
"Dinoflagellata_1009_1","Archaea_164_1_tp_2, Bacillariophyta_31_1_tp_2, Bacteroidetes_1349_1_tp_2, Bacteroidetes_956_1_tp_2, Chlorophyta__streptophyta_120_1_tp_2, Ciliophora_403_1_tp_2, Planctomycetes_27_1_tp_2, Proteobacteria_11429_4_tp_2, Proteobacteria_11431_2_tp_2",0.517895642621326,0.20200052914583
"Dinoflagellata_1009_1","Actinobacteria_410_1_tp_2, Bacillariophyta_138_1_tp_2, Bacteroidetes_1249_1_tp_2, Bacteroidetes_131_1_tp_2, Bacteroidetes_918_4_tp_2, Bacteroidetes_919_1_tp_2, Cyanobacteria_65_1_tp_2, Dinoflagellata_1758_1_tp_2, Proteobacteria_7166_1_tp_2",0.514478349787348,0.204472698067122
"Dinoflagellata_1009_1","Bacteroidetes_129_2_tp_2, Bacteroidetes_1360_2_tp_2, Cercozoa_395_1_tp_2, Chlorophyta__streptophyta_751_1_tp_2, Ciliophora_280_1_tp_2, Ciliophora_403_1_tp_2, Dinoflagellata_1017_1_tp_2, Dinoflagellata_1769_1_tp_2, Pseudofungi_43_1_tp_2",0.433096663027975,0.203260072343311
"Dinoflagellata_1009_1","Archaea_164_1_tp_2, Bacillariophyta_123_1_tp_2, Bacteroidetes_918_4_tp_2, Dinoflagellata_1771_2_tp_2, Dinoflagellata_874_1_tp_2, Dinoflagellata_982_1_tp_2, Perkinsea_44_1_tp_2, Proteobacteria_7982_2_tp_2, Proteobacteria_7983_2_tp_2",0.489117625843695,0.197903829233079
"Dinoflagellata_1009_1","Bacillariophyta_196_1_tp_2, Bacteroidetes_918_4_tp_2, Ciliophora_1195_1_tp_2, Dinoflagellata_1098_1_tp_2, Dinoflagellata_1728_1_tp_2, Dinoflagellata_1728_2_tp_2, Planctomycetes_27_1_tp_2, Proteobacteria_7982_1_tp_2, Proteobacteria_7983_1_tp_2",0.523966239716947,0.200708262917377
"Dinoflagellata_1009_1","Actinobacteria_410_1_tp_2, Actinobacteria_410_2_tp_2, Bacteroidetes_1360_1_tp_2, Ciliophora_280_1_tp_2, Dinoflagellata_1017_1_tp_2, Dinoflagellata_1555_1_tp_2, Proteobacteria_10091_1_tp_2, Proteobacteria_7230_2_tp_2, Verrucomicrobia_18_1_tp_2",0.501846376333871,0.207549016574824
"Dinoflagellata_1009_1","Actinobacteria_410_1_tp_2, Bacteroidetes_1349_1_tp_2, Cyanobacteria_73_1_tp_2, Dinoflagellata_1098_1_tp_2, Proteobacteria_10168_1_tp_2, Proteobacteria_11429_4_tp_2, Proteobacteria_7983_6_tp_2, Proteobacteria_7983_8_tp_2, Verrucomicrobia_18_4_tp_2",0.451332930563089,0.223920314333361
"Dinoflagellata_1009_1","Bacteroidetes_918_2_tp_2, Ciliophora_234_1_tp_2, Dinoflagellata_1862_1_tp_2, Dinoflagellata_982_1_tp_2, Div_reps_2942_1_tp_2, Perkinsea_44_1_tp_2, Proteobacteria_5461_1_tp_2, temperature_tp_2, Verrucomicrobia_22_1_tp_2",0.558314329242862,0.183766749582511
"Dinoflagellata_1009_1","Bacteroidetes_317_1_tp_2, Bacteroidetes_919_2_tp_2, Bacteroidetes_938_1_tp_2, Cryptophyta_15_2_tp_2, Dinoflagellata_1771_2_tp_2, Div_reps_2942_1_tp_2, Proteobacteria_11429_1_tp_2, Proteobacteria_11429_3_tp_2, Proteobacteria_8176_1_tp_2",0.497748116265375,0.207744583833195
"Dinoflagellata_1009_1","Archaea_179_1_tp_2, Bacillariophyta_138_1_tp_2, Bacteroidetes_1249_1_tp_2, Bacteroidetes_919_1_tp_2, Chlorophyta__streptophyta_848_1_tp_2, Cryptophyta_15_2_tp_2, Dinoflagellata_982_1_tp_2, Proteobacteria_11428_1_tp_2, Proteobacteria_7983_2_tp_2",0.494191912832707,0.200001685761944
"Dinoflagellata_1009_1","Archaea_164_1_tp_2, Bacillariophyta_44_1_tp_2, Bacteroidetes_1249_1_tp_2, Chlorophyta__streptophyta_120_1_tp_2, Dinoflagellata_1749_1_tp_2, Proteobacteria_7983_3_tp_2, Proteobacteria_8177_1_tp_2, Proteobacteria_9649_1_tp_2, Verrucomicrobia_18_3_tp_2",0.436836715063438,0.204184301077913
"Dinoflagellata_1009_1","Actinobacteria_410_1_tp_2, Actinobacteria_410_2_tp_2, Bacillariophyta_138_1_tp_2, Cyanobacteria_85_1_tp_2, Dinoflagellata_1711_1_tp_2, Dinoflagellata_1758_1_tp_2, Proteobacteria_11431_2_tp_2, Proteobacteria_7982_1_tp_2, Proteobacteria_7982_2_tp_2",0.564597512096037,0.205508297310972
"Dinoflagellata_1009_1","Bacillariophyta_44_1_tp_2, Bacteroidetes_1166_1_tp_2, Bacteroidetes_918_2_tp_2, Dictyochophyceae_6_1_tp_2, Dinoflagellata_1793_1_tp_2, Picozoa_6_1_tp_2, Proteobacteria_11429_2_tp_2, Proteobacteria_7983_2_tp_2, Verrucomicrobia_22_2_tp_2",0.40998104081085,0.216323015075542
"Dinoflagellata_1009_1","Archaea_179_1_tp_2, Bacteroidetes_1235_1_tp_2, Bacteroidetes_919_1_tp_2, Haptophyta_148_1_tp_2, Proteobacteria_10091_1_tp_2, Proteobacteria_11155_2_tp_2, Proteobacteria_11429_3_tp_2, Proteobacteria_5461_1_tp_2, Proteobacteria_9681_1_tp_2",0.510392829021741,0.198160113484739
"Dinoflagellata_1009_1","Bacteroidetes_1349_1_tp_2, Bacteroidetes_918_2_tp_2, Bacteroidetes_918_3_tp_2, Cercozoa_395_1_tp_2, Dinoflagellata_1771_1_tp_2, Proteobacteria_11428_1_tp_2, Proteobacteria_11429_3_tp_2, Proteobacteria_7314_1_tp_2, Proteobacteria_7983_5_tp_2",0.579205624107643,0.176922226643723
"Dinoflagellata_1009_1","Chlorophyta__streptophyta_120_1_tp_2, Dinoflagellata_1017_1_tp_2, Dinoflagellata_1496_1_tp_2, Dinoflagellata_1771_1_tp_2, Div_reps_1600_2_tp_2, Proteobacteria_11431_1_tp_2, Proteobacteria_7230_3_tp_2, Sagenista_53_1_tp_2, Verrucomicrobia_18_4_tp_2",0.320314674198173,0.222524766645318
"Dinoflagellata_1009_1","Bacteroidetes_1166_1_tp_2, Dinoflagellata_1728_2_tp_2, Planctomycetes_61_1_tp_2, Proteobacteria_11155_2_tp_2, Proteobacteria_7295_1_tp_2, Proteobacteria_7983_1_tp_2, Proteobacteria_7983_5_tp_2, Proteobacteria_7983_6_tp_2, Proteobacteria_8185_1_tp_2",0.537250251375791,0.19236391274636
"Dinoflagellata_1009_1","Bacteroidetes_1194_1_tp_2, Chlorophyta__streptophyta_848_1_tp_2, Nitrospirae_9_1_tp_2, Phylum_reps_1985_1_tp_2, Phylum_reps_2301_1_tp_2, Proteobacteria_6384_1_tp_2, Proteobacteria_8176_1_tp_2, Proteobacteria_8176_2_tp_2, Sagenista_53_1_tp_2",0.511373150388385,0.195473719118194
"Dinoflagellata_1009_1","Actinobacteria_410_2_tp_2, Archaea_164_2_tp_2, Bacteroidetes_1178_1_tp_2, Chlorophyta__streptophyta_751_1_tp_2, Dinoflagellata_1017_1_tp_2, Proteobacteria_11429_2_tp_2, Proteobacteria_7174_1_tp_2, Proteobacteria_9649_1_tp_2, Proteobacteria_9681_1_tp_2",0.57180770858831,0.194685689672101
"Dinoflagellata_1009_1","Archaea_164_2_tp_2, Bacillariophyta_219_1_tp_2, Chlorophyta__streptophyta_751_1_tp_2, Dinoflagellata_1968_1_tp_2, Div_reps_1600_1_tp_2, Perkinsea_33_1_tp_2, Proteobacteria_7231_1_tp_2, Proteobacteria_7983_3_tp_2, Verrucomicrobia_22_2_tp_2",0.611125925725597,0.177761658819259
"Dinoflagellata_1009_1","Bacillariophyta_123_1_tp_2, Bacteroidetes_919_3_tp_2, Chlorophyta__streptophyta_845_1_tp_2, Cryptophyta_108_1_tp_2, Proteobacteria_10091_1_tp_2, Proteobacteria_8176_1_tp_2, Proteobacteria_8177_2_tp_2, Pseudofungi_43_1_tp_2, Verrucomicrobia_18_1_tp_2",0.515709898059388,0.222263301970707
"Dinoflagellata_1009_1","Bacteroidetes_918_5_tp_2, Chlorophyta__streptophyta_848_1_tp_2, Dictyochophyceae_6_1_tp_2, Dinoflagellata_1728_2_tp_2, Dinoflagellata_1758_1_tp_2, Dinoflagellata_1862_1_tp_2, Picozoa_18_1_tp_2, Proteobacteria_7982_1_tp_2, Verrucomicrobia_18_3_tp_2",0.602943584904745,0.183650185124926
"Dinoflagellata_1009_1","Bacteroidetes_956_1_tp_2, Cryptophyta_15_2_tp_2, Dinoflagellata_1098_1_tp_2, Dinoflagellata_1862_1_tp_2, Phylum_reps_1954_1_tp_2, Proteobacteria_11210_1_tp_2, Proteobacteria_7983_5_tp_2, Pseudofungi_43_1_tp_2, Verrucomicrobia_22_1_tp_2",0.522432638015088,0.192299710749582
"Dinoflagellata_1009_1","Bacteroidetes_1186_1_tp_2, Cercozoa_395_1_tp_2, Ciliophora_403_1_tp_2, Dinoflagellata_1014_1_tp_2, Planctomycetes_34_1_tp_2, Proteobacteria_7313_1_tp_2, Proteobacteria_7983_1_tp_2, Proteobacteria_8176_1_tp_2, Pseudofungi_43_1_tp_2",0.570864293546708,0.187047320094507
"Dinoflagellata_1009_1","Bacteroidetes_1235_1_tp_2, Bacteroidetes_938_1_tp_2, Dinoflagellata_124_1_tp_2, Dinoflagellata_1862_1_tp_2, Proteobacteria_7230_3_tp_2, Proteobacteria_7295_1_tp_2, Proteobacteria_8520_1_tp_2, Pseudofungi_43_1_tp_2, Sagenista_61_1_tp_2",0.617962114808362,0.176238733651914
"Dinoflagellata_1009_1","Bacillariophyta_138_1_tp_2, Bacteroidetes_1151_1_tp_2, Cryptophyta_108_1_tp_2, Dinoflagellata_1728_2_tp_2, Picozoa_18_1_tp_2, Proteobacteria_10114_1_tp_2, Proteobacteria_7983_8_tp_2, Pseudofungi_43_1_tp_2, Sagenista_53_1_tp_2",0.444646146867266,0.205349685088084
"Dinoflagellata_1009_1","Bacteroidetes_919_2_tp_2, Cercozoa_23_1_tp_2, Cercozoa_291_1_tp_2, Ciliophora_1195_1_tp_2, Dinoflagellata_1728_1_tp_2, Haptophyta_203_1_tp_2, Planctomycetes_27_1_tp_2, Proteobacteria_7983_6_tp_2, Sagenista_61_1_tp_2",0.630809600712304,0.172111130858365
"Dinoflagellata_1009_1","Actinobacteria_410_1_tp_2, Bacteroidetes_131_1_tp_2, Bacteroidetes_1360_5_tp_2, Cercozoa_22_1_tp_2, Chlorophyta__streptophyta_833_1_tp_2, Ciliophora_1195_1_tp_2, Cyanobacteria_65_1_tp_2, Dinoflagellata_1862_1_tp_2, Proteobacteria_8185_1_tp_2",0.582179382421379,0.184079073882748
"Dinoflagellata_1009_1","Bacteroidetes_1167_1_tp_2, Bacteroidetes_131_1_tp_2, Cercozoa_23_1_tp_2, Cryptophyta_15_1_tp_2, Cyanobacteria_48_1_tp_2, Proteobacteria_7166_1_tp_2, Proteobacteria_7983_5_tp_2, Proteobacteria_9681_1_tp_2, Sagenista_61_1_tp_2",0.524863038402669,0.186739440735648
"Dinoflagellata_1009_1","Actinobacteria_410_1_tp_2, Bacteroidetes_1178_1_tp_2, Bacteroidetes_131_1_tp_2, Dinoflagellata_1496_1_tp_2, Dinoflagellata_1749_1_tp_2, Dinoflagellata_1769_1_tp_2, Proteobacteria_7787_1_tp_2, Raphidophyceae_3_1_tp_2, Verrucomicrobia_22_1_tp_2",0.460361528462951,0.205747292058631
"Dinoflagellata_1009_1","Bacteroidetes_129_1_tp_2, Dinoflagellata_1711_1_tp_2, Dinoflagellata_1758_1_tp_2, Dinoflagellata_1769_1_tp_2, Dinoflagellata_1771_1_tp_2, Dinoflagellata_1793_1_tp_2, Dinoflagellata_874_1_tp_2, Proteobacteria_7295_1_tp_2, Verrucomicrobia_18_2_tp_2",0.476203452189553,0.21161341467247
"Dinoflagellata_1009_1","Ciliophora_280_1_tp_2, Cryptophyta_15_2_tp_2, Dinoflagellata_1198_1_tp_2, Dinoflagellata_1749_1_tp_2, Proteobacteria_11429_4_tp_2, Proteobacteria_7983_2_tp_2, Proteobacteria_7983_6_tp_2, Proteobacteria_8175_1_tp_2, Rhodophyta_506_1_tp_2",0.541262573889194,0.19956261483507
"Dinoflagellata_1009_1","Bacteroidetes_1166_2_tp_2, Bacteroidetes_1360_4_tp_2, Bacteroidetes_919_3_tp_2, Bacteroidetes_938_1_tp_2, Cyanobacteria_73_1_tp_2, Dinoflagellata_1862_1_tp_2, Perkinsea_33_1_tp_2, Proteobacteria_7983_7_tp_2, Proteobacteria_8176_2_tp_2",0.493287478447293,0.197459594387002
"Dinoflagellata_1009_1","Bacteroidetes_1178_1_tp_2, Bacteroidetes_131_1_tp_2, Bacteroidetes_956_1_tp_2, Dinoflagellata_1017_1_tp_2, Dinoflagellata_1496_1_tp_2, Proteobacteria_7231_1_tp_2, Proteobacteria_7983_4_tp_2, Proteobacteria_8176_2_tp_2, Proteobacteria_9681_1_tp_2",0.597634255052162,0.17982986915957
"Dinoflagellata_1009_1","Actinobacteria_410_1_tp_2, Bacillariophyta_44_1_tp_2, Bacteroidetes_918_3_tp_2, Cercozoa_22_1_tp_2, Ciliophora_1195_1_tp_2, Dinoflagellata_955_1_tp_2, Dinoflagellata_982_1_tp_2, Proteobacteria_7100_1_tp_2, Proteobacteria_7230_3_tp_2",0.580399207409735,0.178948796289754
"Dinoflagellata_1009_1","Bacillariophyta_100_1_tp_2, Bacillariophyta_123_1_tp_2, Chrysophyceae_16_1_tp_2, Dinoflagellata_1711_1_tp_2, Proteobacteria_10168_1_tp_2, Proteobacteria_5436_1_tp_2, Proteobacteria_7230_1_tp_2, Proteobacteria_7787_1_tp_2, Proteobacteria_9681_2_tp_2",0.561552340505258,0.206363477578849
"Dinoflagellata_1009_1","Bacillariophyta_123_1_tp_2, Bacteroidetes_1167_1_tp_2, Chlorophyta__streptophyta_120_1_tp_2, Div_reps_1600_1_tp_2, Planctomycetes_61_1_tp_2, Proteobacteria_10091_1_tp_2, Proteobacteria_7983_5_tp_2, Proteobacteria_9681_1_tp_2, Verrucomicrobia_22_1_tp_2",0.586154565077149,0.176230846730362
"Dinoflagellata_1009_1","Bacillariophyta_123_1_tp_2, Bacillariophyta_138_1_tp_2, Bacteroidetes_1204_1_tp_2, Chlorophyta__streptophyta_895_1_tp_2, Cyanobacteria_48_1_tp_2, Dinoflagellata_1728_2_tp_2, Proteobacteria_10168_1_tp_2, Proteobacteria_7983_3_tp_2, Verrucomicrobia_22_1_tp_2",0.569806834495854,0.186075074337571
"Dinoflagellata_1009_1","Actinobacteria_410_2_tp_2, Bacteroidetes_1249_1_tp_2, Cryptophyta_15_2_tp_2, Dinoflagellata_1658_1_tp_2, Dinoflagellata_1758_1_tp_2, Phylum_reps_1954_1_tp_2, Proteobacteria_7983_7_tp_2, Proteobacteria_8185_1_tp_2, Proteobacteria_9649_1_tp_2",0.573612521471498,0.179557086056683
"Dinoflagellata_1009_1","Bacteroidetes_1178_1_tp_2, Bacteroidetes_1204_1_tp_2, Chlorophyta__streptophyta_732_1_tp_2, Dinoflagellata_1771_2_tp_2, Dinoflagellata_1862_1_tp_2, Dinoflagellata_874_1_tp_2, Phylum_reps_1985_1_tp_2, Proteobacteria_6384_1_tp_2, Proteobacteria_7983_4_tp_2",0.51024254750833,0.201560014094676
"Dinoflagellata_1009_1","Bacteroidetes_1167_1_tp_2, Bacteroidetes_131_1_tp_2, Chlorophyta__streptophyta_120_1_tp_2, Cyanobacteria_65_1_tp_2, Dinoflagellata_1098_1_tp_2, Dinoflagellata_874_1_tp_2, Div_reps_1600_2_tp_2, Proteobacteria_11155_1_tp_2, Proteobacteria_7983_7_tp_2",0.439861797055359,0.19959934958552
"Dinoflagellata_1009_1","Archaea_179_1_tp_2, Bacteroidetes_1166_1_tp_2, Bacteroidetes_1360_5_tp_2, Dinoflagellata_124_1_tp_2, Proteobacteria_11429_4_tp_2, Proteobacteria_7230_1_tp_2, Proteobacteria_7230_3_tp_2, Proteobacteria_7364_1_tp_2, Radiolaria_104_1_tp_2",0.551053898969641,0.187232340952941
"Dinoflagellata_1009_1","Bacteroidetes_1166_1_tp_2, Bacteroidetes_129_2_tp_2, Bacteroidetes_1360_3_tp_2, Bacteroidetes_918_3_tp_2, Cyanobacteria_73_1_tp_2, Dictyochophyceae_6_1_tp_2, Dinoflagellata_1862_1_tp_2, Proteobacteria_11429_2_tp_2, Proteobacteria_7983_8_tp_2",0.536243938719264,0.190987800838248
"Dinoflagellata_1009_1","Archaea_164_2_tp_2, Bacillariophyta_100_1_tp_2, Bacteroidetes_919_1_tp_2, Bacteroidetes_938_1_tp_2, Cercozoa_22_1_tp_2, Dinoflagellata_1014_1_tp_2, Phylum_reps_1985_1_tp_2, Proteobacteria_7787_1_tp_2, Proteobacteria_8177_1_tp_2",0.53832038444355,0.191003125719867
"Dinoflagellata_1009_1","Bacillariophyta_44_1_tp_2, Ciliophora_451_1_tp_2, Dinoflagellata_1198_1_tp_2, Dinoflagellata_124_1_tp_2, Haptophyta_203_1_tp_2, Planctomycetes_61_1_tp_2, Proteobacteria_7166_1_tp_2, Proteobacteria_7174_1_tp_2, Proteobacteria_7982_1_tp_2",0.360986977912439,0.223286779449716
"Dinoflagellata_1009_1","Bacteroidetes_918_3_tp_2, Div_reps_1600_2_tp_2, Katablepharidophyta_7_1_tp_2, Proteobacteria_10114_1_tp_2, Proteobacteria_11431_1_tp_2, Proteobacteria_7289_1_tp_2, Proteobacteria_7295_1_tp_2, Proteobacteria_8178_1_tp_2, Proteobacteria_9681_1_tp_2",0.578103300817449,0.185585063618455
"Dinoflagellata_1009_1","Archaea_164_1_tp_2, Bacteroidetes_938_1_tp_2, Chlorophyta__streptophyta_848_1_tp_2, Cryptophyta_108_1_tp_2, Dinoflagellata_982_1_tp_2, Planctomycetes_34_1_tp_2, Proteobacteria_10168_1_tp_2, Proteobacteria_8520_1_tp_2, Verrucomicrobia_22_1_tp_2",0.468150607164235,0.202562694556136
"Dinoflagellata_1009_1","Bacteroidetes_1151_1_tp_2, Bacteroidetes_1360_2_tp_2, Bacteroidetes_918_4_tp_2, Cyanobacteria_65_1_tp_2, Proteobacteria_11429_4_tp_2, Proteobacteria_5436_1_tp_2, Proteobacteria_7231_1_tp_2, Proteobacteria_7982_2_tp_2, Proteobacteria_8176_2_tp_2",0.391055519906469,0.228410591577619
"Dinoflagellata_1009_1","Bacteroidetes_1360_2_tp_2, Bacteroidetes_1360_4_tp_2, Bacteroidetes_918_2_tp_2, Bacteroidetes_918_4_tp_2, Dinoflagellata_1017_1_tp_2, Dinoflagellata_1793_1_tp_2, Proteobacteria_10114_1_tp_2, Proteobacteria_8177_1_tp_2, Sagenista_61_1_tp_2",0.41398063436139,0.214479251534348
"Dinoflagellata_1009_1","Bacteroidetes_1186_1_tp_2, Bacteroidetes_1360_2_tp_2, Haptophyta_148_1_tp_2, Phylum_reps_1954_1_tp_2, Planctomycetes_34_1_tp_2, Proteobacteria_7316_1_tp_2, Proteobacteria_7983_4_tp_2, Proteobacteria_7984_1_tp_2, Raphidophyceae_3_1_tp_2",0.487207115139542,0.203572195360571
"Dinoflagellata_1009_1","Bacteroidetes_918_3_tp_2, Cryptophyta_108_1_tp_2, Dinoflagellata_1749_1_tp_2, Proteobacteria_7174_1_tp_2, Proteobacteria_7316_1_tp_2, Proteobacteria_7984_1_tp_2, Proteobacteria_9681_1_tp_2, Radiolaria_104_1_tp_2, Verrucomicrobia_18_3_tp_2",0.571843618100025,0.187694252641606
"Dinoflagellata_1009_1","Archaea_179_1_tp_2, Bacteroidetes_1186_1_tp_2, Bacteroidetes_131_1_tp_2, Ciliophora_234_1_tp_2, Cyanobacteria_85_1_tp_2, Dinoflagellata_1014_1_tp_2, Lobosa_11_1_tp_2, Proteobacteria_10114_1_tp_2, temperature_tp_2",0.430617405140641,0.200963527375804
"Dinoflagellata_1009_1","Bacteroidetes_129_2_tp_2, Cyanobacteria_65_1_tp_2, Dinoflagellata_124_1_tp_2, Proteobacteria_5436_1_tp_2, Proteobacteria_7314_1_tp_2, Proteobacteria_7983_2_tp_2, Proteobacteria_9681_1_tp_2, Raphidophyceae_3_1_tp_2, Rhodophyta_506_1_tp_2",0.5376380281859,0.236282772080519
"Dinoflagellata_1009_1","Archaea_164_1_tp_2, Bacteroidetes_1360_5_tp_2, Cyanobacteria_65_1_tp_2, Dinoflagellata_874_1_tp_2, Picozoa_18_1_tp_2, Proteobacteria_10168_1_tp_2, Proteobacteria_11155_1_tp_2, Proteobacteria_7100_1_tp_2, Proteobacteria_7787_1_tp_2",0.407873646110325,0.219245546285368
"Dinoflagellata_1009_1","Bacillariophyta_31_1_tp_2, Bacteroidetes_129_1_tp_2, Bacteroidetes_918_5_tp_2, Ciliophora_298_1_tp_2, Dinoflagellata_1771_1_tp_2, Proteobacteria_11210_2_tp_2, Proteobacteria_7982_2_tp_2, Proteobacteria_7983_6_tp_2, Radiolaria_104_1_tp_2",0.52698781591089,0.191023307535456
"Dinoflagellata_1009_1","Archaea_164_1_tp_2, Bacillariophyta_123_1_tp_2, Bacillariophyta_31_1_tp_2, Dinoflagellata_1496_1_tp_2, Dinoflagellata_1542_1_tp_2, Haptophyta_203_1_tp_2, Planctomycetes_34_1_tp_2, Planctomycetes_61_1_tp_2, Proteobacteria_7319_1_tp_2",0.528083789315184,0.206906733251346
"Dinoflagellata_1009_1","Bacteroidetes_1360_5_tp_2, Bacteroidetes_317_1_tp_2, Bacteroidetes_918_2_tp_2, Bacteroidetes_918_3_tp_2, Bacteroidetes_919_3_tp_2, Ciliophora_451_1_tp_2, Proteobacteria_11120_1_tp_2, Proteobacteria_7982_2_tp_2, Verrucomicrobia_22_1_tp_2",0.563583364383737,0.1817150193695
"Dinoflagellata_1009_1","Bacillariophyta_44_1_tp_2, Bacteroidetes_1194_1_tp_2, Bacteroidetes_956_1_tp_2, Dinoflagellata_982_1_tp_2, Proteobacteria_7174_1_tp_2, Proteobacteria_7230_3_tp_2, Proteobacteria_7364_1_tp_2, Proteobacteria_8177_2_tp_2, Verrucomicrobia_23_1_tp_2",0.40569551887172,0.203702311161765
"Dinoflagellata_1009_1","Bacteroidetes_1249_1_tp_2, Cercozoa_291_1_tp_2, Chlorophyta__streptophyta_895_1_tp_2, Dinoflagellata_1862_1_tp_2, Proteobacteria_10168_1_tp_2, Proteobacteria_11155_2_tp_2, Proteobacteria_7313_1_tp_2, Proteobacteria_7314_1_tp_2, Proteobacteria_8176_1_tp_2",0.565928673284123,0.190462252201993
"Dinoflagellata_1009_1","Bacillariophyta_138_1_tp_2, Bacteroidetes_129_2_tp_2, Bacteroidetes_1360_1_tp_2, Ciliophora_234_1_tp_2, Planctomycetes_61_1_tp_2, Proteobacteria_7983_6_tp_2, Proteobacteria_7983_7_tp_2, Proteobacteria_8176_1_tp_2, Proteobacteria_9681_1_tp_2",0.596896595501659,0.17880688114249
"Dinoflagellata_1009_1","Bacteroidetes_1166_2_tp_2, Bacteroidetes_918_2_tp_2, Div_reps_1600_1_tp_2, Proteobacteria_6847_1_tp_2, Proteobacteria_7289_1_tp_2, Raphidophyceae_3_1_tp_2, Sagenista_61_1_tp_2, Verrucomicrobia_18_1_tp_2, Verrucomicrobia_18_2_tp_2",0.595616955233282,0.181660524724834
"Dinoflagellata_1009_1","Bacteroidetes_1166_1_tp_2, Dinoflagellata_1728_2_tp_2, Perkinsea_33_1_tp_2, Proteobacteria_11210_1_tp_2, Proteobacteria_11210_2_tp_2, Proteobacteria_11429_1_tp_2, Proteobacteria_11429_2_tp_2, Proteobacteria_7295_1_tp_2, Proteobacteria_7983_6_tp_2",0.589628625615247,0.190286436789634
"Dinoflagellata_1009_1","Bacteroidetes_1166_2_tp_2, Bacteroidetes_1204_1_tp_2, Ciliophora_298_1_tp_2, Cryptophyta_108_1_tp_2, Planctomycetes_34_1_tp_2, Proteobacteria_10168_1_tp_2, Proteobacteria_7983_1_tp_2, Proteobacteria_9681_2_tp_2, Verrucomicrobia_22_2_tp_2",0.560140502298216,0.193210056924468
"Dinoflagellata_1009_1","Bacillariophyta_138_1_tp_2, Bacillariophyta_196_1_tp_2, Dinoflagellata_1014_1_tp_2, Haptophyta_203_1_tp_2, Perkinsea_44_1_tp_2, Proteobacteria_11120_1_tp_2, Proteobacteria_11155_1_tp_2, Proteobacteria_7100_1_tp_2, Proteobacteria_8175_1_tp_2",0.6378306341001,0.169807370003161
"Dinoflagellata_1009_1","Actinobacteria_410_1_tp_2, Bacillariophyta_138_1_tp_2, Bacillariophyta_196_1_tp_2, Proteobacteria_11429_3_tp_2, Proteobacteria_11431_2_tp_2, Proteobacteria_7289_1_tp_2, Proteobacteria_7983_2_tp_2, Proteobacteria_8177_1_tp_2, Sagenista_53_1_tp_2",0.5588813091104,0.202630290780289
"Dinoflagellata_1009_1","Bacteroidetes_131_1_tp_2, Bacteroidetes_918_3_tp_2, Dinoflagellata_124_1_tp_2, Dinoflagellata_1769_1_tp_2, Proteobacteria_11428_1_tp_2, Proteobacteria_22_1_tp_2, Proteobacteria_7316_1_tp_2, Proteobacteria_8176_2_tp_2, Verrucomicrobia_22_1_tp_2",0.60552295807303,0.174905466407523
"Dinoflagellata_1009_1","Bacillariophyta_31_1_tp_2, Bacteroidetes_1235_1_tp_2, Cercozoa_22_1_tp_2, Cercozoa_291_1_tp_2, Dinoflagellata_1658_1_tp_2, Dinoflagellata_1728_1_tp_2, Dinoflagellata_874_1_tp_2, Proteobacteria_7166_1_tp_2, Pseudofungi_43_1_tp_2",0.4738194007243,0.189280483314949
"Dinoflagellata_1009_1","Bacteroidetes_1186_1_tp_2, Bacteroidetes_1360_2_tp_2, Bacteroidetes_918_5_tp_2, Bacteroidetes_919_3_tp_2, Bacteroidetes_956_1_tp_2, Chlorophyta__streptophyta_751_1_tp_2, Proteobacteria_7166_1_tp_2, Proteobacteria_7983_1_tp_2, Proteobacteria_7983_2_tp_2",0.592892868932814,0.184744851408976
"Dinoflagellata_1009_1","Bacteroidetes_1166_2_tp_2, Bacteroidetes_1204_1_tp_2, Bacteroidetes_1235_1_tp_2, Ciliophora_234_1_tp_2, Cyanobacteria_85_1_tp_2, Perkinsea_44_1_tp_2, Proteobacteria_11210_2_tp_2, Proteobacteria_11429_1_tp_2, Proteobacteria_8520_1_tp_2",0.533350695274059,0.189873323309109
"Dinoflagellata_1009_1","Bacillariophyta_29_1_tp_2, Dinoflagellata_1771_2_tp_2, Dinoflagellata_874_1_tp_2, Proteobacteria_10168_1_tp_2, Proteobacteria_11120_1_tp_2, Proteobacteria_11155_1_tp_2, Proteobacteria_11155_2_tp_2, Proteobacteria_7174_1_tp_2, Proteobacteria_7787_1_tp_2",0.46167234028705,0.205390259986708
"Dinoflagellata_1009_1","Bacillariophyta_219_1_tp_2, Bacteroidetes_1224_1_tp_2, Bacteroidetes_1349_1_tp_2, Bacteroidetes_1360_1_tp_2, Cercozoa_22_1_tp_2, Cyanobacteria_85_1_tp_2, Dinoflagellata_1769_1_tp_2, Dinoflagellata_1862_1_tp_2, Verrucomicrobia_18_3_tp_2",0.476223784651675,0.197627081683991
"Dinoflagellata_1009_1","Bacteroidetes_1151_1_tp_2, Bacteroidetes_918_2_tp_2, Cyanobacteria_85_1_tp_2, Proteobacteria_11428_1_tp_2, Proteobacteria_6384_1_tp_2, Proteobacteria_7314_1_tp_2, Proteobacteria_7364_1_tp_2, Proteobacteria_8175_1_tp_2, Proteobacteria_8176_2_tp_2",0.538654468669009,0.193131411542588
"Dinoflagellata_1009_1","Bacillariophyta_196_1_tp_2, Bacteroidetes_956_1_tp_2, Cercozoa_395_1_tp_2, Cryptophyta_15_2_tp_2, Cyanobacteria_48_1_tp_2, Dinoflagellata_982_1_tp_2, Div_reps_2942_1_tp_2, Proteobacteria_7289_1_tp_2, Proteobacteria_7983_6_tp_2",0.548146036254345,0.190370129708187
"Dinoflagellata_1009_1","Bacteroidetes_1151_1_tp_2, Bacteroidetes_1194_1_tp_2, Bacteroidetes_131_1_tp_2, Cercozoa_23_1_tp_2, Dinoflagellata_955_1_tp_2, Dinoflagellata_982_1_tp_2, Proteobacteria_11429_2_tp_2, Proteobacteria_7100_1_tp_2, Proteobacteria_7982_1_tp_2",0.533538593999006,0.189823288655022
"Dinoflagellata_1009_1","Ciliophora_234_1_tp_2, Dinoflagellata_1017_1_tp_2, Dinoflagellata_1769_1_tp_2, Div_reps_1600_2_tp_2, Perkinsea_44_1_tp_2, Picozoa_18_1_tp_2, Proteobacteria_10114_1_tp_2, Proteobacteria_11155_1_tp_2, Proteobacteria_11155_2_tp_2",0.472083662809109,0.196727314855579
"Dinoflagellata_1009_1","Archaea_179_1_tp_2, Bacillariophyta_138_1_tp_2, Bacteroidetes_131_1_tp_2, Chlorophyta__streptophyta_845_1_tp_2, Ciliophora_280_1_tp_2, Div_reps_2942_1_tp_2, Proteobacteria_10114_1_tp_2, Proteobacteria_7984_1_tp_2, Verrucomicrobia_18_2_tp_2",0.477671182741373,0.199664852128779
"Dinoflagellata_1009_1","Bacillariophyta_44_1_tp_2, Chlorophyta__streptophyta_751_1_tp_2, Chlorophyta__streptophyta_848_1_tp_2, Dictyochophyceae_6_1_tp_2, Dinoflagellata_1014_1_tp_2, Dinoflagellata_1658_1_tp_2, Dinoflagellata_1793_1_tp_2, Perkinsea_44_1_tp_2, Rhodophyta_506_1_tp_2",0.483500084138877,0.203449710924369
"Dinoflagellata_1009_1","Bacillariophyta_219_1_tp_2, Cyanobacteria_65_1_tp_2, Dinoflagellata_1098_1_tp_2, Dinoflagellata_1728_1_tp_2, Perkinsea_44_1_tp_2, Proteobacteria_11120_1_tp_2, Proteobacteria_7289_1_tp_2, Proteobacteria_7983_1_tp_2, Verrucomicrobia_23_1_tp_2",0.526275071342095,0.193310469843678
"Dinoflagellata_1009_1","Bacteroidetes_1349_1_tp_2, Bacteroidetes_919_3_tp_2, Ciliophora_1195_1_tp_2, Proteobacteria_11210_2_tp_2, Proteobacteria_11431_1_tp_2, Proteobacteria_7314_1_tp_2, Proteobacteria_7983_6_tp_2, Sagenista_53_1_tp_2, Verrucomicrobia_18_2_tp_2",0.521237249429816,0.20016866308161
"Dinoflagellata_1009_1","Bacteroidetes_919_1_tp_2, Cercozoa_23_1_tp_2, Ciliophora_1195_1_tp_2, Cyanobacteria_73_1_tp_2, Dinoflagellata_1010_1_tp_2, Dinoflagellata_1771_2_tp_2, Phylum_reps_2301_1_tp_2, Picozoa_6_1_tp_2, Proteobacteria_7982_1_tp_2",0.63467627730205,0.173290468690445
"Dinoflagellata_1009_1","Archaea_164_1_tp_2, Bacteroidetes_1166_1_tp_2, Bacteroidetes_918_2_tp_2, Dinoflagellata_1010_1_tp_2, Dinoflagellata_1542_1_tp_2, Dinoflagellata_1793_1_tp_2, Planctomycetes_34_1_tp_2, Proteobacteria_11429_2_tp_2, Raphidophyceae_3_1_tp_2",0.435672814940528,0.220626156869274
"Dinoflagellata_1009_1","Bacillariophyta_29_1_tp_2, Bacteroidetes_1360_1_tp_2, Katablepharidophyta_7_1_tp_2, Proteobacteria_11429_2_tp_2, Proteobacteria_11431_2_tp_2, Proteobacteria_7289_1_tp_2, Proteobacteria_7983_3_tp_2, Proteobacteria_7983_6_tp_2, Proteobacteria_8176_1_tp_2",0.558211192981564,0.213745968269771
"Dinoflagellata_1009_1","Bacteroidetes_1204_1_tp_2, Bacteroidetes_918_3_tp_2, Bacteroidetes_918_5_tp_2, Chlorophyta__streptophyta_751_1_tp_2, Chrysophyceae_16_1_tp_2, Dinoflagellata_1728_2_tp_2, Proteobacteria_11155_2_tp_2, Proteobacteria_11210_1_tp_2, Proteobacteria_7319_1_tp_2",0.555870446463765,0.188940914455965
"Dinoflagellata_1009_1","Bacteroidetes_1166_2_tp_2, Bacteroidetes_317_1_tp_2, Cercozoa_291_1_tp_2, Dinoflagellata_1098_1_tp_2, Dinoflagellata_1771_2_tp_2, Proteobacteria_10114_1_tp_2, Proteobacteria_11190_1_tp_2, Proteobacteria_11431_2_tp_2, Proteobacteria_7983_8_tp_2",0.550069283706271,0.196424624186211
"Dinoflagellata_1009_1","Bacteroidetes_129_1_tp_2, Bacteroidetes_1360_4_tp_2, Chlorophyta__streptophyta_120_1_tp_2, Chlorophyta__streptophyta_845_1_tp_2, Chlorophyta__streptophyta_895_1_tp_2, Dinoflagellata_124_1_tp_2, Proteobacteria_11431_1_tp_2, Proteobacteria_11431_2_tp_2, Proteobacteria_7230_2_tp_2",0.567522482579256,0.203371030213807
"Dinoflagellata_1009_1","Bacteroidetes_129_2_tp_2, Bacteroidetes_1349_1_tp_2, Bacteroidetes_1360_1_tp_2, Bacteroidetes_919_2_tp_2, Bacteroidetes_919_3_tp_2, Cryptophyta_15_2_tp_2, Cyanobacteria_85_1_tp_2, Katablepharidophyta_7_1_tp_2, Proteobacteria_7166_1_tp_2",0.393742068871611,0.209239263089824
"Dinoflagellata_1009_1","Actinobacteria_410_2_tp_2, Bacteroidetes_1178_1_tp_2, Chlorophyta__streptophyta_833_1_tp_2, Div_reps_2942_1_tp_2, Phylum_reps_2301_1_tp_2, Proteobacteria_11190_1_tp_2, Proteobacteria_11429_1_tp_2, Proteobacteria_7983_4_tp_2, Proteobacteria_9681_1_tp_2",0.445470674248571,0.201925102511225
"Dinoflagellata_1009_1","Archaea_179_1_tp_2, Dinoflagellata_874_1_tp_2, Phylum_reps_2301_1_tp_2, Planctomycetes_61_1_tp_2, Proteobacteria_7230_2_tp_2, Proteobacteria_7289_1_tp_2, Proteobacteria_8177_2_tp_2, Proteobacteria_9649_1_tp_2, Verrucomicrobia_18_3_tp_2",0.559114036015342,0.196431878976601
"Dinoflagellata_1009_1","Bacteroidetes_1166_2_tp_2, Picozoa_18_1_tp_2, Proteobacteria_11429_4_tp_2, Proteobacteria_7230_3_tp_2, Proteobacteria_8177_2_tp_2, Proteobacteria_9681_1_tp_2, Pseudofungi_43_1_tp_2, Verrucomicrobia_18_3_tp_2, Verrucomicrobia_22_1_tp_2",0.428357135607205,0.220361299670944
"Dinoflagellata_1009_1","Bacillariophyta_219_1_tp_2, Bacillariophyta_29_1_tp_2, Chlorophyta__streptophyta_120_1_tp_2, Chlorophyta__streptophyta_848_1_tp_2, Cryptophyta_15_1_tp_2, Dinoflagellata_1198_1_tp_2, Perkinsea_33_1_tp_2, Verrucomicrobia_22_1_tp_2, Verrucomicrobia_23_1_tp_2",0.482611205488996,0.193328947332534
"Dinoflagellata_1009_1","Bacteroidetes_1166_1_tp_2, Bacteroidetes_1224_1_tp_2, Dinoflagellata_1198_1_tp_2, Dinoflagellata_1542_1_tp_2, Katablepharidophyta_7_1_tp_2, Nitrospirae_9_1_tp_2, Proteobacteria_11155_1_tp_2, Proteobacteria_7983_2_tp_2, Raphidophyceae_3_1_tp_2",0.540030235342532,0.205712167824633
"Dinoflagellata_1009_1","Bacteroidetes_1360_2_tp_2, Bacteroidetes_918_5_tp_2, Planctomycetes_34_1_tp_2, Proteobacteria_11120_1_tp_2, Proteobacteria_7289_1_tp_2, Proteobacteria_7314_1_tp_2, Proteobacteria_7319_1_tp_2, Proteobacteria_7983_6_tp_2, Verrucomicrobia_22_2_tp_2",0.611970885265333,0.178101913176536
"Dinoflagellata_1009_1","Bacteroidetes_1360_3_tp_2, Bacteroidetes_919_2_tp_2, Chlorophyta__streptophyta_833_1_tp_2, Dinoflagellata_1098_1_tp_2, Dinoflagellata_1793_1_tp_2, Perkinsea_33_1_tp_2, Proteobacteria_7230_1_tp_2, Proteobacteria_7983_1_tp_2, Rhodophyta_506_1_tp_2",0.442016163537577,0.210288825668104
"Dinoflagellata_1009_1","Bacteroidetes_1204_1_tp_2, Cercozoa_291_1_tp_2, Ciliophora_1195_1_tp_2, Dinoflagellata_1711_1_tp_2, Phylum_reps_1985_1_tp_2, Planctomycetes_34_1_tp_2, Proteobacteria_7231_1_tp_2, Proteobacteria_7316_1_tp_2, Sagenista_61_1_tp_2",0.599117291849769,0.18113627739513
"Dinoflagellata_1009_1","Bacillariophyta_123_1_tp_2, Bacteroidetes_1166_1_tp_2, Bacteroidetes_1186_1_tp_2, Cercozoa_22_1_tp_2, Dinoflagellata_1658_1_tp_2, Div_reps_1600_1_tp_2, Nitrospirae_9_1_tp_2, Proteobacteria_11210_1_tp_2, Proteobacteria_9681_1_tp_2",0.579607723084367,0.185625449033833
"Dinoflagellata_1009_1","Bacteroidetes_1249_1_tp_2, Bacteroidetes_131_1_tp_2, Cyanobacteria_85_1_tp_2, Dinoflagellata_1098_1_tp_2, Dinoflagellata_1968_1_tp_2, Proteobacteria_7314_1_tp_2, Proteobacteria_7982_1_tp_2, Proteobacteria_7983_8_tp_2, Proteobacteria_9649_1_tp_2",0.571879331953068,0.183223451094898
"Dinoflagellata_1009_1","Bacteroidetes_919_2_tp_2, Ciliophora_1195_1_tp_2, Cyanobacteria_85_1_tp_2, Dinoflagellata_1658_1_tp_2, Dinoflagellata_1968_1_tp_2, Proteobacteria_11155_1_tp_2, Proteobacteria_11155_2_tp_2, Proteobacteria_11431_2_tp_2, Proteobacteria_7230_3_tp_2",0.627934208220406,0.170316694730531
"Dinoflagellata_1009_1","Bacteroidetes_1151_1_tp_2, Bacteroidetes_1360_4_tp_2, Bacteroidetes_1360_5_tp_2, Cercozoa_22_1_tp_2, Chlorophyta__streptophyta_120_1_tp_2, Dinoflagellata_1496_1_tp_2, Dinoflagellata_1793_1_tp_2, Planctomycetes_27_1_tp_2, Proteobacteria_7982_2_tp_2",0.419626381029089,0.208060775969888
"Dinoflagellata_1009_1","Bacillariophyta_29_1_tp_2, Cercozoa_22_1_tp_2, Cercozoa_395_1_tp_2, Chlorophyta__streptophyta_120_1_tp_2, Dinoflagellata_1555_1_tp_2, Dinoflagellata_1711_1_tp_2, Planctomycetes_61_1_tp_2, Proteobacteria_11190_1_tp_2, Verrucomicrobia_18_4_tp_2",0.471403127266786,0.195812128572803
"Dinoflagellata_1009_1","Bacteroidetes_918_2_tp_2, Bacteroidetes_918_4_tp_2, Bacteroidetes_918_5_tp_2, Ciliophora_1195_1_tp_2, Dinoflagellata_124_1_tp_2, Haptophyta_203_1_tp_2, Planctomycetes_27_1_tp_2, Proteobacteria_7230_3_tp_2, Proteobacteria_7364_1_tp_2",0.603401517970768,0.19246037981963
"Dinoflagellata_1009_1","Bacteroidetes_918_2_tp_2, Ciliophora_234_1_tp_2, Cyanobacteria_85_1_tp_2, Dinoflagellata_124_1_tp_2, Haptophyta_148_1_tp_2, Nitrospirae_9_1_tp_2, Perkinsea_44_1_tp_2, Phylum_reps_1954_1_tp_2, Proteobacteria_7313_1_tp_2",0.532285039591238,0.185868045059781
"Dinoflagellata_1009_1","Bacteroidetes_129_2_tp_2, Chlorophyta__streptophyta_848_1_tp_2, Planctomycetes_34_1_tp_2, Proteobacteria_11210_2_tp_2, Proteobacteria_7174_1_tp_2, Proteobacteria_7231_1_tp_2, Proteobacteria_7982_2_tp_2, Proteobacteria_7983_6_tp_2, Proteobacteria_8520_1_tp_2",0.547684929702671,0.187775359101004
"Dinoflagellata_1009_1","Bacillariophyta_29_1_tp_2, Bacteroidetes_131_1_tp_2, Chlorophyta__streptophyta_895_1_tp_2, Perkinsea_33_1_tp_2, Perkinsea_44_1_tp_2, Proteobacteria_5461_1_tp_2, Proteobacteria_6384_1_tp_2, Proteobacteria_7787_1_tp_2, Rhodophyta_506_1_tp_2",0.593717831780489,0.17797966487042
"Dinoflagellata_1009_1","Bacillariophyta_100_1_tp_2, Bacteroidetes_129_1_tp_2, Nitrospirae_9_1_tp_2, Proteobacteria_11210_1_tp_2, Proteobacteria_22_1_tp_2, Proteobacteria_7983_4_tp_2, Proteobacteria_7983_8_tp_2, Proteobacteria_8176_2_tp_2, Verrucomicrobia_18_4_tp_2",0.466668475240807,0.213756089165283
"Dinoflagellata_1009_1","Actinobacteria_410_1_tp_2, Bacillariophyta_219_1_tp_2, Bacillariophyta_29_1_tp_2, Bacteroidetes_1151_1_tp_2, Bacteroidetes_1360_3_tp_2, Ciliophora_403_1_tp_2, Dinoflagellata_1749_1_tp_2, Dinoflagellata_874_1_tp_2, Proteobacteria_7983_1_tp_2",0.357771983332523,0.231751364473925
"Dinoflagellata_1009_1","Bacteroidetes_129_2_tp_2, Bacteroidetes_1360_4_tp_2, Cyanobacteria_85_1_tp_2, Dinoflagellata_955_1_tp_2, Div_reps_1600_1_tp_2, Katablepharidophyta_7_1_tp_2, Proteobacteria_11429_1_tp_2, Proteobacteria_7787_1_tp_2, Proteobacteria_7983_5_tp_2",0.559477269704157,0.183095074974507
"Dinoflagellata_1009_1","Bacteroidetes_918_2_tp_2, Dinoflagellata_1198_1_tp_2, Katablepharidophyta_7_1_tp_2, Picozoa_6_1_tp_2, Proteobacteria_7983_6_tp_2, Proteobacteria_8178_1_tp_2, Proteobacteria_8520_1_tp_2, temperature_tp_2, Verrucomicrobia_18_3_tp_2",0.587782334963572,0.188737014724767
"Dinoflagellata_1009_1","Bacteroidetes_1186_1_tp_2, Bacteroidetes_129_2_tp_2, Bacteroidetes_1360_3_tp_2, Proteobacteria_11210_1_tp_2, Proteobacteria_5436_1_tp_2, Proteobacteria_7231_1_tp_2, Proteobacteria_7316_1_tp_2, Proteobacteria_7983_1_tp_2, Proteobacteria_7983_2_tp_2",0.557364114575684,0.205085929427095
"Dinoflagellata_1009_1","Actinobacteria_410_2_tp_2, Bacteroidetes_1224_1_tp_2, Bacteroidetes_956_1_tp_2, Chlorophyta__streptophyta_120_1_tp_2, Cyanobacteria_65_1_tp_2, Dinoflagellata_1769_1_tp_2, Proteobacteria_11431_1_tp_2, Proteobacteria_7295_1_tp_2, Proteobacteria_8177_2_tp_2",0.527396974712225,0.200520951773203
"Dinoflagellata_1009_1","Bacteroidetes_1166_2_tp_2, Bacteroidetes_1360_1_tp_2, Bacteroidetes_918_4_tp_2, Bacteroidetes_919_2_tp_2, Chlorophyta__streptophyta_120_1_tp_2, Dinoflagellata_1098_1_tp_2, Dinoflagellata_124_1_tp_2, Phylum_reps_1954_1_tp_2, Proteobacteria_7230_2_tp_2",0.4971408715508,0.196473397083519
"Dinoflagellata_1009_1","Bacteroidetes_1186_1_tp_2, Bacteroidetes_1360_2_tp_2, Cercozoa_291_1_tp_2, Chlorophyta__streptophyta_732_1_tp_2, Ciliophora_280_1_tp_2, Perkinsea_44_1_tp_2, Proteobacteria_6384_1_tp_2, Proteobacteria_7984_1_tp_2, Proteobacteria_8176_1_tp_2",0.499758054843209,0.197517768047577
"Dinoflagellata_1009_1","Bacteroidetes_1166_1_tp_2, Bacteroidetes_1204_1_tp_2, Bacteroidetes_1349_1_tp_2, Dinoflagellata_1769_1_tp_2, Dinoflagellata_1793_1_tp_2, Picozoa_6_1_tp_2, Proteobacteria_10091_1_tp_2, Proteobacteria_10114_1_tp_2, Proteobacteria_11155_2_tp_2",0.434816061372999,0.213400351080251
"Dinoflagellata_1009_1","Archaea_164_2_tp_2, Bacteroidetes_1166_1_tp_2, Ciliophora_234_1_tp_2, Ciliophora_280_1_tp_2, Perkinsea_44_1_tp_2, Proteobacteria_11429_2_tp_2, Proteobacteria_7295_1_tp_2, Proteobacteria_7316_1_tp_2, Proteobacteria_7983_2_tp_2",0.555820119102043,0.186660549224684
"Dinoflagellata_1009_1","Bacteroidetes_1151_1_tp_2, Bacteroidetes_1167_1_tp_2, Bacteroidetes_1360_5_tp_2, Ciliophora_403_1_tp_2, Proteobacteria_11429_1_tp_2, Proteobacteria_7230_2_tp_2, Proteobacteria_7316_1_tp_2, Proteobacteria_8176_2_tp_2, Verrucomicrobia_18_4_tp_2",0.540453888935541,0.19929098087775
"Dinoflagellata_1009_1","Archaea_164_1_tp_2, Bacillariophyta_219_1_tp_2, Ciliophora_280_1_tp_2, Cryptophyta_15_1_tp_2, Dinoflagellata_1496_1_tp_2, Haptophyta_148_1_tp_2, Proteobacteria_11210_1_tp_2, Proteobacteria_7174_1_tp_2, Verrucomicrobia_18_4_tp_2",0.380677370461858,0.235140270865955
"Dinoflagellata_1009_1","Bacillariophyta_219_1_tp_2, Bacteroidetes_1264_1_tp_2, Cryptophyta_108_1_tp_2, Dinoflagellata_1758_1_tp_2, Proteobacteria_11155_2_tp_2, Proteobacteria_6847_1_tp_2, Proteobacteria_7230_1_tp_2, Proteobacteria_7316_1_tp_2, Rhodophyta_506_1_tp_2",0.519190600748061,0.204067649766734
"Dinoflagellata_1009_1","Actinobacteria_410_1_tp_2, Actinobacteria_410_2_tp_2, Archaea_164_2_tp_2, Bacteroidetes_918_2_tp_2, Cryptophyta_15_2_tp_2, Dinoflagellata_1771_1_tp_2, Proteobacteria_11429_1_tp_2, Proteobacteria_7983_8_tp_2, Proteobacteria_8178_1_tp_2",0.571361700799118,0.198285714740558
"Dinoflagellata_1009_1","Bacteroidetes_129_1_tp_2, Bacteroidetes_919_2_tp_2, Cryptophyta_15_2_tp_2, Dinoflagellata_1198_1_tp_2, Proteobacteria_11429_4_tp_2, Proteobacteria_7982_2_tp_2, Proteobacteria_7983_5_tp_2, Proteobacteria_7984_1_tp_2, Verrucomicrobia_23_1_tp_2",0.470546501829624,0.196741839877236
"Dinoflagellata_1009_1","Actinobacteria_410_1_tp_2, Bacillariophyta_123_1_tp_2, Dictyochophyceae_6_1_tp_2, Dinoflagellata_1771_2_tp_2, Dinoflagellata_874_1_tp_2, Perkinsea_44_1_tp_2, Picozoa_6_1_tp_2, Planctomycetes_61_1_tp_2, Proteobacteria_11190_1_tp_2",0.513005367964371,0.205839167556831
"Dinoflagellata_1009_1","Bacteroidetes_1167_1_tp_2, Bacteroidetes_1360_1_tp_2, Haptophyta_203_1_tp_2, Proteobacteria_10091_1_tp_2, Proteobacteria_11429_4_tp_2, Proteobacteria_7166_1_tp_2, Proteobacteria_7319_1_tp_2, Proteobacteria_7983_3_tp_2, Proteobacteria_8178_1_tp_2",0.504680472639153,0.195467671377804
"Dinoflagellata_1009_1","Archaea_179_1_tp_2, Bacillariophyta_138_1_tp_2, Bacteroidetes_1204_1_tp_2, Bacteroidetes_1360_3_tp_2, Cyanobacteria_73_1_tp_2, Dinoflagellata_1862_1_tp_2, Proteobacteria_5436_1_tp_2, Proteobacteria_7289_1_tp_2, Proteobacteria_8185_1_tp_2",0.572785529673864,0.189563115678269
"Dinoflagellata_1009_1","Dinoflagellata_1555_1_tp_2, Div_reps_1600_2_tp_2, Haptophyta_203_1_tp_2, Perkinsea_33_1_tp_2, Proteobacteria_22_1_tp_2, Proteobacteria_7313_1_tp_2, Proteobacteria_7787_1_tp_2, Proteobacteria_8520_1_tp_2, Verrucomicrobia_18_4_tp_2",0.539362438180219,0.186720624594887
"Dinoflagellata_1009_1","Bacillariophyta_219_1_tp_2, Bacillariophyta_44_1_tp_2, Bacteroidetes_919_3_tp_2, Perkinsea_33_1_tp_2, Proteobacteria_11431_1_tp_2, Proteobacteria_7319_1_tp_2, Proteobacteria_7364_1_tp_2, Proteobacteria_8178_1_tp_2, Proteobacteria_9681_2_tp_2",0.362813154289646,0.210510410313897
"Dinoflagellata_1009_1","Actinobacteria_410_2_tp_2, Bacteroidetes_1360_4_tp_2, Proteobacteria_7100_1_tp_2, Proteobacteria_7174_1_tp_2, Proteobacteria_7313_1_tp_2, Proteobacteria_7787_1_tp_2, Proteobacteria_8176_1_tp_2, Proteobacteria_8185_1_tp_2, Verrucomicrobia_22_1_tp_2",0.506626185398014,0.201873029102164
"Dinoflagellata_1009_1","Bacteroidetes_919_2_tp_2, Dinoflagellata_1658_1_tp_2, Dinoflagellata_1728_2_tp_2, Dinoflagellata_1758_1_tp_2, Phylum_reps_2301_1_tp_2, Proteobacteria_11429_1_tp_2, Proteobacteria_7174_1_tp_2, Proteobacteria_7231_1_tp_2, Proteobacteria_7364_1_tp_2",0.560173574655301,0.184765388908776
"Dinoflagellata_1009_1","Archaea_179_1_tp_2, Chlorophyta__streptophyta_120_1_tp_2, Ciliophora_1195_1_tp_2, Dinoflagellata_1010_1_tp_2, Dinoflagellata_1968_1_tp_2, Phylum_reps_2301_1_tp_2, Proteobacteria_11429_1_tp_2, Proteobacteria_7100_1_tp_2, Proteobacteria_8178_1_tp_2",0.600275055044168,0.174886729110929
"Dinoflagellata_1009_1","Archaea_179_1_tp_2, Bacteroidetes_1178_1_tp_2, Bacteroidetes_918_4_tp_2, Bacteroidetes_919_1_tp_2, Ciliophora_234_1_tp_2, Cryptophyta_15_1_tp_2, Proteobacteria_11155_1_tp_2, Proteobacteria_7982_1_tp_2, Proteobacteria_8176_1_tp_2",0.571857624532566,0.194567898337123
"Dinoflagellata_1009_1","Bacillariophyta_196_1_tp_2, Bacteroidetes_1264_1_tp_2, Bacteroidetes_918_4_tp_2, Bacteroidetes_919_3_tp_2, Planctomycetes_27_1_tp_2, Proteobacteria_11428_1_tp_2, Proteobacteria_7174_1_tp_2, Proteobacteria_7289_1_tp_2, Proteobacteria_9649_1_tp_2",0.487038848246949,0.200440278846838
"Dinoflagellata_1009_1","Actinobacteria_410_1_tp_2, Bacteroidetes_129_1_tp_2, Chlorophyta__streptophyta_732_1_tp_2, Chrysophyceae_16_1_tp_2, Dinoflagellata_1496_1_tp_2, Phylum_reps_1954_1_tp_2, Proteobacteria_7174_1_tp_2, Verrucomicrobia_22_1_tp_2, Verrucomicrobia_23_1_tp_2",0.46127666637507,0.195050074670332
"Dinoflagellata_1009_1","Bacteroidetes_1166_1_tp_2, Bacteroidetes_1235_1_tp_2, Bacteroidetes_1264_1_tp_2, Bacteroidetes_129_1_tp_2, Cryptophyta_108_1_tp_2, Dinoflagellata_1968_1_tp_2, Phylum_reps_2301_1_tp_2, Proteobacteria_7316_1_tp_2, Proteobacteria_8176_2_tp_2",0.650283931524341,0.176198619355987
"Dinoflagellata_1009_1","Bacteroidetes_1178_1_tp_2, Bacteroidetes_1360_1_tp_2, Bacteroidetes_918_3_tp_2, Dinoflagellata_1658_1_tp_2, Dinoflagellata_1968_1_tp_2, Phylum_reps_1954_1_tp_2, Proteobacteria_5461_1_tp_2, Proteobacteria_7314_1_tp_2, Pseudofungi_43_1_tp_2",0.638981821233596,0.169437125603719
"Dinoflagellata_1009_1","Bacteroidetes_1224_1_tp_2, Bacteroidetes_131_1_tp_2, Bacteroidetes_1360_2_tp_2, Bacteroidetes_919_2_tp_2, Picozoa_6_1_tp_2, Proteobacteria_22_1_tp_2, Proteobacteria_7983_5_tp_2, Verrucomicrobia_18_4_tp_2, Verrucomicrobia_22_1_tp_2",0.554030475357985,0.187328083009014
"Dinoflagellata_1009_1","Bacteroidetes_1360_2_tp_2, Dinoflagellata_1728_1_tp_2, Perkinsea_33_1_tp_2, Proteobacteria_10114_1_tp_2, Proteobacteria_7314_1_tp_2, Proteobacteria_7982_1_tp_2, Proteobacteria_7984_1_tp_2, Proteobacteria_8177_2_tp_2, Verrucomicrobia_18_3_tp_2",0.5758972355557,0.181145273346034
"Dinoflagellata_1009_1","Actinobacteria_410_2_tp_2, Bacteroidetes_1166_1_tp_2, Bacteroidetes_1264_1_tp_2, Bacteroidetes_131_1_tp_2, Chlorophyta__streptophyta_120_1_tp_2, Cyanobacteria_65_1_tp_2, Dinoflagellata_1017_1_tp_2, Planctomycetes_34_1_tp_2, Proteobacteria_8185_1_tp_2",0.60089024753113,0.182189857993021
"Dinoflagellata_1009_1","Archaea_179_1_tp_2, Bacteroidetes_938_1_tp_2, Chrysophyceae_16_1_tp_2, Ciliophora_234_1_tp_2, Cyanobacteria_73_1_tp_2, Dinoflagellata_955_1_tp_2, Proteobacteria_10114_1_tp_2, Proteobacteria_11210_2_tp_2, Proteobacteria_7983_8_tp_2",0.502915516705504,0.189894460603497
"Dinoflagellata_1009_1","Bacteroidetes_129_1_tp_2, Bacteroidetes_919_2_tp_2, Chlorophyta__streptophyta_732_1_tp_2, Dinoflagellata_1862_1_tp_2, Proteobacteria_11120_1_tp_2, Proteobacteria_7230_3_tp_2, Proteobacteria_7982_1_tp_2, Verrucomicrobia_18_4_tp_2, Verrucomicrobia_22_1_tp_2",0.522216028141577,0.197145838638128
"Dinoflagellata_1009_1","Bacteroidetes_1167_1_tp_2, Bacteroidetes_1235_1_tp_2, Dinoflagellata_1496_1_tp_2, Dinoflagellata_1711_1_tp_2, Dinoflagellata_955_1_tp_2, Phylum_reps_1954_1_tp_2, Proteobacteria_7982_2_tp_2, Proteobacteria_8177_2_tp_2, Verrucomicrobia_18_4_tp_2",0.430608737644499,0.19985431506333
"Dinoflagellata_1009_1","Bacteroidetes_1249_1_tp_2, Cercozoa_395_1_tp_2, Chlorophyta__streptophyta_751_1_tp_2, Dinoflagellata_1555_1_tp_2, Dinoflagellata_1711_1_tp_2, Dinoflagellata_1968_1_tp_2, Proteobacteria_7983_7_tp_2, Proteobacteria_7984_1_tp_2, Proteobacteria_8177_2_tp_2",0.594873103360555,0.181225530126985
"Dinoflagellata_1009_1","Archaea_179_1_tp_2, Bacillariophyta_138_1_tp_2, Ciliophora_451_1_tp_2, Perkinsea_33_1_tp_2, Proteobacteria_5436_1_tp_2, Proteobacteria_6384_1_tp_2, Proteobacteria_7313_1_tp_2, Sagenista_61_1_tp_2, Verrucomicrobia_18_1_tp_2",0.562768018297147,0.186864613898264
"Dinoflagellata_1009_1","Bacillariophyta_29_1_tp_2, Cercozoa_22_1_tp_2, Cyanobacteria_73_1_tp_2, Dinoflagellata_1542_1_tp_2, Proteobacteria_11429_2_tp_2, Proteobacteria_11431_1_tp_2, Proteobacteria_8176_1_tp_2, Proteobacteria_8176_2_tp_2, Proteobacteria_8520_1_tp_2",0.533752646305925,0.196636937998821
"Dinoflagellata_1009_1","Archaea_179_1_tp_2, Bacteroidetes_1194_1_tp_2, Bacteroidetes_1360_1_tp_2, Cercozoa_23_1_tp_2, Cercozoa_395_1_tp_2, Dinoflagellata_1862_1_tp_2, Proteobacteria_7166_1_tp_2, Proteobacteria_7230_3_tp_2, Proteobacteria_7982_1_tp_2",0.534592471667786,0.187285019524395
"Dinoflagellata_1009_1","Bacteroidetes_918_4_tp_2, Bacteroidetes_919_3_tp_2, Cercozoa_395_1_tp_2, Chlorophyta__streptophyta_848_1_tp_2, Nitrospirae_9_1_tp_2, Proteobacteria_11210_2_tp_2, Proteobacteria_7230_1_tp_2, Proteobacteria_7231_1_tp_2, Proteobacteria_7983_2_tp_2",0.484906785763103,0.193646743504597
"Dinoflagellata_1009_1","Bacteroidetes_1186_1_tp_2, Cercozoa_22_1_tp_2, Dinoflagellata_1542_1_tp_2, Haptophyta_148_1_tp_2, Katablepharidophyta_7_1_tp_2, Phylum_reps_2301_1_tp_2, Proteobacteria_7100_1_tp_2, Radiolaria_104_1_tp_2, Sagenista_53_1_tp_2",0.49631111684668,0.194809515108995
"Dinoflagellata_1009_1","Bacillariophyta_196_1_tp_2, Bacteroidetes_1360_1_tp_2, Bacteroidetes_317_1_tp_2, Chlorophyta__streptophyta_848_1_tp_2, Ciliophora_1195_1_tp_2, Planctomycetes_61_1_tp_2, Proteobacteria_10091_1_tp_2, Sagenista_61_1_tp_2, Verrucomicrobia_18_1_tp_2",0.585861555428657,0.187526817187256
"Dinoflagellata_1009_1","Actinobacteria_410_2_tp_2, Bacteroidetes_919_3_tp_2, Chlorophyta__streptophyta_833_1_tp_2, Phylum_reps_2301_1_tp_2, Proteobacteria_11431_2_tp_2, Proteobacteria_7100_1_tp_2, Proteobacteria_7319_1_tp_2, Proteobacteria_8185_1_tp_2, Pseudofungi_43_1_tp_2",0.581387324996993,0.189632053176325
"Dinoflagellata_1009_1","Archaea_164_1_tp_2, Bacteroidetes_1224_1_tp_2, Cryptophyta_108_1_tp_2, Dinoflagellata_1496_1_tp_2, Proteobacteria_10091_1_tp_2, Proteobacteria_7230_1_tp_2, Proteobacteria_9681_2_tp_2, Sagenista_53_1_tp_2, Verrucomicrobia_23_1_tp_2",0.496027853507556,0.198000907756839
"Dinoflagellata_1009_1","Bacteroidetes_919_1_tp_2, Ciliophora_403_1_tp_2, Cyanobacteria_65_1_tp_2, Cyanobacteria_73_1_tp_2, Dinoflagellata_1014_1_tp_2, Proteobacteria_11155_1_tp_2, Proteobacteria_11429_2_tp_2, Proteobacteria_7364_1_tp_2, Proteobacteria_7983_8_tp_2",0.481127239903606,0.212430858289699
"Dinoflagellata_1009_1","Bacteroidetes_1235_1_tp_2, Bacteroidetes_129_1_tp_2, Ciliophora_234_1_tp_2, Dinoflagellata_1658_1_tp_2, Div_reps_1600_1_tp_2, Div_reps_2942_1_tp_2, Planctomycetes_34_1_tp_2, Proteobacteria_7983_3_tp_2, Proteobacteria_7983_8_tp_2",0.554406463373027,0.187485400515699
"Dinoflagellata_1009_1","Bacillariophyta_100_1_tp_2, Bacillariophyta_196_1_tp_2, Chlorophyta__streptophyta_845_1_tp_2, Ciliophora_280_1_tp_2, Dictyochophyceae_6_1_tp_2, Dinoflagellata_1728_1_tp_2, Dinoflagellata_874_1_tp_2, Katablepharidophyta_7_1_tp_2, Proteobacteria_8185_1_tp_2",0.56777322992184,0.19020892170251
"Dinoflagellata_1009_1","Bacteroidetes_129_1_tp_2, Bacteroidetes_918_2_tp_2, Bacteroidetes_919_2_tp_2, Cryptophyta_108_1_tp_2, Nitrospirae_9_1_tp_2, Picozoa_6_1_tp_2, Proteobacteria_7289_1_tp_2, Proteobacteria_7313_1_tp_2, Radiolaria_104_1_tp_2",0.552534069674584,0.199890697973041
"Dinoflagellata_1009_1","Bacteroidetes_129_2_tp_2, Bacteroidetes_919_2_tp_2, Chlorophyta__streptophyta_732_1_tp_2, Ciliophora_403_1_tp_2, Dinoflagellata_1010_1_tp_2, Proteobacteria_10114_1_tp_2, Proteobacteria_11428_1_tp_2, Proteobacteria_7982_2_tp_2, Raphidophyceae_3_1_tp_2",0.500119142383069,0.193893484187545
"Dinoflagellata_1009_1","Bacteroidetes_131_1_tp_2, Bacteroidetes_918_2_tp_2, Ciliophora_298_1_tp_2, Phylum_reps_1985_1_tp_2, Proteobacteria_7316_1_tp_2, Proteobacteria_7319_1_tp_2, Proteobacteria_7983_6_tp_2, Proteobacteria_8175_1_tp_2, Proteobacteria_8520_1_tp_2",0.533103309031107,0.195863693679847
"Dinoflagellata_1009_1","Bacillariophyta_219_1_tp_2, Bacteroidetes_1166_1_tp_2, Bacteroidetes_1249_1_tp_2, Bacteroidetes_1360_2_tp_2, Chlorophyta__streptophyta_120_1_tp_2, Dinoflagellata_1769_1_tp_2, Div_reps_1600_1_tp_2, Lobosa_11_1_tp_2, Proteobacteria_6847_1_tp_2",0.537949811797601,0.191712616702358
"Dinoflagellata_1009_1","Bacillariophyta_29_1_tp_2, Bacteroidetes_1360_3_tp_2, Bacteroidetes_918_5_tp_2, Cyanobacteria_85_1_tp_2, Dinoflagellata_1769_1_tp_2, Div_reps_1600_1_tp_2, Lobosa_11_1_tp_2, Proteobacteria_7289_1_tp_2, Proteobacteria_7983_4_tp_2",0.516977692913484,0.188323102741319
"Dinoflagellata_1009_1","Bacteroidetes_1166_2_tp_2, Bacteroidetes_1349_1_tp_2, Dinoflagellata_1010_1_tp_2, Dinoflagellata_1771_1_tp_2, Dinoflagellata_1793_1_tp_2, Picozoa_6_1_tp_2, Proteobacteria_11155_2_tp_2, Raphidophyceae_3_1_tp_2, Verrucomicrobia_18_4_tp_2",0.410606212535896,0.226290829940147
"Dinoflagellata_1009_1","Bacteroidetes_129_2_tp_2, Bacteroidetes_131_1_tp_2, Bacteroidetes_919_1_tp_2, Chlorophyta__streptophyta_845_1_tp_2, Phylum_reps_1954_1_tp_2, Proteobacteria_11155_1_tp_2, Proteobacteria_7313_1_tp_2, Proteobacteria_7983_3_tp_2, Pseudofungi_43_1_tp_2",0.544918174019336,0.18783327292904
"Dinoflagellata_1009_1","Bacteroidetes_918_4_tp_2, Chlorophyta__streptophyta_751_1_tp_2, Chlorophyta__streptophyta_895_1_tp_2, Dictyochophyceae_6_1_tp_2, Dinoflagellata_1758_1_tp_2, Dinoflagellata_1968_1_tp_2, Proteobacteria_11429_4_tp_2, Proteobacteria_7230_2_tp_2, Proteobacteria_9681_2_tp_2",0.53879009005635,0.204382571557161
"Dinoflagellata_1009_1","Bacteroidetes_1166_1_tp_2, Bacteroidetes_1186_1_tp_2, Bacteroidetes_129_2_tp_2, Chrysophyceae_16_1_tp_2, Cryptophyta_108_1_tp_2, Phylum_reps_1954_1_tp_2, Proteobacteria_11431_2_tp_2, Proteobacteria_7230_1_tp_2, Proteobacteria_7313_1_tp_2",0.60129694722981,0.178423407352483
"Dinoflagellata_1009_1","Bacillariophyta_100_1_tp_2, Bacteroidetes_1166_2_tp_2, Bacteroidetes_1178_1_tp_2, Dinoflagellata_1014_1_tp_2, Div_reps_1600_1_tp_2, Proteobacteria_7983_4_tp_2, Proteobacteria_7983_5_tp_2, Verrucomicrobia_18_2_tp_2, Verrucomicrobia_18_4_tp_2",0.332257260591037,0.217961955791889
"Dinoflagellata_1009_1","Actinobacteria_410_2_tp_2, Bacteroidetes_1151_1_tp_2, Bacteroidetes_1204_1_tp_2, Bacteroidetes_129_2_tp_2, Chlorophyta__streptophyta_833_1_tp_2, Proteobacteria_22_1_tp_2, Proteobacteria_7166_1_tp_2, Proteobacteria_8176_1_tp_2, Verrucomicrobia_18_1_tp_2",0.385025528986868,0.210615021899165
"Dinoflagellata_1009_1","Ciliophora_451_1_tp_2, Dinoflagellata_1017_1_tp_2, Dinoflagellata_1793_1_tp_2, Perkinsea_44_1_tp_2, Planctomycetes_27_1_tp_2, Proteobacteria_5461_1_tp_2, Proteobacteria_7166_1_tp_2, Proteobacteria_7174_1_tp_2, Proteobacteria_7319_1_tp_2",0.373461376434546,0.212705105546418
"Dinoflagellata_1009_1","Bacteroidetes_1186_1_tp_2, Bacteroidetes_129_2_tp_2, Bacteroidetes_1360_4_tp_2, Cercozoa_395_1_tp_2, Ciliophora_234_1_tp_2, Cryptophyta_15_1_tp_2, Katablepharidophyta_7_1_tp_2, Proteobacteria_7230_2_tp_2, Proteobacteria_7314_1_tp_2",0.54150586004092,0.191224210488183
"Dinoflagellata_1009_1","Actinobacteria_410_1_tp_2, Ciliophora_280_1_tp_2, Perkinsea_44_1_tp_2, Picozoa_6_1_tp_2, Proteobacteria_11429_3_tp_2, Proteobacteria_7174_1_tp_2, Proteobacteria_7230_1_tp_2, Proteobacteria_7983_1_tp_2, Verrucomicrobia_22_1_tp_2",0.399794285452101,0.203007489074733
"Dinoflagellata_1009_1","Bacillariophyta_31_1_tp_2, Bacteroidetes_1178_1_tp_2, Bacteroidetes_918_1_tp_2, Dinoflagellata_1542_1_tp_2, Proteobacteria_11429_4_tp_2, Proteobacteria_7983_1_tp_2, Proteobacteria_7983_3_tp_2, Proteobacteria_7983_7_tp_2, Proteobacteria_7984_1_tp_2",0.417702844185712,0.220823810964129
"Dinoflagellata_1009_1","Bacteroidetes_918_2_tp_2, Chlorophyta__streptophyta_845_1_tp_2, Dinoflagellata_1728_2_tp_2, Planctomycetes_27_1_tp_2, Proteobacteria_6847_1_tp_2, Proteobacteria_7316_1_tp_2, Proteobacteria_7787_1_tp_2, Proteobacteria_7983_7_tp_2, Verrucomicrobia_22_1_tp_2",0.536741189647347,0.191482612443025
"Dinoflagellata_1009_1","Bacteroidetes_129_2_tp_2, Chlorophyta__streptophyta_120_1_tp_2, Dinoflagellata_124_1_tp_2, Dinoflagellata_1496_1_tp_2, Dinoflagellata_1542_1_tp_2, Nitrospirae_9_1_tp_2, Proteobacteria_7230_2_tp_2, Proteobacteria_8177_2_tp_2, Proteobacteria_8520_1_tp_2",0.516729575230655,0.200826160065845
"Dinoflagellata_1009_1","Bacteroidetes_918_2_tp_2, Bacteroidetes_919_2_tp_2, Ciliophora_451_1_tp_2, Dinoflagellata_1198_1_tp_2, Dinoflagellata_124_1_tp_2, Dinoflagellata_1555_1_tp_2, Planctomycetes_61_1_tp_2, Proteobacteria_7983_1_tp_2, Proteobacteria_7983_6_tp_2",0.574247211082221,0.193912638905018
"Dinoflagellata_1009_1","Bacteroidetes_1249_1_tp_2, Cercozoa_291_1_tp_2, Dinoflagellata_1793_1_tp_2, Katablepharidophyta_7_1_tp_2, Proteobacteria_10114_1_tp_2, Proteobacteria_7295_1_tp_2, Proteobacteria_7787_1_tp_2, Proteobacteria_8520_1_tp_2, temperature_tp_2",0.405676414878425,0.211423570184068
"Dinoflagellata_1009_1","Bacillariophyta_196_1_tp_2, Bacteroidetes_919_1_tp_2, Bacteroidetes_956_1_tp_2, Cyanobacteria_85_1_tp_2, Dinoflagellata_955_1_tp_2, Phylum_reps_2301_1_tp_2, Proteobacteria_6847_1_tp_2, Proteobacteria_7230_1_tp_2, Proteobacteria_8176_2_tp_2",0.444613299850598,0.204751530452835
"Dinoflagellata_1009_1","Archaea_179_1_tp_2, Bacillariophyta_219_1_tp_2, Bacteroidetes_1235_1_tp_2, Perkinsea_44_1_tp_2, Picozoa_6_1_tp_2, Proteobacteria_11155_1_tp_2, Proteobacteria_7314_1_tp_2, Proteobacteria_9649_1_tp_2, Verrucomicrobia_18_1_tp_2",0.479887063884778,0.196922874832987
"Dinoflagellata_1009_1","Bacillariophyta_138_1_tp_2, Chlorophyta__streptophyta_120_1_tp_2, Perkinsea_33_1_tp_2, Proteobacteria_11429_4_tp_2, Proteobacteria_7289_1_tp_2, Proteobacteria_7295_1_tp_2, Proteobacteria_7316_1_tp_2, Proteobacteria_7787_1_tp_2, Proteobacteria_8177_1_tp_2",0.545777433058317,0.193061897089919
"Dinoflagellata_1009_1","Bacteroidetes_1204_1_tp_2, Chlorophyta__streptophyta_732_1_tp_2, Cyanobacteria_73_1_tp_2, Div_reps_2942_1_tp_2, Proteobacteria_10091_1_tp_2, Proteobacteria_7166_1_tp_2, Proteobacteria_7174_1_tp_2, Pseudofungi_43_1_tp_2, Verrucomicrobia_23_1_tp_2",0.354312771056659,0.206287498404812
"Dinoflagellata_1009_1","Archaea_164_1_tp_2, Bacteroidetes_131_1_tp_2, Chlorophyta__streptophyta_848_1_tp_2, Dinoflagellata_1010_1_tp_2, Dinoflagellata_1728_2_tp_2, Dinoflagellata_1793_1_tp_2, Planctomycetes_61_1_tp_2, Proteobacteria_11120_1_tp_2, Proteobacteria_7319_1_tp_2",0.465632326534506,0.200990417230634
"Dinoflagellata_1009_1","Bacillariophyta_31_1_tp_2, Bacteroidetes_317_1_tp_2, Bacteroidetes_918_4_tp_2, Chlorophyta__streptophyta_732_1_tp_2, Ciliophora_451_1_tp_2, Proteobacteria_11155_1_tp_2, Proteobacteria_11429_4_tp_2, Proteobacteria_7166_1_tp_2, Proteobacteria_9681_1_tp_2",0.442101479900195,0.205351681130503
"Dinoflagellata_1009_1","Chlorophyta__streptophyta_732_1_tp_2, Dinoflagellata_1542_1_tp_2, Dinoflagellata_982_1_tp_2, Proteobacteria_11210_2_tp_2, Proteobacteria_7166_1_tp_2, Proteobacteria_7174_1_tp_2, Proteobacteria_7364_1_tp_2, Proteobacteria_8185_1_tp_2, Verrucomicrobia_18_2_tp_2",0.504341869832471,0.195228102196972
"Dinoflagellata_1009_1","Bacillariophyta_219_1_tp_2, Ciliophora_280_1_tp_2, Dinoflagellata_1542_1_tp_2, Dinoflagellata_1728_2_tp_2, Dinoflagellata_1862_1_tp_2, Proteobacteria_10114_1_tp_2, Proteobacteria_10168_1_tp_2, Proteobacteria_7100_1_tp_2, Proteobacteria_8176_1_tp_2",0.47381601550032,0.195782661754846
"Dinoflagellata_1009_1","Bacteroidetes_919_3_tp_2, Cercozoa_291_1_tp_2, Dinoflagellata_1749_1_tp_2, Picozoa_6_1_tp_2, Planctomycetes_34_1_tp_2, Proteobacteria_11210_1_tp_2, Proteobacteria_6384_1_tp_2, Proteobacteria_7983_2_tp_2, Proteobacteria_8185_1_tp_2",0.576353118476406,0.192411293238695
"Dinoflagellata_1009_1","Bacteroidetes_317_1_tp_2, Chrysophyceae_16_1_tp_2, Ciliophora_234_1_tp_2, Cyanobacteria_48_1_tp_2, Cyanobacteria_73_1_tp_2, Dinoflagellata_1496_1_tp_2, Proteobacteria_11155_2_tp_2, Proteobacteria_7983_1_tp_2, Proteobacteria_8185_1_tp_2",0.568335030419159,0.198432550463968
"Dinoflagellata_1009_1","Actinobacteria_410_2_tp_2, Ciliophora_280_1_tp_2, Ciliophora_451_1_tp_2, Dinoflagellata_1017_1_tp_2, Nitrospirae_9_1_tp_2, Planctomycetes_27_1_tp_2, Planctomycetes_34_1_tp_2, Proteobacteria_11155_2_tp_2, Proteobacteria_7364_1_tp_2",0.432889363751205,0.206473941600796
"Dinoflagellata_1009_1","Bacillariophyta_219_1_tp_2, Bacteroidetes_1349_1_tp_2, Perkinsea_44_1_tp_2, Proteobacteria_6384_1_tp_2, Proteobacteria_6847_1_tp_2, Proteobacteria_7295_1_tp_2, Proteobacteria_7364_1_tp_2, Proteobacteria_7983_2_tp_2, Verrucomicrobia_22_1_tp_2",0.525599481397359,0.195520284286291
"Dinoflagellata_1009_1","Chlorophyta__streptophyta_845_1_tp_2, Dinoflagellata_1968_1_tp_2, Haptophyta_203_1_tp_2, Proteobacteria_7100_1_tp_2, Proteobacteria_7174_1_tp_2, Proteobacteria_7313_1_tp_2, Proteobacteria_7319_1_tp_2, Proteobacteria_7983_3_tp_2, Proteobacteria_8177_1_tp_2",0.519282398321251,0.199524797273327
"Dinoflagellata_1009_1","Bacteroidetes_1224_1_tp_2, Bacteroidetes_1249_1_tp_2, Bacteroidetes_918_3_tp_2, Cyanobacteria_48_1_tp_2, Dinoflagellata_1728_1_tp_2, Proteobacteria_10091_1_tp_2, Proteobacteria_7364_1_tp_2, Proteobacteria_7983_2_tp_2, Proteobacteria_8175_1_tp_2",0.60448302746963,0.179555325893684
"Dinoflagellata_1009_1","Bacteroidetes_1186_1_tp_2, Bacteroidetes_918_4_tp_2, Chlorophyta__streptophyta_845_1_tp_2, Cyanobacteria_73_1_tp_2, Dinoflagellata_1658_1_tp_2, Proteobacteria_11210_2_tp_2, Proteobacteria_7983_2_tp_2, Proteobacteria_8176_1_tp_2, Verrucomicrobia_18_4_tp_2",0.569730965039548,0.190836799397298
"Dinoflagellata_1009_1","Bacteroidetes_1360_2_tp_2, Bacteroidetes_956_1_tp_2, Cyanobacteria_65_1_tp_2, Proteobacteria_7231_1_tp_2, Proteobacteria_7319_1_tp_2, Proteobacteria_7983_6_tp_2, Proteobacteria_8177_1_tp_2, Sagenista_53_1_tp_2, Sagenista_61_1_tp_2",0.553311137275728,0.194394730199746
"Dinoflagellata_1009_1","Dinoflagellata_1862_1_tp_2, Picozoa_18_1_tp_2, Proteobacteria_10091_1_tp_2, Proteobacteria_10168_1_tp_2, Proteobacteria_11155_1_tp_2, Proteobacteria_22_1_tp_2, Proteobacteria_5461_1_tp_2, Proteobacteria_7230_3_tp_2, Proteobacteria_8175_1_tp_2",0.571382657879174,0.181117615345362
"Dinoflagellata_1009_1","Bacillariophyta_219_1_tp_2, Bacteroidetes_1264_1_tp_2, Chlorophyta__streptophyta_120_1_tp_2, Proteobacteria_11210_2_tp_2, Proteobacteria_7295_1_tp_2, Proteobacteria_8177_2_tp_2, Proteobacteria_8178_1_tp_2, Proteobacteria_9649_1_tp_2, Verrucomicrobia_23_1_tp_2",0.535179080448356,0.189057574453239
"Dinoflagellata_1009_1","Bacteroidetes_1235_1_tp_2, Bacteroidetes_918_2_tp_2, Dinoflagellata_1658_1_tp_2, Dinoflagellata_955_1_tp_2, Proteobacteria_11429_3_tp_2, Proteobacteria_6847_1_tp_2, Proteobacteria_7983_1_tp_2, Proteobacteria_8185_1_tp_2, Proteobacteria_9649_1_tp_2",0.569674583344199,0.183632154577008
"Dinoflagellata_1009_1","Ciliophora_298_1_tp_2, Ciliophora_451_1_tp_2, Dinoflagellata_1198_1_tp_2, Dinoflagellata_1555_1_tp_2, Div_reps_1600_1_tp_2, Proteobacteria_11210_2_tp_2, Pseudofungi_43_1_tp_2, Sagenista_53_1_tp_2, Sagenista_61_1_tp_2",0.462222857389165,0.207755357400627
"Dinoflagellata_1009_1","Bacteroidetes_918_3_tp_2, Chlorophyta__streptophyta_845_1_tp_2, Cyanobacteria_48_1_tp_2, Dinoflagellata_1014_1_tp_2, Dinoflagellata_124_1_tp_2, Dinoflagellata_1968_1_tp_2, Phylum_reps_1985_1_tp_2, Proteobacteria_7787_1_tp_2, Verrucomicrobia_18_3_tp_2",0.538994582010256,0.192704008288131
"Dinoflagellata_1009_1","Bacteroidetes_1249_1_tp_2, Ciliophora_298_1_tp_2, Cyanobacteria_65_1_tp_2, Dinoflagellata_1793_1_tp_2, Dinoflagellata_874_1_tp_2, Dinoflagellata_955_1_tp_2, Div_reps_1600_2_tp_2, Proteobacteria_11210_1_tp_2, Radiolaria_104_1_tp_2",0.432605841911658,0.216803623731469
"Dinoflagellata_1009_1","Bacteroidetes_1178_1_tp_2, Dinoflagellata_1749_1_tp_2, Phylum_reps_1985_1_tp_2, Proteobacteria_11155_2_tp_2, Proteobacteria_6384_1_tp_2, Proteobacteria_7316_1_tp_2, Proteobacteria_7983_4_tp_2, Proteobacteria_8176_2_tp_2, Proteobacteria_9681_2_tp_2",0.511197719820773,0.198329845115567
"Dinoflagellata_1009_1","Bacteroidetes_1186_1_tp_2, Cercozoa_22_1_tp_2, Chlorophyta__streptophyta_848_1_tp_2, Dinoflagellata_1496_1_tp_2, Div_reps_1600_2_tp_2, Phylum_reps_2301_1_tp_2, Proteobacteria_10091_1_tp_2, Proteobacteria_10168_1_tp_2, Proteobacteria_7166_1_tp_2",0.510871804450946,0.188628669169431
"Dinoflagellata_1009_1","Bacteroidetes_1235_1_tp_2, Dinoflagellata_1496_1_tp_2, Div_reps_2942_1_tp_2, Proteobacteria_10114_1_tp_2, Proteobacteria_11210_2_tp_2, Proteobacteria_6384_1_tp_2, Proteobacteria_7230_3_tp_2, Sagenista_53_1_tp_2, Verrucomicrobia_18_2_tp_2",0.437719257672587,0.202478801552641
"Dinoflagellata_1009_1","Actinobacteria_410_1_tp_2, Actinobacteria_410_2_tp_2, Bacillariophyta_196_1_tp_2, Cryptophyta_15_1_tp_2, Cyanobacteria_65_1_tp_2, Dinoflagellata_1496_1_tp_2, Proteobacteria_7230_2_tp_2, Proteobacteria_7230_3_tp_2, Proteobacteria_8175_1_tp_2",0.474827664298638,0.239276225244534
"Dinoflagellata_1009_1","Bacteroidetes_317_1_tp_2, Chlorophyta__streptophyta_848_1_tp_2, Dinoflagellata_1014_1_tp_2, Div_reps_1600_1_tp_2, Proteobacteria_11429_2_tp_2, Proteobacteria_11429_3_tp_2, Proteobacteria_11429_4_tp_2, Proteobacteria_6847_1_tp_2, Proteobacteria_7984_1_tp_2",0.531536563079615,0.194787637718286
"Dinoflagellata_1009_1","Bacteroidetes_1360_3_tp_2, Chlorophyta__streptophyta_120_1_tp_2, Ciliophora_280_1_tp_2, Ciliophora_298_1_tp_2, Proteobacteria_11428_1_tp_2, Proteobacteria_7100_1_tp_2, Proteobacteria_8178_1_tp_2, Sagenista_53_1_tp_2, Verrucomicrobia_18_1_tp_2",0.447936727355225,0.202541761068777
"Dinoflagellata_1009_1","Actinobacteria_410_1_tp_2, Perkinsea_33_1_tp_2, Proteobacteria_11431_1_tp_2, Proteobacteria_11431_2_tp_2, Proteobacteria_22_1_tp_2, Proteobacteria_7230_2_tp_2, Proteobacteria_7983_7_tp_2, Proteobacteria_9681_1_tp_2, Pseudofungi_43_1_tp_2",0.612242037264751,0.184993741458475
"Dinoflagellata_1009_1","Bacteroidetes_1167_1_tp_2, Bacteroidetes_1178_1_tp_2, Bacteroidetes_1194_1_tp_2, Bacteroidetes_1204_1_tp_2, Bacteroidetes_918_1_tp_2, Div_reps_2942_1_tp_2, Planctomycetes_27_1_tp_2, Proteobacteria_7231_1_tp_2, Sagenista_61_1_tp_2",0.529646175065518,0.180147279256474
"Dinoflagellata_1009_1","Bacillariophyta_29_1_tp_2, Bacteroidetes_1204_1_tp_2, Dinoflagellata_1496_1_tp_2, Dinoflagellata_1555_1_tp_2, Dinoflagellata_1758_1_tp_2, Lobosa_11_1_tp_2, Proteobacteria_10091_1_tp_2, Proteobacteria_8176_2_tp_2, Proteobacteria_8177_2_tp_2",0.475523490284251,0.218150724840213
"Dinoflagellata_1009_1","Bacteroidetes_129_1_tp_2, Bacteroidetes_1360_3_tp_2, Ciliophora_451_1_tp_2, Cryptophyta_108_1_tp_2, Planctomycetes_61_1_tp_2, Proteobacteria_7230_2_tp_2, Proteobacteria_7983_4_tp_2, Proteobacteria_7983_7_tp_2, Sagenista_53_1_tp_2",0.452982214189196,0.212190748001056
"Dinoflagellata_1009_1","Bacteroidetes_1186_1_tp_2, Bacteroidetes_129_2_tp_2, Bacteroidetes_919_3_tp_2, Chlorophyta__streptophyta_895_1_tp_2, Dinoflagellata_1010_1_tp_2, Dinoflagellata_1098_1_tp_2, Proteobacteria_10114_1_tp_2, Proteobacteria_11428_1_tp_2, Proteobacteria_11429_4_tp_2",0.573516252525551,0.180728831107836
"Dinoflagellata_1009_1","Bacteroidetes_1178_1_tp_2, Bacteroidetes_1194_1_tp_2, Chlorophyta__streptophyta_845_1_tp_2, Dinoflagellata_1771_2_tp_2, Dinoflagellata_982_1_tp_2, Phylum_reps_1985_1_tp_2, Proteobacteria_7231_1_tp_2, Proteobacteria_8175_1_tp_2, Proteobacteria_8178_1_tp_2",0.620130969570405,0.187378029628485
"Dinoflagellata_1009_1","Bacillariophyta_219_1_tp_2, Dinoflagellata_1010_1_tp_2, Dinoflagellata_1014_1_tp_2, Dinoflagellata_1758_1_tp_2, Perkinsea_33_1_tp_2, Proteobacteria_11120_1_tp_2, Proteobacteria_11431_1_tp_2, Proteobacteria_7982_1_tp_2, Sagenista_61_1_tp_2",0.597008494856053,0.184131340539224
"Dinoflagellata_1009_1","Bacteroidetes_1167_1_tp_2, Bacteroidetes_1194_1_tp_2, Cyanobacteria_85_1_tp_2, Perkinsea_33_1_tp_2, Phylum_reps_1954_1_tp_2, Planctomycetes_27_1_tp_2, Proteobacteria_10168_1_tp_2, Proteobacteria_7983_7_tp_2, Proteobacteria_9681_1_tp_2",0.515663148516692,0.18944974497448
"Dinoflagellata_1009_1","Bacteroidetes_1178_1_tp_2, Bacteroidetes_1186_1_tp_2, Bacteroidetes_918_3_tp_2, Cercozoa_22_1_tp_2, Lobosa_11_1_tp_2, Proteobacteria_7100_1_tp_2, Proteobacteria_7364_1_tp_2, Proteobacteria_7982_1_tp_2, Proteobacteria_7983_2_tp_2",0.584885970866473,0.178102610656092
"Dinoflagellata_1009_1","Bacteroidetes_1167_1_tp_2, Bacteroidetes_1186_1_tp_2, Bacteroidetes_1349_1_tp_2, Phylum_reps_1954_1_tp_2, Picozoa_18_1_tp_2, Proteobacteria_11429_3_tp_2, Proteobacteria_7166_1_tp_2, Rhodophyta_506_1_tp_2, Sagenista_61_1_tp_2",0.410792731985532,0.20417385695469
"Dinoflagellata_1009_1","Bacillariophyta_29_1_tp_2, Bacteroidetes_1264_1_tp_2, Bacteroidetes_129_2_tp_2, Ciliophora_298_1_tp_2, Picozoa_18_1_tp_2, Proteobacteria_6847_1_tp_2, Proteobacteria_7983_5_tp_2, Proteobacteria_8178_1_tp_2, Verrucomicrobia_18_3_tp_2",0.52960094333734,0.203615293220686
"Dinoflagellata_1009_1","Bacteroidetes_1186_1_tp_2, Bacteroidetes_918_2_tp_2, Bacteroidetes_918_5_tp_2, Bacteroidetes_919_2_tp_2, Dinoflagellata_1555_1_tp_2, Dinoflagellata_1711_1_tp_2, Dinoflagellata_1793_1_tp_2, Proteobacteria_11190_1_tp_2, Verrucomicrobia_18_3_tp_2",0.536395415073707,0.198544387127847
"Dinoflagellata_1009_1","Bacteroidetes_129_1_tp_2, Bacteroidetes_1360_2_tp_2, Bacteroidetes_1360_3_tp_2, Cryptophyta_15_2_tp_2, Dinoflagellata_1010_1_tp_2, Dinoflagellata_1862_1_tp_2, Proteobacteria_7230_2_tp_2, Proteobacteria_8176_1_tp_2, Verrucomicrobia_23_1_tp_2",0.575879439479792,0.193611786202777
"Dinoflagellata_1009_1","Actinobacteria_410_2_tp_2, Bacteroidetes_918_2_tp_2, Cyanobacteria_48_1_tp_2, Dinoflagellata_1017_1_tp_2, Phylum_reps_1954_1_tp_2, Proteobacteria_7364_1_tp_2, Proteobacteria_7983_8_tp_2, Sagenista_53_1_tp_2, Sagenista_61_1_tp_2",0.439235238447355,0.186492922736512
"Dinoflagellata_1009_1","Bacteroidetes_938_1_tp_2, Chlorophyta__streptophyta_751_1_tp_2, Picozoa_18_1_tp_2, Proteobacteria_11190_1_tp_2, Proteobacteria_11210_1_tp_2, Proteobacteria_11429_2_tp_2, Proteobacteria_11431_1_tp_2, Raphidophyceae_3_1_tp_2, Sagenista_61_1_tp_2",0.515103427758467,0.235530494620492
"Dinoflagellata_1009_1","Bacteroidetes_1151_1_tp_2, Bacteroidetes_1167_1_tp_2, Bacteroidetes_1249_1_tp_2, Bacteroidetes_918_3_tp_2, Cryptophyta_15_2_tp_2, Cyanobacteria_48_1_tp_2, Proteobacteria_7230_1_tp_2, Proteobacteria_7316_1_tp_2, Rhodophyta_506_1_tp_2",0.455107481118859,0.210629165786005
"Dinoflagellata_1009_1","Bacteroidetes_1186_1_tp_2, Ciliophora_280_1_tp_2, Dinoflagellata_1098_1_tp_2, Phylum_reps_2301_1_tp_2, Proteobacteria_11210_1_tp_2, Proteobacteria_7174_1_tp_2, Proteobacteria_7230_3_tp_2, Proteobacteria_8520_1_tp_2, Proteobacteria_9681_2_tp_2",0.415545139667098,0.216338072976305
"Dinoflagellata_1009_1","Bacillariophyta_138_1_tp_2, Bacillariophyta_31_1_tp_2, Bacteroidetes_129_1_tp_2, Dinoflagellata_1749_1_tp_2, Div_reps_2942_1_tp_2, Proteobacteria_10091_1_tp_2, Proteobacteria_7982_1_tp_2, Proteobacteria_7983_6_tp_2, Proteobacteria_8520_1_tp_2",0.540704424257489,0.197400027975005
"Dinoflagellata_1009_1","Bacillariophyta_100_1_tp_2, Bacteroidetes_1360_1_tp_2, Bacteroidetes_956_1_tp_2, Chlorophyta__streptophyta_833_1_tp_2, Chlorophyta__streptophyta_848_1_tp_2, Haptophyta_148_1_tp_2, Proteobacteria_7230_3_tp_2, Proteobacteria_7983_8_tp_2, temperature_tp_2",0.462496668604411,0.20748885989036
"Dinoflagellata_1009_1","Bacillariophyta_100_1_tp_2, Bacteroidetes_1204_1_tp_2, Chlorophyta__streptophyta_751_1_tp_2, Katablepharidophyta_7_1_tp_2, Phylum_reps_1954_1_tp_2, Picozoa_18_1_tp_2, Proteobacteria_5436_1_tp_2, Proteobacteria_7316_1_tp_2, Proteobacteria_7982_2_tp_2",0.478443467101938,0.202031278977274
"Dinoflagellata_1009_1","Bacteroidetes_919_3_tp_2, Chlorophyta__streptophyta_751_1_tp_2, Planctomycetes_27_1_tp_2, Planctomycetes_34_1_tp_2, Proteobacteria_7231_1_tp_2, Proteobacteria_7314_1_tp_2, Proteobacteria_7319_1_tp_2, Proteobacteria_7983_4_tp_2, Proteobacteria_9681_2_tp_2",0.515440114181348,0.193274585353744
"Dinoflagellata_1009_1","Bacillariophyta_219_1_tp_2, Bacteroidetes_918_5_tp_2, Chlorophyta__streptophyta_895_1_tp_2, Cryptophyta_15_1_tp_2, Dinoflagellata_1198_1_tp_2, Dinoflagellata_124_1_tp_2, Dinoflagellata_982_1_tp_2, Proteobacteria_7166_1_tp_2, Verrucomicrobia_22_1_tp_2",0.506666404703676,0.199831524705926
"Dinoflagellata_1009_1","Bacillariophyta_44_1_tp_2, Bacteroidetes_1360_4_tp_2, Ciliophora_298_1_tp_2, Dinoflagellata_1749_1_tp_2, Phylum_reps_1985_1_tp_2, Proteobacteria_10168_1_tp_2, Proteobacteria_7166_1_tp_2, Proteobacteria_7314_1_tp_2, Raphidophyceae_3_1_tp_2",0.270054646786406,0.227676277611733
"Dinoflagellata_1009_1","Bacillariophyta_138_1_tp_2, Bacteroidetes_1360_3_tp_2, Bacteroidetes_918_5_tp_2, Dictyochophyceae_6_1_tp_2, Dinoflagellata_1010_1_tp_2, Dinoflagellata_1728_2_tp_2, Phylum_reps_1985_1_tp_2, Rhodophyta_506_1_tp_2, Sagenista_53_1_tp_2",0.555671652865061,0.204944290749466
"Dinoflagellata_1009_1","Bacillariophyta_44_1_tp_2, Bacteroidetes_1166_2_tp_2, Ciliophora_298_1_tp_2, Dinoflagellata_874_1_tp_2, Perkinsea_44_1_tp_2, Picozoa_6_1_tp_2, Proteobacteria_7314_1_tp_2, Verrucomicrobia_18_4_tp_2, Verrucomicrobia_22_1_tp_2",0.361600423881856,0.214238813442326
"Dinoflagellata_1009_1","Bacteroidetes_1360_2_tp_2, Bacteroidetes_918_1_tp_2, Chrysophyceae_16_1_tp_2, Dinoflagellata_1542_1_tp_2, Dinoflagellata_1771_2_tp_2, Proteobacteria_7174_1_tp_2, Proteobacteria_7983_5_tp_2, Proteobacteria_8176_1_tp_2, Proteobacteria_8185_1_tp_2",0.550471590392021,0.191400300997906
"Dinoflagellata_1009_1","Bacteroidetes_1360_3_tp_2, Cercozoa_23_1_tp_2, Chlorophyta__streptophyta_751_1_tp_2, Dinoflagellata_1728_2_tp_2, Dinoflagellata_955_1_tp_2, Planctomycetes_61_1_tp_2, Proteobacteria_22_1_tp_2, Proteobacteria_7983_3_tp_2, Proteobacteria_7983_4_tp_2",0.564658705097895,0.191780234395495
"Dinoflagellata_1009_1","Bacteroidetes_1166_1_tp_2, Bacteroidetes_1349_1_tp_2, Cercozoa_23_1_tp_2, Ciliophora_298_1_tp_2, Cryptophyta_108_1_tp_2, Proteobacteria_11210_1_tp_2, Proteobacteria_11210_2_tp_2, Proteobacteria_7787_1_tp_2, Proteobacteria_8177_2_tp_2",0.492524109620303,0.20838334361932
"Dinoflagellata_1009_1","Archaea_164_2_tp_2, Archaea_179_1_tp_2, Chlorophyta__streptophyta_848_1_tp_2, Chlorophyta__streptophyta_895_1_tp_2, Dinoflagellata_874_1_tp_2, Proteobacteria_7316_1_tp_2, Proteobacteria_7319_1_tp_2, Proteobacteria_7982_1_tp_2, Radiolaria_104_1_tp_2",0.610477294974532,0.181799189269975
"Dinoflagellata_1009_1","Bacteroidetes_131_1_tp_2, Bacteroidetes_938_1_tp_2, Cercozoa_23_1_tp_2, Ciliophora_403_1_tp_2, Dinoflagellata_955_1_tp_2, Dinoflagellata_982_1_tp_2, Proteobacteria_7166_1_tp_2, Proteobacteria_7316_1_tp_2, Proteobacteria_7787_1_tp_2",0.377070596740641,0.208349087016548
"Dinoflagellata_1009_1","Chlorophyta__streptophyta_833_1_tp_2, Lobosa_11_1_tp_2, Proteobacteria_10168_1_tp_2, Proteobacteria_5461_1_tp_2, Proteobacteria_7983_4_tp_2, Proteobacteria_7983_5_tp_2, Proteobacteria_7983_8_tp_2, Proteobacteria_9681_1_tp_2, Sagenista_61_1_tp_2",0.520250615731001,0.190330732195004
"Dinoflagellata_1009_1","Bacteroidetes_1194_1_tp_2, Bacteroidetes_1249_1_tp_2, Ciliophora_280_1_tp_2, Dinoflagellata_124_1_tp_2, Dinoflagellata_1658_1_tp_2, Dinoflagellata_874_1_tp_2, Proteobacteria_11155_1_tp_2, Proteobacteria_7289_1_tp_2, Verrucomicrobia_22_1_tp_2",0.544199504718838,0.18821713250661
"Dinoflagellata_1009_1","Bacteroidetes_1167_1_tp_2, Bacteroidetes_1360_2_tp_2, Bacteroidetes_1360_3_tp_2, Bacteroidetes_1360_5_tp_2, Proteobacteria_11429_1_tp_2, Proteobacteria_11429_2_tp_2, Proteobacteria_7364_1_tp_2, Proteobacteria_8178_1_tp_2, Pseudofungi_43_1_tp_2",0.569715698706384,0.193981614478601
"Dinoflagellata_1009_1","Chlorophyta__streptophyta_848_1_tp_2, Chlorophyta__streptophyta_895_1_tp_2, Dinoflagellata_1658_1_tp_2, Haptophyta_203_1_tp_2, Proteobacteria_10114_1_tp_2, Proteobacteria_11210_2_tp_2, Proteobacteria_11429_1_tp_2, Proteobacteria_11429_2_tp_2, Proteobacteria_7983_4_tp_2",0.483100066048316,0.195887580929185
"Dinoflagellata_1009_1","Bacillariophyta_123_1_tp_2, Bacteroidetes_1249_1_tp_2, Bacteroidetes_918_2_tp_2, Ciliophora_298_1_tp_2, Cyanobacteria_65_1_tp_2, Proteobacteria_7174_1_tp_2, Proteobacteria_7314_1_tp_2, Proteobacteria_7982_1_tp_2, Proteobacteria_7983_7_tp_2",0.529074403422311,0.213231352329251
"Dinoflagellata_1009_1","Actinobacteria_410_1_tp_2, Archaea_164_2_tp_2, Chlorophyta__streptophyta_751_1_tp_2, Cryptophyta_15_2_tp_2, Dinoflagellata_1862_1_tp_2, Proteobacteria_11429_3_tp_2, Proteobacteria_11431_1_tp_2, Proteobacteria_5436_1_tp_2, Proteobacteria_7364_1_tp_2",0.580154459352955,0.205920045468849
"Dinoflagellata_1009_1","Bacteroidetes_1204_1_tp_2, Chlorophyta__streptophyta_848_1_tp_2, Ciliophora_1195_1_tp_2, Dinoflagellata_1658_1_tp_2, Dinoflagellata_1749_1_tp_2, Dinoflagellata_1793_1_tp_2, Phylum_reps_1985_1_tp_2, Proteobacteria_22_1_tp_2, Proteobacteria_7983_7_tp_2",0.498470375242978,0.201715824675182
"Dinoflagellata_1009_1","Bacillariophyta_29_1_tp_2, Bacteroidetes_1249_1_tp_2, Bacteroidetes_1360_4_tp_2, Cercozoa_22_1_tp_2, Proteobacteria_10168_1_tp_2, Proteobacteria_22_1_tp_2, Proteobacteria_7983_1_tp_2, Radiolaria_104_1_tp_2, Verrucomicrobia_23_1_tp_2",0.588694662407336,0.181299789165559
"Dinoflagellata_1009_1","Actinobacteria_410_2_tp_2, Bacillariophyta_44_1_tp_2, Bacteroidetes_1349_1_tp_2, Chlorophyta__streptophyta_732_1_tp_2, Chrysophyceae_16_1_tp_2, Ciliophora_403_1_tp_2, Cryptophyta_15_2_tp_2, Proteobacteria_10168_1_tp_2, Sagenista_61_1_tp_2",0.443766321040071,0.199886202287288
"Dinoflagellata_1009_1","Bacteroidetes_1151_1_tp_2, Bacteroidetes_918_1_tp_2, Chlorophyta__streptophyta_895_1_tp_2, Ciliophora_403_1_tp_2, Dinoflagellata_1010_1_tp_2, Div_reps_1600_1_tp_2, Perkinsea_44_1_tp_2, Proteobacteria_7983_4_tp_2, Proteobacteria_9649_1_tp_2",0.468673191258003,0.19375340491571
"Dinoflagellata_1009_1","Actinobacteria_410_1_tp_2, Bacillariophyta_29_1_tp_2, Bacteroidetes_1360_5_tp_2, Bacteroidetes_918_3_tp_2, Bacteroidetes_956_1_tp_2, Chlorophyta__streptophyta_120_1_tp_2, Proteobacteria_7230_2_tp_2, Proteobacteria_7364_1_tp_2, Proteobacteria_7982_2_tp_2",0.5623265702787,0.200686597910944
"Dinoflagellata_1009_1","Bacteroidetes_1264_1_tp_2, Chlorophyta__streptophyta_895_1_tp_2, Ciliophora_234_1_tp_2, Dinoflagellata_1542_1_tp_2, Dinoflagellata_1711_1_tp_2, Proteobacteria_5436_1_tp_2, Proteobacteria_7983_2_tp_2, Proteobacteria_9649_1_tp_2, Verrucomicrobia_22_1_tp_2",0.493132563265201,0.214597284625931
"Dinoflagellata_1009_1","Chlorophyta__streptophyta_120_1_tp_2, Proteobacteria_10168_1_tp_2, Proteobacteria_5461_1_tp_2, Proteobacteria_7100_1_tp_2, Proteobacteria_7230_3_tp_2, Proteobacteria_7231_1_tp_2, Proteobacteria_8178_1_tp_2, Pseudofungi_43_1_tp_2, Sagenista_53_1_tp_2",0.395252660474036,0.211730121467801
"Dinoflagellata_1009_1","Bacteroidetes_1186_1_tp_2, Bacteroidetes_918_3_tp_2, Cercozoa_23_1_tp_2, Ciliophora_403_1_tp_2, Dinoflagellata_1496_1_tp_2, Proteobacteria_7364_1_tp_2, temperature_tp_2, Verrucomicrobia_18_2_tp_2, Verrucomicrobia_22_2_tp_2",0.578548149547573,0.17971939571665
"Dinoflagellata_1009_1","Bacteroidetes_1224_1_tp_2, Bacteroidetes_918_4_tp_2, Bacteroidetes_918_5_tp_2, Cryptophyta_15_2_tp_2, Planctomycetes_34_1_tp_2, Proteobacteria_11190_1_tp_2, Proteobacteria_7230_1_tp_2, Proteobacteria_7319_1_tp_2, Proteobacteria_9649_1_tp_2",0.595189625820478,0.182692270383489
"Dinoflagellata_1009_1","Bacteroidetes_1166_2_tp_2, Dinoflagellata_1758_1_tp_2, Dinoflagellata_1968_1_tp_2, Dinoflagellata_874_1_tp_2, Haptophyta_203_1_tp_2, Proteobacteria_10168_1_tp_2, Proteobacteria_11210_2_tp_2, Proteobacteria_7983_5_tp_2, Proteobacteria_9681_2_tp_2",0.559178855487901,0.184659445381603
"Dinoflagellata_1009_1","Archaea_164_2_tp_2, Cryptophyta_15_2_tp_2, Dictyochophyceae_6_1_tp_2, Dinoflagellata_1771_2_tp_2, Phylum_reps_2301_1_tp_2, Picozoa_18_1_tp_2, Proteobacteria_7230_3_tp_2, Proteobacteria_7313_1_tp_2, Verrucomicrobia_22_2_tp_2",0.510672071138038,0.205178766902571
"Dinoflagellata_1009_1","Bacillariophyta_44_1_tp_2, Bacteroidetes_317_1_tp_2, Ciliophora_1195_1_tp_2, Dinoflagellata_1793_1_tp_2, Proteobacteria_11429_1_tp_2, Proteobacteria_11429_3_tp_2, Proteobacteria_7314_1_tp_2, Proteobacteria_8175_1_tp_2, Radiolaria_104_1_tp_2",0.473286474360798,0.208604393477425
"Dinoflagellata_1009_1","Archaea_164_1_tp_2, Bacteroidetes_1166_2_tp_2, Bacteroidetes_1249_1_tp_2, Dinoflagellata_1017_1_tp_2, Dinoflagellata_1728_2_tp_2, Dinoflagellata_1968_1_tp_2, Dinoflagellata_874_1_tp_2, Perkinsea_44_1_tp_2, Proteobacteria_7983_8_tp_2",0.592170969029866,0.18140773919005
"Dinoflagellata_1009_1","Bacteroidetes_1166_1_tp_2, Bacteroidetes_129_2_tp_2, Bacteroidetes_131_1_tp_2, Cryptophyta_15_1_tp_2, Cyanobacteria_48_1_tp_2, Dinoflagellata_1862_1_tp_2, Div_reps_1600_1_tp_2, Katablepharidophyta_7_1_tp_2, Proteobacteria_8520_1_tp_2",0.553989420683473,0.192665579323898
"Dinoflagellata_1009_1","Bacteroidetes_919_1_tp_2, Ciliophora_234_1_tp_2, Cryptophyta_15_2_tp_2, Cyanobacteria_73_1_tp_2, Div_reps_1600_1_tp_2, Div_reps_2942_1_tp_2, Perkinsea_44_1_tp_2, Radiolaria_104_1_tp_2, Verrucomicrobia_18_2_tp_2",0.530336922312636,0.19189949574135
"Dinoflagellata_1009_1","Archaea_179_1_tp_2, Bacteroidetes_956_1_tp_2, Cercozoa_23_1_tp_2, Picozoa_18_1_tp_2, Proteobacteria_11155_1_tp_2, Proteobacteria_11428_1_tp_2, Proteobacteria_7787_1_tp_2, Proteobacteria_7983_4_tp_2, Proteobacteria_7983_7_tp_2",0.464211599704961,0.198501362614936
"Dinoflagellata_1009_1","Bacteroidetes_1204_1_tp_2, Proteobacteria_11429_4_tp_2, Proteobacteria_11431_1_tp_2, Proteobacteria_6384_1_tp_2, Proteobacteria_7231_1_tp_2, Proteobacteria_7983_2_tp_2, Proteobacteria_7983_4_tp_2, Proteobacteria_8177_1_tp_2, Verrucomicrobia_22_2_tp_2",0.556152867194007,0.203370886438572
"Dinoflagellata_1009_1","Bacteroidetes_1224_1_tp_2, Bacteroidetes_1360_1_tp_2, Bacteroidetes_938_1_tp_2, Cyanobacteria_48_1_tp_2, Dinoflagellata_1017_1_tp_2, Proteobacteria_6384_1_tp_2, Proteobacteria_7230_1_tp_2, Proteobacteria_7295_1_tp_2, Proteobacteria_7364_1_tp_2",0.575623529790544,0.186225674297231
"Dinoflagellata_1009_1","Bacillariophyta_44_1_tp_2, Bacteroidetes_1360_2_tp_2, Bacteroidetes_919_1_tp_2, Cryptophyta_15_1_tp_2, Haptophyta_203_1_tp_2, Proteobacteria_11120_1_tp_2, Proteobacteria_7230_1_tp_2, Proteobacteria_7983_6_tp_2, Proteobacteria_8176_2_tp_2",0.492596501531806,0.197538573540916
"Dinoflagellata_1009_1","Bacillariophyta_31_1_tp_2, Bacteroidetes_1151_1_tp_2, Bacteroidetes_1235_1_tp_2, Bacteroidetes_1249_1_tp_2, Cryptophyta_15_1_tp_2, Proteobacteria_11429_3_tp_2, Proteobacteria_11429_4_tp_2, Proteobacteria_8177_2_tp_2, Radiolaria_104_1_tp_2",0.482528874327209,0.214259878578615
"Dinoflagellata_1009_1","Bacillariophyta_123_1_tp_2, Bacillariophyta_219_1_tp_2, Bacillariophyta_44_1_tp_2, Cryptophyta_108_1_tp_2, Dinoflagellata_1198_1_tp_2, Dinoflagellata_982_1_tp_2, Phylum_reps_1985_1_tp_2, Proteobacteria_7983_1_tp_2, Verrucomicrobia_22_1_tp_2",0.358090733387475,0.195463358411163
"Dinoflagellata_1009_1","Bacillariophyta_31_1_tp_2, Bacteroidetes_1178_1_tp_2, Bacteroidetes_919_3_tp_2, Cercozoa_291_1_tp_2, Chlorophyta__streptophyta_120_1_tp_2, Nitrospirae_9_1_tp_2, Proteobacteria_7289_1_tp_2, Proteobacteria_7319_1_tp_2, Verrucomicrobia_18_2_tp_2",0.487909231385704,0.205367754940137
"Dinoflagellata_1009_1","Bacteroidetes_129_1_tp_2, Chlorophyta__streptophyta_751_1_tp_2, Cryptophyta_15_2_tp_2, Dinoflagellata_1749_1_tp_2, Dinoflagellata_1769_1_tp_2, Proteobacteria_7166_1_tp_2, Proteobacteria_7983_5_tp_2, Proteobacteria_8176_1_tp_2, Raphidophyceae_3_1_tp_2",0.496909016898231,0.195841230558613
"Dinoflagellata_1009_1","Bacteroidetes_1204_1_tp_2, Bacteroidetes_1360_5_tp_2, Bacteroidetes_918_4_tp_2, Cercozoa_291_1_tp_2, Dinoflagellata_1555_1_tp_2, Proteobacteria_7319_1_tp_2, Proteobacteria_8176_2_tp_2, Proteobacteria_8177_1_tp_2, Sagenista_53_1_tp_2",0.469403401344403,0.213819584307412
"Dinoflagellata_1009_1","Archaea_179_1_tp_2, Bacteroidetes_918_4_tp_2, Chlorophyta__streptophyta_848_1_tp_2, Dinoflagellata_1728_1_tp_2, Planctomycetes_61_1_tp_2, Proteobacteria_11190_1_tp_2, Proteobacteria_11210_2_tp_2, Proteobacteria_7314_1_tp_2, Proteobacteria_8520_1_tp_2",0.528095056819222,0.187112640925839
"Dinoflagellata_1009_1","Bacillariophyta_196_1_tp_2, Bacteroidetes_1235_1_tp_2, Bacteroidetes_1264_1_tp_2, Bacteroidetes_938_1_tp_2, Ciliophora_403_1_tp_2, Proteobacteria_11429_2_tp_2, Proteobacteria_7230_1_tp_2, Proteobacteria_7982_1_tp_2, Proteobacteria_7982_2_tp_2",0.578974193882603,0.180262831510305
"Dinoflagellata_1009_1","Bacteroidetes_918_1_tp_2, Bacteroidetes_919_2_tp_2, Ciliophora_298_1_tp_2, Cyanobacteria_73_1_tp_2, Dinoflagellata_1010_1_tp_2, Dinoflagellata_1793_1_tp_2, Picozoa_6_1_tp_2, Proteobacteria_8177_2_tp_2, Proteobacteria_9681_1_tp_2",0.419319980350183,0.231626872728708
"Dinoflagellata_1009_1","Actinobacteria_410_2_tp_2, Archaea_164_2_tp_2, Bacteroidetes_1194_1_tp_2, Bacteroidetes_1204_1_tp_2, Bacteroidetes_1235_1_tp_2, Cercozoa_23_1_tp_2, Ciliophora_403_1_tp_2, Haptophyta_203_1_tp_2, Perkinsea_44_1_tp_2",0.595832879590419,0.183710910994785
"Dinoflagellata_1009_1","Bacteroidetes_1167_1_tp_2, Chlorophyta__streptophyta_120_1_tp_2, Dinoflagellata_982_1_tp_2, Planctomycetes_34_1_tp_2, Proteobacteria_10091_1_tp_2, Proteobacteria_6847_1_tp_2, Proteobacteria_7983_8_tp_2, Proteobacteria_8520_1_tp_2, Verrucomicrobia_22_1_tp_2",0.574715869889903,0.190600220160408
"Dinoflagellata_1009_1","Bacteroidetes_1166_1_tp_2, Bacteroidetes_1166_2_tp_2, Dinoflagellata_124_1_tp_2, Dinoflagellata_955_1_tp_2, Proteobacteria_11429_4_tp_2, Proteobacteria_7230_1_tp_2, Proteobacteria_7983_1_tp_2, Pseudofungi_43_1_tp_2, Sagenista_53_1_tp_2",0.464209490832174,0.205015703024965
"Dinoflagellata_1009_1","Bacillariophyta_123_1_tp_2, Chlorophyta__streptophyta_732_1_tp_2, Dinoflagellata_1728_2_tp_2, Dinoflagellata_1968_1_tp_2, Div_reps_1600_2_tp_2, Proteobacteria_7230_3_tp_2, Proteobacteria_8177_1_tp_2, Proteobacteria_9681_1_tp_2, Verrucomicrobia_18_1_tp_2",0.581068885744406,0.181637906555061
"Dinoflagellata_1009_1","Bacillariophyta_31_1_tp_2, Bacteroidetes_1360_2_tp_2, Bacteroidetes_918_5_tp_2, Chrysophyceae_16_1_tp_2, Cryptophyta_15_1_tp_2, Cyanobacteria_73_1_tp_2, Dinoflagellata_1771_2_tp_2, Proteobacteria_6847_1_tp_2, Proteobacteria_7982_2_tp_2",0.557682731253001,0.187639829973742
"Dinoflagellata_1009_1","Bacteroidetes_1224_1_tp_2, Bacteroidetes_938_1_tp_2, Chlorophyta__streptophyta_751_1_tp_2, Ciliophora_280_1_tp_2, Ciliophora_298_1_tp_2, Ciliophora_403_1_tp_2, Proteobacteria_11155_2_tp_2, Proteobacteria_11431_2_tp_2, Proteobacteria_7166_1_tp_2",0.407584943750457,0.211380970536464
"Dinoflagellata_1009_1","Bacteroidetes_1166_2_tp_2, Bacteroidetes_129_1_tp_2, Bacteroidetes_919_3_tp_2, Chlorophyta__streptophyta_751_1_tp_2, Ciliophora_298_1_tp_2, Div_reps_1600_1_tp_2, Proteobacteria_5461_1_tp_2, Verrucomicrobia_18_2_tp_2, Verrucomicrobia_22_1_tp_2",0.489962799366841,0.196370228374075
"Dinoflagellata_1009_1","Bacillariophyta_31_1_tp_2, Bacteroidetes_956_1_tp_2, Ciliophora_1195_1_tp_2, Cryptophyta_15_2_tp_2, Dinoflagellata_1010_1_tp_2, Dinoflagellata_1542_1_tp_2, Proteobacteria_7230_3_tp_2, Proteobacteria_7983_5_tp_2, Proteobacteria_7983_6_tp_2",0.546119409784153,0.190820860347687
"Dinoflagellata_1009_1","Bacillariophyta_123_1_tp_2, Bacteroidetes_1167_1_tp_2, Bacteroidetes_1224_1_tp_2, Bacteroidetes_317_1_tp_2, Chlorophyta__streptophyta_732_1_tp_2, Dinoflagellata_1017_1_tp_2, Picozoa_18_1_tp_2, Proteobacteria_11429_3_tp_2, Proteobacteria_8176_1_tp_2",0.509618403386897,0.213965376723464
"Dinoflagellata_1009_1","Archaea_164_1_tp_2, Bacillariophyta_29_1_tp_2, Bacteroidetes_1360_1_tp_2, Bacteroidetes_1360_5_tp_2, Bacteroidetes_918_1_tp_2, Cercozoa_395_1_tp_2, Dinoflagellata_1769_1_tp_2, Proteobacteria_7983_5_tp_2, Proteobacteria_9649_1_tp_2",0.446944573599303,0.203812104821605
"Dinoflagellata_1009_1","Archaea_164_2_tp_2, Bacillariophyta_123_1_tp_2, Bacteroidetes_1360_5_tp_2, Bacteroidetes_918_4_tp_2, Chlorophyta__streptophyta_751_1_tp_2, Proteobacteria_11190_1_tp_2, Proteobacteria_7231_1_tp_2, Proteobacteria_7787_1_tp_2, Verrucomicrobia_18_4_tp_2",0.518485524264869,0.202691948224049
"Dinoflagellata_1009_1","Bacteroidetes_1167_1_tp_2, Bacteroidetes_1235_1_tp_2, Bacteroidetes_919_3_tp_2, Cryptophyta_15_2_tp_2, Lobosa_11_1_tp_2, Proteobacteria_7289_1_tp_2, Proteobacteria_7295_1_tp_2, Proteobacteria_7319_1_tp_2, Verrucomicrobia_22_2_tp_2",0.482984131536069,0.204069746712749
"Dinoflagellata_1009_1","Bacteroidetes_1186_1_tp_2, Bacteroidetes_919_3_tp_2, Dinoflagellata_1496_1_tp_2, Nitrospirae_9_1_tp_2, Perkinsea_44_1_tp_2, Proteobacteria_11429_1_tp_2, Proteobacteria_7289_1_tp_2, Proteobacteria_8177_2_tp_2, Proteobacteria_9649_1_tp_2",0.587228898895533,0.18499712155868
"Dinoflagellata_1009_1","Archaea_179_1_tp_2, Bacteroidetes_317_1_tp_2, Dinoflagellata_1098_1_tp_2, Lobosa_11_1_tp_2, Proteobacteria_11120_1_tp_2, Proteobacteria_11155_1_tp_2, Proteobacteria_7230_3_tp_2, Proteobacteria_7983_8_tp_2, Rhodophyta_506_1_tp_2",0.469545746077782,0.200247334968208
"Dinoflagellata_1009_1","Bacillariophyta_196_1_tp_2, Dinoflagellata_1711_1_tp_2, Dinoflagellata_1728_2_tp_2, Dinoflagellata_1771_1_tp_2, Proteobacteria_8175_1_tp_2, Proteobacteria_8185_1_tp_2, Proteobacteria_9649_1_tp_2, Verrucomicrobia_18_2_tp_2, Verrucomicrobia_23_1_tp_2",0.608123421119878,0.18730892355048
"Dinoflagellata_1009_1","Bacteroidetes_1166_2_tp_2, Chlorophyta__streptophyta_895_1_tp_2, Ciliophora_1195_1_tp_2, Ciliophora_280_1_tp_2, Ciliophora_451_1_tp_2, Dinoflagellata_1198_1_tp_2, Proteobacteria_11155_1_tp_2, Proteobacteria_22_1_tp_2, Proteobacteria_8520_1_tp_2",0.501875416732637,0.193263510644545
"Dinoflagellata_1009_1","Bacillariophyta_100_1_tp_2, Bacteroidetes_1186_1_tp_2, Dinoflagellata_1749_1_tp_2, Dinoflagellata_1793_1_tp_2, Proteobacteria_11431_2_tp_2, Proteobacteria_7984_1_tp_2, Proteobacteria_8176_2_tp_2, Sagenista_53_1_tp_2, Verrucomicrobia_18_1_tp_2",0.539679986998963,0.197332589508426
"Dinoflagellata_1009_1","Bacteroidetes_1166_2_tp_2, Bacteroidetes_1186_1_tp_2, Chlorophyta__streptophyta_833_1_tp_2, Cyanobacteria_65_1_tp_2, Dinoflagellata_1010_1_tp_2, Dinoflagellata_124_1_tp_2, Picozoa_6_1_tp_2, Planctomycetes_61_1_tp_2, Radiolaria_104_1_tp_2",0.604005677660542,0.186328349167056
"Dinoflagellata_1009_1","Bacteroidetes_1194_1_tp_2, Chlorophyta__streptophyta_751_1_tp_2, Ciliophora_451_1_tp_2, Cyanobacteria_85_1_tp_2, Dinoflagellata_1198_1_tp_2, Dinoflagellata_1771_2_tp_2, Proteobacteria_5461_1_tp_2, Proteobacteria_7295_1_tp_2, Verrucomicrobia_22_1_tp_2",0.511144121482148,0.19659984802696
"Dinoflagellata_1009_1","Bacillariophyta_100_1_tp_2, Bacteroidetes_1204_1_tp_2, Dinoflagellata_1098_1_tp_2, Div_reps_1600_1_tp_2, Planctomycetes_27_1_tp_2, Proteobacteria_11429_4_tp_2, Proteobacteria_8176_2_tp_2, Sagenista_61_1_tp_2, temperature_tp_2",0.545042901753854,0.186844597471234
"Dinoflagellata_1009_1","Bacteroidetes_919_2_tp_2, Dinoflagellata_982_1_tp_2, Nitrospirae_9_1_tp_2, Proteobacteria_10091_1_tp_2, Proteobacteria_7319_1_tp_2, Proteobacteria_7982_2_tp_2, Proteobacteria_8175_1_tp_2, Radiolaria_104_1_tp_2, Verrucomicrobia_18_3_tp_2",0.501046981861636,0.204918221216843
"Dinoflagellata_1009_1","Bacillariophyta_44_1_tp_2, Bacteroidetes_1194_1_tp_2, Chlorophyta__streptophyta_751_1_tp_2, Ciliophora_1195_1_tp_2, Dinoflagellata_1017_1_tp_2, Proteobacteria_11429_3_tp_2, Proteobacteria_7313_1_tp_2, Proteobacteria_8520_1_tp_2, Proteobacteria_9681_1_tp_2",0.569620976548346,0.186102500837793
"Dinoflagellata_1009_1","Bacteroidetes_919_3_tp_2, Dinoflagellata_1198_1_tp_2, Dinoflagellata_1769_1_tp_2, Dinoflagellata_1968_1_tp_2, Proteobacteria_11431_1_tp_2, Proteobacteria_7174_1_tp_2, Proteobacteria_7982_2_tp_2, Proteobacteria_8185_1_tp_2, temperature_tp_2",0.516333893496693,0.191606284263042
"Dinoflagellata_1009_1","Bacteroidetes_918_5_tp_2, Chrysophyceae_16_1_tp_2, Dinoflagellata_1010_1_tp_2, Dinoflagellata_1769_1_tp_2, Picozoa_6_1_tp_2, Proteobacteria_11429_3_tp_2, Proteobacteria_8176_1_tp_2, Proteobacteria_9649_1_tp_2, Verrucomicrobia_22_1_tp_2",0.636255824711231,0.173648008288191
"Dinoflagellata_1009_1","Archaea_164_2_tp_2, Archaea_179_1_tp_2, Bacillariophyta_29_1_tp_2, Bacteroidetes_1224_1_tp_2, Bacteroidetes_918_2_tp_2, Ciliophora_298_1_tp_2, Dinoflagellata_124_1_tp_2, Proteobacteria_11429_1_tp_2, Sagenista_53_1_tp_2",0.495429636275137,0.22020677634724
"Dinoflagellata_1009_1","Bacillariophyta_196_1_tp_2, Bacteroidetes_1167_1_tp_2, Chlorophyta__streptophyta_845_1_tp_2, Dinoflagellata_1496_1_tp_2, Dinoflagellata_982_1_tp_2, Picozoa_18_1_tp_2, Proteobacteria_7230_3_tp_2, Proteobacteria_7231_1_tp_2, Proteobacteria_8176_1_tp_2",0.566210747666197,0.194799791854024
"Dinoflagellata_1009_1","Archaea_179_1_tp_2, Bacteroidetes_1360_1_tp_2, Chlorophyta__streptophyta_895_1_tp_2, Dinoflagellata_1014_1_tp_2, Proteobacteria_11429_1_tp_2, Proteobacteria_8177_2_tp_2, Rhodophyta_506_1_tp_2, Verrucomicrobia_18_4_tp_2, Verrucomicrobia_22_1_tp_2",0.533700117805373,0.189482721453734
"Dinoflagellata_1009_1","Bacteroidetes_1360_3_tp_2, Bacteroidetes_918_2_tp_2, Chlorophyta__streptophyta_845_1_tp_2, Cryptophyta_108_1_tp_2, Dinoflagellata_1758_1_tp_2, Dinoflagellata_955_1_tp_2, Div_reps_1600_1_tp_2, Proteobacteria_11210_2_tp_2, Proteobacteria_7983_1_tp_2",0.615316064443396,0.176927119565964
"Dinoflagellata_1009_1","Bacteroidetes_1204_1_tp_2, Cercozoa_395_1_tp_2, Dinoflagellata_1771_1_tp_2, Perkinsea_44_1_tp_2, Proteobacteria_7289_1_tp_2, Proteobacteria_7295_1_tp_2, Proteobacteria_7983_4_tp_2, Proteobacteria_8176_2_tp_2, Sagenista_53_1_tp_2",0.45665549091391,0.20308324249994
"Dinoflagellata_1009_1","Bacteroidetes_1166_1_tp_2, Bacteroidetes_1178_1_tp_2, Bacteroidetes_919_1_tp_2, Cercozoa_23_1_tp_2, Haptophyta_148_1_tp_2, Proteobacteria_11429_1_tp_2, Proteobacteria_6384_1_tp_2, Proteobacteria_7787_1_tp_2, Verrucomicrobia_22_2_tp_2",0.529090645276923,0.193550461433208
"Dinoflagellata_1009_1","Bacteroidetes_1167_1_tp_2, Bacteroidetes_1235_1_tp_2, Bacteroidetes_918_2_tp_2, Bacteroidetes_919_2_tp_2, Dinoflagellata_1749_1_tp_2, Phylum_reps_1954_1_tp_2, Planctomycetes_61_1_tp_2, Proteobacteria_6847_1_tp_2, Proteobacteria_7316_1_tp_2",0.542976801117066,0.187053705622367
"Dinoflagellata_1009_1","Actinobacteria_410_1_tp_2, Bacillariophyta_138_1_tp_2, Bacteroidetes_1167_1_tp_2, Bacteroidetes_1235_1_tp_2, Dictyochophyceae_6_1_tp_2, Dinoflagellata_982_1_tp_2, Perkinsea_44_1_tp_2, Proteobacteria_7983_5_tp_2, Radiolaria_104_1_tp_2",0.589068095400811,0.185691275350144
"Dinoflagellata_1009_1","Bacteroidetes_1166_2_tp_2, Bacteroidetes_1360_4_tp_2, Bacteroidetes_918_2_tp_2, Dinoflagellata_1496_1_tp_2, Dinoflagellata_1749_1_tp_2, Planctomycetes_61_1_tp_2, Proteobacteria_10091_1_tp_2, Proteobacteria_7174_1_tp_2, Pseudofungi_43_1_tp_2",0.420377246969231,0.215049768328637
"Dinoflagellata_1009_1","Chrysophyceae_16_1_tp_2, Dinoflagellata_1017_1_tp_2, Dinoflagellata_1728_1_tp_2, Dinoflagellata_1728_2_tp_2, Lobosa_11_1_tp_2, Proteobacteria_11429_2_tp_2, Proteobacteria_7295_1_tp_2, Proteobacteria_7319_1_tp_2, Proteobacteria_7364_1_tp_2",0.552115706597258,0.190248937508146
"Dinoflagellata_1009_1","Bacteroidetes_1186_1_tp_2, Bacteroidetes_317_1_tp_2, Bacteroidetes_918_3_tp_2, Chlorophyta__streptophyta_751_1_tp_2, Chlorophyta__streptophyta_895_1_tp_2, Dinoflagellata_1014_1_tp_2, Proteobacteria_10091_1_tp_2, Proteobacteria_7983_1_tp_2, Verrucomicrobia_22_2_tp_2",0.584975318447815,0.192180702657092
"Dinoflagellata_1009_1","Bacillariophyta_31_1_tp_2, Bacteroidetes_1360_4_tp_2, Bacteroidetes_919_2_tp_2, Chlorophyta__streptophyta_833_1_tp_2, Ciliophora_280_1_tp_2, Haptophyta_203_1_tp_2, Proteobacteria_10168_1_tp_2, Proteobacteria_7295_1_tp_2, Raphidophyceae_3_1_tp_2",0.346594296234679,0.246136288229231
"Dinoflagellata_1009_1","Bacteroidetes_1166_2_tp_2, Ciliophora_1195_1_tp_2, Ciliophora_451_1_tp_2, Div_reps_2942_1_tp_2, Phylum_reps_1985_1_tp_2, Proteobacteria_7289_1_tp_2, Proteobacteria_7982_2_tp_2, Pseudofungi_43_1_tp_2, Verrucomicrobia_22_2_tp_2",0.538115137580739,0.187826545278455
"Dinoflagellata_1009_1","Cercozoa_291_1_tp_2, Cryptophyta_15_1_tp_2, Dinoflagellata_1014_1_tp_2, Dinoflagellata_1198_1_tp_2, Dinoflagellata_1862_1_tp_2, Proteobacteria_11210_1_tp_2, Proteobacteria_7364_1_tp_2, Proteobacteria_8177_1_tp_2, Verrucomicrobia_23_1_tp_2",0.567537214155241,0.194860180198695
"Dinoflagellata_1009_1","Bacteroidetes_1167_1_tp_2, Bacteroidetes_1360_1_tp_2, Chlorophyta__streptophyta_845_1_tp_2, Dinoflagellata_955_1_tp_2, Planctomycetes_27_1_tp_2, Proteobacteria_10091_1_tp_2, Proteobacteria_11431_1_tp_2, Proteobacteria_7314_1_tp_2, Proteobacteria_8176_2_tp_2",0.464803116086191,0.217368144569371
"Dinoflagellata_1009_1","Bacteroidetes_1167_1_tp_2, Chlorophyta__streptophyta_732_1_tp_2, Cryptophyta_15_2_tp_2, Dinoflagellata_874_1_tp_2, Dinoflagellata_982_1_tp_2, Proteobacteria_11190_1_tp_2, Proteobacteria_6384_1_tp_2, Proteobacteria_7983_4_tp_2, Proteobacteria_8178_1_tp_2",0.48147181537158,0.200775750481169
"Dinoflagellata_1009_1","Bacteroidetes_1360_4_tp_2, Bacteroidetes_956_1_tp_2, Cercozoa_23_1_tp_2, Dinoflagellata_1098_1_tp_2, Dinoflagellata_1711_1_tp_2, Div_reps_1600_1_tp_2, Proteobacteria_11428_1_tp_2, Proteobacteria_8177_1_tp_2, Pseudofungi_43_1_tp_2",0.509208079237286,0.199029098932244
"Dinoflagellata_1009_1","Bacteroidetes_1166_1_tp_2, Bacteroidetes_1178_1_tp_2, Bacteroidetes_1186_1_tp_2, Bacteroidetes_919_2_tp_2, Dictyochophyceae_6_1_tp_2, Dinoflagellata_1017_1_tp_2, Dinoflagellata_1771_1_tp_2, Dinoflagellata_874_1_tp_2, Proteobacteria_7295_1_tp_2",0.523467270239928,0.202140094887621
"Dinoflagellata_1009_1","Bacillariophyta_100_1_tp_2, Bacteroidetes_918_1_tp_2, Dinoflagellata_1496_1_tp_2, Dinoflagellata_1758_1_tp_2, Dinoflagellata_1769_1_tp_2, Proteobacteria_10091_1_tp_2, Proteobacteria_10114_1_tp_2, Proteobacteria_11429_3_tp_2, Proteobacteria_11431_2_tp_2",0.626304613800268,0.175691212569255
"Dinoflagellata_1009_1","Cercozoa_23_1_tp_2, Dinoflagellata_1555_1_tp_2, Dinoflagellata_1758_1_tp_2, Proteobacteria_7983_2_tp_2, Proteobacteria_8176_1_tp_2, Proteobacteria_8178_1_tp_2, Proteobacteria_9681_1_tp_2, Radiolaria_104_1_tp_2, Verrucomicrobia_18_3_tp_2",0.64722058909187,0.173248593924458
"Dinoflagellata_1009_1","Bacteroidetes_1151_1_tp_2, Bacteroidetes_1167_1_tp_2, Bacteroidetes_1194_1_tp_2, Cyanobacteria_85_1_tp_2, Dinoflagellata_1769_1_tp_2, Phylum_reps_1985_1_tp_2, Proteobacteria_11155_2_tp_2, Proteobacteria_11429_1_tp_2, Verrucomicrobia_22_1_tp_2",0.466515513603225,0.196673391015082
"Dinoflagellata_1009_1","Actinobacteria_410_2_tp_2, Bacillariophyta_219_1_tp_2, Bacillariophyta_31_1_tp_2, Bacteroidetes_1166_2_tp_2, Bacteroidetes_129_2_tp_2, Chlorophyta__streptophyta_120_1_tp_2, Proteobacteria_11155_2_tp_2, Proteobacteria_7230_3_tp_2, Sagenista_53_1_tp_2",0.354908797170159,0.220527534318925
"Dinoflagellata_1009_1","Bacillariophyta_138_1_tp_2, Bacteroidetes_317_1_tp_2, Dictyochophyceae_6_1_tp_2, Dinoflagellata_1010_1_tp_2, Nitrospirae_9_1_tp_2, Phylum_reps_2301_1_tp_2, Proteobacteria_11210_2_tp_2, Proteobacteria_11431_2_tp_2, Verrucomicrobia_22_1_tp_2",0.54847976045539,0.187990572717494
"Dinoflagellata_1009_1","Bacillariophyta_100_1_tp_2, Dinoflagellata_1014_1_tp_2, Dinoflagellata_1968_1_tp_2, Haptophyta_203_1_tp_2, Proteobacteria_6384_1_tp_2, Proteobacteria_7313_1_tp_2, Proteobacteria_7983_1_tp_2, Proteobacteria_7983_5_tp_2, Rhodophyta_506_1_tp_2",0.595704422665806,0.183227698961107
"Dinoflagellata_1009_1","Bacillariophyta_100_1_tp_2, Bacteroidetes_1264_1_tp_2, Bacteroidetes_1360_1_tp_2, Bacteroidetes_1360_5_tp_2, Ciliophora_234_1_tp_2, Proteobacteria_7230_1_tp_2, Proteobacteria_7295_1_tp_2, Verrucomicrobia_18_4_tp_2, Verrucomicrobia_22_2_tp_2",0.542565378294921,0.193448665205259
"Dinoflagellata_1009_1","Bacteroidetes_1360_3_tp_2, Cyanobacteria_73_1_tp_2, Dinoflagellata_1198_1_tp_2, Div_reps_1600_1_tp_2, Div_reps_1600_2_tp_2, Nitrospirae_9_1_tp_2, Phylum_reps_2301_1_tp_2, Proteobacteria_11210_2_tp_2, Proteobacteria_11431_2_tp_2",0.639607642712554,0.175896438455465
"Dinoflagellata_1009_1","Actinobacteria_410_2_tp_2, Bacteroidetes_1194_1_tp_2, Bacteroidetes_919_3_tp_2, Ciliophora_234_1_tp_2, Dinoflagellata_1198_1_tp_2, Dinoflagellata_1968_1_tp_2, Proteobacteria_11210_1_tp_2, Proteobacteria_5436_1_tp_2, Proteobacteria_6847_1_tp_2",0.594444820028427,0.184357149337584
"Dinoflagellata_1009_1","Bacteroidetes_918_2_tp_2, Bacteroidetes_918_4_tp_2, Chlorophyta__streptophyta_751_1_tp_2, Chlorophyta__streptophyta_833_1_tp_2, Chlorophyta__streptophyta_895_1_tp_2, Dinoflagellata_124_1_tp_2, Dinoflagellata_1769_1_tp_2, Proteobacteria_11210_2_tp_2, Proteobacteria_7314_1_tp_2",0.499517300377911,0.20125668784872
"Dinoflagellata_1009_1","Bacteroidetes_1186_1_tp_2, Chrysophyceae_16_1_tp_2, Dinoflagellata_1010_1_tp_2, Dinoflagellata_1542_1_tp_2, Dinoflagellata_1711_1_tp_2, Dinoflagellata_1862_1_tp_2, Picozoa_18_1_tp_2, Proteobacteria_11210_2_tp_2, Proteobacteria_7984_1_tp_2",0.50943110583577,0.197819244353719
"Dinoflagellata_1009_1","Bacillariophyta_138_1_tp_2, Bacteroidetes_1349_1_tp_2, Bacteroidetes_1360_1_tp_2, Bacteroidetes_918_1_tp_2, Bacteroidetes_918_4_tp_2, Cyanobacteria_85_1_tp_2, Perkinsea_44_1_tp_2, Proteobacteria_7983_3_tp_2, Verrucomicrobia_18_4_tp_2",0.407170231264793,0.210604792887141
"Dinoflagellata_1009_1","Bacillariophyta_123_1_tp_2, Bacillariophyta_44_1_tp_2, Bacteroidetes_1264_1_tp_2, Bacteroidetes_956_1_tp_2, Chlorophyta__streptophyta_848_1_tp_2, Dinoflagellata_1968_1_tp_2, Picozoa_18_1_tp_2, Proteobacteria_7983_7_tp_2, Verrucomicrobia_22_2_tp_2",0.461191983686481,0.200676624273041
"Dinoflagellata_1009_1","Bacillariophyta_196_1_tp_2, Dinoflagellata_1749_1_tp_2, Proteobacteria_11190_1_tp_2, Proteobacteria_11210_1_tp_2, Proteobacteria_5436_1_tp_2, Proteobacteria_7230_3_tp_2, Proteobacteria_7295_1_tp_2, Proteobacteria_7319_1_tp_2, Proteobacteria_8175_1_tp_2",0.529600070265195,0.204911611757849
"Dinoflagellata_1009_1","Bacillariophyta_196_1_tp_2, Chlorophyta__streptophyta_833_1_tp_2, Chlorophyta__streptophyta_848_1_tp_2, Cyanobacteria_65_1_tp_2, Cyanobacteria_73_1_tp_2, Dictyochophyceae_6_1_tp_2, Proteobacteria_10091_1_tp_2, Proteobacteria_11210_2_tp_2, Proteobacteria_5436_1_tp_2",0.514357525406058,0.206995749995601
"Dinoflagellata_1009_1","Bacillariophyta_123_1_tp_2, Bacteroidetes_129_1_tp_2, Bacteroidetes_129_2_tp_2, Cryptophyta_108_1_tp_2, Proteobacteria_7230_2_tp_2, Proteobacteria_7983_5_tp_2, Proteobacteria_7983_8_tp_2, Proteobacteria_8175_1_tp_2, temperature_tp_2",0.586629707419145,0.20756924493776
"Dinoflagellata_1009_1","Bacillariophyta_100_1_tp_2, Bacteroidetes_1178_1_tp_2, Bacteroidetes_131_1_tp_2, Cercozoa_22_1_tp_2, Chlorophyta__streptophyta_751_1_tp_2, Cyanobacteria_65_1_tp_2, Dinoflagellata_1098_1_tp_2, Proteobacteria_10114_1_tp_2, Proteobacteria_8185_1_tp_2",0.556267794991621,0.183097352048965
"Dinoflagellata_1009_1","Archaea_179_1_tp_2, Bacillariophyta_123_1_tp_2, Bacillariophyta_196_1_tp_2, Bacteroidetes_1204_1_tp_2, Bacteroidetes_1360_3_tp_2, Dinoflagellata_1769_1_tp_2, Proteobacteria_6847_1_tp_2, Proteobacteria_7230_2_tp_2, Proteobacteria_7983_6_tp_2",0.606792255178511,0.17869862578192
"Dinoflagellata_1009_1","Bacteroidetes_1151_1_tp_2, Bacteroidetes_1194_1_tp_2, Bacteroidetes_918_2_tp_2, Bacteroidetes_919_2_tp_2, Cryptophyta_108_1_tp_2, Dinoflagellata_1017_1_tp_2, Picozoa_18_1_tp_2, Picozoa_6_1_tp_2, Proteobacteria_8177_2_tp_2",0.512045889948437,0.200683523372261
"Dinoflagellata_1009_1","Dinoflagellata_1010_1_tp_2, Dinoflagellata_1728_2_tp_2, Dinoflagellata_982_1_tp_2, Haptophyta_148_1_tp_2, Nitrospirae_9_1_tp_2, Proteobacteria_6384_1_tp_2, Proteobacteria_7100_1_tp_2, Proteobacteria_7314_1_tp_2, Proteobacteria_7316_1_tp_2",0.537405339254005,0.191974664540028
"Dinoflagellata_1009_1","Bacteroidetes_1186_1_tp_2, Bacteroidetes_129_2_tp_2, Bacteroidetes_918_1_tp_2, Bacteroidetes_919_3_tp_2, Cyanobacteria_73_1_tp_2, Proteobacteria_7289_1_tp_2, Proteobacteria_8175_1_tp_2, Pseudofungi_43_1_tp_2, Verrucomicrobia_18_1_tp_2",0.58913828691577,0.191009898149431
"Dinoflagellata_1009_1","Bacillariophyta_44_1_tp_2, Bacteroidetes_1166_1_tp_2, Bacteroidetes_129_1_tp_2, Bacteroidetes_1360_1_tp_2, Cercozoa_22_1_tp_2, Dinoflagellata_1542_1_tp_2, Dinoflagellata_1771_1_tp_2, Div_reps_1600_2_tp_2, Phylum_reps_2301_1_tp_2",0.48547225255567,0.193987964855801
"Dinoflagellata_1009_1","Bacillariophyta_123_1_tp_2, Bacteroidetes_1166_1_tp_2, Cercozoa_395_1_tp_2, Div_reps_1600_2_tp_2, Phylum_reps_1985_1_tp_2, Proteobacteria_22_1_tp_2, Proteobacteria_7983_4_tp_2, Proteobacteria_8178_1_tp_2, Verrucomicrobia_22_2_tp_2",0.522067013877754,0.18986285327045
"Dinoflagellata_1009_1","Archaea_164_2_tp_2, Bacillariophyta_219_1_tp_2, Bacteroidetes_131_1_tp_2, Chlorophyta__streptophyta_732_1_tp_2, Dinoflagellata_1542_1_tp_2, Dinoflagellata_1658_1_tp_2, Proteobacteria_7314_1_tp_2, Proteobacteria_9649_1_tp_2, Raphidophyceae_3_1_tp_2",0.511054696052665,0.205883833903538
"Dinoflagellata_1009_1","Bacillariophyta_29_1_tp_2, Bacillariophyta_44_1_tp_2, Chlorophyta__streptophyta_120_1_tp_2, Ciliophora_403_1_tp_2, Ciliophora_451_1_tp_2, Div_reps_1600_1_tp_2, Proteobacteria_8176_1_tp_2, Pseudofungi_43_1_tp_2, Radiolaria_104_1_tp_2",0.496951780113049,0.194132497950352
"Dinoflagellata_1009_1","Archaea_164_2_tp_2, Bacillariophyta_219_1_tp_2, Bacteroidetes_918_2_tp_2, Cercozoa_395_1_tp_2, Ciliophora_1195_1_tp_2, Dinoflagellata_1771_1_tp_2, Dinoflagellata_955_1_tp_2, Phylum_reps_2301_1_tp_2, Rhodophyta_506_1_tp_2",0.553364436397012,0.184569949486862
"Dinoflagellata_1009_1","Bacteroidetes_1151_1_tp_2, Bacteroidetes_1235_1_tp_2, Bacteroidetes_918_2_tp_2, Cercozoa_22_1_tp_2, Ciliophora_403_1_tp_2, Dinoflagellata_1771_2_tp_2, Perkinsea_44_1_tp_2, Phylum_reps_2301_1_tp_2, Proteobacteria_11431_2_tp_2",0.545418949095807,0.184019216571058
"Dinoflagellata_1009_1","Bacteroidetes_1264_1_tp_2, Bacteroidetes_1349_1_tp_2, Dinoflagellata_1658_1_tp_2, Dinoflagellata_1728_1_tp_2, Haptophyta_148_1_tp_2, Proteobacteria_7230_3_tp_2, Proteobacteria_7983_5_tp_2, Proteobacteria_7984_1_tp_2, Verrucomicrobia_22_1_tp_2",0.446934771076853,0.197623197007866
"Dinoflagellata_1009_1","Actinobacteria_410_1_tp_2, Bacteroidetes_1166_1_tp_2, Bacteroidetes_1360_4_tp_2, Dinoflagellata_1198_1_tp_2, Dinoflagellata_1862_1_tp_2, Proteobacteria_11429_1_tp_2, Proteobacteria_6847_1_tp_2, Proteobacteria_7295_1_tp_2, Proteobacteria_7316_1_tp_2",0.575958142675319,0.202462023146321
"Dinoflagellata_1009_1","Chlorophyta__streptophyta_833_1_tp_2, Cyanobacteria_73_1_tp_2, Dinoflagellata_1010_1_tp_2, Dinoflagellata_1017_1_tp_2, Picozoa_18_1_tp_2, Proteobacteria_11120_1_tp_2, Proteobacteria_5461_1_tp_2, Proteobacteria_7982_1_tp_2, Sagenista_53_1_tp_2",0.518674611318117,0.202688211444163
"Dinoflagellata_1009_1","Bacteroidetes_918_3_tp_2, Dinoflagellata_955_1_tp_2, Dinoflagellata_982_1_tp_2, Haptophyta_148_1_tp_2, Phylum_reps_2301_1_tp_2, Picozoa_18_1_tp_2, Planctomycetes_27_1_tp_2, Proteobacteria_10168_1_tp_2, Proteobacteria_7230_1_tp_2",0.519894736331337,0.194668560626399
"Dinoflagellata_1009_1","Bacteroidetes_1360_1_tp_2, Chrysophyceae_16_1_tp_2, Ciliophora_1195_1_tp_2, Ciliophora_280_1_tp_2, Cyanobacteria_65_1_tp_2, Dinoflagellata_1658_1_tp_2, Proteobacteria_7983_1_tp_2, Proteobacteria_7983_7_tp_2, Proteobacteria_8176_2_tp_2",0.556336675022299,0.192209489088918
"Dinoflagellata_1009_1","Bacillariophyta_29_1_tp_2, Bacteroidetes_1186_1_tp_2, Ciliophora_298_1_tp_2, Dinoflagellata_1968_1_tp_2, Picozoa_18_1_tp_2, Proteobacteria_7289_1_tp_2, Proteobacteria_7319_1_tp_2, Proteobacteria_8178_1_tp_2, Verrucomicrobia_18_1_tp_2",0.607510928025702,0.180954467509875
"Dinoflagellata_1009_1","Bacteroidetes_1167_1_tp_2, Bacteroidetes_1224_1_tp_2, Dinoflagellata_1555_1_tp_2, Perkinsea_33_1_tp_2, Phylum_reps_1985_1_tp_2, Proteobacteria_11155_1_tp_2, Proteobacteria_7230_2_tp_2, Proteobacteria_7983_8_tp_2, Pseudofungi_43_1_tp_2",0.567584110389433,0.182409402915779
"Dinoflagellata_1009_1","Bacteroidetes_919_2_tp_2, Picozoa_18_1_tp_2, Proteobacteria_10091_1_tp_2, Proteobacteria_11190_1_tp_2, Proteobacteria_7166_1_tp_2, Proteobacteria_7983_7_tp_2, temperature_tp_2, Verrucomicrobia_18_3_tp_2, Verrucomicrobia_18_4_tp_2",0.333725746003014,0.220138459974066
"Dinoflagellata_1009_1","Archaea_164_1_tp_2, Bacteroidetes_918_1_tp_2, Bacteroidetes_956_1_tp_2, Chlorophyta__streptophyta_833_1_tp_2, Dinoflagellata_1728_2_tp_2, Dinoflagellata_1771_1_tp_2, Proteobacteria_8176_1_tp_2, Verrucomicrobia_18_1_tp_2, Verrucomicrobia_23_1_tp_2",0.508958116131546,0.201203274072989
"Dinoflagellata_1009_1","Chlorophyta__streptophyta_845_1_tp_2, Dinoflagellata_874_1_tp_2, Lobosa_11_1_tp_2, Proteobacteria_11429_2_tp_2, Proteobacteria_7313_1_tp_2, Proteobacteria_8177_1_tp_2, Proteobacteria_8520_1_tp_2, Raphidophyceae_3_1_tp_2, Verrucomicrobia_18_4_tp_2",0.506645327798039,0.203563123588512
"Dinoflagellata_1009_1","Archaea_164_2_tp_2, Bacteroidetes_918_2_tp_2, Bacteroidetes_918_4_tp_2, Dinoflagellata_1728_2_tp_2, Perkinsea_44_1_tp_2, Phylum_reps_2301_1_tp_2, Proteobacteria_11428_1_tp_2, Proteobacteria_8520_1_tp_2, Verrucomicrobia_18_3_tp_2",0.541136041778615,0.191505095240189
"Dinoflagellata_1009_1","Actinobacteria_410_1_tp_2, Bacteroidetes_1204_1_tp_2, Dinoflagellata_1728_1_tp_2, Dinoflagellata_1771_1_tp_2, Haptophyta_203_1_tp_2, Proteobacteria_11428_1_tp_2, Proteobacteria_11429_2_tp_2, Proteobacteria_7983_6_tp_2, Proteobacteria_7984_1_tp_2",0.543875529564813,0.198991121526375
"Dinoflagellata_1009_1","Bacillariophyta_31_1_tp_2, Bacteroidetes_131_1_tp_2, Bacteroidetes_918_3_tp_2, Cyanobacteria_73_1_tp_2, Dictyochophyceae_6_1_tp_2, Nitrospirae_9_1_tp_2, Proteobacteria_11429_1_tp_2, Proteobacteria_7984_1_tp_2, Proteobacteria_8175_1_tp_2",0.526172453989761,0.198709458692778
"Dinoflagellata_1009_1","Bacillariophyta_123_1_tp_2, Chlorophyta__streptophyta_833_1_tp_2, Dinoflagellata_1728_2_tp_2, Div_reps_1600_1_tp_2, Perkinsea_33_1_tp_2, Proteobacteria_11431_1_tp_2, Proteobacteria_7230_1_tp_2, Proteobacteria_7319_1_tp_2, Proteobacteria_7983_2_tp_2",0.519582111236129,0.196613196808387
"Dinoflagellata_1009_1","Bacillariophyta_219_1_tp_2, Bacteroidetes_918_1_tp_2, Bacteroidetes_956_1_tp_2, Dinoflagellata_1198_1_tp_2, Div_reps_1600_1_tp_2, Perkinsea_44_1_tp_2, Picozoa_18_1_tp_2, Proteobacteria_22_1_tp_2, Proteobacteria_9649_1_tp_2",0.636904534968571,0.16969514954278
"Dinoflagellata_1009_1","Bacteroidetes_1151_1_tp_2, Bacteroidetes_1360_1_tp_2, Bacteroidetes_918_5_tp_2, Bacteroidetes_919_2_tp_2, Dinoflagellata_1771_2_tp_2, Dinoflagellata_1793_1_tp_2, Proteobacteria_11429_2_tp_2, Proteobacteria_6384_1_tp_2, Proteobacteria_8520_1_tp_2",0.394986493658129,0.226147065974288
"Dinoflagellata_1009_1","Bacteroidetes_919_3_tp_2, Chlorophyta__streptophyta_751_1_tp_2, Cyanobacteria_73_1_tp_2, Dinoflagellata_1769_1_tp_2, Perkinsea_33_1_tp_2, Planctomycetes_61_1_tp_2, Proteobacteria_5461_1_tp_2, Proteobacteria_6384_1_tp_2, Proteobacteria_7231_1_tp_2",0.548330034230094,0.183853497585697
"Dinoflagellata_1009_1","Actinobacteria_410_1_tp_2, Bacteroidetes_1349_1_tp_2, Bacteroidetes_919_1_tp_2, Cyanobacteria_48_1_tp_2, Dinoflagellata_1198_1_tp_2, Dinoflagellata_982_1_tp_2, Proteobacteria_7983_5_tp_2, Proteobacteria_7983_8_tp_2, Proteobacteria_7984_1_tp_2",0.482300629558232,0.239241367124129
"Dinoflagellata_1009_1","Bacteroidetes_1360_4_tp_2, Bacteroidetes_918_1_tp_2, Bacteroidetes_918_2_tp_2, Cryptophyta_108_1_tp_2, Proteobacteria_11155_2_tp_2, Proteobacteria_6384_1_tp_2, Proteobacteria_7230_3_tp_2, Proteobacteria_7314_1_tp_2, Sagenista_61_1_tp_2",0.494159679062899,0.20177371400268
"Dinoflagellata_1009_1","Bacteroidetes_1360_4_tp_2, Bacteroidetes_919_3_tp_2, Cyanobacteria_48_1_tp_2, Phylum_reps_1985_1_tp_2, Proteobacteria_11428_1_tp_2, Proteobacteria_11431_1_tp_2, Proteobacteria_7289_1_tp_2, Proteobacteria_8177_1_tp_2, temperature_tp_2",0.486383014172787,0.202434654165659
"Dinoflagellata_1009_1","Archaea_164_2_tp_2, Bacteroidetes_131_1_tp_2, Bacteroidetes_918_4_tp_2, Cercozoa_291_1_tp_2, Cyanobacteria_85_1_tp_2, Dinoflagellata_1098_1_tp_2, Planctomycetes_61_1_tp_2, Proteobacteria_8185_1_tp_2, Verrucomicrobia_18_4_tp_2",0.498819415430539,0.201214573779388
"Dinoflagellata_1009_1","Bacillariophyta_29_1_tp_2, Bacteroidetes_1151_1_tp_2, Bacteroidetes_1166_2_tp_2, Bacteroidetes_1360_1_tp_2, Cercozoa_22_1_tp_2, Chlorophyta__streptophyta_120_1_tp_2, Proteobacteria_11428_1_tp_2, Proteobacteria_7166_1_tp_2, Proteobacteria_8176_2_tp_2",0.43566705087605,0.199815805068164
"Dinoflagellata_1009_1","Dinoflagellata_1771_1_tp_2, Picozoa_18_1_tp_2, Proteobacteria_10114_1_tp_2, Proteobacteria_11190_1_tp_2, Proteobacteria_22_1_tp_2, Proteobacteria_6847_1_tp_2, Proteobacteria_7174_1_tp_2, Proteobacteria_8175_1_tp_2, Radiolaria_104_1_tp_2",0.503868510713796,0.19976640485466
"Dinoflagellata_1009_1","Bacillariophyta_31_1_tp_2, Bacillariophyta_44_1_tp_2, Bacteroidetes_129_1_tp_2, Proteobacteria_10168_1_tp_2, Proteobacteria_7230_1_tp_2, Proteobacteria_8176_2_tp_2, Proteobacteria_8520_1_tp_2, Pseudofungi_43_1_tp_2, Verrucomicrobia_18_4_tp_2",0.349906593689026,0.217804181848902
"Dinoflagellata_1009_1","Archaea_179_1_tp_2, Bacteroidetes_1167_1_tp_2, Bacteroidetes_918_3_tp_2, Ciliophora_280_1_tp_2, Dinoflagellata_1098_1_tp_2, Dinoflagellata_1728_2_tp_2, Planctomycetes_27_1_tp_2, Proteobacteria_7983_6_tp_2, Proteobacteria_8177_2_tp_2",0.500576315146871,0.197054689377406
"Dinoflagellata_1009_1","Actinobacteria_410_1_tp_2, Bacteroidetes_1204_1_tp_2, Chlorophyta__streptophyta_751_1_tp_2, Dinoflagellata_1771_2_tp_2, Div_reps_1600_1_tp_2, Katablepharidophyta_7_1_tp_2, Proteobacteria_7100_1_tp_2, Proteobacteria_7982_2_tp_2, Verrucomicrobia_18_4_tp_2",0.598782657273929,0.178455776528113
"Dinoflagellata_1009_1","Bacteroidetes_1167_1_tp_2, Bacteroidetes_1204_1_tp_2, Bacteroidetes_1264_1_tp_2, Bacteroidetes_1349_1_tp_2, Dinoflagellata_1758_1_tp_2, Proteobacteria_6384_1_tp_2, Proteobacteria_7230_1_tp_2, Proteobacteria_7313_1_tp_2, Proteobacteria_7983_3_tp_2",0.495986574108181,0.196630505789509
"Dinoflagellata_1009_1","Bacillariophyta_29_1_tp_2, Bacteroidetes_1151_1_tp_2, Ciliophora_280_1_tp_2, Cyanobacteria_65_1_tp_2, Proteobacteria_7289_1_tp_2, Proteobacteria_7316_1_tp_2, temperature_tp_2, Verrucomicrobia_18_4_tp_2, Verrucomicrobia_22_1_tp_2",0.385395594381409,0.21235706561515
"Dinoflagellata_1009_1","Bacteroidetes_1204_1_tp_2, Bacteroidetes_1264_1_tp_2, Bacteroidetes_919_2_tp_2, Dinoflagellata_1098_1_tp_2, Proteobacteria_5461_1_tp_2, Proteobacteria_7166_1_tp_2, Proteobacteria_7174_1_tp_2, Proteobacteria_7983_6_tp_2, Proteobacteria_7983_7_tp_2",0.40446239267774,0.212233085286351
"Dinoflagellata_1009_1","Ciliophora_234_1_tp_2, Lobosa_11_1_tp_2, Proteobacteria_11190_1_tp_2, Proteobacteria_11210_1_tp_2, Proteobacteria_11429_3_tp_2, Proteobacteria_11431_1_tp_2, Proteobacteria_7983_8_tp_2, Proteobacteria_8177_1_tp_2, Verrucomicrobia_18_1_tp_2",0.481010383784349,0.222787673626047
"Dinoflagellata_1009_1","Bacteroidetes_918_1_tp_2, Ciliophora_298_1_tp_2, Cyanobacteria_73_1_tp_2, Dinoflagellata_982_1_tp_2, Div_reps_1600_2_tp_2, Haptophyta_148_1_tp_2, Proteobacteria_11155_1_tp_2, Proteobacteria_22_1_tp_2, Proteobacteria_7787_1_tp_2",0.542529054500438,0.193124370748784
"Dinoflagellata_1009_1","Actinobacteria_410_2_tp_2, Bacteroidetes_1186_1_tp_2, Chlorophyta__streptophyta_120_1_tp_2, Dinoflagellata_1658_1_tp_2, Dinoflagellata_1968_1_tp_2, Proteobacteria_11429_2_tp_2, Proteobacteria_11429_3_tp_2, Proteobacteria_7230_2_tp_2, Verrucomicrobia_22_1_tp_2",0.613267666271496,0.176025369380821
"Dinoflagellata_1009_1","Bacteroidetes_1360_4_tp_2, Bacteroidetes_1360_5_tp_2, Bacteroidetes_919_3_tp_2, Dinoflagellata_1862_1_tp_2, Proteobacteria_11155_1_tp_2, Proteobacteria_7316_1_tp_2, Proteobacteria_8178_1_tp_2, Proteobacteria_8185_1_tp_2, Verrucomicrobia_18_2_tp_2",0.608653481564127,0.18705575802225
"Dinoflagellata_1009_1","Archaea_164_1_tp_2, Bacteroidetes_1194_1_tp_2, Bacteroidetes_1224_1_tp_2, Dinoflagellata_1968_1_tp_2, Proteobacteria_10091_1_tp_2, Proteobacteria_11210_1_tp_2, Proteobacteria_11429_3_tp_2, Proteobacteria_7983_1_tp_2, Proteobacteria_8520_1_tp_2",0.581703883722365,0.186257287058424
"Dinoflagellata_1009_1","Bacillariophyta_138_1_tp_2, Bacillariophyta_44_1_tp_2, Bacteroidetes_1178_1_tp_2, Bacteroidetes_1360_2_tp_2, Bacteroidetes_1360_4_tp_2, Ciliophora_1195_1_tp_2, Dinoflagellata_1658_1_tp_2, Dinoflagellata_1862_1_tp_2, Proteobacteria_8175_1_tp_2",0.604871451318283,0.176844184432096
"Dinoflagellata_1009_1","Bacteroidetes_919_1_tp_2, Bacteroidetes_956_1_tp_2, Chlorophyta__streptophyta_895_1_tp_2, Cyanobacteria_65_1_tp_2, Proteobacteria_6847_1_tp_2, Proteobacteria_7316_1_tp_2, Proteobacteria_7982_1_tp_2, Proteobacteria_8176_2_tp_2, Verrucomicrobia_23_1_tp_2",0.561831085023429,0.199362518000673
"Dinoflagellata_1009_1","Bacillariophyta_31_1_tp_2, Bacteroidetes_1151_1_tp_2, Bacteroidetes_131_1_tp_2, Bacteroidetes_918_5_tp_2, Dinoflagellata_1771_1_tp_2, Dinoflagellata_1793_1_tp_2, Proteobacteria_7364_1_tp_2, Proteobacteria_7983_7_tp_2, Verrucomicrobia_18_4_tp_2",0.381286801841033,0.222200631209265
"Dinoflagellata_1009_1","Bacteroidetes_129_2_tp_2, Bacteroidetes_317_1_tp_2, Bacteroidetes_938_1_tp_2, Dinoflagellata_1771_2_tp_2, Haptophyta_148_1_tp_2, Planctomycetes_27_1_tp_2, Proteobacteria_7230_1_tp_2, Proteobacteria_7295_1_tp_2, Proteobacteria_8177_1_tp_2",0.438957507710048,0.217513076504638
"Dinoflagellata_1009_1","Bacteroidetes_1166_2_tp_2, Cercozoa_291_1_tp_2, Cryptophyta_108_1_tp_2, Cyanobacteria_48_1_tp_2, Dinoflagellata_955_1_tp_2, Proteobacteria_10114_1_tp_2, Proteobacteria_7295_1_tp_2, Proteobacteria_7983_2_tp_2, Proteobacteria_7983_4_tp_2",0.529167285839771,0.188544148268337
"Dinoflagellata_1009_1","Bacteroidetes_1166_1_tp_2, Bacteroidetes_1360_2_tp_2, Dinoflagellata_1658_1_tp_2, Phylum_reps_1954_1_tp_2, Picozoa_18_1_tp_2, Proteobacteria_10168_1_tp_2, Proteobacteria_11431_2_tp_2, Proteobacteria_7230_3_tp_2, Verrucomicrobia_18_2_tp_2",0.576240310437453,0.184569386073649
"Dinoflagellata_1009_1","Archaea_164_2_tp_2, Bacteroidetes_1167_1_tp_2, Bacteroidetes_1360_1_tp_2, Cercozoa_23_1_tp_2, Proteobacteria_11429_2_tp_2, Proteobacteria_7316_1_tp_2, Proteobacteria_7982_1_tp_2, Proteobacteria_7982_2_tp_2, Proteobacteria_7983_7_tp_2",0.609845391477636,0.178090432566445
"Dinoflagellata_1009_1","Bacteroidetes_1224_1_tp_2, Bacteroidetes_918_5_tp_2, Dinoflagellata_1017_1_tp_2, Dinoflagellata_1749_1_tp_2, Dinoflagellata_955_1_tp_2, Picozoa_6_1_tp_2, Proteobacteria_11190_1_tp_2, Proteobacteria_7983_4_tp_2, Radiolaria_104_1_tp_2",0.532685518732476,0.1961774833003
"Dinoflagellata_1009_1","Bacteroidetes_1235_1_tp_2, Bacteroidetes_1264_1_tp_2, Dinoflagellata_1728_2_tp_2, Dinoflagellata_1771_2_tp_2, Dinoflagellata_1968_1_tp_2, Dinoflagellata_874_1_tp_2, Div_reps_1600_1_tp_2, Nitrospirae_9_1_tp_2, Proteobacteria_7230_3_tp_2",0.632388620390032,0.17266227614952
"Dinoflagellata_1009_1","Bacteroidetes_1204_1_tp_2, Bacteroidetes_1264_1_tp_2, Bacteroidetes_1360_3_tp_2, Dinoflagellata_955_1_tp_2, Katablepharidophyta_7_1_tp_2, Perkinsea_33_1_tp_2, Proteobacteria_5436_1_tp_2, Proteobacteria_5461_1_tp_2, Proteobacteria_8177_2_tp_2",0.58579628551007,0.181165411154068
"Dinoflagellata_1009_1","Actinobacteria_410_2_tp_2, Bacteroidetes_1360_3_tp_2, Bacteroidetes_918_3_tp_2, Chlorophyta__streptophyta_845_1_tp_2, Cryptophyta_15_2_tp_2, Proteobacteria_7319_1_tp_2, Proteobacteria_7364_1_tp_2, Verrucomicrobia_18_2_tp_2, Verrucomicrobia_23_1_tp_2",0.529017672066585,0.198691003453344
"Dinoflagellata_1009_1","Bacillariophyta_219_1_tp_2, Bacteroidetes_1360_4_tp_2, Bacteroidetes_918_1_tp_2, Cryptophyta_108_1_tp_2, Cyanobacteria_65_1_tp_2, Dinoflagellata_955_1_tp_2, Proteobacteria_5461_1_tp_2, Proteobacteria_8175_1_tp_2, Verrucomicrobia_23_1_tp_2",0.549954219123616,0.197881533209586
"Dinoflagellata_1009_1","Actinobacteria_410_1_tp_2, Bacteroidetes_1249_1_tp_2, Bacteroidetes_129_1_tp_2, Chlorophyta__streptophyta_833_1_tp_2, Cryptophyta_15_2_tp_2, Dinoflagellata_1496_1_tp_2, Dinoflagellata_1769_1_tp_2, Proteobacteria_11155_2_tp_2, Verrucomicrobia_22_2_tp_2",0.524591997471367,0.203061846529768
"Dinoflagellata_1009_1","Actinobacteria_410_2_tp_2, Bacteroidetes_1249_1_tp_2, Bacteroidetes_129_1_tp_2, Bacteroidetes_918_4_tp_2, Chlorophyta__streptophyta_732_1_tp_2, Dinoflagellata_1793_1_tp_2, Nitrospirae_9_1_tp_2, Proteobacteria_7787_1_tp_2, Proteobacteria_8185_1_tp_2",0.571753515104155,0.18854373838712
"Dinoflagellata_1009_1","Bacteroidetes_1166_2_tp_2, Bacteroidetes_918_1_tp_2, Dinoflagellata_1010_1_tp_2, Dinoflagellata_124_1_tp_2, Perkinsea_44_1_tp_2, Planctomycetes_34_1_tp_2, Proteobacteria_7983_4_tp_2, Proteobacteria_8520_1_tp_2, Verrucomicrobia_18_3_tp_2",0.497410070713039,0.202123388418716
"Dinoflagellata_1009_1","Bacteroidetes_1166_1_tp_2, Bacteroidetes_1235_1_tp_2, Bacteroidetes_1360_3_tp_2, Ciliophora_298_1_tp_2, Cyanobacteria_48_1_tp_2, Dinoflagellata_124_1_tp_2, Dinoflagellata_1771_1_tp_2, Proteobacteria_11210_2_tp_2, Proteobacteria_7983_4_tp_2",0.484569143121485,0.208276099874927
"Dinoflagellata_1009_1","Actinobacteria_410_2_tp_2, Bacteroidetes_1360_5_tp_2, Cyanobacteria_73_1_tp_2, Picozoa_18_1_tp_2, Proteobacteria_11428_1_tp_2, Proteobacteria_11429_2_tp_2, Proteobacteria_7314_1_tp_2, Proteobacteria_8176_2_tp_2, Proteobacteria_9681_1_tp_2",0.536688860073164,0.208719855020183
"Dinoflagellata_1009_1","Bacteroidetes_1151_1_tp_2, Cryptophyta_15_2_tp_2, Cyanobacteria_85_1_tp_2, Dinoflagellata_124_1_tp_2, Dinoflagellata_1758_1_tp_2, Proteobacteria_11210_2_tp_2, Proteobacteria_7230_3_tp_2, Proteobacteria_7314_1_tp_2, Proteobacteria_9681_2_tp_2",0.443988912304196,0.205369722818349
"Dinoflagellata_1009_1","Bacillariophyta_196_1_tp_2, Cercozoa_23_1_tp_2, Ciliophora_1195_1_tp_2, Ciliophora_234_1_tp_2, Cryptophyta_15_2_tp_2, Dinoflagellata_955_1_tp_2, Lobosa_11_1_tp_2, Proteobacteria_7983_3_tp_2, Proteobacteria_7983_5_tp_2",0.560973363589713,0.188229090593264
"Dinoflagellata_1009_1","Archaea_179_1_tp_2, Bacteroidetes_1167_1_tp_2, Chlorophyta__streptophyta_120_1_tp_2, Haptophyta_148_1_tp_2, Planctomycetes_27_1_tp_2, Proteobacteria_7319_1_tp_2, Proteobacteria_7984_1_tp_2, Proteobacteria_8176_1_tp_2, Proteobacteria_8178_1_tp_2",0.554068867409456,0.192172530172252
"Dinoflagellata_1009_1","Ciliophora_298_1_tp_2, Cryptophyta_15_2_tp_2, Dinoflagellata_1728_2_tp_2, Div_reps_1600_1_tp_2, Proteobacteria_6847_1_tp_2, Proteobacteria_7295_1_tp_2, Proteobacteria_7982_2_tp_2, Proteobacteria_7983_4_tp_2, Proteobacteria_7983_6_tp_2",0.57489924276643,0.18402605016922
"Dinoflagellata_1009_1","Bacteroidetes_1186_1_tp_2, Bacteroidetes_918_2_tp_2, Perkinsea_44_1_tp_2, Planctomycetes_61_1_tp_2, Proteobacteria_22_1_tp_2, Proteobacteria_7364_1_tp_2, Proteobacteria_7787_1_tp_2, Proteobacteria_8176_2_tp_2, Verrucomicrobia_18_4_tp_2",0.516869986274604,0.191407256284453
"Dinoflagellata_1009_1","Cercozoa_23_1_tp_2, Chlorophyta__streptophyta_751_1_tp_2, Ciliophora_234_1_tp_2, Div_reps_1600_2_tp_2, Katablepharidophyta_7_1_tp_2, Proteobacteria_7313_1_tp_2, Pseudofungi_43_1_tp_2, Radiolaria_104_1_tp_2, Verrucomicrobia_18_4_tp_2",0.55500833822977,0.184479239710527
"Dinoflagellata_1009_1","Bacillariophyta_100_1_tp_2, Bacillariophyta_123_1_tp_2, Dinoflagellata_1793_1_tp_2, Dinoflagellata_1968_1_tp_2, Proteobacteria_6384_1_tp_2, Proteobacteria_7100_1_tp_2, Verrucomicrobia_18_1_tp_2, Verrucomicrobia_18_4_tp_2, Verrucomicrobia_22_1_tp_2",0.503348846178554,0.197097789332559
"Dinoflagellata_1009_1","Bacteroidetes_1151_1_tp_2, Bacteroidetes_1166_1_tp_2, Ciliophora_1195_1_tp_2, Dinoflagellata_1968_1_tp_2, Proteobacteria_11429_1_tp_2, Proteobacteria_7230_3_tp_2, Proteobacteria_9681_2_tp_2, Radiolaria_104_1_tp_2, Verrucomicrobia_18_4_tp_2",0.544205938697961,0.18763308406497
"Dinoflagellata_1009_1","Bacillariophyta_138_1_tp_2, Bacteroidetes_1224_1_tp_2, Bacteroidetes_1264_1_tp_2, Bacteroidetes_129_1_tp_2, Haptophyta_148_1_tp_2, Proteobacteria_22_1_tp_2, Proteobacteria_7230_2_tp_2, Proteobacteria_7983_1_tp_2, Proteobacteria_9649_1_tp_2",0.559489702023457,0.19822782713772
"Dinoflagellata_1009_1","Archaea_179_1_tp_2, Chlorophyta__streptophyta_120_1_tp_2, Ciliophora_234_1_tp_2, Ciliophora_298_1_tp_2, Dictyochophyceae_6_1_tp_2, Div_reps_1600_2_tp_2, Proteobacteria_11429_3_tp_2, Proteobacteria_7364_1_tp_2, Raphidophyceae_3_1_tp_2",0.491367277372189,0.193047972757561
"Dinoflagellata_1009_1","Archaea_164_2_tp_2, Bacteroidetes_1186_1_tp_2, Bacteroidetes_1360_4_tp_2, Bacteroidetes_918_3_tp_2, Bacteroidetes_919_3_tp_2, Cryptophyta_15_1_tp_2, Proteobacteria_7983_5_tp_2, Proteobacteria_7983_6_tp_2, Proteobacteria_7984_1_tp_2",0.63576946812173,0.180341969381736
"Dinoflagellata_1009_1","Archaea_164_1_tp_2, Bacteroidetes_1166_1_tp_2, Bacteroidetes_1194_1_tp_2, Dinoflagellata_1862_1_tp_2, Dinoflagellata_874_1_tp_2, Proteobacteria_11431_1_tp_2, Proteobacteria_7100_1_tp_2, Proteobacteria_7174_1_tp_2, Proteobacteria_7231_1_tp_2",0.54110375051463,0.187347314283923
"Dinoflagellata_1009_1","Bacillariophyta_219_1_tp_2, Bacteroidetes_1349_1_tp_2, Bacteroidetes_919_3_tp_2, Cercozoa_291_1_tp_2, Dinoflagellata_1968_1_tp_2, Dinoflagellata_955_1_tp_2, Phylum_reps_2301_1_tp_2, Proteobacteria_7983_8_tp_2, Proteobacteria_9681_1_tp_2",0.515271960008814,0.190448138371596
"Dinoflagellata_1009_1","Bacillariophyta_29_1_tp_2, Bacteroidetes_1167_1_tp_2, Bacteroidetes_129_2_tp_2, Bacteroidetes_1360_4_tp_2, Bacteroidetes_918_3_tp_2, Dinoflagellata_1771_1_tp_2, Proteobacteria_11431_2_tp_2, Proteobacteria_7983_6_tp_2, Verrucomicrobia_22_2_tp_2",0.604537171740322,0.184145422598141
"Dinoflagellata_1009_1","Chlorophyta__streptophyta_895_1_tp_2, Cryptophyta_108_1_tp_2, Dinoflagellata_124_1_tp_2, Dinoflagellata_1658_1_tp_2, Proteobacteria_11155_2_tp_2, Proteobacteria_11210_2_tp_2, Proteobacteria_11429_1_tp_2, Proteobacteria_7319_1_tp_2, Proteobacteria_8175_1_tp_2",0.599407951280158,0.181129110612385
"Dinoflagellata_1009_1","Archaea_179_1_tp_2, Bacteroidetes_1166_2_tp_2, Bacteroidetes_1349_1_tp_2, Bacteroidetes_1360_3_tp_2, Chlorophyta__streptophyta_120_1_tp_2, Div_reps_1600_1_tp_2, Picozoa_18_1_tp_2, Proteobacteria_7982_2_tp_2, Proteobacteria_9681_2_tp_2",0.524498432021033,0.189754868792923
"Dinoflagellata_1009_1","Bacillariophyta_100_1_tp_2, Bacteroidetes_1360_1_tp_2, Chlorophyta__streptophyta_732_1_tp_2, Dinoflagellata_1728_2_tp_2, Dinoflagellata_1968_1_tp_2, Haptophyta_203_1_tp_2, Proteobacteria_10168_1_tp_2, Proteobacteria_7313_1_tp_2, Proteobacteria_8176_1_tp_2",0.649469771537367,0.171243612403065
"Dinoflagellata_1009_1","Bacillariophyta_100_1_tp_2, Bacteroidetes_317_1_tp_2, Bacteroidetes_918_2_tp_2, Dinoflagellata_124_1_tp_2, Dinoflagellata_1711_1_tp_2, Proteobacteria_7231_1_tp_2, Proteobacteria_7983_1_tp_2, Proteobacteria_7983_5_tp_2, temperature_tp_2",0.474024468926455,0.198934878894315
"Dinoflagellata_1009_1","Bacillariophyta_219_1_tp_2, Bacteroidetes_1204_1_tp_2, Bacteroidetes_918_4_tp_2, Bacteroidetes_919_3_tp_2, Cercozoa_395_1_tp_2, Dinoflagellata_1758_1_tp_2, Perkinsea_33_1_tp_2, Proteobacteria_7166_1_tp_2, Proteobacteria_7983_4_tp_2",0.415118472219847,0.203262862378531
"Dinoflagellata_1009_1","Bacteroidetes_1235_1_tp_2, Bacteroidetes_1349_1_tp_2, Bacteroidetes_1360_5_tp_2, Chlorophyta__streptophyta_732_1_tp_2, Ciliophora_451_1_tp_2, Cryptophyta_15_2_tp_2, Dinoflagellata_955_1_tp_2, Planctomycetes_27_1_tp_2, Proteobacteria_11155_1_tp_2",0.53971581140714,0.19718635007655
"Dinoflagellata_1009_1","Bacillariophyta_123_1_tp_2, Bacteroidetes_1186_1_tp_2, Bacteroidetes_1224_1_tp_2, Dinoflagellata_1728_2_tp_2, Katablepharidophyta_7_1_tp_2, Proteobacteria_11431_2_tp_2, Proteobacteria_7166_1_tp_2, Proteobacteria_7289_1_tp_2, Proteobacteria_7983_7_tp_2",0.53669729891945,0.195286528635965
"Dinoflagellata_1009_1","Bacteroidetes_956_1_tp_2, Ciliophora_298_1_tp_2, Dictyochophyceae_6_1_tp_2, Dinoflagellata_1658_1_tp_2, Proteobacteria_11429_1_tp_2, Proteobacteria_7982_2_tp_2, Proteobacteria_8175_1_tp_2, Proteobacteria_8176_1_tp_2, Proteobacteria_8185_1_tp_2",0.622670356907945,0.176028732661667
"Dinoflagellata_1009_1","Bacillariophyta_123_1_tp_2, Bacteroidetes_1224_1_tp_2, Bacteroidetes_131_1_tp_2, Bacteroidetes_919_1_tp_2, Cercozoa_23_1_tp_2, Cyanobacteria_48_1_tp_2, Dinoflagellata_1968_1_tp_2, Div_reps_2942_1_tp_2, Proteobacteria_9681_2_tp_2",0.52310309698278,0.19764824149242
"Dinoflagellata_1009_1","Actinobacteria_410_1_tp_2, Dinoflagellata_1014_1_tp_2, Dinoflagellata_1728_1_tp_2, Div_reps_2942_1_tp_2, Picozoa_18_1_tp_2, Proteobacteria_11155_1_tp_2, Proteobacteria_11429_1_tp_2, Proteobacteria_11431_1_tp_2, temperature_tp_2",0.430599077994139,0.235029719201017
"Dinoflagellata_1009_1","Bacteroidetes_1224_1_tp_2, Cercozoa_291_1_tp_2, Cryptophyta_15_1_tp_2, Dinoflagellata_1014_1_tp_2, Dinoflagellata_1758_1_tp_2, Proteobacteria_7100_1_tp_2, Proteobacteria_7230_1_tp_2, Proteobacteria_7314_1_tp_2, Radiolaria_104_1_tp_2",0.538357112861144,0.192410896103731
"Dinoflagellata_1009_1","Dinoflagellata_1014_1_tp_2, Dinoflagellata_1198_1_tp_2, Katablepharidophyta_7_1_tp_2, Proteobacteria_10168_1_tp_2, Proteobacteria_7100_1_tp_2, Proteobacteria_7230_1_tp_2, Proteobacteria_7319_1_tp_2, Proteobacteria_7983_1_tp_2, Proteobacteria_8176_1_tp_2",0.522945867474955,0.20160329881133
"Dinoflagellata_1009_1","Archaea_164_2_tp_2, Bacteroidetes_919_1_tp_2, Chlorophyta__streptophyta_751_1_tp_2, Ciliophora_298_1_tp_2, Cyanobacteria_73_1_tp_2, Dinoflagellata_1769_1_tp_2, Proteobacteria_10114_1_tp_2, Proteobacteria_11120_1_tp_2, Proteobacteria_11429_2_tp_2",0.603804528632091,0.178826677126598
"Dinoflagellata_1009_1","Archaea_164_2_tp_2, Bacteroidetes_1167_1_tp_2, Bacteroidetes_129_2_tp_2, Chlorophyta__streptophyta_895_1_tp_2, Dinoflagellata_1728_1_tp_2, Planctomycetes_61_1_tp_2, Proteobacteria_11210_1_tp_2, Proteobacteria_11431_2_tp_2, Proteobacteria_7983_6_tp_2",0.620320894307513,0.186011346640701
"Dinoflagellata_1009_1","Bacteroidetes_1166_1_tp_2, Bacteroidetes_1167_1_tp_2, Bacteroidetes_1186_1_tp_2, Bacteroidetes_918_2_tp_2, Bacteroidetes_938_1_tp_2, Cyanobacteria_85_1_tp_2, Proteobacteria_7313_1_tp_2, Proteobacteria_8520_1_tp_2, Verrucomicrobia_22_2_tp_2",0.515953472714369,0.195140093519381
"Dinoflagellata_1009_1","Bacillariophyta_219_1_tp_2, Cryptophyta_15_1_tp_2, Lobosa_11_1_tp_2, Phylum_reps_1954_1_tp_2, Proteobacteria_5461_1_tp_2, Proteobacteria_6847_1_tp_2, Proteobacteria_8178_1_tp_2, Rhodophyta_506_1_tp_2, Verrucomicrobia_18_3_tp_2",0.524283763026865,0.196905405659465
"Dinoflagellata_1009_1","Bacillariophyta_100_1_tp_2, Bacteroidetes_919_2_tp_2, Bacteroidetes_938_1_tp_2, Dinoflagellata_1728_1_tp_2, Div_reps_2942_1_tp_2, Phylum_reps_1985_1_tp_2, Proteobacteria_11429_3_tp_2, Radiolaria_104_1_tp_2, Verrucomicrobia_18_2_tp_2",0.467182795259709,0.203672592919984
"Dinoflagellata_1009_1","Bacteroidetes_1360_4_tp_2, Chlorophyta__streptophyta_848_1_tp_2, Ciliophora_280_1_tp_2, Dinoflagellata_874_1_tp_2, Phylum_reps_1985_1_tp_2, Proteobacteria_7166_1_tp_2, Proteobacteria_8176_2_tp_2, Proteobacteria_9681_1_tp_2, Verrucomicrobia_18_4_tp_2",0.360491938457757,0.214525818346147
"Dinoflagellata_1009_1","Bacteroidetes_1249_1_tp_2, Cercozoa_291_1_tp_2, Dinoflagellata_1711_1_tp_2, Dinoflagellata_1862_1_tp_2, Div_reps_1600_1_tp_2, Div_reps_1600_2_tp_2, Planctomycetes_27_1_tp_2, Proteobacteria_10168_1_tp_2, Verrucomicrobia_18_1_tp_2",0.577614475705769,0.184506206437015
"Dinoflagellata_1009_1","Bacteroidetes_1178_1_tp_2, Bacteroidetes_131_1_tp_2, Chlorophyta__streptophyta_895_1_tp_2, Dinoflagellata_1017_1_tp_2, Nitrospirae_9_1_tp_2, Proteobacteria_11210_1_tp_2, Proteobacteria_11431_2_tp_2, Proteobacteria_7231_1_tp_2, Proteobacteria_7982_2_tp_2",0.661491963756808,0.16943622869424
"Dinoflagellata_1009_1","Actinobacteria_410_1_tp_2, Bacteroidetes_1186_1_tp_2, Bacteroidetes_1224_1_tp_2, Chlorophyta__streptophyta_833_1_tp_2, Dinoflagellata_1496_1_tp_2, Div_reps_2942_1_tp_2, Proteobacteria_11190_1_tp_2, Proteobacteria_11431_2_tp_2, Proteobacteria_7982_1_tp_2",0.607448477731221,0.194836275999443
"Dinoflagellata_1009_1","Bacteroidetes_1360_2_tp_2, Bacteroidetes_1360_3_tp_2, Bacteroidetes_317_1_tp_2, Cryptophyta_15_2_tp_2, Dinoflagellata_1711_1_tp_2, Dinoflagellata_874_1_tp_2, Proteobacteria_10168_1_tp_2, Proteobacteria_7983_5_tp_2, Verrucomicrobia_22_1_tp_2",0.543152354620516,0.190287176114005
"Dinoflagellata_1009_1","Archaea_179_1_tp_2, Ciliophora_403_1_tp_2, Dinoflagellata_1496_1_tp_2, Dinoflagellata_1542_1_tp_2, Dinoflagellata_1555_1_tp_2, Katablepharidophyta_7_1_tp_2, Picozoa_6_1_tp_2, Proteobacteria_8177_2_tp_2, Proteobacteria_8185_1_tp_2",0.548596810748363,0.194957449200701
"Dinoflagellata_1009_1","Actinobacteria_410_1_tp_2, Bacteroidetes_317_1_tp_2, Dinoflagellata_1017_1_tp_2, Dinoflagellata_1542_1_tp_2, Proteobacteria_11155_1_tp_2, Proteobacteria_11428_1_tp_2, Proteobacteria_11429_4_tp_2, Proteobacteria_22_1_tp_2, Raphidophyceae_3_1_tp_2",0.441279932487905,0.207310495938898
"Dinoflagellata_1009_1","Actinobacteria_410_1_tp_2, Bacillariophyta_29_1_tp_2, Bacteroidetes_1249_1_tp_2, Bacteroidetes_1264_1_tp_2, Bacteroidetes_129_2_tp_2, Bacteroidetes_919_2_tp_2, Proteobacteria_10114_1_tp_2, Proteobacteria_7289_1_tp_2, Proteobacteria_8177_1_tp_2",0.547520550116525,0.207559986556846
"Dinoflagellata_1009_1","Bacteroidetes_919_2_tp_2, Chlorophyta__streptophyta_120_1_tp_2, Chlorophyta__streptophyta_845_1_tp_2, Dictyochophyceae_6_1_tp_2, Dinoflagellata_1769_1_tp_2, Div_reps_2942_1_tp_2, Proteobacteria_11428_1_tp_2, Proteobacteria_7230_2_tp_2, Verrucomicrobia_22_2_tp_2",0.529648913623984,0.194655018681239
"Dinoflagellata_1009_1","Actinobacteria_410_1_tp_2, Bacteroidetes_1166_2_tp_2, Chlorophyta__streptophyta_751_1_tp_2, Dictyochophyceae_6_1_tp_2, Dinoflagellata_1098_1_tp_2, Proteobacteria_11429_3_tp_2, Proteobacteria_22_1_tp_2, Proteobacteria_7983_4_tp_2, Proteobacteria_8520_1_tp_2",0.530073334241399,0.190665446567325
"Dinoflagellata_1009_1","Bacteroidetes_1235_1_tp_2, Cryptophyta_15_1_tp_2, Dinoflagellata_1555_1_tp_2, Haptophyta_148_1_tp_2, Planctomycetes_34_1_tp_2, Proteobacteria_11429_2_tp_2, Proteobacteria_7983_2_tp_2, Proteobacteria_8178_1_tp_2, Proteobacteria_8520_1_tp_2",0.537963010631421,0.201755951999249
"Dinoflagellata_1009_1","Bacillariophyta_123_1_tp_2, Ciliophora_280_1_tp_2, Dictyochophyceae_6_1_tp_2, Dinoflagellata_1014_1_tp_2, Dinoflagellata_1198_1_tp_2, Perkinsea_33_1_tp_2, Proteobacteria_7230_3_tp_2, Proteobacteria_7364_1_tp_2, Verrucomicrobia_22_2_tp_2",0.294260756532604,0.229531344805729
"Dinoflagellata_1009_1","Bacillariophyta_123_1_tp_2, Bacteroidetes_1360_3_tp_2, Ciliophora_403_1_tp_2, Dictyochophyceae_6_1_tp_2, Dinoflagellata_874_1_tp_2, Dinoflagellata_955_1_tp_2, Perkinsea_44_1_tp_2, Phylum_reps_2301_1_tp_2, Picozoa_18_1_tp_2",0.473211414500233,0.200656349740414
"Dinoflagellata_1009_1","Actinobacteria_410_1_tp_2, Bacteroidetes_1360_3_tp_2, Cercozoa_395_1_tp_2, Dinoflagellata_1198_1_tp_2, Phylum_reps_2301_1_tp_2, Proteobacteria_11429_1_tp_2, Proteobacteria_7174_1_tp_2, Proteobacteria_7289_1_tp_2, Radiolaria_104_1_tp_2",0.49604672785855,0.204324691440856
"Dinoflagellata_1009_1","Bacteroidetes_1204_1_tp_2, Bacteroidetes_1235_1_tp_2, Chrysophyceae_16_1_tp_2, Dinoflagellata_1793_1_tp_2, Proteobacteria_7230_3_tp_2, Proteobacteria_7982_2_tp_2, Proteobacteria_7983_3_tp_2, Proteobacteria_7983_6_tp_2, Pseudofungi_43_1_tp_2",0.510526730537858,0.192521187949093
"Dinoflagellata_1009_1","Actinobacteria_410_1_tp_2, Bacteroidetes_1151_1_tp_2, Bacteroidetes_1349_1_tp_2, Bacteroidetes_938_1_tp_2, Chlorophyta__streptophyta_845_1_tp_2, Ciliophora_234_1_tp_2, Dinoflagellata_1658_1_tp_2, Div_reps_2942_1_tp_2, Rhodophyta_506_1_tp_2",0.522021344317832,0.201809532032907
"Dinoflagellata_1009_1","Bacteroidetes_129_1_tp_2, Bacteroidetes_317_1_tp_2, Cercozoa_22_1_tp_2, Ciliophora_280_1_tp_2, Proteobacteria_11429_3_tp_2, Proteobacteria_7230_3_tp_2, Proteobacteria_9681_2_tp_2, temperature_tp_2, Verrucomicrobia_18_3_tp_2",0.465231655854881,0.203219918768759
"Dinoflagellata_1009_1","Chlorophyta__streptophyta_833_1_tp_2, Chrysophyceae_16_1_tp_2, Dinoflagellata_124_1_tp_2, Dinoflagellata_1555_1_tp_2, Phylum_reps_1985_1_tp_2, Proteobacteria_11155_2_tp_2, Proteobacteria_8177_2_tp_2, Pseudofungi_43_1_tp_2, Verrucomicrobia_18_4_tp_2",0.433309878775057,0.215972344073644
"Dinoflagellata_1009_1","Bacillariophyta_138_1_tp_2, Bacteroidetes_918_1_tp_2, Bacteroidetes_918_4_tp_2, Chlorophyta__streptophyta_120_1_tp_2, Chlorophyta__streptophyta_833_1_tp_2, Ciliophora_280_1_tp_2, Div_reps_1600_2_tp_2, Proteobacteria_9681_2_tp_2, Verrucomicrobia_22_2_tp_2",0.38818329501349,0.214425645084322
"Dinoflagellata_1009_1","Bacteroidetes_1360_1_tp_2, Cercozoa_22_1_tp_2, Chrysophyceae_16_1_tp_2, Ciliophora_234_1_tp_2, Div_reps_2942_1_tp_2, Proteobacteria_11429_3_tp_2, Proteobacteria_6384_1_tp_2, Proteobacteria_7983_3_tp_2, Radiolaria_104_1_tp_2",0.555561098558645,0.184106245858476
"Dinoflagellata_1009_1","Bacillariophyta_123_1_tp_2, Chlorophyta__streptophyta_833_1_tp_2, Ciliophora_298_1_tp_2, Cyanobacteria_73_1_tp_2, Dinoflagellata_874_1_tp_2, Div_reps_2942_1_tp_2, Proteobacteria_11429_4_tp_2, Proteobacteria_7983_7_tp_2, Proteobacteria_9681_1_tp_2",0.518323038498347,0.205697197763744
"Dinoflagellata_1009_1","Actinobacteria_410_2_tp_2, Bacillariophyta_219_1_tp_2, Bacteroidetes_1360_2_tp_2, Chrysophyceae_16_1_tp_2, Ciliophora_298_1_tp_2, Proteobacteria_7230_1_tp_2, Proteobacteria_7982_2_tp_2, Proteobacteria_8185_1_tp_2, Verrucomicrobia_23_1_tp_2",0.543360848278151,0.186384054509267
"Dinoflagellata_1009_1","Bacteroidetes_1151_1_tp_2, Bacteroidetes_1194_1_tp_2, Bacteroidetes_129_1_tp_2, Cyanobacteria_73_1_tp_2, Proteobacteria_11155_1_tp_2, Proteobacteria_22_1_tp_2, Proteobacteria_7295_1_tp_2, Proteobacteria_8176_1_tp_2, Sagenista_61_1_tp_2",0.530726142915298,0.192854487687219
"Dinoflagellata_1009_1","Ciliophora_280_1_tp_2, Cryptophyta_108_1_tp_2, Dinoflagellata_1014_1_tp_2, Lobosa_11_1_tp_2, Planctomycetes_34_1_tp_2, Proteobacteria_11155_2_tp_2, Proteobacteria_7295_1_tp_2, Proteobacteria_7983_2_tp_2, Verrucomicrobia_22_1_tp_2",0.413094947039969,0.211617020378143
"Dinoflagellata_1009_1","Bacillariophyta_29_1_tp_2, Bacteroidetes_1360_1_tp_2, Bacteroidetes_918_4_tp_2, Bacteroidetes_938_1_tp_2, Cyanobacteria_85_1_tp_2, Dinoflagellata_955_1_tp_2, Planctomycetes_27_1_tp_2, Proteobacteria_5461_1_tp_2, Proteobacteria_9681_1_tp_2",0.512099356967677,0.193951421043731
"Dinoflagellata_1009_1","Archaea_179_1_tp_2, Bacillariophyta_138_1_tp_2, Ciliophora_451_1_tp_2, Cyanobacteria_48_1_tp_2, Proteobacteria_7295_1_tp_2, Proteobacteria_8178_1_tp_2, Proteobacteria_8185_1_tp_2, Raphidophyceae_3_1_tp_2, Verrucomicrobia_22_1_tp_2",0.611168591684494,0.180677866848523
"Dinoflagellata_1009_1","Bacteroidetes_956_1_tp_2, Picozoa_18_1_tp_2, Proteobacteria_11210_2_tp_2, Proteobacteria_11431_2_tp_2, Proteobacteria_7230_1_tp_2, Proteobacteria_7787_1_tp_2, Proteobacteria_7983_6_tp_2, Proteobacteria_9681_1_tp_2, Sagenista_61_1_tp_2",0.647540323789938,0.180121461761118
"Dinoflagellata_1009_1","Ciliophora_234_1_tp_2, Ciliophora_280_1_tp_2, Dinoflagellata_1728_2_tp_2, Nitrospirae_9_1_tp_2, Proteobacteria_6847_1_tp_2, Proteobacteria_7174_1_tp_2, Proteobacteria_8177_1_tp_2, Proteobacteria_9681_1_tp_2, Verrucomicrobia_18_3_tp_2",0.542715313867384,0.195815139676346
"Dinoflagellata_1009_1","Bacillariophyta_219_1_tp_2, Bacteroidetes_1194_1_tp_2, Haptophyta_203_1_tp_2, Proteobacteria_11210_2_tp_2, Proteobacteria_7230_3_tp_2, Proteobacteria_7319_1_tp_2, Proteobacteria_7983_4_tp_2, Proteobacteria_8178_1_tp_2, Verrucomicrobia_18_4_tp_2",0.459839745197853,0.207008705180237
"Dinoflagellata_1009_1","Chrysophyceae_16_1_tp_2, Cyanobacteria_48_1_tp_2, Dinoflagellata_1749_1_tp_2, Dinoflagellata_1793_1_tp_2, Perkinsea_44_1_tp_2, Proteobacteria_11210_2_tp_2, Proteobacteria_7984_1_tp_2, Proteobacteria_8178_1_tp_2, Verrucomicrobia_18_1_tp_2",0.485621290323927,0.211344237821389
"Dinoflagellata_1009_1","Bacteroidetes_1360_4_tp_2, Bacteroidetes_918_3_tp_2, Cercozoa_291_1_tp_2, Chlorophyta__streptophyta_732_1_tp_2, Ciliophora_403_1_tp_2, Dinoflagellata_1771_2_tp_2, Dinoflagellata_1862_1_tp_2, Haptophyta_148_1_tp_2, Proteobacteria_7982_1_tp_2",0.536021994671592,0.198577355798665
"Dinoflagellata_1009_1","Bacteroidetes_1360_1_tp_2, Bacteroidetes_1360_5_tp_2, Cercozoa_291_1_tp_2, Cyanobacteria_85_1_tp_2, Dictyochophyceae_6_1_tp_2, Planctomycetes_61_1_tp_2, Proteobacteria_11155_1_tp_2, Proteobacteria_7983_1_tp_2, Verrucomicrobia_18_2_tp_2",0.455425807219709,0.209574227571037
"Dinoflagellata_1009_1","Archaea_164_1_tp_2, Archaea_179_1_tp_2, Dinoflagellata_1014_1_tp_2, Phylum_reps_1985_1_tp_2, Proteobacteria_11431_2_tp_2, Proteobacteria_7313_1_tp_2, Proteobacteria_7314_1_tp_2, Proteobacteria_7319_1_tp_2, Verrucomicrobia_18_3_tp_2",0.566883595408318,0.194863914871836
"Dinoflagellata_1009_1","Bacteroidetes_1167_1_tp_2, Bacteroidetes_1349_1_tp_2, Chlorophyta__streptophyta_732_1_tp_2, Chlorophyta__streptophyta_845_1_tp_2, Cryptophyta_108_1_tp_2, Dinoflagellata_1555_1_tp_2, Phylum_reps_1954_1_tp_2, Proteobacteria_7983_8_tp_2, Pseudofungi_43_1_tp_2",0.522788580715459,0.196759173685206
"Dinoflagellata_1009_1","Archaea_164_2_tp_2, Bacillariophyta_44_1_tp_2, Bacteroidetes_1167_1_tp_2, Bacteroidetes_1178_1_tp_2, Bacteroidetes_1349_1_tp_2, Cryptophyta_108_1_tp_2, Haptophyta_148_1_tp_2, Planctomycetes_27_1_tp_2, Proteobacteria_7174_1_tp_2",0.519920404140462,0.196973397695589
"Dinoflagellata_1009_1","Bacteroidetes_129_2_tp_2, Ciliophora_234_1_tp_2, Proteobacteria_11210_1_tp_2, Proteobacteria_7230_3_tp_2, Proteobacteria_7983_1_tp_2, Proteobacteria_8520_1_tp_2, Proteobacteria_9649_1_tp_2, Proteobacteria_9681_1_tp_2, Rhodophyta_506_1_tp_2",0.506970749846498,0.202314329511611
"Dinoflagellata_1009_1","Bacteroidetes_1178_1_tp_2, Bacteroidetes_1360_3_tp_2, Bacteroidetes_918_5_tp_2, Cyanobacteria_85_1_tp_2, Dinoflagellata_1862_1_tp_2, Div_reps_2942_1_tp_2, Proteobacteria_11428_1_tp_2, Proteobacteria_7100_1_tp_2, Proteobacteria_7313_1_tp_2",0.526264617578855,0.189565677912474
"Dinoflagellata_1009_1","Chlorophyta__streptophyta_895_1_tp_2, Dinoflagellata_955_1_tp_2, Proteobacteria_5461_1_tp_2, Proteobacteria_7231_1_tp_2, Proteobacteria_7787_1_tp_2, Proteobacteria_7983_5_tp_2, Proteobacteria_7983_6_tp_2, Proteobacteria_7984_1_tp_2, Proteobacteria_8177_2_tp_2",0.58244166686043,0.185604257532908
"Dinoflagellata_1009_1","Bacteroidetes_1360_3_tp_2, Ciliophora_298_1_tp_2, Dinoflagellata_1098_1_tp_2, Dinoflagellata_1793_1_tp_2, Dinoflagellata_1968_1_tp_2, Perkinsea_33_1_tp_2, Proteobacteria_7313_1_tp_2, Proteobacteria_7983_7_tp_2, Raphidophyceae_3_1_tp_2",0.454379379593718,0.200386152701745
"Dinoflagellata_1009_1","Bacteroidetes_1151_1_tp_2, Bacteroidetes_1178_1_tp_2, Bacteroidetes_1186_1_tp_2, Cercozoa_291_1_tp_2, Cryptophyta_15_1_tp_2, Dinoflagellata_1769_1_tp_2, Proteobacteria_11431_2_tp_2, temperature_tp_2, Verrucomicrobia_22_2_tp_2",0.553953023727485,0.200252825824524
"Dinoflagellata_1009_1","Bacillariophyta_219_1_tp_2, Chlorophyta__streptophyta_833_1_tp_2, Dinoflagellata_1098_1_tp_2, Dinoflagellata_1793_1_tp_2, Dinoflagellata_1862_1_tp_2, Phylum_reps_2301_1_tp_2, Picozoa_6_1_tp_2, Proteobacteria_7983_6_tp_2, Radiolaria_104_1_tp_2",0.432824074683609,0.212448403803079
"Dinoflagellata_1009_1","Archaea_164_1_tp_2, Ciliophora_234_1_tp_2, Dinoflagellata_1968_1_tp_2, Haptophyta_203_1_tp_2, Perkinsea_33_1_tp_2, Picozoa_6_1_tp_2, Proteobacteria_11431_2_tp_2, Proteobacteria_7314_1_tp_2, Proteobacteria_7983_8_tp_2",0.64016778925916,0.171865454117578
"Dinoflagellata_1009_1","Bacillariophyta_29_1_tp_2, Bacteroidetes_918_5_tp_2, Cercozoa_395_1_tp_2, Ciliophora_403_1_tp_2, Proteobacteria_7230_3_tp_2, Proteobacteria_7364_1_tp_2, Proteobacteria_9681_1_tp_2, Radiolaria_104_1_tp_2, Verrucomicrobia_18_1_tp_2",0.541635805786456,0.18992472442798
"Dinoflagellata_1009_1","Actinobacteria_410_1_tp_2, Archaea_179_1_tp_2, Bacteroidetes_1186_1_tp_2, Bacteroidetes_919_2_tp_2, Cercozoa_395_1_tp_2, Dinoflagellata_1014_1_tp_2, Dinoflagellata_1769_1_tp_2, Planctomycetes_34_1_tp_2, Raphidophyceae_3_1_tp_2",0.583676401911876,0.181590600267625
"Dinoflagellata_1009_1","Cyanobacteria_85_1_tp_2, Dinoflagellata_1771_1_tp_2, Proteobacteria_6384_1_tp_2, Proteobacteria_7100_1_tp_2, Proteobacteria_7295_1_tp_2, Proteobacteria_7983_2_tp_2, Proteobacteria_8175_1_tp_2, Proteobacteria_8176_1_tp_2, Proteobacteria_8176_2_tp_2",0.529698015284698,0.187649796740296
"Dinoflagellata_1009_1","Bacteroidetes_1235_1_tp_2, Bacteroidetes_938_1_tp_2, Dinoflagellata_955_1_tp_2, Dinoflagellata_982_1_tp_2, Katablepharidophyta_7_1_tp_2, Proteobacteria_10114_1_tp_2, Proteobacteria_11190_1_tp_2, Proteobacteria_7983_8_tp_2, Verrucomicrobia_22_2_tp_2",0.522985264000538,0.190045394948249
"Dinoflagellata_1009_1","Bacillariophyta_44_1_tp_2, Bacteroidetes_1360_4_tp_2, Bacteroidetes_918_2_tp_2, Chrysophyceae_16_1_tp_2, Dictyochophyceae_6_1_tp_2, Dinoflagellata_1496_1_tp_2, Proteobacteria_11155_2_tp_2, Proteobacteria_7316_1_tp_2, Proteobacteria_8177_1_tp_2",0.408818791190689,0.209993791635059
"Dinoflagellata_1009_1","Bacteroidetes_1204_1_tp_2, Chlorophyta__streptophyta_751_1_tp_2, Ciliophora_298_1_tp_2, Dinoflagellata_1010_1_tp_2, Dinoflagellata_1198_1_tp_2, Planctomycetes_27_1_tp_2, Proteobacteria_7316_1_tp_2, Proteobacteria_7983_8_tp_2, Verrucomicrobia_22_2_tp_2",0.575349583685069,0.20022807596329
"Dinoflagellata_1009_1","Archaea_164_1_tp_2, Archaea_164_2_tp_2, Bacillariophyta_219_1_tp_2, Bacteroidetes_129_2_tp_2, Dinoflagellata_1198_1_tp_2, Div_reps_2942_1_tp_2, Proteobacteria_11210_1_tp_2, Proteobacteria_11429_1_tp_2, Proteobacteria_8176_2_tp_2",0.556591775598339,0.201386624175664
"Dinoflagellata_1009_1","Bacillariophyta_219_1_tp_2, Bacillariophyta_29_1_tp_2, Bacteroidetes_1167_1_tp_2, Bacteroidetes_1360_4_tp_2, Cercozoa_395_1_tp_2, Cyanobacteria_48_1_tp_2, Nitrospirae_9_1_tp_2, Proteobacteria_7787_1_tp_2, Sagenista_61_1_tp_2",0.545608240271574,0.190597254206847
"Dinoflagellata_1009_1","Chrysophyceae_16_1_tp_2, Dinoflagellata_1496_1_tp_2, Dinoflagellata_1968_1_tp_2, Dinoflagellata_874_1_tp_2, Katablepharidophyta_7_1_tp_2, Perkinsea_33_1_tp_2, Proteobacteria_11429_2_tp_2, Proteobacteria_5436_1_tp_2, Proteobacteria_6847_1_tp_2",0.585789970488355,0.189485566047409
"Dinoflagellata_1009_1","Actinobacteria_410_1_tp_2, Bacillariophyta_219_1_tp_2, Bacteroidetes_1264_1_tp_2, Bacteroidetes_129_1_tp_2, Bacteroidetes_919_2_tp_2, Chlorophyta__streptophyta_845_1_tp_2, Dinoflagellata_1555_1_tp_2, Dinoflagellata_1749_1_tp_2, Proteobacteria_7295_1_tp_2",0.538191712795294,0.201074937552293
"Dinoflagellata_1009_1","Archaea_164_1_tp_2, Bacillariophyta_123_1_tp_2, Bacteroidetes_1194_1_tp_2, Planctomycetes_61_1_tp_2, Proteobacteria_11429_1_tp_2, Proteobacteria_7319_1_tp_2, Proteobacteria_7982_2_tp_2, Proteobacteria_8185_1_tp_2, Verrucomicrobia_18_1_tp_2",0.579060554211543,0.182105974977857
"Dinoflagellata_1009_1","Bacteroidetes_129_2_tp_2, Cercozoa_22_1_tp_2, Cryptophyta_108_1_tp_2, Haptophyta_148_1_tp_2, Proteobacteria_11429_2_tp_2, Proteobacteria_7787_1_tp_2, Proteobacteria_7982_2_tp_2, Proteobacteria_8177_2_tp_2, Verrucomicrobia_18_4_tp_2",0.529185066146905,0.186897290357453
"Dinoflagellata_1009_1","Bacteroidetes_317_1_tp_2, Bacteroidetes_919_1_tp_2, Bacteroidetes_938_1_tp_2, Ciliophora_451_1_tp_2, Div_reps_2942_1_tp_2, Proteobacteria_11120_1_tp_2, Proteobacteria_11210_1_tp_2, Proteobacteria_8178_1_tp_2, Verrucomicrobia_22_2_tp_2",0.609310696114179,0.189121870632738
"Dinoflagellata_1009_1","Bacillariophyta_44_1_tp_2, Bacteroidetes_1349_1_tp_2, Bacteroidetes_938_1_tp_2, Chlorophyta__streptophyta_845_1_tp_2, Cyanobacteria_48_1_tp_2, Cyanobacteria_73_1_tp_2, Div_reps_2942_1_tp_2, Proteobacteria_11429_4_tp_2, Proteobacteria_22_1_tp_2",0.495715438950178,0.200998269480695
"Dinoflagellata_1009_1","Bacteroidetes_1249_1_tp_2, Bacteroidetes_131_1_tp_2, Cryptophyta_15_1_tp_2, Dictyochophyceae_6_1_tp_2, Perkinsea_44_1_tp_2, Proteobacteria_7364_1_tp_2, Proteobacteria_7983_1_tp_2, Proteobacteria_7983_4_tp_2, Proteobacteria_8520_1_tp_2",0.473696210442591,0.197664976489577
"Dinoflagellata_1009_1","Bacteroidetes_1151_1_tp_2, Bacteroidetes_1264_1_tp_2, Bacteroidetes_129_1_tp_2, Bacteroidetes_956_1_tp_2, Dinoflagellata_874_1_tp_2, Planctomycetes_34_1_tp_2, Proteobacteria_7982_1_tp_2, Proteobacteria_7983_7_tp_2, Verrucomicrobia_18_4_tp_2",0.528788699333772,0.198654849641172
"Dinoflagellata_1009_1","Bacteroidetes_1194_1_tp_2, Bacteroidetes_317_1_tp_2, Bacteroidetes_918_2_tp_2, Dinoflagellata_1862_1_tp_2, Katablepharidophyta_7_1_tp_2, Proteobacteria_10091_1_tp_2, Proteobacteria_11431_2_tp_2, Proteobacteria_7982_2_tp_2, Proteobacteria_9649_1_tp_2",0.576812073403439,0.18402382942144
"Dinoflagellata_1009_1","Cercozoa_22_1_tp_2, Cercozoa_291_1_tp_2, Dinoflagellata_124_1_tp_2, Proteobacteria_11155_2_tp_2, Proteobacteria_7313_1_tp_2, Proteobacteria_7983_4_tp_2, Proteobacteria_7983_6_tp_2, Proteobacteria_8185_1_tp_2, Pseudofungi_43_1_tp_2",0.559212207440423,0.183010973046325
"Dinoflagellata_1009_1","Bacteroidetes_1151_1_tp_2, Bacteroidetes_1178_1_tp_2, Bacteroidetes_1186_1_tp_2, Bacteroidetes_317_1_tp_2, Ciliophora_451_1_tp_2, Haptophyta_203_1_tp_2, Phylum_reps_1985_1_tp_2, Proteobacteria_22_1_tp_2, Proteobacteria_9681_1_tp_2",0.567459594323571,0.186262420155717
"Dinoflagellata_1009_1","Dinoflagellata_1658_1_tp_2, Dinoflagellata_1728_2_tp_2, Dinoflagellata_1771_2_tp_2, Div_reps_1600_1_tp_2, Div_reps_1600_2_tp_2, Proteobacteria_7982_1_tp_2, Proteobacteria_7983_4_tp_2, Pseudofungi_43_1_tp_2, Sagenista_53_1_tp_2",0.502968617886366,0.200954200447864
"Dinoflagellata_1009_1","Archaea_164_2_tp_2, Bacillariophyta_29_1_tp_2, Bacteroidetes_131_1_tp_2, Bacteroidetes_1360_1_tp_2, Bacteroidetes_1360_5_tp_2, Bacteroidetes_938_1_tp_2, Dinoflagellata_1968_1_tp_2, Phylum_reps_1954_1_tp_2, Proteobacteria_7231_1_tp_2",0.529257931798548,0.189947114876008
"Dinoflagellata_1009_1","Bacteroidetes_1166_1_tp_2, Bacteroidetes_1167_1_tp_2, Bacteroidetes_1249_1_tp_2, Bacteroidetes_918_5_tp_2, Chrysophyceae_16_1_tp_2, Cyanobacteria_85_1_tp_2, Dinoflagellata_1862_1_tp_2, Proteobacteria_6384_1_tp_2, Proteobacteria_7983_3_tp_2",0.53209232318075,0.187768026986784
"Dinoflagellata_1009_1","Bacillariophyta_100_1_tp_2, Bacteroidetes_1204_1_tp_2, Bacteroidetes_1360_1_tp_2, Ciliophora_298_1_tp_2, Dinoflagellata_1555_1_tp_2, Dinoflagellata_1862_1_tp_2, Picozoa_18_1_tp_2, Proteobacteria_7983_5_tp_2, Rhodophyta_506_1_tp_2",0.516267921842311,0.215726153578464
"Dinoflagellata_1009_1","Actinobacteria_410_2_tp_2, Bacteroidetes_1166_2_tp_2, Bacteroidetes_131_1_tp_2, Bacteroidetes_1360_2_tp_2, Dictyochophyceae_6_1_tp_2, Dinoflagellata_1769_1_tp_2, Dinoflagellata_1793_1_tp_2, Div_reps_1600_1_tp_2, Proteobacteria_7314_1_tp_2",0.402768205287732,0.211733374760829
"Dinoflagellata_1009_1","Bacteroidetes_1249_1_tp_2, Dinoflagellata_1711_1_tp_2, Dinoflagellata_1749_1_tp_2, Dinoflagellata_1758_1_tp_2, Dinoflagellata_1771_2_tp_2, Dinoflagellata_955_1_tp_2, Perkinsea_44_1_tp_2, Proteobacteria_11210_1_tp_2, Proteobacteria_11431_2_tp_2",0.608245411949401,0.183936137243141
"Dinoflagellata_1009_1","Archaea_164_2_tp_2, Bacteroidetes_1360_4_tp_2, Ciliophora_403_1_tp_2, Phylum_reps_1985_1_tp_2, Proteobacteria_11429_3_tp_2, Proteobacteria_5436_1_tp_2, Proteobacteria_7983_4_tp_2, Proteobacteria_7983_6_tp_2, Proteobacteria_7984_1_tp_2",0.525987282182689,0.20746396260685
"Dinoflagellata_1009_1","Actinobacteria_410_2_tp_2, Bacillariophyta_31_1_tp_2, Bacteroidetes_1360_4_tp_2, Ciliophora_451_1_tp_2, Dinoflagellata_124_1_tp_2, Nitrospirae_9_1_tp_2, Perkinsea_44_1_tp_2, Proteobacteria_7100_1_tp_2, Proteobacteria_7230_1_tp_2",0.491856325032135,0.197550574534672
"Dinoflagellata_1009_1","Bacteroidetes_1224_1_tp_2, Bacteroidetes_1360_5_tp_2, Ciliophora_1195_1_tp_2, Dinoflagellata_1017_1_tp_2, Dinoflagellata_1862_1_tp_2, Div_reps_1600_2_tp_2, Katablepharidophyta_7_1_tp_2, Proteobacteria_7787_1_tp_2, Proteobacteria_8177_1_tp_2",0.611584943006104,0.191113481811323
"Dinoflagellata_1009_1","Actinobacteria_410_1_tp_2, Bacteroidetes_129_2_tp_2, Bacteroidetes_918_1_tp_2, Bacteroidetes_918_4_tp_2, Cercozoa_395_1_tp_2, Dinoflagellata_1542_1_tp_2, Dinoflagellata_874_1_tp_2, Proteobacteria_5461_1_tp_2, Proteobacteria_7231_1_tp_2",0.528618106176229,0.188819650740738
"Dinoflagellata_1009_1","Bacteroidetes_129_2_tp_2, Bacteroidetes_1360_1_tp_2, Cercozoa_23_1_tp_2, Chlorophyta__streptophyta_845_1_tp_2, Dinoflagellata_1555_1_tp_2, Lobosa_11_1_tp_2, Proteobacteria_6384_1_tp_2, Proteobacteria_7319_1_tp_2, Verrucomicrobia_18_1_tp_2",0.579044874193159,0.185538539807442
"Dinoflagellata_1009_1","Bacteroidetes_1166_1_tp_2, Bacteroidetes_1166_2_tp_2, Bacteroidetes_1360_4_tp_2, Bacteroidetes_919_1_tp_2, Dinoflagellata_1771_1_tp_2, Dinoflagellata_982_1_tp_2, Proteobacteria_7230_2_tp_2, Proteobacteria_8520_1_tp_2, Proteobacteria_9649_1_tp_2",0.500807820918675,0.202692718799289
"Dinoflagellata_1009_1","Bacteroidetes_1151_1_tp_2, Bacteroidetes_1166_1_tp_2, Bacteroidetes_1224_1_tp_2, Bacteroidetes_1249_1_tp_2, Bacteroidetes_129_1_tp_2, Chlorophyta__streptophyta_845_1_tp_2, Dinoflagellata_1496_1_tp_2, Proteobacteria_7174_1_tp_2, Proteobacteria_9681_1_tp_2",0.518537225452414,0.208046550112732
"Dinoflagellata_1009_1","Bacillariophyta_100_1_tp_2, Bacteroidetes_918_2_tp_2, Proteobacteria_10168_1_tp_2, Proteobacteria_5436_1_tp_2, Proteobacteria_7295_1_tp_2, Proteobacteria_7314_1_tp_2, Pseudofungi_43_1_tp_2, Verrucomicrobia_18_2_tp_2, Verrucomicrobia_22_2_tp_2",0.514687707921124,0.227203118790731
"Dinoflagellata_1009_1","Dinoflagellata_1758_1_tp_2, Dinoflagellata_982_1_tp_2, Div_reps_1600_2_tp_2, Proteobacteria_8175_1_tp_2, Proteobacteria_9681_1_tp_2, Proteobacteria_9681_2_tp_2, Radiolaria_104_1_tp_2, Verrucomicrobia_18_1_tp_2, Verrucomicrobia_18_4_tp_2",0.591375821242561,0.180870116341029
"Dinoflagellata_1009_1","Bacteroidetes_1360_4_tp_2, Bacteroidetes_918_2_tp_2, Bacteroidetes_919_1_tp_2, Ciliophora_403_1_tp_2, Dinoflagellata_1198_1_tp_2, Dinoflagellata_1749_1_tp_2, Dinoflagellata_1758_1_tp_2, Dinoflagellata_955_1_tp_2, Proteobacteria_6847_1_tp_2",0.542382385533425,0.194868011095849
"Dinoflagellata_1009_1","Bacteroidetes_1264_1_tp_2, Cercozoa_22_1_tp_2, Ciliophora_280_1_tp_2, Phylum_reps_2301_1_tp_2, Proteobacteria_11155_1_tp_2, Proteobacteria_11429_4_tp_2, Proteobacteria_8176_2_tp_2, Proteobacteria_9681_1_tp_2, Proteobacteria_9681_2_tp_2",0.469561023431878,0.198160725824931
"Dinoflagellata_1009_1","Bacteroidetes_918_5_tp_2, Cyanobacteria_48_1_tp_2, Dinoflagellata_1542_1_tp_2, Dinoflagellata_982_1_tp_2, Phylum_reps_2301_1_tp_2, Proteobacteria_11429_1_tp_2, Proteobacteria_7230_3_tp_2, Proteobacteria_9649_1_tp_2, Sagenista_53_1_tp_2",0.497584775156719,0.196293389878905
"Dinoflagellata_1009_1","Archaea_164_2_tp_2, Bacteroidetes_918_3_tp_2, Ciliophora_1195_1_tp_2, Cryptophyta_15_1_tp_2, Dinoflagellata_1496_1_tp_2, Proteobacteria_7174_1_tp_2, Proteobacteria_7983_5_tp_2, Rhodophyta_506_1_tp_2, Verrucomicrobia_18_4_tp_2",0.614098267977128,0.181695811347574
"Dinoflagellata_1009_1","Bacillariophyta_138_1_tp_2, Bacillariophyta_44_1_tp_2, Bacteroidetes_1166_2_tp_2, Cyanobacteria_65_1_tp_2, Dinoflagellata_1198_1_tp_2, Dinoflagellata_1711_1_tp_2, Dinoflagellata_1793_1_tp_2, Dinoflagellata_982_1_tp_2, Proteobacteria_8178_1_tp_2",0.465528990857099,0.202886472151747
"Dinoflagellata_1009_1","Bacteroidetes_1166_1_tp_2, Bacteroidetes_1224_1_tp_2, Bacteroidetes_918_2_tp_2, Chlorophyta__streptophyta_732_1_tp_2, Dinoflagellata_1793_1_tp_2, Dinoflagellata_1862_1_tp_2, Phylum_reps_1954_1_tp_2, Proteobacteria_7316_1_tp_2, Proteobacteria_8176_1_tp_2",0.50300505111527,0.195944468847803
"Dinoflagellata_1009_1","Planctomycetes_27_1_tp_2, Proteobacteria_11120_1_tp_2, Proteobacteria_11155_1_tp_2, Proteobacteria_11190_1_tp_2, Proteobacteria_6384_1_tp_2, Proteobacteria_7983_2_tp_2, Proteobacteria_7984_1_tp_2, Proteobacteria_8176_2_tp_2, Verrucomicrobia_22_2_tp_2",0.566542906203545,0.182890285059826
"Dinoflagellata_1009_1","Bacteroidetes_918_3_tp_2, Chlorophyta__streptophyta_751_1_tp_2, Dinoflagellata_1771_2_tp_2, Planctomycetes_61_1_tp_2, Proteobacteria_7174_1_tp_2, Proteobacteria_7230_2_tp_2, Proteobacteria_7231_1_tp_2, Proteobacteria_7295_1_tp_2, Proteobacteria_7982_1_tp_2",0.580095280036209,0.200943421010005
"Dinoflagellata_1009_1","Archaea_179_1_tp_2, Bacillariophyta_219_1_tp_2, Bacteroidetes_919_3_tp_2, Cercozoa_291_1_tp_2, Cryptophyta_15_2_tp_2, Dinoflagellata_1555_1_tp_2, Phylum_reps_2301_1_tp_2, Proteobacteria_11155_2_tp_2, Verrucomicrobia_22_1_tp_2",0.521717107444379,0.190977326157135
"Dinoflagellata_1009_1","Bacteroidetes_1224_1_tp_2, Bacteroidetes_1360_1_tp_2, Chlorophyta__streptophyta_120_1_tp_2, Cryptophyta_15_2_tp_2, Haptophyta_148_1_tp_2, Picozoa_6_1_tp_2, Proteobacteria_8176_1_tp_2, Radiolaria_104_1_tp_2, Verrucomicrobia_22_2_tp_2",0.558722686086127,0.2144793805479
"Dinoflagellata_1009_1","Bacteroidetes_131_1_tp_2, Bacteroidetes_1360_4_tp_2, Bacteroidetes_918_4_tp_2, Dinoflagellata_1198_1_tp_2, Dinoflagellata_1711_1_tp_2, Picozoa_6_1_tp_2, Proteobacteria_11155_1_tp_2, Proteobacteria_11429_3_tp_2, Proteobacteria_7983_4_tp_2",0.4904708456026,0.207773300947
"Dinoflagellata_1009_1","Cercozoa_23_1_tp_2, Cercozoa_395_1_tp_2, Nitrospirae_9_1_tp_2, Proteobacteria_11155_2_tp_2, Proteobacteria_11428_1_tp_2, Proteobacteria_7983_3_tp_2, Proteobacteria_8175_1_tp_2, Proteobacteria_9681_1_tp_2, Sagenista_53_1_tp_2",0.469632012742071,0.198501299946659
"Dinoflagellata_1009_1","Bacteroidetes_1224_1_tp_2, Bacteroidetes_1349_1_tp_2, Cercozoa_291_1_tp_2, Cyanobacteria_85_1_tp_2, Picozoa_18_1_tp_2, Proteobacteria_11190_1_tp_2, Proteobacteria_7166_1_tp_2, Pseudofungi_43_1_tp_2, Verrucomicrobia_18_3_tp_2",0.471155674893982,0.205245766350438
"Dinoflagellata_1009_1","Bacillariophyta_196_1_tp_2, Bacillariophyta_44_1_tp_2, Bacteroidetes_129_2_tp_2, Bacteroidetes_918_1_tp_2, Bacteroidetes_938_1_tp_2, Dictyochophyceae_6_1_tp_2, Nitrospirae_9_1_tp_2, Proteobacteria_7319_1_tp_2, Proteobacteria_8185_1_tp_2",0.528630471056571,0.196585580774171
"Dinoflagellata_1009_1","Archaea_164_2_tp_2, Bacteroidetes_1166_2_tp_2, Bacteroidetes_1360_5_tp_2, Cercozoa_291_1_tp_2, Ciliophora_1195_1_tp_2, Cryptophyta_15_2_tp_2, Haptophyta_148_1_tp_2, Proteobacteria_11431_2_tp_2, Radiolaria_104_1_tp_2",0.580229418766408,0.191415455638703
"Dinoflagellata_1009_1","Bacteroidetes_1166_2_tp_2, Bacteroidetes_1360_1_tp_2, Cercozoa_23_1_tp_2, Chlorophyta__streptophyta_895_1_tp_2, Dinoflagellata_1749_1_tp_2, Proteobacteria_7295_1_tp_2, Proteobacteria_7313_1_tp_2, Proteobacteria_7983_1_tp_2, Radiolaria_104_1_tp_2",0.47457550954988,0.207499759474235
"Dinoflagellata_1009_1","Bacteroidetes_1249_1_tp_2, Chlorophyta__streptophyta_751_1_tp_2, Cyanobacteria_73_1_tp_2, Dinoflagellata_1658_1_tp_2, Dinoflagellata_1749_1_tp_2, Div_reps_1600_2_tp_2, Haptophyta_203_1_tp_2, Proteobacteria_8176_1_tp_2, Verrucomicrobia_18_2_tp_2",0.58493476655507,0.185033464259389
"Dinoflagellata_1009_1","Bacteroidetes_1166_2_tp_2, Bacteroidetes_1204_1_tp_2, Ciliophora_451_1_tp_2, Dinoflagellata_124_1_tp_2, Dinoflagellata_1658_1_tp_2, Perkinsea_44_1_tp_2, Phylum_reps_1954_1_tp_2, Proteobacteria_7787_1_tp_2, Proteobacteria_7983_6_tp_2",0.470471769071602,0.201273540599223
"Dinoflagellata_1009_1","Bacteroidetes_919_3_tp_2, Cercozoa_23_1_tp_2, Ciliophora_1195_1_tp_2, Ciliophora_451_1_tp_2, Dictyochophyceae_6_1_tp_2, Proteobacteria_11210_2_tp_2, Proteobacteria_7316_1_tp_2, Radiolaria_104_1_tp_2, Sagenista_61_1_tp_2",0.575780523156617,0.182060432668446
"Dinoflagellata_1009_1","Bacillariophyta_219_1_tp_2, Bacteroidetes_918_5_tp_2, Dinoflagellata_1658_1_tp_2, Dinoflagellata_1711_1_tp_2, Katablepharidophyta_7_1_tp_2, Proteobacteria_9681_1_tp_2, Radiolaria_104_1_tp_2, Verrucomicrobia_18_3_tp_2, Verrucomicrobia_22_2_tp_2",0.610635442025589,0.18598812108587
"Dinoflagellata_1009_1","Bacillariophyta_44_1_tp_2, Bacteroidetes_1360_1_tp_2, Cercozoa_23_1_tp_2, Ciliophora_234_1_tp_2, Dinoflagellata_1555_1_tp_2, Proteobacteria_11120_1_tp_2, Proteobacteria_11429_3_tp_2, Proteobacteria_7316_1_tp_2, Verrucomicrobia_22_1_tp_2",0.543027660181393,0.18509223286683
"Dinoflagellata_1009_1","Bacteroidetes_1235_1_tp_2, Bacteroidetes_1360_4_tp_2, Bacteroidetes_918_1_tp_2, Cryptophyta_15_2_tp_2, Dinoflagellata_1496_1_tp_2, Dinoflagellata_1749_1_tp_2, Proteobacteria_5436_1_tp_2, Proteobacteria_7231_1_tp_2, Proteobacteria_7983_6_tp_2",0.593455006631964,0.190159253401046
"Dinoflagellata_1009_1","Bacillariophyta_196_1_tp_2, Bacteroidetes_918_1_tp_2, Bacteroidetes_918_3_tp_2, Dinoflagellata_1658_1_tp_2, Dinoflagellata_1793_1_tp_2, Haptophyta_148_1_tp_2, Proteobacteria_7314_1_tp_2, Proteobacteria_7983_3_tp_2, Proteobacteria_9649_1_tp_2",0.514950523353058,0.200349136388016
"Dinoflagellata_1009_1","Bacteroidetes_1167_1_tp_2, Bacteroidetes_1360_4_tp_2, Cyanobacteria_48_1_tp_2, Dinoflagellata_1098_1_tp_2, Dinoflagellata_1542_1_tp_2, Dinoflagellata_1968_1_tp_2, Dinoflagellata_955_1_tp_2, Proteobacteria_11210_2_tp_2, temperature_tp_2",0.57114971237427,0.181403313703485
"Dinoflagellata_1009_1","Bacillariophyta_31_1_tp_2, Bacteroidetes_131_1_tp_2, Chlorophyta__streptophyta_751_1_tp_2, Dinoflagellata_1198_1_tp_2, Dinoflagellata_1771_1_tp_2, Dinoflagellata_874_1_tp_2, Planctomycetes_27_1_tp_2, Proteobacteria_7289_1_tp_2, Proteobacteria_9681_2_tp_2",0.502572390581513,0.200556067885196
"Dinoflagellata_1009_1","Bacteroidetes_1235_1_tp_2, Bacteroidetes_1264_1_tp_2, Chlorophyta__streptophyta_833_1_tp_2, Ciliophora_1195_1_tp_2, Ciliophora_280_1_tp_2, Proteobacteria_7982_2_tp_2, Proteobacteria_7983_6_tp_2, Raphidophyceae_3_1_tp_2, Verrucomicrobia_23_1_tp_2",0.528837340273769,0.189467166941407
"Dinoflagellata_1009_1","Bacillariophyta_123_1_tp_2, Bacteroidetes_129_2_tp_2, Chlorophyta__streptophyta_833_1_tp_2, Dinoflagellata_1198_1_tp_2, Div_reps_1600_2_tp_2, Perkinsea_33_1_tp_2, Proteobacteria_11429_2_tp_2, Proteobacteria_7174_1_tp_2, Verrucomicrobia_22_1_tp_2",0.493646526233109,0.197445421527043
"Dinoflagellata_1009_1","Archaea_179_1_tp_2, Chlorophyta__streptophyta_120_1_tp_2, Ciliophora_280_1_tp_2, Dinoflagellata_1014_1_tp_2, Div_reps_2942_1_tp_2, Perkinsea_44_1_tp_2, Proteobacteria_22_1_tp_2, Proteobacteria_7230_2_tp_2, Proteobacteria_8175_1_tp_2",0.493058011680844,0.19413743301753
"Dinoflagellata_1009_1","Bacillariophyta_219_1_tp_2, Bacteroidetes_1178_1_tp_2, Bacteroidetes_129_1_tp_2, Cryptophyta_15_2_tp_2, Dinoflagellata_955_1_tp_2, Proteobacteria_5436_1_tp_2, Proteobacteria_7314_1_tp_2, Proteobacteria_8176_1_tp_2, Proteobacteria_9681_2_tp_2",0.514000257773524,0.216150719481416
"Dinoflagellata_1009_1","Bacillariophyta_138_1_tp_2, Bacillariophyta_44_1_tp_2, Cyanobacteria_73_1_tp_2, Dinoflagellata_1658_1_tp_2, Phylum_reps_2301_1_tp_2, Picozoa_6_1_tp_2, Planctomycetes_27_1_tp_2, Proteobacteria_11431_1_tp_2, Proteobacteria_7983_3_tp_2",0.526907994449818,0.18649506024515
"Dinoflagellata_1009_1","Bacteroidetes_1178_1_tp_2, Bacteroidetes_956_1_tp_2, Ciliophora_280_1_tp_2, Cyanobacteria_48_1_tp_2, Proteobacteria_5461_1_tp_2, Proteobacteria_6847_1_tp_2, Proteobacteria_7174_1_tp_2, Proteobacteria_7230_3_tp_2, Proteobacteria_7231_1_tp_2",0.519546338796742,0.198334487507713
"Dinoflagellata_1009_1","Actinobacteria_410_1_tp_2, Archaea_164_2_tp_2, Bacillariophyta_219_1_tp_2, Bacteroidetes_1249_1_tp_2, Dinoflagellata_1198_1_tp_2, Dinoflagellata_124_1_tp_2, Dinoflagellata_1711_1_tp_2, Proteobacteria_11428_1_tp_2, Sagenista_61_1_tp_2",0.593337971115085,0.194193115283675
"Dinoflagellata_1009_1","Archaea_179_1_tp_2, Bacteroidetes_1249_1_tp_2, Bacteroidetes_129_2_tp_2, Chlorophyta__streptophyta_848_1_tp_2, Ciliophora_298_1_tp_2, Proteobacteria_7787_1_tp_2, Proteobacteria_9681_2_tp_2, Rhodophyta_506_1_tp_2, Verrucomicrobia_22_1_tp_2",0.511001249644687,0.192844526460481
"Dinoflagellata_1009_1","Bacteroidetes_1235_1_tp_2, Dinoflagellata_1014_1_tp_2, Dinoflagellata_1098_1_tp_2, Div_reps_2942_1_tp_2, Katablepharidophyta_7_1_tp_2, Phylum_reps_1954_1_tp_2, Phylum_reps_2301_1_tp_2, Proteobacteria_11429_1_tp_2, Proteobacteria_7230_2_tp_2",0.517552705532035,0.196541992740072
"Dinoflagellata_1009_1","Bacillariophyta_123_1_tp_2, Chlorophyta__streptophyta_845_1_tp_2, Nitrospirae_9_1_tp_2, Phylum_reps_1985_1_tp_2, Planctomycetes_27_1_tp_2, Proteobacteria_11431_1_tp_2, Proteobacteria_7166_1_tp_2, Proteobacteria_7319_1_tp_2, Proteobacteria_7983_8_tp_2",0.485868642530176,0.210398020672265
"Dinoflagellata_1009_1","Bacillariophyta_44_1_tp_2, Bacteroidetes_317_1_tp_2, Dinoflagellata_1749_1_tp_2, Proteobacteria_11120_1_tp_2, Proteobacteria_11190_1_tp_2, Proteobacteria_7316_1_tp_2, Sagenista_61_1_tp_2, Verrucomicrobia_22_1_tp_2, Verrucomicrobia_22_2_tp_2",0.350953274560268,0.208381513604484
"Dinoflagellata_1009_1","Bacillariophyta_219_1_tp_2, Bacillariophyta_44_1_tp_2, Chlorophyta__streptophyta_120_1_tp_2, Chlorophyta__streptophyta_895_1_tp_2, Proteobacteria_7983_1_tp_2, Proteobacteria_7983_3_tp_2, Proteobacteria_7983_8_tp_2, Proteobacteria_7984_1_tp_2, Pseudofungi_43_1_tp_2",0.409233878852041,0.210012818675589
"Dinoflagellata_1009_1","Bacillariophyta_138_1_tp_2, Bacteroidetes_1360_5_tp_2, Chlorophyta__streptophyta_845_1_tp_2, Ciliophora_1195_1_tp_2, Dinoflagellata_1728_1_tp_2, Haptophyta_203_1_tp_2, Katablepharidophyta_7_1_tp_2, Nitrospirae_9_1_tp_2, Pseudofungi_43_1_tp_2",0.632258820750583,0.177680572163387
"Dinoflagellata_1009_1","Bacteroidetes_1151_1_tp_2, Bacteroidetes_1360_2_tp_2, Bacteroidetes_918_1_tp_2, Cercozoa_395_1_tp_2, Cyanobacteria_73_1_tp_2, Proteobacteria_11210_2_tp_2, Proteobacteria_11431_1_tp_2, Radiolaria_104_1_tp_2, Verrucomicrobia_18_2_tp_2",0.422466743436138,0.214802647461555
"Dinoflagellata_1009_1","Actinobacteria_410_1_tp_2, Bacteroidetes_1178_1_tp_2, Bacteroidetes_919_3_tp_2, Cercozoa_291_1_tp_2, Chlorophyta__streptophyta_751_1_tp_2, Ciliophora_298_1_tp_2, Picozoa_6_1_tp_2, Proteobacteria_7100_1_tp_2, Proteobacteria_7982_1_tp_2",0.606139809634721,0.190839862881796
"Dinoflagellata_1009_1","Bacteroidetes_919_1_tp_2, Dinoflagellata_1014_1_tp_2, Perkinsea_33_1_tp_2, Picozoa_6_1_tp_2, Proteobacteria_10091_1_tp_2, Proteobacteria_11428_1_tp_2, Proteobacteria_7230_1_tp_2, Proteobacteria_8178_1_tp_2, Proteobacteria_8185_1_tp_2",0.563814088381135,0.185937728898131
"Dinoflagellata_1009_1","Actinobacteria_410_1_tp_2, Bacteroidetes_1204_1_tp_2, Dinoflagellata_124_1_tp_2, Dinoflagellata_955_1_tp_2, Div_reps_1600_1_tp_2, Proteobacteria_10114_1_tp_2, Proteobacteria_6847_1_tp_2, Proteobacteria_8175_1_tp_2, Verrucomicrobia_23_1_tp_2",0.533096914539085,0.190420135439817
"Dinoflagellata_1009_1","Bacillariophyta_31_1_tp_2, Bacteroidetes_1360_1_tp_2, Bacteroidetes_1360_2_tp_2, Bacteroidetes_918_4_tp_2, Cercozoa_23_1_tp_2, Dinoflagellata_1014_1_tp_2, Dinoflagellata_1098_1_tp_2, Proteobacteria_7983_7_tp_2, Proteobacteria_8177_1_tp_2",0.335263540321039,0.228980454903041
"Dinoflagellata_1009_1","Actinobacteria_410_2_tp_2, Bacteroidetes_1151_1_tp_2, Bacteroidetes_129_2_tp_2, Bacteroidetes_1360_1_tp_2, Bacteroidetes_919_3_tp_2, Cercozoa_291_1_tp_2, Dinoflagellata_1758_1_tp_2, Phylum_reps_2301_1_tp_2, Sagenista_61_1_tp_2",0.55442763565834,0.187312267581671
"Dinoflagellata_1009_1","Dinoflagellata_1014_1_tp_2, Proteobacteria_7166_1_tp_2, Proteobacteria_7230_3_tp_2, Proteobacteria_7231_1_tp_2, Proteobacteria_7295_1_tp_2, Proteobacteria_7787_1_tp_2, Proteobacteria_7983_7_tp_2, Proteobacteria_8176_2_tp_2, Rhodophyta_506_1_tp_2",0.493724497307756,0.200448418650845
"Dinoflagellata_1009_1","Bacillariophyta_29_1_tp_2, Bacteroidetes_317_1_tp_2, Cercozoa_395_1_tp_2, Ciliophora_1195_1_tp_2, Ciliophora_403_1_tp_2, Picozoa_18_1_tp_2, Proteobacteria_10091_1_tp_2, Proteobacteria_5436_1_tp_2, Sagenista_61_1_tp_2",0.543091437906355,0.196113478586171
"Dinoflagellata_1009_1","Archaea_164_1_tp_2, Bacteroidetes_1151_1_tp_2, Bacteroidetes_1204_1_tp_2, Bacteroidetes_1360_4_tp_2, Bacteroidetes_1360_5_tp_2, Nitrospirae_9_1_tp_2, Proteobacteria_7289_1_tp_2, Proteobacteria_8176_1_tp_2, Pseudofungi_43_1_tp_2",0.496693221013831,0.21850965331407
"Dinoflagellata_1009_1","Bacillariophyta_138_1_tp_2, Bacteroidetes_918_2_tp_2, Dinoflagellata_1496_1_tp_2, Div_reps_1600_1_tp_2, Phylum_reps_1985_1_tp_2, Phylum_reps_2301_1_tp_2, Proteobacteria_11431_2_tp_2, Proteobacteria_7316_1_tp_2, Proteobacteria_7983_5_tp_2",0.629340132569609,0.172501455572695
"Dinoflagellata_1009_1","Bacteroidetes_1166_1_tp_2, Ciliophora_234_1_tp_2, Dictyochophyceae_6_1_tp_2, Dinoflagellata_124_1_tp_2, Div_reps_2942_1_tp_2, Katablepharidophyta_7_1_tp_2, Lobosa_11_1_tp_2, Proteobacteria_7230_2_tp_2, temperature_tp_2",0.446038068459054,0.212800849692035
"Dinoflagellata_1009_1","Bacteroidetes_129_2_tp_2, Ciliophora_280_1_tp_2, Dinoflagellata_1198_1_tp_2, Dinoflagellata_124_1_tp_2, Dinoflagellata_1771_2_tp_2, Katablepharidophyta_7_1_tp_2, Nitrospirae_9_1_tp_2, Proteobacteria_7230_1_tp_2, Proteobacteria_8177_2_tp_2",0.460394411417233,0.206296546497104
"Dinoflagellata_1009_1","Bacteroidetes_1360_2_tp_2, Ciliophora_1195_1_tp_2, Cryptophyta_15_1_tp_2, Dictyochophyceae_6_1_tp_2, Dinoflagellata_982_1_tp_2, Haptophyta_203_1_tp_2, Perkinsea_33_1_tp_2, Proteobacteria_11210_1_tp_2, Proteobacteria_8177_2_tp_2",0.605133581218779,0.188928946533013
"Dinoflagellata_1009_1","Bacteroidetes_1224_1_tp_2, Bacteroidetes_1235_1_tp_2, Cryptophyta_108_1_tp_2, Cyanobacteria_65_1_tp_2, Dinoflagellata_1862_1_tp_2, Phylum_reps_2301_1_tp_2, Proteobacteria_11120_1_tp_2, Proteobacteria_11429_3_tp_2, Rhodophyta_506_1_tp_2",0.674825552581118,0.164351630468309
"Dinoflagellata_1009_1","Bacteroidetes_1204_1_tp_2, Ciliophora_234_1_tp_2, Ciliophora_280_1_tp_2, Dinoflagellata_1728_1_tp_2, Haptophyta_203_1_tp_2, Proteobacteria_11210_1_tp_2, Proteobacteria_7230_2_tp_2, Proteobacteria_8177_2_tp_2, Proteobacteria_9681_2_tp_2",0.558832035616997,0.18538879674777
"Dinoflagellata_1009_1","Bacillariophyta_138_1_tp_2, Bacillariophyta_219_1_tp_2, Cryptophyta_15_1_tp_2, Proteobacteria_11155_2_tp_2, Proteobacteria_22_1_tp_2, Proteobacteria_5436_1_tp_2, Proteobacteria_7231_1_tp_2, Proteobacteria_8177_2_tp_2, Proteobacteria_8520_1_tp_2",0.501327173275643,0.199459379204936
"Dinoflagellata_1009_1","Bacillariophyta_29_1_tp_2, Bacteroidetes_1186_1_tp_2, Cyanobacteria_65_1_tp_2, Dinoflagellata_1658_1_tp_2, Proteobacteria_7166_1_tp_2, Proteobacteria_7314_1_tp_2, Proteobacteria_8185_1_tp_2, temperature_tp_2, Verrucomicrobia_22_1_tp_2",0.508135040950478,0.191024333040113
"Dinoflagellata_1009_1","Bacteroidetes_1349_1_tp_2, Ciliophora_234_1_tp_2, Cyanobacteria_48_1_tp_2, Cyanobacteria_85_1_tp_2, Proteobacteria_6847_1_tp_2, Proteobacteria_7100_1_tp_2, Proteobacteria_7289_1_tp_2, Proteobacteria_7983_6_tp_2, Proteobacteria_7983_7_tp_2",0.502329631516219,0.194416644849434
"Dinoflagellata_1009_1","Archaea_179_1_tp_2, Bacteroidetes_1264_1_tp_2, Cercozoa_291_1_tp_2, Cyanobacteria_73_1_tp_2, Dinoflagellata_1014_1_tp_2, Dinoflagellata_1793_1_tp_2, Proteobacteria_7982_2_tp_2, Radiolaria_104_1_tp_2, Verrucomicrobia_22_2_tp_2",0.52302432072877,0.194758019462769
"Dinoflagellata_1009_1","Bacillariophyta_31_1_tp_2, Bacteroidetes_1167_1_tp_2, Bacteroidetes_1349_1_tp_2, Ciliophora_280_1_tp_2, Picozoa_6_1_tp_2, Proteobacteria_11429_2_tp_2, Proteobacteria_7983_7_tp_2, Proteobacteria_8176_2_tp_2, Radiolaria_104_1_tp_2",0.294946770361341,0.229455533505867
"Dinoflagellata_1009_1","Bacillariophyta_44_1_tp_2, Bacteroidetes_1166_1_tp_2, Bacteroidetes_1224_1_tp_2, Bacteroidetes_938_1_tp_2, Dinoflagellata_982_1_tp_2, Nitrospirae_9_1_tp_2, Proteobacteria_11429_2_tp_2, Proteobacteria_7230_1_tp_2, Proteobacteria_8178_1_tp_2",0.497302577733749,0.202214326942007
"Dinoflagellata_1009_1","Bacteroidetes_1166_1_tp_2, Bacteroidetes_956_1_tp_2, Cryptophyta_108_1_tp_2, Dinoflagellata_1728_2_tp_2, Lobosa_11_1_tp_2, Phylum_reps_2301_1_tp_2, Proteobacteria_7983_2_tp_2, Proteobacteria_7984_1_tp_2, Verrucomicrobia_18_2_tp_2",0.534904891980473,0.201888118576803
"Dinoflagellata_1009_1","Bacteroidetes_1249_1_tp_2, Chlorophyta__streptophyta_751_1_tp_2, Cyanobacteria_48_1_tp_2, Dinoflagellata_1769_1_tp_2, Proteobacteria_11155_1_tp_2, Proteobacteria_11155_2_tp_2, Proteobacteria_7983_3_tp_2, Verrucomicrobia_18_1_tp_2, Verrucomicrobia_22_1_tp_2",0.560837059080732,0.18804795436736
"Dinoflagellata_1009_1","Archaea_179_1_tp_2, Bacillariophyta_44_1_tp_2, Bacteroidetes_1204_1_tp_2, Ciliophora_298_1_tp_2, Dinoflagellata_1010_1_tp_2, Picozoa_6_1_tp_2, Planctomycetes_61_1_tp_2, Proteobacteria_7100_1_tp_2, Proteobacteria_9649_1_tp_2",0.509823701890539,0.188435884417129
"Dinoflagellata_1009_1","Bacillariophyta_29_1_tp_2, Bacillariophyta_44_1_tp_2, Bacteroidetes_317_1_tp_2, Chlorophyta__streptophyta_848_1_tp_2, Dinoflagellata_1758_1_tp_2, Proteobacteria_11210_1_tp_2, Proteobacteria_11210_2_tp_2, Proteobacteria_11429_4_tp_2, Proteobacteria_6847_1_tp_2",0.508265204255069,0.204292715093308
"Dinoflagellata_1009_1","Actinobacteria_410_1_tp_2, Bacteroidetes_317_1_tp_2, Ciliophora_298_1_tp_2, Div_reps_1600_2_tp_2, Div_reps_2942_1_tp_2, Proteobacteria_11429_4_tp_2, Proteobacteria_7983_1_tp_2, Raphidophyceae_3_1_tp_2, Verrucomicrobia_18_1_tp_2",0.564228298351346,0.214874983649487
"Dinoflagellata_1009_1","Bacteroidetes_1151_1_tp_2, Bacteroidetes_1360_4_tp_2, Bacteroidetes_919_2_tp_2, Chlorophyta__streptophyta_833_1_tp_2, Dictyochophyceae_6_1_tp_2, Dinoflagellata_1968_1_tp_2, Div_reps_2942_1_tp_2, Proteobacteria_7230_2_tp_2, Proteobacteria_8520_1_tp_2",0.534946393034676,0.193682357155865
"Dinoflagellata_1009_1","Bacillariophyta_100_1_tp_2, Bacteroidetes_1249_1_tp_2, Bacteroidetes_1360_2_tp_2, Cryptophyta_15_1_tp_2, Haptophyta_203_1_tp_2, Nitrospirae_9_1_tp_2, Proteobacteria_7983_8_tp_2, Proteobacteria_9681_2_tp_2, Radiolaria_104_1_tp_2",0.507453243819187,0.215075144710677
"Dinoflagellata_1009_1","Bacillariophyta_44_1_tp_2, Bacteroidetes_918_5_tp_2, Chlorophyta__streptophyta_895_1_tp_2, Picozoa_6_1_tp_2, Proteobacteria_7174_1_tp_2, Proteobacteria_7982_2_tp_2, Proteobacteria_7983_7_tp_2, Proteobacteria_7984_1_tp_2, temperature_tp_2",0.428655385381781,0.207978047847867
"Dinoflagellata_1009_1","Bacillariophyta_100_1_tp_2, Bacteroidetes_1349_1_tp_2, Chrysophyceae_16_1_tp_2, Dinoflagellata_1098_1_tp_2, Proteobacteria_8176_2_tp_2, Proteobacteria_8177_1_tp_2, Pseudofungi_43_1_tp_2, Sagenista_53_1_tp_2, Verrucomicrobia_18_4_tp_2",0.402053781737753,0.21114101665956
"Dinoflagellata_1009_1","Bacteroidetes_1235_1_tp_2, Bacteroidetes_918_3_tp_2, Dinoflagellata_1711_1_tp_2, Dinoflagellata_1769_1_tp_2, Katablepharidophyta_7_1_tp_2, Proteobacteria_11428_1_tp_2, Proteobacteria_7983_5_tp_2, Radiolaria_104_1_tp_2, Verrucomicrobia_18_1_tp_2",0.547365079419027,0.185183689424708
"Dinoflagellata_1009_1","Bacteroidetes_129_2_tp_2, Ciliophora_451_1_tp_2, Dinoflagellata_1014_1_tp_2, Dinoflagellata_955_1_tp_2, Div_reps_2942_1_tp_2, Lobosa_11_1_tp_2, Proteobacteria_11155_1_tp_2, Proteobacteria_7983_4_tp_2, Radiolaria_104_1_tp_2",0.511999703724554,0.192946535757973
"Dinoflagellata_1009_1","Ciliophora_403_1_tp_2, Dinoflagellata_1010_1_tp_2, Dinoflagellata_1098_1_tp_2, Picozoa_18_1_tp_2, Planctomycetes_34_1_tp_2, Planctomycetes_61_1_tp_2, Proteobacteria_5436_1_tp_2, Sagenista_53_1_tp_2, Verrucomicrobia_18_3_tp_2",0.47767656678196,0.207954736112447
"Dinoflagellata_1009_1","Bacteroidetes_938_1_tp_2, Dictyochophyceae_6_1_tp_2, Dinoflagellata_124_1_tp_2, Dinoflagellata_1496_1_tp_2, Dinoflagellata_1711_1_tp_2, Div_reps_1600_1_tp_2, Perkinsea_33_1_tp_2, Phylum_reps_2301_1_tp_2, Proteobacteria_6847_1_tp_2",0.572568969812566,0.187726454875342
"Dinoflagellata_1009_1","Bacillariophyta_219_1_tp_2, Chlorophyta__streptophyta_845_1_tp_2, Cryptophyta_15_1_tp_2, Dinoflagellata_955_1_tp_2, Lobosa_11_1_tp_2, Perkinsea_33_1_tp_2, Proteobacteria_10091_1_tp_2, Proteobacteria_11431_1_tp_2, Proteobacteria_7364_1_tp_2",0.435904312718004,0.212458068565358
"Dinoflagellata_1009_1","Ciliophora_298_1_tp_2, Cyanobacteria_73_1_tp_2, Dinoflagellata_1968_1_tp_2, Dinoflagellata_955_1_tp_2, Proteobacteria_11429_2_tp_2, Proteobacteria_11431_2_tp_2, Proteobacteria_6847_1_tp_2, Radiolaria_104_1_tp_2, Verrucomicrobia_18_3_tp_2",0.623059908741926,0.190636515731374
"Dinoflagellata_1009_1","Bacteroidetes_1360_2_tp_2, Chlorophyta__streptophyta_833_1_tp_2, Ciliophora_280_1_tp_2, Dinoflagellata_874_1_tp_2, Proteobacteria_11155_2_tp_2, Proteobacteria_11429_4_tp_2, Proteobacteria_6847_1_tp_2, Proteobacteria_7983_5_tp_2, Proteobacteria_7983_7_tp_2",0.488137646199131,0.203372978265472
"Dinoflagellata_1009_1","Bacillariophyta_123_1_tp_2, Bacteroidetes_1166_1_tp_2, Dinoflagellata_1758_1_tp_2, Planctomycetes_61_1_tp_2, Proteobacteria_11155_2_tp_2, Proteobacteria_5461_1_tp_2, Proteobacteria_8175_1_tp_2, Verrucomicrobia_18_1_tp_2, Verrucomicrobia_22_1_tp_2",0.57851144740596,0.186708564176518
"Dinoflagellata_1009_1","Bacteroidetes_918_1_tp_2, Ciliophora_298_1_tp_2, Cyanobacteria_73_1_tp_2, Cyanobacteria_85_1_tp_2, Dinoflagellata_1728_2_tp_2, Dinoflagellata_1968_1_tp_2, Planctomycetes_27_1_tp_2, Proteobacteria_7316_1_tp_2, Proteobacteria_7983_6_tp_2",0.618576374500789,0.174420252932582
"Dinoflagellata_1009_1","Bacillariophyta_138_1_tp_2, Chlorophyta__streptophyta_120_1_tp_2, Chrysophyceae_16_1_tp_2, Dinoflagellata_1496_1_tp_2, Dinoflagellata_1555_1_tp_2, Picozoa_18_1_tp_2, Proteobacteria_22_1_tp_2, Proteobacteria_7289_1_tp_2, Proteobacteria_7982_1_tp_2",0.606184122007199,0.178837240588582
"Dinoflagellata_1009_1","Archaea_179_1_tp_2, Bacteroidetes_919_2_tp_2, Dinoflagellata_1014_1_tp_2, Dinoflagellata_1542_1_tp_2, Div_reps_1600_1_tp_2, Proteobacteria_7983_3_tp_2, Proteobacteria_7983_6_tp_2, Proteobacteria_8185_1_tp_2, Verrucomicrobia_18_4_tp_2",0.528878231025759,0.190486022766041
"Dinoflagellata_1009_1","Bacillariophyta_44_1_tp_2, Bacteroidetes_919_2_tp_2, Chlorophyta__streptophyta_751_1_tp_2, Dinoflagellata_1098_1_tp_2, Dinoflagellata_1198_1_tp_2, Dinoflagellata_1749_1_tp_2, Proteobacteria_10114_1_tp_2, Proteobacteria_7983_7_tp_2, Radiolaria_104_1_tp_2",0.369950737247631,0.212044893621779
"Dinoflagellata_1009_1","Bacteroidetes_918_4_tp_2, Cercozoa_291_1_tp_2, Chlorophyta__streptophyta_833_1_tp_2, Dinoflagellata_1769_1_tp_2, Phylum_reps_1954_1_tp_2, Proteobacteria_7166_1_tp_2, Proteobacteria_7319_1_tp_2, Proteobacteria_7983_6_tp_2, Proteobacteria_8175_1_tp_2",0.514715769790669,0.18891389831211
"Dinoflagellata_1009_1","Bacteroidetes_1204_1_tp_2, Bacteroidetes_919_1_tp_2, Dinoflagellata_1749_1_tp_2, Haptophyta_148_1_tp_2, Proteobacteria_11431_1_tp_2, Proteobacteria_7230_3_tp_2, Proteobacteria_7982_1_tp_2, Proteobacteria_8177_2_tp_2, Verrucomicrobia_23_1_tp_2",0.508915215717362,0.202761887324843
"Dinoflagellata_1009_1","Cercozoa_23_1_tp_2, Chlorophyta__streptophyta_732_1_tp_2, Cyanobacteria_48_1_tp_2, Dinoflagellata_1017_1_tp_2, Dinoflagellata_1542_1_tp_2, Dinoflagellata_1555_1_tp_2, Picozoa_18_1_tp_2, Proteobacteria_6384_1_tp_2, Proteobacteria_7316_1_tp_2",0.496312968931924,0.204098090565001
"Dinoflagellata_1009_1","Bacteroidetes_1178_1_tp_2, Bacteroidetes_938_1_tp_2, Dinoflagellata_1098_1_tp_2, Dinoflagellata_1749_1_tp_2, Haptophyta_203_1_tp_2, Proteobacteria_7983_2_tp_2, Proteobacteria_8177_1_tp_2, Proteobacteria_8185_1_tp_2, Sagenista_53_1_tp_2",0.530952000895332,0.193681597019877
"Dinoflagellata_1009_1","Bacillariophyta_44_1_tp_2, Bacteroidetes_1166_2_tp_2, Cryptophyta_15_1_tp_2, Dinoflagellata_1010_1_tp_2, Lobosa_11_1_tp_2, Phylum_reps_1954_1_tp_2, Proteobacteria_6847_1_tp_2, Proteobacteria_7100_1_tp_2, Sagenista_53_1_tp_2",0.529436628104176,0.194385132289751
"Dinoflagellata_1009_1","Archaea_179_1_tp_2, Bacteroidetes_1224_1_tp_2, Bacteroidetes_1349_1_tp_2, Cercozoa_23_1_tp_2, Dinoflagellata_1862_1_tp_2, Proteobacteria_11210_2_tp_2, Proteobacteria_11431_2_tp_2, Proteobacteria_8176_1_tp_2, Verrucomicrobia_23_1_tp_2",0.65849880600038,0.172464282195219
"Dinoflagellata_1009_1","Bacillariophyta_138_1_tp_2, Chlorophyta__streptophyta_848_1_tp_2, Dinoflagellata_1014_1_tp_2, Dinoflagellata_1793_1_tp_2, Phylum_reps_2301_1_tp_2, Proteobacteria_22_1_tp_2, Proteobacteria_7313_1_tp_2, Verrucomicrobia_18_2_tp_2, Verrucomicrobia_23_1_tp_2",0.424030638103656,0.20674947471233
"Dinoflagellata_1009_1","Bacillariophyta_31_1_tp_2, Bacteroidetes_131_1_tp_2, Bacteroidetes_918_5_tp_2, Proteobacteria_11428_1_tp_2, Proteobacteria_7289_1_tp_2, Proteobacteria_7316_1_tp_2, Proteobacteria_7787_1_tp_2, Proteobacteria_7983_2_tp_2, Raphidophyceae_3_1_tp_2",0.552431422574759,0.191046624192749
"Dinoflagellata_1009_1","Bacteroidetes_1166_1_tp_2, Bacteroidetes_1360_5_tp_2, Bacteroidetes_918_2_tp_2, Bacteroidetes_919_3_tp_2, Proteobacteria_11155_1_tp_2, Proteobacteria_11429_3_tp_2, Proteobacteria_11431_2_tp_2, Proteobacteria_7787_1_tp_2, Proteobacteria_7983_5_tp_2",0.56623599910411,0.195198369794805
"Dinoflagellata_1009_1","Bacteroidetes_1204_1_tp_2, Cercozoa_23_1_tp_2, Cercozoa_291_1_tp_2, Ciliophora_280_1_tp_2, Dinoflagellata_1771_1_tp_2, Haptophyta_203_1_tp_2, Katablepharidophyta_7_1_tp_2, Proteobacteria_7983_4_tp_2, Proteobacteria_8176_2_tp_2",0.405831159890759,0.212039058433116
"Dinoflagellata_1009_1","Bacteroidetes_129_1_tp_2, Cercozoa_395_1_tp_2, Dinoflagellata_1017_1_tp_2, Dinoflagellata_1711_1_tp_2, Dinoflagellata_1968_1_tp_2, Proteobacteria_10091_1_tp_2, Proteobacteria_22_1_tp_2, Proteobacteria_7787_1_tp_2, Proteobacteria_7983_3_tp_2",0.561452318566884,0.186135004401791
"Dinoflagellata_1009_1","Bacteroidetes_918_1_tp_2, Bacteroidetes_919_1_tp_2, Bacteroidetes_919_2_tp_2, Cyanobacteria_65_1_tp_2, Div_reps_2942_1_tp_2, Proteobacteria_6847_1_tp_2, Proteobacteria_7230_1_tp_2, Proteobacteria_7230_3_tp_2, Proteobacteria_7983_3_tp_2",0.487763380273951,0.207323267677453
"Dinoflagellata_1009_1","Archaea_164_1_tp_2, Bacteroidetes_1166_2_tp_2, Cryptophyta_108_1_tp_2, Dinoflagellata_1728_1_tp_2, Div_reps_1600_1_tp_2, Proteobacteria_7100_1_tp_2, Proteobacteria_7230_3_tp_2, Proteobacteria_7364_1_tp_2, Proteobacteria_9649_1_tp_2",0.550303705813517,0.186160895392513
"Dinoflagellata_1009_1","Bacillariophyta_44_1_tp_2, Bacteroidetes_919_1_tp_2, Dinoflagellata_1496_1_tp_2, Dinoflagellata_1711_1_tp_2, Proteobacteria_11428_1_tp_2, Proteobacteria_7166_1_tp_2, Proteobacteria_7983_7_tp_2, Raphidophyceae_3_1_tp_2, Verrucomicrobia_23_1_tp_2",0.429745918946846,0.202795731181655
"Dinoflagellata_1009_1","Cercozoa_395_1_tp_2, Dictyochophyceae_6_1_tp_2, Dinoflagellata_1496_1_tp_2, Dinoflagellata_1771_2_tp_2, Phylum_reps_1985_1_tp_2, Proteobacteria_11190_1_tp_2, Proteobacteria_11431_2_tp_2, Proteobacteria_8178_1_tp_2, Rhodophyta_506_1_tp_2",0.57403894173458,0.200075779613976
"Dinoflagellata_1009_1","Archaea_164_1_tp_2, Cercozoa_22_1_tp_2, Cercozoa_23_1_tp_2, Ciliophora_1195_1_tp_2, Dinoflagellata_1749_1_tp_2, Picozoa_6_1_tp_2, Planctomycetes_61_1_tp_2, Proteobacteria_7787_1_tp_2, temperature_tp_2",0.558650050686715,0.185594441595424
"Dinoflagellata_1009_1","Bacillariophyta_123_1_tp_2, Bacteroidetes_1194_1_tp_2, Bacteroidetes_1235_1_tp_2, Bacteroidetes_129_2_tp_2, Ciliophora_298_1_tp_2, Proteobacteria_11431_2_tp_2, Proteobacteria_7982_2_tp_2, Proteobacteria_8178_1_tp_2, Proteobacteria_9649_1_tp_2",0.628454351782781,0.173357879758607
"Dinoflagellata_1009_1","Cryptophyta_15_1_tp_2, Cryptophyta_15_2_tp_2, Cyanobacteria_48_1_tp_2, Dinoflagellata_1658_1_tp_2, Dinoflagellata_1769_1_tp_2, Proteobacteria_11210_1_tp_2, Proteobacteria_11210_2_tp_2, Proteobacteria_7982_2_tp_2, Proteobacteria_7983_2_tp_2",0.520650108075338,0.197317166249417
"Dinoflagellata_1009_1","Bacteroidetes_129_2_tp_2, Bacteroidetes_938_1_tp_2, Cercozoa_291_1_tp_2, Dinoflagellata_1010_1_tp_2, Dinoflagellata_1555_1_tp_2, Dinoflagellata_1728_1_tp_2, Proteobacteria_7231_1_tp_2, Proteobacteria_8176_2_tp_2, Proteobacteria_8185_1_tp_2",0.617429871973905,0.17589657592428
"Dinoflagellata_1009_1","Bacillariophyta_123_1_tp_2, Chlorophyta__streptophyta_120_1_tp_2, Div_reps_1600_1_tp_2, Proteobacteria_10114_1_tp_2, Proteobacteria_11190_1_tp_2, Proteobacteria_5436_1_tp_2, Proteobacteria_5461_1_tp_2, Proteobacteria_7983_8_tp_2, temperature_tp_2",0.518333801659527,0.190951670816449
"Dinoflagellata_1009_1","Cryptophyta_15_2_tp_2, Dinoflagellata_1014_1_tp_2, Dinoflagellata_1658_1_tp_2, Dinoflagellata_1769_1_tp_2, Planctomycetes_27_1_tp_2, Proteobacteria_11210_1_tp_2, Proteobacteria_7289_1_tp_2, Proteobacteria_7982_1_tp_2, Proteobacteria_7983_6_tp_2",0.53965619850031,0.189674482438518
"Dinoflagellata_1009_1","Bacillariophyta_44_1_tp_2, Bacteroidetes_1166_2_tp_2, Dinoflagellata_982_1_tp_2, Div_reps_1600_2_tp_2, Proteobacteria_11429_2_tp_2, Proteobacteria_11429_3_tp_2, Proteobacteria_6384_1_tp_2, Proteobacteria_7231_1_tp_2, Proteobacteria_8176_2_tp_2",0.550587127207777,0.18897749247221
"Dinoflagellata_1009_1","Archaea_164_1_tp_2, Bacteroidetes_918_2_tp_2, Dinoflagellata_1769_1_tp_2, Div_reps_1600_2_tp_2, Phylum_reps_2301_1_tp_2, Proteobacteria_11429_1_tp_2, Proteobacteria_6384_1_tp_2, Proteobacteria_6847_1_tp_2, Sagenista_61_1_tp_2",0.565090214587526,0.182750154314158
"Dinoflagellata_1009_1","Bacillariophyta_29_1_tp_2, Bacteroidetes_1167_1_tp_2, Bacteroidetes_918_5_tp_2, Chlorophyta__streptophyta_895_1_tp_2, Ciliophora_280_1_tp_2, Dinoflagellata_1968_1_tp_2, Proteobacteria_11429_4_tp_2, Proteobacteria_7787_1_tp_2, temperature_tp_2",0.537161036407735,0.192882526204303
"Dinoflagellata_1009_1","Bacteroidetes_1224_1_tp_2, Bacteroidetes_129_1_tp_2, Ciliophora_451_1_tp_2, Cyanobacteria_85_1_tp_2, Proteobacteria_11155_1_tp_2, Proteobacteria_7174_1_tp_2, Proteobacteria_8176_2_tp_2, Pseudofungi_43_1_tp_2, Sagenista_61_1_tp_2",0.503715330878589,0.211772162510581
"Dinoflagellata_1009_1","Archaea_164_1_tp_2, Bacillariophyta_123_1_tp_2, Bacteroidetes_1186_1_tp_2, Bacteroidetes_919_3_tp_2, Dinoflagellata_1758_1_tp_2, Proteobacteria_11155_2_tp_2, Proteobacteria_7314_1_tp_2, Proteobacteria_7982_2_tp_2, Proteobacteria_9681_2_tp_2",0.521758327356128,0.191624230359772
"Dinoflagellata_1009_1","Bacteroidetes_1224_1_tp_2, Dinoflagellata_1198_1_tp_2, Planctomycetes_61_1_tp_2, Proteobacteria_11431_1_tp_2, Proteobacteria_6847_1_tp_2, Proteobacteria_7230_3_tp_2, Proteobacteria_7231_1_tp_2, Proteobacteria_7313_1_tp_2, Proteobacteria_7319_1_tp_2",0.610420376530718,0.185535541897304
"Dinoflagellata_1009_1","Archaea_179_1_tp_2, Bacteroidetes_919_2_tp_2, Chlorophyta__streptophyta_848_1_tp_2, Dictyochophyceae_6_1_tp_2, Dinoflagellata_1749_1_tp_2, Proteobacteria_11431_2_tp_2, Proteobacteria_7230_1_tp_2, Proteobacteria_7230_2_tp_2, Pseudofungi_43_1_tp_2",0.555090846173974,0.188604614971096
"Dinoflagellata_1009_1","Archaea_164_2_tp_2, Bacillariophyta_100_1_tp_2, Bacteroidetes_938_1_tp_2, Cercozoa_23_1_tp_2, Dinoflagellata_1198_1_tp_2, Dinoflagellata_982_1_tp_2, Proteobacteria_7983_1_tp_2, Proteobacteria_8520_1_tp_2, Rhodophyta_506_1_tp_2",0.610880009680957,0.187599505353525
"Dinoflagellata_1009_1","Bacteroidetes_1349_1_tp_2, Bacteroidetes_919_3_tp_2, Cryptophyta_15_2_tp_2, Cyanobacteria_65_1_tp_2, Perkinsea_44_1_tp_2, Proteobacteria_11431_2_tp_2, Proteobacteria_7314_1_tp_2, Proteobacteria_7983_7_tp_2, Proteobacteria_8175_1_tp_2",0.609287277950363,0.181624497706541
"Dinoflagellata_1009_1","Archaea_179_1_tp_2, Bacteroidetes_918_2_tp_2, Bacteroidetes_918_5_tp_2, Cryptophyta_15_2_tp_2, Dinoflagellata_1555_1_tp_2, Proteobacteria_10091_1_tp_2, Proteobacteria_11429_2_tp_2, Proteobacteria_7230_1_tp_2, Verrucomicrobia_22_1_tp_2",0.534858478329229,0.189911176734747
"Dinoflagellata_1009_1","Bacteroidetes_129_1_tp_2, Bacteroidetes_918_5_tp_2, Dinoflagellata_1728_1_tp_2, Dinoflagellata_1771_2_tp_2, Haptophyta_148_1_tp_2, Phylum_reps_1954_1_tp_2, Proteobacteria_11210_1_tp_2, Proteobacteria_11428_1_tp_2, Proteobacteria_7230_1_tp_2",0.519736574951624,0.192183154611743
"Dinoflagellata_1009_1","Bacillariophyta_31_1_tp_2, Bacteroidetes_1151_1_tp_2, Bacteroidetes_1360_2_tp_2, Bacteroidetes_938_1_tp_2, Dinoflagellata_1728_2_tp_2, Proteobacteria_11429_1_tp_2, Proteobacteria_11429_2_tp_2, Proteobacteria_11429_3_tp_2, Proteobacteria_7230_2_tp_2",0.495819276682283,0.210899904969916
"Dinoflagellata_1009_1","Archaea_164_1_tp_2, Dinoflagellata_1555_1_tp_2, Perkinsea_44_1_tp_2, Proteobacteria_10168_1_tp_2, Proteobacteria_11429_3_tp_2, Proteobacteria_7289_1_tp_2, Proteobacteria_7313_1_tp_2, Proteobacteria_7983_7_tp_2, Proteobacteria_8176_1_tp_2",0.568530404941457,0.189474846903091
"Dinoflagellata_1009_1","Cercozoa_23_1_tp_2, Ciliophora_451_1_tp_2, Div_reps_2942_1_tp_2, Katablepharidophyta_7_1_tp_2, Proteobacteria_10114_1_tp_2, Proteobacteria_11155_1_tp_2, Proteobacteria_11429_3_tp_2, Proteobacteria_8176_2_tp_2, Sagenista_53_1_tp_2",0.366774207495612,0.212204087243299
"Dinoflagellata_1009_1","Actinobacteria_410_2_tp_2, Bacteroidetes_129_1_tp_2, Bacteroidetes_919_1_tp_2, Ciliophora_234_1_tp_2, Ciliophora_403_1_tp_2, Div_reps_1600_2_tp_2, Picozoa_18_1_tp_2, Proteobacteria_7787_1_tp_2, Proteobacteria_8185_1_tp_2",0.581925904971165,0.190086625480555
"Dinoflagellata_1009_1","Actinobacteria_410_2_tp_2, Bacteroidetes_1166_1_tp_2, Bacteroidetes_1186_1_tp_2, Bacteroidetes_919_2_tp_2, Ciliophora_451_1_tp_2, Dictyochophyceae_6_1_tp_2, Proteobacteria_10114_1_tp_2, Proteobacteria_11429_4_tp_2, Proteobacteria_7364_1_tp_2",0.510176811008168,0.20332328620039
"Dinoflagellata_1009_1","Bacillariophyta_219_1_tp_2, Bacteroidetes_1360_3_tp_2, Bacteroidetes_1360_4_tp_2, Cercozoa_395_1_tp_2, Dinoflagellata_1711_1_tp_2, Phylum_reps_2301_1_tp_2, Proteobacteria_11429_3_tp_2, Proteobacteria_11431_1_tp_2, Verrucomicrobia_23_1_tp_2",0.465937383929312,0.204166653673752
"Dinoflagellata_1009_1","Bacillariophyta_100_1_tp_2, Bacteroidetes_1178_1_tp_2, Bacteroidetes_131_1_tp_2, Cyanobacteria_85_1_tp_2, Dinoflagellata_1014_1_tp_2, Dinoflagellata_955_1_tp_2, Planctomycetes_61_1_tp_2, Proteobacteria_10168_1_tp_2, Proteobacteria_11155_1_tp_2",0.447289862225366,0.199973181531765
"Dinoflagellata_1009_1","Actinobacteria_410_2_tp_2, Chlorophyta__streptophyta_833_1_tp_2, Dictyochophyceae_6_1_tp_2, Dinoflagellata_1010_1_tp_2, Dinoflagellata_1014_1_tp_2, Dinoflagellata_1098_1_tp_2, Proteobacteria_11120_1_tp_2, Proteobacteria_11428_1_tp_2, Proteobacteria_8175_1_tp_2",0.485709225070512,0.195661345078795
"Dinoflagellata_1009_1","Bacteroidetes_1360_1_tp_2, Bacteroidetes_919_1_tp_2, Bacteroidetes_938_1_tp_2, Chlorophyta__streptophyta_751_1_tp_2, Chlorophyta__streptophyta_895_1_tp_2, Proteobacteria_11428_1_tp_2, Proteobacteria_9681_1_tp_2, Verrucomicrobia_18_3_tp_2, Verrucomicrobia_22_1_tp_2",0.503061750752893,0.199466585501865
"Dinoflagellata_1009_1","Bacteroidetes_1264_1_tp_2, Bacteroidetes_131_1_tp_2, Ciliophora_280_1_tp_2, Cyanobacteria_85_1_tp_2, Dinoflagellata_124_1_tp_2, Proteobacteria_5461_1_tp_2, Proteobacteria_7166_1_tp_2, Proteobacteria_7983_1_tp_2, Proteobacteria_8176_1_tp_2",0.437822086476727,0.20265397703497
"Dinoflagellata_1009_1","Bacteroidetes_1360_2_tp_2, Bacteroidetes_1360_4_tp_2, Dinoflagellata_124_1_tp_2, Dinoflagellata_955_1_tp_2, Proteobacteria_10168_1_tp_2, Proteobacteria_6847_1_tp_2, Proteobacteria_7230_1_tp_2, Proteobacteria_7983_1_tp_2, Proteobacteria_8520_1_tp_2",0.504965834287002,0.199884296029704
"Dinoflagellata_1009_1","Bacteroidetes_129_1_tp_2, Cercozoa_291_1_tp_2, Chlorophyta__streptophyta_848_1_tp_2, Cyanobacteria_85_1_tp_2, Dinoflagellata_1010_1_tp_2, Dinoflagellata_124_1_tp_2, Dinoflagellata_1968_1_tp_2, Perkinsea_44_1_tp_2, Proteobacteria_8520_1_tp_2",0.541462834256491,0.186237972688871
"Dinoflagellata_1009_1","Bacteroidetes_1204_1_tp_2, Picozoa_18_1_tp_2, Proteobacteria_11155_1_tp_2, Proteobacteria_11429_1_tp_2, Proteobacteria_11429_2_tp_2, Proteobacteria_11431_1_tp_2, Proteobacteria_11431_2_tp_2, Proteobacteria_7984_1_tp_2, Sagenista_61_1_tp_2",0.576401077087035,0.207736642939701
"Dinoflagellata_1009_1","Bacteroidetes_1166_2_tp_2, Bacteroidetes_1360_5_tp_2, Cercozoa_395_1_tp_2, Ciliophora_403_1_tp_2, Cyanobacteria_85_1_tp_2, Planctomycetes_34_1_tp_2, Planctomycetes_61_1_tp_2, Proteobacteria_7983_1_tp_2, Proteobacteria_8175_1_tp_2",0.518159105333156,0.192007380133372
"Dinoflagellata_1009_1","Bacillariophyta_138_1_tp_2, Bacteroidetes_956_1_tp_2, Ciliophora_451_1_tp_2, Dinoflagellata_1658_1_tp_2, Dinoflagellata_1771_2_tp_2, Planctomycetes_27_1_tp_2, Proteobacteria_11210_1_tp_2, Proteobacteria_7166_1_tp_2, Raphidophyceae_3_1_tp_2",0.517176987902133,0.193544206570506
"Dinoflagellata_1009_1","Chlorophyta__streptophyta_833_1_tp_2, Ciliophora_451_1_tp_2, Dinoflagellata_1542_1_tp_2, Dinoflagellata_1749_1_tp_2, Proteobacteria_11155_2_tp_2, Proteobacteria_8520_1_tp_2, Radiolaria_104_1_tp_2, Verrucomicrobia_18_1_tp_2, Verrucomicrobia_23_1_tp_2",0.455609631165975,0.206436379582159
"Dinoflagellata_1009_1","Archaea_179_1_tp_2, Bacteroidetes_1224_1_tp_2, Bacteroidetes_1264_1_tp_2, Cercozoa_291_1_tp_2, Ciliophora_298_1_tp_2, Lobosa_11_1_tp_2, Proteobacteria_7100_1_tp_2, Proteobacteria_7983_2_tp_2, Verrucomicrobia_18_3_tp_2",0.582663470178893,0.180783366199538
"Dinoflagellata_1009_1","Bacteroidetes_1166_2_tp_2, Bacteroidetes_1360_5_tp_2, Bacteroidetes_918_1_tp_2, Bacteroidetes_919_3_tp_2, Katablepharidophyta_7_1_tp_2, Proteobacteria_11210_2_tp_2, Proteobacteria_7364_1_tp_2, temperature_tp_2, Verrucomicrobia_18_1_tp_2",0.423353665694248,0.224529934768217
"Dinoflagellata_1009_1","Archaea_179_1_tp_2, Chlorophyta__streptophyta_845_1_tp_2, Cryptophyta_108_1_tp_2, Dictyochophyceae_6_1_tp_2, Dinoflagellata_1771_1_tp_2, Dinoflagellata_1968_1_tp_2, Dinoflagellata_955_1_tp_2, Proteobacteria_6384_1_tp_2, Proteobacteria_8185_1_tp_2",0.569774679660461,0.185242084586164
"Dinoflagellata_1009_1","Cercozoa_395_1_tp_2, Chlorophyta__streptophyta_845_1_tp_2, Cryptophyta_15_2_tp_2, Dinoflagellata_955_1_tp_2, Div_reps_2942_1_tp_2, Proteobacteria_7174_1_tp_2, Proteobacteria_7313_1_tp_2, Proteobacteria_7319_1_tp_2, Proteobacteria_7787_1_tp_2",0.427175413713381,0.216639277180041
"Dinoflagellata_1009_1","Bacteroidetes_1264_1_tp_2, Bacteroidetes_1360_1_tp_2, Chlorophyta__streptophyta_120_1_tp_2, Dinoflagellata_1769_1_tp_2, Picozoa_18_1_tp_2, Proteobacteria_11428_1_tp_2, Proteobacteria_11429_3_tp_2, Proteobacteria_7230_3_tp_2, Proteobacteria_8176_2_tp_2",0.458493925340745,0.202877078311499
"Dinoflagellata_1009_1","Archaea_164_2_tp_2, Bacteroidetes_918_3_tp_2, Dinoflagellata_1758_1_tp_2, Proteobacteria_11210_2_tp_2, Proteobacteria_11428_1_tp_2, Proteobacteria_22_1_tp_2, Proteobacteria_5461_1_tp_2, Proteobacteria_7316_1_tp_2, Radiolaria_104_1_tp_2",0.614724018671565,0.175824614053661
"Dinoflagellata_1009_1","Bacteroidetes_1186_1_tp_2, Bacteroidetes_1235_1_tp_2, Bacteroidetes_919_2_tp_2, Chlorophyta__streptophyta_895_1_tp_2, Cyanobacteria_48_1_tp_2, Dinoflagellata_1728_2_tp_2, Haptophyta_148_1_tp_2, Perkinsea_33_1_tp_2, Proteobacteria_7982_1_tp_2",0.639449986339986,0.182650996147349
"Dinoflagellata_1009_1","Bacteroidetes_1224_1_tp_2, Bacteroidetes_129_1_tp_2, Chlorophyta__streptophyta_120_1_tp_2, Haptophyta_148_1_tp_2, Nitrospirae_9_1_tp_2, Proteobacteria_11210_1_tp_2, Proteobacteria_11429_2_tp_2, Proteobacteria_11429_4_tp_2, Proteobacteria_6847_1_tp_2",0.61262859414171,0.199404699635532
"Dinoflagellata_1009_1","Bacteroidetes_1166_1_tp_2, Cercozoa_23_1_tp_2, Cercozoa_395_1_tp_2, Cryptophyta_108_1_tp_2, Dinoflagellata_1711_1_tp_2, Dinoflagellata_1758_1_tp_2, Proteobacteria_7230_1_tp_2, Proteobacteria_7289_1_tp_2, Proteobacteria_8176_2_tp_2",0.575757857173397,0.179324664903604
"Dinoflagellata_1009_1","Bacteroidetes_317_1_tp_2, Bacteroidetes_918_4_tp_2, Ciliophora_298_1_tp_2, Dinoflagellata_1758_1_tp_2, Dinoflagellata_1769_1_tp_2, Perkinsea_44_1_tp_2, Proteobacteria_10168_1_tp_2, Proteobacteria_6384_1_tp_2, Proteobacteria_7983_8_tp_2",0.469638166579177,0.204329389150469
"Dinoflagellata_1009_1","Bacillariophyta_196_1_tp_2, Bacillariophyta_29_1_tp_2, Bacteroidetes_1167_1_tp_2, Ciliophora_234_1_tp_2, Dinoflagellata_1496_1_tp_2, Proteobacteria_6847_1_tp_2, Proteobacteria_7982_2_tp_2, Proteobacteria_9681_2_tp_2, Sagenista_53_1_tp_2",0.451821983780826,0.212220399537263
"Dinoflagellata_1009_1","Bacteroidetes_129_2_tp_2, Ciliophora_1195_1_tp_2, Dinoflagellata_1555_1_tp_2, Phylum_reps_1954_1_tp_2, Proteobacteria_11429_4_tp_2, Proteobacteria_5461_1_tp_2, Proteobacteria_7295_1_tp_2, Proteobacteria_7983_7_tp_2, Proteobacteria_8175_1_tp_2",0.591034952133221,0.176926619819356
"Dinoflagellata_1009_1","Actinobacteria_410_1_tp_2, Bacillariophyta_219_1_tp_2, Bacteroidetes_1360_4_tp_2, Chlorophyta__streptophyta_732_1_tp_2, Dinoflagellata_874_1_tp_2, Picozoa_6_1_tp_2, Proteobacteria_11190_1_tp_2, Proteobacteria_11429_2_tp_2, Proteobacteria_7231_1_tp_2",0.569781367919334,0.191576985628301
"Dinoflagellata_1009_1","Actinobacteria_410_1_tp_2, Bacteroidetes_919_2_tp_2, Cyanobacteria_73_1_tp_2, Dinoflagellata_1010_1_tp_2, Dinoflagellata_1555_1_tp_2, Phylum_reps_2301_1_tp_2, Planctomycetes_34_1_tp_2, Proteobacteria_7364_1_tp_2, Verrucomicrobia_18_3_tp_2",0.502909098303862,0.225452731944847
"Dinoflagellata_1009_1","Bacteroidetes_1186_1_tp_2, Bacteroidetes_129_2_tp_2, Bacteroidetes_1360_2_tp_2, Bacteroidetes_1360_4_tp_2, Proteobacteria_11431_1_tp_2, Proteobacteria_7231_1_tp_2, Proteobacteria_7983_4_tp_2, Proteobacteria_7983_6_tp_2, Verrucomicrobia_18_2_tp_2",0.541741850253253,0.195331852016433
"Dinoflagellata_1009_1","Bacillariophyta_31_1_tp_2, Bacteroidetes_1264_1_tp_2, Bacteroidetes_919_1_tp_2, Chlorophyta__streptophyta_833_1_tp_2, Dinoflagellata_1758_1_tp_2, Dinoflagellata_1771_1_tp_2, Proteobacteria_5436_1_tp_2, Proteobacteria_7983_1_tp_2, temperature_tp_2",0.441867925627601,0.230704866275167
"Dinoflagellata_1009_1","Bacteroidetes_129_2_tp_2, Bacteroidetes_1360_3_tp_2, Dictyochophyceae_6_1_tp_2, Dinoflagellata_1758_1_tp_2, Dinoflagellata_1769_1_tp_2, Perkinsea_33_1_tp_2, Picozoa_18_1_tp_2, Proteobacteria_11120_1_tp_2, Proteobacteria_7983_3_tp_2",0.558072041514702,0.183745038587462
"Dinoflagellata_1009_1","Bacillariophyta_100_1_tp_2, Bacteroidetes_1349_1_tp_2, Bacteroidetes_1360_3_tp_2, Ciliophora_451_1_tp_2, Div_reps_1600_2_tp_2, Proteobacteria_22_1_tp_2, Proteobacteria_7230_2_tp_2, Proteobacteria_7787_1_tp_2, Verrucomicrobia_18_4_tp_2",0.389753389919415,0.215062331536416
"Dinoflagellata_1009_1","Bacteroidetes_1151_1_tp_2, Bacteroidetes_1178_1_tp_2, Bacteroidetes_1360_4_tp_2, Dinoflagellata_1728_2_tp_2, Haptophyta_203_1_tp_2, Picozoa_18_1_tp_2, Proteobacteria_6384_1_tp_2, Proteobacteria_7295_1_tp_2, Proteobacteria_7983_8_tp_2",0.557712869923385,0.195443815099943
"Dinoflagellata_1009_1","Dinoflagellata_1771_1_tp_2, Dinoflagellata_1862_1_tp_2, Dinoflagellata_874_1_tp_2, Phylum_reps_2301_1_tp_2, Planctomycetes_34_1_tp_2, Proteobacteria_11120_1_tp_2, Proteobacteria_5461_1_tp_2, Proteobacteria_8175_1_tp_2, Verrucomicrobia_18_1_tp_2",0.604085028214774,0.177699814683644
"Dinoflagellata_1009_1","Bacteroidetes_1249_1_tp_2, Bacteroidetes_1360_5_tp_2, Bacteroidetes_918_2_tp_2, Bacteroidetes_956_1_tp_2, Cercozoa_23_1_tp_2, Chlorophyta__streptophyta_732_1_tp_2, Cyanobacteria_48_1_tp_2, Dinoflagellata_1017_1_tp_2, Verrucomicrobia_18_1_tp_2",0.60257332227887,0.182592435485574
"Dinoflagellata_1009_1","Bacteroidetes_1360_1_tp_2, Bacteroidetes_1360_4_tp_2, Chlorophyta__streptophyta_895_1_tp_2, Cryptophyta_108_1_tp_2, Phylum_reps_1954_1_tp_2, Picozoa_6_1_tp_2, Proteobacteria_6847_1_tp_2, Proteobacteria_7166_1_tp_2, Proteobacteria_7787_1_tp_2",0.545742266000069,0.188464042781474
"Dinoflagellata_1009_1","Bacteroidetes_1186_1_tp_2, Bacteroidetes_1235_1_tp_2, Bacteroidetes_919_2_tp_2, Cyanobacteria_85_1_tp_2, Dinoflagellata_124_1_tp_2, Proteobacteria_11210_2_tp_2, Proteobacteria_7174_1_tp_2, Proteobacteria_7230_2_tp_2, Proteobacteria_7983_8_tp_2",0.276891420221971,0.251332864590868
"Dinoflagellata_1009_1","Bacillariophyta_44_1_tp_2, Bacteroidetes_1204_1_tp_2, Bacteroidetes_1249_1_tp_2, Cercozoa_23_1_tp_2, Chlorophyta__streptophyta_732_1_tp_2, Cryptophyta_15_1_tp_2, Cyanobacteria_48_1_tp_2, Proteobacteria_11190_1_tp_2, Rhodophyta_506_1_tp_2",0.262098773867321,0.21156523812713
"Dinoflagellata_1009_1","Bacillariophyta_138_1_tp_2, Bacteroidetes_938_1_tp_2, Ciliophora_298_1_tp_2, Cyanobacteria_73_1_tp_2, Dinoflagellata_1014_1_tp_2, Dinoflagellata_982_1_tp_2, Planctomycetes_61_1_tp_2, Raphidophyceae_3_1_tp_2, Verrucomicrobia_23_1_tp_2",0.592657751495096,0.178857551021521
"Dinoflagellata_1009_1","Archaea_179_1_tp_2, Bacteroidetes_1224_1_tp_2, Dinoflagellata_1968_1_tp_2, Perkinsea_33_1_tp_2, Proteobacteria_11431_2_tp_2, Proteobacteria_5461_1_tp_2, Proteobacteria_7230_2_tp_2, Proteobacteria_7316_1_tp_2, Proteobacteria_7983_7_tp_2",0.674185093305314,0.163771973668325
"Dinoflagellata_1009_1","Bacillariophyta_138_1_tp_2, Bacteroidetes_1178_1_tp_2, Bacteroidetes_918_3_tp_2, Bacteroidetes_956_1_tp_2, Chlorophyta__streptophyta_833_1_tp_2, Dinoflagellata_1728_1_tp_2, Div_reps_1600_1_tp_2, Proteobacteria_7295_1_tp_2, Proteobacteria_8176_2_tp_2",0.583615381938007,0.188086444067093
"Dinoflagellata_1009_1","Bacteroidetes_1167_1_tp_2, Bacteroidetes_1360_4_tp_2, Chlorophyta__streptophyta_895_1_tp_2, Ciliophora_234_1_tp_2, Katablepharidophyta_7_1_tp_2, Proteobacteria_7231_1_tp_2, Proteobacteria_7983_2_tp_2, Proteobacteria_8176_1_tp_2, Pseudofungi_43_1_tp_2",0.539863160972238,0.193790373552674
"Dinoflagellata_1009_1","Bacillariophyta_219_1_tp_2, Bacteroidetes_1186_1_tp_2, Bacteroidetes_1360_2_tp_2, Bacteroidetes_938_1_tp_2, Cercozoa_23_1_tp_2, Cyanobacteria_85_1_tp_2, Dinoflagellata_1542_1_tp_2, Picozoa_18_1_tp_2, Proteobacteria_8185_1_tp_2",0.476246068221212,0.20087217053551
"Dinoflagellata_1009_1","Bacteroidetes_1224_1_tp_2, Bacteroidetes_918_3_tp_2, Dinoflagellata_1555_1_tp_2, Dinoflagellata_1728_1_tp_2, Planctomycetes_61_1_tp_2, Proteobacteria_11210_2_tp_2, Proteobacteria_7983_8_tp_2, Proteobacteria_8176_2_tp_2, Proteobacteria_8520_1_tp_2",0.493583979650113,0.207229174424011
"Dinoflagellata_1009_1","Archaea_164_2_tp_2, Bacteroidetes_1224_1_tp_2, Bacteroidetes_1249_1_tp_2, Bacteroidetes_317_1_tp_2, Bacteroidetes_918_5_tp_2, Lobosa_11_1_tp_2, Proteobacteria_5461_1_tp_2, Proteobacteria_7316_1_tp_2, Verrucomicrobia_22_1_tp_2",0.568993545207345,0.193531796447451
"Dinoflagellata_1009_1","Bacillariophyta_138_1_tp_2, Bacteroidetes_1360_5_tp_2, Picozoa_18_1_tp_2, Proteobacteria_11155_2_tp_2, Proteobacteria_7289_1_tp_2, Proteobacteria_7787_1_tp_2, Proteobacteria_7983_5_tp_2, Proteobacteria_8175_1_tp_2, Sagenista_61_1_tp_2",0.543380524664031,0.191022954394103
"Dinoflagellata_1009_1","Actinobacteria_410_2_tp_2, Bacteroidetes_1360_5_tp_2, Bacteroidetes_938_1_tp_2, Chlorophyta__streptophyta_732_1_tp_2, Dinoflagellata_1728_2_tp_2, Lobosa_11_1_tp_2, Proteobacteria_11210_2_tp_2, Proteobacteria_11431_1_tp_2, Verrucomicrobia_22_1_tp_2",0.489068518781892,0.202338678477437
"Dinoflagellata_1009_1","Archaea_179_1_tp_2, Bacteroidetes_1167_1_tp_2, Dinoflagellata_955_1_tp_2, Proteobacteria_10114_1_tp_2, Proteobacteria_11431_2_tp_2, Proteobacteria_7100_1_tp_2, Proteobacteria_7230_3_tp_2, Proteobacteria_8175_1_tp_2, Proteobacteria_9681_1_tp_2",0.611567603976209,0.173956540314584
"Dinoflagellata_1009_1","Actinobacteria_410_1_tp_2, Bacteroidetes_1204_1_tp_2, Ciliophora_403_1_tp_2, Dinoflagellata_1968_1_tp_2, Haptophyta_203_1_tp_2, Proteobacteria_10168_1_tp_2, Proteobacteria_22_1_tp_2, Proteobacteria_7319_1_tp_2, Proteobacteria_7983_6_tp_2",0.60262912563423,0.180704994122846
"Dinoflagellata_1009_1","Bacillariophyta_196_1_tp_2, Bacteroidetes_1249_1_tp_2, Bacteroidetes_129_2_tp_2, Bacteroidetes_1360_1_tp_2, Ciliophora_298_1_tp_2, Dinoflagellata_1555_1_tp_2, Dinoflagellata_982_1_tp_2, Phylum_reps_2301_1_tp_2, Proteobacteria_7982_2_tp_2",0.499569231154902,0.193579950456851
"Dinoflagellata_1009_1","Bacteroidetes_1166_1_tp_2, Ciliophora_280_1_tp_2, Div_reps_1600_2_tp_2, Picozoa_18_1_tp_2, Proteobacteria_10114_1_tp_2, Proteobacteria_11155_2_tp_2, Proteobacteria_11210_2_tp_2, Proteobacteria_5436_1_tp_2, Proteobacteria_7364_1_tp_2",0.420217641897729,0.217445318795229
"Dinoflagellata_1009_1","Bacteroidetes_1186_1_tp_2, Cercozoa_22_1_tp_2, Ciliophora_234_1_tp_2, Cryptophyta_108_1_tp_2, Perkinsea_33_1_tp_2, Picozoa_18_1_tp_2, Proteobacteria_11431_2_tp_2, Proteobacteria_7316_1_tp_2, Proteobacteria_8520_1_tp_2",0.636126900629403,0.169163652510757
"Dinoflagellata_1009_1","Archaea_164_1_tp_2, Dinoflagellata_1728_1_tp_2, Dinoflagellata_1771_2_tp_2, Proteobacteria_10091_1_tp_2, Proteobacteria_11120_1_tp_2, Proteobacteria_22_1_tp_2, Proteobacteria_9681_1_tp_2, Proteobacteria_9681_2_tp_2, Verrucomicrobia_22_2_tp_2",0.518335496106716,0.1924365251499
"Dinoflagellata_1009_1","Bacillariophyta_44_1_tp_2, Bacteroidetes_919_1_tp_2, Chlorophyta__streptophyta_895_1_tp_2, Cyanobacteria_85_1_tp_2, Dinoflagellata_1658_1_tp_2, Dinoflagellata_1793_1_tp_2, Proteobacteria_11190_1_tp_2, Raphidophyceae_3_1_tp_2, Sagenista_53_1_tp_2",0.276356005765688,0.230394970043367
"Dinoflagellata_1009_1","Archaea_164_1_tp_2, Bacteroidetes_1167_1_tp_2, Ciliophora_234_1_tp_2, Ciliophora_403_1_tp_2, Cryptophyta_15_1_tp_2, Proteobacteria_11429_3_tp_2, Proteobacteria_7295_1_tp_2, Proteobacteria_7983_8_tp_2, temperature_tp_2",0.489163398828163,0.203454811701334
"Dinoflagellata_1009_1","Actinobacteria_410_1_tp_2, Archaea_179_1_tp_2, Bacteroidetes_1204_1_tp_2, Chlorophyta__streptophyta_751_1_tp_2, Cyanobacteria_85_1_tp_2, Proteobacteria_10168_1_tp_2, Proteobacteria_6847_1_tp_2, Proteobacteria_7364_1_tp_2, Proteobacteria_8185_1_tp_2",0.609759340861051,0.185630615210641
"Dinoflagellata_1009_1","Bacillariophyta_123_1_tp_2, Bacteroidetes_956_1_tp_2, Chlorophyta__streptophyta_751_1_tp_2, Ciliophora_1195_1_tp_2, Ciliophora_451_1_tp_2, Dinoflagellata_1862_1_tp_2, Proteobacteria_8176_2_tp_2, Proteobacteria_8185_1_tp_2, Verrucomicrobia_18_4_tp_2",0.641375692749189,0.174353436882171
"Dinoflagellata_1009_1","Bacillariophyta_123_1_tp_2, Bacteroidetes_1264_1_tp_2, Bacteroidetes_1360_3_tp_2, Bacteroidetes_918_3_tp_2, Bacteroidetes_938_1_tp_2, Proteobacteria_11190_1_tp_2, Proteobacteria_7230_1_tp_2, Proteobacteria_8175_1_tp_2, Sagenista_61_1_tp_2",0.539353048371118,0.188047320622095
"Dinoflagellata_1009_1","Bacillariophyta_138_1_tp_2, Bacteroidetes_131_1_tp_2, Bacteroidetes_919_1_tp_2, Dictyochophyceae_6_1_tp_2, Dinoflagellata_1711_1_tp_2, Proteobacteria_7295_1_tp_2, Proteobacteria_7313_1_tp_2, Proteobacteria_7316_1_tp_2, Proteobacteria_8177_2_tp_2",0.418528580973326,0.213290112196423
"Dinoflagellata_1009_1","Bacillariophyta_44_1_tp_2, Bacteroidetes_317_1_tp_2, Bacteroidetes_918_4_tp_2, Bacteroidetes_919_1_tp_2, Chlorophyta__streptophyta_120_1_tp_2, Ciliophora_1195_1_tp_2, Dinoflagellata_1017_1_tp_2, Proteobacteria_11155_1_tp_2, Proteobacteria_22_1_tp_2",0.477221006547749,0.197437659156455
"Dinoflagellata_1009_1","Bacteroidetes_1167_1_tp_2, Bacteroidetes_1249_1_tp_2, Bacteroidetes_919_3_tp_2, Cryptophyta_108_1_tp_2, Picozoa_18_1_tp_2, Proteobacteria_10091_1_tp_2, Proteobacteria_11210_1_tp_2, Proteobacteria_11429_3_tp_2, Proteobacteria_6384_1_tp_2",0.417977952179444,0.234529889980834
"Dinoflagellata_1009_1","Bacteroidetes_1194_1_tp_2, Bacteroidetes_1224_1_tp_2, Bacteroidetes_956_1_tp_2, Chlorophyta__streptophyta_848_1_tp_2, Ciliophora_403_1_tp_2, Dinoflagellata_1098_1_tp_2, Dinoflagellata_124_1_tp_2, Katablepharidophyta_7_1_tp_2, Proteobacteria_8185_1_tp_2",0.538817575320809,0.191315902813201
"Dinoflagellata_1009_1","Bacillariophyta_123_1_tp_2, Bacteroidetes_317_1_tp_2, Bacteroidetes_918_1_tp_2, Dinoflagellata_1711_1_tp_2, Dinoflagellata_982_1_tp_2, Div_reps_1600_1_tp_2, Proteobacteria_7295_1_tp_2, Proteobacteria_7316_1_tp_2, Raphidophyceae_3_1_tp_2",0.52366530445336,0.204730487809322
"Dinoflagellata_1009_1","Bacillariophyta_138_1_tp_2, Bacteroidetes_1151_1_tp_2, Bacteroidetes_918_3_tp_2, Chlorophyta__streptophyta_848_1_tp_2, Cyanobacteria_48_1_tp_2, Dinoflagellata_1771_2_tp_2, Proteobacteria_11210_1_tp_2, Proteobacteria_7295_1_tp_2, Verrucomicrobia_23_1_tp_2",0.508862951462626,0.195649617668856
"Dinoflagellata_1009_1","Bacillariophyta_29_1_tp_2, Bacteroidetes_1178_1_tp_2, Chrysophyceae_16_1_tp_2, Ciliophora_403_1_tp_2, Phylum_reps_1954_1_tp_2, Picozoa_18_1_tp_2, Proteobacteria_10114_1_tp_2, Proteobacteria_7319_1_tp_2, Proteobacteria_8176_2_tp_2",0.538109149382069,0.192366419969182
"Dinoflagellata_1009_1","Bacteroidetes_129_1_tp_2, Bacteroidetes_919_2_tp_2, Bacteroidetes_919_3_tp_2, Dinoflagellata_982_1_tp_2, Haptophyta_148_1_tp_2, Perkinsea_44_1_tp_2, Proteobacteria_7314_1_tp_2, Raphidophyceae_3_1_tp_2, Rhodophyta_506_1_tp_2",0.532860197494854,0.204649850341009
"Dinoflagellata_1009_1","Bacteroidetes_1235_1_tp_2, Chlorophyta__streptophyta_751_1_tp_2, Cryptophyta_108_1_tp_2, Dinoflagellata_1017_1_tp_2, Div_reps_2942_1_tp_2, Proteobacteria_10114_1_tp_2, Proteobacteria_7230_2_tp_2, Proteobacteria_7983_4_tp_2, Proteobacteria_7983_6_tp_2",0.564340737250067,0.185114236132548
"Dinoflagellata_1009_1","Actinobacteria_410_2_tp_2, Bacillariophyta_123_1_tp_2, Cryptophyta_15_2_tp_2, Dinoflagellata_1771_1_tp_2, Haptophyta_148_1_tp_2, Planctomycetes_27_1_tp_2, Proteobacteria_7316_1_tp_2, Proteobacteria_8177_1_tp_2, Verrucomicrobia_23_1_tp_2",0.444593361014813,0.223250231245918
"Dinoflagellata_1009_1","Bacillariophyta_123_1_tp_2, Bacteroidetes_918_2_tp_2, Chlorophyta__streptophyta_845_1_tp_2, Ciliophora_234_1_tp_2, Ciliophora_298_1_tp_2, Dinoflagellata_1749_1_tp_2, Div_reps_2942_1_tp_2, Planctomycetes_34_1_tp_2, Proteobacteria_7230_1_tp_2",0.514854258547217,0.197565189249188
"Dinoflagellata_1009_1","Archaea_164_2_tp_2, Archaea_179_1_tp_2, Bacteroidetes_918_1_tp_2, Bacteroidetes_918_5_tp_2, Dinoflagellata_1017_1_tp_2, Dinoflagellata_1968_1_tp_2, Picozoa_18_1_tp_2, Proteobacteria_11120_1_tp_2, Proteobacteria_7983_1_tp_2",0.593809679165873,0.182117641918469
"Dinoflagellata_1009_1","Bacteroidetes_1166_1_tp_2, Bacteroidetes_1264_1_tp_2, Bacteroidetes_918_5_tp_2, Chlorophyta__streptophyta_751_1_tp_2, Dinoflagellata_1711_1_tp_2, Picozoa_6_1_tp_2, Proteobacteria_11428_1_tp_2, Proteobacteria_7984_1_tp_2, Verrucomicrobia_18_3_tp_2",0.585830324026979,0.191458656556393
"Dinoflagellata_1009_1","Bacillariophyta_100_1_tp_2, Bacteroidetes_1186_1_tp_2, Bacteroidetes_1264_1_tp_2, Chlorophyta__streptophyta_895_1_tp_2, Dictyochophyceae_6_1_tp_2, Dinoflagellata_1758_1_tp_2, Picozoa_6_1_tp_2, Proteobacteria_7314_1_tp_2, Proteobacteria_7983_3_tp_2",0.602061074350413,0.19550080394201
"Dinoflagellata_1009_1","Actinobacteria_410_1_tp_2, Bacteroidetes_1264_1_tp_2, Bacteroidetes_918_5_tp_2, Ciliophora_298_1_tp_2, Dinoflagellata_1749_1_tp_2, Proteobacteria_7313_1_tp_2, Sagenista_53_1_tp_2, temperature_tp_2, Verrucomicrobia_22_1_tp_2",0.410250389942596,0.224789170192345
"Dinoflagellata_1009_1","Bacteroidetes_918_5_tp_2, Chlorophyta__streptophyta_848_1_tp_2, Ciliophora_280_1_tp_2, Ciliophora_298_1_tp_2, Haptophyta_148_1_tp_2, Proteobacteria_6384_1_tp_2, Proteobacteria_7230_3_tp_2, Proteobacteria_8520_1_tp_2, Verrucomicrobia_18_1_tp_2",0.462297830962562,0.196898398719594
"Dinoflagellata_1009_1","Bacillariophyta_123_1_tp_2, Bacteroidetes_1186_1_tp_2, Cercozoa_22_1_tp_2, Chlorophyta__streptophyta_845_1_tp_2, Dinoflagellata_1098_1_tp_2, Proteobacteria_10114_1_tp_2, Proteobacteria_11431_2_tp_2, Proteobacteria_6847_1_tp_2, Proteobacteria_7982_1_tp_2",0.589725361034481,0.191364636863814
"Dinoflagellata_1009_1","Bacillariophyta_123_1_tp_2, Chlorophyta__streptophyta_120_1_tp_2, Chlorophyta__streptophyta_833_1_tp_2, Cryptophyta_108_1_tp_2, Dinoflagellata_982_1_tp_2, Proteobacteria_11429_2_tp_2, Proteobacteria_11429_3_tp_2, Proteobacteria_7166_1_tp_2, Proteobacteria_7983_1_tp_2",0.450651778411463,0.205282535547249
"Dinoflagellata_1009_1","Bacteroidetes_918_5_tp_2, Bacteroidetes_919_2_tp_2, Phylum_reps_1985_1_tp_2, Planctomycetes_27_1_tp_2, Proteobacteria_6384_1_tp_2, Proteobacteria_7100_1_tp_2, Proteobacteria_7983_3_tp_2, Proteobacteria_7983_7_tp_2, Proteobacteria_8177_2_tp_2",0.550569317992953,0.194224250772722
"Dinoflagellata_1009_1","Ciliophora_234_1_tp_2, Cryptophyta_15_1_tp_2, Dinoflagellata_1658_1_tp_2, Perkinsea_33_1_tp_2, Phylum_reps_1954_1_tp_2, Proteobacteria_10114_1_tp_2, Proteobacteria_11429_2_tp_2, Proteobacteria_9649_1_tp_2, Verrucomicrobia_22_2_tp_2",0.485947620678814,0.195359373553002
"Dinoflagellata_1009_1","Chlorophyta__streptophyta_845_1_tp_2, Dinoflagellata_1010_1_tp_2, Proteobacteria_10091_1_tp_2, Proteobacteria_10168_1_tp_2, Proteobacteria_5436_1_tp_2, Proteobacteria_6384_1_tp_2, Proteobacteria_7230_3_tp_2, Proteobacteria_7364_1_tp_2, Rhodophyta_506_1_tp_2",0.529978771855265,0.212956944030832
"Dinoflagellata_1009_1","Bacillariophyta_44_1_tp_2, Bacteroidetes_1167_1_tp_2, Cyanobacteria_73_1_tp_2, Picozoa_6_1_tp_2, Proteobacteria_10168_1_tp_2, Proteobacteria_11429_1_tp_2, Proteobacteria_5436_1_tp_2, Proteobacteria_8178_1_tp_2, Pseudofungi_43_1_tp_2",0.527198387252505,0.208846162798305
"Dinoflagellata_1009_1","Bacteroidetes_1178_1_tp_2, Bacteroidetes_1264_1_tp_2, Bacteroidetes_1360_2_tp_2, Ciliophora_403_1_tp_2, Dinoflagellata_1728_2_tp_2, Proteobacteria_7319_1_tp_2, Proteobacteria_7983_5_tp_2, Raphidophyceae_3_1_tp_2, Verrucomicrobia_18_4_tp_2",0.525815434673775,0.197458275241389
"Dinoflagellata_1009_1","Archaea_164_1_tp_2, Bacteroidetes_1360_5_tp_2, Cercozoa_395_1_tp_2, Chlorophyta__streptophyta_732_1_tp_2, Dinoflagellata_955_1_tp_2, Proteobacteria_11120_1_tp_2, Proteobacteria_11210_2_tp_2, Proteobacteria_5461_1_tp_2, Verrucomicrobia_18_1_tp_2",0.4830466339615,0.19492179523955
"Dinoflagellata_1009_1","Bacteroidetes_1224_1_tp_2, Cryptophyta_15_2_tp_2, Dinoflagellata_1014_1_tp_2, Dinoflagellata_1198_1_tp_2, Dinoflagellata_124_1_tp_2, Dinoflagellata_1793_1_tp_2, Planctomycetes_61_1_tp_2, Rhodophyta_506_1_tp_2, Verrucomicrobia_18_3_tp_2",0.499794407049788,0.217001983777042
"Dinoflagellata_1009_1","Bacillariophyta_100_1_tp_2, Bacteroidetes_131_1_tp_2, Bacteroidetes_1360_5_tp_2, Cercozoa_23_1_tp_2, Ciliophora_451_1_tp_2, Dinoflagellata_1771_2_tp_2, Lobosa_11_1_tp_2, Picozoa_6_1_tp_2, Verrucomicrobia_18_4_tp_2",0.597814010949577,0.176683618046111
"Dinoflagellata_1009_1","Archaea_164_1_tp_2, Bacteroidetes_938_1_tp_2, Cryptophyta_15_1_tp_2, Dinoflagellata_124_1_tp_2, Div_reps_2942_1_tp_2, Proteobacteria_11190_1_tp_2, Proteobacteria_11210_1_tp_2, Proteobacteria_7983_5_tp_2, Proteobacteria_9681_1_tp_2",0.540246662294337,0.199818302803666
"Dinoflagellata_1009_1","Bacillariophyta_219_1_tp_2, Dinoflagellata_1017_1_tp_2, Dinoflagellata_982_1_tp_2, Haptophyta_148_1_tp_2, Proteobacteria_5461_1_tp_2, Proteobacteria_7100_1_tp_2, Proteobacteria_7295_1_tp_2, temperature_tp_2, Verrucomicrobia_22_1_tp_2",0.500688322133853,0.194944779375133
"Dinoflagellata_1009_1","Archaea_164_1_tp_2, Bacteroidetes_1178_1_tp_2, Bacteroidetes_918_3_tp_2, Bacteroidetes_938_1_tp_2, Cyanobacteria_48_1_tp_2, Dinoflagellata_1198_1_tp_2, Lobosa_11_1_tp_2, Raphidophyceae_3_1_tp_2, Verrucomicrobia_18_4_tp_2",0.483763921397394,0.197631463855795
"Dinoflagellata_1009_1","Bacillariophyta_196_1_tp_2, Bacteroidetes_1249_1_tp_2, Bacteroidetes_919_1_tp_2, Chlorophyta__streptophyta_732_1_tp_2, Katablepharidophyta_7_1_tp_2, Proteobacteria_10091_1_tp_2, Proteobacteria_11431_1_tp_2, Proteobacteria_5461_1_tp_2, Verrucomicrobia_18_1_tp_2",0.496982524814435,0.20854001973479
"Dinoflagellata_1009_1","Bacillariophyta_123_1_tp_2, Bacteroidetes_1224_1_tp_2, Nitrospirae_9_1_tp_2, Phylum_reps_2301_1_tp_2, Planctomycetes_34_1_tp_2, Proteobacteria_6847_1_tp_2, Proteobacteria_7230_3_tp_2, Proteobacteria_8177_2_tp_2, Proteobacteria_8178_1_tp_2",0.609828961748698,0.18152472844339
"Dinoflagellata_1009_1","Bacteroidetes_131_1_tp_2, Bacteroidetes_1349_1_tp_2, Bacteroidetes_1360_2_tp_2, Cercozoa_22_1_tp_2, Dinoflagellata_1658_1_tp_2, Dinoflagellata_955_1_tp_2, Haptophyta_203_1_tp_2, Proteobacteria_10091_1_tp_2, Proteobacteria_7787_1_tp_2",0.573465614773802,0.185590926755262
"Dinoflagellata_1009_1","Actinobacteria_410_1_tp_2, Bacteroidetes_918_4_tp_2, Bacteroidetes_956_1_tp_2, Chlorophyta__streptophyta_751_1_tp_2, Chlorophyta__streptophyta_845_1_tp_2, Dinoflagellata_1658_1_tp_2, Dinoflagellata_1711_1_tp_2, Proteobacteria_11155_1_tp_2, Proteobacteria_5436_1_tp_2",0.586092036881914,0.211076129034496
"Dinoflagellata_1009_1","Bacillariophyta_100_1_tp_2, Bacteroidetes_1349_1_tp_2, Bacteroidetes_918_2_tp_2, Chlorophyta__streptophyta_845_1_tp_2, Cyanobacteria_48_1_tp_2, Dinoflagellata_1658_1_tp_2, Dinoflagellata_1711_1_tp_2, Dinoflagellata_1749_1_tp_2, Dinoflagellata_1771_2_tp_2",0.565026448012286,0.191084308693307
"Dinoflagellata_1009_1","Archaea_164_2_tp_2, Bacteroidetes_129_2_tp_2, Bacteroidetes_1360_3_tp_2, Dinoflagellata_1017_1_tp_2, Proteobacteria_11210_2_tp_2, Proteobacteria_7313_1_tp_2, Proteobacteria_8178_1_tp_2, Proteobacteria_8520_1_tp_2, Verrucomicrobia_18_3_tp_2",0.611521346767911,0.17764280846284
"Dinoflagellata_1009_1","Bacteroidetes_918_5_tp_2, Cryptophyta_15_2_tp_2, Cyanobacteria_73_1_tp_2, Dictyochophyceae_6_1_tp_2, Dinoflagellata_1542_1_tp_2, Dinoflagellata_1749_1_tp_2, Dinoflagellata_982_1_tp_2, Picozoa_6_1_tp_2, Proteobacteria_10168_1_tp_2",0.524188598947877,0.211790967767588
"Dinoflagellata_1009_1","Archaea_164_2_tp_2, Cercozoa_291_1_tp_2, Chlorophyta__streptophyta_833_1_tp_2, Cyanobacteria_48_1_tp_2, Dinoflagellata_1014_1_tp_2, Dinoflagellata_1198_1_tp_2, Dinoflagellata_1728_1_tp_2, Div_reps_1600_2_tp_2, Verrucomicrobia_22_1_tp_2",0.493069127468286,0.198502642088655
"Dinoflagellata_1009_1","Bacillariophyta_138_1_tp_2, Bacillariophyta_29_1_tp_2, Bacteroidetes_1235_1_tp_2, Bacteroidetes_919_2_tp_2, Ciliophora_403_1_tp_2, Cryptophyta_15_1_tp_2, Proteobacteria_11431_2_tp_2, Proteobacteria_7230_3_tp_2, Proteobacteria_8176_2_tp_2",0.545111941205436,0.222287580057889
"Dinoflagellata_1009_1","Bacillariophyta_138_1_tp_2, Bacillariophyta_196_1_tp_2, Bacillariophyta_219_1_tp_2, Bacteroidetes_1151_1_tp_2, Bacteroidetes_956_1_tp_2, Chlorophyta__streptophyta_845_1_tp_2, Proteobacteria_7982_1_tp_2, Proteobacteria_8176_2_tp_2, Verrucomicrobia_18_3_tp_2",0.531880269337463,0.207603330797609
"Dinoflagellata_1009_1","Bacteroidetes_1166_2_tp_2, Bacteroidetes_919_2_tp_2, Bacteroidetes_938_1_tp_2, Cercozoa_23_1_tp_2, Dinoflagellata_1771_2_tp_2, Proteobacteria_22_1_tp_2, Proteobacteria_7983_8_tp_2, Proteobacteria_8176_1_tp_2, Raphidophyceae_3_1_tp_2",0.563858715583886,0.188718986433358
"Dinoflagellata_1009_1","Cyanobacteria_85_1_tp_2, Div_reps_2942_1_tp_2, Perkinsea_44_1_tp_2, Proteobacteria_10168_1_tp_2, Proteobacteria_7983_6_tp_2, Proteobacteria_8176_1_tp_2, Proteobacteria_8177_1_tp_2, Proteobacteria_8178_1_tp_2, Rhodophyta_506_1_tp_2",0.545309375627217,0.192723841026651
"Dinoflagellata_1009_1","Bacteroidetes_1264_1_tp_2, Bacteroidetes_919_2_tp_2, Chrysophyceae_16_1_tp_2, Cryptophyta_15_1_tp_2, Dinoflagellata_982_1_tp_2, Proteobacteria_6847_1_tp_2, Proteobacteria_7983_1_tp_2, Proteobacteria_7984_1_tp_2, Sagenista_53_1_tp_2",0.48060514901824,0.214782969917695
"Dinoflagellata_1009_1","Bacteroidetes_1166_1_tp_2, Bacteroidetes_1166_2_tp_2, Bacteroidetes_129_2_tp_2, Bacteroidetes_938_1_tp_2, Ciliophora_403_1_tp_2, Dinoflagellata_1728_1_tp_2, Phylum_reps_1954_1_tp_2, Proteobacteria_10091_1_tp_2, Proteobacteria_5461_1_tp_2",0.479406426418448,0.195235659921279
"Dinoflagellata_1009_1","Bacteroidetes_129_1_tp_2, Bacteroidetes_1360_3_tp_2, Bacteroidetes_918_2_tp_2, Cercozoa_22_1_tp_2, Cryptophyta_15_2_tp_2, Dinoflagellata_1758_1_tp_2, Div_reps_2942_1_tp_2, Proteobacteria_7983_8_tp_2, Proteobacteria_8175_1_tp_2",0.498355462490985,0.199383966852433
"Dinoflagellata_1009_1","Bacteroidetes_1151_1_tp_2, Bacteroidetes_1166_2_tp_2, Bacteroidetes_919_1_tp_2, Dinoflagellata_1542_1_tp_2, Dinoflagellata_1793_1_tp_2, Dinoflagellata_955_1_tp_2, Dinoflagellata_982_1_tp_2, Phylum_reps_1985_1_tp_2, Proteobacteria_7313_1_tp_2",0.47146012014255,0.207175254634894
"Dinoflagellata_1009_1","Bacteroidetes_129_2_tp_2, Bacteroidetes_1360_5_tp_2, Dinoflagellata_124_1_tp_2, Planctomycetes_34_1_tp_2, Proteobacteria_11120_1_tp_2, Proteobacteria_7230_2_tp_2, Proteobacteria_7983_5_tp_2, Proteobacteria_8177_2_tp_2, Raphidophyceae_3_1_tp_2",0.62720252133064,0.178278492785911
"Dinoflagellata_1009_1","Bacteroidetes_129_2_tp_2, Bacteroidetes_1360_2_tp_2, Cercozoa_395_1_tp_2, Div_reps_2942_1_tp_2, Proteobacteria_5436_1_tp_2, Proteobacteria_6384_1_tp_2, Proteobacteria_7295_1_tp_2, Proteobacteria_7982_1_tp_2, Proteobacteria_8175_1_tp_2",0.575758208091367,0.186483606274096
"Dinoflagellata_1009_1","Bacteroidetes_1204_1_tp_2, Chlorophyta__streptophyta_120_1_tp_2, Dinoflagellata_1749_1_tp_2, Dinoflagellata_1771_1_tp_2, Div_reps_1600_2_tp_2, Haptophyta_148_1_tp_2, Planctomycetes_61_1_tp_2, Proteobacteria_5461_1_tp_2, Proteobacteria_7983_1_tp_2",0.437513783101656,0.197624135986294
"Dinoflagellata_1009_1","Archaea_164_2_tp_2, Archaea_179_1_tp_2, Bacteroidetes_956_1_tp_2, Cercozoa_395_1_tp_2, Cryptophyta_108_1_tp_2, Div_reps_2942_1_tp_2, Haptophyta_203_1_tp_2, Proteobacteria_7983_7_tp_2, Verrucomicrobia_18_1_tp_2",0.566752577114064,0.189279697903503
"Dinoflagellata_1009_1","Bacteroidetes_1178_1_tp_2, Bacteroidetes_918_5_tp_2, Div_reps_1600_2_tp_2, Picozoa_6_1_tp_2, Proteobacteria_11431_2_tp_2, Proteobacteria_7166_1_tp_2, Proteobacteria_7174_1_tp_2, Proteobacteria_7230_3_tp_2, temperature_tp_2",0.442498269455829,0.2142231821498
"Dinoflagellata_1009_1","Bacillariophyta_138_1_tp_2, Dinoflagellata_1098_1_tp_2, Dinoflagellata_1769_1_tp_2, Nitrospirae_9_1_tp_2, Proteobacteria_10091_1_tp_2, Proteobacteria_7983_2_tp_2, Proteobacteria_7983_7_tp_2, Verrucomicrobia_18_2_tp_2, Verrucomicrobia_22_1_tp_2",0.510333691998493,0.193850543481737
"Dinoflagellata_1009_1","Bacillariophyta_123_1_tp_2, Bacteroidetes_129_1_tp_2, Bacteroidetes_919_2_tp_2, Dinoflagellata_1098_1_tp_2, Dinoflagellata_874_1_tp_2, Div_reps_1600_1_tp_2, Proteobacteria_7364_1_tp_2, Proteobacteria_7984_1_tp_2, Verrucomicrobia_22_1_tp_2",0.415741997621067,0.208063645915893
"Dinoflagellata_1009_1","Archaea_164_1_tp_2, Bacillariophyta_100_1_tp_2, Bacillariophyta_219_1_tp_2, Bacteroidetes_129_1_tp_2, Bacteroidetes_1349_1_tp_2, Dictyochophyceae_6_1_tp_2, Lobosa_11_1_tp_2, Phylum_reps_1954_1_tp_2, Proteobacteria_7230_3_tp_2",0.372435598350931,0.21234938511041
"Dinoflagellata_1009_1","Bacteroidetes_1349_1_tp_2, Chlorophyta__streptophyta_751_1_tp_2, Dinoflagellata_1555_1_tp_2, Dinoflagellata_874_1_tp_2, Nitrospirae_9_1_tp_2, Picozoa_18_1_tp_2, Proteobacteria_11155_2_tp_2, Proteobacteria_7983_3_tp_2, Proteobacteria_9681_1_tp_2",0.489307649992408,0.219326291385967
"Dinoflagellata_1009_1","Archaea_164_1_tp_2, Bacillariophyta_219_1_tp_2, Dinoflagellata_982_1_tp_2, Haptophyta_203_1_tp_2, Phylum_reps_1985_1_tp_2, Proteobacteria_11155_2_tp_2, Proteobacteria_11210_2_tp_2, Proteobacteria_8175_1_tp_2, Proteobacteria_9681_2_tp_2",0.539868839240394,0.198688951478858
"Dinoflagellata_1009_1","Bacteroidetes_1194_1_tp_2, Bacteroidetes_918_4_tp_2, Bacteroidetes_956_1_tp_2, Chlorophyta__streptophyta_845_1_tp_2, Chrysophyceae_16_1_tp_2, Proteobacteria_7174_1_tp_2, Proteobacteria_7983_6_tp_2, Rhodophyta_506_1_tp_2, temperature_tp_2",0.525063315950868,0.205157483239525
"Dinoflagellata_1009_1","Bacteroidetes_1204_1_tp_2, Cryptophyta_15_2_tp_2, Dinoflagellata_1098_1_tp_2, Dinoflagellata_1198_1_tp_2, Dinoflagellata_124_1_tp_2, Phylum_reps_2301_1_tp_2, Proteobacteria_11429_2_tp_2, Proteobacteria_7316_1_tp_2, Proteobacteria_7319_1_tp_2",0.461316903872574,0.209933059221238
"Dinoflagellata_1009_1","Bacillariophyta_196_1_tp_2, Bacteroidetes_1167_1_tp_2, Bacteroidetes_1178_1_tp_2, Bacteroidetes_1249_1_tp_2, Chrysophyceae_16_1_tp_2, Proteobacteria_11429_1_tp_2, Proteobacteria_7787_1_tp_2, Proteobacteria_7983_6_tp_2, Proteobacteria_9649_1_tp_2",0.534111603532453,0.189985023219452
"Dinoflagellata_1009_1","Bacteroidetes_129_1_tp_2, Bacteroidetes_938_1_tp_2, Planctomycetes_27_1_tp_2, Proteobacteria_11190_1_tp_2, Proteobacteria_11210_1_tp_2, Proteobacteria_11429_2_tp_2, Proteobacteria_7982_1_tp_2, Proteobacteria_8176_1_tp_2, Sagenista_53_1_tp_2",0.549361667775147,0.203435819170269
"Dinoflagellata_1009_1","Archaea_179_1_tp_2, Bacteroidetes_1167_1_tp_2, Bacteroidetes_918_2_tp_2, Bacteroidetes_956_1_tp_2, Cryptophyta_15_1_tp_2, Dinoflagellata_1010_1_tp_2, Proteobacteria_6384_1_tp_2, Proteobacteria_7313_1_tp_2, Proteobacteria_8176_1_tp_2",0.594368307773507,0.193970781255774
"Dinoflagellata_1009_1","Archaea_179_1_tp_2, Bacillariophyta_138_1_tp_2, Bacteroidetes_1264_1_tp_2, Chlorophyta__streptophyta_120_1_tp_2, Dinoflagellata_1711_1_tp_2, Div_reps_1600_2_tp_2, Nitrospirae_9_1_tp_2, Proteobacteria_7166_1_tp_2, Verrucomicrobia_18_4_tp_2",0.461080435011611,0.198033445959435
"Dinoflagellata_1009_1","Bacillariophyta_138_1_tp_2, Bacteroidetes_919_1_tp_2, Bacteroidetes_938_1_tp_2, Cercozoa_23_1_tp_2, Dinoflagellata_1014_1_tp_2, Dinoflagellata_955_1_tp_2, Proteobacteria_5436_1_tp_2, Proteobacteria_7316_1_tp_2, Proteobacteria_7983_4_tp_2",0.462848523498323,0.203721997337332
"Dinoflagellata_1009_1","Bacteroidetes_1349_1_tp_2, Bacteroidetes_918_1_tp_2, Chlorophyta__streptophyta_120_1_tp_2, Cyanobacteria_65_1_tp_2, Cyanobacteria_73_1_tp_2, Div_reps_1600_2_tp_2, Nitrospirae_9_1_tp_2, Proteobacteria_22_1_tp_2, Proteobacteria_7983_7_tp_2",0.57306259384314,0.191004715201115
"Dinoflagellata_1009_1","Archaea_164_1_tp_2, Archaea_179_1_tp_2, Bacteroidetes_918_4_tp_2, Bacteroidetes_919_2_tp_2, Dinoflagellata_1728_2_tp_2, Proteobacteria_11210_2_tp_2, Proteobacteria_11429_3_tp_2, Proteobacteria_7230_2_tp_2, Proteobacteria_8176_1_tp_2",0.535168432335148,0.201878056463115
"Dinoflagellata_1009_1","Actinobacteria_410_2_tp_2, Archaea_179_1_tp_2, Bacteroidetes_1166_2_tp_2, Cyanobacteria_73_1_tp_2, Dinoflagellata_1010_1_tp_2, Dinoflagellata_1542_1_tp_2, Dinoflagellata_1711_1_tp_2, Proteobacteria_7295_1_tp_2, Proteobacteria_7316_1_tp_2",0.495769752379949,0.204183166016765
"Dinoflagellata_1009_1","Bacteroidetes_1194_1_tp_2, Dinoflagellata_1010_1_tp_2, Dinoflagellata_1728_1_tp_2, Dinoflagellata_1758_1_tp_2, Perkinsea_33_1_tp_2, Proteobacteria_7295_1_tp_2, Proteobacteria_7983_8_tp_2, Proteobacteria_8176_1_tp_2, Verrucomicrobia_18_1_tp_2",0.564162256929979,0.18623053819312
"Dinoflagellata_1009_1","Bacillariophyta_196_1_tp_2, Bacteroidetes_1194_1_tp_2, Bacteroidetes_1235_1_tp_2, Bacteroidetes_918_3_tp_2, Chlorophyta__streptophyta_732_1_tp_2, Perkinsea_44_1_tp_2, Proteobacteria_11429_3_tp_2, Proteobacteria_7230_1_tp_2, Verrucomicrobia_22_1_tp_2",0.596823597306283,0.176561173747199
"Dinoflagellata_1009_1","Bacteroidetes_317_1_tp_2, Haptophyta_203_1_tp_2, Planctomycetes_61_1_tp_2, Proteobacteria_11429_3_tp_2, Proteobacteria_6847_1_tp_2, Proteobacteria_7289_1_tp_2, Proteobacteria_7295_1_tp_2, Proteobacteria_7983_5_tp_2, Proteobacteria_8520_1_tp_2",0.552622507805192,0.193329971804836
"Dinoflagellata_1009_1","Actinobacteria_410_1_tp_2, Bacteroidetes_1224_1_tp_2, Bacteroidetes_1360_2_tp_2, Bacteroidetes_918_4_tp_2, Haptophyta_203_1_tp_2, Proteobacteria_11155_1_tp_2, Proteobacteria_7313_1_tp_2, Proteobacteria_7983_6_tp_2, Radiolaria_104_1_tp_2",0.513453352157701,0.220020889863089
"Dinoflagellata_1009_1","Archaea_179_1_tp_2, Bacillariophyta_44_1_tp_2, Ciliophora_280_1_tp_2, Dinoflagellata_1728_2_tp_2, Div_reps_1600_2_tp_2, Planctomycetes_34_1_tp_2, Proteobacteria_11155_2_tp_2, Proteobacteria_7174_1_tp_2, Proteobacteria_8520_1_tp_2",0.436427676512909,0.205743171214913
"Dinoflagellata_1009_1","Bacteroidetes_919_2_tp_2, Cercozoa_291_1_tp_2, Chlorophyta__streptophyta_833_1_tp_2, Cryptophyta_15_1_tp_2, Dinoflagellata_1098_1_tp_2, Proteobacteria_7166_1_tp_2, Proteobacteria_8185_1_tp_2, Proteobacteria_9681_2_tp_2, Raphidophyceae_3_1_tp_2",0.455909581942915,0.205130403689344
"Dinoflagellata_1009_1","Chlorophyta__streptophyta_120_1_tp_2, Ciliophora_451_1_tp_2, Dinoflagellata_1749_1_tp_2, Div_reps_2942_1_tp_2, Haptophyta_203_1_tp_2, Proteobacteria_10091_1_tp_2, Proteobacteria_5461_1_tp_2, Proteobacteria_7230_3_tp_2, Proteobacteria_9681_1_tp_2",0.527165536101069,0.194339673314824
"Dinoflagellata_1009_1","Bacteroidetes_1360_4_tp_2, Bacteroidetes_919_2_tp_2, Cyanobacteria_73_1_tp_2, Dinoflagellata_1017_1_tp_2, Dinoflagellata_1496_1_tp_2, Proteobacteria_7230_1_tp_2, Proteobacteria_7316_1_tp_2, Proteobacteria_7983_2_tp_2, Proteobacteria_9649_1_tp_2",0.552713622897307,0.188506466781057
"Dinoflagellata_1009_1","Bacteroidetes_129_1_tp_2, Cryptophyta_15_1_tp_2, Dinoflagellata_982_1_tp_2, Proteobacteria_11210_1_tp_2, Proteobacteria_11431_2_tp_2, Proteobacteria_9681_1_tp_2, Pseudofungi_43_1_tp_2, Rhodophyta_506_1_tp_2, Verrucomicrobia_23_1_tp_2",0.607458914288684,0.223517620878172
"Dinoflagellata_1009_1","Bacillariophyta_123_1_tp_2, Bacteroidetes_1264_1_tp_2, Bacteroidetes_129_1_tp_2, Bacteroidetes_1360_2_tp_2, Chrysophyceae_16_1_tp_2, Ciliophora_234_1_tp_2, Cryptophyta_108_1_tp_2, Proteobacteria_11120_1_tp_2, Proteobacteria_8520_1_tp_2",0.593642664019849,0.1786365413926
"Dinoflagellata_1009_1","Dictyochophyceae_6_1_tp_2, Dinoflagellata_1658_1_tp_2, Dinoflagellata_1771_1_tp_2, Dinoflagellata_874_1_tp_2, Div_reps_1600_2_tp_2, Proteobacteria_6847_1_tp_2, Proteobacteria_7166_1_tp_2, Proteobacteria_7982_2_tp_2, Radiolaria_104_1_tp_2",0.520793460181912,0.190561163305105
"Dinoflagellata_1009_1","Archaea_164_2_tp_2, Cyanobacteria_73_1_tp_2, Div_reps_1600_1_tp_2, Planctomycetes_61_1_tp_2, Proteobacteria_11429_1_tp_2, Proteobacteria_7982_1_tp_2, Proteobacteria_7982_2_tp_2, temperature_tp_2, Verrucomicrobia_18_4_tp_2",0.592166473028578,0.181439955337009
"Dinoflagellata_1009_1","Bacillariophyta_31_1_tp_2, Bacteroidetes_1151_1_tp_2, Bacteroidetes_1166_2_tp_2, Bacteroidetes_1249_1_tp_2, Cyanobacteria_85_1_tp_2, Planctomycetes_61_1_tp_2, Proteobacteria_11431_1_tp_2, Proteobacteria_5436_1_tp_2, Proteobacteria_7983_1_tp_2",0.479219612646135,0.220180498773073
"Dinoflagellata_1009_1","Bacillariophyta_196_1_tp_2, Bacteroidetes_131_1_tp_2, Bacteroidetes_918_5_tp_2, Chlorophyta__streptophyta_751_1_tp_2, Katablepharidophyta_7_1_tp_2, Lobosa_11_1_tp_2, Planctomycetes_27_1_tp_2, Proteobacteria_7100_1_tp_2, Verrucomicrobia_18_2_tp_2",0.529742959892768,0.192711673163007
"Dinoflagellata_1009_1","Bacillariophyta_196_1_tp_2, Bacteroidetes_129_1_tp_2, Bacteroidetes_1360_4_tp_2, Bacteroidetes_317_1_tp_2, Dinoflagellata_1749_1_tp_2, Proteobacteria_22_1_tp_2, Proteobacteria_7166_1_tp_2, Proteobacteria_7174_1_tp_2, Verrucomicrobia_18_4_tp_2",0.226379644888395,0.224931017949208
"Dinoflagellata_1009_1","Chrysophyceae_16_1_tp_2, Cryptophyta_15_1_tp_2, Dinoflagellata_124_1_tp_2, Proteobacteria_11155_2_tp_2, Proteobacteria_6847_1_tp_2, Proteobacteria_8175_1_tp_2, Proteobacteria_8176_1_tp_2, Verrucomicrobia_18_1_tp_2, Verrucomicrobia_18_2_tp_2",0.523208811266509,0.210787502054199
"Dinoflagellata_1009_1","Bacillariophyta_29_1_tp_2, Cercozoa_22_1_tp_2, Cryptophyta_15_1_tp_2, Dinoflagellata_1749_1_tp_2, Planctomycetes_27_1_tp_2, Proteobacteria_11428_1_tp_2, Proteobacteria_7983_2_tp_2, Proteobacteria_8177_2_tp_2, Radiolaria_104_1_tp_2",0.517018845443258,0.190498788924763
"Dinoflagellata_1009_1","Actinobacteria_410_2_tp_2, Div_reps_1600_2_tp_2, Haptophyta_148_1_tp_2, Picozoa_18_1_tp_2, Proteobacteria_7314_1_tp_2, Proteobacteria_7982_2_tp_2, Proteobacteria_7983_1_tp_2, Proteobacteria_8175_1_tp_2, Radiolaria_104_1_tp_2",0.463784129223917,0.207477496322547
"Dinoflagellata_1009_1","Bacteroidetes_1349_1_tp_2, Chlorophyta__streptophyta_732_1_tp_2, Ciliophora_1195_1_tp_2, Ciliophora_403_1_tp_2, Dinoflagellata_1711_1_tp_2, Phylum_reps_2301_1_tp_2, Proteobacteria_11155_2_tp_2, Proteobacteria_7982_2_tp_2, Rhodophyta_506_1_tp_2",0.546728013066267,0.189981009568886
"Dinoflagellata_1009_1","Bacteroidetes_1186_1_tp_2, Bacteroidetes_129_2_tp_2, Bacteroidetes_1360_4_tp_2, Dictyochophyceae_6_1_tp_2, Dinoflagellata_1098_1_tp_2, Planctomycetes_27_1_tp_2, Proteobacteria_11431_1_tp_2, Proteobacteria_7230_3_tp_2, Rhodophyta_506_1_tp_2",0.459019172924678,0.210468788122539
"Dinoflagellata_1009_1","Bacteroidetes_938_1_tp_2, Cercozoa_23_1_tp_2, Dinoflagellata_1711_1_tp_2, Dinoflagellata_955_1_tp_2, Div_reps_1600_2_tp_2, Proteobacteria_11210_2_tp_2, Proteobacteria_11428_1_tp_2, Proteobacteria_5461_1_tp_2, Proteobacteria_7983_4_tp_2",0.527945650036245,0.188455172591099
"Dinoflagellata_1009_1","Bacillariophyta_31_1_tp_2, Bacteroidetes_1360_2_tp_2, Bacteroidetes_918_3_tp_2, Bacteroidetes_918_5_tp_2, Cercozoa_291_1_tp_2, Proteobacteria_10114_1_tp_2, Proteobacteria_7787_1_tp_2, Proteobacteria_9681_2_tp_2, Sagenista_53_1_tp_2",0.435701249006918,0.213382347042437
"Dinoflagellata_1009_1","Bacteroidetes_1264_1_tp_2, Bacteroidetes_129_2_tp_2, Cercozoa_395_1_tp_2, Haptophyta_203_1_tp_2, Katablepharidophyta_7_1_tp_2, Proteobacteria_11155_1_tp_2, Proteobacteria_7316_1_tp_2, Proteobacteria_7983_1_tp_2, Verrucomicrobia_18_2_tp_2",0.533694747112465,0.192588834097729
"Dinoflagellata_1009_1","Archaea_179_1_tp_2, Bacillariophyta_219_1_tp_2, Bacteroidetes_1166_1_tp_2, Dinoflagellata_1771_1_tp_2, Dinoflagellata_982_1_tp_2, Proteobacteria_11210_2_tp_2, Proteobacteria_5461_1_tp_2, Proteobacteria_7230_3_tp_2, Proteobacteria_7313_1_tp_2",0.54047155878501,0.189151607826454
"Dinoflagellata_1009_1","Bacillariophyta_100_1_tp_2, Bacteroidetes_938_1_tp_2, Cercozoa_23_1_tp_2, Chlorophyta__streptophyta_845_1_tp_2, Ciliophora_298_1_tp_2, Dinoflagellata_1496_1_tp_2, Nitrospirae_9_1_tp_2, Pseudofungi_43_1_tp_2, Verrucomicrobia_18_1_tp_2",0.528007492772203,0.212139071772347
"Dinoflagellata_1009_1","Actinobacteria_410_2_tp_2, Bacteroidetes_1194_1_tp_2, Bacteroidetes_1249_1_tp_2, Dictyochophyceae_6_1_tp_2, Dinoflagellata_1728_1_tp_2, Proteobacteria_11429_2_tp_2, Proteobacteria_7295_1_tp_2, Proteobacteria_7787_1_tp_2, Proteobacteria_8177_2_tp_2",0.503588156219226,0.197010310532534
"Dinoflagellata_1009_1","Bacteroidetes_1224_1_tp_2, Cercozoa_23_1_tp_2, Ciliophora_451_1_tp_2, Cryptophyta_15_2_tp_2, Dinoflagellata_1711_1_tp_2, Proteobacteria_11428_1_tp_2, Proteobacteria_7100_1_tp_2, Proteobacteria_7230_1_tp_2, Proteobacteria_7316_1_tp_2",0.565397623772952,0.183990891835449
"Dinoflagellata_1009_1","Archaea_164_1_tp_2, Bacteroidetes_1167_1_tp_2, Bacteroidetes_918_3_tp_2, Ciliophora_280_1_tp_2, Cryptophyta_15_2_tp_2, Cyanobacteria_48_1_tp_2, Proteobacteria_10114_1_tp_2, Proteobacteria_5436_1_tp_2, Proteobacteria_7230_1_tp_2",0.499803017786704,0.203175869723414
"Dinoflagellata_1009_1","Bacteroidetes_1178_1_tp_2, Bacteroidetes_1360_4_tp_2, Bacteroidetes_919_2_tp_2, Cercozoa_395_1_tp_2, Dictyochophyceae_6_1_tp_2, Dinoflagellata_1749_1_tp_2, Proteobacteria_11155_2_tp_2, Proteobacteria_7983_4_tp_2, Proteobacteria_8178_1_tp_2",0.386626917367801,0.211645429646696
"Dinoflagellata_1009_1","Archaea_164_1_tp_2, Bacteroidetes_1167_1_tp_2, Bacteroidetes_129_1_tp_2, Phylum_reps_1954_1_tp_2, Proteobacteria_11428_1_tp_2, Proteobacteria_7984_1_tp_2, Proteobacteria_8178_1_tp_2, Raphidophyceae_3_1_tp_2, Verrucomicrobia_22_1_tp_2",0.44548328850016,0.200386390873402
"Dinoflagellata_1009_1","Actinobacteria_410_2_tp_2, Bacillariophyta_100_1_tp_2, Bacillariophyta_44_1_tp_2, Bacteroidetes_919_3_tp_2, Ciliophora_451_1_tp_2, Dinoflagellata_1010_1_tp_2, Div_reps_2942_1_tp_2, Proteobacteria_7314_1_tp_2, Sagenista_53_1_tp_2",0.357878240365503,0.218472343939587
"Dinoflagellata_1009_1","Bacteroidetes_1186_1_tp_2, Chrysophyceae_16_1_tp_2, Dinoflagellata_124_1_tp_2, Dinoflagellata_1793_1_tp_2, Phylum_reps_2301_1_tp_2, Proteobacteria_10091_1_tp_2, Proteobacteria_11155_1_tp_2, Proteobacteria_5461_1_tp_2, Sagenista_61_1_tp_2",0.531396985261481,0.190216431940088
"Dinoflagellata_1009_1","Bacillariophyta_196_1_tp_2, Bacteroidetes_1166_2_tp_2, Bacteroidetes_131_1_tp_2, Bacteroidetes_938_1_tp_2, Chlorophyta__streptophyta_833_1_tp_2, Proteobacteria_7983_1_tp_2, Proteobacteria_9649_1_tp_2, temperature_tp_2, Verrucomicrobia_22_2_tp_2",0.505056922281445,0.194009135743051
"Dinoflagellata_1009_1","Chlorophyta__streptophyta_845_1_tp_2, Haptophyta_148_1_tp_2, Proteobacteria_11120_1_tp_2, Proteobacteria_11429_3_tp_2, Proteobacteria_11429_4_tp_2, Proteobacteria_7230_2_tp_2, Proteobacteria_7319_1_tp_2, Proteobacteria_7984_1_tp_2, Raphidophyceae_3_1_tp_2",0.599396395041743,0.191218727140308
"Dinoflagellata_1009_1","Bacteroidetes_1194_1_tp_2, Bacteroidetes_1204_1_tp_2, Cercozoa_23_1_tp_2, Cyanobacteria_65_1_tp_2, Proteobacteria_11428_1_tp_2, Proteobacteria_11431_2_tp_2, Proteobacteria_7319_1_tp_2, Proteobacteria_8177_1_tp_2, Proteobacteria_9681_2_tp_2",0.596669622558865,0.184102403143125
"Dinoflagellata_1009_1","Cercozoa_291_1_tp_2, Cercozoa_395_1_tp_2, Ciliophora_234_1_tp_2, Dinoflagellata_1728_1_tp_2, Dinoflagellata_982_1_tp_2, Haptophyta_148_1_tp_2, Planctomycetes_61_1_tp_2, Proteobacteria_11428_1_tp_2, Proteobacteria_11431_2_tp_2",0.593863806502891,0.178377163745934
"Dinoflagellata_1009_1","Bacteroidetes_1194_1_tp_2, Bacteroidetes_1349_1_tp_2, Bacteroidetes_919_1_tp_2, Cyanobacteria_73_1_tp_2, Cyanobacteria_85_1_tp_2, Dinoflagellata_1098_1_tp_2, Proteobacteria_10168_1_tp_2, Proteobacteria_6847_1_tp_2, Proteobacteria_8520_1_tp_2",0.485310447175812,0.202948553319376
"Dinoflagellata_1009_1","Actinobacteria_410_1_tp_2, Dinoflagellata_1098_1_tp_2, Nitrospirae_9_1_tp_2, Planctomycetes_61_1_tp_2, Proteobacteria_11431_2_tp_2, Proteobacteria_7983_3_tp_2, Proteobacteria_7983_8_tp_2, Proteobacteria_8176_2_tp_2, Sagenista_61_1_tp_2",0.579189478018479,0.19726342194998
"Dinoflagellata_1009_1","Bacteroidetes_1224_1_tp_2, Bacteroidetes_919_2_tp_2, Cyanobacteria_48_1_tp_2, Dinoflagellata_1749_1_tp_2, Perkinsea_44_1_tp_2, Phylum_reps_1954_1_tp_2, Phylum_reps_2301_1_tp_2, Proteobacteria_11210_1_tp_2, Proteobacteria_9681_1_tp_2",0.509454924313569,0.203522215668983
"Dinoflagellata_1009_1","Bacteroidetes_1178_1_tp_2, Cercozoa_291_1_tp_2, Dinoflagellata_1198_1_tp_2, Dinoflagellata_1555_1_tp_2, Phylum_reps_2301_1_tp_2, Proteobacteria_11429_2_tp_2, Proteobacteria_8175_1_tp_2, Proteobacteria_9649_1_tp_2, Sagenista_53_1_tp_2",0.435554599511834,0.213388957595083
"Dinoflagellata_1009_1","Bacteroidetes_1194_1_tp_2, Bacteroidetes_131_1_tp_2, Haptophyta_148_1_tp_2, Proteobacteria_5461_1_tp_2, Proteobacteria_6847_1_tp_2, Proteobacteria_7230_3_tp_2, Proteobacteria_7983_7_tp_2, Proteobacteria_7983_8_tp_2, Proteobacteria_8178_1_tp_2",0.508602845090931,0.201504641392701
"Dinoflagellata_1009_1","Bacteroidetes_1235_1_tp_2, Ciliophora_403_1_tp_2, Cryptophyta_15_1_tp_2, Dinoflagellata_1658_1_tp_2, Phylum_reps_1985_1_tp_2, Planctomycetes_27_1_tp_2, Planctomycetes_61_1_tp_2, Proteobacteria_7983_3_tp_2, Verrucomicrobia_18_2_tp_2",0.511318629859517,0.201071045041532
"Dinoflagellata_1009_1","Bacillariophyta_100_1_tp_2, Bacteroidetes_1360_2_tp_2, Bacteroidetes_1360_4_tp_2, Bacteroidetes_918_5_tp_2, Bacteroidetes_919_1_tp_2, Cercozoa_23_1_tp_2, Cyanobacteria_85_1_tp_2, Dinoflagellata_955_1_tp_2, Proteobacteria_6384_1_tp_2",0.529431537574671,0.186354916001111
"Dinoflagellata_1009_1","Bacteroidetes_1167_1_tp_2, Bacteroidetes_1178_1_tp_2, Bacteroidetes_1360_3_tp_2, Bacteroidetes_918_5_tp_2, Cryptophyta_15_1_tp_2, Cyanobacteria_48_1_tp_2, Proteobacteria_11155_1_tp_2, Proteobacteria_7983_8_tp_2, Sagenista_61_1_tp_2",0.626823763582762,0.182419215040278
"Dinoflagellata_1009_1","Archaea_164_2_tp_2, Dinoflagellata_1010_1_tp_2, Dinoflagellata_1728_1_tp_2, Dinoflagellata_982_1_tp_2, Phylum_reps_2301_1_tp_2, Proteobacteria_11155_1_tp_2, Proteobacteria_7230_3_tp_2, Proteobacteria_7313_1_tp_2, temperature_tp_2",0.55005376797987,0.191300313561951
"Dinoflagellata_1009_1","Bacteroidetes_1360_2_tp_2, Bacteroidetes_1360_5_tp_2, Ciliophora_451_1_tp_2, Dinoflagellata_1658_1_tp_2, Div_reps_1600_2_tp_2, Proteobacteria_11155_1_tp_2, Proteobacteria_8176_1_tp_2, Sagenista_61_1_tp_2, Verrucomicrobia_22_1_tp_2",0.555676869299226,0.189428556753185
"Dinoflagellata_1009_1","Bacteroidetes_918_2_tp_2, Bacteroidetes_919_1_tp_2, Chlorophyta__streptophyta_833_1_tp_2, Ciliophora_280_1_tp_2, Dinoflagellata_1555_1_tp_2, Proteobacteria_10091_1_tp_2, Proteobacteria_11429_2_tp_2, Proteobacteria_6847_1_tp_2, Proteobacteria_7230_2_tp_2",0.516577639711118,0.215183090512099
"Dinoflagellata_1009_1","Bacillariophyta_138_1_tp_2, Bacillariophyta_196_1_tp_2, Ciliophora_451_1_tp_2, Dinoflagellata_1728_1_tp_2, Dinoflagellata_874_1_tp_2, Proteobacteria_10168_1_tp_2, Proteobacteria_11431_1_tp_2, Proteobacteria_5461_1_tp_2, Proteobacteria_8177_1_tp_2",0.557767504240654,0.197328492829105
"Dinoflagellata_1009_1","Actinobacteria_410_2_tp_2, Bacillariophyta_29_1_tp_2, Bacteroidetes_129_1_tp_2, Bacteroidetes_919_1_tp_2, Bacteroidetes_919_3_tp_2, Dinoflagellata_1711_1_tp_2, Perkinsea_44_1_tp_2, Proteobacteria_7982_2_tp_2, Proteobacteria_8177_1_tp_2",0.458891418420805,0.208249470148517
"Dinoflagellata_1009_1","Bacteroidetes_1167_1_tp_2, Dinoflagellata_1769_1_tp_2, Dinoflagellata_874_1_tp_2, Phylum_reps_2301_1_tp_2, Proteobacteria_6847_1_tp_2, Proteobacteria_7983_2_tp_2, Proteobacteria_8520_1_tp_2, Sagenista_61_1_tp_2, temperature_tp_2",0.562474155170774,0.190575486271154
"Dinoflagellata_1009_1","Bacillariophyta_196_1_tp_2, Bacteroidetes_1194_1_tp_2, Cryptophyta_15_1_tp_2, Haptophyta_148_1_tp_2, Proteobacteria_11428_1_tp_2, Proteobacteria_11429_1_tp_2, Proteobacteria_7166_1_tp_2, Proteobacteria_7983_6_tp_2, Sagenista_53_1_tp_2",0.493804585436301,0.197940949036053
"Dinoflagellata_1009_1","Actinobacteria_410_2_tp_2, Bacillariophyta_219_1_tp_2, Bacteroidetes_131_1_tp_2, Bacteroidetes_919_1_tp_2, Chlorophyta__streptophyta_845_1_tp_2, Dinoflagellata_124_1_tp_2, Dinoflagellata_1542_1_tp_2, Dinoflagellata_1711_1_tp_2, Proteobacteria_6384_1_tp_2",0.474647779500884,0.215441797022448
"Dinoflagellata_1009_1","Archaea_164_2_tp_2, Dinoflagellata_1098_1_tp_2, Dinoflagellata_1728_1_tp_2, Dinoflagellata_1968_1_tp_2, Haptophyta_203_1_tp_2, Perkinsea_33_1_tp_2, Planctomycetes_27_1_tp_2, Proteobacteria_11431_2_tp_2, Proteobacteria_7984_1_tp_2",0.603701637288572,0.183724149513343
"Dinoflagellata_1009_1","Bacillariophyta_31_1_tp_2, Chlorophyta__streptophyta_732_1_tp_2, Ciliophora_298_1_tp_2, Nitrospirae_9_1_tp_2, Proteobacteria_11120_1_tp_2, Proteobacteria_11431_1_tp_2, Proteobacteria_7230_1_tp_2, Verrucomicrobia_18_2_tp_2, Verrucomicrobia_22_2_tp_2",0.494981708580092,0.197183230769622
"Dinoflagellata_1009_1","Bacteroidetes_1224_1_tp_2, Bacteroidetes_1349_1_tp_2, Chlorophyta__streptophyta_120_1_tp_2, Ciliophora_403_1_tp_2, Dinoflagellata_1758_1_tp_2, Proteobacteria_11210_2_tp_2, Proteobacteria_7983_2_tp_2, Rhodophyta_506_1_tp_2, Sagenista_61_1_tp_2",0.559334164636925,0.197209373787605
"Dinoflagellata_1009_1","Bacteroidetes_1224_1_tp_2, Bacteroidetes_919_2_tp_2, Chlorophyta__streptophyta_833_1_tp_2, Div_reps_1600_2_tp_2, Phylum_reps_1954_1_tp_2, Proteobacteria_11120_1_tp_2, Proteobacteria_7295_1_tp_2, Proteobacteria_7983_1_tp_2, Proteobacteria_8177_2_tp_2",0.33218341512308,0.215737286002811
"Dinoflagellata_1009_1","Bacillariophyta_219_1_tp_2, Bacillariophyta_44_1_tp_2, Bacteroidetes_1166_2_tp_2, Bacteroidetes_1235_1_tp_2, Chlorophyta__streptophyta_120_1_tp_2, Dinoflagellata_1098_1_tp_2, Dinoflagellata_1749_1_tp_2, Proteobacteria_11120_1_tp_2, Proteobacteria_9681_1_tp_2",0.486886496145558,0.193336987409097
"Dinoflagellata_1009_1","Bacteroidetes_129_1_tp_2, Bacteroidetes_1360_4_tp_2, Bacteroidetes_317_1_tp_2, Bacteroidetes_918_2_tp_2, Dinoflagellata_1010_1_tp_2, Dinoflagellata_982_1_tp_2, Proteobacteria_10114_1_tp_2, Proteobacteria_8177_2_tp_2, Verrucomicrobia_23_1_tp_2",0.531011347215478,0.194515886145697
"Dinoflagellata_1009_1","Bacteroidetes_129_1_tp_2, Cryptophyta_108_1_tp_2, Dinoflagellata_1542_1_tp_2, Dinoflagellata_1555_1_tp_2, Dinoflagellata_1769_1_tp_2, Dinoflagellata_1771_1_tp_2, Proteobacteria_7295_1_tp_2, Proteobacteria_7314_1_tp_2, Radiolaria_104_1_tp_2",0.53571531714223,0.19459466830941
"Dinoflagellata_1009_1","Cercozoa_22_1_tp_2, Dinoflagellata_1098_1_tp_2, Dinoflagellata_1542_1_tp_2, Dinoflagellata_874_1_tp_2, Div_reps_2942_1_tp_2, Phylum_reps_1985_1_tp_2, Proteobacteria_11431_2_tp_2, Proteobacteria_7314_1_tp_2, Proteobacteria_8175_1_tp_2",0.56658266330888,0.193034065366721
"Dinoflagellata_1009_1","Bacillariophyta_31_1_tp_2, Bacteroidetes_918_3_tp_2, Bacteroidetes_938_1_tp_2, Ciliophora_298_1_tp_2, Dinoflagellata_1793_1_tp_2, Proteobacteria_10114_1_tp_2, Proteobacteria_7316_1_tp_2, Proteobacteria_8176_1_tp_2, Proteobacteria_8178_1_tp_2",0.471769714050496,0.203962279168996
"Dinoflagellata_1009_1","Bacillariophyta_138_1_tp_2, Bacteroidetes_1167_1_tp_2, Bacteroidetes_129_1_tp_2, Bacteroidetes_919_2_tp_2, Chlorophyta__streptophyta_833_1_tp_2, Dinoflagellata_1728_1_tp_2, Haptophyta_148_1_tp_2, Proteobacteria_5436_1_tp_2, Raphidophyceae_3_1_tp_2",0.518136173677855,0.205661366953984
"Dinoflagellata_1009_1","Actinobacteria_410_1_tp_2, Archaea_164_2_tp_2, Bacteroidetes_1360_1_tp_2, Ciliophora_234_1_tp_2, Dictyochophyceae_6_1_tp_2, Dinoflagellata_1198_1_tp_2, Perkinsea_44_1_tp_2, Proteobacteria_11429_3_tp_2, Proteobacteria_22_1_tp_2",0.595415332435456,0.187575551765897
"Dinoflagellata_1009_1","Bacillariophyta_100_1_tp_2, Bacteroidetes_1235_1_tp_2, Bacteroidetes_129_2_tp_2, Ciliophora_234_1_tp_2, Dinoflagellata_1198_1_tp_2, Dinoflagellata_1728_2_tp_2, Dinoflagellata_1771_1_tp_2, Proteobacteria_11155_2_tp_2, Proteobacteria_7314_1_tp_2",0.568815937429544,0.186134018710539
"Dinoflagellata_1009_1","Bacillariophyta_44_1_tp_2, Bacteroidetes_1186_1_tp_2, Bacteroidetes_1224_1_tp_2, Bacteroidetes_131_1_tp_2, Bacteroidetes_918_3_tp_2, Dinoflagellata_1496_1_tp_2, Dinoflagellata_1542_1_tp_2, Dinoflagellata_1771_2_tp_2, Picozoa_18_1_tp_2",0.510241068289833,0.199562649729294
"Dinoflagellata_1009_1","Bacteroidetes_1151_1_tp_2, Bacteroidetes_918_5_tp_2, Chlorophyta__streptophyta_751_1_tp_2, Dinoflagellata_124_1_tp_2, Proteobacteria_11429_2_tp_2, Proteobacteria_11429_3_tp_2, Proteobacteria_7231_1_tp_2, Proteobacteria_7983_2_tp_2, Proteobacteria_7983_6_tp_2",0.558434268746201,0.201653699704761
"Dinoflagellata_1009_1","Ciliophora_403_1_tp_2, Dinoflagellata_1010_1_tp_2, Dinoflagellata_1862_1_tp_2, Haptophyta_203_1_tp_2, Phylum_reps_1954_1_tp_2, Proteobacteria_7982_2_tp_2, Proteobacteria_7983_4_tp_2, Proteobacteria_9649_1_tp_2, Sagenista_61_1_tp_2",0.501408541269655,0.186292484103409
"Dinoflagellata_1009_1","Bacteroidetes_1224_1_tp_2, Bacteroidetes_1360_2_tp_2, Bacteroidetes_1360_4_tp_2, Dinoflagellata_982_1_tp_2, Div_reps_1600_2_tp_2, Proteobacteria_5436_1_tp_2, Proteobacteria_7230_1_tp_2, Proteobacteria_7295_1_tp_2, Proteobacteria_8185_1_tp_2",0.580440355126262,0.193633146673865
"Dinoflagellata_1009_1","Bacillariophyta_31_1_tp_2, Chlorophyta__streptophyta_751_1_tp_2, Chlorophyta__streptophyta_895_1_tp_2, Dinoflagellata_1769_1_tp_2, Planctomycetes_61_1_tp_2, Proteobacteria_11431_1_tp_2, Proteobacteria_8176_1_tp_2, Proteobacteria_9681_2_tp_2, Rhodophyta_506_1_tp_2",0.561973272404868,0.196179484253692
"Dinoflagellata_1009_1","Bacillariophyta_44_1_tp_2, Bacteroidetes_1166_1_tp_2, Bacteroidetes_1224_1_tp_2, Dinoflagellata_1771_1_tp_2, Katablepharidophyta_7_1_tp_2, Proteobacteria_11210_1_tp_2, Proteobacteria_7314_1_tp_2, Proteobacteria_7982_2_tp_2, Proteobacteria_7983_6_tp_2",0.458312198259303,0.205706294396141
"Dinoflagellata_1009_1","Archaea_164_2_tp_2, Bacillariophyta_29_1_tp_2, Cyanobacteria_65_1_tp_2, Phylum_reps_2301_1_tp_2, Proteobacteria_11155_1_tp_2, Proteobacteria_7983_1_tp_2, Proteobacteria_7983_4_tp_2, Proteobacteria_7983_7_tp_2, Sagenista_61_1_tp_2",0.503198673087206,0.200454556637414
"Dinoflagellata_1009_1","Archaea_164_1_tp_2, Bacteroidetes_129_2_tp_2, Bacteroidetes_1360_2_tp_2, Dinoflagellata_1728_1_tp_2, Proteobacteria_11431_1_tp_2, Proteobacteria_6847_1_tp_2, Proteobacteria_7231_1_tp_2, Sagenista_53_1_tp_2, Verrucomicrobia_22_2_tp_2",0.464073025066885,0.207018528307475
"Dinoflagellata_1009_1","Bacteroidetes_1186_1_tp_2, Bacteroidetes_918_4_tp_2, Cyanobacteria_73_1_tp_2, Dinoflagellata_124_1_tp_2, Proteobacteria_10168_1_tp_2, Proteobacteria_11428_1_tp_2, Proteobacteria_7230_1_tp_2, Proteobacteria_7364_1_tp_2, Pseudofungi_43_1_tp_2",0.480739441456387,0.203529880475699
"Dinoflagellata_1009_1","Bacteroidetes_1186_1_tp_2, Bacteroidetes_1264_1_tp_2, Bacteroidetes_1360_1_tp_2, Cryptophyta_15_1_tp_2, Katablepharidophyta_7_1_tp_2, Picozoa_6_1_tp_2, Proteobacteria_7289_1_tp_2, temperature_tp_2, Verrucomicrobia_18_2_tp_2",0.549275016810864,0.207029025874293
"Dinoflagellata_1009_1","Bacteroidetes_1186_1_tp_2, Bacteroidetes_1204_1_tp_2, Bacteroidetes_1235_1_tp_2, Bacteroidetes_1249_1_tp_2, Bacteroidetes_1264_1_tp_2, Bacteroidetes_1360_4_tp_2, Div_reps_1600_1_tp_2, Lobosa_11_1_tp_2, Planctomycetes_34_1_tp_2",0.573804090957004,0.183333066421613
"Dinoflagellata_1009_1","Bacteroidetes_1224_1_tp_2, Bacteroidetes_131_1_tp_2, Chlorophyta__streptophyta_895_1_tp_2, Proteobacteria_5436_1_tp_2, Proteobacteria_7230_1_tp_2, Proteobacteria_8176_2_tp_2, Raphidophyceae_3_1_tp_2, Verrucomicrobia_18_2_tp_2, Verrucomicrobia_23_1_tp_2",0.558626866101286,0.198852112448273
"Dinoflagellata_1009_1","Bacteroidetes_1224_1_tp_2, Bacteroidetes_1264_1_tp_2, Cercozoa_22_1_tp_2, Dinoflagellata_1014_1_tp_2, Dinoflagellata_1711_1_tp_2, Proteobacteria_7983_3_tp_2, Proteobacteria_7984_1_tp_2, Proteobacteria_8176_1_tp_2, Raphidophyceae_3_1_tp_2",0.414116576917709,0.210441390106669
"Dinoflagellata_1009_1","Archaea_179_1_tp_2, Bacteroidetes_129_1_tp_2, Ciliophora_234_1_tp_2, Dinoflagellata_955_1_tp_2, Katablepharidophyta_7_1_tp_2, Proteobacteria_6384_1_tp_2, Proteobacteria_9681_2_tp_2, Verrucomicrobia_18_1_tp_2, Verrucomicrobia_18_4_tp_2",0.491076702312666,0.194038478809777
"Dinoflagellata_1009_1","Bacillariophyta_29_1_tp_2, Bacillariophyta_44_1_tp_2, Bacteroidetes_1194_1_tp_2, Bacteroidetes_938_1_tp_2, Dinoflagellata_1098_1_tp_2, Dinoflagellata_874_1_tp_2, Picozoa_6_1_tp_2, Proteobacteria_8178_1_tp_2, Proteobacteria_9681_1_tp_2",0.447030667191441,0.207927290870196
"Dinoflagellata_1009_1","Chlorophyta__streptophyta_732_1_tp_2, Dinoflagellata_1728_1_tp_2, Perkinsea_33_1_tp_2, Picozoa_6_1_tp_2, Proteobacteria_10114_1_tp_2, Proteobacteria_11431_1_tp_2, Proteobacteria_7787_1_tp_2, Sagenista_61_1_tp_2, Verrucomicrobia_18_1_tp_2",0.576109964224147,0.184886464691845
"Dinoflagellata_1009_1","Bacillariophyta_138_1_tp_2, Bacteroidetes_1224_1_tp_2, Bacteroidetes_1349_1_tp_2, Bacteroidetes_919_2_tp_2, Chlorophyta__streptophyta_845_1_tp_2, Cyanobacteria_48_1_tp_2, Dinoflagellata_1771_2_tp_2, Katablepharidophyta_7_1_tp_2, Proteobacteria_11210_2_tp_2",0.571694243361781,0.212269093386762
"Dinoflagellata_1009_1","Archaea_164_2_tp_2, Bacteroidetes_918_1_tp_2, Cercozoa_22_1_tp_2, Dinoflagellata_124_1_tp_2, Dinoflagellata_1862_1_tp_2, Dinoflagellata_1968_1_tp_2, Picozoa_18_1_tp_2, Proteobacteria_11120_1_tp_2, Proteobacteria_7230_2_tp_2",0.621501367016812,0.174149013193468
"Dinoflagellata_1009_1","Archaea_164_1_tp_2, Bacillariophyta_123_1_tp_2, Bacteroidetes_131_1_tp_2, Cercozoa_291_1_tp_2, Dinoflagellata_1014_1_tp_2, Div_reps_1600_1_tp_2, Proteobacteria_11429_2_tp_2, Proteobacteria_11431_1_tp_2, Verrucomicrobia_23_1_tp_2",0.584810662845459,0.180330956626179
"Dinoflagellata_1009_1","Bacillariophyta_29_1_tp_2, Bacillariophyta_44_1_tp_2, Bacteroidetes_1360_4_tp_2, Bacteroidetes_317_1_tp_2, Chlorophyta__streptophyta_751_1_tp_2, Dinoflagellata_1862_1_tp_2, Perkinsea_44_1_tp_2, Proteobacteria_7983_1_tp_2, Sagenista_53_1_tp_2",0.404075046342379,0.21547969636915
"Dinoflagellata_1009_1","Actinobacteria_410_1_tp_2, Bacillariophyta_31_1_tp_2, Ciliophora_298_1_tp_2, Dinoflagellata_1198_1_tp_2, Dinoflagellata_1758_1_tp_2, Dinoflagellata_1769_1_tp_2, Katablepharidophyta_7_1_tp_2, Proteobacteria_7787_1_tp_2, Sagenista_53_1_tp_2",0.309563435277564,0.236647973426467
"Dinoflagellata_1009_1","Bacteroidetes_1186_1_tp_2, Bacteroidetes_129_1_tp_2, Bacteroidetes_317_1_tp_2, Dinoflagellata_1198_1_tp_2, Dinoflagellata_874_1_tp_2, Katablepharidophyta_7_1_tp_2, Proteobacteria_7230_3_tp_2, Proteobacteria_7314_1_tp_2, Proteobacteria_9649_1_tp_2",0.559571271190313,0.202068237092074
"Dinoflagellata_1009_1","Bacteroidetes_1235_1_tp_2, Bacteroidetes_919_1_tp_2, Cyanobacteria_48_1_tp_2, Dinoflagellata_1749_1_tp_2, Proteobacteria_11155_1_tp_2, Proteobacteria_11431_2_tp_2, Proteobacteria_5461_1_tp_2, Proteobacteria_6384_1_tp_2, Proteobacteria_7295_1_tp_2",0.590080540233432,0.183901470567254
"Dinoflagellata_1009_1","Bacillariophyta_138_1_tp_2, Bacteroidetes_1249_1_tp_2, Bacteroidetes_918_3_tp_2, Chlorophyta__streptophyta_120_1_tp_2, Dinoflagellata_1555_1_tp_2, Dinoflagellata_1758_1_tp_2, Proteobacteria_11431_2_tp_2, Proteobacteria_7982_2_tp_2, Pseudofungi_43_1_tp_2",0.624232335926496,0.175340831885101
"Dinoflagellata_1009_1","Bacillariophyta_44_1_tp_2, Bacteroidetes_1360_3_tp_2, Ciliophora_451_1_tp_2, Cryptophyta_15_2_tp_2, Nitrospirae_9_1_tp_2, Perkinsea_44_1_tp_2, Proteobacteria_7230_3_tp_2, Sagenista_61_1_tp_2, Verrucomicrobia_18_1_tp_2",0.486925989188262,0.196392978454983
"Dinoflagellata_1009_1","Bacillariophyta_196_1_tp_2, Bacillariophyta_219_1_tp_2, Bacteroidetes_919_2_tp_2, Dinoflagellata_955_1_tp_2, Proteobacteria_11190_1_tp_2, Proteobacteria_7314_1_tp_2, Pseudofungi_43_1_tp_2, Sagenista_53_1_tp_2, Sagenista_61_1_tp_2",0.333234639754689,0.231773088862186
"Dinoflagellata_1009_1","Bacteroidetes_1360_3_tp_2, Bacteroidetes_919_3_tp_2, Dinoflagellata_1014_1_tp_2, Dinoflagellata_1968_1_tp_2, Picozoa_18_1_tp_2, Proteobacteria_11429_2_tp_2, Proteobacteria_7100_1_tp_2, Proteobacteria_7983_1_tp_2, Rhodophyta_506_1_tp_2",0.47961055660042,0.210963926450576
"Dinoflagellata_1009_1","Bacillariophyta_196_1_tp_2, Phylum_reps_1954_1_tp_2, Proteobacteria_10091_1_tp_2, Proteobacteria_11431_1_tp_2, Proteobacteria_7982_1_tp_2, Proteobacteria_7983_4_tp_2, Proteobacteria_7983_8_tp_2, Pseudofungi_43_1_tp_2, Verrucomicrobia_18_3_tp_2",0.566842481916164,0.191915510058742
"Dinoflagellata_1009_1","Archaea_179_1_tp_2, Dinoflagellata_1496_1_tp_2, Dinoflagellata_1728_2_tp_2, Div_reps_2942_1_tp_2, Proteobacteria_7982_2_tp_2, Proteobacteria_7983_3_tp_2, Proteobacteria_7984_1_tp_2, Proteobacteria_8176_2_tp_2, Proteobacteria_8185_1_tp_2",0.565807937409558,0.187735265468071
"Dinoflagellata_1009_1","Bacillariophyta_100_1_tp_2, Bacteroidetes_1166_1_tp_2, Chlorophyta__streptophyta_751_1_tp_2, Dinoflagellata_1542_1_tp_2, Dinoflagellata_1749_1_tp_2, Nitrospirae_9_1_tp_2, Proteobacteria_11210_1_tp_2, Proteobacteria_11429_4_tp_2, Sagenista_53_1_tp_2",0.533220033893687,0.208487392596937
"Dinoflagellata_1009_1","Bacteroidetes_919_2_tp_2, Chrysophyceae_16_1_tp_2, Ciliophora_280_1_tp_2, Cryptophyta_108_1_tp_2, Cyanobacteria_48_1_tp_2, Dictyochophyceae_6_1_tp_2, Proteobacteria_11210_2_tp_2, Proteobacteria_7230_2_tp_2, Proteobacteria_7982_2_tp_2",0.527671058220033,0.204816870769731
"Dinoflagellata_1009_1","Bacteroidetes_918_4_tp_2, Chlorophyta__streptophyta_751_1_tp_2, Dinoflagellata_1862_1_tp_2, Div_reps_2942_1_tp_2, Perkinsea_33_1_tp_2, Proteobacteria_11120_1_tp_2, Proteobacteria_11429_1_tp_2, Proteobacteria_7982_2_tp_2, Proteobacteria_8175_1_tp_2",0.570626819077117,0.183043879701761
"Dinoflagellata_1009_1","Actinobacteria_410_2_tp_2, Bacteroidetes_1249_1_tp_2, Bacteroidetes_1360_2_tp_2, Bacteroidetes_918_2_tp_2, Ciliophora_1195_1_tp_2, Dinoflagellata_1014_1_tp_2, Proteobacteria_7364_1_tp_2, Proteobacteria_7982_1_tp_2, Verrucomicrobia_22_1_tp_2",0.634141243201892,0.171804112349049
"Dinoflagellata_1009_1","Bacteroidetes_1224_1_tp_2, Chlorophyta__streptophyta_895_1_tp_2, Dinoflagellata_1658_1_tp_2, Proteobacteria_10114_1_tp_2, Proteobacteria_11210_1_tp_2, Proteobacteria_22_1_tp_2, Proteobacteria_7982_1_tp_2, Rhodophyta_506_1_tp_2, Verrucomicrobia_18_3_tp_2",0.616106210076288,0.180297800997605
"Dinoflagellata_1009_1","Bacteroidetes_1166_1_tp_2, Ciliophora_280_1_tp_2, Dinoflagellata_1010_1_tp_2, Dinoflagellata_1771_1_tp_2, Proteobacteria_11210_2_tp_2, Proteobacteria_7174_1_tp_2, Proteobacteria_7289_1_tp_2, Proteobacteria_9649_1_tp_2, Radiolaria_104_1_tp_2",0.473681549151079,0.209470368948548
"Dinoflagellata_1009_1","Bacteroidetes_1178_1_tp_2, Bacteroidetes_919_3_tp_2, Cyanobacteria_48_1_tp_2, Cyanobacteria_73_1_tp_2, Dinoflagellata_124_1_tp_2, Proteobacteria_7983_5_tp_2, Proteobacteria_7983_8_tp_2, Proteobacteria_8520_1_tp_2, Verrucomicrobia_18_2_tp_2",0.515648584073135,0.200029068425462
"Dinoflagellata_1009_1","Bacteroidetes_1194_1_tp_2, Bacteroidetes_1264_1_tp_2, Bacteroidetes_919_2_tp_2, Cercozoa_23_1_tp_2, Chlorophyta__streptophyta_732_1_tp_2, Chrysophyceae_16_1_tp_2, Div_reps_1600_2_tp_2, Proteobacteria_10114_1_tp_2, Proteobacteria_8185_1_tp_2",0.640546904077413,0.171846670679062
"Dinoflagellata_1009_1","Bacteroidetes_1166_2_tp_2, Bacteroidetes_1178_1_tp_2, Bacteroidetes_918_2_tp_2, Bacteroidetes_918_3_tp_2, Cercozoa_23_1_tp_2, Cryptophyta_15_1_tp_2, Phylum_reps_1985_1_tp_2, Planctomycetes_61_1_tp_2, Proteobacteria_7983_1_tp_2",0.567802250064743,0.186322205785216
"Dinoflagellata_1009_1","Bacillariophyta_44_1_tp_2, Bacteroidetes_919_1_tp_2, Ciliophora_1195_1_tp_2, Ciliophora_403_1_tp_2, Cyanobacteria_48_1_tp_2, Cyanobacteria_73_1_tp_2, Dinoflagellata_1017_1_tp_2, Dinoflagellata_1555_1_tp_2, Verrucomicrobia_23_1_tp_2",0.51499007242671,0.195617151381661
"Dinoflagellata_1009_1","Actinobacteria_410_2_tp_2, Bacteroidetes_1360_1_tp_2, Cercozoa_22_1_tp_2, Ciliophora_403_1_tp_2, Proteobacteria_7100_1_tp_2, Proteobacteria_7166_1_tp_2, Proteobacteria_7295_1_tp_2, Proteobacteria_7983_4_tp_2, Proteobacteria_8185_1_tp_2",0.478229913048512,0.192636218573651
"Dinoflagellata_1009_1","Archaea_179_1_tp_2, Bacillariophyta_196_1_tp_2, Bacillariophyta_219_1_tp_2, Bacteroidetes_1167_1_tp_2, Bacteroidetes_1194_1_tp_2, Bacteroidetes_919_3_tp_2, Phylum_reps_2301_1_tp_2, Proteobacteria_11429_3_tp_2, Proteobacteria_7231_1_tp_2",0.540020297737832,0.190633026694597
"Dinoflagellata_1009_1","Bacillariophyta_100_1_tp_2, Dictyochophyceae_6_1_tp_2, Dinoflagellata_1098_1_tp_2, Haptophyta_203_1_tp_2, Proteobacteria_7314_1_tp_2, Proteobacteria_7983_2_tp_2, Proteobacteria_7983_4_tp_2, Proteobacteria_7983_5_tp_2, Verrucomicrobia_18_2_tp_2",0.544982586485241,0.194869110999867
"Dinoflagellata_1009_1","Bacteroidetes_1166_1_tp_2, Bacteroidetes_918_4_tp_2, Dinoflagellata_1014_1_tp_2, Dinoflagellata_124_1_tp_2, Dinoflagellata_1542_1_tp_2, Div_reps_2942_1_tp_2, Proteobacteria_11155_1_tp_2, Proteobacteria_7983_3_tp_2, Raphidophyceae_3_1_tp_2",0.377733595406812,0.222889284259268
"Dinoflagellata_1009_1","Bacteroidetes_129_1_tp_2, Bacteroidetes_1360_4_tp_2, Bacteroidetes_919_1_tp_2, Cercozoa_395_1_tp_2, Dictyochophyceae_6_1_tp_2, Dinoflagellata_1728_1_tp_2, Proteobacteria_11155_1_tp_2, Proteobacteria_22_1_tp_2, Verrucomicrobia_22_2_tp_2",0.476670270524383,0.199516214655048
"Dinoflagellata_1009_1","Bacteroidetes_1349_1_tp_2, Cercozoa_291_1_tp_2, Chlorophyta__streptophyta_120_1_tp_2, Chlorophyta__streptophyta_848_1_tp_2, Phylum_reps_2301_1_tp_2, Proteobacteria_11190_1_tp_2, Proteobacteria_11428_1_tp_2, Proteobacteria_8520_1_tp_2, Verrucomicrobia_18_4_tp_2",0.486741543394013,0.185017989334864
"Dinoflagellata_1009_1","Archaea_164_2_tp_2, Bacteroidetes_918_3_tp_2, Cercozoa_22_1_tp_2, Cryptophyta_15_1_tp_2, Phylum_reps_1985_1_tp_2, Picozoa_18_1_tp_2, Planctomycetes_27_1_tp_2, Proteobacteria_11428_1_tp_2, Proteobacteria_7982_2_tp_2",0.600765103655927,0.182523561611609
"Dinoflagellata_1009_1","Actinobacteria_410_1_tp_2, Bacteroidetes_1360_4_tp_2, Cercozoa_291_1_tp_2, Chlorophyta__streptophyta_732_1_tp_2, Chrysophyceae_16_1_tp_2, Ciliophora_280_1_tp_2, Haptophyta_148_1_tp_2, Proteobacteria_11429_1_tp_2, Proteobacteria_7983_7_tp_2",0.533040213922287,0.197993077319487
"Dinoflagellata_1009_1","Bacteroidetes_1151_1_tp_2, Bacteroidetes_1224_1_tp_2, Bacteroidetes_918_3_tp_2, Chlorophyta__streptophyta_848_1_tp_2, Dinoflagellata_1098_1_tp_2, Dinoflagellata_1771_1_tp_2, Haptophyta_148_1_tp_2, Proteobacteria_7983_4_tp_2, Verrucomicrobia_18_1_tp_2",0.516097461863026,0.193590854211078
"Dinoflagellata_1009_1","Bacteroidetes_1151_1_tp_2, Bacteroidetes_129_1_tp_2, Bacteroidetes_956_1_tp_2, Cryptophyta_15_1_tp_2, Dinoflagellata_1496_1_tp_2, Div_reps_1600_2_tp_2, Nitrospirae_9_1_tp_2, Proteobacteria_11429_4_tp_2, Proteobacteria_7982_2_tp_2",0.476781664542064,0.208228794388162
"Dinoflagellata_1009_1","Bacteroidetes_1204_1_tp_2, Chlorophyta__streptophyta_732_1_tp_2, Phylum_reps_1954_1_tp_2, Planctomycetes_27_1_tp_2, Proteobacteria_7166_1_tp_2, Proteobacteria_7314_1_tp_2, Proteobacteria_8520_1_tp_2, Proteobacteria_9681_2_tp_2, Radiolaria_104_1_tp_2",0.331420624596584,0.208369899597057
"Dinoflagellata_1009_1","Bacteroidetes_1235_1_tp_2, Bacteroidetes_918_3_tp_2, Bacteroidetes_919_1_tp_2, Cyanobacteria_65_1_tp_2, Dinoflagellata_1728_1_tp_2, Dinoflagellata_1862_1_tp_2, Nitrospirae_9_1_tp_2, Proteobacteria_9681_2_tp_2, Verrucomicrobia_18_3_tp_2",0.608149848267975,0.179623666737267
"Dinoflagellata_1009_1","Bacillariophyta_100_1_tp_2, Bacteroidetes_317_1_tp_2, Bacteroidetes_918_5_tp_2, Dinoflagellata_1542_1_tp_2, Planctomycetes_34_1_tp_2, Proteobacteria_11120_1_tp_2, Proteobacteria_11429_4_tp_2, Proteobacteria_7230_3_tp_2, Verrucomicrobia_22_2_tp_2",0.567711022984556,0.190229867766157
"Dinoflagellata_1009_1","Bacteroidetes_129_2_tp_2, Bacteroidetes_1360_1_tp_2, Bacteroidetes_317_1_tp_2, Bacteroidetes_919_2_tp_2, Chlorophyta__streptophyta_751_1_tp_2, Dinoflagellata_124_1_tp_2, Nitrospirae_9_1_tp_2, Planctomycetes_61_1_tp_2, Proteobacteria_7100_1_tp_2",0.491815932597602,0.202799665680593
"Dinoflagellata_1009_1","Bacteroidetes_1194_1_tp_2, Bacteroidetes_1360_5_tp_2, Chlorophyta__streptophyta_751_1_tp_2, Chlorophyta__streptophyta_845_1_tp_2, Dinoflagellata_1968_1_tp_2, Dinoflagellata_955_1_tp_2, Proteobacteria_6384_1_tp_2, Proteobacteria_7982_1_tp_2, Verrucomicrobia_18_1_tp_2",0.630739373697864,0.177540886104291
"Dinoflagellata_1009_1","Bacillariophyta_100_1_tp_2, Bacteroidetes_131_1_tp_2, Cyanobacteria_73_1_tp_2, Dinoflagellata_1014_1_tp_2, Lobosa_11_1_tp_2, Proteobacteria_7230_1_tp_2, Proteobacteria_7314_1_tp_2, Proteobacteria_7983_1_tp_2, Proteobacteria_7983_8_tp_2",0.458639897655319,0.207078068522209
"Dinoflagellata_1009_1","Bacillariophyta_123_1_tp_2, Bacteroidetes_1349_1_tp_2, Bacteroidetes_918_4_tp_2, Dinoflagellata_1010_1_tp_2, Dinoflagellata_1555_1_tp_2, Dinoflagellata_1711_1_tp_2, Dinoflagellata_1749_1_tp_2, Dinoflagellata_1771_2_tp_2, Phylum_reps_2301_1_tp_2",0.437740075862617,0.207853371863469
"Dinoflagellata_1009_1","Bacteroidetes_956_1_tp_2, Chlorophyta__streptophyta_833_1_tp_2, Ciliophora_451_1_tp_2, Div_reps_2942_1_tp_2, Proteobacteria_10114_1_tp_2, Proteobacteria_7174_1_tp_2, Proteobacteria_7230_2_tp_2, Proteobacteria_8176_2_tp_2, Pseudofungi_43_1_tp_2",0.438150655571463,0.217882878404192
"Dinoflagellata_1009_1","Bacillariophyta_44_1_tp_2, Chlorophyta__streptophyta_120_1_tp_2, Dinoflagellata_1014_1_tp_2, Haptophyta_148_1_tp_2, Proteobacteria_11155_1_tp_2, Proteobacteria_11431_1_tp_2, Proteobacteria_7230_2_tp_2, Proteobacteria_7230_3_tp_2, Proteobacteria_7983_4_tp_2",0.435930722716747,0.20620259609016
"Dinoflagellata_1009_1","Bacteroidetes_1224_1_tp_2, Dinoflagellata_1014_1_tp_2, Dinoflagellata_1769_1_tp_2, Dinoflagellata_1968_1_tp_2, Haptophyta_148_1_tp_2, Phylum_reps_1954_1_tp_2, Proteobacteria_11429_3_tp_2, Proteobacteria_6847_1_tp_2, Proteobacteria_7983_2_tp_2",0.576143853076286,0.184628115960382
"Dinoflagellata_1009_1","Bacillariophyta_196_1_tp_2, Bacillariophyta_44_1_tp_2, Ciliophora_298_1_tp_2, Dinoflagellata_1198_1_tp_2, Proteobacteria_7100_1_tp_2, Proteobacteria_7314_1_tp_2, Proteobacteria_7983_5_tp_2, Proteobacteria_8177_1_tp_2, temperature_tp_2",0.43993193601437,0.217356526737787
"Dinoflagellata_1009_1","Bacillariophyta_100_1_tp_2, Bacillariophyta_29_1_tp_2, Chlorophyta__streptophyta_732_1_tp_2, Dinoflagellata_1542_1_tp_2, Dinoflagellata_955_1_tp_2, Lobosa_11_1_tp_2, Phylum_reps_2301_1_tp_2, Proteobacteria_11429_2_tp_2, Proteobacteria_7983_4_tp_2",0.460504609050504,0.205143976763761
