"intercept","Bacillariophyta_31_1_tp_2","temperature_tp_2","Actinobacteria_410_1_tp_2","Actinobacteria_410_2_tp_2","Archaea_164_1_tp_2","Archaea_164_2_tp_2","Archaea_179_1_tp_2","Bacillariophyta_100_1_tp_2","Bacillariophyta_123_1_tp_2","Bacillariophyta_138_1_tp_2","Bacillariophyta_196_1_tp_2","Bacillariophyta_219_1_tp_2","Bacillariophyta_29_1_tp_2","Bacillariophyta_44_1_tp_2","Bacteroidetes_1151_1_tp_2","Bacteroidetes_1166_1_tp_2","Bacteroidetes_1166_2_tp_2","Bacteroidetes_1167_1_tp_2","Bacteroidetes_1178_1_tp_2","Bacteroidetes_1186_1_tp_2","Bacteroidetes_1194_1_tp_2","Bacteroidetes_1204_1_tp_2","Bacteroidetes_1224_1_tp_2","Bacteroidetes_1235_1_tp_2","Bacteroidetes_1249_1_tp_2","Bacteroidetes_1264_1_tp_2","Bacteroidetes_129_1_tp_2","Bacteroidetes_129_2_tp_2","Bacteroidetes_131_1_tp_2","Bacteroidetes_1349_1_tp_2","Bacteroidetes_1360_1_tp_2","Bacteroidetes_1360_2_tp_2","Bacteroidetes_1360_3_tp_2","Bacteroidetes_1360_4_tp_2","Bacteroidetes_1360_5_tp_2","Bacteroidetes_317_1_tp_2","Bacteroidetes_918_1_tp_2","Bacteroidetes_918_2_tp_2","Bacteroidetes_918_3_tp_2","Bacteroidetes_918_4_tp_2","Bacteroidetes_918_5_tp_2","Bacteroidetes_919_1_tp_2","Bacteroidetes_919_2_tp_2","Bacteroidetes_919_3_tp_2","Bacteroidetes_938_1_tp_2","Bacteroidetes_956_1_tp_2","Cercozoa_22_1_tp_2","Cercozoa_23_1_tp_2","Cercozoa_291_1_tp_2","Cercozoa_395_1_tp_2","Chlorophyta__streptophyta_120_1_tp_2","Chlorophyta__streptophyta_732_1_tp_2","Chlorophyta__streptophyta_751_1_tp_2","Chlorophyta__streptophyta_833_1_tp_2","Chlorophyta__streptophyta_845_1_tp_2","Chlorophyta__streptophyta_848_1_tp_2","Chlorophyta__streptophyta_895_1_tp_2","Chrysophyceae_16_1_tp_2","Ciliophora_1195_1_tp_2","Ciliophora_234_1_tp_2","Ciliophora_280_1_tp_2","Ciliophora_298_1_tp_2","Ciliophora_403_1_tp_2","Ciliophora_451_1_tp_2","Cryptophyta_108_1_tp_2","Cryptophyta_15_1_tp_2","Cryptophyta_15_2_tp_2","Cyanobacteria_48_1_tp_2","Cyanobacteria_65_1_tp_2","Cyanobacteria_73_1_tp_2","Cyanobacteria_85_1_tp_2","Dictyochophyceae_6_1_tp_2","Dinoflagellata_1009_1_tp_2","Dinoflagellata_1010_1_tp_2","Dinoflagellata_1014_1_tp_2","Dinoflagellata_1017_1_tp_2","Dinoflagellata_1098_1_tp_2","Dinoflagellata_1198_1_tp_2","Dinoflagellata_124_1_tp_2","Dinoflagellata_1496_1_tp_2","Dinoflagellata_1542_1_tp_2","Dinoflagellata_1555_1_tp_2","Dinoflagellata_1658_1_tp_2","Dinoflagellata_1711_1_tp_2","Dinoflagellata_1728_1_tp_2","Dinoflagellata_1728_2_tp_2","Dinoflagellata_1749_1_tp_2","Dinoflagellata_1758_1_tp_2","Dinoflagellata_1769_1_tp_2","Dinoflagellata_1771_1_tp_2","Dinoflagellata_1771_2_tp_2","Dinoflagellata_1793_1_tp_2","Dinoflagellata_1862_1_tp_2","Dinoflagellata_1968_1_tp_2","Dinoflagellata_874_1_tp_2","Dinoflagellata_955_1_tp_2","Dinoflagellata_982_1_tp_2","Div_reps_1600_1_tp_2","Div_reps_1600_2_tp_2","Div_reps_2942_1_tp_2","Haptophyta_148_1_tp_2","Haptophyta_203_1_tp_2","Katablepharidophyta_7_1_tp_2","Lobosa_11_1_tp_2","Nitrospirae_9_1_tp_2","Perkinsea_33_1_tp_2","Perkinsea_44_1_tp_2","Phylum_reps_1954_1_tp_2","Phylum_reps_1985_1_tp_2","Phylum_reps_2301_1_tp_2","Picozoa_18_1_tp_2","Picozoa_6_1_tp_2","Planctomycetes_27_1_tp_2","Planctomycetes_34_1_tp_2","Planctomycetes_61_1_tp_2","Proteobacteria_10091_1_tp_2","Proteobacteria_10114_1_tp_2","Proteobacteria_10168_1_tp_2","Proteobacteria_11120_1_tp_2","Proteobacteria_11155_1_tp_2","Proteobacteria_11155_2_tp_2","Proteobacteria_11190_1_tp_2","Proteobacteria_11210_1_tp_2","Proteobacteria_11210_2_tp_2","Proteobacteria_11428_1_tp_2","Proteobacteria_11429_1_tp_2","Proteobacteria_11429_2_tp_2","Proteobacteria_11429_3_tp_2","Proteobacteria_11429_4_tp_2","Proteobacteria_11431_1_tp_2","Proteobacteria_11431_2_tp_2","Proteobacteria_22_1_tp_2","Proteobacteria_5436_1_tp_2","Proteobacteria_5461_1_tp_2","Proteobacteria_6384_1_tp_2","Proteobacteria_6847_1_tp_2","Proteobacteria_7100_1_tp_2","Proteobacteria_7166_1_tp_2","Proteobacteria_7174_1_tp_2","Proteobacteria_7230_1_tp_2","Proteobacteria_7230_2_tp_2","Proteobacteria_7230_3_tp_2","Proteobacteria_7231_1_tp_2","Proteobacteria_7289_1_tp_2","Proteobacteria_7295_1_tp_2","Proteobacteria_7313_1_tp_2","Proteobacteria_7314_1_tp_2","Proteobacteria_7316_1_tp_2","Proteobacteria_7319_1_tp_2","Proteobacteria_7364_1_tp_2","Proteobacteria_7787_1_tp_2","Proteobacteria_7982_1_tp_2","Proteobacteria_7982_2_tp_2","Proteobacteria_7983_1_tp_2","Proteobacteria_7983_2_tp_2","Proteobacteria_7983_3_tp_2","Proteobacteria_7983_4_tp_2","Proteobacteria_7983_5_tp_2","Proteobacteria_7983_6_tp_2","Proteobacteria_7983_7_tp_2","Proteobacteria_7983_8_tp_2","Proteobacteria_7984_1_tp_2","Proteobacteria_8175_1_tp_2","Proteobacteria_8176_1_tp_2","Proteobacteria_8176_2_tp_2","Proteobacteria_8177_1_tp_2","Proteobacteria_8177_2_tp_2","Proteobacteria_8178_1_tp_2","Proteobacteria_8185_1_tp_2","Proteobacteria_8520_1_tp_2","Proteobacteria_9649_1_tp_2","Proteobacteria_9681_1_tp_2","Proteobacteria_9681_2_tp_2","Pseudofungi_43_1_tp_2","Radiolaria_104_1_tp_2","Raphidophyceae_3_1_tp_2","Rhodophyta_506_1_tp_2","Sagenista_53_1_tp_2","Sagenista_61_1_tp_2","Verrucomicrobia_18_1_tp_2","Verrucomicrobia_18_2_tp_2","Verrucomicrobia_18_3_tp_2","Verrucomicrobia_18_4_tp_2","Verrucomicrobia_22_1_tp_2","Verrucomicrobia_22_2_tp_2","Verrucomicrobia_23_1_tp_2"
NA,NA,NA,NA,NA,NA,NA,NA,NA,NA,NA,NA,NA,NA,NA,NA,NA,NA,NA,NA,NA,NA,NA,NA,NA,NA,NA,NA,NA,NA,NA,NA,NA,NA,NA,NA,NA,NA,NA,NA,NA,NA,NA,NA,NA,NA,NA,NA,NA,NA,NA,NA,NA,NA,NA,NA,NA,NA,NA,NA,NA,NA,NA,NA,NA,NA,NA,NA,NA,NA,NA,NA,NA,NA,NA,NA,NA,NA,NA,NA,NA,NA,NA,NA,NA,NA,NA,NA,NA,NA,NA,NA,NA,NA,NA,NA,NA,NA,NA,NA,NA,NA,NA,NA,NA,NA,NA,NA,NA,NA,NA,NA,NA,NA,NA,NA,NA,NA,NA,NA,NA,NA,NA,NA,NA,NA,NA,NA,NA,NA,NA,NA,NA,NA,NA,NA,NA,NA,NA,NA,NA,NA,NA,NA,NA,NA,NA,NA,NA,NA,NA,NA,NA,NA,NA,NA,NA,NA,NA,NA,NA,NA,NA,NA,NA,NA,NA,NA,NA,NA,NA,NA,NA,NA,NA,NA,NA,NA,NA,NA,NA,NA,NA,NA,NA,NA,NA
NA,NA,NA,NA,NA,NA,NA,NA,NA,NA,NA,NA,NA,NA,NA,NA,NA,NA,NA,NA,NA,NA,NA,NA,NA,NA,NA,NA,NA,NA,NA,NA,NA,NA,NA,NA,NA,NA,NA,NA,NA,NA,NA,NA,NA,NA,NA,NA,NA,NA,NA,NA,NA,NA,NA,NA,NA,NA,NA,NA,NA,NA,NA,NA,NA,NA,NA,NA,NA,NA,NA,NA,NA,NA,NA,NA,NA,NA,NA,NA,NA,NA,NA,NA,NA,NA,NA,NA,NA,NA,NA,NA,NA,NA,NA,NA,NA,NA,NA,NA,NA,NA,NA,NA,NA,NA,NA,NA,NA,NA,NA,NA,NA,NA,NA,NA,NA,NA,NA,NA,NA,NA,NA,NA,NA,NA,NA,NA,NA,NA,NA,NA,NA,NA,NA,NA,NA,NA,NA,NA,NA,NA,NA,NA,NA,NA,NA,NA,NA,NA,NA,NA,NA,NA,NA,NA,NA,NA,NA,NA,NA,NA,NA,NA,NA,NA,NA,NA,NA,NA,NA,NA,NA,NA,NA,NA,NA,NA,NA,NA,NA,NA,NA,NA,NA,NA,NA
0.00053208210821147,0.65452775356809,0,0,0,0.0278263839645795,0,0,0,0,0,-0.00254696142573291,0,0,0,0,0,0.0291466023394025,0,-0.00439014721283741,0,0,0,0,0,0,0,0,0,0,0,0,0,0,0,0,0,0,0,0,0.0231175732859521,0,0,0,0,0.00568620874070696,0,0,0,0,0.097641903853883,0,0.0109117748583856,0,0.0180067046447303,0,0,0,0,0,0,0,0.0674765480697205,0,0,0,0.00577676960880465,0,0,0,0,0,0,0,0,0,0,0,-0.0137788229609048,0,0,0,0,0,0,0,0.00182199520183336,0,0,0,0,-0.00459502232164469,0,0,0,0,0,0.0272809191739237,0,0,0,0,0,0,0,0,0,0,0,-0.0104298473822514,0,0,0,0,0,0,0,-0.00509405758238119,0,0,0,0,0,0,0,0,0,0,0,0,0,0,0,0,0,0,0.0040426547299265,0,0,0,0.00292483590164384,0,0,0,0,0,0,0,0,0,0,0,0,0,0,0,0,0,0,0,0,0,0,0,0,0,0,0,0,0,0,0,0,0,0,0,0,0,0,0,0,0,0,0,0,0,0
NA,NA,NA,NA,NA,NA,NA,NA,NA,NA,NA,NA,NA,NA,NA,NA,NA,NA,NA,NA,NA,NA,NA,NA,NA,NA,NA,NA,NA,NA,NA,NA,NA,NA,NA,NA,NA,NA,NA,NA,NA,NA,NA,NA,NA,NA,NA,NA,NA,NA,NA,NA,NA,NA,NA,NA,NA,NA,NA,NA,NA,NA,NA,NA,NA,NA,NA,NA,NA,NA,NA,NA,NA,NA,NA,NA,NA,NA,NA,NA,NA,NA,NA,NA,NA,NA,NA,NA,NA,NA,NA,NA,NA,NA,NA,NA,NA,NA,NA,NA,NA,NA,NA,NA,NA,NA,NA,NA,NA,NA,NA,NA,NA,NA,NA,NA,NA,NA,NA,NA,NA,NA,NA,NA,NA,NA,NA,NA,NA,NA,NA,NA,NA,NA,NA,NA,NA,NA,NA,NA,NA,NA,NA,NA,NA,NA,NA,NA,NA,NA,NA,NA,NA,NA,NA,NA,NA,NA,NA,NA,NA,NA,NA,NA,NA,NA,NA,NA,NA,NA,NA,NA,NA,NA,NA,NA,NA,NA,NA,NA,NA,NA,NA,NA,NA,NA,NA
0.000907840339707316,0.722393900189702,-0.0137239854362125,0,0,0.0328718039448843,0,0,0,0,0,-0.00947136743094448,0,0,0,0,0,0.00755575303637659,0,-0.0169590406851432,0,0,0,0,0,0,0,0,0,0,0,0,0,0,0,0,0,0,0,0,0.00412779031501007,0,0,0,0,0,0,0,0,0,0.0538730178018525,0,0.00250813315130902,0,0,0,0,0,0,0,0,0,0,0,0,0,0,0,0,0,0,0.0045409975318943,0,0,0,0,0,0,-0.0199972607482611,0,0,0,0,0,-0.0142166116370985,0,0.00964663308066913,0,0,0,0,0,0,0,0,0,0,0.0454593547467283,0,0,0,0,0,0,0,0,0,0,0,-0.0215643610111662,0,0,0,0,0,0,0,-0.00745293271014947,0,0,0,0,0,0,0,0,0,0,0,0,0,0,0,0,0,0,0,0,0,0,0,0,0,0,0,0,0,0,0,0,-0.000212838340168847,0,0,0,0,0,0,0,0,0,0,0,-0.00112803271895238,0,0,0,0,0,0,0,0,0,0,0,0,0,0,0,0,0.00125068228253116,0,0,0,0,0,0,-0.0144439887234452
0.0000346523192171107,0.452755232115275,0,0,0,0.0641193747409863,0,0,0,0,0,-0.0315904076280076,0,0.112586932018213,0,0,0,0.0583086109959071,0,-0.00139112383304403,0,0,0,0,0,0,0,0,0,0,0,0,0,0,0,0,0,0,0,0,0.0321204347522086,0,0,0,0,0,0,0,-0.0137998401929103,0,0.170412319991732,-0.0173994284322475,0.0284463149113817,0.0101287891590251,0,0,0,0,0,0,0,0,0.362509456886021,-0.012811722160914,0,0,0.0152604121727874,0,0,0,0,0,0,0,0,0,0,0,-0.0211174087590771,0,0,0,0,-0.0168601171743969,-0.0297379547764734,0,0.0156579100236318,0,0,0,0,-0.0247788412625862,0,0,0,0,-0.000385268684768869,0.015218999794584,0,0,0,-0.00171829321005166,0,0,0,0,-0.0199931067664438,0,0,-0.000996956219968647,0.0124269711817934,0,0,0,0,0,0,-0.0209502539628005,0,0,0,0,0,0,0,0,0,0,0,0,0,0,0,0,0,0,0.0423800502181869,0,0,0,0.036761102780463,0,0,0,0,0,0,0,0,0,0,0,0.0449251294625595,0,0,0,0,0,0,0,0,0,0,0,0,0,0,0,0,0,0,-0.00158401547184894,0,0,0,0,0,0,0,0,-0.0193117430298101,0,0,0,0,0,-0.0121610135296951
0.000620765686926788,0.642352124478873,-0.0139739978579165,0,0,0.0239129870576014,0,0,0,0,0,-0.0247493767599184,0,0,0,0,0,0.0151725933064227,0,-0.00443530374451915,0,0,0,0,0,0,0,0,0,0,0,0,0,0,0,0,0,0,0,0,0.011822731986061,0,0,0,0,0,0,0,0,0,0.00187955973260016,0,0,0,0,0,0,0,0,0,-0.0263259187130958,0,0,0,0,0,0,0,0,0,0,0.000618153586085183,0,0,0,0,0,0,-0.0250241118828637,0,0,0.042515196989694,0,0,-0.00883946071465254,0,0,0,0,0,0,0,0,-0.00703530817977947,0,0,0,0.0226802201765403,0,0,0,0,0,0,0,0,0,0,0,-0.00796449168130619,0,0,0,0,0,0,0,0,0,0.00410916120837845,0,0,0,0,0,0,0,0,0,0,0,0,0,0,0,0,0,0,0,0,0,0,0,0,0,0,0,0,0,0,0,0,0,0,0,0,0,0,0,0,0,0,0,0,0,0,0,0,0,0,0,0,0,0,0,0,0,0,0,0,0,0,0,0,0,0,0
-0.0000768216764423756,0.293613261485759,-0.00699149022472666,0,0,0.057859208310526,0,0,0,0,0,-0.0138186171143441,0,0.0148109105091721,0,0,0,0.0510166362995441,0,-0.0110810346380948,0,0,-0.0048307546423961,0,0,0,0,0,0,0,0,0,0,0,0,0,0,0,0,0,0.0319671926831342,0,0,0,0,0,0,0,0,0,0.074701064231589,0,0.0108962249081446,0,0,0.00440113068897611,0,0,0,0,0,0,0,0,0,0,0,0,0,0,0,0,0,0,0,0,0,0,-0.0332697940334384,0,0,0.022037309910359,0,0,0,0,0,0,-0.00502281472891981,-0.00104470975554759,0,0,0,0,0,0,0,0,0,0,0,-0.0223484437314207,-0.0202445874081692,0,0,0,0,0,0,-0.0217831860853932,0,0,0,0,0,0,0,-0.00348153424495988,0,0,0,0,0,0,0,0,0,0,0,0,0,0,0,0,-0.00219748525065711,0,0.0503268376873296,0,0,0,0.0356309286402239,0,0,0,0,0,0,0,0,0,0,0,0.0287763104698416,0,0,0,0,0,0,0,0,0,0,0,0,0,0,0,0,0,0,0,0,0,0,0,0,0,0,0,0,0,0,0,0,0,-0.000215729610019645
0.0000130525565350294,0.414329298477609,-0.031944094352748,0,0,0.0782057246664169,0,0,0,0,0,-0.0526375633145127,0,0.00644112437904123,0,0,0,0.0387712920489151,0,0,0,0,0,0,0,0,0,0,0.0204494510309611,0.0117221267041635,0,0,0,0,0,0,0,0,0,0,0,0,0,0,0,0,0,0,0,0,0,0,0,0,0,0,0,0,0,0,0,0,0,0,0,0,0,0,-0.01266760785295,0,0,0,0,0,0,0,0,0,-0.00336343132908735,0,0,0.0550889470316988,0,0,-0.00929335098966858,0,0,0,-0.0120553833659744,0,0,-0.000306827923432412,0.0477350428210388,0,0,-0.0173709523696202,0,0,0,0,0,-0.0297591344159228,0,0,0,0,-0.0189750489292966,0,0,-0.0435279719028187,0,-0.0166454091992202,0,0,0,0,0,0,0,0,0,0,0,0,0,0,0,0,0,0,0.0166104450473047,0,0,0,0,0,0.0730138941268218,0,0,0,0.0585565024886879,0,0,0,0,0,0,-0.0055662129926108,0,0,0,0,0,0,0,0,0,0,0,0,0,0,0,0,0,0,0,0,0,0,0,-0.0076734607854461,0,0,0,0,0,0,0,0,0,0,0,0,-0.00325711419610771,0,0
-0.0000769182567729378,0.630468168906606,0,0,0,0,0,0,0,0,0,0,0,0,0,0,0,0,0,0,0,0,0,0,0,0,0,0,0,0,0,0,0,0,0,0,0,0,0,0,0,0,0,0,0,0,0,0,0,0,0,0,0,0,0,0,0,0,0,0,0,0,0,0,0,0,0,0,0,0,0,0,0,0,0,0,0,0,0,0,0,0,0,0,0,0,0,0,0,0,0,0,0,0,0,0,0,0,0,0,0,0,0,0,0,0,0,0,0,0,0,0,0,0,0,0,0,0,0,0,0,0,0,0,0,0,0,0,0,0,0,0,0,0,0,0,0,0,0,0,0.0017159257152513,0,0,0,0,0,0,0,0,0,0,0,0,0,0,0,0,0,0,0,0,0,0,0,0,0,0,0,0,0,0,0,0,0,0,0,0,0,0,0,0,0,0,0,0,0,0
-0.000356769588958622,0.577982901379254,-0.000581619724065695,0,0,0,0,0,0,0,0,0,0,0,0,0,0,0,0,0,0,0,0,0,0,0,0,0,0,0,0,0,0,0,0,0,0,0,0,0,0,0,0,0,0,0,0,0,0,0,0,0,0,0,0,0,0,0,0,0,0,0,0,0,0,0,0,0,0,0,0,0,0,0,0,0,0,0,0,0,0,0,0,0,0,0,0,0,0,0,0,0,0,0,0,0,0,0,0,0,0,0,0,0,0,0,0,0,0,0,0,0,0,0,0,0,0,0,0,0,0,0,0,0,0,0,0,0,0,0,0,0,0,0,0,0,0,0,0,0,0,0,0,0,0,0,0,0,0,0,0,0,0,0,0,0,0,0,0,0,0,0,0,0,0,0,0,0,0,0,0,0,0,0,0,0,0,0,0,0,0,0,0,0,0,0,0
-0.000673695194590948,0.6060451499852,0,0,0,0.00349809309069796,0,0,0,0,0,0,0,0,0,0,0,0,0,0,0,0,0,0,0,0,0,0,0,0,0,0,0,0,0,0,0,0,0,0,0,0,0,0,0,0,0,0,0,0,0,0,0,0,0,0,0,0,0,0,0,0,0,0,0,0,0,0,0,0,0,0,0,0,0,0,0,0,0,0,0,0,0,0,0,0,0,0,0,0,0,0,0,0,0,0,0,0,0,0,0,0,0,0,0,0,0,0,0,0,0,0,0,0,0,0,0,0,0,0,0,0,0,0,0,0,0,0,0,0,0,0,0,0,0,0,0,0,0,0,0.00373891986985583,0,0,0,0,0,0,0,0,0,0,0,0.000583581521606674,0,0,0,0,0,0,0,0,0,0,0,0,0,0,0,0,0,0,0,0,0,0,0,0,0,0,0,-0.000890186838066797,0,0,0,0,0,0
NA,NA,NA,NA,NA,NA,NA,NA,NA,NA,NA,NA,NA,NA,NA,NA,NA,NA,NA,NA,NA,NA,NA,NA,NA,NA,NA,NA,NA,NA,NA,NA,NA,NA,NA,NA,NA,NA,NA,NA,NA,NA,NA,NA,NA,NA,NA,NA,NA,NA,NA,NA,NA,NA,NA,NA,NA,NA,NA,NA,NA,NA,NA,NA,NA,NA,NA,NA,NA,NA,NA,NA,NA,NA,NA,NA,NA,NA,NA,NA,NA,NA,NA,NA,NA,NA,NA,NA,NA,NA,NA,NA,NA,NA,NA,NA,NA,NA,NA,NA,NA,NA,NA,NA,NA,NA,NA,NA,NA,NA,NA,NA,NA,NA,NA,NA,NA,NA,NA,NA,NA,NA,NA,NA,NA,NA,NA,NA,NA,NA,NA,NA,NA,NA,NA,NA,NA,NA,NA,NA,NA,NA,NA,NA,NA,NA,NA,NA,NA,NA,NA,NA,NA,NA,NA,NA,NA,NA,NA,NA,NA,NA,NA,NA,NA,NA,NA,NA,NA,NA,NA,NA,NA,NA,NA,NA,NA,NA,NA,NA,NA,NA,NA,NA,NA,NA,NA
0.0000582883549541538,0.703638072810999,0,0,0,0,0,0,0,0,0,0,0,0,0,0,0,0,0,0,0,0,0,0,0,0,0,0,0,0,0,0,0,0,0,0,0,0,0,0,0,0,0,0,0,0,0,0,0,0,0,0,0,0,0,0,0,0,0,0,0,0,0,0,0,0,0,0,0,0,0,0,0,0,0,0,0,0,0,0,0,0,0,0,0,0,0,0,0,0,0,0,0,0,0,0,0,0,0,0,0,0,0,0,0,0,0,0,0,0,0,0,0,0,0,0,0,0,0,0,0,0,0,0,0,0,0,0,0,0,0,0,0,0,0,0,0,0,0,0,0,0,0,0,0,0,0,0,0,0,0,0,0,0,0,0,0,0,0,0,0,0,0,0,0,0,0,0,0,0,0,0,0,0,0,0,0,0,0,0,0,0,0,0,0,0,0
NA,NA,NA,NA,NA,NA,NA,NA,NA,NA,NA,NA,NA,NA,NA,NA,NA,NA,NA,NA,NA,NA,NA,NA,NA,NA,NA,NA,NA,NA,NA,NA,NA,NA,NA,NA,NA,NA,NA,NA,NA,NA,NA,NA,NA,NA,NA,NA,NA,NA,NA,NA,NA,NA,NA,NA,NA,NA,NA,NA,NA,NA,NA,NA,NA,NA,NA,NA,NA,NA,NA,NA,NA,NA,NA,NA,NA,NA,NA,NA,NA,NA,NA,NA,NA,NA,NA,NA,NA,NA,NA,NA,NA,NA,NA,NA,NA,NA,NA,NA,NA,NA,NA,NA,NA,NA,NA,NA,NA,NA,NA,NA,NA,NA,NA,NA,NA,NA,NA,NA,NA,NA,NA,NA,NA,NA,NA,NA,NA,NA,NA,NA,NA,NA,NA,NA,NA,NA,NA,NA,NA,NA,NA,NA,NA,NA,NA,NA,NA,NA,NA,NA,NA,NA,NA,NA,NA,NA,NA,NA,NA,NA,NA,NA,NA,NA,NA,NA,NA,NA,NA,NA,NA,NA,NA,NA,NA,NA,NA,NA,NA,NA,NA,NA,NA,NA,NA
-0.000221544826116825,0.652596183302492,0,0,0,0.00139116724383303,0,0,0,0,0,0,0,0,0,0,0,0,0,0,0,0,0,0,0,0,0,0,0,0,0,0,0,0,0,0,0,0,0,0,0,0,0,0,0,0,0,0,0,0,0,0,0,0,0,0,0,0,0,0,0,0,0,0,0,0,0,0,0,0,0,0,0,0,0,0,0,0,0,0,0,0,0,0,0,0,0,0,0,0,0,0,0,0,0,0,0,0,0,0,0,0,0,0,0,0,0,0,0,0,0,0,0,0,0,0,0,0,0,0,0,0,0,0,0,0,0,0,0,0,0,0,0,0,0,0,0,0,0,0,0,0,0,0,0,0,0,0,0,0,0,0,0,0,0,0,0,0,0,0,0,0,0,0,0,0,0,0,0,0,0,0,0,0,0,0,0,0,0,0,-0.0004500246861018,0,0,0,0,0,0
-0.000276681882230894,0.569910378732709,0,0,0,0.01643613745427,0,0,0,0,0,0,0,0,0,0,0,0.00744742208222999,0,0,0,0,0,0,0,0,0,0,0,0,0,0,0,0,0,0,0,0,0,0,0,0,0,0,0,0,0,0,0,0,0,0,0,0,0,0,0,0,0,0,0,0,0,0,0,0,0,0,0,0,-0.00203759806096326,0,0,0,0,0,0,0,-0.00126814445849335,0,0,0,0,0,0,0,0,0,-0.000796187131446406,0,0,0,0,0,0,0,0,0,0,0,0,0,-0.00000711874858837943,0,0,0,0,0,0,0,0,0,0,0,0,0,0,0,0,0,0,0,0,0,0,0,0,0,0,0,0,0,0,0,0,0,0,0,0,0,0.0177699808575771,0,0,0,0,0,0,0,0,0,0,0,0,0,0,0,0,0,0,0,0,0,0,0,0,0,0,0,0,0,0,0,0,0,0,0,0,0,0,0,-0.00679701899045313,0,0,0,0,0,0
-0.0000779038973970828,0.574978989711514,0,0,0,0.0210190024351488,0,0,0,0,0,-0.0184340976425053,0,0,0,0,0,0.0108407329432168,0,0,0,0,0,0,0,0,0,0,0,0,0,0,0,0,0,0,0,0,0,0,0,0,0,0,0,0,0,0,0,0,0.00135890242707576,0,0,0,0,0,0,0,0,0,0,0,0,0,0,0,0,0,0,0,-0.0031607839143111,0,0,0,0,0,0,0,-0.00371905482152132,0,0,0,0,0,0,0,0,0,0,0,0,0,0,0,0,0,0,0,0,0,0,0,0,0,0,0,0,0,0,0,0,0,0,0,0,0,0,0,0,0,0,0,0,0,0,0,0,0,0,0,0,0,0,0,0,0,0.00693309571112206,0,0,0,0.0217840474047135,0,0,0,0,0,0,0,0,0,0,0,0,0,0,0,0,0,0,0,0,0,0,0,0,0,0,0,0,0,0,0,0,0,0,0,0,0,0,0,-0.00280114968898492,0,0,0,0,0,0
0.000217731086432356,0.669145670595207,-0.00774614165315792,0,0,0,0,0,0,0,0,0,0,0,0,0,0,0.00324252606666502,0,0,0,0,0,0,0,0,0,0,0,0,0,0,0,0,0,0,0,0,0,0,0,0,0,0,0,0,0,0,0,0,0,0,0,0,0,0,0,0,0,0,0,0,0,0,0,0,0,0,0,0,0,0,0,0,0,0,0,0,0,0,0,0,0,0,0,0,0,0,0,0,0,0,0,0,0,0,0,0,0,0,0,0,0,0,0,0,0,0,0,0,0,0,0,0,0,0,0,0,0,0,0,0,0,0,0,0,0,0,0,0,0,0,0,0,0,0,0,0,0,0,0,0,0,0,0,0,0,0,0,0,0,0,0,0,0,0,0,0,0,0,0,0,0,0,0,0,0,0,0,0,0,0,0,0,0,0,0,0,0,0,0,0,0,0,0,0,0
-0.000339588773418496,0.615789501323272,0,0,0,0,0,0,0,0,0,0,0,0,0,0,0,0.00408118938328909,0,0,0,0,0,0,0,0,0,0,0,0,0,0,0,0,0,0,0,0,0,0,0,0,0,0,0,0,0,0,0,0,0,0,0,0,0,0,0,0,0,0,0,0,0,0,0,0,0,0,0,0,0,0,0,0,0,0,0,0,0,0,0,0,0,0,0,0,0,0,0,0,0,0,0,0,0,0,0,0,0,0,0,0,0,0,0,0,0,0,0,0,0,0,0,0,0,0,0,0,0,0,0,0,0,0,0,0,0,0,0,0,0,0,0,0,0,0,0,0,0,0,0,0,0,0,0,0,0,0,0,0,0,0,0,0,0,0,0,0,0,0,0,0,0,0,0,0,0,0,0,0,0,0,0,0,0,0,0,0,0,0,0,0,0,0,0,0,0
-0.0000950796430790254,0.629809817274725,-0.0142888601322263,0,0,0,0,0,0,0,0,0,0,0,0,0,0,0.00551418062861619,0,0,0,0,0,0,0,0,0,0,0,0,0,0,0,0,0,0,0,0,0,0,0,0,0,0,0,0,0,0,0,0,0,0,0,0,0,0,0,0,0,0,0,0,0,0,0,0,0,0,0,0,0,0,0,0,0,0,0,0,0,0,0,0,0,0,0,0,0,0,0,0,0,0,0,0,0,0,0,0,0,0,0,0,0,0,0,0,0,0,0,0,0,0,0,0,0,0,0,0,0,0,0,0,0,0,0,0,0,0,0,0.00455518331686414,0,0,0,0,0,0,0,0,0,0,0,0,0,0,0,0,0,0,0,0,0,0.0235137926950837,0,0,0,0,0,0,0,0,0,0,0,0,0,0,0,0,0,0,0,0,0,0,0,0,0,0,0,0,0,0,0,0,0.017229588329161,0,0
-0.000188814482134304,0.623169871139574,0,0,0,0.0161848967880092,0,0,0,0,0,-0.00451087182207862,0,0,0,0,0,0.0262721798234276,0,0,0,0,0,0,0,0,0,0,0,0,0,0,0,0,0,0,0,0,0,0,0,0,0,0,0,0,0,0,0,0,0,0,0,0,0,0,0,0,0,0,0,0,0,0,0,0,0,0,0,0,-0.00741502112086643,0,0,0,0,0,0,0,0,0,0,0,0,0,0,0,0,0,0,0,0,0,0,0,0,0,0,0,0,0,0,0,0,0,0,0,0,0,0,0,0,0,0,0,0,0,0,0,0,0,0,0,0,0,0,0,0,0,0,0,0,0,0,0,0,0,0.0102084453035077,0,0,0,0.0202421676519097,0,0,0,0,0,0,0,0,0,0,0,0,0,0,0,0,0,0,0,0,0,0,0,0,0,0,0,0,0,0,0,0,0,0,0,0,0,0,0,-0.00640363380929213,0,0,0,0,0,0
-0.000519595971491235,0.593501666634982,0,0,0,0,0,0,0,0,0,0,0,0,0,0,0,0,0,0,0,0,0,0,0,0,0,0,0,0,0,0,0,0,0,0,0,0,0,0,0,0,0,0,0,0,0,0,0,0,0,0,0,0,0,0,0,0,0,0,0,0,0,0,0,0,0,0,0,0,0,0,0,0,0,0,0,0,0,0,0,0,0,0,0,0,0,0,0,0,0,0,0,0,0,0,0,0,0,0,0,0,0,0,0,0,0,0,0,0,0,0,0,0,0,0,0,0,0,0,0,0,0,0,0,0,0,0,0,0,0,0,0,0,0,0,0,0,0,0,0.00325362074614331,0,0,0,0,0,0,0,0,0,0,0,0,0,0,0,0,0,0,0,0,0,0,0,0,0,0,0,0,0,0,0,0,0,0,0,0,0,0,0,0,0,0,0,0,0,0
0.000620643993700459,0.702777811804492,-0.00709767728449104,0,0,0,0,0,0,0,0,0,0,0,0,0,0,0.0147040967246264,0,0,0,0,0,0,0,0,0,0,0,0,0,0,0,0,0,0,0,0,0,0,0,0,0,0,0,0,0,0,0,0,0,0,0,0,0,0,0,0,0,0,0,0,0,0,0,0,0,0,0,0,0,0,0,0,0,0,0,0,-0.00924257489806529,0,0,0,0,0,0,0,0,0,0,0,0,0,0,0,0,0,0,0,0,0,0,0,0,0,0,0,0,0,0,0,0,0,0,0,0,0,0,0,0,0,0,0,0,0,0,0,0,0,0,0,0,0,0,0,0,0,0,0,0,0,0.00812263103836016,0,0,0,0,0,0,0,0,0,0,0,0,0,0,0,0,0,0,0,0,0,0,0,0,0,0,0,0,0,0,0,0,0,0,0,0,0,0,0,-0.00218041867202156,0,0,0,0,0,0
NA,NA,NA,NA,NA,NA,NA,NA,NA,NA,NA,NA,NA,NA,NA,NA,NA,NA,NA,NA,NA,NA,NA,NA,NA,NA,NA,NA,NA,NA,NA,NA,NA,NA,NA,NA,NA,NA,NA,NA,NA,NA,NA,NA,NA,NA,NA,NA,NA,NA,NA,NA,NA,NA,NA,NA,NA,NA,NA,NA,NA,NA,NA,NA,NA,NA,NA,NA,NA,NA,NA,NA,NA,NA,NA,NA,NA,NA,NA,NA,NA,NA,NA,NA,NA,NA,NA,NA,NA,NA,NA,NA,NA,NA,NA,NA,NA,NA,NA,NA,NA,NA,NA,NA,NA,NA,NA,NA,NA,NA,NA,NA,NA,NA,NA,NA,NA,NA,NA,NA,NA,NA,NA,NA,NA,NA,NA,NA,NA,NA,NA,NA,NA,NA,NA,NA,NA,NA,NA,NA,NA,NA,NA,NA,NA,NA,NA,NA,NA,NA,NA,NA,NA,NA,NA,NA,NA,NA,NA,NA,NA,NA,NA,NA,NA,NA,NA,NA,NA,NA,NA,NA,NA,NA,NA,NA,NA,NA,NA,NA,NA,NA,NA,NA,NA,NA,NA
0.000224736263647577,0.701046090273117,0,0,0,0,0,0,0,0,0,0,0,0,0,0,0,0,0,0,0,0,0,0,0,0,0,0,0,0,0,0,0,0,0,0,0,0,0,0,0,0,0,0,0,0,0,0,0,0,0,0,0,0,0,0,0,0,0,0,0,0,0,0,0,0,0,0,0,0,0,0,0,0,0,0,0,0,0,0,0,0,0,0,0,0,0,0,0,0,0,0,0,0,0,0,0,0,0,0,0,0,0,0,0,0,0,0,0,0,0,0,0,0,0,0,0,0,0,0,0,0,0,0,0,0,0,0,0,0,0,0,0,0,0,0,0,0,0,0,0,0,0,0,0,0,0,0,0,0,0,0,0,0,0,0,0,0,0,0,0,0,0,0,0,0,0,0,0,0,0,0,0,0,0,0,0,0,0,0,0,0,0,0,0,0,0
NA,NA,NA,NA,NA,NA,NA,NA,NA,NA,NA,NA,NA,NA,NA,NA,NA,NA,NA,NA,NA,NA,NA,NA,NA,NA,NA,NA,NA,NA,NA,NA,NA,NA,NA,NA,NA,NA,NA,NA,NA,NA,NA,NA,NA,NA,NA,NA,NA,NA,NA,NA,NA,NA,NA,NA,NA,NA,NA,NA,NA,NA,NA,NA,NA,NA,NA,NA,NA,NA,NA,NA,NA,NA,NA,NA,NA,NA,NA,NA,NA,NA,NA,NA,NA,NA,NA,NA,NA,NA,NA,NA,NA,NA,NA,NA,NA,NA,NA,NA,NA,NA,NA,NA,NA,NA,NA,NA,NA,NA,NA,NA,NA,NA,NA,NA,NA,NA,NA,NA,NA,NA,NA,NA,NA,NA,NA,NA,NA,NA,NA,NA,NA,NA,NA,NA,NA,NA,NA,NA,NA,NA,NA,NA,NA,NA,NA,NA,NA,NA,NA,NA,NA,NA,NA,NA,NA,NA,NA,NA,NA,NA,NA,NA,NA,NA,NA,NA,NA,NA,NA,NA,NA,NA,NA,NA,NA,NA,NA,NA,NA,NA,NA,NA,NA,NA,NA
0.000558183620008507,0.737534155641709,0,0,0,0,0.0682095845291849,-0.000819368596028452,0,0,0,0,0,0,0,0,0,0.0335731284305623,0.000426921147618042,0,0,0,0,0,0,0,0,-0.0248051691742473,0,0.0395976098889952,0,0,0,0,0,0,0,0,0,0,0,0,0,0.0534844109731809,0.0144226006119762,0,0,0,0,0,0,0,-0.0121985575105151,0,0,0,-0.00661722258147303,0,0,0,-0.00425880775473877,0,0,0,0,0,0,0,0,0,0,0,0,0,0,0,0,0,-0.0346471859754349,0,0,0,0,0,0,0,0,0,0,0,0,-0.0154795528557315,0,0,0,0,0,0,0,0,0,0,-0.00536851916328858,0,0,0,0,0,0,0,0,0,0,0,0,0,0,0,0,0,0,0,0,0,0,0,0,0,0,0,0,0,0,0,0,0,0,0,0,0,0,0,0,0,0,0,0,0,0.0384326491357742,0,0,0,0,0,0,0,0,0,0,0,0,0,0,0,0,0,0,0,0,0,0,0,0,0,0,0,0,0,0,0,-0.00744402784586763,0,0,0,0,0,0
0.000357602849430327,0.765906731663637,0,0,0,0,0.0694169366017769,-0.0130574828230472,0,0,0,0,0,0,0,0,0,0.0387030072914924,0,0,0,0,0,0,0,0.0170052191322098,0,-0.0379717009859143,0,0.0929911623395204,0,0,0,0,0,0,0,0,0,0,0,0,0,0.0780256091021719,0.0620156155918846,0,0,0,0,0,0,-0.00951038208763831,-0.018254673350389,0,0,0,-0.0041309263582926,0,0,0,-0.0023288513963207,0,0,0,0,0,0,-0.0040466213940249,0,0,0,0,0,0,0,0,0,0,-0.0363923051229513,0,0,0,0,0,0,0,0,0,0,0,0,-0.0507522729661811,0,0,0,0,0,0,-0.0000606175849344395,0,0,0,-0.0132145383714473,0,0,0,-0.0229843761606171,0,0,0,0,0,0,0,0,0,0,0,0,0,0,0,0,0,0,0,0,0,0,0,0,0,0,0,0,0,0,0,0,0,0,0,0,0,0,0,0,0,0.0535545201077873,0,0,0,0,0,0,0,0,0,0,-0.000564662551890412,0.0150368048193196,0,0,0,0,0,0,0,0,0,0,0,0,0,0,0,0,0,0,0,-0.0270967915927871,0,0,0,0,0,0
0.0000894884548292348,0.60608235298372,-0.00487730342375467,0,0,0,0.0515859318506564,0,0,0,0,0,0,0,0,0,0,0.0249864942253418,0,0,0,0,0,0,0,0,0,-0.0103479346914347,0,0.00283213026767087,0,0,0,0,0,0,0,0,0,0,0,0,0,0.0374619871787635,0,0,0,0,0,0,0,0,-0.0051084777367812,0,0,0,0,0,0,0,0,0,0,0,0,0,0,0,0,0,0,0,0,0,0,0,0,0,-0.0373290301527631,0,0,0,0,0,0,0,0,0,0,0,0,-0.00142960406015875,0,0,0,0,0,0,0,0,0,0,-0.00337132391061367,0,0,0,0,0,0,0,0,0,0,0,0,0,0,0,0,0,0,0,0,0,0,0,0,0,0,0,0,0,0,0,0,0,0,0,0,0,0,0,0,0,0,0,0,0,0.0112156788277347,0,0,0,0,0,0,0,0,0,0,0,0,0,0,0,0,0,0,0,0,0,0,0,0,0,0,0,0,0,0,0,-0.00917072382353573,0,0,0,0,0,0
0.000249160527514142,0.630228208280107,-0.012980876563832,0,0,0.000193602479633454,0,0,0,0,0,-0.0333364298402201,0,0,0,0,0,0.0485376004476011,0,0,0,0,0,0,0,0,0,-0.00310618125110151,0,0.0212088716374102,0,0,0,0,0,0,0,0,0,0,0,0,0,0.0467831226988485,0,0,0,0,0,0,0,-0.00140631140470619,0,0,0,0,0,0,0,0,0,0,0,0,0,0,0,0,0,0,0,0,0,0,0,0,0,0,-0.0200058102418557,0,0,0,0,0,0,0,0,0,0,0,0,-0.0222525888923729,0,0,0,0,0,0,0,0,0,0,0,0,0,0,0,0,0,0,0,0,0,0,0,0,0,0,0,0,0,0,0,0,0,0,0,0,0,0,0,0,0,0,0,0,0,0,0,0,0,0,0,0,0,0,0,0,0.0243005304054616,0,0,0,0,0,0,0,0,0,0,0,0,0,0,0,0,0,0,0,0,0,0,0,0,0,0,0,0,0,0,0,-0.00418485122885607,0,0,0,0,0,0
0.00080214813174692,0.762233031414287,0,0,0,0,0.0329495320341546,0,0,0,0,0,0,0,0,0,0,0.0671054540853613,0,0,0,0,0,0,0,0,0,-0.035420952024611,0,0.052058708968369,0,0,0,0,0,0,0,0,0,0,0,0,0,0.115407373048637,0.0231511473316305,0,0,0,0,0,0,0,-0.00523716405527328,0,0,0,-0.00036788047200916,0,0,0,-0.00220921783414798,0,0,0,0,-0.00172173108341763,0,-0.00412536273912999,0,0,0,0,0,0,0,0,0,0,-0.0392636731097692,0,0,0,0,-0.00102636412254217,0,0,0,0,0,0,-0.00054724337600794,-0.0268424093257357,0,0,0,0,0,0,0,0,0,0,-0.0188861049866881,0,0,0,-0.00741740318891759,0,0,0,0,0,0,0,0,0,0,0,0,0,0,0,0,0,0,0,0,0,0,0,0,0,0,0,0,0,0,0,0,0,0,0,0,0,0,0,0,0,0.0673980802005583,0,0,0,0,0,0,0,0,0,0,0,0,0,0,0,0,0,0,0,0,0,0,0,0,0,0,0,0,0,0,0,-0.0172476099693519,0,0,0,0,0,0
0.00105988147647503,0.818249075674313,0,0,0,0,0.0528449727063412,-0.00429812560037014,0,0,0,-0.00959378643233344,0,0,0,0,0.00835962992055539,0.0366659807261861,0,0,0,0,0,0,0,0.0180569453765878,0,-0.0138649228971648,0.00803274249053166,0.0618867579399677,0,0,0,0,0,0,0,0,0,0,0,0,0,0.126518195154989,0.0370067849688098,0,0,0,0,0,0,0,-0.0258132511314454,0,0,0,0,0,0,0,-0.0269641300451496,0,0,0,0,-0.000726157990498309,0,0,0,0,0,0,0,0,0,0,0,0,-0.0404999709843088,0,-0.0132330045174442,0,0,0,0,0,0,0,0,-0.00328300859250543,0,-0.0319118102991369,0,0,-0.00116720585611479,0,0,0,-0.0136731998236813,0,0,0,-0.000399793210504894,0,0,0,-0.0116169343570939,0,0,0,0,0.00155947833514122,0,0,0,0,0,0,0,0,0,0,0,0,0,0,0,0,0,0,0,0,0,0,0,0,0,0,0,0,0,0,0,0,0,0,0,0,0.0672467627466583,0,0,0,0,0,0,0,0,0,0,0,0,0,0,0,0,0,0,0,0,0,0,0,0,0,0,0,0,0,0,0,-0.0561467574473997,0,0,0,0,0,0
NA,NA,NA,NA,NA,NA,NA,NA,NA,NA,NA,NA,NA,NA,NA,NA,NA,NA,NA,NA,NA,NA,NA,NA,NA,NA,NA,NA,NA,NA,NA,NA,NA,NA,NA,NA,NA,NA,NA,NA,NA,NA,NA,NA,NA,NA,NA,NA,NA,NA,NA,NA,NA,NA,NA,NA,NA,NA,NA,NA,NA,NA,NA,NA,NA,NA,NA,NA,NA,NA,NA,NA,NA,NA,NA,NA,NA,NA,NA,NA,NA,NA,NA,NA,NA,NA,NA,NA,NA,NA,NA,NA,NA,NA,NA,NA,NA,NA,NA,NA,NA,NA,NA,NA,NA,NA,NA,NA,NA,NA,NA,NA,NA,NA,NA,NA,NA,NA,NA,NA,NA,NA,NA,NA,NA,NA,NA,NA,NA,NA,NA,NA,NA,NA,NA,NA,NA,NA,NA,NA,NA,NA,NA,NA,NA,NA,NA,NA,NA,NA,NA,NA,NA,NA,NA,NA,NA,NA,NA,NA,NA,NA,NA,NA,NA,NA,NA,NA,NA,NA,NA,NA,NA,NA,NA,NA,NA,NA,NA,NA,NA,NA,NA,NA,NA,NA,NA
NA,NA,NA,NA,NA,NA,NA,NA,NA,NA,NA,NA,NA,NA,NA,NA,NA,NA,NA,NA,NA,NA,NA,NA,NA,NA,NA,NA,NA,NA,NA,NA,NA,NA,NA,NA,NA,NA,NA,NA,NA,NA,NA,NA,NA,NA,NA,NA,NA,NA,NA,NA,NA,NA,NA,NA,NA,NA,NA,NA,NA,NA,NA,NA,NA,NA,NA,NA,NA,NA,NA,NA,NA,NA,NA,NA,NA,NA,NA,NA,NA,NA,NA,NA,NA,NA,NA,NA,NA,NA,NA,NA,NA,NA,NA,NA,NA,NA,NA,NA,NA,NA,NA,NA,NA,NA,NA,NA,NA,NA,NA,NA,NA,NA,NA,NA,NA,NA,NA,NA,NA,NA,NA,NA,NA,NA,NA,NA,NA,NA,NA,NA,NA,NA,NA,NA,NA,NA,NA,NA,NA,NA,NA,NA,NA,NA,NA,NA,NA,NA,NA,NA,NA,NA,NA,NA,NA,NA,NA,NA,NA,NA,NA,NA,NA,NA,NA,NA,NA,NA,NA,NA,NA,NA,NA,NA,NA,NA,NA,NA,NA,NA,NA,NA,NA,NA,NA
NA,NA,NA,NA,NA,NA,NA,NA,NA,NA,NA,NA,NA,NA,NA,NA,NA,NA,NA,NA,NA,NA,NA,NA,NA,NA,NA,NA,NA,NA,NA,NA,NA,NA,NA,NA,NA,NA,NA,NA,NA,NA,NA,NA,NA,NA,NA,NA,NA,NA,NA,NA,NA,NA,NA,NA,NA,NA,NA,NA,NA,NA,NA,NA,NA,NA,NA,NA,NA,NA,NA,NA,NA,NA,NA,NA,NA,NA,NA,NA,NA,NA,NA,NA,NA,NA,NA,NA,NA,NA,NA,NA,NA,NA,NA,NA,NA,NA,NA,NA,NA,NA,NA,NA,NA,NA,NA,NA,NA,NA,NA,NA,NA,NA,NA,NA,NA,NA,NA,NA,NA,NA,NA,NA,NA,NA,NA,NA,NA,NA,NA,NA,NA,NA,NA,NA,NA,NA,NA,NA,NA,NA,NA,NA,NA,NA,NA,NA,NA,NA,NA,NA,NA,NA,NA,NA,NA,NA,NA,NA,NA,NA,NA,NA,NA,NA,NA,NA,NA,NA,NA,NA,NA,NA,NA,NA,NA,NA,NA,NA,NA,NA,NA,NA,NA,NA,NA
NA,NA,NA,NA,NA,NA,NA,NA,NA,NA,NA,NA,NA,NA,NA,NA,NA,NA,NA,NA,NA,NA,NA,NA,NA,NA,NA,NA,NA,NA,NA,NA,NA,NA,NA,NA,NA,NA,NA,NA,NA,NA,NA,NA,NA,NA,NA,NA,NA,NA,NA,NA,NA,NA,NA,NA,NA,NA,NA,NA,NA,NA,NA,NA,NA,NA,NA,NA,NA,NA,NA,NA,NA,NA,NA,NA,NA,NA,NA,NA,NA,NA,NA,NA,NA,NA,NA,NA,NA,NA,NA,NA,NA,NA,NA,NA,NA,NA,NA,NA,NA,NA,NA,NA,NA,NA,NA,NA,NA,NA,NA,NA,NA,NA,NA,NA,NA,NA,NA,NA,NA,NA,NA,NA,NA,NA,NA,NA,NA,NA,NA,NA,NA,NA,NA,NA,NA,NA,NA,NA,NA,NA,NA,NA,NA,NA,NA,NA,NA,NA,NA,NA,NA,NA,NA,NA,NA,NA,NA,NA,NA,NA,NA,NA,NA,NA,NA,NA,NA,NA,NA,NA,NA,NA,NA,NA,NA,NA,NA,NA,NA,NA,NA,NA,NA,NA,NA
0.0000509711326396399,0.633604755553467,-0.0356200014339625,0,0,0,0,0,0,0,0,0,0,0,0,0,0,0.0442695867762531,0,0,0,0,0,0,0,0,0,-0.000905056212531719,0,0,0,0,0,0,0,0,0,0,0,0,0,0,0,0,0,0,0,0,0,0,0,0,0,0,0,0,0,0,0,0,0,0,0,0,0,0,0,0,0,0,-0.00235267053399527,0,0,0,0,0,0,0,-0.0250708192844355,0,0,0.0361139771222375,0,0,-0.0212461293622331,0,0,0,0,0,0,0,0,0,0,0,0,0,0,0,0,0,-0.0143581150299837,0,0,0,0,0,0,-0.0106470276495332,0,0,0,0,0,0,0,0,0,0,0,0,0,0,0,0,0,0,0,0,0,0,0,0,0,0,0,0,0,0,0.0160114493902636,0,0,0,0,0,0,0,0.00345719722950709,0,0,0,0,0,0,0,0,0,0,0,0,0,-0.00514277320371798,0,0,0,0,0,0,0,0,-0.00784256336934145,0,0,0,0,0,0,0,0,-0.00404201691082961,0,0,0,0,0,0
0.000807315707509347,0.158434636537553,-0.0653008817361006,0.018396736075662,0,0.0573012957329419,0,0,0,0,-0.00393089310207707,-0.0257013990420314,0,0,0,0,0,0.0697613807993064,0,0,0,0,0,-0.00387917646537182,0,0.0491857569462834,0,0,0.0601670323155391,0.0139475676191723,0,0,0,0,0,0,0,0,0,0,0.0308624065119955,0,0,0,0,0,0,0,0,0,0,0,0,-0.0270099529137092,0,0,-0.0159921566066584,0,0.0550908164900562,0,0,0,0,0,0,0,-0.0223470490390042,-0.00950590287248607,-0.0410125845546522,-0.0263280982706531,-0.0618566519669079,0,0,0,0,0,0,0,-0.0155148675831228,0,0,0.110095160951349,0,0,-0.0136606093625957,0,0,0.0301602441047466,-0.0379061389547301,0,0,0,0.112422462343415,0,0,-0.0186710912405283,0,-0.000540604767852248,0,0,0,-0.0809985007869025,-0.032675397117568,0,0,0,-0.0173499715961754,0,0,-0.0642565898364426,0,0,0,0,0,0,0,-0.0300118523157041,0,0,0,0,0,0,0,0,0,0,0,0,0.0266149087234348,0,0,0,0,0,0.0613391966128739,0,0,0,0.0320397946174508,0,0,0,-0.0565573566167554,0,0,-0.0159593075052779,0,0,0,0.0455735405566424,0,0,-0.034736956663984,0,-0.033396952083821,0,-0.00814204146894562,0,0,0,-0.0167687241926776,0,0,0,0,0,0,0,-0.00666265708937351,-0.032031574506744,0,0,0,0,0,0,0.0270786963447085,0,0,0,0,0,-0.0381159209522812,0,-0.0353441928424791
0.000511374512316024,0.293738576754909,-0.0622842152998841,0,0,0.0581086522278461,0,0,0,0,0,-0.0361678615076143,0,0.0401364596934446,0,0,0,0.059522606568093,0,0,0,0,0,0,0,0.0493633298318501,0,0,0.0327005878703159,0.0284484171179545,0,0,0,0,0,0,0,0,0,0,0.023423006365262,0,0,0,0,0,0,0,0,0,0,-0.0200490034969094,0,-0.00651673594263056,0,0,0,0,0,0,0,0,0,0,0,-0.00477088959613922,-0.0103354578084786,0,-0.0324922403894908,0,-0.038707487034336,0,0,0,0,0,0,0,-0.0164176455187061,0,0,0.0765456160349406,0,0,0,0,0,0.0182453666731888,0,0,0,0,0.0716093117372898,0,-0.00800538974966544,-0.00634577355898991,0,0,0,0,0,-0.0323585949653288,-0.0245346725163271,0,0,0,0,0,0,-0.0237621843507296,0,0,0,0,0,0,0,-0.00424044932795672,0,0,0,0,0,0,0,0,0,0,0,0,0.0374242524461642,0,0,0,0,0,0.0605369605148737,0,0,0,0.0354553210375355,0,0,0,0,0,0,0,0,0,0,0,0,0,-0.017066534767807,0,-0.00969244582008038,0,0,0,0,0,0,0,0,0,0,0,0,0,0,-0.015156601989304,0,0,0,0,0,0,0,0,0,0,0,0,0,0,0
0.000359426370261198,0.72017239934861,0,0.00210156779435164,0,0,0.0752569173683345,-0.0066179909337956,0,0,0,0,0,0,0,0,0,0.0748057892229587,0,0,0,0,0,0,0,0.0251702350110807,0,-0.0416119923392296,0,0.0625914753745725,0,0,0,0,0,0,0,0,0,0,0,0,0,0.0908858005403909,0.0488886047831472,0,0,0,0,0,0,0,-0.0214788630823244,0,0,0,-0.0120620688683646,0,0,-0.0083765014634898,0,0,0,0,0,0,0,-0.00550805352174355,0,0,0,0,0,0,0,0,0,0,-0.0286833367447806,0,0,0,0,-0.00720773267184802,0,0,0,0,0,0,0,-0.0222626768970344,0,0,0,0,0,0,0,0,0,0,-0.00480348074491803,0,0,0,-0.00905453290944278,0,0,0,0,0.00161471639663084,0,0,0,0,0,0,0,0,0,0,0,0,0,0,0,0,0,0,0,0,0,0,0,0,0,0,0,0,0,0,-0.00168570155184754,0,0,0,0,0,0.0438532543755964,0,0,0,0,0,0,0,0,0,0,0,0,0,0,0,0,0,0,0,0,0,0,0,0,0,0,0,0,0,0,0,-0.027422832086844,0,0,0,0,0,0
-0.0000399647422014843,0.54650243789492,0,0,0,0,0.0834842543463166,0,0,0,0,-0.0327947950118259,0,0,0,0,0,0.0893361272622195,0.0328137183874998,0,0,0,0,-0.0223655737160351,0,0.0307710482085676,0,-0.0563680717591059,0.0166405230302767,0.0733295828801753,0,0,0,0,0,-0.00829941496371858,0,0,0,0,0,0,0,0.183332610673079,0.0739156715641711,0,0,0,0,0,0,0,-0.0109351001359557,0,0,0,0,0,0,0,0,0,0,0,0,0,-0.00532661122326071,0,0,0,0,0,0,0,0,0,0,0,-0.0204743654082122,0,0,0,0,0,-0.00740170031241669,0,0,0,0,0,0,-0.00979451285954401,0,0,0,0,0,0,0,0,0,0,-0.0250771165723136,0,0,0,0,0,0,0,0,0,0,0,0,0,0,0,0,0,0,0,0,0,0,0,0,-0.00574755899488468,0,0,0,0,0,0,0,0,0,0,0,0,0,0,-0.00768309115645239,0,0,0,0,0,0.0459262850756403,0,0,0,0,0,0,0,0,0,0,0,0,0,0,0,0,0,0,0,0,0,0,0,0,0,0,0,0,0,0,0,0,0,0,0,0,0,0
0.0000612051066446536,0.60707106234507,-0.0131421791157989,0,0,0,0.0496752952710894,0,0,0,0,0,0,0,0,0,0,0.0536836992093032,0.00257129219054373,0,0,0,0,-0.0034380005704964,0,0.00442913435763615,0,-0.0275067651218858,0,0.0197605386085005,0,0,0,0,0,0,0,0,0,0,0,0,0,0.111487721880766,0.0389978796321534,0,0,0,0,0,0,0,-0.00317709676611086,0,0,0,0,0,0,0,0,0,0,0,0,0,0,0,0,0,0,0,0,0,0,0,0,0,-0.0150356483492349,0,0,0,0,0,0,0,0,0,0,0,0,0,0,0,0,0,0,0,0,0,0,0,-0.0108577926264326,0,0,0,0,0,0,0,0,0,0,0,0,0,0,0,0,0,0,0,0,0,0,0,0,0,0,0,0,0,0,0,0,0,0,0,0,0,0,0,0,0,0,0,0,0,0.0163252867468784,0,0,0,0,0,0,0,0,0,0,0,0,0,0,0,0,0,0,0,0,0,0,0,0,0,0,0,0,0,0,0,0,0,0,0,0,0,0
-0.000184012160712049,0.753047786711687,0,0,0,0,0,0,0,0,0,0,0,0,0,0,0,0,0,0,0,0,0,0,0,0,0,0,0,0,0,0,0,0,0,0,0,0,0,0,0,0,0,0,0,0,0,0,0,0,0,0,0,0,0,0,0,0,0,0,0,0,0,0,0,0,0,0,0,0,0,0,0,0,0,0,0,0,0,0,0,0,0,0,0,0,0,0,0,0,0,0,0,0,0,0,0,0,0,0,0,0,0,0,0,0,0,0,0,0,0,0,0,0,0,0,0,0,0,0,0,0,0,0,0,0,0,0,0,0,0,0,0,0,0,0,0,0,0,0,0,0,0,0,0,0,0,0,0,0,0,0,0,0,0,0,0,0,0,0,0,0,0,0,0,0,0,0,0,0,0,0,0,0,0,0,0,0,0,0,0,0,0,0,0,0,0
0.0000918738337884585,0.769295699778199,-0.00668192556464354,0,0,0,0,0,0,0,0,0,0,0,0,0,0,0.000971726381969075,0,0,0,0,0,0,0,0,0,0,0,0,0,0,0,0,0,0,0,0,0,0,0,0,0,0,0,0,0,0,0,0,0,0,0,0,0,0,0,0,0,0,0,0,0,0,0,0,0,0,0,0,0,0,0,0,0,0,0,0,0,0,0,0,0,0,0,0,0,0,0,0,0,0,0,0,0,0,0,0,0,0,0,0,0,0,0,0,0,0,0,0,0,0,0,0,0,0,0,0,0,0,0,0,0,0,0,0,0,0,0,0,0,0,0,0,0,0,0,0,0,0,0,0,0,0,0,0,0,0,0,0,0,0,0,0,0,0,0,0,0,0,0,0,0,0,0,0,0,0,0,0,0,0,0,0,0,0,0,0,0,0,0,0,0,0,0,0,0
0.000564700794427367,0.856260973758484,0,0,0,0,0,0,0,0,0,0,0,0,0,0,0,0,0,0,0,0,0,0,0,0,0,0,0,0,0,0,0,0,0,0,0,0,0,0,0,0,0,0,0,0,0,0,0,0,0,0,0,0,0,0,0,0,0,0,0,0,0,0,0,0,0,0,0,0,0,0,0,0,0,0,0,0,0,0,0,0,0,0,0,0,0,0,0,0,0,0,0,0,0,0,0,0,0,0,0,0,0,0,0,0,0,0,0,0,0,0,0,0,0,0,0,0,0,0,0,0,0,0,0,0,0,0,0,0,0,0,0,0,0,0,0,0,0,0,0,0,0,0,0,0,0,0,0,0,0,0,0,0,0,0,0,0,0,0,0,0,0,0,0,0,0,0,0,0,0,0,0,0,0,0,0,0,0,0,0,0,0,0,0,0,0
NA,NA,NA,NA,NA,NA,NA,NA,NA,NA,NA,NA,NA,NA,NA,NA,NA,NA,NA,NA,NA,NA,NA,NA,NA,NA,NA,NA,NA,NA,NA,NA,NA,NA,NA,NA,NA,NA,NA,NA,NA,NA,NA,NA,NA,NA,NA,NA,NA,NA,NA,NA,NA,NA,NA,NA,NA,NA,NA,NA,NA,NA,NA,NA,NA,NA,NA,NA,NA,NA,NA,NA,NA,NA,NA,NA,NA,NA,NA,NA,NA,NA,NA,NA,NA,NA,NA,NA,NA,NA,NA,NA,NA,NA,NA,NA,NA,NA,NA,NA,NA,NA,NA,NA,NA,NA,NA,NA,NA,NA,NA,NA,NA,NA,NA,NA,NA,NA,NA,NA,NA,NA,NA,NA,NA,NA,NA,NA,NA,NA,NA,NA,NA,NA,NA,NA,NA,NA,NA,NA,NA,NA,NA,NA,NA,NA,NA,NA,NA,NA,NA,NA,NA,NA,NA,NA,NA,NA,NA,NA,NA,NA,NA,NA,NA,NA,NA,NA,NA,NA,NA,NA,NA,NA,NA,NA,NA,NA,NA,NA,NA,NA,NA,NA,NA,NA,NA
0.0000715278936841111,0.82520326218367,0,0,0,0,0,0,0,0,0,0,0,0,0,0,0,0,0,0,0,0,0,0,0,0,0,0,0,0,0,0,0,0,0,0,0,0,0,0,0,0,0,0,0,0,0,0,0,0,0,0,0,0,0,0,0,0,0,0,0,0,0,0,0,0,0,0,0,0,0,0,0,0,0,0,0,0,0,0,0,0,0,0,0,0,0,0,0,0,0,0,0,0,0,0,0,0,0,0,0,0,0,0,0,0,0,0,0,0,0,0,0,0,0,0,0,0,0,0,0,0,0,0,0,0,0,0,0,0,0,0,0,0,0,0,0,0,0,0,0,0,0,0,0,0,0,0,0,0,0,0,0,0,0,0,0,0,0,0,0,0,0,0,0,0,0,0,0,0,0,0,0,0,0,0,0,0,0,0,0,0,0,0,0,0,0
NA,NA,NA,NA,NA,NA,NA,NA,NA,NA,NA,NA,NA,NA,NA,NA,NA,NA,NA,NA,NA,NA,NA,NA,NA,NA,NA,NA,NA,NA,NA,NA,NA,NA,NA,NA,NA,NA,NA,NA,NA,NA,NA,NA,NA,NA,NA,NA,NA,NA,NA,NA,NA,NA,NA,NA,NA,NA,NA,NA,NA,NA,NA,NA,NA,NA,NA,NA,NA,NA,NA,NA,NA,NA,NA,NA,NA,NA,NA,NA,NA,NA,NA,NA,NA,NA,NA,NA,NA,NA,NA,NA,NA,NA,NA,NA,NA,NA,NA,NA,NA,NA,NA,NA,NA,NA,NA,NA,NA,NA,NA,NA,NA,NA,NA,NA,NA,NA,NA,NA,NA,NA,NA,NA,NA,NA,NA,NA,NA,NA,NA,NA,NA,NA,NA,NA,NA,NA,NA,NA,NA,NA,NA,NA,NA,NA,NA,NA,NA,NA,NA,NA,NA,NA,NA,NA,NA,NA,NA,NA,NA,NA,NA,NA,NA,NA,NA,NA,NA,NA,NA,NA,NA,NA,NA,NA,NA,NA,NA,NA,NA,NA,NA,NA,NA,NA,NA
0.000186902999530308,0.879696977186257,0,0,0,0,0,0,0,0,0,0,0,0,0,0,0,0,0,0,0,0,0,0,0,0,0,0,0,0,0,0,0,0,0,0,0,0,0,0,0,0,0,0,0,0,0,0,0,0,0,0,0,0,0,0,0,0,0,0,0,0,0,0,0,0,0,0,0,0,0,0,0,0,0,0,0,0,0,0,0,0,0,0,0,0,0,0,0,0,0,0,0,0,0,0,0,0,0,0,0,0,0,0,0,0,0,0,0,0,0,0,0,0,0,0,0,0,0,0,0,0,0,0,0,0,0,0,0,0,0,0,0,0,0,0,0,0,0,0,0,0,0,0,0,0,0,0,0,0,0,0,0,0,0,0,0,0,0,0,0,0,0,0,0,0,0,0,0,0,0,0,0,0,0,0,0,0,0,0,0,0,0,0,0,0,0
-0.000081103090646158,0.848402007897214,0,0,0,0,0,0,0,0,0,0,0,0,0,0,0,0,0,0,0,0,0,0,0,0,0,0,0,0,0,0,0,0,0,0,0,0,0,0,0,0,0,0,0,0,0,0,0,0,0,0,0,0,0,0,0,0,0,0,0,0,0,0,0,0,0,0,0,0,0,0,0,0,0,0,0,0,0,0,0,0,0,0,0,0,0,0,0,0,0,0,0,0,0,0,0,0,0,0,0,0,0,0,0,0,0,0,0,0,0,0,0,0,0,0,0,0,0,0,0,0,0,0,0,0,0,0,0,0,0,0,0,0,0,0,0,0,0,0,0,0,0,0,0,0,0,0,0,0,0,0,0,0,0,0,0,0,0,0,0,0,0,0,0,0,0,0,0,0,0,0,0,0,0,0,0,0,0,0,0,0,0,0,0,0,0
0.000344349165798828,0.857128950901636,0,0,0,0,0,0,0,0,0,0,0,0,0,0,0,0,0,0,0,0,0,0,0,0,0,0,0,0,0,0,0,0,0,0,0,0,0,0,0,0,0,0,0,0,0,0,0,0,0,0,0,0,0,0,0,0,0,0,0,0,0,0,0,0,0,0,0,0,0,0,0,0,0,0,0,0,0,0,0,0,0,0,0,0,0,0,0,0,0,0,0,0,0,0,0,0,0,0,0,0,0,0,0,0,0,0,0,0,0,0,0,0,0,0,0,0,0,0,0,0,0,0,0,0,0,0,0,0,0,0,0,0,0,0,0,0,0,0,0,0,0,0,0,0,0,0,0,0,0,0,0,0,0,0,0,0,0,0,0,0,0,0,0,0,0,0,0,0,0,0,0,0,0,0,0,0,0,0,0,0,0,0,0,0,0
0.000169602006387058,0.855891658730196,0,0,0,0,0,0,0,0,0,0,0,0,0,0,0,0,0,0,0,0,0,0,0,0,0,0,0,0,0,0,0,0,0,0,0,0,0,0,0,0,0,0,0,0,0,0,0,0,0,0,0,0,0,0,0,0,0,0,0,0,0,0,0,0,0,0,0,0,0,0,0,0,0,0,0,0,0,0,0,0,0,0,0,0,0,0,0,0,0,0,0,0,0,0,0,0,0,0,0,0,0,0,0,0,0,0,0,0,0,0,0,0,0,0,0,0,0,0,0,0,0,0,0,0,0,0,0,0,0,0,0,0,0,0,0,0,0,0,0,0,0,0,0,0,0,0,0,0,0,0,0,0,0,0,0,0,0,0,0,0,0,0,0,0,0,0,0,0,0,0,0,0,0,0,0,0,0,0,0,0,0,0,0,0,0
-0.0000439975619910826,0.83120102175804,0,0,0,0,0,0,0,0,0,0,0,0,0,0,0,0,0,0,0,0,0,0,0,0,0,0,0,0,0,0,0,0,0,0,0,0,0,0,0,0,0,0,0,0,0,0,0,0,0,0,0,0,0,0,0,0,0,0,0,0,0,0,0,0,0,0,0,0,0,0,0,0,0,0,0,0,0,0,0,0,0,0,0,0,0,0,0,0,0,0,0,0,0,0,0,0,0,0,0,0,0,0,0,0,0,0,0,0,0,0,0,0,0,0,0,0,0,0,0,0,0,0,0,0,0,0,0,0,0,0,0,0,0,0,0,0,0,0,0,0,0,0,0,0,0,0,0,0,0,0,0,0,0,0,0,0,0,0,0,0,0,0,0,0,0,0,0,0,0,0,0,0,0,0,0,0,0,0,0,0,0,0,0,0,0
-0.0000360729894694446,0.825122379989916,0,0,0,0,0,0,0,0,0,0,0,0,0,0,0,0,0,0,0,0,0,0,0,0,0,0,0,0,0,0,0,0,0,0,0,0,0,0,0,0,0,0,0,0,0,0,0,0,0,0,0,0,0,0,0,0,0,0,0,0,0,0,0,0,0,0,0,0,0,0,0,0,0,0,0,0,0,0,0,0,0,0,0,0,0,0,0,0,0,0,0,0,0,0,0,0,0,0,0,0,0,0,0,0,0,0,0,0,0,0,0,0,0,0,0,0,0,0,0,0,0,0,0,0,0,0,0,0,0,0,0,0,0,0,0,0,0,0,0,0,0,0,0,0,0,0,0,0,0,0,0,0,0,0,0,0,0,0,0,0,0,0,0,0,0,0,0,0,0,0,0,0,0,0,0,0,0,0,0,0,0,0,0,0,0
-0.000126830029327497,0.81227181065142,0,0,0,0,0,0,0,0,0,0,0,0,0,0,0,0,0,0,0,0,0,0,0,0,0,0,0,0,0,0,0,0,0,0,0,0,0,0,0,0,0,0,0,0,0,0,0,0,0,0,0,0,0,0,0,0,0,0,0,0,0,0,0,0,0,0,0,0,0,0,0,0,0,0,0,0,0,0,0,0,0,0,0,0,0,0,0,0,0,0,0,0,0,0,0,0,0,0,0,0,0,0,0,0,0,0,0,0,0,0,0,0,0,0,0,0,0,0,0,0,0,0,0,0,0,0,0,0,0,0,0,0,0,0,0,0,0,0,0,0,0,0,0,0,0,0,0,0,0,0,0,0,0,0,0,0,0,0,0,0,0,0,0,0,0,0,0,0,0,0,0,0,0,0,0,0,0,0,0,0,0,0,0,0,0
0.000150040945237892,0.86231126216532,0,0,0,0,0,0,0,0,0,0,0,0,0,0,0,0,0,0,0,0,0,0,0,0,0,0,0,0,0,0,0,0,0,0,0,0,0,0,0,0,0,0,0,0,0,0,0,0,0,0,0,0,0,0,0,0,0,0,0,0,0,0,0,0,0,0,0,0,0,0,0,0,0,0,0,0,0,0,0,0,0,0,0,0,0,0,0,0,0,0,0,0,0,0,0,0,0,0,0,0,0,0,0,0,0,0,0,0,0,0,0,0,0,0,0,0,0,0,0,0,0,0,0,0,0,0,0,0,0,0,0,0,0,0,0,0,0,0,0,0,0,0,0,0,0,0,0,0,0,0,0,0,0,0,0,0,0,0,0,0,0,0,0,0,0,0,0,0,0,0,0,0,0,0,0,0,0,0,0,0,0,0,0,0,0
0.000292904268114519,0.879005369372295,0,0,0,0,0,0,0,0,0,0,0,0,0,0,0,0,0,0,0,0,0,0,0,0,0,0,0,0,0,0,0,0,0,0,0,0,0,0,0,0,0,0,0,0,0,0,0,0,0,0,0,0,0,0,0,0,0,0,0,0,0,0,0,0,0,0,0,0,0,0,0,0,0,0,0,0,0,0,0,0,0,0,0,0,0,0,0,0,0,0,0,0,0,0,0,0,0,0,0,0,0,0,0,0,0,0,0,0,0,0,0,0,0,0,0,0,0,0,0,0,0,0,0,0,0,0,0,0,0,0,0,0,0,0,0,0,0,0,0,0,0,0,0,0,0,0,0,0,0,0,0,0,0,0,0,0,0,0,0,0,0,0,0,0,0,0,0,0,0,0,0,0,0,0,0,0,0,0,0,0,0,0,0,0,0
0.00046625605616703,0.874013508943545,0,0,0,0,0,0,0,0,0,0,0,0,0,0,0,0,0,0,0,0,0,0,0,0,0,0,0,0,0,0,0,0,0,0,0,0,0,0,0,0,0,0,0,0,0,0,0,0,0,0,0,0,0,0,0,0,0,0,0,0,0,0,0,0,0,0,0,0,0,0,0,0,0,0,0,0,0,0,0,0,0,0,0,0,0,0,0,0,0,0,0,0,0,0,0,0,0,0,0,0,0,0,0,0,0,0,0,0,0,0,0,0,0,0,0,0,0,0,0,0,0,0,0,0,0,0,0,0,0,0,0,0,0,0,0,0,0,0,0,0,0,0,0,0,0,0,0,0,0,0,0,0,0,0,0,0,0,0,0,0,0,0,0,0,0,0,0,0,0,0,0,0,0,0,0,0,0,0,0,0,0,0,0,0,0
0.000578177730662552,0.886676750823992,0,0,0,0,0,0,0,0,0,0,0,0,0,0,0,0,0,0,0,0,0,0,0,0,0,0,0,0,0,0,0,0,0,0,0,0,0,0,0,0,0,0,0,0,0,0,0,0,0,0,0,0,0,0,0,0,0,0,0,0,0,0,0,0,0,0,0,0,0,0,0,0,0,0,0,0,0,0,0,0,0,0,0,0,0,0,0,0,0,0,0,0,0,0,0,0,0,0,0,0,0,0,0,0,0,0,0,0,0,0,0,0,0,0,0,0,0,0,0,0,0,0,0,0,0,0,0,0,0,0,0,0,0,0,0,0,0,0,0,0,0,0,0,0,0,0,0,0,0,0,0,0,0,0,0,0,0,0,0,0,0,0,0,0,0,0,0,0,0,0,0,0,0,0,0,0,0,0,0,0,0,0,0,0,0
0.000241554820974004,0.880328484746882,0,0,0,0,0,0,0,0,0,0,0,0,0,0,0,0,0,0,0,0,0,0,0,0,0,0,0,0,0,0,0,0,0,0,0,0,0,0,0,0,0,0,0,0,0,0,0,0,0,0,0,0,0,0,0,0,0,0,0,0,0,0,0,0,0,0,0,0,0,0,0,0,0,0,0,0,0,0,0,0,0,0,0,0,0,0,0,0,0,0,0,0,0,0,0,0,0,0,0,0,0,0,0,0,0,0,0,0,0,0,0,0,0,0,0,0,0,0,0,0,0,0,0,0,0,0,0,0,0,0,0,0,0,0,0,0,0,0,0,0,0,0,0,0,0,0,0,0,0,0,0,0,0,0,0,0,0,0,0,0,0,0,0,0,0,0,0,0,0,0,0,0,0,0,0,0,0,0,0,0,0,0,0,0,0
0.000314674139916136,0.888307778126811,0,0,0,0,0,0,0,0,0,0,0,0,0,0,0,0,0,0,0,0,0,0,0,0,0,0,0,0,0,0,0,0,0,0,0,0,0,0,0,0,0,0,0,0,0,0,0,0,0,0,0,0,0,0,0,0,0,0,0,0,0,0,0,0,0,0,0,0,0,0,0,0,0,0,0,0,0,0,0,0,0,0,0,0,0,0,0,0,0,0,0,0,0,0,0,0,0,0,0,0,0,0,0,0,0,0,0,0,0,0,0,0,0,0,0,0,0,0,0,0,0,0,0,0,0,0,0,0,0,0,0,0,0,0,0,0,0,0,0,0,0,0,0,0,0,0,0,0,0,0,0,0,0,0,0,0,0,0,0,0,0,0,0,0,0,0,0,0,0,0,0,0,0,0,0,0,0,0,0,0,0,0,0,0,0
0.00024620230709738,0.886929235598326,0,0,0,0,0,0,0,0,0,0,0,0,0,0,0,0,0,0,0,0,0,0,0,0,0,0,0,0,0,0,0,0,0,0,0,0,0,0,0,0,0,0,0,0,0,0,0,0,0,0,0,0,0,0,0,0,0,0,0,0,0,0,0,0,0,0,0,0,0,0,0,0,0,0,0,0,0,0,0,0,0,0,0,0,0,0,0,0,0,0,0,0,0,0,0,0,0,0,0,0,0,0,0,0,0,0,0,0,0,0,0,0,0,0,0,0,0,0,0,0,0,0,0,0,0,0,0,0,0,0,0,0,0,0,0,0,0,0,0,0,0,0,0,0,0,0,0,0,0,0,0,0,0,0,0,0,0,0,0,0,0,0,0,0,0,0,0,0,0,0,0,0,0,0,0,0,0,0,0,0,0,0,0,0,0
0.000397832459144655,0.899748794589282,0,0,0,0,0,0,0,0,0,0,0,0,0,0,0,0,0,0,0,0,0,0,0,0,0,0,0,0,0,0,0,0,0,0,0,0,0,0,0,0,0,0,0,0,0,0,0,0,0,0,0,0,0,0,0,0,0,0,0,0,0,0,0,0,0,0,0,0,0,0,0,0,0,0,0,0,0,0,0,0,0,0,0,0,0,0,0,0,0,0,0,0,0,0,0,0,0,0,0,0,0,0,0,0,0,0,0,0,0,0,0,0,0,0,0,0,0,0,0,0,0,0,0,0,0,0,0,0,0,0,0,0,0,0,0,0,0,0,0,0,0,0,0,0,0,0,0,0,0,0,0,0,0,0,0,0,0,0,0,0,0,0,0,0,0,0,0,0,0,0,0,0,0,0,0,0,0,0,0,0,0,0,0,0,0
0.000471818782396109,0.88665077051902,0,0,0,0,0,0,0,0,0,0,0,0,0,0,0,0,0,0,0,0,0,0,0,0,0,0,0,0,0,0,0,0,0,0,0,0,0,0,0,0,0,0,0,0,0,0,0,0,0,0,0,0,0,0,0,0,0,0,0,0,0,0,0,0,0,0,0,0,0,0,0,0,0,0,0,0,0,0,0,0,0,0,0,0,0,0,0,0,0,0,0,0,0,0,0,0,0,0,0,0,0,0,0,0,0,0,0,0,0,0,0,0,0,0,0,0,0,0,0,0,0,0,0,0,0,0,0,0,0,0,0,0,0,0,0,0,0,0,0,0,0,0,0,0,0,0,0,0,0,0,0,0,0,0,0,0,0,0,0,0,0,0,0,0,0,0,0,0,0,0,0,0,0,0,0,0,0,0,0,0,0,0,0,0,0
0.000482454889462262,0.894116306610286,0,0,0,0,0,0,0,0,0,0,0,0,0,0,0,0,0,0,0,0,0,0,0,0,0,0,0,0,0,0,0,0,0,0,0,0,0,0,0,0,0,0,0,0,0,0,0,0,0,0,0,0,0,0,0,0,0,0,0,0,0,0,0,0,0,0,0,0,0,0,0,0,0,0,0,0,0,0,0,0,0,0,0,0,0,0,0,0,0,0,0,0,0,0,0,0,0,0,0,0,0,0,0,0,0,0,0,0,0,0,0,0,0,0,0,0,0,0,0,0,0,0,0,0,0,0,0,0,0,0,0,0,0,0,0,0,0,0,0,0,0,0,0,0,0,0,0,0,0,0,0,0,0,0,0,0,0,0,0,0,0,0,0,0,0,0,0,0,0,0,0,0,0,0,0,0,0,0,0,0,0,0,0,0,0
0.0000285464492315556,0.854443676997798,0,0,0,0,0,0,0,0,0,0,0,0,0,0,0,0,0,0,0,0,0,0,0,0,0,0,0,0,0,0,0,0,0,0,0,0,0,0,0,0,0,0,0,0,0,0,0,0,0,0,0,0,0,0,0,0,0,0,0,0,0,0,0,0,0,0,0,0,0,0,0,0,0,0,0,0,0,0,0,0,0,0,0,0,0,0,0,0,0,0,0,0,0,0,0,0,0,0,0,0,0,0,0,0,0,0,0,0,0,0,0,0,0,0,0,0,0,0,0,0,0,0,0,0,0,0,0,0,0,0,0,0,0,0,0,0,0,0,0,0,0,0,0,0,0,0,0,0,0,0,0,0,0,0,0,0,0,0,0,0,0,0,0,0,0,0,0,0,0,0,0,0,0,0,0,0,0,0,0,0,0,0,0,0,0
0.000154060063724799,0.83259853759145,0,0,0,0,0,0,0,0,0,0,0,0,0,0,0,0,0,0,0,0,0,0,0,0,0,0,0,0,0,0,0,0,0,0,0,0,0,0,0,0,0,0,0,0,0,0,0,0,0,0,0,0,0,0,0,0,0,0,0,0,0,0,0,0,0,0,0,0,0,0,0,0,0,0,0,0,0,0,0,0,0,0,0,0,0,0,0,0,0,0,0,0,0,0,0,0,0,0,0,0,0,0,0,0,0,0,0,0,0,0,0,0,0,0,0,0,0,0,0,0,0,0,0,0,0,0,0,0,0,0,0,0,0,0,0,0,0,0,0,0,0,0,0,0,0,0,0,0,0,0,0,0,0,0,0,0,0,0,0,0,0,0,0,0,0,0,0,0,0,0,0,0,0,0,0,0,0,0,0,0,0,0,0,0,0
-0.00000205166946859112,0.838755291435627,0,0,0,0,0,0,0,0,0,0,0,0,0,0,0,0,0,0,0,0,0,0,0,0,0,0,0,0,0,0,0,0,0,0,0,0,0,0,0,0,0,0,0,0,0,0,0,0,0,0,0,0,0,0,0,0,0,0,0,0,0,0,0,0,0,0,0,0,0,0,0,0,0,0,0,0,0,0,0,0,0,0,0,0,0,0,0,0,0,0,0,0,0,0,0,0,0,0,0,0,0,0,0,0,0,0,0,0,0,0,0,0,0,0,0,0,0,0,0,0,0,0,0,0,0,0,0,0,0,0,0,0,0,0,0,0,0,0,0,0,0,0,0,0,0,0,0,0,0,0,0,0,0,0,0,0,0,0,0,0,0,0,0,0,0,0,0,0,0,0,0,0,0,0,0,0,0,0,0,0,0,0,0,0,0
0.000305379940036089,0.823938560791867,0,0,0,0,0,0,0,0,0,0,0,0,0,0,0,0,0,0,0,0,0,0,0,0,0,0,0,0,0,0,0,0,0,0,0,0,0,0,0,0,0,0,0,0,0,0,0,0,0,0,0,0,0,0,0,0,0,0,0,0,0,0,0,0,0,0,0,0,0,0,0,0,0,0,0,0,0,0,0,0,0,0,0,0,0,0,0,0,0,0,0,0,0,0,0,0,0,0,0,0,0,0,0,0,0,0,0,0,0,0,0,0,0,0,0,0,0,0,0,0,0,0,0,0,0,0,0,0,0,0,0,0,0,0,0,0,0,0,0,0,0,0,0,0,0,0,0,0,0,0,0,0,0,0,0,0,0,0,0,0,0,0,0,0,0,0,0,0,0,0,0,0,0,0,0,0,0,0,0,0,0,0,0,0,0
0.0000760493791849759,0.855800198231536,0,0,0,0,0,0,0,0,0,0,0,0,0,0,0,0,0,0,0,0,0,0,0,0,0,0,0,0,0,0,0,0,0,0,0,0,0,0,0,0,0,0,0,0,0,0,0,0,0,0,0,0,0,0,0,0,0,0,0,0,0,0,0,0,0,0,0,0,0,0,0,0,0,0,0,0,0,0,0,0,0,0,0,0,0,0,0,0,0,0,0,0,0,0,0,0,0,0,0,0,0,0,0,0,0,0,0,0,0,0,0,0,0,0,0,0,0,0,0,0,0,0,0,0,0,0,0,0,0,0,0,0,0,0,0,0,0,0,0,0,0,0,0,0,0,0,0,0,0,0,0,0,0,0,0,0,0,0,0,0,0,0,0,0,0,0,0,0,0,0,0,0,0,0,0,0,0,0,0,0,0,0,0,0,0
0.000380591074973968,0.808703522856379,0,0,0,0,0,0,0,0,0,0,0,0,0,0,0,0,0,0,0,0,0,0,0,0,0,0,0,0,0,0,0,0,0,0,0,0,0,0,0,0,0,0,0,0,0,0,0,0,0,0,0,0,0,0,0,0,0,0,0,0,0,0,0,0,0,0,0,0,0,0,0,0,0,0,0,0,0,0,0,0,0,0,0,0,0,0,0,0,0,0,0,0,0,0,0,0,0,0,0,0,0,0,0,0,0,0,0,0,0,0,0,0,0,0,0,0,0,0,0,0,0,0,0,0,0,0,0,0,0,0,0,0,0,0,0,0,0,0,0,0,0,0,0,0,0,0,0,0,0,0,0,0,0,0,0,0,0,0,0,0,0,0,0,0,0,0,0,0,0,0,0,0,0,0,0,0,0,0,0,0,0,0,0,0,0
0.00107499883024483,0.864058884459333,0,0,0,0,0,0,0,0,0,0,0,0,0,0,0,0,0,0,0,0,0,0,0,0,0,0,0,0,0,0,0,0,0,0,0,0,0,0,0,0,0,0,0,0,0,0,0,0,0.00221880334069543,0,0,0,0,0,0,0,0,0,0,0,0,0,0,0,0,0,0,0,0,0,0,0,0,0,0,0,-0.00720867753991293,0,0,0,0,0,0,0,0,0,0,0,0,0,0,0,0,0,0,0,0,0,0,0,0,0,0,0,0,0,0,0,0,0,0,0,0,0,0,0,0,0,0,0,0,0,0,0,0,0,0,0,0,0,0,0,0,0,0,0,0,0,0.00125245012878165,0,0,0,0,0,0,0,0,0,0,0,0,0,0,0,0,0,0,0,0,0,0,0,0,0,0,0,0,0,0,0,0,0,0,0,0,0,0,0,0,0,0,0,0,0,0
0.00044325370770889,0.845202030776528,0,0,0,0,0,0,0,0,0,0,0,0,0,0,0,0,0,0,0,0,0,0,0,0,0,0,0,0,0,0,0,0,0,0,0,0,0,0,0,0,0,0,0,0,0,0,0,0,0,0,0,0,0,0,0,0,0,0,0,0,0,0,0,0,0,0,0,0,0,0,0,0,0,0,0,0,-0.0119272075921527,0,0,0,0,0,0,0,0,0,0,0,0,0,0,-0.000548371268023338,0,0,0,0,0,0,0,0,0,0,0,0,0,0,0,0,0,0,0,0,0,0,0,0,0,0,0,0,0,0,0,0,0,0,0,0,0,0,0,0,0,0,0,0,0,0,0,0,0,0,0,0,0,0,0,0,0,0,0,0,0,0,0,0,0,0,0,0,0,0,0,0,0,0,0,0,0,0,0,0,0,0,0,0,0,0,0,0,0,0,0,0,0
0.000832767891343994,0.824700003506328,0,0,0,0,0,0,0,0,0,0,0,0,0,0,0,0,0,0,0,0,0,0,0,0,0,0,0,0,0,0,0,0,0,0,0,0,0,0,0,0,0,0,0,0,0,0,0,0,0,0,0,0,0,0,0,0,0,0,0,0,0,0,0,0,0,0,0,0,0,0,0,0,0,0,0,0,0,0,0,0,0,0,0,0,0,0,0,0,0,0,0,0,0,0,0,0,0,0,0,0,0,0,0,0,0,0,0,0,0,0,0,0,0,0,0,0,0,0,0,0,0,0,0,0,0,0,0,0,0,0,0,0,0,0,0,0,0,0,0,0,0,0,0,0,0,0,0,0,0,0,0,0,0,0,0,0,0,0,0,0,0,0,0,0,0,0,0,0,0,0,0,0,0,0,0,0,0,0,0,0,0,0,0,0,0
0.00103858737643291,0.838666947684879,0,0,0,0,0,0,0,0,0,0,0,0,0,0,0,0,0,0,0,0,0,0,0,0,0,0,0,0,0,0,0,0,0,-0.000238501950161777,0,0,0,0,0,0,0,0,0,0,0,0,0,0,0,0,0,0,0,0,0,0,0,0,0,0,0,0,0,0,0,0,0,0,0,0,0,0,0,0,0,0,-0.0126836836639256,0,0,0,0,0,0,0,0,0,0,0,0,0,0,0,0,0,0,0,0,0,0,0,0,0,0,0,0,0,0,0,0,0,0,0,0,0,0,0,0,0,0,0,0,0,0,0,0,0,0,0,0,0,0,0,0,0,0,0,0,0,0,0,0,0,0,0,0,0,0,0,0,0,0,0,0,0,0,0,0,0,0,0,0,0,0,0,0,0,0,0,0,0,0,0,0,0,0,0,0,0,0,0,0,0,0,0,0
0.00123116571303351,0.836605269602063,-0.00877843744181311,0,0,0,0,0,0,0,0,0,0,0,0,0,0,0,0,-0.00756633449355346,0,0,0,0,0,0,0,0,0,0,0,0,0,0,0,0,0,0,0,0,0,0,0,0,0,0,0,0,0,0,0,0,0,0,0,0,0,0,0,0,0,0,0,0,0,0,0,0,0,0,0,0,0,0,0,0,0,0,-0.00619982552475017,0,0,0,0,0,0,0,0,0,0,0,0,0,0,0,0,0,0,0,0,0,0,0,0,0,0,0,0,0,0,-0.00251103593143849,0,0,0,0,0,0,0,0,0,0,0,0,0,0,0,0,0,0,0,0,0,0,0,0,0,0,0,0,0,0,0,0,0,0,0,0,0,0,0,0,0,0,0,0,0,0,0,0,0,0,0,0,0,0,0,0,0,0,0,0,0,0,0,0,0,0,0,0,0,0,0,0,0,0,0,0,0
0.000394707822767584,0.821311047551355,0,0,0,0,0,0,0,0,0,0,0,0,0,0,0,0,0,0,0,0,0,0,0,0,0,0,0,0,0,0,0,0,0,0,0,0,0,0,0,0,0,0,0,0,0,0,0,0,0,0,0,0,0,0,0,0,0,0,0,0,0,0,0,0,0,0,0,0,0,0,0,0,0,0,0,0,0,0,0,0,0,0,0,0,0,0,0,0,0,0,0,0,0,0,0,0,0,0,0,0,0,0,0,0,0,0,0,0,0,0,0,0,0,0,0,0,0,0,0,0,0,0,0,0,0,0,0,0,0,0,0,0,0,0,0,0,0,0,0,0,0,0,0,0,0,0,0,0,0,0,0,0,0,0,0,0,0,0,0,0,0,0,0,0,0,0,0,0,0,0,0,0,0,0,0,0,0,0,0,0,0,0,0,0,0
NA,NA,NA,NA,NA,NA,NA,NA,NA,NA,NA,NA,NA,NA,NA,NA,NA,NA,NA,NA,NA,NA,NA,NA,NA,NA,NA,NA,NA,NA,NA,NA,NA,NA,NA,NA,NA,NA,NA,NA,NA,NA,NA,NA,NA,NA,NA,NA,NA,NA,NA,NA,NA,NA,NA,NA,NA,NA,NA,NA,NA,NA,NA,NA,NA,NA,NA,NA,NA,NA,NA,NA,NA,NA,NA,NA,NA,NA,NA,NA,NA,NA,NA,NA,NA,NA,NA,NA,NA,NA,NA,NA,NA,NA,NA,NA,NA,NA,NA,NA,NA,NA,NA,NA,NA,NA,NA,NA,NA,NA,NA,NA,NA,NA,NA,NA,NA,NA,NA,NA,NA,NA,NA,NA,NA,NA,NA,NA,NA,NA,NA,NA,NA,NA,NA,NA,NA,NA,NA,NA,NA,NA,NA,NA,NA,NA,NA,NA,NA,NA,NA,NA,NA,NA,NA,NA,NA,NA,NA,NA,NA,NA,NA,NA,NA,NA,NA,NA,NA,NA,NA,NA,NA,NA,NA,NA,NA,NA,NA,NA,NA,NA,NA,NA,NA,NA,NA
0.000977257312132026,0.814252765742453,-0.00553983572933791,0,0,0,0,0,0,0,0,0,0,0,0,0,0,0,0,-0.00470721117640232,0,0,0,0,0,0,0,0,0,0,0,0,0,0,0,-0.00476148746446658,0,0,0,0,0,0,0,0,0,0,0,0,0,0,0,0,0,0,0,0,0,0,0,0,0,0,0,0,0,0,0,0,0,0,0,0,0,0,0,0,0,0,-0.0108168805274494,0,0,0,0,0,0,0,0,0,0,0,0,0,0,0,0,0,0,0,0,0,0,0,0,0,0,0,0,0,0,-0.00229458111482332,0,0,0,0,0,0,0,0,0,0,0,0,0,0,0,0,0,0,0,0,0,0,0,0,0,0,0,0,0,0,0,0,0,0,0,0,0,0,0,0,0,0,0,0,0,0,0,0,0,0,0,0,0,0,0,0,0,0,0,0,0,0,0,0,0,0,0,0,0,0,0,0,0,0,0,0,0
NA,NA,NA,NA,NA,NA,NA,NA,NA,NA,NA,NA,NA,NA,NA,NA,NA,NA,NA,NA,NA,NA,NA,NA,NA,NA,NA,NA,NA,NA,NA,NA,NA,NA,NA,NA,NA,NA,NA,NA,NA,NA,NA,NA,NA,NA,NA,NA,NA,NA,NA,NA,NA,NA,NA,NA,NA,NA,NA,NA,NA,NA,NA,NA,NA,NA,NA,NA,NA,NA,NA,NA,NA,NA,NA,NA,NA,NA,NA,NA,NA,NA,NA,NA,NA,NA,NA,NA,NA,NA,NA,NA,NA,NA,NA,NA,NA,NA,NA,NA,NA,NA,NA,NA,NA,NA,NA,NA,NA,NA,NA,NA,NA,NA,NA,NA,NA,NA,NA,NA,NA,NA,NA,NA,NA,NA,NA,NA,NA,NA,NA,NA,NA,NA,NA,NA,NA,NA,NA,NA,NA,NA,NA,NA,NA,NA,NA,NA,NA,NA,NA,NA,NA,NA,NA,NA,NA,NA,NA,NA,NA,NA,NA,NA,NA,NA,NA,NA,NA,NA,NA,NA,NA,NA,NA,NA,NA,NA,NA,NA,NA,NA,NA,NA,NA,NA,NA
NA,NA,NA,NA,NA,NA,NA,NA,NA,NA,NA,NA,NA,NA,NA,NA,NA,NA,NA,NA,NA,NA,NA,NA,NA,NA,NA,NA,NA,NA,NA,NA,NA,NA,NA,NA,NA,NA,NA,NA,NA,NA,NA,NA,NA,NA,NA,NA,NA,NA,NA,NA,NA,NA,NA,NA,NA,NA,NA,NA,NA,NA,NA,NA,NA,NA,NA,NA,NA,NA,NA,NA,NA,NA,NA,NA,NA,NA,NA,NA,NA,NA,NA,NA,NA,NA,NA,NA,NA,NA,NA,NA,NA,NA,NA,NA,NA,NA,NA,NA,NA,NA,NA,NA,NA,NA,NA,NA,NA,NA,NA,NA,NA,NA,NA,NA,NA,NA,NA,NA,NA,NA,NA,NA,NA,NA,NA,NA,NA,NA,NA,NA,NA,NA,NA,NA,NA,NA,NA,NA,NA,NA,NA,NA,NA,NA,NA,NA,NA,NA,NA,NA,NA,NA,NA,NA,NA,NA,NA,NA,NA,NA,NA,NA,NA,NA,NA,NA,NA,NA,NA,NA,NA,NA,NA,NA,NA,NA,NA,NA,NA,NA,NA,NA,NA,NA,NA
0.000757905807474482,0.709785818766436,-0.0131059946090164,0,0,0,0,0,0,0,0,0,0,0,0,0,0,0,0,-0.0157666782127868,0,0,0,0,0,0,0,0,0,0,0,0,0,0,0,0,0,0,0,0,0,0,0,0,0,0,0,0,0,0,0,0,0,0,0,0,0,0,0,0,0,0,0,0,0,0,0,0,0,0,0,0,0,0,0,0,0,0,-0.00598207585633393,0,0,0,0,0,0,0,0,0,0,0,0,0,0,0,0,0,0,0,0,0,0,0,0,0,0,0,0,0,0,-0.00170316009490021,0,0,0,0,0,0,0,0,0,0,0,0,0,0,0,0,0,0,0,0,0,0,0,0,0,0,0,0,0,0,0,0,0,0,0,0,0,0,0,0,0,0,0,0,0,0,0,0,0,0,0,0,0,0,0,0,0,0,0,0,0,0,0,0,0,0,0,0,0,0,0,0,0,0,0,0,0
NA,NA,NA,NA,NA,NA,NA,NA,NA,NA,NA,NA,NA,NA,NA,NA,NA,NA,NA,NA,NA,NA,NA,NA,NA,NA,NA,NA,NA,NA,NA,NA,NA,NA,NA,NA,NA,NA,NA,NA,NA,NA,NA,NA,NA,NA,NA,NA,NA,NA,NA,NA,NA,NA,NA,NA,NA,NA,NA,NA,NA,NA,NA,NA,NA,NA,NA,NA,NA,NA,NA,NA,NA,NA,NA,NA,NA,NA,NA,NA,NA,NA,NA,NA,NA,NA,NA,NA,NA,NA,NA,NA,NA,NA,NA,NA,NA,NA,NA,NA,NA,NA,NA,NA,NA,NA,NA,NA,NA,NA,NA,NA,NA,NA,NA,NA,NA,NA,NA,NA,NA,NA,NA,NA,NA,NA,NA,NA,NA,NA,NA,NA,NA,NA,NA,NA,NA,NA,NA,NA,NA,NA,NA,NA,NA,NA,NA,NA,NA,NA,NA,NA,NA,NA,NA,NA,NA,NA,NA,NA,NA,NA,NA,NA,NA,NA,NA,NA,NA,NA,NA,NA,NA,NA,NA,NA,NA,NA,NA,NA,NA,NA,NA,NA,NA,NA,NA
0.000874565276131944,0.63736320319131,-0.0116226238453432,0,0,0.00173143949387612,0,0,0,0,0,0,0,0,-0.00330977121459508,0,0,0,0,-0.0220585900715131,0,0,0,0,0,0,0,-0.00524977268500424,0,0,0,0,0,0,0,0,0,0,0,0,0.0078852013655108,0,0,0,0,0.010512863006488,0,0,0,0,0.021282940500557,0,0,0,0,0,-0.000751137821153275,0,0,0,0,0,0,0,0,0,0,0,0,0,0,0.00799561928888151,0,0,0,0,0,0,-0.00284959953730593,0,0,0.00484946673330455,0,0,0,0,0,0,0,0,0,0,0,0,0,0,0,0,0,0,0,0,0,0,0,0,0,0,0,0,0,0,0,0,0,0,0,0,0,0,0,0,0,0,0,0,0,-0.00227188513742024,0,0,0,0,0,0,0,0,0.026898965639684,0,0,0,0.00349124573271112,0,0,0,0,0,0,0,0,0,-0.006853679754274,0,0,0,0,0,0,0,0,0,0,0,0,0,0,0,0,0,0,0,0,0,0,0,0,0,0,0,0,0,-0.0165281095533796,0,0,0,0,0,-0.00315894763106643
0.000922989525068094,0.662141289134182,-0.0254546054295528,0,0,0.00933610353022899,0,0,0,0,0,0,0,0,0,0,0,0,0,-0.0238251843181796,0,0,0,0,0,0,0,0,0,0,0,0,0,0,0,0,0,0,0,0,0,0,0,0,0,0,0,0,0,0,0,0,0,0,0.00330559121671294,0,0,0,0,0,0,0,0,0,0,0,0,0,0,0,0,0.00543585595339276,0,0,0,0,0,0,-0.00540997732407033,0,0,0.0087288947594205,0,0,0,0,0,0,0,0,0,0,0,0,0,0,0,0,0,0,0,0,0,0,0,0,0,0,0,-0.00371991837571325,0,0,0,0,0,0,0,0,0,0,0,0,0,0,0,0,0,0,0,0,0,0,0,0,0,0,0.00524579750678572,0,0,0,0,0,0,0,0,0,0,0,0,0,0,0,0,0,0,0,0,0,0,0,0,0,0,0,0,0,0,0,0,0,0,0,0,0,0,0,0,0,0,0.0100577825555463,-0.0130176408236479,0,0,0,0,0,0
0.000807750249976167,0.592265275831272,-0.00589155714893258,0,0,0.0012100977956563,0,0,0,0,0,0,0,0,0,0,0,0,0,-0.0252077063102155,0,0,0,0,0,0,0,0,0,0,0,0,0,0,0,0,0,0,0,0,0.00278470245318265,0,0,0,0,0.00562775412710127,0,0,0,0,0.0277957899265781,0,0,0,0,0,0,0,0,0,0,-0.00105907799281717,0,0,0,0,0,0,0,0,0,0.00602387670186365,0,0,0,0,0,0,-0.00887856775640663,0,0,0.00773343936465833,0,0,-0.0148063497919241,0,0,0,0,0,0,0,0,0,0,0,0,0.0103471767366502,0,0,0,0,0,0,0,0,0,0,0,0,0,0,0,0,0,0,0,0,0,0,0,0,0,0,0,0,0,0,0,0,0,0,0,0,0,0,0.0267399223475743,0,0,0,0,0,0,0,0,0,0,0,0,0,-0.00364805223788684,0,0,0,0,0,0,0,0,0,0,0,0,0,0,0,0,0,0,0,0,0,0,0,0,0,0,0,0,0,-0.0102455963051027,0,0,0,0,0,-0.00570795745478151
0.00126777319797943,0.775744970394427,-0.00562350159494642,0,0,0,0,0,0,0,0,0,0,0,0,0,0,0.0223807652914831,0,-0.00344770308256497,0,0,0,0,0,0,0,-0.000815480047405393,0,0,0,0,0,0,0,0,0,0,0,0,0,0,0,0,0,0,0,0,0,0,0.010930094313808,0,0,0,0,0,0,0,0,0,0,0,0,0,0,0,0,0,0,0,0,0,0,0,0,0,0,0,-0.0223985949418963,0,0,0.00736400350452426,0,0,0,0,0,0,0,0,-0.00641356944637959,0,0,0,0,0,0,0,0,0,0,0,0,0,0,0,0,0,0,0,0,0,0,0,0,0,0,0,0,0,0,0,0,0,0,0,0,0,0,0,0,0,0,0,0,0,0,0,0,0,0.016171115062103,0,0,0,0,0,0,0,0,0,0,0,0,0,0,0,0,0,0,0,0,0,0,0,0,0,0,0,0,0,0,0,0,0,0,0,0,0,0,0,-0.00590977020238311,0,0,0,0,0,0
0.00101790009254634,0.615077984463972,-0.016731131899478,0,0,0.00489579562857936,0,0,0,0,0,0,0,0,-0.000503582358040316,0,0,0.0207613905532195,0,-0.0236767739294172,0,0,0,0,0,0,0,0,0,0,0,0,0,0,0,0,0,0,0,0,0,0,0,0,0,0.00146195056828949,0,0,0,0,0.0445911866675158,0,0,0,0.00433170976795593,0,-0.00012090292447879,0,0,0,0,0,0,0,0,0,0,0,0,0,0,0.00519967717179077,0,0,0,0,0,0,-0.0145654288144845,0,0,0,0,0,-0.0149353047216637,0,0,0,0,0,0,0,0,0,0,0,0,0.0421324924468677,0,0,0,0,0,0,0,0,0,0,0,-0.0114294994500246,0,0,0,0,0,0,0,0,0,0,0,0,0,0,0,0,0,0,0,0,0,0,0,0,0,0,0.0231101792757369,0,0,0,0.00315242947269835,0,0,0,0,0,0,0,0,0,0,0,0,0,0,0,0,0,0,0,0,0,0,0,0,0,0,0,0,0,0,0,0,0,0,0,0,0,0,0.0021462872931804,-0.0272716781421584,0,0,0,0,0,-0.00884446828106028
0.00103949851318478,0.619899646408812,0,0,0,0,0,0,0,0,0,0,0,0,0,0,0,0.0307742619752685,0,-0.0123897665720251,0,0,0,0,0,0,0,0,0,0,0,0,0,0,0,0,0,0,0,0,0.0131033472811628,0,0,0,0,0.0169126867451029,0,0,0,0,0.0479985328466449,0,0,0,0,0,0,0,0,0,-0.00217916707043404,-0.00260907819951596,0,0,0,0,0,0,0,0,0,0,0,0,0,0,0,0,-0.0145977835712874,0,0,0.0174594082301234,0,0,-0.0102674216182734,0,0,0,0,0,0,0,0,0,0,0,0,0.0220848631585372,0,0,0,0,0,0,0,0,0,0,0,0,0,0,0,0,0,0,0,0,0,0,0,0,0,0,0,0,0,0,0,0,0,0,0,0,0,0,0.0265228416507982,0,0,0,0.0122450994482367,0,0,0,0,0,0,0,0,0,0,0,0,0,0,0,0,0,0,0,0,0,0,0,0,0,0,0,0,0,0,0,0,0,0,0,0,0,0,0,-0.0294106379206549,0,0,0,0,0,0
NA,NA,NA,NA,NA,NA,NA,NA,NA,NA,NA,NA,NA,NA,NA,NA,NA,NA,NA,NA,NA,NA,NA,NA,NA,NA,NA,NA,NA,NA,NA,NA,NA,NA,NA,NA,NA,NA,NA,NA,NA,NA,NA,NA,NA,NA,NA,NA,NA,NA,NA,NA,NA,NA,NA,NA,NA,NA,NA,NA,NA,NA,NA,NA,NA,NA,NA,NA,NA,NA,NA,NA,NA,NA,NA,NA,NA,NA,NA,NA,NA,NA,NA,NA,NA,NA,NA,NA,NA,NA,NA,NA,NA,NA,NA,NA,NA,NA,NA,NA,NA,NA,NA,NA,NA,NA,NA,NA,NA,NA,NA,NA,NA,NA,NA,NA,NA,NA,NA,NA,NA,NA,NA,NA,NA,NA,NA,NA,NA,NA,NA,NA,NA,NA,NA,NA,NA,NA,NA,NA,NA,NA,NA,NA,NA,NA,NA,NA,NA,NA,NA,NA,NA,NA,NA,NA,NA,NA,NA,NA,NA,NA,NA,NA,NA,NA,NA,NA,NA,NA,NA,NA,NA,NA,NA,NA,NA,NA,NA,NA,NA,NA,NA,NA,NA,NA,NA
0.00105251910599843,0.578261654684312,-0.00748971447379812,0,0,0.00840193568680405,0,-0.0220588110567024,0,0,0,0,0,0,-0.00459924791651416,0,0,0.0161986164890675,0,-0.0180068432447175,0,0,0,0,0,0,0,-0.0153821558028281,0,0,0,0,0,0,0,0,0,0,0,0,0,0,0,0,0,0.0220656769726884,0,0,-0.0144420911594853,0,0.0268890122120552,0,0,0,0,0,-0.00189854756052687,0,0,0,0,-0.00102670551389002,0,0,0,0,0,0,0,0,0,0.00937613751083949,0,0,0,0,0,0,-0.00591628929141703,0,0,0.0194498457017513,0,0,-0.0172182557055417,0,0,0,0,0,0,0,0,0,0,0,0,0.0255425236823736,0,0,0,0,0,0,0,0,0,0,0,0,0,0,0,0,0,0,0,0,0,0,0,-0.00205933061580762,0,0,0,0,0,-0.00503354541892332,0,0,0,0,0,0,0,0,0.0285439342378972,0,0,0,0.0100152419694689,0,0,0,0,0,0,0,0,0,0,0,0,0,0,0,0,0,0,0,0,0,0,0,0,0,0,0,0,0,0,0,0,0,0,0,0,0,0,0.00614303323051338,-0.0254722186145525,0,0,0,0,0,0
NA,NA,NA,NA,NA,NA,NA,NA,NA,NA,NA,NA,NA,NA,NA,NA,NA,NA,NA,NA,NA,NA,NA,NA,NA,NA,NA,NA,NA,NA,NA,NA,NA,NA,NA,NA,NA,NA,NA,NA,NA,NA,NA,NA,NA,NA,NA,NA,NA,NA,NA,NA,NA,NA,NA,NA,NA,NA,NA,NA,NA,NA,NA,NA,NA,NA,NA,NA,NA,NA,NA,NA,NA,NA,NA,NA,NA,NA,NA,NA,NA,NA,NA,NA,NA,NA,NA,NA,NA,NA,NA,NA,NA,NA,NA,NA,NA,NA,NA,NA,NA,NA,NA,NA,NA,NA,NA,NA,NA,NA,NA,NA,NA,NA,NA,NA,NA,NA,NA,NA,NA,NA,NA,NA,NA,NA,NA,NA,NA,NA,NA,NA,NA,NA,NA,NA,NA,NA,NA,NA,NA,NA,NA,NA,NA,NA,NA,NA,NA,NA,NA,NA,NA,NA,NA,NA,NA,NA,NA,NA,NA,NA,NA,NA,NA,NA,NA,NA,NA,NA,NA,NA,NA,NA,NA,NA,NA,NA,NA,NA,NA,NA,NA,NA,NA,NA,NA
0.000846367623299796,0.578017558201721,0,0,0,0.0210257235942559,0,0,0,0,0,-0.0065888116047878,0,0.045174849387,0,0,0,0.0733244517317665,0,0,0,0,0,0,0,0,0,0,0,0,0,0,0,0,0,0,0,0,0,0,0.0249513692167784,0,0,0,0,0.0288131614388455,0,0,-0.00321179179986415,0,0.0869789804099861,0,0,0,0,0,0,0,0,0,-0.00242864251814954,-0.00368059273139886,0,0,0,0,0,0,0,0,0,0,0,0,0,0,0,0,-0.0139984465884106,0,0,0.0122450194611685,0,0,-0.0125845086406269,0,0,0,-0.0101364284040574,0,0,-0.0252086815797601,0,0,0,0,0,0.0653453525085438,0,0,0,0,0,0,0,0,0,-0.00896027080276939,0,-0.00441340909448762,0,0,0,0,0,0,0,0,0,0,0,0,0,0,0,0,0,0,0,0,0,0,0,0,0,0,0.0159569343302421,0,0,0,0.0163937724840827,0,0,0,0,0,0,0,0,0,0,0,0,0,0,0,0,0,0,0,0,0,0,0,0,0,0,0,0,0,0,0,0,0,0,0,0,0,0,0,-0.0224057823258647,0,0,0,0,0,-0.0011779765810377
0.000295880619560103,0.509978060711525,-0.0385023737043411,0,0,0.0366919393997578,0,-0.00950130727679067,0,0,0,0,-0.0136681804780974,0.0132324723684218,-0.00514880324172177,0,0,0.0114722378960017,0,-0.0288445717722499,0,0,0,0,0,0,0,-0.0198609560050123,0,0,0.00434951645718174,0,0,0,0,0,0,0,0,0,0.0223363580683572,0,0,0,-0.00250021478617974,0.0122478864039062,0,0,-0.0124610879782711,0,0.0505346035158697,0,0,0,0.0033510701292085,0,-0.0132880796868042,0,0,-0.0113972727870446,0,-0.0120649793400432,0,0,0,0,0,0,0,0,0,0.0156941677549186,0,0,0,0,0,0,-0.0150111446987662,0,0,0.0240716552306897,0,-0.00915611752774573,-0.0358015226483748,0,0,0,-0.00326490214646388,-0.0238525415262873,-0.00171838909599517,-0.00832189640396682,0,0,0,0,0,0.0662007287862266,0,0,0,0,0,0,0,0,0,0,0,-0.0102463795630551,0,0,0,0,0,0,0,0,0,0,0,-0.00187672022191669,0.000315180366792029,0,0,0,0,-0.00566149492169797,0,0,0,0,0,0,0,0,0.0633805099586445,0,0,0,0.00196126975967223,0,0,0,0,0,0,0,0,0,-0.00640581299125307,0,0,0,0,0,0,0,0,0,0,0,0,0,0,0,0,0,0,0,0,0,0,0,0,0,0,0,0,0.0140926346045924,-0.0668493662894868,0,0,0,0,0,-0.010382901652889
0.00134176806373907,0.787192007118314,-0.0223168694263939,0,0,0,0,0,0,0,0,0,0,0,0,0,0,0.0276816777072913,0,0,0,0,0,0,0,0,0,-0.00499517936269327,0,0,0,0,0,0,0,0,0,0,0,0,0,0,0,0,0,0,0,0,0,0,0.00400157937421771,0,0,0,0,0,0,0,0,0,0,0,0,0,0,0,0,0,0,0,0,0,0,0,0,0,0,0,-0.01802065142135,0,0,0.00249100863770821,0,0,0,0,0,0,0,0,0,0,0,0,0,0,0,0,0,0,0,0,0,0,0,0,0,0,0,0,0,0,0,0,0,0,0,0,0,0,0,0,0,0,0,0,0,0,0,0,0,0,0,0,0,0,0,0,0,0,0.0186575781636914,0,0,0,0,0,0,0,0,0,0,0,0,0,0,0,0,0,0,0,0,0,0,0,0,0,0,0,0,0,0,0,0,0,0,0,0,0,0,0,-0.00285939721852593,0,0,0,0,0,0
0.00015549720694311,0.592646529939831,-0.0124547645808678,0,0,0.0215990342469798,0,-0.0117696995995502,0,0,0,-0.00082621544116068,0,0,-0.00636318965685499,0,0,0,0,-0.0370388979499418,0,0,0,0,0.0153507530678529,0,0,-0.00366387320394281,0,0,0.0211448751023642,0,0,0,0,0,0,0,0,0,0,0,0,0,-0.00587617109170078,0,0,0,0,0,0.00631017487706934,0,0.000427896422233359,0,0.000264644982050871,0,-0.0120649212849694,0,0,0,0,-0.00764185126451767,0,-0.0163520996281127,0,0,0,0,0,0,0,0.0169682737004659,0,0,0,0,0,0,-0.00734076216712433,0,0,0.00192121895380972,0,0,-0.0182456258158983,0,0.0032480811956908,0,0,0,0,0,0,0,0,0,0,0,0,0,0,0,0,0,0,0,0,0,0,-0.0136135411082805,0,0,0,0,0,0,0,0,0,0,0,-0.0114419075527884,0.00614324645756164,0,0,0,0,-0.0198568490708861,0,0,0,0,0,0,0,0,0,0,0,0,0,0,0,0,0,0,0,0,0,0,-0.0126465288380697,0,0.014137383328656,0,0,0,0,0,0,0,0,0,0,0.00123487946828257,0.00170848436636314,-0.0144097040803515,0,0,0,0,0,0,0,0,0,0,0,0,0,0.0202641706099133,-0.0135510317698893,0,0,0,0,0,-0.0125731753620851
-0.0000879833440027276,0.485006697017945,-0.0230408535540384,0,0,0.0150460881357333,0,-0.0208415074716928,0,0,0,0,0,0,-0.0109019543936332,0,0,0,0,-0.0365410203168305,0,0,0,0,0,0,0,-0.0223954884093351,0,0,0,0,0,0,0,0,0,0,0,0,0,0,0,0,-0.00894085625849987,0.0136966281913943,0,0,0,0,0.0211805100495298,0,0.00878954498975718,0,0.00160380452836617,0.00536932149934769,0,0,0,0,0,0,0,0,0,0,0,0,0,0,0,0.0220621547475941,0,0,0,0,0.00156110695646071,0,-0.0124653979096881,0,0,0,0,0,-0.0173268769279434,0,0,0,-0.0149980760645749,0,0,0,0,-0.00424521226859733,0,0,0,0.00171809683290993,0,0,0,0,0,0,0,0,0,0,0,-0.00600143143571256,0,0,0,0,0,0,0,0,0,0,0,-0.00975629015115013,0,0,0,0,0,-0.00226549196259971,0,0,0,0,0,0,0,0,0.021024764651168,0,0,0,0,0,0,0,0,0,0,0,0,0,-0.0324949059255857,0,0.00840406023355315,0,0,0,0,0,-0.0109245131985596,0,0,0,0,0,0,0,0,0,0,0,0,0,0,0.00378283740410515,0,0,0,0,0,0.0199707926243545,-0.0349034186339761,0,0,0,0,0,-0.0124095423529684
0.00151825841828848,0.505936931413018,-0.00851792739363208,0,0,0.0203448534279773,0,-0.0256913276022598,0,0,0,0,-0.000604192810793695,0.05282163550102,0,0,0,0.0939684980802747,0,0,0,0,0,0,0,0,0,-0.0101640745414136,0,0.00640726580845364,0,0,0,0,0,0,0,0,0,0,0,0.00274902048236231,0,0,0,0.0123692461350224,0,0,-0.00897823335691795,0,0.0483113702139581,0,0,0,0,0,0,0,0,0,-0.00897852507536047,-0.00999976409879596,-0.0185151031677409,0,0,0,0,0,0,0,0,0,0,0,0,0,0,0,0,0,0,0.024567348776929,0,0,-0.0381415435570208,0,0,0,-0.043717040588502,-0.00931050919928075,0,-0.0242549501843529,0,0,0,0,0,0.0125377917928861,0,0,0,0,0,0,0,0,0,0,0,0,0,0,0,0,0,0,0,0,0,0,0,0,0,0,0,0,0,0,0,0,0,0,0,0,0,0,0.0294731626673647,0,0,0,0.0248818191167644,0,0,0,0,0,0,0,0,0,0,0,0,0,0,0,0,0,0,0,0,0,0,0,0,0,0,0,0,-0.0170930979880713,0,0,0,0,0,0,0,0,0,0.000369592448325915,-0.0129065867853906,0,0,0,0,0,0
0.00151621594436837,0.555140990114758,0,0,0,0.0370122440564507,0,-0.00385142905848509,0,0,0,-0.0344884851996983,-0.00210424207109964,0.0847984479981119,0,0,0,0.0734901641854021,0,0,0,0,0,0,0,0,0,-0.00576965245253438,0,0.0237347310740926,0,0,0,0,0,0,0,0,0,0,0,0,0,0,-0.00218041527789416,0,0,0,0,0,0.0622951409437877,0,0,0,0,0,0,0,0,-0.00702904603047825,-0.0168728038811767,-0.0346854824324589,0,0,0,0,0,0,0,0,0,0,-0.0301399959281359,0,0,-0.00126414255492954,0,0,-0.00133427811299326,0,0,0.0794591001077745,0,-0.00359936800781935,0,0,0,0,-0.034543737870811,-0.0132681835332898,0,0,0,-0.00414631655104458,0,-0.00188383140201675,0,0.0489586471914441,0,0,0,0,0,0,-0.0106632483177942,0,0,0,0,0,0,0,0,0,0,0,0,0,0,0,0,0,0,0,0,0,0,0,0,0,0,0,0,0,0,0,0.0208744694367859,0,0,0,0.0141268692025452,0,0,0,0,0,0,0,0,0,0,0,0,0,0,0,0,0,0,0,0,0,0,0,0,0,0,0,0,0,0,0,0,0,0,0,0,0,0,0,-0.0545276420748168,0,0,0,0,0,0
0.000964900245138933,0.685384954523923,-0.0189565222727707,0,0,0.000367153737182494,0,0,0,0,0,0,0,0,0,0,0,0.0574160739372143,0,0,0,0,0,0,0,0,0,0,0,0,0,0,0,0,0,0,0,0,0,0,0,0.0141423240412565,0,0,0,0,0,0,0,0,0,0,0,0,0,0,0,0,0,0,0,0,0,0,0,0,0,0,0,0,0,0,0,0,0,0,0,0,-0.00255130657139884,0,0,0.00606217472831823,0,0,0,0,0,0,0,0,0,-0.00406078208532971,0,0,0,0,0,0,0,0,0,0,0,0,0,0,0,0,0,0,0,0,0,0,0,0,0,0,0,0,0,0,0,0,0,0,0,0,0,0,0,0,0,0,0,0,0,0,0,0,0.0141766458562549,0,0,0,0,0,0,0,0,0,0,0,0,0,0,0,0,0,0,0,0,0,0,0,0,0,0,0,0,0,0,0,0,0,0,0,0,0,0,0,-0.0201271481904367,0,0,0,0,0,0
0.000907405978829931,0.68817623606542,-0.0082725107472276,0,0,0.00486008351894849,0,0,0,0,0,0,0,0,0,0,0,0,0,-0.00721059956848948,0,0,0,0,0,0,0,-0.00862106989972378,0,0,0,0,0,0,0,0,0,0,0,0,0,0,0,0,0,0.0113123999461934,0,0,-0.000445784828734664,0,0.0218777982704811,0,0,0,0,0,0,0,0,0,0,0,0,0,0,0,0,0,0,0,0,0.00749007688067236,0,0,0,0,0,0,-0.01369603857603,0,0,0,0,0,-0.0131783805561087,0,0,0,0,0,0,0,0,0,0,0,0,0.0173291091365354,0,0,0,0,0,0,0,0,0,0,0,-0.00934215018093164,0,0,0,0,0,0,0,0,0,0,0,0,0,0,0,0,0,-0.0109267476819344,0,0,0,0,0,0,0,0,0,0,0,0,0.000712161789689567,0,0,0,0,0,0,0,0,0,0,0,0,0,0,0,0,0,0,0,0,0,0,0,0,0,0,0,0,0,0,0,0,0,0,0,0,0,0,0.00975408797481458,-0.0263040593020461,0,0,0,0,0,0
NA,NA,NA,NA,NA,NA,NA,NA,NA,NA,NA,NA,NA,NA,NA,NA,NA,NA,NA,NA,NA,NA,NA,NA,NA,NA,NA,NA,NA,NA,NA,NA,NA,NA,NA,NA,NA,NA,NA,NA,NA,NA,NA,NA,NA,NA,NA,NA,NA,NA,NA,NA,NA,NA,NA,NA,NA,NA,NA,NA,NA,NA,NA,NA,NA,NA,NA,NA,NA,NA,NA,NA,NA,NA,NA,NA,NA,NA,NA,NA,NA,NA,NA,NA,NA,NA,NA,NA,NA,NA,NA,NA,NA,NA,NA,NA,NA,NA,NA,NA,NA,NA,NA,NA,NA,NA,NA,NA,NA,NA,NA,NA,NA,NA,NA,NA,NA,NA,NA,NA,NA,NA,NA,NA,NA,NA,NA,NA,NA,NA,NA,NA,NA,NA,NA,NA,NA,NA,NA,NA,NA,NA,NA,NA,NA,NA,NA,NA,NA,NA,NA,NA,NA,NA,NA,NA,NA,NA,NA,NA,NA,NA,NA,NA,NA,NA,NA,NA,NA,NA,NA,NA,NA,NA,NA,NA,NA,NA,NA,NA,NA,NA,NA,NA,NA,NA,NA
NA,NA,NA,NA,NA,NA,NA,NA,NA,NA,NA,NA,NA,NA,NA,NA,NA,NA,NA,NA,NA,NA,NA,NA,NA,NA,NA,NA,NA,NA,NA,NA,NA,NA,NA,NA,NA,NA,NA,NA,NA,NA,NA,NA,NA,NA,NA,NA,NA,NA,NA,NA,NA,NA,NA,NA,NA,NA,NA,NA,NA,NA,NA,NA,NA,NA,NA,NA,NA,NA,NA,NA,NA,NA,NA,NA,NA,NA,NA,NA,NA,NA,NA,NA,NA,NA,NA,NA,NA,NA,NA,NA,NA,NA,NA,NA,NA,NA,NA,NA,NA,NA,NA,NA,NA,NA,NA,NA,NA,NA,NA,NA,NA,NA,NA,NA,NA,NA,NA,NA,NA,NA,NA,NA,NA,NA,NA,NA,NA,NA,NA,NA,NA,NA,NA,NA,NA,NA,NA,NA,NA,NA,NA,NA,NA,NA,NA,NA,NA,NA,NA,NA,NA,NA,NA,NA,NA,NA,NA,NA,NA,NA,NA,NA,NA,NA,NA,NA,NA,NA,NA,NA,NA,NA,NA,NA,NA,NA,NA,NA,NA,NA,NA,NA,NA,NA,NA
NA,NA,NA,NA,NA,NA,NA,NA,NA,NA,NA,NA,NA,NA,NA,NA,NA,NA,NA,NA,NA,NA,NA,NA,NA,NA,NA,NA,NA,NA,NA,NA,NA,NA,NA,NA,NA,NA,NA,NA,NA,NA,NA,NA,NA,NA,NA,NA,NA,NA,NA,NA,NA,NA,NA,NA,NA,NA,NA,NA,NA,NA,NA,NA,NA,NA,NA,NA,NA,NA,NA,NA,NA,NA,NA,NA,NA,NA,NA,NA,NA,NA,NA,NA,NA,NA,NA,NA,NA,NA,NA,NA,NA,NA,NA,NA,NA,NA,NA,NA,NA,NA,NA,NA,NA,NA,NA,NA,NA,NA,NA,NA,NA,NA,NA,NA,NA,NA,NA,NA,NA,NA,NA,NA,NA,NA,NA,NA,NA,NA,NA,NA,NA,NA,NA,NA,NA,NA,NA,NA,NA,NA,NA,NA,NA,NA,NA,NA,NA,NA,NA,NA,NA,NA,NA,NA,NA,NA,NA,NA,NA,NA,NA,NA,NA,NA,NA,NA,NA,NA,NA,NA,NA,NA,NA,NA,NA,NA,NA,NA,NA,NA,NA,NA,NA,NA,NA
NA,NA,NA,NA,NA,NA,NA,NA,NA,NA,NA,NA,NA,NA,NA,NA,NA,NA,NA,NA,NA,NA,NA,NA,NA,NA,NA,NA,NA,NA,NA,NA,NA,NA,NA,NA,NA,NA,NA,NA,NA,NA,NA,NA,NA,NA,NA,NA,NA,NA,NA,NA,NA,NA,NA,NA,NA,NA,NA,NA,NA,NA,NA,NA,NA,NA,NA,NA,NA,NA,NA,NA,NA,NA,NA,NA,NA,NA,NA,NA,NA,NA,NA,NA,NA,NA,NA,NA,NA,NA,NA,NA,NA,NA,NA,NA,NA,NA,NA,NA,NA,NA,NA,NA,NA,NA,NA,NA,NA,NA,NA,NA,NA,NA,NA,NA,NA,NA,NA,NA,NA,NA,NA,NA,NA,NA,NA,NA,NA,NA,NA,NA,NA,NA,NA,NA,NA,NA,NA,NA,NA,NA,NA,NA,NA,NA,NA,NA,NA,NA,NA,NA,NA,NA,NA,NA,NA,NA,NA,NA,NA,NA,NA,NA,NA,NA,NA,NA,NA,NA,NA,NA,NA,NA,NA,NA,NA,NA,NA,NA,NA,NA,NA,NA,NA,NA,NA
0.00117780858365774,0.542755412498201,0,0,0,0.0406579261157419,0,-0.0142996997767229,0,0,0,-0.0569086078853283,0,0.0906741826515601,0,0,0,0.0957773842229778,0,0,0,0,0,0,0,0.101383288254815,0,0,0.0650261550173294,0.0665133805285254,0,0,0,0,0,0,0,0,0,0,0,0,0,0,0,0,0,0,-0.0034543126718167,0,0.0195342703750567,-0.00908309344359153,0,-0.0193177190313012,0,0,0,0,0.0694861617991141,-0.0267412644156076,0,-0.0451599050709517,0,0,0,-0.0256367796929494,-0.0290512963304343,-0.0275606000506829,-0.016942040166593,0,0,0,0,0,0,-0.00221397896056381,0,0,0,0,0,0.148864398189535,0,0,0,0,0,0,-0.0547633209405476,-0.0354250500717678,0,0,0.0278904956323608,0,-0.0235200179715985,-0.0156226187598184,0,0,0,0,0,-0.000817499796933752,0,0,-0.00574862803503546,0,0,0,0,0,0,0,0,0,0,0,0,-0.0161543663074944,0,0,0,0,0,0,0,0,0,0,0,0,0.0362493326069912,0,0,0,0,0,0.045617801701358,0,0,0,0.0150329275942116,0,0,0,0,0,0,0,0,-0.00571467966938596,0,0,0,0,-0.0183670802430393,0,0,0,0,0,0,0,0,0,0,0,0,0,0,-0.00554555121515062,-0.0231829091220114,-0.00106143696897958,0,0,0,0,0,0,0,0,-0.0357218763610946,0,0,0,0,0,0
-0.000525625605267617,0.260917721659964,-0.0519560415597699,0,0,0.108912559544825,0,-0.0140054999768398,0,0,-0.0302054266716331,-0.152359522338783,0.0607958590960831,0.108941099035937,0,0,-0.0127041476607939,0,0,0,0,0,0,-0.111701865966134,0,0.0467940073328326,0,-0.13063289159265,0.0402640256862867,0.00682659921886473,0,-0.0263974226642997,0,0,-0.0286041023267024,-0.0248631499225479,0,0,0,0,0.0302296714336787,0,0,0,0,0,0,0,-0.0283245085704429,0.000235163666886908,0,-0.113266064720517,-0.0119122598883523,-0.0119637246694008,0,0,-0.0297197588816834,0,0.161062451387218,-0.0562407090772612,0,-0.0391752243619594,0,-0.0733461839710329,0,0,-0.017542534929257,-0.0000344305133836844,-0.000562121926380268,0,0,0,0,-0.0383768543828777,0,-0.0101728569870274,0,0,0,0,0,0.216195849620047,-0.00244506461921079,-0.0851852972712804,0,0,0,0.0530788250021602,-0.0274481138512894,0,0,0,0.0895537584549922,-0.00730514174773074,0,-0.0939254992229953,0,0,0,0,0,-0.0559681501198568,0,-0.00128659264952221,0,0,0,0,0,0,0,0,0,0,0,0,0,-0.0441144660131287,0,0,0,0,0,-0.00789154031966777,0,0,0,0,0,0.115859173050525,0.152257237583557,0,0,0,0,0,0.038279076912705,0,0,0,0.049216373838712,0,0,0,0,0,0,0,0,0,0,0.160903289429295,0,0,-0.0676525720593142,-0.0389519046408162,0,0,0,0,0,0,0,0,0,0,0,0,0,0,-0.0270772845653374,-0.0318526018503732,0,0,0,0,0,0,0,0,-0.0578946266412206,0,0,0,0,0,0
0.000157378040041836,0.900546444938334,-0.0157385500299725,0,0,0.0290550050047332,0,0,0,0,0,-0.0459089536745686,0,0,0,0,0,0.0619513554000673,0,0,0,0,0,0,0,0,0,-0.0268933391581079,0,0.0181536175034582,0,0,0,0,0,0,0,0,0,0,0,0,0,0,0,0,0,0,-0.0151783703101488,0,0,0,0,0,0,0,-0.0271444937478778,0,0,-0.0341707006097592,0,-0.0142051614076009,0,0,0,0,-0.0160910984006382,0,-0.0273631462462575,0,-0.00407293592874013,0,0,0,0,0,0,0,0,0,0,0.0364633553324867,0,-0.0298685177160457,-0.00325513394736038,0,0,0,-0.0160536644266287,0,0,-0.0169330635337769,0,0,0,0,0,0,0,0,0,0,0,0,0,0,-0.017151538455117,0,0,0,0,0,0,0,-0.0152680753941394,0,0,-0.00222894041559428,0,0,0,0,0,0,0,0,0,0,0,0,0,0,0,0,0,0,0,0,0,0,0.0575618099255778,0,0,0,0,0,0,0,0,0,0,0,0,0,-0.0401099695436973,0,0,0,0,0,0,0,0,0,0,0,0,0,0,0,0,-0.0121661741143355,0,0,0,0,0,0,0,0,-0.035855733668988,0,0,0,0,0,0
-0.0000287280907720301,0.75318467714834,-0.00449587723054329,0,0,0.0722989330900682,0,0,0,0,-0.00221847275975611,-0.0462375232140587,0,0.0484555243999463,0,0,0,0.0739391719668074,0,0,0,0,-0.046192633643475,-0.0228269071808457,0,0.0347450701122548,0,-0.0282713958373763,0.0598644638439222,0.0259933337973359,0,-0.0426713624273835,0,0,-0.0187626191227165,0,0,0,0,0,0,0,0,0,0,0.0217262658655907,0.0293485861638467,0,0,0,0,0,-0.0294910979507741,-0.0650275527192935,0,0,-0.00826004641028214,0,0,-0.0425331589163506,0,-0.0250323989184396,0,-0.0210721652240497,0,-0.0369901852436142,0,-0.0475806941215171,0,0,0,0,0,-0.00861150960067826,0,0,0,0,0,0,0,0.111676112776968,0,-0.0438226172669469,0,-0.0541063593576679,0,0,-0.0547135711788629,0,0,0,0.0115193027744727,0,-0.0280436428599005,0,0,0,0,0,0,-0.0194773481942162,0,0,0,0,0,0,0,0,0,0,0,-0.0185646721738053,-0.00269960032752524,0,0,0,0,0,0,0,0,-0.00263721318822361,0,0,0,0,0,0.0155544368008403,0,0,0,-0.000223498440854527,0,0,0.0128773191450416,0,0,0,0.0402939751047361,0,0,0,0,0,0,0,0,0,0,0,0,0,-0.0423944609809038,0,0,0,0,0,0,0,0,0,0,0,0,0,0,0,-0.0207141790287794,-0.0203104802654619,0,0,0,0,0,0,0,0,-0.0159470066080605,0,0,0,0,0,0
0.000321347619555804,0.691851134540219,0,0,0,0,0,0,0,0,0,0,0,0,0,0,0,0.0327228006620048,0,0,0,0,0,-0.00358149341462119,0,0,0,0,0,0,0,0,0,0,0,0,0,0,0,0,0,0,0,0,0,0,0,0,0,0,0,0,0,0,0,0,0,0,0,0,0,0,0,0,0,0,0,0,0,0,0,0,0,0,0,0,0,0,-0.0149024481748854,0,0,0,0,0,-0.00161062238260695,0,0,0,0,0,0,0,0,0,0,0,0,0,0,0,0,0,-0.0173350504864087,0,0,0,0,0,0,0,0,0,0,0,0,0,0,0,0,0,0,0,0,0,0,0,0,0,0,0,0,0,0,0,0,0,0,0,0,0,0.0188597536951834,0,0,0,0,0,0,0,0,0,0,0,0,0,0,0,0,0,0,0,0,0,0,0,0,0,0,0,0,0,0,-0.000570052474298875,0,0,0,0,0,0,0,0,-0.00692790941758391,0,0,0,0,0,0
-0.000360907030847512,0.655323410884843,0,0,0,0.0707010108170924,0,-0.0250798926170261,0,0,-0.0147957911021829,-0.144264822391194,0,0.0902178850902327,0,0,0,0.0645337385253806,0,0,0,0,0,0,0,0.04557074010158,0,-0.0827303847099379,0.073369929510198,0.0448382919328882,0,-0.0249839695360973,0,0,-0.0389312194180283,0,0,0,0,0,0,0,0,0,0,0,0.020015818511002,0,0,0,0,-0.00602512494424539,0,0,0,-0.0263564280201834,-0.0197876414354577,0,0,-0.0316159472959192,0,-0.0327896132611859,0,0,0,0,-0.0502330899340359,0,-0.0285886176528807,0,0,0,0,0,0,-0.00474236292526929,0,0,0,0,0,0.119585332753298,0,-0.0206550360857701,0,0,0,0,-0.0476264854116,0,0,-0.0101296104588831,0.0362132191126224,0,0,0,0,0,0,0,0,0,0,0,0,0,0,0,0,0,0,0,0,0,0,0,0,-0.00769381085724694,0,0,0,0,0,0,0,0,0,0,0,0,0.0327648077739907,0,0,0,0,0,0.0352571988935445,0,0,0,0.0327049825739756,0,0,0,0,0,0,0,0,0,0,0.04402841538334,0,0,-0.0796458067559224,0,0,0,0,0,0,0,0,0,0,0,0,0,0,-0.0015966603078354,0,-0.0177762304065266,0,0,0,0,0,0,0,0,-0.0211644481613232,0,0,0,-0.0387983172423326,0,0
0.000845805904637224,0.665692712233629,-0.0089020750048123,0,0,0,0,0,0,0,0,-0.015931209204941,0,0,0,0,0,0.0448519265318148,0,0,0,0,0,0,0,0,0,0,0,0.0150995940489439,0,0,0,0,0,0,0,0,0,0,0.00375308567718366,0,0,0,0,0,0,0,-0.0113439045546885,0,0,0,0,0,0,0,0,0,0,-0.0122002731480968,-0.0000210006723744793,0,0,0,0,-0.01441104276338,-0.00671237490979827,-0.00779368923204705,0,0,0,0,0,0,0,0,0,0,0,0,0,0.058580972170675,0,-0.00231414109513991,-0.0190822439848892,-0.00456547980941833,0,0,-0.0193643161973846,0,0,0,0,0,-0.00336256947196618,0,0,0,0,0,0,0,0,0,0,0,0,0,0,0,0,0,0,0,-0.0016335491697827,0,0,0,0,0,0,0,0,0,0,0,0,0,0,0,0,0,0,0,0,0,0,0,0,0,0.0166885740697907,0,0,0,0,0,0,0,0.00273537730945964,0,0,0,0,0,0,0,0,0,0,0,0,0,0,0,0,0,0,0,0,0,0,-0.00906581332166049,0,0,0,0,0,0,0,0,-0.020340148050109,0,0,0,0,0,0
0.000725278392876672,0.797971099332787,-0.00691646020329594,0,0,0.00290248448739751,0,0,0,0,0,0,0,0,0,0,0,0.00581916157018036,0,0,0,0,0,0,0,0,0,0,0,0,0,0,0,0,0,0,0,0,0,0,0,0,0,0,0,0,0,0,0,0,0,0,0,0,0,0,0,0,0,0,0,0,0,0,0,0,0,0,0,0,0,0,0,0,0,0,0,0,0,0,0,0,0,0,0,0,0,0,0,0,0,0,0,0,0,0,0,0,0,0,0,0,0,0,0,0,0,0,0,0,0,0,0,0,0,0,0,0,0,0,0,0,0,0,0,0,0,0,0,0,0,0,0,0,0,0,0,0,0,0,0.0217682160328283,0,0,0,0,0,0,0,0,0,0,0,0,0,0,0,0,0,0,0,0,0,0,0,0,0,0,0,0,0,0,0,0,0,0,0,0,0,0,0,-0.000951352083637248,0,0,0,0,0,0
0.000581281145415186,0.812564166742768,-0.00377834927953827,0,0,0.0413333010831764,0,0,0,0,0,-0.0911797459529696,0,0,0,0,0,0.0592749341935225,0,0,0,0,-0.0036655509690331,0,0,0,0,-0.017062889621062,0,0.0305045956416983,0,0,0,0,0,0,0,0,0,0,0,0,0,0,0,0.0600241130350078,0.0166950443762519,0,0,0,0,-0.00891619374548148,-0.0108875637904815,0,0,0,-0.00623326129502094,0,0,-0.0341165700558578,0,-0.012553822355124,0,0,0,0,-0.0184572299589926,0,-0.0069316961479338,0,0,0,0,0,0,0,0,0,0,0,0,0.0603028458346547,0,-0.0201692896359993,0,0,0,0,-0.0454001812047905,0,0,-0.011729757343268,0,0,-0.0185860389861989,0,0,0,0,0,0,0,0,0,0,0,0,0,0,0,0,0,0,0,-0.00428171251272838,0,0,0,0,0,0,0,0,0,0,0,0,0,0,0,0,0,0,0,0,0,0.00124517990401589,0,0,0,0.0344184891565269,0,0,0,0,0,0,0,0,0,0,0,0,0,-0.0189786807591465,0,0,0,0,0,0,0,0,0,0,0,0,0,0,0,0,-0.0395810213698532,0,0,0,0,0,0,0,0,-0.0353707482917628,0,0,0,0,0,0
0.0002997985306369,0.775405583136158,-0.0167009275547436,0,0,0.0308615279506388,0,0,0,0,0,-0.0455767696872343,0,0,0,0,0,0.0546199127011718,0,0,0,0,0,0,0,0,0,-0.00843972074862208,0,0.0199372437435098,0,0,0,0,0,0,0,0,0,0,0,0,0,0,0,0,0,0,0,0,0.000942599147721726,0,0,-0.00164450779160631,0,0,-0.0124109194582129,0,0,-0.0252605314001194,0,0,0,0,0,-0.0179124642026386,-0.0102309976909048,-0.0109744435399157,0,0,-0.00523675986135154,0,0,0,0,0,0,0,0,0,0,0.0597773344061039,0,-0.0349914379300382,0,-0.0142852990310552,0,0,-0.014112737579574,0,0,0,0.00478223082040895,0,-0.0139881358918757,0,0,0,0,0,0,-0.00717915216904903,0,0,0,0,-0.0144759383510584,0,0,0,0,0,0,0,-0.0095579353469467,0,0,0,0,0,0,0,0,0,0,0,0,0,0,0,0,0,0,0,0,0,0,0,0,0,0.0342173261434058,0,0,0,0,0,0,0,0,0,0,0,0,0,-0.010064219280765,0,0,0,0,0,0,0,0,0,0,0,0,0,0,0,0,-0.0222599675420004,0,0,0,0,0,0,0,0,-0.016593079345783,0,0,0,-0.00288211459690644,0,0
0.000499238972969116,0.627460175984082,-0.00841935315636433,0,0,0.000552649028362396,0,0,0,0,0,-0.00870327026773491,0,0,0,0,0,0.0137800935842152,0,0,0,0,0,0,0,0,0,0,0,0,0,0,0,0,0,0,0,0,0,0,0,0,0,0,0,0,0,0,0,0,0,0,0,0,0,0,0,0,0,0,0,0,0,0,0,0,0,0,0,0,0,0,0,0,0,0,0,0,-0.00538243196725629,0,0,0.0030657620994175,0,0,0,0,0,0,0,0,0,-0.00494056020401682,0,0,0,0,0,0,0,0,0,0,0,0,0,0,0,0,0,0,0,0,0,0,0,0,0,0,0,0,0,0,0,0,0,0,0,0,0,0,0,0,0,0,0,0,0,0,0,0,0.00401567565676862,0,0,0,0,0,0,0,0,0,0,0,0,0,0,0,0,0,0,0,0,0,0,0,0,0,0,0,0,0,0,0,0,0,0,0,0,0,0,0,-0.00269663680838534,0,0,0,0,0,0
0.000790122520506724,0.680736811327027,-0.0254586679141494,0,0,0,0,0,0,0,0,-0.045681586453313,0,0,0,0,0,0.044057936580951,0,0,0,0,0,-0.00526598193309265,0,0,0,0,0,0,0,0,0,0,0,0,0,0,0,0,0.00077725176289758,0,0,0.00525677586325067,0,0,0,0,0,0,0.000320608312061944,0,0,0,0,0,-0.00112747338440037,0,0,0,0,0,0,0,0,-0.000163631895203989,0,0,-0.001159690147747,0,0,0,0,0,0,0,0,0,-0.00598404077017309,0,0,0.0375079427833906,0,-0.00926009956124515,0,0,0,0,-0.0227222708051936,0,-0.000545500743765472,-0.00621504610935017,0,-0.00381135823703885,0,0,0,0,0,0,0,0,-0.0148626457412617,0,0,0,0,0,0,0,0,0,0,0,0,0,0,0,0,0,0,0,0,0,0,0,0,0,0,0,0,0,0,0,0,0,0,0,0,0,0.0276084225455311,0,0,0,0,0,0,0,0.0108762364328273,0,0,0,0,0,0,0,0,0,0,0,0,0,0,0,0,0,0,0,0,0,0,-0.0019009413974433,0,0,0,0,0,0,0,0,-0.0169208524050747,0,0,0,0,0,0
NA,NA,NA,NA,NA,NA,NA,NA,NA,NA,NA,NA,NA,NA,NA,NA,NA,NA,NA,NA,NA,NA,NA,NA,NA,NA,NA,NA,NA,NA,NA,NA,NA,NA,NA,NA,NA,NA,NA,NA,NA,NA,NA,NA,NA,NA,NA,NA,NA,NA,NA,NA,NA,NA,NA,NA,NA,NA,NA,NA,NA,NA,NA,NA,NA,NA,NA,NA,NA,NA,NA,NA,NA,NA,NA,NA,NA,NA,NA,NA,NA,NA,NA,NA,NA,NA,NA,NA,NA,NA,NA,NA,NA,NA,NA,NA,NA,NA,NA,NA,NA,NA,NA,NA,NA,NA,NA,NA,NA,NA,NA,NA,NA,NA,NA,NA,NA,NA,NA,NA,NA,NA,NA,NA,NA,NA,NA,NA,NA,NA,NA,NA,NA,NA,NA,NA,NA,NA,NA,NA,NA,NA,NA,NA,NA,NA,NA,NA,NA,NA,NA,NA,NA,NA,NA,NA,NA,NA,NA,NA,NA,NA,NA,NA,NA,NA,NA,NA,NA,NA,NA,NA,NA,NA,NA,NA,NA,NA,NA,NA,NA,NA,NA,NA,NA,NA,NA
0.000144500946272004,0.627208815287582,0,0,0,0.00714371253297375,0,0,0,0,0,0,0,0,0,0,0,0.00355358404109155,0,0,0,0,0,0,0,0,0,0,0,0,0,0,0,0,0,0,0,0,0,0,0,0,0,0,0,0,0,0,0,0,0.00121376650833919,0,0,0,0,0,0,0,0,0,0,0,0,0,0,0,0,0,0,0,0,0,0,0,0,0,0,0,0,0,0,0,0,0,0,0,0,0,0,0,0,0,0,0,0,0,0,0,0,0,0,0,-0.000206273301624306,0,0,0,0,0,0,0,0,0,0,0,0,0,0,0,0,0,0,0,0,0,0,0,0,0,0,0,0,0,0,0,0,0,0,0,0,0,0,0,0,0,0,0,0,0,0,0,0,0,0,0,0,0,0,0,0,0,0,0,0,0,0,0,0,0,0,0,0,0,0,0,0,0,0,0,0,0,0,0,0,0,0,0,0
NA,NA,NA,NA,NA,NA,NA,NA,NA,NA,NA,NA,NA,NA,NA,NA,NA,NA,NA,NA,NA,NA,NA,NA,NA,NA,NA,NA,NA,NA,NA,NA,NA,NA,NA,NA,NA,NA,NA,NA,NA,NA,NA,NA,NA,NA,NA,NA,NA,NA,NA,NA,NA,NA,NA,NA,NA,NA,NA,NA,NA,NA,NA,NA,NA,NA,NA,NA,NA,NA,NA,NA,NA,NA,NA,NA,NA,NA,NA,NA,NA,NA,NA,NA,NA,NA,NA,NA,NA,NA,NA,NA,NA,NA,NA,NA,NA,NA,NA,NA,NA,NA,NA,NA,NA,NA,NA,NA,NA,NA,NA,NA,NA,NA,NA,NA,NA,NA,NA,NA,NA,NA,NA,NA,NA,NA,NA,NA,NA,NA,NA,NA,NA,NA,NA,NA,NA,NA,NA,NA,NA,NA,NA,NA,NA,NA,NA,NA,NA,NA,NA,NA,NA,NA,NA,NA,NA,NA,NA,NA,NA,NA,NA,NA,NA,NA,NA,NA,NA,NA,NA,NA,NA,NA,NA,NA,NA,NA,NA,NA,NA,NA,NA,NA,NA,NA,NA
0.000548642064661512,0.723558009456734,-0.00563923591731286,0,0,0,0,0,0,0,0,0,0,0,0,0,0,0.0103410813682256,0,0,0,0,0,0,0,0,0,0,0,0,0,0,0,0,0,0,0,0,0,0,0,0,0,0,0,0,0,0,0,0,0,0,0,0,0,0,0,0,0,0,0,0,0,0,0,0,0,0,0,0,0,0,0,0,0,0,0,0,-0.00288362367894858,0,0,0,0,0,0,0,0,0,0,0,0,0,0,0,0,0,0,0,0,0,0,0,0,0,0,0,0,0,0,0,0,0,0,0,0,0,0,0,0,0,0,0,0,0,0,0,0,0,0,0,0,0,0,0,0,0,0,0,0,0,0,0,0,0,0,0,0,0,0,0,0,0,0,0,0,0,0,0,0,0,0,0,0,0,0,0,0,0,0,0,0,0,0,0,0,0,0,0,0,0,0,0,0,0,0,0,0
0.000151512574274628,0.683606088803706,-0.0028004943061338,0,0,0,0,0,0,0,0,0,0,0,0,0,0,0,0,0,0,0,0,0,0,0,0,0,0,0,0,0,0,0,0,0,0,0,0,0,0,0,0,0,0,0,0,0,0,0,0,0,0,0,0,0,0,0,0,0,0,0,0,0,0,0,0,0,0,0,0,0,0,0,0,0,0,0,0,0,0,0,0,0,0,0,0,0,0,0,0,0,0,0,0,0,0,0,0,0,0,0,0,0,0,0,0,0,0,0,0,0,0,0,0,0,0,0,0,0,0,0,0,0,0,0,0,0,0,0,0,0,0,0,0,0,0,0,0,0,0,0,0,0,0,0,0,0,0,0,0,0,0,0,0,0,0,0,0,0,0,0,0,0,0,0,0,0,0,0,0,0,0,0,0,0,0,0,0,0,0,0,0,0,0,0,0
0.000693299791065647,0.736801286681124,-0.00129551411812147,0,0,0,0,0,0,0,0,0,0,0,0,0,0,0.00506581483857266,0,0,0,0,0,0,0,0,0,0,0,0,0,0,0,0,0,0,0,0,0,0,0,0,0,0,0,0,0,0,0,0,0,0,0,0,0,0,0,0,0,0,0,0,0,0,0,0,0,0,0,0,0,0,0,0,0,0,0,0,0,0,0,0,0,0,0,0,0,0,0,0,0,0,0,0,0,0,0,0,0,0,0,0,0,0,0,0,0,0,0,0,0,0,0,0,0,0,0,0,0,0,0,0,0,0,0,0,0,0,0,0,0,0,0,0,0,0,0,0,0,0,0,0,0,0,0,0,0,0,0,0,0,0,0,0,0,0,0,0,0,0,0,0,0,0,0,0,0,0,0,0,0,0,0,0,0,0,0,0,0,0,0,0,0,0,0,0,0
0.000484869564104488,0.712981989953434,0,0,0,0,0,0,0,0,0,0,0,0,0,0,0,0,0,0,0,0,0,0,0,0,0,0,0,0,0,0,0,0,0,0,0,0,0,0,0,0,0,0,0,0,0,0,0,0,0,0,0,0,0,0,0,0,0,0,0,0,0,0,0,0,0,0,0,0,0,0,0,0,0,0,0,0,-0.00229719034994488,0,0,0,0,0,0,0,0,0,0,0,0,0,0,0,0,0,0,0,0,0,0,0,0,0,0,0,0,0,0,0,0,0,0,0,0,0,0,0,0,0,0,0,0,0,0,0,0,0,0,0,0,0,0,0,0,0,0,0,0,0,0,0,0,0,0,0,0,0,0,0,0,0,0,0,0,0,0,0,0,0,0,0,0,0,0,0,0,0,0,0,0,0,0,0,0,0,0,0,0,0,0,0,0,0,0,0,0
0.00124269528034694,0.754622449952101,-0.00690471470735411,0,0,0,0,0,0,0,0,-0.018184926933643,0,0,0,0,0,0.0566643281959133,0,0,0,0,0,0,0,0,0,-0.00904961526279719,0,0.0189738443722143,0,0,0,0,0,0,0,0,0,0,0,0,0,0.0171635723912423,0,0,0,0,0,0,0,0,0,0,0,0,0,0,0,0,-0.000323604001378659,0,0,0,0,0,0,0,0,0,0,0,0,0,0,0,0,0,-0.0220277869757791,0,0,0.0343372026837652,0,0,0,0,0,0,0,0,0,-0.00136118367015825,0,0,0,0,0,0,0,0,0,0,0,0,0,0,0,0,0,0,0,0.000340799770224471,0,0,0,0,0,0,0,0,0,0,0,0,0,0,0,0,0,0,0,0,0,0,0,0,0,0,0,0,0,0,0,0,0,0,0,0,0.00607436646520735,0,0,0,0,0,0,0,0,0,0,0,0,0,0,0,0,0,0,0,0,0,0,0,0,0,0,0,0,0,0,0,-0.0127531886458062,0,0,0,0,0,0
0.000348436553609904,0.75453494377828,0,0,0,0,0,0,0,0,0,0,0,0,0,0,0,0.016672907598601,0,0,0,0,0,0,0,0,0,0,0,0,0,0,0,0,0,0,0,0,0,0,0,0,0,0,0,0,0,0,0,0,0,0,0,0,0,0,0,0,0,0,0,0,0,0,0,0,0,0,0,0,0,0,0,0,0,0,0,0,0,0,0,0,0,0,0,0,0,0,0,0,0,0,0,0,0,0,0,0,0,0,0,0,0,0,0,0,0,0,0,0,0,0,0,0,0,0,0,0,0,0,0,0,0,0,0,0,0,0,0,0,0,0,0,0,0,0,0,0,0,0,0,0,0,0,0,0,0,0,0,0,0,0,0,0,0,0,0,0,0,0,0,0,0,0,0,0,0,0,0,0,0,0,0,0,0,0,0,0,0,0,0,0,0,0,0,0,0
NA,NA,NA,NA,NA,NA,NA,NA,NA,NA,NA,NA,NA,NA,NA,NA,NA,NA,NA,NA,NA,NA,NA,NA,NA,NA,NA,NA,NA,NA,NA,NA,NA,NA,NA,NA,NA,NA,NA,NA,NA,NA,NA,NA,NA,NA,NA,NA,NA,NA,NA,NA,NA,NA,NA,NA,NA,NA,NA,NA,NA,NA,NA,NA,NA,NA,NA,NA,NA,NA,NA,NA,NA,NA,NA,NA,NA,NA,NA,NA,NA,NA,NA,NA,NA,NA,NA,NA,NA,NA,NA,NA,NA,NA,NA,NA,NA,NA,NA,NA,NA,NA,NA,NA,NA,NA,NA,NA,NA,NA,NA,NA,NA,NA,NA,NA,NA,NA,NA,NA,NA,NA,NA,NA,NA,NA,NA,NA,NA,NA,NA,NA,NA,NA,NA,NA,NA,NA,NA,NA,NA,NA,NA,NA,NA,NA,NA,NA,NA,NA,NA,NA,NA,NA,NA,NA,NA,NA,NA,NA,NA,NA,NA,NA,NA,NA,NA,NA,NA,NA,NA,NA,NA,NA,NA,NA,NA,NA,NA,NA,NA,NA,NA,NA,NA,NA,NA
0.000395754403015485,0.712428681494615,-0.0121232553421607,0,0,0,0,0,0,0,0,0,0,0,0,0,0,0.0463950657538991,0,0,0,0,0,0,0,0,0,0,0,0,0,0,0,0,0,0,0,0,0,0,0,0,0,0.00572711017968087,0,0,0,0,0,0,0,0,0,0,0,0,0,0,0,0,0,0,0,0,0,0,0,0,0,0,0,0,0,0,0,0,0,0,-0.0036319215284419,0,0,0,0,0,0,0,0,0,0,0,0,0,0,0,0,0,0,0,0,0,0,0,0,0,0,0,0,0,0,0,0,0,0,0,0,0,0,0,0,0,0,0,0,0,0,0,0,0,0,0,0,0,0,0,0,0,0,0,0,0,0.0014300275198066,0,0,0,0,0,0,0,0,0,0,0,0,0,0,0,0,0,0,0,0,0,0,0,0,0,0,0,0,0,0,0,0,0,0,0,0,0,0,0,0,0,0,0,0,0,0
NA,NA,NA,NA,NA,NA,NA,NA,NA,NA,NA,NA,NA,NA,NA,NA,NA,NA,NA,NA,NA,NA,NA,NA,NA,NA,NA,NA,NA,NA,NA,NA,NA,NA,NA,NA,NA,NA,NA,NA,NA,NA,NA,NA,NA,NA,NA,NA,NA,NA,NA,NA,NA,NA,NA,NA,NA,NA,NA,NA,NA,NA,NA,NA,NA,NA,NA,NA,NA,NA,NA,NA,NA,NA,NA,NA,NA,NA,NA,NA,NA,NA,NA,NA,NA,NA,NA,NA,NA,NA,NA,NA,NA,NA,NA,NA,NA,NA,NA,NA,NA,NA,NA,NA,NA,NA,NA,NA,NA,NA,NA,NA,NA,NA,NA,NA,NA,NA,NA,NA,NA,NA,NA,NA,NA,NA,NA,NA,NA,NA,NA,NA,NA,NA,NA,NA,NA,NA,NA,NA,NA,NA,NA,NA,NA,NA,NA,NA,NA,NA,NA,NA,NA,NA,NA,NA,NA,NA,NA,NA,NA,NA,NA,NA,NA,NA,NA,NA,NA,NA,NA,NA,NA,NA,NA,NA,NA,NA,NA,NA,NA,NA,NA,NA,NA,NA,NA
0.0000494858595618507,0.709713706420819,-0.0148333518141546,0,0,0,0,0,0,0,0,0,0,0,0,0,0,0.00644045438995359,0,0,0,0,0,0,0,0,0,0,0,0,0,0,0,0,0,0,0,0,0,0,0,0,0,0,0,0,0,0,0,0,0,0,0,0,0,0,0,0,0,0,0,0,0,0,0,0,0,0,0,0,0,0,0,0,0,0,0,0,0,0,0,0,0,0,0,0,0,0,0,0,0,0,0,0,0,0,0,0,0,0,0,0,0,0,0,0,0,0,0,0,0,0,0,0,0,0,0,0,0,0,0,0,0,0,0,0,0,0,0,0,0,0,0,0,0,0,0,0,0,0,0.008177858297269,0,0,0,0,0,0,0,0,0,0,0,0,0,0,0,0,0,0,0,0,0,0,0,0,0,0,0,0,0,0,0,0,0,0,0,0,0,0,0,0,0,0,0,0,0,0
0.000254299226985672,0.748268356640206,-0.0134894967580627,0,0,0,0,0,0,0,0,0,0,0,0,0,0,0.0075521504731303,0,0,0,0,0,0,0,0,0,0,0,0,0,0,0,0,0,0,0,0,0,0,0,0,0,0,0,0,0,0,0,0,0,0,0,0,0,0,0,0,0,0,0,0,0,0,0,0,0,0,0,0,0,0,0,0,0,0,0,0,0,0,0,0,0,0,0,0,0,0,0,0,0,0,0,0,0,0,0,0,0,0,0,0,0,0,0,0,0,0,0,0,0,0,0,0,0,0,0,0,0,0,0,0,0,0,0,0,0,0,0,0,0,0,0,0,0,0,0,0,0,0,0.0103875229873195,0,0,0,0,0,0,0,0,0,0,0,0,0,0,0,0,0,0,0,0,0,0,0,0,0,0,0,0,0,0,0,0,0,0,0,0,0,0,0,0,0,0,0,0,0,0
-0.000250539788821095,0.738148515520533,0,0,0,0,0,0,0,0,0,0,0,0,0,0,0,0,0,0,0,0,0,0,0,0,0,0,0,0,0,0,0,0,0,0,0,0,0,0,0,0,0,0,0,0,0,0,0,0,0,0,0,0,0,0,0,0,0,0,0,0,0,0,0,0,0,0,0,0,0,0,0,0,0,0,0,0,0,0,0,0,0,0,0,0,0,0,0,0,0,0,0,0,0,0,0,0,0,0,0,0,0,0,0,0,0,0,0,0,0,0,0,0,0,0,0,0,0,0,0,0,0,0,0,0,0,0,0,0,0,0,0,0,0,0,0,0,0,0,0,0,0,0,0,0,0,0,0,0,0,0,0,0,0,0,0,0,0,0,0,0,0,0,0,0,0,0,0,0,0,0,0,0,0,0,0,0,0,0,0,0,0,0,0,0,0
-0.0000402372146432826,0.783841800955097,0,0,0,0,0,0,0,0,0,0,0,0,0,0,0,0,0,0,0,0,0,0,0,0,0,0,0,0,0,0,0,0,0,0,0,0,0,0,0,0,0,0,0,0,0,0,0,0,0,0,0,0,0,0,0,0,0,0,0,0,0,0,0,0,0,0,0,0,0,0,0,0,0,0,0,0,0,0,0,0,0,0,0,0,0,0,0,0,0,0,0,0,0,0,0,0,0,0,0,0,0,0,0,0,0,0,0,0,0,0,0,0,0,0,0,0,0,0,0,0,0,0,0,0,0,0,0,0,0,0,0,0,0,0,0,0,0,0,0,0,0,0,0,0,0,0,0,0,0,0,0,0,0,0,0,0,0,0,0,0,0,0,0,0,0,0,0,0,0,0,0,0,0,0,0,0,0,0,0,0,0,0,0,0,0
0.000419503427501775,0.809030429409558,0,0,0,0,0,0,0,0,0,0,0,0,0,0,0,0,0,0,0,0,0,0,0,0,0,0,0,0,0,0,0,0,0,0,0,0,0,0,0,0,0,0,0,0,0,0,0,0,0,0,0,0,0,0,0,0,0,0,0,0,0,0,0,0,0,0,0,0,0,0,0,0,0,0,0,0,0,0,0,0,0,0,0,0,0,0,0,0,0,0,0,0,0,0,0,0,0,0,0,0,0,0,0,0,0,0,0,0,0,0,0,0,0,0,0,0,0,0,0,0,0,0,0,0,0,0,0,0,0,0,0,0,0,0,0,0,0,0,0,0,0,0,0,0,0,0,0,0,0,0,0,0,0,0,0,0,0,0,0,0,0,0,0,0,0,0,0,0,0,0,0,0,0,0,0,0,0,0,0,0,0,0,0,0,0
0.00117657426309517,0.885352655582027,-0.000747578407361771,0,0,0,0,0,0,0,0,0,0,0,0,0,0,0.000873333951097682,0,0,0,0,0,0,0,0,0,0,0,0,0,0,0,0,0,0,0,0,0,0,0,0,0,0,0,0,0,0,0,0,0,0,0,0,0,0,0,0,0,0,0,0,0,0,0,0,0,0,0,0,0,0,0,0,0,0,0,0,0,0,0,0,0,0,0,0,0,0,0,0,0,0,0,0,0,0,0,0,0,0,0,0,0,0,0,0,0,0,0,0,0,0,0,0,0,0,0,0,0,0,0,0,0,0,0,0,0,0,0,0,0,0,0,0,0,0,0,0,0,0,0.00745327649832608,0,0,0,0,0,0,0,0,0,0,0,0,0,0,0,0,0,0,0,0,0,0,0,0,0,0,0,0,0,0,0,0,0,0,0,0,0,0,0,0,0,0,0,0,0,0
NA,NA,NA,NA,NA,NA,NA,NA,NA,NA,NA,NA,NA,NA,NA,NA,NA,NA,NA,NA,NA,NA,NA,NA,NA,NA,NA,NA,NA,NA,NA,NA,NA,NA,NA,NA,NA,NA,NA,NA,NA,NA,NA,NA,NA,NA,NA,NA,NA,NA,NA,NA,NA,NA,NA,NA,NA,NA,NA,NA,NA,NA,NA,NA,NA,NA,NA,NA,NA,NA,NA,NA,NA,NA,NA,NA,NA,NA,NA,NA,NA,NA,NA,NA,NA,NA,NA,NA,NA,NA,NA,NA,NA,NA,NA,NA,NA,NA,NA,NA,NA,NA,NA,NA,NA,NA,NA,NA,NA,NA,NA,NA,NA,NA,NA,NA,NA,NA,NA,NA,NA,NA,NA,NA,NA,NA,NA,NA,NA,NA,NA,NA,NA,NA,NA,NA,NA,NA,NA,NA,NA,NA,NA,NA,NA,NA,NA,NA,NA,NA,NA,NA,NA,NA,NA,NA,NA,NA,NA,NA,NA,NA,NA,NA,NA,NA,NA,NA,NA,NA,NA,NA,NA,NA,NA,NA,NA,NA,NA,NA,NA,NA,NA,NA,NA,NA,NA
NA,NA,NA,NA,NA,NA,NA,NA,NA,NA,NA,NA,NA,NA,NA,NA,NA,NA,NA,NA,NA,NA,NA,NA,NA,NA,NA,NA,NA,NA,NA,NA,NA,NA,NA,NA,NA,NA,NA,NA,NA,NA,NA,NA,NA,NA,NA,NA,NA,NA,NA,NA,NA,NA,NA,NA,NA,NA,NA,NA,NA,NA,NA,NA,NA,NA,NA,NA,NA,NA,NA,NA,NA,NA,NA,NA,NA,NA,NA,NA,NA,NA,NA,NA,NA,NA,NA,NA,NA,NA,NA,NA,NA,NA,NA,NA,NA,NA,NA,NA,NA,NA,NA,NA,NA,NA,NA,NA,NA,NA,NA,NA,NA,NA,NA,NA,NA,NA,NA,NA,NA,NA,NA,NA,NA,NA,NA,NA,NA,NA,NA,NA,NA,NA,NA,NA,NA,NA,NA,NA,NA,NA,NA,NA,NA,NA,NA,NA,NA,NA,NA,NA,NA,NA,NA,NA,NA,NA,NA,NA,NA,NA,NA,NA,NA,NA,NA,NA,NA,NA,NA,NA,NA,NA,NA,NA,NA,NA,NA,NA,NA,NA,NA,NA,NA,NA,NA
NA,NA,NA,NA,NA,NA,NA,NA,NA,NA,NA,NA,NA,NA,NA,NA,NA,NA,NA,NA,NA,NA,NA,NA,NA,NA,NA,NA,NA,NA,NA,NA,NA,NA,NA,NA,NA,NA,NA,NA,NA,NA,NA,NA,NA,NA,NA,NA,NA,NA,NA,NA,NA,NA,NA,NA,NA,NA,NA,NA,NA,NA,NA,NA,NA,NA,NA,NA,NA,NA,NA,NA,NA,NA,NA,NA,NA,NA,NA,NA,NA,NA,NA,NA,NA,NA,NA,NA,NA,NA,NA,NA,NA,NA,NA,NA,NA,NA,NA,NA,NA,NA,NA,NA,NA,NA,NA,NA,NA,NA,NA,NA,NA,NA,NA,NA,NA,NA,NA,NA,NA,NA,NA,NA,NA,NA,NA,NA,NA,NA,NA,NA,NA,NA,NA,NA,NA,NA,NA,NA,NA,NA,NA,NA,NA,NA,NA,NA,NA,NA,NA,NA,NA,NA,NA,NA,NA,NA,NA,NA,NA,NA,NA,NA,NA,NA,NA,NA,NA,NA,NA,NA,NA,NA,NA,NA,NA,NA,NA,NA,NA,NA,NA,NA,NA,NA,NA
NA,NA,NA,NA,NA,NA,NA,NA,NA,NA,NA,NA,NA,NA,NA,NA,NA,NA,NA,NA,NA,NA,NA,NA,NA,NA,NA,NA,NA,NA,NA,NA,NA,NA,NA,NA,NA,NA,NA,NA,NA,NA,NA,NA,NA,NA,NA,NA,NA,NA,NA,NA,NA,NA,NA,NA,NA,NA,NA,NA,NA,NA,NA,NA,NA,NA,NA,NA,NA,NA,NA,NA,NA,NA,NA,NA,NA,NA,NA,NA,NA,NA,NA,NA,NA,NA,NA,NA,NA,NA,NA,NA,NA,NA,NA,NA,NA,NA,NA,NA,NA,NA,NA,NA,NA,NA,NA,NA,NA,NA,NA,NA,NA,NA,NA,NA,NA,NA,NA,NA,NA,NA,NA,NA,NA,NA,NA,NA,NA,NA,NA,NA,NA,NA,NA,NA,NA,NA,NA,NA,NA,NA,NA,NA,NA,NA,NA,NA,NA,NA,NA,NA,NA,NA,NA,NA,NA,NA,NA,NA,NA,NA,NA,NA,NA,NA,NA,NA,NA,NA,NA,NA,NA,NA,NA,NA,NA,NA,NA,NA,NA,NA,NA,NA,NA,NA,NA
0.0009785220382308,0.81352338104625,-0.00351190111452047,0,0,0,0,0,0,0,0,0,0,0,0,0,0,0.00796683909362759,0,0,0,0,0,0,0,0,0,0,0,0,0,0,0,0,0,0,0,0,0,0,0,0,0,0.00484703478385304,0,0,0,0,0,0,0,0,0,0,0,0,0,0,0,0,0,0,0,0,0,0,0,0,0,0,0,0,0,0,0,0,0,0,0,0,0,0,0,0,0,0,0,0,0,0,0,0,0,0,0,0,0,0,0,0,0,0,0,0,0,0,0,0,0,0,0,0,0,0,0,0,0,0,0,0,0,0,0,0,0,0,0,0,0,0,0,0,0,0,0,0,0,0,0,0,0.00244206073017796,0,0,0,0,0,0,0,0,0,0,0,0,0,0,0,0,0,0,0,0,0,0,0,0,0,0,0,0,0,0,0,0,0,0,0,0,0,0,0,0,0,0,0,0,0,0
NA,NA,NA,NA,NA,NA,NA,NA,NA,NA,NA,NA,NA,NA,NA,NA,NA,NA,NA,NA,NA,NA,NA,NA,NA,NA,NA,NA,NA,NA,NA,NA,NA,NA,NA,NA,NA,NA,NA,NA,NA,NA,NA,NA,NA,NA,NA,NA,NA,NA,NA,NA,NA,NA,NA,NA,NA,NA,NA,NA,NA,NA,NA,NA,NA,NA,NA,NA,NA,NA,NA,NA,NA,NA,NA,NA,NA,NA,NA,NA,NA,NA,NA,NA,NA,NA,NA,NA,NA,NA,NA,NA,NA,NA,NA,NA,NA,NA,NA,NA,NA,NA,NA,NA,NA,NA,NA,NA,NA,NA,NA,NA,NA,NA,NA,NA,NA,NA,NA,NA,NA,NA,NA,NA,NA,NA,NA,NA,NA,NA,NA,NA,NA,NA,NA,NA,NA,NA,NA,NA,NA,NA,NA,NA,NA,NA,NA,NA,NA,NA,NA,NA,NA,NA,NA,NA,NA,NA,NA,NA,NA,NA,NA,NA,NA,NA,NA,NA,NA,NA,NA,NA,NA,NA,NA,NA,NA,NA,NA,NA,NA,NA,NA,NA,NA,NA,NA
0.000778985278794125,0.856752593695528,0,0,0,0,0,0,0,0,0,0,0,0,0,0,0,0,0,0,0,0,0,0,0,0,0,0,0,0,0,0,0,0,0,0,0,0,0,0,0,0,0,0,0,0,0,0,0,0,0,0,0,0,0,0,0,0,0,0,0,0,0,0,0,0,0,0,0,0,0,0,0,0,0,0,0,0,0,0,0,0,0,0,0,0,0,0,0,0,0,0,0,0,0,0,0,0,0,0,0,0,0,0,0,0,0,0,0,0,0,0,0,0,0,0,0,0,0,0,0,0,0,0,0,0,0,0,0,0,0,0,0,0,0,0,0,0,0,0,0,0,0,0,0,0,0,0,0,0,0,0,0,0,0,0,0,0,0,0,0,0,0,0,0,0,0,0,0,0,0,0,0,0,0,0,0,0,0,0,0,0,0,0,0,0,0
NA,NA,NA,NA,NA,NA,NA,NA,NA,NA,NA,NA,NA,NA,NA,NA,NA,NA,NA,NA,NA,NA,NA,NA,NA,NA,NA,NA,NA,NA,NA,NA,NA,NA,NA,NA,NA,NA,NA,NA,NA,NA,NA,NA,NA,NA,NA,NA,NA,NA,NA,NA,NA,NA,NA,NA,NA,NA,NA,NA,NA,NA,NA,NA,NA,NA,NA,NA,NA,NA,NA,NA,NA,NA,NA,NA,NA,NA,NA,NA,NA,NA,NA,NA,NA,NA,NA,NA,NA,NA,NA,NA,NA,NA,NA,NA,NA,NA,NA,NA,NA,NA,NA,NA,NA,NA,NA,NA,NA,NA,NA,NA,NA,NA,NA,NA,NA,NA,NA,NA,NA,NA,NA,NA,NA,NA,NA,NA,NA,NA,NA,NA,NA,NA,NA,NA,NA,NA,NA,NA,NA,NA,NA,NA,NA,NA,NA,NA,NA,NA,NA,NA,NA,NA,NA,NA,NA,NA,NA,NA,NA,NA,NA,NA,NA,NA,NA,NA,NA,NA,NA,NA,NA,NA,NA,NA,NA,NA,NA,NA,NA,NA,NA,NA,NA,NA,NA
0.000314118001013957,0.86380755562563,0,0,0,0,0,0,0,0,0,0,0,0,0,0,0,0,0,0,0,0,0,0,0,0,0,0,0,0,0,0,0,0,0,0,0,0,0,0,0,0,0,0,0,0,0,0,0,0,0,0,0,0,0,0,0,0,0,0,0,0,0,0,0,0,0,0,0,0,0,0,0,0,0,0,0,0,0,0,0,0,0,0,0,0,0,0,0,0,0,0,0,0,0,0,0,0,0,0,0,0,0,0,0,0,0,0,0,0,0,0,0,0,0,0,0,0,0,0,0,0,0,0,0,0,0,0,0,0,0,0,0,0,0,0,0,0,0,0,0,0,0,0,0,0,0,0,0,0,0,0,0,0,0,0,0,0,0,0,0,0,0,0,0,0,0,0,0,0,0,0,0,0,0,0,0,0,0,0,0,0,0,0,0,0,0
0.000170854781693187,0.875624050681505,0,0,0,0,0,0,0,0,0,0,0,0,0,0,0,0,0,0,0,0,0,0,0,0,0,0,0,0,0,0,0,0,0,0,0,0,0,0,0,0,0,0,0,0,0,0,0,0,0,0,0,0,0,0,0,0,0,0,0,0,0,0,0,0,0,0,0,0,0,0,0,0,0,0,0,0,0,0,0,0,0,0,0,0,0,0,0,0,0,0,0,0,0,0,0,0,0,0,0,0,0,0,0,0,0,0,0,0,0,0,0,0,0,0,0,0,0,0,0,0,0,0,0,0,0,0,0,0,0,0,0,0,0,0,0,0,0,0,0,0,0,0,0,0,0,0,0,0,0,0,0,0,0,0,0,0,0,0,0,0,0,0,0,0,0,0,0,0,0,0,0,0,0,0,0,0,0,0,0,0,0,0,0,0,0
0.000184685902992147,0.865688805904182,0,0,0,0,0,0,0,0,0,0,0,0,0,0,0,0,0,0,0,0,0,0,0,0,0,0,0,0,0,0,0,0,0,0,0,0,0,0,0,0,0,0,0,0,0,0,0,0,0,0,0,0,0,0,0,0,0,0,0,0,0,0,0,0,0,0,0,0,0,0,0,0,0,0,0,0,0,0,0,0,0,0,0,0,0,0,0,0,0,0,0,0,0,0,0,0,0,0,0,0,0,0,0,0,0,0,0,0,0,0,0,0,0,0,0,0,0,0,0,0,0,0,0,0,0,0,0,0,0,0,0,0,0,0,0,0,0,0,0,0,0,0,0,0,0,0,0,0,0,0,0,0,0,0,0,0,0,0,0,0,0,0,0,0,0,0,0,0,0,0,0,0,0,0,0,0,0,0,0,0,0,0,0,0,0
0.000232534578963248,0.874675488373142,0,0,0,0,0,0,0,0,0,0,0,0,0,0,0,0,0,0,0,0,0,0,0,0,0,0,0,0,0,0,0,0,0,0,0,0,0,0,0,0,0,0,0,0,0,0,0,0,0,0,0,0,0,0,0,0,0,0,0,0,0,0,0,0,0,0,0,0,0,0,0,0,0,0,0,0,0,0,0,0,0,0,0,0,0,0,0,0,0,0,0,0,0,0,0,0,0,0,0,0,0,0,0,0,0,0,0,0,0,0,0,0,0,0,0,0,0,0,0,0,0,0,0,0,0,0,0,0,0,0,0,0,0,0,0,0,0,0,0,0,0,0,0,0,0,0,0,0,0,0,0,0,0,0,0,0,0,0,0,0,0,0,0,0,0,0,0,0,0,0,0,0,0,0,0,0,0,0,0,0,0,0,0,0,0
0.000331958567820196,0.84863231024163,0,0,0,0,0,0,0,0,0,0,0,0,0,0,0,0,0,0,0,0,0,0,0,0,0,0,0,0,0,0,0,0,0,0,0,0,0,0,0,0,0,0,0,0,0,0,0,0,0,0,0,0,0,0,0,0,0,0,0,0,0,0,0,0,0,0,0,0,0,0,0,0,0,0,0,0,0,0,0,0,0,0,0,0,0,0,0,0,0,0,0,0,0,0,0,0,0,0,0,0,0,0,0,0,0,0,0,0,0,0,0,0,0,0,0,0,0,0,0,0,0,0,0,0,0,0,0,0,0,0,0,0,0,0,0,0,0,0,0,0,0,0,0,0,0,0,0,0,0,0,0,0,0,0,0,0,0,0,0,0,0,0,0,0,0,0,0,0,0,0,0,0,0,0,0,0,0,0,0,0,0,0,0,0,0
-0.000139798470199865,0.858719732596379,0,0,0,0,0,0,0,0,0,0,0,0,0,0,0,0,0,0,0,0,0,0,0,0,0,0,0,0,0,0,0,0,0,0,0,0,0,0,0,0,0,0,0,0,0,0,0,0,0,0,0,0,0,0,0,0,0,0,0,0,0,0,0,0,0,0,0,0,0,0,0,0,0,0,0,0,0,0,0,0,0,0,0,0,0,0,0,0,0,0,0,0,0,0,0,0,0,0,0,0,0,0,0,0,0,0,0,0,0,0,0,0,0,0,0,0,0,0,0,0,0,0,0,0,0,0,0,0,0,0,0,0,0,0,0,0,0,0,0,0,0,0,0,0,0,0,0,0,0,0,0,0,0,0,0,0,0,0,0,0,0,0,0,0,0,0,0,0,0,0,0,0,0,0,0,0,0,0,0,0,0,0,0,0,0
-0.000149046641384753,0.84076249891207,0,0,0,0,0,0,0,0,0,0,0,0,0,0,0,0,0,0,0,0,0,0,0,0,0,0,0,0,0,0,0,0,0,0,0,0,0,0,0,0,0,0,0,0,0,0,0,0,0,0,0,0,0,0,0,0,0,0,0,0,0,0,0,0,0,0,0,0,0,0,0,0,0,0,0,0,0,0,0,0,0,0,0,0,0,0,0,0,0,0,0,0,0,0,0,0,0,0,0,0,0,0,0,0,0,0,0,0,0,0,0,0,0,0,0,0,0,0,0,0,0,0,0,0,0,0,0,0,0,0,0,0,0,0,0,0,0,0,0,0,0,0,0,0,0,0,0,0,0,0,0,0,0,0,0,0,0,0,0,0,0,0,0,0,0,0,0,0,0,0,0,0,0,0,0,0,0,0,0,0,0,0,0,0,0
0.0000793393713442994,0.800652222554757,0,0,0,0,0,0,0,0,0,0,0,0,0,0,0,0,0,0,0,0,0,0,0,0,0,0,0,0,0,0,0,0,0,0,0,0,0,0,0,0,0,0,0,0,0,0,0,0,0,0,0,0,0,0,0,0,0,0,0,0,0,0,0,0,0,0,0,0,0,0,0,0,0,0,0,0,0,0,0,0,0,0,0,0,0,0,0,0,0,0,0,0,0,0,0,0,0,0,0,0,0,0,0,0,0,0,0,0,0,0,0,0,0,0,0,0,0,0,0,0,0,0,0,0,0,0,0,0,0,0,0,0,0,0,0,0,0,0,0,0,0,0,0,0,0,0,0,0,0,0,0,0,0,0,0,0,0,0,0,0,0,0,0,0,0,0,0,0,0,0,0,0,0,0,0,0,0,0,0,0,0,0,0,0,0
-0.000484106711458608,0.704123905786263,0,0,0,0,0,0,0,0,0,0,0,0,0,0,0,0,0,0,0,0,0,0,0,0,0,0,0,0,0,0,0,0,0,0,0,0,0,0,0,0,0,0,0,0,0,0,0,0,0,0,0,0,0,0,0,0,0,0,0,0,0,0,0,0,0,0,0,0,0,0,0,0,0,0,0,0,0,0,0,0,0,0,0,0,0,0,0,0,0,0,0,0,0,0,0,0,0,0,0,0,0,0,0,0,0,0,0,0,0,0,0,0,0,0,0,0,0,0,0,0,0,0,0,0,0,0,0,0,0,0,0,0,0,0,0,0,0,0,0,0,0,0,0,0,0,0,0,0,0,0,0,0,0,0,0,0,0,0,0,0,0,0,0,0,0,0,0,0,0,0,0,0,0,0,0,0,0,0,0,0,0,0,0,0,0
0.0000317712850669222,0.874730203308035,0,0,0,0,0,0,0,0,0,0,0,0,0,0,0,0,0,0,0,0,0,0,0,0,0,0,0,0,0,0,0,0,0,0,0,0,0,0,0,0,0,0,0,0,0,0,0,0,0,0,0,0,0,0,0,0,0,0,0,0,0,0,0,0,0,0,0,0,0,0,0,0,0,0,0,0,0,0,0,0,0,0,0,0,0,0,0,0,0,0,0,0,0,0,0,0,0,0,0,0,0,0,0,0,0,0,0,0,0,0,0,0,0,0,0,0,0,0,0,0,0,0,0,0,0,0,0,0,0,0,0,0,0,0,0,0,0,0,0,0,0,0,0,0,0,0,0,0,0,0,0,0,0,0,0,0,0,0,0,0,0,0,0,0,0,0,0,0,0,0,0,0,0,0,0,0,0,0,0,0,0,0,0,0,0
-0.000219149304455887,0.823897526484478,0,0,0,0,0,0,0,0,0,0,0,0,0,0,0,0,0,0,0,0,0,0,0,0,0,0,0,0,0,0,0,0,0,0,0,0,0,0,0,0,0,0,0,0,0,0,0,0,0,0,0,0,0,0,0,0,0,0,0,0,0,0,0,0,0,0,0,0,0,0,0,0,0,0,0,0,0,0,0,0,0,0,0,0,0,0,0,0,0,0,0,0,0,0,0,0,0,0,0,0,0,0,0,0,0,0,0,0,0,0,0,0,0,0,0,0,0,0,0,0,0,0,0,0,0,0,0,0,0,0,0,0,0,0,0,0,0,0,0,0,0,0,0,0,0,0,0,0,0,0,0,0,0,0,0,0,0,0,0,0,0,0,0,0,0,0,0,0,0,0,0,0,0,0,0,0,0,0,0,0,0,0,0,0,0
-0.000296416300368003,0.827975023174612,0,0,0,0,0,0,0,0,0,0,0,0,0,0,0,0,0,0,0,0,0,0,0,0,0,0,0,0,0,0,0,0,0,0,0,0,0,0,0,0,0,0,0,0,0,0,0,0,0,0,0,0,0,0,0,0,0,0,0,0,0,0,0,0,0,0,0,0,0,0,0,0,0,0,0,0,0,0,0,0,0,0,0,0,0,0,0,0,0,0,0,0,0,0,0,0,0,0,0,0,0,0,0,0,0,0,0,0,0,0,0,0,0,0,0,0,0,0,0,0,0,0,0,0,0,0,0,0,0,0,0,0,0,0,0,0,0,0,0,0,0,0,0,0,0,0,0,0,0,0,0,0,0,0,0,0,0,0,0,0,0,0,0,0,0,0,0,0,0,0,0,0,0,0,0,0,0,0,0,0,0,0,0,0,0
0.0000378972872719895,0.854976241659082,0,0,0,0,0,0,0,0,0,0,0,0,0,0,0,0,0,0,0,0,0,0,0,0,0,0,0,0,0,0,0,0,0,0,0,0,0,0,0,0,0,0,0,0,0,0,0,0,0,0,0,0,0,0,0,0,0,0,0,0,0,0,0,0,0,0,0,0,0,0,0,0,0,0,0,0,0,0,0,0,0,0,0,0,0,0,0,0,0,0,0,0,0,0,0,0,0,0,0,0,0,0,0,0,0,0,0,0,0,0,0,0,0,0,0,0,0,0,0,0,0,0,0,0,0,0,0,0,0,0,0,0,0,0,0,0,0,0,0,0,0,0,0,0,0,0,0,0,0,0,0,0,0,0,0,0,0,0,0,0,0,0,0,0,0,0,0,0,0,0,0,0,0,0,0,0,0,0,0,0,0,0,0,0,0
0.000236802739418326,0.879112334443915,0,0,0,0,0,0,0,0,0,0,0,0,0,0,0,0,0,0,0,0,0,0,0,0,0,0,0,0,0,0,0,0,0,0,0,0,0,0,0,0,0,0,0,0,0,0,0,0,0,0,0,0,0,0,0,0,0,0,0,0,0,0,0,0,0,0,0,0,0,0,0,0,0,0,0,0,0,0,0,0,0,0,0,0,0,0,0,0,0,0,0,0,0,0,0,0,0,0,0,0,0,0,0,0,0,0,0,0,0,0,0,0,0,0,0,0,0,0,0,0,0,0,0,0,0,0,0,0,0,0,0,0,0,0,0,0,0,0,0,0,0,0,0,0,0,0,0,0,0,0,0,0,0,0,0,0,0,0,0,0,0,0,0,0,0,0,0,0,0,0,0,0,0,0,0,0,0,0,0,0,0,0,0,0,0
0.000662706148536277,0.897830910371903,0,0,0,0,0,0,0,0,0,0,0,0,0,0,0,0,0,0,0,0,0,0,0,0,0,0,0,0,0,0,0,0,0,0,0,0,0,0,0,0,0,0,0,0,0,0,0,0,0,0,0,0,0,0,0,0,0,0,0,0,0,0,0,0,0,0,0,0,0,0,0,0,0,0,0,0,0,0,0,0,0,0,0,0,0,0,0,0,0,0,0,0,0,0,0,0,0,0,0,0,0,0,0,0,0,0,0,0,0,0,0,0,0,0,0,0,0,0,0,0,0,0,0,0,0,0,0,0,0,0,0,0,0,0,0,0,0,0,0,0,0,0,0,0,0,0,0,0,0,0,0,0,0,0,0,0,0,0,0,0,0,0,0,0,0,0,0,0,0,0,0,0,0,0,0,0,0,0,0,0,0,0,0,0,0
0.000869220840546484,0.908612059480132,0,0,0,0,0,0,0,0,0,0,0,0,0,0,0,0,0,0,0,0,0,0,0,0,0,0,0,0,0,0,0,0,0,0,0,0,0,0,0,0,0,0,0,0,0,0,0,0,0,0,0,0,0,0,0,0,0,0,0,0,0,0,0,0,0,0,0,0,0,0,0,0,0,0,0,0,0,0,0,0,0,0,0,0,0,0,0,0,0,0,0,0,0,0,0,0,0,0,0,0,0,0,0,0,0,0,0,0,0,0,0,0,0,0,0,0,0,0,0,0,0,0,0,0,0,0,0,0,0,0,0,0,0,0,0,0,0,0,0,0,0,0,0,0,0,0,0,0,0,0,0,0,0,0,0,0,0,0,0,0,0,0,0,0,0,0,0,0,0,0,0,0,0,0,0,0,0,0,0,0,0,0,0,0,0
0.00085747688238061,0.894855781972575,0,0,0,0,0,0,0,0,0,0,0,0,0,0,0,0,0,0,0,0,0,0,0,0,0,0,0,0,0,0,0,0,0,0,0,0,0,0,0,0,0,0,0,0,0,0,0,0,0,0,0,0,0,0,0,0,0,0,0,0,0,0,0,0,0,0,0,0,0,0,0,0,0,0,0,0,0,0,0,0,0,0,0,0,0,0,0,0,0,0,0,0,0,0,0,0,0,0,0,0,0,0,0,0,0,0,0,0,0,0,0,0,0,0,0,0,0,0,0,0,0,0,0,0,0,0,0,0,0,0,0,0,0,0,0,0,0,0,0,0,0,0,0,0,0,0,0,0,0,0,0,0,0,0,0,0,0,0,0,0,0,0,0,0,0,0,0,0,0,0,0,0,0,0,0,0,0,0,0,0,0,0,0,0,0
0.000749315015007206,0.897506662133908,0,0,0,0,0,0,0,0,0,0,0,0,0,0,0,0,0,0,0,0,0,0,0,0,0,0,0,0,0,0,0,0,0,0,0,0,0,0,0,0,0,0,0,0,0,0,0,0,0,0,0,0,0,0,0,0,0,0,0,0,0,0,0,0,0,0,0,0,0,0,0,0,0,0,0,0,0,0,0,0,0,0,0,0,0,0,0,0,0,0,0,0,0,0,0,0,0,0,0,0,0,0,0,0,0,0,0,0,0,0,0,0,0,0,0,0,0,0,0,0,0,0,0,0,0,0,0,0,0,0,0,0,0,0,0,0,0,0,0,0,0,0,0,0,0,0,0,0,0,0,0,0,0,0,0,0,0,0,0,0,0,0,0,0,0,0,0,0,0,0,0,0,0,0,0,0,0,0,0,0,0,0,0,0,0
0.0005504616663063,0.887856758387256,0,0,0,0,0,0,0,0,0,0,0,0,0,0,0,0,0,0,0,0,0,0,0,0,0,0,0,0,0,0,0,0,0,0,0,0,0,0,0,0,0,0,0,0,0,0,0,0,0,0,0,0,0,0,0,0,0,0,0,0,0,0,0,0,0,0,0,0,0,0,0,0,0,0,0,0,0,0,0,0,0,0,0,0,0,0,0,0,0,0,0,0,0,0,0,0,0,0,0,0,0,0,0,0,0,0,0,0,0,0,0,0,0,0,0,0,0,0,0,0,0,0,0,0,0,0,0,0,0,0,0,0,0,0,0,0,0,0,0,0,0,0,0,0,0,0,0,0,0,0,0,0,0,0,0,0,0,0,0,0,0,0,0,0,0,0,0,0,0,0,0,0,0,0,0,0,0,0,0,0,0,0,0,0,0
0.000670748670605742,0.883285687520661,0,0,0,0,0,0,0,0,0,0,0,0,0,0,0,0,0,0,0,0,0,0,0,0,0,0,0,0,0,0,0,0,0,0,0,0,0,0,0,0,0,0,0,0,0,0,0,0,0,0,0,0,0,0,0,0,0,0,0,0,0,0,0,0,0,0,0,0,0,0,0,0,0,0,0,0,0,0,0,0,0,0,0,0,0,0,0,0,0,0,0,0,0,0,0,0,0,0,0,0,0,0,0,0,0,0,0,0,0,0,0,0,0,0,0,0,0,0,0,0,0,0,0,0,0,0,0,0,0,0,0,0,0,0,0,0,0,0,0,0,0,0,0,0,0,0,0,0,0,0,0,0,0,0,0,0,0,0,0,0,0,0,0,0,0,0,0,0,0,0,0,0,0,0,0,0,0,0,0,0,0,0,0,0,0
0.000481189963248354,0.865409377689985,0,0,0,0,0,0,0,0,0,0,0,0,0,0,0,0,0,0,0,0,0,0,0,0,0,0,0,0,0,0,0,0,0,0,0,0,0,0,0,0,0,0,0,0,0,0,0,0,0,0,0,0,0,0,0,0,0,0,0,0,0,0,0,0,0,0,0,0,0,0,0,0,0,0,0,0,0,0,0,0,0,0,0,0,0,0,0,0,0,0,0,0,0,0,0,0,0,0,0,0,0,0,0,0,0,0,0,0,0,0,0,0,0,0,0,0,0,0,0,0,0,0,0,0,0,0,0,0,0,0,0,0,0,0,0,0,0,0,0,0,0,0,0,0,0,0,0,0,0,0,0,0,0,0,0,0,0,0,0,0,0,0,0,0,0,0,0,0,0,0,0,0,0,0,0,0,0,0,0,0,0,0,0,0,0
NA,NA,NA,NA,NA,NA,NA,NA,NA,NA,NA,NA,NA,NA,NA,NA,NA,NA,NA,NA,NA,NA,NA,NA,NA,NA,NA,NA,NA,NA,NA,NA,NA,NA,NA,NA,NA,NA,NA,NA,NA,NA,NA,NA,NA,NA,NA,NA,NA,NA,NA,NA,NA,NA,NA,NA,NA,NA,NA,NA,NA,NA,NA,NA,NA,NA,NA,NA,NA,NA,NA,NA,NA,NA,NA,NA,NA,NA,NA,NA,NA,NA,NA,NA,NA,NA,NA,NA,NA,NA,NA,NA,NA,NA,NA,NA,NA,NA,NA,NA,NA,NA,NA,NA,NA,NA,NA,NA,NA,NA,NA,NA,NA,NA,NA,NA,NA,NA,NA,NA,NA,NA,NA,NA,NA,NA,NA,NA,NA,NA,NA,NA,NA,NA,NA,NA,NA,NA,NA,NA,NA,NA,NA,NA,NA,NA,NA,NA,NA,NA,NA,NA,NA,NA,NA,NA,NA,NA,NA,NA,NA,NA,NA,NA,NA,NA,NA,NA,NA,NA,NA,NA,NA,NA,NA,NA,NA,NA,NA,NA,NA,NA,NA,NA,NA,NA,NA
0.00047574574690324,0.804625023071642,0,0,0,0,0,0,0,0,0,0,0,0,0,0,0,0,0,0,0,0,0,0,0,0,0,0,0,0,0,0,0,0,0,0,0,0,0,0,0,0,0,0,0,0,0,0,0,0,0,0,0,0,0,0,0,0,0,0,0,0,0,0,0,0,0,0,0,0,0,0,0,0,0,0,0,0,0,0,0,0,0,0,0,0,0,0,0,0,0,0,0,0,0,0,0,0,0,0,0,0,0,0,0,0,0,0,0,0,0,0,0,0,0,0,0,0,0,0,0,0,0,0,0,0,0,0,0,0,0,0,0,0,0,0,0,0,0,0,0,0,0,0,0,0,0,0,0,0,0,0,0,0,0,0,0,0,0,0,0,0,0,0,0,0,0,0,0,0,0,0,0,0,0,0,0,0,0,0,0,0,0,0,0,0,0
NA,NA,NA,NA,NA,NA,NA,NA,NA,NA,NA,NA,NA,NA,NA,NA,NA,NA,NA,NA,NA,NA,NA,NA,NA,NA,NA,NA,NA,NA,NA,NA,NA,NA,NA,NA,NA,NA,NA,NA,NA,NA,NA,NA,NA,NA,NA,NA,NA,NA,NA,NA,NA,NA,NA,NA,NA,NA,NA,NA,NA,NA,NA,NA,NA,NA,NA,NA,NA,NA,NA,NA,NA,NA,NA,NA,NA,NA,NA,NA,NA,NA,NA,NA,NA,NA,NA,NA,NA,NA,NA,NA,NA,NA,NA,NA,NA,NA,NA,NA,NA,NA,NA,NA,NA,NA,NA,NA,NA,NA,NA,NA,NA,NA,NA,NA,NA,NA,NA,NA,NA,NA,NA,NA,NA,NA,NA,NA,NA,NA,NA,NA,NA,NA,NA,NA,NA,NA,NA,NA,NA,NA,NA,NA,NA,NA,NA,NA,NA,NA,NA,NA,NA,NA,NA,NA,NA,NA,NA,NA,NA,NA,NA,NA,NA,NA,NA,NA,NA,NA,NA,NA,NA,NA,NA,NA,NA,NA,NA,NA,NA,NA,NA,NA,NA,NA,NA
0.000986299725559647,0.86791139665315,0,0,0,0,0,0,0,0,0,0,0,0,0,0,0,0,0,0,0,0,0,0,0,0,0,0,0,0,0,0,0,0,0,0,0,0,0,0,0,0,0,0,0,0,0,0,0,0,0,0,0,0,0,0,0,0,0,0,0,0,0,0,0,0,0,0,0,0,0,0,0,0,0,0,0,0,0,0,0,0,0,0,0,0,0,0,0,0,0,0,0,0,0,0,0,0,0,0,0,0,0,0,0,0,0,0,0,0,0,0,0,0,0,0,0,0,0,0,0,0,0,0,0,0,0,0,0,0,0,0,0,0,0,0,0,0,0,0,0,0,0,0,0,0,0,0,0,0,0,0,0,0,0,0,0,0,0,0,0,0,0,0,0,0,0,0,0,0,0,0,0,0,0,0,0,0,0,0,0,0,0,0,0,0,0
NA,NA,NA,NA,NA,NA,NA,NA,NA,NA,NA,NA,NA,NA,NA,NA,NA,NA,NA,NA,NA,NA,NA,NA,NA,NA,NA,NA,NA,NA,NA,NA,NA,NA,NA,NA,NA,NA,NA,NA,NA,NA,NA,NA,NA,NA,NA,NA,NA,NA,NA,NA,NA,NA,NA,NA,NA,NA,NA,NA,NA,NA,NA,NA,NA,NA,NA,NA,NA,NA,NA,NA,NA,NA,NA,NA,NA,NA,NA,NA,NA,NA,NA,NA,NA,NA,NA,NA,NA,NA,NA,NA,NA,NA,NA,NA,NA,NA,NA,NA,NA,NA,NA,NA,NA,NA,NA,NA,NA,NA,NA,NA,NA,NA,NA,NA,NA,NA,NA,NA,NA,NA,NA,NA,NA,NA,NA,NA,NA,NA,NA,NA,NA,NA,NA,NA,NA,NA,NA,NA,NA,NA,NA,NA,NA,NA,NA,NA,NA,NA,NA,NA,NA,NA,NA,NA,NA,NA,NA,NA,NA,NA,NA,NA,NA,NA,NA,NA,NA,NA,NA,NA,NA,NA,NA,NA,NA,NA,NA,NA,NA,NA,NA,NA,NA,NA,NA
0.000970231597757241,0.832415592275241,-0.00476515535299774,0,0,0,0,0,0,0,0,0,0,0,0,0,0,0,0,0,0,0,0,0,0,0,0,0,0,0,0,0,0,0,0,0,0,0,0,0,0,0,0,0,0,0,0,0,0,0,0.00345981711884787,0,0,0,0,0,0,0,0,0,0,0,0,0,0,0,0,0,0,0,0,0,0,0,0,0,0,0,0,0,0,0,0,0,0,0,0,0,0,0,0,0,0,0,0,0,0,0,0,0,0,0,0,0,0,0,0,0,0,0,0,0,0,0,0,0,0,0,0,0,0,0,0,0,0,0,0,0,0,0,0,0,0,0,0,0,0,0,0,0,0,0,0,0,0,0,0,0,0,0,0,0,0,0,0,0,0,0,0,0,0,0,0,0,0,0,0,0,0,0,0,0,0,0,0,0,0,0,0,0,0,0,0,0,0,0,0
NA,NA,NA,NA,NA,NA,NA,NA,NA,NA,NA,NA,NA,NA,NA,NA,NA,NA,NA,NA,NA,NA,NA,NA,NA,NA,NA,NA,NA,NA,NA,NA,NA,NA,NA,NA,NA,NA,NA,NA,NA,NA,NA,NA,NA,NA,NA,NA,NA,NA,NA,NA,NA,NA,NA,NA,NA,NA,NA,NA,NA,NA,NA,NA,NA,NA,NA,NA,NA,NA,NA,NA,NA,NA,NA,NA,NA,NA,NA,NA,NA,NA,NA,NA,NA,NA,NA,NA,NA,NA,NA,NA,NA,NA,NA,NA,NA,NA,NA,NA,NA,NA,NA,NA,NA,NA,NA,NA,NA,NA,NA,NA,NA,NA,NA,NA,NA,NA,NA,NA,NA,NA,NA,NA,NA,NA,NA,NA,NA,NA,NA,NA,NA,NA,NA,NA,NA,NA,NA,NA,NA,NA,NA,NA,NA,NA,NA,NA,NA,NA,NA,NA,NA,NA,NA,NA,NA,NA,NA,NA,NA,NA,NA,NA,NA,NA,NA,NA,NA,NA,NA,NA,NA,NA,NA,NA,NA,NA,NA,NA,NA,NA,NA,NA,NA,NA,NA
0.00105064711572857,0.804617383282592,-0.0126650109943335,0,0,0.0000458704092850263,0,0,0,0,0,0,0,0,0,0,0,0,0,0,0,0,0,0,0,0,0,0,0,0,0,0,0,0,0,0,0,0,0,0,0,0,0,0,0,0,0,0,0,0,0,0,0,0,0,0,0,0,0,0,0,0,0,0,0,0,0,0,0,0,0,0,0,0,0,0,0,0,-0.00321347968631356,0,0,0,0,0,0,0,0,0,0,0,0,0,0,0,0,0,0,0,0,0,0,0,0,0,0,0,0,0,0,0,0,0,0,0,0,0,0,0,0,0,0,0,0,0,0,0,0,0,0,0,0,0,0,0,0,0,0,0,0,0,0,0,0,0,0,0,0,0,0,0,0,0,0,0,0,0,0,0,0,0,0,0,0,0,0,0,0,0,0,0,0,0,0,0,0,0,0,0,0,0,0,0,0,0,0,0,0
0.00080252307466591,0.707946328529091,0,0,0,0,0,0,0,0,0,0,0,0,0,0,0,0,0,0,0,0,0,0,0,0,0,0,0,0,0,0,0,0,0,0,0,0,0,0,0,0,0,0,0,0,0,0,0,0,0,0,0,0,0,0,0,0,0,0,0,0,0,0,0,0,0,0,0,0,0,0,0,0,0,0,0,0,-0.00305016497442148,0,0,0.0106482907861595,0,0,0,0,0,0,0,0,0,0,0,0,0,0,0,0,0,0,0,0,0,0,0,0,0,0,0,0,0,0,0,0,0,0,0,0,0,0,0,0,0,0,0,0,0,0,0,0,0,0,0,0,0,0,0,0,0,0,0,0,0,0,0,0,0,0,0,0,0,0,0,0,0,0,0,0,0,0,0,0,0,0,0,0,0,0,0,0,0,0,0,0,0,0,0,0,0,0,0,0,0,0,0,0,0
NA,NA,NA,NA,NA,NA,NA,NA,NA,NA,NA,NA,NA,NA,NA,NA,NA,NA,NA,NA,NA,NA,NA,NA,NA,NA,NA,NA,NA,NA,NA,NA,NA,NA,NA,NA,NA,NA,NA,NA,NA,NA,NA,NA,NA,NA,NA,NA,NA,NA,NA,NA,NA,NA,NA,NA,NA,NA,NA,NA,NA,NA,NA,NA,NA,NA,NA,NA,NA,NA,NA,NA,NA,NA,NA,NA,NA,NA,NA,NA,NA,NA,NA,NA,NA,NA,NA,NA,NA,NA,NA,NA,NA,NA,NA,NA,NA,NA,NA,NA,NA,NA,NA,NA,NA,NA,NA,NA,NA,NA,NA,NA,NA,NA,NA,NA,NA,NA,NA,NA,NA,NA,NA,NA,NA,NA,NA,NA,NA,NA,NA,NA,NA,NA,NA,NA,NA,NA,NA,NA,NA,NA,NA,NA,NA,NA,NA,NA,NA,NA,NA,NA,NA,NA,NA,NA,NA,NA,NA,NA,NA,NA,NA,NA,NA,NA,NA,NA,NA,NA,NA,NA,NA,NA,NA,NA,NA,NA,NA,NA,NA,NA,NA,NA,NA,NA,NA
0.000915499972013011,0.719563291244599,-0.00972678473698678,0,0,0.00676786935544619,0,0,0,0,0,0,0,0,0,0,0,0,0,0,0,0,0,0,0,0,0,0,0,0,0,0,0,0,0,0,0,0,0,0,0,0,0,0,0,0,0,0,-0.00422806437170151,0,0.00638075742198684,0,0,0,0,0,0,0,0,0,0,0,0,0,0,0,0,0,0,0,0,0,0,0,0,0,0,0,-0.00114827794198493,0,0,0,0,0,0,0,0,0,0,0,0,0,0,0,0,0,0,0,0,0,0,0,0,0,0,0,0,0,0,0,0,0,0,0,0,0,0,0,0,0,0,0,0,0,0,0,0,0,0,0,0,0,0,0,0,0,0,0,0,0,0,0,0,0,0,0,0,0,0,0,0,0,0,0,0,0,0,0,0,0,0,0,0,0,0,0,0,0,0,0,0,0,0,0,0,0,0,0,0,0,0,0,0,0,0,0,0
NA,NA,NA,NA,NA,NA,NA,NA,NA,NA,NA,NA,NA,NA,NA,NA,NA,NA,NA,NA,NA,NA,NA,NA,NA,NA,NA,NA,NA,NA,NA,NA,NA,NA,NA,NA,NA,NA,NA,NA,NA,NA,NA,NA,NA,NA,NA,NA,NA,NA,NA,NA,NA,NA,NA,NA,NA,NA,NA,NA,NA,NA,NA,NA,NA,NA,NA,NA,NA,NA,NA,NA,NA,NA,NA,NA,NA,NA,NA,NA,NA,NA,NA,NA,NA,NA,NA,NA,NA,NA,NA,NA,NA,NA,NA,NA,NA,NA,NA,NA,NA,NA,NA,NA,NA,NA,NA,NA,NA,NA,NA,NA,NA,NA,NA,NA,NA,NA,NA,NA,NA,NA,NA,NA,NA,NA,NA,NA,NA,NA,NA,NA,NA,NA,NA,NA,NA,NA,NA,NA,NA,NA,NA,NA,NA,NA,NA,NA,NA,NA,NA,NA,NA,NA,NA,NA,NA,NA,NA,NA,NA,NA,NA,NA,NA,NA,NA,NA,NA,NA,NA,NA,NA,NA,NA,NA,NA,NA,NA,NA,NA,NA,NA,NA,NA,NA,NA
0.000814947541459338,0.704660545264284,-0.0159860542419775,0,0,0.022092976707944,0,0,0,0,0,0,0,0,0,0,0,0,0,0,0,0,0,0,0,0,0,0,0,0,0,0,0,0,0,0,0,0,0,0,0.00181347110160592,0,0,0,0,0,0,0,-0.000565017565773792,0,0.00524423412697533,0,0,0,0,0,0,0,0,0,0,0,0,0,0,0,0,0,0,0,0,0,0,0,0,0,0,0,-0.0181471451714029,0,0,0,0,0,0,0,0,0,0,0,0,0,0,0,0,0,0,0.00930395662172793,0,0,0,0,0,0,0,0,0,0,0,0,0,0,0,0,0,0,0,0,0,0,0,0,0,0,0,0,0,0,0,0,0,0,0,0,0,0,0,0,0,0,0,0,0,0,0,0,0,0,0,0,0,0,0.00106061766337704,0,0,0,0,0,0,0,0,0,0,0,0,0,0,0,0,0,0,0,0,0,0,0,0,0,0,0,0,0,0,0,0,0,0
0.000950787564076311,0.742256486925965,-0.0145713115947745,0,0,0.0160212523999785,0,0,0,0,0,0,0,0,0,0,0,0,0,0,0,0,0,0,0,0,0,0,0,0,0,0,0,0,0,0,0,0,0,0,0.00444126585609847,0,0,0,0,0,0,0,-0.00146106098359007,0,0.0132332631794913,0,0,0,0,0,0,0,0,0,0,0,0,0,0,0,0,0,0,0,0,0,0,0,0,0,0,0,-0.00762816958509106,0,0,0,0,0,0,0,0.00457374410846058,0,0,0,0,0,0,0,0,0,0,0.0476127615309882,0,0,0,0,0,0,0,0,0,0,0,0,0,0,0,0,0,0,0,0,0,0,0,0,0,0,0,0,0,0,0,0,0,0,0,0,0,0,0,0,0,0,0,0,0,0,0,0,0,0,0,0,0,0,0,0,0,0,0,0,0,0,0,0,0,0,0,0,0,0,0,0,0,0,0,0,0,0,0,0,0,0,0,0,0,0,0,0,-0.000491188447952532
0.000502080989838685,0.694793456377407,-0.00385854917068693,0,0,0.00881242939883179,0,0,0,0,0,0,0,0,0,0,0,0,0,0,0,0,0,0,0,0,0,0,0,0,0,0,0,0,0,0,0,0,0,0,0,0,0,0,0,0,0,0,-0.00319371378048201,0,0,0,0,0,0,0,0,0,0,0,0,0,0,0,0,0,0,0,0,0,0,0,0,0,0,0,0,0,-0.00393564140982606,0,0,0.000267060795877576,0,0,0,0,0,0,0,0,0,0,0,0,0,0,0,0,0,0,0,0,0,0,0,0,0,0,0,0,0,0,0,0,0,0,0,0,0,0,0,0,0,0,0,0,0,0,0,0,0,0,0,0,0,0,0,0,0,0,0,0,0,0,0,0,0,0,0,0,0,0,0,0,0,0,0,0,0,0,0,0,0,0,0,0,0,0,0,0,0,0,0,0,0,0,0,0,0,0,0,0,0,0,0,0,0
0.000287175442422913,0.628665591923144,0,0,0,0,0,0,0,0,0,0,0,0,0,0,0,0,0,0,0,0,0,0,0,0,0,0,0,0,0,0,0,0,0,0,0,0,0,0,0,0,0,0,0,0,0,0,0,0,0,0,0,0,0,0,0,0,0,0,0,0,0,0,0,0,0,0,0,0,0,0,0,0,0,0,0,0,0,0,0,0,0,0,0,0,0,0,0,0,0,0,0,0,0,0,0,0,0,0,0,0,0,0,0,0,0,0,0,0,0,0,0,0,0,0,0,0,0,0,0,0,0,0,0,0,0,0,0,0,0,0,0,0,0,0,0,0,0,0,0,0,0,0,0,0,0,0,0,0,0,0,0,0,0,0,0,0,0,0,0,0,0,0,0,0,0,0,0,0,0,0,0,0,0,0,0,0,0,0,0,0,0,0,0,0,0
NA,NA,NA,NA,NA,NA,NA,NA,NA,NA,NA,NA,NA,NA,NA,NA,NA,NA,NA,NA,NA,NA,NA,NA,NA,NA,NA,NA,NA,NA,NA,NA,NA,NA,NA,NA,NA,NA,NA,NA,NA,NA,NA,NA,NA,NA,NA,NA,NA,NA,NA,NA,NA,NA,NA,NA,NA,NA,NA,NA,NA,NA,NA,NA,NA,NA,NA,NA,NA,NA,NA,NA,NA,NA,NA,NA,NA,NA,NA,NA,NA,NA,NA,NA,NA,NA,NA,NA,NA,NA,NA,NA,NA,NA,NA,NA,NA,NA,NA,NA,NA,NA,NA,NA,NA,NA,NA,NA,NA,NA,NA,NA,NA,NA,NA,NA,NA,NA,NA,NA,NA,NA,NA,NA,NA,NA,NA,NA,NA,NA,NA,NA,NA,NA,NA,NA,NA,NA,NA,NA,NA,NA,NA,NA,NA,NA,NA,NA,NA,NA,NA,NA,NA,NA,NA,NA,NA,NA,NA,NA,NA,NA,NA,NA,NA,NA,NA,NA,NA,NA,NA,NA,NA,NA,NA,NA,NA,NA,NA,NA,NA,NA,NA,NA,NA,NA,NA
0.000820774438707825,0.724310584029427,-0.026046769102844,0,0,0.0264740383135867,0,0,0,0,0,0,0,0,0,0,0,0,0,0,0,0,0,0,0,0,0,0,0,0,0,0,0,0,0,0,0,0,0,0,0,0,0,0,0,0,0,0,-0.00443167494998484,0,0.00549040894200386,0,0,0,0,0,0,0,0,0,0,0,0,0,0,0,0,0,0,0,0,0.00106673682647324,0,0,0,0,0,0,-0.0143364162052906,0,0,0,0,0,0,0,0.00390518966436154,0,0,0,0,0,0,0,0,0,0,0,0,0,0,0,0,0,0,0,0,0,0,0,0,0,0,0,0,0,0,0,0,0,0,0,0,0,0,0,0,-0.00267312040663454,0,0,0,0,0,0,0,0,0,0,0,0,0,0,0,0,0,0,0,0,0,0,0,0,0,0,0,0,0,0,0,0,0,0,0,0,0,0,0,0,0,0,0,0,0,0,0,0,0,0,0,0,0,0,0,0,0,0,0
NA,NA,NA,NA,NA,NA,NA,NA,NA,NA,NA,NA,NA,NA,NA,NA,NA,NA,NA,NA,NA,NA,NA,NA,NA,NA,NA,NA,NA,NA,NA,NA,NA,NA,NA,NA,NA,NA,NA,NA,NA,NA,NA,NA,NA,NA,NA,NA,NA,NA,NA,NA,NA,NA,NA,NA,NA,NA,NA,NA,NA,NA,NA,NA,NA,NA,NA,NA,NA,NA,NA,NA,NA,NA,NA,NA,NA,NA,NA,NA,NA,NA,NA,NA,NA,NA,NA,NA,NA,NA,NA,NA,NA,NA,NA,NA,NA,NA,NA,NA,NA,NA,NA,NA,NA,NA,NA,NA,NA,NA,NA,NA,NA,NA,NA,NA,NA,NA,NA,NA,NA,NA,NA,NA,NA,NA,NA,NA,NA,NA,NA,NA,NA,NA,NA,NA,NA,NA,NA,NA,NA,NA,NA,NA,NA,NA,NA,NA,NA,NA,NA,NA,NA,NA,NA,NA,NA,NA,NA,NA,NA,NA,NA,NA,NA,NA,NA,NA,NA,NA,NA,NA,NA,NA,NA,NA,NA,NA,NA,NA,NA,NA,NA,NA,NA,NA,NA
0.000646365467477698,0.685913306022976,-0.00544823030747208,0,0,0.00387532291568698,0,0,0,0,0,0,0,0,0,0,0,0,0,0,0,0,0,0,0,0,0,0,0,0,0,0,0,0,0,0,0,0,0,0,0,0,0,0,0,0,0,0,0,0,0,0,0,0,0,0,0,0,0,0,0,0,0,0,0,0,0,0,0,0,0,0,0,0,0,0,0,0,-0.0014848425449852,0,0,0.00460169390220886,0,0,0,0,0,0,0,0,0,0,0,0,0,0,0,0,0,0,0,0,0,0,0,0,0,0,0,0,0,0,0,0,0,0,0,0,0,0,0,0,0,0,0,0,0,0,0,0,0,0,0,0,0,0,0,0,0,0,0,0,0,0,0,0,0,0,0,0,0,0,0,0,0,0,0,0,0,0,0,0,0,0,0,0,0,0,0,0,0,0,0,0,0,0,0,0,0,0,0,0,0,0,0,0,0
0.000399312756626651,0.68393387578815,0,0,0,0.0782319362483054,0,-0.0334379906331347,0,0,0,-0.0287111577498309,0,0,0,0,0,0.0115982234770196,0,0,0,0,0,0,0,0,0,0,0,0,0,0,0,0,0,0,0.0411296898028734,0,0,0,0,0,0,0,-0.0157733363461546,0,0,0,0,0,0.0015266060210159,0,-0.00394606628722057,-0.0353323900408059,0,0,-0.00340662763958847,0,0.0133130912241608,0,-0.0305382045976301,0,0,0,0,-0.00714918304611708,-0.0278767196278942,0,0,0,0,0.00368869650008848,-0.00664255296490425,0,0,0,0,0,-0.0179825060844599,0,0,0.00981697514115506,0,0,0,0,0.0504086722388015,0,0,0,0,0,0,0,0,0,0,0.0712579248383764,0,0,0,0,-0.0153891317786625,0,0,0,0,0,0,-0.00259985773791331,0,0,0,0,0,0.00951131161679343,0.000821768618074301,0,-0.0100048099189498,0,0,-0.0119204239078106,0,0,0,0,0,0,0,0,0,0,0,0,0,0,0,0,0,0,0,0,0,0,0,0,0,0,0,-0.0525799230314576,-0.0498845965336477,0,0,0,0.0165250109935694,0,0,0,0,0,0,0,0,0,0,0,0,0,0,0,0,0,0,0,0.00882593219754176,0,0,0,0,0,0,0,0,0,0,0,-0.0360983990532857
0.000602738768481458,0.715208126998678,-0.0146791868327367,0,0,0.0393489469313597,0,0,0,0,0,0,0,0,0,0,0,0,0,0,0,0,0,0,0,0,0,0,0,0,0,0,0,0,0,0,0,0,0,0,0,0,0,0,0,0,0,0,0,0,0,0,0,0,0,0,0,0,0,0,0,0,0,0,0,0,0,0,0,0,0,0,0,0,0,0,0,0,-0.00297199568967907,0,0,0,0,0,0,0,0.0137435153353378,0,0,0,0,0,0,0,0,0,0,0,0,0,0,0,0,0,0,0,0,0,0,0,0,0,0,0,0,0,0,0,0,0,0,0,0,0,0,0,0,0,0,0,0,0,0,0,0,0,0,0,0,0,0,0,0,0,0,0,0,0,0,0,0,0,0,0,0,0,0,0,0,0,0,0,0,0,0,0,0,0,0,0,0,0,0,0,0,0,0,0,0,0,0,0,0,0,0,0,-0.00610462402555571
0.00068055405939896,0.610858156411598,0,0,0,0.0686649979271547,0,-0.0440754913438893,0,0,0,0,-0.0149908129979565,0.0373224652460521,0,0,0,0.0560715465017416,0,0,0,0,0,0,0,0,-0.0000453638021055641,-0.0137735638996771,0,0,0,0,0,0,0,0,0.0441241253817342,0,0,0,0,0,0,-0.0329470706300684,-0.0513218079623631,0,0,-0.020040002656257,0,0,0,0,0,-0.0633968600502175,0,0,0,0,0.00680119679069434,0,-0.0519322607813423,-0.0306767984086462,0,0,0,0,-0.0309319549287424,0,0,0,0,0,0,0.00443184572524014,0,0,0,0,0,0,0,0.0298069211752863,0,0,0,0,0.066953903824266,0,-0.0244950520351524,0,0,0,0,0,0,0,0,0.103602004701063,0,0,0,0,-0.0134866422008299,0,0,0,0,0,0,0,0,0,0,0,0,0.0347332965595202,0.00811720556408743,0,-0.0243741532990807,0,0,-0.00942208811400554,0,0,0,0,0,0,-0.0276056292158569,0,0,0,0,0,0,0,0,0,0,0,0,0,0,0,0,0,0,0.00549592976797815,0,-0.130536950511596,-0.0424765519930235,0,0,0,0.0288849507270075,-0.00944347275686853,0,0,-0.00769693858886592,0,0,0,0,0,0,0,0,0,0,0,0,0,0,0,0.0315686399814126,0,0,0,0.0255606748870694,0,0,0,0,0,0,0,-0.0581020305093218
0.000771548042071905,0.76487325288634,-0.00604368018767974,0,0,0.0607746834977193,0,-0.0362112283389622,0,0,0,-0.0655804488629999,-0.00240658918080036,0,0,0,0,0.0288694807062586,0,0,0,0,0,0,0,0,0,0,0,0,0,0,0,0,0,0,0.0465853216220467,0,0,0,0,0,0,0,0,0,0,0,0,0,0,0,-0.0126989223245071,-0.00814667001970594,0,0,-0.0221386421244951,0,0,-0.00104163440191363,-0.0338536940787549,0,-0.00530093044408377,0,0,-0.0129172992624074,0,0,0,0,0,0,-0.0341518212921826,0,0,0,0,0,-0.0394926328561831,0,0,0.00815285874883922,0,0,-0.00968856312484295,0,0.0394563494498684,0,0,0,-0.0216373476586934,0,0,0,0,0,0,0.100475069024377,0,0,0,-0.00842448929552138,-0.0204329942956105,0,0,0,0,-0.00784621395054128,0.013636532301689,-0.00434002205125477,0,0,0,0,0,0.0101518757174031,0,0,0,0.0488611998134207,0,-0.0349477663222203,0,0,0,0,0,0,0,0,0,0,0,0,0,0,0,0,0,0,0,0,0,0,0,0,0,0,0,-0.0327214477128,-0.046467117358685,0,0,0,0.0177759967260882,0,0,0,-0.01235033586105,0,0,0,0,0,0,0,0,0,0,0,0,0,0,0,0.00475559308879728,0,0,0,0,0,-0.0177193062428096,0,0,0,0,0,-0.0147851912898986
0.000570255658270764,0.668337737088679,-0.0132937003611777,0,0,0.0224318603892222,0,0,0,0,0,-0.0115591580209164,0,0,0,0,0,0,0,0,0,0,0,0,0,0,0,-0.0196958668677815,0,0,0,0,0,0,0,0,0,0,0,0,0,0,0,0,-0.00751921695889003,0,0,0,-0.0131325810097678,0,0.0131786610710911,0,0,0,0,0,0,0,0,-0.00294654798875051,0,0,0,0,0,-0.00120330223687299,0,0,0,0,0,0.00548546128562368,0,0,0,0,0,0,-0.0249408498438669,0,0,0.0220534701709832,0,0,-0.00115019683201608,0,0.0384579615173538,0,0,0,0,0,0,0,0,0,0,0.0751008206599071,0,0,0,0,0,0,0,0,0,0,0,-0.00618746429979387,0,0,0,0,0,0.00392597551999164,0,0,0,0,0,0,0,0,0,0,0,0,0,0,0,0,0,0,0,0,0,0,0,0,0,0,0,0,0,0,0,0,0,0,-0.0122489257789123,0,0,0,0,0,0,0,-0.0000857554110310754,0,0,0,0,0,0,-0.0049435491820797,0,0,0,0,0,0,0,0,0,0,0,0,0,0,0,0,0,0,0,0,-0.0216294587129306
0.000933984500886167,0.803611891522579,-0.0043296995684337,0,0,0.0211415623880634,0,0,0,0,0,-0.0549452920905672,0,0.0132481698506916,0,0,0,0.018656839977541,0,0,0,0,0,-0.00137240601408749,0,0,0,0,0,0,0,0,0,0,0,0,0,-0.000977003244090593,0,0,0.0290839346684304,0,0,0,0,0.0277202371510332,0,0,0,0,0.0286495088747557,0,0,0,0.0140958420325284,0,0,0,0,0,0,0,0,0,0,0,0.0165097064875008,0,0,0,0,0,0,0,0,0,0,0,-0.0256990838445046,0,0,0,0,0,-0.0151812335665671,0,0.0192075914497443,0,-0.00395759950311669,0,0,0,0,0,0,0,0,0.0582339603418197,0,0,0,0,0,0,0,0,0,-0.00233268512191524,0,-0.0216256122503745,0,0,0,0,0,0.00296244892560579,0,0,0,0,0,0,0,0,0,0,0,0,0,0,0,0,0,0,0,0,0,0,0,-0.000976822444661238,0,0,0,0,0,0,0,0,0,0,0,0,0,0,0,0,0,0,0,0,0,0,-0.0027458244295689,0,0,-0.00035652272674409,0,0,0,0,0,0,0,0,0,0,0,0,0,0,0,0,0,0,0,0,0
0.000698475727399564,0.316919123410385,-0.00785071031678191,0,0,0.00503450428086572,0,0,0,0,0,0,0,0.0258459228811143,0,0,0,0.0326424031948047,0,0,0,0,0,0,0,0,0,0,0,0,0,0,0,0,0,0,0,0,0,0,0.0288576854620597,0,0,0,0,0,0,0,-0.0390378650237744,0,0,0,0,0,0,0,0,0,0,0,0,-0.0537182617019326,0,0,0,0,0,0,0,0,0,0,0,0,0,0,0,0,0,0,0,0.0562010213567973,0,0,0,0,0.00244391438935682,0,0,0,0,0,0,0,0,0,0,0.0229142526249948,0,0,0,0,0,0,0,0,0,0,0,0,0,0,0,0,0,0,0,0,0,0,0,0,0,0,0,0,0,0,-0.0131975507611559,0,0,0,0,0,0,0,0.0291591744390985,0,0,0,0.0178797079127671,0,0,0,0,0,0,0,0,0,0,0,0,0,0,0,0,0,-0.051408554030262,0,0,0,0,0,0,0,0,0,0,0,0,0,0,0,0,0,0,0,0,0,0,0,0,0,0,0,0
0.000162417000663461,0.724381894983777,0,0,0,0.0911455494593649,0,-0.0973601368786171,0,0,0,-0.0619215034435097,-0.00601980304573523,0,0,0,0,0.0579771112691304,0,-0.0177804578653667,0,0,0,0,0,0,0,0,0,0,0,0,0,0,0,0,0.0651562877751965,0,0,0,0,0,0,0,-0.0675593812768277,0,0,0,0,0,0,0,-0.00254181748864406,-0.0478007447960176,0,0,-0.020042500153034,0,0.025467356941641,-0.0109848094868853,-0.086903931388256,0,0,0,-0.0413121928942322,0,-0.0476166858781008,0,0,0,0,0.0262625349124902,-0.00860539067980757,0.0157991723220249,0,0,0,0,-0.0168948764478456,0,0,0.0173853891857757,0,0,0,0,0.058429709183555,0,-0.0299528821948347,0,-0.00669280854683898,0,0,0,0,0,0,0.109634501247438,0,0,0,0,-0.0296875543647009,0,0,0,0,0,0.00116979861215843,-0.0234741598575832,0,0,0,0,0,0.0315416319751654,0.000304823205786994,-0.00852283099368432,-0.0223077521228169,0.0278523720432953,0,-0.0387085820016759,0,0,0,0,0,0,0,0,0,0,0,0,0,0,0,0,0,0,0,0,0,0,0,0,0,0,0,-0.162625366326145,-0.100821780221209,0,0,0,0.0448610429764704,-0.0328389209536338,-0.0186177962192729,0,0,0,0,0,0,0.00244177526590159,0.000680595359861152,-0.00500360821203494,0,0.00654940315042565,0.0242276185597702,0,0,0,0,0,0.0238675524555834,0,0,0,0,0,0,0,0,0,0,-0.00310528334529081,-0.00783955933892461
0.000178135544165167,0.459190136565221,-0.00775633916817852,0,0,0.136859588367123,0,-0.0275260242379349,0,0,0,-0.0699129881869677,0,0.0955570661084217,0,0,0,0.0272035899143885,0,0,0,0,0,-0.0196321716256166,0,0.0532605247722595,0,-0.0123845357868647,0.0528531819119016,0.0194670677001787,0,0,-0.00349333794821242,0,0,0,0,0,0,0,0,0,0,0,0,0,0,0,0,0,0,-0.00509899568413302,-0.0118111289952861,-0.0343678394570522,0,0,0,0,0.0707733334411278,0,0,-0.0227993841221771,0,0,0,-0.00706988049295989,-0.0283978457718214,0,-0.00742000482170878,0,0,0,0,0,0,0,0,0,0,0,0,0.068139706361936,0,0,0,0,0,0,-0.0334679909240081,0,0,0,0.0531671453685831,0,0,-0.0131597866586672,0,0,0,0,0,-0.0175230075022203,0,0,0,0,0,0,0,-0.00189262788152883,0,0,0,0,0,0,0,-0.0178096506580023,0,0,0,0,0,0,0,0,0,0,0,0.0103582037536533,0.0585923710235592,0,0,0,0,0,0.0568461707392494,0,0,-0.00503981981504837,0.028978204160799,0,0,0,0,0,0,0,0,-0.0103819272998662,0,0.00573507968691479,0,0,0,-0.00224758236232949,-0.00443959353651897,0,0,0,0,0,0,0,0,0,0,0,0,0,-0.00314297588158971,0,0,0,0,0,0,0,0.00488168106507238,0,-0.0284403211648537,0,0,0,0,0,-0.0784599581914859
0.00104358770377684,0.724444356233142,-0.00830089446508143,0,0,0.0144246600049559,0,0,0,0,0,-0.0491424772709118,-0.00954735464324483,0,0,0,0,0,0,0,0,0,0,0,0,0,0,-0.0125283093326098,0,0,0,0,0,0,0,0,0,0,0,0,0,0,0,0,0,0,0,0,-0.00403965637367151,0,0.0038068157350705,0,0,0,0,0,0,0,0,-0.00557763026641661,-0.019386196595062,0,0,0,0,0,0,0,0,0,0,0.0121530920486965,0,0,0,0,0,0,-0.0260205773656647,0,0,0.0136844103077873,0,0,-0.00127428967293465,0,0.00779596152979481,0,0,0,-0.00443296343642354,0,0,0,0,0,0,0.0850152683059339,0,0,0,0,0,0,0,0,0,0,0,-0.00351076593583421,0,0,0,0,0,0.0132489342018666,0,0,0,0,0,0,0,0,0,0,0,0,-0.00516698569513853,0,0,0,0,0,0,0,0,0,0,0,0,0,0,0,0,0,0,0,0,0,-0.0353906203688834,0,0,0,0.00877943828827647,0,0,0,-0.0194726064279417,0,0,0,0,0,0,-0.00958783831792043,0,0,0,0,0,0,0,0,0,0,0,0,0,0,-0.0179254748636635,-0.0264409146515444,-0.00710687052613449,0,0,0,0
0.000842332432638135,0.778868375566299,-0.0199169487083881,0,0,0.0443578166942591,0,0,0,0,0,-0.0325779186200127,0,0,0,0,0,0,0,0,0,0,0,0,0,0,0,-0.0312828395827063,0,0,0,0,0,0,0,0,0,0,0,0,0,0,0,0,-0.0122424444804215,0,0,0,-0.00518397693947091,0,0.0281488529936537,0,0,0,0,0,-0.00902190745709798,0,0,-0.00539086013401696,0,0,0,0,0,-0.00507150756294497,0,0,0,0,0,0.0129154863874664,0,0,0,0,0,0,-0.0303274568073054,0,0,0.00922002936479248,0,0,-0.0175867321838347,0,0.0265152749008455,0,0,0,-0.0142368214452152,0,0,0,-0.0115158747011788,0,0,0.0681010011701366,0,0,0,0,0,0,0,0,0,0,0,-0.0175454082029135,0,0,0,0,0,0.0143840888109214,0,0,0,0.004564836643549,0,0,0,0,0,0,0,0,0,0,0,0,0,0,0,0,0,0,0,-0.00738385810163704,0.0105809657749531,0,0,0,0,0,0,0,0,0,-0.00843745822064998,0,0,0,0,0,0,0,-0.00905433048976892,0,0,0,-0.00267421471402159,0,0,-0.00600601747667663,0,0,0,0,0,0,0,0,0,0,0,0,0,0,0,0,0,0,0,0,-0.00799958947576639
0.000368742484040825,0.635775178502099,0,0,0,0.0315272004582443,0,0,0,0,0,0,-0.00750539195725684,0,0,0,0,0.00146727317349917,0,0,0,0,0,0,0,0,0,0,0,0,0,0,0,0,0,0,0,0,0,0,0,0,0,0,0,0,0,0,0,0,0,0,0,0,0,0,-0.000400952257828365,0,0,0,0,0,0,0,0,-0.00612833284347178,0,0,0,0,0,0,0,0,0,0,0,0,-0.0151080678505844,0,0,0,0,0,0,0,0.0209961081557962,0,0,0,-0.00321535428463637,0,0,0,-0.00733122494575466,0,0,0.01216388086867,0,0,0,0,0,0,0,0,0,0,0,-0.00515261814819995,0,0,0,0,0,0.0266272252493174,0,0,0,0,0,0,0,0,0,0,0,0,0,0,0,0,0,0,0,0,0,0,0,0,0,0,0,0,0,0,0,0,0,0,-0.00980717139697677,0,0,0,0,0,0,0,0,0,0,0,0,0,0,0,0,0,0,0,0,0,0,0,0,0,0,0,0,0,0,0,0,0,0,0,0
0.000634582451214829,0.662938171237197,-0.0202398791666007,0,0,0.0179757409281078,0,0,0,0,0,0,0,0,0,0,0,0,0,0,0,0,0,0,0,0,0,0,0,0,0,0,0,0,0,0,0,0,0,0,0,0,0,0,0,0,0,0,0,0,0,0,0,0,0,0,0,0,0,0,0,0,0,0,0,0,0,0,0,0,0,0,0,0,0,0,0,0,-0.0146860643402893,0,0,0,0,0,0,0,0,0,0,0,-0.00969910249722608,0,0,0,0,0,0,0,0,0,0,0,0,0,0,0,0,0,0,0,0,0,0,0,0,0,0,0,0,0,0,0,0,0,0,0,0,0,0,0,0,0,0,0,0,0,0,0,0,0,0,0,0,0,0,0,0,0,0,0,0,0,0,0,0,0,0,0,0,0,0,0,0,0,0,0,0,0,0,0,0,0,0,0,0,0,0,0,0,0,0,0,0,0,0,0,0
0.000590222911348757,0.714294800046465,-0.00912927028775989,0,0,0.0116865696653426,0,0,0,0,0,0,0,0,0,0,0,0,0,0,0,0,0,0,0,0,0,0,0,0,0,0,0,0,0,0,0,0,0,0,0,0,0,0,0,0,0,0,0,0,0.00609299414455877,0,0,0,0,0,0,0,0,0,0,0,0,0,0,-0.00309471006037839,0,0,0,0,0,0,0,0,0,0,0,0,-0.00623916078447671,0,0,0,0,0,0,0,0.0112154351060639,0,0,0,0,0,0,0,0,0,0,0,0,0,0,0,0,0,0,0,0,0,0,-0.0026400023759453,0,0,0,0,0,0,0,0,0,0,0,0,0,0,0,0,0,0,0,0,0,0,0,0,0,0,0,0,0,0,0,0,0,0,0,0,0,0,0,0,0,0,0,0,0,0,0,0,0,0,0,0,0,0,0,0,0,0,0,0,0,0,0,0,0,0,0,0,0,0,0,0,0,0,0,0,-0.0233986462176975
0.000666396571386558,0.713708399803495,-0.0213528525526293,0,0,0.00725484795537791,0,0,0,0,0,0,0,0,0,0,0,0,0,0,0,0,0,0,0,0,0,0,0,0,0,0,0,0,0,0,0,0,0,0,0,0,0,0,0,0,0,0,0,0,0.0175497358243092,0,0,0,0,0,0,0,0,0,0,0,0,0,0,-0.00781924088464506,0,0,0,0,0,0,0,0,0,0,0,0,-0.0105791430960766,0,0,0,0,0,0,0,0.0183636650886082,0,0,0,-0.019405945210235,0,0,0,0,0,0,0,0,0,0,-0.00153401535747223,0,0,0,0,0,0,0,0,0,0,0,0,0,0,0,0,0,0,0,0,0,0,0,0,0,0,0,0,0,0,0,0,0,0,0,0,0,0,0,0,0,0,0,0,0,0,0,0,0,0,0,0,0,0,0,0,0,0,0,0,-0.00218575339652086,0,0,0,0,0,0,0,0,0,0,0,0,0,0,0,0,0,0,0,0,0,0,0,-0.00163909505453297
0.0000823877118982914,0.631708798393177,-0.00150318690698841,0,0,0,0,0,0,0,0,0,0,0,0,0,0,0.00853567137368744,0,0,0,0,0,0,0,0,0,0,0,0,0,0,0,0,0,0,0,0,0,0,0,0,0,0,0,0,0,0,0,0,0.0113517554975896,0,0,0,0,0,-0.00319040312085404,0,0,0,0,0,0,0,0,0,0,0,0,0,0,0,0,0,0,0,0,0,-0.00456230416484018,0,0,0,0,0,0,0,0,0,0,0,-0.00182135292786496,0,0,0,0,0,0,0,0,0,0,0,0,0,0,0,0,0,0,-0.00747486884598623,0,0,0,0,0,0,0,0,0,0,0,0,0,0,0,0,0,-0.00497840902934388,0,0,0,0,0,0,0,0,0,0,0,0,0.00271906152957741,0,0,0,0,0,0,0,0,0,0,0,0,0,0,0,0,0,0,0,0,0,0,0,0,0,0,0,0,0,0,0,0,0,0,0,0,0,0,0,0,0,0,0,0,0,0
0.000649325293505337,0.677980715964676,-0.016631923603379,0,0,0,0,0,0,0,0,0,0,0,0,0,0,0.0243593200365441,0,0,0,0,0,0,0,0,0,0,0,0,0,0,0,0,0,0,0,0,0,0,0,0,0,0,0,0,0,0,0,0,0,0,0,0,0,0,0,0,0,0,0,0,0,0,0,0,0,0,0,0,0,0,0,0,0,0,0,0,-0.00390917564125779,0,0,0,0,0,0,0,0,0,0,0,0,0,0,0,0,0,0,0,0,0,0,0,0,0,0,0,0,0,0,-0.00992527922011276,0,0,0,0,0,0,0,0,0,0,0,0,0,0,0,0,0,0,0,0,0,0,0,0,0,0,0,0,0,0,0.000358927407591021,0,0,0,0,0,0,0,0,0,0,0,0,0,0,0,0,0,0,0,0,0,0,0,0,0,0,0,0,0,0,0,0,0,0,0,0,0,0,0,0,0,0,0,0,0,0
-0.000260056388137454,0.478827686540937,-0.0198752865334199,0,0,0,0,0,0,0,0,0,0,0,-0.00391697160446487,0,0,0.000708494261828441,0,0,0,0,0,0,0,0,0,0,0,0,0,0,0,0,0,0,0,0,0,0,0,0,0,0,0,0,0,0,-0.00111091681883034,0,0.00378611877560429,0,0,0,0,0,-0.0107826963876955,0,0,0,0,0,0,0,0,-0.00345880437801845,0,0,0,0,0,0,0,0,0,0,0,0,0,0,0,0,0,0,0,0,0,0,0,0,-0.00328204889296442,0,0,0,-0.00546810909886365,0,0,0,0,0,0,0,0,0,0,0,0,0,0,0,0,0,0,0,0,0,0,0,0,0,0,0,0,0,0,0,0,0,0,0,0,0,0,0,0,0,0,0,0,0,0,-0.00287336871974537,0,0,0,0,0,0,0,0,0,0,0,0,0,0,0,0,0,0,0,0,0,0,0,0,0,0,0,0,0,0,0,0,0,0,0,0,0,0,0,0,0,0,0,0,-0.0245711282449063
0.000166664970816691,0.663639368617071,0,0,0,0,0,0,0,0,0,0,0,0,0,0,0,0.0424419884706696,0,0,0,0,0,0,0,0,0,0,0,0,0,0,0,0,0,0,0,0,0,0,0,0,0,0,0,0,0,0,0,0,0,0,0,0,0,0,-0.00227270028173972,0,0,0,0,0,0,0,0,0,0,0,0,0,0,0,0,0,0,0,0,0,0,0,0,0,0,0,0,0,0,0,0,0,0,0,0,0,0,0,0,0,0,0,0,0,0,0,0,0,0,0,0,-0.00755635813642934,0,0,0,0,0,0,0,0,0,0,0,0,0,0,0,0,0,0,0,0,0,0,0,0,0,0,0,0,0,0,0,0,0,0,0,0,0,0,0,0,0,0,0,0,0,0,0,0,0,0,0,0,0,0,0,0,0,0,0,0,0,0,0,0,0,0,0,0,0,0,-0.0000798864423152481,0,0,0,0,0,0
0.000666070761735251,0.694992544607339,-0.0228127467448132,0,0,0,0,0,0,0,0,0,0,0,0,0,0,0.0215430322564441,0,0,0,0,0,0,0,0,0,0,0,0,0,0,0,0,0,0,0,0,0,0,0,0,0,0.00182044078432205,0,0,0,0,0,0,0,0,0,0,0,0,0,0,0,0,0,0,0,0,0,0,0,0,0,0,0,0,0,0,0,0,0,0,-0.00491245031713098,0,0,0,0,0,0,0,0,0,0,0,0,0,0,0,0,0,0,0,0,0,0,0,0,0,0,0,0,0,0,-0.0014560308971176,0,0,0,0,0,0,0,0,0,0,0,0,0,0,0,0,0,0,0,0,0,0,0,0,0,0,0,0,0,0,0.00305758094356361,0,0,0,0,0,0,0,0,0,0,0,0,0,0,0,0,0,0,0,0,0,0,0,0,0,0,0,0,0,0,0,0,0,0,0,0,0,0,0,0,0,0,0,0,0,0
0.000235334169992197,0.680232399982704,-0.00494764018038102,0,0,0,0,0,0,0,0,0,0,0,0,0,0,0,0,0,0,0,0,0,0,0,0,0,0,0,0,0,0,0,0,0,0,0,0,0,0,0,0,0,0,0,0,0,0,0,0,0,0,0,0,0,0,0,0,0,0,0,0,0,0,0,0,0,0,0,0,0,0,0,0,0,0,0,0,0,0,0,0,0,0,0,0,0,0,0,0,0,0,0,0,0,0,0,0,0,0,0,0,0,0,0,0,0,0,0,0,0,0,0,0,0,0,0,0,0,0,0,0,0,0,0,0,0,0,0,0,0,0,0,0,0,0,0,0,0,0,0,0,0,0,0,0,0,0,0,0,0,0,0,0,0,0,0,0,0,0,0,0,0,0,0,0,0,0,0,0,0,0,0,0,0,0,0,0,0,0,0,0,0,0,0,0
NA,NA,NA,NA,NA,NA,NA,NA,NA,NA,NA,NA,NA,NA,NA,NA,NA,NA,NA,NA,NA,NA,NA,NA,NA,NA,NA,NA,NA,NA,NA,NA,NA,NA,NA,NA,NA,NA,NA,NA,NA,NA,NA,NA,NA,NA,NA,NA,NA,NA,NA,NA,NA,NA,NA,NA,NA,NA,NA,NA,NA,NA,NA,NA,NA,NA,NA,NA,NA,NA,NA,NA,NA,NA,NA,NA,NA,NA,NA,NA,NA,NA,NA,NA,NA,NA,NA,NA,NA,NA,NA,NA,NA,NA,NA,NA,NA,NA,NA,NA,NA,NA,NA,NA,NA,NA,NA,NA,NA,NA,NA,NA,NA,NA,NA,NA,NA,NA,NA,NA,NA,NA,NA,NA,NA,NA,NA,NA,NA,NA,NA,NA,NA,NA,NA,NA,NA,NA,NA,NA,NA,NA,NA,NA,NA,NA,NA,NA,NA,NA,NA,NA,NA,NA,NA,NA,NA,NA,NA,NA,NA,NA,NA,NA,NA,NA,NA,NA,NA,NA,NA,NA,NA,NA,NA,NA,NA,NA,NA,NA,NA,NA,NA,NA,NA,NA,NA
0.000797698240498892,0.666834207530261,-0.0145778910532272,0,0,0,0,0,0,0,0,0,0,0,0,0,0,0.028613103851766,0,0,0,0,0,0,0,0,0,0,0,0,0,0,0,0,0,0,0,0,0,0,0,0,0,0,0,0,0,0,0,0,0,0,0,0,0,0,0,0,0,0,0,0,0,0,0,0,0,0,0,0,0,0,0,0,0,0,0,0,-0.0070203848065635,0,0,0.0119860665757346,0,0,0,0,0,0,0,0,0,0,0,0,0,0,0,0,0,0,0,0,0,0,0,0,0,0,0,0,0,0,0,0,0,0,0,0,0,0,0,0,0,0,0,0,0,0,0,0,0,0,0,0,0,0,0,0,0,0,0.0128673435821659,0,0,0,0,0,0,0,0,0,0,0,0,0,0,0,0,0,0,0,0,0,0,0,0,0,0,0,0,0,0,0,0,0,0,0,0,0,0,0,0,0,0,0,0,0,0
NA,NA,NA,NA,NA,NA,NA,NA,NA,NA,NA,NA,NA,NA,NA,NA,NA,NA,NA,NA,NA,NA,NA,NA,NA,NA,NA,NA,NA,NA,NA,NA,NA,NA,NA,NA,NA,NA,NA,NA,NA,NA,NA,NA,NA,NA,NA,NA,NA,NA,NA,NA,NA,NA,NA,NA,NA,NA,NA,NA,NA,NA,NA,NA,NA,NA,NA,NA,NA,NA,NA,NA,NA,NA,NA,NA,NA,NA,NA,NA,NA,NA,NA,NA,NA,NA,NA,NA,NA,NA,NA,NA,NA,NA,NA,NA,NA,NA,NA,NA,NA,NA,NA,NA,NA,NA,NA,NA,NA,NA,NA,NA,NA,NA,NA,NA,NA,NA,NA,NA,NA,NA,NA,NA,NA,NA,NA,NA,NA,NA,NA,NA,NA,NA,NA,NA,NA,NA,NA,NA,NA,NA,NA,NA,NA,NA,NA,NA,NA,NA,NA,NA,NA,NA,NA,NA,NA,NA,NA,NA,NA,NA,NA,NA,NA,NA,NA,NA,NA,NA,NA,NA,NA,NA,NA,NA,NA,NA,NA,NA,NA,NA,NA,NA,NA,NA,NA
0.0011245611767493,0.812389052299083,-0.00616307402479262,0,0,0,0,0,0,0,0,0,0,0,0,0,0,0.00270169595618758,0,0,0,0,0,0,0,0,0,0,0,0,0,0,0,0,0,0,0,0,0,0,0,0,0,0,0,0,0,0,0,0,0,0,0,0,0,0,0,0,0,0,0,0,0,0,0,0,0,0,0,0,0,0,0,0,0,0,0,0,0,0,0,0,0,0,0,0,0,0,0,0,0,0,0,0,0,0,0,0,0,0,0,0,0,0,0,0,0,0,0,-0.00728993477326269,0,0,0,0,0,0,0,0,0,0,0,0,0,0,0,0,0,0,0,0,0,0,0,0,0,0,0,0,0,0,0,0,0,0,0,0,0,0,0,0,0,0,0,0,0,0,0,0,0,0,0,0,0,0,0,0,0,0,0,0,0,0,0,0,0,0,0,0,0,0,0,0,0,0,0,0,0
0.00154301792335178,0.884104334701176,-0.00625927387918401,0,0,0,0,0,0,0,0,0,0,0,0,0,0,0.00880614297837206,0,0,0,0,0,0,0,0,0,0,0,0,0,0,0,0,0,0,0,0,0,0,0,0,0,0,0,0,0,0,0,0,0,0,0,0,0,0,0,0,0,0,0,0,0,0,0,0,0,0,0,0,0,0,0,0,0,0,0,0,0,0,0,0,0,0,0,0,0,0,0,0,0,0,0,0,0,0,0,0,0,0,0,0,0,0,0,0,0,0,0,-0.00686769156124986,0,0,0,0,0,0,0,0,0,0,0,0,0,0,0,0,0,0,0,0,0,0,0,0,0,0,0,0,0,0,0,0,0,0,0,0,0,0,0,0,0,0,0,0,0,0,0,0,0,0,0,0,0,0,0,0,0,0,0,0,0,0,0,0,0,0,0,0,0,0,0,0,0,0,0,0,0
0.00166547539756757,0.909716365540676,-0.00798350180959595,0,0,0,0,0,0,0,0,0,0,0,0,0,0,0.0191919219117237,0,0,0,0,0,0,0,0,0,0,0,0,0,0,0,0,0,0,0,0,0,0,0,0,0,0,0,0,0,0,0,0,0,0,0,0,0,0,0,0,0,0,0,0,0,0,0,0,0,0,0,0,0,0,0,0,0,0,0,0,0,0,0,0,0,0,0,0,0,0,0,0,0,0,0,0,0,0,0,0,0,0,0,0,0,0,0,0,0,0,0,-0.00476771549530233,0,0,0,0,0,0,0,0,0,0,0,0,0,0,0,0,0,0,0,0,0,0,0,0,0,0,0,0,0,0,0,0,0,0,0,0,0,0,0,0,0,0,0,0,0,0,0,0,0,0,0,0,0,0,0,0,0,0,0,0,0,0,0,0,0,0,0,0,0,0,0,0,0,0,0,0,0
0.00145734890443826,0.850928386478295,-0.0164521491262969,0,0,0,0,0,0,0,0,0,0,0,0,0,0,0.0247008274123496,0,0,0,0.0386172185231895,0,0,0,0.00288182283792932,0,0,0,0,0,0,0,0,0,0,0,0,0,0,0,0,0,0.00903831378918253,0,0,0,0,0,0,0,0,0,0,0,0,0,0,0,0,0,0,0,0,0,0,0,0,0,0,0,0,0,0,0,0,0,0,0,0,0,0,0,0,0,0,0,0,0,0,0,0,0,0,0,0,0,0,-0.00266750588380971,0,0,0,0,0,0,0,0,0,0,-0.00559778188763738,0,0,0,0,0,0,0,0,0,0,0,0,0,0,0,0,0,0,0,0,0.00195931441624543,0,0,0,0,0,0,0,0,0,0.0000395628327096295,0,0,0,0,0,0,0,0.00728018891066016,0,0,0,0,0,0,0,0,0,0,0,0,0,0,0,0,0,0,0,0,0,0,-0.00269159471414498,0,0,0,0,0,0,0,0,0,0,0,0,0,0,0
0.000970840293934552,0.892410542456615,0,0,0,0,0,0,0,0,0,0,0,0,0,0,0,0.00287865766925738,0,0,0,0,0,0,0,0,0,0,0,0,0,0,0,0,0,0,0,0,0,0,0,0,0,0,0,0,0,0,0,0,0,0,0,0,0,0,0,0,0,0,0,0,0,0,0,0,0,0,0,0,0,0,0,0,0,0,0,0,0,0,0,0,0,0,0,0,0,0,0,0,0,0,0,0,0,0,0,0,0,0,0,0,0,0,0,0,0,0,0,0,0,0,0,0,0,0,0,0,0,0,0,0,0,0,0,0,0,0,0,0,0,0,0,0,0,0,0,0,0,0,0.00140873047525769,0,0,0,0,0,0,0,0,0,0,0,0,0,0,0,0,0,0,0,0,0,0,0,0,0,0,0,0,0,0,0,0,0,0,0,0,0,0,0,0,0,0,0,0,0,0
0.00155650090604198,0.936661221560829,-0.00278168575906547,0,0,0,0,0,0,0,0,0,0,0,0,0,0,0.00665806697830914,0,0,0,0,0,0,0,0,0,0,0,0,0,0,0,0,0,0,0,0,0,0,0,0,0,0,0,0,0,0,0,0,0,0,0,0,0,0,0,0,0,0,0,0,0,0,0,0,0,0,0,0,0,0,0,0,0,0,0,0,0,0,0,0,0,0,0,0,0,0,0,0,0,0,0,0,0,0,0,0,0,0,0,0,0,0,0,0,0,0,0,0,0,0,0,0,0,0,0,0,0,0,0,0,0,0,0,0,0,0,0,0,0,0,0,0,0,0,0,0,0,0,0.0159901807194142,0,0,0,0,0,0,0,0,0,0,0,0,0,0,0,0,0,0,0,0,0,0,0,0,0,0,0,0,0,0,0,0,0,0,0,0,0,0,0,0,0,0,0,0,0,0
0.0018071674734982,0.963166465513804,-0.000121305690361806,0,0,0,0,0,0,0,0,0,0,0,0,0,0,0.00406734611922722,0,0,0,0,0,0,0,0,0,0,0,0,0,0,0,0,0,0,0,0,0,0,0,0,0,0,0,0,0,0,0,0,0,0,0,0,0,0,0,0,0,0,0,0,0,0,0,0,0,0,0,0,0,0,0,0,0,0,0,0,0,0,0,0,0,0,0,0,0,0,0,0,0,0,0,0,0,0,0,0,0,0,0,0,0,0,0,0,0,0,0,0,0,0,0,0,0,0,0,0,0,0,0,0,0,0,0,0,0,0,0,0,0,0,0,0,0,0,0,0,0,0,0.0130951217741683,0,0,0,0,0,0,0,0,0,0,0,0,0,0,0,0,0,0,0,0,0,0,0,0,0,0,0,0,0,0,0,0,0,0,0,0,0,0,0,0,0,0,0,0,0,0
0.00200238215345669,0.955230235142766,-0.00188197952574026,0,0,0,0,0,0,0,0,0,0,0,0,0,0,0.00421279071283615,0,0,0,0,0,0,0,0,0,0,0,0,0,0,0,0,0,0,0,0,0,0,0,0,0,0,0,0,0,0,0,0,0,0,0,0,0,0,0,0,0,0,0,0,0,0,0,0,0,0,0,0,0,0,0,0,0,0,0,0,0,0,0,0,0,0,0,0,0,0,0,0,0,0,0,0,0,0,0,0,0,0,0,0,0,0,0,0,0,0,0,0,0,0,0,0,0,0,0,0,0,0,0,0,0,0,0,0,0,0,0,0,0,0,0,0,0,0,0,0,0,0,0.0128576543918701,0,0,0,0,0,0,0,0,0,0,0,0,0,0,0,0,0,0,0,0,0,0,0,0,0,0,0,0,0,0,0,0,0,0,0,0,0,0,0,0,0,0,0,0,0,0
0.00073323304372051,0.821808569394122,0,0,0,0,0,0,0,0,0,0,0,0,0,0,0,0,0,0,0,0,0,0,0,0,0,0,0,0,0,0,0,0,0,0,0,0,0,0,0,0,0,0,0,0,0,0,0,0,0,0,0,0,0,0,0,0,0,0,0,0,0,0,0,0,0,0,0,0,0,0,0,0,0,0,0,0,0,0,0,0,0,0,0,0,0,0,0,0,0,0,0,0,0,0,0,0,0,0,0,0,0,0,0,0,0,0,0,0,0,0,0,0,0,0,0,0,0,0,0,0,0,0,0,0,0,0,0,0,0,0,0,0,0,0,0,0,0,0,0.00581676403151358,0,0,0,0,0,0,0,0,0,0,0,0,0,0,0,0,0,0,0,0,0,0,0,0,0,0,0,0,0,0,0,0,0,0,0,0,0,0,0,0,0,0,0,0,0,0
NA,NA,NA,NA,NA,NA,NA,NA,NA,NA,NA,NA,NA,NA,NA,NA,NA,NA,NA,NA,NA,NA,NA,NA,NA,NA,NA,NA,NA,NA,NA,NA,NA,NA,NA,NA,NA,NA,NA,NA,NA,NA,NA,NA,NA,NA,NA,NA,NA,NA,NA,NA,NA,NA,NA,NA,NA,NA,NA,NA,NA,NA,NA,NA,NA,NA,NA,NA,NA,NA,NA,NA,NA,NA,NA,NA,NA,NA,NA,NA,NA,NA,NA,NA,NA,NA,NA,NA,NA,NA,NA,NA,NA,NA,NA,NA,NA,NA,NA,NA,NA,NA,NA,NA,NA,NA,NA,NA,NA,NA,NA,NA,NA,NA,NA,NA,NA,NA,NA,NA,NA,NA,NA,NA,NA,NA,NA,NA,NA,NA,NA,NA,NA,NA,NA,NA,NA,NA,NA,NA,NA,NA,NA,NA,NA,NA,NA,NA,NA,NA,NA,NA,NA,NA,NA,NA,NA,NA,NA,NA,NA,NA,NA,NA,NA,NA,NA,NA,NA,NA,NA,NA,NA,NA,NA,NA,NA,NA,NA,NA,NA,NA,NA,NA,NA,NA,NA
0.00103867558336209,0.852173635939398,0,0,0,0,0,0,0,0,0,0,0,0,0,0,0,0,0,0,0,0,0,0,0,0,0,0,0,0,0,0,0,0,0,0,0,0,0,0,0,0,0,0,0,0,0,0,0,0,0,0,0,0,0,0,0,0,0,0,0,0,0,0,0,0,0,0,0,0,0,0,0,0,0,0,0,0,0,0,0,0,0,0,0,0,0,0,0,0,0,0,0,0,0,0,0,0,0,0,0,0,0,0,0,0,0,0,0,0,0,0,0,0,0,0,0,0,0,0,0,0,0,0,0,0,0,0,0,0,0,0,0,0,0,0,0,0,0,0,0.00592359850001524,0,0,0,0,0,0,0,0,0,0,0,0,0,0,0,0,0,0,0,0,0,0,0,0,0,0,0,0,0,0,0,0,0,0,0,0,0,0,0,0,0,0,0,0,0,0
NA,NA,NA,NA,NA,NA,NA,NA,NA,NA,NA,NA,NA,NA,NA,NA,NA,NA,NA,NA,NA,NA,NA,NA,NA,NA,NA,NA,NA,NA,NA,NA,NA,NA,NA,NA,NA,NA,NA,NA,NA,NA,NA,NA,NA,NA,NA,NA,NA,NA,NA,NA,NA,NA,NA,NA,NA,NA,NA,NA,NA,NA,NA,NA,NA,NA,NA,NA,NA,NA,NA,NA,NA,NA,NA,NA,NA,NA,NA,NA,NA,NA,NA,NA,NA,NA,NA,NA,NA,NA,NA,NA,NA,NA,NA,NA,NA,NA,NA,NA,NA,NA,NA,NA,NA,NA,NA,NA,NA,NA,NA,NA,NA,NA,NA,NA,NA,NA,NA,NA,NA,NA,NA,NA,NA,NA,NA,NA,NA,NA,NA,NA,NA,NA,NA,NA,NA,NA,NA,NA,NA,NA,NA,NA,NA,NA,NA,NA,NA,NA,NA,NA,NA,NA,NA,NA,NA,NA,NA,NA,NA,NA,NA,NA,NA,NA,NA,NA,NA,NA,NA,NA,NA,NA,NA,NA,NA,NA,NA,NA,NA,NA,NA,NA,NA,NA,NA
0.000455169027608513,0.816427325351915,0,0,0,0,0,0,0,0,0,0,0,0,0,0,0,0,0,0,0,0,0,0,0,0,0,0,0,0,0,0,0,0,0,0,0,0,0,0,0,0,0,0,0,0,0,0,0,0,0,0,0,0,0,0,0,0,0,0,0,0,0,0,0,0,0,0,0,0,0,0,0,0,0,0,0,0,0,0,0,0,0,0,0,0,0,0,0,0,0,0,0,0,0,0,0,0,0,0,0,0,0,0,0,0,0,0,0,0,0,0,0,0,0,0,0,0,0,0,0,0,0,0,0,0,0,0,0,0,0,0,0,0,0,0,0,0,0,0,0,0,0,0,0,0,0,0,0,0,0,0,0,0,0,0,0,0,0,0,0,0,0,0,0,0,0,0,0,0,0,0,0,0,0,0,0,0,0,0,0,0,0,0,0,0,0
0.000790835673652175,0.754234555507805,-0.0210816688874727,0,0,0,0,0,0,0,0,0,0,0,0,0,0,0.0100671527003381,0,0,0,0.00308614325244063,0,0,0,0,0,0,0,0,0,0,0,0,0,0,0,0,0,0,0,0,0,0,0,0,0,0,0,0,0,0,0,0,0,0,0,0,0,0,0,0,0,0,0,0,0,0,0,0,0,0,0,0,0,0,0,0,0,0,0,0,0,0,0,0,0,0,0,0,0,0,0,0,0,0,0,0,0,0,0,0,0,0,0,0,0,0,0,0,0,0,0,0,0,0,0,0,0,0,0,0,0,0,0,0,0,0,0,0,0,0,0,0,0,0,0,0,0,0,0.022772462192351,0,0,0,0,0,0,0,0,0,0,0,0,0,0,0,0,0,0,0,0,0,0,0,0,0,0,0,0,0,0,0,0,0,0,0,0,0,0,0,0,0,0,0,0,0,0
0.0003453855719022,0.822000540869442,0,0,0,0,0,0,0,0,0,0,0,0,0,0,0,0,0,0,0,0,0,0,0,0,0,0,0,0,0,0,0,0,0,0,0,0,0,0,0,0,0,0,0,0,0,0,0,0,0,0,0,0,0,0,0,0,0,0,0,0,0,0,0,0,0,0,0,0,0,0,0,0,0,0,0,0,0,0,0,0,0,0,0,0,0,0,0,0,0,0,0,0,0,0,0,0,0,0,0,0,0,0,0,0,0,0,0,0,0,0,0,0,0,0,0,0,0,0,0,0,0,0,0,0,0,0,0,0,0,0,0,0,0,0,0,0,0,0,0,0,0,0,0,0,0,0,0,0,0,0,0,0,0,0,0,0,0,0,0,0,0,0,0,0,0,0,0,0,0,0,0,0,0,0,0,0,0,0,0,0,0,0,0,0,0
0.000387254254208781,0.831925014704135,0,0,0,0,0,0,0,0,0,0,0,0,0,0,0,0,0,0,0,0,0,0,0,0,0,0,0,0,0,0,0,0,0,0,0,0,0,0,0,0,0,0,0,0,0,0,0,0,0,0,0,0,0,0,0,0,0,0,0,0,0,0,0,0,0,0,0,0,0,0,0,0,0,0,0,0,0,0,0,0,0,0,0,0,0,0,0,0,0,0,0,0,0,0,0,0,0,0,0,0,0,0,0,0,0,0,0,0,0,0,0,0,0,0,0,0,0,0,0,0,0,0,0,0,0,0,0,0,0,0,0,0,0,0,0,0,0,0,0,0,0,0,0,0,0,0,0,0,0,0,0,0,0,0,0,0,0,0,0,0,0,0,0,0,0,0,0,0,0,0,0,0,0,0,0,0,0,0,0,0,0,0,0,0,0
0.0000874326265043798,0.836117657575572,0,0,0,0,0,0,0,0,0,0,0,0,0,0,0,0,0,0,0,0,0,0,0,0,0,0,0,0,0,0,0,0,0,0,0,0,0,0,0,0,0,0,0,0,0,0,0,0,0,0,0,0,0,0,0,0,0,0,0,0,0,0,0,0,0,0,0,0,0,0,0,0,0,0,0,0,0,0,0,0,0,0,0,0,0,0,0,0,0,0,0,0,0,0,0,0,0,0,0,0,0,0,0,0,0,0,0,0,0,0,0,0,0,0,0,0,0,0,0,0,0,0,0,0,0,0,0,0,0,0,0,0,0,0,0,0,0,0,0,0,0,0,0,0,0,0,0,0,0,0,0,0,0,0,0,0,0,0,0,0,0,0,0,0,0,0,0,0,0,0,0,0,0,0,0,0,0,0,0,0,0,0,0,0,0
0.000444935038152391,0.89515469728421,0,0,0,0,0,0,0,0,0,0,0,0,0,0,0,0,0,0,0,0,0,0,0,0,0,0,0,0,0,0,0,0,0,0,0,0,0,0,0,0,0,0,0,0,0,0,0,0,0,0,0,0,0,0,0,0,0,0,0,0,0,0,0,0,0,0,0,0,0,0,0,0,0,0,0,0,0,0,0,0,0,0,0,0,0,0,0,0,0,0,0,0,0,0,0,0,0,0,0,0,0,0,0,0,0,0,0,0,0,0,0,0,0,0,0,0,0,0,0,0,0,0,0,0,0,0,0,0,0,0,0,0,0,0,0,0,0,0,0,0,0,0,0,0,0,0,0,0,0,0,0,0,0,0,0,0,0,0,0,0,0,0,0,0,0,0,0,0,0,0,0,0,0,0,0,0,0,0,0,0,0,0,0,0,0
0.000518324169130904,0.862813560302195,0,0,0,0,0,0,0,0,0,0,0,0,0,0,0,0,0,0,0,0,0,0,0,0,0,0,0,0,0,0,0,0,0,0,0,0,0,0,0,0,0,0,0,0,0,0,0,0,0,0,0,0,0,0,0,0,0,0,0,0,0,0,0,0,0,0,0,0,0,0,0,0,0,0,0,0,0,0,0,0,0,0,0,0,0,0,0,0,0,0,0,0,0,0,0,0,0,0,0,0,0,0,0,0,0,0,0,0,0,0,0,0,0,0,0,0,0,0,0,0,0,0,0,0,0,0,0,0,0,0,0,0,0,0,0,0,0,0,0,0,0,0,0,0,0,0,0,0,0,0,0,0,0,0,0,0,0,0,0,0,0,0,0,0,0,0,0,0,0,0,0,0,0,0,0,0,0,0,0,0,0,0,0,0,0
0.000134349551559513,0.83519436194614,0,0,0,0,0,0,0,0,0,0,0,0,0,0,0,0,0,0,0,0,0,0,0,0,0,0,0,0,0,0,0,0,0,0,0,0,0,0,0,0,0,0,0,0,0,0,0,0,0,0,0,0,0,0,0,0,0,0,0,0,0,0,0,0,0,0,0,0,0,0,0,0,0,0,0,0,0,0,0,0,0,0,0,0,0,0,0,0,0,0,0,0,0,0,0,0,0,0,0,0,0,0,0,0,0,0,0,0,0,0,0,0,0,0,0,0,0,0,0,0,0,0,0,0,0,0,0,0,0,0,0,0,0,0,0,0,0,0,0,0,0,0,0,0,0,0,0,0,0,0,0,0,0,0,0,0,0,0,0,0,0,0,0,0,0,0,0,0,0,0,0,0,0,0,0,0,0,0,0,0,0,0,0,0,0
0.000481007298180376,0.895921985440726,0,0,0,0,0,0,0,0,0,0,0,0,0,0,0,0,0,0,0,0,0,0,0,0,0,0,0,0,0,0,0,0,0,0,0,0,0,0,0,0,0,0,0,0,0,0,0,0,0,0,0,0,0,0,0,0,0,0,0,0,0,0,0,0,0,0,0,0,0,0,0,0,0,0,0,0,0,0,0,0,0,0,0,0,0,0,0,0,0,0,0,0,0,0,0,0,0,0,0,0,0,0,0,0,0,0,0,0,0,0,0,0,0,0,0,0,0,0,0,0,0,0,0,0,0,0,0,0,0,0,0,0,0,0,0,0,0,0,0,0,0,0,0,0,0,0,0,0,0,0,0,0,0,0,0,0,0,0,0,0,0,0,0,0,0,0,0,0,0,0,0,0,0,0,0,0,0,0,0,0,0,0,0,0,0
0.000318321990853444,0.903163019863759,0,0,0,0,0,0,0,0,0,0,0,0,0,0,0,0,0,0,0,0,0,0,0,0,0,0,0,0,0,0,0,0,0,0,0,0,0,0,0,0,0,0,0,0,0,0,0,0,0,0,0,0,0,0,0,0,0,0,0,0,0,0,0,0,0,0,0,0,0,0,0,0,0,0,0,0,0,0,0,0,0,0,0,0,0,0,0,0,0,0,0,0,0,0,0,0,0,0,0,0,0,0,0,0,0,0,0,0,0,0,0,0,0,0,0,0,0,0,0,0,0,0,0,0,0,0,0,0,0,0,0,0,0,0,0,0,0,0,0,0,0,0,0,0,0,0,0,0,0,0,0,0,0,0,0,0,0,0,0,0,0,0,0,0,0,0,0,0,0,0,0,0,0,0,0,0,0,0,0,0,0,0,0,0,0
-0.000132267751133278,0.816021491312337,0,0,0,0,0,0,0,0,0,0,0,0,0,0,0,0,0,0,0,0,0,0,0,0,0,0,0,0,0,0,0,0,0,0,0,0,0,0,0,0,0,0,0,0,0,0,0,0,0,0,0,0,0,0,0,0,0,0,0,0,0,0,0,0,0,0,0,0,0,0,0,0,0,0,0,0,0,0,0,0,0,0,0,0,0,0,0,0,0,0,0,0,0,0,0,0,0,0,0,0,0,0,0,0,0,0,0,0,0,0,0,0,0,0,0,0,0,0,0,0,0,0,0,0,0,0,0,0,0,0,0,0,0,0,0,0,0,0,0,0,0,0,0,0,0,0,0,0,0,0,0,0,0,0,0,0,0,0,0,0,0,0,0,0,0,0,0,0,0,0,0,0,0,0,0,0,0,0,0,0,0,0,0,0,0
-0.000432565428375738,0.766588650811552,0,0,0,0,0,0,0,0,0,0,0,0,0,0,0,0,0,0,0,0,0,0,0,0,0,0,0,0,0,0,0,0,0,0,0,0,0,0,0,0,0,0,0,0,0,0,0,0,0,0,0,0,0,0,0,0,0,0,0,0,0,0,0,0,0,0,0,0,0,0,0,0,0,0,0,0,0,0,0,0,0,0,0,0,0,0,0,0,0,0,0,0,0,0,0,0,0,0,0,0,0,0,0,0,0,0,0,0,0,0,0,0,0,0,0,0,0,0,0,0,0,0,0,0,0,0,0,0,0,0,0,0,0,0,0,0,0,0,0,0,0,0,0,0,0,0,0,0,0,0,0,0,0,0,0,0,0,0,0,0,0,0,0,0,0,0,0,0,0,0,0,0,0,0,0,0,0,0,0,0,0,0,0,0,0
-0.00046440662359264,0.787011565594307,0,0,0,0,0,0,0,0,0,0,0,0,0,0,0,0,0,0,0,0,0,0,0,0,0,0,0,0,0,0,0,0,0,0,0,0,0,0,0,0,0,0,0,0,0,0,0,0,0,0,0,0,0,0,0,0,0,0,0,0,0,0,0.00319599502144618,0,0,0,0,0,0,0,0,0,0,0,0,0,0,0,0,0,0,0,0,0,0,0,0,0,0,0,0,0,0,0,0,0,0,0,0,0,0,0,0,0,0,0,0,0,0,0,0,0,0,0,0,0,0,0,0,0,0,0,0,0,0,0,0,0,0,0,0,0,0,0,0,0,0,0,0,0,0,0,0,0,0,0,0,0,0,0,0,0,0,0,0,0,0,0,0,0,0,0,0,0,0,0,0,0,0,0,0,0,0,0,0,0,0,0,0,0,0,0,0,0,0
0.000324521453609626,0.74593732992427,0,0,0,0,0,0,0,0,0,0,0,0,0,0,0,0.0283988406199208,0,0,0,0,0,0,0,0,0,0,0,0,0,0,0,0,0,0,0,0,0,0,0,0,0,0,0,0,0,0,0,0,0,0,0,0,0,0,0,0,0,0,0,0,0,0,0,0,0,0,0,0,0,0,0,0,0,0,0,0,-0.00158009012269276,0,0,0,0,0,0,0,0,0,0,0,0,0,0,0,0,0,0,0,0,0,0,0,0,0,0,0,0,0,0,0,0,0,0,0,0,0,0,0,0,0,0,0,0,0,0,0,0,0,0,0,0,0,0,0,0,0,0,0,0,0,0,0,0,0,0,0,0,0,0,0,0,0,0,0,0,0,0,0,0,0,0,0,0,0,0,0,0,0,0,0,0,0,0,0,0,0,0,0,0,0,0,0,0,0,0,0,0
-0.000345136891968776,0.711308155190998,0,0,0,0,0,0,0,0,0,0,0,0,0,0,0,0.011542335762531,0,0,0,0,0,0,0,0,0,0,0,0,0,0,0,0,0,0,0,0,0,0,0,0,0,0,0,0,0,0,0,0,0,0,0,0,0,0,0,0,0,0,0,0,0,0,0,0,0,0,0,0,0,0,0,0,0,0,0,0,-0.00295004345978601,0,0,0,0,0,0,0,0,0,0,0,0,0,0,0,0,0,0,0,0,0,0,0,0,0,0,0,0,0,0,-0.00032726983289665,0,0,0,0,0,0,0,0,0,0,0,0,0,0,0,0,0,0,0,0,0,0,0,0,0,0,0,0,0,0,0,0,0,0,0,0,0,0,0,0,0,0,0,0,0,0,0,0,0,0,0,0,0,0,0,0,0,0,0,0,0,0,0,0,0,0,0,0,0,0,0,0,0,0,0,0,0
-0.000719547748480661,0.731316298106187,0,0,0,0,0,0,0,-0.00208960168694151,0,0,0,0,0,0,0,0.00173047633171487,0,0,0,0,0,0,0,0,0,0,0,0,0,0,0,0,0,0,0,0,0,0,0,0,0,0,0,0,0,0,0,0,0,0,0,0,0,0,0,0,0,0,0,0,0,0,0,0,0,0,0,0,0,0,0,0,0,0,0,0,0,0,0,0,0,0,0,0,0,0,0,0,0,0,0,0,0,0,0,0,0,0,0,0,0,0,0,0,0,0,0,0,0,0,0,0,0,0,0,0,0,0,0,0,0,0,0,0,0,0,0,0,0,0,0,0,0,0,0,0,0,0,0,0,0,0,0,0,0,0,0,0,0,0,0,0,0,0,0,0,0,0,0,0,0,0,0,0,0,0,0,0,0,0,0,0,0,0,0,0,0,0,0,0,0,0,0,0,0
-0.000055080447520877,0.720012977969265,0,0,0,0,0,0,0,0,0,0,0,0,0,0,0,0.0135989096532643,0,0,0,0,0,0,0,0,0,0,0,0,0,0,0,0,0,0,0,0,0,0,0,0,0,0,0,0,0,0,0,0,0,0,0,0,0,0,0,0,0,0,0,0,0,0,0,0,0,0,0,0,0,0,0,0,0,0,0,0,0,0,0,0,0,0,0,0,0,0,0,0,0,0,0,0,0,0,0,0,0,0,0,0,0,0,0,0,0,0,0,0,0,0,0,0,0,0,0,0,0,0,0,0,0,0,0,0,0,0,0,0,0,0,0,0,0,0,0,0,0,0,0,0,0,0,0,0,0,0,0,0,0,0,0,0,0,0,0,0,0,0,0,0,0,0,0,0,0,0,0,0,0,0,0,0,0,0,0,0,0,0,0,0,0,0,0,0,0
0.000434568608949567,0.772840640558188,-0.00635400453789892,0,0,0,0,0,0,0,0,0,0,0,0,0,0,0.00898941962104127,0,0,0,0,0,0,0,0,0,0,0,0,0,0,0,0,0,0,0,0,0,0,0,0,0,0,0,0,0,0,0,0,0,0,0,0,0,0,0,0,0,0,0,0,0,0,0,0,0,0,0,0,0,0,0,0,0,0,0,0,0,0,0,0,0,0,0,0,0,0,0,0,0,0,0,0,0,0,0,0,0,0,0,0,0,0,0,0,0,0,0,0,0,0,0,0,0,0,0,0,0,0,0,0,0,0,0,0,0,0,0,0,0,0,0,0,0,0,0,0,0,0,0.000125378911602657,0,0,0,0,0,0,0,0,0,0,0,0,0,0,0,0,0,0,0,0,0,0,0,0,0,0,0,0,0,0,0,0,0,0,0,0,0,0,0,0,0,0,0,0,0,0
0.000348680515561433,0.853209942190811,0,0,0,0,0,0,0,0,0,0,0,0,0,0,0,0,0,0,0,0,0,0,0,0,0,0,0,0,0,0,0,0,0,0,0,0,0,0,0,0,0,0,0,0,0,0,0,0,0,0,0,0,0,0,0,0,0,0,0,0,0,0,0,0,0,0,0,0,0,0,0,0,0,0,0,0,0,0,0,0,0,0,0,0,0,0,0,0,0,0,0,0,0,0,0,0,0,0,0,0,0,0,0,0,0,0,0,0,0,0,0,0,0,0,0,0,0,0,0,0,0,0,0,0,0,0,0,0,0,0,0,0,0,0,0,0,0,0,0,0,0,0,0,0,0,0,0,0,0,0,0,0,0,0,0,0,0,0,0,0,0,0,0,0,0,0,0,0,0,0,0,0,0,0,0,0,0,0,0,0,0,0,0,0,0
0.000069741152989267,0.782843522563593,0,0,0,0,0,0,0,0,0,0,0,0,0,0,0,0.0010125209916355,0,0,0,0,0,0,0,0,0,0,0,0,0,0,0,0,0,0,0,0,0,0,0,0,0,0,0,0,0,0,0,0,0,0,0,0,0,0,0,0,0,0,0,0,0,0,0,0,0,0,0,0,0,0,0,0,0,0,0,0,0,0,0,0,0,0,0,0,0,0,0,0,0,0,0,0,0,0,0,0,0,0,0,0,0,0,0,0,0,0,0,0,0,0,0,0,0,0,0,0,0,0,0,0,0,0,0,0,0,0,0,0,0,0,0,0,0,0,0,0,0,0,0,0,0,0,0,0,0,0,0,0,0,0,0,0,0,0,0,0,0,0,0,0,0,0,0,0,0,0,0,0,0,0,0,0,0,0,0,0,0,0,0,0,0,0,0,0,0
0.000411632901921922,0.838929092608879,0,0,0,0,0,0,0,0,0,0,0,0,0,0,0,0,0,0,0,0,0,0,0,0,0,0,0,0,0,0,0,0,0,0,0,0,0,0,0,0,0,0,0,0,0,0,0,0,0,0,0,0,0,0,0,0,0,0,0,0,0,0,0,0,0,0,0,0,0,0,0,0,0,0,0,0,0,0,0,0,0,0,0,0,0,0,0,0,0,0,0,0,0,0,0,0,0,0,0,0,0,0,0,0,0,0,0,0,0,0,0,0,0,0,0,0,0,0,0,0,0,0,0,0,0,0,0,0,0,0,0,0,0,0,0,0,0,0,0,0,0,0,0,0,0,0,0,0,0,0,0,0,0,0,0,0,0,0,0,0,0,0,0,0,0,0,0,0,0,0,0,0,0,0,0,0,0,0,0,0,0,0,0,0,0
-0.000020041056703347,0.841548331121799,0,0,0,0,0,0,0,0,0,0,0,0,0,0,0,0,0,0,0,0,0,0,0,0,0,0,0,0,0,0,0,0,0,0,0,0,0,0,0,0,0,0,0,0,0,0,0,0,0,0,0,0,0,0,0,0,0,0,0,0,0,0,0,0,0,0,0,0,0,0,0,0,0,0,0,0,0,0,0,0,0,0,0,0,0,0,0,0,0,0,0,0,0,0,0,0,0,0,0,0,0,0,0,0,0,0,0,0,0,0,0,0,0,0,0,0,0,0,0,0,0,0,0,0,0,0,0,0,0,0,0,0,0,0,0,0,0,0,0,0,0,0,0,0,0,0,0,0,0,0,0,0,0,0,0,0,0,0,0,0,0,0,0,0,0,0,0,0,0,0,0,0,0,0,0,0,0,0,0,0,0,0,0,0,0
0.000266936842726711,0.871625187484078,0,0,0,0,0,0,0,0,0,0,0,0,0,0,0,0,0,0,0,0,0,0,0,0,0,0,0,0,0,0,0,0,0,0,0,0,0,0,0,0,0,0,0,0,0,0,0,0,0,0,0,0,0,0,0,0,0,0,0,0,0,0,0,0,0,0,0,0,0,0,0,0,0,0,0,0,0,0,0,0,0,0,0,0,0,0,0,0,0,0,0,0,0,0,0,0,0,0,0,0,0,0,0,0,0,0,0,0,0,0,0,0,0,0,0,0,0,0,0,0,0,0,0,0,0,0,0,0,0,0,0,0,0,0,0,0,0,0,0,0,0,0,0,0,0,0,0,0,0,0,0,0,0,0,0,0,0,0,0,0,0,0,0,0,0,0,0,0,0,0,0,0,0,0,0,0,0,0,0,0,0,0,0,0,0
0.000869974135772359,0.818814639336233,0,0,0,0,0,0,0,0,0,0,0,0,0,0,0,0.00738948613463898,0,0,0,0,0,0,0,0,0,0,0,0,0,0,0,0,0,0,0,0,0,0,0,0,0,0.00226088935990163,0,0,0,0,0,0,0,0,0,0,0,0,0,0,0,0,0,0,0,0,0,0,0,0,0,0,0,0,0,0,0,0,0,0,0,0,0,0,0,0,0,0,0,0,0,0,0,0,0,0,0,0,0,0,0,0,0,0,0,0,0,0,0,0,0,0,0,0,0,0,0,0,0,0,0,0,0,0,0,0,0,0,0,0,0,0,0,0,0,0,0,0,0,0,0,0,0,0,0,0,0,0,0,0,0,0,0,0,0,0,0,0,0,0,0,0,0,0,0,0,0,0,0,0,0,0,0,0,0,0,0,0,0,0,0,0,0,0,0,0,0,0,0
0.000797866521457143,0.851249679836911,0,0,0,0,0,0,0,0,0,0,0,0,0,0,0,0,0,0,0,0,0,0,0,0,0,0,0,0,0,0,0,0,0,0,0,0,0,0,0,0,0,0,0,0,0,0,0,0,0,0,0,0,0,0,0,0,0,0,0,0,0,0,0,0,0,0,0,0,0,0,0,0,0,0,0,0,0,0,0,0,0,0,0,0,0,0,0,0,0,0,0,0,0,0,0,0,0,0,0,0,0,0,0,0,0,0,0,0,0,0,0,0,0,0,0,0,0,0,0,0,0,0,0,0,0,0,0,0,0,0,0,0,0,0,0,0,0,0,0,0,0,0,0,0,0,0,0,0,0,0,0,0,0,0,0,0,0,0,0,0,0,0,0,0,0,0,0,0,0,0,0,0,0,0,0,0,0,0,0,0,0,0,0,0,0
0.000681379172781183,0.886812869783247,0,0,0,0,0,0,0,0,0,0,0,0,0,0,0,0,0,0,0,0,0,0,0,0,0,0,0,0,0,0,0,0,0,0,0,0,0,0,0,0,0,0,0,0,0,0,0,0,0,0,0,0,0,0,0,0,0,0,0,0,0,0,0,0,0,0,0,0,0,0,0,0,0,0,0,0,0,0,0,0,0,0,0,0,0,0,0,0,0,0,0,0,0,0,0,0,0,0,0,0,0,0,0,0,0,0,0,0,0,0,0,0,0,0,0,0,0,0,0,0,0,0,0,0,0,0,0,0,0,0,0,0,0,0,0,0,0,0,0,0,0,0,0,0,0,0,0,0,0,0,0,0,0,0,0,0,0,0,0,0,0,0,0,0,0,0,0,0,0,0,0,0,0,0,0,0,0,0,0,0,0,0,0,0,0
0.000760966812972819,0.909699815293887,0,0,0,0,0,0,0,0,0,0,0,0,0,0,0,0,0,0,0,0,0,0,0,0,0,0,0,0,0,0,0,0,0,0,0,0,0,0,0,0,0,0,0,0,0,0,0,0,0,0,0,0,0,0,0,0,0,0,0,0,0,0,0,0,0,0,0,0,0,0,0,0,0,0,0,0,0,0,0,0,0,0,0,0,0,0,0,0,0,0,0,0,0,0,0,0,0,0,0,0,0,0,0,0,0,0,0,0,0,0,0,0,0,0,0,0,0,0,0,0,0,0,0,0,0,0,0,0,0,0,0,0,0,0,0,0,0,0,0,0,0,0,0,0,0,0,0,0,0,0,0,0,0,0,0,0,0,0,0,0,0,0,0,0,0,0,0,0,0,0,0,0,0,0,0,0,0,0,0,0,0,0,0,0,0
0.000699136286572818,0.898949283667328,0,0,0,0,0,0,0,0,0,0,0,0,0,0,0,0,0,0,0,0,0,0,0,0,0,0,0,0,0,0,0,0,0,0,0,0,0,0,0,0,0,0,0,0,0,0,0,0,0,0,0,0,0,0,0,0,0,0,0,0,0,0,0,0,0,0,0,0,0,0,0,0,0,0,0,0,0,0,0,0,0,0,0,0,0,0,0,0,0,0,0,0,0,0,0,0,0,0,0,0,0,0,0,0,0,0,0,0,0,0,0,0,0,0,0,0,0,0,0,0,0,0,0,0,0,0,0,0,0,0,0,0,0,0,0,0,0,0,0,0,0,0,0,0,0,0,0,0,0,0,0,0,0,0,0,0,0,0,0,0,0,0,0,0,0,0,0,0,0,0,0,0,0,0,0,0,0,0,0,0,0,0,0,0,0
0.000674655775046096,0.90831100351641,0,0,0,0,0,0,0,0,0,0,0,0,0,0,0,0,0,0,0,0,0,0,0,0,0,0,0,0,0,0,0,0,0,0,0,0,0,0,0,0,0,0,0,0,0,0,0,0,0,0,0,0,0,0,0,0,0,0,0,0,0,0,0,0,0,0,0,0,0,0,0,0,0,0,0,0,0,0,0,0,0,0,0,0,0,0,0,0,0,0,0,0,0,0,0,0,0,0,0,0,0,0,0,0,0,0,0,0,0,0,0,0,0,0,0,0,0,0,0,0,0,0,0,0,0,0,0,0,0,0,0,0,0,0,0,0,0,0,0,0,0,0,0,0,0,0,0,0,0,0,0,0,0,0,0,0,0,0,0,0,0,0,0,0,0,0,0,0,0,0,0,0,0,0,0,0,0,0,0,0,0,0,0,0,0
0.000701076304112196,0.894511135887611,0,0,0,0,0,0,0,0,0,0,0,0,0,0,0,0,0,0,0,0,0,0,0,0,0,0,0,0,0,0,0,0,0,0,0,0,0,0,0,0,0,0,0,0,0,0,0,0,0,0,0,0,0,0,0,0,0,0,0,0,0,0,0,0,0,0,0,0,0,0,0,0,0,0,0,0,0,0,0,0,0,0,0,0,0,0,0,0,0,0,0,0,0,0,0,0,0,0,0,0,0,0,0,0,0,0,0,0,0,0,0,0,0,0,0,0,0,0,0,0,0,0,0,0,0,0,0,0,0,0,0,0,0,0,0,0,0,0,0,0,0,0,0,0,0,0,0,0,0,0,0,0,0,0,0,0,0,0,0,0,0,0,0,0,0,0,0,0,0,0,0,0,0,0,0,0,0,0,0,0,0,0,0,0,0
0.000661017086282328,0.870014920448028,0,0,0,0,0,0,0,0,0,0,0,0,0,0,0,0,0,0,0,0,0,0,0,0,0,0,0,0,0,0,0,0,0,0,0,0,0,0,0,0,0,0,0,0,0,0,0,0,0,0,0,0,0,0,0,0,0,0,0,0,0,0,0,0,0,0,0,0,0,0,0,0,0,0,0,0,0,0,0,0,0,0,0,0,0,0,0,0,0,0,0,0,0,0,0,0,0,0,0,0,0,0,0,0,0,0,0,0,0,0,0,0,0,0,0,0,0,0,0,0,0,0,0,0,0,0,0,0,0,0,0,0,0,0,0,0,0,0,0,0,0,0,0,0,0,0,0,0,0,0,0,0,0,0,0,0,0,0,0,0,0,0,0,0,0,0,0,0,0,0,0,0,0,0,0,0,0,0,0,0,0,0,0,0,0
0.000624903156327585,0.880334031419149,0,0,0,0,0,0,0,0,0,0,0,0,0,0,0,0,0,0,0,0,0,0,0,0,0,0,0,0,0,0,0,0,0,0,0,0,0,0,0,0,0,0,0,0,0,0,0,0,0,0,0,0,0,0,0,0,0,0,0,0,0,0,0,0,0,0,0,0,0,0,0,0,0,0,0,0,0,0,0,0,0,0,0,0,0,0,0,0,0,0,0,0,0,0,0,0,0,0,0,0,0,0,0,0,0,0,0,0,0,0,0,0,0,0,0,0,0,0,0,0,0,0,0,0,0,0,0,0,0,0,0,0,0,0,0,0,0,0,0,0,0,0,0,0,0,0,0,0,0,0,0,0,0,0,0,0,0,0,0,0,0,0,0,0,0,0,0,0,0,0,0,0,0,0,0,0,0,0,0,0,0,0,0,0,0
0.000378310859512603,0.85713279773976,0,0,0,0,0,0,0,0,0,0,0,0,0,0,0,0,0,0,0,0,0,0,0,0,0,0,0,0,0,0,0,0,0,0,0,0,0,0,0,0,0,0,0,0,0,0,0,0,0,0,0,0,0,0,0,0,0,0,0,0,0,0,0,0,0,0,0,0,0,0,0,0,0,0,0,0,0,0,0,0,0,0,0,0,0,0,0,0,0,0,0,0,0,0,0,0,0,0,0,0,0,0,0,0,0,0,0,0,0,0,0,0,0,0,0,0,0,0,0,0,0,0,0,0,0,0,0,0,0,0,0,0,0,0,0,0,0,0,0,0,0,0,0,0,0,0,0,0,0,0,0,0,0,0,0,0,0,0,0,0,0,0,0,0,0,0,0,0,0,0,0,0,0,0,0,0,0,0,0,0,0,0,0,0,0
0.000533279612000575,0.864871868686191,0,0,0,0,0,0,0,0,0,0,0,0,0,0,0,0,0,0,0,0,0,0,0,0,0,0,0,0,0,0,0,0,0,0,0,0,0,0,0,0,0,0,0,0,0,0,0,0,0,0,0,0,0,0,0,0,0,0,0,0,0,0,0,0,0,0,0,0,0,0,0,0,0,0,0,0,0,0,0,0,0,0,0,0,0,0,0,0,0,0,0,0,0,0,0,0,0,0,0,0,0,0,0,0,0,0,0,0,0,0,0,0,0,0,0,0,0,0,0,0,0,0,0,0,0,0,0,0,0,0,0,0,0,0,0,0,0,0,0,0,0,0,0,0,0,0,0,0,0,0,0,0,0,0,0,0,0,0,0,0,0,0,0,0,0,0,0,0,0,0,0,0,0,0,0,0,0,0,0,0,0,0,0,0,0
0.000670567528526264,0.876432790331219,0,0,0,0,0,0,0,0,0,0,0,0,0,0,0,0,0,0,0,0,0,0,0,0,0,0,0,0,0,0,0,0,0,0,0,0,0,0,0,0,0,0,0,0,0,0,0,0,0,0,0,0,0,0,0,0,0,0,0,0,0,0,0,0,0,0,0,0,0,0,0,0,0,0,0,0,0,0,0,0,0,0,0,0,0,0,0,0,0,0,0,0,0,0,0,0,0,0,0,0,0,0,0,0,0,0,0,0,0,0,0,0,0,0,0,0,0,0,0,0,0,0,0,0,0,0,0,0,0,0,0,0,0,0,0,0,0,0,0,0,0,0,0,0,0,0,0,0,0,0,0,0,0,0,0,0,0,0,0,0,0,0,0,0,0,0,0,0,0,0,0,0,0,0,0,0,0,0,0,0,0,0,0,0,0
0.000363582126000401,0.84773433076486,0,0,0,0,0,0,0,0,0,0,0,0,0,0,0,0,0,0,0,0,0,0,0,0,0,0,0,0,0,0,0,0,0,0,0,0,0,0,0,0,0,0,0,0,0,0,0,0,0,0,0,0,0,0,0,0,0,0,0,0,0,0,0,0,0,0,0,0,0,0,0,0,0,0,0,0,0,0,0,0,0,0,0,0,0,0,0,0,0,0,0,0,0,0,0,0,0,0,0,0,0,0,0,0,0,0,0,0,0,0,0,0,0,0,0,0,0,0,0,0,0,0,0,0,0,0,0,0,0,0,0,0,0,0,0,0,0,0,0,0,0,0,0,0,0,0,0,0,0,0,0,0,0,0,0,0,0,0,0,0,0,0,0,0,0,0,0,0,0,0,0,0,0,0,0,0,0,0,0,0,0,0,0,0,0
0.000513116457639762,0.88839656104547,0,0,0,0,0,0,0,0,0,0,0,0,0,0,0,0,0,0,0,0,0,0,0,0,0,0,0,0,0,0,0,0,0,0,0,0,0,0,0,0,0,0,0,0,0,0,0,0,0,0,0,0,0,0,0,0,0,0,0,0,0,0,0,0,0,0,0,0,0,0,0,0,0,0,0,0,0,0,0,0,0,0,0,0,0,0,0,0,0,0,0,0,0,0,0,0,0,0,0,0,0,0,0,0,0,0,0,0,0,0,0,0,0,0,0,0,0,0,0,0,0,0,0,0,0,0,0,0,0,0,0,0,0,0,0,0,0,0,0,0,0,0,0,0,0,0,0,0,0,0,0,0,0,0,0,0,0,0,0,0,0,0,0,0,0,0,0,0,0,0,0,0,0,0,0,0,0,0,0,0,0,0,0,0,0
0.000467069909572198,0.864844400287963,0,0,0,0,0,0,0,0,0,0,0,0,0,0,0,0,0,0,0,0,0,0,0,0,0,0,0,0,0,0,0,0,0,0,0,0,0,0,0,0,0,0,0,0,0,0,0,0,0,0,0,0,0,0,0,0,0,0,0,0,0,0,0,0,0,0,0,0,0,0,0,0,0,0,0,0,0,0,0,0,0,0,0,0,0,0,0,0,0,0,0,0,0,0,0,0,0,0,0,0,0,0,0,0,0,0,0,0,0,0,0,0,0,0,0,0,0,0,0,0,0,0,0,0,0,0,0,0,0,0,0,0,0,0,0,0,0,0,0,0,0,0,0,0,0,0,0,0,0,0,0,0,0,0,0,0,0,0,0,0,0,0,0,0,0,0,0,0,0,0,0,0,0,0,0,0,0,0,0,0,0,0,0,0,0
0.000374332089717478,0.806665337110155,0,0,0,0,0,0,0,0,0,0,0,0,0,0,0,0,0,0,0,0,0,0,0,0,0,0,0,0,0,0,0,0,0,0,0,0,0,0,0,0,0,0,0,0,0,0,0,0,0,0,0,0,0,0,0,0,0,0,0,0,0,0,0,0,0,0,0,0,0,0,0,0,0,0,0,0,0,0,0,0,0,0,0,0,0,0,0,0,0,0,0,0,0,0,0,0,0,0,0,0,0,0,0,0,0,0,0,0,0,0,0,0,0,0,0,0,0,0,0,0,0,0,0,0,0,0,0,0,0,0,0,0,0,0,0,0,0,0,0,0,0,0,0,0,0,0,0,0,0,0,0,0,0,0,0,0,0,0,0,0,0,0,0,0,0,0,0,0,0,0,0,0,0,0,0,0,0,0,0,0,0,0,0,0,0
0.000573646233252093,0.792995730560354,0,0,0,0.00990426378455751,0,0,0,0,0,0,0,0,0,0,0,0,0,0,0,0,0,0,0,0,0,0,0,0,0,0,0,0,0,0,0,0,0,0,0,0,0,0,0,0,0,0,0,0,0,0,0,0,0,0,0,0,0,0,0,0,0,0,0,0,0,0,0,0,0,0,0,0,0,0,0,0,0,0,0,0,0,0,0,0,0.00104760051130856,0,0,0,0,0,0,0,0,0,0,0,0,0,0,0,0,0,0,0,0,0,0,0,0,0,0,0,0,0,0,0,0,0,0,0,0,0,0,0,0,0,0,0,0,0,0,0,0,0,0,0,0,0,0,0,0,0,0,0,0,0,0,0,0,0,0,0,0,0,0,0,0,0,0,0,0,0,0,0,0,0,0,0,0,0,0,0,0,0,0,0,0,0,0,0,0,0,0,0,0
0.000512055407169233,0.801528324728576,0,0,0,0.00241928409491618,0,0,0,0,0,0,0,0,0,0,0,0,0,0,0,0,0,0,0,0,0,0,0,0,0,0,0,0,0,0,0,0,0,0,0,0,0,0,0,0,0,0,0,0,0,0,0,0,0,0,0,0,0,0,0,0,0,0,0,0,0,0,0,0,0,0,0,0,0,0,0,0,0,0,0,0,0,0,0,0,0,0,0,0,0,0,0,0,0,0,0,0,0,0,0,0,0,0,0,0,0,0,0,0,0,0,0,0,0,0,0,0,0,0,0,0,0,0,0,0,0,0,0,0,0,0,0,0,0,0,0,0,0,0,0,0,0,0,0,0,0,0,0,0,0,0,0,0,0,0,0,0,0,0,0,0,0,0,0,0,0,0,0,0,0,0,0,0,0,0,0,0,0,0,0,0,0,0,0,0,0
0.000998036958464477,0.76766013819846,-0.0148165677748841,0,0,0.00568149541633196,0,0,0,0,0,0,0,0,0,0,0,0,0,0,0,0,0,0,0,0,0,0,0,0,0,0,0,0,0,0,0,0,0,0,0.00381610875196788,0,0,0,0,0,0,0,0,0,0.000944836710314217,0,0,0,0,0,0,0,0,0,0,0,0,0,0,0,0,0,0,0,0,0,0,0,0,0,0,0,0,0,0,0,0,0,0,0,0,0,0,0,0,0,0,0,0,0,0,0,0,0,0,0,0,0,0,0,0,0,0,0,0,0,0,0,0,0,0,0,0,0,0,0,0,0,0,0,0,0,0,0,0,0,0,0,0,0,0,0,0,0,0,0,0,0,0,0,0,0,0,0,0,0,0,0,0,0,0,0,0,0,0,0,0,0,0,0,0,0,0,0,0,0,0,0,0,0,0,0,0,0,0,0,0,0,0,0,0
0.000582621097745306,0.75605241275077,0,0,0,0,0,0,0,0,0,0,0,0,0,0,0,0,0,0,0,0,0,0,0,0,0,0,0,0,0,0,0,0,0,0,0,0,0,0,0,0,0,0,0,0,0,0,0,0,0,0,0,0,0,0,0,0,0,0,0,0,0,0,0,0,0,0,0,0,0,0,0,0,0,0,0,0,-0.0000595925809154441,0,0,0,0,0,0,0,0,0,0,0,0,0,0,0,0,0,0,0,0,0,0,0,0,0,0,0,0,0,0,0,0,0,0,0,0,0,0,0,0,0,0,0,0,0,0,0,0,0,0,0,0,0,0,0,0,0,0,0,0,0,0,0,0,0,0,0,0,0,0,0,0,0,0,0,0,0,0,0,0,0,0,0,0,0,0,0,0,0,0,0,0,0,0,0,0,0,0,0,0,0,0,0,0,0,0,0,0
0.000565135277665835,0.7308564178674,0,0,0,0,0,0,0,0,0,0,0,0,0,0,0,0.00320860658760918,0,0,0,0,0,0,0,0,0,0,0,0,0,0,0,0,0,0,0,0,0,0,0,0,0,0,0,0,0,0,0,0,0,0,0,0,0,0,0,0,0,0,0,0,0,0,0,0,0,0,0,0,0,0,0,0,0,0,0,0,-0.00526497076045525,0,0,0,0,0,0,0,0,0,0,0,0,0,0,0,0,0,0,0,0,0,0,0,0,0,0,0,0,0,0,0,0,0,0,0,0,0,0,0,0,0,0,0,0,0,0,0,0,0,0,0,0,0,0,0,0,0,0,0,0,0,0,0,0,0,0,0,0,0,0,0,0,0,0,0,0,0,0,0,0,0,0,0,0,0,0,0,0,0,0,0,0,0,0,0,0,0,0,0,0,0,0,0,0,0,0,0,0
NA,NA,NA,NA,NA,NA,NA,NA,NA,NA,NA,NA,NA,NA,NA,NA,NA,NA,NA,NA,NA,NA,NA,NA,NA,NA,NA,NA,NA,NA,NA,NA,NA,NA,NA,NA,NA,NA,NA,NA,NA,NA,NA,NA,NA,NA,NA,NA,NA,NA,NA,NA,NA,NA,NA,NA,NA,NA,NA,NA,NA,NA,NA,NA,NA,NA,NA,NA,NA,NA,NA,NA,NA,NA,NA,NA,NA,NA,NA,NA,NA,NA,NA,NA,NA,NA,NA,NA,NA,NA,NA,NA,NA,NA,NA,NA,NA,NA,NA,NA,NA,NA,NA,NA,NA,NA,NA,NA,NA,NA,NA,NA,NA,NA,NA,NA,NA,NA,NA,NA,NA,NA,NA,NA,NA,NA,NA,NA,NA,NA,NA,NA,NA,NA,NA,NA,NA,NA,NA,NA,NA,NA,NA,NA,NA,NA,NA,NA,NA,NA,NA,NA,NA,NA,NA,NA,NA,NA,NA,NA,NA,NA,NA,NA,NA,NA,NA,NA,NA,NA,NA,NA,NA,NA,NA,NA,NA,NA,NA,NA,NA,NA,NA,NA,NA,NA,NA
0.00119309486378181,0.736214390823965,-0.0171391303596561,0,0,0,0,0,0,0,0,-0.0146824978715497,0,0,0,0,0,0.0121929462332859,0,0,0,0,0,0,0,0,0,0,0,0,0,0,0,0,0,0,0,0,0,0,0,0,0,0,0,0,0,0,0,0,0,0,0,0,0,0,0,0,0,0,0,0,0,0,0,0,0,0,0,0,0,0,0,0,0,0,0,0,-0.0159207568892345,0,0,0,0,0,0,0,0,0,0,0,0,-0.00575088423128629,0,0,0,0,0,0,0,0,0,0,0,0,0,0,0,0,0,-0.00211798854714642,0,0,0,0,0,0,0,0,0,0,0,0,0,0,0,0,0,0,0,0,0,0,0,0,0,0,0,0,0,0,0.0134522680351903,0,0,0,0,0,0,0,0,0,0,0,0,0,0,0,0,0,0,0,0,0,0,0,0,0,0,0,0,0,0,0,0,0,0,0,0,0,0,0,0,0,0,0,0,0,0
NA,NA,NA,NA,NA,NA,NA,NA,NA,NA,NA,NA,NA,NA,NA,NA,NA,NA,NA,NA,NA,NA,NA,NA,NA,NA,NA,NA,NA,NA,NA,NA,NA,NA,NA,NA,NA,NA,NA,NA,NA,NA,NA,NA,NA,NA,NA,NA,NA,NA,NA,NA,NA,NA,NA,NA,NA,NA,NA,NA,NA,NA,NA,NA,NA,NA,NA,NA,NA,NA,NA,NA,NA,NA,NA,NA,NA,NA,NA,NA,NA,NA,NA,NA,NA,NA,NA,NA,NA,NA,NA,NA,NA,NA,NA,NA,NA,NA,NA,NA,NA,NA,NA,NA,NA,NA,NA,NA,NA,NA,NA,NA,NA,NA,NA,NA,NA,NA,NA,NA,NA,NA,NA,NA,NA,NA,NA,NA,NA,NA,NA,NA,NA,NA,NA,NA,NA,NA,NA,NA,NA,NA,NA,NA,NA,NA,NA,NA,NA,NA,NA,NA,NA,NA,NA,NA,NA,NA,NA,NA,NA,NA,NA,NA,NA,NA,NA,NA,NA,NA,NA,NA,NA,NA,NA,NA,NA,NA,NA,NA,NA,NA,NA,NA,NA,NA,NA
0.00154054712533196,0.774192874103439,-0.0118739791447845,0,0,0.00707248953541853,0,0,0,0,0,-0.0231853882308644,0,0,0,0,0,0.0152022586517458,0,0,0,0,0,0,0,0,0,0,0,0,0,0,0,0,0,0,0,0,0,0,0.0118411259530538,0,0,0,0,0,0,0,0,0,0,0,0,0,0,0,0,0,0,0,0,0,0,0,0,0,0,0,0,0,0,0,0,0,0,0,0,0,-0.018845696929901,0,0,0.0118912235239693,0,0,0,0,0,0,0,0,0,-0.00824294592632072,0,0,0,0,0,0.00794788774305661,0,0,0,0,0,0,0,0,0,0,0,-0.00228618169721622,0,0,0,0,0,0,0,0,0,0,0,0,0,0,0,0,0,0,0,0,0,0,0,0,0,0,0,0,0,0,0.0175289006991202,0,0,0,0,0,0,0,0,0,0,0,0,0,0,0,0,0,0,0,0,0,0,0,0,0,0,0,0,0,0,0,0,0,0,0,0,0,0,0,-0.00267991730469203,0,0,0,0,0,0
0.00143235766710792,0.77910126713184,-0.0170259619065762,0,0,0.00799919549348941,0,0,0,0,0,-0.00599676977346519,0,0,0,0,0,0,0,0,0,0,0,0,0,0,0,0,0,0,0,0,0,0,0,0,0,0,0,0,0.0086457014651925,0,0,0,0,0,0,0,0,0,0.00492632103457531,0,0,0,0,0,0,0,0,0,0,0,0,0,0,0,0,0,0,0,0,0,0,0,0,0,0,0,-0.0135735570124555,0,0,0,0,0,0,0,0,0,0,0,0,0,0,0,0,0,0,0.00626873443888928,0,0,0,0,0,0,0,0,0,0,0,0,0,0,0,0,0,0,0,0,0,0,0,0,0,0,0,0,0,0,0,0,0,0,0,0,0,0,0,0,0,0,0,0,0,0,0,0,0,0,0,0,0,0,0,0,0,0,0,0,0,0,0,0,-0.00646911125046569,0,0,0,0,0,0,0,0,0,0,0,0,0,0,0,0,0,0,-0.0009355778571403,0,0,0,0,0
0.0013455699435751,0.741466081215168,-0.0200653399322287,0,0,0.00734070101967781,0,0,0,0,0,0,0,0,0,0,0,0,0,0,0,0,0,0,0,0,0,0,0,0,0,0,0,0,0,0,0,0,0,0,0,0,0,0,0,0,0,0,0,0,0,0,0,0,0,0,0,0,0,0,0,0,0,0,0,0,0,0,0,0,0,0,0,0,0,0,0,0,-0.00934232820582862,0,0,0.00251198820224643,0,0,0,0,0,0,0,0,0,0,0,0,0,0,0,0,0,0,0,0,0,0,0,0,0,0,0,-0.0082715031030871,0,0,0,0,0,0,0,0,0,0,0,0,0,0,0,0,0,0,0,0,0,0,0,0,0,0,0,0,0,0,0,0,0,0,0,0,0,0,0,0,0,0,0,0,0,0,-0.00287612939451251,0,0,0,0,0,-0.00792057493325082,0,0,0,0,0,0,0,0,0,0,0,0,0,0,0,0,0,-0.00137593564934851,0,0,0,0,0,0
0.0013873963530627,0.747300903502441,-0.0100659337223298,0,0,0.00202976219213961,0,0,0,0,0,-0.0150804060410097,0,0,0,0,0,0.00367496224863099,0,0,0,0,0,0,0,0,0,0,0,0,0,0,0,0,0,0,0,0,0,0,0.0134953271105183,0,0,0,0,0,0,0,-0.00279314155608194,0,0,0,0,0,0,0,0,0,0,0,0,0,0,0,0,0,0,0,0,0,0,0,0,0,0,0,0,0,-0.015654541304807,0,0,0.00488561090571284,0,0,0,0,0,0,0,0,0,0,0,0,0,0,0,0,0,0,0,0,0,0,0,0,0,0,0,0,0,0,0,0,0,0,0,0,0,0,0,0,0,0,0,0,0,0,0,0,0,0,0,0,0,0,0.000653195041465497,0,0,0,0,0,0,0,0,0,0,0,0,0,0,0,0,0,0,0,0,0,0,0,0,0,0,0,0,0,0,0,0,0,0,0,0,0,0,0,0,0,0,0,0,0,0,0,0,0,0
NA,NA,NA,NA,NA,NA,NA,NA,NA,NA,NA,NA,NA,NA,NA,NA,NA,NA,NA,NA,NA,NA,NA,NA,NA,NA,NA,NA,NA,NA,NA,NA,NA,NA,NA,NA,NA,NA,NA,NA,NA,NA,NA,NA,NA,NA,NA,NA,NA,NA,NA,NA,NA,NA,NA,NA,NA,NA,NA,NA,NA,NA,NA,NA,NA,NA,NA,NA,NA,NA,NA,NA,NA,NA,NA,NA,NA,NA,NA,NA,NA,NA,NA,NA,NA,NA,NA,NA,NA,NA,NA,NA,NA,NA,NA,NA,NA,NA,NA,NA,NA,NA,NA,NA,NA,NA,NA,NA,NA,NA,NA,NA,NA,NA,NA,NA,NA,NA,NA,NA,NA,NA,NA,NA,NA,NA,NA,NA,NA,NA,NA,NA,NA,NA,NA,NA,NA,NA,NA,NA,NA,NA,NA,NA,NA,NA,NA,NA,NA,NA,NA,NA,NA,NA,NA,NA,NA,NA,NA,NA,NA,NA,NA,NA,NA,NA,NA,NA,NA,NA,NA,NA,NA,NA,NA,NA,NA,NA,NA,NA,NA,NA,NA,NA,NA,NA,NA
0.00129476244908837,0.729270875801684,-0.0221355596269783,0,0,0.00170897966107175,0,0,0,0,0,-0.0158905588966272,0,0,0,0,0,0.0164973418245811,0,0,0,0,0,0,0,0,0,0,0,0,0,0,0,0,0,0,0,0,0,0,0.00113767433683315,0,0,0,0,0,0,0,-0.00258028375757833,0,0,0,0,0,0,0,0,0,0,0,0,0,0,0,0,0,0,0,0,0,0,0,0,0,0,0,0,0,-0.0182844887210176,0,0,0.031404410239069,0,0,0,0,0,0,0,0,0,-0.00809568897100751,0,0,0,0,0,0,0,0,0,0,0,0,0,0,0,0,0,-0.00000916081021369437,0,0,0,0,0,0,0,0,0,0,0,0,0,0,0,0,0,0,0,0,0,0,0,0,0,0,0,0,0,0,0.0106021699289844,0,0,0,0,0,0,0,0,0,0,0,0,0,0,0,0,0,0,0,0,0,0,0,0,0,0,0,0,0,0,0,0,0,0,0,0,0,0,0,0,0,0,0,0,0,0
NA,NA,NA,NA,NA,NA,NA,NA,NA,NA,NA,NA,NA,NA,NA,NA,NA,NA,NA,NA,NA,NA,NA,NA,NA,NA,NA,NA,NA,NA,NA,NA,NA,NA,NA,NA,NA,NA,NA,NA,NA,NA,NA,NA,NA,NA,NA,NA,NA,NA,NA,NA,NA,NA,NA,NA,NA,NA,NA,NA,NA,NA,NA,NA,NA,NA,NA,NA,NA,NA,NA,NA,NA,NA,NA,NA,NA,NA,NA,NA,NA,NA,NA,NA,NA,NA,NA,NA,NA,NA,NA,NA,NA,NA,NA,NA,NA,NA,NA,NA,NA,NA,NA,NA,NA,NA,NA,NA,NA,NA,NA,NA,NA,NA,NA,NA,NA,NA,NA,NA,NA,NA,NA,NA,NA,NA,NA,NA,NA,NA,NA,NA,NA,NA,NA,NA,NA,NA,NA,NA,NA,NA,NA,NA,NA,NA,NA,NA,NA,NA,NA,NA,NA,NA,NA,NA,NA,NA,NA,NA,NA,NA,NA,NA,NA,NA,NA,NA,NA,NA,NA,NA,NA,NA,NA,NA,NA,NA,NA,NA,NA,NA,NA,NA,NA,NA,NA
0.000771843014866692,0.668084647614075,-0.00254394774499639,0,0,0,0,0,0,0,0,0,0,0,0,0,0,0,0,0,0,0,0,0,0,0,0,0,0,0,0,0,0,0,0,0,0,0,0,0,0,0,0,0,0,0,0,0,-0.00268955174931952,0,0,0,0,0,0,0,0,0,0,0,0,0,0,0,0,0,0,0,0,0,0,0,0,0,0,0,0,0,-0.0035385905732278,0,0,0.000744545083209139,0,0,0,0,0,0,0,0,0,0,0,0,0,0,0,0,0,0,0,0,0,0,0,0,0,0,0,0,0,0,0,0,0,0,0,0,0,0,0,0,0,0,0,0,0,0,0,0,0,0,0,0,0,0,0,0,0,0,0,0,0,0,0,0,0,0,0,0,0,0,0,0,0,0,0,0,0,0,0,0,0,0,0,0,0,0,0,0,0,0,0,0,0,0,0,0,0,0,0,0,0,0,0,0,0
0.000498918569007141,0.65140394381661,-0.000648592560700955,0,0,0,0,0,0,0,0,0,0,0,0,0,0,0.00553437542243045,0,0,0,0,0,0,0,0,0,0,0,0,0,0,0,0,0,0,0,0,0,0,0,0,0,0,0,0,0,0,-0.00415692548266049,0,0.00625159943751251,0,0,0,0,0,0,0,0,0,0,0,0,0,0,0,0,0,0,0,0,0,0,0,0,0,0,0,-0.00166565211336668,0,0,0,0,0,0,0,0,0,0,0,0,-0.00663008838311454,0,0,0,0,0,0,0,0,0,0,0,0,0,0,0,0,0,0,0,0,0,0,0,0,0,0,0,0,0,0,0,0,0,0,0,0,0,0,0,0,0,0,0,0,0,0,0,0,0,0,0,0,0,0,0,0,0,0,0,0,0.00226656170837303,0,0,0,0,0,0,0,0,0,-0.00171301627889614,0,0,0,0,0,0,0,0,0,0,0,0,0,0,0,0,0,0,0,0,0,0,0,0
0.000238619201953135,0.627234415186168,0,0,0,0,0,0,0,0,0,0,0,0,0,0,0,0.0128784994089601,0,0,0,0,0,0,0,0,0,0,0,0,0,0,0,0,0,0,0,0,0,0,0,0,0,0,0,0,0,0,-0.0050421501756998,0,0,0,0,0,0,0,0,0,0,0,0,-0.00056217451804246,0,0,0,0,0,0,0,0,0,0,0,0,0,0,0,0,0,0,0,0,0,0,0,0,0,0,0,0,0,-0.00952510081946773,0,0,0,0,0,0,0,0,0,0,0,0,0,0,0,0,0,0,0,0,0,0,0,0,0,0,0,0,0,0,0,0,0,0,0,0,0,0,0,0,0,0,0,0,0,0,0,0,0,0,0,0,0,0,0,0,0,0,0,0,0,0,0,0,0,0,0,0,0,0,0,0,0,0,0,0,0,0,0,0,0,0,0,0,0,0,0,0,0,0,0,0,0,0,0
0.000556572956368911,0.594613706290963,0,0,0,0,0,0,0,0,0,0,0,0,0,0,0,0.0209533279388546,0,0,0,0,0,0,0,0,0,0,0,0,0,0,0,0,0,0,0,0,0,0,0,0,0,0.0188640024599884,0,0,0,0,-0.0154631775735892,0,0,0,0,0,0,0,0,0,0.0164401221582357,0,0,-0.000219111737348033,0,0,0,0,0,0,0,0,0,0,0,0,0,0,0,0,-0.00308179377387205,0,0,0.0266355771819913,0,0,0,0,0,0,0,0,0,-0.0215463984647226,0,0,0,0,0,0,0,0,0,0,0,0,0,0,0,-0.00167469513979626,0,0,0,0,0,0,0,0,0,0,0,0,0,0,0,0,0,0,0,0,0,0,0,0,0,0,0,0,0,0,0,0,0,0,0,0,0,0,0,0,0,0,0,0,0,0,0,0,0,0,0,0,0,0,0,0,0,0,0,0,0,0,0,0,0,0,0,0,0,0,0,0,0,0,0,0,0,0,0
0.000588997882696809,0.601483020382062,-0.00186724939441045,0,0,0,0,0,0,0,0,0,0,0,0,0,0,0.0303047553301421,0,0,0,0,0,0,0,0,0,0,0,0.00260706834307191,0,0,0,0,0,0,0,0,0,0,0,0,0,0,0,0,0,0,0,0,0,0,0,0,0,0,0,0,0.0435339973166712,0,0,0,0,0,0,0,0,0,0,0,0,0,0,0,0,0,0,0,-0.00549736932088387,0,0,0.0166165670660836,0,0,0,0,0,0,0,0,0,0,0,0,0,0,0,0,0,0,0,0,0,0,0,0,0,0,0,0,0,0,0,0,0,0,0,0,0,0,0,0,0,0,0,0,0,0,0,0,0,0,0,0,0,0,0,0,0,0,0,0,0,0,0,0,0,0,0,0,0,0,0.00243238546933539,0,0,0,0,0,0,0,0,0,0,0,0,0,0,0,0,0,0,0,0,0,0,0,0,0,0,0,0,0,0,0,0,0,0
0.000137114314681246,0.605846487350711,-0.00481699766681123,0,0,0,0,0,0,0,0,-0.0253235824779571,0,0,-0.00410608732554809,0,0,0.0107569939259853,0,0,0,0,0,0,0,0,0,0,0,0,0,0,0,0,0,0,0,0,0,0,0.00176885350944452,0.00338966861325015,0,0.00423793869030869,0,0,0,0,-0.0114057536910919,0,0.00102490762643312,0,0,0,0,0,0,0,0.0645683961546945,0,0,-0.00295450962430522,0,0,0.0253582167934993,0,-0.0011755690265746,0,0,0,0,0,0,0,0,0,0,0,-0.00871151509114249,0,0,0,0,0,0,0,0,0,0,0,0,-0.0214092263043814,0,0,0,0,0,0,0,0,0,0,0,0,0,0,0,0,0,0,0,0,0,0,0,0,0,0,0,0,0,0,0,0,0,0,0,-0.0101953043725873,0,0,0,0,0,0,0,0,0,0,0,0,0,0,0,0,0,0,0,0,0,0,0,0,0.0129018810506464,0,0,0,0,0,0,0,0,0,-0.0035981781371546,0,0,0,0,0,0,0,0,0,0,0,0,0,0,0,0,0,0,0,0,0,0,0,0
0.00078305353501147,0.729279378812227,-0.0191186317627764,0,0,0,0,0,0,0,0,0,0,0,0,0,0,0,0,0,0,0,0,0,0,0,0,0,0,0,0,0,0,0,0,0,0,0,0,0,0,0,0,0,0,0,0,0,0,0,0,0,0,0,0,0,0,0,0,0,0,0,0,0,0,0,0,0,0,0,0,0,0,0,0,0,0,0,-0.00403336533178185,0,0,0,0,0,0,0,0,0,0,0,0,0,0,0,0,0,0,0,0,0,0,0,0,0,0,0,0,0,0,0,0,0,0,0,0,0,0,0,0,0,0,0,0,0,0,0,0,0,0,0,0,0,0,0,0,0,0,0,0,0,0,0,0,0,0,0,0,0,0,0,0,0,0,0,0,0,0,0,0,0,0,0,-0.0016381469646247,0,0,0,0,0,0,0,0,0,0,0,0,0,0,0,0,0,0,0,0,0,0,0,0
0.000759854158907822,0.692153723663457,-0.00351730993517828,0,0,0,0,0,0,0,0,-0.00254587370247124,0,0,0,0,0,0.0261169166965889,0,0,0,0,0,0,0,0,0,0,0,0.000635645520742568,0,0,0,0,0,0,0,0,0,0,0,0,0,0,0,0,0,0,-0.00605253783180485,0,0.00994492336421038,0,0,0,0,0,0,0,0,0,0,0,0,0,0,0,0,0,0,0,0,0,0,0,0,0,0,0,-0.005892323243049,0,0,0.0162777773063353,0,0,0,0,0,0,0,0,0,-0.00539635434435757,0,0,0,0,0,0,0,0,0,0,0,0,0,0,0,0,0,-0.027640115178011,0,0,0,0,0,0,0,0,0,0,0,0,0,0,0,0,0,0,0,0,0,0,0,0,0,0,0,0,0,0,0.00215600957606556,0,0,0,0,0,0,0,0,0,0,0,0.00188112911395648,0,0,0,0,0,0,0,0,0,0,0,0,0,0,0,0,0,0,0,0,0,0,0,0,0,0,0,0,0,0,0,0,0,0
0.000381136524027941,0.468902406754396,-0.0148187845334701,0,0,0.0040199633261765,0,0,0,0,0,-0.0147770257318972,-0.000707278426715243,0,-0.012435673781548,0,0,0.0298952548068572,0,0,0,0,0,0,0,0,0,0,0,0.0113856961128995,0,0,0,0,0,0,0,0,0,0,0,0,0,0,0,0,0,0,-0.00599073446851947,0,0,0,0,0,0,0,0,0,0.111016415927135,0,0,-0.0108807647051845,-0.0516844878732348,0,0,-0.00057094832140164,-0.0119895663714738,0,0,0,0,0,0,0,0,0,0,0,-0.0221533699846458,0,-0.00457542901594612,0.0204488686733649,0,0,0,0,0,0,-0.0137680317888406,-0.016342086014113,0,0,0,0,0,0,0,0,0,0,0.0143932997356392,0,0,0,0.000548150419523842,0,0,-0.00176986988131491,0,0,0,0,0,0,0,0,0,0,0,0,0,0,0,0,0,0.00599192296753767,0,0,0,0,0,0,0,0,0,0,0.0145931732447015,0,0,0,0,0,0,0,0,0,0,0,0,0,0,0,0.000316722640444864,0,0,0,0,0,0,0,0,0,0,0,0,0,0,0,0,0,0,-0.00310294609306516,0,0,0,0,0,0,0,0,0,0,0,0,0,0,0
0.00128205085438591,0.559165863063239,0,0,0,0,0,0,0,0,0,-0.0196359392740349,-0.0026464934205324,0.0125862910363832,0,0,0,0.0666680867108861,0,0,0,0,0,0,0,0.0477586009147063,0,0,0,0.0380493407096663,0,0,0,0,0,0,0,0,0,0,0,0.0123581589928822,0,0,0,0,0,0,-0.00709803057321538,0,0.0255129133596154,0,0,0,0,0,0,0,0.0536995805358826,0,0,-0.0377262558517528,0,0,0.0266426492242084,-0.000996514161868233,-0.0480224731995129,0,0,0,-0.00456722823161339,0,-0.0141816776102139,0,0,0,0,0,0,0,-0.0180034369799749,0.119499097611167,0,0,0,0,0,0,-0.0469788535431311,-0.02527119283784,0,-0.00385714482034231,0,0,0,0,0,0,0,0,0,-0.0101465782241062,0,0,0,0,0,0,0,-0.00721561187145063,0,0,0,0,0,0,0,0,0,0,0,0,0,0,0,0,0,0,0,0,0.00633605548971874,0,0,0,0,-0.00277263845621466,0.0179937177667507,0,0,0,0,0,0,0,0,0,0,0,0.0100726167485122,-0.00842357279128267,0,0,0,0,0,0,0,0,0,0,0,0,0,0,0,0.0252880052293468,0,0,0,0,0,0,0,0,0,0,0,0,0,0,0,0,0,0,0,0,0
0.00142489018196361,0.528051151154341,0,0,0,0,0,0,0,0,0,-0.00906463271414613,0,0.0365790179988961,0,0,0,0.0745502296611889,0,0,0,0,0,0,0,0.0708985459234362,0,-0.0108458245301511,0,0.0347190983543593,0,0,0,0,0,0,0,0,0,0,0,0,0,0,0,0,0,0,0,0,0,0,-0.0139262398623212,-0.0168514094695124,0,0,0,0,0.048837900575319,0,0,-0.0167208975930311,-0.132150617483934,0,0,-0.00581643525343352,-0.0473406244372389,-0.0238707440577372,0,0,-0.00645157135449565,0,0,0,0,0,0,0,-0.0189495435005617,0,-0.0227757332527369,0.123728579902778,0,0,0,0,0,0,-0.0131449053792047,-0.0192628327598382,0,0,0,0,0,0,0,0,0,0,0,0,0,0,0,0,0,-0.0140928830995301,0,0,0,0,0,0,0,0,0,0,0,0,0,0,0,0,0,0,0,0,0,0,0.00987009340462738,0,0,0,0,0,0.0278378589649397,0,0,0,0.00817250332353534,0,0,0,0,0,0,0,0.0284531856910544,-0.0240751242121473,0,0,0,0,0,0,0,0,0,0,0,0,0,0,0,0,0,0,0,-0.00128228774336636,0,-0.0272267212534547,0,0,0,0,0,0,0,0,-0.0365683823744022,0,0,0,0,0,-0.00508551224920307
0.00111351402413177,0.569864454369999,-0.0072651674355393,0,0,0,0,0,0,0,0,-0.00808356477251878,0,0,0,0,0,0.0307124024697158,0,0,0,0,0,0,0,0.00254233925199566,0,0,0,0.00480275050416408,0,0,0,0,0,0,0,0,0,0,0,0,0,0.0132709885984016,0,0,0,0,0,0,0.00137271808243208,0,0,0,0,0,0,0,0,0,0,-0.0129515223548869,0,0,0,0,-0.0045357021787335,0,0,0,0,0,0,0,0,0,0,0,-0.00386718507336976,0,0,0.0546603714992041,0,0,0,0,0,0,0,-0.00968813623576116,0,-0.0109168529472874,0,0,0,0,0,0,0,0,0,0,0,0,0,0,0,0,0,0,0,0,0,0,0,0,0,0,0,0,0,0,0,0,0,0,0,0,0,0,0,0,0,0,0,0,0,0,0,0,0.0117711912722838,0,0,0,0,0,0,0,0,0,0,0,0,0,0,0,0,0,0,0,0,0,0,0,0,0,0,0,0,0,0,0,0,0,0,0,0,0,0,0,0,0,0,0,0,0,0
0.000999822247261859,0.675719372634778,-0.0138642038205287,0,0,0,0,0,0,0,0,0,0,0,0,0,0,0.0471227042221454,0,0,0,0,0,0,0,0,0,0,0,0,0,0,0,0,0,0,0,0,0,0,0,0,0,0.0279704659017787,0,0,0,0,0,0,0,0,0,0,0,0,0,0,0,0,0,-0.00348800951212285,0,0,0,0,0,0,0,0,0,0,0,0,0,0,0,0,-0.00934861525138033,0,0,0.0131110458679252,0,0,0,0,0,0,0,0,0,0,0,0,0,0,0,0,0,0,0,0,0,0,0,0,0,0,0,-0.0011906020092285,0,0,0,0,0,0,0,0,0,0,0,0,0,0,0,0,0,0,0,0,0,0,0,0,0,0,0,0,0,0,0.0143091173955682,0,0,0,0,0,0,0,0,0,0,0,0,0,0,0,0,0,0,0,0,0,0,0,0,0,0,0,0,0,0,0,0,0,0,0,0,0,0,0,0,0,0,0,0,0,0
NA,NA,NA,NA,NA,NA,NA,NA,NA,NA,NA,NA,NA,NA,NA,NA,NA,NA,NA,NA,NA,NA,NA,NA,NA,NA,NA,NA,NA,NA,NA,NA,NA,NA,NA,NA,NA,NA,NA,NA,NA,NA,NA,NA,NA,NA,NA,NA,NA,NA,NA,NA,NA,NA,NA,NA,NA,NA,NA,NA,NA,NA,NA,NA,NA,NA,NA,NA,NA,NA,NA,NA,NA,NA,NA,NA,NA,NA,NA,NA,NA,NA,NA,NA,NA,NA,NA,NA,NA,NA,NA,NA,NA,NA,NA,NA,NA,NA,NA,NA,NA,NA,NA,NA,NA,NA,NA,NA,NA,NA,NA,NA,NA,NA,NA,NA,NA,NA,NA,NA,NA,NA,NA,NA,NA,NA,NA,NA,NA,NA,NA,NA,NA,NA,NA,NA,NA,NA,NA,NA,NA,NA,NA,NA,NA,NA,NA,NA,NA,NA,NA,NA,NA,NA,NA,NA,NA,NA,NA,NA,NA,NA,NA,NA,NA,NA,NA,NA,NA,NA,NA,NA,NA,NA,NA,NA,NA,NA,NA,NA,NA,NA,NA,NA,NA,NA,NA
0.000841929745965265,0.590395150205565,-0.015748863845785,0,0,0,0,0,0,0,0,-0.00891008315618391,0,0,0,0,0,0.0780766319117571,0,0,0,0,0,0,0,0.0538118701938405,0,-0.0205507059420695,0,0.00127277659837651,0,0,0,0,0,0,0,0,0,0,0,0,0,0.0658312753258176,0,0,0,0,0,0,0,0,-0.00967006749908764,-0.0158839993800733,0,0,0,0,0,0,0,-0.0424149259252613,-0.0326273833076518,0,0,-0.0072824632628419,-0.0355372939079387,0,-0.00257790568014486,0,-0.0115990479901208,0,0,0,0,0,0,0,-0.00346083729958629,0,0,0.0871502329278152,0,0,-0.0092313384105301,0,0,0,0,-0.0187326524736707,-0.00344852963997198,0,0,0,0,0,0,0,0,0,0,-0.00280294931821152,-0.00501166815575684,0,0,0,0,0,0,-0.00920525011391462,0,0,0,0,0,0,0,0,0,0,0,0,0,0,0,0,0,0,0,0,0.00794534766234244,0,0,0,0,0,0,0,0,0,0.0155750018134371,0,0,0,0,0,0,0,0.0296850785145724,-0.0422803163475642,0,0,0,0,0,0,0,0,0,0,0,0,0,0,0,0.0107598936930531,0,0,0,0,0,0,0,0,0,0,0,0,0,0,-0.0265487440243343,0,0,0,0,0,0
NA,NA,NA,NA,NA,NA,NA,NA,NA,NA,NA,NA,NA,NA,NA,NA,NA,NA,NA,NA,NA,NA,NA,NA,NA,NA,NA,NA,NA,NA,NA,NA,NA,NA,NA,NA,NA,NA,NA,NA,NA,NA,NA,NA,NA,NA,NA,NA,NA,NA,NA,NA,NA,NA,NA,NA,NA,NA,NA,NA,NA,NA,NA,NA,NA,NA,NA,NA,NA,NA,NA,NA,NA,NA,NA,NA,NA,NA,NA,NA,NA,NA,NA,NA,NA,NA,NA,NA,NA,NA,NA,NA,NA,NA,NA,NA,NA,NA,NA,NA,NA,NA,NA,NA,NA,NA,NA,NA,NA,NA,NA,NA,NA,NA,NA,NA,NA,NA,NA,NA,NA,NA,NA,NA,NA,NA,NA,NA,NA,NA,NA,NA,NA,NA,NA,NA,NA,NA,NA,NA,NA,NA,NA,NA,NA,NA,NA,NA,NA,NA,NA,NA,NA,NA,NA,NA,NA,NA,NA,NA,NA,NA,NA,NA,NA,NA,NA,NA,NA,NA,NA,NA,NA,NA,NA,NA,NA,NA,NA,NA,NA,NA,NA,NA,NA,NA,NA
0.000633336986638955,0.622813871545375,-0.00463586337185024,0,0,0,0,0,0,0,0,-0.0403611912825435,0,0,0,0,0,0.0509346817216182,0,0,0,0,0,0,0,0,0,-0.0163535434241742,0,0,0,0,0,0,0,0,0,0,0,0,0,0,0,0.0769162995950052,0,0,0,0,0,0,0,-0.00539478450297561,-0.00529858883723633,0,0,0,0,0,0,0,-0.00188742100669156,-0.0252446074184396,0,0,0,0,0,0,0,0,-0.00589660244712112,0,0,0,0,0,0,0,-0.0220750255950604,0,0,0.0288147114373751,0,0,0,0,0,0,-0.0110639963267606,-0.00342385036027894,0,-0.0202609163000811,0,0,0,0,0,0,0,0,0,0,-0.008670930823106,0,0,0,0,0,0,0,0,0,0,0,0,0,0,0,0,0,0,0,0,0,0,0,0,0,0,0,0,0,0,0,0,0,0,0,0,0,0.0267180491305514,0,0,0,0,0,0,0,0.0270084110810239,-0.0144586169066842,0,0,0,0,0,0,0,0,0,0,0,0,0,0,0,0,0,0,0,0,0,-0.00858458079432237,0,0,0,0,0,0,0,0,-0.0111418898038681,0,0,0,0,0,0
NA,NA,NA,NA,NA,NA,NA,NA,NA,NA,NA,NA,NA,NA,NA,NA,NA,NA,NA,NA,NA,NA,NA,NA,NA,NA,NA,NA,NA,NA,NA,NA,NA,NA,NA,NA,NA,NA,NA,NA,NA,NA,NA,NA,NA,NA,NA,NA,NA,NA,NA,NA,NA,NA,NA,NA,NA,NA,NA,NA,NA,NA,NA,NA,NA,NA,NA,NA,NA,NA,NA,NA,NA,NA,NA,NA,NA,NA,NA,NA,NA,NA,NA,NA,NA,NA,NA,NA,NA,NA,NA,NA,NA,NA,NA,NA,NA,NA,NA,NA,NA,NA,NA,NA,NA,NA,NA,NA,NA,NA,NA,NA,NA,NA,NA,NA,NA,NA,NA,NA,NA,NA,NA,NA,NA,NA,NA,NA,NA,NA,NA,NA,NA,NA,NA,NA,NA,NA,NA,NA,NA,NA,NA,NA,NA,NA,NA,NA,NA,NA,NA,NA,NA,NA,NA,NA,NA,NA,NA,NA,NA,NA,NA,NA,NA,NA,NA,NA,NA,NA,NA,NA,NA,NA,NA,NA,NA,NA,NA,NA,NA,NA,NA,NA,NA,NA,NA
0.000781303631580414,0.712928013506417,-0.0169837604393744,0,0,0,0,0,0,0,0,0,0,0,0,0,0,0.0525791161191302,0,0,0,0,0,0,0,0.00567275432883073,0,-0.00307425660426908,0,0,0,0,0,0,0,0,0,0,0,0,0,0,0,0,0,0,0,0,0,0,0,-0.0160820151516068,0,0,0,0,-0.0329591252499124,0,0,0,0,0,0,0,0,0,-0.000590889765475475,0,0,0,-0.00456457651938964,0,0,0,0,0,0,0,-0.0117142003027969,0,0,0.0357264329567712,0,0,-0.0112155780296648,-0.0105124802384883,0,0,-0.00604934679636609,0,0,0,0,0,0,0,0,0,0,-0.00211780864891088,0,0,0,0,0,0,0,0,0,-0.00306350075155809,0,0,0,0,0,0,0,0,0,0,0,0,0,0,0,0,0,0,0,0,0,0,0,0,0,0,0,0,0,0,0.0105689763959786,0,0,0,0,0,0,0,0,0,0,0,0,0,-0.00389660591797098,0,0,0,0,0,0,0,0,0,0,0,0,0,0,0,0,0,0,0,0,-0.00411711467367447,0,0,0,0,-0.0148618778282648,0,0,0,0,0,0
0.000448951144813191,0.58590445180878,-0.021775442474343,0,0,0,0,0,0,0,0,-0.0386499033077593,0,0,0,0,0,0.0357879358571607,0,0,0,0,0,0,0,0,0,0,0,0,0,0,0,0,0,0,0,0,0,0,0,0,0,0.00783840249070177,0,0,0,0,0,0,0,-0.00250988499236288,0,-0.00181858336954519,0,0,0,0,0,0,0,-0.0061038955610043,0,0,0,0,0,0,0,0,0,0,0,0,0,0,0,0,-0.00704383552090068,0,0,0,0,0,0,0,0,0,0,0,0,0,0,0,-0.00201341452668117,0,0,0,0,0,0,0,0,0,0,0,0,0,0,-0.00919185850926701,0,0,0,0,0,0,0,0,0,0,0,0,0,0,0,0,0,0,0,0,0,0,0,0,0,0,0,0,0,0,0,0,0,0,0,0,0,0,0,0,0,0,0,0,0,0,0,0,0,0,0,0,0,0,0,0,0,0,0,0,0,0,0,0,0,0,0,0,0,0,0,0,0,0,-0.00234421609749067,0,0
-0.00116755815597989,0.363749598284389,-0.0868371930617691,0,0,0,0,0,0,0,0,-0.0470113472495827,0,0,0,0,0,0.0542495788686869,0,0,0,0.108618978459697,0,0,-0.0111378102027086,0.0037956140119304,0,0,0,0,0,0,0,0,0,0,0,0,0,0.0121454348376712,0,0,0,0.162416711203228,0,0,0,0,0,0,0,0,-0.0115048952822519,0,0,0,-0.0169384298812758,0,0,-0.00179598912206544,-0.0168699677179654,-0.0209253532148742,-0.0158539901369978,0,0,-0.0015450741729003,0,0,0,0,-0.0161343055314262,0,0,0,0,0,0,0,-0.0396447787307736,-0.000737766582041728,0,0,0,-0.0143488864706616,-0.000439988987892407,-0.00845846849137393,0,0,-0.0386079856117857,-0.000412487034882068,0,-0.02622503167117,0,0,0,0,0,0,-0.0226746279725768,0,0,0,-0.0139056837703641,0,0,0,-0.000230502776892369,0,0,-0.0230597549866334,0,0,0,0,0,0,0,0,0,0.0258481759842163,0,-0.02894982497025,0,0,0.00377979879528779,0,-0.00250024296720104,0,0,0,0.0782028867079759,0,0,0,0,0,0,0,0,0,0.0529510543214697,-0.00962536269069981,0,0,0,0,0,0,0.0922455128966102,-0.0218833336035898,0,0,0,0,0,0,0.022694818451007,0,0,0,0,0,0,0,0,0,0,0,0,0,0,-0.0081729345712435,0,0,0,-0.00507201764857445,0,0,0,0,-0.0117969712876049,0,0,0,0.0244683620674121,0,0
0.00154411919088012,0.945946100349491,-0.0187192555855732,0,0,0,0,0,0,0,0,-0.00183591126870877,0,0,0,0,0,0.00206308597974512,0,0,0,0,0,0,0,0,0,-0.00169696028739558,0,0,0,0,0,0,0,0,0,0,0,0,0,0.0110443431704142,0,0,0,0,0,0,0,0,0,-0.00925807065692227,0,-0.00539311628902821,0,0,-0.0028974509831049,0,0,0,-0.0128117108540213,0,0,0,0,0,0,0,0,0,0,0,0,0,0,0,0,0,-0.00776012012810575,0,0,0.00623392228738907,0,0,0,0,0,0,0,0,-0.0158300959291612,-0.0363450625880341,0,0,0,0,0,0,0,0,0,0,-0.00827752954380234,0,0,0,0,0,0,0,0,0,0,0,0,0,0,0,0,0,0,0,0,0,0,0,0,-0.00462832518590775,0,0,0,0,0,0,0,0,0,0,0,0,0.010031175631726,0,0,0,0,0,0,0,0.0138926801215945,0,0,0,0,0,0,0,0,0,0,0,0,0,0,0,0,0,0,0,0,0,0,0,0,0,0,0,0,0,0,0,-0.017397240835823,0,0,0,0,0,0
0.000494059871761744,0.702394726929841,-0.0349017296745834,0,0,0,0,0,0,0,0,0,0,0,0,0,0,0.00745584730686009,0,0,0,0.0492076250103712,0,0,0,0,0,0,0,0,0,0,0,0,0,0,0,0,0,0,0,0,0,0.035411409788252,0,0,0,0,0,0,0,0,0,0,0,0,-0.00937952077644069,0,0,0,0,-0.00632518038907531,0,0,0,-0.00111113035115517,0,0,0,0,0,0,0,0,0,0,0,0,-0.000942694777007129,0,0,0,0,-0.00310599851416946,-0.00262913806080399,0,0,0,-0.0323014474484452,0,0,0,0,0,0,0,0,0,0,0,0,0,0,0,0,0,0,0,0,0,0,0,0,0,0,0,0,0,0,0,0,0,0,0,0,0,0,0,0,0,0,0,0,0,0,0,0,0,0,0,0.0146629932541277,0,0,0,0,0,0,0,0,0,0,0,0,0,0,0,0,0,0,0,0,0,0,0,0,0,0,0,0,0,0,0,0,0,0,0,0,0,0,0,0,0,0,0,0,0,0
-0.000737564005600473,0.627697534647556,-0.050071236953111,0,0,0.0683947906679056,0,0,0,0,-0.023921727294531,-0.0787509469121508,0,0.0396270460351601,0,0,0,0.057784383380225,0,0,0,0,0,-0.00796415732647674,0,0.00775513005201943,0,-0.0883066186702181,0.0239973215081479,0.0249212722466268,0,-0.0283458217106241,0,0,-0.00313017062997367,-0.00874376749358744,0,0,0,0,0,0,0,0,0,0,0,0,0,0,0,-0.0152716231314046,-0.0203075659711532,-0.0362079262010084,0,0,-0.0379963627464139,0,0,-0.038858311603014,0,-0.0145383610294475,0,-0.0135428340744643,0,-0.0203212438731998,0,-0.0117725872534657,-0.0241024819838069,0,0,0,0,0,0,0,0,0,0,0,0,0.106815971122728,0,-0.0439952736470101,-0.00269370798206024,0,0,0,-0.0494721337463105,0,0,0,0.0227086247241331,0,-0.000596033943952823,0,0,0,0,0,0,0,0,0,0,0,-0.00519288415731091,0,0,0,0,0,0,0,0,0,0,-0.0241075729236089,0,0,0,0,0,0,0,0,0,0,0,0.0566447884741789,0.0795728662619935,0,0,0,0,0,0.0131738244199778,0,0,0,0.0406350639625213,0,0,0,0,0,0,0,0,0,0,0.0685557340284537,0,0,-0.0816035317914383,-0.00365293404309667,0,0,0,0,0,0,0,0,0,0,0,0,0,0,-0.0435692947637364,-0.0184641713796196,0,0,0,0,0,0,0,0,-0.0488628035029824,0,0,0,-0.00755656270012244,0,0
0.000290449422822216,0.728489951615334,-0.0139360499967286,0,0,0.0231416563832182,0,0,0,0,-0.020455641508533,-0.0242399438445671,0,0,0,0,0,0.0635707759849286,0,0,0,0,0,0,0,0.0221562802713958,0,-0.0211651626593172,0,0.00407106722915486,0,0,0,0,0,0,0,0,0,0,0.0109611698722371,0,0,0,0,0,0,0,0,0,0,-0.0137278252769314,-0.00781057248872106,-0.00363310639281202,0,0,-0.0324016276450374,0,0,-0.00513116579827805,0,-0.00323597221985379,0,0,0,-0.000216206365165571,0,0,-0.0195019282426826,0,0,0,0,0,0,0,0,0,-0.0145174214907076,0,0,0.0551534563887122,0,-0.0200239238832115,-0.0152003183778143,0,0,0,-0.0244393294444833,0,0,0,0,0,-0.0205844048840541,0,0,0,0,0,0,0,0,0,0,0,0,0,0,0,0,0,0,0,0,0,0,0,0,0,0,0,0,0,0,0,0,0,0,0,0,0,0,0,0,0,0,0,0,0,0,0,0,0,0,0,0,0,0,0,0,0,0,0,-0.0229361290941192,0,0,0,0,0,0,0,0,0,0,0,0,0,0,0,0,-0.017247249903324,0,0,0,0,0,0,0,0,0,0,0,0,-0.00313412343340898,0,0
0.000435048481360788,0.686877839583721,-0.00896628948703454,0,0,0,0,0,0,0,0,-0.0405753937241595,0,0,0,0,0,0.0667887515936936,0,0,0,0,0,0,0,0,0,-0.00134062028439129,0,0,0,0,0,0,0,0,0,0,0,0,0,0,0,0,0,0,0,0,0,0,0,0,-0.0110388114631357,-0.00545109036918846,0,0,-0.0156684700256131,0,0,0,0,-0.00168150441402653,0,0,0,-0.00269640430131842,0,0,0,0,0,0,0,0,0,0,0,0,0,0,0,0,0,0,0,0,0,0,-0.00216267691909621,0,0,0,0.0141498001757707,0,-0.000239030840757576,0,0,0,0,-0.00814539075501388,0,0,0,0,0,0,0,0,0,-0.00845510278687415,0,0,0,0,0,0,0,0,0,0,0,0,0,0,0,0,0,0,0,0,0,0,0,0,0,0,0,0,0,0,0.0120140749244586,0,0,0,0,0,0,0,0,0,0,0,0,0,0,0,0,0,0,0,0,0,0,0,0,0,0,0,0,0,0,-0.00322193638754748,0,0,0,0,0,0,0,0,-0.00519348208673973,0,0,0,0,0,0
0.000217207262102923,0.650417920736793,-0.0176458653932537,0,0,0,0,0,0,0,0,-0.00156906479410454,0,0,0,0,0,0.0366352983333496,0,0,0,0,0,-0.0164199172455827,0,0,0,-0.0272505411254397,0,0,0,0,0,0,0,0,0,0,0,0,0,0,0,0.0250836710371804,0,0,0,0,0,0,0,-0.00892772684687571,-0.0176092633232185,-0.0124207864360381,0,0,-0.0241055800842738,0,0,0,0,-0.0146065892296598,0,0,0,0,0,0,0,0,-0.00287892622260327,0,0,0,0,0,0,0,0,0,0,0,0,0,-0.0158755005991165,0,0,0,0,0,0,0,0,0,0,0,0,0,0,0,0,0,-0.0118315031453086,0,0,0,0,0,0,0,0,0,0,0,0,0,0,0,0,0,0,0,0,0,0,0,0,-0.0086612557642658,0,0,0,0,0,0,0,0,0,0,0,0,0,0,0,0,0,0,0,0,0,0,0,0,0,0,0,0,0,0,0,0,0,0,0,0,0,0,0,0,0,0,0,0,0,0,0.0123386957969049,0,0,0,0,0,0,0,0,0.00229358674627455,0,0,0
-0.000181621543930535,0.658979593607411,-0.0169216350471024,0,0,0,0,0,0,0,0,0,0,0,0,0,0,0.0168971751215655,0,0,0,0,0,0,0,0,0,0,0,0,0,0,0,0,0,0,0,0,0,0,0,0,0,0.0167390686797535,0,0,0,0,0,0,0,0,0,0,0,0,0,0,0,0,0,0,0,0,0,0,0,0,0,0,0,0,0,0,0,0,0,0,0,0,0,0,0,0,0,0,0,0,0,0,0,0,0,0,0,0,0,0,0,0,0,0,0,0,0,0,0,0,0,0,0,0,0,0,0,0,0,0,0,0,0,0,0,0,0,0,0,-0.00276455914881677,0,0,0,0,0,0,0,0,0,0,0,0,0.016873062509441,0,0,0,0,0,0,0,0,0,0,0,0,0,0,0,0,0,0,0,0,0,0,0,0,0,0,0,0,0,0,0,0,0,0,0,0,0,0,0,0,0,0,0,0,0,0
0.000256503707105317,0.572126864030622,-0.0218204575012353,0,0,0,0,0,0,0,0,-0.0212640917200011,0,0,0,0,0,0.0668276380434934,0,0,0,0,0,-0.00367186448449385,0,0,0,-0.0301123907991402,0,0,0,0,0,0,0,0,0,0,0,0,0,0,0,0.0537335339673383,0,0,0,0,0,0,0,-0.000964625327678438,-0.00841308574926843,0,0,0,0,0,0,0,0,-0.0173355334959713,0,0,0,0,0,0,0,0,0,0,0,0,0,0,0,0,-0.0275126480483793,0,0,0,0,0,-0.0150635571688325,0,0,0,0,0,0,0,0,0,0,0,0,0,0,0,0,0,-0.00841713816496087,0,0,0,0,0,0,0,0,0,0,0,0,0,0,0,0,0,0,0,0,0,0,0,0,-0.000792427250479772,0,0,0,0,0,0,0,0,0,0,0,0,0.00739990398603969,0,0,0,0,0,0,0,0,0,0,0,0,0,0,0,0,0,0,0,0,0,0,0,0,0,0,0,0,0,0,0,0,0,0,0,0,0,0,0,0,0,0,0,0,0,0
0.000304375617021691,0.472283635048154,0,0,0,0.00854940752499686,0,0,0,0,0,-0.0366103338096306,0,0,0,0,0,0.0519238603772751,0,0,0,0,0,0,0,0,0,0,0,0.00810098431234489,0,0,0,0,0,0,0,0,0,0,0,0,0,0.053153169966314,0,0,0,0,0,0,0,-0.00751512778144714,0,0,0,0,-0.0309009698270247,0,0,0,-0.00506655827063276,-0.0136046560638788,-0.0544193173779928,0,0,0,-0.0022151733848503,0,0,0,0,0,0,0,0,0,0,0,-0.0197665947959876,0,0,0.0499652932975761,-0.000505726102780847,0,-0.00930660918898663,0,0,0,0,0,0,0,0,0,-0.00540199801796486,0,0,0,0,-0.0115445917044926,0,0,0,0,0,0,0,0,0,0,0,0,0,0,0,0,0,0,0,0,0,0,0,0,0,0,0,0,0,0,0,0,0,0,0,0,0,0,0,0,0.000434392390231288,0,0,0,0,0,0,0,0,0,0,0,0,0,0,0,0,0,0,0,0,0,0,0,0,0,0,0,0,0,0,0,0,0,0,-0.00675075049547465,0,0,0,0,0,0,0,0,0,0,0
0.000373668819875783,0.762915812332544,-0.0162431540111671,0,0,0,0,0,0.0123284406693416,0.00661682878980861,0,0,0,0,0,0,0,0.0688929737554537,0,0,0,0,0,0,0,0,0,-0.0607539261743187,0,0,0,0,0,0,0,-0.00952277237240865,0,0,0,0,0,0,0,0,0,0,0,0,0,0,0,0,-0.0331717771622348,-0.00753678016832277,0,0,0,0,0,0,-0.00272059838929624,-0.000768666504063406,0,0,0,0,0,-0.00802843858093765,0,0,0,0,0,0,0,0,0,0,-0.000568540381935118,0,0,0.014813494205142,-0.00143163363492837,0,-0.0331418494560895,0,0,0,0,0,0,0,0,0,0,0,0,0,0,0,0,-0.0336184043132272,0,0,0,0.00342795615757684,0,0,0,-0.0323830863238322,0,0,0,0,0,0,0,0,0,0,0,0,0,0,0,0,0,-0.0392697622759591,0,0,0,0,0,0,-0.00665495914585044,0,0,0,0,0,0,0,0,0,0,-0.00386976971991925,0,0,0.0197196448314566,-0.00113896319322683,0,0,0,0,-0.00220510497666011,0,0,0,0,-0.00238434515088424,0,0,0,0,0,0,0,0,0,0,0,0,0,0,0,0,0,0,0,0,-0.0167921018588158,0,0,0,0,0,0
0.00038261179457116,0.70238585944747,-0.00357961328589107,0,0,0.00235072636509049,0,0,0,0,0,0,0,0,0,0,0,0.0614663922385193,0,0,0,0,0,0,0,0,0,-0.00624893093792734,0,0,0,0,0,0,0,0,0,0,0,0,0,0,0,0,0,0,0,0,0,0,0,0,0,0,0,0,-0.00897619742070995,0,0,0,0,-0.00622598347468089,0,0,0,0,0,0,0,0,0,0,0,0,0,0,0,0,-0.00662356845315687,0,0,0.00210930914777596,0,0,-0.0134444181153904,0,0,0,-0.0110269044432964,0,0,0,0,0,0,0,0,0,0,0,0,0,0,0,0,0,0,0,0,0,0,0,0,0,0,0,0,0,0,0,0,0,0,0,0,0,0,0,0,0,0,0,0,0,0,0,0,0,0,0,0.0111774925150494,0,0,0,0,0,0,0,0,0,0,0,0,0,0,0,0,0,0,0,0,0,0,0,0,0,0,0,0,0,0,-0.000476291161002285,0,0,0,0,0,0,0,0,0,0,0,0,0,0,0
-0.000748100599137061,0.508826696165776,-0.0129373482186979,0,0,0,0,0,0,0,0,0,0,0,0,0,0,0.0195665790607077,0,0,0,0,0,0,0,0,0,0,0,0,0,0,0,0,0,0,0,0,0,0,0,0,0,0,0,0,0,0,0,0,0,0,0,0,0,0,0,0,0,0,0,0,0,0,0,0,0,0,0,0,0,0,0,0,0,0,0,0,0,0,0,0,0,0,0,0,0,0,0,0,0,0,0,0,0,0,0,0,0,-0.00691473041046939,0,0,0,0,0,0,0,0,0,0,0,0,0,0,0,0,0,0,0,0,0,0,0,0,0,0,0,0,0,0,0,0,0,0,0,0,0,0,0,0,0.0108233616473219,0,0,0,0,0,0,0,0,0,0,0,0,0,0,0,0,0,0,0,0,0,0,0,0,0,0,0,0,0,0,0,0,0,0,0,0,0,0,0,0,0,0,0,0,0,0
-0.000121626611291637,0.720297073623171,-0.00385522605767782,0,0,0,0,0,0,0,0,0,0,0,0,0,0,0.00393384144979525,0,0,0,0,0,0,0,0,0,0,0,0,0,0,0,0,0,0,0,0,0,0,0,0,0,0,0,0,0,0,0,0,0,0,0,0,0,0,0,0,0,0,0,0,0,0,0,0,0,0,0,0,0,0,0,0,0,0,0,0,0,0,0,0,0,0,0,0,0,0,0,0,0,0,0,0,0,0,0,0,0,0,0,0,0,0,0,0,0,0,0,0,0,0,0,0,0,0,0,0,0,0,0,0,0,0,0,0,0,0,0,0,0,0,0,0,0,0,0,0,0,0,0,0,0,0,0,0,0,0,0,0,0,0,0,0,0,0,0,0,0,0,0,0,0,0,0,0,0,0,0,0,0,0,0,0,0,0,0,0,0,0,0,0,0,0,0,0,0
0.00017131239181057,0.710831536630554,-0.0117857641567999,0,0,0,0,0,0,0,0,0,0,0,0,0,0,0.00558006469636332,0,0,0,0,0,0,0,0,0,0,0,0,0,0,0,0,0,0,0,0,0,0,0,0,0,0,0,0,0,0,0,0,0,0,0,0,0,0,0,0,0,0,0,0,0,0,0,0,0,0,0,0,0,0,0,0,0,0,0,0,0,0,0,0,0,0,0,0,0,0,0,0,0,0,0,0,0,0,0,0,0,0,0,0,0,0,0,0,0,0,0,0,0,0,0,0,0,0,0,0,0,0,0,0,0,0,0,0,0,0,0,0,0,0,0,0,0,0,0,0,0,0,0.019164915234848,0,0,0,0,0,0,0,0,0,0,0,0,0,0,0,0,0,0,0,0,0,0,0,0,0,0,0,0,0,0,0,0,0,0,0,0,0,0,0,0,0,0,0,0,0,0
0.000651463010860142,0.783533950771191,-0.00636406799065137,0,0,0,0,0,0,0,0,0,0,0,0,0,0,0.0181808432970322,0,0,0,0,0,0,0,0,0,0,0,0,0,0,0,0,0,0,0,0,0,0,0,0,0,0.0109138392507707,0,0,0,0,0,0,0,0,0,0,0,0,0,0,0,0,0,0,0,0,0,0,0,0,0,0,0,0,0,0,0,0,0,0,0,0,0,0,0,0,0,0,0,0,0,0,0,0,0,0,0,0,0,0,0,0,0,0,0,0,0,0,0,0,0,0,0,0,0,0,0,0,0,0,0,0,0,0,0,0,0,0,0,0,0,0,0,0,0,0,0,0,0,0,0,0,0,0,0,0,0,0,0,0,0,0,0,0,0,0,0,0,0,0,0,0,0,0,0,0,0,0,0,0,0,0,0,0,0,0,0,0,0,0,0,0,0,0,0,0,0,0,0
0.0000189144665992138,0.764120363795205,0,0,0,0,0,0,0,0,0,0,0,0,0,0,0,0,0,0,0,0,0,0,0,0,0,0,0,0,0,0,0,0,0,0,0,0,0,0,0,0,0,0,0,0,0,0,0,0,0,0,0,0,0,0,0,0,0,0,0,0,0,0,0,0,0,0,0,0,0,0,0,0,0,0,0,0,0,0,0,0,0,0,0,0,0,0,0,0,0,0,0,0,0,0,0,0,0,0,0,0,0,0,0,0,0,0,0,0,0,0,0,0,0,0,0,0,0,0,0,0,0,0,0,0,0,0,0,0,0,0,0,0,0,0,0,0,0,0,0,0,0,0,0,0,0,0,0,0,0,0,0,0,0,0,0,0,0,0,0,0,0,0,0,0,0,0,0,0,0,0,0,0,0,0,0,0,0,0,0,0,0,0,0,0,0
-0.0000523973703689664,0.773031181133855,0,0,0,0,0,0,0,0,0,0,0,0,0,0,0,0,0,0,0,0,0,0,0,0,0,0,0,0,0,0,0,0,0,0,0,0,0,0,0,0,0,0,0,0,0,0,0,0,0,0,0,0,0,0,0,0,0,0,0,0,0,0,0,0,0,0,0,0,0,0,0,0,0,0,0,0,0,0,0,0,0,0,0,0,0,0,0,0,0,0,0,0,0,0,0,0,0,0,0,0,0,0,0,0,0,0,0,0,0,0,0,0,0,0,0,0,0,0,0,0,0,0,0,0,0,0,0,0,0,0,0,0,0,0,0,0,0,0,0,0,0,0,0,0,0,0,0,0,0,0,0,0,0,0,0,0,0,0,0,0,0,0,0,0,0,0,0,0,0,0,0,0,0,0,0,0,0,0,0,0,0,0,0,0,0
-0.000119888271630049,0.763169622497127,0,0,0,0,0,0,0,0,0,0,0,0,0,0,0,0.00189679057139789,0,0,0,0,0,0,0,0,0,0,0,0,0,0,0,0,0,0,0,0,0,0,0,0,0,0,0,0,0,0,0,0,0,0,0,0,0,0,0,0,0,0,0,0,0,0,0,0,0,0,0,0,0,0,0,0,0,0,0,0,0,0,0,0,0,0,0,0,0,0,0,0,0,0,0,0,0,0,0,0,0,0,0,0,0,0,0,0,0,0,0,0,0,0,0,0,0,0,0,0,0,0,0,0,0,0,0,0,0,0,0,0,0,0,0,0,0,0,0,0,0,0,0,0,0,0,0,0,0,0,0,0,0,0,0,0,0,0,0,0,0,0,0,0,0,0,0,0,0,0,0,0,0,0,0,0,0,0,0,0,0,0,0,0,0,0,0,0,0
-0.0000936956521668834,0.75423352833132,-0.000207215431960752,0,0,0,0,0,0,0,0,0,0,0,0,0,0,0,0,0,0,0,0,0,0,0,0,0,0,0,0,0,0,0,0,0,0,0,0,0,0,0,0,0,0,0,0,0,0,0,0,0,0,0,0,0,0,0,0,0,0,0,0,0,0,0,0,0,0,0,0,0,0,0,0,0,0,0,0,0,0,0,0,0,0,0,0,0,0,0,0,0,0,0,0,0,0,0,0,0,0,0,0,0,0,0,0,0,0,0,0,0,0,0,0,0,0,0,0,0,0,0,0,0,0,0,0,0,0,0,0,0,0,0,0,0,0,0,0,0,0,0,0,0,0,0,0,0,0,0,0,0,0,0,0,0,0,0,0,0,0,0,0,0,0,0,0,0,0,0,0,0,0,0,0,0,0,0,0,0,0,0,0,0,0,0,0
0.000149927339491023,0.752288029169594,-0.00617295346355445,0,0,0,0,0,0,0,0,0,0,0,0,0,0,0.00224394915241219,0,0,0,0,0,0,0,0,0,0,0,0,0,0,0,0,0,0,0,0,0,0,0,0,0,0,0,0,0,0,0,0,0,0,0,0,0,0,0,0,0,0,0,0,0,0,0,0,0,0,0,0,0,0,0,0,0,0,0,0,0,0,0,0,0,0,0,0,0,0,0,0,0,0,0,0,0,0,0,0,0,0,0,0,0,0,0,0,0,0,0,0,0,0,0,0,0,0,0,0,0,0,0,0,0,0,0,0,0,0,0,0,0,0,0,0,0,0,0,0,0,0,0.00159268402847414,0,0,0,0,0,0,0,0,0,0,0,0,0,0,0,0,0,0,0,0,0,0,0,0,0,0,0,0,0,0,0,0,0,0,0,0,0,0,0,0,0,0,0,0,0,0
0.0000532709417456452,0.712119320655635,-0.0117215081019566,0,0,0,0,0,0,0,0,0,0,0,0,0,0,0.00187780963981941,0,0,0,0,0,0,0,0,0,0,0,0,0,0,0,0,0,0,0,0,0,0,0,0,0,0,0,0,0,0,0,0,0,0,0,0,0,0,0,0,0,0,0,0,0,0,0,0,0,0,0,0,0,0,0,0,0,0,0,0,0,0,0,0,0,0,0,0,0,0,0,0,0,0,0,0,0,0,0,0,0,0,0,0,0,0,0,0,0,0,0,0,0,0,0,0,0,0,0,0,0,0,0,0,0,0,0,0,0,0,0,0,0,0,0,0,0,0,0,0,0,0,0.00635505033494082,0,0,0,0,0,0,0,0,0,0,0,0,0,0,0,0,0,0,0,0,0,0,0,0,0,0,0,0,0,0,0,0,0,0,0,0,0,0,0,0,0,0,0,0,0,0
NA,NA,NA,NA,NA,NA,NA,NA,NA,NA,NA,NA,NA,NA,NA,NA,NA,NA,NA,NA,NA,NA,NA,NA,NA,NA,NA,NA,NA,NA,NA,NA,NA,NA,NA,NA,NA,NA,NA,NA,NA,NA,NA,NA,NA,NA,NA,NA,NA,NA,NA,NA,NA,NA,NA,NA,NA,NA,NA,NA,NA,NA,NA,NA,NA,NA,NA,NA,NA,NA,NA,NA,NA,NA,NA,NA,NA,NA,NA,NA,NA,NA,NA,NA,NA,NA,NA,NA,NA,NA,NA,NA,NA,NA,NA,NA,NA,NA,NA,NA,NA,NA,NA,NA,NA,NA,NA,NA,NA,NA,NA,NA,NA,NA,NA,NA,NA,NA,NA,NA,NA,NA,NA,NA,NA,NA,NA,NA,NA,NA,NA,NA,NA,NA,NA,NA,NA,NA,NA,NA,NA,NA,NA,NA,NA,NA,NA,NA,NA,NA,NA,NA,NA,NA,NA,NA,NA,NA,NA,NA,NA,NA,NA,NA,NA,NA,NA,NA,NA,NA,NA,NA,NA,NA,NA,NA,NA,NA,NA,NA,NA,NA,NA,NA,NA,NA,NA
-0.000331195744440322,0.765481751290668,0,0,0,0,0,0,0,0,0,0,0,0,0,0,0,0,0,0,0,0,0,0,0,0,0,0,0,0,0,0,0,0,0,0,0,0,0,0,0,0,0,0,0,0,0,0,0,0,0,0,0,0,0,0,0,0,0,0,0,0,0,0,0,0,0,0,0,0,0,0,0,0,0,0,0,0,0,0,0,0,0,0,0,0,0,0,0,0,0,0,0,0,0,0,0,0,0,0,0,0,0,0,0,0,0,0,0,0,0,0,0,0,0,0,0,0,0,0,0,0,0,0,0,0,0,0,0,0,0,0,0,0,0,0,0,0,0,0,0,0,0,0,0,0,0,0,0,0,0,0,0,0,0,0,0,0,0,0,0,0,0,0,0,0,0,0,0,0,0,0,0,0,0,0,0,0,0,0,0,0,0,0,0,0,0
NA,NA,NA,NA,NA,NA,NA,NA,NA,NA,NA,NA,NA,NA,NA,NA,NA,NA,NA,NA,NA,NA,NA,NA,NA,NA,NA,NA,NA,NA,NA,NA,NA,NA,NA,NA,NA,NA,NA,NA,NA,NA,NA,NA,NA,NA,NA,NA,NA,NA,NA,NA,NA,NA,NA,NA,NA,NA,NA,NA,NA,NA,NA,NA,NA,NA,NA,NA,NA,NA,NA,NA,NA,NA,NA,NA,NA,NA,NA,NA,NA,NA,NA,NA,NA,NA,NA,NA,NA,NA,NA,NA,NA,NA,NA,NA,NA,NA,NA,NA,NA,NA,NA,NA,NA,NA,NA,NA,NA,NA,NA,NA,NA,NA,NA,NA,NA,NA,NA,NA,NA,NA,NA,NA,NA,NA,NA,NA,NA,NA,NA,NA,NA,NA,NA,NA,NA,NA,NA,NA,NA,NA,NA,NA,NA,NA,NA,NA,NA,NA,NA,NA,NA,NA,NA,NA,NA,NA,NA,NA,NA,NA,NA,NA,NA,NA,NA,NA,NA,NA,NA,NA,NA,NA,NA,NA,NA,NA,NA,NA,NA,NA,NA,NA,NA,NA,NA
0.0000207388611301418,0.744415122368393,-0.00253594240911258,0,0,0,0,0,0,0,0,0,0,0,0,0,0,0,0,0,0,0,0,0,0,0,0,0,0,0,0,0,0,0,0,0,0,0,0,0,0,0,0,0,0,0,0,0,0,0,0,0,0,0,0,0,0,0,0,0,0,0,0,0,0,0,0,0,0,0,0,0,0,0,0,0,0,0,0,0,0,0,0,0,0,0,0,0,0,0,0,0,0,0,0,0,0,0,0,0,0,0,0,0,0,0,0,0,0,0,0,0,0,0,0,0,0,0,0,0,0,0,0,0,0,0,0,0,0,0,0,0,0,0,0,0,0,0,0,0,0,0,0,0,0,0,0,0,0,0,0,0,0,0,0,0,0,0,0,0,0,0,0,0,0,0,0,0,0,0,0,0,0,0,0,0,0,0,0,0,0,0,0,0,0,0,0
NA,NA,NA,NA,NA,NA,NA,NA,NA,NA,NA,NA,NA,NA,NA,NA,NA,NA,NA,NA,NA,NA,NA,NA,NA,NA,NA,NA,NA,NA,NA,NA,NA,NA,NA,NA,NA,NA,NA,NA,NA,NA,NA,NA,NA,NA,NA,NA,NA,NA,NA,NA,NA,NA,NA,NA,NA,NA,NA,NA,NA,NA,NA,NA,NA,NA,NA,NA,NA,NA,NA,NA,NA,NA,NA,NA,NA,NA,NA,NA,NA,NA,NA,NA,NA,NA,NA,NA,NA,NA,NA,NA,NA,NA,NA,NA,NA,NA,NA,NA,NA,NA,NA,NA,NA,NA,NA,NA,NA,NA,NA,NA,NA,NA,NA,NA,NA,NA,NA,NA,NA,NA,NA,NA,NA,NA,NA,NA,NA,NA,NA,NA,NA,NA,NA,NA,NA,NA,NA,NA,NA,NA,NA,NA,NA,NA,NA,NA,NA,NA,NA,NA,NA,NA,NA,NA,NA,NA,NA,NA,NA,NA,NA,NA,NA,NA,NA,NA,NA,NA,NA,NA,NA,NA,NA,NA,NA,NA,NA,NA,NA,NA,NA,NA,NA,NA,NA
-0.000209386914015003,0.776633091187743,0,0,0,0,0,0,0,0,0,0,0,0,0,0,0,0,0,0,0,0,0,0,0,0,0,0,0,0,0,0,0,0,0,0,0,0,0,0,0,0,0,0,0,0,0,0,0,0,0,0,0,0,0,0,0,0,0,0,0,0,0,0,0,0,0,0,0,0,0,0,0,0,0,0,0,0,0,0,0,0,0,0,0,0,0,0,0,0,0,0,0,0,0,0,0,0,0,0,0,0,0,0,0,0,0,0,0,0,0,0,0,0,0,0,0,0,0,0,0,0,0,0,0,0,0,0,0,0,0,0,0,0,0,0,0,0,0,0,0,0,0,0,0,0,0,0,0,0,0,0,0,0,0,0,0,0,0,0,0,0,0,0,0,0,0,0,0,0,0,0,0,0,0,0,0,0,0,0,0,0,0,0,0,0,0
-0.000257691187687884,0.772762392535734,0,0,0,0,0,0,0,0,0,0,0,0,0,0,0,0,0,0,0,0,0,0,0,0,0,0,0,0,0,0,0,0,0,0,0,0,0,0,0,0,0,0,0,0,0,0,0,0,0,0,0,0,0,0,0,0,0,0,0,0,0,0,0,0,0,0,0,0,0,0,0,0,0,0,0,0,0,0,0,0,0,0,0,0,0,0,0,0,0,0,0,0,0,0,0,0,0,0,0,0,0,0,0,0,0,0,0,0,0,0,0,0,0,0,0,0,0,0,0,0,0,0,0,0,0,0,0,0,0,0,0,0,0,0,0,0,0,0,0,0,0,0,0,0,0,0,0,0,0,0,0,0,0,0,0,0,0,0,0,0,0,0,0,0,0,0,0,0,0,0,0,0,0,0,0,0,0,0,0,0,0,0,0,0,0
-0.000279171278361552,0.810865325258351,0,0,0,0,0,0,0,0,0,0,0,0,0,0,0,0,0,0,0,0,0,0,0,0,0,0,0,0,0,0,0,0,0,0,0,0,0,0,0,0,0,0,0,0,0,0,0,0,0,0,0,0,0,0,0,0,0,0,0,0,0,0,0,0,0,0,0,0,0,0,0,0,0,0,0,0,0,0,0,0,0,0,0,0,0,0,0,0,0,0,0,0,0,0,0,0,0,0,0,0,0,0,0,0,0,0,0,0,0,0,0,0,0,0,0,0,0,0,0,0,0,0,0,0,0,0,0,0,0,0,0,0,0,0,0,0,0,0,0,0,0,0,0,0,0,0,0,0,0,0,0,0,0,0,0,0,0,0,0,0,0,0,0,0,0,0,0,0,0,0,0,0,0,0,0,0,0,0,0,0,0,0,0,0,0
-0.000610979134147934,0.750320020618496,0,0,0,0,0,0,0.00528835821694236,0,0,0,0,0,0,0,0,0,0,0,0,0,0,0,0,0,0,0,0,0,0,0,0,0,0,0,0,0,0,0,0,0,0,0,0,0,0,0,0,0,0,0,0,0,0,0,0,0,0,0,0,0,0,0,0,0,0,0,0,0,0,0,0,0,0,0,0,0,0,0,0,0,0,0,0,0,0,0,0,0,0,0,0,0,0,0,0,0,0,0,0,0,0,0,0,0,0,0,0,0,0,0,0,0,0,0,0,0,0,0,0,0,0,0,0,0,0,0,0,0,0,0,0,0,0,0,0,0,0,0,0,0,0,0,0,0,0,0,0,0,0,0,0,0,0,0,0,0,0,0,0,0,0,0,0,0,0,0,0,0,0,0,0,0,0,0,0,0,0,0,0,0,0,0,0,0,0
NA,NA,NA,NA,NA,NA,NA,NA,NA,NA,NA,NA,NA,NA,NA,NA,NA,NA,NA,NA,NA,NA,NA,NA,NA,NA,NA,NA,NA,NA,NA,NA,NA,NA,NA,NA,NA,NA,NA,NA,NA,NA,NA,NA,NA,NA,NA,NA,NA,NA,NA,NA,NA,NA,NA,NA,NA,NA,NA,NA,NA,NA,NA,NA,NA,NA,NA,NA,NA,NA,NA,NA,NA,NA,NA,NA,NA,NA,NA,NA,NA,NA,NA,NA,NA,NA,NA,NA,NA,NA,NA,NA,NA,NA,NA,NA,NA,NA,NA,NA,NA,NA,NA,NA,NA,NA,NA,NA,NA,NA,NA,NA,NA,NA,NA,NA,NA,NA,NA,NA,NA,NA,NA,NA,NA,NA,NA,NA,NA,NA,NA,NA,NA,NA,NA,NA,NA,NA,NA,NA,NA,NA,NA,NA,NA,NA,NA,NA,NA,NA,NA,NA,NA,NA,NA,NA,NA,NA,NA,NA,NA,NA,NA,NA,NA,NA,NA,NA,NA,NA,NA,NA,NA,NA,NA,NA,NA,NA,NA,NA,NA,NA,NA,NA,NA,NA,NA
-0.000376146966948082,0.800560052534251,0,0,0,0,0,0,0,0,0,0,0,0,0,0,0,0,0,0,0,0,0,0,0,0,0,0,0,0,0,0,0,0,0,0,0,0,0,0,0,0,0,0,0,0,0,0,0,0,0,0,0,0,0,0,0,0,0,0,0,0,0,0,0,0,0,0,0,0,0,0,0,0,0,0,0,0,0,0,0,0,0,0,0,0,0,0,0,0,0,0,0,0,0,0,0,0,0,0,0,0,0,0,0,0,0,0,0,0,0,0,0,0,0,0,0,0,0,0,0,0,0,0,0,0,0,0,0,0,0,0,0,0,0,0,0,0,0,0,0,0,0,0,0,0,0,0,0,0,0,0,0,0,0,0,0,0,0,0,0,0,0,0,0,0,0,0,0,0,0,0,0,0,0,0,0,0,0,0,0,0,0,0,0,0,0
NA,NA,NA,NA,NA,NA,NA,NA,NA,NA,NA,NA,NA,NA,NA,NA,NA,NA,NA,NA,NA,NA,NA,NA,NA,NA,NA,NA,NA,NA,NA,NA,NA,NA,NA,NA,NA,NA,NA,NA,NA,NA,NA,NA,NA,NA,NA,NA,NA,NA,NA,NA,NA,NA,NA,NA,NA,NA,NA,NA,NA,NA,NA,NA,NA,NA,NA,NA,NA,NA,NA,NA,NA,NA,NA,NA,NA,NA,NA,NA,NA,NA,NA,NA,NA,NA,NA,NA,NA,NA,NA,NA,NA,NA,NA,NA,NA,NA,NA,NA,NA,NA,NA,NA,NA,NA,NA,NA,NA,NA,NA,NA,NA,NA,NA,NA,NA,NA,NA,NA,NA,NA,NA,NA,NA,NA,NA,NA,NA,NA,NA,NA,NA,NA,NA,NA,NA,NA,NA,NA,NA,NA,NA,NA,NA,NA,NA,NA,NA,NA,NA,NA,NA,NA,NA,NA,NA,NA,NA,NA,NA,NA,NA,NA,NA,NA,NA,NA,NA,NA,NA,NA,NA,NA,NA,NA,NA,NA,NA,NA,NA,NA,NA,NA,NA,NA,NA
-0.000182449683895585,0.750728213650957,-0.0193633455566143,0,0,0.048140396930288,0,0,0,0,0,0,0,0,0,0,0,0.0421741841954278,0,0,0,0,0,0,0,0,0,-0.0169462407082985,0,0,0,0,0,0,0,0,0,0,0,0,0,0,0,0,0,0,0,0,0,0,0,0,0,-0.0171225425939728,0,0,-0.0039039462084606,0,0,-0.0054790326242084,0,0,0,0,0,0,-0.00615805147666488,-0.0205306313477192,-0.00545630535720544,0,-0.00468037771610276,0,0,0,0,0,0,0,0,0,0,0.0154783066986921,0,-0.00507572747299054,0,0,0,0,-0.00244741712451554,0,0,0,0,0,-0.00619040422431768,0,0,0,0,0,0,0,0,0,0,0,-0.0125409134427239,0,0,0,0,0,0,0,0,0,0,0,0,0,0,0,0,0,0,0,0,0,0,0,0.0311524227070562,0,0,0,0,0,0.0368989943078868,0,0,0,0.0435758298087203,0,0,0,0,0,0,0,0,0,0,0,0,0,-0.00317508517958069,0,0,0,0,0,0,0,0,0,0,0,0,0,0,0,0,-0.00402391203791304,0,0,0,0,0,0,0,0,-0.0194657151811364,0,0,0,0,0,0
0.000365637125603935,0.808204764897246,0,0,0,0.0100905821488824,0,0,0,0,0,0,0,0,0,0,0,0.012903801058192,0,0,0,0,0,0,0,0,0,-0.00234321707046763,0,0,0,0,0,0,0,0,0,0,0,0,0,0,0,0,0,0,0,0,0,0,0,0,0,0,0,0,0,0,0,0,0,0,0,0,0,0,0,0,0,0,0,0,0,0,0,0,0,0,0,0,0,0,0,0,0,0,0,0,-0.0030066788731154,0,0,0,0,0,0,0,0,0,0,0,0,0,0,0,0,0,0,0,0,0,0,0,0,0,0,0,0,0,0,0,0,0,0,0,0,0,0,0,0,0,0,0,0,0,0,0,0,0,0,0,0.023323981716692,0,0,0,0,0,0,0,0,0,0,0,0,0,0,0,0,0,0,0,0,0,0,0,0,0,0,0,0,0,0,0,0,0,0,0,0,0,0,0,0,0,0,0,0,0,0
NA,NA,NA,NA,NA,NA,NA,NA,NA,NA,NA,NA,NA,NA,NA,NA,NA,NA,NA,NA,NA,NA,NA,NA,NA,NA,NA,NA,NA,NA,NA,NA,NA,NA,NA,NA,NA,NA,NA,NA,NA,NA,NA,NA,NA,NA,NA,NA,NA,NA,NA,NA,NA,NA,NA,NA,NA,NA,NA,NA,NA,NA,NA,NA,NA,NA,NA,NA,NA,NA,NA,NA,NA,NA,NA,NA,NA,NA,NA,NA,NA,NA,NA,NA,NA,NA,NA,NA,NA,NA,NA,NA,NA,NA,NA,NA,NA,NA,NA,NA,NA,NA,NA,NA,NA,NA,NA,NA,NA,NA,NA,NA,NA,NA,NA,NA,NA,NA,NA,NA,NA,NA,NA,NA,NA,NA,NA,NA,NA,NA,NA,NA,NA,NA,NA,NA,NA,NA,NA,NA,NA,NA,NA,NA,NA,NA,NA,NA,NA,NA,NA,NA,NA,NA,NA,NA,NA,NA,NA,NA,NA,NA,NA,NA,NA,NA,NA,NA,NA,NA,NA,NA,NA,NA,NA,NA,NA,NA,NA,NA,NA,NA,NA,NA,NA,NA,NA
NA,NA,NA,NA,NA,NA,NA,NA,NA,NA,NA,NA,NA,NA,NA,NA,NA,NA,NA,NA,NA,NA,NA,NA,NA,NA,NA,NA,NA,NA,NA,NA,NA,NA,NA,NA,NA,NA,NA,NA,NA,NA,NA,NA,NA,NA,NA,NA,NA,NA,NA,NA,NA,NA,NA,NA,NA,NA,NA,NA,NA,NA,NA,NA,NA,NA,NA,NA,NA,NA,NA,NA,NA,NA,NA,NA,NA,NA,NA,NA,NA,NA,NA,NA,NA,NA,NA,NA,NA,NA,NA,NA,NA,NA,NA,NA,NA,NA,NA,NA,NA,NA,NA,NA,NA,NA,NA,NA,NA,NA,NA,NA,NA,NA,NA,NA,NA,NA,NA,NA,NA,NA,NA,NA,NA,NA,NA,NA,NA,NA,NA,NA,NA,NA,NA,NA,NA,NA,NA,NA,NA,NA,NA,NA,NA,NA,NA,NA,NA,NA,NA,NA,NA,NA,NA,NA,NA,NA,NA,NA,NA,NA,NA,NA,NA,NA,NA,NA,NA,NA,NA,NA,NA,NA,NA,NA,NA,NA,NA,NA,NA,NA,NA,NA,NA,NA,NA
NA,NA,NA,NA,NA,NA,NA,NA,NA,NA,NA,NA,NA,NA,NA,NA,NA,NA,NA,NA,NA,NA,NA,NA,NA,NA,NA,NA,NA,NA,NA,NA,NA,NA,NA,NA,NA,NA,NA,NA,NA,NA,NA,NA,NA,NA,NA,NA,NA,NA,NA,NA,NA,NA,NA,NA,NA,NA,NA,NA,NA,NA,NA,NA,NA,NA,NA,NA,NA,NA,NA,NA,NA,NA,NA,NA,NA,NA,NA,NA,NA,NA,NA,NA,NA,NA,NA,NA,NA,NA,NA,NA,NA,NA,NA,NA,NA,NA,NA,NA,NA,NA,NA,NA,NA,NA,NA,NA,NA,NA,NA,NA,NA,NA,NA,NA,NA,NA,NA,NA,NA,NA,NA,NA,NA,NA,NA,NA,NA,NA,NA,NA,NA,NA,NA,NA,NA,NA,NA,NA,NA,NA,NA,NA,NA,NA,NA,NA,NA,NA,NA,NA,NA,NA,NA,NA,NA,NA,NA,NA,NA,NA,NA,NA,NA,NA,NA,NA,NA,NA,NA,NA,NA,NA,NA,NA,NA,NA,NA,NA,NA,NA,NA,NA,NA,NA,NA
NA,NA,NA,NA,NA,NA,NA,NA,NA,NA,NA,NA,NA,NA,NA,NA,NA,NA,NA,NA,NA,NA,NA,NA,NA,NA,NA,NA,NA,NA,NA,NA,NA,NA,NA,NA,NA,NA,NA,NA,NA,NA,NA,NA,NA,NA,NA,NA,NA,NA,NA,NA,NA,NA,NA,NA,NA,NA,NA,NA,NA,NA,NA,NA,NA,NA,NA,NA,NA,NA,NA,NA,NA,NA,NA,NA,NA,NA,NA,NA,NA,NA,NA,NA,NA,NA,NA,NA,NA,NA,NA,NA,NA,NA,NA,NA,NA,NA,NA,NA,NA,NA,NA,NA,NA,NA,NA,NA,NA,NA,NA,NA,NA,NA,NA,NA,NA,NA,NA,NA,NA,NA,NA,NA,NA,NA,NA,NA,NA,NA,NA,NA,NA,NA,NA,NA,NA,NA,NA,NA,NA,NA,NA,NA,NA,NA,NA,NA,NA,NA,NA,NA,NA,NA,NA,NA,NA,NA,NA,NA,NA,NA,NA,NA,NA,NA,NA,NA,NA,NA,NA,NA,NA,NA,NA,NA,NA,NA,NA,NA,NA,NA,NA,NA,NA,NA,NA
NA,NA,NA,NA,NA,NA,NA,NA,NA,NA,NA,NA,NA,NA,NA,NA,NA,NA,NA,NA,NA,NA,NA,NA,NA,NA,NA,NA,NA,NA,NA,NA,NA,NA,NA,NA,NA,NA,NA,NA,NA,NA,NA,NA,NA,NA,NA,NA,NA,NA,NA,NA,NA,NA,NA,NA,NA,NA,NA,NA,NA,NA,NA,NA,NA,NA,NA,NA,NA,NA,NA,NA,NA,NA,NA,NA,NA,NA,NA,NA,NA,NA,NA,NA,NA,NA,NA,NA,NA,NA,NA,NA,NA,NA,NA,NA,NA,NA,NA,NA,NA,NA,NA,NA,NA,NA,NA,NA,NA,NA,NA,NA,NA,NA,NA,NA,NA,NA,NA,NA,NA,NA,NA,NA,NA,NA,NA,NA,NA,NA,NA,NA,NA,NA,NA,NA,NA,NA,NA,NA,NA,NA,NA,NA,NA,NA,NA,NA,NA,NA,NA,NA,NA,NA,NA,NA,NA,NA,NA,NA,NA,NA,NA,NA,NA,NA,NA,NA,NA,NA,NA,NA,NA,NA,NA,NA,NA,NA,NA,NA,NA,NA,NA,NA,NA,NA,NA
0.0000140506969067153,0.775851114334636,0,0,0,0,0,0,0,0,0,0,0,0,0,0,0,0,0,0,0,0,0,0,0,0,0,0,0,0,0,0,0,0,0,0,0,0,0,0,0,0,0,0,0,0,0,0,0,0,0,0,0,0,0,0,0,0,0,0,0,0,0,0,0,0,0,0,0,0,0,0,0,0,0,0,0,0,0,0,0,0,0,0,0,0,0,0,0,0,0,0,0,0,0,0,0,0,0,0,0,0,0,0,0,0,0,0,0,0,0,0,0,0,0,0,0,0,0,0,0,0,0,0,0,0,0,0,0,0,0,0,0,0,0,0,0,0,0,0,0,0,0,0,0,0,0,0,0,0,0,0,0,0,0,0,0,0,0,0,0,0,0,0,0,0,0,0,0,0,0,0,0,0,0,0,0,0,0,0,0,0,0,0,0,0,0
0.000345859685882294,0.81335736777912,0,0,0,0,0,0,0,0,0,0,0,0,0,0,0,0,0,0,0,0,0,0,0,0,0,0,0,0,0,0,0,0,0,0,0,0,0,0,0,0,0,0,0,0,0,0,0,0,0,0,0,0,0,0,0,0,0,0,0,0,0,0,0,0,0,0,0,0,0,0,0,0,0,0,0,0,0,0,0,0,0,0,0,0,0,0,0,0,0,0,0,0,0,0,0,0,0,0,0,0,0,0,0,0,0,0,0,0,0,0,0,0,0,0,0,0,0,0,0,0,0,0,0,0,0,0,0,0,0,0,0,0,0,0,0,0,0,0,0,0,0,0,0,0,0,0,0,0,0,0,0,0,0,0,0,0,0,0,0,0,0,0,0,0,0,0,0,0,0,0,0,0,0,0,0,0,0,0,0,0,0,0,0,0,0
NA,NA,NA,NA,NA,NA,NA,NA,NA,NA,NA,NA,NA,NA,NA,NA,NA,NA,NA,NA,NA,NA,NA,NA,NA,NA,NA,NA,NA,NA,NA,NA,NA,NA,NA,NA,NA,NA,NA,NA,NA,NA,NA,NA,NA,NA,NA,NA,NA,NA,NA,NA,NA,NA,NA,NA,NA,NA,NA,NA,NA,NA,NA,NA,NA,NA,NA,NA,NA,NA,NA,NA,NA,NA,NA,NA,NA,NA,NA,NA,NA,NA,NA,NA,NA,NA,NA,NA,NA,NA,NA,NA,NA,NA,NA,NA,NA,NA,NA,NA,NA,NA,NA,NA,NA,NA,NA,NA,NA,NA,NA,NA,NA,NA,NA,NA,NA,NA,NA,NA,NA,NA,NA,NA,NA,NA,NA,NA,NA,NA,NA,NA,NA,NA,NA,NA,NA,NA,NA,NA,NA,NA,NA,NA,NA,NA,NA,NA,NA,NA,NA,NA,NA,NA,NA,NA,NA,NA,NA,NA,NA,NA,NA,NA,NA,NA,NA,NA,NA,NA,NA,NA,NA,NA,NA,NA,NA,NA,NA,NA,NA,NA,NA,NA,NA,NA,NA
0.00020673718444092,0.783100351869005,0,0,0,0,0,0,0,0,0,0,0,0,0,0,0,0,0,0,0,0,0,0,0,0,0,0,0,0,0,0,0,0,0,0,0,0,0,0,0,0,0,0,0,0,0,0,0,0,0,0,0,0,0,0,0,0,0,0,0,0,0,0,0,0,0,0,0,0,0,0,0,0,0,0,0,0,0,0,0,0,0,0,0,0,0,0,0,0,0,0,0,0,0,0,0,0,0,0,0,0,0,0,0,0,0,0,0,0,0,0,0,0,0,0,0,0,0,0,0,0,0,0,0,0,0,0,0,0,0,0,0,0,0,0,0,0,0,0,0,0,0,0,0,0,0,0,0,0,0,0,0,0,0,0,0,0,0,0,0,0,0,0,0,0,0,0,0,0,0,0,0,0,0,0,0,0,0,0,0,0,0,0,0,0,0
NA,NA,NA,NA,NA,NA,NA,NA,NA,NA,NA,NA,NA,NA,NA,NA,NA,NA,NA,NA,NA,NA,NA,NA,NA,NA,NA,NA,NA,NA,NA,NA,NA,NA,NA,NA,NA,NA,NA,NA,NA,NA,NA,NA,NA,NA,NA,NA,NA,NA,NA,NA,NA,NA,NA,NA,NA,NA,NA,NA,NA,NA,NA,NA,NA,NA,NA,NA,NA,NA,NA,NA,NA,NA,NA,NA,NA,NA,NA,NA,NA,NA,NA,NA,NA,NA,NA,NA,NA,NA,NA,NA,NA,NA,NA,NA,NA,NA,NA,NA,NA,NA,NA,NA,NA,NA,NA,NA,NA,NA,NA,NA,NA,NA,NA,NA,NA,NA,NA,NA,NA,NA,NA,NA,NA,NA,NA,NA,NA,NA,NA,NA,NA,NA,NA,NA,NA,NA,NA,NA,NA,NA,NA,NA,NA,NA,NA,NA,NA,NA,NA,NA,NA,NA,NA,NA,NA,NA,NA,NA,NA,NA,NA,NA,NA,NA,NA,NA,NA,NA,NA,NA,NA,NA,NA,NA,NA,NA,NA,NA,NA,NA,NA,NA,NA,NA,NA
0.0000303687704497836,0.773364855270659,0,0,0,0,0,0,0,0,0,0,0,0,0,0,0,0,0,0,0,0,0,0,0,0,0,0,0,0,0,0,0,0,0,0,0,0,0,0,0,0,0,0,0,0,0,0,0,0,0,0,0,0,0,0,0,0,0,0,0,0,0,0,0,0,0,0,0,0,0,0,0,0,0,0,0,0,0,0,0,0,0,0,0,0,0,0,0,0,0,0,0,0,0,0,0,0,0,0,0,0,0,0,0,0,0,0,0,0,0,0,0,0,0,0,0,0,0,0,0,0,0,0,0,0,0,0,0,0,0,0,0,0,0,0,0,0,0,0,0,0,0,0,0,0,0,0,0,0,0,0,0,0,0,0,0,0,0,0,0,0,0,0,0,0,0,0,0,0,0,0,0,0,0,0,0,0,0,0,0,0,0,0,0,0,0
-0.000327469170379263,0.749680412818773,0,0,0,0,0,0,0,0,0,0,0,0,0,0,0,0,0,0,0,0,0,0,0,0,0,0,0,0,0,0,0,0,0,0,0,0,0,0,0,0,0,0,0,0,0,0,0,0,0,0,0,0,0,0,0,0,0,0,0,0,0,0,0,0,0,0,0,0,0,0,0,0,0,0,0,0,0,0,0,0,0,0,0,0,0,0,0,0,0,0,0,0,0,0,0,0,0,0,0,0,0,0,0,0,0,0,0,0,0,0,0,0,0,0,0,0,0,0,0,0,0,0,0,0,0,0,0,0,0,0,0,0,0,0,0,0,0,0,0,0,0,0,0,0,0,0,0,0,0,0,0,0,0,0,0,0,0,0,0,0,0,0,0,0,0,0,0,0,0,0,0,0,0,0,0,0,0,0,0,0,0,0,0,0,0
-0.0000238959727344745,0.750663142225839,0,0,0,0,0,0,0,0,0,0,0,0,0,0,0,0,0,0,0,0,0,0,0,0,0,0,0,0,0,0,0,0,0,0,0,0,0,0,0,0,0,0,0,0,0,0,0,0,0,0,0,0,0,0,0,0,0,0,0,0,0,0,0,0,0,0,0,0,0,0,0,0,0,0,0,0,0,0,0,0,0,0,0,0,0,0,0,0,0,0,0,0,0,0,0,0,0,0,0,0,0,0,0,0,0,0,0,0,0,0,0,0,0,0,0,0,0,0,0,0,0,0,0,0,0,0,0,0,0,0,0,0,0,0,0,0,0,0,0,0,0,0,0,0,0,0,0,0,0,0,0,0,0,0,0,0,0,0,0,0,0,0,0,0,0,0,0,0,0,0,0,0,0,0,0,0,0,0,0,0,0,0,0,0,0
0.0000952407569203405,0.770723362531711,0,0,0,0,0,0,0,0,0,0,0,0,0,0,0,0,0,0,0,0,0,0,0,0,0,0,0,0,0,0,0,0,0,0,0,0,0,0,0,0,0,0,0,0,0,0,0,0,0,0,0,0,0,0,0,0,0,0,0,0,0,0,0,0,0,0,0,0,0,0,0,0,0,0,0,0,0,0,0,0,0,0,0,0,0,0,0,0,0,0,0,0,0,0,0,0,0,0,0,0,0,0,0,0,0,0,0,0,0,0,0,0,0,0,0,0,0,0,0,0,0,0,0,0,0,0,0,0,0,0,0,0,0,0,0,0,0,0,0,0,0,0,0,0,0,0,0,0,0,0,0,0,0,0,0,0,0,0,0,0,0,0,0,0,0,0,0,0,0,0,0,0,0,0,0,0,0,0,0,0,0,0,0,0,0
0.000124572219886611,0.808571112021746,0,0,0,0,0,0,0,0,0,0,0,0,0,0,0,0,0,0,0,0,0,0,0,0,0,0,0,0,0,0,0,0,0,0,0,0,0,0,0,0,0,0,0,0,0,0,0,0,0,0,0,0,0,0,0,0,0,0,0,0,0,0,0,0,0,0,0,0,0,0,0,0,0,0,0,0,0,0,0,0,0,0,0,0,0,0,0,0,0,0,0,0,0,0,0,0,0,0,0,0,0,0,0,0,0,0,0,0,0,0,0,0,0,0,0,0,0,0,0,0,0,0,0,0,0,0,0,0,0,0,0,0,0,0,0,0,0,0,0,0,0,0,0,0,0,0,0,0,0,0,0,0,0,0,0,0,0,0,0,0,0,0,0,0,0,0,0,0,0,0,0,0,0,0,0,0,0,0,0,0,0,0,0,0,0
-0.0000122505705355967,0.751415309172342,0,0,0,0,0,0,0,0,0,0,0,0,0,0,0,0,0,0,0,0,0,0,0,0,0,0,0,0,0,0,0,0,0,0,0,0,0,0,0,0,0,0,0,0,0,0,0,0,0,0,0,0,0,0,0,0,0,0,0,0,0,0,0,0,0,0,0,0,0,0,0,0,0,0,0,0,0,0,0,0,0,0,0,0,0,0,0,0,0,0,0,0,0,0,0,0,0,0,0,0,0,0,0,0,0,0,0,0,0,0,0,0,0,0,0,0,0,0,0,0,0,0,0,0,0,0,0,0,0,0,0,0,0,0,0,0,0,0,0,0,0,0,0,0,0,0,0,0,0,0,0,0,0,0,0,0,0,0,0,0,0,0,0,0,0,0,0,0,0,0,0,0,0,0,0,0,0,0,0,0,0,0,0,0,0
0.000304063272856634,0.765912361694715,0,0,0,0,0,0,0,0,0,0,0,0,0,0,0,0,0,0,0,0,0,0,0,0,0,0,0,0,0,0,0,0,0,0,0,0,0,0,0,0,0,0,0,0,0,0,0,0,0,0,0,0,0,0,0,0,0,0,0,0,0,0,0,0,0,0,0,0,0,0,0,0,0,0,0,0,0,0,0,0,0,0,0,0,0,0,0,0,0,0,0,0,0,0,0,0,0,0,0,0,0,0,0,0,0,0,0,0,0,0,0,0,0,0,0,0,0,0,0,0,0,0,0,0,0,0,0,0,0,0,0,0,0,0,0,0,0,0,0,0,0,0,0,0,0,0,0,0,0,0,0,0,0,0,0,0,0,0,0,0,0,0,0,0,0,0,0,0,0,0,0,0,0,0,0,0,0,0,0,0,0,0,0,0,0
0.000482580877940227,0.845333516896398,0,0,0,0,0,0,0,0,0,0,0,0,0,0,0,0,0,0,0,0,0,0,0,0,0,0,0,0,0,0,0,0,0,0,0,0,0,0,0,0,0,0,0,0,0,0,0,0,0,0,0,0,0,0,0,0,0,0,0,0,0,0,0,0,0,0,0,0,0,0,0,0,0,0,0,0,0,0,0,0,0,0,0,0,0,0,0,0,0,0,0,0,0,0,0,0,0,0,0,0,0,0,0,0,0,0,0,0,0,0,0,0,0,0,0,0,0,0,0,0,0,0,0,0,0,0,0,0,0,0,0,0,0,0,0,0,0,0,0,0,0,0,0,0,0,0,0,0,0,0,0,0,0,0,0,0,0,0,0,0,0,0,0,0,0,0,0,0,0,0,0,0,0,0,0,0,0,0,0,0,0,0,0,0,0
-0.000769080943196739,0.604270538667735,-0.00342668636386399,0,0,0,0,0,0,0,0,0,0,0,0,0,0,0,0,0,0,0,0,0,0,0,0,0,0,0,0,0,0,0,0,0,0,0,0,0,0,0,0,0,0,0.00823589684878231,0,0,0,0,0,0,0,0,0,0,0,0,0,0,0,0,0,0,0,0,0,0,0,0,0,0,0,0,0,0,0,0,0,0,0,0,0,0,0,0,0,0,0,0,0,0,0,0,0,0,0,0,0,0,0,0,0,0,0,0,0,0,0,0,0,0,0,0,0,0,0,0,0,0,0,0,0,0,0,0,0,0,0,0,0,0,0,0,0.0104627883848942,0,0,0,0,0,0,0,0,0,0,0,0,0,0,0,0,0,0,0,0,0,0,0,0,0,0,0,0,0,0,0,0,0,0,0,0,0,0,0,0,0,0,0,0,0,0,0,0,0,0,0,0
-0.000125946750597776,0.729836404562676,0,0,0,0,0,0,0,0,0,0,0,0,0,0,0,0,0,0,0,0,0,0,0,0,0,0,0,0,0,0,0,0,0,0,0,0,0,0,0,0,0,0,0,0,0,0,0,0,0,0,0,0,0,0,0,0,0,0,0,0,0,0,0,0,0,0,0,0,0,0,0,0,0,0,0,0,0,0,0,0,0,0,0,0,0,0,0,0,0,0,0,0,0,0,0,0,0,0,0,0,0,0,0,0,0,0,0,0,0,0,0,0,0,0,0,0,0,0,0,0,0,0,0,0,0,0,0,0,0,0,0,0,0,0,0,0,0,0,0,0,0,0,0,0,0,0,0,0,0,0,0,0,0,0,0,0,0,0,0,0,0,0,0,0,0,0,0,0,0,0,0,0,0,0,0,0,0,0,0,0,0,0,0,0,0
0.000268293338320236,0.752474412533033,0,0,0,0,0,0,0,0,0,0,0,0,0,0,0,0,0,0,0,0,0,0,0,0,0,0,0,0,0,0,0,0,0,0,0,0,0,0,0,0,0,0,0,0,0,0,0,0,0,0,0,0,0,0,0,0,0,0,0,0,0,0,0,0,0,0,0,0,0,0,0,0,0,0,0,0,0,0,0,0,0,0,0,0,0,0,0,0,0,0,0,0,0,0,0,0,0,0,0,0,0,0,0,0,0,0,0,0,0,0,0,0,0,0,0,0,0,0,0,0,0,0,0,0,0,0,0,0,0,0,0,0,0,0,0,0,0,0,0,0,0,0,0,0,0,0,0,0,0,0,0,0,0,0,0,0,0,0,0,0,0,0,0,0,0,0,0,0,0,0,0,0,0,0,0,0,0,0,0,0,0,0,0,0,0
NA,NA,NA,NA,NA,NA,NA,NA,NA,NA,NA,NA,NA,NA,NA,NA,NA,NA,NA,NA,NA,NA,NA,NA,NA,NA,NA,NA,NA,NA,NA,NA,NA,NA,NA,NA,NA,NA,NA,NA,NA,NA,NA,NA,NA,NA,NA,NA,NA,NA,NA,NA,NA,NA,NA,NA,NA,NA,NA,NA,NA,NA,NA,NA,NA,NA,NA,NA,NA,NA,NA,NA,NA,NA,NA,NA,NA,NA,NA,NA,NA,NA,NA,NA,NA,NA,NA,NA,NA,NA,NA,NA,NA,NA,NA,NA,NA,NA,NA,NA,NA,NA,NA,NA,NA,NA,NA,NA,NA,NA,NA,NA,NA,NA,NA,NA,NA,NA,NA,NA,NA,NA,NA,NA,NA,NA,NA,NA,NA,NA,NA,NA,NA,NA,NA,NA,NA,NA,NA,NA,NA,NA,NA,NA,NA,NA,NA,NA,NA,NA,NA,NA,NA,NA,NA,NA,NA,NA,NA,NA,NA,NA,NA,NA,NA,NA,NA,NA,NA,NA,NA,NA,NA,NA,NA,NA,NA,NA,NA,NA,NA,NA,NA,NA,NA,NA,NA
0.000601700287319052,0.723339424896403,-0.00926775056187768,0,0,0,0,0,0,0,0,0,0,0,0,0,0,0.00211556841557103,0,0,0,0,0,0,0,0,0,0,0,0,0,0,0,0,0,0,0,0,0,0,0,0,0,0,0,0,0,0,0,0,0,0,0,0,0,0,0,0,0,0,0,0,0,0,0,0,0,0,0,0,0,0,0,0,0,0,0,0,0,0,0,0,0,0,0,0,0,0,0,0,0,0,0,0,0,0,0,0,0,0,0,0,0,0,0,0,0,0,0,0,0,0,0,0,0,0,0,0,0,0,0,0,0,0,0,0,0,0,0,0,0,0,0,0,0,0,0,0,0,0,0.00298688706605055,0,0,0,0,0,0,0,0,0,0,0,0,0,0,0,0,0,0,0,0,0,0,0,0,0,0,0,0,0,0,0,0,0,0,0,0,0,0,0,0,0,0,0,0,0,0
NA,NA,NA,NA,NA,NA,NA,NA,NA,NA,NA,NA,NA,NA,NA,NA,NA,NA,NA,NA,NA,NA,NA,NA,NA,NA,NA,NA,NA,NA,NA,NA,NA,NA,NA,NA,NA,NA,NA,NA,NA,NA,NA,NA,NA,NA,NA,NA,NA,NA,NA,NA,NA,NA,NA,NA,NA,NA,NA,NA,NA,NA,NA,NA,NA,NA,NA,NA,NA,NA,NA,NA,NA,NA,NA,NA,NA,NA,NA,NA,NA,NA,NA,NA,NA,NA,NA,NA,NA,NA,NA,NA,NA,NA,NA,NA,NA,NA,NA,NA,NA,NA,NA,NA,NA,NA,NA,NA,NA,NA,NA,NA,NA,NA,NA,NA,NA,NA,NA,NA,NA,NA,NA,NA,NA,NA,NA,NA,NA,NA,NA,NA,NA,NA,NA,NA,NA,NA,NA,NA,NA,NA,NA,NA,NA,NA,NA,NA,NA,NA,NA,NA,NA,NA,NA,NA,NA,NA,NA,NA,NA,NA,NA,NA,NA,NA,NA,NA,NA,NA,NA,NA,NA,NA,NA,NA,NA,NA,NA,NA,NA,NA,NA,NA,NA,NA,NA
0.000532414956792829,0.719881908198606,-0.00129187736316005,0,0,0,0,0,0,0,0,0,0,0,0,0,0,0.00596293270508103,0,0,0,0,0,0,0,0,0,0,0,0,0,0,0,0,0,0,0,0,0,0,0,0,0,0.0180915436687266,0,0,0,0,0,0,0,0,0,0,0,0,0,0,0,0,0,0,0,0,0,0,0,0,0,0,0,0,0,0,0,0,0,0,-0.00134872405292817,0,0,0,0,0,0,0,0,0,0,0,0,0,0,0,0,0,0,0,0,0,0,0,0,0,0,0,0,0,0,0,0,0,0,0,0,0,0,0,0,0,0,0,0,0,0,0,0,0,0,0,0,0,0,0,0,0,0,0,0,0,0,0,0,0,0,0,0,0,0,0,0,0,0,0,0,0,0,0,0,0,0,0,0,0,0,0,0,0,0,0,0,0,0,0,0,0,0,0,0,0,0,0,0,0,0,0,0
NA,NA,NA,NA,NA,NA,NA,NA,NA,NA,NA,NA,NA,NA,NA,NA,NA,NA,NA,NA,NA,NA,NA,NA,NA,NA,NA,NA,NA,NA,NA,NA,NA,NA,NA,NA,NA,NA,NA,NA,NA,NA,NA,NA,NA,NA,NA,NA,NA,NA,NA,NA,NA,NA,NA,NA,NA,NA,NA,NA,NA,NA,NA,NA,NA,NA,NA,NA,NA,NA,NA,NA,NA,NA,NA,NA,NA,NA,NA,NA,NA,NA,NA,NA,NA,NA,NA,NA,NA,NA,NA,NA,NA,NA,NA,NA,NA,NA,NA,NA,NA,NA,NA,NA,NA,NA,NA,NA,NA,NA,NA,NA,NA,NA,NA,NA,NA,NA,NA,NA,NA,NA,NA,NA,NA,NA,NA,NA,NA,NA,NA,NA,NA,NA,NA,NA,NA,NA,NA,NA,NA,NA,NA,NA,NA,NA,NA,NA,NA,NA,NA,NA,NA,NA,NA,NA,NA,NA,NA,NA,NA,NA,NA,NA,NA,NA,NA,NA,NA,NA,NA,NA,NA,NA,NA,NA,NA,NA,NA,NA,NA,NA,NA,NA,NA,NA,NA
0.000572744924416146,0.765132376164865,0,0,0,0,0,0,0,0,0,0,0,0,0,0,0,0,0,0,0,0,0,0,0,0,0,0,0,0,0,0,0,0,0,0,0,0,0,0,0,0,0,0,0,0,0,0,0,0,0,0,0,0,0,0,0,0,0,0,0,0,0,0,0,0,0,0,0,0,0,0,0,0,0,0,0,0,0,0,0,0,0,0,0,0,0,0,0,0,0,0,0,0,0,0,0,0,0,0,0,0,0,0,0,0,0,0,0,0,0,0,0,0,0,0,0,0,0,0,0,0,0,0,0,0,0,0,0,0,0,0,0,0,0,0,0,0,0,0,0,0,0,0,0,0,0,0,0,0,0,0,0,0,0,0,0,0,0,0,0,0,0,0,0,0,0,0,0,0,0,0,0,0,0,0,0,0,0,0,0,0,0,0,0,0,0
NA,NA,NA,NA,NA,NA,NA,NA,NA,NA,NA,NA,NA,NA,NA,NA,NA,NA,NA,NA,NA,NA,NA,NA,NA,NA,NA,NA,NA,NA,NA,NA,NA,NA,NA,NA,NA,NA,NA,NA,NA,NA,NA,NA,NA,NA,NA,NA,NA,NA,NA,NA,NA,NA,NA,NA,NA,NA,NA,NA,NA,NA,NA,NA,NA,NA,NA,NA,NA,NA,NA,NA,NA,NA,NA,NA,NA,NA,NA,NA,NA,NA,NA,NA,NA,NA,NA,NA,NA,NA,NA,NA,NA,NA,NA,NA,NA,NA,NA,NA,NA,NA,NA,NA,NA,NA,NA,NA,NA,NA,NA,NA,NA,NA,NA,NA,NA,NA,NA,NA,NA,NA,NA,NA,NA,NA,NA,NA,NA,NA,NA,NA,NA,NA,NA,NA,NA,NA,NA,NA,NA,NA,NA,NA,NA,NA,NA,NA,NA,NA,NA,NA,NA,NA,NA,NA,NA,NA,NA,NA,NA,NA,NA,NA,NA,NA,NA,NA,NA,NA,NA,NA,NA,NA,NA,NA,NA,NA,NA,NA,NA,NA,NA,NA,NA,NA,NA
0.00119099341990159,0.728118391130476,-0.0171040263640754,0,0,0.00695867744607606,0,0,0,0,0,0,0,0,0,0,0,0.00439917490051727,0,0,0,0,0,0,0,0,0,0,0,0,0,0,0,0,0,0,0,0,0,0,0,0,0,0,0,0,0,0,0,0,0,0,0,0,0,0,0,0,0,0,0,0,0,0,0,0,0,0,0,0,0,0,0,0,0,0,0,0,0,0,0,0,0,0,0,0,0,0,0,0,0,0,0,0,0,0,0,0,0,0,0,0,0,0,0,0,0,0,0,-0.000169764193221244,0,0,0,0,0,0,0,0,0,0,0,0,0,0,0,0,0,0,0,0,0,0,0,0,0,0,0,0,0,0,0,0,0,0,0,0,0,0,0,0,0,0,0,0,0,0,0,0,0,0,0,0,0,0,0,0,0,0,0,0,0,0,0,0,0,0,0,0,0,0,0,0,0,0,0,0,0
0.00144576289453035,0.749318499456859,-0.00974111887006571,0,0,0.00118417333804101,0,0,0,0,0,-0.0084852596146265,0,0,0,0,0,0.0295959547693991,0,0,0,0,0,0,0,0,0,0,0,0,0,0,0,0,0,0,0,0,0,0,0,0,0,0.0186780763400809,0,0,0,0,0,0,0.0146467368781718,0,0,0,0,0,0,0,0,0,0,0,0,0,0,0,0,0,0,0,0,0,0,0,0,0,0,0,0,0,0,0.0298726857943232,0,0,0,0,0,0,0,0,0,0,0,0,0,0,0,0,0,0,0,0,0,0,0,0,0,0,0,-0.0070803412524096,0,0,0,0,0,0,0,0,0,0,0,0,0,0,0,0,0,0,0,0,0,0,0,0,0,0,0,0,0,0,0.00425736484512863,0,0,0,0,0,0,0,0,0,0,0,0,0,0,0,0,0,0,0,0,0,0,0,0,0,0,0,0,0,0,0,0,0,0,0,0,0,0,0,0,0,0,0,0,0,0
0.0015954260446944,0.787150678729355,-0.0145300615308549,0,0,0,0,0,0,0,0,-0.011217270592756,-0.000921323439933917,0,0,0,0,0.00599314164951009,0,0,0,0,0,0,0,0,0,0,0,0,0,0,0,0,0,0,0,0,0,0,0,0,0,0.0115847636693358,0,0,0,0,0,0,0,0,0,0,0,0,0,0,0,0,0,0,0,0,0,0,0,0,0,0,0,0,0,0,0,0,0,0,0,0,0,0.000882407137201974,0,0,0,0,0,0,0,0,0,0,0,0,0,0,0,0,0,0,0,0,0,0,0,0,0,0,0,-0.00113283515349968,0,0,0,0,0,0,0,0,0,0,0,0,0,0,0,0,0,0,0,0,0,0,0,0,0,0,0,0,0,0,0,0,0,0,0,0,0,0,0,0,0,0,0,0,0,0,0,0,0,0,0,0,0,0,0,0,0,0,0,0,0,0,0,0,0,0,0,0,0,0,0,0,0,0,0,0,0
NA,NA,NA,NA,NA,NA,NA,NA,NA,NA,NA,NA,NA,NA,NA,NA,NA,NA,NA,NA,NA,NA,NA,NA,NA,NA,NA,NA,NA,NA,NA,NA,NA,NA,NA,NA,NA,NA,NA,NA,NA,NA,NA,NA,NA,NA,NA,NA,NA,NA,NA,NA,NA,NA,NA,NA,NA,NA,NA,NA,NA,NA,NA,NA,NA,NA,NA,NA,NA,NA,NA,NA,NA,NA,NA,NA,NA,NA,NA,NA,NA,NA,NA,NA,NA,NA,NA,NA,NA,NA,NA,NA,NA,NA,NA,NA,NA,NA,NA,NA,NA,NA,NA,NA,NA,NA,NA,NA,NA,NA,NA,NA,NA,NA,NA,NA,NA,NA,NA,NA,NA,NA,NA,NA,NA,NA,NA,NA,NA,NA,NA,NA,NA,NA,NA,NA,NA,NA,NA,NA,NA,NA,NA,NA,NA,NA,NA,NA,NA,NA,NA,NA,NA,NA,NA,NA,NA,NA,NA,NA,NA,NA,NA,NA,NA,NA,NA,NA,NA,NA,NA,NA,NA,NA,NA,NA,NA,NA,NA,NA,NA,NA,NA,NA,NA,NA,NA
NA,NA,NA,NA,NA,NA,NA,NA,NA,NA,NA,NA,NA,NA,NA,NA,NA,NA,NA,NA,NA,NA,NA,NA,NA,NA,NA,NA,NA,NA,NA,NA,NA,NA,NA,NA,NA,NA,NA,NA,NA,NA,NA,NA,NA,NA,NA,NA,NA,NA,NA,NA,NA,NA,NA,NA,NA,NA,NA,NA,NA,NA,NA,NA,NA,NA,NA,NA,NA,NA,NA,NA,NA,NA,NA,NA,NA,NA,NA,NA,NA,NA,NA,NA,NA,NA,NA,NA,NA,NA,NA,NA,NA,NA,NA,NA,NA,NA,NA,NA,NA,NA,NA,NA,NA,NA,NA,NA,NA,NA,NA,NA,NA,NA,NA,NA,NA,NA,NA,NA,NA,NA,NA,NA,NA,NA,NA,NA,NA,NA,NA,NA,NA,NA,NA,NA,NA,NA,NA,NA,NA,NA,NA,NA,NA,NA,NA,NA,NA,NA,NA,NA,NA,NA,NA,NA,NA,NA,NA,NA,NA,NA,NA,NA,NA,NA,NA,NA,NA,NA,NA,NA,NA,NA,NA,NA,NA,NA,NA,NA,NA,NA,NA,NA,NA,NA,NA
NA,NA,NA,NA,NA,NA,NA,NA,NA,NA,NA,NA,NA,NA,NA,NA,NA,NA,NA,NA,NA,NA,NA,NA,NA,NA,NA,NA,NA,NA,NA,NA,NA,NA,NA,NA,NA,NA,NA,NA,NA,NA,NA,NA,NA,NA,NA,NA,NA,NA,NA,NA,NA,NA,NA,NA,NA,NA,NA,NA,NA,NA,NA,NA,NA,NA,NA,NA,NA,NA,NA,NA,NA,NA,NA,NA,NA,NA,NA,NA,NA,NA,NA,NA,NA,NA,NA,NA,NA,NA,NA,NA,NA,NA,NA,NA,NA,NA,NA,NA,NA,NA,NA,NA,NA,NA,NA,NA,NA,NA,NA,NA,NA,NA,NA,NA,NA,NA,NA,NA,NA,NA,NA,NA,NA,NA,NA,NA,NA,NA,NA,NA,NA,NA,NA,NA,NA,NA,NA,NA,NA,NA,NA,NA,NA,NA,NA,NA,NA,NA,NA,NA,NA,NA,NA,NA,NA,NA,NA,NA,NA,NA,NA,NA,NA,NA,NA,NA,NA,NA,NA,NA,NA,NA,NA,NA,NA,NA,NA,NA,NA,NA,NA,NA,NA,NA,NA
NA,NA,NA,NA,NA,NA,NA,NA,NA,NA,NA,NA,NA,NA,NA,NA,NA,NA,NA,NA,NA,NA,NA,NA,NA,NA,NA,NA,NA,NA,NA,NA,NA,NA,NA,NA,NA,NA,NA,NA,NA,NA,NA,NA,NA,NA,NA,NA,NA,NA,NA,NA,NA,NA,NA,NA,NA,NA,NA,NA,NA,NA,NA,NA,NA,NA,NA,NA,NA,NA,NA,NA,NA,NA,NA,NA,NA,NA,NA,NA,NA,NA,NA,NA,NA,NA,NA,NA,NA,NA,NA,NA,NA,NA,NA,NA,NA,NA,NA,NA,NA,NA,NA,NA,NA,NA,NA,NA,NA,NA,NA,NA,NA,NA,NA,NA,NA,NA,NA,NA,NA,NA,NA,NA,NA,NA,NA,NA,NA,NA,NA,NA,NA,NA,NA,NA,NA,NA,NA,NA,NA,NA,NA,NA,NA,NA,NA,NA,NA,NA,NA,NA,NA,NA,NA,NA,NA,NA,NA,NA,NA,NA,NA,NA,NA,NA,NA,NA,NA,NA,NA,NA,NA,NA,NA,NA,NA,NA,NA,NA,NA,NA,NA,NA,NA,NA,NA
0.00184004811549348,0.695156441521914,0,0,0,0,0,0,0,0,0,-0.0103552020779929,-0.0300236751322485,0.00610341989416449,0,-0.00127442444910008,0,0.0686514290402476,0,0,0,0,0,0,0,0.0457917692084274,0,-0.00376046947113402,0,0.0245828863126572,0,0,0,0,0,0,0,0,0,0,0,0,0,0.0325833794965601,0,0,0,0,0,0,0.00280730156363299,0,-0.00377328345748169,0,0,0,0,0,0,0,-0.00300372145740215,-0.0109080458313405,0,0,0,0,0,-0.00854167192772261,-0.0189615866544881,0,-0.0100834170137357,0,0,0,0,0,0,0,0,0,-0.0025877531636265,0.0824344392420611,0,0,0,0,0,0,0,-0.020834826557144,0,0,0,0,0,0,0,0,0,0,0,0,0,0,0,0,0,0,0,0,0,0,0,0,0,0,0,0,0,0,0,0,0,0,0,0,0,0,0,0,0,0,0,0,0,0,0.0345333624328929,0,0,0,0.0263618448059349,0,0,0,0,0,0,0,0,0,0,0,0,0,-0.0097570424453477,0,0,0,0,0,0,0,0,0,0,0,0,0,0,-0.000354266114662376,-0.0283268721194359,-0.0023521924333546,0,0,0,0,0,0,0,0,-0.00803524396871193,0,0,0,0,0,0
0.00198608684538101,0.719481144523837,-0.00229728644574677,0,0,0,0,0,0,0,0,0,-0.0316609898610428,0.0202034256700258,0,-0.00384912426258946,0,0.0699392417930179,0,0,0,0,0,0,0,0.0252131235630232,0,-0.0014691321341332,0,0.0362249565411476,0,0,0,0,0,0,0,0,0,0,0,0,0.00190417394338558,0.057478807036905,0,0,0,0,0,0,0,0,-0.00159009108604326,0,0,0,0,0,0,0,-0.00944086118940079,0,0,0,0,0,0,-0.00771465015741102,-0.00576808882710868,0,-0.00582799128253565,0,0,0,0,0,0,0,0,0,-0.00982171354530679,0.0606464002674792,0,0,0,0,0,0,0,-0.00612380975914918,0,0,0,0,0,0,0,0,0,0,0,0,0,0,0,0,0,0,0,0,0,0,0,0,0,0,0,0,0,0,0,0,0,0,0,0,0,0,0,0,0,0,0,0,0,0,0.00967707868016776,0,0,0,0.00927101638467994,0,0,0,0,0,0,0,0,0,0,0,0,0,0,0,0,0,0,0,0,0,0,0,0,0,0,0,0,0,-0.017594065945464,0,0,0,0,0,0,0,0,0,-0.0191040919972663,0,0,0,0,0,0
0.00221772821531269,0.680036851502767,0,0,0,0,0,0,0,0,0,-0.023832845807861,-0.0319518228141637,0.0516183394177835,0,-0.0188009881432571,0,0.079200757070933,0.000922055909150249,0,0,0,0,0,0,0.0479430100477128,0,-0.00280364864334311,0,0.0314541416460837,0,0,0,0,0,0,0,0,0,0,0,0.0193954745531746,0,0.0624459063968888,0,0,0,0,-0.000198073286447844,0,0.00381135418109638,0,-0.0101232483189259,0,0,0,0,0,0,0,-0.0203789033309765,-0.0160780162856283,0,0,0,-0.00507470103287207,0,-0.0273942216865636,-0.017076129361825,0,-0.00822651025400116,0,0,0,0,0,0,0,0,0,-0.0278582829873144,0.0862161913903313,0,0,0,0,0,0,0,-0.0134309510341467,0,0,0,0,0,0,0,0,0,0,0,0,0,0,0,0,0,0,0,0,0,0,0,0,0,0,0,0,0,0,0,0,0,0,0,0,0,0,0,0,0,0,0,0,0,0,0.0384564730104732,0,0,0,0.0240043414710272,0,0,0,0,0,0,0,0,-0.00728233993165325,0,0,0,0,-0.00379985351880303,0,0,0,0,0,0,0,0,0,0,0.00761686698658586,0,0,0,-0.00121760008322815,-0.0362681106979127,-0.0153002690546268,0,0,0,0,0,0,0,0,-0.0162939313328351,0,0,0,0,0,0
0.00193768902919877,0.637826350980705,-0.00461725508057191,0,0,0,0,0,0,0,0,-0.0352091892822525,-0.0614404899514089,0.0665001443560161,0,-0.0121028065611874,0,0.0522648405290325,0.00410173390334552,0,0,0,0,0,0,0.0584713540030321,0,-0.0224109851041511,0,0.0420178270366781,0,0,0,0,0,0,0,0,0,0,0,0.000982544096032693,0.00347423660293624,0.0647453602062895,0,0,0,0,-0.00504504021854719,0,0.00117791476921885,0,-0.00470918749137798,0,0,0,0,0,0,-0.00717002003308695,0,-0.0109274814872264,0,0,0,-0.00671549541729474,0,-0.0232558145299722,-0.030272218203007,0,-0.0231961578319184,0,0,0,0,0,0,0,0,0,-0.0377991929376182,0.108690635295083,-0.0114720493312568,0,0,0,0,0,0,-0.0275535465390241,0,-0.00988012142059317,0,0,0,0,0,0,0,0,0,0,0,0,0,0,0,0,0,0,0,0,0,0,0,0,0,0,0,0,0,0,0,0,0,0,0,-0.0262504076935431,0,0,0,0,0,0,0,0,0.0297782112575455,0,0,0,0.0225908555005326,0,0,0,0,0,0,0,0.00118906162392272,-0.0135805552493208,0,0,0,0,-0.00989454583914079,0,0,0,0,0,0,0,0,0,0,0.00299652097159999,0,0,0,0,-0.0477117068428972,0,0,0,0,0,0,0,0,0,-0.0158884191933432,0,0,0,0,0,0
0.00159167931707869,0.649722795137336,-0.00993830513173079,0,0,0.00392033672302038,0,0,0,0,0,-0.0381344317019612,-0.0317576383306408,0.00140615595953026,0,-0.0079339864367363,0,0.0319518627772124,0,0,0,0,0,0,0,0,0,-0.0137382243119479,0,0,0,0,0,0,0,0,0,0,0,0,0,0,0,0,0,0,0,0,0,0,0.0183777946667754,0,0,0,0,0,0,0,0,0,-0.0111173109075863,-0.00259996740966155,0,0,0,0,0,0,-0.00581243600795499,0,-0.00328277954455729,0,0,0,0,0,0,0,0,0,0,0.0514108639085837,0,0,-0.00677712968810484,0,0,0,-0.0000279392368029235,-0.0117832148032093,0,-0.00509298468017651,0,0,0,0,0,0.00598876383785064,0,0,0,0,0,0,0,0,0,0,0,-0.000552206891358514,0,0,0,0,0,0,0,0,0,0,0,0,0,0,0,0,0,0,0,0,0,0,0,0,0,0,0.0453486507722082,0,0,0,0.0216076545359483,0,0,0,0,0,0,0,0,0,0,0,0,0,0,0,0,0,0,0,0,0,0,0,0,0,0,0,0,-0.0059473794708145,-0.0200028154337438,-0.00764289195046575,0,0,0,0,0,0,0,0,-0.0157785092305729,0,0,0,0,0,0
0.0010464082846059,0.681035677043672,-0.0245790339290123,0,0,0.021620157853379,0,0,0,0,0,-0.0105058422765251,0,0,0,0,0,0,0,0,0,0,0,0,0,0,0,-0.0054175577372347,0,0,0,0,0,0,0,0,0,-0.000074305692520376,0,0,0,0,0,0,0,0,0,0,0,0,0,0,0,0,0,0,0,0,0,0,0,0,0,0,0,0,0,0,0,0,0,0.0120007617722675,0,0,0,0,0,0,-0.0109130739938876,0,0,0.0152758740758238,0,0,0,0,0,0,0,0,0,0,0,0,0,0,0,0,0,0,0,0,0,0,0,0,0,0,0,-0.0199994033856272,0,0,0,0,0,0,0,0,0,0,0,0,0,0,0,0,0,-0.00215595801901498,0,0,0,0,0,0,0,0,0,0,0,-0.00418107031035564,0,0,0,0,0,0,0,0,0,0,0,0,0,0,0,0,0,0,0,0,0,0,-0.00646797340723972,0.0013802364664626,0,0,0,0,0,0,0,0,0,0,0,0,0,0,0,0.000249031490958246,-0.0134304456255058,0,0,0,0,0,-0.00113400199798367
0.00144785521817177,0.680016909844642,-0.0210630132828778,0,0,0.00890197205471715,0,0,0,0,0,-0.0387048286533296,-0.0153697814555929,0,0,0,0,0.035357954165077,0,0,0,0,0,0,0,0,0,-0.020130641986694,0,0,0,0,0,0,0,0,0,0,0,0,0,0,0,0,0,0,0,0,0,0,0,0,0,0,0,0,0,0,0,0,-0.00482202236854807,-0.00591475875891486,0,0,0,-0.00626013167628985,0,-0.0000182905745983044,-0.0150460123840036,0,-0.00218980633357719,0,0,0,0,0,0,0,-0.00335848813970197,0,0,0.0473682623476736,0,0,0,0,0,0,-0.0043504520303233,-0.00585275873673527,0,-0.00659491618164022,0,0,0,0,0,0,0,0,0,0,0,0,0,0,0,0,0,-0.0104938120880054,0,0,0,0,0,0,0,0,0,0,0,0,0,0,0,0,0,-0.00278053452878716,0,0,0,0,0,0,0,0,0.0121779464575677,0,0,0,0.0234330478414678,0,0,0,0,0,0,0,0,0,0,0,0,0,0,0,0,0,0,0,0,0,0,0,0,0,0,0,0,-0.00650455243621513,-0.00972358831143411,-0.0134372552527815,0,0,0,0,0,0,0,0,-0.011337908658173,0,0,0,0,0,0
0.00124801242130036,0.658671443356481,-0.00982927322052608,0,0,0.0149745241524423,0,0,0,0,0,-0.0587247149549529,-0.00929063043699815,0,0,0,0,0.0494996112944073,0,0,0,0,0,0,0,0.0253229523563496,0,-0.00907982057737235,0,0,0,0,0,0,0,0,0,0,0,0,0.00207857607754453,0,0,0,0,0,0,0,0,0,0.00652259878215106,0,-0.000449305436827059,0,0,0,0,0,0,-0.00473341880199603,-0.00156347416116255,-0.0112795265800542,0,0,0,-0.00443831852839626,-0.0037421032323988,0,-0.0186773405790621,0,-0.00576510751000334,0,0,0,0,0,0,0,-0.00051528419786516,0,0,0.0680831129204501,0,0,0,0,0,0,-0.0148504707494269,-0.00985392778705958,0,-0.00294860654868055,0,0,0,0,0,0,0,0,0,-0.0149183548189547,0,0,0,0,0,0,0,-0.00277048012614065,0,0,0,0,0,0,0,0,0,0,0,0,0,0,0,0,0,-0.0107775780870617,0,0,0,0,0,0,0,0,0.0410789917140202,0,0,0,0.0239756092990732,0,0,0,0,0,0,0,0,-0.0141346406272076,0,0,0,0,0,0,0,0,0,0,0,0,0,0,0,0,0,0,0,0,-0.00694227530912722,-0.0214070532537763,0,0,0,0,0,0,0,0,-0.00418126611496083,0,0,0,0,0,0
0.00109623669171578,0.607902152983712,-0.0142911144764923,0,0,0.0182368044611563,0,0,0,0,0,0,-0.00283867885127171,0,0,0,0,0.0071589598632603,0,0,0,0,0,0,0,0,0,0,0,0,0,0,0,0,0,0,0,0,0,0,0,0,0,0,-0.00316458938235394,0,0,0,0,0,0,0,0,0,0,0,0,0,0,0,0,0,0,0,0,0,0,0,0,0,0,0.00173065811099698,0,0,0,0,0,0,0,0,0,0.033766379364473,0,0,0,0,0,0,0,0,0,0,0,0,0,0,0,0,0,0,0,0,0,0,0,0,0,0,0,-0.00447084175254898,0,0,0,0,0,0,0,0,0,0,0,0,0,0,0,0,0,-0.00329055570252324,0,0,0,0,0,0,0,0,0.0177329707269333,0,0,0,0.00531378265466594,0,0,0,0,0,0,0,0,0,0,0,0,0,0,0,0,0,0,0,0,0,0,0,0,0,0,0,0,0,0,0,0,0,0,0,0,0,0,0,0,0,0,0,0,0,0
0.00142383705489678,0.567057119131034,-0.00892939095274718,0,0,0.0160606148058506,0,-0.00737583288939235,0,0,0,-0.0816985055412778,-0.0187850996642362,0.0121172953547341,0,0,0,0.0468808014108068,0,0,0,0,0,0,0,0,0,0,0,0,0,0,0,0,-0.0235885204673186,0,0,0,0,0,0,0,0,0,-0.0106634358291153,0,0,0,0,0,0.0459515799921104,0,0,0,0,0,0,0,0,0,0,0,0,0,0,0,0,0,0,0,-0.00440393448101949,0.00399446833758175,0,0,0,0,0,0,0,0,0,0.0162634928275092,0,0,-0.0128916426424998,0,0,0,0,-0.0140866672462389,0,0,0,0,0,0,0,0.0252765832551093,0,0,0,0,0,0,0,0,0,0,0,-0.0074494488631466,0,0,0,0,0,0,0,0,0,0,0,0,0,0,0,0,0,0,0,0,0,0,0,0,0,0,0.0538600344397837,0,0,0,0.00641793154143803,0,0,0,0,0,0,0,0,0,0,0,0,0,0,0,0,0,0,0,0,0,0,0,0,0,0,0,0,-0.00286048186224748,-0.0187357061052197,0,0,0,0,0,0,0,0,0,0,0,0,0,0,0,0
0.00163381002991242,0.667925887632587,-0.00375715837313793,0,0,0.0211121525631628,0,0,0,0,0,-0.0109147216362711,-0.0507303895144501,0.0264128970523608,0,0,0,0.0716260016391844,0,0,0,0,0,0,0,0.0255025641801738,0,-0.0292370823157216,0,0.0222565447200435,0,0,0,0,0,0,0,0,0,0,0,0.00829764026730713,0,0,0,0,0,0,0,0,0.0413162526582301,0,0,0,0,0,-0.0021534586745762,0,0,-0.000588530092312859,-0.00448142149724479,-0.023627591536693,0,0,0,-0.0158133629604018,0,0,-0.0221534243203692,0,0,0,-0.000423927351598248,0,0,0,0,0,0,0,-0.000923580872718376,0.115294874704916,0,0,-0.0449482705960958,0,0,0,0,-0.00976258546027719,0,-0.0135737120792295,0,0,0,0,0,0.0669523794663252,0,0,0,0,0,0,0,0,0,0,0,0,0,0,0,0,0,0,0,-0.00165434895303164,0,0,0,0,0,0,0,0,0,-0.0000925778172178425,0,0,0,0,0,0,0,0,0.051570495425061,0,0,0,0.0110286227005075,0,0,0,0,0,0,0,0,0,0,0,0,0,0,0,0,0,0,0,0,0,0,0,0,0,0,0,0,-0.017038925284829,-0.0150692581533112,-0.0298215938061478,0,0,0,0,0,0,0,0,-0.025695054182913,0,0,0,0,0,0
0.0015988590857803,0.6344674925427,-0.00252519740335413,0,0,0,0,0,0,0,0,-0.0873671798555113,0,0.0245745338733173,0,-0.0193995864340957,0,0.05045955000005,0,0,0,0,0,0,0,0.00668743623914656,0,-0.00648690537440929,0,0.00638814466610843,0,0,0,0,0,0,0,0,0,0,0,0,0,0,0,0,0,0,0,0,0.0117560153401962,0,0,0,0,0,0,0,0,0,-0.00972354752498793,-0.00145486827668516,0,0,0,0,0,0,0,0,-0.00671795031065807,0,-0.0140642952394054,0,0,0,0,0,0,0,0,0.0487285320685684,-0.0084512584481256,0,0,0,0,0,0,-0.0233826038644366,0,0,0,-0.002155539841077,0,0,0,0,0,0,0,0,0,0,0,0,0,0,0,-0.000688676528355813,0,0,0,0,0,0,0,0,0,0,0,0,0,0,0,0,0,0,0,0,0,0,0,0,0,0,0.0456884402998357,0,0,0,0.00697890457596814,0,0,0,0,0,0,0,0,-0.00506053379685025,0,0,0,0,0,0,0,0,0,0,0,0,0,0,0,0,0,0,0,0,-0.0208034415368643,0,0,0,0,0,0,0,0,0,-0.01934518279375,0,0,0,0,0,0
0.00144584208656672,0.778706298662591,-0.0256052488293192,0,0,0.00188685723144415,0,0,0,0,0,-0.0351060648416176,-0.0206753636925892,0,0,0,0,0.0497931225237846,0,0,0,0,0,0,0,0,0,0,0,0,0,0,0,0,0,0,0,0,0,0,0,0.000895888032250905,0,0,0,0,0,0,0,0,0.0185354123123984,0,0,0,0,0,0,0,0,0,0,0,0,0,0,0,0,0,-0.00414070018887517,0,-0.0109405138598358,0,0,0,0,0,0,0,-0.00390031229590398,0,0,0.0268082925847145,0,-0.00925275387269555,-0.00372367090606562,0,0,0,0,-0.00196357623582909,0,-0.0284696171225667,0,0,0,0,0,0,0,0,0,0,0,0,0,0,0,0,0,-0.0132885670158754,0,0,0,0,0,0,0,0,0,0,0,0,0,0,0,0,0,0,0,0,0,0,0,0,0,0,0.00856783133532632,0,0,0,0.0232375336411603,0,0,0,0,0,0,0,0,0,0,0,0,0,-0.00964121905744836,0,0,0,0,0,0,0,0,0,0,0,0,0,0,0,-0.00610393002562696,-0.00995840818781683,0,0,0,0,0,0,0,0,-0.0178568557907237,0,0,0,0,0,0
0.00131847615809629,0.888230585691525,-0.00503713418997594,0,0,0,0,0,0,0,0,0,0,0,0,0,0,0.0222636347082757,0,0,0,0,0,0,0,0,0,0,0,0,0,0,0,0,0,0,0,0,0,0,0,0,0,0,0,0,0,0,0,0,0,0,0,0,0,0,0,0,0,0,0,0,0,0,0,0,0,0,0,0,0,0,0,0,0,0,0,0,0,0,0,0.0417797680295574,0,0,0,0,0,0,0,0,0,0,0,0,0,0,0,0,0,0,0,0,0,0,0,0,0,0,0,0,0,0,0,0,0,0,0,0,0,0,0,0,0,0,0,0,0,0,0,0,0,0,0,0,0,0,0,0,0,0,0.0144291889870978,0,0,0,0,0,0,0,0.00103516580082824,0,0,0,0,0,0,0,0,0,0,0,0,0,0,0,0,0,0,0,0,0,0,0,0,0,0,0,0,0,0,0,-0.00710839213905983,0,0,0,0,0,0
0.00124035407213079,0.827733709471582,-0.00637508458929433,0,0,0.0018385071893442,0,0,0,0,0,0,0,0,0,0,0,0.020286075241765,0,0,0,0,0,0,0,0,0,0,0,0,0,0,0,0,0,0,0,0,0,0,0,0,0,0,0,0,0,0,0,0,0,0,0,0,0,0,0,0,0,0,0,0,0,0,0,0,0,0,-0.00180619715957936,0,0,0,0,0,0,0,0,0,0,0,0,0.0365700348391263,0,0,0,0,0,0,0,0,0,0,0,0,0,0,0,0,0,0,0,0,0,0,0,0,0,0,0,0,0,0,0,0,0,0,0,0,0,0,0,0,0,0,0,0,0,0,0,0,0,0,0,0,0,0,0,0,0,0,0.00256872206107822,0,0,0,0,0,0,0,0,0,0,0,0,0,0,0,0,0,0,0,0,0,0,0,0,0,0,0,0,0,0,0,0,0,0,0,0,0,0,0,0,0,0,0,0,0,0
0.000739507067582681,0.780873056599687,0,0,0,0,0,0,0,0,0,0,0,0,0,0,0,0,0,0,0,0,0,0,0,0,0,0,0,0,0,0,0,0,0,0,0,0,0,0,0,0,0,0,0,0,0,0,0,0,0,0,0,0,0,0,0,0,0,0,0,0,0,0,0,0,0,0,0,0,0,0,0,0,0,0,0,0,0,0,0,0,0,0,0,0,0,0,0,0,0,0,0,0,0,0,0,0,0,0,0,0,0,0,0,0,0,0,0,0,0,0,0,0,0,0,0,0,0,0,0,0,0,0,0,0,0,0,0,0,0,0,0,0,0,0,0,0,0,0,0,0,0,0,0,0,0,0,0,0,0,0,0,0,0,0,0,0,0,0,0,0,0,0,0,0,0,0,0,0,0,0,0,0,0,0,0,0,0,0,0,0,0,0,0,0,0
0.000959738268970945,0.813724122079288,0,0,0,0,0,0,0,0,0,0,0,0,0,0,0,0.00953610353994138,0,0,0,0,0,0,0,0,0,0,0,0,0,0,0,0,0,0,0,0,0,0,0,0,0,0.0118028029423408,0,0,0,0,0,0,0,0,0,0,0,0,0,0,0,0,0,0,0,0,0,0,0,0,0,0,0,0,0,0,0,0,0,0,0,0,0,0,0,0,0,0,0,0,0,0,0,0,0,0,0,0,0,0,0,0,0,0,0,0,0,0,0,0,0,0,0,0,0,0,0,0,0,0,0,0,0,0,0,0,0,0,0,0,0,0,0,0,0,0,0,0,0,0,0,0,0,0,0,0,0,0,0,0,0,0,0,0,0,0,0,0,0,0,0,0,0,0,0,0,0,0,0,0,0,0,0,0,0,0,0,0,0,0,0,0,0,0,0,0,0,0,0
0.000816428271419184,0.811595711407339,0,0,0,0,0,0,0,0,0,0,0,0,0,0,0,0,0,0,0,0,0,0,0,0,0,0,0,0,0,0,0,0,0,0,0,0,0,0,0,0,0,0.00465314683235529,0,0,0,0,0,0,0,0,0,0,0,0,0,0,0,0,0,0,0,0,0,0,0,0,0,0,0,0,0,0,0,0,0,0,0,0,0,0,0,0,0,0,0,0,0,0,0,0,0,0,0,0,0,0,0,0,0,0,0,0,0,0,0,0,0,0,0,0,0,0,0,0,0,0,0,0,0,0,0,0,0,0,0,0,0,0,0,0,0,0,0,0,0,0,0,0,0,0,0,0,0,0,0,0,0,0,0,0,0,0,0,0,0,0,0,0,0,0,0,0,0,0,0,0,0,0,0,0,0,0,0,0,0,0,0,0,0,0,0,0,0,0,0
0.00147246452474653,0.883305307978326,0,0,0,0,0,0,0,0,0,0,0,0,0,0,0,0,0,0,0,0,0,0,0,0,0,0,0,0,0,0,0,0,0,0,0,0,0,0,0,0,0,0.0106163885568495,0,0,0,0,0,0,0,0,0,0,0,0,0,0,0,0,0,0,0,0,0,0,0,0,0,0,0,0,0,0,0,0,0,0,0,0,0,0,0,0,0,0,0,0,0,0,0,0,0,0,0,0,0,0,0,0,0,0,-0.00144443448160476,0,0,0,0,0,0,-0.000850878297124425,0,0,0,0,0,0,0,0,0,0,0,0,0,0,0,0,0,0,0,0,0,0,0,0,0,0,0,0,0,0,0.000217473326590781,0,0,0,0,0,0,0,0,0,0,0,0,0,0,0,0,0,0,0,0,0,0,0,0,0,0,0,0,0,0,0,0,0,0,0,0,0,0,0,0,0,0,0,0,0,0
0.0014176654738526,0.847148462169287,0,0,0,0,0,0,0,0,0,0,0,0,0,0,0,0,0,0,0,0.01004727948264,0,0,0,0,0,0,0,0,0,0,0,0,0,0,0,0,0,0,0,0,0,0.0323307874616606,0,0,0,0,0,0,0,0,0,0,0,0,0,0,0,0,0,0,0,0,0,0,0,0,0,0,0,0,0,0,0,0,0,0,0,0,0,0,0,0,0,0,0,0,0,0,0,0,0,0,0,0,0,0,0,0,0,0,-0.0000460706711174273,0,0,0,0,0,0,0,0,0,0,0,0,0,0,0,0,0,0,0,0,0,0,0,0,0,0,0,0,0,0,0,0,0,0,0,0,0,0,0,0,0,0,0,0,0,0,0,0,0,0,0,0,0,0,0,0,0,0,0,0,0,0,0,0,0,0,0,0,0,0,0,0,0,0,0,0,0,0,0,0,0,0,0,0
0.00125979970013687,0.814293189142584,-0.000100073410120768,0,0,0,0,0,0,0,0,0,0,0,0,0,0,0.00277107156751963,0,0,0,0.0071293244086003,0,0,0,0,0,0,0,0,0,0,0,0,0,0,0,0,0,0,0,0,0,0.0299021175415904,0,0,0,0,0,0,0,0,0,0,0,0,0,0,0,0,0,0,0,0,0,0,0,0,0,0,0,0,0,0,0,0,0,0,0,0,0,0,0,0,0,0,0,0,0,0,0,0,0,0,0,0,0,0,0,0,0,0,-0.00396046087932167,0,0,0,0,0,0,-0.00575951015225047,0,0,0,0,0,0,0,0,0,0,0,0,0,0,0,0,0,0,0,0,0,0,0,0,0,0,0,0,0,0,0.00853349638499281,0,0,0,0,0,0,0,0,0,0,0,0,0,0,0,0,0,0,0,0,0,0,0,0,0,0,0,0,0,0,0,0,0,0,0,0,0,0,0,0,0,0,0,0,0,0
0.00130724196115322,0.870299453766808,0,0,0,0,0,0,0,0,0,0,0,0,0,0,0,0,0,0,0,0.007065328324709,0,0,0,0,0,0,0,0,0,0,0,0,0,0,0,0,0,0,0,0,0,0.021344990625593,0,0,0,0,0,0,0,0,0,0,0,0,0,0,0,0,0,0,0,0,0,0,0,0,0,0,0,0,0,0,0,0,0,0,0,0,0,0,0,0,0,0,0,0,0,0,0,0,0,0,0,0,0,0,0,0,0,0,-0.0061580618215393,0,0,0,0,0,0,0,0,0,0,0,0,0,0,0,0,0,0,0,0,0,0,0,0,0,0,0,0,0,0,0,0,0,0,0,0,0,0,0,0,0,0,0,0,0,0,0,0,0,0,0,0,0,0,0,0,0,0,0,0,0,0,0,0,0,0,0,0,0,0,0,0,0,0,0,0,0,0,0,0,0,0,0,0
0.00160134462754779,0.948678455129988,0,0,0,0,0,0,0,0,0,0,0,0,0,0,0,0,0,0,0,0,0,0,0,0,0,0,0,0,0,0,0,0,0,0,0,0,0,0,0,0,0,0,0,0,0,0,0,0,0,0,0,0,0,0,0,0,0,0,0,0,0,0,0,0,0,0,0,0,0,0,0,0,0,0,0,0,0,0,0,0,0,0,0,0,0,0,-0.00170208267926463,0,0,0,0,0,0,0,0,0,0,0,0,0,0,0,0,0,0,0,0,0,0,0,0,0,0,0,0,0,0,0,0,0,0,0,0,0,0,0,0,0,0,0,0,0,0,0,0,0,0,0,0.0106694675208045,0,0,0,0,0,0,0,0,0,0,0,0,0,0,0,0,0,0,0,0,0,0,0,0,0,0,0,0,0,0,0,0,0,0,0,0,0,0,0,0,0,0,0,0,0,0
0.00206110766766724,1.00941286707659,-0.0131734205412771,0,0,0,0,0,0,-0.00260320292566904,0,0,0,0,0,0,0,0.00282606172521504,0,0,0,0,0,0,0,0,0,0,0,0,0,0,0,0,0,0,0,0,0,0,0,0,0,0,0,0,0,0,0,0,0,0,0,0,0,0,-0.00437842257770582,0,0,0,0,0,0,0,0,0,0,0,0,0,0,0,0,0,0,0,0,0,0,0,0,0,0,0,0,0,0,0,-0.0294773914409933,0,0,-0.00688519603718526,0,0,0,0,0,0,0,0,0,0,-0.0093833508577081,0,0,0,0,0,0,0,0,0,0,0,0,0,0,0,0,0,0,0,0,0,0,0,0,0,0,0,0,0,0,0,0,0,0,0,0,0,0.0164249101179576,0,0,0,0,0,0,0,0,0,0,0,0,0,0,0,0,0,0,0,0,0,0,0,0,0,0,0,0,0,0,0,0,0,0,0,0,0,0,0,0,0,0,0,0,0,0
0.00167220571464287,0.90857320762046,0,0,0,0,0,0,0,0,0,0,0,0,0,0,0,0,0,0,0,0,0,0,0,0,0,0,0,0,0,0,0,0,0,0,0,0,0,0,0,0,0,0.00755348234603263,0,0,0,0,0,0,0,0,0,0,0,0,0,0,0,0,0,0,0,0,0,0,0,0,0,0,0,0,0,0,0,0,0,0,0,0,0,0,0,0,0,0,0,0,0,0,0,0,0,0,0,0,0,0,0,0,0,0,0,0,0,0,0,0,0,0,0,0,0,0,0,0,0,0,0,0,0,0,0,0,0,0,0,0,0,0,0,0,0,0,0,0,0,0,0,0,0.00842833674205029,0,0,0,0,0,0,0,0,0,0,0,0,0,0,0,0,0,0,0,0,0,0,0,0,0,0,0,0,0,0,0,0,0,0,0,0,0,0,0,0,0,0,0,0,0,0
0.0017352321826988,0.932820495855688,0,0,0,0,0,0,0,0,0,0,0,0,0,0,0,0,0,0,0,0,0,0,0,0,0,0,0,0,0,0,0,0,0,0,0,0,0,0,0,0,0,0,0,0,0,0,0,0,0,0,0,0,0,0,0,0,0,0,0,0,0,0,0,0,0,0,0,0,0,0,0,0,0,0,0,0,0,0,0,0,0,0,0,0,0,0,-0.0111142725079113,0,0,0,0,0,0,0,0,0,0,0,0,0,0,0,0,0,0,0,0,0,0,0,0,0,0,0,0,0,0,0,0,0,0,0,0,0,0,0,0,0,0,0,0,0,0,0,0,0,0,0,0.00742414791800393,0,0,0,0,0,0,0,0,0,0,0,0,0,0,0,0,0,0,0,0,0,0,0,0,0,0,0,0,0,0,0,0,0,0,0,0,0,0,0,0,0,0,0,0,0,0
0.00165547073303114,0.920755077820406,0,0,0,0,0,0,0,0,0,0,0,0,0,0,0,0,0,0,0,0.0189744626782527,0,0,0,0,0,0,0,0,0,0,0,0,0,0,0,0,0,0,0,0,0,0.0132286710524862,0,0,0,0,0,0,0,0,0,0,0,0,0,0,0,0,0,-0.00544398282181684,0,0,0,0,0,0,0,0,0,0,0,0,0,0,0,0,0,0,0,0,0,-0.00353770951141753,0,0,0,0,-0.0163541960000754,0,0,0,0,0,0,0,0,0,0,0,0,0,-0.0108145938047287,0,0,0,0,0,0,0,0,0,0,0,0,0,0,0,0,0,0,0,0,0,0,0,0,0,0,0,0,0,0,0,0,0,0,0,0,0,0.0035947310935616,0,0,0,0,0,0,0,0,0,0,0,0,0,0,0,0,0,0,0,0,0,0,0,0,0,0,0,0,0,0,0,0,0,0,0,0,0,0,0,0,0,0,0,0,0,0
0.00195217679417636,0.986209901073396,0,0,0,0,0,0,0,0,0,0,0,0,0,0,0,0,0,0,0,0.0312197840271141,0,-0.00279744965472315,0,0,0,0,0,0,0,0,0,0,-0.0000128560374424092,0,0,0,0,0,0,0,0,0.0278811295894053,0,0,0,0,0,0,0,0,0,0,0,0,0,0,-0.0284153092160607,0,0,-0.00210442149286311,0,0,0,0,0,0,0,0,0,0,0,0,0,0,0,0,0,0,0,0,0,0,-0.017801928325734,0,0,0,-0.0473888630076848,0,0,0,0,0,0,0,0,0,0,0,0,0,-0.0109916044280246,0,0,0,0,0,0,0,0,0,0,0,0,0,0,0,0,0,0,0,0,0,0.0112983281632957,0,0,0,0,0,0.00744683029566055,0,0,0,0,0,0,0,0,0,0,0,0,0,0,0,0,0,0,0,0,0,0,0,0,0,0,0,0,0,0,0,0,0,0,0,0,0,0,0,0,0,0,0,0,0,0,0,-0.00188914079529539,0,0,0,0,0,0,0,0
0.00152631984552831,0.920431393325296,-0.00622426977375569,0,0,0,0,0,0,0,0,0,0,0,0,0,0,0,0,0,0,0.0237003836046418,0,0,0,0,0,0,0,0,0,0,0,0,0,0,0,0,0,0,0,0,0,0.00678131471070493,0,0,0,0,0,0,0,0,-0.00477333351736625,-0.0139790217817739,0,0,0,0,-0.0402647108454572,0,0,-0.00592784247622417,0,0,0,0,0,0,0,0,0,0,0,0,0,0,0,0,0,0,0,0,0,0,0,0,0,0,-0.0353594917716295,0,0,0,0,0,0,0,0,0,0,0,0,0,-0.0219187539781328,0,0,0,0,0,0,0,0,0,0,0,0,0,0,0,0,0,0,0,0,0,0,0,0,0,0,0,0,0,0,0,0,0,0,0,0,0,0.0149042951736488,0,0,0,0,0,0,0,0,0,0,0,0,0,0,0,0,0,0,0,0,0,0,0,0,0,0,0,0,0,0,-0.000369059706400743,0,0,0,0,0,0,-0.00181359066559043,0,0,0,0,0,0,0,0
0.00134165689094845,0.899005220816138,-0.00608773452906912,0,0,0,0,0,0,-0.0154939734766324,0,0,0,0,0,0,0,0,0,0,0,0.00531026103770729,0,0,0,0,0,0,0,0,0,0,0,0,0,0,0,0,0,0,0,0,0,0,0,0,0,0,0,0,0,0,-0.00833980489077834,0,0,0,0,0,0,0,0,0,0,-0.0140752864495788,0,0,0,0,0,0,0,0,0,0,0,0,0,0,0,0,0,0,0,-0.0180552900809776,0,0,0,0,-0.0226873158424562,0,0,0,0,0,0,0,0,0,0,0,0,-0.005258712708759,-0.0133386054864718,0,0,0,0,0,0,0,0,0,0,0,0,0,0,0,0,0,0,0,0,0,0,0,0,0,0,0,0,0,0,0,0,0,0,0,0,0,0.0110963491399143,0,0,0,0,0,0,0,0,0,0,0,0,0,0,0,0,0,0,0,0,0,0,0,0,0,0,0,0,0,0,0,0,0,0,0,0,0,0,0,0,0,0,0,0,0,0
0.00121343553270707,0.83061714428812,-0.0106454299500958,0,0,0,0,0,0,0,0,0,0,0,0,0,0,0,0,0,0,0,0,0,0,0,0,0,0,0,0,0,0,0,0,0,0,0,0,0,0,0,0,0,0,0,0,0,0,0,0,0,0,0,0,0,0,0,0,0,0,0,0,0,0,0,0,0,0,0,0,0,0,0,0,0,0,0,0,0,0,0,0,0,0,0,0,0,-0.00372959346142357,0,0,0,0,0,0,0,0,0,0,0,0,0,0,0,0,0,0,0,0,0,0,0,0,0,0,0,0,0,0,0,0,0,0,0,0,0,0,0,0,0,0,0,0,0,0,0,0,0,0,0,0.0072303741307135,0,0,0,0,0,0,0,0,0,0,0,0,0,0,0,0,0,0,0,0,0,0,0,0,0,0,0,0,0,0,0,0,0,0,0,0,0,0,0,0,0,0,0,0,0,0
0.00146313621157462,0.885413945891556,0,0,0,0,0,0,0,-0.0137210098102686,0,0,0,0,0,0,0,0,0,0,0,0.0575539169471323,0,0,0,0,0,0,0,0,0,0,0,0,0,0,0,0,0,0,0,0,0,0.0145233407423289,0,0,0,0,0,0,0,0,-0.0116615137847972,0,0,0,0,0,0,0,0,-0.00156775848112615,0,-0.00484406866768731,0,0,0,0,0,0,0,0,0,0,0,0,0,0,0,0,0,0,0,-0.0178574229198996,-0.00249963167797076,0,0,0,-0.0422920810297937,0,0,0,0,0,0,0,0,0,0,0,0,0,-0.00101415092204303,0,0,0,0,0,0,0,0,0,0,0,0,0,0,0,0,0,0,0,0,0,0.0101008601746317,0,0,0,0,0,0,0,0,0,0,0,0,0,0,0,0.00913173845484342,0,0,0,0,0,0,0,0,0,0,0,0,0,0,0,0,0,0,0,0,0,0,0,0,0,0,0,0,0,0,0,0,0,0,0,0,0,0,0,0,0,0,0,0,0,0
0.000220558784214957,0.683108608991366,0,0,0,0,0,0,0,0,0,0,0,0.000738878033100345,0,0,0,0,0,0,0,0,0,0,0,0,0,0,0,0,0,0,0,0.0180917230477765,0,0,0,0.00265028726278904,0,0,0,0,0,0,0,0,0,0,0,0,0,0,0,0,0,0,0,0,0,0,0,0.0117460800239471,0,0,0,0,0,0,0,0,0,0,0,0,0,0,0,0,0,0,0,0,0,0,0,0,0,0.00202234718810518,0,0,0,-0.000276825541410136,0,0,0,0,0,0,0,0,0,0,0,0,0,0,0,0,0,-0.005958909529877,0,0,0,0,0,0,0,0,0,0,0,0,0,0,0,0,0,0,0,0,0.0243446104115314,0,0,0,0,0,0,0,0,0,0,0,0,0,0,0,0,0,0,0,0,0,0.011930500962896,0,0,0,0,0,0,0,0,0,0,0,0,0,0,0,0,0,0,0,0,0,0,0,0,0,0,0,0,0,0,0,0,0,0
-0.000116466366431457,0.676117678980469,0,0,0,0,0,0,0,0,0,0,0,0,0,0,0,0,0,0,0,0,0,0,0,0,0,0,0,0.00354872309775537,0,0,0,0.00134167465476759,0,0,0,0,0,0,0,0,0,0,0,0,0,0,0,0,0,0,0,0,0,0,0,0,0,0,0,0,0,0,0,0,0,0,0,0,0,0,0,0,0,0,0,0,0,0,0,0,0,0,0,0,0,0,0,0,0,0,0,0,0,0,0,0,0,0,0,0,0,0,0,0,0,0,0,0,0,0,0,0,0,0,0,0,0,0,0,0,0,0,0,0,0,0,0,0.00339369735436614,0,0,0,0,0,0,0,0,0,0,0,0,0,0,0,0,0,0,0,0,0,0,0,0,0,0,0,0,0,0,0,0,0,0,0,0,0,0,0,0,0,0,0,0,0,0,0,0,0,0,0,0,0,0,0,0,0
0.000671639886834074,0.827897179343045,-0.00517015514542768,0,0,0,0,0,0,0,0,0,0,0,0,0,0,0.0114398397634382,0,0,0,0,0,0,0,0,0,0,0,0,0,0,0,0,0,0,0,0,0,0,0,0,0,0,0,0,0,0,0,0,0,0,0,0,0,0,0,0,0,0,0,0,0,0,0,0,0,0,0,0,0,0,0,0,0,0,0,0,0,0,0,0,0,0,0,0,0,0,0,0,0,0,0,0,0,0,0,0,0,0,0,0,0,0,0,0,0,0,0,0,0,0,0,0,0,0,0,0,0,0,0,0,0,0,0,0,0,0,0,0,0,0,0,0,0,0,0,0,0,0,0.00713154845318441,0,0,0,0,0,0,0,0,0,0,0,0,0,0,0,0,0,0,0,0,0,0,0,0,0,0,0,0,0,0,0,0,0,0,0,0,0,0,0,0,0,0,0,0,0,0
NA,NA,NA,NA,NA,NA,NA,NA,NA,NA,NA,NA,NA,NA,NA,NA,NA,NA,NA,NA,NA,NA,NA,NA,NA,NA,NA,NA,NA,NA,NA,NA,NA,NA,NA,NA,NA,NA,NA,NA,NA,NA,NA,NA,NA,NA,NA,NA,NA,NA,NA,NA,NA,NA,NA,NA,NA,NA,NA,NA,NA,NA,NA,NA,NA,NA,NA,NA,NA,NA,NA,NA,NA,NA,NA,NA,NA,NA,NA,NA,NA,NA,NA,NA,NA,NA,NA,NA,NA,NA,NA,NA,NA,NA,NA,NA,NA,NA,NA,NA,NA,NA,NA,NA,NA,NA,NA,NA,NA,NA,NA,NA,NA,NA,NA,NA,NA,NA,NA,NA,NA,NA,NA,NA,NA,NA,NA,NA,NA,NA,NA,NA,NA,NA,NA,NA,NA,NA,NA,NA,NA,NA,NA,NA,NA,NA,NA,NA,NA,NA,NA,NA,NA,NA,NA,NA,NA,NA,NA,NA,NA,NA,NA,NA,NA,NA,NA,NA,NA,NA,NA,NA,NA,NA,NA,NA,NA,NA,NA,NA,NA,NA,NA,NA,NA,NA,NA
0.00217364354313164,1.08083071718937,-0.0173433370585496,0,0,0,0,0,0,0,0,0,0,0,0,0,0,0.0163266225032728,0,0,0,0,0,0,0,0,0,0,0,0,0,0,0,0,0,0,0,0,0,0,0,0,0,0,0,0,0,0,0,0,0,0,-0.00761900015008708,0,0,0,0,0,0,0,0,0,0,-0.00312374244526051,0,0,0,0,0,0,0,0,0,0,0,0,0,0,0,0,0,0,0,0,0,0,0,0,-0.0185522785876258,0,0,-0.0124591025352262,0,0,0,0,0,0,0,0,0,0,0,0,0,0,0,0,0,0,0,0,0,0,0,0,0,0,0,0,0,0,0,0,0,0,0,0,0,0,0,0,0,0,0,0,0,0,0,0,0.0355491867091502,0,0,0,0,0,0,0,0,0,0,0,0,0,0,0,0,0,0,0,0,0,0,0,0,0,0,0,0,0,0,0,0,0,0,0,0,0,0,0,0,0,0,0,0,0,0
NA,NA,NA,NA,NA,NA,NA,NA,NA,NA,NA,NA,NA,NA,NA,NA,NA,NA,NA,NA,NA,NA,NA,NA,NA,NA,NA,NA,NA,NA,NA,NA,NA,NA,NA,NA,NA,NA,NA,NA,NA,NA,NA,NA,NA,NA,NA,NA,NA,NA,NA,NA,NA,NA,NA,NA,NA,NA,NA,NA,NA,NA,NA,NA,NA,NA,NA,NA,NA,NA,NA,NA,NA,NA,NA,NA,NA,NA,NA,NA,NA,NA,NA,NA,NA,NA,NA,NA,NA,NA,NA,NA,NA,NA,NA,NA,NA,NA,NA,NA,NA,NA,NA,NA,NA,NA,NA,NA,NA,NA,NA,NA,NA,NA,NA,NA,NA,NA,NA,NA,NA,NA,NA,NA,NA,NA,NA,NA,NA,NA,NA,NA,NA,NA,NA,NA,NA,NA,NA,NA,NA,NA,NA,NA,NA,NA,NA,NA,NA,NA,NA,NA,NA,NA,NA,NA,NA,NA,NA,NA,NA,NA,NA,NA,NA,NA,NA,NA,NA,NA,NA,NA,NA,NA,NA,NA,NA,NA,NA,NA,NA,NA,NA,NA,NA,NA,NA
0.00124227559257301,1.05126320746515,0,0,0,0.0179125806528747,0,0,0,0,0,0,0,0,0,0,0,0.0344523184376858,0,0,0,0,0,0,0,0,0,-0.00309772748325237,0,0,0,0,0,0,0,0,0,0,0,0,0,0,0,0,0,0.0111706503403612,0,0,0,0,0,-0.000829987105089942,-0.00939317309482378,0,0,0,-0.00181750488559841,0,0,0,0,0,0,-0.0094053183035185,0,0,0,0,0,0,0,0,0,0,0,0,0,0,0,0,0,0.00749127252601522,0,-0.00420409015130811,0,0,0,0,-0.0352115680857387,0,0,-0.00925541194601356,0,0,0,0,0,0,0,0,0,0,0,0,0,0,-0.00205031592797841,0,0,0,0,0,0,0,0,0,0,0,0,0,0,0,0,0,0,0,0,0,0,0,0,0,0,0,0,0,0,0,0,0,0.0366533946991853,0,0,0,0,0,0,0,0,0,0,0,0,0,0,0,0,0,0,0,0,0,0,0,0,0,0,0,0,0,0,0,0,0,0,0,0,0,0,0,-0.00920639065965225,0,0,0,0,0,0
0.000861429868893099,0.888452421316639,-0.00540579361328873,0,0,0.00454753996356768,0,0,0,0,0,0,0,0,0,0,0,0.0130318394512927,0,0,0,0,0,0,0,0,0,0,0,0,0,0,0,0,0,0,0,0,0,0,0,0,0,0,0,0,0,0,0,0,0,0,-0.0126023944907582,0,0,0,0,0,0,0,0,0,0,0,0,0,0,0,0,0,-0.00710428462254076,0,0,0,0,0,0,0,0,0,0,0,0,0,0,0,0,0,0,0,0,0,0,0,0,0,0,0,0,0,0,-0.000314478088564846,0,0,0,0,0,0,0,0,0,0,0,0,0,0,0,0,0,0,0,0,0,0,0,0,0,0,0,0,0,0,0,0,0,0,0,0,0,0,0.0436259711945926,0,0,0,0,0,0,0,0,0,0,0,0,0,0,0,0,0,0,0,0,0,0,0,0,0,0,0,0,0,0,0,0,0,0,0,0,0,0,0,0,0,0,0,0,0,0
0.000472844336605383,0.838523231413883,-0.00209740346215648,0,0,0,0,0,0,0,0,0,0,0,0,0,0,0.000282446668588448,0,0,0,0,0,0,0,0,0,0,0,0,0,0,0,0,0,0,0,0,0,0,0,0,0,0,0,0,0,0,0,0,0,0,0,0,0,0,0,0,0,0,0,0,0,0,0,0,0,0,0,0,0,0,0,0,0,0,0,0,0,0,0,0,0,0,0,0,0,0,0,0,0,0,0,0,0,0,0,0,0,0,0,0,0,0,0,0,0,0,0,0,0,0,0,0,0,0,0,0,0,0,0,0,0,0,0,0,0,0,0,0,0,0,0,0,0,0,0,0,0,0,0,0,0,0,0,0,0,0,0,0,0,0,0,0,0,0,0,0,0,0,0,0,0,0,0,0,0,0,0,0,0,0,0,0,0,0,0,0,0,0,0,0,0,0,0,0,0
NA,NA,NA,NA,NA,NA,NA,NA,NA,NA,NA,NA,NA,NA,NA,NA,NA,NA,NA,NA,NA,NA,NA,NA,NA,NA,NA,NA,NA,NA,NA,NA,NA,NA,NA,NA,NA,NA,NA,NA,NA,NA,NA,NA,NA,NA,NA,NA,NA,NA,NA,NA,NA,NA,NA,NA,NA,NA,NA,NA,NA,NA,NA,NA,NA,NA,NA,NA,NA,NA,NA,NA,NA,NA,NA,NA,NA,NA,NA,NA,NA,NA,NA,NA,NA,NA,NA,NA,NA,NA,NA,NA,NA,NA,NA,NA,NA,NA,NA,NA,NA,NA,NA,NA,NA,NA,NA,NA,NA,NA,NA,NA,NA,NA,NA,NA,NA,NA,NA,NA,NA,NA,NA,NA,NA,NA,NA,NA,NA,NA,NA,NA,NA,NA,NA,NA,NA,NA,NA,NA,NA,NA,NA,NA,NA,NA,NA,NA,NA,NA,NA,NA,NA,NA,NA,NA,NA,NA,NA,NA,NA,NA,NA,NA,NA,NA,NA,NA,NA,NA,NA,NA,NA,NA,NA,NA,NA,NA,NA,NA,NA,NA,NA,NA,NA,NA,NA
-0.000107262986882445,0.782101714035772,-0.00973494790454444,0,0,0.0327957735024468,0,0,0,0,0,-0.0149497102544685,0,0,0,0,0,0.0418195567055111,0,0,0,0,0,0,0,0,0,-0.00680868541883917,0,0,0,0,0,0,0,0,0,0,0,0,0,0,0,0,0,0,0,0,0,0,0,0,0,0,0,0,0,0,0,0,0,0,0,0,0,0,0,0,-0.00295350254836658,0,-0.00130661268822291,0,0,0,0,0,0,0,0,0,0,0.00990072724297301,0,0,0,0,0,0,0,0,0,0,0,0,0,0,0,0,0,0,0,-0.00191138460874832,0,0,0,0,0,0,0,0,0,0,0,0,0,0,0,0,0,0,0,0,0,0,0,0,0,0,0,0,0.0162870029913907,0,0,0,0,0,0.0173939862687448,0,0,0,0.00124723763736677,0,0,0,0,0,0,0,0,0,0,0,0,0,0,0,0,0,0,0,0,0,0,0,0,0,0,0,0,0,0,0,0,0,0,0,0,0,0,0,-0.000390808926353397,0,0,0,0,0,0
NA,NA,NA,NA,NA,NA,NA,NA,NA,NA,NA,NA,NA,NA,NA,NA,NA,NA,NA,NA,NA,NA,NA,NA,NA,NA,NA,NA,NA,NA,NA,NA,NA,NA,NA,NA,NA,NA,NA,NA,NA,NA,NA,NA,NA,NA,NA,NA,NA,NA,NA,NA,NA,NA,NA,NA,NA,NA,NA,NA,NA,NA,NA,NA,NA,NA,NA,NA,NA,NA,NA,NA,NA,NA,NA,NA,NA,NA,NA,NA,NA,NA,NA,NA,NA,NA,NA,NA,NA,NA,NA,NA,NA,NA,NA,NA,NA,NA,NA,NA,NA,NA,NA,NA,NA,NA,NA,NA,NA,NA,NA,NA,NA,NA,NA,NA,NA,NA,NA,NA,NA,NA,NA,NA,NA,NA,NA,NA,NA,NA,NA,NA,NA,NA,NA,NA,NA,NA,NA,NA,NA,NA,NA,NA,NA,NA,NA,NA,NA,NA,NA,NA,NA,NA,NA,NA,NA,NA,NA,NA,NA,NA,NA,NA,NA,NA,NA,NA,NA,NA,NA,NA,NA,NA,NA,NA,NA,NA,NA,NA,NA,NA,NA,NA,NA,NA,NA
0.000143432326053971,0.788621559987541,0,0,0,0,0,0,0,0,0,0,0,0,0,0,0,0,0,0,0,0,0,0,0,0,0,0,0,0,0,0,0,0,0,0,0,0,0,0,0,0,0,0,0,0,0,0,0,0,0,0,0,0,0,0,0,0,0,0,0,0,0,0,0,0,0,0,0,0,0,0,0,0,0,0,0,0,0,0,0,0,0,0,0,0,0,0,0,0,0,0,0,0,0,0,0,0,0,0,0,0,0,0,0,0,0,0,0,0,0,0,0,0,0,0,0,0,0,0,0,0,0,0,0,0,0,0,0,0,0,0,0,0,0,0,0,0,0,0,0,0,0,0,0,0,0,0,0,0,0,0,0,0,0,0,0,0,0,0,0,0,0,0,0,0,0,0,0,0,0,0,0,0,0,0,0,0,0,0,0,0,0,0,0,0,0
0.000210293828812068,0.768933599835053,-0.0213429473104307,0,0,0,0,0,0,0,0,0,0,0,-0.00713375745984828,0,0,0,0,0,0,0,0,0,0,0,0,0,0,0,0,0,0,0,0,0,0,0,0,0,0,0,0,0,0,0,0,0,0,0,0,0,0,0,0,0,0,0,0,0,0,0,0,0,0,0,0,0,0,0,0,0,0,0,0,0,0,0,-0.00151548476384686,0,0,0,0,0,0,0,0,0,0,0,0,0,0,0,0,0,0,0,0,0,0,0,0,0,0,0,0,0,0,0,0,0,0,0,0,0,0,0,0,0,0,0,0,0,0,0,0,0,0,0,0,0,0,0,0,0,0,0,0,0,0,0,0,0,0,0,-0.00556830602379157,0,0,0,0,0,0,0,0,0,0,0,0,0,0,0,0,0,0,0,0,0,0,0,0,0,0,0,0,0,0,0,0,0,0,0,0,0,0,0,0
0.000240242555355167,0.787968425058796,-0.0181085973179843,0,0,0,0,0,0,0,0,0,0,0,-0.00378057489516652,0,0,0,0,0,0,0,0,0,0,0,0,0,0,0,0,0,0,0,0,0,0,0,0,0,0,0,0,0,0,0,0,0,0,0,0,0,0,0,0,0,0,0,0,0,0,0,0,0,0,0,0,0,0,0,0,0,0,0,0,0,0,0,0,0,0,0,0,0,0,0,0,0,0,0,0,0,0,0,0,0,0,0,0,0,0,0,0,0,0,0,0,0,0,0,0,0,0,0,0,0,0,0,0,0,0,0,0,0,0,0,0,0,0,0,0,0,0,0,0,0,0,0,0,0,0,0,0,0,0,0,0,0,0,0,0,0,0,0,0,0,0,0,0,0,0,0,0,0,0,0,0,0,0,0,0,0,0,0,0,0,0,0,0,0,0,0,0,0,0,0,0
-0.00024275903872198,0.79926350181097,0,0,0,0,0,0,0,0,0,0,0,0,0,0,0,0,0,0,0,0,0,0,0,0,0,0,0,0,0,0,0,0,0,0,0,0,0,0,0,0,0,0,0,0,0,0,0,0,0,0,0,0,0,0,0,0,0,0,0,0,0,0,0,0,0,0,0,0,0,0,0,0,0,0,0,0,0,0,0,0,0,0,0,0,0,0,0,0,0,0,0,0,0,0,0,0,0,0,0,0,0,0,0,0,0,0,0,0,0,0,0,0,0,0,0,0,0,0,0,0,0,0,0,0,0,0,0,0,0,0,0,0,0,0,0,0,0,0,0,0,0,0,0,0,0,0,0,0,0,0,0,0,0,0,0,0,0,0,0,0,0,0,0,0,0,0,0,0,0,0,0,0,0,0,0,0,0,0,0,0,0,0,0,0,0
0.000134260219677808,0.792526241446486,0,0,0,0,0,0,0,0,0,0,0,0,0,0,0,0,0,0,0,0,0,0,0,0,0,0,0,0,0,0,0,0,0,0,0,0,0,0,0,0,0,0,0,0,0,0,0,0,0,0,0,0,0,0,0,0,0,0,0,0,0,0,0,0,0,0,0,0,0,0,0,0,0,0,0,0,0,0,0,0,0,0,0,0,0,0,0,0,0,0,0,0,0,0,0,0,0,0,0,0,0,0,0,0,0,0,0,0,0,0,0,0,0,0,0,0,0,0,0,0,0,0,0,0,0,0,0,0,0,0,0,0,0,0,0,0,0,0,0,0,0,0,0,0,0,0,0,0,0,0,0,0,0,0,0,0,0,0,0,0,0,0,0,0,0,0,0,0,0,0,0,0,0,0,0,0,0,0,0,0,0,0,0,0,0
NA,NA,NA,NA,NA,NA,NA,NA,NA,NA,NA,NA,NA,NA,NA,NA,NA,NA,NA,NA,NA,NA,NA,NA,NA,NA,NA,NA,NA,NA,NA,NA,NA,NA,NA,NA,NA,NA,NA,NA,NA,NA,NA,NA,NA,NA,NA,NA,NA,NA,NA,NA,NA,NA,NA,NA,NA,NA,NA,NA,NA,NA,NA,NA,NA,NA,NA,NA,NA,NA,NA,NA,NA,NA,NA,NA,NA,NA,NA,NA,NA,NA,NA,NA,NA,NA,NA,NA,NA,NA,NA,NA,NA,NA,NA,NA,NA,NA,NA,NA,NA,NA,NA,NA,NA,NA,NA,NA,NA,NA,NA,NA,NA,NA,NA,NA,NA,NA,NA,NA,NA,NA,NA,NA,NA,NA,NA,NA,NA,NA,NA,NA,NA,NA,NA,NA,NA,NA,NA,NA,NA,NA,NA,NA,NA,NA,NA,NA,NA,NA,NA,NA,NA,NA,NA,NA,NA,NA,NA,NA,NA,NA,NA,NA,NA,NA,NA,NA,NA,NA,NA,NA,NA,NA,NA,NA,NA,NA,NA,NA,NA,NA,NA,NA,NA,NA,NA
0.000275679404422169,0.760878120702782,-0.0102784469844077,0,0,0,0,0,0,0,0,0,0,0,0,0,0,0,0,0,0,0,0,0,0,0,0,0,0,0,0,0,0,0,0,0,0,0,0,0,0,0,0,0,0,0,0,0,0,0,0,0,0,0,0,0,0,0,0,0,0,0,0,0,0,0,0,0,0,0,0,0,0,0,0,0,0,0,0,0,0,0,0,0,0,0,0,0,0,0,0,0,0,0,0,0,0,0,0,0,0,0,0,0,0,0,0,0,0,0,0,0,0,0,0,0,0,0,0,0,0,0,0,0,0,0,0,0,0,0,0,0,0,0,0,0,0,0,0,0,0.00117416295764759,0,0,0,0,0,0,0,0,0,0,0,0,0,0,0,0,0,0,0,0,0,0,0,0,0,0,0,0,0,0,0,0,0,0,0,0,0,0,0,0,0,0,0,0,0,0
NA,NA,NA,NA,NA,NA,NA,NA,NA,NA,NA,NA,NA,NA,NA,NA,NA,NA,NA,NA,NA,NA,NA,NA,NA,NA,NA,NA,NA,NA,NA,NA,NA,NA,NA,NA,NA,NA,NA,NA,NA,NA,NA,NA,NA,NA,NA,NA,NA,NA,NA,NA,NA,NA,NA,NA,NA,NA,NA,NA,NA,NA,NA,NA,NA,NA,NA,NA,NA,NA,NA,NA,NA,NA,NA,NA,NA,NA,NA,NA,NA,NA,NA,NA,NA,NA,NA,NA,NA,NA,NA,NA,NA,NA,NA,NA,NA,NA,NA,NA,NA,NA,NA,NA,NA,NA,NA,NA,NA,NA,NA,NA,NA,NA,NA,NA,NA,NA,NA,NA,NA,NA,NA,NA,NA,NA,NA,NA,NA,NA,NA,NA,NA,NA,NA,NA,NA,NA,NA,NA,NA,NA,NA,NA,NA,NA,NA,NA,NA,NA,NA,NA,NA,NA,NA,NA,NA,NA,NA,NA,NA,NA,NA,NA,NA,NA,NA,NA,NA,NA,NA,NA,NA,NA,NA,NA,NA,NA,NA,NA,NA,NA,NA,NA,NA,NA,NA
-0.0000778077462387913,0.831307315518976,0,0,0,0,0,0,0,0,0,0,0,0,0,0,0,0,0,0,0,0,0,0,0,0,0,0,0,0,0,0,0,0,0,0,0,0,0,0,0,0,0,0,0,0,0,0,0,0,0,0,0,0,0,0,0,0,0,0,0,0,0,0,0,0,0,0,0,0,0,0,0,0,0,0,0,0,0,0,0,0,0,0,0,0,0,0,0,0,0,0,0,0,0,0,0,0,0,0,0,0,0,0,0,0,0,0,0,0,0,0,0,0,0,0,0,0,0,0,0,0,0,0,0,0,0,0,0,0,0,0,0,0,0,0,0,0,0,0,0,0,0,0,0,0,0,0,0,0,0,0,0,0,0,0,0,0,0,0,0,0,0,0,0,0,0,0,0,0,0,0,0,0,0,0,0,0,0,0,0,0,0,0,0,0,0
0.0000458710551507835,0.800881219936891,0,0,0,0,0,0,0,0,0,0,0,0,0,0,0,0,0,0,0,0,0,0,0,0,0,0,0,0,0,0,0,0,0,0,0,0,0,0,0,0,0,0,0,0,0,0,0,0,0,0,0,0,0,0,0,0,0,0,0,0,0,0,0,0,0,0,0,0,0,0,0,0,0,0,0,0,0,0,0,0,0,0,0,0,0,0,0,0,0,0,0,0,0,0,0,0,0,0,0,0,0,0,0,0,0,0,0,0,0,0,0,0,0,0,0,0,0,0,0,0,0,0,0,0,0,0,0,0,0,0,0,0,0,0,0,0,0,0,0,0,0,0,0,0,0,0,0,0,0,0,0,0,0,0,0,0,0,0,0,0,0,0,0,0,0,0,0,0,0,0,0,0,0,0,0,0,0,0,0,0,0,0,0,0,0
0.000438576905723756,0.887616953321265,0,0,0,0,0,0,0,0,0,0,0,0,0,0,0,0,0,0,0,0,0,0,0,0,0,0,0,0,0,0,0,0,0,0,0,0,0,0,0,0,0,0,0,0,0,0,0,0,0,0,0,0,0,0,0,0,0,0,0,0,0,0,0,0,0,0,0,0,0,0,0,0,0,0,0,0,0,0,0,0,0,0,0,0,0,0,0,0,0,0,0,0,0,0,0,0,0,0,0,0,0,0,0,0,0,0,0,0,0,0,0,0,0,0,0,0,0,0,0,0,0,0,0,0,0,0,0,0,0,0,0,0,0,0,0,0,0,0,0,0,0,0,0,0,0,0,0,0,0,0,0,0,0,0,0,0,0,0,0,0,0,0,0,0,0,0,0,0,0,0,0,0,0,0,0,0,0,0,0,0,0,0,0,0,0
-0.00028536144494077,0.808755876174988,0,0,0,0,0,0,0,0,0,0,0,0,0,0,0,0,0,0,0,0,0,0,0,0,0,0,0,0,0,0,0,0,0,0,0,0,0,0,0,0,0,0,0,0,0,0,0,0,0,0,0,0,0,0,0,0,0,0,0,0,0,0,0,0,0,0,0,0,0,0,0,0,0,0,0,0,0,0,0,0,0,0,0,0,0,0,0,0,0,0,0,0,0,0,0,0,0,0,0,0,0,0,0,0,0,0,0,0,0,0,0,0,0,0,0,0,0,0,0,0,0,0,0,0,0,0,0,0,0,0,0,0,0,0,0,0,0,0,0,0,0,0,0,0,0,0,0,0,0,0,0,0,0,0,0,0,0,0,0,0,0,0,0,0,0,0,0,0,0,0,0,0,0,0,0,0,0,0,0,0,0,0,0,0,0
-0.000184674025153694,0.770813626290238,0,0,0,0,0,0,0,0,0,0,0,0,0,0,0,0,0,0,0,0,0,0,0,0,0,0,0,0,0,0,0,0,0,0,0,0,0,0,0,0,0,0,0,0,0,0,0,0,0,0,0,0,0,0,0,0,0,0,0,0,0,0,0,0,0,0,0,0,0,0,0,0,0,0,0,0,0,0,0,0,0,0,0,0,0,0,0,0,0,0,0,0,0,0,0,0,0,0,0,0,0,0,0,0,0,0,0,0,0,0,0,0,0,0,0,0,0,0,0,0,0,0,0,0,0,0,0,0,0,0,0,0,0,0,0,0,0,0,0,0,0,0,0,0,0,0,0,0,0,0,0,0,0,0,0,0,0,0,0,0,0,0,0,0,0,0,0,0,0,0,0,0,0,0,0,0,0,0,0,0,0,0,0,0,0
0.000442873727861833,0.874070952629744,0,0,0,0,0,0,0,0,0,0,0,0,0,0,0,0,0,0,0,0,0,0,0,0,0,0,0,0,0,0,0,0,0,0,0,0,0,0,0,0,0,0,0,0,0,0,0,0,0,0,0,0,0,0,0,0,0,0,0,0,0,0,0,0,0,0,0,0,0,0,0,0,0,0,0,0,0,0,0,0,0,0,0,0,0,0,0,0,0,0,0,0,0,0,0,0,0,0,0,0,0,0,0,0,0,0,0,0,0,0,0,0,0,0,0,0,0,0,0,0,0,0,0,0,0,0,0,0,0,0,0,0,0,0,0,0,0,0,0,0,0,0,0,0,0,0,0,0,0,0,0,0,0,0,0,0,0,0,0,0,0,0,0,0,0,0,0,0,0,0,0,0,0,0,0,0,0,0,0,0,0,0,0,0,0
-0.0000713487337004525,0.85365240563741,0,0,0,0,0,0,0,0,0,0,0,0,0,0,0,0,0,0,0,0,0,0,0,0,0,0,0,0,0,0,0,0,0,0,0,0,0,0,0,0,0,0,0,0,0,0,0,0,0,0,0,0,0,0,0,0,0,0,0,0,0,0,0,0,0,0,0,0,0,0,0,0,0,0,0,0,0,0,0,0,0,0,0,0,0,0,0,0,0,0,0,0,0,0,0,0,0,0,0,0,0,0,0,0,0,0,0,0,0,0,0,0,0,0,0,0,0,0,0,0,0,0,0,0,0,0,0,0,0,0,0,0,0,0,0,0,0,0,0,0,0,0,0,0,0,0,0,0,0,0,0,0,0,0,0,0,0,0,0,0,0,0,0,0,0,0,0,0,0,0,0,0,0,0,0,0,0,0,0,0,0,0,0,0,0
0.000207634201841704,0.876741750957601,0,0,0,0,0,0,0,0,0,0,0,0,0,0,0,0,0,0,0,0,0,0,0,0,0,0,0,0,0,0,0,0,0,0,0,0,0,0,0,0,0,0,0,0,0,0,0,0,0,0,0,0,0,0,0,0,0,0,0,0,0,0,0,0,0,0,0,0,0,0,0,0,0,0,0,0,0,0,0,0,0,0,0,0,0,0,0,0,0,0,0,0,0,0,0,0,0,0,0,0,0,0,0,0,0,0,0,0,0,0,0,0,0,0,0,0,0,0,0,0,0,0,0,0,0,0,0,0,0,0,0,0,0,0,0,0,0,0,0,0,0,0,0,0,0,0,0,0,0,0,0,0,0,0,0,0,0,0,0,0,0,0,0,0,0,0,0,0,0,0,0,0,0,0,0,0,0,0,0,0,0,0,0,0,0
0.0000400439912239224,0.864613917404074,0,0,0,0,0,0,0,0,0,0,0,0,0,0,0,0,0,0,0,0,0,0,0,0,0,0,0,0,0,0,0,0,0,0,0,0,0,0,0,0,0,0,0,0,0,0,0,0,0,0,0,0,0,0,0,0,0,0,0,0,0,0,0,0,0,0,0,0,0,0,0,0,0,0,0,0,0,0,0,0,0,0,0,0,0,0,0,0,0,0,0,0,0,0,0,0,0,0,0,0,0,0,0,0,0,0,0,0,0,0,0,0,0,0,0,0,0,0,0,0,0,0,0,0,0,0,0,0,0,0,0,0,0,0,0,0,0,0,0,0,0,0,0,0,0,0,0,0,0,0,0,0,0,0,0,0,0,0,0,0,0,0,0,0,0,0,0,0,0,0,0,0,0,0,0,0,0,0,0,0,0,0,0,0,0
0.000468491265377131,0.883331963281023,0,0,0,0,0,0,0,0,0,0,0,0,0,0,0,0,0,0,0,0,0,0,0,0,0,0,0,0,0,0,0,0,0,0,0,0,0,0,0,0,0,0,0,0,0,0,0,0,0,0,0,0,0,0,0,0,0,0,0,0,0,0,0,0,0,0,0,0,0,0,0,0,0,0,0,0,0,0,0,0,0,0,0,0,0,0,0,0,0,0,0,0,0,0,0,0,0,0,0,0,0,0,0,0,0,0,0,0,0,0,0,0,0,0,0,0,0,0,0,0,0,0,0,0,0,0,0,0,0,0,0,0,0,0,0,0,0,0,0,0,0,0,0,0,0,0,0,0,0,0,0,0,0,0,0,0,0,0,0,0,0,0,0,0,0,0,0,0,0,0,0,0,0,0,0,0,0,0,0,0,0,0,0,0,0
0.000784600645640417,0.734643004126639,-0.0197970587642145,0,0,0,0,0,0,0,0,0,0,0,0,0,0,0,0,0,0,0,0,0,0,0,0,0,0,0,0,0,0,0,0,0,0,0,0,0,0,0,0,0,0,0,0,0,0,0,0,0,0,0,0,0,0,0,0,0,0,0,0,0,0,0,0,0,0,0,0,0,0,0,0,0,0,0,-0.00272073198355996,0,0,0,0,0,0,0,0,0,0,0,0,0,0,0,0,0,0,0,0,0,0,0,0,0,0,0,0,0,0,0,0,0,0,0,0,0,0,0,0,0,0,0,0,0,0,0,0,0,0,0,0,0,0,0,0,0,0,0,0,0,0.00909027600092006,0,0,0,0,0,0,0,0,0,0,0,0,0,0,0,0,0,0,0,0,0,0,0,0,0,0,0,0,0,0,0,0,0,0,0,0,0,0,0,0,0,0,0,0,0,0
0.000568111221605286,0.848349458253246,0,0,0,0,0,0,0,0,0,0,0,0,0,0,0,0,0,0,0,0,0,0,0,0,0,0,0,0,0,0,0,0,0,0,0,0,0,0,0,0,0,0,0,0,0,0,0,0,0,0,0,0,0,0,0,0,0,0,0,0,0,0,0,0,0,0,0,0,0,0,0,0,0,0,0,0,0,0,0,0,0,0,0,0,0,0,0,0,0,0,0,0,0,0,0,0,0,0,0,0,0,0,0,0,0,0,0,0,0,0,0,0,0,0,0,0,0,0,0,0,0,0,0,0,0,0,0,0,0,0,0,0,0,0,0,0,0,0,0,0,0,0,0,0,0,0,0,0,0,0,0,0,0,0,0,0,0,0,0,0,0,0,0,0,0,0,0,0,0,0,0,0,0,0,0,0,0,0,0,0,0,0,0,0,0
0.000802892155070681,0.840765245605423,0,0,0,0,0,0,0,0,0,0,0,0,0,0,0,0,0,0,0,0,0,0,0,0,0,0,0,0,0,0,0,0,0,0,0,0,0,0,0,0,0,0,0,0,0,0,0,0,0,0,0,0,0,0,0,0,0,0,0,0,0,0,0,0,0,0,0,0,0,0,0,0,0,0,0,0,0,0,0,0,0,0,0,0,0,0,0,0,0,0,0,0,0,0,0,0,0,0,0,0,0,0,0,0,0,0,0,0,0,0,0,0,0,0,0,0,0,0,0,0,0,0,0,0,0,0,0,0,0,0,0,0,0,0,0,0,0,0,0,0,0,0,0,0,0,0,0,0,0,0,0,0,0,0,0,0,0,0,0,0,0,0,0,0,0,0,0,0,0,0,0,0,0,0,0,0,0,0,0,0,0,0,0,0,0
0.000764467211159887,0.821770936266549,-0.0000229214685469929,0,0,0,0,0,0,0,0,0,0,0,0,0,0,0.000195901845838323,0,0,0,0,0,0,0,0,0,0,0,0,0,0,0,0,0,0,0,0,0,0,0,0,0,0,0,0,0,0,0,0,0,0,0,0,0,0,0,0,0,0,0,0,0,0,0,0,0,0,0,0,0,0,0,0,0,0,0,0,0,0,0,0,0,0,0,0,0,0,0,0,0,0,0,0,0,0,0,0,0,0,0,0,0,0,0,0,0,0,0,0,0,0,0,0,0,0,0,0,0,0,0,0,0,0,0,0,0,0,0,0,0,0,0,0,0,0,0,0,0,0,0,0,0,0,0,0,0,0,0,0,0,0,0,0,0,0,0,0,0,0,0,0,0,0,0,0,0,0,0,0,0,0,0,0,0,0,0,0,0,0,0,0,0,0,0,0,0
0.00054112838705112,0.805158396172667,0,0,0,0,0,0,0,0,0,0,0,0,0,0,0,0,0,0,0,0,0,0,0,0,0,0,0,0,0,0,0,0,0,0,0,0,0,0,0,0,0,0,0,0,0,0,0,0,0,0,0,0,0,0,0,0,0,0,0,0,0,0,0,0,0,0,0,0,0,0,0,0,0,0,0,0,0,0,0,0,0,0,0,0,0,0,0,0,0,0,0,0,0,0,0,0,0,0,0,0,0,0,0,0,0,0,0,0,0,0,0,0,0,0,0,0,0,0,0,0,0,0,0,0,0,0,0,0,0,0,0,0,0,0,0,0,0,0,0,0,0,0,0,0,0,0,0,0,0,0,0,0,0,0,0,0,0,0,0,0,0,0,0,0,0,0,0,0,0,0,0,0,0,0,0,0,0,0,0,0,0,0,0,0,0
0.000273112301991341,0.808257294128333,0,0,0,0,0,0,0,0,0,0,0,0,0,0,0,0,0,0,0,0,0,0,0,0,0,0,0,0,0,0,0,0,0,0,0,0,0,0,0,0,0,0,0,0,0,0,0,0,0,0,0,0,0,0,0,0,0,0,0,0,0,0,0,0,0,0,0,0,0,0,0,0,0,0,0,0,0,0,0,0,0,0,0,0,0,0,0,0,0,0,0,0,0,0,0,0,0,0,0,0,0,0,0,0,0,0,0,0,0,0,0,0,0,0,0,0,0,0,0,0,0,0,0,0,0,0,0,0,0,0,0,0,0,0,0,0,0,0,0,0,0,0,0,0,0,0,0,0,0,0,0,0,0,0,0,0,0,0,0,0,0,0,0,0,0,0,0,0,0,0,0,0,0,0,0,0,0,0,0,0,0,0,0,0,0
0.000399200623848029,0.847294305217027,0,0,0,0,0,0,0,0,0,0,0,0,0,0,0,0,0,0,0,0,0,0,0,0,0,0,0,0,0,0,0,0,0,0,0,0,0,0,0,0,0,0,0,0,0,0,0,0,0,0,0,0,0,0,0,0,0,0,0,0,0,0,0,0,0,0,0,0,0,0,0,0,0,0,0,0,0,0,0,0,0,0,0,0,0,0,0,0,0,0,0,0,0,0,0,0,0,0,0,0,0,0,0,0,0,0,0,0,0,0,0,0,0,0,0,0,0,0,0,0,0,0,0,0,0,0,0,0,0,0,0,0,0,0,0,0,0,0,0,0,0,0,0,0,0,0,0,0,0,0,0,0,0,0,0,0,0,0,0,0,0,0,0,0,0,0,0,0,0,0,0,0,0,0,0,0,0,0,0,0,0,0,0,0,0
0.000740773585925631,0.874071294190071,0,0,0,0,0,0,0,0,0,0,0,0,0,0,0,0,0,0,0,0,0,0,0,0,0,0,0,0,0,0,0,0,0,0,0,0,0,0,0,0,0,0,0,0,0,0,0,0,0,0,0,0,0,0,0,0,0,0,0,0,0,0,0,0,0,0,0,0,0,0,0,0,0,0,0,0,0,0,0,0,0,0,0,0,0,0,0,0,0,0,0,0,0,0,0,0,0,0,0,0,0,0,0,0,0,0,0,0,0,0,0,0,0,0,0,0,0,0,0,0,0,0,0,0,0,0,0,0,0,0,0,0,0,0,0,0,0,0,0,0,0,0,0,0,0,0,0,0,0,0,0,0,0,0,0,0,0,0,0,0,0,0,0,0,0,0,0,0,0,0,0,0,0,0,0,0,0,0,0,0,0,0,0,0,0
0.000987700087945535,0.867848883516739,0,0,0,0,0,0,0,0,0,0,0,0,0,0,0,0,0,0,0,0,0,0,0,0,0,0,0,0,0,0,0,0,0,0,0,0,0,0,0,0,0,0,0,0,0,0,0,0,0,0,0,0,0,0,0,0,0,0,0,0,0,0,0,0,0,0,0,0,0,0,0,0,0,0,0,0,0,0,0,0,0,0,0,0,0,0,0,0,0,0,0,0,0,0,0,0,0,0,0,0,0,0,0,0,0,0,0,0,0,0,0,0,0,0,0,0,0,0,0,0,0,0,0,0,0,0,0,0,0,0,0,0,0,0,0,0,0,0,0,0,0,0,0,0,0,0,0,0,0,0,0,0,0,0,0,0,0,0,0,0,0,0,0,0,0,0,0,0,0,0,0,0,0,0,0,0,0,0,0,0,0,0,0,0,0
0.000580545004261077,0.756596629478304,-0.0295239420717879,0,0,0,0,0,0,0,0,0,0,0,0,0,0,0.00317261389910242,0,0,0,0,0,0,0,0,0,0,0,0.00169454842779341,0,0,0,0,0,0,0,0,0,0,0,0,0,0,0.0083989394904232,0,0,0,0,0,0,0,0,0,0,0,0,0,0,0,0,0,0,0,0,0,0,0,0,0,0,0,0,0,0,0,0,0,0,0,0,0,0,0,0,0,0,0,0,0,0,0,0,0,0,0,0,0,0,0,0,0,0,0,0,0,0,0,0,0,0,0,0,0,0,0,0,0,0,0,0,0,0,0,0,0,0,0,0,0,0,0,0,0,0,0,0,0,0,0,0.0346831342940167,0,0,0,0.0000397335903274212,0,0,0,0,0,0,0,0,0,0,-0.00000553651315835904,0,0,0,0,0,0,0,0,0,0,0,0,0,0,0,-0.0161999348143041,0,0,0,0,0,0,0,0,0,0,0,0,0,0,0
0.000506361968538071,0.749284476063193,-0.010999352864336,0,0,0,0,0,0,0,0,0,0,0,0,0,0,0.000427564659332412,0,0,0,0,0,0,0,0,0,0,0,0,0,0,0,0,0,0,0,0,0,0,0,0,0,0,0,0,0,0,0,0,0,0,0,0,0,0,0,0,0,0,0,0,0,0,0,0,0,0,0,0,0,0,0,0,0,0,0,0,0,0,0,0,0,0,0,0,0,0,0,0,0,0,0,0,0,0,0,0,0,0,0,0,0,0,0,0,0,0,0,0,0,0,0,0,0,0,0,0,0,0,0,0,0,0,0,0,0,0,0,0,0,0,0,0,0,0,0,0,0,0,0.00792354614266123,0,0,0,0,0,0,0,0,0,0,0,0,0,0,0,0,0,0,0,0,0,0,0,0,0,0,0,0,0,0,0,0,0,0,0,0,0,0,0,0,0,0,0,0,0,0
0.000713690841131772,0.777788457734715,-0.0135109139873687,0,0,0,0,0,0,0,0,0,0,0,0,0,0,0.000029806210574959,0,0,0,0.0142106025390978,0,0,0,0,0,0,0,0,0,0,0,0,0,0,0,0,0,0,0,0,0,0.00629730153913347,0,0,0,0,0,0,0,0,0,0,0,0,0,0,0,0,0,0,0,0,0,0,0,0,0,0,0,0,0,0,0,0,0,0,0,0,0,0,0,0,0,0,0,0,0,0,0,0,0,0,0,0,0,0,0,0,0,0,0,0,0,0,0,0,0,0,0,0,0,0,0,0,0,0,0,0,0,0,0,0,0,0,0,0,0,0,0,0,0,0,0,0,0,0,0,0,0.0170715076976533,0,0,0,0,0,0,0,0,0,0,0,0,0,0,0,0,0,0,0,0,0,0,0,0,0,0,0,0,0,0,0,0,0,0,0,0,0,0,0,0,0,0,0,0,0,0
0.000652722451699553,0.737547554449899,-0.0181479809947648,0,0,0,0,0,0,0,0,0,0,0,0,0,0,0.00142974178521479,0,0,0,0.0227545937152801,0,0,0,0,0,0,0,0,0,0,0,0,0,0,0,0,0,0,0,0,0,0.0199286512910135,0,0,0,0,0,0,0,0,0,0,0,0,0,0,0,0,0,0,0,0,0,0,0,0,0,0,0,0,0,0,0,0,0,0,0,0,0,0,0,0,0,0,0,0,0,0,0,0,0,0,0,0,0,0,0,0,0,0,0,0,0,0,0,0,0,0,0,0,0,0,0,0,0,0,0,0,0,0,0,0,0,0,0,0,0,0,0,0,0,0,0,0,0,0,0,0,0.0195726098916549,0,0,0,0,0,0,0,0,0,0,0,0,0,0,0,0,0,0,0,0,0,0,0,0,0,0,0,0,0,0,0,0,0,0,0,0,0,0,0,0,0,0,0,0,0,0
0.000738218834501369,0.667390370679192,-0.0209470458501262,0,0,0,0,0,0,0,0,0,0,0,0,0,0,0,0,-0.00446833965344879,0,0,0,0,0,0,0,0,0,0,0,0,0,0,0,0,0,0,0,0,0,0,0,0,0,0,0,0,0,0,0,0,0,0,0.00157620756271659,0,0,0,0,0,0,0,0,0,0,0,0,0,0,0,0,0,0,0,0,0,0,0,-0.00301531154065181,0,0,0,0,0,0,0,0,0,0,0,0,0,0,0,0,0,0,0,0,0,0,0,0,0,0,0,0,0,0,0,0,0,0,0,0,0,0,0,0,0,0,0,0,0,0,0,0,0,0,0,0,0,0,0,0,0,0,0,0,0,0.015899439043434,0,0,0,0,0,0,0,0,0,0,0,0,0,0,0,0,0,0,0,0,0,0,0,0,0,0,0,0,0,0,0,0,0,0,0,0,0,0,0,0,0,0,0,0,0,0
0.000711680238424192,0.663974867207083,-0.0128204270040151,0,0,0.000216742347287983,0,0,0,0,0,-0.0138496948437182,0,0,0,0,0,0,0,0,0,0,0,0,0,0,0,-0.00969860634522449,0,0,0,0,0,0,0,0,0,0,0,0,0,0,0,0,0,0,0,0,0,0,0,0,0,0,0,0,0,0,0,0,0,-0.00307263737934455,0,0,0,0,0,0,0,0,0,0,0,0,0,0,0,0,-0.011731658148698,0,0,0.0186668468318396,0,0,0,0,0,0,0,0,0,0,0,0,0,0,0,0,0,0,0,0,0,0,0,0,0,0,0,-0.000118526233755146,0,0,0,0,0,0,0,0,0,0,0,0,0,0,0,0,0,0,0,0,0,0,0,0,0,0,0,0,0,0,0.0294842114629005,0,0,0,0,0,0,0,0,0,0,0,0,0,0,0,0,0,0,0,0,0,0,0,0,0,0,0,0,0,0,0,0,0,0,0,0,0,0,0,0,0,0,0,0,0,0
0.0010899339847643,0.81914976220233,-0.0200397450636795,0,0,0,0,0,0,0,0,0,0,0,0,0,0,0.00121357989191255,0,0,0,0,0,0,0,0,0,0,0,0,0,0,0,0,0,0,0,0,0,0,0,0,0,0,0,0,0,0,0,0,0,0,0,0,0,0,0,0,0,0,0,0,0,0,0,0,0,0,0,0,0,0,0,0,0,0,0,0,0,0,0,0,0,0,0,0,0,0,0,0,0,0,0,0,0,0,0,0,0,0,0,0,0,0,0,0,0,0,0,0,0,0,0,0,0,0,0,0,0,0,0,0,0,0,0,0,0,0,0,0,0,0,0,0,0,0,0,0,0,0,0.00729098637682539,0,0,0,0,0,0,0,0,0,0,0,0,0,0,0,0,0,0,0,0,0,0,0,0,0,0,0,0,0,0,0,0,0,0,0,0,0,0,0,0,0,0,0,0,0,0
0.000775551693162097,0.674182800997094,-0.0200310342921595,0,0,0,0,0,0,0,0,0,0,0,0,0,0,0.00377987121120758,0,0,0,0,0,0,0,0,0,-0.00111574954800045,0,0,0,0,0,0,0,0,0,0,0,0,0.00932250021975179,0,0,0,0,0,0,0,0,0,0,0,0,0,0,0,0,0,0,0,0,-0.0017722835285939,0,0,0,0,0,0,0,0,0,0,0,0,0,0,0,0,0,0,0,0.00749678274099494,0,0,0,0,0,0,0,0,0,0,0,0,0,0,0,0,0,0,0,0,0,0,0,0,0,0,0,0,0,0,0,0,0,0,0,0,0,0,0,0,0,0,0,0,0,0,0,0,0,0,0,0,0,0,0,0,0,0,0.0229884358140694,0,0,0,0,0,0,0,0,0,0,0,0,0,0,0,0,0,0,0,0,0,0,0,0,0,0,0,0,0,0,0,0,0,0,0,0,0,0,0,0,0,0,0,0,0,0
0.000615326969125349,0.566813998109141,-0.0144935564197098,0,0,0.0234762572059222,0,0,0,0,0,-0.0443539784001372,0,0,0,0,0,0.0198723832314276,0,-0.0139498039725723,0,0,0,0,0,0,0,-0.0260828529542829,0,0,0,0,0,0,0,0,0,0,0,0,0,0,0,0,0,0,0,0,-0.00437298591419854,0,0,-0.0162889429646599,0,0,0.00174310389099016,0,-0.0126793014930183,0,0,-0.0111049579764573,0,-0.0113452273445256,0,0,0,0,0,0,-0.0194482258991175,0,-0.0032307671955338,0,0,0,0,0,0,0,-0.00779439544092585,0,0,0.0623507752768679,0,-0.0071090690170912,-0.0155500530305996,0,0,0,0,-0.000520983242192835,0,0,0,0,0,0,0,0,0,0,0,0,0,0,0,0,0,0,0,-0.0263504640100804,0,0,0,0,0,0,0,-0.00196858349788685,0,0,0,0,0,0,0,0,0,-0.0432859024464373,0,0,0,0,0,0,0,0,0.0191349639681328,0,0,0,0.0512306615964128,0,0,0,0,-0.00558433943203812,-0.000399467886234426,0,0,0,0,0,0,0,0,0.00486879456361999,0,0.00923067403112804,0,0,0,0,0,0,0,0,0,0,0,0,0,0,0,0,0,0,0,0,0,0,-0.0526918311372226,0,0,0,0,0,0
0.0012150504373537,0.719339567642202,-0.0346959436806119,0,0,0,0,0,0,0,0,-0.033267556858074,0,0,0,0,0,0.0193799541905894,0,0,0,0,0,0,0,0,0,-0.0108969706125998,0,0,0,0,0,0,0,0,0,0,0,0,0.00497217290977327,0,0,0.00482186780109619,0,0,0,0,0,0,0,0,0,0,0.00386377141470223,0,0,0,0,0,0,-0.00459652095708103,0,0,0,0,0,0,-0.0123080164455334,0,-0.00685147352108106,0,0,0,0,0,0,0,-0.0174293487261413,0,0,0.062166563072838,0,-0.00419146426895346,0,0,0,0,0,0,0,-0.00589965821015549,0,0,0,0,0,0,0,0,0,0,0,0,0,0,0,0,0,-0.0124190031483694,0,0,0,0,0,0,0,0,0,0,0,0,0,0,0,0,0,0,0,0,0,0,0,0,0,0,0,0,0,0,0.047159943178523,0,0,0,0,-0.00133084744394361,0,0,0.0147836064468356,0,0,0,0,0,0,0,0,0,0,0,0,0,0,0,0,0,0,0,0,0,0,-0.00169594802778315,0,0,0,0,0,0,0,0,-0.0230993203553546,0,0,0,0,0,0
NA,NA,NA,NA,NA,NA,NA,NA,NA,NA,NA,NA,NA,NA,NA,NA,NA,NA,NA,NA,NA,NA,NA,NA,NA,NA,NA,NA,NA,NA,NA,NA,NA,NA,NA,NA,NA,NA,NA,NA,NA,NA,NA,NA,NA,NA,NA,NA,NA,NA,NA,NA,NA,NA,NA,NA,NA,NA,NA,NA,NA,NA,NA,NA,NA,NA,NA,NA,NA,NA,NA,NA,NA,NA,NA,NA,NA,NA,NA,NA,NA,NA,NA,NA,NA,NA,NA,NA,NA,NA,NA,NA,NA,NA,NA,NA,NA,NA,NA,NA,NA,NA,NA,NA,NA,NA,NA,NA,NA,NA,NA,NA,NA,NA,NA,NA,NA,NA,NA,NA,NA,NA,NA,NA,NA,NA,NA,NA,NA,NA,NA,NA,NA,NA,NA,NA,NA,NA,NA,NA,NA,NA,NA,NA,NA,NA,NA,NA,NA,NA,NA,NA,NA,NA,NA,NA,NA,NA,NA,NA,NA,NA,NA,NA,NA,NA,NA,NA,NA,NA,NA,NA,NA,NA,NA,NA,NA,NA,NA,NA,NA,NA,NA,NA,NA,NA,NA
0.00120644789541591,0.657011027698763,-0.0245429590229015,0,0,0.00938385514933742,0,0,0,0,0,0,0,0,0,0,0,0.0289523766508152,0,0,0,0,0,0,0,0,0,-0.0068594927948475,0,0,0,0,0,0,0,0,0,0,0,0.000134960196872084,0.0420148561975584,0,0,0,0,0,0,0,0,0,0.00502586519306374,0,0,0,0,0,0,0,0,0,0,-0.010682430385558,0,0,0,0,0,0,0,0,0,0,0,0,0,0,0,0,0,0,0,0.038382375618816,0,0,0,0,0,0,0,0,0,0,-0.00916930116226104,0,0,0,0,0.0123226187510295,0,0,0,0,0,0,0,0,0,0,0,0,0,0,0,0,0,0,-0.000261838668336027,0,0,0,0,0,0,0,0,0,0,0,0,0,0,0,0,0,0,0,0.0630864403142895,0,0,0,0.00992473385595596,0,0,0,0,0,0,0,0,0,-0.010263735124418,0,0,-0.0000222698156850228,0,0,0,0,-0.0377512700406059,0,0,0,0,0,0,0,0,0,0,0,0,0,0,0,0,0,0,0,0,0,0,0,0,0,0,0,0
NA,NA,NA,NA,NA,NA,NA,NA,NA,NA,NA,NA,NA,NA,NA,NA,NA,NA,NA,NA,NA,NA,NA,NA,NA,NA,NA,NA,NA,NA,NA,NA,NA,NA,NA,NA,NA,NA,NA,NA,NA,NA,NA,NA,NA,NA,NA,NA,NA,NA,NA,NA,NA,NA,NA,NA,NA,NA,NA,NA,NA,NA,NA,NA,NA,NA,NA,NA,NA,NA,NA,NA,NA,NA,NA,NA,NA,NA,NA,NA,NA,NA,NA,NA,NA,NA,NA,NA,NA,NA,NA,NA,NA,NA,NA,NA,NA,NA,NA,NA,NA,NA,NA,NA,NA,NA,NA,NA,NA,NA,NA,NA,NA,NA,NA,NA,NA,NA,NA,NA,NA,NA,NA,NA,NA,NA,NA,NA,NA,NA,NA,NA,NA,NA,NA,NA,NA,NA,NA,NA,NA,NA,NA,NA,NA,NA,NA,NA,NA,NA,NA,NA,NA,NA,NA,NA,NA,NA,NA,NA,NA,NA,NA,NA,NA,NA,NA,NA,NA,NA,NA,NA,NA,NA,NA,NA,NA,NA,NA,NA,NA,NA,NA,NA,NA,NA,NA
0.000726083983633068,0.600709082479681,-0.0270583166764648,0,0,0,0,0,0,0,-0.0314449549531102,-0.0578400041703485,0,0,0,0,0,0.0910695933176421,0,0,0,0,0,0,0,0.0965210046011363,0,-0.0294549745178006,0,0.0583325712576006,0,-0.00474878534115348,-0.0172363654269234,0,0,0,0,0,0,0,0.0606938837649528,0,0,0,0,0,0,0,0,0,0,-0.0244609061453213,-0.00198349786920885,0,0,0,-0.0263746777421069,0,0,-0.0125309903027617,-0.0100838511750295,-0.0673284225781956,0,0,0,-0.0161791477873677,-0.00754777178626138,-0.00764270320347797,-0.0360473317359284,0,-0.00828048913975644,0,0,0,0,0,0,0,-0.0061072589686945,0,-0.0110579320690101,0.120548526974819,-0.00272944971966041,0,-0.00804637171804529,0,0,0,-0.0166108141389022,-0.0256779605034451,0,-0.000690941799250425,0,0,0,0,0,0,0,0,0,-0.0284642160203378,0,0,0,0,-0.0139464304471628,0,0,-0.0157235448148731,0,0,0,0,0,0,0,0,0.00814284382821327,0,0,0,0,0,0,0,0,0,0,0,0.00263586852230176,0,-0.00971916496392029,0,0,0,0.0682434300253084,0,0,0,0.0547341857020742,0,0,0,0,0,-0.0144502965928604,0,0,-0.071577884819444,0,0,0,0,-0.0328347556823973,0,-0.00767012549837334,0.0887839250263881,0,0,0,0,0,0,0,0.0333621180342347,0,0,0,0,-0.016129511274585,-0.0312508996913524,0,0,0,0,0,0,0,0,0,0,0,0,0,0.0426322403797933,0
0.00110392188659201,0.672514834848704,-0.00433343291344329,0,0,0.0385304043009321,0,0,0,0,0,-0.018987663656241,0,0.0558684033630165,0,0,0,0.0505361766519236,0.0193811890149024,0,0,0,0,0,0,0,0,-0.0245520647102224,0,0,0,0,0,0,0,0,0,0,0,0.00508830754980902,0.0134745277343104,0.0429112255711613,0,0.0596678973662631,0,0.00137240876293467,0.00603590121426536,0,0,0,0.0125705739696917,-0.0282385347637191,-0.0369957961908949,-0.019311939756708,0,-0.0161967972938082,0,0,0,-0.0202123156935722,0,0,0,-0.089674950498365,0,0,0,0,0,0,-0.0137351987914692,0,0,-0.0231414853080635,0,0,0,0,0,0,0,0.111795678156446,0,-0.0169128805486985,0,0,0,-0.018148861568325,0,-0.00238233044697437,0,0,0,0,0,0,0,0,0,0,0,-0.000943703289421692,0,0,-0.00173827745719384,0,0,0,0,-0.00154002088044071,0,0,0,0,0,0,-0.0194107814984021,-0.00304653408056677,0,0,0,0,0,0,0,0,0,-0.0377634940451231,0,0,0,0,0,0,0,0,0.0028111545682045,0,0,0,0.0399186384447616,0,0,0,0,0,0,0,0,0,0,0,0,0,-0.0305698069920225,0,0,0,0,0,0,0,0,0,0,0,0,0,0,0,-0.0125752873400772,-0.0152055803551064,0,0,0,0,0,0,0,0,-0.068497578524316,0,0,0,0,-0.00967789905945204,0
0.00124540872451127,0.939515729831522,0,0,0,0,0,0,0,0,0,0,0,0,0,0,0,0.00138726107483568,0,0,0,0,0,0,0,0,0,0,0,0,0,0,0,0,0,0,0,0,0,0,0,0,0,0,0,0,0,0,0,0,0,0,0,0,0,0,0,0,0,0,0,0,0,0,0,0,0,0,0,0,0,0,0,0,0,0,0,0,0,0,0,0,0,0,0,0,0,0,0,0,0,0,0,0,0,0,0,0,0,0,0,0,0,0,0,0,0,0,0,0,0,0,0,0,0,0,0,0,0,0,0,0,0,0,0,0,0,0,0,0,0,0,0,0,0,0,0,0,0,0,0.00152963838140878,0,0,0,0,0,0,0,0,0,0,0,0,0,0,0,0,0,0,0,0,0,0,0,0,0,0,0,0,0,0,0,0,0,0,0,0,0,0,0,0,0,0,0,0,0,0
0.000251065062466313,0.610211093514703,0,0,0,0.0458471497596559,0,0,0,0,-0.029113939524928,-0.0613227392838538,0,0.116168955239658,0,0,0,0.0719269811367914,0,0,0,0,0,0,0,0.103180321798958,0,-0.0393831072200011,0.0787711803535433,0.0194111196112969,0,0,-0.0127201285808003,0,0,0,0,0,0,0,0.0173167631819025,0.00273724861929539,0,0,0,0,0,0,-0.0294526287762626,0,0,-0.101339919879185,-0.0421722692338598,-0.0279616189973439,0,-0.048287905817253,-0.00381328978626613,0,0.0963385697513403,-0.0544743370815607,0,-0.068518573251337,0,-0.0295441019844985,0,-0.0175137260219261,-0.017823502860411,-0.0158071539434902,-0.00773031846888369,0,0,0,0,0,0,-0.0281035414414786,0,0,0,0,0,0.163303704718719,-0.0106489269516623,-0.0177881045794035,0,0,0,0,-0.0500602121757907,-0.019904157341582,0,0,0,0,0,-0.0109207068348372,0,0,0,0,0,-0.0428181501801113,0,0,-0.0221971162278316,0,-0.00566018762088986,0,0,0,0,0,0,0,0,0,0,-0.0259461971714451,0,0,0,0,0,0,0,0,0,0,0,0.0661682374790531,0.0437787617228023,0,0,0,0,0,0.0194498476540066,0,0,0,0.0724625169311273,0,0,0,0,0,0,0,0,-0.0267993213127643,0,0.0533747040012365,0,0,-0.0748412929604041,0,0,0,0,0,0,0,0,0,0,0,0,0,0,0,-0.120847997458997,-0.0118980855999258,0,0,0,0,0,0,0,0,-0.0288106051757243,0,0,0,-0.0173974925826581,0,0
0.000703575282699358,0.704201394538703,0,0,0,0,0,0,0,0,0,-0.0693141651201186,0,0,0,0,0,0.0800375663199205,0,0,0,0,0,-0.0178376430204145,0,0.053108306047047,0,-0.00608613346029647,0,0.0699981018986577,0,0,0,0,0,0,0,0,0,0,0.0116986051928112,0.0448024277541138,0,0.0390322011226646,0,0,0,0,-0.0054518221921577,0,0.0184829021529928,-0.034352102571539,-0.0105235743559436,0,0,-0.00838340499337335,-0.0505293969836514,0,0,-0.0210247267926281,0,-0.0445954523089062,0,0,0,-0.00122532364484042,0,-0.0141862775826933,-0.0202612324496422,0,-0.0264861429838617,0,0,0,0,0,0,-0.00127828017671568,0,0,-0.0220660327555337,0.106280994857978,0,-0.0157653892306291,0,0,0,0,0,-0.0211263903240184,0,-0.00189999564034225,0,-0.00654579664158994,0,0,0,0.0396473524845542,0,0,0,-0.027392515603767,0,0,0,0,-0.0075225716686839,0,0,-0.0123526505859601,0,0,0,0,0,0,0,0,0.00897085579439952,0,0,0,0,0,0,0,0,0,0,0,0,0,0,0,0,0,0.0229133294831693,0,0,0,0.0877558976031154,0,0,0,0,0,0,0,0.014607460474484,-0.0480957313585743,0,0,0,0,-0.0425847162883493,0,0,0.00733146424883549,0,0,0,0,0,0,0,0,0,0,0,0,-0.039515021506245,-0.027119847850121,0,0,0,0,0,0,0,0,0,0,0,0,0,0,0
0.000615506517939104,0.675881771513376,0,0,0,0.0674399610675058,0,0,0,0,-0.0294369208378247,-0.0733009733203496,0,0.0342658955539804,0,0,0,0.0789014832762425,0.00495670317603262,0,0,0,0,0,0,0.0861008665877677,0,-0.0272593960792368,0,0.017634909343227,0,0,0,0,-0.041988873019439,0,0,0,0,0,0.0225825608017286,0.0482175950169471,0,0,0,0,0.00338542349244951,0,-0.0108390760418772,0,0.00174741931351047,-0.00328765445576676,-0.038382312446414,-0.03992247824604,0,-0.0433778018600209,-0.00447308657145211,0,0,-0.0324946454248124,0,-0.0160170547756104,0,-0.0166031555693307,0,-0.010382594065925,0,0,-0.0314399564351355,0,-0.0390491486392008,0,0,-0.0322350604026161,0,-0.0173611935719455,0,0,0,0,0,0.149956133103422,-0.00144132627614454,-0.028206335414928,0,0,0,0,-0.0138957165640289,-0.0150853116292362,0,0,0,-0.00147953273610059,-0.0163184692998642,-0.00586380018710557,0,0,0,0,0,-0.0479569934683016,0,0,-0.0297071248992524,0,-0.0138344653860918,0,0,-0.0148085036357458,0,0,0,0,0,0,0,-0.0330982517440995,0,0,0,0,0,0,0,0,0,0,0,0.00984726094219594,0,0,0,0,0,0,0.0606717187055053,0,0,0,0.0645320424116481,0,0,0,0,0,0,0,0.014261637205159,-0.0423598689262611,0,0,0,0,-0.0627415141527722,0,0,0,0,0,0,0,0,0,0,0,0,0,0,-0.0110196388539335,-0.0512652328880542,-0.0285342386551365,0,0,0,0,0,0,0,0,-0.00422076024797448,0,0,0,0,0,0
NA,NA,NA,NA,NA,NA,NA,NA,NA,NA,NA,NA,NA,NA,NA,NA,NA,NA,NA,NA,NA,NA,NA,NA,NA,NA,NA,NA,NA,NA,NA,NA,NA,NA,NA,NA,NA,NA,NA,NA,NA,NA,NA,NA,NA,NA,NA,NA,NA,NA,NA,NA,NA,NA,NA,NA,NA,NA,NA,NA,NA,NA,NA,NA,NA,NA,NA,NA,NA,NA,NA,NA,NA,NA,NA,NA,NA,NA,NA,NA,NA,NA,NA,NA,NA,NA,NA,NA,NA,NA,NA,NA,NA,NA,NA,NA,NA,NA,NA,NA,NA,NA,NA,NA,NA,NA,NA,NA,NA,NA,NA,NA,NA,NA,NA,NA,NA,NA,NA,NA,NA,NA,NA,NA,NA,NA,NA,NA,NA,NA,NA,NA,NA,NA,NA,NA,NA,NA,NA,NA,NA,NA,NA,NA,NA,NA,NA,NA,NA,NA,NA,NA,NA,NA,NA,NA,NA,NA,NA,NA,NA,NA,NA,NA,NA,NA,NA,NA,NA,NA,NA,NA,NA,NA,NA,NA,NA,NA,NA,NA,NA,NA,NA,NA,NA,NA,NA
0.00101491857513182,0.588900544332293,0,0,0,0,0,0,0,0,0,-0.0492175452039141,0,0.0582501310369351,0,0,0,0.118156775521612,0.00539470413957676,0,0,0,0,0,0,0.155130533517775,0,-0.0219856998922722,0,0.0533951453013084,0,0,0,0,0,0,0,0,0,0,0,0.073351592750945,0,0.0492071140373001,0,0,0,0,-0.0168015552226731,0,0,-0.0428438544493853,-0.0455445747272808,-0.00414957843951199,0,-0.0418193946196896,0,0,0,-0.0218538738891841,0,0,0,-0.00723656083491835,0,-0.00401984167321539,-0.0158716657182041,0,-0.0234950436869088,0,-0.0360802310818739,0,0,-0.0215249577883673,0,-0.000415150836788134,0,-0.000264458220483266,0,0,-0.044317128224702,0.164330334251963,-0.00417911547341599,-0.00599275889710394,0,0,0,0,0,-0.0297964550551677,0,0,0,-0.00365639255599872,0,0,0,0,0,0,0,-0.0293020492122935,0,0,-0.0717415931776016,0,-0.00637655152794664,0,0,0,0,0,0,0,0,0,0,-0.00509346448073073,0,0,0,0,0,0,0,0,0,0,0,0,0.0402654017296254,0,0,0,0,0,0.0143603549887217,0,0,0,0.0617339228137485,0,0,0,0,0,0,0,0.0280265887791022,-0.0718031524812573,0,0,0,0,-0.0732388251742516,0,0,0,0,0,0,0,0,0,0,0,0,0,0,-0.00271287601416694,-0.121919778028972,-0.00309418963039474,0,0,0,0,0,0,0,0,-0.0216587055482514,0,0,0,0,0,0
NA,NA,NA,NA,NA,NA,NA,NA,NA,NA,NA,NA,NA,NA,NA,NA,NA,NA,NA,NA,NA,NA,NA,NA,NA,NA,NA,NA,NA,NA,NA,NA,NA,NA,NA,NA,NA,NA,NA,NA,NA,NA,NA,NA,NA,NA,NA,NA,NA,NA,NA,NA,NA,NA,NA,NA,NA,NA,NA,NA,NA,NA,NA,NA,NA,NA,NA,NA,NA,NA,NA,NA,NA,NA,NA,NA,NA,NA,NA,NA,NA,NA,NA,NA,NA,NA,NA,NA,NA,NA,NA,NA,NA,NA,NA,NA,NA,NA,NA,NA,NA,NA,NA,NA,NA,NA,NA,NA,NA,NA,NA,NA,NA,NA,NA,NA,NA,NA,NA,NA,NA,NA,NA,NA,NA,NA,NA,NA,NA,NA,NA,NA,NA,NA,NA,NA,NA,NA,NA,NA,NA,NA,NA,NA,NA,NA,NA,NA,NA,NA,NA,NA,NA,NA,NA,NA,NA,NA,NA,NA,NA,NA,NA,NA,NA,NA,NA,NA,NA,NA,NA,NA,NA,NA,NA,NA,NA,NA,NA,NA,NA,NA,NA,NA,NA,NA,NA
NA,NA,NA,NA,NA,NA,NA,NA,NA,NA,NA,NA,NA,NA,NA,NA,NA,NA,NA,NA,NA,NA,NA,NA,NA,NA,NA,NA,NA,NA,NA,NA,NA,NA,NA,NA,NA,NA,NA,NA,NA,NA,NA,NA,NA,NA,NA,NA,NA,NA,NA,NA,NA,NA,NA,NA,NA,NA,NA,NA,NA,NA,NA,NA,NA,NA,NA,NA,NA,NA,NA,NA,NA,NA,NA,NA,NA,NA,NA,NA,NA,NA,NA,NA,NA,NA,NA,NA,NA,NA,NA,NA,NA,NA,NA,NA,NA,NA,NA,NA,NA,NA,NA,NA,NA,NA,NA,NA,NA,NA,NA,NA,NA,NA,NA,NA,NA,NA,NA,NA,NA,NA,NA,NA,NA,NA,NA,NA,NA,NA,NA,NA,NA,NA,NA,NA,NA,NA,NA,NA,NA,NA,NA,NA,NA,NA,NA,NA,NA,NA,NA,NA,NA,NA,NA,NA,NA,NA,NA,NA,NA,NA,NA,NA,NA,NA,NA,NA,NA,NA,NA,NA,NA,NA,NA,NA,NA,NA,NA,NA,NA,NA,NA,NA,NA,NA,NA
0.00105071542836601,-0.0206423185659869,-0.0239279186538528,0.0456745919848563,-0.00656300048958469,0.103536921504371,0,0,0,0,0,-0.0644699819714355,0.046425591742001,0.0216971146837865,0,-0.022083834868182,0,0,0,0,-0.055296600292559,0,0,-0.0517384820272073,0,0.077705566696846,0,-0.0400918708903809,0,0,0,0,-0.0754116351006457,0,0,-0.00699193060699774,0,-0.0440780117435151,0,0,0.0567167681400428,0,0,0,0,0,0,0,-0.0173327488264478,0.377727048160607,0,-0.084368165833662,0,0,0,0,-0.000402033441371585,0,0.317810100048123,0,0,-0.0558800055423258,-0.0686946769015358,0,0,0,-0.144623063532274,0,0,0,0,0,0,-0.0990592823346552,0,-0.0352141829740453,0,-0.0170888372015662,0,-0.0304879445886065,0,0,0,-0.00710259342795735,0,0,0,0.0220639806580454,0,0,0,0,0.142680497534335,-0.00421992060726873,0,-0.0513310112211047,0,0,0,0,0,-0.0271358017933405,0,-0.258369054343626,0,0,-0.0108916531364196,0,0,0,0,0,0,0,0,0,-0.0541651951242315,-0.0254673748293434,0,0,0,0,0,0,0,0,0,0,-0.0117370916500041,0.0571232849951824,0.101138944180932,0,-0.0362431052504413,0,-0.0225279512624968,0,0.0692105062121388,0,0,0,0.0929461561798538,0,0,0,0,0,-0.00932499296113863,0,0,-0.0519794751144536,0,0.062538157071625,0,0,0,-0.0993148265710493,0,0,0,0,0,0,0,-0.0545887096598049,-0.0381613485313884,0,0,-0.0647056573729424,0,0,-0.0318619760924667,-0.202132126838927,0,-0.00088290709244128,0,0,0,0,0.0569810375516864,0,-0.0669879706988929,-0.00728638476688247,-0.0625449840706532,0,-0.00867432002861891,0,0
NA,NA,NA,NA,NA,NA,NA,NA,NA,NA,NA,NA,NA,NA,NA,NA,NA,NA,NA,NA,NA,NA,NA,NA,NA,NA,NA,NA,NA,NA,NA,NA,NA,NA,NA,NA,NA,NA,NA,NA,NA,NA,NA,NA,NA,NA,NA,NA,NA,NA,NA,NA,NA,NA,NA,NA,NA,NA,NA,NA,NA,NA,NA,NA,NA,NA,NA,NA,NA,NA,NA,NA,NA,NA,NA,NA,NA,NA,NA,NA,NA,NA,NA,NA,NA,NA,NA,NA,NA,NA,NA,NA,NA,NA,NA,NA,NA,NA,NA,NA,NA,NA,NA,NA,NA,NA,NA,NA,NA,NA,NA,NA,NA,NA,NA,NA,NA,NA,NA,NA,NA,NA,NA,NA,NA,NA,NA,NA,NA,NA,NA,NA,NA,NA,NA,NA,NA,NA,NA,NA,NA,NA,NA,NA,NA,NA,NA,NA,NA,NA,NA,NA,NA,NA,NA,NA,NA,NA,NA,NA,NA,NA,NA,NA,NA,NA,NA,NA,NA,NA,NA,NA,NA,NA,NA,NA,NA,NA,NA,NA,NA,NA,NA,NA,NA,NA,NA
-0.000247298939825362,0.144900824561655,-0.00995286069059174,0,0,0.115258137480827,-0.0419191963318172,0,0,0,0,-0.115101127053952,0.0165819674839822,0.17013704588063,0,-0.0358086302883767,0,0.0171408169778695,0,0,0,0,0,-0.0792534633346849,-0.0164113189375234,0.119268599105834,0,-0.0920694523054162,0.00786704034546065,0,0,-0.0198237037165723,-0.0471042279765278,0,-0.0846596497616343,0,0,0,0,0,0.0429135828920622,0,0,0,0,0,0,0,0,0,0,-0.132809030417475,0,0,0,0,0,0,0,0,0,0,0,-0.0475849854717678,0,0,-0.134424906759743,0,-0.0280060685367002,0,0,0,0,-0.0495240022878512,0,-0.0289360115324946,0,-0.0183951987718113,0,0,0,0.155206645286096,-0.00727870786032463,0,0,0,0,0.0381067961954176,-0.0101549273343755,0,0,0,0.00246396614402871,0,-0.017566745844949,-0.0327191415281676,0,0,0,0,0,-0.00949770044371396,0,-0.247447453261639,0,0,0,0,0,0,0,0,0,0,0,0,0,0,0,0,0,0.00277804290814386,0,0,0.00638619305454967,0,0,0,0,0.0707601359310318,0.144617878010038,0,0,0,0,0,0.0660228099427058,0,0,0,0.147528058536408,0,0,0,0,0,0,0,0,-0.0126477375244878,0,0.130040777840255,0,0,0,-0.00775465505923381,0,0,0,-0.0136663595540387,0,0,0,0,0,0,0,0,0,-0.0211895616565776,-0.093116561911168,0,0,0,0,0,0,0,0,0,-0.0234555551644858,0,0,0,-0.0277622097375078,0,0
0.000666806898295434,0.30002946496051,0,0.00393880255161917,0,0.0498626960916257,0,-0.134305648457314,0,0,0,0,0,0,0,0,0,0,0,0,-0.0533833012632997,0,0,-0.0629302696728935,0,0,0,-0.0743923575548147,0,0,0,0,0,0,0,-0.0140319501502975,0,0,0,0,0.0414741093644165,-0.0121706347558855,0,0,0,-0.00985183281987654,0,0,-0.0461953045832879,0.219792832309187,0,-0.516523037877653,-0.100622764420733,0,0,0,-0.00473035242575886,0,0.311999826969374,0,0,0.0911654535047803,0,-0.00276298883257687,0,0,0,-0.00775655931103735,-0.00903434753540427,0,0,0,0,-0.00810654570253678,-0.0443333752631274,0,0,-0.0239084922119845,0,0,0,0.171231199090761,0,0,0,0,-0.0793278102876427,0.0324834171296948,0,0,0,0,0.130566697983473,0,0,-0.0188585470994036,0,0,0,0,0,-0.0101140308399295,0,0,0,0,0,0,0,0,0,0,0,0,0,0,0,-0.0664910247887387,0,0,0,0,0,0,0.0400416901376019,0,0,0,0,0,0.00957426871469721,0,0,0,0,0,0.13631508183404,0.00930972034187297,0,0,0.0447137771053802,0,0,-0.105450563675337,0,-0.00807588736802727,0,0,0.00551929001629225,0,0,0,0,0,0,0,0,0,0,0,0,0,0,0,0,0,0,0,0,0,-0.0640169968270778,-0.076898250141264,0,0,0,0,-0.0158376611935706,0,0,0,0,0,0,0,-0.000186576585429573,0,0
-0.000283875540189507,0.0660809625021923,0,0,0,0,0,-0.0313356948310524,0,0,0,0,0.0417096933014002,0.0603853059507268,0,-0.0570130742453905,0,0,0,0,-0.00986470912702778,0,0,-0.117445710052493,0,0,0,-0.0669743161635076,0,0,0,0,-0.0960581501537469,0,0,0,0,0,-0.0712716685252382,0,0.0824454610182535,0,0,0,0,0,0,0,0,0.343722279637944,0,-0.183449223592758,-0.0184562947670216,0,0,0,0,0,0.1902258213878,0,0,0,0,-0.0681825768106092,0,0,-0.403237102520448,0,0,0,0,0,0,-0.173400883960348,0,0,0,-0.0660542981263393,0,-0.0484943080133534,0,0,0,0,0,0,0,0.0699924094323442,0,0,0,0,0.130069191804864,0,0,0,0,0,0,0,0,0,0,-0.673210347049668,0,0,0,0,0,0,0,0,0,0,0,0,0,-0.0216744937945435,0,0,0,0,0,-0.00664751952732132,0.0599117214777777,0,0,0,0,0,0,0,-0.0352324258326636,0,-0.030111678427233,0,0.121403174056583,0,0,0,0.217795167233392,0,0,-0.0757581057326997,0,0,0,0,0,0,0,0.10674425875136,0,0,0,0,0,0,0,0,0,0,0,-0.0884414778939122,-0.0539085964244288,0,0,-0.0606497256344913,0,0,0,-0.187535487596658,0.0589385186597405,0,0,0,-0.047858563195616,0,0,0,-0.0699803448162765,0,0,0,-0.0350268015267894,0,0
0.000960286631226373,0.898739671252092,-0.0192221251783393,0,0,0,0,0,0,0,0,-0.0795542536852267,-0.0260990340549982,0.00512385323438256,0,0,0,0.025421090113207,0,0,0,0,0,0,0,0.0531023287449855,0,-0.0348075446980722,0,0.0209417399763089,0,0,0,0,0,0,0,0,0,0,0,0,0,0.0308120578954399,0,0,0,0,-0.00834895854065035,0,0,-0.020340743432499,-0.0280997329962473,-0.0094228683291162,0,-0.0154092259917225,-0.00447507815121811,0,0,-0.00686364001224945,-0.016012282024897,-0.00123387573586907,0,0,0,-0.0111230035841174,0,-0.0100270917407849,-0.0167352437520846,0,-0.0181620622318092,0,0,-0.0198795401073302,-0.00520407337425048,0,0,0,-0.0124551212008967,0,-0.0273442404529183,0.155458508194689,-0.0107783161893604,-0.0184163225449469,0,0,0,0,0,-0.0221635925530835,0,-0.0431513242356327,0,0,-0.00949750068964753,0,0,0,0,0,0,-0.00350888966649817,0,0,0,0,-0.00092445757586491,0,0,-0.00341957719303645,0,0,0,0,0,0,0,0,0.00338405736150814,0,0,0,0,0,0,0,0,0,0,0,0.0551464227357204,0,0,0,0,0,0,0,0,0,0.0590922264680738,0,0,0,0,0,0,0,0.00781558005568994,-0.0432817862456011,0,0,0,0,-0.0322424730264715,0,0,0,0,0,0,0,0,0,0,0,0,0,0,0,0,0,0,0,0,0,0,0,0,0,-0.0351687871129776,0,0,0,0,0,0
0.000194003191060049,0.670216207002223,-0.0158077063346587,0,0,0.0124410337305988,0,0,0,0,0,-0.0597358031141051,0,0.030870282403665,0,0,0,0.0944030413754914,0.0200397069766018,0,0,0,0,0,0,0.0648717760562809,0,-0.0334409173790155,0,0.0573573159387911,0,0,0,0,0,0,0,0,0,0,0,0.0373763215367503,0.0321983439874086,0.101989825599824,0,0,0,0,-0.0166140086520142,0,0,-0.0223077447361716,-0.00903459332701916,-0.0347163068262217,0,0,0,0,0,-0.000200070168624465,-0.00320012935915123,-0.0173094418566649,0,0,0,-0.00590998106597116,-0.0463190653452666,-0.0245545214612837,-0.0113285464289882,0,-0.0339361857056141,0,0,-0.0298469214524821,0,0,0,0,0,0,-0.0114011981063624,0,0,-0.00651605816001411,0,-0.0247732450025834,-0.00999081884830789,0,-0.0153633860222479,-0.0362546371815342,0,-0.0106874007873573,0,-0.0108164836601068,-0.0252556002026243,0,0,0,0,0,0,-0.0109329508598488,0,0,-0.0353399666170333,0,-0.0200636699798302,0,0,-0.0116702597649587,0,0,0,0,0,0,0,-0.00510522614247676,0,0,0,0,0,0,0,0,0,0,0,0,0,0,0,0,0,0,0.0547517079031023,0,0,0,0.0167610623833361,0,0,0,0,0,0,0,0.038997751269465,-0.0496251170792069,0,0,0,0,-0.0629023003566712,0,0,0,0,0,0,0,0,0,0,0.0197671916194947,0,0,0,-0.00486968712123802,-0.044459340739054,-0.0518448164886654,0,0,0,0,0,0,0,0,-0.0458868801185091,0,0,0,0,0,0
-0.00106923260631635,0.364438454351728,-0.02993774024685,0.0467022362321918,0,0.123495892362284,-0.0136804688730214,-0.0697551140673874,0,0,-0.02791440652331,-0.128074830943334,0.101707872221801,0.102453454569414,0,0,0,0.01953252160997,0,0,0,0,0,-0.130563283610042,0,0.100744686935815,0,-0.0843372665740276,0.0625189459263144,0,0,0,-0.0351294154730723,0,-0.0315395574678484,-0.0292799869216352,0,0,0,0,0.0458295467992685,0,0,0,0,0,0,0,-0.0488995630645483,0.0837053476640106,0,-0.174696564942711,-0.070188417643035,-0.0163961445628775,0,-0.0176893218857051,-0.0596083842560033,0,0.296460036215542,-0.044837644824628,0,-0.0458852957161288,0,-0.113673513582619,0,0,-0.034617236995435,-0.0267624790928588,-0.0299093305483636,0,-0.00544409093495891,0,0,-0.0576917226701154,0,-0.00783081310438932,0,0,0,0,0,0.175957008091001,-0.00598451962663791,-0.0494992117016206,0,0,-0.00142357015900603,0,-0.0844672629307639,0,0,0,0.0609761295103225,0,0,-0.0275449406105991,0,0,0,0,-0.0116468756305658,-0.0351914414522421,0,-0.0266824133251874,0,0,0,0,0,0,0,0,0,0,0,0,0,-0.0545374803159397,0,0,0,0,0,0,0,0,0,0,0,0.156250435995473,0.0940499953985858,0,0,0,0,0,0.00213000491688794,0,0,0,0.0850768515483309,0,0,-0.00158521742202313,0,0,0,0,0,-0.0685108026267163,0,0.193480294754245,0,0,-0.0425403096537022,-0.0359716412499682,0,0,0,0,0,0,0,0,0,0,0,0,0,0,-0.139605967979491,-0.0590426463516197,0,0,0,0,0,0,0,0,-0.0345776359636247,0,-0.0112786913645451,0,-0.00200178998171459,0,0
0.000224318852988289,0.0608566463237592,0,0,0,0.167053282778262,-0.0934940009855286,-0.0602432597422029,0,0,0,0,0.0387696068884077,0.105543027631243,0,-0.0329958545574748,0,0,0,0,-0.0722691571090246,0,0,-0.101838297717333,0,0,0,0,0,0.0328298799368125,0,0,-0.0438159808382609,0,0,0,0,0,-0.0184077625606971,0,0.0265168248632393,0,0,0,0,0,0,0,0,0.29433674901625,0,-0.288374836433098,0,0,-0.0158684813934798,0,0,0,0,-0.0264544635504538,0,0.000244413104196597,0,-0.0428801458642655,0,0.0190419885992657,-0.26145777834495,0,0,0,0,0,0,-0.155298893614237,0,0,0,-0.0383402267104362,0,-0.0039107803491045,0,0.0638217154053203,0,0,0,0,0,0.15364563036378,0,0,0,0,0.157846399410678,0,0,-0.00719429396987394,0,0,0,0,0,-0.0232504764260681,0,-0.445745561095968,0,0,0,0,0,0,0,0,0,0,0,0,0,0,0,0,0,0.017791428432747,0,-0.0643064441478262,0.072849857650499,0.0986616922730704,0,0,0,0,0.0742479183233441,0,-0.0599132889643256,0,0,0,0.0861319549067285,0,0,0,0.098263917762096,0,-0.029060676388679,-0.095615156067523,0,-0.00135668426338428,0,0,0,0,0,0.0921416061583712,0,0,0,0,0,0,0,0,0,0,0,-0.0480299774285031,0,0,0,0,0,0,0,-0.0803950623032342,0.0812679139463133,0,0,0,0,0,0,0,-0.0499026330176144,0,-0.0095386655277483,0,-0.0307511298198879,0,0
-0.000896823894092298,0.398972016416055,-0.0107570534658359,0.00757233582557511,0,0.118539481727525,0,-0.0443491427430068,0,0,-0.0404143054441479,-0.269257545958388,0.298207440945074,0.102336478499346,0,0,0,0,0,0,0,0,0,-0.178885719262053,0,0.0707186090224852,0,-0.169351898363744,0.0279732560827065,0,0,-0.0103869291180832,0,0,-0.0119809287671695,-0.0449996089586912,0,0,0,0,0.0209012705201991,0,0,0,0,0,0,0.00457419331429326,-0.0671629707840027,0.0601895499423918,0,-0.178135904123853,-0.10512855554028,-0.013942429679256,-0.0265798450813659,-0.0353696863961463,-0.0864881075707127,0,0.341933168446349,-0.0736108059396642,0.0209339866997942,-0.108864983553676,0,-0.149306762044039,0,0,0,0,0,0,-0.00446547312264291,0,0,-0.0664302920358907,-0.0596036044500637,0,0,0,0,-0.00237046316975079,0,0.264906671278229,-0.0203719584165466,-0.0844057625872332,0,0,-0.0206975389232236,0,-0.0682176868270935,0,0,0,0.0502093843557769,0,0,-0.0495308072812501,0,0,0,0,-0.0326454785904162,-0.0282854722402743,0,0,0,0,0,0,0,0,0,0,0,0,0,0,0,-0.0657398901496312,0,0,0,0,0,0,0,0,0,0,0,0.203544542596548,0.0632920558645604,0,0,0,0,0,0,0,0,0,0.0705096846771013,0,0,0,-0.00294822236903493,0,0,0,0,-0.0812041180562189,0,0.331703249341948,0,0,-0.091985231122489,-0.0437181916380155,0,0,0,0,0,0,0,0,0,0,0,0,0,0,-0.153364959233386,-0.0582908452977469,0,0,0,0,-0.0236993135096317,0,0,-0.0429328226079613,-0.0476913241921425,0,0,0,0,0,-0.0280533997017972
0.0000181873160778065,0.812663252281868,0,0,0,0.0397631287038082,0,0,0,0,-0.0194123385255518,-0.078239469873624,0,0.0737172202854937,0,0,0,0.0708147429442385,0,0,0,0,0,0,0,0.0112880669192777,0,-0.0323594917455158,0,0.036105719126647,0,0,0,0,-0.0230912112925113,0,0,0,0,0,0,0.0568278026705105,0.0389356416196188,0.0611646781487079,0,0.0135908596266206,0.00822185781733412,0,-0.0153283839665169,0,0,-0.0285305974567461,-0.0476706064701354,-0.0245292085184317,0,-0.0462546862345459,-0.0132783317524097,0,0,-0.0295370465180195,0,-0.0253168207148358,0,0,0,-0.00387391014583324,-0.0381375655393467,-0.0402081924039994,-0.0170509961991188,0,-0.0168204673887588,0,0,-0.0218649466874442,0,0,0,0,0,0,-0.000672295944020384,0.142571998885196,0,-0.0396777162557936,0,-0.0275213989510845,0,0,-0.00467698463361233,-0.000403543331681571,0,0,0,0,-0.0304267251385248,0,0,0,0,0,0,0,0,0,-0.0209753077995247,0,-0.0274342900722355,0,0,0,0,0,0,-0.00475283592226925,-0.0193403409664379,0,0,0,0,0,0,0,0,0,0,0,0,0,0,0,0.032513074501935,0,0,0,0,0,0.000431850297436605,0,0,0,0.0713052420525729,0,0,0,0,0,0,0,0.0244224001851015,-0.0447883358767569,0,0,0,0,-0.0669043553175796,0,0,0,0,0,0,0,0,0,0,0,0,0,0,0,-0.041117759138479,-0.0294849532007924,0,0,0,0,0,0,0,0,-0.0526686374388707,0,0,0,0,0,0
-0.00117317470034101,0.385942799111406,-0.0262520856697536,0,0,0.112078527072181,0,-0.0338177251710982,0,-0.0698258928293545,-0.0552444923685969,-0.239551289198016,0.225744193763151,0.0949073026033384,0,0,0,0,0,0,0,0,0,-0.190475689151628,0,0.0909012827094801,0,-0.218070875611654,0.0907524603362133,0,0,-0.0734212753391801,0,0,-0.0195589843100669,-0.0218254142263647,0,0,-0.0172198641382666,0,0.0200172052637328,0,-0.0193855706200086,0,0,-0.0145396490625763,0,0.0366805866234292,-0.0295217213144011,0,0,-0.10797862261289,-0.0316864346210631,-0.0210421083716891,-0.0395002108437843,-0.0335639518155475,-0.0425381851968032,0,0.107343977581244,-0.0653633983377446,0.101355977135049,-0.138933639573249,0,-0.11800538340689,0,0,0,-0.0323903942955873,0,0,0,0,0,-0.0245276012964601,0,0,0,0,0,0,0,0.357596413914879,-0.0012353163982645,-0.111929248960704,0,0,0,0.07390146498687,-0.0402048872411441,0,0,0,0.0551574225440654,0,0,-0.0533633106899912,0,0,0,0,0,-0.0451621499615094,0,0,0,0,0,0,0,0,0,0,0,0,0,0,0,-0.0551367273517983,0,0,0,0,0,0,0,0,0,0,0,0.224013079623234,0.0909489850512771,0,0,0,0,0,0,0,0,0,0.0316619545066609,0,0,0,0,0,0,0,0,0,0,0.30669840497039,0,0,-0.112066328762556,-0.0852777083990738,0,0,0,0,0,0,0,0,0,0,0,0,0,0,-0.0926943467207991,-0.0554252796519315,0,0,0,0,-0.00314577726463343,0,0,-0.0478565781226062,-0.0455683319421408,0,-0.0605837509424165,0,0,0,0
-0.00181577756348626,0.436890705819205,-0.0169783488752194,0,0,0.125912735010394,-0.093515584922723,-0.0369634556805698,0,-0.0589076618058494,-0.0688488523976272,-0.324913899946073,0.424335242497821,0.121710027150501,0,0,0,0,0,0,0,0,0,-0.263197179879782,0,0,0,-0.286843889152735,0,0.00173661393814892,0,-0.117992715055614,0,0,0,-0.0630359232636435,0,0,-0.00138042359591292,0,0.0146104012673376,0,-0.0505330302667103,0,0,0,0,0.00164252487536635,-0.0801412966008757,0,0,-0.127642546436177,-0.0236679462857773,-0.0842979426068733,-0.0680257105361186,-0.069020999752305,-0.132544928115782,0,0.420541031327646,-0.111713692577906,0.127687544427492,-0.190383820383244,0,-0.155328076330656,0,-0.00763786451707308,0,-0.0012102313469384,0,0,0,0,0,-0.0563770647291376,-0.056297365912155,0,0,0,0,-0.0289324883984886,0,0.37765587638265,-0.069879279687833,-0.164856938868927,0,-0.00608609847653215,-0.0207979294981804,0,-0.0932604993297765,0,0,0,0,0,-0.00481366649545605,-0.0670951813551974,0,0,0,0,-0.065351846565777,-0.0149787010172369,0,0,0,0,-0.0234644310139262,0,0,0,0,0,0,0,0,0.0832697875606781,0,-0.0488759190695,0,0,0,0,0,0,0,0,0,0,0,0.129879816276096,0.186511989770552,-0.0370917410689483,0,0,0,0,0.00516762153403623,0,0,0,0.0195070621292134,0,0,0,0,0,0,0,0,-0.015739705286038,0,0.389193858604267,0,0,-0.106300098338671,-0.14132645296546,0,0,0,0,0,0,0,0,-0.0229601897786666,0,0,0,0,-0.0171553780228657,-0.155797323710585,-0.0151399950292235,0,0,0,0,0,0,0,-0.0716913484041738,-0.0550685645086109,0,0,0,0,0,0
-0.00084961247374632,0.353758533674969,-0.0363158388346912,0,0,0,0,0,0,0,-0.0580723860210708,-0.0940807434538694,0,0,0,0,0,0.0676855902062418,0,0,0,0,0,0,0,0,0,-0.226107151802901,0,0.0634401868411467,0,-0.119476350774646,-0.0175950123297874,0,0,-0.0173426868439228,0,0,0,0,0,0,0,0,0,0,0.250515669486961,0,-0.0431976433288837,0,0,-0.083074990922872,-0.0300308075891333,-0.00787823209656923,0,-0.0312027383745688,-0.00290616090425174,0,0.161075029213649,-0.0511142995111183,0,0,0,0,0,0,-0.0101462661842593,0,-0.00571534928098467,0,-0.000501363348471522,0,0,-0.0338419948767094,0,-0.0236084947386407,0,0,0,-0.0878945669967594,0,0.122739285918081,0,-0.0680303248932004,0,-0.0100242932717514,0,0,-0.0415076248430654,0,0,0,0.10552970478304,-0.0129778740318532,0,-0.109146948181687,0,0,0,0,0,-0.040396132425648,0,0,0,0,-0.02082719766737,0,0,0,0,0,0,0,0,0,0,-0.0175888819241554,0.0162536993783417,0,0,0,0,0,0,0,0.030359364842262,0,0,0,0.110080317915563,0,0,0,0,0,0.0316606025512293,0,0,0,0.0433949166146924,0,0,0,0,0,0,0,0,-0.040257951694739,0,0.0486811727652545,0,0,-0.115696430532088,-0.0402321101124932,0,0,0,0,0,0,0,0,0,0,0,0,0,0,-0.0220425183112444,0,0,0,0,0,0,0,0,0,-0.0651583066482779,0,0,0,0,0,0
-0.0021799654593661,0.321949563151002,-0.029704355273128,0.100368838430351,0,0.235085577810819,-0.0672167534666998,-0.155574229022948,-0.0825451078178174,-0.0716999159154641,-0.133556304606928,-0.303124969933518,0.289660192182649,0.127010568150061,0,0,0,0.0069198602502353,0,0,0,0,0,-0.147569137099197,0,0.0817893454606196,0,-0.188950632337522,0.142736174957388,0.0458278227832975,0,-0.045191622918489,0,0,-0.141969502745669,0,0,-0.0189594045136898,0,0,0.125488168278879,0,0,0,0,-0.050854412331417,0,0.0290166776181665,-0.04695190541246,0,0,-0.193725679931594,-0.0246533316595379,0,-0.0889112951660321,-0.0322530124151133,-0.091992497958849,0,0.18359643136909,-0.0806455743486554,0.117028904961907,-0.0913224258873869,0,-0.225572628437749,0,0,0,-0.0442879195895498,0,0,0,0,0,-0.00296706090339243,-0.1118266039915,0,0,0,0,-0.00841191353094351,0,0.235625383692784,0,-0.103650762147623,0,0,0,0.118573430454533,-0.0413135564495238,0,0,0,0,0,0,-0.119861916544019,0,0,0,0,0,-0.0616695623773024,0,0,0,0,0,0,0,0,0,0,0,0,0,0,0,-0.05027122099525,0,0,0,0,0,0,0,0,0,0,0,0.132267537744308,0.0610741258571893,-0.0289124387335605,0,0,0,0,0,0,-0.0565459417638,0,0.0635839011168705,0,0,-0.0171683507425591,-0.0354811228830148,0,-0.0614521155797697,-0.0108867606157384,0,-0.0109325768875618,0,0.238347761769245,0,0,-0.134990714022489,-0.0148529857267508,0,0,0,0,0,0,0,-0.0159134967779866,0,0,0,0,0,0,-0.0351016646353915,-0.0712681877010498,0,0,0,0,0,0,0,-0.0989464727146129,-0.171881489501255,0,-0.170243932503512,0,0,0,0
0.000945535045582185,0.156946628830433,-0.00218841308892403,0,0,0.143430400550823,-0.0354442271710158,-0.0273978880988415,0,-0.0112159214922805,0,0,0,0.0385145601201369,0,0,0,0.000560113651060886,0,0,0,0,0,-0.0737165936625888,0,0,0,-0.0803932925597495,0,0,0,0,-0.0158096755859385,0,-0.00406409464436077,0,0,0,0,0,0.0926325322879014,-0.0580524210144902,0,0,0,-0.00777497702960432,0,0,0,0.0708674428871928,0,-0.138876020126647,-0.0106816173158776,0,0,0,0,0,0.00335491379013991,0,0,0.00453588877786138,0,0,0,0,-0.128005269543785,0,0,0,0,0,0,-0.04452565830654,-0.0193676513866834,0,0,-0.0171070393929317,0,0,0,0,0,0,0,0,0,0.0457746640833079,0,0,0,0,0.16478956282853,0,0,-0.0388817008460303,0,0,0,0,0,0,0,-0.165502010899636,0,0,0,0,0,0,0,0,0,0,0,0,0,0,0,0,-0.0276192355626827,0,0,0,0.0963609448829676,0,0,0,0,0,0.030992934457236,0,0,0,-0.0201093986040176,0,0.0993586658781192,0,0,0,0.0981003058865189,0,0,0,0,0,0,0,0,0,0,0.0837594303645439,0,0,0,0,0,0,0,0,0,0,0,0,0,0,0,0,0,0,0,-0.053145876994027,0,0,0,0,-0.0588365319561493,0,0,0,-0.0754223992399206,0,0,0,-0.00281048484633667,0,0
-0.0015871429594324,0.755234578747204,-0.00804057364647019,0,0,0.126942718092109,0,0,0,0,-0.0133459213388967,-0.133626255683598,0,0,0,0,0,0.0251995131862142,0,0,0,0,-0.0960016645636644,0,0,0,0,-0.194342979088106,0,0.0534033045930388,0,-0.0974567571207364,0,0,0,0,0,0,0,0,0,0,0.0197778249137401,0,0,0.027588764108853,0.0861064083780173,0,-0.0288762789799812,0,0,0,-0.0845695192843099,-0.0382699744403169,-0.0188901882108844,-0.0429122947718701,-0.0360222102748864,0,0,-0.0413775266140201,0.0396206019914195,-0.102179296535033,0,-0.13173042992004,0,-0.038022637130874,0,-0.037920138310266,0,0,0,0,0,0,0,-0.00464912362845852,0,0,0,-0.0329544474379396,0,0.242047275433893,0,-0.106616438884213,0,-0.0486129642439372,0,0.147990837218068,-0.143573009687795,0,0,-0.00088516987182415,0.0323396694925425,0,-0.0306674789836846,-0.0245568067446925,0,0,0,0,0,-0.0534840205812662,0,0,0,0,0,0,0,0,0,0,0,0,0,0,0,-0.0132093612876993,0,0.108501327567254,0,0,0,0,0,0,0,0,0,0.146711599951782,0.101128238552352,0,0,0,0,0,0.00921876577080485,0,0,0,0.0620918859990174,-0.00877669088664561,0,0,0,0,0,0,0,0,0,0.223027900430498,0,0,-0.15337608906207,-0.00836423080718848,0,0,0,0,0,0,0,0,0,0,0,0,0,0,-0.113616843440494,0,0,0,0,0,0,0,-0.0416617027837333,0,-0.0158129592952162,0,-0.050659772736652,0,-0.00603427378100544,0,0
-0.000842471501571166,1.18167277762203,-0.0224184844071872,0,0,0,0,-0.0186449114893015,-0.0362961452215382,0,-0.0541321756288101,-0.137273972843925,0.11319104996476,0.0843357383893573,0,0,0,0.0137517080586626,0,0,0,0,-0.0540879275968554,0,0,0,0,-0.100966043296639,0,0.047965558048927,0,-0.0039891998494554,0,0,0,0,0,0,0,0,0,0,0,0,0,0,0.0265629235609967,0,-0.0119637874728892,0,0,-0.0228936696810341,-0.0856419908931989,0,0,-0.017050474113378,-0.0567830742533991,0,0,-0.0437764500915965,0,0,0,-0.0851701749580197,0,0,0,-0.0175082407146135,-0.0139017467398407,0,0,0,0,0,0,-0.01268069804523,0,0,0,0,0,0.0950569175829217,0,-0.0258511756552912,0,-0.0246397690749102,0,0,-0.113864325271657,0,0,-0.0483654077551757,0.0469044378969736,0,-0.0124826376825819,-0.00988632021183492,0,0,0,0,0,0,0,0,0,0,-0.041301450076752,0,0,0,0,0,0,-0.0425176894106982,0,0,0,0,0,0,0,0,0,0,0,0,0,0,0,0,0.0953950018958539,0,0,0,0,0,0,0,0,-0.00725247204377659,0.0385691961652812,0,0,0,0,0,0,0,0,0,0,0,0,0,-0.0704533687051757,0,0,0,0,0,0,0,0,0,0,0,0,0,0,0,-0.065089008861891,-0.00235580521827394,0,0,0,0,0,0,-0.0632867644264464,0,0,0,0,0,-0.00275695033018696,0,0
-0.000156180692032283,0.0526447390967661,-0.070366242453288,0,0,0.140861569753098,0,0,0,-0.0430321269893116,-0.0788220808012499,-0.200426841420378,0.191011378323318,0.133485882505462,0,0,0,0.00838478062885968,0,0,0,0,0,-0.0822288390518049,0,0.0120520205068505,0,-0.214665742037248,0.0409466774580412,0.001632816882458,0,-0.0603532376588509,0,0,-0.0440691977376401,-0.0482691081742532,-0.0147568352686496,-0.00351938312433711,0,0,0.0233047933914456,0,0,0,0,0,0,0,-0.0401789090243184,0,0,-0.112389942471468,-0.00312816562740934,-0.00854040987790982,-0.0405047864776867,-0.0224318966865045,-0.0424896870054101,0,0.152116386619122,-0.0268084254482041,0.0667816079802962,0,0,-0.106429457989391,0,0,0,0,0,0,0,0,0,-0.0441060163784604,0,0,0,0,0,0,0,0.264787192081818,-0.00125048358124452,-0.182128146420134,0,0,0,0.100904452723243,-0.0118185252485648,0,0,0,0.128525908853123,0,0,-0.18674707808171,0,0,0,0,0,-0.0359417502690618,0,-0.0209231649762109,0,0,0,0,0,0,0,0,0,0,0,0,0,-0.0471638957078791,0,0,-0.00864476793543496,0,0,0,0.0357008889817004,0,0,0,0,0.101655169362571,0.218015650511936,0,-0.0262370083926459,0,0,0,0.0193975877685787,0,0,0,0.0418190265850006,0,0,0,-0.00482627245989185,0,-0.00353704695322125,0,0,0,0,0.241267047802398,0,0,-0.131259493026445,-0.114397669121278,0,0,0,0,0,0,0,0,-0.0041557597850554,0,0,0,0,0,-0.148044491641159,-0.0221079274623041,0,0,0,0,-0.0405806812838553,0,0,-0.000795896844583856,-0.174252130687823,0,-0.0428962536613769,0,0,0,-0.00397163380854725
0.0000641411555799744,0.187580762090118,-0.0708714760981815,0,0,0.0685048434965176,-0.0120921329543144,-0.0200853029043944,0,-0.00306578229961221,0,-0.129255904740996,0.0737943647488368,0.0621795376006133,0,0,0,0,0,0,-0.00437475164569507,0,-0.0168116916732047,-0.00486956406926665,0,0,0,-0.0721646180469979,0,0,0,-0.0578731906068623,-0.0769706262628209,0,0,-0.0384604247027329,0,-0.0194165556672244,0,0,0,0,0,0,0,0,0,0,-0.00810198920281072,0,0,-0.243524480426275,-0.091488583363172,0,-0.027416238790836,0,-0.0618965026658981,0,0.0474584848948935,-0.0505134366104977,0,0,0,-0.0326148588469715,0,0,-0.0317717837372012,0,-0.0223592833825845,0,-0.0179524554739782,0,0,-0.0619663109300128,-0.00272211426600933,0,0,-0.0127944143395126,0,-0.0137561801267245,0,0.225794876601569,0,-0.0427095107933601,0,0,0,0.107621021432242,-0.0393315510016609,0,0,0,0.101667724271489,-0.00854432774768307,0,-0.0609871803364263,0,0,0,0,0,-0.0783788788843253,0,-0.0396639287937853,0,0,0,0,0,0,0,0,0,0,0,0,0,-0.0420846565686062,0,0,-0.0185731097385811,0,0,-0.0264060994975423,0,0,0,0,0,0.120915189659927,0.0977066630899864,0,-0.000848667509625738,0,0,0,0.0586412341492449,0,0,0,0.0324050996160655,0,0,0,-0.0280548283142002,0,-0.0188095218977959,0,0,-0.0134183549324297,0,0.187610819057715,0,0,-0.0525875141948295,-0.0218639491996735,0,0,0,0,0,0,0,0,0,0,0,0,0,0,0,-0.088985910378455,0,0,0,0,-0.0469343712767074,0,0,0,-0.021813062008866,0,0,0,-0.0206428455380482,0,0
NA,NA,NA,NA,NA,NA,NA,NA,NA,NA,NA,NA,NA,NA,NA,NA,NA,NA,NA,NA,NA,NA,NA,NA,NA,NA,NA,NA,NA,NA,NA,NA,NA,NA,NA,NA,NA,NA,NA,NA,NA,NA,NA,NA,NA,NA,NA,NA,NA,NA,NA,NA,NA,NA,NA,NA,NA,NA,NA,NA,NA,NA,NA,NA,NA,NA,NA,NA,NA,NA,NA,NA,NA,NA,NA,NA,NA,NA,NA,NA,NA,NA,NA,NA,NA,NA,NA,NA,NA,NA,NA,NA,NA,NA,NA,NA,NA,NA,NA,NA,NA,NA,NA,NA,NA,NA,NA,NA,NA,NA,NA,NA,NA,NA,NA,NA,NA,NA,NA,NA,NA,NA,NA,NA,NA,NA,NA,NA,NA,NA,NA,NA,NA,NA,NA,NA,NA,NA,NA,NA,NA,NA,NA,NA,NA,NA,NA,NA,NA,NA,NA,NA,NA,NA,NA,NA,NA,NA,NA,NA,NA,NA,NA,NA,NA,NA,NA,NA,NA,NA,NA,NA,NA,NA,NA,NA,NA,NA,NA,NA,NA,NA,NA,NA,NA,NA,NA
0.0000418659127602982,1.21309545723676,0,0,0,0.0336398860188298,0,-0.0274227816218452,-0.00394837554140111,0,-0.0288991011872413,-0.143565893171348,0,0,0,0,0,0.050062014554523,0,0,0,0.045162865462708,-0.0431853308695175,0,0,0,0,-0.0972378724749264,0,0.0430885646505008,0,-0.013517173842718,0,0,-0.0135073447253492,0,0,0,0,0,0,0,0.0188343061738643,0,0,0.0906980740288038,0.0498510283489777,0,-0.00393239868868134,0,0,-0.00402297996961903,-0.0706215711236131,-0.0170418552181875,0,-0.014951071873967,-0.0278602808515127,0,0,-0.0243967050167577,0,-0.0207739502365708,0,-0.0367667778332706,0,-0.0161794662890257,0,-0.0142955843626248,-0.0169514179933967,0,0,0,0,0,0,-0.0288531587347951,0,0,0,0,0,0.0820388746061538,0,-0.0535094235373962,0,-0.074549034438809,0,0,-0.121462853541396,0,0,-0.0560945782376033,0,0,-0.037358695329987,0,0,0,0,0,0,-0.00524466094941973,0,0,0,0,-0.0296602933373782,0,0,0,0,0,0,0,-0.0596220247189107,0,0,0,0,0.030838520925526,0,0,0,0,0,0,0,0,0,0,0.0684360050162642,0,0,0,0,0,0,0,0,0,0.0450385853855255,0,0,0,0,0,0,0,0,-0.0226853791294902,0,0.0569140858864835,0,0,-0.0676308284672434,0,0,0,0,0,0,0,0,0,0,0,0,0,0,0,-0.062926705833428,-0.0346737259794076,0,0,0,0,0,0,-0.0440307895324345,0,-0.00254166602114909,0,0,0,0,0,0
NA,NA,NA,NA,NA,NA,NA,NA,NA,NA,NA,NA,NA,NA,NA,NA,NA,NA,NA,NA,NA,NA,NA,NA,NA,NA,NA,NA,NA,NA,NA,NA,NA,NA,NA,NA,NA,NA,NA,NA,NA,NA,NA,NA,NA,NA,NA,NA,NA,NA,NA,NA,NA,NA,NA,NA,NA,NA,NA,NA,NA,NA,NA,NA,NA,NA,NA,NA,NA,NA,NA,NA,NA,NA,NA,NA,NA,NA,NA,NA,NA,NA,NA,NA,NA,NA,NA,NA,NA,NA,NA,NA,NA,NA,NA,NA,NA,NA,NA,NA,NA,NA,NA,NA,NA,NA,NA,NA,NA,NA,NA,NA,NA,NA,NA,NA,NA,NA,NA,NA,NA,NA,NA,NA,NA,NA,NA,NA,NA,NA,NA,NA,NA,NA,NA,NA,NA,NA,NA,NA,NA,NA,NA,NA,NA,NA,NA,NA,NA,NA,NA,NA,NA,NA,NA,NA,NA,NA,NA,NA,NA,NA,NA,NA,NA,NA,NA,NA,NA,NA,NA,NA,NA,NA,NA,NA,NA,NA,NA,NA,NA,NA,NA,NA,NA,NA,NA
0.000772746396301454,0.706937864841746,-0.00244075822382616,0,0,0,0,0,0,0,0,-0.0702949689089916,0,0.0431356310536342,0,0,0,0.092014598396887,0,0,0,0,0,0,0,0.0889320193288443,0,-0.0232958590308362,0,0.0445470936544094,0,0,0,0,-0.000653169226263109,0,0,0,0,0,0,0.0331617351797163,0,0,0,0,0,0,0,0,0,-0.0211681358525449,-0.0284346690221811,-0.0355712991196555,0,-0.0308035054519471,0,0,0,-0.0038718211768633,-0.0113708233722669,0,0,0,0,-0.022902360065107,0,0,-0.00496790324489207,0,-0.037377570102393,0,-0.0280176311026165,-0.0212926314468358,0,0,0,0,-0.00530861777488808,0,-0.0343211000223368,0.149646183736538,-0.0090844088662468,-0.0182331814386379,0,0,0,0,0,-0.0507136806040294,0,-0.0290082364169621,0,0,-0.00566143425092888,0,0,0,0,0,0,-0.0233850226395442,0,0,0,0,0,0,0,-0.00900450099566574,0,0,0,0,0,0,0,-0.00157082659362737,0,0,0,0,0,0,0,0,0,0,0,0,0.0150882396628614,0,0,0,0,0,0.0239122780262524,0,0,0,0.041024246890652,0,0,0,0,0,0,0,0.0447294641515259,-0.0398077587589469,0,0,0,0,-0.0480048850242829,0,0,0,0,0,0,0,0,0,0,0,0,0,0,0,-0.0507580785262668,0,0,0,0,0,0,0,0,0,-0.0574666223549729,0,0,0,-0.00707748255745601,0,0
0.00179454724950439,1.20928628257765,-0.0326514133349013,0,0,0.0200194125405662,0,0,-0.00704756564822846,0,0,-0.0353980724144995,0,0,0,0,0,0.0182048858227037,0,0,0,0.119512203647869,0,0,0,0,0,-0.00443826503000814,0,0,0,0,0,0,0,0,0,0,0,0,0,0,0,0.0286681569427993,0,0,0,0,0,0,0,0,-0.0379371984129681,0,0,0,0,0,0,-0.00170507498358541,0,-0.0435356194466446,0,-0.0277884101535661,0,-0.00551726124219743,0,-0.012653363649356,0,0,0,0,0,-0.000687549905836934,0,0,0,0,-0.00187086889346023,0,0,0,0,-0.0338086983739262,-0.0123234543657549,-0.0189865983092723,0,0,-0.0959477948428548,0,0,-0.0408332335793409,0,0,-0.00874517118225449,-0.000885379477167038,0,0,-0.00421005658057766,0,0,0,-0.0328217578604547,0,0,0,-0.0196094218834043,0,0,0,0,0,0,0,-0.0045058235496543,0,0,0,0,0.00536125925188621,0,0,0,0,0,0,-0.000834283784970841,0,0,0,0.0502411393233712,0,0,0,0,0,0,0,0,0,0.0574462876765041,0,0,0,0,0,0,0,0,0,0,0,0,0,0,0,0,0,0,0,0,0,0,0,0,0,0,0,0,0,0,-0.00812291359561878,0,0,0,0,0,0,-0.032738084473426,0,-0.017315396044552,0,0,0,0,0,0
0.00266225472315959,1.30351924243823,-0.00155398877643286,0,0,0.00369912480615295,0,-0.0128362472822342,0,0,0,0,0,0,0,0,0,0,0,0,0,0,0,0,0,0,0,0,0,0,0,0,0,0,0,0,0,0,0,0,0,0,0,0,0,0.0995960751869834,0,0,0,0,0,-0.0107305737043601,-0.0297688502477003,-0.00922050288953161,0,0,-0.00718249083724186,0,0,0,0,0,0,-0.0113400537365753,0,0,0,-0.00303051044997022,0,0,-0.00182970301369169,0,0,0,0,0,0,0,0,0,0,0,0,-0.00905447694039875,0,0,0,0,-0.0764557438525598,0,0,-0.06307094569501,0,0,-0.0038517004380497,0,0,0,0,0,0,0,-0.0155534140291386,0,0,0,-0.00502976340714959,0,0,0,0,0,0,0,-0.00361332052216838,0,0,0,0,0,0,0,0,0,0,0,0,0,0,0,0.00266217913442182,0,0,0,0,0,0,0,0,0,0.0236798439034108,0,0,0,0,0,0,0,0,0,0,0,0,0,0,0,0,0,0,0,0,0,0,0,0,0,0,0,0,0,0,0,0,0,0,0,0,0,-0.0000441508558602597,0,0,0,0,0,0,0,0
0.000806062119042557,0.891616708760092,0,0,0,0,0,0,0,0,0,0,0,0,0,0,0,0,0,0,0,0,0,0,0,0,0,0,0,0,0,0,0,0,0,0,0,0,0,0,0,0,0,0,0,0,0,0,0,0,0,0,0,0,0,0,0,0,0,0,0,0,0,0,0,0,0,0,0,0,0,0,0,0,0,0,0,0,0,0,0,0,0,0,0,0,0,0,0,0,0,0,0,0,0,0,0,0,0,0,0,0,0,0,0,0,0,0,0,0,0,0,0,0,0,0,0,0,0,0,0,0,0,0,0,0,0,0,0,0,0,0,0,0,0,0,0,0,0,0,0.00645530902386833,0,0,0,0,0,0,0,0,0,0,0,0,0,0,0,0,0,0,0,0,0,0,0,0,0,0,0,0,0,0,0,0,0,0,0,0,0,0,0,0,0,0,0,0,0,0
0.000942123917488837,0.915624850887556,0,0,0,0,0,0,0,0,0,0,0,0,0,0,0,0,0,0,0,0,0,0,0,0,0,0,0,0,0,0,0,0,0,0,0,0,0,0,0,0,0,0,0,0,0,0,0,0,0,0,0,0,0,0,0,0,0,0,0,0,0,0,0,0,0,0,0,0,0,0,0,0,0,0,0,0,0,0,0,0,0,0,0,0,0,0,0,0,0,0,0,0,0,0,0,0,0,0,0,0,0,0,0,0,0,0,0,0,0,0,0,0,0,0,0,0,0,0,0,0,0,0,0,0,0,0,0,0,0,0,0,0,0,0,0,0,0,0,0.00847426806453034,0,0,0,0,0,0,0,0,0,0,0,0,0,0,0,0,0,0,0,0,0,0,0,0,0,0,0,0,0,0,0,0,0,0,0,0,0,0,0,0,0,0,0,0,0,0
0.00116646177844148,0.858501198298793,0,0,0,0,0,0,0,0,0,0,0,0,0,0,0,0,0,0,0,0,0,0,0,0,0,0,0,0,0,0,0,0,0,0,0,0,0,0,0,0,0,0,0,0,0,0,0,0,0,0,0,0,0,0,0,0,0,0,0,0,0,0,0,0,0,0,0,0,0,0,0,0,0,0,0,0,0,0,0,0,0,0,0,0,0,0,0,0,0,0,0,0,0,0,0,0,0,0,0,0,0,0,0,0,0,0,0,0,0,0,0,0,0,0,0,0,0,0,0,0,0,0,0,0,0,0,0,0,0,0,0,0,0,0,0,0,0,0,0.00184396688445108,0,0,0,0,0,0,0,0,0,0,0,0,0,0,0,0,0,0,0,0,0,0,0,0,0,0,0,0,0,0,0,0,0,0,0,0,0,0,0,0,0,0,0,0,0,0
NA,NA,NA,NA,NA,NA,NA,NA,NA,NA,NA,NA,NA,NA,NA,NA,NA,NA,NA,NA,NA,NA,NA,NA,NA,NA,NA,NA,NA,NA,NA,NA,NA,NA,NA,NA,NA,NA,NA,NA,NA,NA,NA,NA,NA,NA,NA,NA,NA,NA,NA,NA,NA,NA,NA,NA,NA,NA,NA,NA,NA,NA,NA,NA,NA,NA,NA,NA,NA,NA,NA,NA,NA,NA,NA,NA,NA,NA,NA,NA,NA,NA,NA,NA,NA,NA,NA,NA,NA,NA,NA,NA,NA,NA,NA,NA,NA,NA,NA,NA,NA,NA,NA,NA,NA,NA,NA,NA,NA,NA,NA,NA,NA,NA,NA,NA,NA,NA,NA,NA,NA,NA,NA,NA,NA,NA,NA,NA,NA,NA,NA,NA,NA,NA,NA,NA,NA,NA,NA,NA,NA,NA,NA,NA,NA,NA,NA,NA,NA,NA,NA,NA,NA,NA,NA,NA,NA,NA,NA,NA,NA,NA,NA,NA,NA,NA,NA,NA,NA,NA,NA,NA,NA,NA,NA,NA,NA,NA,NA,NA,NA,NA,NA,NA,NA,NA,NA
0.0010849012049326,0.872840473849499,0,0,0,0,0,0,0,0,0,0,0,0,0,0,0,0,0,0,0,0,0,0,0,0,0,0,0,0,0,0,0,0,0,0,0,0,0,0,0,0,0,0,0,0,0,0,0,0,0,0,0,0,0,0,0,0,0,0,0,0,0,0,0,0,0,0,0,0,0,0,0,0,0,0,0,0,0,0,0,0,0,0,0,0,0,0,0,0,0,0,0,0,0,0,0,0,0,0,0,0,0,0,0,0,0,0,0,0,0,0,0,0,0,0,0,0,0,0,0,0,0,0,0,0,0,0,0,0,0,0,0,0,0,0,0,0,0,0,0.00410147561803346,0,0,0,0,0,0,0,0,0,0,0,0,0,0,0,0,0,0,0,0,0,0,0,0,0,0,0,0,0,0,0,0,0,0,0,0,0,0,0,0,0,0,0,0,0,0
NA,NA,NA,NA,NA,NA,NA,NA,NA,NA,NA,NA,NA,NA,NA,NA,NA,NA,NA,NA,NA,NA,NA,NA,NA,NA,NA,NA,NA,NA,NA,NA,NA,NA,NA,NA,NA,NA,NA,NA,NA,NA,NA,NA,NA,NA,NA,NA,NA,NA,NA,NA,NA,NA,NA,NA,NA,NA,NA,NA,NA,NA,NA,NA,NA,NA,NA,NA,NA,NA,NA,NA,NA,NA,NA,NA,NA,NA,NA,NA,NA,NA,NA,NA,NA,NA,NA,NA,NA,NA,NA,NA,NA,NA,NA,NA,NA,NA,NA,NA,NA,NA,NA,NA,NA,NA,NA,NA,NA,NA,NA,NA,NA,NA,NA,NA,NA,NA,NA,NA,NA,NA,NA,NA,NA,NA,NA,NA,NA,NA,NA,NA,NA,NA,NA,NA,NA,NA,NA,NA,NA,NA,NA,NA,NA,NA,NA,NA,NA,NA,NA,NA,NA,NA,NA,NA,NA,NA,NA,NA,NA,NA,NA,NA,NA,NA,NA,NA,NA,NA,NA,NA,NA,NA,NA,NA,NA,NA,NA,NA,NA,NA,NA,NA,NA,NA,NA
0.000435153202191476,0.674718926656425,-0.00224567589087337,0,0,0,0,0,0,0,0,-0.00429013665375484,0,0,0,0,0,0,0.0162227196685226,-0.0037624992216556,0,0,0,0,0,0,0,-0.0181285096546246,0,0,0,0,0,0,0,0,0,0,0,0,0,0.0188244143024714,0,0,0,0.015262950438991,0,0,0,0,0,-0.0131975610653845,0,0,0,0,0,0,0,0,0,0,0,-0.00781902403615194,0,0,0,0,0,-0.00994626341654052,0,0,0,0,0,0,0,0,-0.0187574214858273,0,0,0,0,0,0,0,0,0,-0.0114819291367789,0,0,-0.0210602943689954,0,0,0,0,0,0,0,0,0,0,-0.0029762546188035,0,0,0,0,0,0,0,0,0,0,0,0,0,0,0,0,0,0,0,0,0,0,0,0,0,-0.000958440847503206,0,0,0,0,0,0,0,0,0,0,0,0,0,0,0,0,0,0,0,0,0,0,0,0,0,0,0,0,0,0,0,0,0,0,0,0,0,0,0,0,0,0,0,0,0,0,0,0,0,-0.00905611908672404,0,0,0,0,0,0,0,0
0.0000332191088729249,0.580638270839274,-0.00110666080510745,0,0,0,0,0,0,0,0,0,0,0,0,0,0,0,0.00541713342147249,0,0,0,0,0,0,0,0,-0.0263318929815414,0,0,0,0,0,0,0,0,0,0,0,0,0,0,0,0,0,0.0205367083371687,0,0,0,0,0,-0.00011596937957361,0,0,0,0,0,0,0,0,0,0,0,0,0,0,0,0,0,0,0,0,0,0,0,0,0,0,-0.00607050952061149,0,0,0,0,0,0,0,0,0,-0.0110136013660747,0,0,0,0,0,0,0,0,0,0,0,0,0,0,0,0,0,0,0,0,0,0,0,0,0,0,0,0,0,0,0,0,0,0,0,0,0,0,0,0,0,0,0,0,0,0,0,0,0,0,0,0,0,0,0,0,0,0,0,0,0,0,0,0,0,0,0,0,0,0,0,0,0,0,0,0,0,0,0,0,0,0,0,0,0,0,0,0,0,0,0,0,0,0,0,0,0,0
0.000218560420258437,0.618953370848141,-0.000965680764293796,0,0,0,0,0,0,0,0,0,0,0,0,0,0,0,0.0134815489274391,0,0,0,0,0,0,0,0,-0.00741962511792514,0,0,0,0,0,0,0,0,0,0,0,0,0,0.0256341520862105,0,0,0,0.0282488920719192,0,0,0,0,0,0,0,0,0,0,0,0,0,0,0,0,0,0,0,0,0,0,0,0,0,0,0,0,0,0,0,0,0,0,0,0,0,0,0,0,0,0,0,0,0,0,0,0,0,0,0,0,0,0,0,0,0,0,0,0,0,0,0,0,0,0,0,0,0,0,0,0,0,0,0,0,0,0,0,0,0,0,0,0,0,0,0,0,0,0,0,0,0,0,0,0,0,0,0,0,0,0,0,0,0,0,0,0,0,0,0,0,0,0,0,0,0,0,0,0,0,0,0,0,0,0,0,0,0,0,0,0,0,0,0,0,0,0,0,0,0
NA,NA,NA,NA,NA,NA,NA,NA,NA,NA,NA,NA,NA,NA,NA,NA,NA,NA,NA,NA,NA,NA,NA,NA,NA,NA,NA,NA,NA,NA,NA,NA,NA,NA,NA,NA,NA,NA,NA,NA,NA,NA,NA,NA,NA,NA,NA,NA,NA,NA,NA,NA,NA,NA,NA,NA,NA,NA,NA,NA,NA,NA,NA,NA,NA,NA,NA,NA,NA,NA,NA,NA,NA,NA,NA,NA,NA,NA,NA,NA,NA,NA,NA,NA,NA,NA,NA,NA,NA,NA,NA,NA,NA,NA,NA,NA,NA,NA,NA,NA,NA,NA,NA,NA,NA,NA,NA,NA,NA,NA,NA,NA,NA,NA,NA,NA,NA,NA,NA,NA,NA,NA,NA,NA,NA,NA,NA,NA,NA,NA,NA,NA,NA,NA,NA,NA,NA,NA,NA,NA,NA,NA,NA,NA,NA,NA,NA,NA,NA,NA,NA,NA,NA,NA,NA,NA,NA,NA,NA,NA,NA,NA,NA,NA,NA,NA,NA,NA,NA,NA,NA,NA,NA,NA,NA,NA,NA,NA,NA,NA,NA,NA,NA,NA,NA,NA,NA
0.00106245118996233,0.907432085226694,-0.000292194218830247,0,0,0.00175001361175463,0,0,0,0,0,0,0,0,0,0,0,0,0,0,0,0,0,0,0,0,0,0,0,0,0,0,0,0,0,0,0,0,0,0,0,0,0,0,0,0,0,0,0,0,0,0,0,0,0,0,0,0,0,0,0,0,0,0,0,0,0,0,0,0,0,0,0,0,0,0,0,0,0,0,0,0,0,0,0,0,0,0,0,0,0,0,0,0,0,0,0,0,0,0,0,0,0,0,0,0,0,0,0,0,0,0,0,-0.00178962915516971,-0.00214466775101141,0,0,0,0,0,0,0,0,0,0,0,0,0,0,0,0,0,0,0,0,0,0,0,0,0,0.0184550045508119,0,0,0,0,0,0,0,0,0,0,0,0,0,0,0,0,0,0,0,0,0,0,0,0,0,0,0,0,0,0,0,0,0,0,0,0,0,0,0,0,0,0,0,0,0,0
NA,NA,NA,NA,NA,NA,NA,NA,NA,NA,NA,NA,NA,NA,NA,NA,NA,NA,NA,NA,NA,NA,NA,NA,NA,NA,NA,NA,NA,NA,NA,NA,NA,NA,NA,NA,NA,NA,NA,NA,NA,NA,NA,NA,NA,NA,NA,NA,NA,NA,NA,NA,NA,NA,NA,NA,NA,NA,NA,NA,NA,NA,NA,NA,NA,NA,NA,NA,NA,NA,NA,NA,NA,NA,NA,NA,NA,NA,NA,NA,NA,NA,NA,NA,NA,NA,NA,NA,NA,NA,NA,NA,NA,NA,NA,NA,NA,NA,NA,NA,NA,NA,NA,NA,NA,NA,NA,NA,NA,NA,NA,NA,NA,NA,NA,NA,NA,NA,NA,NA,NA,NA,NA,NA,NA,NA,NA,NA,NA,NA,NA,NA,NA,NA,NA,NA,NA,NA,NA,NA,NA,NA,NA,NA,NA,NA,NA,NA,NA,NA,NA,NA,NA,NA,NA,NA,NA,NA,NA,NA,NA,NA,NA,NA,NA,NA,NA,NA,NA,NA,NA,NA,NA,NA,NA,NA,NA,NA,NA,NA,NA,NA,NA,NA,NA,NA,NA
NA,NA,NA,NA,NA,NA,NA,NA,NA,NA,NA,NA,NA,NA,NA,NA,NA,NA,NA,NA,NA,NA,NA,NA,NA,NA,NA,NA,NA,NA,NA,NA,NA,NA,NA,NA,NA,NA,NA,NA,NA,NA,NA,NA,NA,NA,NA,NA,NA,NA,NA,NA,NA,NA,NA,NA,NA,NA,NA,NA,NA,NA,NA,NA,NA,NA,NA,NA,NA,NA,NA,NA,NA,NA,NA,NA,NA,NA,NA,NA,NA,NA,NA,NA,NA,NA,NA,NA,NA,NA,NA,NA,NA,NA,NA,NA,NA,NA,NA,NA,NA,NA,NA,NA,NA,NA,NA,NA,NA,NA,NA,NA,NA,NA,NA,NA,NA,NA,NA,NA,NA,NA,NA,NA,NA,NA,NA,NA,NA,NA,NA,NA,NA,NA,NA,NA,NA,NA,NA,NA,NA,NA,NA,NA,NA,NA,NA,NA,NA,NA,NA,NA,NA,NA,NA,NA,NA,NA,NA,NA,NA,NA,NA,NA,NA,NA,NA,NA,NA,NA,NA,NA,NA,NA,NA,NA,NA,NA,NA,NA,NA,NA,NA,NA,NA,NA,NA
0.000216135968999757,0.733094089948086,-0.00546930926303537,0,0,0,0,0,0,0,0,-0.0137895673181419,0,0,0,0,0,0.00590198176551047,0,0,0,0,0,0,0,0,0,-0.011242879132431,0,0,0,0,0,0,0,0,0,0,0,0,0,0,0,0,0,0.00557983376657022,0,0,0,0,0,-0.00348082867587958,0,0,0,0,0,0,0,0,0,0,0,0,0,0,0,0,0,0,0,0,0,0,0,0,0,0,0,0,0,0,0,0,0,0,0,0,0,0,0,-0.00511443750596029,0,0,0,0,0,0,0,0,0,0,0,0,0,0,0,0,0,0,0,0,0,0,0,0,0,0,0,0,0,0,0,0,0,0,0,0,0,0,0,0,0,0,0,0,0,0,0,0,0.0238476826945011,0,0,0,0,0,0,0,0,0,0,0,0,0,0,0,0,0,0,0,0,0,0,0,0,0,0,0,0,0,0,0,0,0,0,0,0,0,0,0,0,0,0,0,0,0,0
NA,NA,NA,NA,NA,NA,NA,NA,NA,NA,NA,NA,NA,NA,NA,NA,NA,NA,NA,NA,NA,NA,NA,NA,NA,NA,NA,NA,NA,NA,NA,NA,NA,NA,NA,NA,NA,NA,NA,NA,NA,NA,NA,NA,NA,NA,NA,NA,NA,NA,NA,NA,NA,NA,NA,NA,NA,NA,NA,NA,NA,NA,NA,NA,NA,NA,NA,NA,NA,NA,NA,NA,NA,NA,NA,NA,NA,NA,NA,NA,NA,NA,NA,NA,NA,NA,NA,NA,NA,NA,NA,NA,NA,NA,NA,NA,NA,NA,NA,NA,NA,NA,NA,NA,NA,NA,NA,NA,NA,NA,NA,NA,NA,NA,NA,NA,NA,NA,NA,NA,NA,NA,NA,NA,NA,NA,NA,NA,NA,NA,NA,NA,NA,NA,NA,NA,NA,NA,NA,NA,NA,NA,NA,NA,NA,NA,NA,NA,NA,NA,NA,NA,NA,NA,NA,NA,NA,NA,NA,NA,NA,NA,NA,NA,NA,NA,NA,NA,NA,NA,NA,NA,NA,NA,NA,NA,NA,NA,NA,NA,NA,NA,NA,NA,NA,NA,NA
0.00106585229289726,0.827941683115946,-0.0309844431594914,0,0,0,0,0,0,0,0,-0.0103314988195604,0,0,0,0,0,0,0,0,0,0,0,0,0,0,0,-0.00414921404333016,0,0,0,0,0,0,0,0,0,0,0,0,0,0,0,0,0,0,0,0,0,0,0,-0.0103734972410154,0,0,0,0,0,0,0,0,0,0,0,0,0,0,0,0,0,0,0,0,0,0,0,0,0,0,-0.0040324291767195,0,0,0,0,0,0,0,0,0,-0.00778190078661914,0,0,-0.0219080955380476,0,0,0,0,0,0,0,0,0,0,0,0,0,0,0,0,0,0,0,0,0,0,0,0,0,0,0,0,0,0,0,0,0,0,0,0,0,0,0,0,0,0,0,0,0,0,0,0,0.0169407461637132,0,0,0,0,0,0,0,0,0,0,0,0,0,0,0,0,0,0,0,0,0,0,0,0,0,0,0,0,0,0,0,0,0,0,0,0,0,0,0,0,0,0,0,0,0,0
0.000341338437576338,0.695950528971296,-0.00151009260134153,0,0,0,0,0,0,0,0,0,0,0,0,0,0,0,0,0,0,0,0,0,0,0,0,0,0,0,0,0,0,0,0,0,0,0,0,0,0,0,0,0,0,0,0,0,0,0,0,-0.0085470910843197,0,0,0,0,0,0,0,0,0,0,0,0,0,0,0,0,0,0,0,0,0,0,0,0,0,0,0,0,0,0,0,0,0,0,0,0,-0.00748747976066517,0,0,0,0,0,0,0,0,0,0,0,-0.00607236986913171,0,0,0,0,0,0,0,0,0,0,0,0,0,0,0,0,0,0,0,0,0,0,0,0,0,0,0,0,0,0,0,0,0,0,0,0,0,0,0,0.010506738397916,0,0,0,0,0,0,0,0,0,0,0,0,0,0,0,0,0,0,0,0,0,0,0,0,0,0,0,0,0,0,0,0,0,0,0,0,0,0,0,0,0,0,0,0,0,0
0.000669311655683191,0.796198103115773,-0.02893357761803,0,0,0,0,0,0,0,0,0,0,0,0,0,0,0,0,0,0,0,0,0,0,0,0,0,0,0,0,0,0,0,0,0,0,0,0,0,0,0,0,0,0,0,0,0,0,0,0,0,0,0,0,0,0,0,0,0,0,0,0,0,0,0,0,0,0,0,0,0,0,0,0,0,0,0,0,0,0,0,0,0,0,0,0,0,0,0,0,-0.0113989058822244,0,0,0,0,0,0,0,0,0,0,0,0,0,0,0,0,0,0,0,0,0,0,0,0,0,0,0,0,0,0,0,0,0,0,0,0,0,0,0,0,0,0,0,0,0,0,0,0,0,0,0,0,0,0,0,0,0,0,0,0,0,0,0,0,0,0,0,0,0,0,0,0,0,0,0,0,0,0,0,0,0,0,0,0,0,0,0,0,0,0,0,0,0,0,0
0.000469872298033453,0.795433867502591,0,0,0,0,0,0,0,0,0,0,0,0,0,0,0,0,0,0,0,0,0,0,0,0,0,0,0,0,0,0,0,0,0,0,0,0,0,0,0,0,0,0,0,0,0,0,0,0,0,0,0,0,0,0,0,0,0,0,0,0,0,0,0,0,0,0,0,0,0,0,0,0,0,0,0,0,0,0,0,0,0,0,0,0,0,0,0,0,0,0,0,0,0,0,0,0,0,0,0,0,0,0,0,0,0,0,0,0,0,0,0,0,0,0,0,0,0,0,0,0,0,0,0,0,0,0,0,0,0,0,0,0,0,0,0,0,0,0,0.0000763125580007214,0,0,0,0,0,0,0,0,0,0,0,0,0,0,0,0,0,0,0,0,0,0,0,0,0,0,0,0,0,0,0,0,0,0,0,0,0,0,0,0,0,0,0,0,0,0
0.00141586931242603,0.985451155817885,-0.00180175868500398,0,0,0,0,0,0,0,0,0,0,0,0,0,0,0.01233482659109,0,0,0,0,0,0,0,0,0,0,0,0.00125330674964077,0,0,0,0,0,0,0,0,0,0,0,0,0,0,0,0.00151633878757756,0,0,0,0,0,0,-0.0134866065633201,0,0,0,0,0,0,0,0,0,0,0,0,0,0,0,0,0,0,0,0,0,0,0,0,0,0,0,0,0,0,0,0,0,0,0,-0.00902943682127754,0,0,0,0,0,0,0,0,0,0,0,0,0,0,0,0,0,0,0,0,0,0,0,0,0,0,0,0,0,0,0,0,0,0,0,0,0,0,0,0,0,0,0,0,0,0,0,0,0,0,0,0.0275524087791091,0,0,0,0,0,0,0,0,0,0,0,0,0,0,0,0,0,0,0,0,0,0,0,0,0,0,0,0,0,0,0,0,0,0,0,0,0,0,0,0,0,0,0,0,0,0
-0.000116688971546616,0.716859735805953,0,0,0,0,0,0,0,0,0,0,0,0,0,0,0,0,0,0,0,0,0,0,0,0,0,0,0,0,0,0,0,0,0,0,0,0,0,0,0,0,0,0,0,0,0,0,0,0,0,0,0,0,0,0,0,0,0,0,0,0,0,0,0,0,0,0,0,0,0,0,0,0,0,0,0,0,0,0,0,0,0,0,0,0,0,0,0,0,0,0,0,0,0,0,0,0,0,0,0,0,0,0,0,0,0,0,0,0,0,0,0,0,0,0,0,0,0,0,0,0,0,0,0,0,0,0,0,0,0,0,0,0,0,0,0,0,0,0,0,0,0,0,0,0,0,0,0,0,0,0,0,0,0,0,0,0,0,0,0,0,0,0,0,0,0,0,0,0,0,0,0,0,0,0,0,0,0,0,0,0,0,0,0,0,0
0.000163106481695845,0.778871862812248,0,0,0,0,0,0,0,0,0,0,0,0,0,0,0,0,0,0,0,0,0,0,0,0,0,0,0,0,0,0,0,0,0,0,0,0,0,0,0,0,0,0,0,0,0,0,0,0,0,0,0,0,0,0,0,0,0,0,0,0,0,0,0,0,0,0,0,0,0,0,0,0,0,0,0,0,0,0,0,0,0,0,0,0,0,0,0,0,0,0,0,0,0,0,0,0,0,0,0,0,0,0,0,0,0,0,0,0,0,0,0,0,0,0,0,0,0,0,0,0,0,0,0,0,0,0,0,0,0,0,0,0,0,0,0,0,0,0,0,0,0,0,0,0,0,0,0,0,0,0,0,0,0,0,0,0,0,0,0,0,0,0,0,0,0,0,0,0,0,0,0,0,0,0,0,0,0,0,0,0,0,0,0,0,0
0.0012159295298326,0.856559617874347,0,0,0,0,0,0,0,0,0,0,0,0,0,0,0,0.00346945271696232,0,0,0,0,0,0,0,0,0,0,0,0,0,0,0,0,0,0,0,0,0,0,0,0,0,0,0,0,0,0,0,0,0,0,0,0,0,0,0,0,0,0,0,0,0,0,0,0,0,0,0,0,0,0,0,0,0,0,0,0,0,0,0,0,0,0,0,0,0,0,0,0,0,0,0,0,0,0,0,0,0,0,0,0,0,0,0,0,0,0,0,0,0,0,0,0,0,0,0,0,0,0,0,0,0,0,0,0,0,0,0,0,0,0,0,0,0,0,0,0,0,0,0.0194131997226,0,0,0,0,0,0,0,0,0,0,0,0,0,0,0,0,0,0,0,0,0,0,0,0,0,0,0,0,0,0,0,0,0,0,0,0,0,0,0,0,0,0,0,0,0,0
0.0000529392610365024,0.766432624738986,0,0,0,0,0,0,0,0,0,0,0,0,0,0,0,0,0,0,0,0,0,0,0,0,0,0,0,0,0,0,0,0,0,0,0,0,0,0,0,0,0,0,0,0,0,0,0,0,0,0,0,0,0,0,0,0,0,0,0,0,0,0,0,0,0,0,0,0,0,0,0,0,0,0,0,0,0,0,0,0,0,0,0,0,0,0,0,0,0,0,0,0,0,0,0,0,0,0,0,0,0,0,0,0,0,0,0,0,0,0,0,0,0,0,0,0,0,0,0,0,0,0,0,0,0,0,0,0,0,0,0,0,0,0,0,0,0,0,0,0,0,0,0,0,0,0,0,0,0,0,0,0,0,0,0,0,0,0,0,0,0,0,0,0,0,0,0,0,0,0,0,0,0,0,0,0,0,0,0,0,0,0,0,0,0
-0.000260704543097612,0.687216702036367,0,0,0,0,0,0,0,0,0,0,0,0,0,0,0,0,0,0,0,0,0,0,0,0,0,0,0,0,0,0,0,0,0,0,0,0,0,0,0,0,0,0,0,0,0,0,0,0,0,0,0,0,0,0,0,0,0,0,0,0,0,0,0,0,0,0,0,0,0,0,0,0,0,0,0,0,0,0,0,0,0,0,0,0,0,0,0,0,0,0,0,0,0,0,0,0,0,0,0,0,0,0,0,0,0,0,0,0,0,0,0,0,0,0,0,0,0,0,0,0,0,0,0,0,0,0,0,0,0,0,0,0,0,0,0,0,0,0,0.00255308604845211,0,0,0,0,0,0,0,0,0,0,0,0,0,0,0,0,0,0,0,0,0,0,0,0,0,0,0,0,0,0,0,0,0,0,0,0,0,0,0,0,0,0,0,0,0,0
-0.000309141232945036,0.674562891110276,0,0,0,0,0,0,0,0,0,0,0,0,0,0,0,0,0,0,0,0,0,0,0,0,0,0,0,0,0,0,0,0,0,0,0,0,0,0,0,0,0,0,0,0,0,0,0,0,0,0,0,0,0,0,0,0,0,0,0,0,0,0,0,0,0,0,0,0,0,0,0,0,0,0,0,0,0,0,0,0,0,0,0,0,0,0,0,0,0,0,0,0,0,0,0,0,0,0,0,0,0,0,0,0,0,0,0,0,0,0,0,0,0,0,0,0,0,0,0,0,0,0,0,0,0,0,0,0,0,0,0,0,0,0,0,0,0,0,0,0,0,0,0,0,0,0,0,0,0,0,0,0,0,0,0,0,0,0,0,0,0,0,0,0,0,0,0,0,0,0,0,0,0,0,0,0,0,0,0,0,0,0,0,0,0
-0.000307467600390146,0.685008620606744,0,0,0,0,0,0,0,0,0,0,0,0,0,0,0,0,0,0,0,0,0,0,0,0,0,0,0,0,0,0,0,0,0,0,0,0,0,0,0,0,0,0,0,0,0,0,0,0,0,0,0,0,0,0,0,0,0,0,0,0,0,0,0,0,0,0,0,0,0,0,0,0,0,0,0,0,0,0,0,0,0,0,0,0,0,0,0,0,0,0,0,0,0,0,0,0,0,0,0,0,0,0,0,0,0,0,0,0,0,0,0,0,0,0,0,0,0,0,0,0,0,0,0,0,0,0,0,0,0,0,0,0,0,0,0,0,0,0,0,0,0,0,0,0,0,0,0,0,0,0,0,0,0,0,0,0,0,0,0,0,0,0,0,0,0,0,0,0,0,0,0,0,0,0,0,0,0,0,0,0,0,0,0,0,0
-0.000411910057494211,0.742531806352354,0,0,0,0,0,0,0,0,0,0,0,0,0,0,0,0,0,0,0,0,0,0,0,0,0,0,0,0,0,0,0,0,0,0,0,0,0,0,0,0,0,0,0,0,0,0,0,0,0,0,0,0,0,0,0,0,0,0,0,0,0,0,0,0,0,0,0,0,0,0,0,0,0,0,0,0,0,0,0,0,0,0,0,0,0,0,0,0,0,0,0,0,0,0,0,0,0,0,0,0,0,0,0,0,0,0,0,0,0,0,0,0,0,0,0,0,0,0,0,0,0,0,0,0,0,0,0,0,0,0,0,0,0,0,0,0,0,0,0,0,0,0,0,0,0,0,0,0,0,0,0,0,0,0,0,0,0,0,0,0,0,0,0,0,0,0,0,0,0,0,0,0,0,0,0,0,0,0,0,0,0,0,0,0,0
-0.000676207590087464,0.640166053066598,-0.00350006966791167,0,0,0,0,0,0,0,0,0,0,0,-0.0086482192545599,0,0,0,0,0,0,0,0,0,0,0,0,0,0,0,0,0,0,0,0,0,0,0,0,0,0,0,0,0,0,0,0,0,0,0,0,0,0,0,0,0,0,0,0,0,0,0,0,0,0,0,0,0,0,0,0,0,0,0,0,0,0,0,0,-0.00161255820060259,0,0,0,0,0,0,0,0,0,0,0,0,0,0,0,0,0,0,0,0,0,0,0,0,0,0,0,0,0,0,0,0,0,-0.003225886015094,0,0,0,0,0,0,0,0,0,0,0,0,-0.00157938799193689,0,0,0,0,0,0,0,0,0,0,0,0,0,0,0,0,0,0,0,0,0,0,0,0,0,0,0,0,0,0,0,0,0,0,0,0,0,0,0,0,0,0,0,0,0,0,0,0,0,0,0,0,0,-0.00257050259329036,0,0,0,0,0,0
0.000437591337352789,0.780776709473122,0,0,0,0,0,0,0,0,0,0,0,0,0,0,0,0,0,0,0,0,0,0,0,0,0,0,0,0,0,0,0,0,0,0,0,0,0,0,0,0,0,0,0,0,0,0,0,0,0,0,0,0,0,0,0,0,0,0,0,0,0,0,0,0,0,0,0,0,0,0,0,0,0,0,0,0,0,0,0,0,0,0,0,0,0,0,0,0,0,0,0,0,0,0,0,0,0,0,0,0,0,0,0,0,0,0,0,0,0,0,0,0,0,0,0,0,0,0,0,0,0,0,0,0,0,0,0,0,0,0,0,0,0,0,0,0,0,0,0,0,0,0,0,0,0,0,0,0,0,0,0,0,0,0,0,0,0,0,0,0,0,0,0,0,0,0,0,0,0,0,0,0,0,0,0,0,0,0,0,0,0,0,0,0,0
0.000530573864406668,0.751848755424891,-0.00947587396595217,0,0,0,0,0,0,0,0,0,0,0,0,0,0,0,0,0,0,0,0,0,0,0,0,0,0,0,0,0,0,0,0,0,0,0,0,0,0,0,0,0,0,0,0,0,0,0,0,0,0,0,0,0,0,0,0,0,0,0,0,0,0,0,0,0,0,0,0,0,0,0,0,0,0,0,0,0,0,0,0,0,0,0,0,0,0,0,0,0,0,0,0,0,0,0,0,0,0,0,0,0,0,0,0,0,0,0,0,0,0,0,0,0,0,0,0,0,0,0,0,0,0,0,0,0,0,0,0,0,0,0,0,0,0,0,0,0,0,0,0,0,0,0,0,0,0,0,0,0,0,0,0,0,0,0,0,0,0,0,0,0,0,0,0,0,0,0,0,0,0,0,0,0,0,0,0,0,0,0,0,0,0,0,0
0.000696394871632557,0.814844794647634,-0.0103896900368887,0,0,0,0,0,0,0,0,0,0,0,0,0,0,0,0,0,0,0,0,0,0,0,0,0,0,0,0,0,0,0,0,0,0,0,0,0,0,0,0,0,0,0,0,0,0,0,0,0,0,0,0,0,0,0,0,0,0,0,0,0,0,0,0,0,0,0,0,0,0,0,0,0,0,0,0,0,0,0,0,0,0,0,0,0,0,0,0,0,0,0,0,0,0,0,0,0,0,0,0,0,0,0,0,0,0,0,0,0,0,0,0,0,0,0,0,0,0,0,0,0,0,0,0,0,0,0,0,0,0,0,0,0,0,0,0,0,0.011091596097958,0,0,0,0,0,0,0,0,0,0,0,0,0,0,0,0,0,0,0,0,0,0,0,0,0,0,0,0,0,0,0,0,0,0,0,0,0,0,0,-0.00345468636074769,0,0,0,0,0,0
-0.000133576982302108,0.702486169389019,0,0,0,0.00977917377876382,0,0,0,0,0,0,0,0,0,0,0,0,0,0,0,0,0,0,0,0,0,0,0,0,0,0,0,0,0,0,0,0,0,0,0,0,0,0,0,0,0,0,0,0,0,0,0,0,0,0,0,0,0,0,0,0,0,0,0,0,0,0,0,0,0,0,0,0,0,0,0,0,0,0,0,0,0,0,0,0,0,0,0,0,0,0,0,0,0,0,0,0,0,0,0,0,0,0,0,0,0,0,0,0,0,0,0,0,0,0,0,0,0,0,0,0,0,0,0,0,0,0,0,0,0,0,0,0,0,0,0,0,0,0,0.00376009572235419,0,0,0,0,0,0,0,0,0,0,0,0,0,0,0,0,0,0,0,0,0,0,0,0,0,0,0,0,0,0,0,0,0,0,0,0,0,0,0,0,0,0,0,0,0,0
0.000126531011161346,0.785790668983941,0,0,0,0,0,0,0,0,0,0,0,0,0,0,0,0,0,0,0,0,0,0,0,0,0,0,0,0,0,0,0,0,0,0,0,0,0,0,0,0,0,0,0,0,0,0,0,0,0,0,0,0,0,0,0,0,0,0,0,0,0,0,0,0,0,0,0,0,0,0,0,0,0,0,0,0,0,0,0,0,0,0,0,0,0,0,0,0,0,0,0,0,0,0,0,0,0,0,0,0,0,0,0,0,0,0,0,0,0,0,0,0,0,0,0,0,0,0,0,0,0,0,0,0,0,0,0,0,0,0,0,0,0,0,0,0,0,0,0,0,0,0,0,0,0,0,0,0,0,0,0,0,0,0,0,0,0,0,0,0,0,0,0,0,0,0,0,0,0,0,0,0,0,0,0,0,0,0,0,0,0,0,0,0,0
0.000656321514294857,0.845583712727682,0,0,0,0,0,0,0,0,0,0,0,0,0,0,0,0,0,0,0,0,0,0,0,0,0,0,0,0,0,0,0,0,0,0,0,0,0,0,0,0,0,0,0,0,0,0,0,0,0,0,0,0,0,0,0,0,0,0,0,0,0,0,0,0,0,0,0,0,0,0,0,0,0,0,0,0,0,0,0,0,0,0,0,0,0,0,0,0,0,0,0,0,0,0,0,0,0,0,0,0,0,0,0,0,0,0,0,0,0,0,0,0,0,0,0,0,0,0,0,0,0,0,0,0,0,0,0,0,0,0,0,0,0,0,0,0,0,0,0,0,0,0,0,0,0,0,0,0,0,0,0,0,0,0,0,0,0,0,0,0,0,0,0,0,0,0,0,0,0,0,0,0,0,0,0,0,0,0,0,0,0,0,0,0,0
0.000799229858107953,0.859352472454067,0,0,0,0,0,0,0,0,0,0,0,0,0,0,0,0,0,0,0,0,0,0,0,0,0,0,0,0,0,0,0,0,0,0,0,0,0,0,0,0,0,0,0,0,0,0,0,0,0,0,0,0,0,0,0,0,0,0,0,0,0,0,0,0,0,0,0,0,0,0,0,0,0,0,0,0,0,0,0,0,0,0,0,0,0,0,0,0,0,0,0,0,0,0,0,0,0,0,0,0,0,0,0,0,0,0,0,0,0,0,0,0,0,0,0,0,0,0,0,0,0,0,0,0,0,0,0,0,0,0,0,0,0,0,0,0,0,0,0,0,0,0,0,0,0,0,0,0,0,0,0,0,0,0,0,0,0,0,0,0,0,0,0,0,0,0,0,0,0,0,0,0,0,0,0,0,0,0,0,0,0,0,0,0,0
0.0000757531515406303,0.816051788936466,0,0,0,0,0,0,0,0,0,0,0,0,0,0,0,0,0,0,0,0,0,0,0,0,0,0,0,0,0,0,0,0,0,0,0,0,0,0,0,0,0,0,0,0,0,0,0,0,0,0,0,0,0,0,0,0,0,0,0,0,0,0,0,0,0,0,0,0,0,0,0,0,0,0,0,0,0,0,0,0,0,0,0,0,0,0,0,0,0,0,0,0,0,0,0,0,0,0,0,0,0,0,0,0,0,0,0,0,0,0,0,0,0,0,0,0,0,0,0,0,0,0,0,0,0,0,0,0,0,0,0,0,0,0,0,0,0,0,0,0,0,0,0,0,0,0,0,0,0,0,0,0,0,0,0,0,0,0,0,0,0,0,0,0,0,0,0,0,0,0,0,0,0,0,0,0,0,0,0,0,0,0,0,0,0
-0.0000441463333594998,0.761307476073816,0,0,0,0,0,0,0,0,0,0,0,0,0,0,0,0,0,0,0,0,0,0,0,0,0,0,0,0,0,0,0,0,0,0,0,0,0,0,0,0,0,0,0,0,0,0,0,0,0,0,0,0,0,0,0,0,0,0,0,0,0,0,0,0,0,0,0,0,0,0,0,0,0,0,0,0,0,0,0,0,0,0,0,0,0,0,0,0,0,0,0,0,0,0,0,0,0,0,0,0,0,0,0,0,0,0,0,0,0,0,0,0,0,0,0,0,0,0,0,0,0,0,0,0,0,0,0,0,0,0,0,0,0,0,0,0,0,0,0,0,0,0,0,0,0,0,0,0,0,0,0,0,0,0,0,0,0,0,0,0,0,0,0,0,0,0,0,0,0,0,0,0,0,0,0,0,0,0,0,0,0,0,0,0,0
-0.0000171415972214277,0.762851386185577,0,0,0,0,0,0,0,0,0,0,0,0,0,0,0,0,0,0,0,0,0,0,0,0,0,0,0,0,0,0,0,0,0,0,0,0,0,0,0,0,0,0,0,0,0,0,0,0,0,0,0,0,0,0,0,0,0,0,0,0,0,0,0,0,0,0,0,0,0,0,0,0,0,0,0,0,0,0,0,0,0,0,0,0,0,0,0,0,0,0,0,0,0,0,0,0,0,0,0,0,0,0,0,0,0,0,0,0,0,0,0,0,0,0,0,0,0,0,0,0,0,0,0,0,0,0,0,0,0,0,0,0,0,0,0,0,0,0,0,0,0,0,0,0,0,0,0,0,0,0,0,0,0,0,0,0,0,0,0,0,0,0,0,0,0,0,0,0,0,0,0,0,0,0,0,0,0,0,0,0,0,0,0,0,0
0.000664450726083404,0.805795105873092,-0.00875652479964557,0,0,0,0,0,0,0,0,0,0,0,0,0,0,0,0,0,0,0,0,0,0,0,0,0,0,0,0,0,0,0,0,0,0,0,0,0,0,0,0,0,0,0,0,0,0,0,0,0,0,0,0,0,0,0,0,0,0,0,0,0,0,0,0,0,0,0,0,0,0,0,0,0,0,0,0,0,0,0,0,0,0,0,0,0,0,0,0,0,0,0,0,0,0,0,0,0,0,0,0,0,0,0,0,0,0,0,0,0,0,0,0,0,0,0,0,0,0,0,0,0,0,0,0,0,0,0,0,0,0,0,0,0,0,0,0,0,0.0000638755523699649,0,0,0,0,0,0,0,0,0,0,0,0,0,0,0,0,0,0,0,0,0,0,0,0,0,0,0,0,0,0,0,0,0,0,0,0,0,0,0,0,0,0,0,0,0,0
0.000102065263078563,0.759180201116172,0,0,0,0,0,0,0,0,0,0,0,0,0,0,0,0,0,0,0,0,0,0,0,0,0,0,0,0,0,0,0,0,0,0,0,0,0,0,0,0,0,0,0,0,0,0,0,0,0,0,0,0,0,0,0,0,0,0,0,0,0,0,0,0,0,0,0,0,0,0,0,0,0,0,0,0,0,0,0,0,0,0,0,0,0,0,0,0,0,0,0,0,0,0,0,0,0,0,0,0,0,0,0,0,0,0,0,0,0,0,0,0,0,0,0,0,0,0,0,0,0,0,0,0,0,0,0,0,0,0,0,0,0,0,0,0,0,0,0,0,0,0,0,0,0,0,0,0,0,0,0,0,0,0,0,0,0,0,0,0,0,0,0,0,0,0,0,0,0,0,0,0,0,0,0,0,0,0,0,0,0,0,0,0,0
-0.000205717987184099,0.773942859819462,0,0,0,0,0,0,0,0,0,0,0,0,0,0,0,0,0,0,0,0,0,0,0,0,0,0,0,0,0,0,0,0,0,0,0,0,0,0,0,0,0,0,0,0,0,0,0,0,0,0,0,0,0,0,0,0,0,0,0,0,0,0,0,0,0,0,0,0,0,0,0,0,0,0,0,0,0,0,0,0,0,0,0,0,0,0,0,0,0,0,0,0,0,0,0,0,0,0,0,0,0,0,0,0,0,0,0,0,0,0,0,0,0,0,0,0,0,0,0,0,0,0,0,0,0,0,0,0,0,0,0,0,0,0,0,0,0,0,0,0,0,0,0,0,0,0,0,0,0,0,0,0,0,0,0,0,0,0,0,0,0,0,0,0,0,0,0,0,0,0,0,0,0,0,0,0,0,0,0,0,0,0,0,0,0
-0.000185432101992795,0.756300538185299,0,0,0,0,0,0,0,0,0,0,0,0,0,0,0,0,0,0,0,0,0,0,0,0,0,0,0,0,0,0,0,0,0,0,0,0,0,0,0,0,0,0,0,0,0,0,0,0,0,0,0,0,0,0,0,0,0,0,0,0,0,0,0,0,0,0,0,0,0,0,0,0,0,0,0,0,0,0,0,0,0,0,0,0,0,0,0,0,0,0,0,0,0,0,0,0,0,0,0,0,0,0,0,0,0,0,0,0,0,0,0,0,0,0,0,0,0,0,0,0,0,0,0,0,0,0,0,0,0,0,0,0,0,0,0,0,0,0,0,0,0,0,0,0,0,0,0,0,0,0,0,0,0,0,0,0,0,0,0,0,0,0,0,0,0,0,0,0,0,0,0,0,0,0,0,0,0,0,0,0,0,0,0,0,0
0.000272201319085691,0.730428778774076,0,0,0,0,0,0,0,0,0,0,0,0,0,0,0,0,0,0,0,0,0,0,0,0,0,0,0,0,0,0,0,0,0,0,0,0,0,0,0,0,0,0,0,0,0,0,0,0,0,0,0,0,0,0,0,0,0,0,0,0,0,0,0,0,0,0,0,0,0,0,0,0,0,0,0,0,0,0,0,0,0,0,0,0,0,0,0,0,0,0,0,0,0,0,0,0,0,0,0,0,0,0,0,0,0,0,0,0,0,0,0,0,0,0,0,0,0,0,0,0,0,0,0,0,0,0,0,0,0,0,0,0,0,0,0,0,0,0,0,0,0,0,0,0,0,0,0,0,0,0,0,0,0,0,0,0,0,0,0,0,0,0,0,0,0,0,0,0,0,0,0,0,0,0,0,0,0,0,0,0,0,0,0,0,0
0.000205555586775314,0.78751800976262,0,0,0,0,0,0,0,0,0,0,0,0,0,0,0,0,0,0,0,0,0,0,0,0,0,0,0,0,0,0,0,0,0,0,0,0,0,0,0,0,0,0,0,0,0,0,0,0,0,0,0,0,0,0,0,0,0,0,0,0,0,0,0,0,0,0,0,0,0,0,0,0,0,0,0,0,0,0,0,0,0,0,0,0,0,0,0,0,0,0,0,0,0,0,0,0,0,0,0,0,0,0,0,0,0,0,0,0,0,0,0,0,0,0,0,0,0,0,0,0,0,0,0,0,0,0,0,0,0,0,0,0,0,0,0,0,0,0,0,0,0,0,0,0,0,0,0,0,0,0,0,0,0,0,0,0,0,0,0,0,0,0,0,0,0,0,0,0,0,0,0,0,0,0,0,0,0,0,0,0,0,0,0,0,0
-0.00020451080143158,0.701599533902354,0,0,0,0,0,0,0,0,0,0,0,0,0,0,0,0,0,0,0,0,0,0,0,0,0,0,0,0,0,0,0,0,0,0,0,0,0,0,0,0,0,0,0,0,0,0,0,0,0,0,0,0,0,0,0,0,0,0,0,0,0,0,0,0,0,0,0,0,0,0,0,0,0,0,0,0,0,0,0,0,0,0,0,0,0,0,0,0,0,0,0,0,0,0,0,0,0,0,0,0,0,0,0,0,0,0,0,0,0,0,0,0,0,0,0,0,0,0,0,0,0,0,0,0,0,0,0,0,0,0,0,0,0,0,0,0,0,0,0,0,0,0,0,0,0,0,0,0,0,0,0,0,0,0,0,0,0,0,0,0,0,0,0,0,0,0,0,0,0,0,0,0,0,0,0,0,0,0,0,0,0,0,0,0,0
-0.000108709752089602,0.692698927713529,0,0,0,0,0,0,0,0,0,0,0,0,0,0,0,0,0,0,0,0,0,0,0,0,0,0,0,0,0,0,0,0,0,0,0,0,0,0,0,0,0,0,0,0,0,0,0,0,0,0,0,0,0,0,0,0,0,0,0,0,0,0,0,0,0,0,0,0,0,0,0,0,0,0,0,0,0,0,0,0,0,0,0,0,0,0,0,0,0,0,0,0,0,0,0,0,0,0,0,0,0,0,0,0,0,0,0,0,0,0,0,0,0,0,0,0,0,0,0,0,0,0,0,0,0,0,0,0,0,0,0,0,0,0,0,0,0,0,0,0,0,0,0,0,0,0,0,0,0,0,0,0,0,0,0,0,0,0,0,0,0,0,0,0,0,0,0,0,0,0,0,0,0,0,0,0,0,0,0,0,0,0,0,0,0
-0.000104052642996903,0.772613816467438,0,0,0,0,0,0,0,0,0,0,0,0,0,0,0,0,0,0,0,0,0,0,0,0,0,0,0,0,0,0,0,0,0,0,0,0,0,0,0,0,0,0,0,0,0,0,0,0,0,0,0,0,0,0,0,0,0,0,0,0,0,0,0,0,0,0,0,0,0,0,0,0,0,0,0,0,0,0,0,0,0,0,0,0,0,0,0,0,0,0,0,0,0,0,0,0,0,0,0,0,0,0,0,0,0,0,0,0,0,0,0,0,0,0,0,0,0,0,0,0,0,0,0,0,0,0,0,0,0,0,0,0,0,0,0,0,0,0,0,0,0,0,0,0,0,0,0,0,0,0,0,0,0,0,0,0,0,0,0,0,0,0,0,0,0,0,0,0,0,0,0,0,0,0,0,0,0,0,0,0,0,0,0,0,0
0.000179849377230449,0.67493771635184,0,0,0,0,0,0,0,0,0,0,0,0,0,0,0,0,0,0,0,0,0,0,0,0,0,0,0,0,0,0,0,0,0,0,0,0,0,0,0,0,0,0,0,0,0,0,0,0,0,0,0,0,0,0,0,0,0,0,0,0,0,0,0,0,0,0,0,0,0,0,0,0,0,0,0,0,0,0,0,0,0,0,0,0,0,0,0,0,0,0,0,0,0,0,0,0,0,0,0,0,0,0,0,0,0,0,0,0,0,0,0,0,0,0,0,0,0,0,0,0,0,0,0,0,0,0,0,0,0,0,0,0,0,0,0,0,0,0,0,0,0,0,0,0,0,0,0,0,0,0,0,0,0,0,0,0,0,0,0,0,0,0,0,0,0,0,0,0,0,0,0,0,0,0,0,0,0,0,0,0,0,0,0,0,0
0.00148132043988564,0.803268109268782,-0.0183498115199854,0,0,0,0,0,0,0,0,0,0,0,0,0,0,0.0430744845864154,0,0,0,0,0,0,0,0,0,0,0,0,0,0,0,0,0,0,0,0,0,0,0,0.00293215411040559,0,0,0,0,0,0,0,0,0,0,0,0,0,0,0,0,0,0,0,0,0,0,0,0,0,0,0,0,0,0,0,0,0,0,0,0,-0.000140893506634066,0,0,0.0320638630793873,0,0,0,0,0,0,0,0,0,0,0,0,0,0,0,0,0,0,0,0,0,0,0,0,0,0,0,0,0,0,0,0,0,0,0,0,0,0,0,0,0,0,0,0,0,0,0,0,0,0,0,0,0,0,0.00719441952742107,0,0,0,0.0172459603549906,0,0,0,0,0,0,0,0.000657621463544576,0,0,0,0,0,0,0,0,0,0,0,0,0,0,0,0,0,0,0,0,0,0,0,0,0,0,0,0,0,0,0,-0.00819255414174274,0,0,0,0,0,0
0.00143697843431408,0.787310081675026,-0.0368673459214232,0,0,0,0,0,0,0,0,-0.0108122626509108,0,0,0,0,0,0.0553419058947686,0,0,0,0,0,0,0,0.0152043105526379,0,0,0,0.0173346553914086,0,0,0,0,0,0,0,0,0,0,0,0.0233812408142195,0,0.102952339484129,0,0,0,0,0,0,0,0,0,0,0,0,0,0,0,0,0,0,0,0,0,0,0,0,-0.0252588814502429,0,-0.0017252193477821,0,0,-0.00787115800768181,0,0,0,0,0,0,0,0.00422861914561732,0,0,0,0,0,0,0,0,0,0,0,0,0,0,0,0,0,0,0,0,0,0,0,0,0,0,0,0,0,0,0,0,0,0,0,0,0,0,0,0,0,0,0,0,0,0,0,0,0,0,0,0,0,0,0,0,0,0,0.0333891081706361,0,0,0,0,-0.00111840839738598,0,0,0.0407593173535789,0,0,0,0,0,0,0,0,0,0,0,0,0,0,0,0,0,0,0,0,0,0,0,0,0,0,0,0,0,0,0,-0.0214598539506832,0,0,0,0,0,0
0.00139613281144408,0.832314145553335,-0.0194683021018842,0,0,0,0,0,0,0,0,0,0,0,0,0,0,0.00258323201966897,0,0,0,0,0,0,0,0,0,0,0,0,0,0,0,0,0,0,0,0,0,0,0,0.00432428350829623,0,0.034317005920251,0,0,0,0,0,0,0,0,0,0,0,0,0,0,0,0,0,0,0,0,0,0,0,0,0,0,0,0,0,0,0,0,0,0,0,0,0,0,0,0,0,0,0,0,0,0,0,0,0,0,0,0,0,0,0,0,0,0,0,0,0,0,0,0,0,0,0,0,0,0,0,0,0,0,0,0,0,0,0,0,0,0,0,0,0,0,0,0,0,0,0,0,0,0,0,0,0.0180423921360624,0,0,0,0,0,0,0,0.00447112260180667,0,0,0,0,0,0,0,0,0,0,0,0,0,0,0,0,0,0,0,0,0,0,0,0,0,0,0,0,0,0,0,-0.00896112162378612,0,0,0,0,0,0
NA,NA,NA,NA,NA,NA,NA,NA,NA,NA,NA,NA,NA,NA,NA,NA,NA,NA,NA,NA,NA,NA,NA,NA,NA,NA,NA,NA,NA,NA,NA,NA,NA,NA,NA,NA,NA,NA,NA,NA,NA,NA,NA,NA,NA,NA,NA,NA,NA,NA,NA,NA,NA,NA,NA,NA,NA,NA,NA,NA,NA,NA,NA,NA,NA,NA,NA,NA,NA,NA,NA,NA,NA,NA,NA,NA,NA,NA,NA,NA,NA,NA,NA,NA,NA,NA,NA,NA,NA,NA,NA,NA,NA,NA,NA,NA,NA,NA,NA,NA,NA,NA,NA,NA,NA,NA,NA,NA,NA,NA,NA,NA,NA,NA,NA,NA,NA,NA,NA,NA,NA,NA,NA,NA,NA,NA,NA,NA,NA,NA,NA,NA,NA,NA,NA,NA,NA,NA,NA,NA,NA,NA,NA,NA,NA,NA,NA,NA,NA,NA,NA,NA,NA,NA,NA,NA,NA,NA,NA,NA,NA,NA,NA,NA,NA,NA,NA,NA,NA,NA,NA,NA,NA,NA,NA,NA,NA,NA,NA,NA,NA,NA,NA,NA,NA,NA,NA
0.00176248416398857,0.790679009195689,-0.0212954100589661,0,0,0,0,0,0,0,0,0,0,0,0,0,0,0.0104021742732377,0,0,0,0,0,0,0,0,0,0,0,0,0,0,0,0,0,0,0,0,0,0,0,0,0,0.026414455456794,0,0,0,0,0,0,0,0,0,0,0,0,0,0,0,0,0,0,0,0,0,0,0,0,-0.00860733880259312,0,0,0,0,0,0,0,0,0,0,0,0,0.0187403512183574,0,0,0,0,0,0,0,0,0,0,0,0,0,0,0,0,0,0,0,0,0,0,0,0,0,0,0,-0.0029768624695637,0,0,0,0,0,0,0,0,0,0,0,0,0,0,0,0,0,0,0,0,0,0,0,0,0,0,0,0,0,0,0.0234320363450413,0,0,0,0,0,0,0,0,0,0,0,0,0,0,0,0,0,0,0,0,0,0,0,0,0,0,0,0,0,0,0,0,0,0,0,0,0,0,0,-0.00902060211784489,0,0,0,0,0,0
NA,NA,NA,NA,NA,NA,NA,NA,NA,NA,NA,NA,NA,NA,NA,NA,NA,NA,NA,NA,NA,NA,NA,NA,NA,NA,NA,NA,NA,NA,NA,NA,NA,NA,NA,NA,NA,NA,NA,NA,NA,NA,NA,NA,NA,NA,NA,NA,NA,NA,NA,NA,NA,NA,NA,NA,NA,NA,NA,NA,NA,NA,NA,NA,NA,NA,NA,NA,NA,NA,NA,NA,NA,NA,NA,NA,NA,NA,NA,NA,NA,NA,NA,NA,NA,NA,NA,NA,NA,NA,NA,NA,NA,NA,NA,NA,NA,NA,NA,NA,NA,NA,NA,NA,NA,NA,NA,NA,NA,NA,NA,NA,NA,NA,NA,NA,NA,NA,NA,NA,NA,NA,NA,NA,NA,NA,NA,NA,NA,NA,NA,NA,NA,NA,NA,NA,NA,NA,NA,NA,NA,NA,NA,NA,NA,NA,NA,NA,NA,NA,NA,NA,NA,NA,NA,NA,NA,NA,NA,NA,NA,NA,NA,NA,NA,NA,NA,NA,NA,NA,NA,NA,NA,NA,NA,NA,NA,NA,NA,NA,NA,NA,NA,NA,NA,NA,NA
0.00173421901179838,0.793619895455413,-0.0204352852053081,0,0,0,0,0,0,0,0,-0.00194220303205443,0,0,0,0,0,0.0194526113507354,0,0,0,0,0,0,0,0,0,0,0,0,0,0,0,0,0,0,0,0,0,0,0,0,0,0.0321420203393061,0,0,0,0,0,0,0,0,0,0,0,0,0,0,0,0,0,-0.00139486905177764,0,0,0,0,0,0,-0.00837878280705714,0,0,0,0,0,0,0,0,0,0,0,0,0.0213256204581279,0,0,0,0,0,0,0,0,0,0,0,0,0,0,0,0,0,0,0,0,0,0,0,0,0,0,0,-0.00157076987318571,0,0,0,0,0,0,0,0,0,0,0,0,0,0,0,0,0,0,0,0,0,0,0,0,0,0,0,0,0,0,0.0227674446697363,0,0,0,0,0,0,0,0,0,0,0,0,0,0,0,0,0,0,0,0,0,0,0,0,0,0,0,0,0,0,-0.00187875794913274,0,0,0,0,0,0,0,0,-0.00585281414030699,0,0,0,0,0,0
0.00161185875356604,0.784831336963058,0,0,0,0,0,0,0,0,0,-0.00217386521273207,0,0,0,0,0,0.0199206052566859,0,0,0,0,0,0,0,0,0,0,0,0.00411859690411951,0,0,0,0,0,0,0,0,0,0,0,0,0,0.0292048654974332,0,0,0,0,0,0,0,-0.000145596687617233,0,0,0,0,0,0,0,0,0,0,0,0,0,0,0,0,0,0,0,0,0,0,0,0,0,0,0,0,0,0.0238527898771273,0,0,0,0,0,0,0,0,0,0,0,0,0,0,0,0,0,0,0,0,0,0,0,0,0,0,0,0,0,0,0,0,0,0,0,0,0,0,0,0,0,0,0,0,0,0,0,0,0,0,0,0,0,0,0.0016013202961597,0,0,0,0.0125919977692869,0,0,0,0,0,0,0,0,0,0,0,0,0,0,0,0,0,0,0,0,0,0,0,0,0,0,0,0,0,0,-0.00998783129365469,0,0,0,0,0,0,0,0,0,0,0,0,0,0,0
0.00165145681002369,0.75984481896007,0,0,0,0,0,0,0,0,0,0,0,0,0,0,0,0.00832474606681496,0,0,0,0,0,0,0,0.0105020452023875,0,0,0,0.00484723499337178,0,0,0,0,0,0,0,0,0,0,0,0,0,0.0324277396262194,0,0,0,0,0,0,0,0,0,0,0,0,0,0,0,0,0,-0.00393057989197481,0,0,0,0,0,0,0,0,0,0,0,0,0,0,0,0,0,0,0,0.0559147249026606,0,0,0,0,0,0,0,0,0,0,0,0,0,0,0,0,0,0,0,0,0,0,0,0,0,0,0,-0.00276891840074067,0,0,0,0,0,0,0,0,0,0,0,0,0,0,0,0,0,0,0,0,0,0,0,0,0,0,0.0147623576488188,0,0,0,0.0224844661086969,0,0,0,0,0,0,0,0,0,0,0,0,0,0,0,0,0,0,0,0,0,0,0,0,0,0,0,0,0,0,-0.0109848291341621,0,0,0,0,0,0,0,0,0,0,0,0,0,0,0
0.00140122852497831,0.707709308240551,-0.00755336927893466,0,0,0.000258143592182846,0,0,0,0,0,-0.00431065952143933,0,0,0,0,0,0.0271711113143845,0,0,0,0,0,0,0,0,0,0,0,0,0,0,0,0,0,0,0,0,0,0,0,0,0,0.0056427178600363,0,0,0,0,0,0,0,0,0,0,0,0,0,0,0,0,0,0,0,0,0,0,0,0,0,0,0,0,0,0,0,0,0,0,0,0,0,0.0284637491803969,0,0,0,0,0,0,0,0,0,0,0,0,0,0,0,0,0,0,0,0,0,0,0,0,0,0,0,0,0,0,0,0,0,0,0,0,0,0,0,0,0,0,0,0,0,0,0,0,0,0,0,0,0,0,0.000506513778820179,0,0,0,0.000141910868376492,0,0,0,0,0,0,0,0,0,0,0,0,0,0,0,0,0,0,0,0,0,0,0,0,0,0,0,0,0,0,0,0,0,0,0,0,0,0,0,-0.0026698319713574,0,0,0,0,0,0
0.00104544202584115,0.794864880156429,-0.00696453711704493,0,0,0,0,0,0,0,0,0,0,0,0,0,0,0.00229555140012515,0,0,0,0,0,0,0,0,0,0,0,0,0,0,0,0,0,0,0,0,0,0,0,0,0,0,0,0,0,0,0,0,0,0,0,0,0,0,0,0,0,0,0,0,0,0,0,0,0,0,0,0,0,0,0,0,0,0,0,0,0,0,0,0.0106765220325659,0,0,0,0,0,0,0,0,0,0,0,0,0,0,0,0,0,0,0,0,0,0,0,0,0,0,0,0,0,0,0,0,0,0,0,0,0,0,0,0,0,0,0,0,0,0,0,0,0,0,0,0,0,0,0,0,0,0,0,0,0,0,0,0,0,0,0,0,0,0,0,0,0,0,0,0,0,0,0,0,0,0,0,0,0,0,0,0,0,0,0,0,0,0,0,0,0,0,0,0,0,0,0,0,0
0.00140664317661184,0.78841821442234,-0.0128904772573267,0,0,0,0,0,0,0,0,0,0,0,0,0,0,0.000729032038044243,0,0,0,0,0,0,0,0,0,0,0,0,0,0,0,0,0,0,0,0,0,0,0,0,0,0,0,0,0,0,0,0,0,0,0,0,0,0,0,0,0,0,0,0,0,0,0,0,0,0,0,0,0,0,0,0,0,0,0,0,0,0,0,0,0,0,0,0,0,0,0,0,0,0,0,0,0,0,0,0,0,0,0,0,0,0,0,0,0,0,0,0,0,0,0,0,0,0,0,0,0,0,0,0,0,0,0,0,0,0,0,0,0,0,0,0,0,0,0,0,0,0,0.0128101031601122,0,0,0,0,0,0,0,0,0,0,0,0,0,0,0,0,0,0,0,0,0,0,0,0,0,0,0,0,0,0,0,0,0,0,0,0,0,0,0,0,0,0,0,0,0,0
