"intercept","Bacillariophyta_29_1_tp_2","temperature_tp_2","Actinobacteria_410_1_tp_2","Actinobacteria_410_2_tp_2","Archaea_164_1_tp_2","Archaea_164_2_tp_2","Archaea_179_1_tp_2","Bacillariophyta_100_1_tp_2","Bacillariophyta_123_1_tp_2","Bacillariophyta_138_1_tp_2","Bacillariophyta_196_1_tp_2","Bacillariophyta_219_1_tp_2","Bacillariophyta_31_1_tp_2","Bacillariophyta_44_1_tp_2","Bacteroidetes_1151_1_tp_2","Bacteroidetes_1166_1_tp_2","Bacteroidetes_1166_2_tp_2","Bacteroidetes_1167_1_tp_2","Bacteroidetes_1178_1_tp_2","Bacteroidetes_1186_1_tp_2","Bacteroidetes_1194_1_tp_2","Bacteroidetes_1204_1_tp_2","Bacteroidetes_1224_1_tp_2","Bacteroidetes_1235_1_tp_2","Bacteroidetes_1249_1_tp_2","Bacteroidetes_1264_1_tp_2","Bacteroidetes_129_1_tp_2","Bacteroidetes_129_2_tp_2","Bacteroidetes_131_1_tp_2","Bacteroidetes_1349_1_tp_2","Bacteroidetes_1360_1_tp_2","Bacteroidetes_1360_2_tp_2","Bacteroidetes_1360_3_tp_2","Bacteroidetes_1360_4_tp_2","Bacteroidetes_1360_5_tp_2","Bacteroidetes_317_1_tp_2","Bacteroidetes_918_1_tp_2","Bacteroidetes_918_2_tp_2","Bacteroidetes_918_3_tp_2","Bacteroidetes_918_4_tp_2","Bacteroidetes_918_5_tp_2","Bacteroidetes_919_1_tp_2","Bacteroidetes_919_2_tp_2","Bacteroidetes_919_3_tp_2","Bacteroidetes_938_1_tp_2","Bacteroidetes_956_1_tp_2","Cercozoa_22_1_tp_2","Cercozoa_23_1_tp_2","Cercozoa_291_1_tp_2","Cercozoa_395_1_tp_2","Chlorophyta__streptophyta_120_1_tp_2","Chlorophyta__streptophyta_732_1_tp_2","Chlorophyta__streptophyta_751_1_tp_2","Chlorophyta__streptophyta_833_1_tp_2","Chlorophyta__streptophyta_845_1_tp_2","Chlorophyta__streptophyta_848_1_tp_2","Chlorophyta__streptophyta_895_1_tp_2","Chrysophyceae_16_1_tp_2","Ciliophora_1195_1_tp_2","Ciliophora_234_1_tp_2","Ciliophora_280_1_tp_2","Ciliophora_298_1_tp_2","Ciliophora_403_1_tp_2","Ciliophora_451_1_tp_2","Cryptophyta_108_1_tp_2","Cryptophyta_15_1_tp_2","Cryptophyta_15_2_tp_2","Cyanobacteria_48_1_tp_2","Cyanobacteria_65_1_tp_2","Cyanobacteria_73_1_tp_2","Cyanobacteria_85_1_tp_2","Dictyochophyceae_6_1_tp_2","Dinoflagellata_1009_1_tp_2","Dinoflagellata_1010_1_tp_2","Dinoflagellata_1014_1_tp_2","Dinoflagellata_1017_1_tp_2","Dinoflagellata_1098_1_tp_2","Dinoflagellata_1198_1_tp_2","Dinoflagellata_124_1_tp_2","Dinoflagellata_1496_1_tp_2","Dinoflagellata_1542_1_tp_2","Dinoflagellata_1555_1_tp_2","Dinoflagellata_1658_1_tp_2","Dinoflagellata_1711_1_tp_2","Dinoflagellata_1728_1_tp_2","Dinoflagellata_1728_2_tp_2","Dinoflagellata_1749_1_tp_2","Dinoflagellata_1758_1_tp_2","Dinoflagellata_1769_1_tp_2","Dinoflagellata_1771_1_tp_2","Dinoflagellata_1771_2_tp_2","Dinoflagellata_1793_1_tp_2","Dinoflagellata_1862_1_tp_2","Dinoflagellata_1968_1_tp_2","Dinoflagellata_874_1_tp_2","Dinoflagellata_955_1_tp_2","Dinoflagellata_982_1_tp_2","Div_reps_1600_1_tp_2","Div_reps_1600_2_tp_2","Div_reps_2942_1_tp_2","Haptophyta_148_1_tp_2","Haptophyta_203_1_tp_2","Katablepharidophyta_7_1_tp_2","Lobosa_11_1_tp_2","Nitrospirae_9_1_tp_2","Perkinsea_33_1_tp_2","Perkinsea_44_1_tp_2","Phylum_reps_1954_1_tp_2","Phylum_reps_1985_1_tp_2","Phylum_reps_2301_1_tp_2","Picozoa_18_1_tp_2","Picozoa_6_1_tp_2","Planctomycetes_27_1_tp_2","Planctomycetes_34_1_tp_2","Planctomycetes_61_1_tp_2","Proteobacteria_10091_1_tp_2","Proteobacteria_10114_1_tp_2","Proteobacteria_10168_1_tp_2","Proteobacteria_11120_1_tp_2","Proteobacteria_11155_1_tp_2","Proteobacteria_11155_2_tp_2","Proteobacteria_11190_1_tp_2","Proteobacteria_11210_1_tp_2","Proteobacteria_11210_2_tp_2","Proteobacteria_11428_1_tp_2","Proteobacteria_11429_1_tp_2","Proteobacteria_11429_2_tp_2","Proteobacteria_11429_3_tp_2","Proteobacteria_11429_4_tp_2","Proteobacteria_11431_1_tp_2","Proteobacteria_11431_2_tp_2","Proteobacteria_22_1_tp_2","Proteobacteria_5436_1_tp_2","Proteobacteria_5461_1_tp_2","Proteobacteria_6384_1_tp_2","Proteobacteria_6847_1_tp_2","Proteobacteria_7100_1_tp_2","Proteobacteria_7166_1_tp_2","Proteobacteria_7174_1_tp_2","Proteobacteria_7230_1_tp_2","Proteobacteria_7230_2_tp_2","Proteobacteria_7230_3_tp_2","Proteobacteria_7231_1_tp_2","Proteobacteria_7289_1_tp_2","Proteobacteria_7295_1_tp_2","Proteobacteria_7313_1_tp_2","Proteobacteria_7314_1_tp_2","Proteobacteria_7316_1_tp_2","Proteobacteria_7319_1_tp_2","Proteobacteria_7364_1_tp_2","Proteobacteria_7787_1_tp_2","Proteobacteria_7982_1_tp_2","Proteobacteria_7982_2_tp_2","Proteobacteria_7983_1_tp_2","Proteobacteria_7983_2_tp_2","Proteobacteria_7983_3_tp_2","Proteobacteria_7983_4_tp_2","Proteobacteria_7983_5_tp_2","Proteobacteria_7983_6_tp_2","Proteobacteria_7983_7_tp_2","Proteobacteria_7983_8_tp_2","Proteobacteria_7984_1_tp_2","Proteobacteria_8175_1_tp_2","Proteobacteria_8176_1_tp_2","Proteobacteria_8176_2_tp_2","Proteobacteria_8177_1_tp_2","Proteobacteria_8177_2_tp_2","Proteobacteria_8178_1_tp_2","Proteobacteria_8185_1_tp_2","Proteobacteria_8520_1_tp_2","Proteobacteria_9649_1_tp_2","Proteobacteria_9681_1_tp_2","Proteobacteria_9681_2_tp_2","Pseudofungi_43_1_tp_2","Radiolaria_104_1_tp_2","Raphidophyceae_3_1_tp_2","Rhodophyta_506_1_tp_2","Sagenista_53_1_tp_2","Sagenista_61_1_tp_2","Verrucomicrobia_18_1_tp_2","Verrucomicrobia_18_2_tp_2","Verrucomicrobia_18_3_tp_2","Verrucomicrobia_18_4_tp_2","Verrucomicrobia_22_1_tp_2","Verrucomicrobia_22_2_tp_2","Verrucomicrobia_23_1_tp_2"
NA,NA,NA,NA,NA,NA,NA,NA,NA,NA,NA,NA,NA,NA,NA,NA,NA,NA,NA,NA,NA,NA,NA,NA,NA,NA,NA,NA,NA,NA,NA,NA,NA,NA,NA,NA,NA,NA,NA,NA,NA,NA,NA,NA,NA,NA,NA,NA,NA,NA,NA,NA,NA,NA,NA,NA,NA,NA,NA,NA,NA,NA,NA,NA,NA,NA,NA,NA,NA,NA,NA,NA,NA,NA,NA,NA,NA,NA,NA,NA,NA,NA,NA,NA,NA,NA,NA,NA,NA,NA,NA,NA,NA,NA,NA,NA,NA,NA,NA,NA,NA,NA,NA,NA,NA,NA,NA,NA,NA,NA,NA,NA,NA,NA,NA,NA,NA,NA,NA,NA,NA,NA,NA,NA,NA,NA,NA,NA,NA,NA,NA,NA,NA,NA,NA,NA,NA,NA,NA,NA,NA,NA,NA,NA,NA,NA,NA,NA,NA,NA,NA,NA,NA,NA,NA,NA,NA,NA,NA,NA,NA,NA,NA,NA,NA,NA,NA,NA,NA,NA,NA,NA,NA,NA,NA,NA,NA,NA,NA,NA,NA,NA,NA,NA,NA,NA,NA
NA,NA,NA,NA,NA,NA,NA,NA,NA,NA,NA,NA,NA,NA,NA,NA,NA,NA,NA,NA,NA,NA,NA,NA,NA,NA,NA,NA,NA,NA,NA,NA,NA,NA,NA,NA,NA,NA,NA,NA,NA,NA,NA,NA,NA,NA,NA,NA,NA,NA,NA,NA,NA,NA,NA,NA,NA,NA,NA,NA,NA,NA,NA,NA,NA,NA,NA,NA,NA,NA,NA,NA,NA,NA,NA,NA,NA,NA,NA,NA,NA,NA,NA,NA,NA,NA,NA,NA,NA,NA,NA,NA,NA,NA,NA,NA,NA,NA,NA,NA,NA,NA,NA,NA,NA,NA,NA,NA,NA,NA,NA,NA,NA,NA,NA,NA,NA,NA,NA,NA,NA,NA,NA,NA,NA,NA,NA,NA,NA,NA,NA,NA,NA,NA,NA,NA,NA,NA,NA,NA,NA,NA,NA,NA,NA,NA,NA,NA,NA,NA,NA,NA,NA,NA,NA,NA,NA,NA,NA,NA,NA,NA,NA,NA,NA,NA,NA,NA,NA,NA,NA,NA,NA,NA,NA,NA,NA,NA,NA,NA,NA,NA,NA,NA,NA,NA,NA
0.00102086740640867,0.716944292664499,0,0,0,0,0,0,0.0236097560720541,0,0,0,0,0,0,0,0,0,0,0,0,0,0,0,0,0,0,0,0,0,0,0,0,0,0,0,0,0,0,0,0,0,0,0,0,0.00426452400412102,0,0,0,0,0.0158350567852618,-0.00586832067182338,0,0,0,0,0,0,0,0,0,0,0,0,0,0,0,0,0,0,0,0,0,0,0,0,0,0,-0.00622424477506274,0,0,0,0,0,0,0,0,0,0,-0.00433946711946509,0,0,0,0,0,0,0,0,0,0,0,0,0,0,0,0,-0.0141293594269402,0,0,-0.00588865361677556,0,0,0,0,0,0,0,0,0,0,0,0,0,0,0,0,0,0,0,0,0,0,0,0,0,0,0.00772689151216357,0,0,0,0.0248256566812307,0,0,0,0,0,0,-0.0177080049207499,0,0,0,0,0,0,0,0,0,0,0,0,0,0,0,0,0,0,0,0,0,0,0,0,0,0,0,0,0,0,0,0,0,0,0,0,0,0,0
NA,NA,NA,NA,NA,NA,NA,NA,NA,NA,NA,NA,NA,NA,NA,NA,NA,NA,NA,NA,NA,NA,NA,NA,NA,NA,NA,NA,NA,NA,NA,NA,NA,NA,NA,NA,NA,NA,NA,NA,NA,NA,NA,NA,NA,NA,NA,NA,NA,NA,NA,NA,NA,NA,NA,NA,NA,NA,NA,NA,NA,NA,NA,NA,NA,NA,NA,NA,NA,NA,NA,NA,NA,NA,NA,NA,NA,NA,NA,NA,NA,NA,NA,NA,NA,NA,NA,NA,NA,NA,NA,NA,NA,NA,NA,NA,NA,NA,NA,NA,NA,NA,NA,NA,NA,NA,NA,NA,NA,NA,NA,NA,NA,NA,NA,NA,NA,NA,NA,NA,NA,NA,NA,NA,NA,NA,NA,NA,NA,NA,NA,NA,NA,NA,NA,NA,NA,NA,NA,NA,NA,NA,NA,NA,NA,NA,NA,NA,NA,NA,NA,NA,NA,NA,NA,NA,NA,NA,NA,NA,NA,NA,NA,NA,NA,NA,NA,NA,NA,NA,NA,NA,NA,NA,NA,NA,NA,NA,NA,NA,NA,NA,NA,NA,NA,NA,NA
0.000907298025236347,0.746404978650656,0,0,0,0,0,0,0.0600752756129297,0,0,0,0,0,0,0,0,0,0,0,0,0,0,0,0,0,0,0,0,0,0,0,0,0,0,0,0,0,0,0,0,0,0,0,0,0,0,0,0,0,0,-0.0282721518690865,0,0,0,0,0,0,0,0,0,0,0,0,0,0,0,0,0,0,0,0,0,0,0,0,0,0,0,0,0,0,0,0,0,0,0,0,0,0,0,0,0,0,0,0,0,0,0,0,0,0,0,0,0,0,-0.00171863479487454,0,0,0,0,0,0,0,0,0,0,0,0,0,0,0,0,0,0,0,0,0,0,0,0,0,0,0,0,0,0,0,0,0,0,0,0,0,0,0,0,0,0,0,0,0,0,0,0,0,0,0,0,0,0,0,0,0,0,0,0,0,0,0,0,0,0,0,0,0,0,0,0,0,0,0,0,0,0,0,0
0.000820089899243251,0.79303914345776,0,0,0,0,0,0,0,0,0,0,0,0,0,0,0,0,0,0,0,0,0,0,0,0,0,0,0,0.0175316411124706,0,0,0,0,0,0,0,0,0,0,0.0193626973393166,0,0,0,0,0.0192971890507962,0,0,0,0,0.0412933416025041,-0.034371070755064,0,0,0,0,-0.00554005253454572,0,0,0,0,0,0.100399161534235,0,0,0,0,0,0,0,0,0,0,-0.000716298030513703,0,0,0,0,-0.000587277249903807,0,0,0,0,0,-0.0170000167159944,0,0,0,0,-0.0364163859355495,0,0,0,0,0,0,0,0.001315262151606,0,0,0,0,-0.0374071133109867,0,0,0,-0.0314159327245303,0,0,0,0,0,0,0,0,0,0,0,0,0,0,0,0,0,0,0,0,0,0,0,0,0,0,0,-0.00612369069661432,0,0.0117427661764334,0,0,0,0,0,0,0,0,0,0,-0.00489153147409801,0,0,0,0,0,0,0,0,0,0,0,0,0,0,0,0,0,0,0,0,0,0,0,0,0,0,0,0,0,0,0,0,0,0,0,0,0,0,0
0.000893166359307303,0.698995199090841,-0.000838641540975885,0,0,0,0,0,0,0,0,0,0,0,0,0,0,0,0,0,0,0,0,0,0,0.000843465883670074,0,0,0,0.0956584781445646,0,0,0,0,0,0,0,0,0,0,0.00229452966003376,0.00406143389449456,0,0,0,0,0.0139240703942766,0,0,0,0,-0.067448282724936,0,0,0,0,-0.00108603924380338,0,0,0,-0.00418318308460192,0,0,0,0,0,0,0,0,0,0,0,0,0,0,0,0,0,0,0,0,0.0378475081073676,0,0,-0.00423707207086954,0,0,0,0,-0.00194372251572238,0,0,0,0,0,0,0,0,0,0,0,0,-0.0357281389624708,0,0,0,-0.040113557306333,0,0,0,0,0,0,0,0,0,0,0,0,0,0,0,0,0,0,0,0,0,0,0,0,0,0,0,0,0,0.00149529801174783,0,0,0,0,0,0,0,0,0,0,0,0,0,0,0,0,0,0,0,0,0,0,0,0,0,0,0,0,0,0,0,0,0,0,0,0,0,0,0,0,0,0,0,0,0,0,0,0,0,0
0.000784543576616623,0.634883236646404,0,0,0,0,0,0,0.0475511735035856,0,0,0,0,0,0,0,0,0,0,0,0,0,0,0,0,0,0,-0.00223618616949477,0,0.0614377405665354,0,0,0,0.0282522929453413,0,0,0,0,0,0,0,0,0,0,0,0,0,0,0,0,0.039882939319616,-0.0554541952206382,0,0,0,0,0,0,0,0,0,0,0,0,0,0,0,0,0,0,-0.000713752272150665,0,0,0,0,0,0,0,0,0,0,0,0,0,0,0,0,0,0,-0.00170315576861501,0,0,0,0,0,0,0,0,0,0,0,0,-0.0360027355236179,0,0,0,-0.0328929422069729,0,0,0,0,0,0,0,0,0,0,0,0,0,0,0,0,0,0,0,0,0,0,0,0,0,0,0,0,0,0.0246624353957567,0,0,0,0.000653627434036633,0,0,0,0,0,0,0,0,0,0,0,0,0,0,0,0,0,0,0,0,0,0,0,0,0,0,0,0,0,0,0,0,0,0,0,0,0,0,0,0,0,0,0,0,0,0
0.000782151613672448,0.569330282248841,-0.0608618806700402,0,0,0,0,0,0.0915202541127711,0,0,0,0,0,0,0,0,0,0,0,0,0,0,-0.000265960938810978,0,0,0.0605965913442959,0,0,0.0547801318575461,0,0,0,0.153615155327311,0,0,0,0,0,0,0.000746758495474395,0,0,0,0,0.0226858152360753,0,0,0,0,0.0199314933769012,-0.00912403676887685,0,0,0,0,-0.0188890838010766,0,0,0,0,0,0.0779760945676302,0,0,0,0,0,0,0,0,0,0,-0.026475152537019,0,0,0,0,-0.0165369585215214,0,0,0,0,0,-0.0206445950059496,0,0,0,0,-0.0332848967699067,0,0,0,0,0,0,0,0,0,-0.0266910690570541,0,0,-0.0169545011254861,0,0,0,0,0,0,-0.0699902965269828,0,0,0,0,0.00823711091181153,0,0,0,0,0,0,0,0,0,0,0,0,0,0,0,0,0,0,0,-0.0122339113419719,0,0,0,0.0189038602068387,0,0,0,0,0,0,0,-0.00301544686575862,-0.00274706347767091,0,0,0,0,0,0,0,0,0,0,0,0,0,0,0,0,0,0,0,0,0,0,0,0,0,0,0,0,0,0,0,0,0,0,0,0,0,0,0
0.000999853550370552,0.526706085117619,-0.0466202841622926,0,0,0,0,0,0.168168691792648,0,0,0,0,0,0,0,0,0,0,0,0,0,0,0,0,0,0,0,0,0.0563775617209541,0,0,0,0.184711954254472,0,0,0,0,0,0,0,0,0,0,0,0,0,0,0,0,0,-0.0450571756915416,0,0,0,0,0,0,0,-0.00161918113459839,0,0,0,0,0,0,0,0,0,-0.00976456652664878,0,0,0,0,0,0,0,0,-0.00751132166149762,0,0,0,0,0,0,0,0,0,0,0,0,0,0,0,0,0,0,0,0,0,0,0,0,0,0,0,0,0,0,-0.00216267401715913,0,0,0,0,0,0,0,0,0,0,0,0,0,0,0,0,0,0,0,0,0,0,0,0,0,0,0.00504832528313969,0,0,0,0,0,0,0,0,0,-0.0233583077199468,-0.00542767891203067,0,0,0,0,0,0,0,0,0,0,-0.00884187690718984,0,0,0,0,0,0,0,0,0,0,0,0,0,0,0,0,0,0,0,0,0,0,0,0,0,0,0,0
0.000861886449625272,0.605411772832051,-0.0595036891521745,0,0,0,0,0,0.0895157256245262,0,0,0,0,0,0,0,0,0,0,0,0,0,0,0,0,0,0,0,0,0.0622725594297316,0,0,0,0.180038656827873,0.00246694801217796,0,0,0,0,0,0,0,0,0,0,0,0,0,0,0,0.0181382131145936,-0.0379042983356246,0,0,0,0,0,-0.0146381673179823,0,0,0,0,0.00854098613433741,0,0,0,0,0,0,0,0,0,0,0,0,0,0,0,0,0,0,0,0,0,0,0,0,0,0,-0.0246409765343227,0,0,0,0,0,0,0,0,0,0,0,0,0,0,0,0,0,0,0,-0.0181307603934058,0,0,0,0,0,0,0,0,0,0,0,0,0,0,0,0,0,0,0,0.0162634732569066,0.0000563859180214481,0,0,0,0,0,0,0,0,0,0,0,0,0,0,0,-0.00632685468639402,0,0,-0.000965977955576448,0,0,0,0,0,0,0,0,0,0,0,0,0,0,0,0,0,0,0,0,0,0,0,0,0,0,0,0,0,0,0,0,0,-0.013510794831192,0,0,0
0.000717156050803199,0.589649279408561,-0.00980908921475498,0,0,0,0,0,0.100632859206861,0,0,0,0,0,0,0,0,0,0,0,0,0,0,0,0,0,0,0,0,0.0274372720581598,0,0,0,0.147913767760911,0,0,-0.0149968120261302,0,0,0,0,0,0,0,0,0,0,0,0,0,0,-0.0164151264485297,0,0,0,0,0,0,0,0,0,0,0,0,0,0,0,0,0,0,0,0,0,0,0,0,0,0,-0.0112121619675412,0,0,0,0,0,0,0,0,0,0,0,0,-0.0100761426246794,0,0,0,0,0,0,0,0,0,0,0,0,0,0,0,0,0,0,0,0,0,0,0,0,0,0,0,0,0,0,0,0,0,0,0,0,0,0.00425155044906137,0.014530891242824,0,0,0,0,0,0,0,0,0,0.0121220647688989,-0.00693516764949384,0,0,0,0,0,0,0,0,0,0,0.025845079518405,0,0,0,0,0,0,0,0,0,0,0,0,0,0,0,0,0,0,0,0,0,0,0,0,0,0,0,0,0,0,0,0,0,0
NA,NA,NA,NA,NA,NA,NA,NA,NA,NA,NA,NA,NA,NA,NA,NA,NA,NA,NA,NA,NA,NA,NA,NA,NA,NA,NA,NA,NA,NA,NA,NA,NA,NA,NA,NA,NA,NA,NA,NA,NA,NA,NA,NA,NA,NA,NA,NA,NA,NA,NA,NA,NA,NA,NA,NA,NA,NA,NA,NA,NA,NA,NA,NA,NA,NA,NA,NA,NA,NA,NA,NA,NA,NA,NA,NA,NA,NA,NA,NA,NA,NA,NA,NA,NA,NA,NA,NA,NA,NA,NA,NA,NA,NA,NA,NA,NA,NA,NA,NA,NA,NA,NA,NA,NA,NA,NA,NA,NA,NA,NA,NA,NA,NA,NA,NA,NA,NA,NA,NA,NA,NA,NA,NA,NA,NA,NA,NA,NA,NA,NA,NA,NA,NA,NA,NA,NA,NA,NA,NA,NA,NA,NA,NA,NA,NA,NA,NA,NA,NA,NA,NA,NA,NA,NA,NA,NA,NA,NA,NA,NA,NA,NA,NA,NA,NA,NA,NA,NA,NA,NA,NA,NA,NA,NA,NA,NA,NA,NA,NA,NA,NA,NA,NA,NA,NA,NA
0.000701274750854589,0.56096254645439,-0.0345080184304106,0,0,0,0,0,0.106006738407467,0,0,0,0,0,-0.00791354926344479,0,0,0,0,0,0,0,0,0,0,0,0,0,0,0.0476171994500662,0,0,0,0.0946116041214867,0,0,0,0,0,0,0,0,0,0,0,0,0,0,0,0,0,-0.00655326928953576,0,0,0,0,0,0,0,0,0,0,0,0,0,0,0,0,0,0,0,0,0,0,0,0,0,0,0,0,0,0,0,0,0,0,0,0,0,0,0,0,0,0,0,0,0,0,0,0,0,0,0,0,0,0,0,0,0,0,0,0,0,0,0,0,0,0,0,0,0,0,0,0,0,0,0,0,0,0,0,0,0,0,0,0,0,0,0,0,0,0,0,0,0,0,0,-0.0138193755456155,0,0,0,0,0,0,0,0,0,0,0,0,0,0,0,0,0,0,0,0,0,0,0,0,0,0,0,0,0,0,0,0,0,0,0,0,0,0,0
NA,NA,NA,NA,NA,NA,NA,NA,NA,NA,NA,NA,NA,NA,NA,NA,NA,NA,NA,NA,NA,NA,NA,NA,NA,NA,NA,NA,NA,NA,NA,NA,NA,NA,NA,NA,NA,NA,NA,NA,NA,NA,NA,NA,NA,NA,NA,NA,NA,NA,NA,NA,NA,NA,NA,NA,NA,NA,NA,NA,NA,NA,NA,NA,NA,NA,NA,NA,NA,NA,NA,NA,NA,NA,NA,NA,NA,NA,NA,NA,NA,NA,NA,NA,NA,NA,NA,NA,NA,NA,NA,NA,NA,NA,NA,NA,NA,NA,NA,NA,NA,NA,NA,NA,NA,NA,NA,NA,NA,NA,NA,NA,NA,NA,NA,NA,NA,NA,NA,NA,NA,NA,NA,NA,NA,NA,NA,NA,NA,NA,NA,NA,NA,NA,NA,NA,NA,NA,NA,NA,NA,NA,NA,NA,NA,NA,NA,NA,NA,NA,NA,NA,NA,NA,NA,NA,NA,NA,NA,NA,NA,NA,NA,NA,NA,NA,NA,NA,NA,NA,NA,NA,NA,NA,NA,NA,NA,NA,NA,NA,NA,NA,NA,NA,NA,NA,NA
0.000703516012463939,0.583852912543364,0,0,0,0,0,0,0.138983637047619,0,0,0,0,0,0,0,0,0,0,0,0,0,0,0,0,0,0,0,0,0.0245686058703934,0,0,0,0.0550065037210083,0,0,0,0,0,0,0,0,0,0,0,0,0,0,0,0,0,-0.0160118530407827,0,0,0,0,-0.0084735244496121,0,0,0,0,0,0,0,0,-0.000317942529020587,0,0,0,0,0,0,0,0,0,0,0,0,0,0,0,0,0,0,0,0,0,0,0,0,-0.00229699999579687,0,0,0,0,0,0,0,0,0,0,0,0,0,0,0,0,0,0,0,0,0,0,0,0,0,0,0,0,0,0,0,0,0,0,0,0,0,0,0,0,0,0,0,0,0,0.00531977415109419,0,0,0,0.000195530649038765,0,0,0,0,0,0,0,0,0,0,0,0,0,0,0,0,0,0,0,0,0,0,0,0,0,0,0,0,0,0,0,0,0,0,0,0,0,0,0,0,0,0,0,0,0,0
0.00083936140637298,0.576521396618882,-0.00307021826868938,0,0,0,0,0,0.126157032827563,0,0,0,0,0,0,0,0,0,0,0,0,0,0,0,0,0,0,0,0,0.0708679599786338,0,0,0,0.118767082583529,0,0,0,0,0,0,0,0,0,0,0,0,0,0,0,0,0.0220477692859924,-0.0227065626441116,0,0,0,0,-0.00310233689790899,0,0,-0.00798181560557073,0,0,0,0,0,0,0,0,0,0,-0.00211535300704506,0,0,0,0,0,0,0,-0.0515521543928769,0,0,0,0,0,0,0,0,0,0,0,0,-0.0290580815179248,0,0,0,0,0,0,0,-0.00107664365657757,0,0,-0.0200575076517877,0,0,0,-0.0293587682527797,0,0,-0.0411349731242003,0,0,0,0,0,0,0,0,0,0,0,0,0,0,0,0,0,0,0,0,0.0337416193465137,0,0,0,0,0,0.0049270678373713,0,0,0,0.00026865065111742,-0.0133081320421707,0,0,0,0,0,0,0,0,0,0,0.030471088252171,0,0,0,0,0,0,0,0,0,0,0,0,0,0,0,0,0,0,0,0,0,0,0,0,0,0,0,0,0,0,0,0,0,0
0.000758377475048816,0.532971321675479,-0.0417190869239439,0,0,0,0,0,0.0738455638078352,0,0,0,0,0,0,0,0,0,0,0,0,0,0,0,0,0,0,0,0,0.0444342896910965,0,0,0,0.124546410652849,0,0,0,0,0,0,0,0,0,0.023844654891263,0,0,0,0,0,0,0,-0.0400435243600041,0,0,0,0,0,0,0,-0.0142340559364158,0,0,0,0,0,0,0,0,0,0,0,0,0,0,0,0,0,0,-0.0315276071541985,0,0,0,0,0,0,0,0,0,0.00692969515026666,-0.0200681648994736,0,0,0,0,0,0,0,0,0,0,0,0,-0.0054813734692709,0,0,0,-0.00271271387916757,0,0,-0.0105716384227197,0,0,0,0,0,0,0,0,0,0,0,0,0,0,0,0,0,0,0,0,0,0,0,0,0,0,0,0,0,0,0,0,0,0,0,0,0,0,0,0,0,0,0,0,0,0,0,0,0,0,0,0,0,0,0,0,0,0,0,0,0,0,0,0,0,0,0,0,0,0,0,0,0,0,0,0,0
0.00112906841050193,0.491847337290346,-0.0500455355024804,0,0,0,0,0,0.120505528881502,0,-0.0280710794635873,0,0,0,0,0,0,0,0,0,0,0,0,0,0,0,0,0,0,0.0597260707051535,0,0,0,0.320642617926598,0,0,0,0,0,0,0,0,0,0,0,0,0,0,0,0,0,-0.0792787801912909,0,0,0,0,-0.0167947193627561,-0.00593978911558631,0,0,0,0,0,0,0,0,0,0,0,-0.0454869954838896,0,0,0,0,0,0,0,0,-0.00200676140026637,0,0,0,0,0,-0.00130021735790479,0,0,0,0,0,0,-0.0356300980778341,0.0350979098934162,0,0,0,0,0,0,-0.0117756617893057,0,0,0,0,0,0,0,0,0,-0.0189643325115287,-0.0152473304368046,0,0,0,0,0,0,0,0,0,0,0,0,0,0,0,0,0,0,0.0178687514364578,0.0242717515918895,0,0,0,0,0,0,0,0,0,0,0,0,0,0,0,-0.0470208359326701,-0.0474651357295509,0,0,0,0.00272801839948335,0.0539790461185349,0,0,0,0,0,-0.00225110400841675,0,0,0,0,0,0,0,0,0,0,0,0,0,0,0,0,-0.00924225445589437,0,0,0,0,0,0,0,0,0.0189208377773508,0,0
0.000745792657605765,0.46123514301468,-0.051848839934527,0,0,0,0,0,0.171366766053251,0,0,0,0,0,0,0,0,0,0,0,0,0,0,0,0,0,0,0,0,0.0613645549089901,0,-0.0203312548817411,0,0.279939308927274,0.0160444987948992,-0.00568517284491809,0,0,0,0,0,0,0,0,0,0,0,0,0,0,0,-0.0251838367581955,0,0,0,0,0,-0.0208148549018737,0,0,0,0.00385149772357284,0,0,0,0,0,0,0,-0.041565273930864,0,0,0,0,0,0,0,0,0,0,0,0,0,0,0,0,0,0,0,0,0,-0.0550975727691204,0.0106830316186391,0,0,0,0,0,0,0,0,0,0,0,0,0,0,0,0,0,0,0,0,0,0,0,0,0,0,0,0,0,0,0,0,0,0,0,0,0.0170483411140393,0.0427759562372819,0,0,0,-0.0304520587103161,0,0,0,0,0,0,-0.0336476759799812,0,0,0,0,-0.0180388523144001,-0.0185902585428897,0,0,0,0,0.0427898142485014,0,0,0,0,0,-0.0254570127521716,0,0,0,0,0,0,0,0,0,0,0,0,0,0,0,0,0,0,0,0,0,0,0,0,0,0,0,0
0.000755927040521656,0.535938715079214,-0.0194166240711654,0,0,0,0,0,0.154548291735186,0,0,0,0,0,0,0,0,0,0,0,0,0,0,0,0,0,0,0,0,0.0623539078529529,0,0,0,0.133880258964422,0,0,0,0,0,0,0,0,0,0,0,0,0,0,0,0,0,-0.0759474137506315,0,0,0,0,0,0,0,0,0,0,0,0,0,0,0,0,0,-0.0275666109758128,0,0,0,0,0,0,0,0,-0.00882485198296746,0,0,0,0,0,0,0,0,0,0,0,0,-0.0626935066136544,0.00245978053733106,0,0,0,0,0,0,0,0,0,0,0,0,0,0,0,0,0,0,0,0,0,0,0,0,0,0,0,0,0,0,0,0,0,0,0,0,0.0527821275962964,0,0,0,0,0,0,0,0,0,0,0,-0.0139528917783427,0,0,0,0,0,0,0,0,0,0.00786258610377245,0,0,0,0,0,0,-0.0123548824881088,0,0,0,0,0,0,0,0,0,0,0,0,0,0,0,0,0,0,0,0,0,0,0,0,0,0.0499909143665536,0,0
0.00117940120451245,0.479663993537247,-0.0477771558100412,0,0,0,0,0,0.170957413836854,0,-0.0343714407249565,0,0,0,-0.000425665836665895,0,0,0,0,0,0,0,0,0,0,0,0.00376289771129367,0,0,0.0483630134464829,0,-0.0210956368630616,0,0.475664764836727,0,0,0,0.0308755151483983,0,0,0,0,0,0,0,0,0,0,0,0,0,-0.0686234200202315,0,0,0,0,-0.0325632770915283,-0.0210902592064944,0,0,0,0,0,0.000119762624223567,0,0,0,0,0,0,0,0,0,0,0,0,0,0,-0.00228684571587499,0,0,0,0,0,0,0,0,0.00281530022691998,0,-0.00808319825506324,0,-0.0184952742309562,0,0,0,0,0,0,0,0,0,0,0,0,0,0,0,0,0,-0.0258129218849746,-0.0174812280517568,0,0,0,0,0,0,0,0,0,0,0,0,0,0,0,0,0,0,0.013958040467108,0.0458820091171604,0,0,0,0,0,0,0,0,0,0,0,0,0,0,0,-0.110596795512921,-0.0289649381638207,0,0,0,0,0.104850879869775,0,0,0,0,0,-0.00428564129834418,0,0,0,-0.0229419694376135,0,0,0,0,0,0,0,0,0,0,0,0,0,0,0,0,0,0,0,0,-0.0129802658977854,0,0,0
0.000902559904928777,0.544038529692112,-0.045146187423619,0,0,0,0,0,0.148304799932039,0,-0.00744144923424156,0,0,0,0,0,0,0,0,0,0,0,0,0,0,0,0.00018941736002699,0,0,0.0984241893856095,0,0,0,0.335556436878887,0.0167929659552472,0,0,0,0,0,0,0,0,0,0,0,0,0,0,0,0,-0.0445672496502825,0,0,0,0,-0.00803395446536001,-0.0203859206192203,0,-0.0155066501031518,0,0.00614917026650852,0,0,0,0,0,0,0,0,0,0,0,0,0,0,0,0,-0.00491546374332641,0,0,0,0,0,0,0,0,0,0,0,0,0,0,0,0,0,0,0,0,-0.00496361075031568,0,0,0,0,0,0,0,0,0,-0.0433506188779745,0,0,0,0,0,0,0,0,0,0,0,0,0,0,0,0,0,0,0,0,0.0500578905053523,0,0,0,0,0,0,0,0,0,0,-0.00448939433019118,0,0,0,0,-0.0344366615151307,0,0,0,0,0,0.0850338125855888,0,0,0,0,0,0,0,0,0,-0.00808937521340724,0,0,0,0,0,0,0,0,0,0,0,0,0,0,0,0,0,0,0,0,-0.018153675847885,0,0,0
0.000954522586558028,0.579726232453868,-0.0223117296768711,0,0,0,0,0,0.115617089626836,0,0,0,0,0,0,0,0,0,0,0,0,0,0,0,0,0,0,0,0,0.0596056801772073,0,0,0,0.0378126072560603,0,0,0,0,0,0,0,0,0,0.0417950608643406,0,0,0,0,0,0,0,-0.0173324789927253,0,0,0,0,-0.0279077794012161,0,0,0,0,0,0,0,0,-0.0270735320942245,0,0,0,0,-0.00931823905051924,0,0,0,0,0,0,0,-0.0329712509028113,-0.005782432590882,0,0,0,0,0,0,0,0,0,0,0,-0.0344283692932664,0,0,0,0,0,0,0,0,0,0,0,0,0,0,-0.0160560155498949,0,0,-0.0152534332272565,0,0,0,0,0,0,0,0,0,0,0,0,0,0,0,0,0,0,0,0,0.030483028138886,0,0,0,0,0,0,0,0,0,0.0184797983152314,-0.00398056339660875,0,0,0,0,0,0,0,0,0,0,0,0,0,0,0,0,0,0,0,0,0,0,0,0,0,0,0,0,0,0,0,0,0,0,0,0,0,0,0,0,0,0,0.0086797486180253,0,0
NA,NA,NA,NA,NA,NA,NA,NA,NA,NA,NA,NA,NA,NA,NA,NA,NA,NA,NA,NA,NA,NA,NA,NA,NA,NA,NA,NA,NA,NA,NA,NA,NA,NA,NA,NA,NA,NA,NA,NA,NA,NA,NA,NA,NA,NA,NA,NA,NA,NA,NA,NA,NA,NA,NA,NA,NA,NA,NA,NA,NA,NA,NA,NA,NA,NA,NA,NA,NA,NA,NA,NA,NA,NA,NA,NA,NA,NA,NA,NA,NA,NA,NA,NA,NA,NA,NA,NA,NA,NA,NA,NA,NA,NA,NA,NA,NA,NA,NA,NA,NA,NA,NA,NA,NA,NA,NA,NA,NA,NA,NA,NA,NA,NA,NA,NA,NA,NA,NA,NA,NA,NA,NA,NA,NA,NA,NA,NA,NA,NA,NA,NA,NA,NA,NA,NA,NA,NA,NA,NA,NA,NA,NA,NA,NA,NA,NA,NA,NA,NA,NA,NA,NA,NA,NA,NA,NA,NA,NA,NA,NA,NA,NA,NA,NA,NA,NA,NA,NA,NA,NA,NA,NA,NA,NA,NA,NA,NA,NA,NA,NA,NA,NA,NA,NA,NA,NA
0.00122070045457862,0.633451194947352,-0.0429209329089901,0,0,0,0,0,0.118584889705007,0,0,0,0,0,0,0,0,0,0,0,0,0,0,0,0,0,0,0,0,0.0605494023874074,0,0,0,0.119578650299947,0,0,0,0,0,0,0,0,0,0.0231554481171978,0,0,0,0,0,0,0.00411173407122192,-0.0367225530727565,0,0,0,0,0,-0.000107792340423752,0,0,0,0,0,0,0,0,0,0,0,0,0,0,0,0,0,0,0,0,-0.0420053682130873,0,0,0,0,0,0,0,0,0,0,0,0,-0.0320820417176817,0,0,0,0,0,0,0,-0.00000340209118728545,0,0,0,0,0,0,0,0,0,-0.00962588452615583,0,0,0,0,0,0,0,0,0,0,0,0,0,0,0,0,0,0,0,0,0.0389652059308818,0,0,0,0,0,0,0,0,0,0.0247382472524998,-0.0316694732913137,0,0,0,0,0,0,0,0,0,0,0,0,0,0,0,0,0,0,0,0,0,0,0,0,0,0,0,0,0,0,0,0,0,0,0,0,0,0,0,0,0,0,0,0,0
NA,NA,NA,NA,NA,NA,NA,NA,NA,NA,NA,NA,NA,NA,NA,NA,NA,NA,NA,NA,NA,NA,NA,NA,NA,NA,NA,NA,NA,NA,NA,NA,NA,NA,NA,NA,NA,NA,NA,NA,NA,NA,NA,NA,NA,NA,NA,NA,NA,NA,NA,NA,NA,NA,NA,NA,NA,NA,NA,NA,NA,NA,NA,NA,NA,NA,NA,NA,NA,NA,NA,NA,NA,NA,NA,NA,NA,NA,NA,NA,NA,NA,NA,NA,NA,NA,NA,NA,NA,NA,NA,NA,NA,NA,NA,NA,NA,NA,NA,NA,NA,NA,NA,NA,NA,NA,NA,NA,NA,NA,NA,NA,NA,NA,NA,NA,NA,NA,NA,NA,NA,NA,NA,NA,NA,NA,NA,NA,NA,NA,NA,NA,NA,NA,NA,NA,NA,NA,NA,NA,NA,NA,NA,NA,NA,NA,NA,NA,NA,NA,NA,NA,NA,NA,NA,NA,NA,NA,NA,NA,NA,NA,NA,NA,NA,NA,NA,NA,NA,NA,NA,NA,NA,NA,NA,NA,NA,NA,NA,NA,NA,NA,NA,NA,NA,NA,NA
0.000694620883459212,0.516539872457412,-0.0190052576250268,0,0,0,0.0456520369645208,0,0.157847304678271,0,0,0,0,0,0,0,0,0,0,0,0,0,0,0,0,0,0,-0.0225494145924251,0,0.147908880267369,0,0,0,0.0804927854785404,0,0,0,0,0,0,0,0,0,0.0772584729623072,0,0,0,0,0,0,0,-0.0491131618806529,0,0,0,0,-0.0151214122562341,-0.00859539894840562,0,0,0,0,0,0,0,0,0,0,0,0,0,0,0,0,0,0,0,0,-0.0715305340090213,0,0,0,0,0,0,0,0,0,0,0,0,-0.0224633490307544,0,0,0,0,0,0,0,0,0,0,-0.028072414694162,0,0,0,-0.0101841227629358,0,0,0,0,0,0,0,0,0,0,0,0,0.00183499449011805,0,0,0,0,0,0,0,0,0,0,0.0180212034761948,-0.00209286659306718,0,0,0,0,0,0,0,0,0.0000603123706093999,-0.0782647952636097,0,0,0,0,0,0,0.00105511722655879,-0.00886204085033468,0,0,0,0,0,0,0,0,0,0,0.0201947447745176,0,0,0,0,0,0,0,0,0,0,0,0,0,0,0,-0.020431115342354,0,0,0,0,0,0,0,0,0,0
0.000541691989271539,0.515991443940403,0,0,0,0,0.0224377084946909,0,0.138001444334825,0,0,0,0,0,0,0,0,0,0,0,0,0,0,0,0,0,0,-0.0175967741781748,0,0.165507451745127,0,0,0,0.00812449484214723,0,-0.00563316762920676,0,0,0,0,0,0,0,0.0971170567939126,0,0,0,0,0,0,0,-0.0725919678887429,0,0,0,0,-0.0202111714918325,0,0,0,0,0,0,0,0,0,0,0,0,0,0,0,0,0,0,0,0,0,-0.0695912339052504,0,0,0,0,0,0,0,0,0,0,0,0,-0.0217371189637921,0,0,0,0,0,0,0,0,0,0,-0.0423962862162882,0,0,0,-0.042026010426158,0,0,0,0,0,0,0,0,0,0,0,0,0.00822446191785513,0,0,0,0,0,0,0,0,0,0,0,0,0,0,0,0,0,0,0,0,0,-0.0537346028170127,0,0,0,0,0,0,0.00250663406176045,-0.015250219882653,0,0,0,0,0,0,0,0,0,0,0.0180225234335173,0,0,0,0,0,0,0,0,0,0,0,0,0,0,0,-0.0182309476764235,0,0,0,0,0,0,0,0,0,0
0.000746452408366918,0.513339714613434,-0.0355065716669668,0,0,0,0.00994423864536358,0,0.160150986567142,0,0,0,0,0,0,0,0,0,0,0,0,0,0,0,0,0,0,0,0,0.12253058225188,0,0,0,0.101688020109232,0,0,0,0,0,0,0,0,0,0.0616531341525363,0,0,0,0,0,0,0,-0.0265872209184996,0,0,0,0,0,-0.0114889493872498,0,0,0,0,0,0,0,-0.0184106010016626,0,0,0,0,0,0,0,0,0,0,0,0,-0.0619867510696996,0,0,0,0,0,0,0,0,0,0,0,0,-0.0252254237876095,0,0,0,0,0,0,0,-0.00698661482025942,0,0,-0.00127304789395272,0,0,0,-0.0115917964102686,0,0,-0.0204395868841148,0,0,0,0,0,0,0,0,0,0,0,0,0,0,0,0,0,0,0,0,0.00795014010543889,0,0,0,0,0,0,0,0,0,0.00677011558454818,-0.0718592388809908,0,0,0,0,0,0,0,-0.010999597786479,0,0,0,0,0.00462373803016639,0,0,0,0,0,0,0,0,0,0,0,0,0,0,0,0,0,0,0,0,0,0,0,0,0,0,0,0,0,0,0,0
0.000950797045710312,0.510706538154658,-0.034303014975458,0,0,0,0,0,0.155783165740857,0,0,0,0,0,0,0,0,0.0058684845021969,0,0,0,0,0,0,0,0,0,0,0,0.0883333776799652,0,0,0,0.041976635667402,0,0,0,0,0,0,0,0,0,0.110802865092305,0,0,0,0,0,0,0,-0.0561643088628297,0,0,0,0,-0.0222482204621977,0,0,0,0,0,0,0,0,0,0,0,0,-0.0273163315373072,0,0,0,0,0,-0.00511270605804018,0,0,-0.0212437723387188,-0.0124361408860764,0,0,0,0,0,0,0,0,0,0,0,0,0,0,0,0,0,0,0,-0.00087163814132498,0,0,0,0,0,0,-0.0200374038092843,0,0,0,0,0,0,0,0,0,0,0,0,0,0,0,0,0,0,0,0,0,0,0,0,0,0,0,0,0,0,0,0,0,0,-0.0122953987692296,0,0,0,0,0,0,0,0,0,0,0,0,0,0,0,0,-0.002237957631103,0,0,0,0,0,0,0,0,0,0,0,0,0,0,0,0,0,-0.00699972006934254,0,0,0,0,0,0,0,0,0,0
0.000743990846923479,0.547115729702592,0,0,0,0,0.0171725574053004,0,0.0983602810964511,0,0,0,0,0,0,0,0,0.0211522388219626,0,0,0,0,0,0,0,0,0,-0.0135554369555297,0,0.145877552646715,0,0,0,0.0476741110356007,0,0,0,0,0,0,0,0,0,0.149117024542739,0,0,0,0,0,0,0,-0.0517012961436603,0,0,0,0,-0.00503814588683741,-0.00770501016172024,0,0,0,0,0,0,0,0,0,0,0,0,0,0,0,0,0,0,0,0,-0.0669334041059535,-0.00982049548410745,0,0,0,0,0,0,0,0,0,0,0,-0.0206072180094249,0,0,0,0,0,0,0,0,0,0,-0.0648213724077858,0,0,0,-0.0271550590150263,0,0,0,0,0,0,0,0,0,0,0,0,0,0,0,0,0,0,0,0,0,0,0,0.00130803115909266,0,0,0,0,0,0,0,0,0,0.0343490637144014,-0.0464253599977322,0,0,0,0,0,0,0.0285401097225408,-0.00746422149248957,0,0,0,0,0,0,0,0,0,0,0.0022798119520876,0,0,0,0,0,0,0,0,0,0,0,0,0,0,0,-0.0028152681935823,0,0,0,0,0,0,0,0,0,0
0.000691604728734741,0.537724303375247,0,0,0,0,0.0334776832725108,0,0.103014989470481,0,0,0,0,0,0,0,0,0.00495944529917662,0,0,0,0,0,0,0,0,0,-0.000908673765986731,0,0.159175263113916,0,0,0,0.023684690461827,0,0,0,0,0,0,0,0,0,0.165023434944875,0,0,0,0,0,0,0,-0.0650974101646723,-0.0128477818202974,0,0,0,0,-0.00364532780495738,0,0,0,0,0,0,0,0,0,0,0,0,0,0,0,0,0,0,0,0,-0.0998441318535885,-0.0120992233247758,0,0,0,0,0,0,0,0,0,0,0,-0.0154817445569891,0,0,0,0,0,0,0,0,0,0,-0.0263965439001097,0,0,0,-0.0497947343528249,0,0,-0.00724455909781242,0,0,0,0,0,0,0,0,0,0,0,0,0,0,0,0,0,0,0,0,0.0164620890742333,-0.0120003098224796,0,0,0,0,0,0,-0.00285301543028912,0,0.00617209250494543,-0.0789932539898968,0,0,0,0,0,0,0.0407523911291449,-0.0155396023880726,0,0,0,0,0.000418517037762654,0,0,0,0,0,0.0234060159047608,0,0,0,0,0,0,0,0,0,0,0,0,0,0,0,-0.0299878436077401,0,0,0,0,0,0,0,0,0,0
NA,NA,NA,NA,NA,NA,NA,NA,NA,NA,NA,NA,NA,NA,NA,NA,NA,NA,NA,NA,NA,NA,NA,NA,NA,NA,NA,NA,NA,NA,NA,NA,NA,NA,NA,NA,NA,NA,NA,NA,NA,NA,NA,NA,NA,NA,NA,NA,NA,NA,NA,NA,NA,NA,NA,NA,NA,NA,NA,NA,NA,NA,NA,NA,NA,NA,NA,NA,NA,NA,NA,NA,NA,NA,NA,NA,NA,NA,NA,NA,NA,NA,NA,NA,NA,NA,NA,NA,NA,NA,NA,NA,NA,NA,NA,NA,NA,NA,NA,NA,NA,NA,NA,NA,NA,NA,NA,NA,NA,NA,NA,NA,NA,NA,NA,NA,NA,NA,NA,NA,NA,NA,NA,NA,NA,NA,NA,NA,NA,NA,NA,NA,NA,NA,NA,NA,NA,NA,NA,NA,NA,NA,NA,NA,NA,NA,NA,NA,NA,NA,NA,NA,NA,NA,NA,NA,NA,NA,NA,NA,NA,NA,NA,NA,NA,NA,NA,NA,NA,NA,NA,NA,NA,NA,NA,NA,NA,NA,NA,NA,NA,NA,NA,NA,NA,NA,NA
NA,NA,NA,NA,NA,NA,NA,NA,NA,NA,NA,NA,NA,NA,NA,NA,NA,NA,NA,NA,NA,NA,NA,NA,NA,NA,NA,NA,NA,NA,NA,NA,NA,NA,NA,NA,NA,NA,NA,NA,NA,NA,NA,NA,NA,NA,NA,NA,NA,NA,NA,NA,NA,NA,NA,NA,NA,NA,NA,NA,NA,NA,NA,NA,NA,NA,NA,NA,NA,NA,NA,NA,NA,NA,NA,NA,NA,NA,NA,NA,NA,NA,NA,NA,NA,NA,NA,NA,NA,NA,NA,NA,NA,NA,NA,NA,NA,NA,NA,NA,NA,NA,NA,NA,NA,NA,NA,NA,NA,NA,NA,NA,NA,NA,NA,NA,NA,NA,NA,NA,NA,NA,NA,NA,NA,NA,NA,NA,NA,NA,NA,NA,NA,NA,NA,NA,NA,NA,NA,NA,NA,NA,NA,NA,NA,NA,NA,NA,NA,NA,NA,NA,NA,NA,NA,NA,NA,NA,NA,NA,NA,NA,NA,NA,NA,NA,NA,NA,NA,NA,NA,NA,NA,NA,NA,NA,NA,NA,NA,NA,NA,NA,NA,NA,NA,NA,NA
NA,NA,NA,NA,NA,NA,NA,NA,NA,NA,NA,NA,NA,NA,NA,NA,NA,NA,NA,NA,NA,NA,NA,NA,NA,NA,NA,NA,NA,NA,NA,NA,NA,NA,NA,NA,NA,NA,NA,NA,NA,NA,NA,NA,NA,NA,NA,NA,NA,NA,NA,NA,NA,NA,NA,NA,NA,NA,NA,NA,NA,NA,NA,NA,NA,NA,NA,NA,NA,NA,NA,NA,NA,NA,NA,NA,NA,NA,NA,NA,NA,NA,NA,NA,NA,NA,NA,NA,NA,NA,NA,NA,NA,NA,NA,NA,NA,NA,NA,NA,NA,NA,NA,NA,NA,NA,NA,NA,NA,NA,NA,NA,NA,NA,NA,NA,NA,NA,NA,NA,NA,NA,NA,NA,NA,NA,NA,NA,NA,NA,NA,NA,NA,NA,NA,NA,NA,NA,NA,NA,NA,NA,NA,NA,NA,NA,NA,NA,NA,NA,NA,NA,NA,NA,NA,NA,NA,NA,NA,NA,NA,NA,NA,NA,NA,NA,NA,NA,NA,NA,NA,NA,NA,NA,NA,NA,NA,NA,NA,NA,NA,NA,NA,NA,NA,NA,NA
NA,NA,NA,NA,NA,NA,NA,NA,NA,NA,NA,NA,NA,NA,NA,NA,NA,NA,NA,NA,NA,NA,NA,NA,NA,NA,NA,NA,NA,NA,NA,NA,NA,NA,NA,NA,NA,NA,NA,NA,NA,NA,NA,NA,NA,NA,NA,NA,NA,NA,NA,NA,NA,NA,NA,NA,NA,NA,NA,NA,NA,NA,NA,NA,NA,NA,NA,NA,NA,NA,NA,NA,NA,NA,NA,NA,NA,NA,NA,NA,NA,NA,NA,NA,NA,NA,NA,NA,NA,NA,NA,NA,NA,NA,NA,NA,NA,NA,NA,NA,NA,NA,NA,NA,NA,NA,NA,NA,NA,NA,NA,NA,NA,NA,NA,NA,NA,NA,NA,NA,NA,NA,NA,NA,NA,NA,NA,NA,NA,NA,NA,NA,NA,NA,NA,NA,NA,NA,NA,NA,NA,NA,NA,NA,NA,NA,NA,NA,NA,NA,NA,NA,NA,NA,NA,NA,NA,NA,NA,NA,NA,NA,NA,NA,NA,NA,NA,NA,NA,NA,NA,NA,NA,NA,NA,NA,NA,NA,NA,NA,NA,NA,NA,NA,NA,NA,NA
0.000609239545825927,0.610345505402743,-0.0545918299315003,0,0,0,0,0,0.109484449050527,0,0,0,0,0,0,0,0,0,0,0,0,0,0,0,0,0,0,0,0,0.0381699010389942,0,0,0,0.0251433075181758,0,0,0,0,0,0,0,0,0,0.0920619407932309,0,0,0,0,0,0,0,-0.0317447942292325,0,0,0,0,0,0,0,0,0,0,0,0,0,0,-0.00280275455380993,0,0,0,-0.00486567914851957,0,0,0,0,0,0,0,-0.0565375092205216,0,0,0.00335762824075199,0,0,-0.0228687479632495,0,0,0,0,0,0,0,0,0,0,0,0,0,0,-0.00991756856793757,0,0,-0.0617906458649406,0,0,0,-0.0171543657121907,0,0,-0.0257144322907718,0,0,0,0,0,0,0,0,0,0,0,0,0,0,0,0,0,0,0,0,0.0500668166505484,0,0,0,0,0,0,0,0,0,0.0446004056230903,-0.0716885343199064,0,0,0,0,0,0,0,0,0,0,0,0,0,0,0,0,-0.00123878345112172,0,0,0,0,0,0,0,0,0,0,0,0,-0.00199577619373722,0,0,0,0,0,0,0,0,0,0,0,0,0,0.0330960911051389,0
0.000449583119756036,0.286476026166669,-0.0346846145287909,0,0,0,0,0,0.172009980938784,0,0,0,0,0,0,0,0,0.00943741442521667,0,0,0,0,0,0,0,0.0100158774328839,0,0,0,0.166606184075373,0,0,0,0.0781140914122864,0,0,0,0,0,0,0,0,0,0.123091904842102,0.0403032566083934,0,0,0,0,0,0,-0.00497489927393502,0,0,0,0,-0.0750496176398884,-0.00767906041030417,0,0,0,0,0,0,0,0,-0.00306194453290645,0,0,-0.0176261275127663,-0.0291824459402286,0,0,0,0,0,0,0,-0.0399749898615275,0,0,0.0148232676763246,0,0,-0.0112512268346399,0,0,0,0,0,0,0,0,0,0,0,0,-0.024248807517793,0,0,0,0,-0.0960991296438069,0,0,0,-0.0429403588432238,0,0,-0.0738024590123029,0,0,0,0,0,0,0,0,0,0,0,0,0,0,0,0,0,0,0,0,0,0,0,0,0,0,0,0,0,0,0,-0.0229978457202785,0,0,-0.0316870662048052,-0.00213651794106813,0,0,0,0,0,0,0,0,0,0,0,0,-0.0437771297208936,0,0,0,-0.0000531882472498907,0,0,0,0,0,0,0,0,-0.0124772561935498,0,0,0,0,0,0,0,0,0,0,0,0,0,0,0
0.00114049952662595,0.507004258334777,-0.109433963264039,0,0,0,0.0092592454966356,0,0.168697496518477,0,0,-0.00103980822138223,0,0,0,0,0,0,0,0,0,0,0,-0.0350047183433159,-0.0161961211841411,0,0.0134953454092958,0,0,0.121404088284091,0,-0.0558338586577977,0,0.307020260865334,0,0,0,0.0330602350029929,0,0,0.000108929255859751,0,0,0.0495854269731916,0,0,0,0,0,0,0,-0.120405321680953,0,0,0,0,-0.0536206176511495,0,0,-0.0351495415186626,0,0.0356282842137557,0,0,0,0,0,0,0,0,-0.000942590092030448,0,0,0,0,0,0,0,-0.0119317684532415,0,0,0,0,0,-0.0448484105496389,0,0,0,0,0,0,0,0,0,0,-0.00275344383477746,0,0,0,-0.042304964797483,0,0,-0.00955782131280432,0,0,0,-0.0279496141748456,0,0,-0.00141764418503635,0,0,0,0,0,0,-0.014053710684147,0,0,0,0,0,0,0,0,0,0,0,0,0,0.0433748547089291,0,0,0,-0.0680417591969795,0,0,0,0,0,0,-0.00427946723805695,0,0,0,0,-0.0355261139103724,0,0,-0.00157603398120542,0,0,0.0143955438109415,0,0,0,0,0,0,0,0,0,-0.0437151724178906,0,0,0,0,0,0,0,0,0,0,0,0,-0.000881058352642165,0,0,0,0,0,0,0,0,0,0,0
0.00068926285882836,0.366084789450226,-0.0398512126617687,0,0,0,0.0152328660874253,0,0.218928788518266,0,0,0,0,0,0,0,0,0.0000142908809138414,0,0,0,0,0,0,0,0,0.00765952140919949,0,0,0.148408091763244,0,0,0,0.0809592656634941,0,-0.0129126781643153,0,0,0,0,0,0,0,0.118596764762109,0.0175214709822986,0,0,0,0,0,0,-0.00993887530921926,0,0,0,0,-0.0609913956405143,-0.000182910491997315,0,0,0,0,0,0,0,0,0,0,0,0,-0.00986129850410756,0,0,0,0,0,0,0,-0.0463951668479983,0,0,0,0,0,0,0,0,0,0,0,0,0,0,0,0,0,0,0,0,0,0,0,-0.0796053339314453,0,0,0,-0.038269174895291,0,0,-0.0443440810469067,0,0,0,0,0,0,0,0,0,0,0,0,0,0,0,0,0,0,0,0,0,0,0,0,0,0,0,0,0,0,0,-0.0710493782318765,-0.00440341922591399,0,-0.00139434448636355,0,0,-0.00540831776557397,0,-0.0132810394527257,0,0,0,0,0,0,0,0,-0.0117748081919995,0,0,0,0,0,0,0,0,0,0,0,0,0,0,0,0,0,0,0,0,0,0,0,0,0,0,0,0
0.000622377716273078,0.407603453225266,-0.0234678346050951,0,0,0,0.0280308089921741,0,0.20033704794029,0,0,0,0,0,0,0,0,0.0440359091376448,0,0,0,0,0,-0.0206146926016834,0,0,0,-0.0535140295000603,0.012971769529923,0.143864825670872,0,0,0,0.00240337103068289,0,-0.039500519216629,0,0,0,0,0,0,0,0.24864524945372,0.0458337055687865,0,0,0,0,0,0,-0.0595729931888936,0,0,0,0,-0.00231284179806922,-0.00130660459699466,0,0,0,0,0,0,0,0,0,0,0,0,0,0,0,0,0,0,0,0,-0.0411199836159382,-0.00696679671515353,0,0,0,0,0,0,0,0,0,0,0,0,0,0,0,0,0,0,0,0,0,0,-0.0373341899856394,0,0,0,-0.00849910076324769,0,0,0,0,0,0,0,-0.0269984144117317,0,0,0,0,0,0,0,0,0,0,0,0,0,0,0.00467104868290087,0,-0.0434096380195147,0,0,0,0,0,0,0,0,0,-0.0736327638416868,-0.0104299592875383,0,0,0,0,0,0,-0.0100668963622878,0,0,0,0,0,0,0,0,0,0,0,0,0,0,0,0,0,0,0,0,0,0,0,0,0,0,-0.00615628968146974,0,0,0,0,0,0,0,0,0,0
0.000467611604274183,0.413734313002879,-0.0103186314842613,0,0,0,0.0191285766119984,0,0.161778245207766,0,0,0,0,0,0,0,0,0.0414352877329576,0,0,0,0,0,-0.0179014200247961,0,0,0,-0.0635959759224658,0,0.122166985738253,0,0,0,0.0380318391916028,0,-0.0470790519169093,0,0,0,0,0,0,0,0.217820494798678,0.0305040996687964,0,0,0,0,0,0,-0.0687422568475473,0,0,0,0,0,-0.0123141187035034,0,0,0,0,0,0,0,0,-0.00570392751946576,0,0,0,0,0,0,0,0,0,0,0,-0.0525133528597144,-0.0127286703063725,0,0,0,0,0,0,0,0,0,0,0,0,0,0,0,0,0,0,0,0,0,0,-0.0586749909883596,0,0,0,-0.0280654885692577,0,0,0,0,0,0,0,-0.00285564204080653,0,0,0,0,0.00303784718157234,0,0,0,0,0,0,0,0,0,0.0375928246887936,0,-0.0182989022929094,0,0,0,0,0,0,0,0,0,-0.0840794287990534,0,0,0,0,0,0,0,-0.0159962923099056,0,0,0,0,0.00168664286122561,0,0,0,0,0,0.0036505782320815,0,0,0,0,0,0,0,0,0,0,0,0,0,0,0,0,0,0,0,0,0,0,0,0,0,0
0.000598032723255866,0.522341710833898,0,0,0,0,0,0,0.269683151512111,0,0,0,0,0,-0.0107046880167824,0,0,0,0,0,0,0,0,0,0,0,0,0,0,0.0261144860287123,0,0,0,0.0714245936801023,0,-0.00650751587099531,0,0,0,0,0,0,0,0,0,0,0,0,0,0,0,-0.0321198428754733,0,0,0,0,-0.0146653842048831,0,0,0,0,0.0227156837020858,0,0,0,0,0,0,0,-0.0138744462198588,0,0,0,0,0,0,0,0,0,0,0,0,0.0182360384205195,0,0,0,0,0,0,0,0,0,0,0,0,0,0,0,0,0,0,0,0,0,0,0,0,0,0,0,0,0,0,0,0,0,0,0,0,0,0,0,0,0,0,0,0,0,0,0,0,0,0,0,0,0,0.0282235992990221,0,0,0,0,-0.0297773120016715,0,0,-0.00384226056459458,0,0,-0.016021923612196,0,0,0,0,0,0,0,0,0,0,-0.0429908539947407,0,0,0,0,0,0,0,0,0,0,0,0,0,0,0,0,0,0,0,0,0,0,0,0,0,0,0,0
0.00118325104218768,0.592082855875631,-0.0654338568349491,0,0,0,0,0,0.162841993154447,0,0,0,0,0,0,0,0,0,0,0,0,0,0,0,0,0,0,0,0,0.0886918854855081,0,0,0,0.149380917945904,0,-0.0381543846613603,0,0,0,0,0,0,0,0,0,0,0,0,0,0,0,-0.049696875844774,0,0,0,0,0,-0.00658425073712219,0,0,0,0,0,0,0,0,0,0,0,0,0,0,0,0,0,0,0,0,-0.0157346822813304,0,0,0,0,0,0,0,0,0,0,0,0,-0.0252028815752837,0,0,0,0,0,0,0,0,0,0,0,-0.00289121685038975,0,0,0,0,0,-0.000857307172227452,0,0,0,0,0,0,0,0,0,0,0,0,0,0,0,0,0,0,0,0.0596162884723683,0.00953666785130309,0,0,0,0,0,0,0,0,0,0,-0.0401060293217319,0,0,0,0,0,0,0,0,0,0,0,0,0,0,0,0,0,0,0,0,0,0,0,0,0,0,0,0,0,0,0,0,0,0,0,0,0,0,0,0,0,0,0,0,0
0.000994069829291639,0.715447759211572,-0.00420770357788413,0,0,0,0,0,0.112481466748027,0,0,0,0,0,-0.01484006033085,0,0,0,0,0,0,0,0,0,0,0,0,0,0,0,0,0,0,0.0216542434900287,0,0,0,0,0,0,0,0,0,0,0,0,0,0,0,0,0,-0.0157500706736308,0,0,0,0,0,0,0,0,0,0,0,0,0,0,0,0,0,0,0,0,0,0,0,0,0,0,0,0,0,0,0,0,0,0,0,0,0,0,0,0,0,0,0,0,0,0,0,0,0,0,0,0,0,0,0,0,0,0,0,0,0,0,0,0,0,0,0,0,0,0,0,0,0,0,0,0,0,0,0,0,0,0,0,0,0,0,0,0,0,0,0,0,0,0,0,0,0,0,0,0,0,0,0,0,0,0,0,0,0,0,0,0,0,0,0,0,0,0,0,0,0,0,0,0,0,0,0,0,0,0,0,0,0,0,0
NA,NA,NA,NA,NA,NA,NA,NA,NA,NA,NA,NA,NA,NA,NA,NA,NA,NA,NA,NA,NA,NA,NA,NA,NA,NA,NA,NA,NA,NA,NA,NA,NA,NA,NA,NA,NA,NA,NA,NA,NA,NA,NA,NA,NA,NA,NA,NA,NA,NA,NA,NA,NA,NA,NA,NA,NA,NA,NA,NA,NA,NA,NA,NA,NA,NA,NA,NA,NA,NA,NA,NA,NA,NA,NA,NA,NA,NA,NA,NA,NA,NA,NA,NA,NA,NA,NA,NA,NA,NA,NA,NA,NA,NA,NA,NA,NA,NA,NA,NA,NA,NA,NA,NA,NA,NA,NA,NA,NA,NA,NA,NA,NA,NA,NA,NA,NA,NA,NA,NA,NA,NA,NA,NA,NA,NA,NA,NA,NA,NA,NA,NA,NA,NA,NA,NA,NA,NA,NA,NA,NA,NA,NA,NA,NA,NA,NA,NA,NA,NA,NA,NA,NA,NA,NA,NA,NA,NA,NA,NA,NA,NA,NA,NA,NA,NA,NA,NA,NA,NA,NA,NA,NA,NA,NA,NA,NA,NA,NA,NA,NA,NA,NA,NA,NA,NA,NA
0.000460107772330302,0.618921443657531,0,0,0,0,0,0,0.155540764403333,0,0,0,0,0,-0.0270920986444032,0,0,0,0,0,0,0,0,0,0,0,0,0,0,0.00085324706211136,0,0,0,0.0262580350368979,0,0,0,0,0,0,0,0,0,0,0,0,0,0,0,0,0,0,0,0,0,0,0,0,0,0,0,0,0,0,0,0,0,0,0,0,0,0,0,0,0,0,0,0,0,0,0,0,0.0120054287011828,0,0,0,0,0,0,0,0,0,0,0,0,0,0,0,0,0,0,0,0,0,0,0,0,0,0,0,0,0,0,0,0,0,0,0,0,0,0,0,0,0,0,0,0,0,0,0,0,0,0,0,0,0,0,0,0,0,0,-0.029555868540358,0,0,0,0,0,0,0,0,0,0,0,0,0,0,0,0,-0.0140267078311084,0,0,0,0,0,0,0,0,0,0,0,0,0,0,0,0,0,0,0,0,0,0,0,0,0,0,0,0
NA,NA,NA,NA,NA,NA,NA,NA,NA,NA,NA,NA,NA,NA,NA,NA,NA,NA,NA,NA,NA,NA,NA,NA,NA,NA,NA,NA,NA,NA,NA,NA,NA,NA,NA,NA,NA,NA,NA,NA,NA,NA,NA,NA,NA,NA,NA,NA,NA,NA,NA,NA,NA,NA,NA,NA,NA,NA,NA,NA,NA,NA,NA,NA,NA,NA,NA,NA,NA,NA,NA,NA,NA,NA,NA,NA,NA,NA,NA,NA,NA,NA,NA,NA,NA,NA,NA,NA,NA,NA,NA,NA,NA,NA,NA,NA,NA,NA,NA,NA,NA,NA,NA,NA,NA,NA,NA,NA,NA,NA,NA,NA,NA,NA,NA,NA,NA,NA,NA,NA,NA,NA,NA,NA,NA,NA,NA,NA,NA,NA,NA,NA,NA,NA,NA,NA,NA,NA,NA,NA,NA,NA,NA,NA,NA,NA,NA,NA,NA,NA,NA,NA,NA,NA,NA,NA,NA,NA,NA,NA,NA,NA,NA,NA,NA,NA,NA,NA,NA,NA,NA,NA,NA,NA,NA,NA,NA,NA,NA,NA,NA,NA,NA,NA,NA,NA,NA
0.000603431376154929,0.685800972343728,0,0,0,0,0,0,0.179698005976224,0,0,0,0,0,-0.00976189287083284,0,0,0,0,0,0,0,0,0,0,0,0,0,0,0.0124762378763867,0,0,0,0.0163222568865773,0,0,0,0,0,0,0,0,0,0,0,0,0,0,0,0,0,0,0,0,0,0,0,0,0,0,0,0,0,0,0,0,0,0,0,0,0,0,0,0,0,0,0,0,0,0,0,0,0.00591342597127058,0,0,0,0,0,0,0,0,0,0,0,0,0,0,0,0,0,0,0,0,0,0,0,0,0,0,0,0,0,0,0,0,0,0,0,0,0,0,0,0,0,0,0,0,0,0,0,0,0,0,0,0,0,0.0233369485035953,0,0,0,0,0,0,0,0,0,0,0,0,0,0,0,0,0,0,0,0,0,0,0,0,0,0,0,0,0,0,0,-0.00742057204722297,0,0,0,0,0,0,0,0,0,0,0,0,0,0,0,0,0,0
0.000165832034306505,0.604731212846431,0,0,0,0,0,0,0.15569532718685,0,0,0,0,0,-0.0238705177423727,0,0,0,0,0,0,0,0,0,0,0,0,0,0,0,0,0,0,0.0101727644886143,0,0,0,0,0,0,0,0,0,0,0,0,0,0,-0.0109714292846832,0,0,0,0,0,0,0,0,0,0,0,0,0,0,0,0,0,0,0,0,0,0,0,0,0,0,0,0,0,0,0,0,0,0.00477554837916284,0,0,0,0,0,0,0,0,0,0,0,0,0,0,0,0,0,0,0,0,0,0,0,0,0,0,0,0,0,0,0,0,0,0,0,0,0,-0.00406328098419325,0,0,0,0,0,0,0,0,0,0,0,0,0,0,0,0,0,0,0,0,-0.0242196721476683,0,0,0,0,-0.00720415464339651,0,0,0,0,0,0,0,0,0,0,0,0,0,0,0,0,0,0,0,0,0,0,0,0,0,0,0,0,0,0,-0.000834808192083282,0,0,0,0,0,0,0,0,0
0.000759594454914867,0.680570356593184,-0.00623306197068713,0,0,0,0,0,0.142529362721043,0,0,0,0,0,-0.0148339667401915,0,0,0,0,0,0,0,0,0,0,0,0,0,0,0.0113439106037266,0,0,0,0.0510208080569129,0,-0.00617239258105238,0,0,0,0,0,0,0,0,0,0,0,0,-0.00440587572145524,0,0,-0.020726166460206,0,0,0,0,0,0,0,0,0,0,0,0,0,0,0,0,0,0,0,0,0,0,0,0,0,0,0,0,0,0,0.00637621325070921,0,0,0,0,0,0,0,0,0,0,0,0,0,0,0,0,0,0,0,0,0,0,0,0,0,0,0,0,0,0,0,0,0,0,0,0,0,0,0,0,0,0,0,0,0,0,0,0,0,0,0,0,0,0.00365681776498129,0,0,0,0,0,0,0,0,0,0,0,0,0,0,0,0,0,0,0,0,0,-0.013675099830481,0,0,0,0,0,0,0,0,0,0,0,0,0,0,0,0,0,0,0,0,0,0,0,0,0,0,0,0
0.000517324591860511,0.549556006423327,0,0,0,0,0,0,0.20150126470148,0,0,0,0,0,-0.0317484749450479,0,0,0,0,0,0,0,0,0,0,0,0,0,0,0.0163083539890469,0,0,0,0.0549843432710442,0,0,0,0,0,0,0,0,0,0,0,0,0,0,0,0,0,-0.00251914588952209,0,0,0,0,0,0,0,0,0,0,0,0,0,0,0,0,0,-0.00763474227965943,0,0,0,0,0,0,0,0,0,0,0,0,0.0168856346553853,0,0,0,0,0,0,0,0,0,0,0,0,0,0,0,0,0,0,0,0,0,0,0,0,0,0,0,0,0,0,0,0,0,0,0,0,0,0,0,0,0,0,0,0,0,0,0,0,0,0,0,0,0,0.0172592413185727,0,0,0,0,-0.041917212089012,0,0,0,0,0,0,0,0,0,0,0,0,0,0,0,0,-0.0266207145847895,0,0.00119691423109359,0,0,0,0,0,0,0,0,0,0,0,0,0,0,0,0,0,0,0,0,0,0,0,0,0,0
0.000553830479382494,0.517060593250329,0,0,0,0,0,0,0.175028040909729,-0.00812802055582026,0,0,0,0,-0.0273006883153674,0,0,0,0,0,0,0,0,0,0,0,0,0,0,0.0284109254664869,0,0,0,0.0935173508346415,0,-0.000047095227670798,0,0,0,0,0,0,0,0,0,0,0,0,0,0,0,0,0,0,0,0,0,0,0,0,0,0,0,0,0,0,0,0,0,-0.0288968781498966,0,0,0,0,0,0,0,0,0,0,0,0,0.00659116268514604,0,0,0,0,0,0,0,0,0,0.0877497596204273,0,0,0,0,0,0,0,0,0,0,0,0,0,0,0,0,0,0,0,0,0,0,0,0,0,0,0,0,0,0,0,0,0,0,0,0,0.0137933317941721,0,0,0,0,0,0,0,0,0,0,0,-0.0260569733998002,0,0,-0.00115400426047238,0,-0.0186569318232805,0,0,0,0,0,0,0,0,0,0,0,-0.00588947157858606,0,0.00614955717470168,0,0,0,0,0,0,0,0,0,0,0,0,0,0,0,0,0,0,0,0,-0.0189069246177896,0,0,0,0,0
0.000814074107241124,0.645279309109319,0,0,0,0,0,0,0.15521552541515,0,0,0,0,0,-0.0151999540828433,0,0,0,0,0,0,0,0,0,0,0,0,0,0,0.0655388406825534,0,0,0,0.0796871691874661,0,-0.0030559859725099,0,0,0,0,0,0,0,0,0,0,0,0,0,0,0,-0.0162104311016505,0,0,0,0,0,0,0,0,0,0,0,0,0,0,0,0,0,-0.00405777663981579,0,0,0,0,0,0,0,0,0,0,0,0,0,0,0,0,0,0,0,0,-0.016876665775154,0,0.0111280975612855,0,0,0,0,0,0,0,0,0,-0.00644260121217386,0,0,0,0,0,0,0,0,0,0,0,0,0,0,0,0,0,0,0,0,0,0,0,0,0,0,0.0136536052766471,0,0,0,0,0,0,0,0,0,0,0,-0.00453579543586972,0,0,0,0,-0.0218015782816171,0,0,0,0,0,0,0,0,0,0,0,-0.0013398217378396,0,0,0,0,0,0,0,0,0,0,0,0,0,0,0,0,0,0,0,0,0,0,0,0,0,0,0,0
0.000467699240812159,0.669741137991893,0,0,0,0,0,0,0.0819994056565872,0,0,0,0,0,-0.00116645216150727,0,0,0,0,0,0,0,0,0,0,0,0.030452963849264,0,0,0.0523250023702582,0,0,0,0.0346358059345923,0,0,0,0,0,0,0,0,0,0,0,0,0,0,0,0,0,0,0,0,0,0,0,0,0,0,0,0,0,0,0,0,0,0,0,0,0,0,0,0,0,0,0,0,0,0,0,0,0,0,0,0,0,0,-0.00127168561807041,0,0,0,0,0,0,0,0,0,0,0,0,0,0,0,0,0,0,0,0,0,0,0,0,0,0,0,0,0,0,0,0,0,0,0,0,0,0,0,0,0.00423406312386312,0,0,0,0,0,0,0,0,0,0,0,0,0,0,0,0,-0.00968478938205778,0,0,0,0,0,0,0,0,0,0,0,0,0,0,0,0,0,0,0,0,0,0,0,0,0,0,0,0,0,0,0,0,0,0,-0.00392491705017509,0,0,0,0,0
0.000731939906488452,0.640893560157097,0,0,0,0,0,0,0.131572330865799,-0.0173029214031353,0,0,0,0,-0.00846457183584542,0,0,0,0,0,0,0,0,0,0,0,0.00484777812017873,0,0,0.0457742285381057,0,0,0,0.0461648754879223,0,0,0,0,0,0,0,0,0,0,0,0,0,0,0,0,0,0,0,0,0,0,0,0,0,0,0,0,0,0,0,0,0,0,0,-0.00597809958879635,0,0,0,0,0,0,0,0,0,0,0,0,0,0,0,0,0,0,0,0,0,0,0.0369684244661727,0,0,0,0,0,0,0,0,0,0,0,0,0,0,0,0,0,0,0,0,0,0,0,0,0,0,0,0,0,0,0,0,0,0,0,0,0.0148426198582873,0,0,0,0,0,0,0,0,0,0,0,0,0,0,0,0,-0.0185813632899149,0,0,0,0,0,0,0,0,0,0,0,0,0,0,0,0,0,0,0,0,0,0,0,0,0,0,0,0,0,0,0,0,0,0,-0.00974397409466798,0,0,0,0,0
0.000781393946641951,0.739512252926245,0,0,0,0,0,0,0.115044930478641,0,0,0,0,0,-0.0059457274692986,0,0,0,0,0,0,0,0,0,0,0,0.00798406742009742,0,0,0.0424017791368496,0,0,0,0.0195851107666306,0,0,0,0,0,0,0,0,0,0,0,0,0,0,0,0,0,0,0,0,0,0,0,0,0,0,0,0,0,0,0,0,0,0,0,-0.000346608448962947,0,0,0,0,0,0,0,0,0,0,0,0,0,0,0,0,0,0,0,0,-0.00315154043929584,0,0,0,0,0,0,0,0,0,0,0,0,0,0,0,0,0,0,0,0,0,0,0,0,0,0,0,0,0,0,0,0,0,0,0,0,0,0,0,0,0,0,0,0,0,0,0,0,0,0,0,0,0,0,0,0,0,0,0,0,0,0,0,0,0,0,0,0,0,0,0,0,0,0,0,0,0,0,0,0,0,0,0,0,0,0,0,0,0,0,0,0,0,0,0,0
0.000918809833091095,0.687362425684657,0,0,0,0,0,0,0.135286245333821,0,0,0,0,0,-0.0147790973379971,0,0,0,0,0,0,0,0,0,0,0,0,0,0,0.0363681302165517,0,0,0,0.0207574609831465,0,0,0,0,0,0,0,0,0,0,0,0,0,0,0,0,0,0,0,0,0,0,0,0,0,0,0,0,0,0,0,0,0,0,0,0,0,0,0,0,0,0,0,0,0,0,0,0,0,0,0,0,0,0,0,0,0,0,0,0,0,0,0,0,0,0,0,0,-0.00533576931340008,0,0,0,0,0,0,0,0,0,0,0,0,0,0,0,0,0,0,0,0,0,0,0,0,0,0,0.00430143972055106,0,0,0,0,0,0,0,0,0,0,0,0,0,0,0,0,0,0,0,0,0,0,0,0,0,0,0,0,-0.000740169766268803,0,0,0,0,0,0,0,0,0,0,0,0,0,0,0,0,0,0,0,0,0,0,0,0,0,0,0,0
0.000710762687709665,0.709619875315766,0,0,0,0,0,0,0.126474045177055,0,0,0,0,0,-0.011371788478787,0,0,0,0,0,0,0,0,0,0,0,0,0,0,0.0220789139200806,0,0,0,0,0,0,0,0,0,0,0,0,0,0,0,0,0,0,0,0,0,0,0,0,0,0,0,0,0,0,0,0,0,0,0,0,0,0,0,0,0,0,0,0,0,0,0,0,0,0,0,0,0,0,0,0,0,0,0,0,-0.00335989196949382,0,0,0,0,0,0,0,0,0,0,0,-0.00110974699293995,0,0,0,0,0,0,0,0,0,0,0,0,0,0,0,0,0,0,0,0,0,0,0,0,0,0,0,0,0,0,0,0,0,0,0,0,0,0,0,0,0,0,0,0,0,0,0,0,0,0,0,0,0,0,0,-0.000959956560204747,0,0,0,0,0,0,0,0,0,0,0,0,0,0,0,0,0,0,0,0,0,0,0,0,0,0,0,0
0.000717118893226213,0.692242354813122,0,0,0,0,0,0,0.117313158783493,0,0,0,0,0,-0.00181844228414291,0,0,0,0,0,0,0,0,0,0,0,0.00683261639168281,0,0,0.0531730594254869,0,0,0,0.0129881432839861,0,0,0,0,0,0,0,0,0,0,0,0,0,0,0,0,0,0,0,0,0,0,0,0,0,0,0,0,0,0,0,0,0,0,0,-0.00541916737181278,0,0,0,0,0,0,0,0,0,0,0,0,0,0,0,0,0,0,0,0,-0.00941855876653993,0,0,0,0,0,0,0,0,0,0,0,0,0,0,0,0,0,0,0,0,0,0,0,0,0,0,0,0,0,0,0,0,0,0,0,0,0,0,0.00397500149008533,0,0,0,0,0,0,0,0,0,0,0,0,0,0,0,0,0,0,0,0,0,0,0,0,0,0,0,0,0,0,0,0,0,0,0,0,0,0,0,0,0,0,0,0,0,0,0,0,0,0,0,0,0,0,0,0,0
0.000824442765663013,0.756715888733446,0,0,0,0,0,0,0.0906393833232093,0,0,0,0,0,-0.000901176547004821,0,0,0,0,0,0,0,0,0,0,0,0.0093553357008279,0,0,0.0295386554377727,0,0,0,0.0271193583653433,0,0,0,0,0,0,0,0,0,0,0,0,0,0,0,0,0,0,0,0,0,0,0,0,0,0,0,0,0,0,0,0,0,0,0,0,0,0,0,0,0,0,0,0,0,0,0,0,0,0,0,0,0,0,0,0,0,0,0,0,0,0,0,0,0,0,0,0,0,0,0,0,0,0,0,0,0,0,0,0,0,0,0,0,0,0,0,0,0,0,0,0,0,0,0,0,0,0,0,0,0,0,0,0,0,0,0,0,0,0,0,0,0,0,0,0,0,0,0,0,0,0,0,0,0,0,0,0,0,0,0,0,0,0,0,0,0,0,0,0,0,0,0,0,0,0,0,0,0,0,0,0,0
0.000690063983440825,0.762045414102006,0,0,0,0,0,0,0.100142903193546,0,0,0,0,0,0,0,0,0,0,0,0,0,0,0,0,0,0.0000330335874950744,0,0,0.0228031283539562,0,0,0,0.00753543247818754,0,0,0,0,0,0,0,0,0,0,0,0,0,0,0,0,0,0,0,0,0,0,0,0,0,0,0,0,0,0,0,0,0,0,0,0,0,0,0,0,0,0,0,0,0,0,0,0,0,0,0,0,0,0,0,0,0,0,0,0,0,0,0,0,0,0,0,0,0,0,0,0,0,0,0,0,0,0,0,0,0,0,0,0,0,0,0,0,0,0,0,0,0,0,0,0,0,0,0,0,0,0,0,0,0,0,0,0,0,0,0,0,0,0,0,0,0,0,0,0,0,0,0,0,0,0,0,0,0,0,0,0,0,0,0,0,0,0,0,0,0,0,0,0,0,0,0,0,0,0,0,0,0
0.000780313732085736,0.732268046929422,0,0,0,0,0,0,0.13567581003403,0,0,0,0,0,-0.000720985936021493,0,0,0,0,0,0,0,0,0,0,0,0,0,0,0.0239216823709748,0,0,0,0.0307745585814028,0,0,0,0,0,0,0,0,0,0,0,0,0,0,0,0,0,0,0,0,0,0,0,0,0,0,0,0,0,0,0,0,0,0,0,0,0,0,0,0,0,0,0,0,0,0,0,0,0,0,0,0,0,0,0,0,0,0,0,0,0,0,0,0,0,0,0,0,0,0,0,0,0,0,0,0,0,0,0,0,0,0,0,0,0,0,0,0,0,0,0,0,0,0,0,0,0,0,0,0,0,0,0,0,0,0,0,0,0,0,0,0,0,0,0,0,0,0,0,0,0,0,0,0,0,0,0,0,0,0,0,0,0,0,0,0,0,0,0,0,0,0,0,0,0,0,0,0,0,0,0,0,0
0.00064225365282655,0.738281004497719,0,0,0,0,0,0,0.0939562238790602,0,0,0,0,0,0,0,0,0,0,0,0,0,0,0,0,0,0,0,0,0.0134924394360902,0,0,0,0.014283220708422,0,0,0,0,0,0,0,0,0,0,0,0,0,0,0,0,0,0,0,0,0,0,0,0,0,0,0,0,0,0,0,0,0,0,0,0,0,0,0,0,0,0,0,0,0,0,0,0,0,0,0,0,0,0,0,0,0,0,0,0,0,0,0,0,0,0,0,0,0,0,0,0,0,0,0,0,0,0,0,0,0,0,0,0,0,0,0,0,0,0,0,0,0,0,0,0,0,0,0,0,0,0,0,0,0,0,0,0,0,0,0,0,0,0,0,0,0,0,0,0,0,0,0,0,0,0,0,0,0,0,0,0,0,0,0,0,0,0,0,0,0,0,0,0,0,0,0,0,0,0,0,0,0
0.000485082218155198,0.709366730034352,0,0,0,0,0,0,0.131699088593793,0,0,0,0,0,0,0,0,0,0,0,0,0,0,0,0,0,0,0,0,0.00803321991547183,0,0,0,0,0,0,0,0,0,0,0,0,0,0,0,0,0,0,0,0,0,0,0,0,0,0,0,0,0,0,0,0,0,0,0,0,0,0,0,0,0,0,0,0,0,0,0,0,0,0,0,0,0,0,0,0,0,0,0,0,0,0,0,0,0,0,0,0,0,0,0,0,0,0,0,0,0,0,0,0,0,0,0,0,0,0,0,0,0,0,0,0,0,0,0,0,0,0,0,0,0,0,0,0,0,0,0.00931811586517998,0,0,0,0,0,0,0,0,0,0,0,0,0,0,0,0,0,0,0,0,0,0,0,0,0,0,0,0,0,0,0,0,0,0,0,0,0,0,0,0,0,0,0,0,0,0,0,0,0,0
0.0001027981898497,0.680953416599281,0,0,0,0,0,0,0.100428145530267,0,0,0,0,0,-0.00263877936183957,0,0,0,0,0,0,0,0,0,0,0,0.00464527909896767,0,0,0.0237844599942133,0,0,0,0,0,0,0,0,0,0,0,0,0,0,0,0,0,0,0,0,0,0,0,0,0,0,0,0,0,0,0,0,0,0,0,0,0,0,0,0,0,0,0,0,0,0,0,0,0,0,0,0,0,0,0,0,0,0,0,0,-0.00794151892244371,0,0,0,0,0,0,0,0,0,0,0,0,0,0,0,0,0,0,0,0,0,0,0,0,0,0,0,0,0,0,0,0,0,0,0,0,0,0,0,0,0,0,0,0,0,0.0031330625337964,0,0,0,0,0,0,0,0,0,0,0,0,0,0,0,0,0,0,0,0,0,0,0,0,0,0,0,0,0,0,0,0,0,0,0,0,0,0,0,0,0,0,0,0,0,0,0,0,0,0
-0.000147806978712119,0.637609816337472,0,0,0,0,0,0,0.115513825444632,0,0,0,0,0,0,0,0,0,0,0,0,0,0,0,0,0,0,0,0,0.00449331075841067,0,0,0,0,0,0,0,0,0,0,0,0,0,0,0,0,0,0,0,0,0,0,0,0,0,0,0,0,0,0,0,0,0,0,0,0,0,0,0,0,0,0,0,0,0,0,0,0,0,0,0,0,0,0,0,0,0,0,0,0,-0.00550530137895658,0,0,0,0,0,0,0,0,0,0,0,0,0,0,0,0,0,0,0,0,0,0,0,0,0,0,0,0,0,0,0,0,0,0,0,0,0,0,0,0,0,0,0,0,0,0,0,0,0,0,0,0,0,0,0,0,0,0,0,0,0,0,0,0,0,0,0,0,0,0,0,0,0,0,0,0,0,0,0,0,0,0,0,0,0,0,0,0,0,0,0,0,0,0,0,0
0.00024359498798868,0.672395442373907,0,0,0,0,0,0,0.127086856652658,0,0,0,0,0,0,0,0,0,0,0,0,0,0,0,0,0,0,0,0,0.0179918862742435,0,0,0,0,0,0,0,0,0,0,0,0,0,0,0,0,0,0,0,0,0,0,0,0,0,0,0,0,0,0,0,0,0,0,0,0,0,0,0,0,0,0,0,0,0,0,0,0,0,0,0,0,0,0,0,0,0,0,0,0,0,0,0,0,0,0,0,0,0,0,0,0,0,0,0,0,0,0,0,0,0,0,0,0,0,0,0,0,0,0,0,0,0,0,0,0,0,0,0,0,0,0,0,0,0,0,0,0,0,0,0,0,0,0,0,0,0,0,0,0,0,0,0,0,0,0,0,0,0,0,0,0,0,0,0,0,0,0,0,0,0,0,0,0,0,0,0,0,0,0,0,0,0,0,0,0,0
0.000254710758296707,0.651159350061439,0,0,0,0,0,0,0.117269340082296,0,0,0,0,0,0,0,0,0,0,0,0,0,0,0,0,0,0,0,0,0,0,0,0,0,0,0,0,0,0,0,0,0,0,0,0,0,0,0,0,0,0,0,0,0,0,0,0,0,0,0,0,0,0,0,0,0,0,0,0,0,0,0,0,0,0,0,0,0,0,0,0,0,0,0,0,0,0,0,0,0,0,0,0,0,0,0,0,0,0,0,0,0,0,0,0,0,0,0,0,0,0,0,0,0,0,0,0,0,0,0,0,0,0,0,0,0,0,0,0,0,0,0,0,0,0,0,0,0,0,0,0,0,0,0,0,0,0,0,0,0,0,0,0,0,0,0,0,0,0,0,0,0,0,0,0,0,0,0,0,0,0,0,0,0,0,0,0,0,0,0,0,0,0,0,0,0,0
-0.00000798558156021693,0.656604757440493,0,0,0,0,0,0,0.16350553935281,0,0,0,0,0,-0.00941021152164206,0,0,0,0,0,0,0,0,0,0,0,0,0,0,0.00842185953932131,0,0,0,0,0,0,0,0,0,0,0,0,0,0,0,0,0,0,0,0,0,0,0,0,0,0,0,0,0,0,0,0,0,0,0,0,0,0,0,0,0,0,0,0,0,0,0,0,0,0,0,0,0.00766209393547441,0,0,0,0,0,0,0,0,0,0,0,0,0,0,0,0,0,0,0,0,0,0,0,0,0,0,0,0,0,0,0,0,0,0,0,0,0,0,0,0,0,0,0,0,0,0,0,0,0,0,0,0,0,0.0179818977591545,0,0,0,0,0,0,0,0,0,0,0,0,0,0,0,0,0,0,0,0,0,-0.00501261810905918,0,0,0,0,0,0,0,0,0,0,0,0,0,0,0,0,0,0,0,0,0,0,0,0,0,0,0,0
0.00023315996622135,0.661319617061707,0,0,0,0,0,0,0.12369004980032,0,0,0,0,0,0,0,0,0,0,0,0,0,0,0,0,0,0,0,0,0.0062608091482691,0,0,0,0,0,0,0,0,0,0,0,0,0,0,0,0,0,0,0,0,0,0,0,0,0,0,0,0,0,0,0,0,0,0,0,0,0,0,0,0,0,0,0,0,0,0,0,0,0,0,0,0,0,0,0,0,0,0,0,0,0,0,0,0,0,0,0,0,0,0,0,0,0,0,0,0,0,0,0,0,0,0,0,0,0,0,0,0,0,0,0,0,0,0,0,0,0,0,0,0,0,0,0,0,0,0,0,0,0,0,0,0,0,0,0,0,0,0,0,0,0,0,0,0,0,0,0,0,0,0,0,0,0,0,0,0,0,0,0,0,0,0,0,0,0,0,0,0,0,0,0,0,0,0,0,0,0
0.000684587101379162,0.701667532828271,0,0,0,0,0,0,0.207250328720788,0,0,0,0,0,0,0,0,0,0,0,0,0,0,0,0,0,0,0,0,0.0176199593751147,0,0,0,0,0,0,0,0,0,0,0,0,0,0,0,0,0,0,0,0,0,-0.00917377244114218,0,0,0,0,-0.00448955617414577,0,0,0,0,0,0,0,0,0,0,0,0,0,0,0,0,0,0,0,0,0,-0.0247538543548846,0,0,0,0,0,0,0,0,0,0,0,-0.0184369948437279,0,0,0,-0.00727384095352323,0,0,0,0,0,0,0,0,0,0,0,-0.00922450990907052,-0.00272652564181646,0,0,0,0,0,0,0,0,0,0,0,0,0,0,0,0,0,0,0,0,0,0,0,0,0,0,0,0,0.00827203965367549,0,0,0,0,0,0,0,0,0,0,0,0,0,0,0,0,0,0,0,0,0,0,0,0,0,0,0,0,0,0,0,0,0,0,0,0,0,0,0,0,0,0,0,0,0,0,0,0,0,0
0.000355583777398701,0.614271865303922,0,0,0,0,0,0,0.264135826565798,0,0,0,0,0,0,0,0,0,0,0,0,0,0,0,0,0,0,0,0,0.0123902920149977,0,0,0,0,0,0,0,0,0,0,0,0,0,0,0,0,0,0,0,0,0,-0.00192498695268091,0,0,0,0,-0.00987103080201687,0,0,0,0,0,0,0,0,0,0,0,0,0,0,0,0,0,0,0,-0.00758902507931738,0,-0.000939616439389611,0,0,0,0.0475272390694461,0,0,0,0,0,0,0,-0.0235588702603741,0,0,0,0,0,0,0,0,0,0,0,0,0,0,0,0,-0.00504569686397515,0,0,0,0,0,0,0,0,0,0,0,0,0,0,0,0,0,0,0,0,0,0,0,0,0,0,0,0,0.031157024191529,0,0,0,0,0,0,0,0,0,0,0,0,0,0,0,0,0,0,0,0,0,-0.0144166789188615,0,0,0,0,0,0,0,0,0,0,0,0,0,0,0,0,0,0,0,0,0,0,0,0,0,0,0,0
0.000659998383769731,0.666857012453199,0,0,0,0,0,0,0.231540050746113,0,0,0,0,0,0,0,0,0,0,0,0,0,0,0,0,0,0,-0.00277928417634391,0,0.0164698037224203,0,0,0,0,0,0,0,0,0,0,0,0,0,0,-0.00244528578237604,0,0,0,0,0,0,0,0,0,0,0,-0.0139232008367217,0,0,0,0,0,0,0,0,-0.0015959987167708,0,0,0,0,0,0,0,0,0,0,-0.00693271134277567,0,-0.0141513162899678,0,0,0,0,0,0,0,0,0,0,0,-0.0246648102774056,0,0,0,0,0,0,0,0,0,0,0,0,0,0,0,0,-0.0100923968863334,0,0,0,0,-0.003286130738659,0,0,0,0,0,0,0,0,0,0,0,0,0,0,0,0,0,0,0,0,0,0,0,0.0069390788359715,0,0,0,0,0,0,0,0,0,0,0,0,0,0,0,0,0,0.00143613813700783,0,0,0,0,0,0,0,0,0,0,0,0,0,0,0,0,0,0,0,0,0,0,0,0,0,0,0,0,0,0,0,0
0.000987582255443658,0.736549930117348,0,0,0,0,0,0,0.171869173782659,0,0,0,0,0,0,0,0,0,0,0,0,0,0,0,0,0,0,-0.00714067813289067,0,0,0,0,0,0,0,0,0,0,0,0,0,0,0,0,0,0,0,0,0,0,0,-0.00110668484853138,0,0,0,0,-0.0130828524070115,0,0,0,0,0,0,0,0,-0.00652134445639469,0,0,0,0,0,0,0,0,0,0,-0.0107746111481991,0,-0.0254345091881377,0,0,0,0,0,0,0,0,0,0,0,-0.0050556904598333,0,0,0,-0.00130419315138365,0,0,0,0,0,0,0,0,0,0,0,0,-0.00501791478822641,0,0,0,0,0,0,0,0,0,0,0,0,0,0,0,0,0,0,0,0,0,0,0,0,0,0,0,0,0.0130311657436486,0,0,0,0,0,0,0,0,0,0,0,0,0,0,0,0,0,0,0,0,0,0,0,0,0,0,0,0,0,0,0,0,0,0,0,0,0,0,0,0,0,0,0,0,0,0,0,0,0,0
0.00109642066436264,0.750632988049297,0,0,0,0,0,0,0.148964944682201,0,0,0,0,0,0,0,0,0,0,0,0,0,0,0,0,0,0,-0.00657004403896955,0,0,0,0,0,0,0,0,0,0,0,0,0,0,0,0,0,0,0,0,0,0,0,-0.0125815123289642,0,0,0,0,-0.00581433476142029,0,0,0,0,0,0,0,0,-0.00620710921465583,0,0,0,0,0,0,0,0,0,0,-0.00493752579665861,0,-0.0142141367913139,0,0,0,0,0,0,0,0,0,0,0,-0.00468251518060264,0,0,0,0,0,0,0,0,0,0,0,0,0,0,0,0,-0.00321817832826862,0,0,0,0,0,0,0,0,0,0,0,0,0,0,0,0,0,0,0,0,0,0,0,0,0,0,0,0,0.0217933036139332,0,0,0,0,0,0,0,0,0,0,0,0,0,0,0,0,0,0,0,0,0,0,0,0,0,0,0,0,0,0,0,0,0,0,0,0,0,0,0,0,0,0,0,0,0,0,0,0,0,0
0.000523351474235243,0.650130283651195,0,0,0,0,0,0,0.21565711772431,0,0,0,0,0,0,0,0,0,0,0,0,0,0,0,0,0,0,0,0,0.0192442963971543,0,0,0,0,0,0,0,0,0,0,0,0,0,0,0,0,0,0,0,0,0,0,0,0,0,0,-0.0133410202862392,0,0,0,0,0,0,0,0,0,0,0,0,0,0,0,0,0,0,0,-0.00428009516374744,0,-0.00584900510904023,0,0,0,0.0282709231445757,0,0,0,0,0,0,0,-0.0160169143683088,0,0,0,0,0,0,0,0,0,0,0,0,0,0,0,-0.00308449922887214,-0.0040540616290278,0,0,0,0,0,0,0,0,0,0,0,0,0,0,0,0,0,0,0,0,0,0,0,0,0,0,0,0,0.028536205620179,0,0,0,0,0,0,0,0,0,0,0,0,0,0,0,0,0,0,0,0,0,0,0,0,0,0,0,0,0,0,0,0,0,0,0,0,0,0,0,0,0,0,0,0,0,0,0,0,0,0
NA,NA,NA,NA,NA,NA,NA,NA,NA,NA,NA,NA,NA,NA,NA,NA,NA,NA,NA,NA,NA,NA,NA,NA,NA,NA,NA,NA,NA,NA,NA,NA,NA,NA,NA,NA,NA,NA,NA,NA,NA,NA,NA,NA,NA,NA,NA,NA,NA,NA,NA,NA,NA,NA,NA,NA,NA,NA,NA,NA,NA,NA,NA,NA,NA,NA,NA,NA,NA,NA,NA,NA,NA,NA,NA,NA,NA,NA,NA,NA,NA,NA,NA,NA,NA,NA,NA,NA,NA,NA,NA,NA,NA,NA,NA,NA,NA,NA,NA,NA,NA,NA,NA,NA,NA,NA,NA,NA,NA,NA,NA,NA,NA,NA,NA,NA,NA,NA,NA,NA,NA,NA,NA,NA,NA,NA,NA,NA,NA,NA,NA,NA,NA,NA,NA,NA,NA,NA,NA,NA,NA,NA,NA,NA,NA,NA,NA,NA,NA,NA,NA,NA,NA,NA,NA,NA,NA,NA,NA,NA,NA,NA,NA,NA,NA,NA,NA,NA,NA,NA,NA,NA,NA,NA,NA,NA,NA,NA,NA,NA,NA,NA,NA,NA,NA,NA,NA
0.000836239276710788,0.700460465084524,0,0,0,0,0,0,0.199018051086949,0,0,0,0,0,0,0,0,0,0,0,0,0,0,0,0,0,0,0,0,0.0163962760861864,0,0,0,0,0,0,0,0,0,0,0,0,0,0,0,0,0,0,0,0,0,-0.00379063399775458,0,0,0,0,-0.00684643159679501,0,0,0,0,0,0,0,0,-0.0016016058845456,0,0,0,0,0,0,0,0,0,0,-0.00727113419538757,0,-0.0174624530763186,0,0,0,0.00418105929458234,0,0,0,0,0,0,0,-0.0221848495618205,0,0,0,0,0,0,0,0,0,-0.00110964648346176,0,0,0,0,0,-0.0011828572257519,-0.00283721353914504,0,0,0,0,0,0,0,0,0,0,0,0,0,0,0,0,0,0,0,0,0,0,0,0,0,0,0,0,0.00332503726579576,0,0,0,0,0,0,0,0,0,0,0,0,0,0,0,0,0,0.00629903432089196,0,0,0,0,0,0,0,0,0,0,0,0,0,0,0,0,0,0,0,0,0,0,0,0,0,0,0,0,0,0,0,0
NA,NA,NA,NA,NA,NA,NA,NA,NA,NA,NA,NA,NA,NA,NA,NA,NA,NA,NA,NA,NA,NA,NA,NA,NA,NA,NA,NA,NA,NA,NA,NA,NA,NA,NA,NA,NA,NA,NA,NA,NA,NA,NA,NA,NA,NA,NA,NA,NA,NA,NA,NA,NA,NA,NA,NA,NA,NA,NA,NA,NA,NA,NA,NA,NA,NA,NA,NA,NA,NA,NA,NA,NA,NA,NA,NA,NA,NA,NA,NA,NA,NA,NA,NA,NA,NA,NA,NA,NA,NA,NA,NA,NA,NA,NA,NA,NA,NA,NA,NA,NA,NA,NA,NA,NA,NA,NA,NA,NA,NA,NA,NA,NA,NA,NA,NA,NA,NA,NA,NA,NA,NA,NA,NA,NA,NA,NA,NA,NA,NA,NA,NA,NA,NA,NA,NA,NA,NA,NA,NA,NA,NA,NA,NA,NA,NA,NA,NA,NA,NA,NA,NA,NA,NA,NA,NA,NA,NA,NA,NA,NA,NA,NA,NA,NA,NA,NA,NA,NA,NA,NA,NA,NA,NA,NA,NA,NA,NA,NA,NA,NA,NA,NA,NA,NA,NA,NA
NA,NA,NA,NA,NA,NA,NA,NA,NA,NA,NA,NA,NA,NA,NA,NA,NA,NA,NA,NA,NA,NA,NA,NA,NA,NA,NA,NA,NA,NA,NA,NA,NA,NA,NA,NA,NA,NA,NA,NA,NA,NA,NA,NA,NA,NA,NA,NA,NA,NA,NA,NA,NA,NA,NA,NA,NA,NA,NA,NA,NA,NA,NA,NA,NA,NA,NA,NA,NA,NA,NA,NA,NA,NA,NA,NA,NA,NA,NA,NA,NA,NA,NA,NA,NA,NA,NA,NA,NA,NA,NA,NA,NA,NA,NA,NA,NA,NA,NA,NA,NA,NA,NA,NA,NA,NA,NA,NA,NA,NA,NA,NA,NA,NA,NA,NA,NA,NA,NA,NA,NA,NA,NA,NA,NA,NA,NA,NA,NA,NA,NA,NA,NA,NA,NA,NA,NA,NA,NA,NA,NA,NA,NA,NA,NA,NA,NA,NA,NA,NA,NA,NA,NA,NA,NA,NA,NA,NA,NA,NA,NA,NA,NA,NA,NA,NA,NA,NA,NA,NA,NA,NA,NA,NA,NA,NA,NA,NA,NA,NA,NA,NA,NA,NA,NA,NA,NA
0.000855686558889264,0.75947575578818,0,0,0,0,0,0,0.0749278049190821,0,0,0,0,0,0,0,0,0,0,0,0,0,0,0,0,0,0,0,0,0,0,0,0,0,0.0104867731662321,0,0,0,0,0,0,0,0,0,0,0.00869716742965897,0,0,0,0,0,0,0,0,0,0,-0.00494913055702429,0,0,0,0,0,0,0,0,-0.00670372927874802,0,0,0,0,0,0,0,0,0,0,0,0,-0.0127666314515701,0,0,0,0,0,0,0,0,0,0,0,-0.00617466493455372,0,0,0,0,0,0,0,0,0,0,0,0,0,0,0,0,0,0,0,0,0,0,0,0,0,0,0,0,0,0,0,0,0,0,0,0,0,0,0,0,0,0,0,0,0,0,0,0,0,0.00122454449584695,0,0,0,0,0,0,0,0,0,0,0,0,0,0,0,0,0,0,0,0,0,0,0,0,0,0,0,0,0,0,0,0,0,0,0,0,0,0,0,0,0,0,0,0,0,0
NA,NA,NA,NA,NA,NA,NA,NA,NA,NA,NA,NA,NA,NA,NA,NA,NA,NA,NA,NA,NA,NA,NA,NA,NA,NA,NA,NA,NA,NA,NA,NA,NA,NA,NA,NA,NA,NA,NA,NA,NA,NA,NA,NA,NA,NA,NA,NA,NA,NA,NA,NA,NA,NA,NA,NA,NA,NA,NA,NA,NA,NA,NA,NA,NA,NA,NA,NA,NA,NA,NA,NA,NA,NA,NA,NA,NA,NA,NA,NA,NA,NA,NA,NA,NA,NA,NA,NA,NA,NA,NA,NA,NA,NA,NA,NA,NA,NA,NA,NA,NA,NA,NA,NA,NA,NA,NA,NA,NA,NA,NA,NA,NA,NA,NA,NA,NA,NA,NA,NA,NA,NA,NA,NA,NA,NA,NA,NA,NA,NA,NA,NA,NA,NA,NA,NA,NA,NA,NA,NA,NA,NA,NA,NA,NA,NA,NA,NA,NA,NA,NA,NA,NA,NA,NA,NA,NA,NA,NA,NA,NA,NA,NA,NA,NA,NA,NA,NA,NA,NA,NA,NA,NA,NA,NA,NA,NA,NA,NA,NA,NA,NA,NA,NA,NA,NA,NA
0.000956080286468822,0.7469612369856,0,0,0,0,0,0,0.085981220274669,0,0,0,0,0,0,0,0,0,0,0,0,0,0,0,0,0,0,0,0,0.0042633750432547,0,0,0,0,0.0131609513198081,0,0,0,0,0,0,0,0,0,0,0.00285232876429779,0,0,0,0,0,0,0,0,0,0,-0.0192026709115521,0,0,0,0,0,0,0,0,-0.000815129861282561,-0.000121617221809311,0,0,0,0,0,0,0,0,0,-0.00178457143970938,0,0,0,0,0,0,0,0,0,0,0,0,0,0,0,0,0,-0.00370306887758098,0,0,0,0,0,0,0,0,0,0,0,0,-0.00337118870446072,0,0,0,0,-0.00234385931724572,0,0,0,0,0,0,0,0,0,0,0,0,0,0,0,0,0,0,0,0,0,0,0,0,0,0,0,0.00628346429262388,0,0,0,0,0,0,0,0,0,0,0,0,0,0,0,0,0,0,0,0,0,0,0,0,-0.00186714944200606,0,0,0,0,0,0,0,0,0,0,0,0,0,0,0,0,0,0,0,0,0
0.00124679621049165,0.757945925318004,0,0,0,0,0,0,0.0471715319274409,0,0,0,0,0,0,0,0,0,0,0,0,0,0,0,0,0,0,0,0,0,0,0,0,0,0.00188846492316187,0,0,0,0,0,0,0,0,0,0,0,0,0,0,0,0,-0.0181854591335061,0,0,0,0,0,0,0,0,0,0,0,0,0,0,0,0,0,0,0,0,0,0,0,0,0,0,0,0,0,0,0,0,0,0,0,0,0,0,0,0,0,0,0,0,0,0,0,0,0,0,0,0,0,0,0,0,0,0,0,0,0,0,0,0,0,0,0,0,0,0,0,0,0,0,0,0,0,0,0,0,0,0,0,0,0.0016498599114313,0,0,0,0.01578114767745,0,0,0,0,0,0,0,0,0,0,0,0,0,0,0,0,0,0,0,0,0,0,0,0,0,0,0,0,0,0,0,0,0,0,0,0,0,0,0,0,0,0,0,0,0,0
0.00103738390221752,0.785905401572332,0,0,0,0,0,0,0.0407801026351522,0,0,0,0,0,0,0,-0.0060446261825931,0,0,0,0,0,0,0,0,0,0,0,0,0,0,0,0,0,0.0203507546084515,0,0,0,0,0,0,0,0,0,0,0,0,0,0,0,0.00155913411664479,0,0,0,0,0,-0.00718754238967831,0,0,0,0,0,0,0,0,0,0,0,0,0,0,0,0,0,0,0,0,0,-0.00280363641307721,0,0,0,0,0,-0.0143628667521385,0,0,0,0,0,0,0,0,0,0,0,0,0,0,0,0,0,0,0,0,0,-0.00326046561970752,-0.000904287839515658,0,0,0,0,0,0,0,0,0,0,0,0,0,0,0,0,0,0,0,0,0,0,0,0,0,0,0,0,0,0,0,0,0,0,0,0,0,0,0,0,0,0,0,0,0,0,0,0,0,0,0,0,0,0,0,0,0,0,0,0,0,0,0,0,0,0,0,0,0,0,0,0,0,0,0,0,0,0,0
0.00139118671750657,0.735732683412228,0,0,0,0,0,0,0.178634056652867,0,0,0,0,0,0,0,0,0,0,0,0,0,0,0,0,0,0,0,0,0.033808385720134,-0.00571344307309384,0,0,0,0,0,0,0,0,0,0,0,0,0,0,0,0,0,0,0,0,-0.0272937915980656,0,0,0,0,0,0,0,0,0,0,0,0,0,-0.00331139305851395,0,0,0,0,0,0,0,0,0,-0.00429381257318513,0,0,-0.0163366730946739,0,0,0,0,0,-0.000500034236408886,0,0,0,0,0,0,0,0,0,0,0,0,0,0,0,0,0,-0.0258140364132766,0,0,0,-0.0152135389343703,0,0,0,0,0,-0.00790172245991411,0,0,0,0,0,0,0,0,0,0,0,0,0,0,0,0,0,0,0,0,0,0,0,0,0,0,0,0.0170535382656838,0,0,0,0,0,0,0,0,0,0,0,0,0,0,0,0,0,-0.0104242731897323,0,0,0,0,0,0,0,0,0,0,0,0,0,0,0,0,0,0,0,0,0,0,0,0,0,0,0,0
0.00138161931400359,0.813952553410568,0,0,0,0,0,0,0,0,0,0,0,0,0,0,-0.00530999310220427,0,0,0,0,0,0,0,0,0,0,-0.00408299918465569,0,0,0,0,0,0,0.0116923654597669,0,0,0,0,0,0,0,0,0,0,0,0,0,0,0,0.00798038996211277,-0.00897127795842236,0,0,0,0,0,0,0,0,0,0,0,0,0,0,0,0,0,0,0,0,0,0,0,0,0,0,0,0,0,0,0,0,-0.0104227989970589,0,0,0,0,0,0,0,0,0,0,0,0,0,0,0,0,0,0,0,0,0,-0.019724951211363,0,0,0,0,0,0,0,0,0,0,0,0,0,0,0,0,0,0,0,0,0,0,0,0,0,0,0,0,0,0.000383309799134757,0,0,0,0.0170559178887867,0,0,0,0,0,0,0,0,0,0,0,0,0,0,0,0,0,0,0,0,0,0,0,0,0,0,0,0,0,0,0,0,0,0,0,0,0,0,0,0,0,0,0,0,0,0
0.00138805458961554,0.797494778698356,0,0,0,0,0,0,0.0762203500536245,0,0,0,0,0,0,0,0,0,0,0,0,0,0,0,0,0,0,0,0,0.00198155074171547,0,0,0,0,0.022020004506984,0,0,0,0,0,0,0,0,0,0,0,0,0,0,0,0.0072549586990218,-0.0016051380746241,0,0,0,0,0,0,0,0,0,0,0,0,0,-0.00490735970754658,0,0,0,0,0,0,0,0,0,0,0,0,-0.0129333201958824,0,0,0,0,0,-0.0165039965316337,0,0,0,0,0,0,0,0,0,-0.000846543176760308,0,0,0,0,0,0,0,0,0,0,0,-0.013913098257121,-0.0194544401292318,0,0,0,0,-0.00435943632859378,0,0,0,0,0,0,0,0,0,0,0,0,0,0,0,0,0,0,0,0,0,0,0,0.00401305649915361,0,0,0,0.00745954691432802,0,0,0,0,0,0,0,0,0,0,0,0,0,0,0,0,0,0,0,0,0,0,0,0,0,0,0,0,0,0,0,0,0,0,0,0,0,0,0,-0.0103527417376144,0,0,0,0,0,0
NA,NA,NA,NA,NA,NA,NA,NA,NA,NA,NA,NA,NA,NA,NA,NA,NA,NA,NA,NA,NA,NA,NA,NA,NA,NA,NA,NA,NA,NA,NA,NA,NA,NA,NA,NA,NA,NA,NA,NA,NA,NA,NA,NA,NA,NA,NA,NA,NA,NA,NA,NA,NA,NA,NA,NA,NA,NA,NA,NA,NA,NA,NA,NA,NA,NA,NA,NA,NA,NA,NA,NA,NA,NA,NA,NA,NA,NA,NA,NA,NA,NA,NA,NA,NA,NA,NA,NA,NA,NA,NA,NA,NA,NA,NA,NA,NA,NA,NA,NA,NA,NA,NA,NA,NA,NA,NA,NA,NA,NA,NA,NA,NA,NA,NA,NA,NA,NA,NA,NA,NA,NA,NA,NA,NA,NA,NA,NA,NA,NA,NA,NA,NA,NA,NA,NA,NA,NA,NA,NA,NA,NA,NA,NA,NA,NA,NA,NA,NA,NA,NA,NA,NA,NA,NA,NA,NA,NA,NA,NA,NA,NA,NA,NA,NA,NA,NA,NA,NA,NA,NA,NA,NA,NA,NA,NA,NA,NA,NA,NA,NA,NA,NA,NA,NA,NA,NA
0.00128040648887791,0.811342979802243,0,0,0,0,0,0,0,0,0,0,0,0,0,0,-0.00102022406816996,0,0,0,0,0,0,0,0,0,0,-0.0176933646642056,0,0.000674416116243776,0,0,0,0,0.0476790256575761,0,0,0,0,0,0,0,0,0,0,0.00359793050514632,0,0,0,0,0.00815846955480574,-0.00943316715843797,0,0,0,0,-0.000924832920916595,0,0,0,0,0,0,0,0,-0.00845129098304844,-0.00329173789593227,0,0,0,0,0,0,0,0,0,0,0,0,0,0,0,0,0,-0.00278962995856461,0,0,0,0,0,0,0,0,0,-0.00127568277302977,0,0,0,0,0,0,0,0,0,0,0,-0.00461136056948185,0,0,0,0,0,0,0,0,0,0,0,0,0,0,0,0,0,0,0,0,0,0,0,0,0,0,0,0,0,0,0,0,0,0.00330243595872342,0,0,0,0,0,0,0,0,0,0,0,0,0,0,0,0,0,0,0,0,0,0,0,0,0,0,0,0,0,0,0,0,0,0,0,0,0,0,0,0,0,0,0,0,0,0
NA,NA,NA,NA,NA,NA,NA,NA,NA,NA,NA,NA,NA,NA,NA,NA,NA,NA,NA,NA,NA,NA,NA,NA,NA,NA,NA,NA,NA,NA,NA,NA,NA,NA,NA,NA,NA,NA,NA,NA,NA,NA,NA,NA,NA,NA,NA,NA,NA,NA,NA,NA,NA,NA,NA,NA,NA,NA,NA,NA,NA,NA,NA,NA,NA,NA,NA,NA,NA,NA,NA,NA,NA,NA,NA,NA,NA,NA,NA,NA,NA,NA,NA,NA,NA,NA,NA,NA,NA,NA,NA,NA,NA,NA,NA,NA,NA,NA,NA,NA,NA,NA,NA,NA,NA,NA,NA,NA,NA,NA,NA,NA,NA,NA,NA,NA,NA,NA,NA,NA,NA,NA,NA,NA,NA,NA,NA,NA,NA,NA,NA,NA,NA,NA,NA,NA,NA,NA,NA,NA,NA,NA,NA,NA,NA,NA,NA,NA,NA,NA,NA,NA,NA,NA,NA,NA,NA,NA,NA,NA,NA,NA,NA,NA,NA,NA,NA,NA,NA,NA,NA,NA,NA,NA,NA,NA,NA,NA,NA,NA,NA,NA,NA,NA,NA,NA,NA
0.00120997561803285,0.790344376613459,0,0,0,0,0,0,0.0175314272969881,0,0,0,0,0,0,0,0,0.000180322300261735,0,0,0,0,0,0,0,0,0,0,0,0.0226101641697024,0,0,0,0,0,0,0,0,0,0,0,0,0,0,0,0,0,0,0,0,0.0132020519632971,-0.0105619475236868,0,0,0,0,-0.00329577403472408,0,0,0,0,0,0,0,0,-0.00364445030631025,0,0,0,0,0,0,0,0,0,0,0,0,-0.0085054514012619,0,0,0,0,0,-0.00150474641576025,0,0,0,0,0,0,0,0,0,0,0,0,0,0,0,0,0,-0.011234326626417,0,0,0,-0.0207165289871763,-0.0112794072575006,0,0,0,0,0,0,0,0,0,0,0,0,0,0,0,0,0,0,0,0,0,0,0,0,0,0,0,0,0.00907458307780763,0,0,0,0.0135588359742961,0,0,0,0,0,0,0,0,0,0,0,0,0,0,0,0,0,0,0,0,0,0,0,0,0,0,0,0,0,0,0,0,0,0,0,0,0,0,0,0,0,0,0,0,0,0
0.00120971669724908,0.806962441493795,0,0,0,0,0,0,0,0,0,0,0,0,0,0,0,0,0,0,0,0,0,0,0,0,0,-0.0154930543654081,0,0,0,0,0,0,0.0121733869916338,0,0,0,0,0,0.0101452345605913,0,0,0,0,0,0,0,0,0,0,-0.01616035053338,0,0,0,0,-0.0137235739663602,0,0,0,0,0,0,0,0,-0.0023496581039752,0,0,0,0,0,0,0,0,0,0,0,0,-0.00412755969863807,0,0,0,0,0,-0.0182926255223197,0,0,0,0,-0.00538378513563243,-0.00936752543230127,0,0,0,0,0,0,0,0,0,0,0,0,0,0,0,-0.00708124813821876,-0.00386732508757893,0,0,0,0,0,0,0,0,0,0,0,0,0,0,0,0,0,0,0,0,0,0,0,0,0,0,0,0,0.0163325719234173,0,0,0,0,0,0,0,0,0,0,0,0,0,0,0,0,0,0.0000230627372652381,0,0,0,0,0,0,0,0,0,0,0,0,0,0,0,0,0,0,0,0,0,0,0,0,0,-0.0274034856881863,0,0,0,0,0,0
0.00130656057617817,0.683131146889013,0,0,0,0,0,0,0.164204583374139,0,0,0,0,0,0,0,0,0,0,0,0,0,0,0,0,0,0,-0.00386143045928099,0,0.0258887808404871,0,0,0,0,0,0,0,0,0,0,0,0,0,0.0178696040436296,0,0,0,0,0,0,0,0,0,0,0,0,-0.00501413901426398,0,0,0,0,0,0,0,0,-0.00301638157913199,0,0,0,0,0,0,0,0,0,0,0,0,-0.0176938340479967,0,0,0,0,0,0,0,0,0,0,0,0,0,0,0,0,0,0,0,0,0,0,0,-0.0273555643790496,0,0,0,-0.0201063728587971,-0.00129488286772557,0,0,0,0,0,0,0,0,0,0,0,0,0,0,0,0,0,0,0,0,0,0,0,0,0,0,0,0,0.0206504367329251,0,0,0,0.0387937003109584,0,0,0,0,0,0,0,0,0,0,0,0,0,0,0,0,0,0,0,0,0,0,0,0,0,0,0,0,0,0,0,0,0,0,0,0,0,0,0,0,0,0,0,0,0,0
0.000532773839705826,0.629876166555869,0,0,0,0,0,0,0.0605667275780511,0,0,0,0,0,-0.00302404933426098,0,-0.00214261286423361,0,0,0,0,0,0,0,0,0,0,0,0,0,0,0,0,0,0,0,0,0,0,0,0,0,0,0,0,0.0300051766010195,0,0,0,0,0,0,0,0,0,0,-0.0175793917470515,0,0,0,0,0,0,0,0,0,0,0,0,0,0,0,0,0,0,0,0,0,0,0,0,0,0,0,0,0,0,0,0,0,0,0,0,0,0,0,0,0,0,0,0,0,0,0,0,0,0,0,0,0,0,0,0,0,0,0,0,0,0,0,0,0,0,0,0,0,0,0,0,0,0,0,0,0,0,0,0,0,0,0,0,0,0,0,0,0,0,0,0,0,0,0,0,0,0,0,0,0,0,0,0,0,0,0,0,-0.00767472492498988,0,0,0,0,0,0,0,0,0,0,0,0,0,0,0,0,0,0,0,0,0
0.000627343460042617,0.671860619472094,0,0,0,0,0,0,0.048905665144522,0,0,0,0,0,0,0,0,0,0,0,0,0,0,0,0,0,0,-0.00502850281803651,0,0,0,0,0,0,0,0,0,0,0,0,0,0,0,0,0,0.0346418374419154,0,0,0,0,0,0,0,0,0,0,-0.000647761747771,0,0,0,0,0,0,0,0,0,0,0,0,0,0,0,0,0,0,0,0,0,0,0,0,0,0,0,0,0,0,0,0,0,0,0,0,0,0,0,0,0,0,0,0,0,0,0,0,0,0,0,0,0,0,0,0,0,0,0,0,0,0,0,0,0,0,0,0,0,0,0,0,0,0,0,0,0,0,0,0,0,0,0,0.00705352837006882,0,0,0,0,0,0,0,0,0,0,0,0,0,0,0,0,0,0,0,0,0,0,0,0,0,0,0,0,0,0,0,0,0,0,0,0,0,0,0,0,0,0,0,0,0,0
0.00107460489480153,0.713276790270243,0,0,0,0,0,0,0.0426323998431998,0,0,0,0,0,0,0,0,0,0,0,0,0,0,0,0,0,0,0,0,0.029918784988664,0,0,0,0,0.022603224979727,0,0,0,0,0,0,0,0,0,0,0,0,0,0,0,0.0110862798351565,-0.00976409838718237,0,0,0,0,-0.00529158185134073,0,0,0,-0.000778679830167562,0,0,0,0,-0.00527543567537206,0,0,0,0,0,0,0,0,0,0,0,0,0,0,0,0,0,0,0,0,0,0,0,0,0,-0.00283000841173321,0,0,-0.000218191263927741,0,0,0,0,0,0,0,0,0,0,0,-0.0153568595005606,0,0,0,0,0,0,0,0,0,0,0,0,0,0,0,0,0,0,0,0,0,0,0,0,0,0,0,0,0,0.00588734583537339,0,0,0,0.00379860985306376,0,0,0,0,0,0,0,0,0,0,0,0,0,0,0,0,0,0,0,0,0,0,0,0,0,0,0,0,0,0,0,0,0,0,0,0,0,0,0,0,0,0,0,0,0,0
0.00120466311873016,0.778016482387613,0,0,0,0,0,0,0,0,0,0,0,0,0,0,-0.00749862165147099,0,0,0,0,0,0,0,0,0,0,-0.00624945843356403,0,0.0403981359159776,0,0,0,0,0.0102922260763266,0,0,0,0,0,0.00806843799030751,0,0,0,0,0,0,0,0,0,0.0165219452003484,-0.039136091089794,0,0,0,0,-0.00746403811007806,0,0,0,-0.00392833887351906,0,0,0,0,0,0,0,0,0,0,0,0,0,0,0,0,0,-0.00603502569468963,0,0,0.0114442527568831,0,0,0,0,0,0,0,0,0,0,0,0,0,0,0,0,0,0,0,0,-0.00224389448300025,0,0,0,-0.0285007191962058,0,0,0,0,0,0,0,0,0,0,0,0,0,0,0,0,0,0,0,0,0,0,0,0,0,0,0,0,0,0.0114443001208402,0,0,0,0,0,0,0,0,0,0,0,0,0,0,0,0,0,0,0,0,0,0,0,0,0,0,0,0,0,0,0,0,0,0,0,0,0,0,0,0,0,0,0,-0.00138531339234428,0,0,0,0,0,0
0.00118351224478251,0.766004053867167,0,0,0,0,0,0,0.0258225190045581,0,0,0,0,0,0,0,0,0,0,0,0,0,0,0,0,0,0,0,0,0.0524049439127675,0,0,0,0,0,0,0,0,0,0,0,0,0,0.0185304841812198,0,0,0,0,0,0,0.000187874993527758,-0.0452332078003866,0,0,0,0,-0.0102369443999116,0,0,0,0,0,0,0,0,0,0,0,0,0,0,0,0,0,0,0,0,0,-0.00547958795921096,0,0,0,0,0,0,0,0,0,0,0,0,0,0,0,0,0,0,0,0,0,0,0,-0.0106132190825126,0,0,0,-0.0235255645865283,0,0,0,0,0,0,0,0,0,0,0,0,0,0,0,0,0,0,0,0,0,0,0,0,0,0,0,0,0,0.00080272028994781,0,0,0,0,0,0,0,0,0,0,0,0,0,0,0,0,0,0,0,0,0,0,0,0,0,0,0,0,0,0,0,0,0,0,0,0,0,0,0,0,0,0,0,0,0,0,0,0,0,0
0.00119596540883913,0.737083304927127,0,0,0,0,0,0,0.0904935158905754,0,0,0,0,0,0,0,-0.000496320967260897,0,0,0,0,0,0,0,0,0,0,-0.00166389215253545,0,0,0,0,0,0,0.0211593428968855,0,0,0,0,0,0,0,0,0,0,0,0,0,0,0,0,-0.0123978449759475,0,0,0,0,-0.0088262936192217,0,0,0,0,0,0,0,0,0,0,0,0,0,0,0,0,0,0,0,0,0,-0.00395244519403021,0,0,0,0,0,0,0,0,0,0,0,-0.000894498110736239,0,0,0,0,0,0,0,0,0,0,0,0,0,0,0,-0.00349832443642866,-0.00110176632989138,0,0,0,0,0,0,0,0,0,0,0,0,0,0,0,0,0,0,0,0,0,0,0,0,0,0,0,0,0,0,0,0,0.0151041377306766,0,0,0,0,0,0,0,0,0,0,0,0,0,0,0,0,0,0,0,0,0,0,0,0,0,0,0,0,0,0,0,0,0,0,0,0,0,0,0,0,0,0,0,0,0,0
NA,NA,NA,NA,NA,NA,NA,NA,NA,NA,NA,NA,NA,NA,NA,NA,NA,NA,NA,NA,NA,NA,NA,NA,NA,NA,NA,NA,NA,NA,NA,NA,NA,NA,NA,NA,NA,NA,NA,NA,NA,NA,NA,NA,NA,NA,NA,NA,NA,NA,NA,NA,NA,NA,NA,NA,NA,NA,NA,NA,NA,NA,NA,NA,NA,NA,NA,NA,NA,NA,NA,NA,NA,NA,NA,NA,NA,NA,NA,NA,NA,NA,NA,NA,NA,NA,NA,NA,NA,NA,NA,NA,NA,NA,NA,NA,NA,NA,NA,NA,NA,NA,NA,NA,NA,NA,NA,NA,NA,NA,NA,NA,NA,NA,NA,NA,NA,NA,NA,NA,NA,NA,NA,NA,NA,NA,NA,NA,NA,NA,NA,NA,NA,NA,NA,NA,NA,NA,NA,NA,NA,NA,NA,NA,NA,NA,NA,NA,NA,NA,NA,NA,NA,NA,NA,NA,NA,NA,NA,NA,NA,NA,NA,NA,NA,NA,NA,NA,NA,NA,NA,NA,NA,NA,NA,NA,NA,NA,NA,NA,NA,NA,NA,NA,NA,NA,NA
NA,NA,NA,NA,NA,NA,NA,NA,NA,NA,NA,NA,NA,NA,NA,NA,NA,NA,NA,NA,NA,NA,NA,NA,NA,NA,NA,NA,NA,NA,NA,NA,NA,NA,NA,NA,NA,NA,NA,NA,NA,NA,NA,NA,NA,NA,NA,NA,NA,NA,NA,NA,NA,NA,NA,NA,NA,NA,NA,NA,NA,NA,NA,NA,NA,NA,NA,NA,NA,NA,NA,NA,NA,NA,NA,NA,NA,NA,NA,NA,NA,NA,NA,NA,NA,NA,NA,NA,NA,NA,NA,NA,NA,NA,NA,NA,NA,NA,NA,NA,NA,NA,NA,NA,NA,NA,NA,NA,NA,NA,NA,NA,NA,NA,NA,NA,NA,NA,NA,NA,NA,NA,NA,NA,NA,NA,NA,NA,NA,NA,NA,NA,NA,NA,NA,NA,NA,NA,NA,NA,NA,NA,NA,NA,NA,NA,NA,NA,NA,NA,NA,NA,NA,NA,NA,NA,NA,NA,NA,NA,NA,NA,NA,NA,NA,NA,NA,NA,NA,NA,NA,NA,NA,NA,NA,NA,NA,NA,NA,NA,NA,NA,NA,NA,NA,NA,NA
NA,NA,NA,NA,NA,NA,NA,NA,NA,NA,NA,NA,NA,NA,NA,NA,NA,NA,NA,NA,NA,NA,NA,NA,NA,NA,NA,NA,NA,NA,NA,NA,NA,NA,NA,NA,NA,NA,NA,NA,NA,NA,NA,NA,NA,NA,NA,NA,NA,NA,NA,NA,NA,NA,NA,NA,NA,NA,NA,NA,NA,NA,NA,NA,NA,NA,NA,NA,NA,NA,NA,NA,NA,NA,NA,NA,NA,NA,NA,NA,NA,NA,NA,NA,NA,NA,NA,NA,NA,NA,NA,NA,NA,NA,NA,NA,NA,NA,NA,NA,NA,NA,NA,NA,NA,NA,NA,NA,NA,NA,NA,NA,NA,NA,NA,NA,NA,NA,NA,NA,NA,NA,NA,NA,NA,NA,NA,NA,NA,NA,NA,NA,NA,NA,NA,NA,NA,NA,NA,NA,NA,NA,NA,NA,NA,NA,NA,NA,NA,NA,NA,NA,NA,NA,NA,NA,NA,NA,NA,NA,NA,NA,NA,NA,NA,NA,NA,NA,NA,NA,NA,NA,NA,NA,NA,NA,NA,NA,NA,NA,NA,NA,NA,NA,NA,NA,NA
NA,NA,NA,NA,NA,NA,NA,NA,NA,NA,NA,NA,NA,NA,NA,NA,NA,NA,NA,NA,NA,NA,NA,NA,NA,NA,NA,NA,NA,NA,NA,NA,NA,NA,NA,NA,NA,NA,NA,NA,NA,NA,NA,NA,NA,NA,NA,NA,NA,NA,NA,NA,NA,NA,NA,NA,NA,NA,NA,NA,NA,NA,NA,NA,NA,NA,NA,NA,NA,NA,NA,NA,NA,NA,NA,NA,NA,NA,NA,NA,NA,NA,NA,NA,NA,NA,NA,NA,NA,NA,NA,NA,NA,NA,NA,NA,NA,NA,NA,NA,NA,NA,NA,NA,NA,NA,NA,NA,NA,NA,NA,NA,NA,NA,NA,NA,NA,NA,NA,NA,NA,NA,NA,NA,NA,NA,NA,NA,NA,NA,NA,NA,NA,NA,NA,NA,NA,NA,NA,NA,NA,NA,NA,NA,NA,NA,NA,NA,NA,NA,NA,NA,NA,NA,NA,NA,NA,NA,NA,NA,NA,NA,NA,NA,NA,NA,NA,NA,NA,NA,NA,NA,NA,NA,NA,NA,NA,NA,NA,NA,NA,NA,NA,NA,NA,NA,NA
0.00105384868370787,0.712173623422879,0,0,0,0,0,0,0.00720232892863916,0,0,0,0,0,0,0,-0.00373858558408881,0,0,0,0,0,0,0,0,0.00791878044133297,0,0,0,0.0477820590460253,0,0,0,0,0,0,0,0,0,0,0,0,0,0,0,0,0,0,0,0,0,-0.0225786899838694,0,0,0,0,0,0,0,0,0,0,0,0,0,-0.0185563706851,0,0,0,0,0,0,0,0,0,0,0,0,0,0,0,0,0,0,0,0,0,0,0,0,0,-0.0325971262816843,0,0,0,0,0,0,0,0,0,0,0,0,0,0,-0.0229619137639997,0,0,0,0,0,0,0,0,0,0,0,0,0,0,0,0,0,0,0,0,0,0,0,0,0,0,0,0,0,0.00140085060046321,0,0,0,0,0,0,0,0,0,0,0,0,0,0,0,0,0,0,0,0,0,0,0,0,0,0,0,0,0,0,0,0,0,0,0,0,0,0,0,0,0,0,0,0,0,0,0,0,0,0
0.000944261354389798,0.661232150605257,-0.0122333348559479,0,0,0,0,0,0.0348675889953062,0,0,0,0,0,0,0,0,0,0,0,0,0,0,0,0,0.00163730346714018,0,0,0,0.0648443138537268,0,0,0,0,0,0,0,0,0,0,0,0,0,0.00486783128013448,0,0,0,0,0,0,0,-0.0593149818184618,0,0,0,0,-0.011308251721604,0,0,0,0,0,0,0,0,0,0,0,0,0,0,0,0,-0.00501999647708795,0,0,0,0,-0.00316294180350406,0,0,0,0,0,0,0,0,0,0,-0.0049854790507673,0,0,0,0,0,0,0,0,0,0,0,0,-0.0211489980303845,0,0,0,-0.043562559432443,0,0,0,0,0,0,0,0,0,0,0,0,0,0,0,0,0,0,0,0,0,0,0,0,0,0,0,0,0,0.00261721820482287,0,0,0,0.00903165156615203,0,0,0,0,0,0,0,0,0,0,0,0,0,0,0,0,0,0,0,0,0,0,0,0,0,0,0,0,0,0,0,0,0,0,0,0,0,0,0,0,0,0,0,0,0,0
0.000964174006644627,0.586414608398708,-0.0635947580559822,0,0,0,0,0,0.0636216004311493,0,0,0,-0.0322717657270596,0,0,0,0,0,0,0,0,0,0,0,0,0,0,0,0,0.0456910216066282,0,0,0,0.107860932382127,0,0,0,0,0,0,0,0,0,0.000185919537867467,0,0,0,0,0,0,0,-0.0548171275460484,0,0,0,0,-0.00107838884842253,0,0,-0.0083472298263949,0,0,0,0,0,0,0,0,0,0,-0.00947968147547784,0,0,0,0,0,0,0,0,0,-0.00416275391965496,0,0,0,0,0,0,0,0,0,0,-0.067412141640685,0,0,0,0,0,0,0,-0.00101722023328312,0,0,0,0,0,0,-0.0167644357802684,0,0,-0.00491631010000196,0,0,0,0,0,0,0,0,0,0,0,0,0,0,0,0,0,0,0,0.020478023921597,0,0,0,0,0,0,0.0132786564678362,0,0,0,0.0208894761985667,0,0,0,0,0,0,0,0,0,0,0,0,0,0,0,0,0,0,0,0,0,0,0,0,0,0,0,0,0,0,0,0,0,0,0,0,0,0,0,0,0,0,0,0,0,0
0.00128039551230268,0.601343042791237,-0.0393823119451117,0,0,0,0,0,0.110077996304506,0,0,0,0,0,0,0,-0.00118992965306405,0,0,0,0,0,0,0,0,0,0,0,0,0.050260195554737,0,0,0,0.127335004287205,0,0,0,0,0,0,0,0,0,0,0,0.0126349906723638,0,0,0,0,0,-0.0606174244893641,0,0,0,0,0,0,0,-0.0149378588485013,0,0,0,0,0,0,0,-0.00585130680466909,0,-0.0102608385792966,0,0,0,0,0,0,0,0,-0.00174030321170725,0,0,0,0,0,0,0,0,0,0,0,0,-0.0572862448421323,0,0,0,0,0,0,0,0,0,0,0,0,0,0,-0.00790425326020414,0,0,0,0,0,0,0,0,0,0,0,0,0,0,0,0,0,0,0,0,0,0,0.0404455753698089,0,0,0,0,0,0,0.00045724774314177,0,0,0,0.013037612982982,-0.00943788061611002,0,0,0,0,0,0,0,0,0,0,0,0,0,0,0,0,0,0,0,0,0,0,0,0,0,0,0,0,0,0,0,0,0,0,0,0,0,0,0,0,0,0,0,0,0
0.000996604593766366,0.597094235576859,0,0,0,0,0,0,0.199031486877067,0,0,0,0,0,0,0,0,0.0235358765838964,0,0,0,0,0,0,0,0,0,0,0,0.0505162997920861,0,0,0,0.0487803698280675,0,0,0,0,0,0,0,0,0,0.0147638143993688,0,0,0,0,0,0,0.00141943391521784,-0.0448117808496281,0,0,0,0,0,0,0,0,0,0,0,0,0,0,0,0,0,-0.00722189242915052,0,0,0,0,0,-0.00662065036810239,0,0,-0.0130280826945692,0,0,0,0,0,0,0,0,0,0,0,0,-0.0304862970057526,0,0,0,0,0,0,0,0,0,0,-0.0245117552219389,0,0,0,-0.0171990023604507,0,0,0,0,0,0,0,0,0,0,0,0,0,0,0,0,0,0,0,0,0,0,0,0,0,0,0,0,0,0,0,0,0,0.0305732801276248,-0.0413922674282356,0,0,0,0,0,0,0,0,0,0,0,0,0,0,0,0,0,0,0,0,0,0,0,0,0,0,0,0,0,0,0,0,0,0,0,0,0,0,0,0,0,0,0.00441507761851287,0,0
0.000969054646771756,0.55777218078059,-0.0220162996697744,0,0,0,0,0,0.0870158201642668,0,0,0,0,0,0,0,0,0,0,0,0,0,0,0,0,0.0086353154488461,0,0,0,0.06513056561583,0,0,0,0.101305891171087,0,0,0,0,0,0,0,0,0,0.0228242759369387,0,0,0,0,0,0,0,-0.0580252787038857,0,0,0,0,-0.0244835710552699,0,0,-0.00335030415159613,0,0,0,0,0,0,0,0,0,-0.0129011871470287,-0.0240437128906356,0,0,0,0,0,0,0,-0.00489812780277494,0,0,0,0,0,0,0,0,0,0,0,0,-0.0843736745283545,0.0110957172244309,0,0,0,0,-0.000313459395701335,0,-0.00893579927349296,0,0,-0.0170973785704653,0,0,0,-0.00689309728330191,0,0,-0.0273593593764043,0,0,0,0,0,0,0,0,0,0,0,0,0,0,0,0,0,0,0,0,0,0,0,0,-0.016012455492515,0,0.0110753851261248,0,0.00624552408674887,0,0,0,0,0,0,0,0,0,0,0,0,0,0.000631919828696348,0,0,0,0,0,0,0,0,0,0,0,0,0,0,0,0,0,0,0,0,0,0,0,0,0,0,0,0,0,0,0,0,0,0
0.00103646811283824,0.536476729276357,0,0,0,0,0,0,0.127024338579851,0,0,0,0,0,0,0,0,0.00400116492524876,0,0,0,0,0,0,0,0.0104603479011576,0,0,0,0.0591915240046317,0,0,0,0.00321754760519758,0,0,0,0,0,0,0,0,0,0.0212068622811645,0,0.022608349560921,0,0,0,0,0,-0.0631963789974965,0,0,0,0,-0.00398494592557859,0,0,-0.0108746466551449,0,0,0,0,0,-0.0129503909508995,0,0,0,0,-0.00628652485830884,0,0,0,0,0,0,0,-0.00781734212605842,0,0,0,0,0,0,0,0,0,0,0,0,-0.0284185914646507,0,0,0,0,0,0,0,0,0,0,-0.0164697401595615,0,0,0,-0.0557337545547042,0,0,0,0,0,0,0,0,0,0,0,0,0,0,0,0,0,0,0,0,0,0,0,0,0,0,0,0,0,0.00388512539019921,0,0,0,0.0185396229754685,0,0,0,0,0,0,0,0,0,0,0,0,0,0,0,0,0,0,0,0,0,0,0,0,0,0,0,0,0,0,0,0,0,0,0,0,0,0,0,0,0,0,0,0,0,0
0.00120453622591206,0.711149974414472,-0.0555539502483822,0,0,0,0,0,0.0771052289457647,0,0,0,0,0,0,0,0,0,0,0,0,0,-0.0076078440892633,0,0,0,0,0,0,0.0976396872341253,0,-0.00840219843016517,0,0.184208622816537,0,-0.00345879283779369,0,0,0,0,0,0,0,0,0,0,0,0,0,0,0,-0.0293051441312776,0,0,0,0,0,-0.0149555927755828,0,-0.00727975521937359,0,0,0,0,0,0,0,0,0,0,0,0,0,0,0,0,0,0,-0.0372811259001954,0,0,0,0,0,0,0,0,0,0,0,0,-0.0652931948513403,0,0,0,0,0,0,0,-0.000840281173035591,0,0,0,0,0,0,0,0,0,-0.0311618122692254,0,0,0,0,0,0,0,0,0,0,0,0,0,0,0,0,0,0,0,0,0.0370303111634889,0,0,0,0,0,0,0,0,0,0.0233760135399962,-0.0297718678518001,0,0,0,0,0,0,0,0,0,0,0,0,0,0,0,0,0,0,0,0,0,0,0,0,0,0,0,0,0,0,0,0,0,0,0,0,0,0,0,0,0,0,0,0,0
0.00087327744001755,0.518892483343488,-0.0312982584530668,0,0,0,0,0,0.0961372536565118,0,0,0,0,0,0,0,0,0.00290567224466668,0,0,0,0,0,0,0,0,0,0,0,0.0770976777836168,0,0,0,0.129665850917714,0,0,0,0,0,0,0,0,0,0.028709303637063,0,0,0,0,0,0,0.00491186206133401,-0.0527055321546754,0,0,0,0,-0.027351355785463,-0.00157156413388722,0,-0.00196905292504654,0,0,0,0,0,0,0,0,0,0,-0.0135304811303285,0,0,0,0,-0.0160337870178349,0,0,-0.0140973884538875,0,0,0.0216633104449725,0,0,0,0,0,0,0,0,0,-0.105125937687272,0,0,-0.00217348366938156,0,0,0,0,-0.0133424889645203,0,0,-0.0175919889107263,0,0,0,-0.0258033153117572,0,0,-0.0178912597948981,0,0,0,0,0,0,0,0,0,0,0,0,0,0,0,0,0,0,0,0,0,0,0,0,-0.00174531153042774,0,0,0,0,0,0.0390099967994845,-0.039440343138795,0,0,0,0,0,0,0,0,0,0,0,0,0,0,0,0,0,0,0,0,0,0,0,0,0,0,0,0,0,-0.00444985277258934,0,0,0,0,0,0,0,0,0,0,0,0,0,0,0
0.000803753212894965,0.501418084383966,-0.0825195652706689,0,0,0.0316464546057532,0,0,0.0822032450345463,0,-0.0763830268943788,0,0,0,0,0,0,0,0,0,0,0,0,0,0,0,0.0384009188195627,0,0,0.122352144862462,0,0,0,0.481024249842391,0,0,0,0.0933833379090897,0,0,0.00582625983472451,0.0305227359328044,0,0.0273505828074451,0,0,0,0,0,0,0.0110888669470431,-0.131284468771028,0,0,0,0,-0.0159978226644676,-0.0514069620005468,0,-0.015552342202026,0,0.0265372525725032,0,0,0,0,0,0,0,0,0,0,0,0,0,-0.00549301007729238,0,0,-0.00851492256807631,0,0,0,0,0,0,-0.019250022689784,0,0,0,0,0,-0.124519434377013,0.042692313987557,0,0,-0.0125979215259179,0,0,0,-0.0218755248848876,-0.000518393051100303,0,-0.0521846979262069,0,0,0,-0.0308008717204978,0,0,-0.0649600548900672,-0.0187033357413734,0,0,0,0,0,0,0,0,0,0,0,0,0.000258132694414898,0,0,0,0,0,0,0.0332777136985264,0,0,0,-0.0508476071103037,0,0,0,0,0,0,0,0,0,0,0,-0.0936631585893344,0,0,-0.044948149931631,0,0,0.0744736034939258,0,0,0,0,0,0,0,0,0,-0.0339312263291718,0,0,0,0,0,0,0,0,0,0,0,0,0,0,0,0,0,0,0,0,0,0,0,0
0.0011857270658384,0.573521486540555,-0.0169015502160276,0,0,0,0,0,0.161335202116423,0,-0.0223440541932946,0,0,0,0,0,0,0,0,0,0,0,0,0,0,0,0,0,0,0.080215241206588,0,0,0,0.302421143915307,0,0,0,0.0329557522930649,0,0,0,0,0,0.00667397304825517,0,0.00959944095065375,0,0,0,0,0,-0.073805856689789,0,0,0,0,-0.0600126548290724,-0.0197506562793741,0,-0.0110194656979124,0,0,0,0,0,0,0,0,0,-0.0397278101601767,-0.0136521814937165,0,0,0,0,0,0,0,-0.0260690641677874,0,0,0,0,0,0,0,0,0,0,0,0,-0.12744268693923,0.00610769399120826,0,0,-0.00617306511620805,0,-0.00214706010378233,0,-0.0302284838625314,0,0,0,0,0,0,0,0,0,-0.0343143148937884,-0.0198542544296327,0,0,0,0,0,0,0,0,0,0,0,0,0,0,0,0,0,0,0,0.000911693695732634,0,0,0,-0.0347413676165279,0,0,0,0,0,0,-0.0213944274362024,0,0,0,0,-0.0529432174966646,0,0,-0.013151776513736,0,0,0.0489298285236301,0,0,0,0,0,0,0,0,0,-0.0107196233980908,0,0,0,0,0,0,0,0,0,0,0,0,-0.00769802582013741,0,0,0,0,0,0,0,0,0,0,0
0.00103909239680616,0.590737663780898,-0.0709916037923517,0,0,0.000359005716052592,0,0,0.0372366562321679,0,-0.0396735312745506,0,0,0,0,0,0,0,0,0,0,0,0,0,0,0,0,0,0,0.0884534535595512,0,0,0,0.287544829782933,0,0,0,0.00356541860513636,0,0,0,0.0107142163319741,0,0.0240594924594119,0,0,0,0,0,0,0,-0.10254030553311,0,0,0,0,-0.0213267946542845,-0.0174897634885342,0,-0.0164754080776055,0,0.00378244122182572,0,0,0,0,0,0,0,0,-0.0377969470619971,0,0,0,0,0,0,0,-0.0370123129320332,0,0,0.0151604491096179,0,0,0,0,0,0,0,0,0,0,0.00465835651995534,0,0,-0.00103377333887341,0,0,0,-0.0614914205108213,0,0,-0.0840291311007205,0,0,0,-0.0381905177320783,0,0,-0.02381632630356,0,0,0,0,0,0,0,0,0,0,0,0,0,0,0,0,0,0,0,0,0.0659504258210124,0,0,0,-0.0407679173091378,0,0,0,0,0,0,-0.00666489433359137,0,0,0,0,-0.0159360566213662,0,0,-0.000592754083939229,0,0,0.0314286505752245,0,0,0,0,0,0,0,0,0,-0.0156698190926398,0,0,0,0,0,0,0,0,-0.000296225250891136,0,0,0,-0.00761388559444117,0,0,0,0,0,0,0,0,0,0,0
NA,NA,NA,NA,NA,NA,NA,NA,NA,NA,NA,NA,NA,NA,NA,NA,NA,NA,NA,NA,NA,NA,NA,NA,NA,NA,NA,NA,NA,NA,NA,NA,NA,NA,NA,NA,NA,NA,NA,NA,NA,NA,NA,NA,NA,NA,NA,NA,NA,NA,NA,NA,NA,NA,NA,NA,NA,NA,NA,NA,NA,NA,NA,NA,NA,NA,NA,NA,NA,NA,NA,NA,NA,NA,NA,NA,NA,NA,NA,NA,NA,NA,NA,NA,NA,NA,NA,NA,NA,NA,NA,NA,NA,NA,NA,NA,NA,NA,NA,NA,NA,NA,NA,NA,NA,NA,NA,NA,NA,NA,NA,NA,NA,NA,NA,NA,NA,NA,NA,NA,NA,NA,NA,NA,NA,NA,NA,NA,NA,NA,NA,NA,NA,NA,NA,NA,NA,NA,NA,NA,NA,NA,NA,NA,NA,NA,NA,NA,NA,NA,NA,NA,NA,NA,NA,NA,NA,NA,NA,NA,NA,NA,NA,NA,NA,NA,NA,NA,NA,NA,NA,NA,NA,NA,NA,NA,NA,NA,NA,NA,NA,NA,NA,NA,NA,NA,NA
0.000997761032513756,0.517866297833278,-0.035742663102395,0,0,0,0,0,0.153856956615381,0,0,0,0,0,0,0,0,0.000893067140771332,0,0,0,0,0,0,0,0,0,0,0,0.0735332949838171,0,0,0,0.181743635195803,0.0181690985842727,0,0,0,0,0,0,0,0,0.00316817152300338,0,0,0,0,0,0,0.00489130264645234,-0.0370006498006123,0,0,0,0,-0.0155408328269528,-0.00531386822307086,0,0,0,0,0,0,0,0,0,0,0,0,-0.00968343253995278,0,0,0,0,0,0,0,-0.02413869691114,0,0,0,0,0,0,0,0,0,0,0,0,-0.057106288378006,0,0,0,0,0,0,0,-0.00584923579848295,0,0,-0.0111277166968341,0,0,0,0,0,0,0,0,0,0,0,0,0,0,0,0,0,0,0,0,0.0039290289597028,0,0,0,0,0,0,0,0,0,0,-0.00320222668233965,0,0,0,0,0,0.0242004387655486,-0.0197427344390076,0,0,0,0,0,-0.00623472103745495,0,0,0,0,0.0102517532160457,0,0,0,0,0,0,0,0,0,0,0,0,0,0,0,0,0,0,0,0,0,0,0,0,0,0,0,0,0,0,0,0,0,0
NA,NA,NA,NA,NA,NA,NA,NA,NA,NA,NA,NA,NA,NA,NA,NA,NA,NA,NA,NA,NA,NA,NA,NA,NA,NA,NA,NA,NA,NA,NA,NA,NA,NA,NA,NA,NA,NA,NA,NA,NA,NA,NA,NA,NA,NA,NA,NA,NA,NA,NA,NA,NA,NA,NA,NA,NA,NA,NA,NA,NA,NA,NA,NA,NA,NA,NA,NA,NA,NA,NA,NA,NA,NA,NA,NA,NA,NA,NA,NA,NA,NA,NA,NA,NA,NA,NA,NA,NA,NA,NA,NA,NA,NA,NA,NA,NA,NA,NA,NA,NA,NA,NA,NA,NA,NA,NA,NA,NA,NA,NA,NA,NA,NA,NA,NA,NA,NA,NA,NA,NA,NA,NA,NA,NA,NA,NA,NA,NA,NA,NA,NA,NA,NA,NA,NA,NA,NA,NA,NA,NA,NA,NA,NA,NA,NA,NA,NA,NA,NA,NA,NA,NA,NA,NA,NA,NA,NA,NA,NA,NA,NA,NA,NA,NA,NA,NA,NA,NA,NA,NA,NA,NA,NA,NA,NA,NA,NA,NA,NA,NA,NA,NA,NA,NA,NA,NA
0.000496305196852999,0.498150359558685,0,0,0,0,0,0,0.280993145461555,0,0,0,0,0,0,0,0,0,0,0,0,0,0,0,0,0,0,0,0,0.0173275430008487,0,0,0,0.0346283521983595,0,0,0,0,0,0,0,0,0,0,0,0,0,0,0,0,0,-0.0287560706720626,0,0,0,0,-0.0221288894682679,0,0,0,0,0,0,0,0,0,0,-0.00257216289055352,0,-0.00288798033668314,0,0,0,0,0,0,0,0,0,0,0,0,0.0148889411106538,0,0,0,0,0,0,0,-0.0312237060487891,0,0,0,0,0,0,0,0,0,0,0,0,0,0,0,0,0,0,0,0,0,0,0,0,0,0,0,0,0,0,0,0,0,0,0,0,0,0,0,0,0,0,0,0,0,0.00383344436291404,0,0,0,0.0176062365625944,-0.0243146730370215,0,0,0,0,0,-0.00343736038850573,0,0,0,0,0,0,0.00883010628046783,0,0,0,-0.0466670066735601,0,0.0153834255003622,0,0,0,0,0,0,0,0,0,0,0,0,0,0,0,0,0,0,0,0,0,0,0,0,0,0
0.00101946442898666,0.614247132937398,0,0,0,0,0,0,0.175125392999814,0,0,0,0,0,0,0,0,0,0,0,0,0,0,0,0,0,0,0,0,0.0389041935694035,0,0,0,0.0572181816115534,0,0,0,0,0,0,0,0,0,0,0,0,0,0,0,0,0,-0.0402881033655322,0,0,0,0,-0.0186336992122466,0,0,0,0,0,0,0,0,0,0,0,0,0,0,0,0,0,0,0,0,0,-0.002623247204861,0,0,0,0,0,0,0,0,0,0,0,0,0,0,0,0,0,0,0,0,0,0,0,0,0,0,0,0,0,0,0,0,0,0,0,0,0,0,0,0,0,0,0,0,0,0,0,0,0,0,0,0,0,0,0,0,0,0,0,0,0,0.017455055847652,-0.00326294884792275,0,0,0,0,0,0,0,0,0,0,0,0,0,0,0,0,0,0,0,0,0,0,0,0,0,0,0,0,0,0,0,0,0,0,0,0,0,0,0,0,0,0,0,0,0
0.00104722792700013,0.634533941239645,0,0,0,0,0,0,0.137302850093794,0,0,0,0,0,0,0,0,0,0,0,0,0,0,0,0,0,0,0,0,0.033016836978503,0,0,0,0.0431927803064804,0,-0.00505095467979596,0,0,0,0,0,0,0,0.003531329777079,0,0,0,0,0,0,0,-0.0303051227434235,0,0,0,0,-0.00919081779009295,0,0,0,0,0,0,0,0,0,0,0,0,0,0,0,0,0,0,0,0,0,0,0,0,0,0,0,0,0,0,0,0,0,-0.0132188807970902,0,0,0,0,0,0,0,0,0,0,0,0,0,0,0,-0.008713247227691,0,0,0,0,0,0,0,0,0,0,0,0,0,0,0,0,0,0,0,0,0,0,0,0,0,0,0,0,0,0,0,0,0,0.0164976631019414,0,0,0,0,0,0,0,0,0,0,0,0,0,0,0,0,0,-0.0122286688119632,0,0,0,0,0,0,0,0,0,0,0,0,0,0,0,0,0,0,0,0,0,0,0,0,0,0,0,0
0.000563054472570506,0.595227195628754,0,0,0,0,0,0,0.14993638907547,0,0,0,0,0,0,0,0,0.000468375361005002,0,0,0,0,0,0,0,0,0,0,0,0.0221894559283444,0,0,0,0,0,0,0,0,0,0,0,0,0,0,0,0,0,0,0,0,0,-0.0241042315405147,0,0,0,0,-0.014971965204412,0,0,0,0,0,0,0,0,0,0,0,0,0,0,0,0,0,0,0,0,0,-0.0037658558418911,0,0,0,0,0,0,0,0,0,0,0,-0.00549271357634036,0,0,0,0,0,0,0,0,0,0,0,0,0,0,0,0,0,0,0,0,0,0,0,0,0,0,0,0,0,0,0,0,0,0,0,0,0,0,0,0,0,0,0,0,0,0,0,0,0,0,0,0,0,0,0,0,0,0,0,0,0,0,0,0,0,0,0,0,0,0,0,0,0,0,0,0,0,0,0,0,0,0,0,0,0,0,0,0,0,0,0,0,0,0,0,0
0.000969430940779604,0.588062548574195,0,0,0,0,0,0,0.155968165216426,0,0,0,0,0,0,0,0,0.0194765770204403,0,0,0,0,0,0,0,0,0,-0.00261085181302127,0,0.0548480073152739,0,0,0,0,0,0,0,0,0,0,0,0,0,0.0538198570036091,0,0,0,0,0,0,0,-0.0404499918375224,0,0,0,0,-0.0234354582682733,0,0,0,0,0,0,0,0,0,0,0,0,0,0,0,0,0,0,0,0,0,-0.0170141980492008,-0.00758855383033644,0,0,0,0,0,0,0,0,0,0,0,0,0,0,0,0,0,0,0,0,0,0,-0.0131088931371966,0,0,0,-0.0218639665942611,0,0,0,0,0,0,0,0,0,0,0,0,0,0,0,0,0,0,0,0,0,0,0,0,0,0,0,0,0,0.0041908050351958,0,0,0,0.015809506297153,-0.0101232346611009,0,0,0,0,0,0,0,0,0,0,0,0,0,0,0,0,0,0,0,0,0,0,0,0,0,0,0,0,0,0,0,0,0,0,-0.00394131282329465,0,0,0,0,0,0,0,0,0,0
0.000712664638528106,0.627747006535795,0,0,0,0,0,0,0.20861396046369,0,0,0,0,0,0,0,0,0,0,0,0,0,0,0,0,0,0,0,0,0.032194369325239,0,0,0,0.0301493612913873,0,0,0,0,0,0,0,0,0,0,0,0,0,0,0,0,0,-0.0245363705363606,0,0,0,0,-0.0118060076442303,0,0,0,0,0,0,0,0,0,0,0,0,0,0,0,0,0,0,0,0,0,0,0,0,0,0,0,0,0,0,0,0,0,0,0,0,0,0,0,0,0,0,0,0,0,0,0,0,0,0,0,0,0,0,0,0,0,0,0,0,0,0,0,0,0,0,0,0,0,0,0,0,0,0,0,0,0,0,0,0.00378908962032445,0,0,0,0,-0.0136974766693141,0,0,0,0,0,0,0,0,0,0,0,0,0,0,0,0,-0.0138979838334412,0,0,0,0,0,0,0,0,0,0,0,0,0,0,0,0,0,0,0,0,0,0,0,0,0,0,0,0
NA,NA,NA,NA,NA,NA,NA,NA,NA,NA,NA,NA,NA,NA,NA,NA,NA,NA,NA,NA,NA,NA,NA,NA,NA,NA,NA,NA,NA,NA,NA,NA,NA,NA,NA,NA,NA,NA,NA,NA,NA,NA,NA,NA,NA,NA,NA,NA,NA,NA,NA,NA,NA,NA,NA,NA,NA,NA,NA,NA,NA,NA,NA,NA,NA,NA,NA,NA,NA,NA,NA,NA,NA,NA,NA,NA,NA,NA,NA,NA,NA,NA,NA,NA,NA,NA,NA,NA,NA,NA,NA,NA,NA,NA,NA,NA,NA,NA,NA,NA,NA,NA,NA,NA,NA,NA,NA,NA,NA,NA,NA,NA,NA,NA,NA,NA,NA,NA,NA,NA,NA,NA,NA,NA,NA,NA,NA,NA,NA,NA,NA,NA,NA,NA,NA,NA,NA,NA,NA,NA,NA,NA,NA,NA,NA,NA,NA,NA,NA,NA,NA,NA,NA,NA,NA,NA,NA,NA,NA,NA,NA,NA,NA,NA,NA,NA,NA,NA,NA,NA,NA,NA,NA,NA,NA,NA,NA,NA,NA,NA,NA,NA,NA,NA,NA,NA,NA
0.000602213914125928,0.609212066154261,0,0,0,0,0,0,0.187016749899868,0,0,0,0,0,0,0,0,0.00370948708375043,0,0,0,0,0,0,0,0,0,0,0,0.0218164159822399,0,0,0,0.0127166104225449,0,-0.000239349235616608,0,0,0,0,0,0,0,0,0,0,0,0,0,0,0,-0.0293622892920425,0,0,0,0,-0.0136322850213676,0,0,0,0,0,0,0,0,0,0,0,0,0,0,0,0,0,0,0,0,0,0,0,0,0,0,0,0,0,0,0,0,0,0,0,0,0,0,0,0,0,0,0,0,0,0,0,0,0,-0.00832774396143563,0,0,0,0,0,0,0,0,0,0,0,0,0,0,0,0,0,0,0,0,0,0,0,0,0,0,0,0,0,0,0,0,0,0,-0.0101144495044187,0,0,0,0,0,0,0,0,0,0,0,0,0,0,0,0,-0.0126740434678444,0,0,0,0,0,0,0,0,0,0,0,0,0,0,0,0,0,0,0,0,0,0,0,0,0,0,0,0
NA,NA,NA,NA,NA,NA,NA,NA,NA,NA,NA,NA,NA,NA,NA,NA,NA,NA,NA,NA,NA,NA,NA,NA,NA,NA,NA,NA,NA,NA,NA,NA,NA,NA,NA,NA,NA,NA,NA,NA,NA,NA,NA,NA,NA,NA,NA,NA,NA,NA,NA,NA,NA,NA,NA,NA,NA,NA,NA,NA,NA,NA,NA,NA,NA,NA,NA,NA,NA,NA,NA,NA,NA,NA,NA,NA,NA,NA,NA,NA,NA,NA,NA,NA,NA,NA,NA,NA,NA,NA,NA,NA,NA,NA,NA,NA,NA,NA,NA,NA,NA,NA,NA,NA,NA,NA,NA,NA,NA,NA,NA,NA,NA,NA,NA,NA,NA,NA,NA,NA,NA,NA,NA,NA,NA,NA,NA,NA,NA,NA,NA,NA,NA,NA,NA,NA,NA,NA,NA,NA,NA,NA,NA,NA,NA,NA,NA,NA,NA,NA,NA,NA,NA,NA,NA,NA,NA,NA,NA,NA,NA,NA,NA,NA,NA,NA,NA,NA,NA,NA,NA,NA,NA,NA,NA,NA,NA,NA,NA,NA,NA,NA,NA,NA,NA,NA,NA
0.00098283444827105,0.637548603905324,-0.0356660216220948,0,0,0,0,0,0.16338468826362,0,0,0,0,0,0,0,0,0,0,0,0,0,0,0,0,0,0,0,0,0.0416074330156874,0,0,0,0.0850773589297871,0,0,0,0,0,0,0,0,0,0,0,0,0,0,0,0,0,-0.0545335235757856,0,0,0,0,-0.00841165534376467,0,0,0,0,0,0,0,0,0,0,0,0,-0.0265918035264069,0,0,0,0,0,0,0,0,-0.00550550692217022,0,0,0,0,0,0,0,0,0,0,0,0,-0.0284599794853793,0,0,0,0,0,0,0,0,0,0,0,0,0,0,0,0,0,0,0,0,0,0,0,0,0,0,0,0,0,0,0,0,0,0,0,0,0,0,0.0107182817643279,0,0,0,0,0,0,0,0,0,0.00609199826903773,-0.0474610223853601,0,0,0,0,0,0,0,0,0,0,0,0,0,0,0,0,-0.000304461976236797,0,0,0,0,0,0,0,0,0,0,0,0,0,0,0,0,0,0,0,0,0,0,0,0,0,0,0,0
0.00108447593300551,0.698145648298902,-0.0230917397998441,0,0,0,0,0,0.156941604837153,0,0,0,0,0,0,0,0,0,0,0,0,0,0,0,0,0,0,0,0,0.0527058794770977,0,0,0,0.120759225268852,0,-0.00366270463849314,0,0,0,0,0,0,0,0,0,0,0,0,0,0,0,-0.046871289927527,0,0,0,0,0,0,0,0,0,0,0,0,0,0,0,0,0,-0.00456507893151641,0,0,0,0,0,0,0,0,0,0,0,0,0,0,0,0,0,0,0,0,0,-0.0291799107985793,0,0,0,0,0,0,0,0,0,0,0,0,0,0,0,0,0,0,0,0,0,0,0,0,0,0,0,0,0,0,0,0,0,0,0,0,0,0,0,0,0,0,0,0,0,0,0,0,0.00960211967535494,-0.0285764486647946,0,0,0,0,0,0,0,0,0,0,0,0,0,0,0,0,0,0,0,0,0,0,0,0,0,0,0,0,0,0,0,0,0,0,0,0,0,0,0,0,0,0,0,0,0
0.000821834496247844,0.641915094361029,-0.0093030017814665,0,0,0,0,0,0.186487705994394,0,0,0,0,0,0,0,0,0,0,0,0,0,0,0,0,0,0,0,0,0.0427611867912586,0,0,0,0.117782222006052,0,0,0,0,0,0,0,0,0,0,0,0,0,0,0,0,0,-0.0392375975996135,0,0,0,0,0,0,0,0,0,0,0,0,0,0,0,0,0,-0.0150747126616679,0,0,0,0,0,0,0,0,0,0,0,0,0,0,0,0,0,0,0,0,0,0,0,0,0,0,0,0,0,0,0,0,0,0,0,0,0,0,0,0,0,0,0,0,0,0,0,0,0,0,0,0,0,0,0,0,0,0,0,0,0,0,0,0,0,0,0,0,0,0,0,-0.0239783026335548,0,0,-0.00347492339309909,0,-0.00169576129045403,0,0,0,0,0,0,0,0,0,0,0,-0.0280056002434469,0,0,0,0,0,0,0,0,0,0,0,0,0,0,0,0,0,0,0,0,0,0,0,0,0,0,0,0
0.000870221985906091,0.653813287559096,-0.0150597618807813,0,0,0,0,0,0.192288895372146,0,0,0,0,0,0,0,0,0,0,0,0,0,0,0,0,0,0,0,0,0.0220119888119483,0,0,0,0.0850685223086669,0,-0.00334115534507514,0,0,0,0,0,0,0,0,0,0,0,0,0,0,0,-0.0392548719557391,0,0,0,0,0,0,0,0,0,0,0,0,0,0,0,0,0,-0.0134375326597768,0,0,0,0,0,0,0,0,0,0,0,0,0,0,0,0,0,0,0,0,0,0,0,0,0,0,0,0,0,0,0,0,0,0,0,0,0,0,0,0,0,0,0,0,0,0,0,0,0,0,0,0,0,0,0,0,0,0,0,0,0,0,0,0,0,0,0,0,0,0,0,-0.0316559962401655,0,0,-0.00283624930569029,0,-0.000788745134274642,-0.00426079270616105,0,0,0,0,0,0,0,0,0,0,-0.0260670693950216,0,0,0,0,0,0,0,0,0,0,0,0,0,0,0,0,0,0,0,0,0,0,0,0,0,0,0,0
0.00108769797265237,0.676229117125865,0,0,0,0,0,0,0.180152062430989,0,0,0,0,0,0,0,0,0,0,0,0,0,0,0,0,0,0,0,0,0.0259459505680208,0,0,0,0.0378218752756063,0,-0.000264140030450462,0,0,0,0,0,0,0,0,0,0,0,0,0,0,0,-0.0360957935179947,0,0,0,0,0,0,0,0,0,0,0,0,0,0,0,0,0,-0.00851020812814584,0,0,0,0,0,0,0,0,0,0,0,0,0,0,0,0,0,0,0,0,0,0,0,0,0,0,0,0,0,0,0,0,0,0,0,0,0,0,0,0,0,0,0,0,0,0,0,0,0,0,0,0,0,0,0,0,0,0,0,0,0,0,0,0,0,0,0,0,0,0,0,-0.0353256083596157,0,0,0,0,0,0,0,0,0,0,0,0,0,0,0,0,-0.0168088522686052,0,0,0,0,0,0,0,0,0,0,0,0,0,0,0,0,0,0,0,0,0,0,0,0,0,0,0,0
0.00135726464898665,0.718218857944533,-0.0289179990479957,0,0,0,0,0,0.10922809490034,0,0,0,0,0,0,0,0,0,0,0,0,0,0,0,0,0,0.0175776979716535,0,0,0.0792529935674766,0,0,0,0.0703258779609594,0,-0.00354140558880844,0,0,0,0,0,0,0,0,0,0,0,0,0,0,0.00790588193694062,-0.0375178306071233,0,0,0,0,0,0,0,0,0,0,0,0,0,0,0,0,0,0,0,0,0,0,0,0,0,0,-0.0299327728317486,0,0,0,0,0,0,0,0,0,0,0,0,-0.0860844661904951,0,0,0,0,0,0,0,0,0,0,0,0,0,0,0,0,0,-0.00730659741625041,0,0,0,0,0,0,0,0,0,0,0,0,0,0,0,0,0,0,0,0.0128243703165582,0.0376165839578685,0,0,0,0,0,0,0,0,0,0.00459828330979071,-0.0363496253764579,0,0,0,0,0,0,0,0,0,0,0,0,0,0,0,0,0,0,0,0,0,0,0,0,0,0,0,0,0,0,0,0,0,0,0,0,0,0,0,0,0,0,0,0,0
NA,NA,NA,NA,NA,NA,NA,NA,NA,NA,NA,NA,NA,NA,NA,NA,NA,NA,NA,NA,NA,NA,NA,NA,NA,NA,NA,NA,NA,NA,NA,NA,NA,NA,NA,NA,NA,NA,NA,NA,NA,NA,NA,NA,NA,NA,NA,NA,NA,NA,NA,NA,NA,NA,NA,NA,NA,NA,NA,NA,NA,NA,NA,NA,NA,NA,NA,NA,NA,NA,NA,NA,NA,NA,NA,NA,NA,NA,NA,NA,NA,NA,NA,NA,NA,NA,NA,NA,NA,NA,NA,NA,NA,NA,NA,NA,NA,NA,NA,NA,NA,NA,NA,NA,NA,NA,NA,NA,NA,NA,NA,NA,NA,NA,NA,NA,NA,NA,NA,NA,NA,NA,NA,NA,NA,NA,NA,NA,NA,NA,NA,NA,NA,NA,NA,NA,NA,NA,NA,NA,NA,NA,NA,NA,NA,NA,NA,NA,NA,NA,NA,NA,NA,NA,NA,NA,NA,NA,NA,NA,NA,NA,NA,NA,NA,NA,NA,NA,NA,NA,NA,NA,NA,NA,NA,NA,NA,NA,NA,NA,NA,NA,NA,NA,NA,NA,NA
NA,NA,NA,NA,NA,NA,NA,NA,NA,NA,NA,NA,NA,NA,NA,NA,NA,NA,NA,NA,NA,NA,NA,NA,NA,NA,NA,NA,NA,NA,NA,NA,NA,NA,NA,NA,NA,NA,NA,NA,NA,NA,NA,NA,NA,NA,NA,NA,NA,NA,NA,NA,NA,NA,NA,NA,NA,NA,NA,NA,NA,NA,NA,NA,NA,NA,NA,NA,NA,NA,NA,NA,NA,NA,NA,NA,NA,NA,NA,NA,NA,NA,NA,NA,NA,NA,NA,NA,NA,NA,NA,NA,NA,NA,NA,NA,NA,NA,NA,NA,NA,NA,NA,NA,NA,NA,NA,NA,NA,NA,NA,NA,NA,NA,NA,NA,NA,NA,NA,NA,NA,NA,NA,NA,NA,NA,NA,NA,NA,NA,NA,NA,NA,NA,NA,NA,NA,NA,NA,NA,NA,NA,NA,NA,NA,NA,NA,NA,NA,NA,NA,NA,NA,NA,NA,NA,NA,NA,NA,NA,NA,NA,NA,NA,NA,NA,NA,NA,NA,NA,NA,NA,NA,NA,NA,NA,NA,NA,NA,NA,NA,NA,NA,NA,NA,NA,NA
NA,NA,NA,NA,NA,NA,NA,NA,NA,NA,NA,NA,NA,NA,NA,NA,NA,NA,NA,NA,NA,NA,NA,NA,NA,NA,NA,NA,NA,NA,NA,NA,NA,NA,NA,NA,NA,NA,NA,NA,NA,NA,NA,NA,NA,NA,NA,NA,NA,NA,NA,NA,NA,NA,NA,NA,NA,NA,NA,NA,NA,NA,NA,NA,NA,NA,NA,NA,NA,NA,NA,NA,NA,NA,NA,NA,NA,NA,NA,NA,NA,NA,NA,NA,NA,NA,NA,NA,NA,NA,NA,NA,NA,NA,NA,NA,NA,NA,NA,NA,NA,NA,NA,NA,NA,NA,NA,NA,NA,NA,NA,NA,NA,NA,NA,NA,NA,NA,NA,NA,NA,NA,NA,NA,NA,NA,NA,NA,NA,NA,NA,NA,NA,NA,NA,NA,NA,NA,NA,NA,NA,NA,NA,NA,NA,NA,NA,NA,NA,NA,NA,NA,NA,NA,NA,NA,NA,NA,NA,NA,NA,NA,NA,NA,NA,NA,NA,NA,NA,NA,NA,NA,NA,NA,NA,NA,NA,NA,NA,NA,NA,NA,NA,NA,NA,NA,NA
NA,NA,NA,NA,NA,NA,NA,NA,NA,NA,NA,NA,NA,NA,NA,NA,NA,NA,NA,NA,NA,NA,NA,NA,NA,NA,NA,NA,NA,NA,NA,NA,NA,NA,NA,NA,NA,NA,NA,NA,NA,NA,NA,NA,NA,NA,NA,NA,NA,NA,NA,NA,NA,NA,NA,NA,NA,NA,NA,NA,NA,NA,NA,NA,NA,NA,NA,NA,NA,NA,NA,NA,NA,NA,NA,NA,NA,NA,NA,NA,NA,NA,NA,NA,NA,NA,NA,NA,NA,NA,NA,NA,NA,NA,NA,NA,NA,NA,NA,NA,NA,NA,NA,NA,NA,NA,NA,NA,NA,NA,NA,NA,NA,NA,NA,NA,NA,NA,NA,NA,NA,NA,NA,NA,NA,NA,NA,NA,NA,NA,NA,NA,NA,NA,NA,NA,NA,NA,NA,NA,NA,NA,NA,NA,NA,NA,NA,NA,NA,NA,NA,NA,NA,NA,NA,NA,NA,NA,NA,NA,NA,NA,NA,NA,NA,NA,NA,NA,NA,NA,NA,NA,NA,NA,NA,NA,NA,NA,NA,NA,NA,NA,NA,NA,NA,NA,NA
0.00135605696374925,0.627174127499007,0,0,0,0,0,0,0.126958117582158,0,0,0,0,0,0,0,0,0,0,0,0,0,0,0,0,0,0,0,0,0.0443187186131458,0,0,0,0.0290547120578272,0,0,-0.00059990242492459,0,0,0,0,0,0,0.057719667569787,0,0,0,0,0,0,0,-0.0570820185271204,0,0,0,0,-0.022362241446498,0,0,0,0,0,0,0,0,0,0,0,0,-0.0234256174499804,0,0,0,0,0,0,0,0,-0.00939774683738178,0,0,0,0,0,0,0,0,0,0,0,0,0,0,0,0,0,0,0,0,0,0,0,0,0,0,0,0,0,0,0,0,0,0,0,0,0,0,0,0,0,0,0,0,0,0,0,0,0,0,0,0.00514366712190793,0,0,0,0,0,0,0,0,0,0.0353885194976565,-0.0130950298989493,0,0,0,0,0,0,0,0,0,0,0,0,0,0,0,0,0,0,0,0,0,0,0,0,0,0,0,0,0,0,0,0,0,0,0,0,0,0,0,0,0,0,0,0,0
NA,NA,NA,NA,NA,NA,NA,NA,NA,NA,NA,NA,NA,NA,NA,NA,NA,NA,NA,NA,NA,NA,NA,NA,NA,NA,NA,NA,NA,NA,NA,NA,NA,NA,NA,NA,NA,NA,NA,NA,NA,NA,NA,NA,NA,NA,NA,NA,NA,NA,NA,NA,NA,NA,NA,NA,NA,NA,NA,NA,NA,NA,NA,NA,NA,NA,NA,NA,NA,NA,NA,NA,NA,NA,NA,NA,NA,NA,NA,NA,NA,NA,NA,NA,NA,NA,NA,NA,NA,NA,NA,NA,NA,NA,NA,NA,NA,NA,NA,NA,NA,NA,NA,NA,NA,NA,NA,NA,NA,NA,NA,NA,NA,NA,NA,NA,NA,NA,NA,NA,NA,NA,NA,NA,NA,NA,NA,NA,NA,NA,NA,NA,NA,NA,NA,NA,NA,NA,NA,NA,NA,NA,NA,NA,NA,NA,NA,NA,NA,NA,NA,NA,NA,NA,NA,NA,NA,NA,NA,NA,NA,NA,NA,NA,NA,NA,NA,NA,NA,NA,NA,NA,NA,NA,NA,NA,NA,NA,NA,NA,NA,NA,NA,NA,NA,NA,NA
0.00113602631058329,0.733057757676154,0,0,0,0,0,0,0.124497325901245,0,0,0,0,0,-0.000917670580198807,0,0,0,0,0,0,0,0,0,0,0,0,0,0,0.0191664154430735,0,0,0,0,0,0,0,0,0,0,0,0,0,0,0,0,0,0,0,0,0,-0.00909439878631558,0,0,0,0,0,0,0,0,0,0,0,0,0,0,0,0,0,0,0,0,0,0,0,0,0,0,0,0,0,0,0,0,0,0,0,0,0,0,0,0,0,0,0,0,0,0,0,0,0,0,0,0,0,0,0,0,0,0,0,0,0,0,0,0,0,0,0,0,0,0,0,0,0,0,0,0,0,0,0,0,0,0,0,0,0.0081179369555511,0,0,0,0,0,0,0,0,0,0,0,0,0,0,0,0,0,0,0,0,0,-0.00146072797010164,0,0,0,0,0,0,0,0,0,0,0,0,0,0,0,0,0,0,0,0,0,0,0,0,0,0,0,0
NA,NA,NA,NA,NA,NA,NA,NA,NA,NA,NA,NA,NA,NA,NA,NA,NA,NA,NA,NA,NA,NA,NA,NA,NA,NA,NA,NA,NA,NA,NA,NA,NA,NA,NA,NA,NA,NA,NA,NA,NA,NA,NA,NA,NA,NA,NA,NA,NA,NA,NA,NA,NA,NA,NA,NA,NA,NA,NA,NA,NA,NA,NA,NA,NA,NA,NA,NA,NA,NA,NA,NA,NA,NA,NA,NA,NA,NA,NA,NA,NA,NA,NA,NA,NA,NA,NA,NA,NA,NA,NA,NA,NA,NA,NA,NA,NA,NA,NA,NA,NA,NA,NA,NA,NA,NA,NA,NA,NA,NA,NA,NA,NA,NA,NA,NA,NA,NA,NA,NA,NA,NA,NA,NA,NA,NA,NA,NA,NA,NA,NA,NA,NA,NA,NA,NA,NA,NA,NA,NA,NA,NA,NA,NA,NA,NA,NA,NA,NA,NA,NA,NA,NA,NA,NA,NA,NA,NA,NA,NA,NA,NA,NA,NA,NA,NA,NA,NA,NA,NA,NA,NA,NA,NA,NA,NA,NA,NA,NA,NA,NA,NA,NA,NA,NA,NA,NA
0.000864082643138504,0.638008348862983,0,0,0,0,0,0,0.18886872008197,0,0,0,0,0,-0.0108038728956076,0,0,0,0,0,0,0,0,0,0,0,0,0,0,0,0,0,0,0.0405003748623935,0,0,0,0,0,0,0,0,0,0,0,0,0,0,0,0,0,-0.00980607952613609,0,0,0,0,0,0,0,0,0,0,0,0,0,0,0,0,0,-0.0238788621829893,0,0,0,0,0,0,0,0,0,0,0,0,0,0,0,0,0,0,0,0,0,0,0,0,0,0,0,0,0,0,0,0,0,0,0,0,0,0,0,0,0,0,0,0,0,0,0,0,0,0,0,0,0,0,0,0,0,0,0,0,0,0,0,0,0,0,0.0175579946520677,0,0,0,0,-0.0113485883979407,0,0,0,0,0,0,0,0,0,0,0,0,0,0,0,0,-0.0125336491790959,0,0,0,0,0,0,0,0,0,0,0,0,0,0,0,0,0,0,0,0,0,0,0,0,0,0,0,0
0.000613109427216037,0.669117242472873,0,0,0,0,0,0,0.190557491441951,0,0,0,0,0,-0.00620629024752214,0,0,0,0,0,0,0,0,0,0,0,0,0,0,0.0107607347856137,0,0,0,0.0422854825325105,0,0,0,0,0,0,0,0,0,0,0,0,0,0,0,0,0,0,0,0,0,0,0,0,0,0,0,0,0,0,0,0,0,0,0,0,0,0,0,0,0,0,0,0,0,0,0,0,0,0,0,0,0,0,0,0,0,0,0,0,0,0,0,0,0,0,0,0,0,0,0,0,0,0,0,0,0,0,0,0,0,0.00727499121823391,0,0,0,0,0,0,0,0,0,0,0,0,0,0,0,0,0,0,0,0,0.0345006107353244,0,0,0,0,-0.0061272967114286,0,0,0,0,0,0,0,0,0,0,0,0,0,0,0,0,-0.00317803452376203,0,0,0,0,0,0,0,0,0,-0.00127934072617976,0,0,0,0,0,0,0,0,0,0,0,0,0,0,0,0,0,0
0.000422734357323362,0.633390384820744,0,0,0,0,0,0,0.188146276051362,0,0,0,0,0,-0.000400561520396073,0,0,0,0,0,0,0,0,0,0,0,0,0,0,0.0157859051234011,0,0,0,0.0423100642841066,0,0,0,0,0,0,0,0,0,0,0,0,0,0,0,0,0,0,0,0,0,0,0,0,0,0,0,0,0,0,0,0,0,0,0,0,0,0,0,0,0,0,0,0,0,0,0,0,0.00879991103079564,0,0,0,0,0,0,0,0,0,0,0,0,0,0,0,0,0,0,0,0,0,0,0,0,0,0,0,0,0,0,0,0,0.00916099918010944,0,0,0,0,0,0,0,0,0,0,0,0,0,0,0,0,0,0,0,0,0.0484485731116346,0,0,0,0,-0.00431337762275021,0,0,0,0,-0.00484657599241315,0,0,0,0,0,0,0,0,0,0,0,-0.0017467495955038,0,0,0,0,0,0,0,0,0,-0.00139163650215907,0,0,0,0,0,0,0,0,0,0,0,0,0,0,0,0,0,0
0.000453773700943773,0.623684159496745,0,0,0,0,0,0,0.216616554359517,0,0,0,0,0,-0.0070378164550948,0,0,0,0,0,0,0,0,0,0,0,0,0,0,0,0,0,0,0.00514070714681691,0,0,0,0,0,0,0,0,0,0,0,0,0,0,0,0,0,0,0,0,0,0,-0.000402788121040783,0,0,0,0,0,0,0,0,0,0,-0.0111448671872604,0,0,0,0,0,0,0,0,0,0,0,0,0,0,0.0241185790606887,0,0,0,0,0,0,0,0,0,0,0,0,0,0,0,0,0,0,0,0,0,0,0,0,0,0,0,0,0,0,0,0,0,0,0,0,0,0,0,0,0,0,0,0,0,0,0,0,0,0,0,0,0,0.0660613643420664,0,0,0,0,-0.000340603332795037,0,0,0,0,0,0,0,0,0,0,0,0,0,0,0,0,-0.00619793070264235,0,0,0,0,0,0,0,0,0,-0.00135802583216314,0,0,0,0,0,0,0,0,0,0,0,0,0,0,0,0,0,0
0.000640526393673577,0.642570126029646,0,0,0,0,0,0,0.177863528395983,0,0,0,0,0,-0.00816711416054637,0,0,0,0,0,0,0,0,0,0,0,0,0,0,0.0114726686547384,0,0,0,0.0106419934619112,0,0,0,0,0,0,0,0,0,0,0,0,0,0,0,0,0,-0.00418529175308636,0,0,0,0,-0.00894327297542273,0,0,0,0,0,0,0,0,0,0,0,0,0,0,0,0,0,0,0,0,0,0,0,0,0,0,0,0,0,0,0,0,0,0,0,0,0,0,0,0,0,0,0,0,0,0,0,0,0,0,0,0,0,0,0,0,0,0,0,0,0,0,0,0,0,0,0,0,0,0,0,0,0,0,0,0,0,0,0,0.0155415352320046,0,0,0,0,0,0,0,0,0,0,0,0,0,0,0,0,0,0,0,0,0,-0.00479215248673056,0,0,0,0,0,0,0,0,0,0,0,0,0,0,0,0,0,0,0,0,0,0,0,0,0,0,0,0
0.000185748184775503,0.573347644194103,0,0,0,0,0,0,0.215397227368568,0,0,0,0,0,-0.00246166102829531,0,0,0,0,0,0,0,0,0,0,0,0,0,0,0.0154994750134054,0,0,0,0.0194492166154312,0,0,0,0,0,0,0,0,0,0,0,0,0,0,0,0,0,0,0,0,0,0,0,0,0,0,0,0,0,0,0,0,0,-0.00552585041823838,0,0,0,0,0,0,0,0,0,0,0,0,0,0,0.00889537227976482,0,0,0,0,0,0,0,0,0,0,0,0,0,0,0,0,0,0,0,0,0,0,0,0,0,0,0,0,0,0,0,0,0.0170540794181994,0,0,0,0,0,0,0,0,0,0,0,0,0,0,0,0,0,0,0,0,0.0751981994154233,0,0,0,0,-0.0100280516122855,0,0,0,0,0,0,0,0,0,0,0,0,0,0,0,0,-0.00597894669375179,0,0,0,0,0,0,0,0,0,-0.00181190051019418,0,0,0,0,0,0,0,0,0,0,0,0,0,0,0,0,0,0
-0.0000738361495278019,0.51665544512816,0,0,0,0,0,0,0.209466453950743,0,0,0,0,0,-0.00416000608942241,0,0,0,0,0,0,0,0,0,0,0,0,0,0,0.00541884394305419,0,0,0,0.0145827722543477,0,0,0,0,0,0,0,0,0,0,0,0,0,0,0,0,0,0,0,0,0,0,-0.00370279753087601,0,0,0,0,0,0,0,0,0,0,0,0,0,0,0,0,0,0,0,0,0,0,0,0,0,0.0780311753571262,0,0,0,0,0,0,0,-0.0023938566449218,0,0,0,0,0,0,0,0,0,0,0,0,0,0,0,0,0,0,0,0,0,0,0,0,0,0,0,0,0,0,0,0,0,0,0,0,0,0,0,0,0,0,0,0,0,0.0767488319431924,0,0,0,0,-0.0227729881064321,0,0,0,0,0,-0.00161361809483136,0,0,0,0,0,0,0,0,0,0,-0.0076256329219225,0,0,0,0,0,0,0,0,0,-0.00511132249370225,0,0,0,0,0,0,0,0,0,0,0,0,0,0,0,0.00180056735166575,0,0
0.000612586829771472,0.605916409033583,0,0,0,0,0,0,0.186238020636361,0,0,0,0,0,-0.0083164918084126,0,0,0,0,0,0,0,0,0,0,0,0,0,0,0.033341323857467,0,0,0,0.00362848520943096,0,0,0,0,0,0,0,0,0,0,0,0,0,0,0,0,0,-0.0186834643673079,0,0,0,0,-0.0136106838826627,0,0,0,0,0,0,0,0,0,0,0,0,0,0,0,0,0,0,0,0,0,0,0,0,0,0,0,0,0,0,0,0,0,0,0,0,0,0,0,0,0,0,0,0,0,0,0,0,0,0,0,0,0,0,0,0,0,0,0,0,0,0,0,0,0,0,0,0,0,0,0,0,0,0,0,0,0,0,0,0.0269110904511666,0,0,0,0,-0.00458340806120008,0,0,0,0,0,0,0,0,0,0,0,0,0,0,0,0,-0.00603227876757153,0,0,0,0,0,0,0,0,0,0,0,0,0,0,0,0,0,0,0,0,0,0,0,0,0,0,0,0
0.000945090087189669,0.648494013890484,-0.0092493714851113,0,0,0,0,0,0.148376582177422,0,0,0,0,0,0,0,0,0,0,0,0,0,0,0,0,0,0,0,0,0.079507857749325,0,0,0,0.148087290294507,0,0,0,0,0,0,0,0,0,0,0,0,0,0,0,0,0.00712828982930569,-0.0312318211655957,0,0,0,0,0,-0.00779228579103096,0,0,0,0,0,0,0,0,0,0,0,0,0,0,0,0,0,0,0,0,-0.0118574936291903,0,0,0,0,0,0,0,0,0,0,0,0,-0.0401430795540309,0,0,0,0,0,0,0,0,0,0,0,0,0,0,0,0,0,-0.014322506921178,0,0,0,0,0,0,0,0,0,0,0,0,0,0,0,0,0,0,0,0,0.0336838740217653,0,0,0,0,0,0,0,0,0,0,-0.0304887956479247,0,0,0,0,0,0,0,0,0,0,0.0165411533163646,0,0,0,0,0,0,0,0,0,0,0,0,0,0,0,0,0,0,0,0,0,0,0,0,0,0,0,0,0,0,0,0,0,0
0.000327279208706183,0.651061835457577,0,0,0,0,0,0,0.185818412228387,0,0,0,0,0,-0.0102084294590317,0,0,0,0,0,0,0,0,0,0,0,0,0,0,0.0041661543243693,0,0,0,0.0140505132838677,0,0,0,0,0,0,0,0,0,0,0,0,0,0,0,0,0,0,0,0,0,0,0,0,0,0,0,0,0,0,0,0,0,0,0,0,0,0,0,0,0,0,0,0,0,0,0,0,0,0,0,0,0,0,0,0,0,0,0,0,0,0,0,0,0,0,0,0,0,0,0,0,0,0,0,0,0,0,0,0,0,0,0,0,0,0,0,0,0,0,0,0,0,0,0,0,0,0,0,0,0,0,0.015950015058566,0,0,0,0,0,0,0,0,0,0,0,0,0,0,0,0,0,0,0,0,0,0,0,0,0,0,0,0,0,0,0,0,0,0,0,0,0,0,0,0,0,0,0,0,0,0,0,0,0,0
0.000221926221299273,0.559973735722789,0,0,0,0,0,0,0.174132201403452,0,0,0,0,0,-0.00158902193565785,0,0,0,0,0,0,0,0,0,0,0,0.0259943208735076,0,0,0.0512070419027037,0,0,0,0.0161213470565541,0,0,0,0,0,0,0,0,0,0,0,0,0,0,0,0,0,0,0,0,0,0,0,0,0,0,0,0,0,0,0,0,0,0,0,-0.00233704694889847,0,0,0,0,0,0,0,0,0,0,0,0,0,0,0,0,0,0,0,0,0,0,0.00815887139292249,0,0,0,0,0,0,0,0,0,0,0,0,0,0,0,0,0,0,0,0,0,0,0,0,0,0,0,0,0,0,0,0,0,0,0,0,0,0,0,0,0,0,0,0,0,0,0,0,-0.0141214745510647,0,0,0,0,0,0,0,0,0,0,0,0,0,0,0,0,0,0,0,0,0,0,0,0,0,0,0,0,0,0,0,0,0,0,0,0,0,0,0,-0.00684762630559492,0,0,0,0,0
0.000215056162546563,0.585376252560693,0,0,0,0,0,0,0.176317489068883,0,0,0,0,0,0,0,0,0,0,0,0,0,0,0,0,0,0.0166815450748847,0,0,0.0533795129344516,0,0,0,0,0,-0.0034795149441442,0,0,0,0,0,0,0,0,0,0,0,0,0,0,0,0,0,0,0,0,0,0,0,0,0,0,0,0,0,0,0,0,0,0,0,0,0,0,0,0,0,0,0,0,0,0,0,0,0,0,0,0,0,0,0,0,0,0,0,0,0,0,0,0,0,0,0,0,0,0,0,0,0,0,0.0141033448193252,0,0,0,0,0,0,0,0,0,0,0,0,0,0,0,0,0,0,0,0,0,0,0,0,0,0,0,0,0,0,-0.00358805557051184,0,0,0,0,-0.0150895339098784,0,0,0,0,0,0,0,0,0,0,0,0,0,0,0,0,0,0,0,0,0,0,0,0,0,0,0,0,0,0,0,0,0,0,0,0,0,0,0,0
0.000159271457757389,0.562823836136151,0,0,0,0,0,0,0.184520034722851,0,0,0,0,0,-0.0036411605916945,0,0,0,0,0,0,0,0,0,0,0,0,0,0,0.0242100712533071,0,0,0,0.037475341263219,0,0,0,0,0,0,0,0,0,0,0,0,0,0,0,0,0,0,0,0,0,0,0,0,0,0,0,0,0,0,0,0,0,0,0,-0.0215736384923203,0,0,0,0,0,0,0,0,0,0,0,0,0,0,0,0,0,0,0,0,-0.0136348854242208,0,0,0,0,0,0,0,0,0,0,0,0,0,0,0,0,0,0,0,0,0,0,0,0,0,0,0,0,0,0,0,0,0,0,0,0,0,0,0,0,0,0,0,0,0,0.00530465707399298,0,0,0,0,-0.00638167841696785,0,0,0,0,0,0,0,0,0,0,0,0,0,0,0,0,0,0,0.00338874486489342,0,0,0,0,0,0,0,0,0,0,0,0,0,0,0,0,0,0,0,0,0,0,0,0,0,0
-0.0000166578378868786,0.48124888909305,0,0,0,0,0,0,0.142249247929789,0,0,0,0,0,-0.0376617595798067,0,0,0,0,0,0,0,0,0,0,0,0.0025891662704244,0,0,0.0415599829852997,0,0,0,0.0345482258044342,0,0,0,0,0,0,0,0,0,0,0,0,0,-0.0069890806621635,0,0,0,0,0,0,0,0,-0.0180593955142517,0,0,0,0,0,0,0,0,0,0,0,0,-0.00644790137737559,0,0,0,0,0,0,0,0,0,0,0,0,0.0162176143026047,0,0,0,0,0,0,0,-0.00441380391309197,0,0,0,0,0,0,0,0,0,0,0,0,0,0,0,0,0,0,0,0,0,0,0,0,0.0080322649678772,0,0,0,0,0,0,0,0,0,0,0,0,0,0,0,0,0,0,0,0,0.0382194623552287,0,0,0,0,-0.0149690773325774,0,0,0,0,0,0,0,0,0,0,0,0,0,0,0,0,0,0,0,0,0,0,0,0,0,0,-0.0124649216004965,0,0,0,0,0,0,0,0,0,0,0,0,0,0,0,0,0,0
0.000363574932181991,0.649170635051886,0,0,0,0,0,0,0.137508885926239,0,0,0,0,0,-0.0116476877358601,0,0,0,0,0,0,0,0,0,0,0,0,0,0,0.0288874455159093,0,0,0,0,0,0,0,0,0,0,0,0,0,0,0,0,0,0,0,0,0,0,0,0,0,0,-0.000244816635306355,0,0,0,0,0,0,0,0,0,0,0,0,0,0,0,0,0,0,0,0,0,0,0,0,0,0.00157042225595594,0,0,0,0,0,0,0,-0.0199370700371443,0,0,0,0,0,-0.00175721451952216,0,0,0,0,0,0,0,0,0,0,0,0,0,0,0,0,0,0,0.00792632238804983,0,0,0,0,0,0,0,0,0,0,0,0,0,0,0,0,0,0,0,0,0.0291079839625806,0,0,0,0,0,0,0,0,0,0,0,0,0,0,0,0,0,0,0,0,0,0,0,0,0,0,0,0,0,0,0,-0.00364937557050842,0,0,0,0,0,0,0,0,0,0,0,0,0,0,0,0,0,0
0.00079486512471165,0.64576192211927,0,0,0,0,0,0,0.140728012749733,0,0,0,0,0,-0.0305274095960639,0,0,0,0,0,0,0,0,0,0,0,0,0,0,0.0173464360683695,0,0,0,0,0,0,0,0,0,0,0,0,0,0,0,0,0,0,0,0,0,-0.00471413536921821,0,0,0,0,-0.0139811359577964,0,0,0,0,0,0,0,0,0,0,0,0,-0.0125439962890583,0,0,0,0,0,0,0,0,0,0,0,0,0,0,0,0,0,0,0,0,0,0,0,0,0,0,0,0,0,0,0,0,0,0,0,0,0,-0.00437994852110624,0,0,0,0,0,0,0,0,0,0,0,0,0,0,0,0,0,0,0,0,0,0,0,0,0,0,0,0,0.0301483520290536,0,0,0,0,0,0,0,0,0,0,0,0,0,0,0,0,0,0,0,0,0,-0.00200699640561945,0,0,0,0,0,0,0,0,0,-0.00473945966073981,0,0,0,0,0,0,0,0,0,0,0,0,0,0,0,0,0,0
0.000805961634883681,0.714418547209566,0,0,0,0,0,0,0.118099239500787,0,-0.0177478704040863,0,0,0,-0.018759300993708,0,0,0,0,0,0,0,0,0,0,0,0,0,0,0.00887656491872559,0,0,0,0,0,0,0,0,0,0,0,0,0,0,0,0,0,0,0,0,0,0,0,0,0,0,0,0,0,0,0,0,0,0,0,0,0,0,0,0,0,0,0,0,0,0,-0.000365754353589195,0,0,0,0,0,0.0176848027531272,0,0,0,0,0,0,0,-0.00876792310666274,0,0,0,0,0,0,0,0,0,0,0,0,0,0,0,0,-0.0129047924430142,0,0,0,0,0,0,0,0.00528338397642599,0,0,0,0,0,0,0,0,0,0,0,0,0,0,0,0,0,0,0,0,0.0354035991057999,0,0,0,0,0,0,0,0,0,0,0,0,0,0,0,0,0,0,0,0,0,0,0,0,0,0,0,0,0,0,0,-0.00569496104581709,0,0,0,0,0,0,0,0,0,0,0,0,0,0,0,0,0,0
0.000529624181037186,0.73212312326488,0,0,0,0,0,0,0.101057937244025,0,0,0,0,0,-0.0179192372870138,0,0,0,0,0,0,0,0,0,0,0,0,0,0,0.00117359236979717,0,0,0,0,0,0,0,0,0,0,0,0,0,0,0,0,0,0,0,0,0,0,0,0,0,0,-0.00227172959151771,0,0,0,0,0,0,0,0,0,0,0,0,0,0,0,0,0,0,0,0,0,0,0,0,0,0,0,0,0,0,0,0,0,-0.0136318710643946,0,0,0,0,0,0,0,0,0,0,0,0,0,0,0,0,0,0,0,0,0,0,0,0,0,0,0,0,0,0,0,0,0,0,0,0,0,0,0,0,0,0,0,0,0,0.0179517444301477,0,0,0,0,0,0,0,0,0,0,0,0,0,0,0,0,0,0,0,0,0,0,0,0,0,0,0,0,0,0,0,0,0,0,0,0,0,0,0,0,0,0,0,0,0,0,0,0,0,0
0.000346545758436553,0.670147692402044,0,0,0,0,0,0,0.104048750079201,0,0,0,0,0,-0.0254438287309708,0,0,0,0,0,0,0,0,0,0,0,0,0,0,0.0111341303453015,0,0,0,0,0,0,0,0,0,0,0,0,0,0,0,0,0,0,0,0,0,0,0,0,0,0,-0.0103131325417114,0,0,0,0,0,0,0,0,0,0,0,0,0,0,0,0,0,0,0,0,0,0,0,0,0,0.0137642315814462,0,0,0,0,0,0,0,-0.00345503995083336,0,0,0,0,0,0,0,0,0,0,0,0,0,0,0,0,-0.00991780188677833,0,0,0,0,0,0,0,0.00450970169526958,0,0,0,0,0,0,0,0,0,0,0,0,0,0,0,0,0,0,0,0,0.0324751800168144,0,0,0,0,0,0,0,0,0,0,0,0,0,0,0,0,0,0,0,0,0,0,0,0,0,0,0,0,0,0,0,0,0,0,0,0,0,0,0,0,0,0,0,0,0,0,0,0,0,0
0.000497784641358553,0.731723927411712,0,0,0,0,0,0,0.108717576658991,0,0,0,0,0,-0.0126923059290514,0,0,0,0,0,0,0,0,0,0,0,0,0,0,0.00189403827208196,0,0,0,0,0,0,0,0,0,0,0,0,0,0,0,0,0,0,0,0,0,-0.00362765249422317,0,0,0,0,0,0,0,0,0,0,0,0,0,0,0,0,0,0,0,0,0,0,0,0,0,0,-0.0000278177659561542,0,0,0,0,0,0,0,0,0,0,0,-0.0185111241876089,0,0,0,0,0,0,0,0,0,0,0,0,0,0,0,0,0,0,0,0,0,0,0,0,0.00666724541432431,0,0,0,0,0,0,0,0,0,0,0,0,0,0,0,0,0,0,0,0,0.00850873165757044,0,0,0,0,0,0,0,0,0,0,0,0,0,0,0,0,0,0,0,0,0,0,0,0,0,0,0,0,0,0,0,0,0,0,0.00461724961296729,0,0,0,0,0,0,0,0,0,0,0,0,0,0,0
0.000586285869605674,0.751565512465766,0,0,0,0,0,0,0.121795144557908,0,0,0,0,0,-0.00053701524990555,0,0,0,0,0,0,0,0,0,0,0,0,0,0,0,0,0,0,0,0,0,0,0,0,0,0,0,0,0,0,0,0,0,0,0,0,0,0,0,0,0,0,0,0,0,0,0,0,0,0,0,0,0,0,0,0,0,0,0,0,0,0,0,0,0,0,0,0,0,0,0,0,0,0,0,-0.00876170304748545,0,0,0,0,0,0,0,0,0,0,0,0,0,0,0,0,0,0,0,0,0,0,0,0,0.0148090201080084,0,0,0,0,0,0,0,0,0,0,0,0,0,0,0,0,0,0,0,0,0.0131894354681948,0,0,0,0,0,0,0,0,0,0,0,0,0,0,0,0,0,0,0,0,0,-0.0027238488880468,0,0,0,0,0,0,0,0,0,0,0,0,0,0,0,0,0,0,0,0,0,0,0,0,0,0,0,0
NA,NA,NA,NA,NA,NA,NA,NA,NA,NA,NA,NA,NA,NA,NA,NA,NA,NA,NA,NA,NA,NA,NA,NA,NA,NA,NA,NA,NA,NA,NA,NA,NA,NA,NA,NA,NA,NA,NA,NA,NA,NA,NA,NA,NA,NA,NA,NA,NA,NA,NA,NA,NA,NA,NA,NA,NA,NA,NA,NA,NA,NA,NA,NA,NA,NA,NA,NA,NA,NA,NA,NA,NA,NA,NA,NA,NA,NA,NA,NA,NA,NA,NA,NA,NA,NA,NA,NA,NA,NA,NA,NA,NA,NA,NA,NA,NA,NA,NA,NA,NA,NA,NA,NA,NA,NA,NA,NA,NA,NA,NA,NA,NA,NA,NA,NA,NA,NA,NA,NA,NA,NA,NA,NA,NA,NA,NA,NA,NA,NA,NA,NA,NA,NA,NA,NA,NA,NA,NA,NA,NA,NA,NA,NA,NA,NA,NA,NA,NA,NA,NA,NA,NA,NA,NA,NA,NA,NA,NA,NA,NA,NA,NA,NA,NA,NA,NA,NA,NA,NA,NA,NA,NA,NA,NA,NA,NA,NA,NA,NA,NA,NA,NA,NA,NA,NA,NA
0.00027746499135211,0.66730001434018,0,0,0,0,0,0,0.107657114970126,0,0,0,0,0,-0.00154397131592939,0,0,0,0,0,0,0,0,0,0,0,0,0,0,0.00543543768280313,0,0,0,0,0,0,0,0,0,0,0,0,0,0,0,0,0,0,0,0,0,-0.0133096646473007,0,0,0,0,0,0,0,0,0,0,0,0,0,0,0,0,0,0,0,0,0,0,0,0,0,0,-0.00797046512718909,0,0,0,0,0,0,0,0,0,0,0,-0.0230417498339945,0,0,0,0,0,0,0,0,0,0,0,0,0,0,0,0,0,0,0,0,0,0,0,0,0,0,0,0,0,0,0,0,0,0,0,0,0,0,0,0,0,0,0,0,0,0,0,0,0,0,0,0,0,0,0,0,0,0,0,0,0,0,0,0,0,0,0,0,0,0,0,0,0,0,0,0,0,0,0,0,0,0,0,0,0,0,0,0,0,0,0,0,0,0,0,0
NA,NA,NA,NA,NA,NA,NA,NA,NA,NA,NA,NA,NA,NA,NA,NA,NA,NA,NA,NA,NA,NA,NA,NA,NA,NA,NA,NA,NA,NA,NA,NA,NA,NA,NA,NA,NA,NA,NA,NA,NA,NA,NA,NA,NA,NA,NA,NA,NA,NA,NA,NA,NA,NA,NA,NA,NA,NA,NA,NA,NA,NA,NA,NA,NA,NA,NA,NA,NA,NA,NA,NA,NA,NA,NA,NA,NA,NA,NA,NA,NA,NA,NA,NA,NA,NA,NA,NA,NA,NA,NA,NA,NA,NA,NA,NA,NA,NA,NA,NA,NA,NA,NA,NA,NA,NA,NA,NA,NA,NA,NA,NA,NA,NA,NA,NA,NA,NA,NA,NA,NA,NA,NA,NA,NA,NA,NA,NA,NA,NA,NA,NA,NA,NA,NA,NA,NA,NA,NA,NA,NA,NA,NA,NA,NA,NA,NA,NA,NA,NA,NA,NA,NA,NA,NA,NA,NA,NA,NA,NA,NA,NA,NA,NA,NA,NA,NA,NA,NA,NA,NA,NA,NA,NA,NA,NA,NA,NA,NA,NA,NA,NA,NA,NA,NA,NA,NA
0.000657166638608669,0.706785278129058,0,0,0,0,0,0,0.122914681947034,0,0,0,0,0,-0.000459598473052248,0,0,0,0,0,0,0,0,0,0,0,0,0,0,0,0,0,0,0,0,0,0,0,0,0,0,0,0,0,0,0,0,0,0,0,0,-0.00510202296086877,0,0,0,0,0,0,0,0,0,0,0,0,0,0,0,0,0,0,0,0,0,0,0,0,0,0,0,0,0,0,0,0,0,0,0,0,0,0,-0.00519267256889571,0,0,0,0,0,0,0,0,0,0,0,0,0,0,0,0,0,0,0,0,0,0,0,0,0.00783535085769033,0,0,0,0,0,0,0,0,0,0,0,0,0,0,0,0,0,0,0,0,0,0,0,0,0,0,0,0,0,0,0,0,0,0,0,0,0,0,0,0,0,0,-0.00282632205974429,0,0,0,0,0,0,0,0,0,0,0,0,0,0,0,0,0,0,0,0,0,0,0,0,0,0,0,0
NA,NA,NA,NA,NA,NA,NA,NA,NA,NA,NA,NA,NA,NA,NA,NA,NA,NA,NA,NA,NA,NA,NA,NA,NA,NA,NA,NA,NA,NA,NA,NA,NA,NA,NA,NA,NA,NA,NA,NA,NA,NA,NA,NA,NA,NA,NA,NA,NA,NA,NA,NA,NA,NA,NA,NA,NA,NA,NA,NA,NA,NA,NA,NA,NA,NA,NA,NA,NA,NA,NA,NA,NA,NA,NA,NA,NA,NA,NA,NA,NA,NA,NA,NA,NA,NA,NA,NA,NA,NA,NA,NA,NA,NA,NA,NA,NA,NA,NA,NA,NA,NA,NA,NA,NA,NA,NA,NA,NA,NA,NA,NA,NA,NA,NA,NA,NA,NA,NA,NA,NA,NA,NA,NA,NA,NA,NA,NA,NA,NA,NA,NA,NA,NA,NA,NA,NA,NA,NA,NA,NA,NA,NA,NA,NA,NA,NA,NA,NA,NA,NA,NA,NA,NA,NA,NA,NA,NA,NA,NA,NA,NA,NA,NA,NA,NA,NA,NA,NA,NA,NA,NA,NA,NA,NA,NA,NA,NA,NA,NA,NA,NA,NA,NA,NA,NA,NA
0.000437723495150776,0.694951091584481,0,0,0,0,0,0,0.126699397202825,0,0,0,0,0,-0.0048435894616712,0,0,0,0,0,0,0,0,0,0,0,0,0,0,0,0,0,0,0,0,0,0,0,0,0,0,0,0,0,0,0,0,0,0,0,0,0,0,0,0,0,0,0,0,0,0,0,0,0,0,0,0,0,0,0,0,0,0,0,0,0,-0.000617537016979945,0,0,0,0,0,0.0138306988912284,0,0,0,0,0,0,0,-0.0275202262532818,0,0,0,0,0,-0.00195167532912994,0,0,0,0,0,0,0,0,0,0,0,0,0,0,0,0,0,0,0.00906757480026096,0,0,0,0,0,0,0,0,0,0,0,0,0,0,0,0,0,0,0,0,0.00259842473630052,0,0,0,0,0,0,0,0,0,0,0,0,0,0,0,0,0,0,0,0,0,0,0,0,0,0,0,0,0,0,0,0,0,0,0,0,0,0,0,0,0,0,0,0,0,0,0,0,0,0
NA,NA,NA,NA,NA,NA,NA,NA,NA,NA,NA,NA,NA,NA,NA,NA,NA,NA,NA,NA,NA,NA,NA,NA,NA,NA,NA,NA,NA,NA,NA,NA,NA,NA,NA,NA,NA,NA,NA,NA,NA,NA,NA,NA,NA,NA,NA,NA,NA,NA,NA,NA,NA,NA,NA,NA,NA,NA,NA,NA,NA,NA,NA,NA,NA,NA,NA,NA,NA,NA,NA,NA,NA,NA,NA,NA,NA,NA,NA,NA,NA,NA,NA,NA,NA,NA,NA,NA,NA,NA,NA,NA,NA,NA,NA,NA,NA,NA,NA,NA,NA,NA,NA,NA,NA,NA,NA,NA,NA,NA,NA,NA,NA,NA,NA,NA,NA,NA,NA,NA,NA,NA,NA,NA,NA,NA,NA,NA,NA,NA,NA,NA,NA,NA,NA,NA,NA,NA,NA,NA,NA,NA,NA,NA,NA,NA,NA,NA,NA,NA,NA,NA,NA,NA,NA,NA,NA,NA,NA,NA,NA,NA,NA,NA,NA,NA,NA,NA,NA,NA,NA,NA,NA,NA,NA,NA,NA,NA,NA,NA,NA,NA,NA,NA,NA,NA,NA
0.000520090891829815,0.741825941295508,0,0,0,0,0,0,0.0612283749084286,0,0,0,0,0,0,0,0,0,0,0,0,0,0,0,0,0,0,0,0,0,0,0,0,0,0,0,0,0,0,0,0,0,0,0,0,0,0,0,0,0,0,-0.0188460804927931,0,0,0,0,0,0,0,0,0,0,0,0,0,0,0,0,0,0,0,0,0,0,0,0,0,0,-0.0178733207898106,0,0,0,0.00121356508099915,0,0,0,0,0,0,0,-0.014161740725298,0,0,0,0,0,-0.00387878536698082,0,0,0,0,0,0,0,0,0,0,0,0,0,0,0,0,0,0,0.00647516556623055,0,0,0,0,0,0,0,0,0,0,0,0,0,0,0,0,0,0,0,0,0,0,0,0,0,0,0,0,0,0,0,0,0,0,0,0,0,0,0,0,0,0,0,0,0,0,0,0,0,0,0,0,0,0,0,0,0,0,0,0,0,0,0,0,0,0,0,0,0,0,0
0.000704323843187863,0.702399018119791,0,0,0,0,0,0,0.0380019535978926,0,0,0,0,0,0,0,0,0,0,0,0,0,0,0,0,0,0,0,0,0.0269328003514963,0,0,0,0,0,0,0,0,0,0,0,0,0,0,0,0,0,0,0,0,0,-0.0410221824228602,0,0,0,0,0,0,0,0,0,0,0,0,0,-0.00404845836544601,0,0,0,0,0,0,0,0,0,0,0,0,-0.0130652682856408,0,0,0,0,0,0,0,0,0,0,0,0,0,0,0,0,0,0,0,0,0,0,0,0,0,0,0,0,0,0,0,0,0,0,0,0,0,0,0,0,0,0,0,0,0,0,0,0,0,0,0,0,0,0,0,0,0,0,0,0,0,0,0,0,0,0,0,0,0,0,0,0,0,0,0,0,0,0,0,0,0,0,0,0,0,0,0,0,0,0,0,0,0,0,0,0,0,0,0,0,0,0,0,0,0,0,0,0
NA,NA,NA,NA,NA,NA,NA,NA,NA,NA,NA,NA,NA,NA,NA,NA,NA,NA,NA,NA,NA,NA,NA,NA,NA,NA,NA,NA,NA,NA,NA,NA,NA,NA,NA,NA,NA,NA,NA,NA,NA,NA,NA,NA,NA,NA,NA,NA,NA,NA,NA,NA,NA,NA,NA,NA,NA,NA,NA,NA,NA,NA,NA,NA,NA,NA,NA,NA,NA,NA,NA,NA,NA,NA,NA,NA,NA,NA,NA,NA,NA,NA,NA,NA,NA,NA,NA,NA,NA,NA,NA,NA,NA,NA,NA,NA,NA,NA,NA,NA,NA,NA,NA,NA,NA,NA,NA,NA,NA,NA,NA,NA,NA,NA,NA,NA,NA,NA,NA,NA,NA,NA,NA,NA,NA,NA,NA,NA,NA,NA,NA,NA,NA,NA,NA,NA,NA,NA,NA,NA,NA,NA,NA,NA,NA,NA,NA,NA,NA,NA,NA,NA,NA,NA,NA,NA,NA,NA,NA,NA,NA,NA,NA,NA,NA,NA,NA,NA,NA,NA,NA,NA,NA,NA,NA,NA,NA,NA,NA,NA,NA,NA,NA,NA,NA,NA,NA
0.000555753892260543,0.689358458613182,0,0,0,0,0,0,0,0,0,0,0,0,0,0,0,0,0,0,0,0,0,0,0,0,0,0,0,0.00240674918744377,0,0,0,0,0,0,0,0,0,0,0,0,0,0,0,0,0,0,0,0,0,-0.029599443414242,0,0,0,0,0,0,0,0,0,0,0,0,0,-0.0100715120445569,0,0,0,0,0,0,0,0,0,0,0,0,-0.00294966086818131,0,0,0,0,0,0,0,0,0,0,0,0,0,0,0,0,0,0,0,0,0,0,0,0,0,0,0,0,0,0,0,0,0,0,0,0,0,0,0,0,0,0,0,0,0,0,0,0,0,0,0,0,0,0,0,0,0,0,0,0,0,0,0,0,0,0,0,0,0,0,0,0,0,0,0,0,0,0,0,0,0,0,0,0,0,0,0,0,0,0,0,0,0,0,0,0,0,0,0,0,0,0,0,0,0,0,0,0
NA,NA,NA,NA,NA,NA,NA,NA,NA,NA,NA,NA,NA,NA,NA,NA,NA,NA,NA,NA,NA,NA,NA,NA,NA,NA,NA,NA,NA,NA,NA,NA,NA,NA,NA,NA,NA,NA,NA,NA,NA,NA,NA,NA,NA,NA,NA,NA,NA,NA,NA,NA,NA,NA,NA,NA,NA,NA,NA,NA,NA,NA,NA,NA,NA,NA,NA,NA,NA,NA,NA,NA,NA,NA,NA,NA,NA,NA,NA,NA,NA,NA,NA,NA,NA,NA,NA,NA,NA,NA,NA,NA,NA,NA,NA,NA,NA,NA,NA,NA,NA,NA,NA,NA,NA,NA,NA,NA,NA,NA,NA,NA,NA,NA,NA,NA,NA,NA,NA,NA,NA,NA,NA,NA,NA,NA,NA,NA,NA,NA,NA,NA,NA,NA,NA,NA,NA,NA,NA,NA,NA,NA,NA,NA,NA,NA,NA,NA,NA,NA,NA,NA,NA,NA,NA,NA,NA,NA,NA,NA,NA,NA,NA,NA,NA,NA,NA,NA,NA,NA,NA,NA,NA,NA,NA,NA,NA,NA,NA,NA,NA,NA,NA,NA,NA,NA,NA
0.000387833748338066,0.667771726801583,0,0,0,0,0,0,0.00150554267436031,0,0,0,0,0,0,0,0,0,0,0,0,0,0,0,0,0,0,0,0,0.00514862511669736,0,0,0,0,0,0,0,0,0,0,0,0,0,0,-0.00816486482445029,0,0,0,0,0,0.00691441386335706,-0.0277720591339288,0,0,0,0,0,0,0,0,0,0,0,0,0,-0.0179539910674127,0,0,0,0,0,0,0,0,0,0,0,0,-0.0146459876060323,0,0,0,0,0,0,0,0,0,0,0,-0.0075833779276697,0,0,0,0,0,-0.00451161171784963,0,0,0,0,0,0,0,0,0,0,0,0,0,0,0,0,0,0,0.0282370937046832,0,0,0,0,0,0,0,0,0,0,0,0,0,0,0,0,0,0,0,0,0,0,0,0,0,0,0,0,0,0,0,0,0,0,0,0,0,0,0.000807000960757125,0,0,0,0,0,0,0,0,0,0,0,0,0,0,0,0,0,0,0,0,0,0,0,0,0,0,0,0,0,0,0,0
0.000911993163386687,0.78308404383418,0,0,0,0,0,0,0.0256922993587436,0,0,0,0,0,0,0,0,0,0,0,0,0,0,0,0,0,0,0,0,0.000439601265978147,0,0,0,0,0,0,0,0,0,0,0,0,0,0,0,0,0,0,0,0,0,-0.0372064189420503,0,0,0,0,0,0,0,0,0,0,0,0,0,0,0,0,0,0,0,0,0,0,0,0,0,0,-0.00186441188851197,0,0,0,0,0,0,0,0,0,0,0,0,0,0,0,0,0,0,0,0,0,0,0,0,0,0,0,0,0,0,0,0,0,0,0,0,0,0,0,0,0,0,0,0,0,0,0,0,0,0,0,0,0,0,0,0,0,0,0,0,0,0,0,0,0,0,0,0,0,0,0,0,0,0,0,0,0,0,0,0,0,0,0,0,0,0,0,0,0,0,0,0,0,0,0,0,0,0,0,0,0,0,0,0,0,0,0,0
0.000552320399813511,0.653279619722096,0,0,0,0,0,0,0.0306963924199872,0,0,0,0,0,0,0,0,0,0,0,0,0,0,0,0,0,0,0,0,0.0445647738054778,0,0,0,0,0,0,0,0,0,0,0,0,0,0,0,0,0,0,0,0,0,-0.0423616461128717,0,0,0,0,0,0,0,0,0,0,0,0,0,-0.000494373647832092,0,0,0,0,0,0,0,0,0,0,0,0,-0.00769261532462549,0,0,0,0,0,0,0,0,0,0,0,0,0,0,0,0,0,0,0,0,0,0,0,0,0,0,0,0,0,0,0,0,0,0,0,0,0,0,0,0,0,0,0,0,0,0,0,0,0,0,0,0,0,0,0,0,0,0,0,0,0,0,0,0,0,0,0,0,0,0,0,0,0,0,0,0,0,0,0,0,0,0,0,0,0,0,0,0,0,0,0,0,0,0,0,0,0,0,0,0,0,0,0,0,0,0,0,0
0.000508048466472381,0.686136654312531,0,0,0,0,0,0,0.00563431377833958,0,0,0,0,0,0,0,0,0,0,0,0,0,0,0,0,0,0,0,0,0.0184732638985458,0,0,0,0,0,0,0,0,0,0,0,0,0,0,0,0,0,0,0,0,0,-0.0444759472933995,0,0,0,0,0,0,0,0,0,0,0,0,0,-0.015126198614955,0,0,0,0,0,0,0,0,0,0,-0.000954709632222458,0,-0.0180992555443448,0,0,0,0,0,0,0,0,0,0,0,-0.00198573025721786,-0.0332886886111398,0,0,0,0,0,0,0.00224326769473549,0,0,0,0,0,0,0,0,0,0,0,0,0,-0.000427631761966423,0,0,0,0,0,0,0,0,0,0,0,0,0,0,0,0,0,0,0,0,0,0,0,0,0,0,0,0,0,0,0,0,0,0,0,0,0,0,0,0,0,0,0,0,0,0,0,0,0,0,0,0,0,0,0,0,0,0,0,0,0,0,0,0,0,0,0,0,0,0,0,0,0,0
NA,NA,NA,NA,NA,NA,NA,NA,NA,NA,NA,NA,NA,NA,NA,NA,NA,NA,NA,NA,NA,NA,NA,NA,NA,NA,NA,NA,NA,NA,NA,NA,NA,NA,NA,NA,NA,NA,NA,NA,NA,NA,NA,NA,NA,NA,NA,NA,NA,NA,NA,NA,NA,NA,NA,NA,NA,NA,NA,NA,NA,NA,NA,NA,NA,NA,NA,NA,NA,NA,NA,NA,NA,NA,NA,NA,NA,NA,NA,NA,NA,NA,NA,NA,NA,NA,NA,NA,NA,NA,NA,NA,NA,NA,NA,NA,NA,NA,NA,NA,NA,NA,NA,NA,NA,NA,NA,NA,NA,NA,NA,NA,NA,NA,NA,NA,NA,NA,NA,NA,NA,NA,NA,NA,NA,NA,NA,NA,NA,NA,NA,NA,NA,NA,NA,NA,NA,NA,NA,NA,NA,NA,NA,NA,NA,NA,NA,NA,NA,NA,NA,NA,NA,NA,NA,NA,NA,NA,NA,NA,NA,NA,NA,NA,NA,NA,NA,NA,NA,NA,NA,NA,NA,NA,NA,NA,NA,NA,NA,NA,NA,NA,NA,NA,NA,NA,NA
0.000740401484791656,0.72179783726616,0,0,0,0,0,0,0,0,0,0,0,0,0,0,0,0,0,0,0,0,0,0,0,0,0,0,0,0.00109577851004632,0,0,0,0,0,0,0,0,0,0,0,0,0,0,0,0,0,0,0,0,0.00853985641892072,-0.0438058229124179,-0.00625486085794541,0,0,0,0,0,0,0,0,0,0,0,0,-0.00473155636335944,0,0,0,0,0,0,0,0,0,0,0,0,-0.0160742362046913,0,0,0,0,0,0,0,0,0,0,0,0,0,0,0,0,0,0,0,0,0,0,0,0,0,0,0,0,0,0,0,0,0,0,0,0,0,0,0,0,0,0,0,0,0,0,0,0,0,0,0,0,0,0,0,0,0,0,0,0,0,0,0,0,0,0,0,0,0,0,0,0,0,0,0,0,0,0,0,0,0,0,0,0,0,0,0,0,0,0,0,0,0,0,0,0,0,0,0,0,0,0,0,0,0,0,0,0
NA,NA,NA,NA,NA,NA,NA,NA,NA,NA,NA,NA,NA,NA,NA,NA,NA,NA,NA,NA,NA,NA,NA,NA,NA,NA,NA,NA,NA,NA,NA,NA,NA,NA,NA,NA,NA,NA,NA,NA,NA,NA,NA,NA,NA,NA,NA,NA,NA,NA,NA,NA,NA,NA,NA,NA,NA,NA,NA,NA,NA,NA,NA,NA,NA,NA,NA,NA,NA,NA,NA,NA,NA,NA,NA,NA,NA,NA,NA,NA,NA,NA,NA,NA,NA,NA,NA,NA,NA,NA,NA,NA,NA,NA,NA,NA,NA,NA,NA,NA,NA,NA,NA,NA,NA,NA,NA,NA,NA,NA,NA,NA,NA,NA,NA,NA,NA,NA,NA,NA,NA,NA,NA,NA,NA,NA,NA,NA,NA,NA,NA,NA,NA,NA,NA,NA,NA,NA,NA,NA,NA,NA,NA,NA,NA,NA,NA,NA,NA,NA,NA,NA,NA,NA,NA,NA,NA,NA,NA,NA,NA,NA,NA,NA,NA,NA,NA,NA,NA,NA,NA,NA,NA,NA,NA,NA,NA,NA,NA,NA,NA,NA,NA,NA,NA,NA,NA
0.001160898275324,0.766600116087209,0,0,0,0,0,0,0.0230232386992133,0,0,0,0,0,0,0,0,0,0,0,-0.000779080576763608,0,0,0,0,0,0,0,0,0.0214398634527219,0,0,0,0,0,0,0,0,0,0,0,0,0,0,0,0,0,0,0,0,0,-0.0495710926226498,0,0,0,0,0,0,0,0,0,0,0,0,0,0,0,0,0,0,0,0,0,0,0,0,0,0,-0.0148951434201617,0,0,0,0,0,0,0,0,0,0,0,0,0,0,0,0,0,0,0,0,0,0,0,0,0,0,0,0,0,0,0,0,0,0,0,0,0,0,0,0,0,0,0,0,0,0,0,0,0,0,0,0,0,0,0,0,0,0,0,0,0,0.00415150906579402,0,0,0,0,0,0,0,0,0,0,0,0,0,0,0,0,0,0,0,0,0,0,0,0,0,0,0,0,0,0,0,0,0,0,0,0,0,0,0,0,0,0,0,0,0,0
0.000240621731925988,0.632470469012448,0,0,0,0,0,0,0.0270379077467643,0,0,0,0,0,0,0,0,0,0,0,0,0,0,0,0,0,0,0,0,0.00839625555585242,0,0,0,0,0,0,0,0,0,0,0,0,0,0,0,0,0,0,0,0,0,-0.019969337753496,0,-0.000628319775052524,0,0,-0.000142584699508922,0,0,0,0,0,0,0,0,-0.0044611730361697,0,0,0,0,0,0,0,0,0,0,0,0,-0.0120691545490903,0,0,0,0,0,0,0,0,0,0,0,-0.0186629147844964,0,0,0,0,0,-0.0077626284074157,0,0,0,0,0,0,0,0,0,0,0,0,0,0,0,0,0,0,0,0,0,0,0,0,0,0,0,0,0,0,0,0,0,0,0,0,0,0,0,0,0,0,0,0,0,0,0,0,0,0,0,0,0,0,0,0,0,0.0123723949960165,0,0,0,0,0,0,0,0,0,0,0,0,0,0,0,0,0,0,0,0,0,0,0,0,0,0,0,0,0,0,0,0
0.00079192347248835,0.668324441924182,0,0,0,0,0,0,0.0708698721050105,0,0,0,0,0,0,0,0,0,0,0,0,0,0,0,0,0,0,0,0,0,0,0,0,0,0.00776159233430628,0,0,0,0,0,0,0,0,0,0,0,0,0,0,0,0,-0.0280038613359841,0,0,0,0,0,0,0,0,0,0,0,0,0,0,0,0,0,0,0,0,0,0,0,0,0,0,0,0,0,0,0,0,0,0,0,0,0,0,0,0,0,0,0,0,0,0,0,0,0,0,0,0,0,0,0,0,0,0,0,0,0,0,0,0,0,0,0,0,0,0,0,0,0,0,0,0,0,0,0,0,0,0,0,0,0,0,0,0,0,0,0,0,0,0,0,0,0,0,0,0,0,0,0,0,0,0,-0.0182757289532207,0,0,0,0,0,0,0,0,0,0,0,0,0,0,0,0,0,0,0,0,0,0,0,0,0,0,0,0
0.000253528380596397,0.61719585332233,0,0,0,0,0,0,0,0,0,0,0,0,-0.00103684457639762,0,0,0,0,0,0,0,0,0,0,0,0,0,0,0.0086278679747008,0,0,0,0,0,0,0,0,0,0,0,0,0,0,0,0,0,0,0,0,0,-0.0501243142873715,0,-0.0140217614168741,0,0,0,0,0,0,-0.0195759584878046,0,0,0,0,-0.00100996068779138,0,0,0,0,0,0,0,0,0,0,0,0,-0.0212972671252571,0,0,0,0,0,0,0,0,0,0,0,0,0,0,0,0,0,0,0,0,0,0,0,0,0,0,0,0,0,0,0,0,0,0,0,0,0,0,0,0,0,0,0,0,0,0,0,0,0,-0.00919186178667282,0,0,0,0,0,0,0,0,0,0,0,0,0,0,0,0,0,0,0,0,0,0,0,0,0,0,0,0,0,0,0,0,0,0,0,0,0,0,0,0,0,0,0,0,0,0,0,0,0,0,0,0,0,0,0,0,0,0
0.000558075180885185,0.69907119175244,0,0,0,0,0,-0.00345912600022151,0,0,0,0,0,0,0,0,0,0,0,0,0,0,0,0,0,0,0,0,0,0,0,0,0,0,0,0,0,0,0,0,0,0,0,0,-0.0028534993616544,0,0,0,0,0,0,-0.0117741293653344,0,-0.00231012680387962,0,0,0,0,0,0,-0.00514723421450884,0,0,0,0,0,0,0,0,0,0,0,-0.00877638528048464,0,0,0,0,0,-0.0346582868883681,0,0,0,0,0,0,0,0,0,0,0,-0.0221366670273761,0,0,0,0,0,-0.000888739301237538,0,0,0,0,0,0,0,0,0,0,0,0,0,0,0,0,0,0,0,0,0,0,0,0,0,0,0,0,0,0,0,0,0,0,0,0,0,0,0,0,0,0,0,0,0,0,0,0,0,0,0,0,0,0,0,0,0,0.0437844044464916,0,0,0,0,0,0,0,0,0,0,0,0,0,0,0,0,0,0,0,0,0,0,0,0,0,0,0,0,0,0,0,0
0.000658696572819873,0.730993849244559,0,0,0,0,0,0,0,0,0,0,0,0,0,0,0,0,0,0,0,0,0,0,0,0,0,0,0,0.000140159090473203,0,0,0,0,0,0,0,0,0,0,0,0,0,0,-0.00452132963956096,0,0,0,0,0,0,-0.0434089278243251,0,0,0,0,0,0,0,0,0,0,0,0,0,-0.00289627488069551,0,0,0,0,0,0,0,0,0,0,0,0,-0.0331124362556365,0,0,0,0,0,0,0,0,0,0,0,0,0,0,0,0,0,-0.012958068427797,0,0,0,0,0,-0.00703531860329028,0,0,0,0,0,0.0000357278972545667,0,0,0,0,0,0,0,0,0,0,0,0,0,0,0,0,0,0,0,0,0,0,0,0,0,0,0,0,0,0,0,0,0,0,0,0,0,0,0,0,0,0,0,0,0,0,0,0,0,0,0,0,0,0,0,0,0,0,0,0,0,0,0,0,0,0,0,0,0,0,0,0,0,0,0,0,0,0
0.000696164072653976,0.683458345408239,0,0,0,0,0,0,0,0,0,0,0,0,0,0,0,0,0,0,0,0,0,0,0,0,0,0,0,0,0,0,0,0,0,0,0,0,0,0,0,0,0,0,-0.00693013420047066,0,0,0,0,0,0,-0.02304210712058,0,0,0,0,0,0,0,0,0,0,0,0,0,0,0,0,0,0,0,0,0,0,0,0,0,0,-0.0251660686796091,0,0,0,0,0,0,0,0,0,0,0,0,0,0,0,0,0,-0.0201879654878858,0,0,0,0,-0.000871681686991945,-0.00791869202305971,0,0,0,0,0,0,0,0,0,0,0,0,0,0,0,0,0,0,0,0,0,0,0,0,0,0,0,0,0,0,0,0,0,0,0,0,0,0,0,0,0,0,0,0,0,0,0,0,0,0,0,0.0174361746720167,0,0,0,0,0,0,0,0,0,0,0,0,0,0,0,0,0,0,0,0,0,0,0,0,0,0,0,0,0,0,0,0
0.000132749844086617,0.546955313280706,0,0,0,0,0,0,0.0643151423869332,0,0,0,-0.00571438690478146,0,0,0,0,0,0,0,0,0,0,0,0,0,0,0,0,0.0269566557849316,0,0,0,0,0.0171343477112322,0,0,0,0,0,0,0,0,0,0,0,0,0,0,0,0,-0.0310459317404048,0,0,0,0,0,0,0,0,-0.0167749171919867,0,0,0,0,0,0,0,0,0,0,0,0,0,0,0,-0.00951635593804609,0,0,0,0,0,0.019432029450179,0,0,0,0,0,0,-0.0213225049969094,0,0,0,0,0,0,-0.0107593671864191,0,0,0,0,0,0,0,0,0,-0.0046793474907708,0,0,0,0,0,0,0,0,0,0,0,0,0,0,0,0,0,0.0151576156785503,0,0,0,0,0,0,0,0,0,0,0,0,0,0,0,0,0,0,0,0,0,0,0,0,0,0,0,0,0,0,0,0,0,0,0,0,0,0,0,0,0,0,0,0,0,0,0,0,0,0,0,0,0,0,0,0,0,0,0,0,0,0
0.000347168457632999,0.60288253047519,0,0,0,0,0,-0.0103763918268687,0,0,0,0,0,0,-0.0100753993411558,0,0,0,0,-0.00706984946107348,0,0,0,0,0,0,0,0,0,0,0,0,0,0,0,0,0,0,0,0,0,0,0,0,-0.0318404608631412,0,0,0,0,0,0,-0.0148805123832716,0,0,0,0,0,0,0.0465301605841362,0,-0.0236648326424108,0,0,0,-0.0290289630297092,0,0,0,0,0,0,0,0,0.0141437805568978,0,0,0,0,-0.040381627326071,0,0,0,0,0,0,0,0,0,0,0,-0.00445371438434898,0,0,0,0,0,0,0,0,0,0,0,0,0,0,0,0,0,0,-0.0117493178344229,0,0,0,0,0,0.010805822673994,0,-0.000663895561237789,0,0.00389163325252752,0,0,0,0,0,0,0,0,0,0,0,0,0,0,0,0,0,0,0,0,0,0,0,0,0,0,0,0,0,0,-0.00913095497275112,0,0,0,0.0540047345064024,0,0,0,0,0,0,0,0,0,0,0,0,0,0,0,0,0,0,0,0,0,0,0,0,0,0,0,0,0,0,0,0
0.000479778521338023,0.667571481162555,0,0,0,0,0,0,0,0,0,0,0,0,0,0,0,0,0,0,0,0,0,0,0,0,0,0,0,0.0197865087991664,0,0,0,0,0,0,0,0,0,0,0,0,0,0,0,0,0,0,0,0,0,-0.0382630088195014,0,0,0,0,0,0,0,0,0,0,0,0,0,-0.00854932512592122,0,0,0,0,0,0,0,0,0,0,0,0,-0.0319783294862921,0,0,0,0,0,0,0,0,0,0,0,-0.00439640043580341,0,0,0,-0.000686459463232956,0,0,0,0,-0.000169730466203702,0,0,-0.00514434962959557,0,0,0,0,0,0,0,0,0,0,0,0,0,0,0,0,0,0,0,0,0,0,0,0,0,0,0,0,0,0,0,0,0,0,0,0,0,0,0,0,0,0,0,0,0,0,0,0,0,0,0,0.00270781838661544,0,0,0,-0.000640862464381764,0,0,0,0,0,0,0,0,0,0,0,0,0,0,0,0,0,0,0,0,0,0,0,0,0,0,0,0
0.000889047699818548,0.699938787730403,0,0,0,0,0,0,0,0,0,0,0,0,0,0,0,0,0,0,0,0,0,0,0,0,0,0,0,0.00113235145753225,-0.000176444851549184,0,0,0,0,0,0,0,0,0,0,0,0,0,-0.000138660090279588,0,0,0,0.00679684059939721,0,0,-0.00538227771572429,0,0,0,0,0,0,0,0,-0.0064450144226489,0,0,0,0,0,0,0,0,0,0,0,0,0,0,0,0,0,-0.00986454682472267,0,0,0,0,0,0,0,0,0,0,-0.00224552922854131,0,0,0,0,0,0,-0.0455676386724334,0,0,0,0,0,0,0,0,0,0,0,0,0,0,0,0,0,0,0,0,0,0,0,0,0,0,0,0,0,0,0,0,0,0,0,0,0,0,0,0,0,0,0,0,0,0,0,0,0,0,0,0,0,0,0,0,0,0.0396870101830594,0,0,0,0,0,0,0,0,0,0,0,0,0,0,0,0,0,0,0,0,0,0,0,0,0,0,0,0,0,0,0,0
0.000689648078115659,0.691689932747948,0,0,0,0,0,0,0.0400003875439651,0,0,0,0,0,-0.000352562845752445,0,0,0,0,0,0,0,0,0,0,0,0,0,0,0,0,0,0,0,0,0,0,0,0,0,0,0,0,0,-0.0171351709061724,0,0,0,0,0,0,-0.0413824370134472,0,0,0,0,0,0,0,0,0,0,0,0,0,-0.0169581166214975,0,0,0,0,0,0,0,0,0,0,0,0,-0.0265125124763217,0,0,0,0,0,0,0,0,0,0,0,-0.0223974295674565,0,0,0,-0.00102916521197142,0,0,0,0,0,0,0,0,0,0,0,0,0,0,0,0,0,0,0,0,0.00972938954750296,0,0,0,0,0,0,0,0,0,0,0,0,0,0,0,0,0,0,0,0,0,0,0,0,0,0,0,0,0,0,0,0,0,0,0,0,0,0,0.00586934081395274,0,0,0,0,0,0,0,0,0,0,0,0,0,0,0,0,0,0,0,0,0,0,0,0,0,0,0,0,0,0,0,0
0.000251955385714325,0.595095541677351,0,0,0,0,0,0,0.0496643641720081,-0.00103012762858867,0,0,-0.00910214528320085,0,0,0,0,0,0,0,0,0,0,0,0,0,0,0,0,0,0,0,0,0,0,0,0,0,0,0,0,0,0,0,0,0,0,0,0,0,0,-0.0176977758768793,0,0,0,0,0,0,0,0,0,0,0,0,0,-0.00037793574206022,0,0,0,0,0,0,0,0,0,0,0,0,-0.0077028039878405,0,0,0,0,0,0,0,0,0,0,-0.00638586421635541,-0.0273124296491285,0,0,0,-0.00308741461821904,0,-0.0180882318603075,0,0,0,0,0,0,0,0,0,0,0,0,0,0,0,0,0,0,0,0,0,0,0,0,0,0,0,0,0,0,0,0,0,0,0,0,0,0,0,0,0,0,0,0,0,0,0,0,0,0,0,0,0,0,0,0,0,0.0199206037802799,0,0,0,0,0,0,0,0,0,0,0,0,0,0,0,0,0,0,0,0,0,0,0,0,0,0,0,0,0,0,0,0
0.000568602412656163,0.652013908163114,0,0,0,0,0,0,0.0895106845245224,0,0,0,0,0,0,0,0,0,0,0,0,0,0,0,0,0,0,0,0,0.0187197639726071,0,0,0,0,0,0,0,0,0,0,0,0,0,0,0,0,0,0,0,0,0,-0.0237112432511214,0,0,0,0,0,0,0,0,0,0,0,0,0,-0.00321048244159248,0,0,0,0,0,0,0,0,0,0,0,0,0,0,0,0,0,0,0,0,0,0,0,0,-0.0276330852276101,0,0,0,-0.00480379375659712,0,0,0,0,0,-0.0183225155628935,0,0,0,0,0,0,0,0,0,0,0,0,0,0,0,0,0,0,0,0,0,0,0,0,0,0,0,0,0,0,0,0,0,0,0,0,0,0,0,0,0,0,0,0,0,0,0,0,0,0,0,0,0,0.00162302222305701,0,0,0,0,0,0,0,0,0,0,0,0,0,0,0,0,0,0,0,0,0,0,0,0,0,0,0,0,0,0,0,0
0.000283737264931828,0.58880295979746,0,0,0,0,0,0,0.0878980081119079,0,0,0,0,0,0,0,0,0,0,0,0,0,0,0,0,0,0,0,0,0.00474964154645582,0,0,0,0,0,0,0,0,0,0,0,0,0,0,0,0,0,0,0,0,0,-0.00231016624844218,0,0,0,0,-0.000769908019663763,0,0,0,0,0,0,0,0,-0.00262874902630108,0,0,0,0,0,0,0,0,0,0,0,0,0,0,0,0,0.00284844982406691,0,0,0,0,0,0,0,-0.0256885341966286,0,0,0,0,0,-0.017881484910858,0,0,0,0,0,0,0,0,0,0,0,0,0,0,0,0,0,0,0,0,0,0,0,0,0,0,0,0,0,0,0,0,0,0,0,0,0,0,0,0,0,0,0,0,0,0,0,0,0,0,0,0,0,0,0,0,0,0.00255235446359441,0,0,0,0,0,0,0,0,0,0,0,0,0,0,0,0,0,0,0,0,0,0,0,0,0,0,0,0,0,0,0,0
0.000750248960946712,0.672190751102052,0,0,0,0,0,0,0.0944640076094234,0,0,0,0,0,0,0,0,0,0,0,0,0,0,0,0,0,0,0,0,0.00317163257125011,0,0,0,0,0,0,0,0,0,0,0,0,0,0,0,0,0,0,0,0,0,-0.0244956110820081,0,0,0,0,0,0,0,0,0,0,0,0,0,0,0,0,0,0,0,0,0,0,0,0,0,0,-0.00150477770803612,0,0,0,0,0,0,0,0,0,0,0,-0.0272613221934061,0,0,0,0,0,-0.0197440222689859,0,0,0,0,0,0,0,0,0,0,0,0,0,0,0,0,0,0,0,0,0,0,0,0,0,0,0,0,0,0,0,0,0,0,0,0,0,0,0,0,0,0,0,0,0,0,0,0,0,0,0,0,0,0,0,0,0,0.00964080003293516,0,0,0,0,0,0,0,0,0,0,0,0,0,0,0,0,0,0,0,0,0,0,0,0,0,0,0,0,0,0,0,0
0.000537490777125921,0.625803943244931,0,0,0,0,0,0,0.134921465857563,0,0,0,0,0,0,0,0,0,0,0,0,0,0,0,0,0,0,0,0,0.0144628535554669,0,0,0,0,0,0,0,0,0,0,0,0,0,0,0,0,0,0,0,0,0,-0.0204396415259613,0,0,0,0,-0.0000274631862416994,0,0,0,0,0,0,0,0,0,0,0,0,0,0,0,0,0,0,0,0,0,0,0,0,0,0.0133584433237564,0,0,0,0,0,0,0,-0.0288903349707622,0,0,0,-0.00629155853224386,0,-0.00497555184483519,0,0,0,-0.0122815221755073,0,0,0,0,0,0,0,0,0,0,0,0,0,0,0,0,0,0,0,0,0,0,0,0,0,0,0,0,0,0,0,0,0,0,0,0,0,0,0,0,0,0,0,0,0,0,0,0,0,0,0,0,0,0.0082160672854443,0,0,0,0,0,0,0,0,0,0,0,0,0,0,0,0,0,0,0,0,0,0,0,0,0,0,0,0,0,0,0,0
0.000894992251840132,0.567083876303637,0,0,0,0,0,0,0.201764511221021,0,0,0,-0.00500817131402446,0,0,0,0,0,0,0,0,0,0,0,-0.00296593765797632,0,0,0,0,0.00209213558661044,0,0,0,0,0,0,0,0,0,0,0,0,0,0.045378614313651,0,0,0,0,0,0,0,-0.0510821190706751,0,0,0,0,-0.00597121310211273,0,0,0,0,0,0,0,0,0,0,0,0,0,0,0,0,0,0,0,0,0,0,0,0,0,0.0447948874970282,0,0,0,0,0,0,0,-0.0508412139085066,0,0,0,-0.00470390391093813,0,0,0,0,0,0,0,0,0,0,0,0,0,0,0,0,0,0,0,0,0,0,0,0,0,0,0,0,0,0,0,0,0,0,0,0.00505246248509923,0,0,0,0,0,0,0,0,0,0.030555800983792,-0.0132613263308386,0,0,0,0,0,0,0,0,0,0,0,0,0.0083555596485121,0,0,0,-0.00847285115049609,0,0,0,0,0,0,0,0,0,0,0,0,0,0,0,0,0,0,0,0,0,0,0,0,0,0,0,0
0.000533173268255442,0.582794691203391,0,0,0,0,0,0,0.194709241475127,0,0,0,0,0,0,0,0,0,0,0,0,0,0,0,0,0,0,0,0,0.00669877315234791,0,0,0,0.0152064390449956,0,0,0,0,0,0,0,0,0,0,0,0,0,0,0,0,0,-0.0118110619463633,0,0,0,0,-0.01047734019313,0,0,0,0,0,0,0,0,0,0,0,0,0,0,0,0,0,0,0,0,0,0,0,0,0,0.0357796659946665,0,0,0,0,0,0,0,-0.0218838193704124,0,0,0,-0.00914583661239919,0,0,0,0,0,0,0,0,0,0,0,0,0,0,0,0,0,0,0,0,0,0,0,0,0,0,0,0,0,0,0,0,0,0,0,0,0,0,0,0,0,0,0,0,0,0,0,0,0,0,0,0,0,0,0,0,0,0,0,0,0,0,0,0,0,0,0,0,0,0,0,0,0,0,0,0,0,0,0,0,0,0,0,0,0,0,0,0,0,0,0,0
0.000578770119692111,0.616757169953161,0,0,0,0,0,0,0.165419822926072,0,0,0,0,0,0,0,0,0,0,0,0,0,0,0,0,0,0,0,0,0.000770660995640562,0,0,0,0.0289436942990564,0,0,0,0,0,0,0,0,0,0,0,0,0,0,0,0,0,-0.0124980981111012,0,0,0,0,-0.00948424340317846,0,0,0,0,0,0,0,0,0,0,0,0,0,0,0,0,0,0,0,-0.000560556166495642,0,0,0,0,0,0.014974727450307,0,0,0,0,0,0,0,-0.0117418695536937,0,0,0,-0.00317801564730754,0,0,0,0,0,0,0,0,0,0,0,0,0,0,0,0,0,0,0,0,0,0,0,0,0,0,0,0,0,0,0,0,0,0,0,0,0,0,0,0,0,0,0,0,0,0,0,0,0,0,0,0,0,0,0,0,0,0,0,0,0,0,0,0,0,0,0,0,0,0,0,0,0,0,0,0,0,0,0,0,0,0,0,0,0,0,0,0,0,0,0,0
0.00124384655346504,0.647880288657418,0,0,0,0,0,0,0.135903809349587,0,0,0,0,0,0,0,0,0.00707601426610473,0,0,0,0,0,0,-0.00217048522506244,0,0,0,0,0.00446748907611011,0,0,0,0,0,0,0,0,0,0,0,0,0,0.0535734212929904,0,0,0,0,0,0,0,-0.0547623159843899,0,0,0,0,-0.00338544353110571,0,0,0,0,0,0,0,0,0,0,0,0,-0.00282428847712997,0,0,0,0,0,0,0,0,-0.00833118552390903,0,0,0,0,0,0,0,0,0,0,0,-0.0234343709042129,0,0,0,0,0,0,0,0,0,0,0,0,0,0,0,0,0,0,0,0,0,-0.000616884568782581,0,0,0,0,0,0,0,0,0,0,0,0,0,0,0,0,0,0.00488314044670023,0,0,0,0,0,0,0,0,0,0.0221075472902497,0,0,0,0,0,0,0,0,0,0,0,0,0,0,0,0,0,0,0,0,0,0,0,0,0,0,0,0,0,0,0,0,0,0,0,0,0,0,0,0,0,0,0,0,0,0
0.000881546113337853,0.641469595612863,0,0,0,0,0,0,0.1670831004396,0,0,0,0,0,-0.00726804698307953,0,0,0,0,0,0,0,0,0,0,0,0,0,0,0.00903023302198944,0,0,0,0.034708788787874,0,0,0,0,0,0,0,0,0,0,0,0,0,0,0,0,0,-0.0165443895583713,0,0,0,0,-0.00545788446968424,0,0,0,0,0,0,0,0,0,0,0,0,0,0,0,0,0,0,0,0,0,0,0,0,0,0.0213139429630809,0,0,0,0,0,0,0,-0.00428471390085315,0,0,0,0,0,0,0,0,0,0,0,0,0,0,0,0,0,0,0,0,0,0,0,0,0,0,0,0,0,0,0,0,0,0,0,0,0,0,0,0,0,0,0,0,0,0,0,0,0,0,-0.00798942085671009,0,0,0,0,0,0,0,0,0,0,0,0,0,0,0,0,-0.00342574901366591,0,0,0,0,0,0,0,0,0,0,0,0,0,0,0,0,0,0,0,0,0,0,0,0,0,0,0,0
NA,NA,NA,NA,NA,NA,NA,NA,NA,NA,NA,NA,NA,NA,NA,NA,NA,NA,NA,NA,NA,NA,NA,NA,NA,NA,NA,NA,NA,NA,NA,NA,NA,NA,NA,NA,NA,NA,NA,NA,NA,NA,NA,NA,NA,NA,NA,NA,NA,NA,NA,NA,NA,NA,NA,NA,NA,NA,NA,NA,NA,NA,NA,NA,NA,NA,NA,NA,NA,NA,NA,NA,NA,NA,NA,NA,NA,NA,NA,NA,NA,NA,NA,NA,NA,NA,NA,NA,NA,NA,NA,NA,NA,NA,NA,NA,NA,NA,NA,NA,NA,NA,NA,NA,NA,NA,NA,NA,NA,NA,NA,NA,NA,NA,NA,NA,NA,NA,NA,NA,NA,NA,NA,NA,NA,NA,NA,NA,NA,NA,NA,NA,NA,NA,NA,NA,NA,NA,NA,NA,NA,NA,NA,NA,NA,NA,NA,NA,NA,NA,NA,NA,NA,NA,NA,NA,NA,NA,NA,NA,NA,NA,NA,NA,NA,NA,NA,NA,NA,NA,NA,NA,NA,NA,NA,NA,NA,NA,NA,NA,NA,NA,NA,NA,NA,NA,NA
0.00095370864387917,0.676704304606098,-0.00112457376743956,0,0,0,0,0,0.0797613560920631,0,0,0,0,0,0,0,0,0.001649454724433,0,0,0,0,0,0,0,0,0,0,0,0.0287533713040292,0,0,0,0,0,0,0,0,0,0,0,0,0,0.0231998828929949,0,0,0,0,0,0,0,-0.0537802908054916,0,0,0,0,-0.0117219662924589,0,0,0,0,0,0,0,0,-0.00858063511881719,0,0,0,0,0,0,0,0,0,0,0,0,-0.00460764744743321,0,0,0,0,0,0,0,0,0,0,0,-0.0154839555179207,0,0,0,0,0,0,0,0,0,0,0,0,0,0,0,0,0,0,0,0,0,-0.00922297847719036,0,0,0,0,0,0,0,0,0,0,0,0,0,0,0,0,0,0,0,0,0,0,0,0,0,0,0,0.0158432035046588,0,0,0,0,0,0,0,0,0,0,0,0,0,0,0,0,0,0,0,0,0,0,0,0,0,0,0,0,0,0,0,0,0,0,0,0,0,0,0,0,0,0,0,0,0,0
NA,NA,NA,NA,NA,NA,NA,NA,NA,NA,NA,NA,NA,NA,NA,NA,NA,NA,NA,NA,NA,NA,NA,NA,NA,NA,NA,NA,NA,NA,NA,NA,NA,NA,NA,NA,NA,NA,NA,NA,NA,NA,NA,NA,NA,NA,NA,NA,NA,NA,NA,NA,NA,NA,NA,NA,NA,NA,NA,NA,NA,NA,NA,NA,NA,NA,NA,NA,NA,NA,NA,NA,NA,NA,NA,NA,NA,NA,NA,NA,NA,NA,NA,NA,NA,NA,NA,NA,NA,NA,NA,NA,NA,NA,NA,NA,NA,NA,NA,NA,NA,NA,NA,NA,NA,NA,NA,NA,NA,NA,NA,NA,NA,NA,NA,NA,NA,NA,NA,NA,NA,NA,NA,NA,NA,NA,NA,NA,NA,NA,NA,NA,NA,NA,NA,NA,NA,NA,NA,NA,NA,NA,NA,NA,NA,NA,NA,NA,NA,NA,NA,NA,NA,NA,NA,NA,NA,NA,NA,NA,NA,NA,NA,NA,NA,NA,NA,NA,NA,NA,NA,NA,NA,NA,NA,NA,NA,NA,NA,NA,NA,NA,NA,NA,NA,NA,NA
0.0013930407633391,0.638724836919044,-0.00858212127892905,0,0,0,0,0,0.106947353330155,0,0,0,0,0,0,0,0,0.00345677542392239,0,0,0,0,0,0,-0.00301448024468281,0,0,0,0,0.0124248326736905,0,0,0,0.049459478296831,0,0,0,0,0,0,0,0,0,0,0,0,0,0,0,0,0,-0.0454567163005866,0,0,0,0,0,0,0,0,0,0,0,0,0,0,0,0,0,0,0,0,0,0,0,0,-0.00835926745926268,0,0,0,0,0,0,0,0,0,0,0,0,0,0,-0.0146513071330234,0,0,0,0,0,0,0,0,0,0,0,0,0,0,0,0,0,-0.0189835607986048,0,0,-0.0026990029186279,0,0,0,0,0,0,0,0,0,0,0,0,0,0,0,0,0.0737510435154563,0.0116298900488687,0,0,0,0,0,0,0,0,0,0.00319332599855318,-0.043424690491763,0,0,0,0,0,0,0,0,0,0,0,0,0,0,0,0,0,0,0,0,0,0,0,0,0,0,0,0,0,0,0,0,0,0,0,0,0,0,0,0,0,0,0,0,0
0.0014980546613257,0.666031290422016,-0.0054740126385356,0,0,0,0,0,0.136783120457265,0,0,0,0,0,0,0,0,0,0,0,0,0,0,0,0,0,0,0,0,0.0116810099757586,0,0,0,0.0816831694391659,0,0,0,0,0,0,0,0,0,0,0,0,0,0,0,0,0,-0.0485929564928176,0,0,0,0,0,0,0,0,0,0,0,0,0,0,0,0,0,0,0,0,0,0,0,0,0,0,-0.0146467040916293,0,0,0,0,0,0,0,0,0,0,0,0,-0.0317097379200384,0,0,0,0,0,0,0,0,0,0,0,0,0,0,0,0,0,-0.0197480757050487,0,0,0,0,0,0,0,0,0,0,0,0,0,0,0,0,0,0,0,0.0768490143107094,0,0,0,0,-0.0135297151615126,0,0,0,0,0,0.0447975495841045,-0.0329634753451461,0,0,0,0,0,0,0,0,0,0,0,0,0,0,0,0,0,0,0,0,0,0,0,0,0,0,0,0,0,0,0,0,0,0,0,0,0,0,0,0,0,0,0,0.006336046443791,0
0.00161273873786866,0.682282653486599,-0.0328751161522014,0,0,0,0,0,0.0962490128718155,0,0,0,0,0,0,0,0,0,0,0,0,0,0,0,0,0,0,0,0,0.0314256945929656,0,0,0,0.0795522700510926,0,0,0,0,0,0,0,0,0,0,0,0,0,0,0,0,0,-0.0357253167458578,0,0,0,0,0,0,0,0,0,0,0,0,0,0,0,0,0,0,0,0,0,0,0,0,0,0,-0.0062030740701727,0,0,0,0,0,0,0,0,0,0,0,0,-0.0188809341852381,0,0,0,0,0,0,0,0,0,0,0,0,0,0,-0.013276692955059,0,0,-0.0517914540383764,0,0,0,0,0,0,0,0,0,0,0,0,0,0,0,0,0,0,0,0.0650205397998242,0.0447841486481446,0,0,0,0,0,0,0,0,0,0.00452440039884,-0.0602648145093098,0,0,0,0,0,0,0,0,0,0,0,0,0,0,0,0,0,0,0,0,0,0,0,0,0,0,0,0,0,0,0,0,0,0,0,0,0,0,0,0,0,0,0,0,0
0.00149325810689951,0.668445107154125,-0.045196191369121,0,0,0,0,0,0.0790301051541162,0,0,0,0,0,0,0,0,0.00220477526206102,0,0,0,0,0,0,0,0,0,0,0,0.0279190790691896,0,0,0,0.0663609228770281,0,0,0,0,0,0,0,0,0,0,0,0,0,0,0,0,0,-0.0385954272637581,0,0,0,0,0,0,0,0,0,0,0,0,0,0,0,0,0,0,0,0,0,0,0,0,0,0,-0.00166839127886809,0,0,0,0,0,0,0,0,0,0,0,0,-0.0106033442168169,0,0,0,0,0,0,0,-0.0109910766573845,0,0,0,0,0,0,-0.0380917293787383,0,0,-0.0374785354751064,0,0,0,0,0,0,0,0,0,0,0,0,0,0,0,0,0,0,0,0.05784878426765,0.0627937696008106,0,0,0,0,0,0,0,0,0,0.000556676173903612,-0.0552016457896775,0,0,0,0,0,0,0,0,0,0,0,0,0,0,0,0,0,0,0,0,0,0,0,0,0,0,0,0,0,0,0,0,0,0,0,0,0,0,0,0,0,0,0,0,0
0.00161025119898214,0.743444719696657,-0.03430729379715,0,0,0,0,0,0.147408504100368,0,0,0,0,0,0,0,0,0,0,0,0,0,0,0,0,0,0.0135456056313039,0,0,0.0814836632052517,0,0,0,0.114405819197674,0,0,0,0,0,0,0,0,0,0,0,0,0,0,0,0,0,-0.0281277329118402,0,0,0,0,0,0,0,0,0,0,0,0,0,0,0,0,0,0,0,0,0,0,0,0,0,0,0,0,0,0,0,0,0,0,0,0,0,0,0,-0.00232582484784132,0,0,0,0,0,0,0,0,0,0,0,0,0,0,0,0,0,0,0,0,0,0,0,0,0,0,0,0,0,0,0,0,0,0,0,0,0,0.0364616736043855,0.00381527655457865,0,0,0,0,0,0,0,0,0,0,-0.000938818297974941,0,0,0,0,-0.000571133139908977,0,0,0,0,0,0,0,0,0,0,0,0,0,0,0,0,0,0,0,0,0,0,0,0,0,0,0,0,0,0,0,0,0,0,0,0,0,0,0,0
0.00167644206963791,0.758299203853526,-0.0363336956186062,0,0,0,0,0,0.124362132351685,0,0,0,0,0,0,0,0,0,0,0,0,0,0,0,0,0,0.00835387512976659,0,0,0.0880917579650187,0,0,0,0.120010879452274,0,0,0,0,0,0,0,0,0,0,0,0,0,0,0,0,0,-0.0398233195283969,0,0,0,0,0,0,0,0,0,0,0,0,0,0,0,0,0,0,0,0,0,0,0,0,0,0,-0.000514975200600891,0,0,0,0,0,0,0,0,0,0,0,0,-0.0302026252079166,0,0,0,0,0,0,0,0,0,0,0,0,0,0,0,0,0,0,0,0,0,0,0,0,0,0,0,0,0,0,0,0,0,0,0,0,0,0.0139372393941984,0.00735710170485535,0,0,0,0,0,0,0,0,0,0.0114376798907358,-0.015461029717843,0,0,0,0,-0.0000910746759423877,0,0,0,0,0,0,0,0,0,0,0,0,0,0,0,0,0,0,0,0,0,0,0,0,0,0,0,0,0,0,0,0,0,0,0,0,0,0,0,0
0.00206035471596161,0.778699400624404,-0.0530853021567911,0,0,0,0,0,0.102444542068552,0,0,0,0,0,0,0,0,0,0,0,0,0,0,0,0,0,0,0,0,0.0863846831724874,0,0,0,0.104108423271583,0,0,0,0,0,0,0,0,0,0,0,0,0,0,0,0,0,-0.0318356625652122,0,0,0,0,0,0,0,0,0,0,0,0,0,0,0,0,0,0,0,0,0,0,0,0,0,0,0,0,0,0,0,0,0,0,0,0,0,0,0,-0.0374788996681371,0,0,0,0,0,0,0,-0.0114646924297833,0,0,0,0,0,0,0,0,0,0,0,0,0,0,0,0,0,0,0,0,0,0,0,0,0,0,0,0,0,0,0.0226859954724579,0,0,0,0,0,0,0,0,0,0.0203868492749505,-0.0251396394814934,0,0,0,0,0,0,0,0,0,0,0,0,0,0,0,0,0,0,0,0,0,0,0,0,0,0,0,0,0,0,0,0,0,0,0,0,0,0,0,0,0,0,0,0,0
0.00184530428363578,0.754677590495276,-0.031928232764921,0,0,0,0,0,0.108724877408738,0,0,0,0,0,0,0,0,0,0,0,0,0,0,0,0,0,0.0722475474232638,0,0,0.0744647140430309,0,0,0,0.0971397009092109,0,0,0,0,0,0,0,0,0,0,0,0,0,0,0,0,0,-0.0598000535734513,0,0,0,0,0,-0.000201530456522695,0,0,0,0,0,0,0,0,0,0,0,-0.00590421822426697,0,0,0,0,0,-0.0289298325812088,0,0,-0.0228515630033547,0,0,0,0,0,0,0,0,0,0,0,0,-0.0765735503403957,0,0,0,0,0,0,0,-0.0118857761272282,0,0,0,0,0,0,0,0,0,-0.00575845251260071,0,0,0,0,0,0,0,0,0,0,0,0,0,0,0,0,0,0,0,0,0.0405836919805401,0,0,0,0,0,0,0,0,0,0.0170915415536021,-0.0275619535428837,0,0,0,0,-0.0111806687380883,0,0,0,0,0,0,0,0,0,0,0,0,0,0,0,0,0,0,0,0,0,0,0,0,0,0,0,0,0,0,0,0,0,0,0,0,0,0,0,0
0.00145438437066046,0.738578735072446,-0.0363967642477672,0,0,0,0,0,0.153608141840609,0,0,0,0,0,-0.00817296954881551,0,0,0,0,0,0,0,0,0,0,0,0.0305604978588866,0,0,0.0758714535905418,0,0,0,0.182831187115049,0,-0.0413325666680255,-0.00465048901764439,0,0,0,0,0,0,0,0,0,0,0,0,0,0,-0.0491409080480943,0,0,0,0,0,-0.00539585574093434,0,0,0,0,0,0,0,0,0,0,0,0,0,0,0,0,0,0,0,0,-0.0305594106092442,0,0,0,0,0,0,0,0,0,0,0,0,-0.0736927998679574,0,0,0,0,0,0,0,0,0,0,0,0,0,0,0,0,0,0,0,0,0,0,0,0,0,0,0,0,0,0,0,0,0,0,0,0,0,0.0531282678191885,0.032596390958239,0,0,0,-0.00199739012565607,0,0,0,0,0,0.0091082560097678,-0.0282225475033052,0,0,0,0,0,0,0,0,0,0,0,0,0,0,0,0,0,0,0,0,0,0,0,0,0,0,0,0,0,0,0,0,0,0,0,0,0,0,0,0,0,-0.000314447293925998,0,0,0
NA,NA,NA,NA,NA,NA,NA,NA,NA,NA,NA,NA,NA,NA,NA,NA,NA,NA,NA,NA,NA,NA,NA,NA,NA,NA,NA,NA,NA,NA,NA,NA,NA,NA,NA,NA,NA,NA,NA,NA,NA,NA,NA,NA,NA,NA,NA,NA,NA,NA,NA,NA,NA,NA,NA,NA,NA,NA,NA,NA,NA,NA,NA,NA,NA,NA,NA,NA,NA,NA,NA,NA,NA,NA,NA,NA,NA,NA,NA,NA,NA,NA,NA,NA,NA,NA,NA,NA,NA,NA,NA,NA,NA,NA,NA,NA,NA,NA,NA,NA,NA,NA,NA,NA,NA,NA,NA,NA,NA,NA,NA,NA,NA,NA,NA,NA,NA,NA,NA,NA,NA,NA,NA,NA,NA,NA,NA,NA,NA,NA,NA,NA,NA,NA,NA,NA,NA,NA,NA,NA,NA,NA,NA,NA,NA,NA,NA,NA,NA,NA,NA,NA,NA,NA,NA,NA,NA,NA,NA,NA,NA,NA,NA,NA,NA,NA,NA,NA,NA,NA,NA,NA,NA,NA,NA,NA,NA,NA,NA,NA,NA,NA,NA,NA,NA,NA,NA
0.00183358610858237,0.848874621207754,-0.0275622561933716,0,0,0,0,0,0.144679893607574,0,-0.0331321773219573,0,0,0,0,0,0,0,0,0,0,0,0,0,0,0,0.0830064426339166,0,0,0.145930041465119,0,0,0,0.188547355161158,0,-0.00429745277549058,0,0,0,0,0,0,0,0,0,0,0,0,0,0,0,-0.0604212484488421,0,0,0,0,0,-0.00796084895803845,0,0,0,0.0152010403405068,0,0,0,0,0,0,0,0,0,0,0,0,0,0,0,0,-0.0256704067578925,0,0,0,0,0,0,0,0,0,0,0,0,-0.0511847389759588,0,0,0,0,0,0,0,-0.00286801595934184,0,0,0,0,0,0,0,0,0,0,0,0,0,0,0,0,0,0,0,0,0,0,0,0,0,0,0,0,0,0.0122879409600762,0.0328502577020011,0,0,0,-0.0119399568171271,0,0,0,0,0,0,-0.0545046262177737,0,0,0,0,-0.0158811175841854,0,0,0,0,0,0,0,0,0,0,0,0,0,0,0,0,0,0,0,0,0,0,0,0,0,0,0,-0.00768501327005667,0,0,0,0,0,0,0,0,0,0,0,0
NA,NA,NA,NA,NA,NA,NA,NA,NA,NA,NA,NA,NA,NA,NA,NA,NA,NA,NA,NA,NA,NA,NA,NA,NA,NA,NA,NA,NA,NA,NA,NA,NA,NA,NA,NA,NA,NA,NA,NA,NA,NA,NA,NA,NA,NA,NA,NA,NA,NA,NA,NA,NA,NA,NA,NA,NA,NA,NA,NA,NA,NA,NA,NA,NA,NA,NA,NA,NA,NA,NA,NA,NA,NA,NA,NA,NA,NA,NA,NA,NA,NA,NA,NA,NA,NA,NA,NA,NA,NA,NA,NA,NA,NA,NA,NA,NA,NA,NA,NA,NA,NA,NA,NA,NA,NA,NA,NA,NA,NA,NA,NA,NA,NA,NA,NA,NA,NA,NA,NA,NA,NA,NA,NA,NA,NA,NA,NA,NA,NA,NA,NA,NA,NA,NA,NA,NA,NA,NA,NA,NA,NA,NA,NA,NA,NA,NA,NA,NA,NA,NA,NA,NA,NA,NA,NA,NA,NA,NA,NA,NA,NA,NA,NA,NA,NA,NA,NA,NA,NA,NA,NA,NA,NA,NA,NA,NA,NA,NA,NA,NA,NA,NA,NA,NA,NA,NA
0.000985798399135665,0.603834667605988,-0.0468888539299622,0,0,0,0,0,0.172173678446124,0,-0.0432534311152686,0,0,0,-0.00486317366479666,0,0,0,0,0,0,0,-0.0100774908873485,0,0,0,0.0829332624659383,0,0,0.102605046955425,0,-0.0372259801555254,0,0.454840899148836,0,0,0,0.0943142948009604,0,0,0,0,0,0,0,0,0,0,0,0,0,-0.123848856135442,0,0.0188252393765755,0,0,-0.0387254621652075,-0.0339078031692807,0,0,0,0.112723034572318,0,0,0,0,0,0,0,0,0,0,0,0,0,0,0,0,-0.0249667195843653,0,0,0,0,0,-0.000475191395920729,-0.0158243324420115,0,0,0,0,0,-0.0393990383233701,0,0,0,0,0,0,0,-0.0344240232069296,0,0,0,0,0,0,0,0,0,-0.0528137225350116,0,0,0,0,0,0,0,0,0,0,0,0,0,0,0,0,0,0,0,0.0171195279137416,0.0692089641616183,0,0,0,-0.0314548850267122,0,0,0,0,0,0,-0.0303037799940507,0,0,0,0,-0.124257218599353,0,0,0,0,0,0.102008331815287,0,0,0,0,0,0,0,0,0,-0.0316166910629401,0,0,0,0,0,0,0,0,0,0,0,0,0,0,0,0,0,0.00227385925473514,0,0,-0.0247378632940206,0,0,0
0.000923797704734123,0.599029997501137,-0.0810987495375561,0,0,0,0,0,0.142272449719569,0,0,0,0,0,0,0,0,0,0,0,0,0,-0.00733054982945802,0,0,0,0,0,0,0.0730159034519773,0,0,0,0.188283328442999,0,-0.00949269365215635,0,0,0,0,0,0,0,0,0,0,0,0,0,0,0,-0.0949254225893984,0,0,0,0,-0.0210157011520086,-0.00892288875273556,0,0,0,0,0,0,0,0,0,0,0,0,0,0,0,0,0,0,0,0,-0.0506070683489926,0,0,0,0,0,0,0,0,0,0,0,0,-0.0250477959258465,0,0,0,0,0,0,0,-0.0345423293382175,0,0,0,0,0,0,0,0,0,-0.00521283599129682,0,0,0,0,0,0,0,0,0,0,0,0,0,0,0,0,0,0,0,0.0208707262116592,0.000913617025162151,0,0,0,-0.000564260536176966,0,0,0,0,0,0.0385165683960847,-0.106420327251111,0,0,0,0,0,0,0,0,0,0,0,0,0,0,0,0,0,0,0,0,0,0,0,0,0,0,0,0,0,0,0,0,0,-0.0168331185764704,0,0,0,0,0,0,0,0,0,0,0
0.000837290694411536,0.492457540044094,-0.0574249475070852,0,0,0,0,0,0.184024276088414,0,-0.0520886472997094,0,0,0,-0.00134671292236593,0,0,0,0,0,0,0,0,0,0,0,0.0002330735168409,0,0,0.0458609304626156,0,0,0,0.303218390406523,0,-0.0176729340684268,0,0,0,0,0,0,0,0,0,0,0,0,0,0,0,-0.0737690398141094,0,0,0,0,0,-0.0228817304387864,0,0,0,0.0719659418226713,0,0.0158376600634374,0,0,0,0,0,-0.0796232919895671,0,0,0,0,0,0,0,0,-0.00686213508541388,0,0,0,0,0,0,0,0,0,0,0,0,0,0,0,0,0,0,0,0,0,-0.0142215089520736,0,0,0,0,0,0,0,0,0,0,0,0,0,0,0,0,0,0,0,0,0,0,0,0,0,0,0,0,0.0304378610016541,0,0,0,0,0,0,0.00233334007824266,0,0,0,0,-0.0571299571569304,0,0,0,0,-0.0422380871315242,-0.0206466371325749,0,0,0,0,0.0243830727642016,0,0,0,0,0,-0.00469942544010216,0,0,0,0,0,0,0,0,0,0,0,0,0,0,0,0,0,0,0,0,0,0,-0.00802951165388129,0,0,0,0,0
0.000897051783788024,0.512327708794805,0,0,0,0,0,0,0.253707753757962,0,-0.0131440451149378,0,0,0,-0.00838717484721185,0,0,0,0,0,0,0,-0.00258546539776076,0,0,0,0,0,0,0.0184085887872297,0,-0.0206145216290953,0,0.347896338300922,0,0,-0.00484744770312526,0.0339332657154412,0,0,0,0,0,0,0,0,0,0,0,0,0,-0.108624643944196,0,0,0,0,-0.0642694088982954,-0.0227415622511639,0,0,0,0.0937287031353702,0,0.00803474575929831,0,0,0,0,0,-0.0568947907301025,0,0,0,0,0,0,0,0,0,0,0,0,0,0,0,0,0,0,0,0,0,-0.00638513970303857,0,0,0,0,0,0,0,0,0,0,0,0,0,0,0,0,0,0,0,0,0,0,0,0,0,0,0,0,0,0,0,0,0,0,0,0,0,0.00781695458111452,0.0137255351948351,0,0,0,-0.00843502145824681,0,0,0,0,0,0,-0.0229035173865049,0,0,0,0,-0.110161798051118,-0.0400663927926444,0,0,0,0,0.057535859340499,0,0,0,0,0,-0.0602173203316932,0,0,0,0,0,0,0,0,0,0,0,0,0,0,0,0,0,0,0,0,0,0,0,0,0,0,0,0
0.000106929448219832,0.354098922297976,0,0,0,0,0,0,0.242074100580798,0,-0.064268349355783,0,0,0,-0.00970957485898404,0,0,0,0,0,0,0,0,0,0,0,0,0,0,0.0194793669010283,0,0,0,0.162808762645675,0,0,0,0,0,0,0,0,0,0,0,0,0,-0.00615606963638364,0,0,0,-0.0410882142570357,0,0,0,0,0,0,0,0,0,0.0601227661324528,0,0.0013158971874283,0,0,0,0,0,-0.110727943959683,0,0,0,0,0,0,0,0,0,0,0,0,0.0170748622531245,0,0,0,0,0,0,0,0,0,0,0,0,0,0,-0.00492037123622429,0,0,0,0,0,0,0,0,0,0,0,0,0,0,0,0,0,0,0,0,0,0,0,0,0,0,0,0,0,0,0,0,0,0,0,0,0,0,0.0618602781813879,0,0,0,0,-0.0569863293697246,0,0,-0.00858684099062998,0,-0.0249006617049249,0,0,0,0,0,0,0,0,0,0,0,-0.0512505508508605,0,0,0,0,0,0,0,0,0,0,0,0,0,0,0,0,-0.0140947341441433,0,0,0,0,0,-0.0209202338237049,0,0,0.00732654644426506,0,0
0.000309920066568706,0.523691324236782,0,0,0,0,0,0,0.236792128752746,0,-0.000968791520958476,0,0,0,-0.00783786692296492,0,0,0,0,0,0,0,0,0,0,0,0,0,0,0.0227111875480497,0,0,0,0.0245716778912597,0,0,0,0,0,0,0,0,0,0,0,0,0,0,0,0,0,-0.000496395569463328,0,0,0,0,0,0,0,0,0,0,0,0,0,0,0,-0.00611971144999511,0,-0.0326130319529118,0,0,0,0,0,0,0,0,0,0,0,0,0.0271026918956286,0,0,0,0,0,0,0,0,0,0,0,0,0,0,0,0,0,0,0,0,0,0,0,0,0,0,0,0,0,0,0,0,0.0197294918287369,0,0,0,0,0,0,0,0,0,0,0,0,0,0,0,0,0,0,0,0,0.0628081371138329,0,0,0,0,-0.013115068267829,0,0,0,0,0,-0.00806902106480749,0,0,0,0,0,0,0,0,0,0,-0.0597022538077987,0,0,0,0,0,0,0,0,0,0,0,0,0,0,0,0,0,0,0,0,0,0,0,0,0,0,0,0
0.000537858029875988,0.558033844862513,0,0,0,0,0,0,0.207043886972065,0,0,0,0,0,-0.0298965155556728,0,0,0,0,0,0,0,0,0,0,0,0,0,0,0.0395801584293735,0,0,0,0.0637142615304931,0,0,0,0,0,0,0,0,0,0,0,0,0,0,0,0,0,-0.0306583707824964,0,0,0,0,-0.0156429675699668,0,0,0,0,0,0,0,0,0,0,-0.00251450422728328,0,-0.0244032358463135,0,0,0,0,0,0,0,0,0,0,0,0,0,0,0,0,0,0,0,0,0,0,0,0,0,0,0,0,0,0,0,0,0,0,0,0,0,0,0,0,0,0,0,0,0,0,0,0,0,0,0,0,0,0,0,0,0,0,0,0,0,0,0,0,0,0,0.0186307462812457,0,0,0,0,-0.0251025705761663,0,0,0,0,0,-0.011493873411275,0,0,0,0,0,0,0,0,0,0,-0.0125192838379086,0,0,0,0,0,0,0,0,0,0,0,0,0,0,0,0,0,0,-0.0017806262101877,0,0,0,0,0,0,0,0,0
0.000177972225786826,0.548939275795944,0,0,0,0,0,0,0.188136284385556,0,0,0,0,0,-0.0237911437855045,0,0,0,0,0,0,0,0,0,0,0,0,0,0,0.0403634981439196,0,0,0,0.0265781105894151,0,0,0,0,0,0,0,0,0,0,0,0,0,0,0,0,0,-0.012286916604791,0,0,0,0,-0.00526651519570876,0,0,0,0,0,0,0,0,0,0,-0.00366378560751236,0,-0.0183724048762284,0,0,0,0,0,0,0,0,0,0,0,0,0,0,0,0,0,0,0,0,0,0,0,0,0,0,0,0,0,0,0,0,0,0,0,0,0,0,0,0,0,0,0,0,0,0,0,0,0,0,0,0,0,0,0,0,0,0,0,0,0,0,0,0,0,0,0,0,0,0,0,0,0,0,0,0,0,-0.00123583060870594,0,0,0,0,0,0,0,0,0,0,-0.0144396640876676,0,0,0,0,0,0,0,0,0,0,0,0,0,0,0,0,0,0,0,0,0,0,0,0,0,0,0,0
0.000659125616185651,0.609408927487648,0,0,0,0,0,0,0.226399538726549,0,0,0,0,0,-0.0161193160575923,0,0,0,0,0,0,0,0,0,0,0,0,0,0,0.018011486552716,0,0,0,0.0174873091383571,0,0,0,0,0,0,0,0,0,0,0,0,0,0,0,0,0,-0.0114954041235106,0,0,0,0,0,0,0,0,0,0,0,0,0,0,0,-0.0229818185353295,0,-0.0236528131217396,0,0,0,0,0,0,0,0.000749414265270346,0,0,0,0,0.0397556402034492,0,0,0,0,0,0,0,0,0,0,0,0,0,0,0,0,0,0,0,0,0,0,0,0,0,0,0,0,0,0,0,0,0.0293243705123508,0,0,0,0,0,0,0,0,0,0,0,-0.00908033440030361,0,0,0,0,0,0,0,0,0.0551427142730539,0,0,0.00436227573359909,0,0,0,0,0,0,0,0,0,0,0,0,0,0,0,0,0,0,-0.0137103425059907,0,0,0,0,0,0,0,0,0,-0.00208587986867936,0,0,0,0,0,0,0,0,0,0,0,0,0,0,0,0,0,0
0.00056153192167663,0.602045483255673,0,0,0,0,0,0,0.230588885816692,0,-0.000296060276615971,0,0,0,-0.00176287055451393,0,0,0,0,0,0,0,0,0,0,0,0,0,0,0.0190063433502415,0,0,0,0.01658302461236,0,0,0,0,0,0,0,0,0,0,0,0,0,-0.00436493700992299,0,0,0,0,0,0,0,0,0,0,0,0,0,0,0,0,0,0,0.000368482688414751,-0.0161934573090134,0,-0.0235887454508306,0,0,0,0,0,0,0,0,0,0,0,0,0.0330171990873632,0,0,0,0,0,0,0,0,0,0,0,0,0,0,0,0,0,0,0,0,0,0,0,0,0,0,0,0,0,0,0,0,0.0280197266122632,0,0,0,0,0,0,0,0,0,0,0,0,0,0,0,0,0,0,0,0,0.0748262109112126,0,0,0.00433254018481138,0,0,0,0,0,0,0,0,0,0,0,0,0,0,0,0,0,0,-0.0143081094799864,0,0,0,0,0,0,0,0,0,0,0,0,0.0050548243518842,0,0,0,0,0,0,0,0,0,0,0,0,0,0,0
0.000273708137652644,0.541929997637756,0,0,0,0,0,0,0.20846234804455,0,0,0,0,0,0,0,0,0,0,0,0,0,0,0,0,0,0,0,0,0.0194518430726873,0,0,0,0.0782992152251653,0,0,0,0,0,0,0,0,0,0,0,0,0,0,0,0,0,0,0,0,0,0,0,0,0,0,0,0,0,0,0,0,0,0,0,-0.0216200253834936,0,0,0,0,0,0,0,0,0,0,0,0,0.0169200358273439,0,0,0,0,0,0,0,0,0,0,0,0,0,0,0,0,0,0,0,0,0,0,0,0,0,0,0,0,0,0,0,0,0.0284457157447597,0,0,0,0,0,0,0,0,0,0,0,-0.00719467032672544,0,0,0,0,0,0,0,0,0.0464282955192774,0,0,0,0,-0.00797041895128127,0,0,0,0,0,-0.011136185623864,0,0,0,0,0,0,0.00440534221309381,0,0,0,-0.00750019693043881,0,0,0,0,0,0,0,0,0,0,0,0,0,0,0,0,0,0,0,0,0,0,0,0,0,0,0,0
-0.0000760743084625075,0.522802781193308,0,0,0,0,0,0,0.192372814289287,0,0,0,0,0,-0.00146975516300342,-0.0154891541522955,0,0,0,0,0,0,0,0,0,0,0,0,0,0.0173626262537035,0,0,0,0.104813831329221,0,-0.000455725009480839,0,0,0,0,0,0,0,0,0,0,0,0,0,0,0,0,0,0,0,0,0,0,0,0,0,0,0,0,0,0,0.0056622296947772,-0.000341275191580103,0,-0.011364411122631,0,0,0,0,0,0,0,0,0,0,0,0,0.0124709384682138,0,0,0,0,0,0,0,-0.00139041742011246,0,0,0,0,0,0,0,0,0,0,0,0,0,0,0,0,0,0,0,0,0,0,0,0,0,0,0,0,0,0,0,0,0,0,0,0,0,0,0,0,0,0,0,0,0,0.0121090663478768,0,0,0,0,-0.0228110062732203,0,0,0,0,0,-0.0365823386704836,0,0,0,0,0,0,0,0,0,0,-0.0267412327606582,0,0,0,0,0,0,0,0,0,0,0,0,0,0,0,0,0,0,0,0,0,0,0,0,0,0,0,0
-0.000209666584722722,0.508145538195715,0,0,0,0,0,0,0.182274129729658,0,0,0,0,0,-0.00785635784515095,0,0,0,0,0,0,0,0,0,0,0,0,0,0,0.00992503048738504,0,0,0,0.0411011412502809,0,0,-0.00823486271525737,0,0,0,0,0,0,0,0,0,0,0,0,0,0,0,0,0,0,0,-0.0231745657304617,0,0,0,0,0,0,0,0.00282832872993552,0,0,0,0,-0.00228759580455066,0,0,0,0,0,0,0,0,0,0,0,0,0.00882788205325428,0,0,0,0,0,0,0,0,0,0,0,0,0,0,0,0,0,0,0,0,0,0,0,0,0,0,0,0,0,0,0,0,0,0,0,0,0,0,0,0,0,0,0,0,0,0,0,0,0,0,0,0,0,0.0455157552805349,0,0,0,0,-0.0226864970970813,0,0,0,0,-0.00323808388633387,-0.00147204006998398,0,0,0,0,0,0,0,0,0,0,0,0,0,0,0,0,0,0,0,0,-0.0180408695583164,0,0,0,0,0,0,0,0,0,0,0,0,0,0,0,0,0,0
0.000632362217795499,0.597099267201922,0,0,0,0,0,0,0.127184417128048,0,0,0,0,0,0,0,0,0,0,0,0,0,0,0,0,0,0,0,0,0.0404828982778087,0,0,0,0.00518372590215846,0,0,0,0,0,0,0,0,0,0.0074993422115423,0,0,0,0,0,0,0,-0.0391495636078253,0,0,0,0,-0.0160927735170112,0,0,0,0,0,0,0,0,0,0,0,0,0,0,0,0,0,0,0,0,0,-0.0131105545688417,0,0,0,0,0,0,0,0,0,0,0,-0.0252644240203932,0,0,0,0,0,0,0,0,0,0,0,0,0,0,0,0,0,0,0,0,0,0,0,0,0,0,0,0,0,0,0,0,0,0,0,0,0,0,0,0,0,0,0,0,0,0,0,0,0,0,0,0,0,0,0,0,0,0,0,0,0,0,0,0,0,0,0,0,0,0,0,0,0,0,0,0,0,0,0,0,0,0,0,0,0,0,0,0,0,0,0,0,0,0,0,0
0.0000992621971108385,0.477459874768561,0,0,0,0,0,0,0.190248811337706,0,-0.0118649638932411,0,0,0,0,0,0,0,0,0,0,0,0,0,0,0,0,0,0,0.0297380303336018,0,0,0,0.0709199788851786,0,0,0,0,0,0,0,0,0,0,0,0,0,0,0,0,0,-0.0182159056121479,0,0,0,0,-0.0233154168825209,0,0,0,0,0,0,0,0,0,0,0,0,-0.0247489345739888,0,0,0,0,0,0,0,0.000761492472954717,0,0,0,0,0.0150163211070137,0,0,0,0,0,0,0,-0.0137689590135949,0,0,0,0,0,0,0,0,0,0,0,0,0,0,0,0,0,0,0,0,0,0,0,0,0,0,0,0,0,0,0,0,0,0,0,0,0,0,0,0,0,0,0,0,0,0,0,0,0,0,-0.000576359518456594,0,0,0,0,0,0,0,0,0,0,0,0,0,0,0,0,-0.035925306137273,0,0,0,0,0,0,0,0,0,0,0,0,0,0,0,0,0,0,0,0,0,0,0,0,0,0.00735053948349064,0,0
-0.0000066053759595027,0.483905042188426,0,0,0,0,0,0,0.233395388630589,0,0,0,0,0,0,0,0,0,0,0,0,0,0,0,0,0,0,0,0,0.024221462618726,0,0,0,0.0453848101410024,0,0,0,0,0,0,0,0,0,0,0,0,0,0,0,0,0,-0.00116214568161599,0,0,0,0,-0.00238920358511913,0,0,0,0,0,0,0,0,0,0,-0.00139924611234706,0,0,0,0,0,0,0,0,0,0,0,0,0,0,0.0524546877872299,0,0,0,0,0,0,0,-0.0325118732781483,0,0,0,0,0,0,0,0,0,0,0,0,0,0,0,0,0,0,0,0,0,0,0,0,0.0284186179942223,0,0,0,0,0,0,0,0,0,0,0,0,0,0,0,0,0,0,0,0,0.094255440949383,0,0,0,0,-0.00840583746818115,0,0,0,0,0,0,0,0,0,0,0,0,0,0,0,0,-0.0298214964143943,0,0,0,0,0,0,0,0,0,-0.00259041861201868,0,0,0,0,0,0,0,0,0,0,0,0,0,0,0,0,0,0
0.000705438608410482,0.522529703140395,0,0,0,0,0,0,0.18311560583803,0,-0.000721871426544383,0,0,0,0,0,0,0,0,0,0,0,0,0,0,0,0,0,0,0.0513847853558851,0,0,0,0.0575704275413999,0,0,0,0,0,0,0,0,0,0,0,0,0,0,0,0,0,-0.0485943551460259,0,0,0,0,-0.0374254595780552,0,0,0,0,0,0,0,0,0,0,0,0,-0.00195848996629299,0,0,0,0,0,0,0,0,0,0,0,0,0,0,0,0,0,0,0,0,-0.0134585588022694,-0.0147878531914032,0,0,0,0,0,0,0,0,0,0,0,0,0,0,0,0,0,0,0,0,0,0,0,0,0,0,0,0,0,0,0,0,0,0,0,0,0,0,0,0,0,0,-0.000322547568592494,0,0,0,0,0,0,-0.00202628216781831,0,0,0,0,0,0,0,0,0,0,0,0,0,0,0,0,-0.0219150144636777,0,0,0,0,0,0,0,0,0,0,0,0,0,0,0,0,0,0,0,0,0,0,0,0,0,0,0,0
0.000623358017970748,0.573137567787094,0,0,0,0,0,0,0.191472445727333,0,-0.0125267487629849,0,0,0,0,0,0,0,0,0,0,0,0,0,0,0,0,0,0,0.0232640446458728,0,0,0,0.0610677791398204,0,0,0,0,0,0,0,0,0,0,0,0,0,0,0,0,0,-0.0413244580974002,0,0,0,0,-0.0191519803126449,0,0,0,0,0,0,0,0,0,0,0,0,-0.0200882162350685,0,0,0,0,0,0,0,0,0,0,0,0,0.0146399495325385,0,0,0,0,0,0,0,-0.035675876163427,0,0,0,0,0,0,0,0,0,0,0,0,0,0,0,0,0,0,0,0,0,0,0,0,0,0,0,0,0,0,0,0,0,0,0,0,0,0,0,0,0,0,0,0,0,0,0,0,0,0,0,0,0,0,0,0,0,0,0,0,0,0,0,0,0,0,0,-0.0334571082142015,0,0,0,0,0,0,0,0,0,0,0,0,0,0,0,0,0,0,0,0,0,0,0,0,0,0,0,0
0.000437377230421328,0.633450216561308,0,0,0,0,0,0,0.173132253635093,0,-0.00723346368622649,0,0,0,0,0,0,0,0,0,0,0,0,0,0,0,0,0,0,0.017663926566691,0,0,0,0,0,0,0,0,0,0,0,0,0,0,0,0,0,0,0,0,0,0,0,0,0,0,-0.000559267574765699,0,0,0,0,0,0,0,0,0,0,0,0,0,0,0,0,0,0,0,0,0,0,0,0,0,0.0194354403294117,0,0,0,0,0,0,0,-0.011230898644307,0,0,0,0,0,0,0,0,0,0,0,0,0,0,0,0,-0.0154000302095979,0,0,0,0,0,0,0,0,0,0,0,0,0,0,0,0,0,0,0,0,0,0,0,0,0,0,0,0,0.0469073187295514,0,0,0,0,0,0,0,0,0,0,0,0,0,0,0,0,0,0,0,0,0,0,0,0,0,0,0,0,0,0,0,0,0,0,0,0,0,0,0,0,0,0,0,0,0,0,0,0,0,0
0.00015786166519444,0.482539374336409,0,0,0,0,0,0,0.181949050550139,0,0,0,0,0,0,0,0,0,0,0,0,0,0,0,0,0,0,0,0,0.0361069487433192,0,0,0,0.0218987066297785,0,0,0,0,0,0,0,0,0,0.00481133686012868,0,0,0,0,0,0,0,-0.0217546497193487,0,0,0,0,-0.0348771757994111,0,0,0,0,0,0,0,0,0,0,0,0,0,0,0,0,0,0,0,0,0,0,0,0,0,0,0,0,0,0,0,0,0,-0.0000619140997121606,0,0,0,0,0,0,0,0,0,0,0,0,0,0,0,0,0,0,0,0,0,0,0,0,0,0,0,0,0,0,0,0,0,0,0,0,0,0,0,0,0,0,0,0,0,0.00739531869346631,0,0,0,0,0,0,0,0,0,0,0,0,0,0,0,0,0,0,0,0,0,-0.00804320382665624,0,0,0,0,0,0,0,0,0,0,0,0,0,0,0,0,0,0,0,0,0,0,0,0,0,0,0,0
0.000606315230889857,0.697572674665398,0,0,0,0,0,0,0.116806453075541,0,0,0,0,0,0,0,0,0,0,0,0,0,0,0,0,0,0,0,0,0.0195540792973347,0,0,0,0.000192648164027811,0,0,0,0,0,0,0,0,0,0,0,0,0,0,0,0,0,0,0,0,0,0,0,0,0,0,0,0,0,0,0,0,0,0,0,0,0,0,0,0,0,0,0,0,0,0,0,0,0,0,0,0,0,0,0,0,0,0,0,0,0,0,0,0,0,0,0,0,0,0,0,0,0,0,0,0,0,0,0,0,0,0,0,0,0,0,0,0,0,0,0,0,0,0,0,0,0,0,0,0,0,0,0.00193126369922746,0,0,0,0,0,0,0,0,0,0,0,0,0,0,0,0,0,0,0,0,0,0,0,0,0,0,0,0,0,0,0,0,0,0,0,0,0,0,0,0,0,0,0,0,0,0,0,0,0,0
0.000163046691754079,0.623621616756112,0,0,0,0,0,0,0.162532688036745,0,0,0,0,0,0,0,0,0,0,0,0,0,0,0,0,0,0,0,0,0.0308379058984465,0,0,0,0,0,0,0,0,0,0,0,0,0,0,0,0,0,0,0,0,0,0,0,0,0,0,0,0,0,0,0,0,0,0,0,0,0,0,0,0,0,0,0,0,0,0,0,0,0,0,0,0,0,0,0,0,0,0,0,0,-0.00848819167792145,0,0,0,0,0,0,0,0,0,0,0,0,0,0,0,0,0,0,0,0,0,0,0,0,0,0,0,0,0,0,0,0,0,0,0,0,0,0,0.00385498220255009,0,0,0,0,0,0,0.00873372565266635,0,0,0,0,0,0,0,0,0,0,0,0,0,0,0,0,0,0,0,0,0,0,0,0,0,0,0,0,0,0,0,-0.00269051125713526,0,0,0,0,0,0,0,0,0,0,0,0,0,0,0,0,0,0
0.000155167377389665,0.596841918516321,0,0,0,0,0,0,0.166090672650606,0,0,0,0,0,-0.0111135830442909,0,0,0,0,0,0,0,0,0,0,0,0,0,0,0.00964021044740613,0,0,0,0.0143606540866519,0,0,0,0,0,0,0,0,0,0,0,0,0,0,0,0,0,0,0,0,0,0,0,0,0,0,0,0,0,0,0,0,0,0,0,0,0,0,0,0,0,0,0,0,0,0,0,0,0,0,0,0,0,0,0,0,-0.00913787839799447,0,0,0,0,0,0,0,0,0,0,0.0116797649712041,0,0,0,0,0,0,0,0,0,0,0,0,0,0,0,0,0,0,0,0,0,0,0,0,0,0,0,0,0,0,0,0,0,0,0.0119942925748071,0,0,0,0,0,0,0,0,0,0,0,0,0,0,0,0,0,0,0,0,0,-0.00813229068255093,0,0,0,0,0,0,0,0,0,0,0,0,0,0,0,0,0,0,0,0,0,0,0,0,0,0,0,0
0.000892029850154569,0.687569532545815,0,0,0,0,0,0,0.100111251377158,0,0,0,0,0,-0.00377958448286388,0,0,0,0,0,0,0,0,0,0,0,0,0,0,0.0233983263317661,0,0,0,0,0,0,0,0,0,0,0,0,0,0.0132711231113045,0,0,0,0,0,0,0,-0.0347149559172188,0,0,0,0,0,0,0,0,0,0,0,0,0,0,0,0,0,0,0,0,0,0,0,0,0,0,0,0,0,0,0,0,0,0,0,0,0,0,-0.0216504464496287,0,0,0,0,0,0,0,0,0,0,0,0,0,0,0,0,0,0,0,0,0,0,0,0,0,0,0,0,0,0,0,0,0,0,0,0,0,0,0,0,0,0,0,0,0,0.0126038702321044,0,0,0,0.00244911295615219,0,0,0,0,0,0,0,0,0,0,0,0,0,0,0,0,0,0,0,0,0,0,0,0,0,0,0,0,0,0,0,0,0,0,0,0,0,0,0,0,0,0,0,0,0,0
0.000541122502327645,0.700989011637754,0,0,0,0,0,0,0.0948746717348557,0,0,0,0,0,-0.00781595712920377,0,0,0,0,0,0,0,0,0,0,0,0,0,0,0.00786728490117784,0,0,0,0,0,0,0,0,0,0,0,0,0,0,0,0,0,0,0,0,0,-0.00997421242087393,0,0,0,0,0,0,0,0,0,0,0,0,0,0,0,0,0,0,0,0,0,0,0,0,-0.00372998632579555,0,-0.00970840381432852,0,0,0,0.00455769414016904,0,0,0,0,0,0,0,-0.0234279519938866,0,0,0,0,0,0,0,0,0,0,0,0,0,0,0,0,-0.00839326764895078,0,0,0,0,0,0,0,0,0,0,0,0,0,0,0,0,0,0,0,0,0,0,0,0,0,0,0,0,0.0226716440094067,0,0,0,0,0,0,0,0,0,0,0,0,0,0,0,0,0,0,0,0,0,0,0,0,0,0,0,0,0,0,0,0,0,0,0,0,0,0,0,0,0,0,0,0,0,0,0,0,0,0
0.000528634861100067,0.655950826921074,0,0,0,0,0,0,0.187386746113364,0,0,0,0,0,-0.00426740831256607,0,0,0,0,0,0,0,0,0,0,0,0,0,0,0.00716751700428227,0,0,0,0,0,0,0,0,0,0,0,0,0,0,0,0,0,0,0,0,0,0,0,0,0,0,-0.0061465083645904,0,0,0,0,0,0,0,0,0,0,0,0,0,0,0,0,0,0,0,0,0,0,0,0,0,0.0465613538174209,0,0,0,0,0,0,0,-0.0262555210677623,0,0,0,0,0,0,0,0,0,0,0,0,0,0,0,0,0,0,0,0,0,0,0,0,0.0184052266495769,0,0,0,0,0,0,0,0,0,0,0,0,0,0,0,0,0,0,0,0,0.0567857813714024,0,0,0,0,0,0,0,0,0,0,0,0,0,0,0,0,0,0,0,0,0,-0.00761544860009368,0,0,0,0,0,0,0,0,0,-0.00118226798739251,0,0,0,0,0,0,0,0,0,0,0,0,0,0,0,0,0,0
0.000838537799005109,0.762652634798471,0,0,0,0,0,0,0.16050339491587,0,0,0,0,0,-0.00481003595314588,0,0,0,0,0,0,0,0,0,0,0,0,0,0,0,0,0,0,0,0,0,0,0,0,0,0,0,0,0,0,0,0,0,0,0,0,0,0,0,0,0,0,0,0,0,0,0,0,0,0,0,0,0,0,0,0,0,0,0,0,0,0,0,0,0,0,0,0.00717188012964943,0,0,0,0,0,0,0,-0.00488961011945549,0,0,0,0,0,0,0,0,0,0,0,0,0,0,0,0,0,0,0,0,0,0,0,0,0.00835238831250157,0,0,0,0,0,0,0,0,0,0,0,0,0,0,0,0,0,0,0,0,0.030334433244921,0,0,0,0,0,0,0,0,0,0,0,0,0,0,0,0,0,0,0,0,0,0,0,0,0,0,0,0,0,0,0,0,0,0,0,0,0,0,0,0,0,0,0,0,0,0,0,0,0,0
0.000675232608113149,0.695903376659466,0,0,0,0,0,0,0.159019120072238,0,0,0,0,0,-0.00250635144076283,0,0,0,0,0,0,0,0,0,0,0,0,0,0,0,0,0,0,0,0,0,0,0,0,0,0,0,0,0,0,0,0,0,0,0,0,0,0,0,0,0,0,0,0,0,0,0,0,0,0,0,0,0,0,0,0,0,0,0,0,0,0,0,0,0,0,0,0,0,0,0,0,0,0,0,-0.0135650683989423,0,0,0,0,0,0,0,0,0,0,0.0117507662614428,0,0,0,0,0,0,0,0,0,0,0,0,0,0,0,0,0,0,0,0,0,0,0,0,0,0,0,0,0,0,0,0,0,0,0.033104568277296,0,0,0,0,0,0,0,0,0,0,0,0,0,0,0,0,0,0,0,0,0,-0.00915625783296827,0,0,0,0,0,0,0,0,0,0,0,0,0,0,0,0,0,0,0,0,0,0,0,0,0,0,0,0
0.000759332169359068,0.754822570523509,0,0,0,0,0,0,0.143380358609696,0,0,0,0,0,-0.0124560586980934,0,0,0,0,0,0,0,0,0,0,0,0,0,0,0,0,0,0,0,0,0,0,0,0,0,0,0,0,0,0,0,0,0,0,0,0,0,0,0,0,0,0,0,0,0,0,0,0,0,0,0,0,0,0,0,0,0,0,0,0,0,0,0,0,0,0,0,0,0,0,0,0,0,0,0,-0.00651101969668043,0,0,0,0,0,0,0,0,0,0,0,0,0,0,0,0,0,0,0,0,0,0,0,0,0.00483515994643184,0,0,0,0,0,0,0,0,0,0,0,0,0,0,0,0,0,0,0,0,0.0318741161374978,0,0,0,0,0,0,0,0,0,0,0,0,0,0,0,0,0,0,0,0,0,0,0,0,0,0,0,0,0,0,0,0,0,0,0,0,0,0,0,0,0,0,0,0,0,0,0,0,0,0
0.000950847506998644,0.750827206456294,0,0,0,0,0,0,0.144540110971284,0,0,0,0,0,-0.00248116544274788,0,0,0,0,0,0,0,0,0,0,0,0,0,0,0,0,0,0,0,0,0,0,0,0,0,0,0,0,0,0,0,0,0,0,0,0,0,0,0,0,0,0,0,0,0,0,0,0,0,0,0,0,0,0,0,0,0,0,0,0,0,-0.0015863975605185,0,-0.000503320070793935,0,0,0,0,0,0,0,0,0,0,0,-0.0086111493388097,0,0,0,0,0,0,0,0,0,0,0,0,0,0,0,0,0,0,0,0,0,0,0,0,0,0,0,0,0,0,0,0,0,0,0,0,0,0,0,0,0,0,0,0,0,0.0350501804637034,0,0,0,0,0,0,0,0,0,0,0,0,0,0,0,0,0,0,0,0,0,-0.00134287429964033,0,0,0,0,0,0,0,0,0,0,0,0,0,0,0,0,0,0,0,0,0,0,0,0,0,0,0,0
0.000585898574965633,0.731055817321413,0,0,0,0,0,0,0.120056952806814,0,0,0,0,0,-0.000921483437002237,0,0,0,0,0,0,0,0,0,0,0,0,0,0,0.000269117581552192,0,0,0,0,0,0,0,0,0,0,0,0,0,0,0,0,0,0,0,0,0,-0.00370207641925476,0,0,0,0,0,0,0,0,0,0,0,0,0,0,0,0,0,0,0,0,0,0,0,0,0,0,0,0,0,0,0.0140122163613408,0,0,0,0,0,0,0,-0.0148279033605505,0,0,0,0,0,0,0,0,0,0,0,0,0,0,0,0,0,0,0,0,0,0,0,0,0,0,0,0,0,0,0,0,0,0,0,0,0,0,0,0,0,0,0,0,0,0.0270326276301697,0,0,0,0,0,0,0,0,0,0,0,0,0,0,0,0,0,0,0,0,0,0,0,0,0,0,0,0,0,0,0,0,0,0,0,0,0,0,0,0,0,0,0,0,0,0,0,0,0,0
0.000660483428206762,0.736217814435676,0,0,0,0,0,0,0.15282189334343,0,0,0,0,0,-0.00718512051393894,0,0,0,0,0,0,0,0,0,0,0,0,0,0,0.00346247569470644,0,0,0,0,0,0,0,0,0,0,0,0,0,0,0,0,0,0,0,0,0,0,0,0,0,0,0,0,0,0,0,0,0,0,0,0,0,0,0,0,0,0,0,0,0,0,-0.000452068361956291,0,0,0,0,0,0.0140696504637801,0,0,0,0,0,0,0,-0.0140445662847718,0,0,0,0,0,0,0,0,0,0,0,0,0,0,0,0,-0.00288416720614346,0,0,0,0,0,0,0,0.0205216784100444,0,0,0,0,0,0,0,0,0,0,0,0,0,0,0,0,0,0,0,0,0.0313155373684384,0,0,0,0,0,0,0,0,0,0,0,0,0,0,0,0,0,0,0,0,0,-0.00255078440951172,0,0,0,0,0,0,0,0,0,0,0,0,0,0,0,0,0,0,0,0,0,0,0,0,0,0,0,0
0.000665200021423307,0.715781272624308,0,0,0,0,0,0,0.161927182451241,0,0,0,0,0,-0.011688668974319,0,0,0,0,0,0,0,0,0,0,0,0,0,0,0.0105285123725003,0,0,0,0,0,0,0,0,0,0,0,0,0,0,0,0,0,0,0,0,0,-0.00901265115566092,0,0,0,0,0,0,0,0,0,0,0,0,0,0,0,0,0,0,0,0,0,0,0,0,0,0,0,0,0,0,0.00642419089417877,0,0,0,0,0,0,0,-0.01447964500115,0,0,0,0,0,0,0,0,0,0,0,0,0,0,0,0,0,0,0,0,0,0,0,0,0,0,0,0,0,0,0,0,0,0,0,0,0,0,0,0,0,0,0,0,0,0.0383099472588733,0,0,0,0,0,0,0,0,0,0,0,0,0,0,0,0,0,0,0,0,0,-0.00431434859425118,0,0,0,0,0,0,0,0,0,0,0,0,0,0,0,0,0,0,0,0,0,0,0,0,0,0,0,0
0.000747052243970929,0.73286165258588,0,0,0,0,0,0,0.16866380608213,0,0,0,0,0,-0.00583607872146472,0,0,0,0,0,0,0,0,0,0,0,0,0,0,0.000201825885810181,0,0,0,0,0,0,0,0,0,0,0,0,0,0,0,0,0,0,0,0,0,0,0,0,0,0,0,0,0,0,0,0,0,0,0,0,0,0,0,0,0,0,0,0,0,0,0,0,0,0,0,0,0.0157672682795398,0,0,0,0,0,0,0,-0.0161807566147809,0,0,0,0,0,0,0,0,0,0,0,0,0,0,0,0,0,0,0,0,0,0,0,0,0.0178445410428501,0,0,0,0,0,0,0,0,0,0,0,0,0,0,0,0,0,0,0,0,0.0158594905876613,0,0,0,0,0,0,0,0,0,0,0,0,0,0,0,0,0,0,0,0,0,0,0,0,0,0,0,0,0,0,0,0,0,0,0,0,0,0,0,0,0,0,0,0,0,0,0,0,0,0
0.000704082244600168,0.759259430867362,0,0,0,0,0,0,0.120286580146676,0,0,0,0,0,-0.00963279989605705,0,0,0,0,0,0,0,0,0,0,0,0,0,0,0.0060257595067824,0,0,0,0,0,0,0,0,0,0,0,0,0,0,0,0,0,0,0,0,0,-0.00883291735378403,0,0,0,0,0,0,0,0,0,0,0,0,0,0,0,0,0,0,0,0,0,0,0,0,0,0,-0.00150280223784554,0,0,0,0,0,0,0,0,0,0,0,0,0,0,0,0,0,0,0,0,0,0,0,0,0,0,0,0,0,0,0,0,0,0,0,0,0,0,0,0,0,0,0,0,0,0,0,0,0,0,0,0,0,0,0,0,0,0.0212632202793497,0,0,0,0,0,0,0,0,0,0,0,0,0,0,0,0,0,0,0,0,0,0,0,0,0,0,0,0,0,0,0,0,0,0,0,0,0,0,0,0,0,0,0,0,0,0,0,0,0,0
0.000528564341574173,0.749048515860808,0,0,0,0,0,0,0.0996928703219752,0,0,0,0,0,-0.00801277350659674,0,0,0,0,0,0,0,0,0,0,0,0,0,0,0.00383553762127491,0,0,0,0,0,0,0,0,0,0,0,0,0,0,0,0,0,0,0,0,0,-0.015895916173909,0,0,0,0,0,0,0,0,0,0,0,0,0,0,0,0,0,0,0,0,0,0,0,0,0,0,0,0,0,0,0,0,0,0,0,0,0,0,0,0,0,0,0,0,0,0,0,0,0,0,0,0,0,0,0,0,0,0,0,0,0,0,0,0,0,0,0,0,0,0,0,0,0,0,0,0,0,0,0,0,0,0,0,0,0,0,0,0,0,0,0,0,0,0,0,0,0,0,0,0,0,0,0,0,0,0,0,0,0,0,0,0,0,0,0,0,0,0,0,0,0,0,0,0,0,0,0,0,0,0,0,0,0,0,0
0.000461167770753442,0.729238983833411,0,0,0,0,0,0,0.116484873133664,0,0,0,0,0,-0.0161124832726154,0,0,0,0,0,0,0,0,0,0,0,0,0,0,0.00787513183577353,0,0,0,0,0,0,0,0,0,0,0,0,0,0,0,0,0,0,0,0,0,0,0,0,0,0,0,0,0,0,0,0,0,0,0,0,0,0,0,0,0,0,0,0,0,0,0,0,0,0,0,0,0.00205804156089561,0,0,0,0,0,0,0,-0.00524862637715688,0,0,0,0,0,0,0,0,0,0,0,0,0,0,0,0,0,0,0,0,0,0,0,0,0.00545399935167856,0,0,0,0,0,0,0,0,0,0,0,0,0,0,0,0,0,0,0,0,0.0300036270565559,0,0,0,0,0,0,0,0,0,0,0,0,0,0,0,0,0,0,0,0,0,0,0,0,0,0,0,0,0,0,0,-0.000222132155453096,0,0,0,0,0,0,0,0,0,0,0,0,0,0,0,0,0,0
0.000536020884201829,0.722900817965243,0,0,0,0,0,0,0.133588981221162,0,0,0,0,0,-0.00909757514203964,0,0,0,0,0,0,0,0,0,0,0,0,0,0,0.0113333626854401,0,0,0,0,0,0,0,0,0,0,0,0,0,0,0,0,0,0,0,0,0,0,0,0,0,0,0,0,0,0,0,0,0,0,0,0,0,0,0,0,0,0,0,0,0,0,0,0,0,0,0,0,0,0,0,0,0,0,0,0,-0.00896227789044502,0,0,0,0,0,0,0,0,0,0,0,0,0,0,0,0,-0.000223828570391705,0,0,0,0,0,0,0,0.00308599195178866,0,0,0,0,0,0,0,0,0,0,0,0,0,0,0,0,0,0,0,0,0.0335359225887554,0,0,0,0,0,0,0,0,0,0,0,0,0,0,0,0,0,0,0,0,0,0,0,0,0,0,0,0,0,0,0,-0.00827136826452493,0,0,0,0,0,0,0,0,0,0,0,0,0,0,0,0,0,0
0.000241010360284828,0.661133542814329,0,0,0,0,0,0,0.118375794631943,0,0,0,0,0,-0.0136782044420417,0,0,0,0,0,0,0,0,0,0,0,0,0,0,0.0130065690422555,0,0,0,0,0,0,0,0,0,0,0,0,0,0,0,0,0,0,0,0,0,-0.00343774181358909,0,0,0,0,0,0,0,0,0,0,0,0,0,0,0,0,0,0,0,0,0,0,0,0,0,0,0,0,0,0,0,0,0,0,0,0,0,0,-0.0149526954299018,0,0,0,0,0,0,0,0,0,0,0,0,0,0,0,0,0,0,0,0,0,0,0,0,0,0,0,0,0,0,0,0,0,0,0,0,0,0,0,0,0,0,0,0,0,0.00528086835513915,0,0,0,0,0,0,0,0,0,0,0,0,0,0,0,0,0,0,0,0,0,0,0,0,0,0,0,0,0,0,0,-0.00211233627900147,0,0,0,0,0,0,0,0,0,0,0,0,0,0,0,0,0,0
0.000122505315747454,0.59822761650045,0,0,0,0,0,0,0.0949858150357464,0,0,0,0,0,-0.00128677746438071,0,0,0,0,0,0,0,0,0,0,0,0,0,0,0.000907904067245316,0,0,0,0,0,0,0,0,0,0,0,0,0,0,0,0,0,0,0,0,0,-0.00506986225523849,0,0,0,0,0,0,0,0,0,0,0,0,0,0,0,0,0,0,0,0,0,0,0,0,-0.0124390670850757,0,-0.00496382984375064,0,0,0,0,0,0,0,0,0,0,0,-0.038375772414331,0,0,0,0,0,0,0,0,0,0,0,0,0,0,0,0,0,0,0,0,0,0,0,0,0,0,0,0,0,0,0,0,0,0,0,0,0,0,0,0,0,0,0,0,0,0,0,0,0,0,0,0,0,0,0,0,0,0,0,0,0,0,0,0,0,0,0,0,0,0,0,0,0,0,0,0,0,0,0,0,0,0,0,0,0,0,0,0,0,0,0,0,0,0,0,0
0.000511425219147139,0.704275800459176,0,0,0,0,0,0,0.10497497764696,0,0,0,0,0,-0.0161247298165664,0,0,0,0,0,0,0,0,0,0,0,0,0,0,0.00509551603256984,0,0,0,0,0,0,0,0,0,0,0,0,0,0,0,0,0,0,0,0,0,-0.0199254059774142,0,0,0,0,0,0,0,0,0,0,0,0,0,0,0,0,0,0,0,0,0,0,0,0,0,0,0,0,0,0,0.00967099422557686,0,0,0,0,0,0,0,0,0,0,0,0,0,0,0,0,0,0,0,0,0,0,0,0,-0.00461966326720553,0,0,0,0,0,0,0,0,0,0,0,0,0,0,0,0,0,0,0,0,0,0,0,0,0,0,0,0,0.00673134812859786,0,0,0,0,0,0,0,0,0,0,0,0,0,0,0,0,0,0,0,0,0,0,0,0,0,0,0,0,0,0,0,0,0,0,0,0,0,0,0,0,0,0,0,0,0,0,0,0,0,0
0.000796063049416106,0.698612404479064,0,0,0,0,0,0,0.0842313435414206,0,0,0,0,0,-0.000822235384500329,0,0,0,0,0,0,0,0,0,0,0,0,0,0,0,0,0,0,0,0,0,0,0,0,0,0,0,0,0,0,0,0,0,0,0,0,-0.0298024077507773,0,0,0,0,0,0,0,0,0,0,0,0,0,0,0,0,0,0,0,0,0,0,0,0,0,0,-0.00351157762509982,0,0,0,0,0,0,0,0,0,0,0,-0.00255104225499231,0,0,0,0,0,0,0,0,0,0,0,0,0,0,0,0,0,0,0,0,0,0,0,0,0,0,0,0,0,0,0,0,0,0,0,0,0,0,0,0,0,0,0,0,0,0,0,0,0,0,0,0,0,0,0,0,0,0,0,0,0,0,0,0,0,0,0,0,0,0,0,0,0,0,0,0,0,0,0,0,0,0,0,0,0,0,0,0,0,0,0,0,0,0,0,0
0.000285719443919614,0.594851345333274,0,0,0,0,0,0,0.0653924664594548,0,0,0,0,0,-0.0331415386546955,0,0,0,0,0,0,0,0,0,0,0,0,0,0,0.0236972525639745,0,0,0,0,0,0,0,0,0,0,0,0,0,0,-0.00708946848325178,0,0,0,0,0,0,-0.0135541710607502,0,0,0,0,0,0,0,0,0,0,0,0,0,-0.00571084228110062,0,0,0,0,0,0,0,0,0,0,-0.00345383267226606,0,0,0,0,0,0,0,0,0,0,0,0,0,0,-0.00248045490961969,0,0,-0.00582368352899639,0,0,0,0,0,0,0,0,0,0,0,0,0,0,0,0,0,0,0,0,0,0,0,0,0,0,0,0,0,0,0,0,0,0,0,0,0,0,0,-0.0160768517631919,0,0,0,0,0,0,0,0,0,0,0,0,0,0,0,0,0,0,0,0,0,0,0,0,0,0,0,0,0,0,0,0,0,0,0,0,0,0,0,0,0,0,0,0,0,0,0,0,0,0,0,0
0.000351542823187454,0.579975534986352,0,0,0,0,0,0,0.0899867766564151,0,0,0,0,0,0,0,0,0,0,0,0,0,0,0,0,0,0,0,0,0.0149885326851765,0,0,0,0,0,0,0,0,0,0,0,0,0,0,0,0,0,0,0,0,0,-0.0338236435683087,0,0,0,0,0,0,0,0,0,0,0,0,0,0,0,0,0,0,0,0,0,0,0,0,-0.00544046835915839,0,-0.012304228674483,0,0,0,0,0,0,0,0,0,0,0,-0.0154654669565753,-0.0174531417544972,0,0,0,0,0,0,0,0,0,0,0,0,0,0,0,0,0,0,0,0,0,0,0,0,0,0,0,0,0,0,0,0,0,0,0,0,0,0,0,0,0,0,0,0,0,0,0,0,0,0,0,0,0,0,0,0,0,0,0,0,0,0,0,0,0,0,0,0,0,0,0,0,0,0,0,0,0,0,0,0,0,0,0,0,0,0,0,0,0,0,0,0,0,0,0
NA,NA,NA,NA,NA,NA,NA,NA,NA,NA,NA,NA,NA,NA,NA,NA,NA,NA,NA,NA,NA,NA,NA,NA,NA,NA,NA,NA,NA,NA,NA,NA,NA,NA,NA,NA,NA,NA,NA,NA,NA,NA,NA,NA,NA,NA,NA,NA,NA,NA,NA,NA,NA,NA,NA,NA,NA,NA,NA,NA,NA,NA,NA,NA,NA,NA,NA,NA,NA,NA,NA,NA,NA,NA,NA,NA,NA,NA,NA,NA,NA,NA,NA,NA,NA,NA,NA,NA,NA,NA,NA,NA,NA,NA,NA,NA,NA,NA,NA,NA,NA,NA,NA,NA,NA,NA,NA,NA,NA,NA,NA,NA,NA,NA,NA,NA,NA,NA,NA,NA,NA,NA,NA,NA,NA,NA,NA,NA,NA,NA,NA,NA,NA,NA,NA,NA,NA,NA,NA,NA,NA,NA,NA,NA,NA,NA,NA,NA,NA,NA,NA,NA,NA,NA,NA,NA,NA,NA,NA,NA,NA,NA,NA,NA,NA,NA,NA,NA,NA,NA,NA,NA,NA,NA,NA,NA,NA,NA,NA,NA,NA,NA,NA,NA,NA,NA,NA
0.000921802574562575,0.642321748191389,0,0,0,0,0,0,0.0502271914814121,0,0,0,0,0,-0.0000890407761188031,0,0,0,0,0,-0.00175070503379603,0,0,0,0,0,0,0,0,0.0272252473872104,0,0,0,0,0,0,0,0,0,0,0,0,0,0.0222680081031328,0,0,0,0,0,0,0,-0.0524797837790891,0,0,0,0,-0.00000875586722579558,0,0,0,0,0,0,0,0,-0.00437880407267009,0,0,0,0,0,0,0,0,0,0,0,0,-0.0227660471621119,0,0,0,0,0,0,0,0,0,0,0,0,-0.0180378704960908,0,0,0,0,0,0,0,0,0,0,0,0,0,0,-0.00846372362804985,0,0,0,0,0,0,0,0,0,0,0,0,0,0,0,0,0,0,0,0,0,0,0,0,0,0,0,0,0,0.00852640337148472,0,0,0,0.0431108225548531,0,0,0,0,0,0,0,0,0,0,0,0,0,0,0,0,0,0,0,0,0,0,0,0,0,0,0,0,0,0,0,0,0,0,0,0,0,0,0,0,0,0,0,0,0,0
NA,NA,NA,NA,NA,NA,NA,NA,NA,NA,NA,NA,NA,NA,NA,NA,NA,NA,NA,NA,NA,NA,NA,NA,NA,NA,NA,NA,NA,NA,NA,NA,NA,NA,NA,NA,NA,NA,NA,NA,NA,NA,NA,NA,NA,NA,NA,NA,NA,NA,NA,NA,NA,NA,NA,NA,NA,NA,NA,NA,NA,NA,NA,NA,NA,NA,NA,NA,NA,NA,NA,NA,NA,NA,NA,NA,NA,NA,NA,NA,NA,NA,NA,NA,NA,NA,NA,NA,NA,NA,NA,NA,NA,NA,NA,NA,NA,NA,NA,NA,NA,NA,NA,NA,NA,NA,NA,NA,NA,NA,NA,NA,NA,NA,NA,NA,NA,NA,NA,NA,NA,NA,NA,NA,NA,NA,NA,NA,NA,NA,NA,NA,NA,NA,NA,NA,NA,NA,NA,NA,NA,NA,NA,NA,NA,NA,NA,NA,NA,NA,NA,NA,NA,NA,NA,NA,NA,NA,NA,NA,NA,NA,NA,NA,NA,NA,NA,NA,NA,NA,NA,NA,NA,NA,NA,NA,NA,NA,NA,NA,NA,NA,NA,NA,NA,NA,NA
0.000734060375903267,0.664809238620886,0,0,0,0,0,0,0,0,0,0,0,0,0,0,0,0,0,0,-0.00881124915879743,0,0,0,0,0,0,0,0,0.0110267105649842,0,0,0,0,0,0,0,0,0,0,0,0,0,0,0,0,0,0,0,0,0,-0.045688831699703,0,0,0,0,0,0,0,0,0,0,0,0,0,-0.0186972040251175,0,0,0,0,0,0,0,0,0,0,-0.00151403403167211,0,-0.0061909170628205,0,0,0.0007633045326373,0,0,0,0,0,0,0,0,-0.0122408253437175,0,0,0,0,0,0,0,0,0,0,0,0,0,0,0,-0.00134164547527261,0,0,0,0,0,-0.00789703492419722,0,0,0,0,0,0,0,0,0,0,0,0,0,0,0,0,0,0,0,0,0,0,0,0.0277119624962971,0,0,0,0.0172779833056556,0,0,0,0,0,0,0,0,0,0,0,0,0,0,0,0,0,0,0,0,0,0,0,0,0,0,0,0,0,0,0,0,0,0,0,0,0,0,0,0,0,0,0,0,0,0
0.000796790842056248,0.690515646225842,0,0,0,0,0,0,0.0433588607535424,0,0,0,0,0,-0.0105752491933167,0,0,0,0,0,0,0,0,0,0,0,0,0,0,0.00682219572472475,0,0,0,0,0,0,0,0,0,0,0,0,0,0,-0.00747299005034799,0,0,0,0,0,0,-0.00973382389562541,0,0,0,0,0,0,0,0,0,0,0,0,0,-0.0124844346892805,0,0,0,0,0,0,0,0,0,0,-0.0105798110994389,0,-0.00353626330482297,0,0,0,0,0,0,0,0,0,0,0,-0.0304147658703841,0,0,0,-0.00247924221037965,0,0,0,0,0,0,0,0,0,0,0,-0.00570479191743326,0,0,0,0,0,0,0,0,0,0,0,0,0,0,0,0,0,0,0,0,0,0,0,0,0,0,0,0,0,0,0,0,0,0,0,0,0,0,0,0,0,0,0,0,0,0,0,0.0107141252766727,0,0,0,0,0,0,0,0,0,0,0,0,0,-0.0049779375770531,0,0,0,0,0,0,0,0,0,0,0,0,0,0,0,0,0,0
0.000658331619757164,0.67267613917398,0,0,0,0,0,0,0.0643117169852333,0,0,0,0,0,-0.00598919986066662,0,0,0,0,0,0,0,0,0,0,0,0,0,0,0.00129502397285438,0,0,0,0,0,0,0,0,0,0,0,0,0,0,0,0,0,0,0,0,0.00105024085859045,-0.0143371194809258,0,0,0,0,0,0,0,0,0,0,0,0,0,-0.00153669462877065,0,0,0,0,0,0,0,0,0,0,0,0,-0.00445995204319835,0,0,0,0,0,0,0,0,0,0,0,-0.0183388368360503,0,0,0,0,0,0,0,0,0,0,0,0,0,0,0,0,0,0,0,0,0,0,0,0,0,0,0,0,0,0,0,0,0,0,0,0,0,0,0,0,0,0,0,0,0,0,0,0,0,0,0,0,0,0,0,0,0,0.00367710047991492,0,0,0,0,0,0.0091127376471521,0,0,0,0,0,0,0,0,0,0,0,0,0,-0.00534639656798112,0,0,0,0,0,0,0,0,0,0,0,0,0,0,0,0,0,0
0.000525735437932987,0.677417126003554,0,0,0,0,0,0,0,0,0,0,0,0,-0.0144102071782938,0,0,0,0,0,0,0,0,0,0,0,0,0,0,0.00660450752566344,0,0,0,0,0,0,0,0,0,0,0,0,0,0,0,0,0,0,0,0,0,-0.00557203966024283,0,0,0,0,0,0,0,0,0,0,0,0,0,-0.0148011966978689,0,0,0,0,0,0,0,0,0,0,-0.0222058646228583,0,-0.00200133584869222,0,0,0,0,0,-0.00107445770559008,0,0,0,0,0,-0.00509414141295152,0,0,0,-0.00099099829411853,0,0,0,0,0,0,0,0,0,0,0,0,0,0,0,0,0,0,0,0,0,0,0,0,0,0,0,0,0,0,0,0,0,0,0,0,0,0,0,0,0,0,0,0,0,0,0,0,0,0,0,0,0,0,0,0,0,0,0,0,0,0,0,0,0,0,0,0,0,0,0,0,0,0,0,0,0,0,0,0,0,0,0,0,0,0,0,0,0,0,0,0
NA,NA,NA,NA,NA,NA,NA,NA,NA,NA,NA,NA,NA,NA,NA,NA,NA,NA,NA,NA,NA,NA,NA,NA,NA,NA,NA,NA,NA,NA,NA,NA,NA,NA,NA,NA,NA,NA,NA,NA,NA,NA,NA,NA,NA,NA,NA,NA,NA,NA,NA,NA,NA,NA,NA,NA,NA,NA,NA,NA,NA,NA,NA,NA,NA,NA,NA,NA,NA,NA,NA,NA,NA,NA,NA,NA,NA,NA,NA,NA,NA,NA,NA,NA,NA,NA,NA,NA,NA,NA,NA,NA,NA,NA,NA,NA,NA,NA,NA,NA,NA,NA,NA,NA,NA,NA,NA,NA,NA,NA,NA,NA,NA,NA,NA,NA,NA,NA,NA,NA,NA,NA,NA,NA,NA,NA,NA,NA,NA,NA,NA,NA,NA,NA,NA,NA,NA,NA,NA,NA,NA,NA,NA,NA,NA,NA,NA,NA,NA,NA,NA,NA,NA,NA,NA,NA,NA,NA,NA,NA,NA,NA,NA,NA,NA,NA,NA,NA,NA,NA,NA,NA,NA,NA,NA,NA,NA,NA,NA,NA,NA,NA,NA,NA,NA,NA,NA
0.000775931413633777,0.685132215780078,0,0,0,0,0,0,0.00930611718895395,0,0,0,0,0,-0.00509070848993937,0,0,0,0,0,0,0,0,0,0,0,0,0,0,0.0143110880357614,0,0,0,0,0,0,0,0,0,0,0,0,0,0,0,0,0,0,0,0,0,-0.0330827208776837,0,0,0,0,0,0,0,0,0,0,0,0,0,-0.00971198042096856,0,0,0,0,0,0,0,0,0,0,-0.00673997228629425,0,-0.00934747362589199,0,0,0,0,0,0,0,0,0,0,0,0,-0.0273404744603096,0,0,0,0,0,0,0,0,0,0,0,0,0,0,-0.00800082540422518,0,0,0,0,0,0,0,0,0,0,0,0,0,0,0,0,0,0,0,0,0,0,0,0,0,0,0,0,0,0.000836682869994345,0,0,0,0.0201769394988252,0,0,0,0,0,0,0,0,0,0,0,0,0,0,0,0,0,0,0,0,0,0,0,0,0,0,0,0,0,0,0,0,0,0,0,0,0,0,0,0,0,0,0,0,0,0
NA,NA,NA,NA,NA,NA,NA,NA,NA,NA,NA,NA,NA,NA,NA,NA,NA,NA,NA,NA,NA,NA,NA,NA,NA,NA,NA,NA,NA,NA,NA,NA,NA,NA,NA,NA,NA,NA,NA,NA,NA,NA,NA,NA,NA,NA,NA,NA,NA,NA,NA,NA,NA,NA,NA,NA,NA,NA,NA,NA,NA,NA,NA,NA,NA,NA,NA,NA,NA,NA,NA,NA,NA,NA,NA,NA,NA,NA,NA,NA,NA,NA,NA,NA,NA,NA,NA,NA,NA,NA,NA,NA,NA,NA,NA,NA,NA,NA,NA,NA,NA,NA,NA,NA,NA,NA,NA,NA,NA,NA,NA,NA,NA,NA,NA,NA,NA,NA,NA,NA,NA,NA,NA,NA,NA,NA,NA,NA,NA,NA,NA,NA,NA,NA,NA,NA,NA,NA,NA,NA,NA,NA,NA,NA,NA,NA,NA,NA,NA,NA,NA,NA,NA,NA,NA,NA,NA,NA,NA,NA,NA,NA,NA,NA,NA,NA,NA,NA,NA,NA,NA,NA,NA,NA,NA,NA,NA,NA,NA,NA,NA,NA,NA,NA,NA,NA,NA
0.000554113153263671,0.633269665120065,0,0,0,0,0,0,0.0310906246011383,0,0,0,0,0,0,0,0,0,0,0,0,0,0,0,0,0,0,0,0,0.00366427304770422,0,0,0,0,0,0,0,0,0,0,0,0,0,0,0,0,0,0,0,0,0,-0.0303933657779651,0,-0.00243796159858267,0,0,0,0,0,0,0,0,0,0,0,-0.0175628217469912,0,0,0,0,0,0,0,0,0,0,-0.00830026795429922,0,0,0,0,0,0,0,0,0,0,0,0,0,-0.0122836793814152,-0.0068144443057693,0,0,0,0,0,0,0,0,0,0,0,0,0,0,0,0,0,0,0,0,0,0,0,0,0,0,0,0,0,0,0,0,0,0,0,0,0,0,0,0,0,0,0,0,0,0,0,0,0,0,0,0,0,0,0,0,0,0,0,0,0,0,0,0,0,0,0,0,0,0,0,0,0,0,0,0,0,0,0,0,0,0,0,0,0,0,0,0,0,0,0,0,0,0,0
0.0005606124019953,0.634587331624108,0,0,0,0,0,0,0.0764029053186539,0,0,0,0,0,0,0,0,0,0,0,0,0,0,0,0,0,0,0.0119252493255343,0,0,0,0,0,0,0,0,0,0,0,0,0,0,0,0.031270107762822,0,0,0,0,-0.0186451246211764,0,0,-0.0511006253473029,-0.00255526777039716,-0.0127385451675243,0,0,0,0,0,0,0,0,0,0,0,0,0,0,0,0,-0.0123162611872735,0,0,0,0,0,-0.0234150781196788,0,-0.0126579453767855,-0.00131587993208082,0,0,0,0.00439693452102415,0,0,0,0,0,0,-0.000230170972250519,-0.0868941503507663,0,0,0,0,0,0,0,0,0,0,0,0,0,0,-0.0101797576280214,0,0,0,0,0,-0.00556970590044353,0,0,0,0,0,0,0.0136576334559238,0,0,0,0,0,0,0,-0.00590786115846442,0,0,0,0,-0.000844281553408132,0,0,0,0,0,0,0,0,0,0,0,0,0,0,0,0,0,0,0,0,0,0,0,0,0,0,0,0,0,0,0,0,0,0,0,-0.0153430948421138,0,0,0,0,0,0,0,0,0,0,0,0,0,0,0,0,0,0
0.000418941011986278,0.573895378782935,0,0,0,0,0,0,0.0604547776218018,0,0,0,0,0,0,0,0,0,0,0,0,0,0,0,0,0,0,0,0,0.0127377765275634,0,0,0,0,0,0,0,0,0,0,0,0,0,0.0241300903757174,0,0,0,0,-0.0223321412968792,0,0.000625052915506697,-0.0397627673301902,0,-0.0201411245274883,0,0,0,0,0,0,0,0,0,0,0,0,0,0,0,0,-0.0234312444684199,0,0,0,0,0,-0.0322551835731841,0,-0.0145532473531141,-0.00796608691448208,0,0.00153138650636571,0,0,0,0,0,0,0,0,-0.00147388279628655,-0.09552767528406,0,0,0,0,0,0,0,0,0,0,0,0,0,0,-0.00158952832020696,0,0,-0.00609672493714423,0,0,0,0,0,0,0,0,0,0,0,0,0,0,0,0,0,0,0,0,0,0,-0.00449433422481897,0,0,0,0,0,0,0,0,0,0,0,0,0,0,0,0,0,0,0,0,0,0,0,0,0,-0.00176290453926191,0,0,0,0,0,0,0,0,0,-0.00704571071192266,0,0,0,0,0,0,0,0,0,0,0,0,0,0,0,0,0,0
0.000620010668413232,0.623180627457515,0,0,0,0,0,0,0.0214680992321736,0,0,0,0,0,0,0,0,0,0,0,0,0,0,0,0,0,0,0,0,0.0105586874185126,0,0,0,0,0,0,0,0,0,0,0,0,0,0.0925014867787533,0,0,0,0,-0.0303222341807177,0,0,-0.0444372357940168,-0.00386529823738277,-0.0121654114401554,0,0,0,0,0,0,0,0,0,0,0,-0.0280557735719594,-0.00395373142421044,0,0,0,-0.025553433694665,0,0,0,0,0,-0.034766724280817,0,-0.00344970331115086,-0.0296990774555854,0,0.00449843173419512,0,0.000312089116286197,0,0,0,0,0,0,0,-0.108278724829675,0,0.00613939260259203,0,0,0,0,0,0,0,0,0,0,0,0,-0.00827281173445346,-0.0242152521554443,0,-0.00691691369664111,0,0,0,0,0,0,0,0,0,0.000108966625568092,0,0,0,0,0,0,0,0,0,0,0,0,-0.0013398277726561,0,0,0,0,0,0,0,0,0,0,0,0,0,0,0,0,0,0,0,0,0,0,0,0,0,0,0,0,0,0,0,0,0,0,0,-0.000839081232717376,0,0,0,0,0,0,0,0,0,0,0,0,0,0,0,0,0,0
0.000653287375672472,0.652581552457143,-0.00352760801262966,0,0,0,0,0,0,0,0,0,0,0,0,0,0,0,0,0,0,0,0,0,-0.000721910733840683,0,0,0,0,0.0268681066256384,0,0,0,0,0,0,0,0,0,0,0,0.00181702753288314,0,0.0143783348595825,0,0,0,0,0,0,0,-0.0549946706337754,0,-0.0121293313250638,0,0,0,0,0,0,0,0,0,0,0,-0.0136688862969642,0,0,0,0,-0.00908829107173693,0,0,0,0,0,0,0,-0.0140179646042631,0,0,0,0,0,0,0,0,0,0,0,-0.0181799681419165,0,0,0,0,0,0,-0.000367676570309799,0,0,0,0,0,0,0,0,-0.0146189943723998,0,0,0,0,0,-0.0116779282078939,0,0,0,0,0,0,0.00570969668871143,0,0,0,0,0,0,0,0,0,0,0,0,0,0,0,0,0,0,0,0,0,0,0,0,0,0,0,0,0,0,0,0,0,0,0,0,0,0,0,0,0,0,0,0,0,0,0,0,0,0,0,0,0,0,0,0,0,0,0,0,0,0,0,0,0,0,0
0.000459550347296066,0.564997267884293,0,0,0,0,0,0,0.028046796737906,0,0,0,0,0,0,0,0,0,0,0,0,0,0,0,0,0,0,0,0,0.0252553978555308,0,0,0,0,0,0,0,0,0,0,0,0.00493064863207472,0,0.0385443392742115,0,0,0,0,-0.0187717669266741,0,0,-0.0319027564453095,0,0,0,0,0,0,0,0,0,0,0,0,0,-0.0198128976572241,0,0,0,0,0,0,0,0,0,0,-0.0342357901446038,0,0,0,0,0,0,0,0,0,0,0,0,0,0,-0.0825281430012111,0,0,0,0,0,0,0,0,0,0,0,0,0,0,0,0,0,0,0,0,0,0,0,0,0,0,0,0,0,0,0,0,0,0,0,0,0,0,0,0,0,0,0,0,0,0,0,0,0,0,0,0,0,0,0,0,0,0,0,0,0.00821549000510455,0,0,0,0,0,0,0,0,0,0,0,0,0,0,0,0,0,0,0,0,0,0,0,0,0,0,0,0,0,0,0,0,0,0
0.000633998289657333,0.65678077333943,0,0,0,0,0,0,0.0441420867094162,0,0,0,0,0,0,0,0,0,0,0,0,0,0,0,0,0,0,0,0,0.00600032332474284,0,0,0,0,0,0,0,0,0,0,0,0,0,0.00997589767519949,0,0,0,0,0,0,0,-0.0298197207238959,0,0,0,0,0,0,0,0,0,0,0,0,0,-0.00734413736153752,0,0,0,0,0,0,0,0,0,0,-0.00210697509366683,0,-0.00495654101019172,0,0,0,0,0,0,0,0,0,0,0,-0.0118432323608263,0,0,0,0,0,0,0,0,0,0,0,0,0,0,0,0,0,0,0,0,0,0,0,0,0,0,0,0,0,0,0,0,0,0,0,0,0,0,0,0,0,0,0,0,0,0,0,0,0,0,0,0,0,0,0,0,0,0,0,0,0,0,0,0,0,0,0,0,0,0,0,0,0,0,0,0,0,0,0,0,0,0,0,0,0,0,0,0,0,0,0,0,0,0,0,0
0.00061163095317434,0.689968642386862,0,0,0,0,0,0,0,0,0,0,0,0,0,0,0,0,0,0,-0.00370769135102246,0,0,0,0,0,0,0,0,0.0293308181543162,0,0,0,0,0,0,0,0,0,0,0,0.000441599703081614,0,0.0463102496835223,0,0,0,0,0,0,0,-0.0362448824034729,-0.00737174661659783,-0.00508379473096227,0,0,0,0,0,0,0,0,0,0,0,-0.000504004577396548,0,0,0,0,-0.000554699455940132,0,0,0,0,0,-0.0171199448303133,0,0,-0.00408000089458589,0,0,0,0,0,0,0,0,0,0,-0.0153148748956074,-0.0329972156873854,0,0,0,0,0,0,0,0,0,-0.00817598817111329,0,0,0,0,0,0,0,-0.0297363832084654,0,0,-0.0079249265057243,0,0,0,0,0,0,0,0,0,0,0,0,0,0,0,0,0,0,0,0,0,0,0,0,0,0,0,0,0,0,0,0,0,0,0,0,0,0,0,0.00279355981954218,0,0,0,0,0,0,0,0,0,0,0,0,0,0,0,-0.000843960492748826,0,0,0,0,0,0,0,0,0,0,0,0,0,0,0,0,0,0
0.000455824150499457,0.66175673183679,0,0,0,0,0,0,0,0,0,0,0,0,0,0,0,0,0,0,0,0,0,0,0,0,0,0,0,0.0257144521715194,0,0,0,0,0,0,0,0,0,0,0,0.00389150831702185,0,0.0336906084789875,0,0,0,0,0,0,0,-0.0443970947336562,0,0,0,0,0,0,0,0,0,0,0,0,0,-0.028758088578032,0,0,0,0,-0.00284991714273534,0,-0.0104325763628848,0,0,0,-0.0016626729751043,0,-0.0158677187666891,0,0,0,0,0,0,0,0,0,0,0,-0.016715104178005,-0.0354495941903093,0,0,0,0,0,0,0,0,0,-0.00150267858440135,0,0,0,0,0,0,0,0,0,0,-0.00913504961727931,0,0,0,0,0,0,0,0,0,0,0,0,0,0,0,0,0,0,0,0,0,0,0,0,0,0,0,0,0,0,0,0,0,0,0,0,0,0,0,0.000555222370643583,0,0,0,0,0,0,0,0,0,0,0,0,0,0,0,0,0,0,0,0,0,0,0,0,0,0,0,0,0,0,0,0,0,0
0.000491964287977877,0.658403191572474,0,0,0,0,0,0,0,0,-0.0159236796489851,0,-0.000628283128851062,0,0,0,0,0,0,0,0,0,0,0,0,0.00852012467505168,0,0,0,0.0548018436348736,0,0,0,0,0,0,0,0,0,0,0,0,0,0.0375099577362951,0,0,0,0,0,0,0,-0.0414258143588826,0,-0.00406207272229289,0,0,0,0,0,0,0,0,0,0,0,-0.0233298860653583,-0.00568464722309253,0,0,0,-0.0103894893906856,0,0,0,0,0,-0.0273876174219665,0,0,-0.023958111306944,0,0.0000257340425477341,0,0,0,0,0,0,0,0,0,-0.0611762613020609,0,0,0,0,0,0,0,0,0,-0.00887057436814137,0,0,0,0,-0.0042072768488044,0,0,-0.0177196131855941,0,0,-0.000569288737027,0,0,0,0,0,0,0,0,0,0,0,0,0,0,0,0,0,0,0,0,0,0,0,0,0,0,0,0,0,0,0,0,0,0,0,0,0,0,0,0.00927502335188768,0,0,0,0,0,0,0,0,0,0,0,0,0.020242777180314,0,0,0,0,0,0,0,0,0,0,0,0,0,0,0,0,0,0,0,0,0
0.0003938906368732,0.699524358730881,0,0,0,0,0,0,0,0,-0.039511802088208,0,-0.0286034467253115,0,0,0,0,0,0,0,0,0,0,0,0,0.021686669819684,0,0,0,0.0505389732181034,0,0,0,0,0,0,0,0,0,0,0,0.00379209597993471,0,0.10850299058277,0,0,0,0,0,0,0,-0.0545653248158237,0,-0.00766627734578375,0,0,0,0,0,-0.00572337610683769,0,0,0,0,0,-0.050363966432898,0,0,-0.000364114296766903,0,-0.0266744017586481,0,-0.0355571225096685,0,0,0,-0.0046794368931262,0,-0.0196439051910681,-0.00629937650573147,0,0.00744648558125968,0,0,-0.0131451590956828,0,0,0,0,0,0,-0.031308624991395,0,0,0,0,0,0,0,0,0,0,-0.0319080891785774,0,0,0,-0.00431801428784494,0,0,-0.0181141149614031,0,0,-0.0243116397537762,0,0,0,0,0,0,0,0,0,0,0,0,0,0,0,0,0,0,0,0,0,-0.014965822267015,0,0,0,0,0,0,0,0,0,0,0,0,0,0,0,0,0,0,0,0,0,0,0,0,0,0,0,0,0,0,0.00709126665748204,0,0,0,0,0,0,0,0,0,0,0,0,0,0,0,0,0,0,0,0,0
0.000615878311734009,0.612135924432935,0,0,0,0,0,0,0.0612895671508864,0,0,0,-0.00264494699553079,0,0,0,0,0,0,0,-0.00156517357178903,0,0,0,-0.00424321362949795,0,0,0,0,0.0138268897543467,0,0,0,0,0,0,0,0,0,0,0,0,0,0.0239106016865009,0,0,0,0,0,0,0,-0.0607503672883074,0,-0.00106026167113657,0,0,0,0,0,0,0,0,0,0,0,-0.00475799489000738,0,0,0,0,-0.0023804813261526,0,0,0,0,0,0,0.0082305088808505,0,0,0,0,0.00109074024936204,0,0,0,0,0,0,0,-0.0483078956884676,-0.00850770587870658,0,0,-0.00281474794262679,0,0,-0.00592657070601419,0,0,0,0,0,0,0,0,0,0,0,0,0,0,0,0,0,0,0,0,0,0,0,0,0,0,0,0,0,0,0,0,0,0,0,0,0,0,0,0,0,0,0,0,0,0,0,0,0,0,0,0,0,0,0,0,0,0,0,0,0,0,0,0,0,0,0,0,0,0,0,0,0,0,0,0,0,0,0,0,0,0,0,0,0,0,0,0,0
0.00116028392644223,0.579716630222191,-0.0270536241481159,0,0,0,0,0,0.0670304554915859,0,-0.00352262011443283,0,-0.00162298797962493,0,0,0,0,0,0,0,0,0,0,0,-0.012093095210659,0,0,0,0,0.110837343094276,0,-0.0234148317484529,0,0.134572255732609,0,0,0,0,0,0,0,0,0,0.0435190612596417,0,0,0,0,0,0,0,-0.0936358993431623,0,0,0,0,-0.00775437025768649,0,0,0,0,0,0,0,0,-0.00628773243802449,0,0,0,-0.0163098732039194,0,0,0,0,0,0,0,0,0,0,0,0,0,0,0,0,0,0,0,0,-0.0377158275753559,0,0,0,0,0,0,0,0,0,0,0,0,0,0,0,0,0,0,-0.0266856118336417,0,0,0,0,0,0,0,0,0,0,0,0,0,0,0,0,0,0,0,0,0.00169642819415075,0,0,0,-0.0145562061078763,0,0,0,0,0,0,-0.00836940278544124,0,0,0,0,0,0,0,0,0,0,0,0,0,0,0,0,0,0,0,0,0,0,0,0,0,0,0,0,0,0,0,0,0,-0.0101184731908355,0,0,0,0,0,0,0,0,0,0,0
NA,NA,NA,NA,NA,NA,NA,NA,NA,NA,NA,NA,NA,NA,NA,NA,NA,NA,NA,NA,NA,NA,NA,NA,NA,NA,NA,NA,NA,NA,NA,NA,NA,NA,NA,NA,NA,NA,NA,NA,NA,NA,NA,NA,NA,NA,NA,NA,NA,NA,NA,NA,NA,NA,NA,NA,NA,NA,NA,NA,NA,NA,NA,NA,NA,NA,NA,NA,NA,NA,NA,NA,NA,NA,NA,NA,NA,NA,NA,NA,NA,NA,NA,NA,NA,NA,NA,NA,NA,NA,NA,NA,NA,NA,NA,NA,NA,NA,NA,NA,NA,NA,NA,NA,NA,NA,NA,NA,NA,NA,NA,NA,NA,NA,NA,NA,NA,NA,NA,NA,NA,NA,NA,NA,NA,NA,NA,NA,NA,NA,NA,NA,NA,NA,NA,NA,NA,NA,NA,NA,NA,NA,NA,NA,NA,NA,NA,NA,NA,NA,NA,NA,NA,NA,NA,NA,NA,NA,NA,NA,NA,NA,NA,NA,NA,NA,NA,NA,NA,NA,NA,NA,NA,NA,NA,NA,NA,NA,NA,NA,NA,NA,NA,NA,NA,NA,NA
0.000994080438725014,0.640482493828522,0,0,0,0,0,0,0.0236510232803888,0,-0.00435827183777538,0,-0.0180194065191905,0,0,0,0,0,0,0,0,0,0,0,-0.0108362740396411,0.0493483015710357,0,0,0,0.0339054873983799,0,0,0,0,0,0,0,0,0,0,0,0.023828831300911,0,0.136301212034003,0,0,0,0,0,0,0,-0.0973512113071591,0,-0.00847353347507423,0,0,-0.0164076029002905,0,0,0,0,0,0,0,0,-0.0205845579155494,-0.00624973721355143,0,0,0,-0.0220971266432605,0,-0.0165959014085778,0,0,-0.0299088601942211,0,0,-0.00162454455741717,-0.0242113013993495,0,0.012510908133371,0,0,-0.000984594773842088,0,0,0,0,0,0,-0.0374229408702764,0,0,0,0,0,-0.00537620118743463,0,-0.0203726572983536,0,0,-0.018641761030272,0,0,0,-0.0421130066747919,0,0,0,0,0,0,0,0,0,0,0,0,0,0,0,0,0,0,0,0,0,0,0,0.035457634056098,0,0,0,-0.0268464509177936,0,0,0,0,0,0,0,0,0,0,0,0,0,0,0,0,0,0,0,0,0,0,0,0,0,0,0,0,0,0,0,0,0,0,0,0,0,0,0,0,-0.0173072491128444,0,0,0,0,0,0,0,0,0,0,0
NA,NA,NA,NA,NA,NA,NA,NA,NA,NA,NA,NA,NA,NA,NA,NA,NA,NA,NA,NA,NA,NA,NA,NA,NA,NA,NA,NA,NA,NA,NA,NA,NA,NA,NA,NA,NA,NA,NA,NA,NA,NA,NA,NA,NA,NA,NA,NA,NA,NA,NA,NA,NA,NA,NA,NA,NA,NA,NA,NA,NA,NA,NA,NA,NA,NA,NA,NA,NA,NA,NA,NA,NA,NA,NA,NA,NA,NA,NA,NA,NA,NA,NA,NA,NA,NA,NA,NA,NA,NA,NA,NA,NA,NA,NA,NA,NA,NA,NA,NA,NA,NA,NA,NA,NA,NA,NA,NA,NA,NA,NA,NA,NA,NA,NA,NA,NA,NA,NA,NA,NA,NA,NA,NA,NA,NA,NA,NA,NA,NA,NA,NA,NA,NA,NA,NA,NA,NA,NA,NA,NA,NA,NA,NA,NA,NA,NA,NA,NA,NA,NA,NA,NA,NA,NA,NA,NA,NA,NA,NA,NA,NA,NA,NA,NA,NA,NA,NA,NA,NA,NA,NA,NA,NA,NA,NA,NA,NA,NA,NA,NA,NA,NA,NA,NA,NA,NA
0.00106652901801891,0.493595325126403,-0.0186235002550106,0,0,0,0,0,0.0583717215541143,0,-0.0458762870748994,-0.00603351373425444,0,0,0,0,0,0,0,0,0,0,-0.00427774108259985,0,-0.0278202775184188,0,0,0,0,0.0897473997435645,0,-0.0217745835538067,0,0.203367906806632,0,0,0,0.0115997826983242,0,0,0,0.0475937751048976,0,0.142540940236589,0,0,0,-0.00834427969400715,0,0,0,-0.133053718287156,0,0,0,0,-0.0464779518819944,-0.021247360404815,0,-0.0234874627718192,0,0,0,0,0,0,0,0,0,-0.012846988507401,-0.0316395262755208,0,0,0,0,-0.0312980354004369,0,0,-0.0290015163080615,0,0,0.00676191714051875,0,0,0,-0.000742671763232659,0,0,0,0,0,0,0.0180215470754083,0,-0.0202069780230765,-0.007942475010627,0,-0.0166508569169835,0,-0.0318955692938607,0,0,-0.0500736449775097,0,0,0,-0.00820749416022147,0,0,-0.0395660268168609,-0.00542746269924126,0,0,0,0,0,0,0,0,0,0,0,0,0,0,0,0,0,0,0,0.0713785395716691,0,0,0,-0.0722082272746065,0,0,0,0,0,0,-0.0385584890762022,0,0,0,-0.0112045708771111,0,0,0,-0.0129598010417644,0,0,0,0,0,0,0,0,0,0,0,0,0,0,0,0,0,0,0,0,0,0,0,0,0,-0.0229298659381054,0,0,0,0,0,0,0,0,0,0,0
NA,NA,NA,NA,NA,NA,NA,NA,NA,NA,NA,NA,NA,NA,NA,NA,NA,NA,NA,NA,NA,NA,NA,NA,NA,NA,NA,NA,NA,NA,NA,NA,NA,NA,NA,NA,NA,NA,NA,NA,NA,NA,NA,NA,NA,NA,NA,NA,NA,NA,NA,NA,NA,NA,NA,NA,NA,NA,NA,NA,NA,NA,NA,NA,NA,NA,NA,NA,NA,NA,NA,NA,NA,NA,NA,NA,NA,NA,NA,NA,NA,NA,NA,NA,NA,NA,NA,NA,NA,NA,NA,NA,NA,NA,NA,NA,NA,NA,NA,NA,NA,NA,NA,NA,NA,NA,NA,NA,NA,NA,NA,NA,NA,NA,NA,NA,NA,NA,NA,NA,NA,NA,NA,NA,NA,NA,NA,NA,NA,NA,NA,NA,NA,NA,NA,NA,NA,NA,NA,NA,NA,NA,NA,NA,NA,NA,NA,NA,NA,NA,NA,NA,NA,NA,NA,NA,NA,NA,NA,NA,NA,NA,NA,NA,NA,NA,NA,NA,NA,NA,NA,NA,NA,NA,NA,NA,NA,NA,NA,NA,NA,NA,NA,NA,NA,NA,NA
0.000890144154049402,0.445178142750754,-0.0539200536774071,0,0,0,0,0,0.135406855017782,0,-0.0471470575711745,0,0,0,0,0,0,0,0,0,0,0,0,0,0,0,0,0,0,0.0491927160942323,0,-0.0471127279020006,0,0.399426794533103,0,0,0,0.0452924216902331,0,0,0.00536049829715347,0.0350966767738597,0,0.0476872347056906,0,0,0,0,0,0,0,-0.133078816746907,0,0,0,0,-0.094529599508457,-0.0376134012091403,0,0,0,0.035299854842578,0,0,0,0,0,0,0,-0.0485006076730934,-0.00890764480140382,0,0,0,0,-0.00666148402722655,0,0,0,0,0,0.0135779489441457,0,0,0,-0.0371633772823094,0,0,0,0,0,-0.0832153920529641,0,0,0,-0.0112793365646572,0,-0.00505630615284168,0,-0.0459823206747924,0,0,0,0,0,0,0,0,0,-0.0842355439622175,-0.0205742792468931,0,0,0,0,0,0,0,0,0,0,0,0,0,0,0,0,0,0,0,0.11304769471046,0,0,0,-0.0269639978276265,0,0,0,0,0,0,-0.0385925303689164,0,0,0,0,-0.0716949210504645,0,0,-0.0382580359668978,0,0,0,0,0,0,0,0,0,0,0,0,-0.0683208022843573,0,0,0,0,0,0,0,0,0,0,0,0,-0.0378017376851705,0,0,0,0,0,0,0,0,0.0163752429683766,0,0
0.00129093284977576,0.443940428639262,-0.0488613182567879,0,0,0,0,0,0.0830245891449428,0,-0.0656273956511918,-0.0735627822513642,0,0,0,0,0,0,0,0,0,0,0,0,0,0,0,0,0,0.0400548637314889,0,-0.110486543423841,0,0.440836100245557,0,0,0,0.102262940319835,0,0,0.0117035427263969,0.0108979104091815,0,0.0171722756846162,0,0,0,-0.0115375060472425,0,0,0,-0.150926658846704,0,0,0,0,0,-0.0283926117967878,0,-0.0180993455835019,0,0.0312669137067241,0,0,0,0,0,0,0,-0.0869574673477186,0,0,0,0,0,0,0,0,0,0,0,0,0,0,0,-0.00806934140757653,0,0,0,0,0,0,0.0111288439542468,0,-0.0935762194163305,-0.0266709471595719,0.0156730090596319,-0.0184454476701882,0,0,-0.00019224787961788,0,0,0,0,0,-0.0017603858083634,0,0,-0.0594987904129366,-0.0303318015441629,0,0,0,0,0,0,0,0,0,0,0,0,0,0,0,0,0,0,0,0.111533755543937,0,0,0,-0.0549706140131158,0,0,0,0,0,0,-0.0258552569940334,0,0,0,0,-0.076125744073865,0,0,0,0,0,0.0454861013187066,0,0,0,0,0,-0.00787730414020445,0,0,0,-0.0268099354947641,0,0,0,0,0,0,0,0,0,0,0,0,0,0,0,0,0,0,0,0,0,0,-0.0100524789108072,0
-0.000680835011679285,0.267190859669924,-0.133299410707842,0,0,0,0,0,0.0581124218602303,0,0,0,0,0,0,0,0,0,0,0,-0.0067437786022383,0.0570287044868059,-0.00267725570623687,0,0,0,0,0,0,0.00821833743865346,0,0,0,0.000575825054592491,0,0,0,0,0,0,0,0,0,0.235762812572211,0,0,0,0,0,0,0,-0.0809899647052107,0,0,0,0,-0.0277698674903597,-0.0168826773895919,0,0,0,0,0,0,0,0,0,0,0,0,-0.0258519106869676,0,0,0,0,-0.0535624207663246,0,0,-0.0987329516997153,-0.0373613632723791,0,0,0,0,0,-0.0242039891569042,0,0,0,0,0,0,0,0,0,0,0,0,0,-0.00644614400800943,0,0,0,0,0,0,-0.0602165070412903,0,0,-0.0216803171437634,0,0,0,0,0,0,0,0,0,0.012396790300968,0,-0.0292493280946561,0,0,0,0,0,0,0,0.0174197200219601,0.158146051009802,-0.0284820595165367,0,0,0,0,0,0,-0.0148255068032384,0,0.0624712564076484,-0.147042925556518,0,0,0,0,0,0,0.0672039664923172,-0.0230777760490351,0,0,0,0,0,0,0.117946703332359,0,0,0,0,0,0,0,0,0,0,0,0,0,0,-0.0262463246837123,0,0,0,-0.0102578412338825,-0.0261006199927406,0,0,0,0,0,0,0,0.00686979995526555,0,0
0.000977543713202155,0.730234148498399,0,0,-0.00889774092412259,0,0,0,0,0,0,0,0,0,0,0,0,0,0,0,-0.00396588973625866,0,0,0,-0.000138256189113397,0,0,0,0,0.0885437119501838,0,0,0,0.0393002119766336,0,-0.00801252086045536,0,0,0,0,0,0,0,0,0,0,0,0,0,0,0,-0.114803456166181,0,0,0,0,-0.00222741479185623,0,0,0,0,0,0,0,0,0,0,0,0,0,0,0,0,0,0,-0.00110234753164799,0,0,-0.0148076733454188,0,0,0.033582300337092,0,0,0,0,0,0,0,0,0,-0.0247312229641135,0,0,0,0,0,0,0,0,0,0,0,0,0,0,-0.0327519721366594,0,0,-0.0649936647783633,0,0,0,0,0,0,0,0,0,0,0,0,0,0,0,0,0,0,0,0,0.0205923852888317,0,0,0,-0.0220432552223271,0,0.0108712308435523,0,0,0,0,-0.0318503175001258,0,0,0,0,0,0,0,0,0,0,0,0,0,0,0,0,0,0,0,0,0,0,0,0,0,0,0,0,0,0,0,0,0,0,0,0,0,0,0,0,0,0,0,0.0111190664266733,0
0.000679465300369592,0.504511528182108,-0.0476818607405072,0,0,0,0,0,0.169107947522796,0,0,0,-0.00675239881191142,0,0,0,0,0,0,0,0,0,0,0,0,0,0,0,0,0.00845630772726278,0,-0.00599398361776785,0,0.165100239005437,0,0,0,0,0,0,0,0,0,0,0,0,0,0,0,0,0,-0.0740662920273343,0,0,0,0,-0.0286372761966152,0,0,0,0,0,0,0,0,0,0,0,0,-0.0321710627295864,0,0,0,0,0,-0.00477759025919967,0,0,-0.0297139933529243,0,0,0,0,0,0,0,0,0,0,0,0,-0.0561772256057404,0,0,0,0,0,0,0,0,0,0,0,0,0,0,-0.00290364905646605,0,0,0,0,0,0,0,0,0,0,0,0,0,0,0,0,0,0,0,0,0,0,0.0191509121513244,0.0709531808438348,0,0,0,0,0,0,0,0,0,0.0362502966528455,-0.0619165814245788,0,0,0,0,0,0,0,0,0,0,0,0,0,0,0,0,-0.00853691366161649,0,0,0,0,0,0,0,0,0,0,0,0,0,0,0,0,0,0,0,0,0,0,0,0,0,0,0,0
0.000695029367075368,0.31899501853732,0,0,0,0.0692154536118807,0,0,0.153079833171763,0,-0.0687665527038804,0,-0.00360699415228442,0,0,0,0,0,0,0,0,0,0,-0.0215413645933614,0,0,0.0855133922349248,0.0631563892776431,0,0,0,-0.0924771152564534,0,0.663761887060889,0,0,-0.00298351982687662,0.130006666229143,0,0,0.00492401827433326,0.0345249560412241,0,0,0,0,0,-0.0298698138834108,0,0,0,-0.251047807298068,0,0,0,0,-0.0117387093361054,-0.0759188645469707,0,-0.0177896348654784,0,0.0829599583283986,0,0,0,0,0,0,0,-0.0581139721430349,0,0,0,0,0,0,0,0,0,0,-0.00629655326468946,0,0,0,-0.0267192733748429,-0.0709813439252857,0,0,0,0,0,-0.066316466252045,0,0,0,0,0,0,0,0,0,0,0,0,0,0,0,0,0,-0.0815724881045833,0,0,0,0,0,0,0,0,0,0,0.0220578245655652,0,0,0,0,0,0,0,0,0.124102376870093,0.160786748427255,0,0,0,-0.0252445928064506,0,0,0,0,0,0,-0.0778159037639492,0,0,0,0,-0.183623420515105,0,0,-0.0669960420685429,0,0,0.133679340433772,0,0,-0.0228658391124284,0,0,0,0,0,0,-0.0861991929220544,0,0,0,0,0,0,0,0,0,0,0,0,-0.0129042041230173,0,0,0.0918507097024277,0,0,0,0,-0.0138203122749617,0,0,0
0.000956184181528744,0.406678122279552,-0.043764291130143,0,0,0.0113707405993359,0,0,0.109270512875346,0,-0.0662495679362742,-0.0349798222526293,0,0,0,0,0,0,0,0,0,0,0,0,0,0,0.0555632311365388,0.00170516999301051,0,0.0406453160672469,0,-0.08330218282434,0,0.609683796922486,0,0,0,0.143860240084051,0,0,0.00280275521733569,0.0136736982148859,0,0,0,0,0,-0.0152790619666337,0,0,0,-0.162877018261376,0,0,0,0,-0.0538601650334809,-0.0606907726670044,0,0,0,0.0667752461046255,0,0,0,0,0,0,0,-0.0371805495942234,0,0,0,0,0,0,0,0,0,0,0,0,0,0,0,-0.0555745500914027,0,0,0,0,0,-0.0679764376483508,0.000122366420898397,0,0,-0.0199273822461913,0,0,0,-0.0074432559043251,-0.0227851909069314,0,0,0,0,0,0,0,0,-0.111867621034792,-0.0109654965545035,0,0,0,0,0,-0.00299801061096438,0,0,0,0,0,0,0,0,0,0,0,0,0.00822546734537102,0.151536920113909,0,0,0,-0.0456617413008085,0,0,0,0,0,0,-0.0607629882135108,0,0,0,0,-0.128002481584911,0,0,-0.0351613621134051,0,0,0.0650418157449749,0,0,-0.000411378112877485,0,0,0,0,0,0,-0.125577206118004,0,0,0,0,0,0,0,0,0,0,0,0,-0.0211720351052269,0,0,0,0,0,0,0,0,0,0,0
0.000833429595271672,0.409033577370132,-0.0311143632726928,0,0,0,0,0,0.167381244930035,0,-0.0202255817781001,0,0,0,0,0,0,0,0,0,0,0,-0.0132496110413607,-0.00849610063387987,0,0,0,0,0,0.0454942234178089,0,-0.0585746078716255,0,0.293155662436035,0,-0.0033731373007331,0,0.00584301946377441,0,0,0,0,0,0.0169325060998068,0,0,0,-0.00486642663462115,0,0,0,-0.104712762192577,0,0,0,0,-0.0676203459821974,-0.0200566769430087,0,0,0,0.0234045841406246,0,0,0,0,0,0,0,-0.063101878843857,-0.0137406783469404,0,0,0,0,0,0,0,-0.0187990974989003,0,0,0,0,0,0,0,0,0,0,0,0,-0.0339682876092943,0,0,0,-0.0107582711503894,0,-0.000897485084143887,0,-0.0180071406970491,0,0,0,0,0,0,0,0,0,0,-0.0253601862924761,0,0,0,0,0,0,0,0,0,0,0,0,0,0,0,0,0,0,0,0.0632606099440115,0,0,0,-0.0425552321097697,0,0,0,0,0,0.0138762537311572,-0.0593019633571199,0,0,0,0,-0.0470930798577051,0,0,0,0,0,0,0,0,0,0,0,-0.059516975284167,0,0,0,0,0,0,0,0,0,0,0,0,0,0,0,0,-0.0345644314474433,0,0,0,0,0,0,0,0,0,0,0
0.000707601357777612,0.453641343461618,-0.0146198357825518,0,0,0,0,0,0.189267987964775,0,-0.0569818148065809,-0.0559158992087869,0,0,0,0,0,0,0,0,0,0,-0.0208318758183219,-0.0374011666929126,-0.000460143467158276,0,0,0,0,0.0257727137549276,0,-0.0762586962274287,0,0.477966903098839,0,0,-0.00479820716900792,0.0841083220982497,0,0,0,0,0,0.0188623027463764,0,0,0,-0.0122578684255689,0,0,0,-0.123756526569551,0,0,0,0,-0.112942794181142,-0.0500347695672709,0,-0.000685772680763661,0,0.0414747352060659,0,0.00629388152382883,0,0,0,0,0,-0.104887902193716,-0.00221140221595921,0,0,0,0,0,0,0.0275967162217743,-0.0183946301508639,0,0,0,0,0,-0.0118358569197485,0,0,0,0,0,0,0,0,0,0,-0.0292980701692782,0.0580616787362802,-0.00819063837008796,0,-0.050504718994325,0,0,-0.0182828228988538,0,0,0,0,0,0,0,-0.049021901152671,0,0,0,0,0,0,0,0,0,0,0,0,0,0,0,0,0,0,0,0.125854672037501,0,0,0,-0.0475450783920834,0,0,0,0,0,0,-0.0682803860443188,0,0,0,0,-0.131974503232492,0,0,-0.0266038715965856,0,0,0.0305631085100321,0,0,0,0,0,-0.063652396841268,0,0,0,-0.0509393623257752,0,0,0,0,0,0,0,0,0,0,0,0,-0.0428598251764946,0,0,0,0,0,-0.0168029418910784,0.0347461412311716,0,0,0,0
0.00077380366719416,0.51582085227211,0,0,0,0,0,0,0.293987312765084,0,-0.00790447610084983,0,-0.00741068942000298,0,0,0,0,0,0,0,0,0,0,-0.00901553498972773,0,0,0,0,0,0.0189460370537051,0,0,0,0.130321774366046,0,0,0,0,0,0,0,0,0,0.0152500839717429,0,0,0,0,0,0,0,-0.0796186128359846,0,0,0,0,-0.0663940157287295,0,0,0,0,0.0310168660163089,0,0,0,0,0,-0.00105619478664683,0,-0.0631888598652085,0,0,0,0,0,0,0,0,0,0,0,0,0,0,0,0,0,0,0,0,-0.00424630704271105,0,0,0,0,0,0,0,0,0,0,0,0,0,0,0,0,0,0,0,0,0,0,0,0,0,0,0,0,0,0,0,0,0,0,0,0,0,0,0,0.000376393711676286,0,0,0,0,0,0,0,0,0,0.0369264092566647,-0.0171743445115861,0,0,0,0,-0.00428517580185216,-0.0152157608536501,0,0,0,0,0,0,0,0,0,0,-0.0418507014027674,0,0,0,0,0,0,0,0,0,0,0,0,0,0,0,0.00347505996733553,-0.00895129098941545,0,0,0,0,0,-0.00341878097768069,0,0,0.014020600502605,0,0
0.00145851003131152,0.486004772740773,-0.0378199815860732,0,0,0,0,0,0.228738277879603,0,-0.00985295735003774,-0.0257514720605752,0,0,0,0,0,0,0,0,0,0,0,-0.0167763968893868,-0.0262532642604979,0,0.0188122249236558,0,0,0.0753997438547325,0,-0.0160474425570398,0,0.334728585796591,0,0,-0.00413099981331626,0.0750596840664595,0,0,0,0.0235868525512806,0,0.0413367552627838,0,0,0,-0.0100350722695551,0,0,0,-0.118004146554056,0,0,0,0,-0.134493217394606,-0.0163939851650181,0,-0.0343517479915411,0,0.00429445122361936,0,0.00815527848947893,0,0,0,0,0,0,-0.00230386119968424,0,0,0,0,-0.00132689049634118,0,0,-0.020608486792796,0,0,0,0,0,0,0,0,0,0,0,0,0,0.00269206724579785,0,0,-0.00936692600544584,0.0212779673600033,-0.00889970763444288,0,-0.0714566908040815,0,0,-0.0375770636104767,0,0,0,-0.00306676252696132,0,0,0,-0.00372320834859609,0,0,0,0,0,0,0,0,0,0,0,0,0,0,0,0,0,0,0,0.0581650601361105,0,0,0,-0.0525622634966247,0,0,0.00438322933485472,0,0,0,-0.00189372908789993,0,0,0,-0.000478937240398383,-0.0663513216676402,-0.0233021908177961,0,0,0,0,0.127538803818771,0,0,0,0,0,0,0,0,0,-0.0348825479050706,0,0,0,0,0,0,0,0,0,0,0,0,-0.0132181486535848,0,0,0,0,0,0,0,0,0,0,0
0.00171685950136307,0.477332905021139,0,0,0,0,0,0,0.192270908491893,0,0,-0.0138517816136555,-0.0129133181983556,0,0,0,0,0,0,0,0,0,0,-0.0264388815907742,-0.0316956048070555,0,0,0,0,0.0723839893805498,0,0,0,0.269310193576866,0,0,0,0.053683805942575,0,0,0,0.0455279310147196,0,0.0632982642648653,0,0,0,-0.000917443417976141,0,0,0,-0.109779893355544,0,0,0,0,-0.156014049538587,0,0,0,0,0,0,0.0111312960037878,0,0,0,0,0,0,-0.00155704622631008,0,0,0,0,0,0,0.00942278486636927,0,0,0,0.00372865938757633,0,0,0,0,0,0,0,0,0,0,0,0,0,-0.0160016447846974,0,-0.00688125105547864,0,-0.0502911329612112,0,0,-0.0221375120404953,0,0,0,0,0,0,0,-0.00266234490071517,0,0,0,0,0,0,0,0,0,0,0,0,0,0,0,0,0,0,0,0.00788352268614717,0,0,0,-0.0218149201513769,0,0,0,0,0,0,0,0,0,0,0,-0.0500597660335384,-0.0107130789377574,0,0,0,0,0.0859653766027154,0,0,0,0,0,-0.0322439282285227,0,0,0,0,0,0,0,0,0,0,0,0,0,0,0,0,-0.0535675468675766,0,0,0,0,0,0,0,0,0,0,0.00972854613304574
0.001281624851251,0.523557178727391,-0.105687416505417,0,0,0,0,0,0.146252996918987,0,0,0,0,0,0,0,0,0,0,0,0,0,0,-0.00917663823332373,-0.000833910536774463,0,0,0,0,0.0808739932882982,0,-0.0298127611759954,0,0.287728447736361,0,0,0,0.0409961255931804,0,0,0,0.0155586777769985,0,0.0515084808115645,0,0,0,0,0,0,0,-0.0694697432091781,0,0,0,0,-0.0425886413571624,-0.00757796607178584,0,0,0,0.0162235759548719,0,0,0,0,0,-0.0362177452374158,0,-0.0559936449525282,-0.0310968567209449,0,0,0,0,0,0,0.00794129164656876,-0.0202666636279496,0,0,0,0,0,-0.0155824119085124,0,0,0,0,0,-0.0181752176814096,-0.012375345045835,0.0106829919523869,0,0,-0.0229768786386239,0.0275611399576404,-0.00393504276500247,0,-0.0311280852981588,0,-0.033407642961502,0,0,0,0,0,0,0,-0.0270398387337704,-0.0152442235915014,0,0,0,0,0,0,0,0,0,0,0,0,0,0,0,0,0,0,0,0,0,0,0,-0.0973298712225813,0,0,0,0,0,0,-0.00284431649749304,0,0,0,0,-0.0151668663744294,0,0,-0.0100973804430719,0,0,0,0,0,0,0,0,0,0,0,0,0,0,0,0,0,0,0,0,0,0,0,0,0,0,0,0,0,0,0,0,0,0,0,0,0
0.0013655170339326,0.456499095623432,0,0,0,0,0,0,0.281433053680416,0,-0.00708144599643967,0,0,0,0,0,0,0,0,0,0,0,-0.000453091773018294,-0.0354427346950218,0,0,0.00110797700416739,0,0,0.0619695806428791,0,0,0,0.295944282045479,0,0,0,0.0228196481774769,0,0,0,0,0,0,0,0,0,-0.0218517154134106,0,0,0,-0.113417457751275,0,0,0,0,-0.129699516813911,0,0,0,0,0.0213208915130046,0,0.0301179550244163,0,0,0,0,0,-0.0104873953635613,0,0,0,0,0,0,0,0,-0.000967177872851024,0,0,0,0,0,0,0,0,0,0,0,0,0,0,0,0,-0.00858017241117193,0.0242595775844246,0,0,0,0,0,0,0,0,0,0,0,0,0,0,0,0,0,0,0,0,0,0,0,0,0,0,0,0,0,0,0,0,0,0.0418350332198809,0,0,0,-0.0154919860589279,0,0,0,0,0,0,-0.0115067679259434,0,0,0,0,-0.0526896427922725,-0.0525461678928103,0,0,0,0,0.100901988509271,0,0,0,0,0,-0.0836216352606876,0,0.0117314215418791,0,0,0,0,0,0,0,0,0,0,0,0,0,0,-0.041565961144833,0,0,0,0,0,0,0,0,0,0,0.00807046849928893
0.000626743146901162,0.478906083623075,-0.00362645412358617,0,0,0,0,0,0.207326813876678,0,0,0,0,0,-0.0104278841651308,0,0,0,0,0,0,0,0,-0.000999087811091116,0,0,0,0,0,0.0270523282786561,0,0,0,0.105878264825265,0,-0.0122520257067641,-0.000512042200356883,0,0,0,0,0,0,0,0,0,0,0,0,0,0,-0.0544311563309429,0,0,0,0,-0.0517299153348887,0,0,0,0,0,0,0,0,0,0,0,0,-0.0338228091349287,0,0,0,0,0,0,0,0,0,0,0,0,0,0,0,0,0,0,0,0,0,0,0,0,0,0,0,0,0,0,0,0,0,0,0,0,0,0,0,0,0,0,0,0,0,0,0,0,0,0,0,0,0,0,0,0,0,0,0,0.00941854036065403,0,0,0,0,0,0,0,0,0,0,0.014206367962371,-0.0436995761162133,0,0,0,0,-0.00166778953089754,0,0,0,0,0,0,0,0.0207339795613969,0,0,0,-0.0449611163465907,0,0.00985620132716176,0,0,0,0,0,0,0,0,0,0,0,0,0,0,0,0,0,0,0,0,0,0,0,0.00706337919087511,0,0
-0.000138495285732779,0.362060840548556,0,0,0,0,0,0,0.340496864665,0,-0.0378536839735689,-0.0156632664037988,-0.0537011746900898,0,-0.016109350544116,0,0,0,0,0,0,0,0,-0.0755479485690639,0,0,0,0,0,0.0371554098879053,0,0,0,0.0895547077397483,0,-0.01129377781602,-0.0178977151372868,0.0264486619827974,0,0,0,0,0,0,0,0,0,0,0,0,0,-0.07273581654784,0,0,0,0,-0.0571821935515449,0,0,0,0.0394229578527945,0.130316215522634,0.165355289158451,0,0,0,0.00302112961899572,-0.0310619302315491,0,-0.0885007665883193,0,0,0,0,0,0,0,0,0,0,0,0,0,0,0,0,0,0,0,0,-0.014326237896694,0,0,0,0,-0.00832761224887617,0.0249585306680508,0,0,0,0,0,0,0,0,0,-0.00690974225236197,0,0,0.103557252883009,0,0,0,0,0,0.0512769612047587,0,0,0,0.0156078659635866,0,0,0,0,0,0,0,0,0,0,0,0,0,0,-0.00289091435135425,0,0.0215472454116511,0,0,0,0,-0.0305646874543162,0,0,0,0,0,-0.0472028841715052,-0.0190696194732828,0,0,0,0,0,0.0134819044975563,0.0445894733660361,0,0,-0.162043028912902,0,0.0401647784026353,0,0,0,0,0,0,0,-0.0204832759285507,0,0,0,0,0,0.0600730620915818,-0.0121948461530381,0,0,0,0,0,-0.0723979424418256,0,0,0.0166720168284123,0.173234227540105,0.00676755792160558
0.00068397723515178,0.494931622488692,-0.0007378978315496,0,0,0,0,0,0.242018119492334,0,0,0,0,0,0,0,0,0,0,0,0,0,0,0,0,0,0,0,0,0.0298897789265931,0,0,0,0.0769914073152379,0,-0.0048401953577979,0,0,0,0,0,0,0,0.00379634922869055,0,0,0,0,0,0,0,-0.0664406903318915,0,0,0,0,-0.0455131756164452,0,0,0,0,0,0,0,0,0,0,0,0,0,0,0,0,0,0,0,0,0,-0.0010693399781193,0,0,0,0,0,0,0,0,0,0,0,-0.0219701451125955,-0.00418925696771635,0,0,0,0,0,0,0,0,0,0,0,0,0,0,0,0,0,0,0,0,0,0,0,0,0,0,0,0,0,0,0,0,0,0,0,0,0,0,0.0116591903708006,0,0,0,0,0,0,0,0,0,0.0214944174246533,-0.0391142683377041,0,0,0,0,0,-0.0116853218158047,0,0,0,0,0,0,0.0149464366280564,0,0,0,-0.0397473676718617,0,0.0178712100934729,0,0,0,0,0,0,0,0,0,0,0,0,0,0.0126447607600217,0,0,0,0,0,0,0,0,0,0.000168176849250906,0.00637215015444054,0
0.000909133837073677,0.491076024963155,-0.0076788716058518,0,0,0,0,0,0.192966236205858,0,0,0,0,0,0,0,0,0,0,0,0,0,0,0,0,0,0,0,0,0.0797689924456275,0,0,0,0.0802532961998495,0,-0.0183625935426106,0,0,0,0,0,0,0,0.0825137012314795,0,0,0,0,0,0,0,-0.082614769904872,-0.000650836743812004,0,0,0,-0.0366861596508938,0,0,0,0,0,0,0,0,0,0,0,0,-0.0151429872240964,-0.0054962958632363,0,0,0,0,0,0,0,-0.026107617898394,0,0,0,0,0,0,0,0,0,0,0,-0.000144301018066162,0,0,0,0,0,0,0,0,0,0,0,0,0,0,0,-0.0298757398951478,0,0,0,0,0,0,0,0,0,0,0,0,0,0,0,0,0,0,0,0,0,0,0,0,0,0,0,0,0,0,0,0,0,0.00429065934694601,-0.064345441510494,0,0,0,0,0,-0.0142065825738777,0,0,0,0,0,0,0.00121268245136964,0,0,0,-0.00309385714487008,0,0.0090207700960659,0,0,0,0,0,0,0,0,0,0,0,0,0,0,0,0,0,0,0,0,0,0,0,0,0.0187527794571108,0
0.000594988813868189,0.481093174145075,0,0,0,0,0,0,0.232987113539774,0,0,0,-0.0394425400007969,0,0,0,0,0,0,0,0,0,0,-0.0418366880983456,0,0,0,0,0,0.0210490306769507,0,0,0,0.0523939371118953,0,0,-0.0258496136578804,0,0,0,0,0.00978982937856318,0,0,0,0,0,0,0,0,0,-0.0283523820627369,0,0,0,0,-0.0496606856711249,0,0,0,0,0.00619942745057035,0.0731532113338,0,0,0,0,-0.0253732303259132,0,-0.0368013936500855,0,0,0,0,0,0,0,0,0,0,0,0,0.00176570679117792,0,0,0,0,0,0,0,-0.00018735271251593,0,0,0,0,-0.000631118123123859,0,0,0,0,0,0,0,0,0,0,0,0,0,0.0527216469512455,0,0,0,0,0,0.0517137514784449,0,0,0,0,-0.00607422136322634,0,0,0,0,0,0,0,0,0,0,0,0,0,0,0,0.00851176913218964,0,0,0,0,-0.00609553190697355,0,0,0,0,0,-0.0620395924470738,-0.0103150029247255,0,0,0,0,0,0,0.104976421070216,0,0,-0.151100096425936,0,0.0113524988393943,0,0,0,0,0,0,0,0,0,0,0,0,0,0.0164014949647772,0,0,0,0,0,0,-0.0253128679048969,0,0,0.00221135129544831,0.13705540641501,0.00654781027473069
0.00101815179955485,0.508263145189783,0,0,0,0,0,0,0.318189963933541,0,-0.0361439791881772,-0.000104201844128778,0,0,-0.00979733149229509,0,0,0,0,0,0,0,0,0,0,0,0,0,0,0.0353125609614888,0,0,0,0.100658496398924,0,0,0,0,0,0,0,0,0,0,0,0,0,0,0,0,0,-0.0537496546582231,0,0,0,0,-0.0349233339675225,0,0,0,0,0.0320770566885978,0,0,0,0,0,0,0,-0.0186300389748161,0,0,0,0,0,0,0,0,0,0,0,0,0.00364729042517872,0,0,0,0,0,0,0,-0.0133936863176968,0,0,0,0,0,0,0,0,0,0,0,0,0,0,0,0,0,0,0,0,0,0,0,0,0,0,0,0,0,0,0,0,0,0,0,0,0,0,0,0,0,0,0,0,0,0,0,0,0,0,-0.0067484870171964,0,0,0,0,0,-0.0570262071055135,0,0,0,0,0,0,0.0144235995223616,0,0,0,-0.0554409349159613,0,0.00540274857629677,0,0,0,0,0,0,0,0,0,0,0,0,0,0.00550886273590958,0,0,0,0,0,0,-0.0105715447304959,0,0,0.0096895441517244,0.065879730636613,0
0.00100775270367454,0.605252681129273,0,0,0,0,0,0,0.192478887607366,0,0,0,0,0,-0.0112871377169796,0,0,0,0,0,0,0,0,0,0,0,0,0,0,0.0547020569726622,0,0,0,0.11174427342857,0,-0.0207904694083344,0,0,0,0,0,0,0,0.0464194546783587,0,0,0,0,0,0,0,-0.0602993253365755,0,0,0,0,-0.0294568379795189,0,0,0,0,0,0,0,0,0,0,0,0,-0.051297658732236,0,0,0,0,0,0,0,0,-0.0138328905266269,0,0,0,0,0,0,0,0,0,0,0,0,0,0,0,0,0,0,0,0,0,0,0,0,0,0,0,0,0,0,0,0,0,0,0,0,0.0125739539483614,0,0,0,0,0,0,0,0,0,0,0,0,0,0,0.0146053742521005,0,0,0,0,0,0.0075896692107718,0,0,0,0,-0.0565640143512661,0,0,0,0,0,-0.0155718471620075,0,0,0,0,0,0,0,0.00182058475345577,0,0,-0.0115456800053922,0,0,0,0,0,0,0,0,0,0,0,0,0,0,0,0,0,0,0,0,0,0,0,0,0,0,0.011532041382413,0
0.000977955537299598,0.552281759261301,-0.0512872956898343,0,0,0,0,0,0.189942712612413,0,0,0,0,0,0,0,0,0,0,0,0,0,0,0,0,0,0.00263957695689476,0,0,0.112757852310446,0,0,0,0.148063890846321,0,-0.00452531181390795,0,0,0,0,0,0,0,0,0,0,0,0,0,0,0,-0.0657990517573699,0,0,0,0,-0.0149962758393256,-0.00897520038734514,0,0,0,0,0,0,0,0,0,0,0,0,0,0,0,0,0,0,0,0,-0.0286822500076229,0,0,0,0,0,0,0,0,0,0,0,0,-0.00509509364682446,0,0,0,0,0,0,0,0,0,0,0,0,0,0,0,0,0,0,0,0,0,0,0,0,0,0,0,0,0,0,0,0,0,0,0,0,0,0.00976270694165308,0.0321222013715356,0,0,0,0,0,0,0,0,0,0,-0.0589870020872062,0,0,0,0,0,-0.0310987954174803,0,0,0,0,0,0,0,0,0,0,0,0,0,0,0,0,0,0,0,0,0,0,0,0,0,0,0,0,0,0,0,0,0,0,0,0,0,0,0
0.00108048563704475,0.451798679719114,-0.0635345781702275,0,0,0,0,0,0.222662675537554,0,0,0,0,0,0,0,0,0,0,0,0,0,-0.00793555259242179,0,0,0,0.0254228096365422,0,0,0.0441993114297516,0,0,0,0.1545566007345,0,-0.00455138891039543,0,0,0,0,0,0,0,0,0,0,0,0,0,0,0,-0.0788628749615738,0,0,0,0,-0.0135744783538829,-0.0183404173655227,0,0,0,0.0377647953649457,0,0,0,0,0,0,0,0,0,0,0,0,0,0,0,0,-0.0264028466796007,0,0,0,0,0,0,0,0,0,0,0,0,0,0,0,0,-0.0193356592244288,0,0,0,0,0,0,0,0,0,0,-0.0140583600230707,0,0,0,0,0,0,0,0,0,0,0,0,0,0,0,0,0,0,0,0,0,0,0.0685126753650969,0.0462376693324529,0,0,0,0,0,0,0,0,0,0,-0.0597607180774368,0,0,0,0,-0.0195438293438839,-0.0588602049608937,0,0,0,0,0,0,0,0,0,0,0,0,0,0,0,0,0,0,0,0,0,0,0,0,0,0,0,0,0,0,0,0,0,0,0,0,0,0,0
0.00114818478455183,0.557867933170277,-0.0101772841283352,0,0,0,0,0,0.237677610601693,0,-0.0389246581903715,-0.011736045496591,0,0,0,0,0,0,0,0,0,0,0,-0.00547694042129678,0,0,0.00628580242118574,0,0,0.0750115316397586,0,0,0,0.228225613514487,0,-0.00933709189642446,-0.00886797169140091,0.053307834759297,0,0,0,0,0,0,0,0,0,0,0,0,0,-0.120838328316645,0,0,0,0,-0.116311202006982,-0.00455463016508017,0,0,0,0.0831613407029874,0,0,0,0,0,0,0,-0.0415177807451145,0,0,0,0,0,0,0,0,-0.0101090597117938,0,0,0,0,0,0,0,0,0,0,0,0,0,0,0,0,0,0,-0.00129764432626064,0,0,0,0,0,0,0,0,0,0,0,0,0,0,0,0,0,0,0,0,0,0,0,0,0,0,0,0,0,0,0,0,0.0577038447375995,0,0,0,-0.0602922480662794,0,0,0,0,0,0,-0.0487013181005011,0,0,0,0,-0.0179295226507002,-0.0420807431977002,0,0,-0.012356302825708,0,0.0573379162125618,0,0,0,0,0,-0.0449268137407995,0,0,0,0,0,0,0,0,0,0,0,0,0,0,0,0,-0.00211931794743415,0,0,0,0,0,0,0,0,0,0,0
NA,NA,NA,NA,NA,NA,NA,NA,NA,NA,NA,NA,NA,NA,NA,NA,NA,NA,NA,NA,NA,NA,NA,NA,NA,NA,NA,NA,NA,NA,NA,NA,NA,NA,NA,NA,NA,NA,NA,NA,NA,NA,NA,NA,NA,NA,NA,NA,NA,NA,NA,NA,NA,NA,NA,NA,NA,NA,NA,NA,NA,NA,NA,NA,NA,NA,NA,NA,NA,NA,NA,NA,NA,NA,NA,NA,NA,NA,NA,NA,NA,NA,NA,NA,NA,NA,NA,NA,NA,NA,NA,NA,NA,NA,NA,NA,NA,NA,NA,NA,NA,NA,NA,NA,NA,NA,NA,NA,NA,NA,NA,NA,NA,NA,NA,NA,NA,NA,NA,NA,NA,NA,NA,NA,NA,NA,NA,NA,NA,NA,NA,NA,NA,NA,NA,NA,NA,NA,NA,NA,NA,NA,NA,NA,NA,NA,NA,NA,NA,NA,NA,NA,NA,NA,NA,NA,NA,NA,NA,NA,NA,NA,NA,NA,NA,NA,NA,NA,NA,NA,NA,NA,NA,NA,NA,NA,NA,NA,NA,NA,NA,NA,NA,NA,NA,NA,NA
0.000127751791948186,0.478793762811592,-0.0243922512901978,0,0,0,0,0,0.121373395228257,0,-0.0163181517210964,0,0,0,0,0,0,0,0,0,0,0,0,0,0,0,0,0,0,0.0119655361350402,0,0,0,0.101440917236841,0,0,0,0,0,0,0,0,0,0,0,0,0,0,0,0,0,-0.0277653660424137,-0.00983919003148625,0,0,0,-0.0229792695361431,0,0,0,0,0,0,0,0,-0.00502919824848381,-0.00733486002505054,0,0,0,0,0,0,0,0,0,0,0.00398093684495308,0,0,0,0,0,0,0,0,0,0,0,0,0,0,0.0577462679652936,0,0,0,0,0,0,-0.0122329021951145,0,0,0,0,0,0,0,0,0,0,0,0,0,0,0,0,0,0,0,0,0,0,0,0,0,0,0,0,0,0.0160851055865742,0,0,0,0,0,0,0,0,0,0,0,-0.0034916356983284,0,0,0,0,0,-0.0185614524353709,0,0,0,0,0,0,0.0176714198857134,0,0,0,-0.0121243882014516,0,0,0,0,0,0,0,0,0,0,0,0,0,0,0,0,0,0,0,0,0,0,0,0.00920443204447582,0,0,0,0
NA,NA,NA,NA,NA,NA,NA,NA,NA,NA,NA,NA,NA,NA,NA,NA,NA,NA,NA,NA,NA,NA,NA,NA,NA,NA,NA,NA,NA,NA,NA,NA,NA,NA,NA,NA,NA,NA,NA,NA,NA,NA,NA,NA,NA,NA,NA,NA,NA,NA,NA,NA,NA,NA,NA,NA,NA,NA,NA,NA,NA,NA,NA,NA,NA,NA,NA,NA,NA,NA,NA,NA,NA,NA,NA,NA,NA,NA,NA,NA,NA,NA,NA,NA,NA,NA,NA,NA,NA,NA,NA,NA,NA,NA,NA,NA,NA,NA,NA,NA,NA,NA,NA,NA,NA,NA,NA,NA,NA,NA,NA,NA,NA,NA,NA,NA,NA,NA,NA,NA,NA,NA,NA,NA,NA,NA,NA,NA,NA,NA,NA,NA,NA,NA,NA,NA,NA,NA,NA,NA,NA,NA,NA,NA,NA,NA,NA,NA,NA,NA,NA,NA,NA,NA,NA,NA,NA,NA,NA,NA,NA,NA,NA,NA,NA,NA,NA,NA,NA,NA,NA,NA,NA,NA,NA,NA,NA,NA,NA,NA,NA,NA,NA,NA,NA,NA,NA
0.00062455939656458,0.0106179362906331,-0.0508753161460976,0,0,0.0080457825418454,0,0,0.139784868654967,0,0,-0.0432095473545136,0,0,-0.00570710094654381,0,0,0,0,0,0,0,-0.0258056062445531,-0.0204070433367041,0,0,0.119209257811076,0,0.0426625833823332,0.0324328967323514,0,-0.0477247482989796,0,0.474728071573235,0,0,-0.164507767232758,0.190654568743731,-0.00550130357543445,0,0.026421781015141,0.0367530824239184,0,0,0,0,0,0,0,0,0,-0.120206841329652,0,0,0,0,-0.0976711983543336,-0.0297781659122479,0,0,0,0.137503522969178,0,0.0106949956031158,0,0,0,0,0,-0.00587310096777875,0,0,0,0,0,0,0,0,-0.0779712319380947,0,0,0,0,0,-0.0132852989210206,-0.015604971438239,0,0.0742805943655746,0,0,0,-0.0580418809860109,0,0,0,0,0,0,0,-0.0209622413989919,-0.0415537774948092,0,0,0,0,0,0,0,0,-0.10803885264487,0,0,0,0,0,0,0,0,0,0,0.0982305866195429,0,0,0,0,0,0,0,0,0.243711271454483,0.235346895761648,0,0,0,-0.00793725879471178,0,0,0,0,0,0,-0.0436120946418662,0,0,0,0,-0.0112531828366117,0,0,0,0,-0.0352620739261242,0.219038558605402,0,0,0,0,0,0,0,0,0,-0.0702743940472498,0,0,0,0,0,0,0,0,0,0,0,0,0,-0.01182809461945,0,0.132926320062198,0,0,-0.0641989463253651,0,-0.0234607992100889,0,0,0
NA,NA,NA,NA,NA,NA,NA,NA,NA,NA,NA,NA,NA,NA,NA,NA,NA,NA,NA,NA,NA,NA,NA,NA,NA,NA,NA,NA,NA,NA,NA,NA,NA,NA,NA,NA,NA,NA,NA,NA,NA,NA,NA,NA,NA,NA,NA,NA,NA,NA,NA,NA,NA,NA,NA,NA,NA,NA,NA,NA,NA,NA,NA,NA,NA,NA,NA,NA,NA,NA,NA,NA,NA,NA,NA,NA,NA,NA,NA,NA,NA,NA,NA,NA,NA,NA,NA,NA,NA,NA,NA,NA,NA,NA,NA,NA,NA,NA,NA,NA,NA,NA,NA,NA,NA,NA,NA,NA,NA,NA,NA,NA,NA,NA,NA,NA,NA,NA,NA,NA,NA,NA,NA,NA,NA,NA,NA,NA,NA,NA,NA,NA,NA,NA,NA,NA,NA,NA,NA,NA,NA,NA,NA,NA,NA,NA,NA,NA,NA,NA,NA,NA,NA,NA,NA,NA,NA,NA,NA,NA,NA,NA,NA,NA,NA,NA,NA,NA,NA,NA,NA,NA,NA,NA,NA,NA,NA,NA,NA,NA,NA,NA,NA,NA,NA,NA,NA
0.000434098073468947,0.391237081129851,0,0,0,0,0,0,0.244227734617399,0,-0.0260540535478743,-0.00488214282617106,-0.0910840709820929,0,-0.0323119576163804,0,0,0,0.00637470892931525,0,0,0,0,0,0,0,0.0863844876333874,0,0,0.0169048392184233,0,-0.15073933550343,0,0.531858158239996,0,0,-0.0516974226742477,0.136935910364742,0,0,0,0.0936127196218784,0,0,0,0,0,0,0,0,0,-0.139729487516939,0,0.0442192610591696,0,0,-0.0784645254224521,-0.0384264525117081,0,-0.00365665415437757,0,0.0730559116387331,0,0.0273518532691963,0,0,0,0,0,-0.021114899851875,0,0,0,0,0,0,0,0,-0.0534119997248564,0,0,0,0,0,-0.0111642590920062,-0.0145476745345517,0,0,0,0,0,-0.0617549023317497,0,0,0,0,0,0,0,-0.0244579532772296,0,0,0,0,0,0,0,0,0,-0.019492358244174,0,0,0,0,0,-0.000343640100924721,0,0,0,0,0.0669679111145689,0,0,0,0,0,0,0,0,0.0999234135726069,0.138983029910583,0,0,0,0,0,0,0,0,0,0,-0.0292740030102228,0,0,0,0,-0.0934883385057203,0,0,0,0,0,0.143016417313289,0,0,0,-0.0453261166061196,0,0,0,0,0,-0.047846362103264,0,0,0,0,0,0,0,0,0,0,0,0,0,0,0,0.0438312599513455,0,0,-0.0401952505723401,0,0,0,0,0
0.000697127402127031,0.254829622041447,-0.0154995720032917,0,0,0,0,0,0.19024015456082,0,0,0,0,0,0,0,0,0,0,0,0,0,0,-0.00632444921387931,0,0,0.0748832152234769,0,0,0.0858256191084577,0,-0.0218868709145102,0,0.275508276665759,0,0,-0.026611469740143,0.0140983712265103,0,0,0,0,0,0,0,0,0,0,0,0,0,-0.0481306493159828,0,0,0,0,-0.103206426578135,-0.0063703586046985,0,0,0,0,0,0.0079563891603985,0,0,0,-0.0049934056133623,0,0,0,0,0,0,0,0,0,0,-0.0229282630007887,0,0,0,0,0,0,0,0,0.0024146424823828,0,0,0,0,0,0,0,0,0,0,0,0,0,0,0,0,0,0,0,0,0,-0.00829670259111083,0,0,0,-0.000727035163580629,0,0,0,0,0,0,0,0,0,0,0,0,0,0,0,0.0474041571544223,0.0982956866454885,0,0,0,0,0,0,0,0,0,0,-0.0511691855862006,0,0,0,0,-0.103542259743486,-0.0401164285940311,0,0,0,0,0.124457189790638,0,0,0,0,0,0,0,0,0,0,0,0,0,0,0,0,0,0,0,0,0,0,-0.0088982746777855,0,0,0.0218563072269942,0,0,0,0,-0.018256920846823,0,0,0
0.000271463161966707,0.442688396850565,0,-0.00555468951441029,0,0,0,0,0.210366093232434,0,0,0,0,0,-0.0633554519507264,0,0,0,0,0,0,0,0,0,0,0,0,-0.00974778143962347,0,0.031009683663447,0,0,0,0.110026460794121,0,-0.0507433799048628,-0.00694098388359562,0,0,0,0,0,0,0,0,0,0,0,0,0,0,-0.0406821919479933,0,0.00788704071626736,0,0,-0.0243743829062111,0,0,0,0,0,0,0,0,0,0,0,0,-0.0281179960925377,0,0,0,0,0,0,0,0,0,0,0,0,0,0,0,0,0,0,0,0,-0.0188183706767236,0,0.00861167872706993,0,0,0,0,0,0,0,0,0.00301195143558349,0,0,0,0,0,0,0,0,0,0,0,0,0,0,0,0,0,0,0,0,0,0,0,0,0,0,0,0,0.034441619839797,0,0,0,0,0,0,0,0,0,0,-0.0531737511716611,0,0,-0.00601495703673582,0,-0.00740238538060131,-0.00520872332450159,0,0,0,0,0,0,0,0,0,0,-0.0226875192247138,0,0,0,0,0,0,0,0,0,0,0,0,0,0,0,0,0,0,0,0,0,0,0,0,0,0,0,0
0.000201712703641661,0.467882368385099,0,0,0,0,0,0,0.194471466876686,0,0,0,0,0,-0.0260776004587147,0,0,0,0,0,0,0,0,0,0,0,0,0,0,0.0711053055794963,0,0,0,0.128577763172838,0,-0.0193690734078555,-0.00507812656387591,0,0,0,0,0,0,0,0,0,0,0,0,0,0,-0.019520759345401,0,0,0,0,-0.0223212447583383,-0.00262928119622102,0,0,0,0,0,0,0,0,0,0,0,0,0,0,0,0,0,0,0,0,0,0,0,0,0,0,0,0,0,0,0,0,0,0,0.0444606222553221,0,0,0,0,0,0,0,0,0,0,0,0,0,0,0,0,0,0,0,0,0,0,0,0,0,0,0,0,0,0,0,0,0,0,0,0,0,0.0253905076771467,0,0,0,0,0,0,0,0,0,0,-0.0321650692880701,0,0,0,0,-0.0278317769847102,0,0,0,0,0,0,0,0,0,0,0,0,0,0,0,0,0,0,0,0,0,0,0,0,0,0,0,0,0,0,0,0,0,0,0,0,0,0,0,0
NA,NA,NA,NA,NA,NA,NA,NA,NA,NA,NA,NA,NA,NA,NA,NA,NA,NA,NA,NA,NA,NA,NA,NA,NA,NA,NA,NA,NA,NA,NA,NA,NA,NA,NA,NA,NA,NA,NA,NA,NA,NA,NA,NA,NA,NA,NA,NA,NA,NA,NA,NA,NA,NA,NA,NA,NA,NA,NA,NA,NA,NA,NA,NA,NA,NA,NA,NA,NA,NA,NA,NA,NA,NA,NA,NA,NA,NA,NA,NA,NA,NA,NA,NA,NA,NA,NA,NA,NA,NA,NA,NA,NA,NA,NA,NA,NA,NA,NA,NA,NA,NA,NA,NA,NA,NA,NA,NA,NA,NA,NA,NA,NA,NA,NA,NA,NA,NA,NA,NA,NA,NA,NA,NA,NA,NA,NA,NA,NA,NA,NA,NA,NA,NA,NA,NA,NA,NA,NA,NA,NA,NA,NA,NA,NA,NA,NA,NA,NA,NA,NA,NA,NA,NA,NA,NA,NA,NA,NA,NA,NA,NA,NA,NA,NA,NA,NA,NA,NA,NA,NA,NA,NA,NA,NA,NA,NA,NA,NA,NA,NA,NA,NA,NA,NA,NA,NA
0.000451754592188023,0.525186395596798,0,0,0,0,0,0,0.238531630978739,0,0,0,0,0,-0.0197234607339892,0,0,0,0,0,0,0,0,0,0,0,0,0,0,0.0501422278614006,0,0,0,0.0480732576647366,0,-0.0239397971837847,0,0,0,0,0,0,0,0,0,0,0,0,0,0,0,-0.0152349693567311,0,0,0,0,-0.00892116575702615,0,0,0,0,0,0,0,0,0,0,0,0,-0.0277830556052054,0,0,0,0,0,0,0,0,0,0,0,0,0,0,0,0,0,0,0,0,-0.0000571852776329145,0,0,0,0,0,0,0,0,0,0,0,0,0,0,0,0,0,0,0,0,0,0,0,0,0,0,0,0,0,0,0,0,0,0,0,0,0,0,0,0,0,0,0,0,0,0.0409664390993469,0,0,0,0,-0.02452775064651,0,0,0,0,-0.0314912227068866,0,0,0,0,0,0,0,0,0,0,0,-0.014063836812661,0,0.0104371331020219,0,0,0,0,0,0,0,0,0,0,0,0,0,0,0,0,0,0,0,0,0,0,0,0,0,0
NA,NA,NA,NA,NA,NA,NA,NA,NA,NA,NA,NA,NA,NA,NA,NA,NA,NA,NA,NA,NA,NA,NA,NA,NA,NA,NA,NA,NA,NA,NA,NA,NA,NA,NA,NA,NA,NA,NA,NA,NA,NA,NA,NA,NA,NA,NA,NA,NA,NA,NA,NA,NA,NA,NA,NA,NA,NA,NA,NA,NA,NA,NA,NA,NA,NA,NA,NA,NA,NA,NA,NA,NA,NA,NA,NA,NA,NA,NA,NA,NA,NA,NA,NA,NA,NA,NA,NA,NA,NA,NA,NA,NA,NA,NA,NA,NA,NA,NA,NA,NA,NA,NA,NA,NA,NA,NA,NA,NA,NA,NA,NA,NA,NA,NA,NA,NA,NA,NA,NA,NA,NA,NA,NA,NA,NA,NA,NA,NA,NA,NA,NA,NA,NA,NA,NA,NA,NA,NA,NA,NA,NA,NA,NA,NA,NA,NA,NA,NA,NA,NA,NA,NA,NA,NA,NA,NA,NA,NA,NA,NA,NA,NA,NA,NA,NA,NA,NA,NA,NA,NA,NA,NA,NA,NA,NA,NA,NA,NA,NA,NA,NA,NA,NA,NA,NA,NA
0.000541743924696707,0.289272722015982,0,0.00614473210003625,0,0.0209595841642174,0,0,0.216861155499089,0,0,-0.00237837303028249,0,0,-0.0219746714763368,0,0,-0.00162947958881244,0.0271901650278593,0,0,0,0,-0.0318525573704758,-0.0031138111935712,0,0.0700917256714591,0.0558925414171605,0,0.0115131024327214,0,-0.105740217290802,0,0.452623792483398,0,0,-0.108176137364225,0.254273162940272,-0.0152342184491929,0,0.0532086999729245,0.168227088727352,0,0,0,0,0,0,0,0,0,-0.184859253837429,0,0,0,0,-0.050922932913013,-0.0516056526247242,0,-0.0261388284647192,0,0,0,0.0198283460586205,0,0,0,0,0.034339947307052,-0.0796839328406678,0,0,0,0,0,0,0,0,-0.0895034961496276,0,-0.0246650345320442,0,0,0,-0.0707243375288833,0,0,0,0,0,0,0,0,0,0,0.00511479791281647,0,0,0,-0.081971771833493,-0.0418946519815022,0,0,0,0,0,0,0,0,-0.0662616012184326,0,0,0,0,0,0,0,0,0,0,0.104731228321126,0,0,0,0,0,0,0,0,0.220426940234755,0.130509202348462,0,0,0,0,0,0,0,0,0,0,-0.0302264473065446,0,0,0,0,-0.167535012684391,0,0,-0.0406743853829199,0,0,0.0589468674744635,0,0,0,0,0,0,0,0,0,-0.0151119517411049,0,0,0,0,0,0,0,0,0,0,0,0,0,0,0,0.116858902370742,0,0,-0.0218401455635606,-0.0474997689372847,0,0,0,0
0.000772480732213734,0.476021469509683,-0.00595362636557487,0,0,0.0181342071225337,0,0,0.151758612279865,0,-0.0848638593256936,0,-0.0381167977617065,0,0,0,0,0,0,0,0,0,-0.00162434356231561,0,0,0,0.0814341276459547,0,0,0.0945809864256005,0,-0.0565203321491547,0,0.61338783319956,0,-0.0188584058113877,0,0.0189581221505734,-0.00747310992335279,0,0,0,0,0,0,0,0,0,0,0,0,-0.132799347188931,0,0,0.0117341598589703,0,-0.0202584036781583,-0.0559626358386767,0,0,0,0.0686678760898361,0,0,0,0,0,0,0,0,0,0,0,0,0,0,0,0,-0.0144717062438297,0,0,0,0,0,0,-0.0391998307614429,0,0,0,0,0,-0.0886020423988197,0,0,0,0,0,0,0,-0.00340934307295113,-0.0011732513966335,0,0,0,0,0,0,0,0,-0.0721944205182205,0,0,0,0,0,0,0,0,0,0,0,0,0,0,0,0,0,0,0,0.0499556229253996,0.0825410025156735,0,0,0,-0.0256465379569402,0,0,0,0,0,0,-0.0407442308546906,0,0,0,0,-0.0930814534013373,0,0,-0.039113059927895,0,0,0.164001031249621,0,0,0,0,0,0,0,0,0,-0.0702434384075518,0,0,0,0,0,0,0,0,0,0,0,0,0,0,0,0.00416851246965876,0,0.000129061700263043,0,0,-0.0863992706045372,0,0,0
NA,NA,NA,NA,NA,NA,NA,NA,NA,NA,NA,NA,NA,NA,NA,NA,NA,NA,NA,NA,NA,NA,NA,NA,NA,NA,NA,NA,NA,NA,NA,NA,NA,NA,NA,NA,NA,NA,NA,NA,NA,NA,NA,NA,NA,NA,NA,NA,NA,NA,NA,NA,NA,NA,NA,NA,NA,NA,NA,NA,NA,NA,NA,NA,NA,NA,NA,NA,NA,NA,NA,NA,NA,NA,NA,NA,NA,NA,NA,NA,NA,NA,NA,NA,NA,NA,NA,NA,NA,NA,NA,NA,NA,NA,NA,NA,NA,NA,NA,NA,NA,NA,NA,NA,NA,NA,NA,NA,NA,NA,NA,NA,NA,NA,NA,NA,NA,NA,NA,NA,NA,NA,NA,NA,NA,NA,NA,NA,NA,NA,NA,NA,NA,NA,NA,NA,NA,NA,NA,NA,NA,NA,NA,NA,NA,NA,NA,NA,NA,NA,NA,NA,NA,NA,NA,NA,NA,NA,NA,NA,NA,NA,NA,NA,NA,NA,NA,NA,NA,NA,NA,NA,NA,NA,NA,NA,NA,NA,NA,NA,NA,NA,NA,NA,NA,NA,NA
NA,NA,NA,NA,NA,NA,NA,NA,NA,NA,NA,NA,NA,NA,NA,NA,NA,NA,NA,NA,NA,NA,NA,NA,NA,NA,NA,NA,NA,NA,NA,NA,NA,NA,NA,NA,NA,NA,NA,NA,NA,NA,NA,NA,NA,NA,NA,NA,NA,NA,NA,NA,NA,NA,NA,NA,NA,NA,NA,NA,NA,NA,NA,NA,NA,NA,NA,NA,NA,NA,NA,NA,NA,NA,NA,NA,NA,NA,NA,NA,NA,NA,NA,NA,NA,NA,NA,NA,NA,NA,NA,NA,NA,NA,NA,NA,NA,NA,NA,NA,NA,NA,NA,NA,NA,NA,NA,NA,NA,NA,NA,NA,NA,NA,NA,NA,NA,NA,NA,NA,NA,NA,NA,NA,NA,NA,NA,NA,NA,NA,NA,NA,NA,NA,NA,NA,NA,NA,NA,NA,NA,NA,NA,NA,NA,NA,NA,NA,NA,NA,NA,NA,NA,NA,NA,NA,NA,NA,NA,NA,NA,NA,NA,NA,NA,NA,NA,NA,NA,NA,NA,NA,NA,NA,NA,NA,NA,NA,NA,NA,NA,NA,NA,NA,NA,NA,NA
NA,NA,NA,NA,NA,NA,NA,NA,NA,NA,NA,NA,NA,NA,NA,NA,NA,NA,NA,NA,NA,NA,NA,NA,NA,NA,NA,NA,NA,NA,NA,NA,NA,NA,NA,NA,NA,NA,NA,NA,NA,NA,NA,NA,NA,NA,NA,NA,NA,NA,NA,NA,NA,NA,NA,NA,NA,NA,NA,NA,NA,NA,NA,NA,NA,NA,NA,NA,NA,NA,NA,NA,NA,NA,NA,NA,NA,NA,NA,NA,NA,NA,NA,NA,NA,NA,NA,NA,NA,NA,NA,NA,NA,NA,NA,NA,NA,NA,NA,NA,NA,NA,NA,NA,NA,NA,NA,NA,NA,NA,NA,NA,NA,NA,NA,NA,NA,NA,NA,NA,NA,NA,NA,NA,NA,NA,NA,NA,NA,NA,NA,NA,NA,NA,NA,NA,NA,NA,NA,NA,NA,NA,NA,NA,NA,NA,NA,NA,NA,NA,NA,NA,NA,NA,NA,NA,NA,NA,NA,NA,NA,NA,NA,NA,NA,NA,NA,NA,NA,NA,NA,NA,NA,NA,NA,NA,NA,NA,NA,NA,NA,NA,NA,NA,NA,NA,NA
NA,NA,NA,NA,NA,NA,NA,NA,NA,NA,NA,NA,NA,NA,NA,NA,NA,NA,NA,NA,NA,NA,NA,NA,NA,NA,NA,NA,NA,NA,NA,NA,NA,NA,NA,NA,NA,NA,NA,NA,NA,NA,NA,NA,NA,NA,NA,NA,NA,NA,NA,NA,NA,NA,NA,NA,NA,NA,NA,NA,NA,NA,NA,NA,NA,NA,NA,NA,NA,NA,NA,NA,NA,NA,NA,NA,NA,NA,NA,NA,NA,NA,NA,NA,NA,NA,NA,NA,NA,NA,NA,NA,NA,NA,NA,NA,NA,NA,NA,NA,NA,NA,NA,NA,NA,NA,NA,NA,NA,NA,NA,NA,NA,NA,NA,NA,NA,NA,NA,NA,NA,NA,NA,NA,NA,NA,NA,NA,NA,NA,NA,NA,NA,NA,NA,NA,NA,NA,NA,NA,NA,NA,NA,NA,NA,NA,NA,NA,NA,NA,NA,NA,NA,NA,NA,NA,NA,NA,NA,NA,NA,NA,NA,NA,NA,NA,NA,NA,NA,NA,NA,NA,NA,NA,NA,NA,NA,NA,NA,NA,NA,NA,NA,NA,NA,NA,NA
NA,NA,NA,NA,NA,NA,NA,NA,NA,NA,NA,NA,NA,NA,NA,NA,NA,NA,NA,NA,NA,NA,NA,NA,NA,NA,NA,NA,NA,NA,NA,NA,NA,NA,NA,NA,NA,NA,NA,NA,NA,NA,NA,NA,NA,NA,NA,NA,NA,NA,NA,NA,NA,NA,NA,NA,NA,NA,NA,NA,NA,NA,NA,NA,NA,NA,NA,NA,NA,NA,NA,NA,NA,NA,NA,NA,NA,NA,NA,NA,NA,NA,NA,NA,NA,NA,NA,NA,NA,NA,NA,NA,NA,NA,NA,NA,NA,NA,NA,NA,NA,NA,NA,NA,NA,NA,NA,NA,NA,NA,NA,NA,NA,NA,NA,NA,NA,NA,NA,NA,NA,NA,NA,NA,NA,NA,NA,NA,NA,NA,NA,NA,NA,NA,NA,NA,NA,NA,NA,NA,NA,NA,NA,NA,NA,NA,NA,NA,NA,NA,NA,NA,NA,NA,NA,NA,NA,NA,NA,NA,NA,NA,NA,NA,NA,NA,NA,NA,NA,NA,NA,NA,NA,NA,NA,NA,NA,NA,NA,NA,NA,NA,NA,NA,NA,NA,NA
0.000973256036015217,0.535928248402276,0,0,0,0,0,0,0.188883853427621,0,0,0,0,0,-0.028057316217979,0,0,0,0,0,0,0,0,0,0,0,0,0,0,0.0342952219378086,0,0,0,0.122548659987635,0,-0.0264402033429191,-0.0070237788367077,0,0,0,0,0,0,0,0,0,0,0,0,0,0,-0.0349899947305341,0,0,0,0,0,-0.00139540162999266,0,0,0,0,0,0,0,0,0,0,0,-0.0144089268004418,0,0,0,0,0,0,0,0,-0.0263945239960767,0,0,0,0,0,0,0,0,0,0,0,-0.00265491878079008,0,0,0,0,0,0,0,0,0,0,0.0105756174206388,0,-0.0000250218620722649,0,0,0,0,0,0,0,0,0,0,0,0,0,0,0,0,0,0,0,0,0,0,0,0,0,0.052533638778296,0.0433361102645868,0,0,0,0,0,0,0,0,0,0,-0.0811932787022615,0,0,0,0,-0.0031331535625588,0,0,0,0,0,0,0,0,0,0,0,-0.0366075186531653,0,0,0,0,0,0,0,0,0,0,0,0,0,0,0,0,0,0,0,0,0,0,0,0,0,0,0,0
0.000635848662743549,0.584373224507483,0,0,0,0,0,0,0.1877436397147,0,0,0,0,0,-0.00999571104602217,0,0,0,0,0,0,0,0,0,0,0,0,0,0,0.0421143829707068,0,0,0,0.0514431358696444,0,0,0,0,0,0,0,0,0,0,0,0,0,0,0,0,0,-0.0211407268649706,0,0,0,0,-0.000998985962870968,0,0,0,0,0,0,0,0,0,0,0,0,0,0,0,0,0,0,0,0,0,0,0,0,0,0,0,0,0,0,0,0,0,0,0,0,0,0,0,0,0,0,0,0,0,0,0,0,0,0,0,0,0,0,0,0,0,0,0,0,0,0,0,0,0,0,0,0,0,0,0,0,0,0,0,0,0,0,0,0,0,0,0,0,0,0,0,0,0,0,0,0,0,0,0,0,0,0,0,0,0,0,0,0,0,0,0,0,0,0,0,0,0,0,0,0,0,0,0,0,0,0,0,0,0,0,0,0,0,0
NA,NA,NA,NA,NA,NA,NA,NA,NA,NA,NA,NA,NA,NA,NA,NA,NA,NA,NA,NA,NA,NA,NA,NA,NA,NA,NA,NA,NA,NA,NA,NA,NA,NA,NA,NA,NA,NA,NA,NA,NA,NA,NA,NA,NA,NA,NA,NA,NA,NA,NA,NA,NA,NA,NA,NA,NA,NA,NA,NA,NA,NA,NA,NA,NA,NA,NA,NA,NA,NA,NA,NA,NA,NA,NA,NA,NA,NA,NA,NA,NA,NA,NA,NA,NA,NA,NA,NA,NA,NA,NA,NA,NA,NA,NA,NA,NA,NA,NA,NA,NA,NA,NA,NA,NA,NA,NA,NA,NA,NA,NA,NA,NA,NA,NA,NA,NA,NA,NA,NA,NA,NA,NA,NA,NA,NA,NA,NA,NA,NA,NA,NA,NA,NA,NA,NA,NA,NA,NA,NA,NA,NA,NA,NA,NA,NA,NA,NA,NA,NA,NA,NA,NA,NA,NA,NA,NA,NA,NA,NA,NA,NA,NA,NA,NA,NA,NA,NA,NA,NA,NA,NA,NA,NA,NA,NA,NA,NA,NA,NA,NA,NA,NA,NA,NA,NA,NA
0.000897369954372131,0.567020453087331,-0.0233352811154846,0,0,0,0,0,0.194475708724186,0,0,0,0,0,-0.00720397586420998,0,0,0,0,0,0,0,0,0,0,0,0,0,0,0.0298592608043175,0,0,0,0.115421306979705,0,-0.00044471241126795,0,0,0,0,0,0,0,0,0,0,0,0,0,0,0,-0.0539788331730634,0,0,0,0,-0.0205746288956517,0,0,0,0,0,0,0,0,0,0,-0.00612367032550359,0,0,0,0,0,0,0,0,0,0,0,0,0,0,0,0,0,0,0,0,0,0,-0.0111946340986979,0,0,0,0,0,0,-0.00245698278466186,0,0,0,0,0,0,0,0,0,0,0,0,0,0,0,0,0,0,0,0,0,0,0,0,0,0,0,0,0,0,0,0,0.0077419455200374,0,0,0,0,0,0,0,0,0,0,-0.027267151794082,0,0,0,0,-0.00333489341666347,-0.0252107506739189,0,0,0,0,0.00440310184462911,0,0,0,0,0,0,0,0,0,0,0,0,0,0,0,0,0,0,0,0,0,0,0,0,0,0,0,0,0,0,0,0,0,0
NA,NA,NA,NA,NA,NA,NA,NA,NA,NA,NA,NA,NA,NA,NA,NA,NA,NA,NA,NA,NA,NA,NA,NA,NA,NA,NA,NA,NA,NA,NA,NA,NA,NA,NA,NA,NA,NA,NA,NA,NA,NA,NA,NA,NA,NA,NA,NA,NA,NA,NA,NA,NA,NA,NA,NA,NA,NA,NA,NA,NA,NA,NA,NA,NA,NA,NA,NA,NA,NA,NA,NA,NA,NA,NA,NA,NA,NA,NA,NA,NA,NA,NA,NA,NA,NA,NA,NA,NA,NA,NA,NA,NA,NA,NA,NA,NA,NA,NA,NA,NA,NA,NA,NA,NA,NA,NA,NA,NA,NA,NA,NA,NA,NA,NA,NA,NA,NA,NA,NA,NA,NA,NA,NA,NA,NA,NA,NA,NA,NA,NA,NA,NA,NA,NA,NA,NA,NA,NA,NA,NA,NA,NA,NA,NA,NA,NA,NA,NA,NA,NA,NA,NA,NA,NA,NA,NA,NA,NA,NA,NA,NA,NA,NA,NA,NA,NA,NA,NA,NA,NA,NA,NA,NA,NA,NA,NA,NA,NA,NA,NA,NA,NA,NA,NA,NA,NA
0.00121174657009175,0.503407243125692,-0.0379096927963161,0,0,0,0,0,0.196123643060288,0,-0.0219181989574492,0,0,0,0,0,0,0,0,0,0,0,-0.00337815447067214,0,0,0,0.0377708536822525,0,0,0.0876221255930375,0,-0.00817965579834567,0,0.324156486371476,0,-0.00585244776474602,0,0.0439734296218756,0,0,0,0,0,0,0,0,0,0,0,0,0,-0.0705746013857014,0,0,0,0,-0.0988719048588584,-0.00648495701684489,0,0,0,0,0,0,0,0,0,0,0,0,0,0,0,0,0,0,0,0,-0.0102441639745717,0,0,0,0,-0.0113069620868487,0,0,0,0,0,0,0,0,0,0,0,-0.0129686404054448,0,-0.000317090718004103,0,0,0,0,0,0,0,0,0,0,0,-0.0104474003894031,-0.00720031374887756,0,0,0,0,0,-0.00286099964056791,0,0,0,0,0,0,0,0,0,0,0,0,0,0.0543012065787442,0,0,0,-0.0219439227436942,0,0,0,0,0,0,-0.020117792982335,0,0,0,0,-0.0762119434802923,-0.0269247877020382,0,0,0,0,0.108637999963303,0,0,0,-0.0102719684364758,0,0,0,0,0,-0.0195229532244538,0,0,0,0,0,0,0,0,0,0,0,0,-0.00641960083088269,0,0,0,0,0,0,0,0,0,0,0
0.000520648789717366,0.552601665338732,0,0,0,0,0,0,0.173846519930037,0,0,0,0,0,-0.000568165688610459,0,0,0,0,0,0,0,0,0,0,0,0.0120154363273983,0,0,0.0474454440443331,0,0,0,0.0367245252303422,0,0,0,0,0,0,0,0,0,0.00276771574884126,0,0,0,0,0,0,0,-0.0490654035900172,0,0,0,0,-0.0156053537681972,0,0,0,0,0,0,0,0,0,0,0,0,0,0,0,0,0,0,0,0,0,0,0,0,0,0,0,-0.0134883525302532,0,0,0,0,0,-0.00642349999055502,0,0,0,0,0,0,0,0,0,0,0,0,0,0,0,0,0,0,0,0,0,0,0,0,0,0,0,0,0,0,0,0,0,0,0,0,0,0,0,0.0141167668914829,0,0,0,0,0,0,0,0,0,0,-0.018718739097312,0,0,0,0,0,0,0,0,0,0,0,0,0,0,0,0,0,0,0,0,0,0,0,0,0,0,0,0,0,0,0,0,0,0,0,0,0,0,0,0,0,0,0,0,0
0.000745528737935431,0.545305901459884,-0.02628437745964,0,0,0,0,0,0.173181611211102,0,0,0,0,0,-0.00148829075903461,0,0,0,0,0,0,0,0,0,0,0,0,0,0,0.0695371454056109,0,0,0,0.106802706922529,0,0,-0.0164895264393567,0,0,0,0,0,0,0,0,0,0,0,0,0,0,-0.0596380231859382,0,0,0,0,-0.0190099143418918,0,0,0,0,0,0,0,0,0,0,0,0,0,0,0,0,0,0,0,0,0,-0.00995497259206684,0,0,0,0,0,0,0,0,0,0,0,-0.0155183107031297,0,0,0,0,0,0,0,0,0,0,0,0,0,0,0,0,0,0,0,0,0,0,0,0,0,0,0,0,0,0,0,0,0,0,0,0,0,0,0,0.0102288003878807,0,0,0,0,0,0,0,0,0,0,-0.0110878344023087,0,0,0,0,0,0,0,0,0,0,0,0,0,0,0,0,0,0,0,0,0,0,0,0,0,0,0,0,0,0,0,0,0,0,0,0,0,0,0,0,0,0,0,0,0
0.0005710900030178,0.556721199310859,-0.00168433472017377,0,0,0,0,0,0.179952803819076,0,0,0,0,0,-0.00762223107790473,0,0,0,0,0,0,0,0,0,0,0,0,0,0,0.0428218060888008,0,0,0,0.0516749200179785,0,0,0,0,0,0,0,0,0,0,0,0,0,0,0,0,0,-0.0534577532501416,0,0,0,0,-0.0213902973742573,0,0,0,0,0,0,0,0,0,0,0,0,0,0,0,0,0,0,0,0,0,0,0,0,0,0,0,0,0,0,0,0,0,-0.0121447372189275,0,0,0,0,0,0,0,0,0,0,0,0,0,0,0,0,0,0,0,0,0,0,0,0,0,0,0,0,0,0,0,0,0,0,0,0,0,0,0,0,0,0,0,0,0,0,0,0,0,0,0,0,0,0,0,0,0,0,0,0,0,0,0,0,0,0,0,0,0,0,0,0,0,0,0,0,0,0,0,0,0,0,0,0,0,0,0,0,0,0,0,0,0,0,0,0
0.000303892576263297,0.617562536065743,0,0,-0.00198032323015632,0,0,0,0.155908174837503,0,0,0,0,0,0,0,0,0,0,0,0,0,0,0,0,0,0,0,0,0.0369716760012218,0,0,0,0,0,0,0,0,0,0,0,0,0,0,0,0,0,0,0,0,0,-0.0191023314720883,0,0,0,0,0,0,0,0,0,0,0,0,0,0,0,0,0,0,0,0,0,0,0,0,0,0,0,0,0,0,0,-0.0101699337252094,0,0,0,0,0,0,0,0,0,0,0,0,0,0,0,0,0,0,0,0,0,0,0,0,0,0,0,0,0,0,0,0,0,0,0,0,0,0,0,0,0,0,0,0,0,0,0,0,0,0,0,0,0.00394547596656562,0,0,0,0,0,0,0,0,0,0,0,0,0,0,0,0,0,0,0,0,0,0,0,0,0,0,0,0,0,0,0,0,0,0,0,0,0,0,0,0,0,0,0,0,0,0,0,0,0,0
0.000685057259185038,0.605659530635921,0,0,0,0,0,0,0.156037119780624,0,0,0,0,0,0,0,0,0,0,0,0,0,0,0,0,0,0,0,0,0.0535874417115161,0,0,0,0.0245276865179721,0,0,0,0,0,0,0,0,0,0,0,0,0,0,0,0,0,-0.0480743887477534,0,0,0,0,0,0,0,0,0,0,0,0,0,0,0,0,0,0,0,0,0,0,0,0,0,0,-0.00380624605366889,0,0,0,0,0,0,0,0,0,0,0,-0.00556980529341676,0,0,0,0,0,0,0,0,0,0,0,0,0,0,0,0,0,0,0,0,0,0,0,0,0,0,0,0,0,0,0,0,0,0,0,0,0,0,0,0,0,0,0,0,0,0.000880219993867397,0,0,0,0,0,0,0,0,0,0,0,0,0,0,0,0,0,0,0,0,0,0,0,0,0,0,0,0,0,0,0,0,0,0,0,0,0,0,0,0,0,0,0,0,0,0,0,0,0,0
0.000782948469377954,0.611446651843906,0,0,0,0,0,0,0.126443107224724,0,0,0,0,0,0,0,0,0,0,0,0,0,0,0,0,0,0,0,0,0.031672518131874,0,0,0,0.00590748170547607,0,0,0,0,0,0,0,0,0,0,0,0,0,0,0,0,0,-0.0394913300062513,0,0,0,0,-0.00484894490046957,0,0,0,0,0,0,0,0,0,0,0,0,0,0,0,0,0,0,0,0,0,0,0,0,0,0,0,0,0,0,0,0,0,0,0,0,0,0,0,0,0,0,0,0,0,0,0,0,0,0,0,0,0,0,0,0,0,0,0,0,0,0,0,0,0,0,0,0,0,0,0,0,0,0,0,0,0,0,0,0,0,0,0,0.0195531443393221,-0.000609730560056589,0,0,0,0,0,0,0,0,0,0,0,0,0,0,0,0,0,0,0,0,0,0,0,0,0,0,0,0,0,0,0,0,0,0,0,0,0,0,0,0,0,0,0,0,0
0.00108371902858842,0.639210199722827,0,0,0,0,0,0,0.148618559243368,0,0,0,0,0,0,0,0,0,0,0,0,0,0,0,0,0,0,-0.00350121741905913,0,0,0,0,0,0.0175801178519069,0,-0.000291395703853275,0,0,0,0,0,0,0,0,0,0,0,0,0,0,0,-0.0383400685739579,0,0,0,0,0,0,0,0,0,0,0,0,0,0,0,0,0,-0.00180616873075723,0,0,0,0,0,0,0,0,-0.00890286541959259,0,0,0,0,0,0,0,0,0,0,0,0,0,0,0,0,0,0,0,0,0,0,0.000700958286814571,0,0,0,0,0,0,0,0,0,0,0,0,0,0,0,0,0,0,0,0,0,0,0,0,0,0,0,0.00563213930284974,0.00694959493607953,0,0,0,0,0,0,0,0,0,0.0222379185797615,-0.00822379090697594,0,0,0,0,0,0,0,0,0,0,0,0,0,0,0,0,0,0,0,0,0,0,0,0,0,0,0,0,0,0,0,0,0,0,0,0,0,0,0,0,0,0,0,0,0
0.000611475414277161,0.6185985635175,0,0,0,0,0,0,0.136996135113746,0,0,0,0,0,0,0,0,0,0,0,0,0,0,0,0,0,0.0217376701080096,0,0,0.0159235736377262,0,0,0,0.0162296402253418,0,-0.00331695868491901,0,0,0,0,0,0,0,0,0,0,0,0,0,0,0,-0.0271255709490029,0,0,0,0,0,0,0,0,0,0,0,0,0,0,0,0,0,0,0,0,0,0,0,0,0,0,0,0,0,0,0,0,0,0,0,0,0,0,0,0,0,0,0,0,0,0,0,0,0,0,0,0,0,0,0,0,0,0,0,0,0,0,0,0,0,0,0,0,0,0,0,0,0,0,0,0,0,0,0.030601779882815,0,0,0,0,0,0,0,0,0,0,-0.038303396356317,0,0,0,0,0,-0.0158915372739876,0,0,0,0,0,0,0,0,0,0,-0.0274060860706111,0,0,0,0,0,0,0,0,0,0,0,0,0,0,0,0,0,0,0,0,0,0,0,0,0,0,0,0
0.000534551658875428,0.623805581804494,0,0,0,0,0,0,0.140658555066806,0,0,0,0,0,0,0,0,0,0,0,0,0,0,0,0,0,0,0,0,0.0271998672928947,0,0,0,0.0256489197527424,0,0,0,0,0,0,0,0,0,0,0,0,0,0,0,0,0,-0.0156211731242837,0,0,0,0,0,0,0,0,0,0,0,0,0,0,0,0,0,0,0,0,0,0,0,0,0,0,0,0,0,0,0,0,0,0,0,0,0,0,0,0,0,0,0,0,0,0,0,0,0,0,0,0,0,0,0,0,0,0,0,0,0,0,0,0,0,0,0,0,0,0,0,0,0,0,0,0,0,0,0,0,0,0,0,0,0,0,0,0,0,0,0,0,0,0,0,0,0,0,0,0,0,0,0,0,0,0,0,0,0,0,0,0,0,0,0,0,0,0,0,0,0,0,0,0,0,0,0,0,0,0,0,0,0,0,0
0.000850269989294545,0.597887954343667,0,0,0,0,0,0,0.103468189541566,0,0,0,0,0,0,0,0,0,0,0,0,0,0,0,0,0,0.0126337628743468,0,0,0.0479189135291944,0,0,0,0.0478039916623583,0,0,0,0,0,0,0,0,0,0,0,0,0,0,0,0,0,-0.0587111638223044,0,0,0,0,-0.00923023548353658,0,0,0,0,0,0,0,0,0,0,0,0,0,0,0,0,0,0,0,0,0,-0.0156899696022101,0,0,0,0,0,0,0,0,0,0,0,0,0,0,0,0,0,0,0,0,0,0,0,0,0,0,0,0,0,0,-0.0103051522646247,0,0,0,0,0,0,0,0,0,0,0,0,0,0,0,0,0,0,0,0,0,0,0,0,0,0,0.00308202962574777,0,0,0,0.0108740147896311,-0.0040047437875542,0,0,0,0,0,0,0,0,0,0,0,0,0,0,0,0,0,0,0,0,0,0,0,0,0,0,0,0,0,0,0,0,0,0,0,0,0,0,0,0,0,0,0,0,0
NA,NA,NA,NA,NA,NA,NA,NA,NA,NA,NA,NA,NA,NA,NA,NA,NA,NA,NA,NA,NA,NA,NA,NA,NA,NA,NA,NA,NA,NA,NA,NA,NA,NA,NA,NA,NA,NA,NA,NA,NA,NA,NA,NA,NA,NA,NA,NA,NA,NA,NA,NA,NA,NA,NA,NA,NA,NA,NA,NA,NA,NA,NA,NA,NA,NA,NA,NA,NA,NA,NA,NA,NA,NA,NA,NA,NA,NA,NA,NA,NA,NA,NA,NA,NA,NA,NA,NA,NA,NA,NA,NA,NA,NA,NA,NA,NA,NA,NA,NA,NA,NA,NA,NA,NA,NA,NA,NA,NA,NA,NA,NA,NA,NA,NA,NA,NA,NA,NA,NA,NA,NA,NA,NA,NA,NA,NA,NA,NA,NA,NA,NA,NA,NA,NA,NA,NA,NA,NA,NA,NA,NA,NA,NA,NA,NA,NA,NA,NA,NA,NA,NA,NA,NA,NA,NA,NA,NA,NA,NA,NA,NA,NA,NA,NA,NA,NA,NA,NA,NA,NA,NA,NA,NA,NA,NA,NA,NA,NA,NA,NA,NA,NA,NA,NA,NA,NA
0.00111618975320451,0.601478324498291,-0.00842343875759002,0,0,0,0,0,0.105691070785926,0,0,0,0,0,0,0,0,0,0,0,0,0,0,0,0,0,0,0,0,0.0118508309138503,0,0,0,0.0191636026021047,0,0,0,0,0,0,0,0,0,0.0166655422300047,0,0,0,0,0,0,0,-0.0565678327638453,0,0,0,0,-0.00424671928188275,0,0,0,0,0,0,0,0,0,0,0,0,0,0,0,0,0,0,0,0,0,-0.0100942015335069,0,0,0,0,0,0,0,0,0,0,0,0,0,0,0,0,0,0,0,0,0,0,0,0,0,0,0,0,0,0,0,0,0,0,0,0,0,0,0,0,0,0,0,0,0,0,0,0,0,0,0.00160389649342682,0.0145568162644154,0,0,0,0,0,0.00237640301136244,0,0,0,0.0452037075401781,-0.0120623102373157,0,0,0,0,0,0,0,0,0,0,0,0,0,0,0,0,0,0,0,0,0,0,0,0,0,0,0,0,0,0,0,0,0,0,0,0,0,0,0,0,0,0,0,0,0
NA,NA,NA,NA,NA,NA,NA,NA,NA,NA,NA,NA,NA,NA,NA,NA,NA,NA,NA,NA,NA,NA,NA,NA,NA,NA,NA,NA,NA,NA,NA,NA,NA,NA,NA,NA,NA,NA,NA,NA,NA,NA,NA,NA,NA,NA,NA,NA,NA,NA,NA,NA,NA,NA,NA,NA,NA,NA,NA,NA,NA,NA,NA,NA,NA,NA,NA,NA,NA,NA,NA,NA,NA,NA,NA,NA,NA,NA,NA,NA,NA,NA,NA,NA,NA,NA,NA,NA,NA,NA,NA,NA,NA,NA,NA,NA,NA,NA,NA,NA,NA,NA,NA,NA,NA,NA,NA,NA,NA,NA,NA,NA,NA,NA,NA,NA,NA,NA,NA,NA,NA,NA,NA,NA,NA,NA,NA,NA,NA,NA,NA,NA,NA,NA,NA,NA,NA,NA,NA,NA,NA,NA,NA,NA,NA,NA,NA,NA,NA,NA,NA,NA,NA,NA,NA,NA,NA,NA,NA,NA,NA,NA,NA,NA,NA,NA,NA,NA,NA,NA,NA,NA,NA,NA,NA,NA,NA,NA,NA,NA,NA,NA,NA,NA,NA,NA,NA
0.000981952622862119,0.575665035140518,0,0,0,0,0,0,0.121635247747685,0,0,0,0,0,0,0,0,0,0,0,0,0,0,0,0,0,0,0,0,0.0509459134133739,0,0,0,0.0162534480816562,0,0,0,0,0,0,0,0,0,0.0946426527925738,0,0,0,0,0,0,0,-0.0653203165302434,0,0,0,0,-0.0293497804170573,0,0,0,0,0,0,0,0,0,0,0,0,0,0,0,0,0,0,0,0,0,-0.0185282187230812,-0.00588391252098731,0,0,0,0,0,0,0,0,0,0,0,0,0,0,0,0,0,0,0,0,0,0,-0.0184367531925386,0,0,0,-0.00221778289908837,0,0,-0.021010367018211,0,0,0,0,0,0,0,0,0,0,0,0,0,0,0,0,0,0,0,0,0.0063782750028914,0,0,0,0,0,0,0,0,0,0.00961872330371129,-0.00413317336154589,0,0,0,0,0,0,0,0,0,0,0,0,0,0,0,0,0,0,0,0,0,0,0,0,0,0,0,0,0,0,0,0,0,0,0,0,0,0,0,0,0,0,0,0,0
NA,NA,NA,NA,NA,NA,NA,NA,NA,NA,NA,NA,NA,NA,NA,NA,NA,NA,NA,NA,NA,NA,NA,NA,NA,NA,NA,NA,NA,NA,NA,NA,NA,NA,NA,NA,NA,NA,NA,NA,NA,NA,NA,NA,NA,NA,NA,NA,NA,NA,NA,NA,NA,NA,NA,NA,NA,NA,NA,NA,NA,NA,NA,NA,NA,NA,NA,NA,NA,NA,NA,NA,NA,NA,NA,NA,NA,NA,NA,NA,NA,NA,NA,NA,NA,NA,NA,NA,NA,NA,NA,NA,NA,NA,NA,NA,NA,NA,NA,NA,NA,NA,NA,NA,NA,NA,NA,NA,NA,NA,NA,NA,NA,NA,NA,NA,NA,NA,NA,NA,NA,NA,NA,NA,NA,NA,NA,NA,NA,NA,NA,NA,NA,NA,NA,NA,NA,NA,NA,NA,NA,NA,NA,NA,NA,NA,NA,NA,NA,NA,NA,NA,NA,NA,NA,NA,NA,NA,NA,NA,NA,NA,NA,NA,NA,NA,NA,NA,NA,NA,NA,NA,NA,NA,NA,NA,NA,NA,NA,NA,NA,NA,NA,NA,NA,NA,NA
0.00059601298410726,0.6214700275324,0,0,0,0,0,0,0.110721399664279,0,0,0,0,0,0,0,0,0,0,0,0,0,0,0,0,0,0,0,0,0.0157328817724523,0,0,0,0.00244194490701419,0,0,0,0,0,0,0,0,0,0,0,0,0,0,0,0,0,-0.047337878843539,0,0,0,0,-0.01030780106068,0,0,0,0,0,0,0,0,0,0,0,0,0,0,0,0,0,0,0,0,0,0,0,0,0,0,0,0,0,0,0,0,0,0,0,0,0,0,0,0,0,0,0,0,0,0,0,0,0,0,0,0,0,0,0,0,0,0,0,0,0,0,0,0,0,0,0,0,0,0,0,0,0,0,0,0,0,0,0,0.000287538602184414,0,0,0,0,0,0,0,0,0,0,0,0,0,0,0,0,0,0,0,0,0,0,0,0,0,0,0,0,0,0,0,0,0,0,0,0,0,0,0,0,0,0,0,0,0,0,0,0,0,0
NA,NA,NA,NA,NA,NA,NA,NA,NA,NA,NA,NA,NA,NA,NA,NA,NA,NA,NA,NA,NA,NA,NA,NA,NA,NA,NA,NA,NA,NA,NA,NA,NA,NA,NA,NA,NA,NA,NA,NA,NA,NA,NA,NA,NA,NA,NA,NA,NA,NA,NA,NA,NA,NA,NA,NA,NA,NA,NA,NA,NA,NA,NA,NA,NA,NA,NA,NA,NA,NA,NA,NA,NA,NA,NA,NA,NA,NA,NA,NA,NA,NA,NA,NA,NA,NA,NA,NA,NA,NA,NA,NA,NA,NA,NA,NA,NA,NA,NA,NA,NA,NA,NA,NA,NA,NA,NA,NA,NA,NA,NA,NA,NA,NA,NA,NA,NA,NA,NA,NA,NA,NA,NA,NA,NA,NA,NA,NA,NA,NA,NA,NA,NA,NA,NA,NA,NA,NA,NA,NA,NA,NA,NA,NA,NA,NA,NA,NA,NA,NA,NA,NA,NA,NA,NA,NA,NA,NA,NA,NA,NA,NA,NA,NA,NA,NA,NA,NA,NA,NA,NA,NA,NA,NA,NA,NA,NA,NA,NA,NA,NA,NA,NA,NA,NA,NA,NA
0.00111896977255273,0.749872383078775,0,0,0,0,0,0,0,0,0,0,0,0,0,0,0,0,0,0,-0.000643132295297101,0,0,0,0,0,0,-0.00461503498404308,0,0,0,0,0,0,0.00888611236804259,0,0,0,0,0,0,0,0,0.00226651141759097,0,0,0,0,0,0,0,-0.057854365496184,0,0,0,0,0,0,0,0,0,0,0,0,0,0,0,0,0,0,0,0,0,0,0,0,0,0,-0.0000943653124251169,-0.00397145437031579,0,0,0,0,0,0,0,0,0,0,0,0,0,0,0,0,0,0,0,0,0,0,0,0,0,0,0,0,0,0,0,0,0,0,0,0,0,0,0,0,0,0,0,0,0,0,0,0,0,0,0,0,0,0,0,0,0.00603500316750238,0,0,0,0.0342301886596664,0,0,0,0,0,0,0,0,0,0,0,0,0,0.00241026672999129,0,0,0,0,0,0,0,0,0,0,0,0,0,0,0,0,0,0,0,0,0,0,0,0,0,0,0,0,0,0,0,0
0.00133160047832647,0.765340107734279,-0.0125515166673485,0,0,0,0,0,0,0,0,0,0,0,0,0,0,0,0,0,-0.00277604437360967,0,0,0,0,0,0,0,0,0.0406430995867153,0,0,0,0,0,0,0,0,0,0,0,0,0,0.107560545400581,0,0,0,0,0,0,0,-0.0728414302052528,-0.00345823881949977,0,0,0,0,0,0,0,0,0,0,0,0,0,0,0,0,0,0,0,0,-0.0158428934585215,0,0,0,0,-0.0130070377491603,-0.0374199203438104,0,0,0,0,0,0,0,0,0,0,0,0,0,0,0,0,0,0,0,0,0,0,-0.020502577445465,0,0,0,-0.0178725777271465,0,0,-0.0179067350780173,0,0,0,0,0,0,0,0,0,0,0,0,0,0,0,0,0,0,0,0,0,0,0,0,0,0,0.00726045500767979,0,0,0,0.0429274124707753,0,0,0,0,0,0,0,0,0,0,0,0,0,0,0,0,0,0,0,0,0,0,0,0,0,0,0,0,0,0,0,0,0,0,0,0,0,0,0,0,0,0,0,0,0,0
0.00132620866419174,0.7293875718139,-0.00669038165515603,0,0,0,0,0,0.00472782086493987,0,0,0,0,0,0,0,0,0,0,0,-0.00329595013335853,0,0,0,0,0,0,0,0,0.00274992967689368,0,0,0,0,0.000789239430592612,0,0,0,0,0,0,0,0,0.0427233126570746,0,0,0,0,0,0,0,-0.0631234256520573,0,0,0,0,0,0,0,0,0,0,0,0,0,0,0,0,0,0,0,0,0,0,0,0,0,0,0,-0.013434028227342,0,0,0,0,0,0,0,0,0,0,0,0,0,0,0,0,0,0,0,0,0,0,0,0,0,0,-0.00402306579924403,0,0,0,0,0,0,0,0,0,0,0,0,0,0,0,0,0,0,0,0,0,0,0,0,0,0,0,0,0,0.018306653682272,0,0,0,0.0427274401078054,0,0,0,0,0,0,0,0,0,0,0,0,0,0.0002982994031218,0,0,0,0,0,0,0,0,0,0,0,0,0,0,0,0,0,0,0,0,0,0,0,0,0,0,0,0,0,0,0,0
NA,NA,NA,NA,NA,NA,NA,NA,NA,NA,NA,NA,NA,NA,NA,NA,NA,NA,NA,NA,NA,NA,NA,NA,NA,NA,NA,NA,NA,NA,NA,NA,NA,NA,NA,NA,NA,NA,NA,NA,NA,NA,NA,NA,NA,NA,NA,NA,NA,NA,NA,NA,NA,NA,NA,NA,NA,NA,NA,NA,NA,NA,NA,NA,NA,NA,NA,NA,NA,NA,NA,NA,NA,NA,NA,NA,NA,NA,NA,NA,NA,NA,NA,NA,NA,NA,NA,NA,NA,NA,NA,NA,NA,NA,NA,NA,NA,NA,NA,NA,NA,NA,NA,NA,NA,NA,NA,NA,NA,NA,NA,NA,NA,NA,NA,NA,NA,NA,NA,NA,NA,NA,NA,NA,NA,NA,NA,NA,NA,NA,NA,NA,NA,NA,NA,NA,NA,NA,NA,NA,NA,NA,NA,NA,NA,NA,NA,NA,NA,NA,NA,NA,NA,NA,NA,NA,NA,NA,NA,NA,NA,NA,NA,NA,NA,NA,NA,NA,NA,NA,NA,NA,NA,NA,NA,NA,NA,NA,NA,NA,NA,NA,NA,NA,NA,NA,NA
NA,NA,NA,NA,NA,NA,NA,NA,NA,NA,NA,NA,NA,NA,NA,NA,NA,NA,NA,NA,NA,NA,NA,NA,NA,NA,NA,NA,NA,NA,NA,NA,NA,NA,NA,NA,NA,NA,NA,NA,NA,NA,NA,NA,NA,NA,NA,NA,NA,NA,NA,NA,NA,NA,NA,NA,NA,NA,NA,NA,NA,NA,NA,NA,NA,NA,NA,NA,NA,NA,NA,NA,NA,NA,NA,NA,NA,NA,NA,NA,NA,NA,NA,NA,NA,NA,NA,NA,NA,NA,NA,NA,NA,NA,NA,NA,NA,NA,NA,NA,NA,NA,NA,NA,NA,NA,NA,NA,NA,NA,NA,NA,NA,NA,NA,NA,NA,NA,NA,NA,NA,NA,NA,NA,NA,NA,NA,NA,NA,NA,NA,NA,NA,NA,NA,NA,NA,NA,NA,NA,NA,NA,NA,NA,NA,NA,NA,NA,NA,NA,NA,NA,NA,NA,NA,NA,NA,NA,NA,NA,NA,NA,NA,NA,NA,NA,NA,NA,NA,NA,NA,NA,NA,NA,NA,NA,NA,NA,NA,NA,NA,NA,NA,NA,NA,NA,NA
NA,NA,NA,NA,NA,NA,NA,NA,NA,NA,NA,NA,NA,NA,NA,NA,NA,NA,NA,NA,NA,NA,NA,NA,NA,NA,NA,NA,NA,NA,NA,NA,NA,NA,NA,NA,NA,NA,NA,NA,NA,NA,NA,NA,NA,NA,NA,NA,NA,NA,NA,NA,NA,NA,NA,NA,NA,NA,NA,NA,NA,NA,NA,NA,NA,NA,NA,NA,NA,NA,NA,NA,NA,NA,NA,NA,NA,NA,NA,NA,NA,NA,NA,NA,NA,NA,NA,NA,NA,NA,NA,NA,NA,NA,NA,NA,NA,NA,NA,NA,NA,NA,NA,NA,NA,NA,NA,NA,NA,NA,NA,NA,NA,NA,NA,NA,NA,NA,NA,NA,NA,NA,NA,NA,NA,NA,NA,NA,NA,NA,NA,NA,NA,NA,NA,NA,NA,NA,NA,NA,NA,NA,NA,NA,NA,NA,NA,NA,NA,NA,NA,NA,NA,NA,NA,NA,NA,NA,NA,NA,NA,NA,NA,NA,NA,NA,NA,NA,NA,NA,NA,NA,NA,NA,NA,NA,NA,NA,NA,NA,NA,NA,NA,NA,NA,NA,NA
NA,NA,NA,NA,NA,NA,NA,NA,NA,NA,NA,NA,NA,NA,NA,NA,NA,NA,NA,NA,NA,NA,NA,NA,NA,NA,NA,NA,NA,NA,NA,NA,NA,NA,NA,NA,NA,NA,NA,NA,NA,NA,NA,NA,NA,NA,NA,NA,NA,NA,NA,NA,NA,NA,NA,NA,NA,NA,NA,NA,NA,NA,NA,NA,NA,NA,NA,NA,NA,NA,NA,NA,NA,NA,NA,NA,NA,NA,NA,NA,NA,NA,NA,NA,NA,NA,NA,NA,NA,NA,NA,NA,NA,NA,NA,NA,NA,NA,NA,NA,NA,NA,NA,NA,NA,NA,NA,NA,NA,NA,NA,NA,NA,NA,NA,NA,NA,NA,NA,NA,NA,NA,NA,NA,NA,NA,NA,NA,NA,NA,NA,NA,NA,NA,NA,NA,NA,NA,NA,NA,NA,NA,NA,NA,NA,NA,NA,NA,NA,NA,NA,NA,NA,NA,NA,NA,NA,NA,NA,NA,NA,NA,NA,NA,NA,NA,NA,NA,NA,NA,NA,NA,NA,NA,NA,NA,NA,NA,NA,NA,NA,NA,NA,NA,NA,NA,NA
0.00163916503756423,0.81987613053556,0,0,-0.00147838694871023,0,0,0,0,-0.0181785599850303,0,0,0,0,0,0,-0.0212312418407312,0,0,0,-0.000921369629218535,0,0,0,0,0.00915349599093471,0,-0.00320797924858945,0,0.0297140095476745,0,0,0,0,0.0147077211660486,0,0,0,0,0,0.0100302311808882,0,0.00340681484075991,0.0291341397056544,0,0,0,0,0,0,0,-0.0576163228056721,-0.0258704093629537,0,0,0,0,0,0,0,0,0,0,0,0,0,0,0,0,0,0,0,0,-0.0284047225303105,0,0,0,0,-0.0129526000609278,-0.0132301714920695,0,0,0,0,0,0,0,0,0,0,0,0,0,0,0,0,0,0,0,0,0,0,-0.00884317877543661,0,0,0,-0.00480879154921622,0,0,0,0,0,0,0,0,0,0,0,0,0,0,0,0,0,0,0,0,0,0,0,0,0,0,0,0,0,0.0117167150752952,0,0,0,0.00826966532160907,0,0,0,0,0,0,0,0,0,0,0,0,0,0,0,0,0,0,0,0,0,0,0,0,0,0,0,0,0,0,0,0,0,0,0,0,0,0,0,0,0,0,0,0,0,0
0.00153987449188198,0.854662862235203,-0.0115815150806575,0,0,0,0,0,0,0,0,0,-0.00244030309344176,0,0,0,0,0,0,0,0,0,0,0,0,0.0135922372520775,0,-0.0126732436946096,0,0.0694599766980273,0,0,0,0,0,0,0,0,0,0,0.0089919488914519,0,0.0274564842979683,0.0591087706114616,0,0,0,0,0,0,0,-0.0626721974953771,-0.0253285056690752,0,0,0,0,0,0,0,-0.00478013055595651,0,0,-0.00546110391054339,0,0,0,0,0,0,0,0,0,-0.0345974368857146,0,0,0,0,-0.0234738999442729,-0.00922151731330175,-0.0126273233463755,0,0,0,0,0,0,0,-0.00147209166453223,0,0,0,0,0,0,0,0,0,0,0,0,0,-0.0478925907694217,0,0,0,-0.00131870633565837,0,0,0,0,0,0,0,0,0,0,0,0,0,0,0,0,0,0,0,0,0,0,0,0,0,0,0,0,0,0,0,0,0,0,0,0,0,0,0,0,0,0,0,0,0,0,0,0,0,0,0,0,0,0,0,0,0,0,0,0,0,0,0,0,0,0,0,0,0,0,0,0,0,0,0,0,0,0,0,0
0.00166334501059717,0.859305352612838,0,0,-0.00727956813518618,0,0,0,0,0,0,0,0,0,0,0,-0.0274244014978569,0,0,0,0,0,0,0,0,0.0122699431804713,0,0,0,0.0364916026040922,0,0,0,0,0,0,0,0,0,0,0.0362224654971289,0.00314043811377917,0.0230059270728174,0.0378213631172524,0,0,0,0,0,0,0,-0.0567094715361769,-0.0109129327691146,0,0,-0.00742467285001228,-0.00831026868220085,0,0,0,-0.00111228224934347,0,0,0,0,-0.00265715361538458,0,0,-0.000292890052091775,0,0,0,0,0,0,0,0,0,-0.00983175639678702,-0.00189685967565905,0,0,0,0,0,0,0,0,-0.0150318370659845,0,0,0,0,0,0,0,0,0,0,0,0,0,0,0,0,0,-0.0213267568007382,0,0,0,0,0,0,0,0,0,0,0,0,0,0,0,0,0,0,0,0,0,-0.00671807088031823,0,0,0,0,0,0,0,0,0,0,0,0,0,0,0,0,0,0,0,0,0,0,0,0,0,0,0,0,0,0,0,0,0,0,0,0,0.000455004277520453,0,0,0,0,0,0,0,0,0,0,0,0,0,0,-0.0030897605394673,0,0,0,0,0,0
0.001518737555115,0.769213544028801,0,0,-0.00536155641941912,0,0,0,0,-0.0161684494563937,0,0,0,0.00561139497410047,0,0,-0.0226443326818432,0,0,0,0,0,0,0,0,0.0399927118166908,0,-0.00998092512737759,0,0.0436684837285614,0,0,0,0,0.0267477612200635,0,0,0,0,0,0.0217388464659469,0,0.0342742405747366,0.0490233961452079,0,0,0,0,0,0,0,-0.0589133350381669,-0.0230434765679914,0,0,-0.000765395461475207,0,0,0,0,0,0,0,0,0,0,0,0,-0.0242615346226478,0,0,0,0,-0.0460446667280374,-0.0065406453877309,0,0,0,-0.0209673798233991,-0.0309037856453978,0,0.00367923732516103,0,0,0,0,0,0,-0.00887130782505125,0,0,0,0,0,0,0,0,0,0,0,0,0,-0.0416068249076352,0,0,0,0,0,0,0,0,0,0,0,0,0,-0.00246395242013203,0,0,0,0,0,0,0,0,0,0,-0.0196217644967823,0,0,0,0,-0.0143182398881559,0,0,0,0,0,0,0,0,0,0,0,0,0,0,0,0,0,0,0,0,0,0,0,0,0,0,0,0,0,0,0,0,0.00548120333901746,0,0,-0.0307683530903384,0,0,0,0,0,0,0,0,0,0,0,0,0,0,0,0,0,0
0.00150937230711378,0.741148607347458,0,0,-0.000910834722830315,0,0,0,0,-0.00346279682523805,0,0,0,0.00356145754168645,0,0,-0.0209014638768086,0,0,0,-0.00600548953390418,0,0,0,0,0,0,-0.00328558104148858,0,0.0123979370960191,0,0,0,0,0.00984887819408171,0,0,0,0,0,0.0452597380154683,0,0,0.0358070394007852,0,0,0,0,0,0,0,-0.0709089242035753,-0.0306170468858947,0,0,0,0,0,0,0,-0.000194872176752611,0,0,0,0,0,0,0,-0.00206620500596835,0,0,0,0,-0.0160969220745197,0,0,0,0,-0.00332606883569133,-0.0380743415552969,0,0.0113330660088699,0,0,0,0,0,0,0,0,0,0,0,0,0,0,0,0,0,0,0,0,-0.00153265420136514,0,0,0,-0.026428949779373,-0.0125487514843068,0,0,0,0,0,0,0,0,0,0,0,0,0,0,0,0,0,0,0,0,0,0,0,0,0,0,0,0,0.0244764596866469,0,0,0,0.028093693321768,0,0,0,0,0,0,0,0,0,0,0,0,0,0,0,0,0,0,0,0,0,0,0,0,0,0,0,0,0,0,0,0,0,0,0,0,0,0,0,0,0,0,0,0,0,0
0.00118321997580838,0.727819232918653,0,0,0,0,0,0,0.017012247925801,0,0,0,0,0,0,0,0,0,0,0,0,0,0,0,0,0,0,0,0,0.000520583040250738,0,0,0,0,0.00212935182788583,0,0,0,0,0,0,0,0,0,0,0,0,0,0,0,0,-0.0392879003752432,0,0,0,0,0,0,0,0,0,0,0,0,0,0,0,0,0,0,0,0,0,0,0,0,0,0,0,0,0,0,0,0,0,0,0,0,0,0,0,0,0,0,0,0,0,0,0,0,0,0,0,0,0,0,0,0,0,0,0,0,0,0,0,0,0,0,0,0,0,0,0,0,0,0,0,0,0,0,0,0,0,0,0,0,0.0105137423472893,0,0,0,0.00480283636543476,0,0,0,0,0,0,0,0,0,0,0,0,0,0,0,0,0,0,0,0,0,0,0,0,0,0,0,0,0,0,0,0,0,0,0,0,0,0,0,0,0,0,0,0,0,0
0.00145719397862446,0.747777298080984,0,0,0,0,0,0,0,0,0,0,0,0,0,0,-0.00508592134062919,0,0,0,-0.00588286556783203,0,0,0,0,0.00246344088306919,0,0,0,0.00445191066136169,0,0,0,0,0.00348637876382683,0,0,0,0,0,0.00479857376943925,0,0,0.0123572262612841,0,0,0,0,0,0,0,-0.0550455174365393,-0.00938012845132512,0,0,0,0,0,0,0,0,0,0,0,0,-0.00311214357741515,-0.00407330043635536,0,0,0,0,0,0,0,0,0,0,0,0,0,0,0,0,0,0,0,0,0,0,0,0,0,0,0,0,0,0,0,0,0,0,0,0,0,0,0,-0.0000708791886364181,0,0,0,0,0,0,0,0,0,0,0,0,0,0,0,0,0,0,0,0,0,0,0,0,0,0,0,0,0,0.0122291602620242,0,0,0,0.0275755709881352,0,0,0,0,0,0,0,0,0,0,0,0,0,0,0,0,0,0,0,0,0,0,0,0,0,0,0,0,0,0,0,0,0,0,0,0,0,0,0,0,0,0,0,0,0,0
0.00124114992451683,0.653930695463233,0,0,0,0,0,0,0,0,0,0,0,0,0,0,-0.0124435729819706,0,0,0,-0.00846057922197495,0,0,0,0,0.0138983430037785,0,0,0,0.0194384050536597,-0.0339962242161999,0,0,0,0,0,0,0,0,0,0.026311084265912,0,0,0.0423918284054399,0,0,0,0,0,0,0,-0.0692605610683639,-0.00354520033275157,0,0,0,0,0,0,0,0,0,0,0,0,-0.00109707906608837,0,0,0,0,0,0,0,0,0,-0.00394843071420679,0,0,-0.00123072185006324,-0.0314159703694807,0,0.0240492798412419,0,0,0,0,0,0,0,0,0,0,0,0,0,0,0,0,0,0,0,0,-0.00835979808369177,0,0,0,-0.0211089850150243,0,0,0,0,0,0,0,0,0,0,0,0,0,0,0,0,0,0,0,0,0,0,0,0,0,0,0,0,0,0.047158454384418,0,0,0,0.0316249136153439,0,0,0,0,0,0,0,0,0,0,0,0,0,0,0,0,0,0,0,0,0,0,0,0,0,0,0,0,0,0,0,0,0,0,0,0,0,0,0,0,0,0,0,0,0,0
0.00103617353494031,0.728491395812105,0,0,0,0,0,0,0.00918538800579665,0,0,0,0,0,0,0,0,0,0,0,0,0,0,0,0,0,0,0,0,0,0,0,0,0,0.0544760391727213,0,0,0,0,0,0.00376687577924548,0,0,0,0,0,0,0,0,0,0,-0.0328312508308884,0,0,0,0,0,0,0,0,0,0,0,0,0,0,0,0,0,0,0,0,0,0,0,0,0,0,-0.00000378651071492593,0,0,0,0,0,0,0,0,0,0,0,-0.00158088376943221,0,0,0,0,0,0,0,0,0,0,0,0,0,0,0,0,0,0,0,0,0,0,0,0,0,0,0,0,0,0,0,0,0,0,0,0,0,0,0,0,0,0,0,0,0,0,0,0,0,0,0,0,0,0,0,0,0,0,0,0,0,0,0,0.00305179986183176,0,0,0,0,0,0,0,0,0,0,0,0,0,0,0,0,0,0,0,0,0,0,0,0,0,0,0,0,0,0,0,0
0.00119063515820613,0.735378522131706,0,0,0,0,0,0,0,0,0,0,0,0.0105014870927866,0,0,-0.0165726574469592,0,0,0,0,0,0,0,0,0,0,-0.00172624215794033,0,0,-0.00810340403566831,0,0,0,0.0447355367294765,0,0,0,0,0,0.0154100687752647,0,0,0,0,0,0,0,0,0,0,-0.0525993581230912,0,0,0,0,0,0,0,0,0,0,0,0,0,0,0,0,0,0,0,0,0,0,0,0,0,0,-0.000852865586366926,0,0,0.0347047632230494,0,0,0,0,0,0,0,0,0,0,0,0,0,0,0,0,0,0,0,0,-0.00746482471872674,0,0,0,-0.0255487104750514,0,0,0,0,0,0,0,0,0,0,0,0,0,0,0,0,0,0,0,0,0,0,0,0,0,0,0,0,0,0,0,0,0,0,0,0,0,0,0,0,0,0,0,0,0,0,0,0.0213679454957279,0,0,0,0,0,0,0,0,0,0,0,0,0,0,0,0,0,0,0,0,0,0,0,0,0,0,0,0,0,0,0,0
0.00132366824905139,0.761387855630396,0,0,0,0,0,0,0,0,0,0,0,0,0,0,-0.00541743586560476,0,0,0,-0.0226544544528988,0,0,0,0,0,0,0,0,0.0263449647898532,-0.0193064535013299,0,0,0,0,0,0,0,0,0,0.0223131853322605,0,0,0.0199786819049345,0,0,0,0,0,0,0,-0.0644164851115289,-0.0130051091691487,0,0,0,0,0,0,0,0,0,0,0,0,0,0,0,-0.00251839407686003,0,0,0,0,-0.00738860191281511,0,0,-0.00306780324751602,0,-0.0180530762057827,-0.0352541671537325,-0.0149583630404582,0,0,0,0,0,0,0,-0.00130555712315473,0,0,0,0,0,0,0,0,0,0,0,0,0,0,0,0,0,-0.016650529040294,0,0,-0.00411554162618107,0,0,0,0,0,0,0,0,0,0,0,0,0,0,0,0,0,0,0,0,0,0,0,0,0,0,0.0538619008557197,0,0,0,0,0,0,0,0,0,0,0,0,0,0,0,0,0,0,0,0,0,0,0,0,0,0,0,0,0,0,0,0,0,0,0,0,0,0,0,0,0,0,0,0,0,0,0,0,0,0
0.00112712378537675,0.781898615977592,0,0,0,0,0,0,0,0,0,0,0,0,0,0,-0.00635484828798018,0,0,0,0,0,0,0,0,0,0,-0.00420679061440424,0,0.0310819933812749,0,0,0,0,0.00381762164021703,0,0,0,0,0,0.0256090442394766,0.00197092473260529,0,0,0,0,0,0,0,0,0,-0.0776434569563672,0,0,0,0,-0.00725880700665555,0,0,0,0,0,0,-0.00325649852528523,0,0,0,0,0,0,0,0,0,0,0,0,0,0,0,-0.0142311346886481,0,0.0190679722514655,0,0,0,0,0,0,0,0,0,0,0,0,0,0,0,0,0,0,0,0,-0.00581850918388653,0,0,0,-0.0308991699907636,0,0,0,0,0,0,0,0,0,0,0,0,0,0,0,0,0,0,0,0,0,0,0,0,0,0,0,0,0,0,0,0,0,0,0,0,0,0,0,0,0,0,0,0,0,0,0,0.0187143161589847,0,0,0,0,0,0,0,0,0,0,0,0,0,0,0,0,0,0,0,0,0,0,0,0,0,0,0,0,0,0,0,0
0.00087463606582034,0.798650262835867,-0.0247094333868746,0,-0.0056266915183836,0,0,0,0,0,-0.0212339043430784,0,0,0,0,0,0,0,0,0,0,0,0,0,0,0,0,0,0,0.0919692540147036,0,0,0,0.061673264233811,0,0,0,0,0,0,0,0.0628651341486234,0,0.0185803011193235,0,0,0,0,0,0,0,-0.115088353987988,0,0,0,0,0,0,0,0,0,0,0,0,0,0,0,0,0,0,-0.0000604195659287527,0,0,-0.0665038089067812,0,0,0,0,-0.0185892778861692,-0.0102304635453562,0,0,0,0,0,0,0,0,0,0,0,0,0,0,0,0,0,0,0,-0.0160735072440113,0,0,-0.0428694441834049,0,0,0,-0.0352290293839923,0,0,-0.0573122528204014,0,0,0,0,0,0,0,0,0,0,0,0,0,0,0,0,0,0,0,0,0,0,0,0,-0.0158498659243915,0,0,0,0,0,0,0,0,0,0,0,0,0,0,0,0,0,0,0,0,0,0,0,0,0,0,0,0,0,0,0,0,0,0,0,0,0,0,0,0,0,0,0,0,0,0,0,0,0,0,0,0
0.00123507212662761,0.753534091852712,-0.0140942214140435,0,0,0,0,0,0.0590977486469414,0,0,0,-0.0216930189835227,0,0,0,0,0,0,0,0,0,0,0,-0.0146331407801343,0,0,0,0,0.05934143388407,0,0,0,0.0365521938977981,0,0,0,0,0,0,0,0.0159412798079299,0,0.0189738788510735,0,0,0,0,0,0,0,-0.0709344578933596,0,0,0,0,-0.0135625904489266,0,0,0,0,0,0,0,0,-0.000144035121331822,0,0,0,0,0,0,0,-0.00250445875970689,0,0,0,0,-0.00383008915773381,0,0,0,0,0,0,0,0,0,0,-0.0026681550325419,0,0,0,0,0,0,0,0,0,-0.015002248345047,0,0,0,0,0,0,-0.0348941987118805,0,0,-0.0309602340872536,0,0,0,0,0,0,0,0,0,0,0,0,0,0,0,0,0,0,0,0,0,0,0,0,-0.000287359077855135,0,0,0,0,0,0,0,0,0,0,0,0,0,0,0,0,0,0,0,0,0,0,0,0,0,0,0,0,0,0,0,0,0,0,0,0,0,0,0,0,0,0,0,0,0,0,0,0,0,0,0,0
0.000985345441752897,0.678142983610693,0,0,0,0,0,0,0.0919521342058569,0,0,0,0,0,0,0,0,0,0,0,0,0,0,0,0,0,0,0,0,0.0200290385466174,0,0,0,0,0,0,0,0,0,0,0,0,0,0,0,0,0,0,0,0,0,-0.0337251878370407,0,0,0,0,-0.0030327628664704,0,0,0,0,0,0,0,0,0,0,0,0,0,0,0,0,0,0,0,0,0,0,0,0,0,0,0,0,0,0,0,0,0,0,0,0,0,0,0,0,0,0,0,0,0,0,0,0,0,0,0,0,0,0,0,0,0,0,0,0,0,0,0,0,0,0,0,0,0,0,0,0,0,0,0,0,0,0,0,0,0,0,0,0.00377003122083257,0,0,0,0,0,0,0,0,0,0,0,0,0,0,0,0,0,0,0,0,0,0,0,0,0,0,0,0,0,0,0,0,0,0,0,0,0,0,0,0,0,0,0,0,0,0
0.00138514999798239,0.647590060420868,-0.00783356186895196,0,0,0,0,0,0.104719925789962,0,0,0,0,0,0,0,0,0,0,0,0,0,0,0,0,0,0,0,0,0.00113908874283672,0,0,0,0.0611407752004876,0,0,0,0,0,0,0,0,0,0.0305693741820875,0,0,0,0,0,0,0,-0.0443901249618928,0,0,0,0,-0.005993499221405,0,0,0,0,0,0,0,0,0,0,0,0,0,0,0,0,0,0,0,0,0,-0.00848066809452996,0,0,0,0,0,0,0,0,0,0,0,-0.0040643918593243,0,0,0,0,0,0,0,0,0,0,0,0,0,0,0,0,0,0,0,0,0,0,0,0,0,0,0,0,0,0,0,0,0,0,0,0,0,0,0,0.00957273153066901,0,0,0,0,0,0,0,0,0,0.0286220668653406,-0.00834594740655092,0,0,0,0,0,0,0,0,0,0,0,0,0,0,0,0,0,0,0,0,0,0,0,0,0,0,0,0,0,0,0,0,0,0,0,0,0,0,0,0,0,0,0,0,0
0.00138505526536431,0.625281849032727,-0.00359510815996,0,0,0,0,0,0.0813045671092055,0,0,0,0,0,0,0,0,0,0,0,0,0,-0.0033798429415407,0,-0.0293453120854072,0,0,0,0,0.0498935728556638,0,0,0,0.0354792174339745,0,0,0,0,0,0,0,0,0,0.114774341986016,0,0,0,0,0,0,0,-0.0535155637040967,0,0,0,0,0,0,0,-0.0118194192889607,0,0,0,0,0,-0.00209243492873109,0,0,0,0,0,0,0,0,0,0,0,0,-0.0243305966855207,-0.000496967632810844,0,0,0,0,0,0,0,0,0,0,0,0,0,0,0,0,0,0,0,0,0,0,-0.0106741298197643,0,0,0,-0.0424515652366732,0,0,-0.0610060030871246,0,0,0,0,0,0,0,0,0,0,0,0,0,0,0,0,0,0,0,0,0.0206236473937425,0,0,0,0,0,0.000848503384342545,0,0,0,0.0494709338184169,-0.0292264646846796,0,0,0,0,0,0,0,0,0,0,0,0,0,0,0,0,0,0,0,0,0,0,0,0,0,0,0,0,0,0,0,0,0,0,0,0,0,0,0,0,0,0,0,0,0
0.0013586174166272,0.650082464202395,-0.0235892222643214,0,0,0,0,0,0.108996756194907,0,-0.0188945122581845,0,0,0,0,0,0,0,0,0,0,0,0,0,0,0,0,0,0,0.00741277997161367,0,0,0,0.150200216752182,0,0,0,0,0,0,0,0,0,0.0252919294598096,0,0,0,0,0,0,0,-0.069070617834294,0,0,0,0,-0.0358335443428027,0,0,0,0,0,0,0,0,0,0,0,0,-0.011634055334337,0,0,0,0,0,-0.00815154009302359,0,0,-0.0535490928422826,0,0,0,0,0,0,0,0,0,0,0,0,0,0,0,0,0,0,0,0,0,0,0,0,0,0,0,-0.00533422109343789,0,0,-0.0528164931643375,0,0,0,0,0,0,0,0,0,0,0,0,0,0,0,0,0,0,0,0,0.0589243051674886,0,0,0,-0.00438339180773814,0,0,0,0,0,0.0129943626796896,-0.0469329802238768,0,0,0,0,0,0,0,0,0,0,0,0,0,0,0,0,0,0,0,0,0,0,0,0,0,0,0,0,0,0,0,0,0,0,0,0,0,0,0,0,0,0,0,0,0
0.000898889234887063,0.597013957814625,-0.0385820433961327,0,0,0,0,0,0.0351917390888053,0,-0.00300549004059901,0,0,0,0,0,0,0,0,0,0,0,-0.00908445013637257,0,0,0,0,0,0,0.0232900413943355,0,-0.00143970974663528,0,0.144719046647237,0,-0.00967402840701989,0,0,0,0,0,0,0,0.0673151515965235,0,0,0,0,0,0,0,-0.0492107755289094,0,0,0,0,0,-0.0146825027919025,0,-0.0194864775797011,0,0,0,0,0,0,0,0,0,0,0,0,0,-0.0151806791184349,0,-0.0317856988531841,0,0,-0.0551899134750217,-0.000477443926492752,0,0,0,0,0,0,0,0,0,0,0,-0.0182107451456097,0,0,0,0,0,0,0,0,0,0,-0.00474893145902364,0,0,0,-0.0481899049280187,0,0,-0.0879958399488052,0,0,0,0,0,0,0,0,0,0,0,0,0,0,0,0,0,0,0,0.0433673271359154,0.104375715863476,0,0,0,0,0,0,0,0,0,0.041458767295304,-0.0677561455322547,0,0,0,0,0,0,0.0281628031803502,-0.00364439633217922,0,0,0,0,0,0,0,0,0,0,0,0,0,0,0,0,0,0,0,0,0,-0.00406377699262129,0,0,0,0,0,0,0,0,0,0,0,0,0,0,0
0.000640384237917608,0.511853401791511,-0.000993189141008042,0,0,0,0,0,0,0,-0.0371842422486715,0,0,0,0,0,0,0,0,0,0,0.0245610070538608,-0.0164755701230746,0,0,0,0,0,0,0,0,-0.0161218802442475,0,0.143617519466061,0,-0.00699344528406998,0,0,0,0,0,0,0,0.0625798161420882,0,0,0,0,0,0,0,-0.0528873712028878,0,0,0,0,0,-0.0142913439963302,0,-0.00616530955139924,0,0,0,0,0,0,0,0,0,0,0,0,0,0,0,-0.0451361628055214,0,0,-0.0609070127689638,0,0,0,0,0,0,-0.00583722366785493,0,0,0,0,0,-0.0284359028511382,0,0,0,0,0,0,0,0,0,0,0,0,0,0,-0.0388015026880154,0,0,-0.126565743961266,0,0,0,0,0,0,0,0,0,0,0,0,0,0,0,0,0,0,0,0.0434509142435747,0.150083782327226,0,0,0,0,0,0,0,0,0,0.0448778233946667,-0.100062362170171,0,0,0,0,0,0,0.0172769408989236,0,0,0,0,0,0,0,0,0,0,0,0,0,0,0,0,0,0,0,0,0,0,0,0,0,0,-0.0118405540964048,0,0,0,0,0,0,0,0,0,0.00505218222655755,0
0.000661623470766142,0.503508268318442,-0.00618444979238545,0,0,0,0,0,0.0316277247353963,0,-0.0602097522106162,0,0,0,0,0,0,0,0,0,0,0.105776069787211,-0.0514033437058565,0,0,0,0,0,0,0.028641023229512,0,-0.0509716509756703,0,0.228356664486319,0,-0.00512781266644735,0,0,0,0,0,0,0,0.0900644906360364,0,0,0,-0.0346954790831202,0,0,0,-0.0322198870322206,0,0,0,0,0,-0.0301477967674249,0,0,0,0,0.0439002418941203,0,0,0,0,0,0,0,0,0,0,-0.00465698450474188,0,-0.0330727381761885,0,0,-0.0882184082208636,0,0,0,0,0,0,-0.0164077001980099,0,0,0,0,0,-0.0603185392682349,0,0,0,0,0,0,0,0,0,0,-0.0240172108818613,0,0,0,-0.0363168166652067,0,0,-0.109137231147993,0,0,0,0,0,0,0,0,0,0,0,0,0,0.0254662190580341,0,0,0,0,0,0.0188398578821356,0.168723402982565,0,0,0,0,0,0,0,0,0,0.0300813483995709,-0.145483105812529,0,0,0,0,0,0,0.0143286248155109,-0.0248547563143228,0,0,0,0,0,0,0,0,0,0,0,0,-0.00462999801744393,0,0,0,0,0,0,0,0,-0.00171427042924181,0,0,0,-0.0276249004958921,0,0,0,0,0,0,0,0,0.0381506068953035,0,0
0.000698590215041213,0.468085593142018,-0.0342134854680888,0,0,0,0,0,0.0730307726101229,0,-0.0545231229911977,0,0,0,0,0,0,0,0,0,0,0.0168877108811901,-0.0202372466798941,0,0,0,0,0,0,0,0,-0.05456225540627,0,0.298157101060646,0,-0.0277736299528849,-0.00854423470989101,0,0,0,0,0,0,0.0208733909393924,0,0,0,-0.0374653584437302,0,0,0,-0.0561753526804738,0,0,0,0,0,-0.0354507754514041,0,0,0,0,0.0365648752189992,0,0,0,0,0,0,0,0,0,0,0,0,-0.0203976995957597,0,0,-0.0503098366151016,0,0,0,0,0,0,-0.0272818907104428,0,0,0,0,0,-0.0707268656683452,0,0,0,0,0,0,0,0,0,0,0,0,0,0,0,0,0,-0.0748057579109489,0,0,0,0,0,0,0,0,0,0,0,0,0,0,0,0,0,0,0,0.0619145786751053,0.157007284559653,0,0,0,0,0,0,0,0,0,0.0545094506448786,-0.105885725515206,0,0,0,0,0,0,0,-0.00444678403380143,0,0,0,0,0,0,0,0,0,0,0,0,-0.0298608925840861,0,0,0,0,0,0,0,0,0,0,0,0,-0.0349705944013696,0,0,0,0,0,0,0,0,0.0297439476582481,0,0
0.000908111567345713,0.694853466089993,-0.0256846959497318,0,0,0.0484384226025769,0,0,0.00917024125669432,0.0609852131145576,-0.0866619570295326,0,-0.0745329625261207,0,0,0,0,0,0,0,0,0,0,0,0,-0.0164104386440095,0,0,0,0.133217929392598,0,-0.0573605936644251,0,0.543456667332797,0,-0.0451739485865714,0,0,-0.0242599915787515,0,0,0,0,0,0,0,0,0,0,0,0.00958741524627774,-0.0631053286780351,0,0,0,0,0,-0.0458708034585624,0,0,0,0.0339647595355627,0.0633086452307877,0,0,0,0,0,0,-0.0115377823816472,0,0,0,0,0,0,0,0,0,0,0,0,0,0,0,-0.0161941018701137,0,0,0,0,0,-0.197205628850675,0,0,0,0,0,0,0,0,-0.0466595187576105,0,0,0,0,0,0,0,0,-0.0655213319980132,0,0,0,0,0,0,0,0,0,0,0,0,0,0.00661322744018758,0,0,0,0.0212747052915911,0,0.0426287506536936,0.10145524434907,0,0,0,-0.0461625513786695,0,0,0,0,0,0,-0.076897397552715,0,0,0,0,0,0,0,-0.0394057823699139,0,0,0.0712832423880732,0,0,0,0,0,0,0,0,0,-0.0652439497191736,0,0,0,0,0,0,0,0,0,0,0,0,-0.0184838838587958,0,0,0,0,0.0292972124912195,0,0,-0.0633060746078443,0,0,0
0.00109742543072709,0.589136404304194,-0.0268198641778927,0,0,0,0,0,0,0,-0.061493387354626,0,-0.0109431130008002,0.0108963777182942,0,0,0,0,0,0,0,0,-0.0216072267802807,0,0,0,0,0,0,0,0,-0.0584641604880273,0,0.324061312922653,0,-0.0441813946725308,-0.0156189764260139,0,0,0,0,0,0,0,0,0,0,-0.0510930808984342,0,0,0,-0.0926177318495653,0,0,0,0,0,-0.0310503953023924,0,0,0,0.00136632765383898,0.065948426162213,0,0,0,0,0,0,0,0,0,0,0,0,-0.00278632524758014,0,0,-0.0516882189067138,0,0,0,0,0,0,-0.0126261058997994,0,0,0,0,0,-0.0830046506091554,0,0,0,0,0,0,0,0,-0.00357250942341158,0,-0.0306741615855286,0,0,0,0,0,0,-0.0584627642350476,0,0,0,0,0,0,0,0,0.0056770790709172,0,0,0,0,0.00623947712529594,0,0,0,0,0,0.0761699130303583,0.102927584307822,0,0,0,-0.0145316821353687,0,0,0,0,0,0.0162326298104104,-0.0658392534330866,0,0,0,0,0,0,0,0,0,0,0,0,0,0,0,0,0,0,0,0,-0.0204447430186322,0,0,0,0,0,0,0,0,0,0,0,0,-0.022897067048082,0,0,0,0,0,0,0,0,0,0.0109341190836478,0
0.00082523657642532,0.542630736878132,0,0,0,0.00838371707763178,0,0,0.00965127244535624,0,-0.0899529154476952,0,-0.00983190622337458,0.0185526333938039,0,0,0,0,0,0,0,0,-0.0424279521121116,0,0,0,0,0,0,0.0685473344572193,0,-0.0792091891628636,0,0.492316350031132,0,-0.0259695203761543,0,0,0,0,0,0,0,0,0,0,0,-0.0559494468253106,0,0,0,-0.0758179618177607,0,0,0,0,0,-0.0617761997592687,0,0,0,0.047071086639525,0.0669799439959259,0,0,0,0,0,0,-0.00752016755537424,0,0,0,0,0,0,0,0,-0.0268636631608551,0,0,0,0.0249435967661686,0,0,-0.0117641013050585,0,0,0,0,0,-0.182280964724114,0,0,0,0,0,0,0,0,0,0,0,-0.0114625259825684,0,0,0,0,0,-0.097421943965544,0,0,0,0,0,0,0,0,0,0,0,0,0,0,0,0,0,0,0,0.0343837486886411,0.151706888658484,0,0,0.015285378983533,0,0,0,0,0,0,0.019453155781281,-0.0888830050841282,0,0,0,0,-0.0282905470574522,0,0,0,0,0,0,0,0,0,0,0,0,0,0,0,-0.0652163824911099,0,0,0,0,0,0,0,0,0,0,0,0,-0.0629522804716202,0,0,0,0,0.0168066514822589,0,0,-0.0394188924296094,0,0,0
0.000699715947862051,0.50704979043219,0,-0.00451842885248216,0,0.0130202270416156,0,0,0.0104460902783459,0,-0.069166553908455,0,-0.00617537650754403,0.0091731061578279,0,0,0,0,0,0,0,0,-0.0267101357469597,0,0,0,0,0.011459370692639,0,0.0635103439565543,0,-0.0762285405073622,0,0.466739118282783,0,-0.0334136710996356,0,0,-0.0116276051405314,0,0,0,0,0,0,0,0,-0.0790058394611678,0,0,0,-0.0778702497404316,0,0,0,0,0,-0.0577713953395937,0,0,0,0.0102755957619929,0.0597568292811803,0,0,0,0,0,0,0,0,0,0,0,0,0,0,0,-0.022033129583192,0,0,0,0.00367828016946985,0,0,-0.0397543827919703,0,0,0,0,0,-0.138468266819444,0,0,0,0,0,0,0.0471984048306554,0,-0.00993722084354863,0,0,-0.0114225851159198,0,0,0,0,0,-0.0857647432075798,0,0,0,0,0,-0.00573092095840413,0,0,0,0,0,0,0,0,0,0,0,0,0,0.0550050999948537,0.151725049396715,0,0,0.0104653478975297,-0.00803718610139948,0,0,0,0,0,0.0341587446785589,-0.101553464058163,0,0,0,0,-0.0244792244757905,0,0,-0.0138690747359538,0,0,0,0,0,0,0,0,0,0,0,0,-0.0696159555094502,0,0,0,0,0,0,0,0,0,0,0,0,-0.0790099847232255,0,0,0,0,0,0,-0.00419269914540551,-0.0358530147213333,0,0.00216206489861014,0
0.000284867425796245,0.463584164354575,-0.039297450752499,0,0,0.0167458694241962,0,0,0,0,-0.0925487461254841,0,0,0.0106190682070769,0,0,0,0,0,0,0,0.0440211149053694,-0.0178313124229546,0,0,0,0,0,0,0.0653565352246766,0,-0.0733073578904473,0,0.443179155603683,0,-0.0329505121563437,0,0,0,0,0,0,0,0,0,0,0,-0.0751840780200625,0,0,0,-0.082151582165908,0,0,0,0,0,-0.0496039395820513,0,0,0,0,0,0,0,0,0,0,0,0,0,0,0,0,0,0,0,0,-0.0125236550604202,0,0,0,0,-0.0257014931316852,0,-0.045892496424471,0,0,0,0,0,-0.120722077607047,0,0,0,0,0,0,0.0192486675369571,-0.00954278370401544,-0.0297193397644905,0,-0.00515176287269198,-0.00136461348940966,0,0,0,0,0,-0.0823931517464458,0,0,0,0,0,-0.00767333404667635,0,0,0.00544475446156008,0,0,0,0,0.0480431662626193,0,0,0,0,0,0.00879808710765041,0.15472700108745,0,0,0.0127278820541748,-0.00793714384419281,0,0,0,0,0,0.0090704696764983,-0.11699424239828,0,0,0,0,-0.0259304546542638,0,0.00546135110707063,-0.00994939526488962,0,0,0,0,0,0,0,0,0,0,0,0,-0.0731012462919302,0,0,0,0,0,0,0,0,-0.0119539562747678,0,0,0,-0.0324031273978004,0,0,0,0,0,0,0,-0.0054844788605914,0,0.0100361774536448,0
0.000170168724767553,0.402552425228181,-0.00608929817866141,0,0,0.0187659086702118,0,0,0.00837995456641954,0.0168455731754765,-0.131651563413152,0,0,0.0440931609645932,0,0,0,0,0,0,0,0.00533770565554247,-0.013261588542928,0,0,0,0.0166064999110784,0,0,0.146093004480302,0,-0.0646608277461284,0,0.558663582897256,0,-0.0560380327555048,0,0,-0.0262915889527473,0,0,0,0,0,0,0,0,-0.105812246878034,0,0,0,-0.0617499056443639,0,0,0,0,0,-0.0570189131732971,0,0,0,0.00819040761304231,0.036240020243455,0.00347570101596801,0,0,0,0,0,0,0,0,0,0,0,0,0,0,0,0,0,0.00204564138275331,0.00822465524423879,0,0,-0.0665544749665311,0,0,0,0,0,-0.144074207880284,0,0,0,0,0,0,0,0,-0.000754071838220321,0,0,-0.0199020335238459,0,0,0,0,0,-0.115028584945876,0,0,0,0,0,0,0,0,0.0432889815980376,0,0,0,0,0,0,0.0106235434072855,0,0.0537061000516681,0,0.0222968211577792,0.201877120485658,0,0,0.035165353086553,0,0,0,0,-0.0483936091106614,0,0,-0.119402166421636,0,0,0,0,-0.0469608531229465,0,0,-0.0302147851213355,0,0,0,0,0,0,0,0,0,0,0,0,-0.146387587146082,0,0,0,0,0,0,0,0,0,0,0,0,-0.0654055337504833,0,0,0,0,0,0,0,-0.0287663588375116,0.0075175159787717,0.00273254770656781,0
0.000232595676487448,0.467977794787203,0,0,0,0.0665957347277869,0,0,0.117901192354327,0.0438146999652309,-0.139324075385026,0,-0.0401269233724715,0,-0.0041677772011585,0,0,0,0,0,0,0,-0.0731718640758433,0,0,0,0.0777441521146616,0.0319889719874574,0,0.0951066267292249,0,-0.0932824514019039,0,0.718283856627333,0,0,0,0,-0.0108998863187591,0,0,0,0,0,0,0,0,-0.17642778869861,0,0,0,-0.135415311224842,0,0.011043475255011,0,0,0,-0.0703016267220848,0,0,0,0.0643218497676067,0,0.0164979013760342,0,0,0,0,0,0,0,0,0,0,0,0,0,0,-0.0013389787978366,0,0,0,0.00445956869205281,0,0,-0.0809576541643666,0,0,0,-0.00999413730719525,0,-0.187823253306023,0,0,0,0,0,0,0.217629350572203,-0.0402656811477474,-0.0111697470835604,0,0,0,0,0,0,0,0,-0.0768301047615204,0,0,0,0,0,-0.0537606320748837,0,0,0,0,0,0,0,0,0,0,0,0.0192588927626792,0,0.00746345685744624,0.18156460427297,0,0,0.059040374848727,-0.0885470808089305,0,0,0,0,0,0,-0.161645242099972,0,0,0,0,-0.0785647212882904,0,0,-0.0270530628707489,0,0,0,0,0,0,0,0,0,0,0,0,-0.162848168610492,0,0,0,0,0,0,0,0,-0.023260492860935,0,0,0,-0.0592704335912888,0,0,0,0,0.0773341908282747,0,0,-0.0839737213250352,0,0,0
0.0000943724690406515,0.387219502650917,0,0,0,0.0862636467979524,0,0,0.103247009416522,0,-0.127314435677218,0,0,0,-0.00204988170102268,0,0,0,0,0,0,0,-0.0205770698110805,0,0,0,0.0932034071198651,0.136709315957697,0,0.166608425640616,0,-0.0772772657341895,0,0.65778586607387,0,0,0,0.0202999549782403,-0.0320556449826956,0,0,0,0,0,0,0,0,-0.0756542123827416,0,0,0,-0.108024171559079,0,0.00086754654849991,0,0,0,-0.0837224660255417,0,0,0,0.0471216437965629,0,0,0,0,0,0,0,-0.0126203166363251,0,0,0,0,0,0,0,0,0,0,0,0,0.0404055043823475,-0.055489856197364,0,-0.107056366028596,0,0,0,0,0,-0.0785374989175598,0,0,0,0,0,0,0.0282969492852792,0,-0.0576738663245095,0,0,0,0,0,0,0,0,-0.142681176252439,0,0,0,0,-0.0269202938819687,-0.0363874159535806,0,0,0.00362396691634767,0,0,0,0,0,0,0,0,0,0,0,0.186487654883888,0,0,0.0188748073201961,-0.0439680571552177,0,0,0,-0.0222065871409946,0,0,-0.121283582993821,0,0,0,0,-0.133180264151644,0,0,-0.0789444981101707,0,0,0.039596314700555,0,0,0,0,0,0,0,0,0,-0.109681388467371,0,0,0,0,0,0,0,0,-0.00413745598632501,0,0,0,-0.0723714484646426,0,-0.000200770137133087,0.0626862924338135,0,0.0263439614765282,0,0,-0.0587078191614048,0,0,0
0.000395700471318185,0.458051129098515,-0.093799499685048,-0.00863697626555696,0,0,0,0,0.186989005418589,0,-0.13986824410992,0,0,0,-0.00907654168334462,0,0,0,0,0,0,0,-0.0568799186415253,0,0,-0.0080629193432976,0,0,0,0.0971992676485111,0,-0.13481585630424,0,0.700734888444111,0,-0.0375502148250898,0,0.060870459532341,-0.0364779730755713,0,0,0,0,0,0,0,0,0,0,0,0,-0.101313673660183,0,0,0,0,0,-0.0956672003625942,0,0,0,0.0377689361109933,0,0,0,0,0,0,0,0,0,0,0,0,0,0,0,0,0,0,0,0,0,0,0,-0.11168191871443,0,0,0,0,0,-0.236869145351381,0,0,0,-0.00160369115562037,0,0,0,-0.00146996382639008,0,0,0,-0.0353990870681286,0,0,0,0,0,-0.090778339135046,0,0,0,0,-0.0207598123172903,-0.0343206840870997,0,0,0,0,0,0,0,0.00211279098389304,0,0,0,0.0219526831765973,0,0.140727812584436,0.126892625884784,0,0,0,-0.0497529401777401,0,0,0,-0.0107974835098264,0,0,-0.115214964495996,0,0,0,0,-0.0809090457342532,0,0,-0.0463693229288375,0,0,0.0343772541016201,0,0,0,0,0,0,0,0,0,-0.176810192820438,0,0,0,0,0,0,0,0,0,0,0,0,0,0,0,0,0,0.0333479817467184,0,-0.0467927705610506,-0.0197464632478524,0,0,0
0.000307310396537496,0.45908424702749,0,0,0,0.166271200520085,0,0,0,0,-0.0549275752717314,0,0,0.0609760592946853,0,0,0,0,0,0,0,0.0671755764452365,0,0,0,0,0.0788742166622167,0.0959953725887134,0,0.151544206018279,0,-0.114245918434396,0,0.618992676745451,0,0,0,0,0,0,0,0,0,0,0,0,0,-0.124147771506793,0,0,0,-0.100947091683835,0,0.00851541337546729,0,0,0,-0.0769016326484658,0,0,0,0.071091468467766,0.0982683565183629,0,0,0,0,0,0,-0.0338998580638357,0,0,0,0,0,0,0,0,0,0,0,0,0.0141814177604711,0,0,-0.0477169225688449,0,0,0,0,0,-0.134439912978034,0,0,0,0,0,0,0,0,-0.0370446393602894,0,-0.047253491167036,0,0,0,0,0,0,-0.0786084357124364,0,0,0,0,-0.049355508659024,-0.0200310070200429,0,0,0.0216057533733557,0,0,0,0,0,0,0,0,0,0,0.0158462697182521,0.129016266265542,0,0,0,-0.0418281507505634,0,0,0,-0.0247213437318659,0,0,-0.134273436417947,0,0,-0.0338902724677267,0,-0.0260268714778596,0,0.0273182254780591,-0.026458258275402,0,0,0.0387284312859061,0,0,0,0,0,0,0,0,0,-0.0119421040369281,0,0,0,0,0,0,0,0,0,0,0,0,-0.0435670742673877,0,0,0,-0.00818080525505511,0.191364009927609,0,0,-0.0253980013564119,0,0.0266532105133043,0
0.000629756002036012,0.744501946337437,0,0,0,0.0496470992555419,0,0,0.139878146297147,0,-0.0700946380115395,-0.0307013211949994,0,0,-0.0406725708994586,0,0,0,0.0688115843082888,0,0,0,-0.0439965832998497,0,0,0,0.101517059878207,0.0726837457529655,0,0,0,0,0,0.467814149963857,0,0,-0.0821713812560402,0.125543715747635,0,0,0,0,0,0,0,0,0,-0.0808182978852349,0,0,0,-0.158649209645816,0,0.0962043920996957,0,0,-0.0127380393757167,-0.0322739992509067,0,-0.000122178392600216,0,0.15151180430976,0,0,0,0,0,0,0.0394882976662897,-0.00690421911067329,0,0,0,0,-0.00760957643408225,0,0,0,-0.017010193724748,0,-0.00486481759378206,0,0,0,0,-0.12339838993854,0,0.0483521070436591,0,0,0,-0.209377670348114,0,0.0384805638904881,0,0,0,0,0.0141366321932018,0,0,0,0,0,0,0,0,0,0,-0.0990033216312681,0,0,0,0,-0.0120157746737403,0,0,0,0,0.0233500466890079,0.092029923599315,0,0,0,0,0,0,0,0,0,0.267742012698653,0,0,0,0,0,0,0,0,0,0,-0.0187281276596582,0,0,0,0,-0.0386713215481434,0,0,-0.00567947257782949,0,0,0.187133442770709,0,0,0,0,0,0,0,0,0,-0.0996144437893625,0,0,0,0,0,0,0,0,0,0,0,0,-0.0490905248565299,0,0,0.0192264343519006,-0.0343874917831101,0.0152870614231479,0,0,-0.0252418972893309,0,0,0
-0.0000289175619409077,0.268530888823707,0,0,0,0.0692865806487782,0,0,0.092651651552208,0.0901615627495906,-0.0245313082449188,0,-0.0348217507857564,0,-0.0138437230763845,0,0,-0.0258289555164074,0,0,0,0,0,-0.00734702606540264,0,0,0.113414930375613,0,0,0.237523255482978,0,-0.170497478729408,0,0.554922174281106,0,-0.0829169588529999,0,0,-0.00246568678813989,0,0,0.0362391811134335,0,0,0,0,0,-0.0958348140000759,0,0,0,-0.162344010087935,0,0,0,0,0,-0.0875492303584987,0,0,0,0.0000608340316009311,0.0913819612875945,0.00245785255064132,0,0,0,0,0,-0.0344521644973475,0,0,0,0,0,0,0,0,0,0,-0.0207984648600204,0.00825017621138453,0,0,-0.0188808641004413,0,0,0,0,0,0,-0.0490141248452976,0,0,0,0,0,0,0,0,-0.0232279555753959,0,0,-0.010223621249352,0,0,0,0,0,-0.0134942373599197,0,0,0,0,0,0,0,-0.061888448668004,0.0151179227927232,0,0,0,0,0.0418940054434652,0,0,0,0,0,0.258496764678895,0.00802995182347582,0,0,0,-0.0280054479588645,0,0,0.0125324748643972,0,0,0,-0.113826322062253,0,0,-0.00998387501278209,0,-0.0794163431522225,0,0,-0.044089704196116,0,0,0.0331828351678142,0,0,0,-0.0156745402922135,0,0,0,0,0,-0.0440579236647463,0.0249009814654827,0,0,0,0,0,0,0,0,0,0,0,-0.0446855879775242,0,0,0,0,0.0816934194693262,0,-0.046238813383161,-0.0399231098452105,0,0,0
0.000613009681585218,0.210448809504514,0,0,0,0,0,0,0.197275580250016,0,0,-0.0240309726623522,-0.0847034693777205,0,-0.0294851787648405,0,0,0,0,-0.0341169270991859,0,0,0,0,0,0,0.0926531605696642,0,0,0.0122920408913746,0,-0.0369821794735372,-0.0130688849129916,0.221721114665737,0,0,-0.125924331376414,0.167775299541777,-0.00356934172854186,0,0,0.101893343863396,0,0,0,0,0,0,0,0,0,-0.0697070156388554,0,0,0,0,-0.0491307626405879,0,0,-0.0333760891580552,0,0.092745044780845,0,0.0586499159538598,0,0,0,0,0,0,0,0,0,0,0,0,0,0,-0.0816753424222212,0,0,0,0,0,-0.0488188811138088,0,0,0,-0.00978340691889087,0,0,-0.050782662387703,0,0,0,0.0834704348466964,0,0,0,-0.0802675021307056,-0.0278604045002633,0,0,0,0,0,0,0,0,-0.0145684388916089,0,0,0,0,0,-0.036481869330606,0,0,0,0,0.0386761880185913,0,0,0,0,0,0,0,0,0.22441153488452,0.163389759088837,0,0,0,0,0,0,0,0,0,0,0,0,0,0,0,-0.0340411021359391,0,0,0,0,0,0.0594085997851797,0,0,0,0,0,0,0,0,0,0,0,0,0,0,0,0,0,0,0,0,0,0,0,0,0,0.0646544877637758,0,0,-0.0677209658747423,-0.058592842183318,0,0,0,0
NA,NA,NA,NA,NA,NA,NA,NA,NA,NA,NA,NA,NA,NA,NA,NA,NA,NA,NA,NA,NA,NA,NA,NA,NA,NA,NA,NA,NA,NA,NA,NA,NA,NA,NA,NA,NA,NA,NA,NA,NA,NA,NA,NA,NA,NA,NA,NA,NA,NA,NA,NA,NA,NA,NA,NA,NA,NA,NA,NA,NA,NA,NA,NA,NA,NA,NA,NA,NA,NA,NA,NA,NA,NA,NA,NA,NA,NA,NA,NA,NA,NA,NA,NA,NA,NA,NA,NA,NA,NA,NA,NA,NA,NA,NA,NA,NA,NA,NA,NA,NA,NA,NA,NA,NA,NA,NA,NA,NA,NA,NA,NA,NA,NA,NA,NA,NA,NA,NA,NA,NA,NA,NA,NA,NA,NA,NA,NA,NA,NA,NA,NA,NA,NA,NA,NA,NA,NA,NA,NA,NA,NA,NA,NA,NA,NA,NA,NA,NA,NA,NA,NA,NA,NA,NA,NA,NA,NA,NA,NA,NA,NA,NA,NA,NA,NA,NA,NA,NA,NA,NA,NA,NA,NA,NA,NA,NA,NA,NA,NA,NA,NA,NA,NA,NA,NA,NA
0.00121320325721579,0.713570908326209,-0.0765499032122744,0,0,0,0,0,0.104907078010112,0,0,0,0,0,0,0,0,0,0,0,0,0,0,0,0,-0.0471183520919971,0.0893849905424338,0,0,0.0954827307981378,0,-0.00458155273786474,0,0.197619439298746,0,-0.013543760740185,0,0,-0.00752088642953006,0,0,0,0,0,0,0,0,0,0,0,0,-0.0699909442819391,0,0,0,0,0,-0.00563110076807253,0,-0.017296012027216,0,0.00685634687723706,0,0,0,0,0,0,0,0,0,0,0,0,0,0,0,0,-0.0575777834288941,0,0,0,0,0,0,-0.00272694082394449,0,0,0,0,0,-0.0989077679157674,0,0,0,0,0,0,0,-0.00385853050924738,0,0,0,0,0,0,0,0,0,-0.0380131784779151,0,0,0,0,0,0,0,0,0,0,0,0,0,0,0,0,0,0,0,0,0.111268282459501,0,0,0,-0.009918838551291,0,0,0,0,0,0.00712639841525454,-0.083879190800594,0,0,0,0,0,0,0,-0.00646685356564048,0,0,0,0,0,0,0,0,0,0,0,0,-0.0144187328400068,0,0,0,0,0,0,0,0,0,0,0,-0.00845586910890551,0,0,0,0.00893694276888374,0,0,0,0,0,0,0,0
NA,NA,NA,NA,NA,NA,NA,NA,NA,NA,NA,NA,NA,NA,NA,NA,NA,NA,NA,NA,NA,NA,NA,NA,NA,NA,NA,NA,NA,NA,NA,NA,NA,NA,NA,NA,NA,NA,NA,NA,NA,NA,NA,NA,NA,NA,NA,NA,NA,NA,NA,NA,NA,NA,NA,NA,NA,NA,NA,NA,NA,NA,NA,NA,NA,NA,NA,NA,NA,NA,NA,NA,NA,NA,NA,NA,NA,NA,NA,NA,NA,NA,NA,NA,NA,NA,NA,NA,NA,NA,NA,NA,NA,NA,NA,NA,NA,NA,NA,NA,NA,NA,NA,NA,NA,NA,NA,NA,NA,NA,NA,NA,NA,NA,NA,NA,NA,NA,NA,NA,NA,NA,NA,NA,NA,NA,NA,NA,NA,NA,NA,NA,NA,NA,NA,NA,NA,NA,NA,NA,NA,NA,NA,NA,NA,NA,NA,NA,NA,NA,NA,NA,NA,NA,NA,NA,NA,NA,NA,NA,NA,NA,NA,NA,NA,NA,NA,NA,NA,NA,NA,NA,NA,NA,NA,NA,NA,NA,NA,NA,NA,NA,NA,NA,NA,NA,NA
0.000480012913160757,0.530438196115061,-0.0450139264495583,0,0,0.0244504958957044,0,0,0.169933551584834,0,-0.0354492212580816,0,-0.0173399572998346,0,-0.00140833149549089,0,0,0,0,0,0,0,-0.00880147057281514,0,0,0,0,0,0,0.107154941440278,0,-0.0227527561710418,0,0.488912167925898,0,-0.00416694033313528,0,0,0,0,0,0,0,0,0,0,0,0,0,0,0,-0.131724370415106,0,0.0039934859456705,0,0,-0.005371691709494,-0.0482276027599643,0,0,0,0.0844386249545165,0,0,0,0,0,0,0,0,0,0,0,0,0,0,0,0,-0.0230906249910381,0,0,0,0,0,0,-0.0573461604011484,0,0,0,0,0,-0.0535719590699618,0,0,0,0,0,0,0,-0.0242641017587333,0,0,0,0,0,0,0,0,0,-0.0606959977133699,0,0,0,0,0,0,0,0,0,0,0,0,0,0,0,0,0,0,0,0.028094858250385,0.116865373035621,0,0,0,-0.051966838407107,0,0,0,0,0,0,-0.0695625008469326,0,0,0,0,-0.0170297305878367,0,0,-0.0182813239465263,0,0,0.144503888175393,0,0,0,0,0,0,0,0,0,-0.0854391961788848,0,0,0,0,0,0,0,0,0,0,0,0,0,0,0,0,0,0.00519617033686827,0,0,-0.0492456486940036,0,0,0
0.000453539441500882,0.033605643685179,0,0,0,0.00869274375285074,0,0,0.239196586654552,0,0,-0.063328161316351,-0.0161530144226444,0,-0.06226172676452,0,0,0,0.017828153655265,-0.0359604516610979,0,0,0,-0.0285813542473297,0,0,0.109438149881785,0,0.0184907857460575,0.013464564356837,0,0,0,0.233122008129772,0,0,-0.0855577569365401,0.356561125363703,-0.0639518157497363,0,0.0162092906568028,0.211180388736248,0,0,0,0,0,0,0,0,0,-0.110058232955352,0,0.0478402796779039,0,0,-0.0748562970288091,-0.026102412193593,0.0348476577043935,-0.0944733980758325,0,0.142496470096328,0,0.00754443292671339,0,0,0,0,0.0317429158663806,-0.0541795731650836,0,0,0,0,0,-0.0365106293366677,0,0,-0.0843815872744201,0,0,0,0,0,-0.0646612891213042,0,0,0,-0.00986216936022086,0,0,-0.142552003666653,0,0,0,0.0926191603798355,0,0,0,-0.0553550807329216,-0.0238499181685326,-0.0085356266423211,0,0,0,0,0,0,0,-0.0605879493221063,0,0,0,0,0,-0.0916534806446755,-0.0308291341263216,0,0,0,0.141802218993107,0,0,0,0,0,0,0,0,0.38059962113517,0.220990909453404,0,0,0,0,0,0,0,0,0,0,0,0,0,-0.0843421354659072,0,-0.110056146990247,0,0,-0.049990064481542,0,-0.0379146468229076,0.0480524193738367,0,0,0,0,0,0,0,0,0.131736456143606,-0.108538242794516,0,0,0,0,0,0,0,0,0,0,0,0,0,0,0,0.0987042506483134,0,0,-0.134124802009028,-0.17183819782401,0,0,0,-0.00421860002525612
0.000565369471622093,0.215860082352801,-0.0186227733957138,0,0,0,0,0,0.162892232832621,0,-0.0318383614681585,-0.0462824490420393,-0.04219973843681,0,-0.00399705006855632,0,0,0,0,-0.115084704820402,0,0,0,-0.0258595264943217,0,0,0.120923756548455,0,0,0.015868274223209,0,0,0,0.538222922436068,0,-0.0190153005563805,-0.00249276263188646,0.136245724055921,-0.0638490281415472,0,0.00574551412589135,0.176187774728849,0,0,0,0,0,0,0,0,0,-0.147208544337086,0,0.121849765058632,0,0,-0.0761348159028936,-0.0566743266349884,0,-0.0244072803322268,0,0.0360690655709595,0,0.0212324013798749,0,0,0,0,0,0,0,0,0,0,0,0,0,0,-0.0317635374880262,0,0,0,0,0,-0.0361718045572922,0,0,0,-0.0385655867060911,-0.0213436830873695,0,-0.052899512738804,0,0,0,0.0237575186426269,0,0,0,-0.0137950554338876,0,0,0,0,0,0,0,0,0,-0.0735116918924048,0,0,0,0,0,-0.0837513446362638,0,0,0,0,0.0452308762808988,0,0,0,0,0,0,0,0,0.240339789511805,0.182853983857406,0,0,0,0,0,0,0,0,0,0,-0.105295353985887,0,0,0,0,-0.0937920350014385,0,0,-0.0390469816800253,0,-0.0552917024794545,0.0933081238778685,0,0,0,0,0,0,0,0,0.0421039321579815,-0.0822030795413591,0,0,0,0,0,0,0,0,0,0,0,0,0,0,0,0.0022969686190132,0,0,-0.0283541997329702,-0.12394054143495,0,0,0,0
NA,NA,NA,NA,NA,NA,NA,NA,NA,NA,NA,NA,NA,NA,NA,NA,NA,NA,NA,NA,NA,NA,NA,NA,NA,NA,NA,NA,NA,NA,NA,NA,NA,NA,NA,NA,NA,NA,NA,NA,NA,NA,NA,NA,NA,NA,NA,NA,NA,NA,NA,NA,NA,NA,NA,NA,NA,NA,NA,NA,NA,NA,NA,NA,NA,NA,NA,NA,NA,NA,NA,NA,NA,NA,NA,NA,NA,NA,NA,NA,NA,NA,NA,NA,NA,NA,NA,NA,NA,NA,NA,NA,NA,NA,NA,NA,NA,NA,NA,NA,NA,NA,NA,NA,NA,NA,NA,NA,NA,NA,NA,NA,NA,NA,NA,NA,NA,NA,NA,NA,NA,NA,NA,NA,NA,NA,NA,NA,NA,NA,NA,NA,NA,NA,NA,NA,NA,NA,NA,NA,NA,NA,NA,NA,NA,NA,NA,NA,NA,NA,NA,NA,NA,NA,NA,NA,NA,NA,NA,NA,NA,NA,NA,NA,NA,NA,NA,NA,NA,NA,NA,NA,NA,NA,NA,NA,NA,NA,NA,NA,NA,NA,NA,NA,NA,NA,NA
0.0013707927010991,0.684126672160916,-0.0118359624812332,0,0,0,0,0,0.148771479003921,0,0,0,0,0,-0.00297070254078494,0,0,0,0,0,0,0,0,0,0,0,0.0238289888420705,0,0,0.0269579417800209,0,0,0,0.0923208798286787,0,-0.00966041537899056,-0.000668719552355619,0,0,0,0,0,0,0,0,0,0,0,0,0,0,-0.0670079383390416,0,0,0,0,-0.00826582950513989,0,0,0,0,0,0,0,0,0,0,0,0,0,0,0,0,0,0,0,0,0,0,0,0,0,0,0,0,0,0,0,0,0,0,0,0,0,0,0,0,0,0,0,0,0,0,-0.00120303819016639,0,0,0,0,0,0,0,0,0,0,0,0,0,0,0,0,0,0,0,0,0,0,0,0,0,0,0.00758308753115627,0,0,0,0,0,0,0,0,0,0,-0.020641262037302,0,0,0,0,0,-0.00804912120827313,0,0,0,0,0,0,0,0,0,0,-0.00367346208721908,0,0,0,0,0,0,0,0,0,0,0,0,0,0,0,0,0,0,0,0,0,0,0,0,0,0,0,0
NA,NA,NA,NA,NA,NA,NA,NA,NA,NA,NA,NA,NA,NA,NA,NA,NA,NA,NA,NA,NA,NA,NA,NA,NA,NA,NA,NA,NA,NA,NA,NA,NA,NA,NA,NA,NA,NA,NA,NA,NA,NA,NA,NA,NA,NA,NA,NA,NA,NA,NA,NA,NA,NA,NA,NA,NA,NA,NA,NA,NA,NA,NA,NA,NA,NA,NA,NA,NA,NA,NA,NA,NA,NA,NA,NA,NA,NA,NA,NA,NA,NA,NA,NA,NA,NA,NA,NA,NA,NA,NA,NA,NA,NA,NA,NA,NA,NA,NA,NA,NA,NA,NA,NA,NA,NA,NA,NA,NA,NA,NA,NA,NA,NA,NA,NA,NA,NA,NA,NA,NA,NA,NA,NA,NA,NA,NA,NA,NA,NA,NA,NA,NA,NA,NA,NA,NA,NA,NA,NA,NA,NA,NA,NA,NA,NA,NA,NA,NA,NA,NA,NA,NA,NA,NA,NA,NA,NA,NA,NA,NA,NA,NA,NA,NA,NA,NA,NA,NA,NA,NA,NA,NA,NA,NA,NA,NA,NA,NA,NA,NA,NA,NA,NA,NA,NA,NA
0.00107154633695029,0.613959292552782,0,0,0,0,0,0,0.155788392954647,0,0,0,0,0,-0.0205585143095222,0,0,0,0,0,0,0,0,0,0,0,0.0330405954921901,0,0,0.0336765003882865,0,0,0,0.0609161556733917,0,-0.0204572647099588,0,0,0,0,0,0,0,0,0,0,0,0,0,0,0,-0.0572119109795022,0,0,0,0,0,0,0,0,0,0,0,0,0,0,0,0,0,0,0,0,0,0,0,0,0,0,0,0,0,0,0,0,0,0,0,0,0,0,-0.00129387567816896,0,0,0,0,0,0,0,0,0,0,0,0,-0.00731850346222165,0,0,0,0,0,-0.00118536719937884,0,0,0,0,0,0,0,0,0,0,0,0,0,0,0,0,0,0,0,0.00301554596293854,0.0179830787908467,0,0,0,0,0,0.00111272869683572,0,0,0,0,-0.0441923509382802,0,0,0,0,0,0,0,0,0,0,0,0,0,0,0,0,-0.00417894276933214,0,0,0,0,0,0,0,0,0,0,0,0,0,0,0,0,0,0,0,0,0,0,0,0,0,0,0,0
0.0012246670785333,0.611248208318222,-0.0185143041646075,0,0,0,0,0,0.131846113608845,0,0,0,0,0,-0.00450174267317023,0,0,0,0,0,0,0,0,0,0,0,0.00801917501193039,0,0,0.0450434081036884,0,0,0,0.150194656322089,0,-0.0154982633285145,-0.0114897684075022,0,0,0,0,0,0,0,0,0,0,0,0,0,0,-0.0857256971272988,0,0,0,0,0,-0.00721396234282403,0,0,0,0,0,0,0,0,0,0,0,0,0,0,0,0,0,0,0,0,0,0,0,0,0,0,0,0,0,0,0,0,0,0,0,0,0,0,0,0,0,0,0,0,0,0,0,0,0,0,0,-0.0237292880683354,0,0,0,0,0,0,0,0,0,0,0,0,0,0,0,0,0,0,0,0.015038244624979,0.00324755874713796,0,0,0,0,0,0,0,0,0,0.0175827897024998,-0.0486295246375775,0,0,0,0,0,0,0,0,-0.00312609456589828,0,0,0,0,0,0,0,0,0,0,0,-0.00462409870665946,0,0,0,0,0,0,0,0,0,0,0,0,0,0,0,0,0,0,0,0,-0.0121723688189116,0,0,0
0.00143918883913379,0.639323671169535,-0.0531745430406988,0,0,0,0,0,0.144679495834184,0,0,0,0,0,0,0,0,0,0,0,0,0,0,0,0,0,0.0298081709625451,0,0,0.0319474139432592,0,0,0,0.136969754556291,0,-0.0279891035923144,0,0,0,0,0,0,0,0,0,0,0,0,0,0,0,-0.0771117021048689,0,0,0,0,0,-0.00406922693182054,0,0,0,0,0,0,0,0,0,0,0,0,0,0,0,0,0,0,0,0,0,0,0,0,0,0,0,0,0,0,0,0,0,0,0,0,0,0,0,0,0,0,0,0,0,-0.0384893363990394,0,0,0,0,0,-0.00587679603571685,0,0,0,0,0,0,0,0,0,0,0,0,0,0,0,0,0,0,0,0.00514801487076649,0.0271533656291897,0,0,0,0,0,0,0,0,0,0.0232968005790636,-0.0469251697285378,0,0,0,0,0,0,0,0,0,0,0,0,0,0,0,0,0,0,0,0,0,0,0,0,0,0,0,0,0,0,0,0,0,0,0,0,0,0,0,0,0,0,0,0,0
0.000420320374234592,0.450420790447452,0,0,0,0,0,0,0.199983807238625,0,0,0,0,0,-0.0466386599561533,0,0,0,0,0,0,0,0,0,0,0,0.012041602233657,0,0,0.0122843511427338,0,0,0,0.148731624034002,0,-0.0401647566647014,-0.0184780176129066,0,0,0,0,0,0,0,0,0,0,0,0,0,0,-0.0372824889607114,0,0,0,0,-0.00204914814839555,-0.0127022963322192,0,0,0,0,0,0,0,0,0,0,0,-0.0414083809638143,0,0,0,0,0,0,0,0,0,0,0,0,0,0,0,0,0,0,0,0,-0.03922702609311,0,0,0,0,0,0,0,0,0,0,0.0556131116148081,0,-0.0513023036021873,0,0,0,0,0,0,0,0,0,0,0,0,0,0,0,0,0,0,0,0,0,0,0,0,0,0,0.0623577344681885,0,0,0,0,0,0,0,0,0,0,-0.0623599087156083,0,0,0,0,-0.0253220472075212,-0.0289370889390629,0,0,0,0,0,0,0,0,0,0,-0.0088398978335557,0,0,0,0,0,0,0,0,0,0,0,0,0,0,0,0,0,0,0,0,0,0,0,0,0,0,0,0
0.00136047529255217,0.658466926591136,-0.0078560864209679,0,0,0,0,0,0.168468088051751,0,0,0,0,0,-0.0229384382971977,0,0,0,0,0,0,0,0,0,0,0,0.0863364878825356,0,0,0.0775022658021974,0,0,0,0.15346829213512,0,-0.0385564989301997,-0.00806041518788797,0,0,0,0,0,0,0,0,0,0,0,0,0,0,-0.0717911741638619,0,0,0,0,0,-0.00691522677406046,0,0,0,0,0,0,0,0,0,0,0,-0.00249248186594865,0,0,0,0,0,0,0,0,-0.0218691958995433,0,0,0,0,0,0,0,0,0,0,0,0,-0.00807480343617702,0,0,0,0,0,0,0,0,0,0,0,-0.0129660551721991,0,0,0,0,0,-0.00881093510958088,0,0,0,0,0,0,0,0,0,0,0,0,0,0,0,0,0,0,0,0.0212428388688287,0.0515233714438006,0,0,0,0,0,0,0,0,0,0,-0.0748402774454756,0,0,0,0,0,0,0,0,0,0,0,0,0,0,0,0,0,0,0,0,0,0,0,0,0,0,0,0,0,0,0,0,0,0,0,0,0,0,0,0,0,0,0,0,0
NA,NA,NA,NA,NA,NA,NA,NA,NA,NA,NA,NA,NA,NA,NA,NA,NA,NA,NA,NA,NA,NA,NA,NA,NA,NA,NA,NA,NA,NA,NA,NA,NA,NA,NA,NA,NA,NA,NA,NA,NA,NA,NA,NA,NA,NA,NA,NA,NA,NA,NA,NA,NA,NA,NA,NA,NA,NA,NA,NA,NA,NA,NA,NA,NA,NA,NA,NA,NA,NA,NA,NA,NA,NA,NA,NA,NA,NA,NA,NA,NA,NA,NA,NA,NA,NA,NA,NA,NA,NA,NA,NA,NA,NA,NA,NA,NA,NA,NA,NA,NA,NA,NA,NA,NA,NA,NA,NA,NA,NA,NA,NA,NA,NA,NA,NA,NA,NA,NA,NA,NA,NA,NA,NA,NA,NA,NA,NA,NA,NA,NA,NA,NA,NA,NA,NA,NA,NA,NA,NA,NA,NA,NA,NA,NA,NA,NA,NA,NA,NA,NA,NA,NA,NA,NA,NA,NA,NA,NA,NA,NA,NA,NA,NA,NA,NA,NA,NA,NA,NA,NA,NA,NA,NA,NA,NA,NA,NA,NA,NA,NA,NA,NA,NA,NA,NA,NA
0.0011480243535273,0.536011473534022,-0.028150564300466,0,0,0,0,0,0.178833746490737,0,0,0,0,0,-0.00365975311149595,0,0,0,0,0,0,0,0,0,0,0,0,0,0,0.0376729338222549,0,0,0,0.127085143545582,0,-0.0302136449494666,-0.0115276337619986,0,0,0,0,0,0,0.0165975077741809,0,0,0,0,0,0,0,-0.0771904218378886,0,0,0,0,-0.0166351163370211,0,0,0,0,0,0,0,0,0,0,0,0,-0.00621563958213598,0,0,0,0,0,0,0,0,-0.0151531561442255,0,0,0,0,0,0,0,0,0,0,0,-0.00564450212873703,-0.00266848533474728,0,0,0,0,0,0,0,0,0,0,0,0,0,0,0,0,0,-0.000475661022627018,0,0,0,0,0,0,0,0,0,0,0,0,0,0,0,0,0,0,0,0.043132101048091,0.0528379439375163,0,0,0,0,0,0,0,0,0,0.0194853125983278,-0.0838955449959641,0,0,0,0,0,0,0,0,0,0,0,0,0,0,0,0,-0.0214740849168523,0,0,0,0,0,0,0,0,0,0,0,0,0,0,0,0,0,0,0,0,0,0,0,0,0,0,0,0
NA,NA,NA,NA,NA,NA,NA,NA,NA,NA,NA,NA,NA,NA,NA,NA,NA,NA,NA,NA,NA,NA,NA,NA,NA,NA,NA,NA,NA,NA,NA,NA,NA,NA,NA,NA,NA,NA,NA,NA,NA,NA,NA,NA,NA,NA,NA,NA,NA,NA,NA,NA,NA,NA,NA,NA,NA,NA,NA,NA,NA,NA,NA,NA,NA,NA,NA,NA,NA,NA,NA,NA,NA,NA,NA,NA,NA,NA,NA,NA,NA,NA,NA,NA,NA,NA,NA,NA,NA,NA,NA,NA,NA,NA,NA,NA,NA,NA,NA,NA,NA,NA,NA,NA,NA,NA,NA,NA,NA,NA,NA,NA,NA,NA,NA,NA,NA,NA,NA,NA,NA,NA,NA,NA,NA,NA,NA,NA,NA,NA,NA,NA,NA,NA,NA,NA,NA,NA,NA,NA,NA,NA,NA,NA,NA,NA,NA,NA,NA,NA,NA,NA,NA,NA,NA,NA,NA,NA,NA,NA,NA,NA,NA,NA,NA,NA,NA,NA,NA,NA,NA,NA,NA,NA,NA,NA,NA,NA,NA,NA,NA,NA,NA,NA,NA,NA,NA
0.000604113982905258,0.550956866912741,0,-0.00253304729308991,0,0,0,0,0.175468434314231,0,0,0,0,0,-0.0556927620919927,0,0,0,0,0,0,0,0,0,0,0,0.00874406700001696,-0.00517014266717989,0,0,0,0,0,0.0282744714843644,0,-0.0456299689070494,-0.00388277756430281,0,0,0,0,0,0,0,0,0,0,0,0,0,0,-0.0177844430234522,0,0,0,0,0,0,0,0,0,0,0,0,0,0,0,0,0,-0.00304125446797747,0,0,0,0,0,0,0,0,0,0,0,0,0,0,0,0,0,0,0,0,-0.00693181764775309,0,0,0,0,0,0,0,0,0,0,0.0546900004525382,-0.017678377445501,-0.0275933925171851,0,0,0,0,0,0,0,0,0,0,0,0,0,0,0,0,0,0,0,0,0,0,0,0,0,0,0.0460742226561728,0,0,0,0,0,0,0,0,0,0,-0.0461787835221042,0,0,0,0,0,-0.0145208062379,0,0,0,0,0,0,0,0,0,0,-0.0266109398240635,0,0,0.0252001868966252,0,0,0,0,0,0,0,0,0,0,0,0,0,0,0,0,0,0,0,0,0,0,0,0,0
0.000980678699579599,0.570375647436223,0,-0.00647617001724794,0,0,0,0,0.174399530663843,0,0,0,0,0,-0.0531080625163951,0,0,0,0,0,0,0,0,0,0,0,0.040233641504352,-0.0131184466299258,0,0,0,0,0,0.0557415755483203,0,-0.04751571727324,-0.0285107399388454,0,0,0,0,0,0,0,0,0,0,0,0,0,0,-0.0410192386617229,0,0,0,0,-0.0148532938952312,0,0,0,0,0,0,0,0,0,0,0,0,0,0,0,0,0,0,0,0,0,0,0,0,0,0,0,0,0,0,0,0,0,-0.0441094453136814,0,0,0,0,0,0,0,0,0,0,0.0871989279406395,-0.0496776755872597,-0.0459011513878684,0,0,0,0,0,-0.000109911139955905,0,0,0,0,0,0,0,0,0,0,0,0,0,0,0,0,0,0,0,0,0.073198884980132,0,0.0150796453375484,0,0,0,0,0,0,0,0,-0.0561159670433018,0,0,0,0,0,-0.030511587910836,0,0,0,0,0,0,0,0,0,0.0130586081535524,-0.0589185196314435,0,0,0.00338454796393035,0,0,0,0,0.0275913193784922,0,0,0,0,0,0,0,0,0,0,0,0,0,0.012050023124324,0,0,0,0,0,0
0.00115141158883431,0.729351503112377,0,0,0,0,0,0,0.178705156499311,0,0,0,-0.00748517039180011,0,-0.0138384439120331,0,0,0,0,0,0,0,0,0,0,0,0.0197530545835778,0,0,0.0269591048232433,0,0,0,0.00882963614705602,0,-0.0156259501026702,0,0,0,0,0,0,0,0,0,0,0,0,0,0,0,-0.0385067991789792,0,0,0,0,0,0,0,0,0,0,0,0,0,0,0,0,0,0,0,0,0,0,0,0,0,0,0,0,0,0,0,0,0,0,0,0,0,0,0,0,0,0,0,0,0,0,0,0,0,-0.00233467104088118,0,0,0,0,0,0,0,0,0,0,0,0,0,0,0,0,0,0,0,0,0,0,0,0,0,0,0,0,0,0,0,0,0,0,0.00722513655224116,0,0,0,0,0,0,0,0,0,-0.00939975979036943,0,0,0,0,0,0,0,0,0,0,0,0,0,0,0,0,0,0,0,0,0,0,0,0,0,0,0,0,0,0,0,0,0,0,0,0,0,0,0,0
0.000506945997543677,0.494158919629175,0,-0.0139814071573254,0,0,0,0,0.20128107322253,0,-0.00225815725520793,0,0,0,-0.059590184388974,0,0,0,0,0,0,0,0,0,0,0,0.0363288137554476,0,0,0,0,0,0,0.140863936806629,0,-0.0676914205623728,-0.0199802302498802,0,0,0,0,0,0,0,0,0,0,0,0,0,0,-0.0410904623382314,0,0,0,0,-0.0305910222744602,0,0,0,0,0,0,0,0,0,0,0,0,-0.0266434401804232,0,0,0,0,0,0,0,0,-0.0177229961153902,0,0,0,0,0,0,0,0,0,0,0,0,-0.00561574655967424,0,0,0,0,0,0,0,0,0,0.0916565306637742,-0.0528128094899341,-0.0342617306625286,0,0,0,-0.000113864626352889,0,0,0,0,0,0,0,0,0,0,0,0,0,0,0,0,0,0,0,0,0,0.035725519939315,0.0940015205110448,0,0.0321509125068311,0,0,0,0,0,0,0,0,-0.0818428680483221,0,0,0,0,-0.0180966822405978,-0.0284241097591356,0,0,0,0,0,0,0,0,0,0.0120777837659429,-0.0508438429542869,0,0,0,0,0,0,0,0.0304542659079118,0,0,0,0,0,0,0,0,0,0,0,0,0,0.0348718817354584,0,0,0,0,0,0
0.000710941559776665,0.381969040909197,0,0,0,0,0,0,0.18749116469928,0,-0.108727973232399,0,0,0,0,0,0,0,0,-0.0074671923004529,0,0,0,0,0,0,0.111216440188647,0,0,0.0311270180726861,0,-0.0569321062069779,0,0.614577380018195,0,0,-0.0284776999388845,0.075500806582005,0,0,0,0.00485240668776906,0,0,0,0,0,0,0,0,0,-0.108948005309431,0,0.0746248774905195,0,0,-0.081623063880807,-0.0511123423446172,0,0,0,0.0780785734906622,0,0,0,0,0,0,0.0235876095118228,0,0,0,0,0,0,0,0,0,-0.0202574870502719,0,0,0,0,0,-0.0037193617132427,-0.0713386434252426,0,0,0,0,0,0,0,0,0,0,0,0,0,0,0,0,0,0,0,0,0,0,0,-0.0847002398940704,0,0,0,0,0,0,0,0,0,0,0.0352383626440783,0,0,0,0,0,0,0,0,0.0805185727640292,0.170731354823094,0,0,0,0,0,0,0,0,0,0,-0.0548912033274052,0,0,0,0,-0.17536411674565,-0.0078000674963914,0,0,0,0,0.239947256995868,0,0,0,0,0,0,0,0,0,-0.0712313328747975,0,0,0,0,0,0,0,0,0,0,0,0,-0.00338746135038148,0,0,0.0144864939580956,0,0,0,0,-0.063971186166757,0,0,0
0.000256070160138206,0.493888903742304,0,-0.00732497974937867,-0.00848967727720153,0,0,0,0.197740416006075,0,0,-0.0287984348863263,0,0,-0.0700693983199418,0,0,0,0,0,0,0,0,0,-0.0182692915376625,0,0.0344130875086365,-0.0012547981704879,0,0,0,0,0,0,0,-0.075255990183831,-0.0238970403983095,0,0,0,0,0,0,0,0,0,0,0,0,0,0,-0.0333224880686841,0,0,0,0,0,0,0,0,0,0,0,-0.075213272086365,0,0,0,0,0,-0.0255107245526312,0,0,0,0,0,0,0,0,-0.0210104661640789,0,0,0,0,0,0,0,0,0,0,0,-0.0554157505516675,0,0,0,0,0,0,0,0,0,0,0.11964041423957,-0.0617778395946914,-0.0662007903024382,0,0,0,-0.00818551517679976,0,-0.0192194745508065,0,0,0,0,0,0,0,0,0,0,0,0,0,0,0,0,0,0,0,0.0526436673158731,0.0468747590860366,0,0.0298898781022891,0,0,0,0.0132281619801259,0,0,0.00596452099517572,0,-0.0673048177879318,0,0,0,0,-0.0182086077340154,-0.0153169089352121,0,0,0,0,0,0,0.0000794066042150406,0,0,0.0910930934033659,-0.124008276749043,0,0,0.135711099188903,0,0,0,0,0.0514375550358054,0,0,0,0,0,0,0,0,0,0,0,0,0,0.00786783032259723,0,0,0,0,0,0
0.000325148424393858,0.429547954731761,0,-0.00775686761513172,0,0,0,0,0.200631512825557,0,0,0,0,0,-0.0388444416212951,0,0,0,0,0,0,0,0,0,0,0,0.0178255813671401,-0.00146476594647613,0,0.00298977190581611,0,0,0,0.0387131308099677,0,-0.041525478781533,-0.032132037759306,0,0,0,0,0,0,0,0,0,0,0,0,0,0,-0.0311408893062621,0,0,0,0,0,0,0,0,0,0,0,0,0,0,0,0,0,-0.0198948678867633,0,0,0,0,0,0,0,0,0,0,0,0,0,0,0,0,0,0,0,0,-0.0151437164502758,0,0,0,0,0,0,0,0,0,0,0.0663891285068711,-0.0216414573071252,-0.0294289871378679,0,0,0,0,0,0,0,0,0,0,0,0,0,0,0,0,0,0,0,0,0,0,0,0,0,0.00661593311343589,0.0571194988444631,0,0,0,0,0,0,0,0,0,0,-0.067190645319726,0,0,0,0,-0.0143911650897131,-0.0162697708794999,0,0,0,0,0,0,0,0,0,0.00951043313376849,-0.028039127756979,0,0,0,0,0,0,0,0,0,0,0,0,0,0,0,0,0,0,0,0,0,0,0,0,0,0,0,0
0.000695712432664044,0.560184853419905,0,-0.0147909556848913,0,0,0,0,0.197833364335656,0,0,0,0,0,-0.0586781110063698,0,0,0,0,0,0,0,0,0,-0.000289397528848022,0,0.0290981764943129,-0.0121680301998811,0,0.000207928791319269,0,0,0,0.0345064704314018,0,-0.0310474626588154,-0.00946649799255267,0,0,0,0,0,0,0,0,0,0,0,0,0,0,-0.0256724590281319,0,0,0,0,0,0,0,0,0,0,0,0,0,0,0,0,0,0,0,0,0,0,0,0,0,0,-0.0177635413643845,0,0,0,0,0,0,0,0,0,0,0,0,0,0,0,0,0,0,0,0,0,0,0.137826577157502,-0.0893961572868844,-0.0499677893385733,0,0,0,-0.0000675511526352581,0,-0.000956906684788426,0,0,0,0,0,0,0,0,0,0,0,0,0,0,0,0,0,0,0,0.00959979316888451,0.0533273927499771,0,0,0,0,0,0,0,0,0.0183109224661974,0,-0.0454032708422044,0,0,-0.00373796918331602,0,-0.0109503728165346,-0.015817291966589,0,0,0,0,0,0,0,0,0,0.00288317942441015,-0.0397313785302041,0,0,0.0244225336064395,0,0,0,0,0.0152030908144665,0,0,0,0,0,0,0,0,0,0,0,0,0,0.0267884465849315,0,0,0,0,0,0
0.000671448274154351,0.659958888889276,0,-0.00504737057653886,0,0,0,0,0.160893801366135,0,0,0,0,0,-0.014150598458022,0,0,0,0,0,0,0,0,0,0,0,0.00894269392939955,-0.00324289365952691,0,0.027918426664333,0,0,0,0,0,-0.0083195835807861,0,0,0,0,0,0,0,0,0,0,0,0,0,0,0,-0.00364859493974053,0,0,0,0,0,0,0,0,0,0,0,0,0,0,0,0,0,0,0,0,0,0,0,0,0,0,0,0,0,0,0,0,0,0,0,0,0,0,0,0,0,0,0,0,0,0,0,0,0,0,0,0,0,0,0,0,0,0,0,0,0,0,0,0,0,0,0,0,0,0,0,0,0,0,0,0,0,0.0114641512333404,0,0,0,0,0,0,0,0,0,0,0,-0.00464225544492064,0,0,0,0,0,0,0,0,0,0,0,0,0,0,0,0,0,0,0,0,0,0,0,0,0,0,0,0,0,0,0,0,0,0,0,0,0,0,0,0,0,0,0,0,0
0.000920073631984507,0.602463665284781,0,0,0,0,0,0,0.156555414074339,0,0,0,0,0,-0.0224271060270618,0,0,0,0,0,0,0,0,0,0,0,0.023096769733796,-0.00510349734938343,0,0.0242680515809374,0,0,0,0.00634204668504582,0,-0.0136703837500507,0,0,0,0,0,0,0,0,0,0,0,0,0,0,0,0,0,0,0,0,0,0,0,0,0,0,0,-0.0150495833127891,0,0,0,0,0,0,0,0,0,0,0,0,0,0,-0.0149138090150315,0,0,0,0,0,0,0,0,0,0,0,0,0,0,0,0,0,0,0,0,0,0,0.0194429291563382,-0.00597676623029757,0,0,0,0,0,0,0,0,0,0,0,0,0,0,0,0,0,0,0,0,0,0,0,0,0,0,0,0.00170993843975912,0,0,0,0,0,0.0226545688098849,0,0,0,0,-0.0260672768919251,0,0,0,0,0,-0.000825324920123941,0,0,0,0,0,0,0,0,0,0,-0.000599643378702438,0,0,0,0,0,0,0,0,0,0,0,0,0,0,0,0,0,0,0,0,0,0,0,0,0,0,0,0
0.00118252885728592,0.630296701609927,-0.018210628216304,0,0,0,0,0,0.0978112939778884,0,0,0,0,0,0,0,0,0,0,0,-0.0129618185948277,0,0,0,0,0,0.00759555760581055,-0.00444249420696758,0,0.0443379236041228,0,0,0,0.0764252999809116,0,-0.0160756697162658,-0.00565359124966941,0,0,0,0,0,0,0.0229604636025681,0,0,0,0,0,0,0,-0.0733272544677791,0,0,0,0,0,-0.00317050045173454,0,-0.026890271837933,0,0,0,0,0,0,0,0,0,0,0,0,0,-0.0239315918846686,0,0,0,0,-0.0425941325775416,-0.0106110805108597,0,0,0,0,0,0,0,0,0,0,0,-0.0419218012614798,-0.00964445504258724,0,0,0,0,0,0,0,0,0.00397167721209251,-0.014125690529516,-0.0319736177877392,0,0,0,0,0,-0.0301250534658704,0,0,0,0,0,0,0,0,0,0,0,0,0,0,0,0,0,0,0,0.00528649804478039,0.0526946364630122,0,0,0,-0.00126965365237548,0,0.00986409168755741,0,0,0,0.0297617130564823,-0.0641694323944678,0,0,0,0,0,0,0,0,0,0,0,0,0,0,0,0,0,0,0,0,0,0,0,0,0,0,0,0,0,0,0,0,0,0,0,0,0,0,0,0,0,0,0,0.0179335540160816,0
0.000935997882455742,0.670873021790214,0,0,0,0,0,0,0.146050251957001,0,0,0,0,0,-0.0117065111745348,0,0,0,0,0,0,0,0,0,0,0,0,-0.00390438029466839,0,0.00514747263354037,0,0,0,0.00576490971385216,0,-0.00419542232043232,0,0,0,0,0,0,0,0,0,0,0,0,0,0,0,-0.0152396421216458,0,0,0,0,-0.00475878465921262,0,0,0,0,0,0,0,0,0,0,0,0,0,0,0,0,0,0,0,0,0,-0.0183058217091988,0,0,0,0,0,0,0,0,0,0,0,0,0,0,0,0,0,0,0,0,0,0,0.0375636977517966,-0.0124472918469991,0,0,0,0,0,0,0,0,0,0,0,0,0,0,0,0,0,0,0,0,0,0,0,0,0,0,0,0.00478176592809822,0,0,0,0,0,0.0101182040451013,0,0,0,0,-0.0146801147737115,0,0,0,0,0,0,0,0,0,0,0,0,0,0,0,0,-0.00789978131524666,0,0,0,0,0,0,0,0,0,0,0,0,0,0,0,0,0,0,0,0,0,0,0,0,0,0,0,0
0.00104428038237173,0.672056492880346,0,0,0,0,0,0,0.111103607141584,0,0,0,0,0,0,0,0,0,0,0,0,0,0,0,0,0,0,-0.0138270558759882,0,0.008332029176902,0,0,0,0,0,0,0,0,0,0,0,0,0,0,0,0,0,0,0,0,0,-0.0249346452360278,0,0,0,0,0,0,0,0,0,0,0,0,0,0,0,0,0,0,0,0,0,0,0,0,0,0,-0.012634017177828,0,0,0,0,0,0,0,0,0,0,0,0,0,0,0,0,0,0,0,0,0,0,0,0,0,0,0,0,0,0,0,0,0,0,0,0,0,0,0,0,0,0,0,0,0,0,0,0,0,0,0,0,0,0,0,0,0,0.0326056790648439,0,0,0,0,0,0,0,0,0,0,0,0,0,0,0,0,0,0,0,0,0,0,0,0,0,0,0,0,0,0,0,0,0,0,0,0,0,0,0,0,0,0,0,0,0,0,0,0,0,0
0.00118230728287605,0.650515928787114,0,0,0,0,0,0,0.143535836940538,0,0,0,0,0,-0.00676181686304118,0,0,0,0,0,0,0,0,0,0,0,0.0290937350476247,0,0,0.0236425208619091,0,0,0,0.0307273467576862,0,-0.000381278557975116,0,0,0,0,0,0,0,0,0,0,0,0,0,0,0,-0.0485616872062006,0,0,0,0,0,0,0,0,0,0,0,0,0,0,0,0,0,0,0,0,0,0,0,0,0,0,-0.0139957477378244,0,0,0,0,0,0,0,0,0,0,0,0,0,0,0,0,0,0,0,0,0,0,0,0,0,0,0,0,0,0,-0.000841507463872618,0,0,0,0,0,0,0,0,0,0,0,0,0,0,0,0,0,0,0,0.00918036557606028,0.0104758666632601,0,0,0,0,0,0,0,0,0,0.0134493242949165,-0.0145541826035214,0,0,0,0,0,-0.0036283031670931,0,0,0,0,0,0,0,0,0,0,0,0,0,0,0,0,0,0,0,0,0,0,0,0,0,0,0,0,0,0,0,0,0,0,0,0,0,0,0
0.0010856846346875,0.644268570060803,0,0,0,0,0,0,0.119768505231169,0,0,0,0,0,-0.0033763589991654,0,0,0,0,0,0,0,0,0,0,0,0.0280006413698752,-0.00774062718275494,0,0.0275622706211303,0,0,0,0.0163099082182001,0,-0.012019383819911,0,0,0,0,0,0,0,0,0,0,0,0,0,0,0,-0.0521710129522195,0,0,0,0,0,0,0,0,0,0,0,0,0,0,0,0,0,0,0,0,0,0,0,0,0,0,-0.019363733523398,0,0,0,0,0,0,0,0,0,0,0,0,0,0,0,0,0,0,0,0,0,0,0.00793195143013289,0,0,0,0,0,0,0,-0.00062432754200516,0,0,0,0,0,0,0,0,0,0,0,0,0,0,0,0,0,0,0,0.00720813052631264,0.0119305194932946,0,0,0,0,0,0.010919206269501,0,0,0,0.00149997974289582,-0.0144603039802167,0,0,0,0,0,0,0,0,0,0,0,0,0,0,0,0,-0.00426247276417391,0,0,0,0,0,0,0,0,0,0,0,0,0,0,0,0,0,0,0,0,0,0,0,0,0,0,0,0
0.000613315295602891,0.571624014130163,0,0,0,0,0,0,0.138191425717331,0,0,0,0,0,-0.0195351420749283,0,0,0,0,0,0,0,0,0,0,0,0.0382711052480952,0,0,0.0373326056997245,0,0,0,0.0266727648959449,0,0,0,0,0,0,0,0,0,0,0,0,0,0,0,0,0,-0.0498109958395501,0,0,0,0,0,0,0,0,0,0,0,0,0,0,0,0,0,0,0,0,0,0,0,0,0,0,0,0,0,0,0,0,0,0,0,0,0,0,0,0,0,0,0,0,0,0,0,0,0,0,0,0,0,0,0,0,0,-0.00351495831657398,0,0,0,0,0,0,0,0,0,0,0,0,0,0,0,0,0,0,0,0,0.00194624888370423,0,0,0,0,0,0,0,0,0,0,0,0,0,0,0,0,0,0,0,0,0,0,0,0,0,0,0,0,0,0,0,0,0,0,0,0,0,0,0,0,0,0,0,0,0,0,0,0,0,0,0,0,0,0,0,0
0.00124553065007418,0.611668381319418,0,0,0,0,0,0,0.15685049265054,0,0,0,0,0,-0.00947132882904796,0,0,0,0,0,0,0,0,0,0,0,0.0560808054942649,0,0,0.0167843380576726,0,0,0,0.0338818016995992,0,-0.0172156350500791,0,0,0,0,0,0,0,0,0,0,0,0,0,0,0,-0.04477490364129,0,0,0,0,0,0,0,0,0,0,0,0,0,0,0,0,0,0,0,0,0,0,0,0,0,0,-0.015076652619052,0,0,0,0,0,0,0,0,0,0,0,0,0,0,0,0,0,0,0,0,0,0,0,0,0,0,0,0,0,0,-0.00194820887361457,0,0,0,0,0,0,0,0,0,0,0,0,0,0,0,0,0,0,0,0.0238133851401989,0.0171883389153319,0,0,0,0,0,0.0124201124052115,0,0,0,0.0234140850231382,-0.0430242240218926,0,0,0,0,0,0,0,0,0,0,0,0,0,0,0,0,0,0,0,0,0,0,0,0,0,0,0,0,0,0,0,0,0,0,0,0,0,0,0,0,0,0,0,0,0
0.00140729285165092,0.626447169228084,0,0,0,0,0,0,0.14124833264997,0,0,0,0,0,-0.00539451358496452,0,0,0,0,0,0,0,0,0,0,0,0.0642997710665441,0,0,0.0299624388863001,0,0,0,0.0227088898289618,0,-0.0121327218870237,0,0,0,0,0,0,0,0,0,0,0,0,0,0,0,-0.0082464636897788,0,0,0,0,0,0,0,0,0,0,0,0,0,0,0,0,0,0,0,0,0,0,0,0,0,0,-0.00349585082752541,0,0,0,0,0,0,0,0,0,0,0,0,0,0,0,0,0,0,0,0,0,0,0,0,0,0,0,0,0,0,-0.0220637145346603,0,0,0,0,0,0,0,0,0,0,0,0,0,0,0,0,0,0,0,0.0000635390073853968,0.00457621558182056,0,0,0,0,0,0.0176941378742622,0,0,0,0.0247444770097233,-0.0186575341007601,0,0,0,0,0,0,0,0,0,0,0,0,0,0,0,0,0,0,0,0,0,0,0,0,0,0,0,0,0,0,0,0,0,0,0,0,0,0,0,0,0,0,0,0,0
0.0013090138009172,0.657110533103346,0,0,0,0,0,0,0.0839957410630474,0,0,0,0,0,0,0,0,0,0,0,0,0,0,0,0,0,0.054861221950551,0,0,0.0402285824596,0,0,0,0.0407655659984448,0,-0.0131912086573377,0,0,0,0,0,0,0,0,0,0,0,0,0,0,0,-0.0287891583175523,0,0,0,0,0,0,0,0,0,0,0,0,0,0,0,0,0,0,0,0,0,0,0,0,0,0,-0.0235057232347106,0,0,0,0,0,0,0,0,0,0,0,0,0,0,0,0,0,0,0,0,0,0,0,0,0,0,0,0,0,0,-0.0170452742728105,0,0,0,0,0,0,0,0,0,0,0,0,0,0,0,0,0,0,0,0.0101291139011173,0.0231324184213068,0,0,0,0,0,0.0180786983554487,0,0,0,0.0180629918132135,-0.0324631994135635,0,0,0,0,0,0,0,0,0,0,0,0,0,0,0,0,0,0,0,0,0,0,0,0,0,0,0,0,0,0,0,0,0,0,0,0,0,0,0,0,0,0,0,0,0
0.00104282006205385,0.567796746714017,-0.06976836390766,0,0,0,0,0,0.0961206709758485,0,0,0,0,0,0,0,0,0,0,0,0,0,0,0,0,0,0.0663642824859295,0,0,0.0708836050696873,0,0,0,0.111945574679006,0,-0.0296565269993029,0,0,0,0,0,0,0,0,0,0,0,0,0,0,0,-0.0254222262777442,0,0,0,0,0,-0.0038556790939002,0,0,0,0,0,0,0,0,0,0,0,0,0,0,0,0,0,0,0,0,-0.0384736969603636,0,0,0,0,0,0,0,0,0,0,0,0,-0.0500564067159606,0,0,0,0,0,0,0,-0.00739672873715124,0,0,-0.00644929356842099,0,0,0,0,0,0,-0.00845564924651177,0,0,0,0,0,0,0,0,0,0,0,0,0,0,0,0,0,0.0162349180537042,0,0.0368428824945118,0.0838542418077128,0,0,0,0,0,0.00891568984467792,0,0,0,0.0197650885716555,-0.0741348949322047,0,0,0,0,0,0,0,-0.00416139802964588,0,0,0,0,0,0,0,0,0,0,0,0,0,0,0,0,0,0,0,0,0,0,0,0,0,0,0,0,0,0,0.028021670488975,0,0,0,0,0,0
0.00114470868345736,0.546790518818897,-0.0463353029947318,0,0,0,0,0,0.0990832711829176,0,0,0,0,0,0,0,0,0,0,0,0,0,0,0,0,0,0.00985687197171707,0,0,0.0549323208343094,0,0,0,0.135876073615095,0,-0.0230225886557905,0,0,0,0,0,0,0,0,0,0,0,0,0,0,0,-0.0633148213722571,0,0,0,0,0,-0.000835130410270569,0,0,0,0,0,0,0,0,0,0,0,0,0,0,0,0,0,0,0,0,-0.0283029448416542,0,0,0,0,0,0,0,0,0,0,0,0,0,0,0,0,0,0,0,0,0,0,0,0,0,0,0,0,0,0,-0.0193901582034022,0,0,0,0,0,0,0,0,0,0,0,0,0,0,0,0,0,0,0,0.0588095965011755,0.0317440419843693,0,0,0,0,0,0,0,0,0,0.0398271804696142,-0.0636929422042564,0,0,0,0,0,0,0,0,0,0,0,0,0,0,0,0,0,0,0,0,0,0,0,0,0,0,0,0,0,0,0,0,0,0,0,0,0.00349871961939439,0,0,0,0,0,0,0,0
0.00127628257054423,0.551450210893754,-0.066158009909703,0,0,0,0,0,0.0906409412529001,0,0,0,0,0,0,0,0,0,0,0,0,0,0,0,0,0,0.034153354642682,0,0,0.0277714287654088,0,0,0,0.17759143820716,0,-0.0467659820612155,0,0,0,0,0,0,0,0.0122298524214357,0,0,0,0,0,0,0,-0.061448330356945,0,0,0,0,0,0,0,0,0,0,0,0,0,0,0,0,0,0,0,0,0,0,0,0,0,0,-0.0149192598184059,0,0,0,0,0,0,0,0,0,0,0,0,0,0,0,0,0,0,0,0,0,0,0,0,0,0,0,0,0,0,-0.0189213710908105,0,0,0,0,0,0,0,0,0,0,0,0,0,0,0,0,0,0,0,0.0100767400758741,0.0437740535018121,0,0,0,-0.00229078158853244,0,0.00464204042244009,0,0,0,0.0576530458983734,-0.0432765867859193,0,0,0,0,0,0,0,0,0,0,0,0,0,0,0,0,0,0,0,0,-0.0285227565464926,0,0,0,0,0,0,0,0,0,0,0,0,0,0,0,0.019491159420481,0,0,0,0,0,0,0,0
0.00117275232300804,0.507039052204651,-0.0617336904604133,0,0,0,0,0,0.0856215549585771,0,-0.00590089379901934,0,0,0,0,0,0,0,0,0,0,0,-0.00415887242066823,0,0,0,0.0484160701901347,0,0,0.0228431480285511,0,0,0,0.123104446636695,0,-0.00714704122806884,0,0,0,0,0,0,0,0.0356839737584038,0,0,0,0,0,0,0,-0.0537725629277173,0,0,0,0,0,-0.00439717259304625,0,0,0,0,0,0,0,0,0,0,0,0,0,0,0,0,0,0,0,0,-0.00975455698561563,0,0,0,0,0,0,0,0,0,0,0,0,0,0,0,0,0,0,0,0,0,0,0,0,0,0,0,0,0,0,-0.0159433013030954,0,0,0,0,0,0,0,0,0,0,0,0,0,0,0,0,0,0,0,0,0.0280451023599512,0,0,0,0,0,0,0,0,0,0.0671785944723242,-0.0600444059910179,0,0,0,0,0,0,0,0,0,0,0,0,0,0,0,0,0,0,0,0,0,0,0,0,0,0,0,0,0,0,0,0,0,0,0,0,0.0235195337104085,0,0,0,0,0,0,0,0
0.000883622099217255,0.660112913099098,0,0,0,0,0,0,0.0537563188786027,0,0,0,0,0,0,0,0,0,0,0,0,0,0,0,0,0,0,-0.0234620547964827,0,0,0,0,0,0,0,0,0,0,0,0,0,0,0,0,0,0,0,0,0,0,0,-0.0749454716490384,0,0,0,-0.00130494041688464,0,0,0,0,0,0,0,0,0,0,0,0,0,0,0,0,0,0,0,0,0,0,-0.000496378616518318,0,0,0.0050048335238952,0,0,0,0,0,0,0,0,0,0,-0.00926885635034428,0,0,0,0,0,0,0,0,0.00295794573130214,0,0,0,0,0,0,0,0,0,0,-0.00423823404915242,0,0,0,0,0,0,0,0,0,0,0,0,0,0,0,0,0.00513720772921139,0,0,0,0,0,0,0.0134579255889816,0,0,0,0.0388523362097552,0,0,0,0,0,0,0,0,0,0,0,0,0,0,0,0,0,0,0,0,0,0,0,0,0,0,0,0,0,0,0,0,0,0,0,0,0,0.0272463320346821,0,0,0,0,0,0,0,0
0.00102240386472484,0.612211245049372,-0.0157014109437194,0,0,0,0,0,0.0574971392483342,0,0,0,0,0,-0.000347307321512955,0,0,0,0,0,-0.00421582187732337,0,0,0,0,0,0.0268820451775789,-0.00382714375766954,0,0.0143828724753713,0,0,0,0.00537065994391609,0,0,0,0,0,0,0.0182331971571119,0,0,0.0352376499596996,0,0,0,0,0,0,0,-0.0659597325877208,-0.00667304719002521,0,0,0,0,0,0,0,0,0,0,0,0,0,0,0,0,0,0,0,0,0,0,0,0,0,0,0,0,0.012925914701354,0,0,0,0,0,0,0,0,0,0,0,0,0,0,0,0,0,0,0,0,0,0,0,0,0,0,0,0,0,0,0,0,0,0,0,0,0,0,0,0,0,0,0,0,0,0,0,0,0,0,0,0,0,0,0.0707374271918011,0,0,0,0.0266264758709187,0,0,0,0,0,0,0,0,0,0,0,0,0,0,0,0,0,0,0,0,0,0,0,0,0,0,0,0,0,0,0,0,0,0,0,0,0,0,0,0,0,0,0,0,0,0
0.000550725557193917,0.566167905639025,0,0,0,0,0,0,0.0741383420110029,0,0,0,0,0,0,0,0,0,0,0,-0.018523823428466,0,0,0,0,0,0,-0.0268973655466079,0,0,0,0,0,0,0,-0.00722045282211574,0,0,0,0,0,0,0,0.0115451047345203,0,0,0,0,0,0,0,-0.10792170974339,0,0,0,-0.0149887227515248,0,0,0,-0.00633487405289588,0,0,0,0,0,0,0,0,0,0,0,0,0,0,0,0,0,0,-0.0122547790468019,-0.0131735648727227,0,0,0,0,0,0,0,0,0,0,0,0,-0.0246465456906937,0,0,0,0,0,0,0,0,0.0287929531928329,0,0,0,0,0,0,0,0,0,0,0,0,0,0,0,0,0,0,0,0,0,0,0,0,0,0,0,0.00122823598975036,0,0,0,0,0,0,0.00172992304997577,0,0,0,0.0681833492924477,-0.0180282148238466,0,0,0,0,0,0,0,0,0,0,0,0,0,0,0,0,-0.00534300734645648,0,0,0,0,0,0,0,0,0,0,0,0,0,0,0,0,0,0,0,0.0470911917621376,0,0,0,0,0,0,0,0
0.000948737915864431,0.697419356589093,0,0,0,0,0,0,0.00744584484797579,0,0,0,0,0,0,0,0,0,0,0,0,0,0,0,0,0,0.0000785014223484996,0,0,0.0750618363573452,0,0,0,0.0399940961736234,0,0,0,0,0,0,0,0.000899788791093886,0,0,0,0,0,0,0,0,0,-0.123272480068472,0,0,0,0,-0.019818173338459,0,0,-0.0104248949312403,0,0,0,-0.00849814736724656,0,0,0,0,0,0,-0.000554232201687526,0,0,-0.0040422903438384,0,0,0,0,0,0,0,0.0100389004791466,0,0,0,0,0,0,0,0,0,0,0,0,0,0,0,0,0,0,0,0,-0.0103935974446348,0,0,0,-0.0225953776053941,0,0,-0.0274400550255816,0,0,0,0,0,0,0,0,0,0,0,0,0,0,0,0,0,0,0,0,0.000412273460926124,0,0,0,-0.00453872840225318,0,0,0,0.00297894546123484,0,0,0,0,0,0,0,0,0,0,0,0,0,0,0,0,0,0,0,-0.009373378863568,0,0,0,0,0,0,0,0,0,0,0,0,0,0,0,0,0,0,0,0.0173710900635311,0,0,0,0,0,0,0,0
0.000998456841188356,0.693349947847102,0,0,0,0,0,0,0.0111042752014015,0,0,0,0,0,0,0,0,0,0,0,0,0,0,0,0,0,0,-0.0183766865356657,0,0,0,0,0,0,0.0143181051646506,0,0,0,0,0,0,0,0,0,0,0,0,0,0,0,0,-0.0995132938852499,0,0,0,-0.00877963959158512,0,0,0,0,0,0,0,0,0,0,0,0,0,0,0,0,0,0,0,0,0,0,0,0,0,0.0174957596165486,0,0,0,0,0,0,0,0,0,0,-0.00330551677993394,0,0,0,0,0,0,0,0,0,0,0,0,0,0,0,0,0,0,0,0,0,0,0,0,0,0,0,0,0,0,0,0,0,0,0,0,0,0,0,0,0,0,0,0.0230163009056381,0,0,0,0.0512938246373763,0,0,0,0,0,0,0,0,0,0,0,0,0,0,0,0,0,0,0,0,0,0,0,0,0,0,0,0,0,0,0,0,0,0,0,0,0,0.00276423536157104,0,0,0,0,0,0,0,0
0.000792208848361215,0.647183644797178,0,0,0,0,0,0,0,0,0,0,0,0,0,0,0,0,0,0,-0.00722791192473176,0,0,0,0,0,0,-0.0221744630170438,0,0.0145010999649027,-0.00294585683010842,0,0,0,0,0,0,0,0,0,0.0104221737215019,0,0,0.024933761941209,0,0,0,0,0,0,0,-0.116230710640171,0,0,0,-0.00457546358208292,0,0,0,0,0,0,0,0,0,0,0,0,0,0,0,0,0,-0.0152726313693265,0,0,0,0,-0.00987031044115982,-0.0350053632978225,0,0.0802928646223609,0,0,0,0,0,0,0,0,0,0,-0.0145802675490581,0,0,0,0,0,0,0,0,0,0,0,0,0,-0.0132224566154432,0,0,0,0,0,-0.00295127684570424,0,0,0,0,0,0,0,0,0,0,0,0,0,0,0,0,0,0,0,0,0,0,0,0.0499718251870004,0,0,0,0.0499256473486586,0,0,0,0,0,0,0,0,0,0,0,0,0,0,0,0,0,0,0,0,0,0,0,0,0,0,0,0,0,0,0,0,0,0,0,0,0,0,0,0,0,0,0,0,0,0
NA,NA,NA,NA,NA,NA,NA,NA,NA,NA,NA,NA,NA,NA,NA,NA,NA,NA,NA,NA,NA,NA,NA,NA,NA,NA,NA,NA,NA,NA,NA,NA,NA,NA,NA,NA,NA,NA,NA,NA,NA,NA,NA,NA,NA,NA,NA,NA,NA,NA,NA,NA,NA,NA,NA,NA,NA,NA,NA,NA,NA,NA,NA,NA,NA,NA,NA,NA,NA,NA,NA,NA,NA,NA,NA,NA,NA,NA,NA,NA,NA,NA,NA,NA,NA,NA,NA,NA,NA,NA,NA,NA,NA,NA,NA,NA,NA,NA,NA,NA,NA,NA,NA,NA,NA,NA,NA,NA,NA,NA,NA,NA,NA,NA,NA,NA,NA,NA,NA,NA,NA,NA,NA,NA,NA,NA,NA,NA,NA,NA,NA,NA,NA,NA,NA,NA,NA,NA,NA,NA,NA,NA,NA,NA,NA,NA,NA,NA,NA,NA,NA,NA,NA,NA,NA,NA,NA,NA,NA,NA,NA,NA,NA,NA,NA,NA,NA,NA,NA,NA,NA,NA,NA,NA,NA,NA,NA,NA,NA,NA,NA,NA,NA,NA,NA,NA,NA
0.000881561659580442,0.69225161644015,0,0,0,0,0,0,0.00106315689060801,0,0,0,0,0,0,0,0,0,0,0,0,0,0,0,0,0,0,-0.0280432617170907,0,0.00291607702297084,-0.00609799412124588,0,0,0,0,0,0,0,0,0,0.0251913990768453,0,0,0,-0.000264483146788212,0,0,0,0,0,0,-0.104325935063721,0,0,0,-0.00826022940139755,0,0,0,0,0,0,0,0,0,0,0,0,0,0,0,0,0,-0.0150372884444454,0,0,0,0,0,0,0,0.0303326913983719,0,0,0,0,0,0,0,0,0,0,-0.00160500328128148,0,0,0,0,0,0,0,0,0,0,0,0,0,-0.00269776620474204,-0.00212443953111677,0,0,0,0,0,0,0,0,0,0,0,0,0,0,0,0,0,0,0,0,0,0,0,0,0,0,0,0,0.0305903599504648,0,0,0,0.0521521929145288,0,0,0,0,0,0,0,0,0,0,0,0,0,0,0,0,0,0,0,0,0,0,0,0,0,0,0,0,0,0,0,0,0,0,0,0,0,0,0,0,0,0,0,0,0,0
NA,NA,NA,NA,NA,NA,NA,NA,NA,NA,NA,NA,NA,NA,NA,NA,NA,NA,NA,NA,NA,NA,NA,NA,NA,NA,NA,NA,NA,NA,NA,NA,NA,NA,NA,NA,NA,NA,NA,NA,NA,NA,NA,NA,NA,NA,NA,NA,NA,NA,NA,NA,NA,NA,NA,NA,NA,NA,NA,NA,NA,NA,NA,NA,NA,NA,NA,NA,NA,NA,NA,NA,NA,NA,NA,NA,NA,NA,NA,NA,NA,NA,NA,NA,NA,NA,NA,NA,NA,NA,NA,NA,NA,NA,NA,NA,NA,NA,NA,NA,NA,NA,NA,NA,NA,NA,NA,NA,NA,NA,NA,NA,NA,NA,NA,NA,NA,NA,NA,NA,NA,NA,NA,NA,NA,NA,NA,NA,NA,NA,NA,NA,NA,NA,NA,NA,NA,NA,NA,NA,NA,NA,NA,NA,NA,NA,NA,NA,NA,NA,NA,NA,NA,NA,NA,NA,NA,NA,NA,NA,NA,NA,NA,NA,NA,NA,NA,NA,NA,NA,NA,NA,NA,NA,NA,NA,NA,NA,NA,NA,NA,NA,NA,NA,NA,NA,NA
0.000486742925238346,0.408534050131838,-0.0327562076649813,0,-0.0335234760996827,0,0,0,0,0,-0.0134758617518562,0,0,0,0,0,0,0,0,0,-0.00782230289697784,0,0,0,0,0.070272947281322,0,-0.00126671361293547,0,0.114804299086779,-0.0896163282166065,0,0,0,0,0,0,0,0,0,0.0913875390512401,0,0,0.0656938900055647,0,0,0,0,0,0,0,-0.142425984865685,-0.015433188447069,0,0,0,0,0,0,0,0,0,0,0,0,-0.00689178461939232,0,0,-0.00963818928569647,0,0,0,0,-0.0433753156833647,0,-0.0100596634936862,0,0,0,-0.0607436011074,0,0.086324188025957,0,0,0,0,0,0,0,0,0,0,0,0,0,0,0,0,0,0,0,0,0,0,0,0,-0.0573844267532522,0,0,-0.00745223196337854,0,0,-0.0178447981350147,0,0,0,-0.0133415259200308,0,0,0,0,0,0,0,0,0,0,0,0,0,0.0238232334178044,0,0,0,-0.00324538870820722,0,0.0391411148752905,0,0,0,0,0,0,0,0,0,0,0,0,-0.0641709167314541,0,0,0,0,0,0,0,0.125470674759125,-0.0788214936995914,0,0,0,0,0,0,0.015693624358046,0,0,0,0,0,-0.0167509120644923,0,0,0,0,0,0,0,0,0,0,0,0,0,0.0725434721042639,0
0.00108493238783748,0.780572446386833,0,0,-0.017435701085283,0.0365846556531206,0,0.00335249368359253,0,0,0,0,0,0,0,0,-0.0243032045656318,0,0,0,0,0,0,0.0115328845543935,0,0,0,-0.00193782935878977,0,0,0,0,0,0,0,0,-0.00561956685546123,0,0,0.00716850553507002,0.00923117393680373,0.00315141236175696,0,0.128018668376391,0,0,0,0,0,0,0,-0.148217165051918,-0.0517025118583255,0,0,-0.0345750175549708,0,0,0,-0.0375567091235141,0,0,0,-0.112091750674,0,0,0,0,0,0,0,0,0,-0.0588482174753165,0,-0.021359727625123,0,0,0,-0.0455393270502451,0,0.111837743249609,0,0,0,0,0,0,0,0,0,0,0,0,0,0,0,0,0,0,0,0,0,0,0,0,0,0,0,-0.00696287120129743,0,0,0,0,0,0,-0.000595325257401245,0,0,0,0,0,0,0,0,0,0,0,0,0,0,0,0,0,0,0,0,0,0,0,0.042321308982461,-0.0193811729034383,0,0,0,0,0,0,0,-0.0182639968430538,0,0,0,0,0,0,0,0,0,0,0,0,0,0,0,0,0,0,0,0,0,0,0,0,0,0,0,0,0,0,0,0,0,0,0,0,0
0.00151589680027981,0.701220480572346,-0.0166548289448604,0,0,0,0,0,0.096042309702314,0,0,0,0,0,0,0,0,0,0,0,0,0,0,0,0,0,0.0363391425477613,0,0,0.0324472771261523,0,0,0,0.133938845666303,0,-0.036561707390215,0,0,0,0,0,0,0,0,0,0,0,0,0,0,0,-0.0284930195635778,0,0,0,0,0,0,0,0,0,0,0,0,0,0,0,0,0,0,0,0,0,0,0,0,0,0,-0.0473909667908737,0,0,0,0,0,0,0,0,0,0,0,0,-0.0527402153604513,0,0,0,0,0,0,0,0,0,0,0,0,0,0,0,0,0,-0.0344001214544964,0,0,0,0,0,0,0,0,0,0,0,0,0,0,0,0,0,0,0,0.0638529881426065,0.0867033780446521,0,0,0,0,0,0,0,0,0,0.00882887025611193,-0.0628244679276098,0,0,0,0,0,0,0,-0.00453182900680362,0,0,0,0,0,0,0,0,0,0,0,0,0,0,0,0,0,0,0,0,0,0,0,0,0,0,0,0,0,0,0,0,0,0,0,0,0
0.000516358750499167,0.503331225062671,0,0,-0.0451257192649071,0,0,0.0103532583259672,0.00617224582646808,0,-0.123971282298443,0,0,0,0,0,0,0,0.0336805370344797,0,0,0,0,0,0,0.0843862812971212,0,0,0,0.111890413043716,0,0,0,0.120267956809558,0,0,0,0,0,0,0.066500117555308,0.0935669039658952,0,0.0890503213925786,0,0,0.0732650074597698,0,0,0,0,-0.165628878118973,0,0,0,-0.0494629412175315,0,-0.0076434083541714,0,-0.0362953146722909,-0.0161321416959388,0,0,-0.0209850712009519,0,-0.028547285491189,0,0,0,0,-0.0195498527789419,0,0,-0.0488045250613493,0,-0.0320779826918373,0,0,0,-0.0763537214134538,0,0.0399105156857205,0,0,-0.00993162225138317,0,0,0,0,0,0,0,0,0,0,0,0,0,0,0,-0.0497013721565992,0,-0.0299595270916789,0,0,0,-0.035475277453722,0,0,-0.0526948250282956,0,0,0,0,0,0,-0.0223832259903528,0,0,0,0,0,0,0,0,0,0,0,0,0,0.00339791113493361,0,0,0,-0.0408345873739732,0,0,0,0,0,0,0,0,0,0,0,0,0,0,-0.0881439836052937,0,0,0,0,0,0,0,0,-0.00698440956809802,0,0,0,0,0,0,0,0,0,0,0,-0.0229910370425062,-0.0159167333124013,0,0,0,0,0,0,0,0,0,0,0,0,0,0,0
0.000166452118201329,0.551059960742995,0,-0.011638039347567,0,0,0,0,0,0,-0.0238419260386532,0,0,0,0,0,0,0,0,0,-0.00177467202474203,0,0,0,0,0.0364511491075949,0,0,0,0.119957943900621,0,0,0,0,0,0,0,0,0,0,0,0.0778610721053902,0,0.146635339520559,0,0,0,0,0,0,0,-0.114552065565372,0,0,0,-0.0139356611006043,-0.0485759010822365,0,0,-0.0320402098425891,0,0,0,0,0,0,0,0,0,0,-0.0178070585238649,0,0,-0.0180632545738529,0,-0.0330250935313623,0,0,0,-0.072745986869592,0,0,0,0,0,0,0,0,0,0,0,0,0,0,0,0,0,0,0,0,-0.011273274237323,0,0,0,0,0,-0.0356386702900529,0,0,-0.0391430151463539,0,0,0,0,0,-0.0276316175586211,0,0,0.02736930932092,0,0,0,0,0,0,0,0,0,0,0,0.0198480890930318,0,0,0,-0.0143231134418918,0,0,0,0,0,0.0387536665931283,0,0,0,0,0,0,0,0.00902001154601879,-0.0165433598681058,0,0,0,0,0,0,0,0.00434846402283293,-0.0346585596409497,0,0,0,0,0,0,0,0,-0.0390932352163063,0,0,0,-0.0309267959945116,0,0,0,0,0,0,0,0,0,0,0,0,0,0,0
0.000276296562421054,0.555009721675507,0,0,-0.0565316967570603,0.0446031747792769,0,0,0,0,-0.114917282432395,0,0,0,0,0,-0.0174007181828501,0,0.0631471051903621,0,-0.00264518149559176,0,0,0,0,0.0316254097465488,0,0,0,0.140077782425491,-0.0219187363755637,0,0,0.0172128279211117,0,0,0,0,0,0,0.0816707326577017,0.0875460369346914,0,0.113675047908734,0,0,0.198700379416146,0,0,0,0,-0.134758226257891,-0.0164828541532032,0,0,-0.0285420642683078,0,0,-0.0308576964591408,-0.0291239921992939,-0.0108484395428238,0,0,-0.0533131125784216,0,0,0,0,0,0,0,0,0,-0.105643129332985,0,-0.048465437892525,0,0,0,-0.115280520049667,0,0.0658473277815441,0,0,-0.000747429580345734,0,0,0,0,0,0,0,0,0,0,0,0,0,0,0,-0.0420123752259289,0,-0.0211344467939189,0,0,0,-0.0411302718366743,0,0,0,0,0,0,0,0,0,0,0,0,0,0,0,0,0,0,0,0,0,0,0,0,0,0,0,-0.0417162915989841,0,0,0,0,0,0,0,0,0,0,-0.00248361336120694,0,0,0,-0.0816228511605546,0,0,0,0,0,0,0,0.00903383672561939,0,0,-0.00587272290045119,0,0,0,0,0,0,0,0,0,-0.0217432096090992,-0.0396350084368752,0,0,0,0,0,0,0,0,0,0,0,0,0,0,0
NA,NA,NA,NA,NA,NA,NA,NA,NA,NA,NA,NA,NA,NA,NA,NA,NA,NA,NA,NA,NA,NA,NA,NA,NA,NA,NA,NA,NA,NA,NA,NA,NA,NA,NA,NA,NA,NA,NA,NA,NA,NA,NA,NA,NA,NA,NA,NA,NA,NA,NA,NA,NA,NA,NA,NA,NA,NA,NA,NA,NA,NA,NA,NA,NA,NA,NA,NA,NA,NA,NA,NA,NA,NA,NA,NA,NA,NA,NA,NA,NA,NA,NA,NA,NA,NA,NA,NA,NA,NA,NA,NA,NA,NA,NA,NA,NA,NA,NA,NA,NA,NA,NA,NA,NA,NA,NA,NA,NA,NA,NA,NA,NA,NA,NA,NA,NA,NA,NA,NA,NA,NA,NA,NA,NA,NA,NA,NA,NA,NA,NA,NA,NA,NA,NA,NA,NA,NA,NA,NA,NA,NA,NA,NA,NA,NA,NA,NA,NA,NA,NA,NA,NA,NA,NA,NA,NA,NA,NA,NA,NA,NA,NA,NA,NA,NA,NA,NA,NA,NA,NA,NA,NA,NA,NA,NA,NA,NA,NA,NA,NA,NA,NA,NA,NA,NA,NA
0.000168477312791622,0.625295318036448,0,0,-0.088690443599834,0,0,0.0201627337793957,0,0,-0.0897412325787757,0,0,0,0,0,0,0,0.0445903611349867,0,0,0,0,0,0,0.0677641666827682,0,-0.00733127064972895,0,0.122310741070632,-0.00231965116652191,0,0,0,0,0,0,0,0,0,0.0758208223432575,0.0868937674859159,0,0.152126694322469,0,0,0.112673703368344,0,0,0,0,-0.146728092954078,0,0,0,-0.0564491631092619,0,0,0,-0.0287836386555736,-0.00457788496961497,-0.00313347762566553,0,-0.0375943282408345,0,-0.0572753987107607,-0.000539999738114985,0,-0.0341412063513342,0,-0.0109577052903361,0,0,-0.0834895577925931,0,-0.0354111118820418,0,0,0,-0.133637703467587,-0.0274035757922039,0.0277356225480477,0,0,0,0,0,0,-0.00691986998016351,0,0,0,0,0,0,0,0,0,0,0,-0.022269291736659,0,-0.00302771213375737,0,-0.00150186184958876,0,-0.0582095761685329,0,0,-0.00738251986807887,0,0,0,0,0,0,-0.0236153653203248,0,0,0,0,0,0,0,0,0,0,0,0,0,0,0,0,0,-0.0108425623559178,0.0050539945910887,0,0,0,0,0,0,0,-0.00238063247257204,0,-0.0210989260614849,0,0,0,-0.0934737605813483,0,0,0,0,0,0,0,0,0,0,0,0,0,0,0,0,0,0,0,0,-0.0278922779588086,-0.0234564293214368,0,0,0,0,0,0,0,0,-0.00108194591311201,0,0,0,0,0,0
NA,NA,NA,NA,NA,NA,NA,NA,NA,NA,NA,NA,NA,NA,NA,NA,NA,NA,NA,NA,NA,NA,NA,NA,NA,NA,NA,NA,NA,NA,NA,NA,NA,NA,NA,NA,NA,NA,NA,NA,NA,NA,NA,NA,NA,NA,NA,NA,NA,NA,NA,NA,NA,NA,NA,NA,NA,NA,NA,NA,NA,NA,NA,NA,NA,NA,NA,NA,NA,NA,NA,NA,NA,NA,NA,NA,NA,NA,NA,NA,NA,NA,NA,NA,NA,NA,NA,NA,NA,NA,NA,NA,NA,NA,NA,NA,NA,NA,NA,NA,NA,NA,NA,NA,NA,NA,NA,NA,NA,NA,NA,NA,NA,NA,NA,NA,NA,NA,NA,NA,NA,NA,NA,NA,NA,NA,NA,NA,NA,NA,NA,NA,NA,NA,NA,NA,NA,NA,NA,NA,NA,NA,NA,NA,NA,NA,NA,NA,NA,NA,NA,NA,NA,NA,NA,NA,NA,NA,NA,NA,NA,NA,NA,NA,NA,NA,NA,NA,NA,NA,NA,NA,NA,NA,NA,NA,NA,NA,NA,NA,NA,NA,NA,NA,NA,NA,NA
NA,NA,NA,NA,NA,NA,NA,NA,NA,NA,NA,NA,NA,NA,NA,NA,NA,NA,NA,NA,NA,NA,NA,NA,NA,NA,NA,NA,NA,NA,NA,NA,NA,NA,NA,NA,NA,NA,NA,NA,NA,NA,NA,NA,NA,NA,NA,NA,NA,NA,NA,NA,NA,NA,NA,NA,NA,NA,NA,NA,NA,NA,NA,NA,NA,NA,NA,NA,NA,NA,NA,NA,NA,NA,NA,NA,NA,NA,NA,NA,NA,NA,NA,NA,NA,NA,NA,NA,NA,NA,NA,NA,NA,NA,NA,NA,NA,NA,NA,NA,NA,NA,NA,NA,NA,NA,NA,NA,NA,NA,NA,NA,NA,NA,NA,NA,NA,NA,NA,NA,NA,NA,NA,NA,NA,NA,NA,NA,NA,NA,NA,NA,NA,NA,NA,NA,NA,NA,NA,NA,NA,NA,NA,NA,NA,NA,NA,NA,NA,NA,NA,NA,NA,NA,NA,NA,NA,NA,NA,NA,NA,NA,NA,NA,NA,NA,NA,NA,NA,NA,NA,NA,NA,NA,NA,NA,NA,NA,NA,NA,NA,NA,NA,NA,NA,NA,NA
0.000442971543697494,0.428690466974055,-0.0257408283591276,0,0,0,0,0.0210229252689668,0.100896865200372,0,-0.0990050538985906,0,0,0,0,0,0,0,0,0,0,0,0,0,-0.00188486350383058,0.15611608137064,0,0,0,0.0168038271615385,0,0,0,0.20481138199353,0,0,0,0,0,0,0.00413518770823505,0.110287781730903,0,0.103730076694133,0,0,0,0,-0.00537810741954422,0,0,-0.199384167623576,0,0,0,0,-0.0416159137749094,-0.0356756260250618,0,-0.0604431062942429,-0.0391172591084956,0,0,0,0,0,-0.0114931482901646,-0.005657841321374,0,-0.0316780090064306,-0.0342513741702409,0,0,-0.0450396012063507,0,-0.0217661491171252,0,0,0,-0.0252293505835475,0,0.0222606996542528,0,0,-0.0136535424618034,0,0,0,0,0,0,0,0,0,0,0,0,0,0,0,-0.0256832460969901,0,-0.0286625832207189,0,0,0.0115427562612068,-0.0439367386350552,0,0,-0.0730298304286705,0,-0.011675379887555,0,0.0308970940936369,0,0,0,-0.0196139217729605,0.0115509467340633,0,0,0,0,0,0,0,0,0,0,0,0.0190813733402883,0,0,0,-0.0424432619864566,0,0,0,0,0,0,0,0,0,0,0,-0.0219338152271271,0,0,-0.0841175329618786,0,0,0,0,-0.0129185432617646,0,0,0,-0.0268167657446997,0,0,0,0,0,0,0,0,0,0,0,0,0,0.0168420946999198,0,0,0,0,0,0,0,0,0,0,0,0,0,0
NA,NA,NA,NA,NA,NA,NA,NA,NA,NA,NA,NA,NA,NA,NA,NA,NA,NA,NA,NA,NA,NA,NA,NA,NA,NA,NA,NA,NA,NA,NA,NA,NA,NA,NA,NA,NA,NA,NA,NA,NA,NA,NA,NA,NA,NA,NA,NA,NA,NA,NA,NA,NA,NA,NA,NA,NA,NA,NA,NA,NA,NA,NA,NA,NA,NA,NA,NA,NA,NA,NA,NA,NA,NA,NA,NA,NA,NA,NA,NA,NA,NA,NA,NA,NA,NA,NA,NA,NA,NA,NA,NA,NA,NA,NA,NA,NA,NA,NA,NA,NA,NA,NA,NA,NA,NA,NA,NA,NA,NA,NA,NA,NA,NA,NA,NA,NA,NA,NA,NA,NA,NA,NA,NA,NA,NA,NA,NA,NA,NA,NA,NA,NA,NA,NA,NA,NA,NA,NA,NA,NA,NA,NA,NA,NA,NA,NA,NA,NA,NA,NA,NA,NA,NA,NA,NA,NA,NA,NA,NA,NA,NA,NA,NA,NA,NA,NA,NA,NA,NA,NA,NA,NA,NA,NA,NA,NA,NA,NA,NA,NA,NA,NA,NA,NA,NA,NA
0.000312922722386113,0.620373146362369,-0.0318389248997495,0,-0.0513652985178528,0,0,0.0197133799487287,0,0,-0.0944676159385164,0,0,0,0,0,0,0,0,0,0,0,0,0,0,0.117331446597582,0,0,0,0.106532678431753,0,0,0,0,0,0,0,0,0,0,0,0.112931671137139,0,0.123102351585529,0,0,0,0,0,0,0,-0.0264211933673113,0,0,0,-0.0158835229473707,-0.0103171989257548,-0.00376130582835165,0,-0.0207832075255583,0,-0.00407132246239194,0,-0.0152935885906736,0,-0.0384663300750603,0,0,0,0,-0.0502729894594611,0,0,-0.0789628433955802,0,-0.016689953471904,0,0,0,-0.0690478952762151,-0.00231111432339548,0.00793898887193928,0,0,0,0,0,0,0,0,0,0,0,0,0,0,0,0,0,-0.00527594344677742,-0.0385752843179328,0,-0.00202642478869474,0,0,0,-0.0678158024291581,0,0,-0.0497827197404188,0,0,0,0.018800892548087,0,0,-0.00991789510017271,0,0,0,0,0,0,0,0,0,0,0,0,0,0,0,0,0,-0.0151688630637816,0,0,0,0,0,0,0,0,0,0,0,0,0,0,-0.0658185429347509,0,0,0,0,0,0,0,0,0,0,0,0,0,0,0,0,0,0,0,0,0,-0.0353010634691685,0,0,0,0,0,0,0,0,-0.00637969389248934,0,0,0,0,0,0
0.000366950173873573,0.536043607248163,-0.0190417797235714,0,-0.0485540591312151,0,0,0.0402205975067213,0,0,-0.0770033728104587,0,0,0,0,0,-0.013179899946715,0,0,0,0,0,0,0,0,0.172256962349173,0,0,0,0.0656742843529764,0,0,0,0,0,0,0,0,0,0,0,0.113672353054152,0.00510160513751893,0.115945897043941,0,0,0,0,0,0,0,0,0,0,0,-0.0136635970383213,-0.0188599047721931,-0.00910061098125098,0,-0.0168355993478966,0,-0.0945587067478677,0,-0.0161808620240462,0,-0.0670503363003296,0,0,0,0,-0.0492022248212365,0,0,-0.0565760912715677,0,0,0,0,0,-0.0950872292183846,0,0.0151993377998525,0,0,0,0,0,0,0,-0.0043280601980617,0,0,0,0,0,0,0,0,0,0,-0.0495005240670644,0,0,0,-0.00067071571613414,0.0136158265735866,-0.0464565798308139,0,0,-0.0339870320604005,0,0,0,0.0266697407419919,0,0,-0.0175904127791335,-0.0259014977275338,0,0,0,0,0,0,0,0,0,0,0,0,0,0,0,0,-0.0101316396059479,0,0,0,0,0,0,0,0,0,0,0,0,0,0,-0.0352540647462925,0,0,0,0,-0.0120707662242918,0,0,0,0,0,0,0,0,0,0,0.00630310467917531,0,0,0,0,0,-0.0229233820326489,0,0,0,0,0,0,0,0,-0.00395753609767084,0,0,0,0,0,0
0.000159609661552217,0.468208404380666,-0.0167619302247302,0.00385418773087205,-0.0269995301770383,0,0,0,0,0,-0.0599575742400402,0,0,0,0,0,0,0,0.00865928175917745,0,0,0,0,0,0,0.170704950274544,0,0,0,0.105526037516109,0,0,0,0,0,0,0,0,0,0,0.00361754551501896,0.0807001755158978,0.00455196970335395,0.14109755803039,0,0,0,0,0,0,0,-0.146490388236733,-0.026481988830498,0,0,0,-0.0103547468235778,-0.0144132386358994,0,-0.00572885069259088,-0.0204544251167526,0,0,0,0,-0.063629312823089,0,0,0,0,-0.0327535757613617,0,0,-0.0430042712740588,0,-0.00334960962289086,0,0,0,-0.0727468680769243,-0.00138528815339112,0.0329825348875213,0,-0.00106389016665507,0,0,0,0,0,0,0,0,0,0,0,0,0,0,0,0,-0.0621814219881751,0,0,0,0,0,-0.0347445314057518,0,0,-0.0186052853446587,0,0,0,0,0,0,-0.0144683505946964,-0.0275622212137336,0,0,0,0,0,0,0,0,0,0,0,0,0.0252972177111586,0,0,0,-0.0119678866611133,0,0,0,0,0,0,0,0,0,0,0,0,0,0,-0.0606163452832702,0,0,0,0,0,0,0,0,0,0,0,0,0,0,0,0.00373971933553271,0,0,0,0,-0.044478004635793,-0.0273889448013651,0,0,0,0,0,0,0.0168272202371294,0,0,0,0,0,0,0,0
-0.000233787774550417,0.617441206814465,-0.0451879629149235,0,0,0,0,0,0,0,-0.153375895628533,0,-0.00716830728224156,0,0,0,-0.0103087797787259,0,0,0,-0.0169733169480893,0,0,0,-0.00691332166861152,0.0189142921319802,0.00261166440908745,0,0,0.114346951955566,0,0,0,0.0651181104327105,0,0,0,0,0,0,0.00732259014059624,0,0,0.100651775187679,0,0,0,0,0,0,0,-0.140973845651378,0,0,0,0,0,0,0,-0.0135290235081046,-0.0207999089644853,0,0,0,0,0,0,0,0,0,0,0,0,-0.0589827769096925,0,-0.0266650307812207,0,0,0,-0.0317305974578785,-0.0166581280329394,0.0515059677468513,0,0,-0.00878376523266771,0,0,0,0,0,0,0,0,0,0,0,0,0,0,-0.000138523170276936,0,0,-0.0599566757938625,0,0,0.0111512672820875,-0.0590393074452796,0,0,-0.047579507962101,0,0,0,0.0126394561312956,0,0,0,0,0.00629083672000251,0,0,0,0,0,0,0,0,0,0,0,0.106657418888963,0,0,0,0,0,0,0,0,0,0,-0.00451330830943484,0,0,0,-0.0116434435227921,0,0,0,-0.0522185116059009,0,0,0,0,0,0,0,0,0,0,0,0,0,0,0,0,0,0,0,0,0,0,0,0,0,0,0,0,0,0,0,0,0,0,0,0,0
-0.000410609524158387,0.438506640478709,-0.0748613894922769,0,-0.00485533085469433,0,0,0,0.0726986287670229,0,-0.157025676998577,0,0,0,0,0,0,0,0.0270352092077111,0,0,0,0,0,0,0.104057650482012,0.0337813522939494,0,0,0.09738891291295,0,0,0,0.146922889472999,0,0,0,0,0,0,0.00973053305497646,0.12301242977511,0.0568563448158801,0.229802919668026,0,0,0,0,0,0,0,-0.157077615285568,0,0,0,0,-0.0302070211791627,-0.0401010466005589,-0.00322968261913223,-0.0286788068728798,-0.0600016874000689,0,0,0,0,0,0,0,0,0,-0.0518098944827921,0,0,-0.0816294676817178,0,-0.0238793216294851,0,0,0,-0.0498301036829227,-0.0235341038648302,0,0,0,-0.0180226649002339,0,0,0,0,0,0,0,0,0,0,0,0,0,0,0,-0.0506542801674941,0,-0.051221691421655,0,0,0,-0.0365063246626217,-0.00472622149787026,0,-0.064316602882094,0,0,0,0,0,0,0,-0.0165976543650457,0,0,0,0,0,0,0,0,0,0,0,0,0.044131151454456,0,0,0,-0.0363509305520367,0,0,0,0,0,0,-0.00749754553456172,0,0,0,0,-0.00168717584403668,0,0.0197587635749909,-0.120636700853197,0,0,0,0,0,0,0,0,0,0,0,0,0,0,0,0.0325138763961382,0,0,0,0,-0.0111086534834644,-0.0147148244496386,0,0,0,0,0,0,0,0,0,0,0,0,0,0,0
0.000818850139611657,0.290358408467908,-0.0221865881950301,0,0,0,0,0,0.103872957908125,0,-0.0740200856424681,-0.0142323892758342,0,0,0,0,0,0,0,0,0,0,0,-0.0525486985117977,-0.011691886129252,0.115974760707649,0.0296621680021933,0,0,0,0,-0.0453150706197059,0,0.550489212435301,0,0,0,0.132219682376762,0,0,0.0355846547387814,0.113563780331905,0,0.0739205015477171,0,0,0,0,0,0,0,-0.246918597629441,0,0,0,0,-0.057829978382539,-0.0668583048919976,0,-0.0439724531733955,0,0,0,0,0,0,0,-0.0140838218616285,0,-0.027119134165879,0,0,0,0,0,0,0,0,0,0,0,0.0252056284006672,0,0,-0.0165851175126126,-0.0160048842566607,0,0,-0.0134593621446028,-0.00178439090974658,0,-0.0483358442406129,0,0,0,0,0,0,0,0,-0.0278345753286175,-0.0156949155765939,0,0,0,0,-0.00269416321533944,0,0,-0.0858658893377517,-0.0203070557784457,0,0,0,0,0,0,0,0.0422890420950843,0,0,0,0,0,0,0,0,0,0,0.0703230990870069,0.114144389227156,0,0,0,-0.0127404061382933,0,0,0,0,0,0,-0.0139568272665603,0,0,0,0,-0.16014041941482,0,0.0102422378051064,-0.108415977705555,0,0,0,0,0,-0.00924373669264943,0,0,0,0,0,0,-0.0818015344560268,0,0,0,0,0,0,0,0,0,0,0,0,0,0,0,0.0913472318546251,0,0,0,0,0,0,0,0
0.000517513790511302,0.279325642991917,-0.00245035068176423,0.00542652338768995,0,0.031465925296162,0,0.039317373274432,0.150839509798011,0,-0.0529918302948135,0,0,0,0,0,0,-0.00308221890984945,0,0,0,0,0,-0.0577174701301536,-0.0208175529442295,0.153646274341363,0.0371793731763605,0,0,0.131546708615913,0,-0.021818442626187,0,0.520850637770759,0,0,0,0.0905165359102628,0,0,0.0163889578117113,0.161667714554445,0,0.124508841368095,0,0,0,0,0,0,0,-0.274718457393461,0,0,0,0,0,-0.0971084103679667,0,-0.143760364902352,-0.0428970332318848,0,0,0,0,0,0,-0.0167712571495069,0,-0.0150154310208662,0,0,0,0,0,0,0,0,0,-0.0122269438914956,-0.0290020941781778,0.0165633696046497,0,-0.00879282018433243,0,0,0,0,0,0,0,-0.0282547065948203,0,0,0,0,0,0,0,0,-0.0469244466077393,-0.000148204182520975,0,0,0,0,-0.0348623664709074,0,0,-0.108123160910424,0,-0.0138476289340219,0,0.0251013304999887,0,0,0,0,0.0181371095658555,0,0,0,0,0,0,0,0,0,0,0.0676748398998668,0.0658895650904522,0,0,0,-0.02981107686431,0,0,0,0,0,0,-0.0112082566626332,0,0,0,0,-0.137430666323777,0,0,-0.136973458021439,0,0,0,0,-0.00797627784101783,-0.0289693068841616,0,0,0,0,0,0,-0.092059075259704,0,0,0,0,0,0,0,0,0,0.00574413420231257,0,0,0,0,0,0.0938178363672055,0,0,0,0,0,0,0,0
0.0000141020715321025,0.543984107471369,-0.0379377338022743,0,0,0,0,0,0.078158052204662,0,-0.167276589636483,0,0,0,0,0,0,0,0,0,0,0,0,0,0,0.0500690926116859,0.0319898853392272,0,0,0,0,0,0,0.253632994857716,0,0,0,0,0,0,0.00846711668698608,0.13622611834667,0.0374590685764932,0.186211993042747,0,0,0,0,0,0,0,-0.17564639632067,0,0,0,0,-0.106955627689817,-0.0539015484794103,-0.00250008680552267,-0.0270563316883783,-0.0350312987196317,0,0,0,0,0,0,0,0,-0.0220996770424212,-0.0390166499503898,0,0,-0.0306528421171917,-0.00164164864211934,-0.0485950013562709,0,0,-0.0189539003626059,-0.0332095481259855,-0.0319507286211565,0.00998480183560404,0,0,-0.00754819827490792,0,0,-0.0422960638685454,0,-0.000113352220905013,0,0,0.0264714779673344,0,0,0,0,0,0,0,-0.0104416241355583,0,-0.0416498526399416,0,0,0,-0.0297356995247676,0,0,-0.0889534873834362,-0.00588792326139898,0,0,0,0,0,0,0,0,0,0,0,0,0,0,0,0,0,0,0.0373580858854622,0.0515689400823523,0,0,0,-0.0201709002509923,0,0,0,0,0,0,-0.00707634550795113,0,0,0,0,-0.0236005640538144,0,0.02879623360353,-0.10763208206831,0,0,0,0,0,0,0,0,0,0,0,0,0,0,0,0,0,0,0,0,-0.0104834033260534,0,0,0,0,0,0,0,0,0,0,0,0,0,0,0,0
-0.000375218959666148,0.484932922617003,-0.0482782040999812,0,0,0,0,0,0.129643486056547,0,-0.216507262957442,0,0,0,0,0,0,0,0,0,0,0,0,0,-0.00254347140414855,0.0241687690870469,0.00269462336584833,0,0,0.157054339726741,0,0,0,0.256152224578717,0,0,0,0,0,0,0.014248415092877,0.125223840702917,0.0142009575189594,0.211331086161951,0,0,0,0,0,0,0,-0.203762976937821,0,0,0,0,0,-0.049707531068926,0,-0.0423149727200918,-0.0552041465149182,0,0,0,0,0,0,0,0,0,-0.00767977532757733,0,0,-0.0418231474159714,0,-0.0293453146022196,0,0,0,-0.0186805784982083,0,0.00986575762115391,0,0,-0.00861846625978364,-0.00209333648357797,0,0,0,0,0,-0.0260076618941866,0,0,0,0,0,0,0,0,-0.0577001351791583,0,-0.0564905044711917,0,0,0,-0.0565553907224434,0,0,-0.100734507110332,0,0,0,0,0,-0.0067239222953215,0,0,0,0,0,0,0,0,0,0,0,0,0,0,0.108710490731164,0,0,0,-0.0431843139796784,0,0,0,0,0,0,-0.0304907223705495,0,0,0,0,0,0,0.0305296171961949,-0.096608120419522,0,0,0,0,0,0,0,0,0,0,0,0,-0.0205744640823994,0,0,0,0,0,0,0,-0.0179743617374597,-0.010337744308784,0,0,0,0,0,0,0.0417814773453417,0,0,0,0,0,0,0,0
0.000362147586939192,0.355372832804289,0,0,0,0.127651931621474,0,0,0.107683247918088,0,-0.0721658937890484,0,0,0,0,0,0,-0.0107514343572126,0.00779347717790545,0,0,0,0,-0.0477952088935612,-0.0290867942089293,0.00390591809004995,0.00918700190254799,0,0,0.0794050625182925,0,-0.0526738263862818,0,0.613607395839946,0,0,0,0.0656618975822999,0,0,0.0678938199593481,0.0528763939965589,0,0.00411193625899766,0,0,0,0,0,0,0,-0.279790455521815,0,0,0,0,-0.0282382558807037,-0.0574516108124806,0,-0.0757756113015884,0,0,0,0,0,0,0,-0.00227330335661758,0,0,0,0,0,0,-0.00710493229676574,0,0,0,0,0,-0.0043751122193679,0.0354071612394175,0,0,0,-0.0364109408687898,0,0,0,0,0,-0.0903646594391295,0,0,0,0,0,0,0,0,-0.0322077714693946,0,0,0,0,0,-0.00191882598209136,0,0,-0.0627256942947549,-0.00559791056419817,0,0,0,0,0,0,0,0,0,0,0,0,0,0,0,0,0,0,0.0897846628177519,0.0835511774658905,0,0,0,-0.00450161686000075,0,0,0,0,0,0,-0.0526212520326822,0,0,0,0,-0.142312321998536,0,0,-0.0983263524529928,0,0,0.0490316284446841,0,0,-0.0458683017293691,0,0,0,0,0,0,-0.0456012523926752,0,0,0,0,0,0,0,0,0,0,0,0,0,0,0,0.0538131192598794,0,0,0,0,-0.0176055770845915,0,0,0
0.000019858000293858,0.403416942909667,0,0.0331593148722396,0,0.107187034720794,0,0,0.126053462007167,0,-0.144821036725092,0,0,0,0,0,0,-0.00834830028023237,0,0,0,0,0,-0.032925501616272,-0.00918819569922686,0.0557426157308284,0.00650118283508472,0.0782104408556852,0,0.0257135252751509,0,-0.0283074057141177,0,0.565413806677524,0,0,0,0.0368835738497112,0,0,0.0409995228782568,0.100411066067145,0,0.139794175082141,0,0,0,0,0,0,0,-0.379209871074528,0,0,0,0,0,-0.0756359241466458,0,-0.0768273440124273,-0.073289223470616,0,0,0,0,0,0,0,0,0,0,0,0,0,0,0,0,0,0,0,-0.0288875194996749,0.0114919303291658,0,0,-0.0100921642326311,-0.00884567656452752,0,0,0,0,0,-0.0218257841743224,0.0122446109797193,0,0,0,0,-0.00165232688769318,0,0,-0.0424186228169244,0,0,0,0,0,-0.0261330643146138,0,0,-0.0582339514807002,-0.0299923749824033,-0.00350140542823583,0,0,0,0,0,0,0.0426652042791991,0,0,0,0,0,0,0,0,0,0,0.0555393458363595,0.159542462919216,0,0,0,-0.0359368641561043,0,0,0,0,0,0,-0.0715178494409939,0,0,0,0,-0.0687389596847068,0,0,-0.0998170050636572,0,0,0.0355947285293345,0,0,-0.0540005885162198,0,0,0,0,0,0,-0.0296210377575175,0,0,0,0,0,0,0,0,0,0,0,0,0,0,0,0.132550862360056,0,0,0,0,0,0,0,0
0.000443062237712278,0.216360974705942,0,0.0421462766496404,0,0.121584353577113,0,0,0.191234375889782,0.0207190478800429,-0.0864265390964188,0,-0.143232784302556,0,0,0,0,0,0,-0.00941342705368774,0,0,0,0,-0.0359276081760066,0.0824858716935842,0.0389689151076161,0.162078141562948,0,0.0356620371712026,0,0,0,0.663935874825035,0,0,-0.0354121829853592,0.140295217789785,0,0,0.0577953041802514,0.139374621252789,0,0.208460473113773,0,0,0,0,0,0,0,-0.330537022518944,0,0,0,0,0,-0.110093648171756,-0.0884886284127195,-0.0633706280519859,-0.0518512261583102,0.0142611286771801,0,0.0420360178176806,0,0,0,-0.0131618345338666,0,0,0,0,0,0,0,0,0,0,0,-0.0211543999387165,-0.00479196896694286,0.00935711790933583,0,0,-0.0296798907911754,-0.019107562197673,0,0.0048957914690116,0,0,0,-0.0748820985546197,0.00421533764947987,0,0,0,0,0,0,0,-0.0136871532097238,-0.0184159842497528,0,0,-0.0291940223249263,0,0,0,0,-0.0754072395540073,0,-0.0108450180786301,0,0.00376494327344014,0,-0.0871669203816266,0,0,0.0243521656557026,0,0,0,0,0,0,0,0,0,0,0.044533244391191,0.0946337740825729,0,0,0,-0.0873291042874718,0,0,0,0,0,0,-0.0595248829013487,0,0,0,0,-0.149175207290759,0,0.0379342105255011,-0.132604593475871,0,0,0.0853822081018731,0,0,-0.0151228931008466,0,0,0,0,0,0,-0.0468408930417382,0,0,0,0,0,0,0,0,0,0,0,0,0,0,0,0.133839160005877,0,0,0,0,0,0,0,0
0.00000422476570136228,0.260958440613284,0,0,0,0.121330761165542,0,0,0.162851845396968,0.0214029391320994,-0.0488509758821034,0,0,0,0,0,0,-0.0299862634287143,0.0675669482489656,0,0,0,0,-0.06940217041421,-0.0247393289718339,0,0.0363918432197991,0.0781083523973022,0,0.0576606559069555,0,-0.00719436931335484,0,0.604069394936807,0,0,0,0.0340337320247614,-0.00667983085983411,0,0,0.158715478069472,0,0,0,0.0196348957894632,0,0,0,0,0,-0.307174316657809,0,0,0,0,0,-0.0699452371695441,0,-0.0506296223996008,-0.00775881828971001,0,0,0.0143322530316257,0,0,0,0,0,0,0,0,0,0,0,0,0,0,0,0,-0.00265177842589322,0.0595729936879345,0,-0.00695349692720724,-0.00591056290782781,-0.0635284961143361,0,0,0,0,0,-0.0890428031268847,0.0172629098188533,0,0,0,0,0,0,0,-0.0486736181537206,0,0,0,0,0,-0.0472962354717414,0,0,-0.0793756414121992,-0.00903034473348479,0,-0.00160652770143248,0,0,-0.00414692929733134,0,0,0.0671238918394499,0,0,0,0,0.00391834731078761,0,0,0,0,0,0.0969274274618274,0.167876537183523,0,0,0,-0.0374380910758105,0,0,0,0,0,0,-0.0725617812554271,0,0,0,0,-0.0680288847714531,0,0.0308934268940588,-0.102614076500885,0,0.0676886729688977,0,0,0,-0.1253644817185,0,0,0,0,0,0,-0.100692648482118,0,0,0,0,0,0,0,0,0,0,0,0,0,0,0,0.112349841704598,0,0,0,0,-0.0566150261809521,0,0.0123207388673499,0
0.000504497696559119,0.294954196112686,0,0.0330284674679229,0,0.122550371522024,0,0,0.151737512981184,0,-0.094705156566349,0,-0.0721655390447425,0.00345164036737907,0,0,0,-0.0252437858376508,0,-0.0000528590061725126,0,0,0,-0.0696317071274667,-0.0643611436660924,0.027493431461741,0.0273318754351088,0.11570270767951,0,0,0,-0.00175850775570012,0,0.652214920148299,0,0,0,0.095313786425693,0,0,0.105443827291024,0.12563995072094,0,0.123477442819043,0.0034915585951174,0,-0.0606063212437738,0,0,0,0,-0.189251906961957,0,0,0,0,-0.0542575197351062,-0.0672690825524843,0,-0.0157277410625011,-0.0298930872567238,0,0,0,0,0,0,0,0,-0.021620557751972,0,0,0,0,-0.00415172520361367,0,0,0,0,0,0,0.0106483680074749,0,0,-0.052171226619892,-0.0658073996283174,0,0,0,0,0,-0.0994296047171368,0,0,0,0,0,0,0,0,-0.0732405609374707,0,0,0,-0.000463543760755931,0,0,0,0,-0.0932681604662137,-0.0203042536225529,0,0,0,0,-0.0511488027341508,0,0,0,0,0,0,0,0.0304352064509933,0,0,0,0,0,0.125374436898623,0.14822850641085,0,0,0,-0.0710674837653829,0,0,0,0,0,0,-0.0731231567627717,0,0,0,0,-0.158752266206004,0,0,-0.0853103328003978,0,0,0.0963790423442266,0,0,-0.0500137373630474,0,0,0,0,0,0,-0.0468085836209365,0,0,0,0,0,0,0,0,0,0,0,0,0,0,0,0.113658415357931,0,0,0,0,-0.00867596483457341,0,0,0
0.0000818290148443795,0.401495081124496,0,0,0,0.194643376867604,0,0,0.119240765255955,0.0477243711734164,-0.199467140644341,-0.0331216140400021,0,0,0,0,0,0,0,-0.0380401777323236,0,0,0,0,0,0,0.146878905016291,0.111691196456486,0,0.0647561592479065,0,-0.0737604709865058,0,0.693538173285105,0,0,-0.0531850920175417,0.165829655562491,0,0,0.011939510402577,0.140833962417704,0,0.0786507759728861,0,0,0,-0.0192025865438552,0,0,0,-0.436118431254448,0,0,0,0,0,-0.0678888066560396,-0.06213855367506,-0.113308670019521,0,0.0491124376828254,0,0,0,0,0,-0.0424073611540093,0,0,0,0,0,0,0,0,0,0,0,0,-0.0681099909037258,0.00431595435988085,0,0,0,-0.0379679273939737,0,0.010328590071867,0,0,0,-0.105750276842239,0.00551294923152949,0,0,0,0,0,0,0,-0.0656993091471323,0,0,0,0,0.00262556335280663,0,0,0,-0.0794873621936747,0,0,0,0,0,-0.0893843206124638,0,0,0,0,0.0272210042386823,0,0,0,0,0,0,0.114857987595501,0,0.0824765738146567,0.143226789146983,0,0,0,-0.0308026134048065,0,0,0,0,0,0,-0.0990716697511763,0,0,0,0,-0.23369210959777,0,0,-0.126428221568764,0,0,0.0819271475173619,0,0,-0.0143491797083052,0,0,0,0,0,0,-0.0442387877101207,0,0,0,0,0,0,0,-0.038223430608875,0,0,0,0,0,0,0,0.0963317691251116,0,0.0442829719514101,0,0,0,0,0,0
0.000242547273958503,0.406166621304888,-0.0501537204870371,0,0,0.131352902415785,0,0,0.0389391839310788,0.065877051636765,-0.0962336729056513,0,-0.0931190941383331,0.171762651398653,0,0,0,0,0,0,0,0.0285846107729432,0,0,0,-0.0298507014597371,0,0,-0.0256527665994694,0.0346241401291003,0,0,0,0.514114853411274,0,0,-0.0100273769092482,0,0,0,0,0.0043689261090868,0,0,0,0,0,-0.0222984907875456,0,0,0,-0.0646044088439656,0,0,0,0,0,-0.0352493361816486,0,0,0,0,0.0520381854220631,0.126469292890248,0,0,0,0,0,-0.0237784427381128,0,0,0,0,0,-0.0327142579520284,-0.00663455097475511,0,-0.0389653247415972,0,0,0.017682337799048,0.0111356152082163,0,0,-0.0859778582569972,0,0,0,0,0,-0.188247189627177,0,0,0,0,0,0,0,0,0,0,0,0,-0.0238451821924979,0,-0.00645228170431416,0,0,-0.0731553614225549,0,0,0,0,-0.0294422213660958,-0.0140299123935258,0,0,0,0,0,-0.000628355132732323,0,0,0,0,0,0.0859781774172154,0,0,0.194795019369276,0,0,0,-0.00444683402440587,0,0,0,-0.0229899831402272,0,0,-0.108562419612883,0,0,0,0,-0.0261498806538695,0,0,-0.0136046944869512,0,0,0,0,0,-0.0419902917040147,0,0,0,0,0,0,-0.0815469218454671,0,0,0,0,0,0,0,0,0,0,0,-0.0544725104988856,-0.0219169386068268,0,0,0.0213715312315108,0,0.0286342571217656,0,0,-0.0399002069543829,0,0.137810502502616,0
0.000386909249600451,0.55930786116319,-0.00113685125913852,0,0,0.0214235579519816,0,0,0.0578473365390105,0,-0.0339290783679783,0,-0.0387492405107329,0.0344289441074312,0,0,0,0,0,0,0,0.0189265556780318,0,0,0,0,0.00276255538412631,0,-0.00448964571380775,0.116949511426086,0,-0.0146056824751008,0,0.460648239769147,0,0,0,0,-0.00808041210048493,0,0,0,0,0,0,0,0,-0.00819489523328546,0,0,0,-0.135477886428118,0,0,0,0,0,-0.0471828202465833,0,-0.00335805757912202,0,0,0,0,0,0,0,0,0,-0.034104539967289,0,0,0,0,0,0,0,0,0,0,0,0.084904503625494,0,0,0,-0.0316050026512806,0,0.0175994527792853,0,0,0,-0.169902661707507,0,0,0,0,0,0,0,0,-0.0546987852520195,0,0,0,-0.0104517454536291,0,0,0,0,-0.0568405291754462,0,0,0,0,-0.0208743148477003,0,0,0,0,0,0,0,0,0,0,0,0,0.0716953819764676,0,0,0.121227676490378,0,0,0.0064846375559713,-0.0192791299774229,0,0,0,-0.0549082895630158,0,0,-0.0955311971912625,0,0,0,0,-0.0684321103351183,0,0,-0.0274349335946019,0,0,0,0,0,0,0,0,0,0,0,0,-0.0861834798112579,0,0,0,0,0,0,0,-0.023511607979115,0,0,0,0,-0.0285404452505436,0,0,0,0,0.0691219363316222,0,0,-0.0746173967588986,0,0,0
-0.00000264350879488479,0.298524542085673,-0.0298747330701166,0,0,0.187701227052057,0,0,0.0838446099254511,0.0352935868083798,-0.0926115896330889,0,-0.045045539093277,0.135972988299784,0,0,0,0,0,0,0,0,0,0,0,0,0.0482579040576142,0.0273690752424121,0,0.040192921728658,0,-0.0297818459983133,0,0.619406517828595,0,0,0,0,0,0,0,0,0,0,0,0,0,-0.0194581005307927,0,0,0,-0.131376690641294,0,0,0,0,-0.00987718144986468,-0.0545743017523123,0,0,-0.0200163498056623,0,0,0.115628069332675,0,0,0,0,0,-0.0277277801820269,0,0,0,0,0,0,0,0,0,0,-0.00908886605626405,0.0240599700022939,0,0,-0.011776461167994,-0.0764622477347121,0,0,0,0,0,-0.129290647220525,0,0,0,0,0,0,0,0,0,0,0,0,0,0,-0.0238352340194976,0,0,-0.0787017518665117,0,0,0,0,0,-0.0462854024004479,0,0,0,0,0,-0.00786546047821507,0,0,0,0,0,0.146756279140711,0,0,0.138353432420833,0,0,0,-0.0191109798030454,0,0,0,0,0,0,-0.122523370953102,0,0,0,0,-0.0887760794531769,0,0,-0.0403424814824972,0,0,0.0341633398379,0,0,-0.0889650875077381,0,0,0,0,0,0,-0.0725131936672865,0,0,0,0,0,0,0,0,0,0,0,-0.0383116448077566,-0.00124269996964025,0,0,0.0760539261291016,0,0.0607981328874645,0,0,-0.0506936854314134,0,0.116624448611951,0
NA,NA,NA,NA,NA,NA,NA,NA,NA,NA,NA,NA,NA,NA,NA,NA,NA,NA,NA,NA,NA,NA,NA,NA,NA,NA,NA,NA,NA,NA,NA,NA,NA,NA,NA,NA,NA,NA,NA,NA,NA,NA,NA,NA,NA,NA,NA,NA,NA,NA,NA,NA,NA,NA,NA,NA,NA,NA,NA,NA,NA,NA,NA,NA,NA,NA,NA,NA,NA,NA,NA,NA,NA,NA,NA,NA,NA,NA,NA,NA,NA,NA,NA,NA,NA,NA,NA,NA,NA,NA,NA,NA,NA,NA,NA,NA,NA,NA,NA,NA,NA,NA,NA,NA,NA,NA,NA,NA,NA,NA,NA,NA,NA,NA,NA,NA,NA,NA,NA,NA,NA,NA,NA,NA,NA,NA,NA,NA,NA,NA,NA,NA,NA,NA,NA,NA,NA,NA,NA,NA,NA,NA,NA,NA,NA,NA,NA,NA,NA,NA,NA,NA,NA,NA,NA,NA,NA,NA,NA,NA,NA,NA,NA,NA,NA,NA,NA,NA,NA,NA,NA,NA,NA,NA,NA,NA,NA,NA,NA,NA,NA,NA,NA,NA,NA,NA,NA
-0.000684864182002192,0.4498823481725,0,0,0,0.139000669413162,0,0,0.0906722974840864,0,-0.0373577745426854,0,-0.0792152411572254,0,0,0,0,0,0,0,0,0.0431187834073642,0,0,0,0,0.0183341674410505,0.118176740067828,0,0.0821103328705966,0,-0.00808409385490939,0,0.550886628159467,0,0,0,0.0309679331572829,0,0,0,0.120573352098514,0,0.0554441527194371,0,0,0,-0.0668339333329395,0,0,0,-0.250935990526781,0,0,0,0,0,-0.0721648422940252,0,-0.032642877160852,-0.055602336782972,0,0,0,0,0,0,0,0,0,0,0,0,-0.00896950334009746,0,-0.0098067856123172,0,0,0,-0.00320752928250029,-0.0114842121152918,0.00921237270014342,0,0,-0.0152686815488046,-0.0988873946385038,0,0,0,0,0,-0.0704577571392825,0,0,0,-0.0142275466853105,0,0,0,0,-0.0632556611324359,0,0,0,0,0,-0.0459567568689783,0,0,-0.143168773475483,-0.00405931061340895,0,0,0,-0.00293790539255567,-0.00936859908203124,0,0,0.0319897274420041,0,0,0,0,0,0,0,0,0,0,0,0.192391963127995,0,0,0,-0.0927382776964552,0,0,0,0,0,0,-0.113450988776284,0,0,0,0,-0.0465054486774225,0,0,-0.116545540153174,0,0,0.159527414996559,0,0,0,0,0,0,0,0,0,-0.0809159159999504,0,0,0,0,0,0,0,0,-0.00941964638452285,0,0,0,-0.00886035585052654,0,0,0.0269193339124655,-0.000679694356074504,0,0,0,-0.00638382317073151,0,0,0
NA,NA,NA,NA,NA,NA,NA,NA,NA,NA,NA,NA,NA,NA,NA,NA,NA,NA,NA,NA,NA,NA,NA,NA,NA,NA,NA,NA,NA,NA,NA,NA,NA,NA,NA,NA,NA,NA,NA,NA,NA,NA,NA,NA,NA,NA,NA,NA,NA,NA,NA,NA,NA,NA,NA,NA,NA,NA,NA,NA,NA,NA,NA,NA,NA,NA,NA,NA,NA,NA,NA,NA,NA,NA,NA,NA,NA,NA,NA,NA,NA,NA,NA,NA,NA,NA,NA,NA,NA,NA,NA,NA,NA,NA,NA,NA,NA,NA,NA,NA,NA,NA,NA,NA,NA,NA,NA,NA,NA,NA,NA,NA,NA,NA,NA,NA,NA,NA,NA,NA,NA,NA,NA,NA,NA,NA,NA,NA,NA,NA,NA,NA,NA,NA,NA,NA,NA,NA,NA,NA,NA,NA,NA,NA,NA,NA,NA,NA,NA,NA,NA,NA,NA,NA,NA,NA,NA,NA,NA,NA,NA,NA,NA,NA,NA,NA,NA,NA,NA,NA,NA,NA,NA,NA,NA,NA,NA,NA,NA,NA,NA,NA,NA,NA,NA,NA,NA
0.000685698871415738,0.648466666890726,-0.0250146306501393,0,-0.0260611373504729,0,0,0,0,0,-0.00200565415667778,0,0,0,0,0,0,0,0,0,-0.00254342450809391,0,0,0,0,0.0478547067110678,0,0,0,0.0757481309248343,-0.0030069375463604,0,0,0,0,0,0,0,0,0,0.0250990402329449,0.0213591451845322,0,0.117951166554654,0,0,0,0,0,0,0,-0.0655766301282174,0,0,0,-0.0101872545844435,-0.00682829964272424,0,0,-0.014406230197048,-0.0135200149334594,-0.000150873408905803,0,0,0,-0.0272482420901846,0,0,-0.00128504828217997,0,-0.0310759355946973,0,0,-0.0396760491999769,0,-0.00410980924323522,0,0,-0.0123624685077226,-0.0370402265052582,-0.00672700587174939,0.0401852370791779,0,0,0,0,0,0,0,0,0,-0.0250254727144947,0,0,0,0,0,0,0,0,0,0,-0.0389710417866094,0,0,0,-0.0469977134655127,0,0,-0.032254232045697,0,0,0,0,0,0,0,0,0,0,0,0,0,0,0,0,0,0,0,0,0,0,0,0,0,0,0.00629152467640392,0,0,0,0,0,0,0,0,0,0,0,0,-0.0080587010551808,0,0,0,0,0,0,0,0,0,0,0,0,0,0,0,0,0,0,0,0,0,-0.0295905285316038,0,0,0,0,0,0,0,0,-0.00924023966500132,0,0,0,0,0,0
0.000239387889014924,0.417877796291177,-0.0995674230674978,0,0,0.0297870828806677,0,0,0.0244118697773146,0,-0.0206450036432377,0,0,0.0707768528972425,0,0,0,0,0,0,0,0.086936916073032,0,0,0,0,0.0030686418060499,0,0,0.0477879406338948,0,0,0,0.20115006551779,0,0,0,0,0,0,0,0,0,0.0177416433817999,0,0,0,0,0,0,0,-0.058067425365022,0,0,0,0,0,-0.0189513222852059,0,0,-0.00179275966578431,0,0.0119023311342526,0,0,0,0,0,0,0,0,0,0,0,0,-0.0233233104233639,0,0,-0.0609729929821566,0,0,0,0,0,0,-0.0476951278289031,0,0,0,0,0,-0.122562505310237,0,0,0,0,0,0,0,-0.00474741229024281,0,0,-0.00907936876769328,0,0,0,-0.0363263120422337,0,0,-0.055066126862766,0,0,0,0,0,0,0,0,0,0,0,0,0,0.0326753979617889,0,0,-0.00635761465546583,0,0,0,0.17396709085303,0,0,0.0153367209997254,0,0,0,0,-0.0390917073218131,0,0.0474554778895113,-0.0994278299661683,0,0,0,0,0,0,0.0174304455428173,-0.0124833749919858,0,0,0,0,0,0,0.0622950622780579,0,0,0,0,0,-0.0153769508930935,0,0,0,0,0,0,0,0,0,0,0,-0.0088951633640386,-0.00266578179756324,0,0,0,0,0,0,0,0,0.0217184837584578,0.0574159230748012,0
-0.0000460772894738878,0.465124117597377,-0.0583876949685833,0,0,0.0759037553915304,0,0,0,0.0909699376745921,-0.10207345810798,0,-0.0918843453447601,0.119911611647666,0,0,0,0,0,0,0,0,-0.0166103745430177,0,0,-0.060893458326864,0.0133559049309513,0,0,0.122460067922912,0,-0.0675407395624207,0,0.572689315965745,0.00973162516374609,-0.0103919547158981,0,0,0,0,0,0,0,0,0,0,0,-0.0529923078844248,0,0,0,-0.119311581956725,0,0,0,0,0,-0.0570965835194398,0,0,-0.00794931184486272,0.162837088821671,0,0.0779725057035833,0,0,0,0,0,-0.0502478248294355,0,0,0,0,0,-0.0196023078726506,0,0,-0.0244235002719628,0,-0.0194480633951803,0,0.00255484981653804,0,0,-0.0364461050814356,0,0,0,0,0,-0.313043925227158,0,0,0,0,0,0,0.0385734937844637,0,0,0,0,-0.012850749591499,0,0,0,0,0,-0.0917293761907977,0,0,0,0,0,0,0,0,0,0,0,-0.0416923151124826,0,0,0,0,0,0.0700290223516139,0,0.0127446260596954,0.170103325633998,0,0,0,-0.0245499266221972,0,0.0382937250973977,0,0,0,0,-0.121743009751146,0,0.00370826719145294,-0.0193987222753865,0,-0.0153526470331795,0,0,-0.0279952004295111,0,0,0,0,0,-0.00991085170429603,0,0,0,0,0,0,-0.0862929671167896,0,0,0,0,0,0,0,0.0114756360423376,0,0,0,0,-0.0802078500990232,0,0,0.0457034065223593,0,0.0303807349849816,0,-0.00749174933552617,-0.0901983035233835,0,0.101565649822014,0
0.00179081442555566,0.862993878960912,-0.0506739130416761,0,0,0.028231033941885,0,0,0.0596362355961131,0.0643657280421137,-0.0381638139352593,0,-0.0154542587021581,0,0,0,0,0,0,0,0,0,0,0,0,0,0,0,0,0.224403978025685,0,-0.0822522875058146,0,0.470391832530615,0,-0.0100878516721483,0,0,-0.0167444675343571,0,0,0,0,0,0,0,0,0,0,0,0.0247809259036508,-0.00998542206246685,0,0,0,0,0,-0.0470636457827187,0,0,0,0,0.0723351787832416,0,0,0,0,0,0,0,0,0,0,0,0,0,0,0,0,0,0,0,0,0,0,0,0,0,0,0,0,-0.21971544849227,0,0,0,0,0,0,0,0,0,0,0,-0.0414277478536804,0,0,0,0,0,-0.00555952293527572,0,0,0,0,0,0,0,0,0,0,0,0,0,0,0,0,0,0,0,0,0.0596631649260109,0,0,0,-0.0340941436163762,0,0,0,0,0,0,-0.0470413470106897,0,0,0,0,0,0,0,0,0,0,0.0316977561273228,0,0,0,0,0,0,0,0,0,-0.0219948745041053,0,0,0,0,0,0,0,0,0,0,0,-0.0508733504698643,0,0,0,0,0,0,0,0,-0.0350851029516535,0,0,0
0.00194759954920438,0.907925507182719,-0.0155951218407047,0,0,0.0154749191692627,0,0,0.070352486265897,0.00219080324156712,-0.00934074891724587,0,-0.00140019206494523,0,0,0,0,0,0,0,0,0,0,0,0,0,0,0,0,0.214639631013603,0,-0.0351755667643829,0,0.357309114630922,0,-0.0189358389901939,0,0,-0.012658465604657,0,0,0,0,0,0,0,0,0,0,0,0.02300015484734,-0.0133856451895462,0,0,0,0,0,-0.0388882166711332,0,0,0,0.00264138083202422,0.0156306864975503,0,0,0,0,0,0,0,0,0,0,0,0,0,0,0,0,0,0,0,0,0,0,0,0,0,0,0,0,-0.151961225241471,0,0,0,0,0,0,0,0,0,0,0,-0.0205311075082013,0,0,0,0,0,0,0,0,0,0,0,0,0,0,0,0,0,0,0,0,0,0,0,0,0,0,0.0276171225332644,0,0,0,-0.0258879556739896,0,0,0,0,0,0.00908580821455107,-0.0320395112328879,0,0,0,0,0,0,0,0,0,0,0.0244165980680954,0,0,0,0,0,0,0,0,0,0,0,0,0,0,0,0,0,0,0,0,0,0,0,0,0,0,0,0,0,0,-0.00867056029473148,0,0,0
0.00181954416903988,0.870024339296678,-0.0565744339197007,0,0,0,0,0,0.0671760051643779,0.0505395306147837,-0.0140662923397887,0,-0.0222228381543339,0,0,0,0,0,0.000817206216582767,0,0,0,0,0,0,-0.0541167584772812,0,0,-0.00368190045662599,0.183274040825332,0,-0.0518085663278116,0,0.314981936314792,0,0,0,0,-0.00621978729981935,0,0,0,0,0,0,0,0,0,0,0,0.0246151551615649,-0.0325306611147047,0,0,0,0,0,-0.0314531560665611,0,0,0,0.0153394193635273,0.0748867867261734,0,0,0,0,0,0,0,0,0,0,0,0,-0.0211982358808281,0,0,-0.00512697328953559,0,0,0,0,0,0,0,0,0,0,0,0,-0.253055299270518,0,0,0,0,0,0,0,0,0,0,0,-0.0262832036428994,0,0,0,0,0,-0.0225543795333435,0,0,0,0,0,0,0,0,0,0,0,0,0,0,0,0,0,0.00554707631153445,0,0,0.0683644506453565,0,0,0,-0.0379914946973288,0,0,0,0,0,0.00844352058861038,-0.0453947380664063,0,0,0,0,0,0,0,0,0,0,0,0,0,0,0,0,0,0,0,0,-0.0166447787698626,0,0,0,0,0,0,0,0,0,0,0,-0.036892300839128,0,0,0,0,0,0,0,0,0,0,0,0
NA,NA,NA,NA,NA,NA,NA,NA,NA,NA,NA,NA,NA,NA,NA,NA,NA,NA,NA,NA,NA,NA,NA,NA,NA,NA,NA,NA,NA,NA,NA,NA,NA,NA,NA,NA,NA,NA,NA,NA,NA,NA,NA,NA,NA,NA,NA,NA,NA,NA,NA,NA,NA,NA,NA,NA,NA,NA,NA,NA,NA,NA,NA,NA,NA,NA,NA,NA,NA,NA,NA,NA,NA,NA,NA,NA,NA,NA,NA,NA,NA,NA,NA,NA,NA,NA,NA,NA,NA,NA,NA,NA,NA,NA,NA,NA,NA,NA,NA,NA,NA,NA,NA,NA,NA,NA,NA,NA,NA,NA,NA,NA,NA,NA,NA,NA,NA,NA,NA,NA,NA,NA,NA,NA,NA,NA,NA,NA,NA,NA,NA,NA,NA,NA,NA,NA,NA,NA,NA,NA,NA,NA,NA,NA,NA,NA,NA,NA,NA,NA,NA,NA,NA,NA,NA,NA,NA,NA,NA,NA,NA,NA,NA,NA,NA,NA,NA,NA,NA,NA,NA,NA,NA,NA,NA,NA,NA,NA,NA,NA,NA,NA,NA,NA,NA,NA,NA
0.00176383233489379,0.810126904732382,-0.0431095023911874,0,0,0,0,0,0.0974465216872502,0,0,0,0,0,0,0,0,0,0,0,0,0,0,0,0,-0.0201470892679903,0.0160295550401598,-0.0000168285651271729,0,0.109389574557149,0,-0.00185017698266486,0,0.145491157064159,0,0,0,0,0,0,0,0,0,0,0,0,0,0,0,0,0,-0.0305283547573746,0,0,0,0,0,-0.00865380353185766,0,0,0,0,0,0,0,0,0,0,0,-0.000621968295692756,0,0,0,0,0,-0.0266788785188385,0,0,-0.0177901112937396,0,0,0,0,0,0,0,0,0,0,0,0,-0.110131927464085,0,0,0,0,0,0,0,0,0,0,0,0,0,0,0,0,0,-0.0131095910068772,0,0,0,0,0,0,0,0,0,0,0,0,0,0,0,0,0,0,0,0,0.0539077892681204,0,0,0,-0.0240310314919557,0,0,0,0,0,0.0110207179334287,-0.0305229665957171,0,0,0,0,0,0,0,0,0,0,0,0,0,0,0,0,0,0,0,0,0,0,0,0,0,0,0,0,0,0,0,0,0,0,0,0,0,0,0,0,0,0,0,0,0
NA,NA,NA,NA,NA,NA,NA,NA,NA,NA,NA,NA,NA,NA,NA,NA,NA,NA,NA,NA,NA,NA,NA,NA,NA,NA,NA,NA,NA,NA,NA,NA,NA,NA,NA,NA,NA,NA,NA,NA,NA,NA,NA,NA,NA,NA,NA,NA,NA,NA,NA,NA,NA,NA,NA,NA,NA,NA,NA,NA,NA,NA,NA,NA,NA,NA,NA,NA,NA,NA,NA,NA,NA,NA,NA,NA,NA,NA,NA,NA,NA,NA,NA,NA,NA,NA,NA,NA,NA,NA,NA,NA,NA,NA,NA,NA,NA,NA,NA,NA,NA,NA,NA,NA,NA,NA,NA,NA,NA,NA,NA,NA,NA,NA,NA,NA,NA,NA,NA,NA,NA,NA,NA,NA,NA,NA,NA,NA,NA,NA,NA,NA,NA,NA,NA,NA,NA,NA,NA,NA,NA,NA,NA,NA,NA,NA,NA,NA,NA,NA,NA,NA,NA,NA,NA,NA,NA,NA,NA,NA,NA,NA,NA,NA,NA,NA,NA,NA,NA,NA,NA,NA,NA,NA,NA,NA,NA,NA,NA,NA,NA,NA,NA,NA,NA,NA,NA
0.00129264422750503,0.741059933734113,-0.0203782292986359,0,0,0,0,0,0.0949226506056581,0,0,0,-0.00226524563093618,0,-0.00136973135141718,0,0,0,0.0252822118283273,0,0,0,0,0,0,-0.0510462194680529,0.0175873984308661,-0.0140030709405275,-0.018595715374996,0.127727758800344,0,-0.0110579765335452,0,0.187044800161079,0,0,-0.00204623823377205,0,0,0,0,0,0,0,0,0,0,0,0,0,0.00675075164222195,-0.0646351917225706,0,0,0,0,0,-0.0353403890969667,0,-0.0348968851607602,0,0.0189457792055394,0.00187844721166585,0,0,0,0,0,0,-0.0699410677914195,0,0,0,0,0,-0.0117078727737992,0,0,-0.0303613989628632,0,0,0,0,0,0,0,0,0,0,0,0,-0.165997098378116,0,0,0,0,0,0,0,-0.00487839027894246,0,0,0,-0.00500527188164792,-0.00778804886684081,0,0,0,0,-0.0494781642120632,0,0,0,0,0,0,0,0,0,0,0,0,0,0,0,0,0,0,0,0,0.062665511192136,0,0,0,-0.0131270402518189,0,0,0,0,0,0,-0.0985383899453091,0,0,0,0,0,0,0,-0.0136881925009973,0,0,0,0,0,0,0,0,0,0,0,0,-0.0103058852059292,0,0,0,0,0,0,0,0,0,0,0,-0.0373239676065905,0,0,0,0,0,0,0,0,0,0,0,0
0.00155111394822983,0.754432509019082,-0.0335583430977573,0,0,0,0,0,0.105900254654065,0,0,0,0,0,0,0,0,0,0.0398644485459999,0,0,0,0,0,0,-0.0110437398564626,0,-0.046961068829452,0,0.0894337292963734,0,0,0,0.123497170044858,0,0,0,0,0,0,0,0,0,0,0,0,0,0,0,0,0.0308736904286637,-0.0339742657056598,0,0,0,0,0,-0.011171264468731,0,-0.0223410427893399,0,0.0017097518634171,0,0,0,0,0,0,0,0,0,0,0,-0.0000340433319914939,0,-0.0829651144811173,0,0,-0.0332445045879826,0,0,0,0,0,0,0,0,0,0,0,0,-0.148051720310414,0,0,0,0,0,0,0,0,0,0,0,0,0,0,0,0,0,-0.0349852111922184,0,0,0,0,0,0,0,0,0,0,0,0,0,0,0,0,0,0,0,0,0.0392216668690078,0,0,0,0,0,0,0,0,0,0,-0.0508368703996702,0,0,0,0,0,0,0,0,0,0,0,0,0,0,0,0,0,0,0,0,0,0,0,0,0,0,0,0,0,0,0,0,-0.01189677693282,0,0,0,0,0,0,0,0,0,0,0,0
0.00167031477690405,0.749725961876258,-0.000405572621434166,0,0,0,0,0,0.11157904787419,0,0,0,0,0,0,0,0,0,0.0534832920315846,0,0,0,0,0,0,-0.011395522832814,0,-0.0218637174095009,0,0.092215106600565,0,0,0,0.0619766454694114,0,0,0,0,0,0,0,0.0120052150060769,0,0.0153501750790882,0,0.0141532920603229,0,0,0,0,0.000490215149780889,-0.0417114035323085,0,0,0,0,0,-0.0154220878591137,0,-0.00458757133760493,0,0,0,0,0,0,0,0,0,-0.0275090551566116,0,0,0,0,0,-0.0293024841419137,0,0,-0.0127502301628247,0,0,0,0,0,0,0,0,0,0,0,0,-0.0878669412280249,0,0,0,0,0,0,0,0,0,0,0,0,0,0,0,0,0,0,0,0,0,0,0,0,0,0,0,0,0,0,0,0,0,0,0,0,0,0,0.0181705851037752,0,0,0,0,0,0,0,0,0,0.00559917329263871,-0.0327255434389015,0,0,0,0,0,0,0,0,0,0,0,0,0,0,0,0,0,0,0,0,0,0,0,0,0,0,0,0,0,0,0,0,0,0,0,0,0,0,0,0,0,0,0,0,0
NA,NA,NA,NA,NA,NA,NA,NA,NA,NA,NA,NA,NA,NA,NA,NA,NA,NA,NA,NA,NA,NA,NA,NA,NA,NA,NA,NA,NA,NA,NA,NA,NA,NA,NA,NA,NA,NA,NA,NA,NA,NA,NA,NA,NA,NA,NA,NA,NA,NA,NA,NA,NA,NA,NA,NA,NA,NA,NA,NA,NA,NA,NA,NA,NA,NA,NA,NA,NA,NA,NA,NA,NA,NA,NA,NA,NA,NA,NA,NA,NA,NA,NA,NA,NA,NA,NA,NA,NA,NA,NA,NA,NA,NA,NA,NA,NA,NA,NA,NA,NA,NA,NA,NA,NA,NA,NA,NA,NA,NA,NA,NA,NA,NA,NA,NA,NA,NA,NA,NA,NA,NA,NA,NA,NA,NA,NA,NA,NA,NA,NA,NA,NA,NA,NA,NA,NA,NA,NA,NA,NA,NA,NA,NA,NA,NA,NA,NA,NA,NA,NA,NA,NA,NA,NA,NA,NA,NA,NA,NA,NA,NA,NA,NA,NA,NA,NA,NA,NA,NA,NA,NA,NA,NA,NA,NA,NA,NA,NA,NA,NA,NA,NA,NA,NA,NA,NA
0.00233709380972866,0.796929591696317,-0.0427923793856669,0,0,0,0,0,0.098876820182771,0,0,0,0,0,0,0,0,0,0,0,0,0,0,0,0,0,0,0,0,0.0516283127225648,0,0,0,0.0662922494584417,0,-0.00932425958856452,0,0,0,0,0,0,0,0,0,0,0,0,0,0,0.0122571165642328,-0.0129235568886816,0,0,0,0,0,-0.000609907247010418,0,-0.0055384919997543,0,0,0,0,0,0,0,0,0,0,0,0,0,0,0,0,0,0,0,0,0,0,0,0,0,0,0,0,0,0,0,-0.0658417007241253,0,0,0,0,0,0,0,0,0,0,0,0,0,0,0,0,0,0,0,0,0,0,0,0,0,0,0,0,0,0,0,0.00674660719117798,0,0,0,0,0,0,0.069359562518423,0,0,0,0,0,0,0,0,0,0.040486736204447,-0.0016430612986759,0,0,0,0,0,0,0,0,0,0,0,0,0,0,0,0,0,0,0,0,0,0,0,0,0,0,0,0,0,0,0,0,0,0,0,0,0,0,0,0,0,0,0,0,0
NA,NA,NA,NA,NA,NA,NA,NA,NA,NA,NA,NA,NA,NA,NA,NA,NA,NA,NA,NA,NA,NA,NA,NA,NA,NA,NA,NA,NA,NA,NA,NA,NA,NA,NA,NA,NA,NA,NA,NA,NA,NA,NA,NA,NA,NA,NA,NA,NA,NA,NA,NA,NA,NA,NA,NA,NA,NA,NA,NA,NA,NA,NA,NA,NA,NA,NA,NA,NA,NA,NA,NA,NA,NA,NA,NA,NA,NA,NA,NA,NA,NA,NA,NA,NA,NA,NA,NA,NA,NA,NA,NA,NA,NA,NA,NA,NA,NA,NA,NA,NA,NA,NA,NA,NA,NA,NA,NA,NA,NA,NA,NA,NA,NA,NA,NA,NA,NA,NA,NA,NA,NA,NA,NA,NA,NA,NA,NA,NA,NA,NA,NA,NA,NA,NA,NA,NA,NA,NA,NA,NA,NA,NA,NA,NA,NA,NA,NA,NA,NA,NA,NA,NA,NA,NA,NA,NA,NA,NA,NA,NA,NA,NA,NA,NA,NA,NA,NA,NA,NA,NA,NA,NA,NA,NA,NA,NA,NA,NA,NA,NA,NA,NA,NA,NA,NA,NA
NA,NA,NA,NA,NA,NA,NA,NA,NA,NA,NA,NA,NA,NA,NA,NA,NA,NA,NA,NA,NA,NA,NA,NA,NA,NA,NA,NA,NA,NA,NA,NA,NA,NA,NA,NA,NA,NA,NA,NA,NA,NA,NA,NA,NA,NA,NA,NA,NA,NA,NA,NA,NA,NA,NA,NA,NA,NA,NA,NA,NA,NA,NA,NA,NA,NA,NA,NA,NA,NA,NA,NA,NA,NA,NA,NA,NA,NA,NA,NA,NA,NA,NA,NA,NA,NA,NA,NA,NA,NA,NA,NA,NA,NA,NA,NA,NA,NA,NA,NA,NA,NA,NA,NA,NA,NA,NA,NA,NA,NA,NA,NA,NA,NA,NA,NA,NA,NA,NA,NA,NA,NA,NA,NA,NA,NA,NA,NA,NA,NA,NA,NA,NA,NA,NA,NA,NA,NA,NA,NA,NA,NA,NA,NA,NA,NA,NA,NA,NA,NA,NA,NA,NA,NA,NA,NA,NA,NA,NA,NA,NA,NA,NA,NA,NA,NA,NA,NA,NA,NA,NA,NA,NA,NA,NA,NA,NA,NA,NA,NA,NA,NA,NA,NA,NA,NA,NA
0.00139575796421573,0.733268725426305,-0.0285075605346549,0,0,0,0,0,0.12620300306802,0,0,0,0,0,0,0,0,0,0,0,0,0,0,0,0,-0.00747362838898775,0,0,0,0.102557491415219,0,0,0,0.12712126298329,0,0,0,0,0,0,0,0,0,0,0,0,0,0,0,0,0.041758785164464,-0.0428715593521469,0,0,0,0,0,-0.0165809187219102,0,-0.0128819792881432,0,0,0,0,0,0,0,0,0,-0.0152901517604197,0,0,0,0,0,0,0,0,-0.00979113739921538,0,0,0,0,0,0,0,0,0,0,0,0,-0.114310480751873,0,0,0,0,0,0,0,0,0,0,0,0,0,0,0,0,0,-0.0181103514198598,0,0,0,0,0,0,0,0,0,0,0,0,0,0,0,0,0,0,0,0,0.0373560376705229,0,0,0,-0.00607075160008841,0,0,0,0,0,0,-0.0369925722562975,0,0,0,0,-0.00110217161591334,0,0,0,0,0,0,0,0,0,0,0,0,0,0,0,0,0,0,0,0,0,0,0,0,0,0,0,0,0,0,0,0,0,0,0,0,0,0,0,0
NA,NA,NA,NA,NA,NA,NA,NA,NA,NA,NA,NA,NA,NA,NA,NA,NA,NA,NA,NA,NA,NA,NA,NA,NA,NA,NA,NA,NA,NA,NA,NA,NA,NA,NA,NA,NA,NA,NA,NA,NA,NA,NA,NA,NA,NA,NA,NA,NA,NA,NA,NA,NA,NA,NA,NA,NA,NA,NA,NA,NA,NA,NA,NA,NA,NA,NA,NA,NA,NA,NA,NA,NA,NA,NA,NA,NA,NA,NA,NA,NA,NA,NA,NA,NA,NA,NA,NA,NA,NA,NA,NA,NA,NA,NA,NA,NA,NA,NA,NA,NA,NA,NA,NA,NA,NA,NA,NA,NA,NA,NA,NA,NA,NA,NA,NA,NA,NA,NA,NA,NA,NA,NA,NA,NA,NA,NA,NA,NA,NA,NA,NA,NA,NA,NA,NA,NA,NA,NA,NA,NA,NA,NA,NA,NA,NA,NA,NA,NA,NA,NA,NA,NA,NA,NA,NA,NA,NA,NA,NA,NA,NA,NA,NA,NA,NA,NA,NA,NA,NA,NA,NA,NA,NA,NA,NA,NA,NA,NA,NA,NA,NA,NA,NA,NA,NA,NA
0.00144274621527546,0.715530299714831,-0.0480315680780333,0,0,0,0,0,0.0857418494425019,0,0,0,0,0,0,0,0,0,0,0,0,0,0,0,0,0,0.0379245602298974,0,0,0.00522054881182542,0,0,0,0.0473037019005538,0,0,0,0,0,0,0,0,0,0,0,0,0,0,0,0,0,-0.0583871100981057,0,0,0,0,-0.00677853521597138,0,0,-0.0125828471390413,0,0,0,0,0,0,0,0,0,0,0,0,0,0,0,-0.00501897890848899,0,0,-0.00962836317474147,0,0,0,0,0,0,0,0,0,0,0,0,-0.0732758590270648,0,0,0,0,0,0,0,0,0,0,-0.0023005892976677,0,0,0,-0.0120294331300491,0,0,-0.0346816965434394,0,0,0,0,0,0,0,0,0,0,0,0,0,0,0,0,0,0,0,0,0.0869667371417553,0,0,0,0,0,0,0,0,0,0.0023969805086871,-0.045568311813266,0,0,0,0,0,0,0,0,0,0,0,0,0,0,0,0,0,0,0,0,0,0,0,0,0,0,0,0,0,0,0,0,0,0,0,0,0,0,0,0,0,0,0,0,0
0.00164841208631575,0.709508479901953,-0.0456807569435368,0,0,0,0,0,0.118311464897096,0,0,0,0,0,0,0,0,0,0,0,0,0,0,0,0,0,0.0396915520667584,0,0,0.00471862552772998,0,0,0,0.0484647432366195,0.000519045387669047,-0.00435241667949388,0,0,0,0,0,0,0,0,0,0,0,0,0,0,0,-0.0394735962330746,0,0,0,0,0,-0.0050770230943023,0,-0.00360976933390307,0,0,0.00166473076675379,0,0,0,0,0,0,-0.00183419315749838,0,0,0,0,0,-0.00181034138144451,0,0,-0.0502459829983359,0,0,0,0,0,0,0,0,0,0,0,0,-0.102881088002538,0,0,0,0,0,0,0,0,0,0,0,0,0,0,0,0,0,-0.0112022309065897,0,0,0,0,0,0,0,0,0,0,0,0,0,0.00592855819917895,0,0,0,0,0,0,0.103329774710702,0,0,0,0,0,0,0,-0.0136623992976067,0,0,-0.058904472128863,0,0,0,0,0,0,0,0,0,0,0,0,0,0,0,0,0,0,0,0,0,0,0,0,0,0,0,0,0,0,0,0,-0.000917789683570221,0,0,0,0,0,0,0,0,0,0,0,0
0.00180775454366846,0.771657831935513,-0.0264626671172383,0,0,0,0,0,0.103724351266299,0,0,0,0,0,0,0,0,0,0,0,0,0,0,0,0,0,0.0359794974124949,0,0,0.0311191291800314,0,0,0,0.0897452831393494,0,-0.000699570905402786,0,0,0,0,0,0,0,0,0,0,0,0,0,0,0.00576143596947234,-0.0747829053235855,0,0,0,0,0,-0.00300933612892389,0,0,0,0.0057250703487436,0.0317206300149192,0,0,0,0,0,0,-0.00179589118577841,0,0,0,0,0,-0.00117254127235229,0,0,0,0,0,0,0,0,0,0,0,0,0,0,0,-0.126420472916495,0,0,0,0,0,0,0,0,-0.00775197609742311,0,0,0,0,0,0,0,0,-0.0381441504709585,0,0,0,0,0,0,0,0,0,0,0,0,0,0,0,0,0,0,0,0,0.109438476545009,0,0,0,0,0,0,0,0,0,0,-0.0746899790614437,0,0,0,0,0,0,0,-0.00455569740562385,0,0,0,0,0,0,0,0,0,0,0,0,0,0,0,0,0,0,0,0,0,0,0,0,-0.0437664471976096,0,0,0,0,0,0,0,0,0,0,0,0
0.00205588233556591,0.893548474924277,-0.096012177619385,0,0,0,0,0,0.127581987826645,0.0655189296312202,-0.00548320366941338,0,0,0,0,0,0,0,0,0,0,0,0,0,0,-0.0378924959495363,0.0325293713622276,0,0,0.0714639250071788,0,-0.00452934769842975,0,0.266732360889879,0,0,0,0,-0.000677940899378553,0,0,0,0,0,0,0,0,0,0,0,0.0203132746556466,-0.0589557833153962,0,0,0,0,0,-0.0164672460907721,0,-0.028373699355628,0,0.0506678087686462,0.0318885378915317,0.0319708910394456,0,0,0,0,0,-0.00350315667190303,0,0,0,0,0,0,0,0,-0.0120741730023586,0,0,0,0,0,0,0,0,0,0,0,0,-0.159290715376802,0,0,0,0,0,0,0,-0.0103724304069461,-0.0164809793005626,0,0,-0.0280597869788234,0,0,0,0,0,-0.0378510274256024,0,0,0,0,0,0,0,0,0,0,0,0,0,0,0,0,0,0.0378807208285995,0,0.00137646687744518,0.0544719016033724,0,0,0,-0.0129661974559884,0,0,0,0,0,0,-0.0082543168887328,0,0,0,0,0,0,0,0,0,0,0.0330344981109799,0,0,0,0,0,0,0,0,0,0,0,0,0,0,0,0,0,0,0,0,0,-0.0400135703628221,0,0,0,0,0,0.00888544468201832,0,0,-0.00638841657203549,0,0,0
0.0014090581824923,0.755104436946322,-0.0109275060057155,0,0,0.0299205513046588,0,0,0.0627359005117996,0.0472295443621451,-0.0305074115966714,0,-0.0230548081654542,0,0,0,-0.0343690872875566,0,0,0,0,0,0,-0.00304116442910545,0,-0.0604161934662239,0.0176020269337892,0,0,0.256365010061125,0,-0.030302125636794,0,0.335188825204006,0.00606227029398545,-0.0328575872093146,-0.0173627775063325,0,-0.0249308548203675,0,0,0,0,0,0,0,0,0,0,0,0,-0.0317796359599783,0,0,0,0,0,-0.0127094418063553,0,0,0,0.0547388035506873,0,0,0,0,0,0,0,0,0,0,0,0,0,0,0,0,-0.0223655304424991,0,0,0,0,0,0,0,0,0,0,0,0,-0.133416224194938,0,0,0,0,0,0,0,0,0,0,0,-0.0228149973571271,-0.00161777095082433,0,0,0,0,-0.0625049778922724,0,0,0,0,0,0,0,0,0,0,0,0,0,0.00339755927388455,0,0,0,0.0181147112818936,0,0.0411158214472699,0.0629468741417238,0,0,0,-0.0378033697830451,0,0,0,-0.00919133119009737,0,0,-0.118991919240482,0,0,0,0,0,0,0,-0.0307484483155908,0,0,0,0,0,0,0,0,0,0,0,0,-0.026136670888947,0,0,0,0,0,0,0,0,0,0,0,-0.00890455675237316,0,0,0,0,0,0.0388196392971336,0,0,-0.0518996814881369,0,0,0
0.00184150127562759,0.828899585971876,-0.0114283514450681,0,0,0,0,0,0.146302255333143,0,0,0,0,0,-0.00253979691001092,0,0,0,0,0,0,0,0,0,0,-0.00726464235440878,0.0197172337391757,0,0,0.0475513267464811,0,0,0,0.128687149514127,0.00623068884552257,-0.0228246738726809,0,0,0,0,0,0,0,0,0,0,0,0,0,0,0,-0.0422244681235617,0,0,0,0,0,-0.00413803170015092,0,0,0,0.00147759538491655,0.0229855492304291,0,0,0,0,0,0,0,0,0,0,0,0,0,0,0,-0.00813385361251423,0,0,0,0,0,0,0,0,0,0,0,0,-0.0879469135020221,0,0,0,0,0,0,0,0,-0.0108747070389474,0,0,0,0,0,0,0,0,-0.00317598774826908,0,0,0,0,0,0,0,0,0,0,0,0,0,0,0,0,0,0,0,0,0.0554290943293651,0,0,0,0,0,0,0,0,0,0,-0.0329474976887938,0,0,0,0,0,0,0,0,0,0,0,0,0,0,0,0,0,0,0,0,0,0,0,0,0,0,0,0,0,0,0,0,0,0,0,0,0,0,0,0,0,0,0,0,0
0.00102357615611347,0.634776913292796,0,0,0,0,0,0,0.197376400162338,0,0,0,0,0,-0.0160183159258983,0,0,0,0,0,0,0,0,0,0,0,0,0,0,0.00556926192915727,0,0,0,0.0559279276363009,0,-0.0204185476015951,0,0,0,0,0,0,0,0,0,0,0,0,0,0,0,-0.0351627832643662,0,0,0,0,-0.0275174337624305,0,0,0,0,0,0,0,0,0,0,0,0,-0.0250592790955303,0,0,0,0,0,0,0,0,0,0,0,0,0,0,0,0,0,0,0,0,0,0,0,0,0,0,0,0,0,0,0,0,0,0,0,0,0,0,0,0,0,0,0,0,0,0,0,0,0,0,0,0,0,0,0,0,0,0,0,0,0.0323639971758566,0,0,0,0,0,0,0,0,0,0,-0.0374974446385813,0,0,0,0,0,-0.000976738671047005,0,0,0,0,0,0,0,0,0,0,-0.00522192697763069,0,0,0,0,0,0,0,0,0,0,0,0,0,0,0,0,0,0,0,0,0,0,0,0,0,0,0,0
0.00180650102417812,0.737343634321603,0,0,0,0,0,0,0.137893858570916,0,0,0,0,0,0,0,0,0,0,0,0,0,0,0,0,0,0.0435641842170632,0,0,0.0120392257780236,0,0,0,0.0327541465860402,0,-0.000445761781897884,0,0,0,0,0,0,0,0,0,0,0,0,0,0,0,-0.0563036447697683,0,0,0,0,0,0,0,0,0,0,0,0,0,0,0,0,0,-0.00917206237205128,0,0,0,0,0,0,0,0,-0.0348581380520957,0,0,0,0,0,0,0,0,0,0,0,0,-0.0657078478159122,0,0,0,0,0,0,0,0,0,0,-0.0103823036209161,0,0,0,0,0,0,-0.00458884804287469,0,0,0,0,0,0,0,0,0,0,0,0,0,0,0,0,0,0,0,0,0.054609260311287,0,0,0,0,0,0,0,0,0,0.011015509651723,-0.039408676456911,0,0,0,0,0,0,0,0,0,0,0,0,0,0,0,0,-0.0052295245556591,0,0,0,0,0,0,0,0,0,0,0,0,0,0,0,0,0,0,0,0,0,0,0,0,0,0,0.00262577024288572,0
0.00151753897422631,0.727932025764883,0,0,0,0,0,0,0.155768503684519,0,0,0,0,0,-0.0218681590926319,0,0,0,0,0,0,0,0,0,0,0,0.0170158937597558,0,0,0,0,0,0,0.0574859373255158,0,-0.0197911979945313,0,0,0,0,0,0,0,0,0,0,0,0,0,0,0,-0.0361930685892375,0,0,0,0,-0.000455991883621496,0,0,0,0,0,0,0,0,0,0,0,0,-0.0102819067092202,0,0,0,0,0,0,0,0,-0.0123712835151548,0,0,0,0,0,0,0,0,0,0,0,0,-0.0401577109259728,0,0,0,0,0,0,0,0,0,0.0312871347105295,-0.0133661473598061,-0.0113180526260012,0,0,0,0,0,0,0,0,0,0,0,0,0,0,0,0,0,0,0,0,0,0,0,0,0,0,0.056619844797195,0,0,0,0,0,0,0,0,0,0,-0.0338655178002836,0,0,0,0,0,0,0,0,0,0,0,0,0,0,0,0,0,0,0,0,0,0,0,0,0,0,0,0,0,0,0,0,0,0,0,0,0,0,0,0,0,-0.0000573436461794071,0,0,0
0.00175455002095669,0.801949306033092,0,0,0,0,0,0,0.155781342512247,0,0,0,0,0,-0.00611933370037509,0,0,0,0,0,0,0,0,0,0,0,0.0112902724887506,0,0,0.00177797192487666,0,0,0,0.0570874964883109,0,-0.0164177388678201,0,0,0,0,0,0,0,0,0,0,0,0,0,0,0,-0.0314714622357654,0,0,0,0,0,0,0,0,0,0,0,0,0,0,0,0,0,0,0,0,0,0,0,0,0,0,-0.00614149727902235,0,0,0,0,0,0,0,0,0,0,0,0,-0.0447352569488828,0,0,0,0,0,0,0,0,0,0,-0.00422375193569389,-0.00122976749409916,0,0,0,0,0,0,0,0,0,0,0,0,0,0,0,0,0,0,0,0,0,0,0,0,0,0,0.0451869840544049,0,0,0,0,0,0,0,0,0,0,-0.0144776538171064,0,0,0,0,0,0,0,0,0,0,0,0,0,0,0,0,0,0,0,0,0,0,0,0,0,0,0,0,0,0,0,0,0,0,0,0,0,0,0,0,0,0,0,0,0
0.00164726436763018,0.778614746053997,0,0,0,0,0,0,0.164368290561855,0,0,0,0,0,-0.00770265464718781,0,0,0,0,0,0,0,0,0,0,0,0,-0.000338748726363103,0,0.0111334754808169,0,0,0,0.0362291615543806,0,0,0,0,0,0,0,0,0,0,0,0,0,0,0,0,0,-0.0257148278889229,0,0,0,0,-0.00187600207124531,0,0,0,0,0,0,0,0,0,0,0,0,0,0,0,0,0,0,0,0,0,-0.000358213764127592,0,0,0,0,0,0,0,0,0,0,0,0,-0.0265868690155029,0,0,0,0,0,0,0,0,0,0,-0.00360206817173886,-0.000618673293805848,0,0,0,0,0,0,0,0,0,0,0,0,0,0,0,0,0,0,0,0,0,0,0,0,0,0,0.030829041129441,0,0,0,0,0,0,0,0,0,0,-0.00773083586899594,0,0,0,0,0,0,0,0,0,0,0,0,0,0,0,0,0,0,0,0,0,0,0,0,0,0,0,0,0,0,0,0,0,0,0,0,0,0,0,0,0,0,0,0,0
0.00163282750873631,0.769006712213464,0,0,0,0,0,0,0.151109783258363,0,0,0,0,0,0,0,0,0,0,0,0,0,0,0,0,0,0.0463918969844679,0,0,0.00568527450874967,0,0,0,0,0,0,0,0,0,0,0,0,0,0,0,0,0,0,0,0,0,-0.00893789908278485,0,0,0,0,0,0,0,0,0,0,0,0,0,0,0,0,0,0,0,0,0,0,0,0,0,0,-0.00405428040816449,0,0,0,0,0,0,0,0,0,0,0,0,-0.0122491098531452,0,0,0,0,0,0,0,0,0,0,-0.00475155531441289,0,0,0,0,0,0,0,0,0,0,0,0,0,0,0,0,0,0,0,0,0,0,0,0,0,0,0,0.0244786440145259,0,0,0,0,0,0,0,0,0,0,-0.00811827476045401,0,0,0,0,0,0,0,0,0,0,0,0,0,0,0,0,0,0,0,0,0,0,0,0,0,0,0,0,0,0,0,0,0,0,0,0,0,0,0,0,0,0,0,0,0
0.00141665808660964,0.722229849151985,0,0,0,0,0,0,0.170866099713719,0,0,0,0,0,-0.00464964902244803,0,0,0,0,0,0,0,0,0,0,0,0,-0.0122740132847239,0,0,0,0,0,0,0,0,0,0,0,0,0,0,0,0,0,0,0,0,0,0,0,-0.00378490959098718,0,0,0,0,0,0,0,0,0,0,0,0,0,0,0,0,0,0,0,0,0,0,0,0,0,0,-0.00265882555764942,0,0,0,0,0,0,0,0,0,0,0,0,0,0,0,0,0,0,0,0,0,0,0.0132767448623011,-0.0078084861082669,0,0,0,0,0,0,0,0,0,0,0,0,0,0,0,0,0,0,0,0,0,0,0,0,0,0,0,0.0241318670269478,0,0,0,0,0,0,0,0,0,0,-0.0103047635259551,0,0,0,0,0,0,0,0,0,0,0,0,0,0,0,0,-0.0158402708579592,0,0,0,0,0,0,0,0,0,0,0,0,0,0,0,0,0,0,0,0,0,0,0,0,0,0,0,0
0.00121165174288445,0.674393913368406,0,0,0,0,0,0,0.160274631711002,0,0,0,0,0,-0.00502650295091821,0,0,0,0,0,0,0,0,0,0,0,0,-0.0076065304617096,0,0,0,0,0,0.00324478965923371,0,0,0,0,0,0,0,0,0,0,0,0,0,0,0,0,0,-0.0127959911649899,0,0,0,0,0,0,0,0,0,0,0,0,0,0,0,0,0,0,0,0,0,0,0,0,0,0,-0.00109613785396065,0,0,0,0,0,0,0,0,0,0,0,0,0,0,0,0,0,0,0,0,0,0,0.018987819090769,0,-0.00411506466680557,0,0,0,0,0,0,0,0,0,0,0,0,0,0,0,0,0,0,0,0,0,0,0,0,0,0,0.0181875575436022,0,0,0,0,0,0,0,0,0,0,-0.0207214665820355,0,0,0,0,0,0,0,0,0,0,0,0,0,0,0,0,-0.0202169686081139,0,0,0,0,0,0,0,0,0,0,0,0,0,0,0,0,0,0,0,0,0,0,0,0,0,0,0,0
0.00141615756393032,0.734236188945385,0,0,0,0,0,0,0.128089541645454,0,0,0,0,0,-0.00300028117228233,0,0,0,0,0,0,0,0,0,0,0,0.0133630699921216,-0.000298751874878788,0,0.0173845543453051,0,0,0,0.00723777601597791,0,0,0,0,0,0,0,0,0,0,0,0,0,0,0,0,0,-0.0275681819893057,0,0,0,0,0,0,0,0,0,0,0,0,0,0,0,0,0,0,0,0,0,0,0,0,0,0,0,0,0,0,0,0,0,0,0,0,0,0,0,0,0,0,0,0,0,0,0,0,0,0,0,0,0,0,0,0,0,0,0,0,0,0,0,0,0,0,0,0,0,0,0,0,0,0,0,0,0,0,0.00471185541308714,0,0,0,0,0,0,0,0,0,0.00225199874345171,-0.0201642496117002,0,0,0,0,0,0,0,0,0,0,0,0,0,0,0,0,-0.000983355787870264,0,0,0,0,0,0,0,0,0,0,0,0,0,0,0,0,0,0,0,0,0,0,0,0,0,0,0,0
0.00111816482296619,0.714500690777982,0,0,0,0,0,0,0.136598472496514,0,0,0,0,0,0,0,0,0,0,0,0,0,0,0,0,0,0,0,0,0.00688572395005015,0,0,0,0,0,0,0,0,0,0,0,0,0,0,0,0,0,0,0,0,0,-0.0218907857659044,0,0,0,0,0,0,0,0,0,0,0,0,0,0,0,0,0,0,0,0,0,0,0,0,0,0,0,0,0,0,0,0,0,0,0,0,0,0,0,0,0,0,0,0,0,0,0,0,0,0,0,0,0,0,0,0,0,0,0,0,0,0,0,0,0,0,0,0,0,0,0,0,0,0,0,0,0,0,0,0,0,0,0,0,0.00416901746372926,0,0,0,0,0,0,0,0,0,0,0,0,0,0,0,0,0,0,0,0,0,0,0,0,0,0,0,0,0,0,0,0,0,0,0,0,0,0,0,0,0,0,0,0,0,0,0,0,0,0
0.00164919378860485,0.743465910026301,-0.0445506624583875,0,0,0,0,0,0.0936403314584928,0,0,0,0,0,0,0,0,0,0,0,0,0,0,0,0,0,0,0,0,0.0937576283204194,0,0,0,0.131485328769242,0,0,0,0,0,0,0,0,0,0,0,0,0,0,0,0,0.0165720930468502,-0.00853556571590569,0,0,0,0,0,-0.00955521967203461,0,-0.0107672928629749,0,0,0,0,0,0,0,0,0,0,0,0,0,0,0,-0.00035571825927132,0,0,-0.0284370827464287,0,0,0,0,0,0,0,0,0,0,0,0,-0.0797543652513278,0,0,0,0,0,0,0,0,0,0,0,0,0,0,0,0,0,-0.0203693857012594,0,0,0,0,0,0,0,0,0,0,0,0,0,0,0,0,0,0,0,0,0.0548177429867344,0,0,0,-0.000145816460037279,0,0,0,0,0,0.00725057031908383,-0.0259272292469286,0,0,0,0,0,0,0,0,0,0,0,0,0,0,0,0,0,0,0,0,0,0,0,0,0,0,0,0,0,0,0,0,0,0,0,0,0,0,0,0,0,0,0,0,0
0.0012670233979216,0.663890399584054,-0.0322000840216372,0,0,0,0,0,0.133202235055702,0,0,0,0,0,0,0,0,0,0,0,0,0,0,0,0,0,0,0,0,0.0347917502474715,0,0,0,0.103036383352255,0,0,0,0,0,0,0,0,0,0,0,0,0,0,0,0,0,-0.0421256007735307,0,0,0,0,0,0,0,0,0,0,0,0,0,0,0,0,0,0,0,0,0,0,0,0,0,0,0,0,0,0,0,0,0,0,0,0,0,0,0,0,0,0,0,0,0,0,0,0,0,0,0,0,0,0,0,0,0,0,0,0,0,0,0,0,0,0,0,0,0,0,0,0,0,0,0,0,0,0,0.0128363919561019,0,0,0,0,0,0,0,0,0,0,-0.0124108038401587,0,0,0,0,0,0,0,0,0,0,0,0,0,0,0,0,0,0,0,0,0,0,0,0,0,0,0,0,0,0,0,0,0,0,0,0,0,0,0,0,0,0,0,0,0
0.00129345597668546,0.677259569634735,0,0,0,0,0,0,0.165932541128034,0,0,0,0,0,-0.000288846117792336,0,0,0,0,0,0,0,0,0,0,0,0,0,0,0.0268541071978376,0,0,0,0.0111571922853507,0,0,0,0,0,0,0,0,0,0,0,0,0,0,0,0,0,-0.0161858801289183,0,0,0,0,0,0,0,0,0,0,0,0,0,0,0,0,0,0,0,0,0,0,0,0,0,0,0,0,0,0,0,0,0,0,0,0,0,0,0,0,0,0,0,0,0,0,0,0,0,0,0,0,0,0,0,0,0,0,0,0,0,0,0,0,0,0,0,0,0,0,0,0,0,0,0,0,0,0.00150780147779777,0,0,0,0,0,0,0,0,0,0,0,0,0,0,0,0,0,0,0,0,0,0,0,0,0,0,0,0,-0.000973595163464844,0,0,0,0,0,0,0,0,0,0,0,0,0,0,0,0,0,0,0,0,0,0,0,0,0,0,0,0
0.00149401692362552,0.740519930345403,-0.0370475881937051,0,0,0,0,0,0.130022273778178,0,0,0,0,0,0,0,0,0,0,0,0,0,0,0,0,0,0.0599232483699841,0,0,0.0902438441357812,0,0,0,0.189082461478494,0,-0.0554186701343442,0,0,0,0,0,0,0,0,0,0,0,0,0,0,0,-0.0338485423597191,0,0,0,0,0,-0.00873732181378673,0,0,0,0.0163329526608596,0,0,0,0,0,0,0,0,0,0,0,0,0,0,0,0,-0.0536858686638352,0,0,0,0,0,0,0,0,0,0,0,0,-0.0712392413869665,0,0,0,0,0,0,0,0,0,0,0,-0.00444530572402849,0,0,0,0,0,-0.0178553013603235,0,0,0,0,0,0,0,0,0,0,0,0,0,0,0,0,0,0,0,0.0753649238351729,0.0925700324995613,0,0,0,-0.00137738003274244,0,0,0,0,0,0,-0.0675903430888484,0,0,0,0,0,0,0,-0.0160865546460439,0,0,0,0,0,0,0,0,0,0,0,0,0,0,0,0,0,0,0,0,0,0,0,0,0,0,0,0,0,0,0.013834161934095,0,0,-0.00232766476016224,0,0,0
0.00172121714516179,0.788700948189649,-0.0301173867670222,0,0,0,0,0,0.132551735534521,0,0,0,0,0,0,0,0,0,0,0,0,0,0,0,0,0,0.0657186172258548,0,0,0.128225523554474,0,0,0,0.12706021416797,0,-0.0192416133918097,-0.000639843946498609,0,0,0,0,0,0,0,0,0,0,0,0,0,0,-0.00834492591540784,0,0,0,0,0,-0.00391901664403227,0,0,0,0.00636360082252282,0,0,0,0,0,0,0,0,0,0,0,0,0,0,0,0,-0.00915826709504804,0,0,0,0,0,0,0,0,0,0,0,0,-0.0884753209717568,0,0,0,0,0,0,0,0,0,0,0,0,0,0,0,0,0,-0.0183324911559085,0,0,0,0,0,0,0,0,0,0,0,0,0,0,0,0,0,0,0,0.0262209720957422,0.0528151494031861,0,0,0,-0.0134440269390305,0,0,0,0,0,0,-0.0270465436935864,0,0,0,0,0,0,0,-0.00556936073301164,0,0,0,0,0,0,0,0,0,0,0,0,0,0,0,0,0,0,0,0,0,0,0,0,0,0,0,0,0,0,0,0,0,0,0,0,0
0.00122331433301528,0.618229179494766,0,0,0,0,0,0,0.157434062847847,0,0,0,0,0,-0.00707418200562599,0,0,0,0,0,0,0,0,0,0,0,0.0657032462654877,0,0,0.0560912062611284,0,0,0,0.089372401113047,0,-0.023240794106608,-0.0111459079091833,0,0,0,0,0,0,0,0,0,0,0,0,0,0,-0.0209100928734579,0,0,0,0,0,-0.000192177016957386,0,0,0,0,0,0,0,0,0,0,0,0,0,0,0,0,0,0,0,0,-0.0456474987426269,0,0,0,0,0,0,0,0,0,0,0,0,-0.00898824123157754,0,0,0,0,0,0,0,0,0,0,-0.00251982402185473,-0.00355226828201065,0,0,0,0,0,-0.0114933403086703,0,0,0,0,0,0,0,0,0,0,0,0,0,0,0,0,0,0,0,0.0490944172079499,0.0770161242276489,0,0,0,0,0,0,0,0,0,0,-0.0497007326871161,0,0,0,0,0,0,0,-0.00233978053675787,0,0,0,0,0,0,0,0,0,0,0,0,0,0,0,0,0,0,0,0,0,0,0,0,0,0,0,0,0,0,0.025871747762483,0,0,0,0,0,0
0.00104290217416905,0.618927578269725,0,0,0,0,0,0,0.132216739245375,0,0,0,0,0,-0.00669478335293939,0,0,0,0,0,0,0,0,0,0,0,0.0385472566749359,0,0,0.0639580881659814,0,0,0,0.0837993095513582,0,-0.0113369798469127,0,0,0,0,0,0,0,0,0,0,0,0,0,0,0,-0.0307417794409638,0,0,0,0,0,0,0,0,0,0,0,0,0,0,0,0,0,0,0,0,0,0,0,0,0,0,-0.024538754328408,0,0,0,0,0,0,0,0,0,0,0,0,0,0,0,0,0,0,0,0,0,0,0,0,0,0,0,0,0,0,-0.0141625471198178,0,0,0,0,0,0,0,0,0,0,0,0,0,0,0,0,0,0,0,0.0237172108488502,0.0457527694183669,0,0,0,0,0,0,0,0,0,0.000925714981349464,-0.0433723271387117,0,0,0,0,0,0,0,0,0,0,0,0,0,0,0,0,0,0,0,0,0,0,0,0,0,0,0,0,0,0,0,0,0,0,0,0,0,0,0,0,0,0,0,0,0
0.000530099148760078,0.478964669472169,0,-0.00283060340249636,0,0,0,0,0.147188993765441,0,0,0,0,0,-0.0150552377653212,0,0,0,0,0,0,0,0,0,0,-0.00985754441646873,0.0133431752514834,-0.0218696915456293,0.0127775485145241,0.0195562740700576,0,0,0,0.205201811654987,0,-0.00489663642614551,-0.054985221793262,0,0,0,0,0,0,0,0.034693366609426,0,0,0,0,0,0,-0.0110733509733985,0,0,0,0,0,-0.0151283725564172,0,0,0,0,0,0,0,0,0,0,0,0,0,0,0,0,0,0,0,0,-0.0775668559310545,0,0,0,0,0,0,0,0,0,0,0,0,-0.00408068202020466,0,0,0,0,0,0,0,0,0,0,-0.00366631496959161,-0.0144622136607007,0,0,0,0,0,-0.0469574032403794,0,0,0,0,0,0,0,0,0,0,0,0,0,0,0,0,0,0,0,0.0975877248002244,0.0883013222453292,0,0,0,0,0,0,0,0,0,0,-0.0833074949640074,0,0,0,0,0,-0.0185635298230272,0,-0.0316283752589363,0,0,0,0,0,0,0,0,0,0,0,0,0,0,0,0,0,0,0,0,0,0,0,0,0,0,0,0,0,0,0.0434003423026337,0.018417077275037,0,-0.0219377535068352,0,0,0
0.000906105852263881,0.549625215118769,-0.048120234860276,0,0,0,0,0,0.162651650293375,0,-0.0745500052911363,0,0,0,0,0,0,0,0,0,0,0,-0.000213920253414311,0,-0.00000029349074411177,0,0.0927183615890787,0,0,0.0969787318689919,0,0,0,0.426437330885769,0,-0.0085406346341357,-0.00697500299590679,0,-0.0067666500289828,0,0,0.0206094987137258,0,0,0,0,0,0,0,0,0,-0.106256453367931,0,0,0.00321489219082735,0,-0.0237957733236449,-0.0285428907893702,0,0,0,0.0367472644248833,0,0,0,0,0,0,0,0,0,0,0,0,0,0,0,0,-0.0382022866768191,0,0,0,0,0,0,-0.0300068505841546,0,0,0,0,0,0,0,0,0,0,0,0,0,-0.0149612677859003,0,0,0,0,0,0,0,0,0,-0.0902882256879236,0,0,0,0,0,0,0,0,0,0,0,0,0,0,0,0,0,0,0,0.00948613529931853,0.119385719680738,0,0,0,-0.0609078537905988,0,0,0,0,0,0,-0.0326620431496002,0,0,0,0,0,0,0,-0.0308426383963134,0,0,0.154959889379485,0,0,0,-0.000795483511237029,0,0,0,0,0,-0.0792043724276107,0,0,0,0,0,0,0,0,0,0,0,0,0,0,0,0.00439903155091124,0,0,0,0,-0.0348680222401692,0,0,0
0.00103219410158444,0.533084856495476,-0.0536960758826631,0,0,0,0,0,0.108345003175759,0,0,0,0,0,0,0,0,0,0,0,-0.00182627637503481,0,-0.0113753770456966,0,0,0,0.0534765223724851,0,0,0.0459551440027956,0,0,0,0.128033461560537,0,-0.0128352508167702,0,0,0,0,0,0,0,0,0,0,0,0,0,0,0,-0.02895744961964,0,0,0,0,0,0,0,-0.017777981305746,0,0,0,0,0,0,0,0,0,0,0,0,0,0,0,0,0,0,-0.0489098913838127,0,0,0,0,0,0,0,0,0,0,0,0,0,0,0,0,0,0,0,0,0,0,0,0,0,0,0,0,0,0,-0.0267056333552372,0,0,0,0,0,0,0,0,0,0,0,0,0,0,0,0,0,0,0,0.00607753860138877,0.071833794548981,0,0,0,0,0,0.00147652677257595,0,0,0,0,-0.0497504674377088,0,0,0,0,0,0,0,-0.0031815231223376,0,0,0,0,0,0,0,0,0,0,0,0,0,0,0,0,0,0,0,0,0,0,0,0,0,0,0,0,0,0,0,0,0,0,0,0,0
0.000575489275717106,0.555318095218664,0,0,0,0,0,0,0.143285290658918,0,0,0,0,0,-0.0172588932024631,0,0,0,0,0,0,0,0,0,0,0,0.0453301947067008,-0.0139167135056332,0,0.0281495029364393,0,0,0,0.0889344612599189,0,-0.000800740040761211,-0.00280904379913982,0,0,0,0,0,0,0,0,0,0,0,0,0,0,-0.0147745230555112,0,0,0,0,0,0,0,0,0,0,0,0,0,0,0,0,0,0,0,0,0,0,0,0,0,0,-0.0197582297616609,0,0,0,0,0,0,0,0,0,0,0,0,0,0,0,0,0,0,0,0,0,0,0,-0.00316845867584892,0,0,0,0,0,0,-0.00419001940361378,0,0,0,0,0,0,0,0,0,0,0,0,0,0,0,0,0,0,0,0,0.00782352184549248,0,0,0,0,0,0,0,0,0,0,-0.0264738765433495,0,0,0,0,0,0,0,0,0,0,0,0,0,0,0,0,0,0,0,0,0,0,0,0,0,0,0,0,0,0,0,0,0,0,0,0,0,0,0,0,0,0,0,0.00426135191359213,0
0.000724433908850429,0.580028813918784,0,0,0,0,0,0,0.147070019784842,0,0,0,0,0,-0.00464017045225529,0,0,0,0,0,0,0,0,0,0,0,0.0647637860604381,-0.0201334524379608,0,0.0257235015551095,0,0,0,0.0504118371144186,0,0,0,0,0,0,0,0,0,0,0,0,0,0,0,0,0,-0.0273372945855445,0,0,0,0,0,0,0,0,0,0,0,0,0,0,0,0,0,0,0,0,0,0,0,0,0,0,-0.00532892895713565,0,0,0,0,0,0,0,0,0,0,0,0,0,0,0,0,0,0,0,0,0,0,0,-0.00850395017971396,0,0,0,0,0,0,-0.015197167227008,0,0,0,0,0,0,0,0,0,0,0,0,0,0,0,0,0,0,0,0.000568195382224741,0,0,0,0,0,0,0.00569460798270309,0,0,0,0,0,0,0,0,0,0,0,0,0,0,0,0,0,0,0,0,0,-0.0150781742107316,0,0,0,0,0,0,0,0,0,0,0,0,0,0,0,0,0,0,0,0,0,0,0,0,0,0,0,0
0.00105533281871596,0.599025926732583,0,0,0,0,0,0,0.109132857158786,0,0,0,0,0,0,0,0,0,0,0,-0.0162557604646214,0,0,0,0,0,0.0145856237781859,0,0,0,0,0,0,0,0,0,0,0,0,0,0,0,0,0,0,0,0,0,0,0,0,-0.0534706194202655,0,0,0,0,0,0,0,0,0,0,0,0,0,0,0,0,0,0,0,0,0,0,0,0,0,0,0,-0.014618337081601,0,0.0204236133603155,0,0,0,0,0,0,0,0,0,0,0,0,0,0,0,0,0,0,0,0,0,0,0,0,0,0,0,-0.00665169123973426,0,0,0,0,0,0,0,0,0,0,0,0,0,0,0,0,0,0,0,0.000678025672668957,0.0303625985733761,0,0,0,0,0,0.0381508290328506,0,0,0,0.0278217571920979,0,0,0,0,0,0,0,0,0,0,0,0,0,0,0,0,0,0,0,0,0,0,0,0,0,0,0,0,0,0,0,0,0,0,0,0,0,0,0,0,0,0,0,0,0.0415679551514262,0
0.000981193085621995,0.550675350116754,-0.0490250964123522,0,0,0,0,0,0.103203527684525,0,0,0,0,0,0,0,0,0,0,0,-0.00535460507573056,0,0,0,0,0,0.0892050385633501,-0.0000788785310057003,0,0.0440743774860072,0,0,0,0.154800119973199,0,-0.0208560672168993,0,0,0,0,0,0,0,0,0,0,0,0,0,0,0,-0.0404364218724842,0,0,0,0,0,-0.00193979203062944,0,-0.0150393381368387,0,0,0,0,0,0,0,0,0,0,0,0,0,0,0,0,0,0,-0.058874511200908,0,0,0,0,0,0,0,0,0,0,0,0,0,0,0,0,0,0,0,0,0,0,0,-0.0245919314836194,0,0,0,0,0,0,-0.0391182756621473,0,0,0,0,0,0,0,0,0,0,0,0,0,0,0,0,0,0,0,0,0.0785595328557713,0,0,0,-0.00782718695307535,0,0,0,0,0,0,-0.0325152092103235,0,0,0,0,0,0,0,-0.0146200858271013,0,0,0,0,0,0,0,0,0,0,0,0,0,0,0,0,0,0,0,0,0,0,0,0,0,0,0,0,0,0,0,0,0,0,0,0.00103933117769086,0
0.00101374000737756,0.576547257999899,-0.020135431216699,0,0,0,0,0,0.10307983689917,0,0,0,0,0,0,0,0,0,0,0,-0.0149685736012603,0,0,0,0,0,0.116846522437655,-0.0253046580308787,0,0.0418219995144787,0,0,0,0.0554671963272996,0,0,0,0,0,0,0,0,0,0,0,0,0,0,0,0,0,-0.0470241985692249,0,0,0,0,0,0,-0.0466998801489865,-0.0104490600098262,0,0,0,0,0,0,0,0,0,0,0,0,0,0,0,0,0,0,-0.0205404312711814,0,0,0.000716147112444303,0,0,0,0,0,0,0,0,0,0,0,0,0,0,0,0,0,0,0,0,-0.00342362184648814,0,0,0,0,0,0,-0.0232958490296637,0,0,0,0,0,0,0,0,0,0,0,0,0,0,0,0,0,0,0,0,0.00653049036986626,0,0,0,-0.0095195180599582,0,0,0,0,0,0,-0.00563805471813188,0,0,0,0,0,0,0,0,0,0,0,0,0,0,0,0.0110026013028518,0,0,0,0,0,0,0,0,0,0,0,0,0,0,0.00566792848523909,0,0,0,0,0,0,0,0,0,0,0,0,0,0
0.000883776224732182,0.582904984291477,0,0,0,0,0,0,0.101404770918439,0,0,0,0,0,-0.0021915596465917,0,0,0,0,0,-0.0211391413195854,0,0,0,0,0,0.12211667897911,-0.0169895005150827,0,0,0,0,0,0.0168510933781545,0,0,0,0,0,0,0,0,0,0.0149639241896168,0,0,0,0,0,0,0,-0.0446566708564325,0,0,0,0,0,0,0,-0.00361197416426211,0,0,0,-0.00204420505603441,0,0,0,0,0,0,0,0,0,0,0,0,0,0,-0.00172345125216405,0,0,0,0,0,0,0,0,0,0,0,0,0,-0.0000501715558341593,0,0,0,0,0.00732012751530802,0,0,0,0.0126830774954516,-0.0290574723231607,0,0,0,0,0,0,-0.00468745170194617,0,0,0,0,0,0,0,0,0,0,0,0,0,0,0,0,0,0,0,0,0,0,0,0,-0.00406727557546943,0,0.00987909945863741,0,0,0,0,0,0,0,0,0,0,0,0,0,0,0,0,0,0,0,0,0.00756598571337876,-0.0181343138415486,0,0,0,0,0,0,0,0,0,0,0,0,0,0.000442259147348552,0,0,0,0,0,0.00612197238755344,0,0,0,0,0,0,0.00163149836728543,0
0.000880007658437534,0.576948861169685,0,0,0,0,0,0,0.114061592908849,0,0,0,0,0,0,0,0,0,0,0,-0.00996374132359423,0,0,0,0,0,0.101695419957837,-0.0272419405115715,0,0.0243965124332254,0,0,0,0.0127856132082632,0,0,0,0,0,0,0,0,0,0.0197893177161654,0,0,0,0,0,0,0,-0.0350561843575707,0,0,0,0,0,0,-0.0570823155993427,0,0,0,0,-0.00978015837918551,0,0,0,0,0,0,0,0,0,0,0,0,0,0,0,0,0,0,0,0,0,0,0,0,0,0,0,0,0,0,0,0,0,0.011506115306327,0,0,0,0,0,0,0,0,0,0,0,-0.0136655007554014,0,0,0,0,0,0,0,0,0,0,0,0,0,0,0,0,0,0,0,0,0,0,0,0,0,0,0,0,0,0,0,0,0,0,0,0,0,0,0,0,0,0,0,0,0,0,0,0,-0.0211847362310575,0,0,0,0,0,0,0,0,0,0,0,0,0,0,0,0,0,0,0,0,0,0,0,0,0,0,0.0232889225327586,0
0.00129552773036336,0.660715534481878,0,0,0,0,0,0,0.0568534338812253,0,0,0,0,0,0,0,0,0,0,0,-0.0130497336869523,0,0,0,0,0,0.075754879232428,-0.0255301344853177,0,0.0307126629854923,0,0,0,0,0,0,0,0,0,0,0,0,0,0.0423003722705253,0,0,0,0,0,0,0,-0.0485735012865188,0,0,0,0,0,0,-0.0342334979701384,0,0,0,0,-0.00419773873892699,0,0,0,0,0,0,0,0,0,0,0,0,0,0,0,0,0,0.00613999139877991,0,0,0,0,0,0,0,0,0,0,-0.00870412649499592,0,0,0,0,0.00823103293410099,0,0,0,0,0,0,0,0,0,0,0,-0.00855460655687414,0,0,0,0,0,0,0,0,0,0,0,0,0,0,0,0,0,0,0,0,0,0,0,0,0,0,0.0214577558745133,0,0,0,0,0,0,0,0,0,0,0,0,0,0,0,0,0,0,0,0,0.00440076333037863,0,0,0,0,0,0,0,0,0,0,0,0,0,0,0,0,0,0,0,0,0,0,0,0,0,0,0,0.0185287470934368,0
0.00158425896526502,0.793189811222405,-0.00397873355334416,0,0,0,0,0,0.00053370731250844,0,0,0,0,0,0,0,0,0,0,0,-0.00838273634275624,0,0,0,0,0,0,-0.012177648744848,0,0.028060728613465,0,0,0,0,0,0,0,0,0,0,0,0,0,0.0120076466935837,0,0,0,0,0,0,0,-0.0634634927753082,0,0,0,0,0,0,0,0,0,0,0,0,0,0,0,0,0,0,0,0,0,0,0,0,0,0,0,-0.0438413286698334,0,0.0240880593430669,0,0,0,0,0,0,0,0,0,0,0,0,0,0,0,0,0,0,0,0,0,0,0,0,-0.00921226876639416,0,0,-0.00801289768932572,0,0,0,0,0,0,0,0,0,0,0,0,0,0,0,0,0,0,0,0,0,0,0,0,0,0,0.0447563316604139,0,0,0,0.00538957884843799,0,0,0,0,0,0,0,0,0,0,0,0,0,0,0,0,0,0,0,0,0,0,0,0,0,0,0,0,0,0,0,0,0,0,0,0,0,0,0,-0.00216312842142388,0,0,0,0,0,0
0.00105844888425138,0.737882879806746,-0.0543571151790346,0,0,0,0,0,0,0,0,0,0,0,0,0,0,0,0,0,-0.00963721517261347,0,0,0,0,0,0,0,0,0.0518312265690628,0,0,0,0,0,0,0,0,0,0,0,0,0,0.196056068331768,0,0,0,0,0,0,0,-0.0670360230096443,-0.00538897686074794,0,0,-0.00654852298294339,0,-0.00848642394206823,-0.0115104728950763,-0.0105859881056427,0,0,0,-0.00134128907223876,0,0,0,0,-0.00560281279530154,0,0,0,0,-0.0495517974770762,0,-0.0193574454748374,0,0,-0.027873781971302,-0.0410866488599226,0,0.0113700968353197,0,0,0,0,0,0,0,0,0,0,0,0,0,0,0,0,0,0,0,0,-0.0392207447478452,0,0,0,-0.0438107641445649,0,0,-0.0318369184492032,0,0,0,0,0,0,0,0,0,0,0,0,0,0,0,0,0,0,0,0,0.0350663449935223,0,0,0,0,0,0.0187126059544901,0,0,0,0.0399062621348059,0,0,0,0,0,0,0,0.038267646171649,-0.0126413806139218,0,0,0,0,0,0,0,0,0,0,0,0,0,0,0,0,0,0,0,0,0,0,0,0,0,0,0,0,0,0,0,0,0,0,0,0.0302294224165211,0
0.00174360592878929,0.740274882188945,-0.026850451294862,-0.00705491144892702,-0.00122795834351085,0,0,0,0,0,0,0,0,0,0,0,0,0,0,0,-0.0272222808706094,0,0,0,0,0,0,0,0,0.0342700132101824,0,0,0,0,0,0,0,0,0,0,0,0,0,0.120211814902579,0,0,0,0,0,0,0,-0.024377444418291,0,0,0,0,0,0,-0.0295462952323095,0,0,0,0,0,0,0,-0.000520991490595517,0,0,0,0,0,0,-0.00844945086862766,0,0,0,0,0,-0.0437758851095906,0,0,0,0,0,0,0,0,0,0,0,0,0,0,0,0,0,0,0,0,0,0,0,0,0,0,-0.0118769781064861,0,0,0,0,0,0,0,0,0,0,0,0,0,0,0,0,0,0,0,0,0,0,0,0.0325482065624005,0,0,0,0,0,0.0489387265642741,0,0,0,0.0486595662778203,0,0,0,0,-0.0258495310816589,0,0,0.00463873745539289,-0.0404165485985022,0,0,0,0,0,0,0,0,0,0,0,0,0,0,0,0,0,0,0,0,0,0,0,0,0,0,0,0,0,0,-0.0098668247635269,0,0,0,0,0,0
NA,NA,NA,NA,NA,NA,NA,NA,NA,NA,NA,NA,NA,NA,NA,NA,NA,NA,NA,NA,NA,NA,NA,NA,NA,NA,NA,NA,NA,NA,NA,NA,NA,NA,NA,NA,NA,NA,NA,NA,NA,NA,NA,NA,NA,NA,NA,NA,NA,NA,NA,NA,NA,NA,NA,NA,NA,NA,NA,NA,NA,NA,NA,NA,NA,NA,NA,NA,NA,NA,NA,NA,NA,NA,NA,NA,NA,NA,NA,NA,NA,NA,NA,NA,NA,NA,NA,NA,NA,NA,NA,NA,NA,NA,NA,NA,NA,NA,NA,NA,NA,NA,NA,NA,NA,NA,NA,NA,NA,NA,NA,NA,NA,NA,NA,NA,NA,NA,NA,NA,NA,NA,NA,NA,NA,NA,NA,NA,NA,NA,NA,NA,NA,NA,NA,NA,NA,NA,NA,NA,NA,NA,NA,NA,NA,NA,NA,NA,NA,NA,NA,NA,NA,NA,NA,NA,NA,NA,NA,NA,NA,NA,NA,NA,NA,NA,NA,NA,NA,NA,NA,NA,NA,NA,NA,NA,NA,NA,NA,NA,NA,NA,NA,NA,NA,NA,NA
0.00178343988943046,0.760795690511017,0,0,0,0,0,0,0,0,0,0,0,0,0,0,0,0,0,0,-0.00118500111007616,0,0,0,0,0,0,-0.0119623390139273,0,0.0157650596826021,0,0,0,0,0,0,0,0,0,0,0,0,0,0.061598061919421,0,0,0,0,0,0,0,-0.056106184666475,-0.000544810727193263,0,0,0,0,0,0,0,0,0,0,0,0,0,-0.00372571230840356,0,0,0,0,0,0,0,0,0,0,0,0,-0.0481638834756079,0,0.0185263458676695,0,0,0,0,0,0,0,0,0,0,-0.0075516690261674,0,0,0,0,0,0,0,0,0,0,0,0,0,-0.00461147234174879,0,0,-0.00474808663390614,0,0,0,0,0,0,0,0,0,0,0,0,0,0,0,0,0,0,0,0,0,0,0,0,0,0,0.0490251922670419,0,0,0,0.0573959644232478,0,0,0,0,0,0,0,0,-0.00395186600016371,0,0,0,0,0,0,0,0,0,0,0,0,0,0,0,0,0,0,0,0,0,0,0,0,0,0,0,0,0,0,0,0,0,0,0,0,0
NA,NA,NA,NA,NA,NA,NA,NA,NA,NA,NA,NA,NA,NA,NA,NA,NA,NA,NA,NA,NA,NA,NA,NA,NA,NA,NA,NA,NA,NA,NA,NA,NA,NA,NA,NA,NA,NA,NA,NA,NA,NA,NA,NA,NA,NA,NA,NA,NA,NA,NA,NA,NA,NA,NA,NA,NA,NA,NA,NA,NA,NA,NA,NA,NA,NA,NA,NA,NA,NA,NA,NA,NA,NA,NA,NA,NA,NA,NA,NA,NA,NA,NA,NA,NA,NA,NA,NA,NA,NA,NA,NA,NA,NA,NA,NA,NA,NA,NA,NA,NA,NA,NA,NA,NA,NA,NA,NA,NA,NA,NA,NA,NA,NA,NA,NA,NA,NA,NA,NA,NA,NA,NA,NA,NA,NA,NA,NA,NA,NA,NA,NA,NA,NA,NA,NA,NA,NA,NA,NA,NA,NA,NA,NA,NA,NA,NA,NA,NA,NA,NA,NA,NA,NA,NA,NA,NA,NA,NA,NA,NA,NA,NA,NA,NA,NA,NA,NA,NA,NA,NA,NA,NA,NA,NA,NA,NA,NA,NA,NA,NA,NA,NA,NA,NA,NA,NA
0.00189559320838226,0.772360425350953,-0.026550028599099,0,0,0,0,0,0,0,0,0,0,0,0,0,0,0,0,0,-0.0170305917662496,0,0,0,0,0,0,0,0,0.0174931235008596,0,0,0,0,0,0,0,0,0,0,0,0,0,0.0820718918294614,0,0,0,0,0,0,0,-0.0627531269945071,-0.000360025368424478,0,0,0,0,0,0,0,0,0,0,0,0,0,0,0,0,0,0,0,0,-0.0256138553020176,0,0,0,0,0,-0.0506474816525591,0,0.0318260063151451,0,0,0,0,0,0,0,0,0,0,-0.0100063046503688,0,0,0,0,0,0,0,0,0,0,0,0,0,-0.00490326470407835,0,0,-0.00349575026879915,0,0,0,0,0,0,0,0,0,0,0,0,0,0,0,0,0,0,0,0,0,0,0,0,0,0,0.0467265869821389,0,0,0,0.0465341791326043,0,0,0,0,0,0,0,0,-0.0107214555422633,0,0,0,0,0,0,0,0,0,0,0,0,0,0,0,0,0,0,0,0,0,0,0,0,0,0,0,0,0,0,0,0,0,0,0,0.0200511815503216,0
0.00183009638249142,0.773580822223771,-0.00631657434373329,0,0,0,0,0,0,0,0,0,0,0.000838609837550445,0,0,0,0,0,0,-0.00997251996986331,0,0,0,0,0,0,0,0,0.0316738535847988,0,0,0,0,0,0,0,0,0,0,0,0,0,0.0852965456195589,0,0,0,0,0,0,0,-0.070782364149209,-0.0162234011280983,0,0,0,0,0,0,0,0,0,0,0,0,0,0,0,0,0,0,0,0,-0.0159490675739606,0,0,0,0,0,-0.0629526883558688,0,0.0246101521908687,0,0,0,0,0,0,0,0,0,0,0,0,0,0,0,0,0,0,0,0,0,0,0,0,-0.00572829285931581,0,0,-0.0283536746917744,0,0,0,0,0,0,0,0,0,0,0,0,0,0,0,0,0,0,0,0,0,0,0,0,0,0,0.046297580430578,0,0,0,0.0564241249542838,0,0,0,0,0,0,0,0,-0.000286739158410205,0,0,0,0,0,0,0,0,0,0,0,0,0,0,0,0,0,0,0,0,0,0,0,0,0,0,0,0,0,0,0,0,0,0,0,0.0119502619298799,0
0.00174870114798135,0.769468746295152,0,0,0,0,0,0,0,0,0,0,0,0.00345302395802776,0,0,0,0,0,0,-0.010194821260602,0,0,0,0,0,0,0,0,0.028302343283549,0,0,0,0,0,0,0,0,0,0,0.00134685050527505,0,0,0.0732072849994339,0,0,0,0,0,0,0,-0.07555193706918,-0.0132404087437962,0,0,0,0,0,0,0,0,0,0,0,0,0,-0.0107760087282118,0,0,0,0,0,0,-0.0118703743937926,0,0,0,0,0,-0.0455059608978091,0,0.026593666051558,0,0,0,0,0,0,0,0,0,0,0,0,0,0,0,0,0,0,0,0,0,0,0,0,-0.00445113274753432,0,0,-0.0474329900895487,0,0,0,0,0,0,0,0,0,0,0,0,0,0,0,0,0,0,0,0,0,0,-0.0180817608458818,0,0,0,0.0345446034324708,0,0,0,0.0470346863543605,0,0,0,0,0,0,0,0,0,0,0,0,0,0,0,0,0,0,0,0,0,0,0,0,0,0,0,0,0,0,0,0,0,0,0,0,0,0,0,0,0,0,0,0,0,0
0.00171258543257237,0.790726832920353,0,0,0,0,0,0,0,0,0,0,0,0.000448853894273492,0,0,0,0,0,0,-0.00683498197110309,0,0,0,0,0,0,0,0,0.0194767855446011,0,0,0,0,0,0,0,0,0,0,0.00368411727482446,0,0,0.0382243771966424,0,0,0,0,0,0,0.00153023612381884,-0.0537219694019949,-0.0074388490709585,0,0,0,0,0,0,0,0,0,0,0,0,0,0,0,0,0,0,0,0,0,0,0,0,0,0,-0.050201303369872,0,0.0197205075099337,0,0,0,0,0,0,0,0,0,0,0,0,0,0,0,0,0,0,0,0,0,0,0,0,0,-0.000421467849475774,0,-0.0193491693599914,0,0,0,0,0,0,0,0,0,0,0,0,0,0,0,0,0,0,0,0,0,0,0,0,0,0,0.0349388831260784,0,0,0,0.0427297992507276,0,0,0,0,0,0,0,0,0,0,0,0,0,0,0,0,0,0,0,0,0,0,0,0,0,0,0,0,0,0,0,0,0,0,0,0,0,0,0,0,0,0,0,0,0,0
0.00144230325917156,0.74857437176994,0,0,0,0,0,0,0.0436354763922956,0,0,0,0,0,0,0,0,0,0,0,-0.00568847711832904,0,0,0,0,0,0,0,0,0.0179632022875458,0,0,0,0,0,0,0,0,0,0,0,0,0,0.0245734450664535,0,0,0,0,0,0,0,-0.0464077114409912,0,0,0,0,0,0,0,0,0,0,0,0,0,0,0,0,0,0,0,0,0,0,0,0,0,0,0,-0.00564705266513089,0,0.00791683490910759,0,0,0,0,0,0,0,0,0,0,0,0,0,0,0,0,0,0,0,0,0,0,0,0,0,0,0,-0.00830383583747838,0,0,0,0,0,0,0,0,0,0,0,0,0,0,0,0,0,0,0,0,0,0,0,0,0,0,0.0507832176306074,0,0,0,0.00343436839476369,0,0,0,0,0,0,0,0,0,0,0,0,0,0,0,0,0,0,0,0,0,0,0,0,0,0,0,0,0,0,0,0,0,0,0,0,0,0,0,0,0,0,0,0,0,0
0.00177760898621037,0.760847419296399,0,0,0,0,0,0,0.0290606918518707,0,0,0,0,0,0,0,0,0,0,0,-0.00783194572734705,0,0,0,0,0,0,-0.00995256616506655,0,0.00235538742615618,0,0,0,0,0,0,0,0,0,0,0,0,0,0.0275047631893862,0,0,0,0,0,0,0,-0.0305094755363963,0,0,0,0,0,0,0,0,0,0,0,0,0,0,0,0,0,0,0,0,0,0,0,0,0,0,0,-0.0250863504019792,0,0,0,0,0,0,0,0,0,0,0,0,-0.00153537182244441,0,0,0,0,0,0,0,0,0,0,0,0,0,0,0,0,-0.0169781130890047,0,0,0,0,0,0,0,0,0,0,0,0,0,0,0,0,0,0,0,0,0,0,0,0,0,0,0.0598943644079612,0,0,0,0.0260488773086843,0,0,0,0,0,0,0,0,0,0,0,0,0,0,0,0,0,0,0,0,0,0,0,0,0,0,0,0,0,0,0,0,0,0,0,0,0,0,0,0,0,0,0,0,0.0181633340209705,0
