"intercept","Dinoflagellata_1542_1_tp_2","temperature_tp_2","Actinobacteria_410_1_tp_2","Actinobacteria_410_2_tp_2","Archaea_164_1_tp_2","Archaea_164_2_tp_2","Archaea_179_1_tp_2","Bacillariophyta_100_1_tp_2","Bacillariophyta_123_1_tp_2","Bacillariophyta_138_1_tp_2","Bacillariophyta_196_1_tp_2","Bacillariophyta_219_1_tp_2","Bacillariophyta_29_1_tp_2","Bacillariophyta_31_1_tp_2","Bacillariophyta_44_1_tp_2","Bacteroidetes_1151_1_tp_2","Bacteroidetes_1166_1_tp_2","Bacteroidetes_1166_2_tp_2","Bacteroidetes_1167_1_tp_2","Bacteroidetes_1178_1_tp_2","Bacteroidetes_1186_1_tp_2","Bacteroidetes_1194_1_tp_2","Bacteroidetes_1204_1_tp_2","Bacteroidetes_1224_1_tp_2","Bacteroidetes_1235_1_tp_2","Bacteroidetes_1249_1_tp_2","Bacteroidetes_1264_1_tp_2","Bacteroidetes_129_1_tp_2","Bacteroidetes_129_2_tp_2","Bacteroidetes_131_1_tp_2","Bacteroidetes_1349_1_tp_2","Bacteroidetes_1360_1_tp_2","Bacteroidetes_1360_2_tp_2","Bacteroidetes_1360_3_tp_2","Bacteroidetes_1360_4_tp_2","Bacteroidetes_1360_5_tp_2","Bacteroidetes_317_1_tp_2","Bacteroidetes_918_1_tp_2","Bacteroidetes_918_2_tp_2","Bacteroidetes_918_3_tp_2","Bacteroidetes_918_4_tp_2","Bacteroidetes_918_5_tp_2","Bacteroidetes_919_1_tp_2","Bacteroidetes_919_2_tp_2","Bacteroidetes_919_3_tp_2","Bacteroidetes_938_1_tp_2","Bacteroidetes_956_1_tp_2","Cercozoa_22_1_tp_2","Cercozoa_23_1_tp_2","Cercozoa_291_1_tp_2","Cercozoa_395_1_tp_2","Chlorophyta__streptophyta_120_1_tp_2","Chlorophyta__streptophyta_732_1_tp_2","Chlorophyta__streptophyta_751_1_tp_2","Chlorophyta__streptophyta_833_1_tp_2","Chlorophyta__streptophyta_845_1_tp_2","Chlorophyta__streptophyta_848_1_tp_2","Chlorophyta__streptophyta_895_1_tp_2","Chrysophyceae_16_1_tp_2","Ciliophora_1195_1_tp_2","Ciliophora_234_1_tp_2","Ciliophora_280_1_tp_2","Ciliophora_298_1_tp_2","Ciliophora_403_1_tp_2","Ciliophora_451_1_tp_2","Cryptophyta_108_1_tp_2","Cryptophyta_15_1_tp_2","Cryptophyta_15_2_tp_2","Cyanobacteria_48_1_tp_2","Cyanobacteria_65_1_tp_2","Cyanobacteria_73_1_tp_2","Cyanobacteria_85_1_tp_2","Dictyochophyceae_6_1_tp_2","Dinoflagellata_1009_1_tp_2","Dinoflagellata_1010_1_tp_2","Dinoflagellata_1014_1_tp_2","Dinoflagellata_1017_1_tp_2","Dinoflagellata_1098_1_tp_2","Dinoflagellata_1198_1_tp_2","Dinoflagellata_124_1_tp_2","Dinoflagellata_1496_1_tp_2","Dinoflagellata_1555_1_tp_2","Dinoflagellata_1658_1_tp_2","Dinoflagellata_1711_1_tp_2","Dinoflagellata_1728_1_tp_2","Dinoflagellata_1728_2_tp_2","Dinoflagellata_1749_1_tp_2","Dinoflagellata_1758_1_tp_2","Dinoflagellata_1769_1_tp_2","Dinoflagellata_1771_1_tp_2","Dinoflagellata_1771_2_tp_2","Dinoflagellata_1793_1_tp_2","Dinoflagellata_1862_1_tp_2","Dinoflagellata_1968_1_tp_2","Dinoflagellata_874_1_tp_2","Dinoflagellata_955_1_tp_2","Dinoflagellata_982_1_tp_2","Div_reps_1600_1_tp_2","Div_reps_1600_2_tp_2","Div_reps_2942_1_tp_2","Haptophyta_148_1_tp_2","Haptophyta_203_1_tp_2","Katablepharidophyta_7_1_tp_2","Lobosa_11_1_tp_2","Nitrospirae_9_1_tp_2","Perkinsea_33_1_tp_2","Perkinsea_44_1_tp_2","Phylum_reps_1954_1_tp_2","Phylum_reps_1985_1_tp_2","Phylum_reps_2301_1_tp_2","Picozoa_18_1_tp_2","Picozoa_6_1_tp_2","Planctomycetes_27_1_tp_2","Planctomycetes_34_1_tp_2","Planctomycetes_61_1_tp_2","Proteobacteria_10091_1_tp_2","Proteobacteria_10114_1_tp_2","Proteobacteria_10168_1_tp_2","Proteobacteria_11120_1_tp_2","Proteobacteria_11155_1_tp_2","Proteobacteria_11155_2_tp_2","Proteobacteria_11190_1_tp_2","Proteobacteria_11210_1_tp_2","Proteobacteria_11210_2_tp_2","Proteobacteria_11428_1_tp_2","Proteobacteria_11429_1_tp_2","Proteobacteria_11429_2_tp_2","Proteobacteria_11429_3_tp_2","Proteobacteria_11429_4_tp_2","Proteobacteria_11431_1_tp_2","Proteobacteria_11431_2_tp_2","Proteobacteria_22_1_tp_2","Proteobacteria_5436_1_tp_2","Proteobacteria_5461_1_tp_2","Proteobacteria_6384_1_tp_2","Proteobacteria_6847_1_tp_2","Proteobacteria_7100_1_tp_2","Proteobacteria_7166_1_tp_2","Proteobacteria_7174_1_tp_2","Proteobacteria_7230_1_tp_2","Proteobacteria_7230_2_tp_2","Proteobacteria_7230_3_tp_2","Proteobacteria_7231_1_tp_2","Proteobacteria_7289_1_tp_2","Proteobacteria_7295_1_tp_2","Proteobacteria_7313_1_tp_2","Proteobacteria_7314_1_tp_2","Proteobacteria_7316_1_tp_2","Proteobacteria_7319_1_tp_2","Proteobacteria_7364_1_tp_2","Proteobacteria_7787_1_tp_2","Proteobacteria_7982_1_tp_2","Proteobacteria_7982_2_tp_2","Proteobacteria_7983_1_tp_2","Proteobacteria_7983_2_tp_2","Proteobacteria_7983_3_tp_2","Proteobacteria_7983_4_tp_2","Proteobacteria_7983_5_tp_2","Proteobacteria_7983_6_tp_2","Proteobacteria_7983_7_tp_2","Proteobacteria_7983_8_tp_2","Proteobacteria_7984_1_tp_2","Proteobacteria_8175_1_tp_2","Proteobacteria_8176_1_tp_2","Proteobacteria_8176_2_tp_2","Proteobacteria_8177_1_tp_2","Proteobacteria_8177_2_tp_2","Proteobacteria_8178_1_tp_2","Proteobacteria_8185_1_tp_2","Proteobacteria_8520_1_tp_2","Proteobacteria_9649_1_tp_2","Proteobacteria_9681_1_tp_2","Proteobacteria_9681_2_tp_2","Pseudofungi_43_1_tp_2","Radiolaria_104_1_tp_2","Raphidophyceae_3_1_tp_2","Rhodophyta_506_1_tp_2","Sagenista_53_1_tp_2","Sagenista_61_1_tp_2","Verrucomicrobia_18_1_tp_2","Verrucomicrobia_18_2_tp_2","Verrucomicrobia_18_3_tp_2","Verrucomicrobia_18_4_tp_2","Verrucomicrobia_22_1_tp_2","Verrucomicrobia_22_2_tp_2","Verrucomicrobia_23_1_tp_2"
NA,NA,NA,NA,NA,NA,NA,NA,NA,NA,NA,NA,NA,NA,NA,NA,NA,NA,NA,NA,NA,NA,NA,NA,NA,NA,NA,NA,NA,NA,NA,NA,NA,NA,NA,NA,NA,NA,NA,NA,NA,NA,NA,NA,NA,NA,NA,NA,NA,NA,NA,NA,NA,NA,NA,NA,NA,NA,NA,NA,NA,NA,NA,NA,NA,NA,NA,NA,NA,NA,NA,NA,NA,NA,NA,NA,NA,NA,NA,NA,NA,NA,NA,NA,NA,NA,NA,NA,NA,NA,NA,NA,NA,NA,NA,NA,NA,NA,NA,NA,NA,NA,NA,NA,NA,NA,NA,NA,NA,NA,NA,NA,NA,NA,NA,NA,NA,NA,NA,NA,NA,NA,NA,NA,NA,NA,NA,NA,NA,NA,NA,NA,NA,NA,NA,NA,NA,NA,NA,NA,NA,NA,NA,NA,NA,NA,NA,NA,NA,NA,NA,NA,NA,NA,NA,NA,NA,NA,NA,NA,NA,NA,NA,NA,NA,NA,NA,NA,NA,NA,NA,NA,NA,NA,NA,NA,NA,NA,NA,NA,NA,NA,NA,NA,NA,NA,NA
NA,NA,NA,NA,NA,NA,NA,NA,NA,NA,NA,NA,NA,NA,NA,NA,NA,NA,NA,NA,NA,NA,NA,NA,NA,NA,NA,NA,NA,NA,NA,NA,NA,NA,NA,NA,NA,NA,NA,NA,NA,NA,NA,NA,NA,NA,NA,NA,NA,NA,NA,NA,NA,NA,NA,NA,NA,NA,NA,NA,NA,NA,NA,NA,NA,NA,NA,NA,NA,NA,NA,NA,NA,NA,NA,NA,NA,NA,NA,NA,NA,NA,NA,NA,NA,NA,NA,NA,NA,NA,NA,NA,NA,NA,NA,NA,NA,NA,NA,NA,NA,NA,NA,NA,NA,NA,NA,NA,NA,NA,NA,NA,NA,NA,NA,NA,NA,NA,NA,NA,NA,NA,NA,NA,NA,NA,NA,NA,NA,NA,NA,NA,NA,NA,NA,NA,NA,NA,NA,NA,NA,NA,NA,NA,NA,NA,NA,NA,NA,NA,NA,NA,NA,NA,NA,NA,NA,NA,NA,NA,NA,NA,NA,NA,NA,NA,NA,NA,NA,NA,NA,NA,NA,NA,NA,NA,NA,NA,NA,NA,NA,NA,NA,NA,NA,NA,NA
-0.0113060914865786,0.0461320958078038,-0.0187144940671011,0,-0.0385173140535988,0,0.0571093569405261,0.0120379705495023,0,-0.0256953412064378,0,0,0,0.0649282785555281,0.0421561629905509,-0.00957820519799023,-0.0337023628872631,-0.00835528378817443,-0.0094850702854493,0,0,0,-0.0224964955889406,0,0.00608553354211298,0,0,0.0160822247078218,0,-0.0382662269966807,-0.00190386807834196,0,0,0,0,0,0,0,0,0,0,0.0196962753121149,0.0590523139630892,0.0464684118740409,-0.0161453915355976,0.0678172129974031,0.0331098285197778,-0.0043103841403542,0,-0.00603424236036675,-0.00275999504973965,0,-0.00848465692078838,0.0573839252809519,0.000716409578244642,0.0284883678763733,0.0219083835812465,0,0,0.00229410148637132,-0.028529232191088,-0.0230582010312834,-0.00773268415624368,0,0.0129805259323706,-0.0103043957768859,0,-0.0261537473791866,0,0.0180160816399899,0,0,-0.0062742389371178,0,0,0,0,-0.00785931821075367,0.0313704200393791,0,-0.0135515307761527,0,0.0207249505029539,-0.012482353762788,0,-0.001988113875503,0,0,0,0,0,0,0.0424646124852581,-0.0477240405155954,0,0.0253309628620299,0,-0.0252631897333428,-0.0304907997299383,0,0,0,0,0,-0.0269102264918538,0.0669139305541304,0,-0.00708868115310075,-0.00314881905130906,0,0,-0.0319703325181743,-0.0261438936695435,0.0093981000351939,0,-0.0350980007160681,-0.0000148609608978689,0,0,0,0,-0.00000175051668820625,0.000861682400068046,-0.00554314728471564,0,-0.0355278504185457,0,0,0,0,-0.0697825616610787,0,0.0239619018085502,0,0.0253707906510511,0,0,0.025437151504805,0,0,0.0103943104597083,-0.0145421036622265,0,0.00572992682322398,0,0,0,0,0.00781786221382503,0,0,0,0,0,0,0,0,0,0,0,0,0,0,0,-0.0137205558210733,0,-0.0011387825526711,0,-0.0146665972201016,0.0453047989916167,0,-0.0118343794507262,-0.00397522784876615,0,0,0,-0.005158377696501,0,0.0491074214127989,0,-0.0300114760673681,0.0258598259599763,0,0.0281550413198257,-0.00506263681662831,0.000920358253805033,-0.0233439632716664
NA,NA,NA,NA,NA,NA,NA,NA,NA,NA,NA,NA,NA,NA,NA,NA,NA,NA,NA,NA,NA,NA,NA,NA,NA,NA,NA,NA,NA,NA,NA,NA,NA,NA,NA,NA,NA,NA,NA,NA,NA,NA,NA,NA,NA,NA,NA,NA,NA,NA,NA,NA,NA,NA,NA,NA,NA,NA,NA,NA,NA,NA,NA,NA,NA,NA,NA,NA,NA,NA,NA,NA,NA,NA,NA,NA,NA,NA,NA,NA,NA,NA,NA,NA,NA,NA,NA,NA,NA,NA,NA,NA,NA,NA,NA,NA,NA,NA,NA,NA,NA,NA,NA,NA,NA,NA,NA,NA,NA,NA,NA,NA,NA,NA,NA,NA,NA,NA,NA,NA,NA,NA,NA,NA,NA,NA,NA,NA,NA,NA,NA,NA,NA,NA,NA,NA,NA,NA,NA,NA,NA,NA,NA,NA,NA,NA,NA,NA,NA,NA,NA,NA,NA,NA,NA,NA,NA,NA,NA,NA,NA,NA,NA,NA,NA,NA,NA,NA,NA,NA,NA,NA,NA,NA,NA,NA,NA,NA,NA,NA,NA,NA,NA,NA,NA,NA,NA
-0.0136376952303342,0.0493586517953264,-0.0187906685559828,0,-0.0413585291542467,0,0.0559078296092532,0.0113066986230615,0,-0.0275362136441294,0,0,0,0.0658883728457614,0.0436887801608685,-0.00955712196427803,-0.032640937315025,-0.00795476701673425,-0.00667474569809258,0,-0.00147541826042889,0,-0.0214318113028061,0,0.0096382599343364,-0.00592316908427504,0,0.0145655989684591,0,-0.0386645639355547,-0.00209392076632946,0,0,0,0,0,0,0,0,0,0,0.0202761493334089,0.0590428213098463,0.0409387906864294,-0.0151025936464294,0.0673711877905228,0.0286207170657659,-0.0048020384450695,0,-0.00607104221647697,-0.00279282006924507,0,-0.00940151782837192,0.0582484189485205,0.00246027732641709,0.000847978988007366,0.0257104470549961,0,0,0.00177152063904247,-0.0302973693739464,-0.0234458977640868,-0.00761067889597479,0,0.0131706867422098,-0.0110146391695881,0,-0.0266422537840112,0,0.0179125030003683,0,0,-0.0050331327650443,0,0,0,0,-0.00749844202122674,0.0293241214746685,0,-0.0146552949421518,0,0.0203982123210246,-0.013086428803279,0,-0.00397087295838965,0,0,0,0,0,0,0.0437229361468245,-0.0463501859652827,0,0.024770419624239,0,-0.0241328841171353,-0.0315078282082233,0,0,0,0.00235370563845388,0,-0.0265069489580236,0.0667558388972914,0,-0.00627001240110966,-0.00683126252282224,0,0,-0.0333498762944326,-0.0266713847467179,0.00875628034176103,0,-0.0401269816245235,-0.00459018219263743,0,0,-0.00120824977170869,0,-0.00270385933725891,0.00440257162664739,-0.00454228329175809,0,-0.0335243047760581,0,0,0,0,-0.0707680840924589,0,0.0214321781916722,0,0.0241063279511355,0,0,0.027023781857275,0,0,0.011179580010468,-0.0159001542506303,0,0.00862310375670792,0,0,0,0,0.0112091461033765,-0.000209458472965297,0,0,0,0,0,0,0,0,0,0,0,0,0,0,-0.0108683338687647,0,-0.00237753239952115,0,-0.0148771601544106,0.0440702463770463,0,-0.00945080816620556,-0.001671365348099,0,0,0,-0.00528769530129947,0,0.0509755103186549,0,-0.029934692424791,0.0260907017452394,0,0.0271747736540745,-0.00645013272151103,0.00198610458812355,-0.0232956042746125
-0.0129225428454067,0.0496938380541259,-0.0172644748915048,0,-0.0417870808616046,0,0.055273515829091,0.0124406647895987,0,-0.0275089872878185,0,0,0,0.0662152215793597,0.0422148597076536,-0.0098700554919722,-0.0326860643083501,-0.0070966485553695,-0.00389742104754326,0,-0.00109595523446531,0,-0.0210985564765055,0,0.0092832798447599,-0.00561729300045487,0,0.0148724632023171,0,-0.0384197037893178,-0.00179452371480225,0,0,0,0,0,0,0,0,0,0,0.0225969194117414,0.0580985382065884,0.0378973616259445,-0.015059053964196,0.0675947092758022,0.0283602041770726,-0.00405698255271437,0,-0.00593477374339915,-0.0027693024286459,0,-0.010175705768997,0.0649257956662781,0.00161412020941858,0.00329598027272756,0.0279970948236082,0,0,0.00250449957921709,-0.0319473813903305,-0.0258105839590464,-0.007661574165421,0,0.0131815788422226,-0.0106321466980735,0,-0.0246799043743615,0,0.0177816849632218,0,0,-0.00556115759345662,0,0,0,0,-0.00393023634230983,0.0298442457766144,0,-0.0146077478627998,0,0.0207152458472754,-0.011358516236187,0,-0.00556521132914587,0,0,0,0,0,0,0.0425929697947833,-0.0477102850130578,0,0.0241858284384787,0,-0.0206876401716563,-0.0302045977276128,0,0,0,0.000201687959755734,0,-0.0250874256145088,0.0665153672511876,0,-0.0072765956376937,-0.00521662058640937,0,0,-0.0338627226341165,-0.027526820093108,0.00765558906155578,0,-0.0388869350460315,-0.00425760385962566,0,0,-0.000394818455209625,0,-0.00365174918023922,0.00580830997905795,-0.00339860002918804,0,-0.0351872613200522,0,0,0,0,-0.0709623164853349,0,0.0203745605672099,0,0.0250258889264127,0,0,0.0268171062632352,0,0,0.0099164509905291,-0.0151208484444245,0,0.00886307706587956,0,0,0,0,0.0108849283912167,-0.000758614657802645,0,0,0,0,0,0,0,0,0,0,0,0,0,0,-0.0127799400198258,0,-0.00297694466334971,0,-0.0130707681767323,0.0442154216297025,0,-0.00930230067748542,-0.00192838876960003,0,0,0,-0.00514401436883902,0,0.0471461509826949,0,-0.0296126298924564,0.0270293663556403,0,0.0275901937918452,-0.00644521595347753,0.00207640340659506,-0.0232043680410436
-0.0140917045940029,0.0492054965769162,-0.0186972291345989,0,-0.0416407797576166,0,0.0556090757991115,0.0121648819770492,0,-0.0277753033733717,0,0,0,0.0657340781006489,0.0445842602354673,-0.00940681941432952,-0.0327084121013444,-0.00774714735258886,-0.00629946633878361,0,-0.00180717522186462,0,-0.0209377793343427,0,0.01072633316578,-0.00532095669939705,0,0.0145198408125446,0,-0.0386870785824512,-0.00234893339635673,0,0,0,0,0,0,0,0,0,0,0.0196452387224336,0.0596861772533969,0.0391754785231937,-0.0149557557861265,0.0674576675784988,0.0276952073053455,-0.00456294129068422,0,-0.00562275339716187,-0.0030771502761717,0,-0.0100931504058758,0.0584887162499652,0.00327674560517307,0.00042445975110153,0.0252177752523237,0,0,0.00148672515816763,-0.0316257868409296,-0.0231479732417343,-0.00752078803443745,0,0.0132008900845982,-0.0109803174538261,0,-0.0270989572865455,0,0.0180657361328609,0,0,-0.00658476800298146,0,0,0,0,-0.00717479263880401,0.0295706077785602,0,-0.0145081784413095,0,0.0202312931932668,-0.0124397643263131,0,-0.00515208827090665,0,0,0,0,0,0,0.0436798213169477,-0.0467528219472952,0,0.0248945928077285,0,-0.024992151734568,-0.0315161298278034,0,0,0,0.00201635617698488,0,-0.0266546232667565,0.0670812259178916,0,-0.00636840777787105,-0.00546696832602828,0,0,-0.0335640946041791,-0.0270065356382358,0.00807948294147362,0,-0.0405734325706157,-0.00454088740059754,0,0,-0.00062837778668552,0,-0.00283355080803305,0.00517361236819544,-0.00465384485598915,0,-0.0346821462343459,0,0,0,0,-0.0711309899454425,0,0.0212903912708678,0,0.0243592404889979,0,0,0.0271034341150359,0,0,0.0102847646449817,-0.0169552323916822,0,0.00880289840727427,0,0,0,0,0.0115767664639001,-0.000749055670028448,0,0,0,0,0,0,0,0,0,0,0,0,0,0,-0.0114949326540751,0,-0.00251059491425847,0,-0.0153161484595034,0.0451189443368565,0,-0.0102405700875812,-0.00202943246468163,0,0,0,-0.00519010526785638,0,0.0508926106613991,0,-0.0296094886499483,0.0261609448932802,0,0.0270242937051302,-0.00633014562019414,0.00221608520407552,-0.0232362504257467
-0.0141100138442277,0.049524222587145,-0.0186985547540597,0,-0.0407906111908399,0,0.0551262404010952,0.0118314536311553,0,-0.0274249522870297,0,0,0,0.0656358296511196,0.0441929410550131,-0.00943195849135349,-0.0322049867134658,-0.00710206182097185,-0.00597613908716106,0,-0.00166307804409707,0,-0.0203613592542417,0,0.00991905667286114,-0.00563375716991058,0,0.0145566268172149,0,-0.0385896093614757,-0.00177837262674378,0,0,0,0,0,0,0,0,0,0,0.0191618061372137,0.0595512909079761,0.0387082082376764,-0.0150184744069355,0.0667798482363503,0.0275071171095108,-0.00453883341467118,0,-0.0057112977529321,-0.00320213095759018,0,-0.0103543102251382,0.0578857119265417,0.00271588601744599,0.000840241320320495,0.0253244788253583,0,0,0.00165688119677685,-0.0314993492437984,-0.0231276026898991,-0.0074110734592023,0,0.0134277000428301,-0.01088058377571,0,-0.0262312539628834,0,0.0182243871591075,0,0,-0.00639064565011668,0,0,0,0,-0.00696930698012297,0.0297379368511275,0,-0.014587368029278,0,0.020093272382007,-0.0123833466795485,0,-0.005074651778366,0,0,0,0,0,0,0.0432504436663394,-0.0469033063726834,0,0.025068580787654,0,-0.0254244590837026,-0.0312903533216519,0,0,0,0.00217241044513489,0,-0.0264910734426176,0.0669627719102936,0,-0.00617632894871104,-0.00561560410515595,0,0,-0.0335033802302257,-0.0271534548232518,0.00842788103655605,0,-0.0398310428321863,-0.00424658052838906,0,0,-0.000497049418910502,0,-0.00217841454692004,0.00409806538606868,-0.00465850988646742,0,-0.0340260631636903,0,0,0,0,-0.0707488698052265,0,0.0212210681689596,0,0.0245023767445721,0,0,0.0267448889041614,0,0,0.0105045806904667,-0.016687995840405,0,0.00902802011774205,0,0,0,0,0.0108068464823645,-0.000959959562748647,0,0,0,0,0,0,0,0,0,0,0,0,0,0,-0.0107965975138311,0,-0.0022872327306154,0,-0.0150151409196868,0.0440223979059121,0,-0.0108086988112301,-0.00183239411670954,0,0,0,-0.00533200847418504,0,0.0512083748977341,0,-0.0295230161933423,0.0261241182907619,0,0.0274083393142159,-0.00678261422712845,0.00178696541781197,-0.0230651416800966
-0.0134878106763802,0.0495625210307051,-0.0192504536711649,0,-0.040799380713036,0,0.0553515529619925,0.0133113451335445,0,-0.027484877772837,0,0,0,0.0653079056950711,0.0466047349421635,-0.00910597205639578,-0.0320573184889717,-0.00636854582169758,-0.00597687230478859,0,-0.00225292343930221,0,-0.020348806682651,0,0.00884840626347769,-0.00476216017660518,0,0.0145872232513484,0,-0.0385936802117089,-0.00213290849729342,0,0,0,0,0,0,0,0,0,0,0.0183064370984838,0.0603885825170043,0.0386190125360146,-0.0158788457831591,0.0665200508773217,0.0269246405033305,-0.00421537113947987,0,-0.00598483933007083,-0.00313746624711531,0,-0.01029910562962,0.0574271697449359,0.00383689036879704,0.000977428009475321,0.0255083778706481,0,0,0.00135011662063829,-0.0320658521683297,-0.0233864532914874,-0.00835230062032678,0,0.0131197389901895,-0.010939670576653,0,-0.0256634595284716,0,0.0195724477094344,0,0,-0.00659511018919238,0,0,0,0,-0.00716370878148265,0.0299852949836004,0,-0.0146377312265103,0,0.020343648881859,-0.0124136895571447,0,-0.00481557601669594,0,0,0,0,0,0,0.0434847937699116,-0.0467126274312949,0,0.0253434197390257,0,-0.0231434960116178,-0.0317812453864593,0,0,0,0.00388592334857116,0,-0.0264010931723018,0.0672423279674024,0,-0.00707069637241384,-0.00505003612822741,0,0,-0.0341887523296474,-0.0276574262200244,0.0089735270521685,0,-0.0393284807313868,-0.00378978034417209,0,0,-0.000643916431722863,0,-0.00214894545052121,0.00442825835496263,-0.00448917323291603,0,-0.0335266613047777,0,0,0,0,-0.0709994300179666,0,0.0220630484826916,0,0.0248104557364284,0,0,0.0259120589622746,0,0,0.0105959999041776,-0.0167864393109874,0,0.00910538507865305,0,0,0,0,0.00949626048083485,-0.00141831997606184,0,0,0,0,0,0,0,0,0,0,0,0,0,0,-0.0113991551613612,0,-0.00277061831428054,0,-0.01489525332016,0.0442129167535162,0,-0.0114985838646209,-0.00283656913599548,0,0,0,-0.00609384373135575,0,0.0509529973545187,0,-0.0298641972445935,0.0257098578063652,0,0.0272079384440949,-0.00704173501713086,0.00177738608947998,-0.0232626624199784
-0.0131254761917153,0.0495699992384637,-0.0190816623758467,0,-0.0402766152468717,0,0.0540398293222229,0.0116268881535561,0,-0.0274122891551235,0,0,0,0.067589216530757,0.043643790212005,-0.00938391952905356,-0.0319056520494914,-0.00761507883269109,-0.00711279902067793,0,-0.00313314169691417,0,-0.0181843159038895,0,0.0143190271462759,-0.00481444812780611,0,0.0148970835702574,0,-0.0393163542058226,-0.000718967224104181,0,0,0,0,0,0,0,0,0,0,0.0176548586592517,0.0595324259171219,0.0379713972942904,-0.0145760413309295,0.0679662500551181,0.0266687205824398,-0.0042068736090503,0,-0.0064009585872615,-0.00284802234192627,0,-0.0100412303006655,0.0566711476753064,0.0015296962952523,0.00164307130524891,0.0253151775954182,0,0,0.00173617942892816,-0.0322364505640746,-0.0230796264530212,-0.0071840005524644,0,0.0139185606041657,-0.0111384412175517,0,-0.0248339806151057,0,0.0170353620345796,0,0,-0.00637823221617558,0,0,0,0,-0.0059894750361594,0.0299054245740222,0,-0.0141720757736568,-0.000177480765585843,0.0201126119401667,-0.0113832600622875,0,-0.00411338026619832,0,0,0,0,-0.00000000205309229076906,0,0.0431087408074483,-0.0465991875518408,0,0.0252022367145931,0,-0.0242379527236573,-0.0323915718626015,0,0,0,0.00389277260913783,0,-0.026318129999897,0.0665322726903376,0,-0.00533284051531138,-0.00582561547834927,0,0,-0.0317490081506863,-0.0265893936448382,0.0100536982458649,0,-0.040066675869167,-0.00382126893971575,0,0,0,0,-0.002149284840272,0.00442338553851275,-0.00653613172277598,0,-0.0323782742102353,0,0,0,0,-0.0706700306183362,0,0.0222347698812633,0,0.0235411517545507,0,0,0.0265405490579386,0,0,0.0116294137974706,-0.0180568326158108,0,0.0084181909567311,0,0,0,0,0.00973267186061668,-0.000250257161530954,0,0,0,0,0,0,0,0,0,0,0,0,0,0,-0.00992602393183916,0,-0.00325811989070939,0,-0.0152312696541808,0.0438907779411932,0,-0.0113434220565827,-0.00306750237937477,0,0,0,-0.00629531385744614,0,0.0524721639769565,0,-0.0281710402005537,0.0265288322134755,0,0.0266167684065921,-0.00659321023952966,0.00035981890062068,-0.0214094171130264
-0.013255801625121,0.0497554148714562,-0.0190534868550944,0,-0.0407093502803557,0,0.0541659406917648,0.0104172355872914,0,-0.0272714579078679,0,0,0,0.0663397312647384,0.0432414362844001,-0.00905759167594741,-0.0317207450092262,-0.00626299528340005,-0.00514026546240958,0,-0.00122589036102564,0,-0.0175074345370866,0,0.0124016255480467,-0.00491714414911055,0,0.0149234915499279,0,-0.0403269882715431,-0.000911236606876376,0,0,0,0,0,0,0,0,0,0,0.0199562263105198,0.0584245251936752,0.0360330131761716,-0.0162830630166533,0.068416982703369,0.0266121998553073,-0.00424784352746925,0,-0.0063967194221169,-0.00318396573917478,0,-0.01084505541615,0.0569592223868422,0.00224912317235579,0.000770271277365973,0.0257012072901989,0,0,0.00209128170850237,-0.0308390824658675,-0.023647037290355,-0.00670341870336945,0,0.0142123134030629,-0.0104762411854062,0,-0.0261746676086627,0,0.0181169310047539,0,0,-0.00615524871110119,0,0,0,0,-0.0070385831118748,0.0295872719167922,0,-0.0142951025482133,-0.000022256503268176,0.0200784824406612,-0.0129225396102754,0,-0.00505810730067699,0,0,0,0,0,0,0.0437923241177038,-0.0469775671346725,0,0.025582917570364,0,-0.0236359121817638,-0.0307863971151722,0,0,0,0.00189328569849924,0,-0.0264185100016126,0.0664567878792628,-0.000169146463632408,-0.00617279159225595,-0.00606745411107275,0,0,-0.0332304626587391,-0.0264691984399264,0.00685100942349288,0,-0.0389723606392826,-0.00334436887382975,0,0,-0.00080868651854938,0,-0.0016388218404316,0.00329310475834822,-0.00590464302521992,0,-0.0341314068816276,0,0,0,0,-0.0704471598567636,0,0.0204502140371388,0,0.0243540409782657,0,0,0.026986984589619,0,0,0.0105154469803025,-0.0143603244810639,0,0.0085756650789116,0,0,0,0,0.00961401224302061,-0.000407874408781887,0,0,0,0,0,0,0,0,0,0,0,0,0,0,-0.00966382081754198,0,-0.00156580974256208,0,-0.0145670090667926,0.0434875602753702,0,-0.0129173679888912,-0.00273875194458008,0,0,0,-0.00542555584955177,0,0.0503088206701573,0,-0.0272308750537051,0.0264192392559126,0,0.0278639152333102,-0.00661189929543236,0.00135934507076959,-0.0229226374223491
-0.0138478430328909,0.0500839156741707,-0.0191038093271709,0,-0.0396778370680852,0,0.0543407944458232,0.0105579240635199,0,-0.027124701201167,0,0,0,0.065704773430278,0.0434179224230946,-0.0092145391226421,-0.0316298536577092,-0.00618344265315701,-0.00543653434851987,0,-0.00134939933163354,0,-0.0191600377906263,0,0.010380838351344,-0.00614150280028726,0,0.014484568165456,0,-0.0389704866966708,-0.000960558882369749,0,0,0,0,0,0,0,0,0,0,0.0188564458031615,0.059171528132511,0.037043921343494,-0.0158211818606663,0.0663640860170989,0.0258191653595585,-0.00439180614540711,0,-0.00547258425715614,-0.00320484185249347,0,-0.0109025266138661,0.0571768692259696,0.00247444634676145,0.00180320161623461,0.0257530882370756,0,0,0.00215919952013851,-0.031171013249348,-0.0221804134098259,-0.00697242907777939,0,0.0137976118327059,-0.010868429264088,0,-0.0256305969123952,0,0.0186583045647151,0,0,-0.00632493678898001,0,0,0,0,-0.00692241822332562,0.0298439167146527,0,-0.0143758511994257,0,0.0197953094303162,-0.0128597274884889,0,-0.0050461196519136,0,0,0,0,0,0,0.0433326839527299,-0.0465400201264512,0,0.0253923188731124,0,-0.0239618953107886,-0.0311018391346398,0,0,0,0.00254486951171699,0,-0.0258108659245772,0.0664902489134599,0,-0.00607380734259511,-0.00607623253613465,0,0,-0.0331730907963945,-0.0275322019032696,0.00687629086443447,0,-0.0388747307068092,-0.00414244362612878,0,0,0,0,-0.00222720355768926,0.00310436832214681,-0.00514647373581284,0,-0.033121076351053,0,0,0,0,-0.0700278216953987,0,0.0206677953440601,0,0.024837431238544,0,0,0.0263118242091806,0,0,0.0109485826736458,-0.0162765264475625,0,0.00956010954766884,0,0,0,0,0.00950545064346502,-0.00107411712098669,0,0,0,0,0,0,0,0,0,0,0,0,0,0,-0.00968392916324015,0,-0.00224344472247931,0,-0.0146233439756068,0.0426964117855709,0,-0.0117296971287018,-0.00207802914860478,0,0,0,-0.00537764011860656,0,0.0504943890564358,0,-0.0289623252578108,0.0259557881515887,0,0.0279144735317655,-0.00731083305341254,0.00123825316608842,-0.0229312536585445
NA,NA,NA,NA,NA,NA,NA,NA,NA,NA,NA,NA,NA,NA,NA,NA,NA,NA,NA,NA,NA,NA,NA,NA,NA,NA,NA,NA,NA,NA,NA,NA,NA,NA,NA,NA,NA,NA,NA,NA,NA,NA,NA,NA,NA,NA,NA,NA,NA,NA,NA,NA,NA,NA,NA,NA,NA,NA,NA,NA,NA,NA,NA,NA,NA,NA,NA,NA,NA,NA,NA,NA,NA,NA,NA,NA,NA,NA,NA,NA,NA,NA,NA,NA,NA,NA,NA,NA,NA,NA,NA,NA,NA,NA,NA,NA,NA,NA,NA,NA,NA,NA,NA,NA,NA,NA,NA,NA,NA,NA,NA,NA,NA,NA,NA,NA,NA,NA,NA,NA,NA,NA,NA,NA,NA,NA,NA,NA,NA,NA,NA,NA,NA,NA,NA,NA,NA,NA,NA,NA,NA,NA,NA,NA,NA,NA,NA,NA,NA,NA,NA,NA,NA,NA,NA,NA,NA,NA,NA,NA,NA,NA,NA,NA,NA,NA,NA,NA,NA,NA,NA,NA,NA,NA,NA,NA,NA,NA,NA,NA,NA,NA,NA,NA,NA,NA,NA
-0.0136557154086786,0.0495329424147683,-0.0189037739738165,0,-0.0400716419198703,0,0.0550576756424588,0.0109022238002775,0,-0.0273093287581025,0,0,0,0.0656456550790232,0.0435003931484321,-0.00969401116694636,-0.0315128088392197,-0.00772216817569871,-0.00584666355300381,0,-0.002241277134382,0,-0.020260869428527,0,0.00950879251991426,-0.00556182300255191,0,0.0149109179200807,0,-0.038588241364151,-0.00042322225393881,0,0,0,0,0,0,0,0,0,0,0.0196318133819967,0.059162820677846,0.0401346088531337,-0.0148054559548203,0.0669249438559511,0.0269595458998546,-0.00450621841806769,0,-0.00613368352102635,-0.00310268138295121,0,-0.008233413201217,0.0565086054212092,0.00531785136145692,0.00214350862796814,0.0253474431848028,0,0,0.00223330456260292,-0.0302555410091133,-0.0223000906297498,-0.00786803076296314,0,0.01317115711869,-0.0107466500984056,0,-0.0263236976665244,0,0.0181085357140978,0,0,-0.00609883387785725,0,0,0,0,-0.00750828853384742,0.0298742392010908,0,-0.0145480768601235,0,0.0200690738227198,-0.0129680772184863,0,-0.0060551912205176,0,0,0,0,0,0,0.0434296871282021,-0.0464572682222728,0,0.0250435425029486,0,-0.0246497345806056,-0.0314066668774645,0,0,0,0.00230934389600679,0,-0.02585429897231,0.0667642507360279,0,-0.00652575749869569,-0.00584801076695196,0,0,-0.0331113027048587,-0.0273139148460598,0.00732653362293208,0,-0.0390913367911245,-0.00411118669418337,0,0,0,0,-0.00174921117963667,0.00320490584289557,-0.00438633464483385,0,-0.0328701204625648,0,0,0,0,-0.0694483217619967,0,0.0208801249944851,0,0.0244680146978481,0,0,0.0270219796581758,0,0,0.0111890418220379,-0.015507789023194,0,0.00863491921378196,0,0,0,0,0.0102443183157688,-0.00105737618912581,0,0,0,0,0,0,0,0,0,0,0,0,0,0,-0.00982377034096685,0,-0.00138799804172861,0,-0.0150104904940448,0.0433015372108668,0,-0.0106875064619498,-0.00242037197068305,0,0,0,-0.00547702168108549,0,0.0496831716161202,0,-0.0280332048480784,0.0251711680844257,0,0.0274822476519078,-0.00687561380340957,0.00171710190865154,-0.0231055459610073
NA,NA,NA,NA,NA,NA,NA,NA,NA,NA,NA,NA,NA,NA,NA,NA,NA,NA,NA,NA,NA,NA,NA,NA,NA,NA,NA,NA,NA,NA,NA,NA,NA,NA,NA,NA,NA,NA,NA,NA,NA,NA,NA,NA,NA,NA,NA,NA,NA,NA,NA,NA,NA,NA,NA,NA,NA,NA,NA,NA,NA,NA,NA,NA,NA,NA,NA,NA,NA,NA,NA,NA,NA,NA,NA,NA,NA,NA,NA,NA,NA,NA,NA,NA,NA,NA,NA,NA,NA,NA,NA,NA,NA,NA,NA,NA,NA,NA,NA,NA,NA,NA,NA,NA,NA,NA,NA,NA,NA,NA,NA,NA,NA,NA,NA,NA,NA,NA,NA,NA,NA,NA,NA,NA,NA,NA,NA,NA,NA,NA,NA,NA,NA,NA,NA,NA,NA,NA,NA,NA,NA,NA,NA,NA,NA,NA,NA,NA,NA,NA,NA,NA,NA,NA,NA,NA,NA,NA,NA,NA,NA,NA,NA,NA,NA,NA,NA,NA,NA,NA,NA,NA,NA,NA,NA,NA,NA,NA,NA,NA,NA,NA,NA,NA,NA,NA,NA
-0.0141400856237373,0.0496298566337342,-0.0184876240151917,0,-0.0405447614228154,0,0.0552298157562239,0.0113485901522665,0,-0.027404924832474,0,0,0,0.0659970113090176,0.0437448205059901,-0.00925314705938426,-0.0320518572936887,-0.00699135979958705,-0.00548776675185786,0,-0.00132269030617899,0,-0.0203252237370362,0,0.00974776225803069,-0.00561261226983505,0,0.0144883378364401,0,-0.0382313183656924,-0.0020370383931538,0,0,0,0,0,0,0,0,0,0,0.0188498717659445,0.0592229731913147,0.0384662049372645,-0.0149808629410387,0.0665897824053639,0.0270999439464462,-0.00466579718037795,0,-0.00567154327761711,-0.00308833982916188,0,-0.0104369521275001,0.0574465895129208,0.00264618361794369,0.00174508425698932,0.0253464508901382,0,0,0.00188270984758614,-0.0310921725494205,-0.0227491470538966,-0.00716726616642291,0,0.0144369918130812,-0.0110553298631345,0,-0.025955049787036,0,0.018486336145174,0,0,-0.00625090957373469,0,0,0,0,-0.0073333628473501,0.0299866837471626,0,-0.0142382406536452,0,0.0201356004658032,-0.0122944563037442,0,-0.00490423981904128,0,0,0,0,0,0,0.0430721601416039,-0.0465175627390591,0,0.0252046957173709,0,-0.024400203261982,-0.0314927711470333,0,0,0,0.00295376902216852,0,-0.0262611346139549,0.066902519293394,0,-0.00628886302507973,-0.00570942634446403,0,0,-0.0333687845146092,-0.0273807316793446,0.008180523844161,0,-0.0395634078819352,-0.00418018196163243,0,0,-0.000357825344978536,0,-0.00175736672435253,0.00399761321942937,-0.00479237520400837,0,-0.0336075432298506,0,0,0,0,-0.0702950694895355,0,0.020957783711558,0,0.0245199755476235,0,0,0.0271266484442577,0,0,0.0101459950095009,-0.0167757903496556,0,0.00952946033931613,0,0,0,0,0.0102675062366656,-0.000561416789376486,0,0,0,0,0,0,0,0,0,0,0,0,0,0,-0.0103197827032324,0,-0.00248510207262697,0,-0.0147396035275883,0.0433006872436005,0,-0.0109294351041697,-0.00216290105239676,0,0,0,-0.00538172784176595,0,0.0507322191282727,0,-0.0301335736765975,0.0260047568557881,0,0.0272779263001861,-0.00717319627689251,0.00149245205578583,-0.0231377512209768
-0.0166555070994277,0.0530997776139464,-0.0167108282677481,0,-0.0411097002270201,0,0.0557665252477411,0.0102486061701826,0,-0.0259544272749054,0,0,0,0.0657680013849292,0.0424983308616026,-0.0110464451019553,-0.0321693197620503,-0.00302074690895028,-0.00120854106889001,0,-0.00303228480477381,0,-0.0278671157714245,0,0.00920167054678179,-0.00804477010050334,0,0.0138755378221599,0,-0.0410517621971565,0,0,0,0,0,0,0,0,0,0,0,0.0197338298896087,0.05865999408608,0.0389877020420914,-0.0222536986182398,0.066536270805652,0.0280786544198021,-0.00232445489745414,0,-0.00313053083068865,-0.00314676648863568,0,-0.0110598456699553,0.0550844248838738,0.0029130889880473,0,0.0247551699541877,0,0,0.00454169321985531,-0.0297995033545495,-0.0214895654310173,-0.00579770274896676,0,0.012404193036384,-0.0103390003168108,0,-0.0282497440880078,0,0.0187165673215752,0,0,-0.00531684723063642,0,0,0,0,-0.0059651037648051,0.0297111410189538,0,-0.0126008394451597,0,0.0217045139999508,-0.00984532781894701,0,-0.00335739805585011,0,0,-0.0311018491182149,0,0,0,0.0430137769230767,-0.0460618794816324,0,0.0256669896760631,0,-0.0236924857596566,-0.0271094023407252,0,0,0,0.00626687038711141,0,-0.0273823330236423,0.0668867637876349,0,-0.00873059465485956,-0.00652499669839805,0,0,-0.0307627992874107,-0.0243290276393501,0.00928323121594482,0,-0.0377470732943829,-0.00438164070409709,0,0,0,0,-0.0016944661009329,0.00271658040344782,-0.00394203489795947,0,-0.0348760341700204,0,0,0,0,-0.0686460336488379,0,0.0222405434266653,0,0.023090768672115,0,0,0.0267102937635065,0,0,0.00863203341964933,-0.0155125141197502,0,0.00684319643644961,0,0,0,0,0.0107763235299208,0,0,0,0,0,0,0,0,0,0,0,0,0.00281380398827025,0,0,-0.0107700377319345,0,-0.0035746883200128,0,-0.0160706557573086,0.041201594388413,0,-0.0152204051941749,-0.00096871178680677,0,0,0,-0.00435936710286793,0,0.0522905763311901,0,-0.0294973325671842,0.0283094042541819,0,0.0255701929839634,-0.00609616267058333,0.000479151531494099,-0.0205073843012843
-0.014637654851278,0.0495401052578678,-0.0199555405398638,0,-0.040986956022747,0,0.0551934859130935,0.0111940070979727,0,-0.0276917025351513,0,0,0,0.0651837869418059,0.043982297098745,-0.00928867716921233,-0.0327165772216728,-0.00638439955680254,-0.00562591451495359,0,-0.00186047201872375,0,-0.023540578575111,0,0.0111733196803341,-0.00499835757404922,0,0.0143104735229938,0,-0.0377679092247056,-0.00227657712464726,0,0,0,0,0,0,0,0,0,0,0.0186292830447575,0.0597353131314851,0.0387934009110804,-0.0167534856814703,0.0669042450779208,0.0274138380638934,-0.00460671947760102,0,-0.00816691019647911,-0.00323085705653231,0,-0.00995395449366442,0.0578151060948722,0.00347701568444347,0,0.0243409156417296,0,0,0.00133456450206671,-0.0309272159548851,-0.0220460748878507,-0.00714746205252393,0,0.0139354104362699,-0.0110596076890111,0,-0.0256316777768799,0,0.0182958782556393,0,0,-0.00640901251843059,0,0,0,0,-0.00700378353286175,0.0297766193443036,0,-0.0144338201519555,0,0.0197567996721501,-0.0126866861876729,0,-0.00553050374477282,0,0,0,0,0,0,0.0436330936707832,-0.0466542033956455,0,0.0250637872511111,0,-0.0247055125581224,-0.0310072425142925,0,0,0,0.002068584516873,0,-0.02642393474609,0.0664648824853816,0,-0.00639593884540229,-0.00565569352000022,0,0,-0.03343302146255,-0.0277530287514194,0.00828333732646884,0,-0.0396389789039422,-0.00436177744903405,0,0,-0.000347484014511239,0,-0.00172106238121069,0.00334476036884726,-0.00510086721948978,0,-0.0332699561229811,0,0,0,0,-0.0710781316141072,0,0.0213081260304868,0,0.0246191195653378,0,0,0.0263385446004258,0,0,0.0101644259933931,-0.0165124511800286,0,0.00903091998705824,0,0,0,0,0.0105464223676948,-0.000802913829266053,0,0,0,0,0,0,0,0,0,0,0,0,0,0,-0.00949224341855752,0,-0.00290409243345427,0,-0.0150412664762125,0.0435412674535185,0,-0.0117003704878677,-0.00105835740617707,0,0,0,-0.00512892296517596,0,0.0497128084171505,0,-0.0335879413741894,0.026125112680784,0,0.0274170949341641,-0.00726785573581037,0.00172111499719404,-0.0230640453541648
-0.0144964687067919,0.0493783820818659,-0.0188391548672577,0,-0.0404372406437736,0,0.0551970358541732,0.0114268619318142,0,-0.0271318386697116,0,0,0,0.0649511491707565,0.0433256073703103,-0.00910508679523371,-0.0319676906101444,-0.00705748565799792,-0.00574485701440599,0,-0.0014291606408169,0,-0.0192152535412967,0,0.00967706053066182,-0.00607740759088585,0,0.0145798676951052,0,-0.0381385588054383,-0.00160040083645196,0,0,0,0,0,0,0,0,0,0,0.0188412797223467,0.0596896040518947,0.0384002645269235,-0.015648197237999,0.0661326376076542,0.0265988896878758,-0.00449305368054681,0,-0.00578280337019516,-0.00313149290271203,0,-0.0106639509499706,0.0580105767744224,0.00288061112216343,0.00182799297095589,0.0255480729940155,0,0,0.00202812147141314,-0.0310759020748465,-0.0227088670845699,-0.00704620489404384,0,0.0136810546325649,-0.01078682035028,0,-0.0254784377265745,0,0.0179413391572169,0,0,-0.0063046288912017,0,0,0,0,-0.00711733406349088,0.0300828880164365,0,-0.0144562804214462,-0.000181585580486375,0.0204868583412833,-0.0125329082907017,0,-0.00504432728348875,0,0,0,0,0,0,0.0430301909275619,-0.0459458566485932,0,0.0252987013371412,0,-0.0239954531715664,-0.0332788875212331,0,0,0,0.00177498641845143,0,-0.0264435935005909,0.0669001664928951,0,-0.00620080005756731,-0.0054735245791617,0,0,-0.0336831264519905,-0.0280124267675723,0.00809046553560014,0,-0.0399714632844505,-0.00401679904042112,0,0,0,0,-0.00207809773380199,0.00365647862633168,-0.0045354040313208,0,-0.0334660058285981,0,0,0,0,-0.0706219056621419,0,0.0205904961223751,0,0.0237071464582428,0,0,0.0260981084335169,0,0,0.0110399490040259,-0.0166254196035426,0,0.0089906356216321,0,0,0,0,0.00992181352244874,-0.00063302182499251,0,0,0,0,0,0,0,0,0,0,0,0,0,0,-0.00997004689064551,0,-0.00253653416491883,0,-0.014779117685391,0.0428904639553124,0,-0.0114944454631945,-0.00191241563279168,0,0,0,-0.0050876253981926,0,0.0495797485819465,0,-0.0292483524240589,0.0261141116840979,0,0.0275983276838697,-0.0074513578315271,0.00130637406243721,-0.0227605386334855
-0.0135106026347054,0.0508133121466304,-0.0192773273431782,0,-0.0399158500891469,0,0.0550109407287205,0.01055532748726,0,-0.0279539351371566,0,0,0,0.0648512263464779,0.0428189939396706,-0.00875939216260881,-0.0315311790954669,-0.00592213714377797,-0.00536536386779903,0,-0.00231316175873099,0,-0.0198822461630535,0,0.00868679507136381,-0.00577510432800162,0,0.0144924300679,0,-0.0383373378004313,-0.000823861992593305,0,0,0,0,0,0,0,0,0,0,0.0181409382234144,0.0586453612371334,0.0380136852190056,-0.0161446770266126,0.0658249470018992,0.0257606996501957,-0.00394035959767016,0,-0.00628106893636722,-0.00343894181464176,0,-0.0111518135151723,0.0570299612194113,0.00172921397042366,0.00257484611426497,0.0258316758358959,0,0,0.00157680065115121,-0.0308043469435615,-0.0216101084380128,-0.00713102644915502,0,0.0133788359539551,-0.0111969506882934,0,-0.025575598406602,0,0.0186637887295427,0,0,-0.00605965573935223,0,0,0,0,-0.00777250860704954,0.0297779759389753,0,-0.0151049046735646,0,0.0195465852534555,-0.0124752770814245,0,-0.0050603948701515,0,0,0,0,0,0,0.0437942238242636,-0.0466354649288733,0,0.0251669419065199,0,-0.0240475844930284,-0.031713371524334,0,0,0,0.00547986293156149,0,-0.0257782393061184,0.0666571816684399,0,-0.00668105121668906,-0.00569536440850214,0,0,-0.0336129288634031,-0.0268922705534699,0.00833168692960373,0,-0.0387077140763625,-0.00474475205009794,0,0,-0.000508677558420783,0,-0.00116758111056453,0.00262332041651763,-0.00546528072097791,0,-0.0327672880439579,0,0,0,0,-0.0697045270287519,0,0.0210875898647757,0,0.0246603699660657,0,0,0.0259030581061095,0,0,0.0102643326381628,-0.0166997917914962,0,0.00980598090797616,0,0.000224120358416296,0,0,0.00879543270158535,-0.00117982860812949,0,0,0,0,0,0,0,0,0,0,0,0,0,0,-0.00906891129493797,0,-0.00242017928375497,0,-0.0142510716793147,0.0421890380595334,0,-0.0111281245157661,-0.00249609835460555,0,0,-0.000209564460679234,-0.00596045192594202,0,0.0494173745316469,0,-0.0303488508425321,0.0258237564017701,0,0.0272645744087012,-0.00457711343455627,0.00186757689409917,-0.023708581555602
-0.014566508919304,0.0500709975666904,-0.01853093405201,0,-0.040143809051728,0,0.0550763406476618,0.0115559067632275,0,-0.0264979626481809,0,0,0,0.0652418840288359,0.043764646629058,-0.00908067034084083,-0.0318956727858786,-0.00675572170247487,-0.00588380169496495,0,-0.00152718785273945,0,-0.0195197912865917,0,0.00949352431066921,-0.00615890651328128,0,0.014360067795237,0,-0.0382300529813048,-0.001563682160616,0,0,0,0,0,0,0,0,0,0,0.0184585567682352,0.0592963064949079,0.0379199680953386,-0.0156714667467735,0.0659624087739586,0.0261951590075057,-0.00445013052029936,0,-0.00582574984805672,-0.00309994888152621,0,-0.0108381216532659,0.0573034980908533,0.00221567143678042,0.00226470289973761,0.0257443170612778,0,0,0.00219671016334733,-0.030848895045961,-0.0229494118248443,-0.00717398679906161,0,0.0136209051377722,-0.0106968129290573,0,-0.0255730852703508,0,0.0182461613510743,0,0,-0.0062525886605089,0,0,0,0,-0.00687278807791483,0.0301195127843712,0,-0.0144132929398787,0,0.0200384277129442,-0.0124387915131785,0,-0.00468813803894343,0,0,0,0,0,0,0.0422154343334287,-0.0462132285109645,0,0.0249233421095712,0,-0.0239210557545391,-0.0322407974163052,0,0,0,0.00237431046383434,0,-0.0259554367385641,0.0666435820167781,0,-0.00595964848913489,-0.00555343020084899,0,0,-0.0332556072586036,-0.0267830546199318,0.00818845566094193,0,-0.0394422993015039,-0.0038794214198601,0,0,0,0,-0.00187633128283345,0.00364769120742773,-0.00483804730462725,0,-0.0333042879684067,0,0,0,0,-0.0706582223533655,0,0.020483397391878,0,0.0240451545424298,0,0,0.026191840769395,0,0,0.0112788989190362,-0.0170615052920376,0,0.0091997719646584,0,0,0,0,0.00979967386029669,-0.000587314805413513,0,0,0,0,0,0,0,0,0,0,0,0,0,0,-0.00990840825889882,0,-0.00246160967336628,0,-0.0148085638809634,0.0423570192549777,0,-0.0116077228140912,-0.00213547289622688,0,0,0,-0.00536696524641686,0,0.0503521237780307,0,-0.0291420804864439,0.0256968857346828,0,0.0274455602288419,-0.00961697740992569,0.00125469505877038,-0.0227959652843637
-0.012797429415853,0.0500902790058538,-0.0211181974769132,0,-0.0395565116441065,0,0.0541410335803749,0.0120422958760794,0,-0.0276105705797092,0,0,0,0.0665026230209081,0.0445354818038148,-0.0100448577100091,-0.0306716252698527,-0.00623182788773403,-0.004867787359969,0,-0.00434978682040565,0,-0.0231304337601916,0,0.00800893346901153,-0.00792907021401638,0,0.0138835936368478,0,-0.0387116852642812,-0.00322582055232739,0,0,0,0,0,0,0,0,0,0,0.0183627828789531,0.0606060540091776,0.038617553996293,-0.0141647007043667,0.0656331874100204,0.026296721069541,-0.00427532051650226,0,-0.00604689595053495,-0.00295358279456725,0,-0.0121914678567906,0.0690620230941251,0.00599489971933511,0,0.0260560573996631,0,0,0.00138649590472583,-0.0279660579528803,-0.0228398785251281,-0.00841174233575133,0,0.012847845469292,-0.0117456120347566,0,-0.0287618520541143,0,0.019193244376028,0,0,-0.00643883538693135,0,0,0,0,-0.00795984672555216,0.0297482728379257,0,-0.0156440606319433,0,0.0195134591568778,-0.012505985676631,0,-0.00417135126519409,0,0,0,0,0,0,0.0432210251200993,-0.0466193138353706,0,0.0245536244887959,0,-0.0253655469006535,-0.0298678202493913,0,0,0,0.00652340551606421,0,-0.0256309289018996,0.0666021492638796,0,-0.00584683695578656,-0.0032169033890892,0,0,-0.0335175023255088,-0.0273652716349936,0.00974111520100999,0,-0.0414314480108681,-0.00322674642375866,0,0,0,0,-0.00144505919253162,0.00315069979693036,-0.00387071900754537,0,-0.0348142234525966,0,0,0,0,-0.0713876137032714,0,0.0205424442303837,0,0.0249700759798726,0,0,0.0264734585225613,0,0,0.0100147486282287,-0.0163149184392612,0,0.00911581571248971,0,0.00195387996894948,0,0,0.0095252547070371,-0.000540205051120437,0,0,0,0,0,0,0,0,0,0,0,0,0,0,-0.0118913137054446,0,-0.00318427548255803,0,-0.0144811262901547,0.0417843160691839,0,-0.00969718850800062,-0.00452681587363449,0,0,0,-0.0061632488156433,0,0.0464745731092509,0,-0.0267825232613123,0.0250697489834656,0,0.0257656423819641,-0.00869119530759756,0.000319845907125596,-0.0233623420696848
-0.0146980103863563,0.0505010050790039,-0.0180442692780896,0,-0.0394812430451729,0,0.0550733197389924,0.0123019771128122,0,-0.0267160346480781,0,0,0,0.0654608916104868,0.0432354575219835,-0.00937140287743439,-0.0315644847782892,-0.00650915420216299,-0.00558143572798489,0,-0.00167670440611448,0,-0.019067644138285,0,0.00933843716926005,-0.00591866908979063,0,0.0143019612448102,0,-0.0372964485288893,-0.000574046926290718,0,0,0,0,0,0,0,0,0,0,0.0182134359337725,0.0591959565398262,0.0377728430941421,-0.0156990702993094,0.0656224009152204,0.0260586988760012,-0.0044053503169962,0,-0.00590440958381706,-0.00320119140838472,0,-0.0103633615558487,0.0575723341137774,0.00278091915976752,0.00210674737996606,0.0258466903485291,0,0,0.0024223899220233,-0.0306251579079239,-0.0254742816060045,-0.00950107475890303,0,0.0138847368961184,-0.0115801582577259,0,-0.0254846364708857,0,0.0178053615108974,0,0,-0.00586503330485342,0,0,0,0,-0.00732819209515856,0.0300494568909325,0,-0.0141922924911565,0,0.0201168400553756,-0.0119895828508257,0,-0.00447574273990045,0,0,0,0,0,0,0.042812576395434,-0.0460194017639895,0,0.0255965772753599,0,-0.0234714443090509,-0.034470213403755,0,0,0,0.00245357557887949,0,-0.025728652982461,0.0666691676041826,-0.000168073674603396,-0.00614951646705046,-0.00550211867016158,0,0,-0.0336304116047629,-0.0270124254967643,0.00828051299700815,0,-0.0382783326516829,-0.00413394766487295,0,0,0,0,-0.00126928238276552,0.00314953139916676,-0.00516026296754542,0,-0.0330372442098424,0,0,0,0,-0.0701616372268882,0,0.0208867296601059,0,0.0244548843695703,0,0,0.0259798647561689,0,0,0.0104627578155291,-0.0170736906249799,0,0.00949489412041836,0,0,0,0,0.00904499191646556,-0.000930011241956403,0,0,0,0,0,0,0,0,0,0,0,0,0,0,-0.00967184639451026,0,-0.00183844828049733,0,-0.0151221878301419,0.0420545543058509,0,-0.0122065649684342,-0.00187384151562163,0,0,0,-0.00575775677109293,0,0.0502558289751964,0,-0.0307960546523298,0.0255565248763121,0,0.0284943309476835,-0.00672495679487751,0.00146887841598406,-0.022804704476796
-0.0153403951022945,0.0503419481311676,-0.0180574608880195,0,-0.0408413880234152,0,0.0573381956816092,0.0100409851393456,0,-0.0268121827268253,0,0,0,0.0664108842998508,0.0455157332281773,-0.00916574754990093,-0.0323693767337993,-0.00674170229407199,-0.00498153056970453,0,-0.00141285678746893,0,-0.0211662143673853,0,0.00983029758295999,-0.00500585764728217,0,0.0144310623347053,0,-0.038326752461608,-0.00105985335766753,0,0,0,0,0,0,0,0,0,0,0.0173939705993397,0.0606021582112779,0.0391242147562515,-0.0150182052852741,0.0665924710379728,0.0267653697220085,-0.00426792435504521,0,-0.00565842105337762,-0.00270502431248852,0,-0.0102771262490279,0.057072801715626,0.00424424323129897,0.00199991688596349,0.0258846159421524,0,0,0.00187519368674346,-0.0325785651333177,-0.0236904560807061,-0.00818899467901318,0,0.0140620479558642,-0.0109464324387857,0,-0.0262327620231477,0,0.0177775942372833,0,0,-0.00576095004200839,0,0,0,0,-0.0070447036059218,0.0307655369757697,0,-0.0138366573728521,0,0.0205843167811329,-0.0119578921090264,0,-0.00342963743402882,0,0,0,0,0,0,0.0433426893906389,-0.0472539982419685,0,0.0246131409211747,0,-0.0233951113094374,-0.0297626571022278,0,0,0,0.00272080118888933,0,-0.0278031966221522,0.0665990854088717,-0.000897345898811822,-0.00668364010888801,-0.0046258799993203,0,0,-0.0336670172201043,-0.0257737436879666,0.00566898632304619,0,-0.0380026155172482,-0.00384981301764229,0,0,-0.000424780140979327,0,0,0.00436604050575824,-0.00475512937497906,0,-0.0325239090568687,0,0,0,0,-0.0690996208447121,0,0.0220120262405153,0,0.0235947451751936,0,0,0.0239021657316138,0,0,0.0100500347020708,-0.0177298548024729,0,0.00944507114516159,0,0.000291242320422206,0,0,0.0111829859772936,-0.000749639363562272,0,0,0,0,0,0,0,0,0,0,0,0,0,0,-0.0104855111076042,0,-0.00309009421655442,0,-0.0145173695857533,0.0431428563293492,0,-0.0116480634452353,-0.00264141391181879,0,0,0,-0.00684585396024008,0,0.0508933976299859,0,-0.0293265862375407,0.0263783444315576,0,0.0290897999172075,-0.00586679080450953,0.00196168052284371,-0.0237722680124249
NA,NA,NA,NA,NA,NA,NA,NA,NA,NA,NA,NA,NA,NA,NA,NA,NA,NA,NA,NA,NA,NA,NA,NA,NA,NA,NA,NA,NA,NA,NA,NA,NA,NA,NA,NA,NA,NA,NA,NA,NA,NA,NA,NA,NA,NA,NA,NA,NA,NA,NA,NA,NA,NA,NA,NA,NA,NA,NA,NA,NA,NA,NA,NA,NA,NA,NA,NA,NA,NA,NA,NA,NA,NA,NA,NA,NA,NA,NA,NA,NA,NA,NA,NA,NA,NA,NA,NA,NA,NA,NA,NA,NA,NA,NA,NA,NA,NA,NA,NA,NA,NA,NA,NA,NA,NA,NA,NA,NA,NA,NA,NA,NA,NA,NA,NA,NA,NA,NA,NA,NA,NA,NA,NA,NA,NA,NA,NA,NA,NA,NA,NA,NA,NA,NA,NA,NA,NA,NA,NA,NA,NA,NA,NA,NA,NA,NA,NA,NA,NA,NA,NA,NA,NA,NA,NA,NA,NA,NA,NA,NA,NA,NA,NA,NA,NA,NA,NA,NA,NA,NA,NA,NA,NA,NA,NA,NA,NA,NA,NA,NA,NA,NA,NA,NA,NA,NA
-0.0132842361558084,0.0507581961909166,-0.0192741060690898,0,-0.0406428577344133,0,0.0547143779460006,0.0116416682307345,0,-0.0275960213897583,0,0,0,0.0649233686733901,0.0437437755259598,-0.00917113960595651,-0.0312177473045914,-0.00478543474851294,-0.00560572030476285,0,-0.00159752292271294,0,-0.0211148754864667,0,0.00844372036284602,-0.00614273860919309,0,0.0139442942192962,0,-0.0387061516740184,-0.00150111292378584,0,0,0,0,0,0,0,0,0,0,0.0188987556578773,0.058689022165206,0.0360883483851284,-0.0157701326717732,0.0656443637471359,0.0262773766423542,-0.00424358849166146,0,-0.00621208490768182,-0.00337710151180949,0,-0.0117049701978021,0.0575446858808714,0.00255969293890611,0.00227434002215957,0.0247024115870487,0,0,0.00131155251769225,-0.0308919271592526,-0.0220194551287275,-0.00799019460855152,0,0.0138741248822696,-0.0069566724050401,0,-0.0267188064405669,0,0.023611350135981,0,0,-0.0060897432443047,0,0,0,0,-0.00693561552410226,0.0299334591089048,0,-0.0151998947563129,0,0.0193289756563683,-0.013288650420701,0,-0.00491163836430529,0,0,0,0,0,0,0.0430732502480449,-0.047815809297679,0,0.0253835618518805,0,-0.0238127913492298,-0.0287570838847703,0,0,0,0.00249709123405219,0,-0.0261255203819613,0.0667802849054078,-0.000424583393294981,-0.00628648062845345,-0.00624608891975354,0,0,-0.0354991963372126,-0.02696980676207,0.00669216408698446,0,-0.0406558708004944,-0.00445356811475462,0,0,-0.000100150056698079,0,-0.00236191864853672,0.00340222776861286,-0.00468327097899283,0,-0.0336697498326641,0,0,0,0,-0.0714814583754045,0,0.0198518933786566,0,0.0236912913984333,0,0,0.0265153713292378,0,0,0.0105863357219955,-0.0167028212837899,0,0.00876298283047596,0,0,0,0,0.00954924882969293,-0.00300448577489256,0,0,0,0,0,0,0,0,0,0,0,0,0,0,-0.0101541338165779,0,-0.00262634220323633,0,-0.0143069316568011,0.042295388211069,0,-0.0116753306202771,-0.00241406862075352,0,0,-0.000152654625081955,-0.00434686462805649,0,0.0499254032546119,0,-0.0300893709495398,0.0256828715941468,0,0.0266209347505798,-0.00762367158574723,0.00154214368873173,-0.0225632296857822
NA,NA,NA,NA,NA,NA,NA,NA,NA,NA,NA,NA,NA,NA,NA,NA,NA,NA,NA,NA,NA,NA,NA,NA,NA,NA,NA,NA,NA,NA,NA,NA,NA,NA,NA,NA,NA,NA,NA,NA,NA,NA,NA,NA,NA,NA,NA,NA,NA,NA,NA,NA,NA,NA,NA,NA,NA,NA,NA,NA,NA,NA,NA,NA,NA,NA,NA,NA,NA,NA,NA,NA,NA,NA,NA,NA,NA,NA,NA,NA,NA,NA,NA,NA,NA,NA,NA,NA,NA,NA,NA,NA,NA,NA,NA,NA,NA,NA,NA,NA,NA,NA,NA,NA,NA,NA,NA,NA,NA,NA,NA,NA,NA,NA,NA,NA,NA,NA,NA,NA,NA,NA,NA,NA,NA,NA,NA,NA,NA,NA,NA,NA,NA,NA,NA,NA,NA,NA,NA,NA,NA,NA,NA,NA,NA,NA,NA,NA,NA,NA,NA,NA,NA,NA,NA,NA,NA,NA,NA,NA,NA,NA,NA,NA,NA,NA,NA,NA,NA,NA,NA,NA,NA,NA,NA,NA,NA,NA,NA,NA,NA,NA,NA,NA,NA,NA,NA
-0.0142431535825439,0.0500108736225419,-0.017976136831864,0,-0.0400736496507987,0,0.0550892409331639,0.0116633772516041,0,-0.0273649982847139,0,0,0,0.0665812051091708,0.0444257151384496,-0.00935307256038663,-0.0317744797741098,-0.00674314138926087,-0.00595623107319702,0,-0.00124969718686149,0,-0.0196406854062945,0,0.00920745287189766,-0.00591364433477856,0,0.0143788368532965,0,-0.0385316952532691,-0.00124922994964903,0,0,0,0,0,0,0,0,0,0,0.018670454243111,0.0596866817254219,0.0382717309627403,-0.015860134792341,0.0655408429519406,0.0266252186292162,-0.00409521101217662,0,-0.00615903430077543,-0.00325380032219155,0,-0.0106359625610833,0.058202564971836,0.00227775047264162,0.00181680883203126,0.0252021291277081,0,0,0.00179455008029237,-0.0310356100885609,-0.0225828984231831,-0.00741202210780655,0,0.0133770919774359,-0.0112735481598581,0,-0.0259717772847024,0,0.0205396792478636,0,0,-0.00607131127042895,0,0,0,0,-0.00698607445061202,0.02972565170233,0,-0.014557295254726,0,0.0198438987455506,-0.0124597296662612,0,-0.00471726303467419,0,0,0,0,0,0,0.0426275568874795,-0.0465256331753057,0,0.0252403714433586,0,-0.0241550495240925,-0.0314702443731204,0,0,0,0.00243773006056434,0,-0.0260194507541104,0.0663296296336623,-0.0000327837652962597,-0.00606875428981226,-0.00602821022147138,0,0,-0.0349848273522035,-0.0270645987115533,0.00835511929350298,0,-0.0396920506710332,-0.00345475539787718,0,0,-0.000458437797319393,0,-0.00131979989109594,0.00344770465952869,-0.00467921293006079,0,-0.0330485820066667,0,0,0,0,-0.0702889833372525,0,0.0211888885376563,0,0.0241482574919819,0,0,0.0268210030720613,0,0,0.0107309322200693,-0.0163882430501349,0,0.00931790096042425,0,0,0,0,0.00959651580440849,-0.000825859256286222,0,0,0,0,0,0,0,0,0,0,0,0,0,0,-0.00984884722400498,0,-0.00267971729941877,0,-0.0149541387716702,0.0426167861701096,0,-0.0116166312077914,-0.00207846106172483,0,0,0,-0.00528725097226356,0,0.0504194082477073,0,-0.0299768680261603,0.0259261163519346,0,0.0275587489870456,-0.00718709827665337,0.00132645071473981,-0.0229395886541109
-0.0133256900728822,0.0493969302467174,-0.0186179655264292,0,-0.0402898186026213,0,0.0569443321530477,0.0116357795444218,0,-0.0276534290787189,0,0,0,0.0670877377007054,0.0443053776564206,-0.00908569044558849,-0.0315783191258267,-0.00664038496822491,-0.00584506047076639,0,-0.0012962879647158,0,-0.0187023427979245,0,0.0102005225965997,-0.00485338966622645,0,0.0147354888655064,0,-0.038146695968014,-0.00149504352226615,0,0,0,0,0,0,0,0,0,0,0.0186747622313051,0.0596703328447827,0.0380236850923483,-0.015756225193145,0.0651789415602497,0.0265887355718466,-0.0038018762450643,0,-0.00586883115686007,-0.00338292250397949,0,-0.00965470060533294,0.0579638550111335,0.00190165966123622,0.00148525553836509,0.025042256405095,0,0,0.00203152598240306,-0.0313441050237336,-0.0226394370870229,-0.00793673255016899,0,0.0131259188428367,-0.0115015393094351,0,-0.0247390435258234,0,0.0198301891473144,0,0,-0.00546302141728664,0,0,0,0,-0.0072243301445249,0.0297771227062767,0,-0.0146082072449854,0,0.0198542877451775,-0.012878930569413,0,-0.00431768960863158,0,0,0,0,0,0,0.0426814508758953,-0.0467959203577327,0,0.0246222914993203,0,-0.0249965755610216,-0.0324220570552476,0,0,0,0.00222048354891316,0,-0.0256433214708806,0.0701045108010477,0,-0.00679529016895439,-0.00629743860131412,0,0,-0.0320005066802049,-0.0271411459421602,0.00794705446705184,0,-0.0405382360548712,-0.00343618014611584,0,0,-0.000661782623558761,0,-0.0014607289620896,0.00345285150870266,-0.00476173192353292,0,-0.0333001974545356,0,0,0,0,-0.0708119650534657,0,0.0216500040656843,0,0.0237724057393206,0,0,0.0268376080013977,0,0,0.0102721864689627,-0.0168772126826685,0,0.00830795171363445,0,0,0,0,0.00890931863865183,-0.000520415790622553,0,0,0,0,0,0,0,0,0,0,0,0,0,0,-0.0104886203984457,0,-0.00176205601193241,0,-0.0147588724173347,0.0423334600490445,0,-0.0108841692519799,-0.00331577594066523,0,0,0,-0.00549938766084662,0,0.0504052260847901,0,-0.0302201726232113,0.0253159741820012,0,0.0300202903670904,-0.00723676476341892,0.00365430316659829,-0.0235654667768362
-0.0145882665273289,0.0498943102190348,-0.0179775950362559,0,-0.0402451595311431,0,0.0549193606073672,0.0112544379946921,0,-0.0270372600421971,0,0,0,0.0660166435803648,0.044060442271087,-0.00939629829111569,-0.0319567005448971,-0.00662028532289051,-0.00612958493437922,0,-0.00145269720609986,0,-0.019353650874161,0,0.00859639677797554,-0.0061930282870029,0,0.0142402394734657,0,-0.0389954401679138,-0.000786919904618674,0,0,0,0,0,0,0,0,0,0,0.0185222739211682,0.0598417252352384,0.0385590124208283,-0.0169359320342856,0.065532959672173,0.0263526678789645,-0.00419782838979676,0,-0.00605832837572134,-0.00315886922132902,0,-0.0109564458796857,0.0582682257726232,0.00222355984708786,0.00181239861153287,0.0251976808424268,0,0,0.00192880566980378,-0.0310939478585689,-0.0225263231952339,-0.0070074511563937,0,0.013692699314951,-0.0110352428919165,0,-0.0260668251851732,0,0.0178459180687968,0,0,-0.00623920138153391,0,0,0,0,-0.00699982715294661,0.0296523818488302,0,-0.0143431097723176,0,0.0199622251441033,-0.0123913859484145,0,-0.00447105613241335,0,0,0,0,0,0,0.0430909169021975,-0.04645168161647,0,0.0255069838200743,0,-0.0236380633312465,-0.0310924093999973,0,0,0,0.00203132240544638,0,-0.0260126504228218,0.0662557296057434,-0.000197232562229974,-0.00607117483387022,-0.00622612979164269,0,0,-0.0362383147896308,-0.0270904952996455,0.00851688386073014,0,-0.0386888195693468,-0.00337023422093567,0,0,-0.000378553578605618,0,-0.00150981131000442,0.0033507742344043,-0.00457975882630342,0,-0.0334377327940024,0,0,0,0,-0.0702127983194491,0,0.0207025206497485,0,0.023772296804076,0,0,0.0266250594952685,0,0,0.0106757311825054,-0.0165659225835302,0,0.00936433630623983,0,0,0,0,0.00971911137829904,-0.000840607209994304,0,0,0,0,0,0,0,0,0,0,0,0,0,0,-0.0101877134846317,0,-0.00266204224424136,0,-0.0148898987481481,0.0424625218591223,0,-0.0120688754352708,-0.00211149343544148,0,0,0,-0.0063646612981422,0,0.0502980714711938,0,-0.0287415540448185,0.0259933054037586,0,0.027570906782381,-0.00721020108591946,0.000891543711278068,-0.0229928534545981
-0.013282863309677,0.0495057258384942,-0.0183913721684403,0,-0.0403220173989413,0,0.0539648369547181,0.0122016955629247,0,-0.0275472362379747,0,0,0,0.0670464900367286,0.0441163112534486,-0.00915446774819009,-0.0314477551976272,-0.00773205041412435,-0.00658064055487081,0,-0.00144307990138729,0,-0.017238316182176,0,0.00904163690947929,-0.00470074210385451,0,0.0145029928474073,0,-0.0385661689719492,-0.00181204573931249,0,0,0,0,0,0,0,0,0,0,0.0180635806838642,0.0597737933598104,0.0385516761825246,-0.0141071521543203,0.065941619582482,0.0266188041919224,-0.00457482523713294,0,-0.0060834019387159,-0.00259323912250456,0,-0.0116698847622839,0.0584229138966657,0.00255804072450945,0.0013361756763256,0.0254800345680631,0,0,0.00154438125316822,-0.0308315207655469,-0.0233623807007456,-0.00738855816259096,0,0.0136729694094119,-0.0106413470486632,0,-0.0253577994243655,0,0.0174826840625317,0,0,-0.0062723924194161,0,0,0,0,-0.00770816281014782,0.029887128605458,0,-0.0145940323149197,0,0.020199661036686,-0.0120846027445726,0,-0.00442804334360213,0,0,0,0,0,0,0.0426728065311891,-0.0470259543248509,0,0.0246010236511312,0,-0.0242586785222102,-0.0317028307064138,0,0,0,0.00414905183554491,0,-0.0262868336651708,0.066720500871472,0,-0.00612722934685838,-0.00601023609034647,0,0,-0.0319116028041011,-0.0269321911383252,0.00830888632345182,0,-0.0395131269695576,-0.00349437433753852,0,0,-0.000989935161377107,0,-0.00145757032713592,0.00396794799388947,-0.00522327871626374,0,-0.0338359695864721,0,0,0,0,-0.0701823514152211,0,0.0207991884351079,0,0.0237436770571416,0,0,0.028722205217503,0,0,0.0105323539219361,-0.016913435696485,0,0.00958443695479488,0,0,0,0,0.00938743432206051,-0.000702717892130944,0,0,0,0,0,0,0,0,0,0,0,0,0,0,-0.0108483070625689,0,-0.00188987238316479,0,-0.0149873125368801,0.04349741996903,0,-0.0116275461841936,-0.00322098309950075,0,0,0,-0.00504159445606169,0,0.0502678276880495,0,-0.0291393579692181,0.0263489396091406,0,0.0281560066862802,-0.00690674209704232,0.00095906196653941,-0.0231716293420046
-0.0128554553108603,0.0496684973312705,-0.0188184002388427,0,-0.0405781731372088,0,0.0532732585118323,0.0122110630774841,0,-0.0276532062870663,0,0,0,0.0662334199287049,0.0434179010070257,-0.00901481758480994,-0.0312348034804415,-0.00658947617599974,-0.00563419068574702,0,-0.00110256474089196,0,-0.0200777471840997,0,0.00873607323564143,-0.00542045331719339,0,0.014506831955643,0,-0.0400619642700489,-0.00223318563567085,0,0,0,0,0,0,0,0,0,0,0.0183964133335536,0.0588200295301636,0.038674048066879,-0.0146860312797996,0.0656909872381153,0.027289763037217,-0.00419452171936913,0,-0.00605412184597624,-0.00342675892576867,0,-0.010026648819371,0.0584396171989318,0.00250780507817993,0.00271571848807596,0.0243761968958845,0,0,0.00181699976678175,-0.0317182895400781,-0.022282482557748,-0.00834771146787414,0,0.0133917831815111,-0.0113825662551734,0,-0.0270154913671399,0,0.0179390669947928,0,0,-0.00571101708151682,0,0,0,0,-0.00698247253631033,0.0295384539573808,0,-0.0151911429285843,0,0.0197412233225645,-0.013247002603421,0,-0.00479575753354654,0,0,0,0,0,0,0.0423236789614834,-0.0472856868831324,0,0.0259494993679425,0,-0.025437187871026,-0.0283214849159073,0,0,0,0.00198941726854318,0,-0.0249716886290049,0.0734027732723118,-0.000721520508724302,-0.00571821695212751,-0.00584697403261406,0,0,-0.0314858692361532,-0.0269376673289568,0.00780343909610196,0,-0.0399653846195205,-0.00271261367285578,0,0,-0.000552021790470487,0,-0.00293336472598303,0.0033303211744553,-0.00483316683180977,0,-0.0336430992021249,0,0,0,0,-0.0706931115860947,0,0.0205375420653251,0,0.0226790529419093,0,0,0.0288655519892093,0,0,0.0113914862685617,-0.016145401896353,0,0.00895577809365988,0,0,0,0,0.00943117407070035,0,0,0,0,0,0,0,0,0,0,0,0,0,0,0,-0.0106789707075662,0,-0.000638792148319592,0,-0.0148309514857325,0.0408202780091193,0,-0.0105190723018558,-0.0024545875721423,0,0,0,-0.00457476770604041,0,0.0502378552781751,0,-0.0281118058500041,0.0263041335768526,0,0.0277161115847767,-0.00708848307309338,0.000972284892747839,-0.0240737376463802
-0.0130299658776368,0.0490628863272309,-0.0196421706878625,0,-0.0406041518318182,0,0.0544028808656164,0.0118911499305214,0,-0.0274192159662803,0,0,0,0.066292047789987,0.0436205486008669,-0.00937179524177815,-0.0319617259198061,-0.00618744471494858,-0.00601548905074089,0,-0.00110796474569937,0,-0.020665955380054,0,0.00871737984302456,-0.00529461313415637,0,0.0148014639119446,0,-0.0397567931719122,-0.00242081259521848,0,0,0,0,0,0,0,0,0,0,0.0188410007655646,0.0586965200490997,0.0386363418648939,-0.0157848935187039,0.0662136216300452,0.0275488850541118,-0.00409351724254506,0,-0.0056481224138424,-0.0036026011322893,0,-0.00985154020455293,0.0579656115541134,0.00231087624621024,0.0018438402317072,0.0243901354401267,0,0,0.00150913045272157,-0.0311532074338115,-0.0232059904520561,-0.0075727961085081,0,0.013846898163523,-0.0113900384422861,0,-0.0276509637916334,0,0.0191958297807056,0,0,-0.00592206927805938,0,0,0,0,-0.00757528043213161,0.0292222263341977,0,-0.0146941159986022,0,0.0200315728517864,-0.0126764094740639,0,-0.00509828549334064,0,0,0,0,0,0,0.0421747775298705,-0.0463746092833209,0,0.0260509314830644,0,-0.0249819161228767,-0.0312378654367817,0,0,0,0.00264499018039938,0,-0.0264781934392622,0.069685205177307,-0.000566684275437631,-0.00601051377980761,-0.00678341214360698,0,0,-0.0306598622884082,-0.0265498229172398,0.00741760030259829,0,-0.0396334223980277,-0.00337188572564853,0,0,-0.00119336924807813,0,-0.00219315968569621,0.00338463476730962,-0.00505105060430554,0,-0.0329137722104817,0,0,0,0,-0.0696900116382121,0,0.0206013623161252,0,0.0235171885605594,0,0,0.0289390949029416,0,0,0.0103435797010234,-0.0161470137045104,0,0.00775318172504343,0,0,0,0,0.0089625195751491,-0.000333296908969515,0,0,0,0,0,0,0,0,0,0,0,0,0,0,-0.0106220321766876,0,0,0,-0.0152473441804301,0.041641582149064,0,-0.0111465970286274,-0.00219984805609229,0,0,0,-0.00556059399422033,0,0.0503907908845037,0,-0.0294222907385893,0.0258976605416042,0,0.0284984090654192,-0.0073943589142146,0.000838689819807039,-0.0240642034722366
NA,NA,NA,NA,NA,NA,NA,NA,NA,NA,NA,NA,NA,NA,NA,NA,NA,NA,NA,NA,NA,NA,NA,NA,NA,NA,NA,NA,NA,NA,NA,NA,NA,NA,NA,NA,NA,NA,NA,NA,NA,NA,NA,NA,NA,NA,NA,NA,NA,NA,NA,NA,NA,NA,NA,NA,NA,NA,NA,NA,NA,NA,NA,NA,NA,NA,NA,NA,NA,NA,NA,NA,NA,NA,NA,NA,NA,NA,NA,NA,NA,NA,NA,NA,NA,NA,NA,NA,NA,NA,NA,NA,NA,NA,NA,NA,NA,NA,NA,NA,NA,NA,NA,NA,NA,NA,NA,NA,NA,NA,NA,NA,NA,NA,NA,NA,NA,NA,NA,NA,NA,NA,NA,NA,NA,NA,NA,NA,NA,NA,NA,NA,NA,NA,NA,NA,NA,NA,NA,NA,NA,NA,NA,NA,NA,NA,NA,NA,NA,NA,NA,NA,NA,NA,NA,NA,NA,NA,NA,NA,NA,NA,NA,NA,NA,NA,NA,NA,NA,NA,NA,NA,NA,NA,NA,NA,NA,NA,NA,NA,NA,NA,NA,NA,NA,NA,NA
NA,NA,NA,NA,NA,NA,NA,NA,NA,NA,NA,NA,NA,NA,NA,NA,NA,NA,NA,NA,NA,NA,NA,NA,NA,NA,NA,NA,NA,NA,NA,NA,NA,NA,NA,NA,NA,NA,NA,NA,NA,NA,NA,NA,NA,NA,NA,NA,NA,NA,NA,NA,NA,NA,NA,NA,NA,NA,NA,NA,NA,NA,NA,NA,NA,NA,NA,NA,NA,NA,NA,NA,NA,NA,NA,NA,NA,NA,NA,NA,NA,NA,NA,NA,NA,NA,NA,NA,NA,NA,NA,NA,NA,NA,NA,NA,NA,NA,NA,NA,NA,NA,NA,NA,NA,NA,NA,NA,NA,NA,NA,NA,NA,NA,NA,NA,NA,NA,NA,NA,NA,NA,NA,NA,NA,NA,NA,NA,NA,NA,NA,NA,NA,NA,NA,NA,NA,NA,NA,NA,NA,NA,NA,NA,NA,NA,NA,NA,NA,NA,NA,NA,NA,NA,NA,NA,NA,NA,NA,NA,NA,NA,NA,NA,NA,NA,NA,NA,NA,NA,NA,NA,NA,NA,NA,NA,NA,NA,NA,NA,NA,NA,NA,NA,NA,NA,NA
NA,NA,NA,NA,NA,NA,NA,NA,NA,NA,NA,NA,NA,NA,NA,NA,NA,NA,NA,NA,NA,NA,NA,NA,NA,NA,NA,NA,NA,NA,NA,NA,NA,NA,NA,NA,NA,NA,NA,NA,NA,NA,NA,NA,NA,NA,NA,NA,NA,NA,NA,NA,NA,NA,NA,NA,NA,NA,NA,NA,NA,NA,NA,NA,NA,NA,NA,NA,NA,NA,NA,NA,NA,NA,NA,NA,NA,NA,NA,NA,NA,NA,NA,NA,NA,NA,NA,NA,NA,NA,NA,NA,NA,NA,NA,NA,NA,NA,NA,NA,NA,NA,NA,NA,NA,NA,NA,NA,NA,NA,NA,NA,NA,NA,NA,NA,NA,NA,NA,NA,NA,NA,NA,NA,NA,NA,NA,NA,NA,NA,NA,NA,NA,NA,NA,NA,NA,NA,NA,NA,NA,NA,NA,NA,NA,NA,NA,NA,NA,NA,NA,NA,NA,NA,NA,NA,NA,NA,NA,NA,NA,NA,NA,NA,NA,NA,NA,NA,NA,NA,NA,NA,NA,NA,NA,NA,NA,NA,NA,NA,NA,NA,NA,NA,NA,NA,NA
NA,NA,NA,NA,NA,NA,NA,NA,NA,NA,NA,NA,NA,NA,NA,NA,NA,NA,NA,NA,NA,NA,NA,NA,NA,NA,NA,NA,NA,NA,NA,NA,NA,NA,NA,NA,NA,NA,NA,NA,NA,NA,NA,NA,NA,NA,NA,NA,NA,NA,NA,NA,NA,NA,NA,NA,NA,NA,NA,NA,NA,NA,NA,NA,NA,NA,NA,NA,NA,NA,NA,NA,NA,NA,NA,NA,NA,NA,NA,NA,NA,NA,NA,NA,NA,NA,NA,NA,NA,NA,NA,NA,NA,NA,NA,NA,NA,NA,NA,NA,NA,NA,NA,NA,NA,NA,NA,NA,NA,NA,NA,NA,NA,NA,NA,NA,NA,NA,NA,NA,NA,NA,NA,NA,NA,NA,NA,NA,NA,NA,NA,NA,NA,NA,NA,NA,NA,NA,NA,NA,NA,NA,NA,NA,NA,NA,NA,NA,NA,NA,NA,NA,NA,NA,NA,NA,NA,NA,NA,NA,NA,NA,NA,NA,NA,NA,NA,NA,NA,NA,NA,NA,NA,NA,NA,NA,NA,NA,NA,NA,NA,NA,NA,NA,NA,NA,NA
-0.0124863031653675,0.0500350242531431,-0.018135087078461,0,-0.0413264065488837,0,0.0599733641073749,0.010246574171586,0,-0.0266275840292605,0,0,0,0.066029727800132,0.0442959905791407,-0.00900501625695127,-0.0324834807786547,-0.00573550775924911,-0.00362031998550598,0,-0.00111997658455772,0,-0.0217428849234188,0,0.00827736059694827,-0.00527666670231671,0,0.0148972022237286,0,-0.0387947684014998,0,0,0,0,0,0,0,0,0,0,0,0.0185897687885728,0.0588078176209375,0.0393751391279256,-0.011673249356945,0.0685036254085597,0.0271079182666366,-0.00470426832940895,0,-0.00500137982216321,-0.00301188415185072,0,-0.0110250754096949,0.0572351111688674,0.0031499675077955,0.001410669232827,0.0249234039179625,0,0,0.00168192032694638,-0.0311197991855295,-0.0224629148837387,-0.0068637814739991,0,0.014110458240493,-0.0113182789535621,0,-0.0269405471663495,0,0.0180953602012949,0,0,-0.00570984739547921,0,0,0,0,-0.00606868072847915,0.0293860350424821,0,-0.0149499373918687,0,0.0198326961970653,-0.0132201829078125,0,-0.0043933113038158,0,0,0,0,0,0,0.0426248140879857,-0.047441993455935,0,0.0260058460759982,0,-0.0238400323743352,-0.0313296135888323,0,0,0,0.0026698124679813,0,-0.0266385769924381,0.0662788656396292,-0.000350188007120708,-0.0064050225271474,-0.00658803412467803,0,0,-0.0282796352986774,-0.0273229306809798,0.00846833297425814,0,-0.0393268721377167,-0.00357124963541442,0,0,0,0,-0.00139714301098486,0.00459361773177735,-0.00550624124809002,0,-0.0342817201142793,0,0,0,0,-0.070621327376049,0,0.019960901387247,0,0.0243420075091382,0,0,0.0257942447390318,0,0,0.0102533970914588,-0.016985864001229,0,0.00841945626929566,0,0,0,0,0.0113743012962177,-0.00125987014554826,0,0,0,0,0,0,0,0,0,0,0,0,0,0,-0.0102663305937586,0,0,0,-0.0140080961128409,0.0413796532966361,0,-0.0122603656529587,-0.00127185161764018,0,0,0,-0.00605362945780291,0,0.0501078568079673,0,-0.0296797468057436,0.0261483216105255,0,0.0285320245780838,-0.00728046300423144,0.000377273568019087,-0.0223630871156119
-0.0136020662288243,0.0496127098303158,-0.0180428625055105,0,-0.0404258365923367,0,0.0566827072758928,0.0113703343577798,0,-0.0272588933635782,0,0,0,0.0651221232746009,0.0473732502471754,-0.0092444642243016,-0.0320211109024099,-0.00676368974681911,-0.00570872014914312,0,-0.00142909253204192,0,-0.0203090027429195,0,0.00959053027221594,-0.00599982770752241,0,0.014357167115648,0,-0.0387710445227108,-0.00201259548751115,0,0,0,0,0,0,0,0,0,0,0.0178748969488822,0.0594359753955268,0.0387982238297239,-0.0153614179527579,0.0658966171176626,0.0260683259855213,-0.00421244543727797,0,-0.00615219774633629,-0.00327036959624217,0,-0.0104028157484122,0.0590119172552866,0.00287435748768386,0.000940196546296525,0.0244957408519942,0,0,0.00170074016207149,-0.0312785738833746,-0.0224234032059263,-0.00740143027721427,0,0.013366034899512,-0.0109858884329124,0,-0.0265100001703516,0,0.0182784680008913,0,0,-0.00637457741120263,0,0,0,0,-0.00719851906630418,0.0296135481663638,0,-0.0146194760607137,0,0.0199218504504246,-0.0124255869791566,0,-0.00510191518014775,0,0,0,0,0,0,0.0429330623696661,-0.0468228733542069,0,0.0251084135312581,0,-0.0215368776376218,-0.031511155126429,0,0,0,0.00200352608401908,0,-0.0262982930529908,0.0665220518451919,-0.0000281920237072766,-0.00643044205195399,-0.00605274097525106,0,0,-0.0324106132293737,-0.0270050742868047,0.00763278424198725,0,-0.0398155335811215,-0.00349569567979101,0,0,0,0,-0.00118048205355948,0.00320431341547553,-0.00476620909370157,0,-0.0340107199686186,0,0,0,0,-0.0707084848064897,0,0.0204279791875638,0,0.024565330747037,0,0,0.0262592703154191,0,0,0.00996626049309786,-0.016621850765482,0,0.00968527106307778,0,0,0,0,0.0111694146396313,-0.000257776670784027,0,0,0,0,0,0,0,0,0,0,0,0,0,0,-0.0096642797898253,0,-0.00143909975309901,0,-0.0145248815050562,0.0417878537339674,0,-0.0115586487882339,-0.00211535606849246,0,0,0,-0.00559768005981689,0,0.0493932199209608,0,-0.0297702660868273,0.0258480392323018,0,0.0270688830459737,-0.00717106779810534,0.00127720709476257,-0.0231036678539867
-0.0138491602393459,0.0498266354815238,-0.0180524254310191,0,-0.0402947243050136,0,0.0555808307530628,0.0113015760116677,0,-0.0272070407013168,0,0,0,0.0661289406270871,0.0457160476975711,-0.00897143774701198,-0.0316604976002877,-0.00659566510455262,-0.00584044741929242,0,-0.00157403483581069,0,-0.0199366970251016,0,0.00937104709355505,-0.00564004532128497,0,0.0143064795677983,0,-0.0384236573365666,-0.00158030596372544,0,0,0,0,0,0,0,0,0,0,0.0179111142213513,0.0595696211219389,0.0387097808275075,-0.0155418438210632,0.0655732014149114,0.0261182640956734,-0.0042974531677711,0,-0.00612359140280944,-0.00313190770292528,0,-0.0109165467570288,0.0580607318439429,0.00241779219778235,0.00163429281482398,0.0253469563374579,0,0,0.00166928285268582,-0.0311513342218942,-0.0220112111549897,-0.00761625838542757,0,0.0133425296688113,-0.0108413493374471,0,-0.0254525579967412,0,0.0182375540394949,0,0,-0.0062369832610707,0,0,0,0,-0.0072571388710427,0.0298090437201786,0,-0.0144247562036948,0,0.019709849133055,-0.0125247006682614,0,-0.00488503389792425,0,0,0,0,0,0,0.0428749265482924,-0.0461432167312607,0,0.0249458802005126,0,-0.0234431973788664,-0.0316238540042387,0,0,0,0.00288512060990357,0,-0.0260093712807746,0.0668059441879082,0,-0.00639797910468949,-0.00600005281019077,0,0,-0.0328532938949379,-0.0272160346713942,0.00804117156118716,0,-0.0393377404084167,-0.00362909707509414,0,0,0,0,-0.00159296808211628,0.0033262969659238,-0.00496748121084515,0,-0.0336482626070411,0,0,0,0,-0.0702007138786087,0,0.0206148724107421,0,0.0240391334749733,0,0,0.0263560544706266,0,0,0.0104086613035314,-0.0167155169264921,0,0.0096265366297439,0,0,0,0,0.0104764524130144,-0.000350028703531905,0,0,0,0,0,0,0,0,0,0,0,0,0,0,-0.00983238267470698,0,-0.00263701145323751,0,-0.0147452575819425,0.0422818606303587,0,-0.0116641354088106,-0.00196802902106513,0,0,0,-0.00555030613560439,0,0.0498403790648366,0,-0.0295981525647423,0.0257842614941363,0,0.0271732912838372,-0.00687358369241405,0.00110967963055092,-0.0225827943620653
-0.013448587055765,0.0502493642896374,-0.0169018770259365,0,-0.0397854083591632,0,0.0553533063288756,0.0111191328823908,0,-0.0273765444329433,0,0,0,0.0667223119047109,0.0445405673874071,-0.00929289398079716,-0.0319435666228689,-0.0059877961928768,-0.00607091992962308,0,-0.0017185537484414,0,-0.0196342796729715,0,0.0101222751845994,-0.00564555526597003,0,0.0143089093672942,0,-0.0389921313463194,-0.00162310305003717,0,0,0,0,0,0,0,0,0,0,0.017632144228733,0.0598934772380652,0.0376731340077589,-0.0160515933030398,0.065092273131465,0.0264052563322201,-0.00421673423373722,0,-0.00638501892260504,-0.00329834412413909,0,-0.0106584259565866,0.0580497784552188,0.00173318122587937,0.00197675664879503,0.0256841277575386,0,0,0.00181421723238037,-0.0305316110876691,-0.0223899342300878,-0.00778648738445074,0,0.0132021554022852,-0.0112882799362227,0,-0.0243617252375235,0,0.0179242141057259,0,0,-0.00579681306224816,0,0,0,0,-0.00716919790887861,0.0297679215851002,0,-0.0145918181800363,0,0.0194687650598787,-0.0125730468784248,0,-0.0053266650218054,0,0,0,0,0,0,0.0428849682902228,-0.0462551491602638,0,0.0246161768991215,0,-0.0243948924095539,-0.0316072168230997,0,0,0,0.0028657749518959,0,-0.0261289898900578,0.066891537332643,0,-0.00610022445443421,-0.00580910063358165,0,0,-0.030789575910199,-0.0270425822666705,0.00875409369203344,0,-0.0390480311093713,-0.00341529084516482,0,0,-0.000312000856677369,0,-0.00104482171350897,0.00258217607986647,-0.00526872472885148,0,-0.0334430278505099,0,0,0,0,-0.0698731223479893,0,0.0211097274187212,0,0.0242514553720131,0,0,0.0257862211904351,0,0,0.0109339178097985,-0.0168149300866874,0,0.0100173741139387,0,0,0,0,0.00999369956197003,-0.0000477847810982413,0,0,0,0,0,0,0,0,0,0,0,0,0,0,-0.00966121584356473,0,-0.00301674310746106,0,-0.0150293183480413,0.0423030144753617,0,-0.0115861732008435,-0.00129304078852154,0,0,0,-0.00543707077346223,0,0.0497625750585929,0,-0.0295046609051982,0.0259844497187691,0,0.0265235219190155,-0.00633367836933667,0.00081144163650785,-0.0236807021675128
-0.0141724274759876,0.0503916217380849,-0.0181619460111934,0,-0.0398918412765013,0,0.0547672878029357,0.011106276966038,0,-0.0270429042310319,0,0,0,0.0663691441757392,0.0437381601004895,-0.00930523688832795,-0.0317994334223376,-0.00650176780910994,-0.00540021246837889,0,-0.00110824592656498,0,-0.019734377623221,0,0.00922953926295943,-0.00603021937920715,0,0.0144558108513762,0,-0.0385945337464942,-0.00129833905906243,0,0,0,0,0,0,0,0,0,0,0.0184661800798627,0.0591535523912868,0.0382388050858731,-0.0158164110570994,0.0656331901267209,0.0266760002301365,-0.00414917944014379,0,-0.00606409576593457,-0.00317985112135045,0,-0.0107404958408853,0.0579140508027027,0.00229228934293324,0.00216078911822424,0.0252315345840377,0,0,0.00185128660698428,-0.0306779041964402,-0.0222320638134275,-0.00700395317863786,0,0.0132310781296579,-0.0112006425699499,0,-0.0255189708581167,0,0.0188306240019871,0,0,-0.00602676816079047,0,0,0,0,-0.00700512846268331,0.0298684845829997,0,-0.0144698722960522,0,0.0196679742651974,-0.0124504559665413,0,-0.00462387905937758,0,0,0,0,0,0,0.0430059985246639,-0.0462543307532408,0,0.024840506183736,0,-0.0240493917939666,-0.0311960906175015,0,0,0,0.00223209309529538,0,-0.0258785284155633,0.0661162987809168,-0.00000128953043643194,-0.00600901276008108,-0.00638940563078397,0,0,-0.0338646110999422,-0.0270240660096244,0.00775723710762802,0,-0.039389119441147,-0.00348985321360774,0,0,-0.000249935935297793,0,-0.00129663397059904,0.00296374570927503,-0.00491696170778086,0,-0.0328128694323091,0,0,0,0,-0.0701180731925092,0,0.0206674740843307,0,0.0239884253347378,0,0,0.0270755820407713,0,0,0.0105649379095169,-0.0165283571090239,0,0.00915610198711985,0,0,0,0,0.00952465451821104,-0.0000592667178656031,0,0,0,0,0,0,0,0,0,0,0,0,0,0,-0.0097261217354806,0,-0.00239580218398964,0,-0.014879636801805,0.0422010308817796,0,-0.0116656791959589,-0.00237469442619356,0,0,0,-0.00490965466516553,0,0.050273379384899,0,-0.0295903191464755,0.0260683124091506,0,0.0276325490191177,-0.00727239407242786,0.00108521273737748,-0.0228610267939594
-0.0140053786963678,0.0502468463157825,-0.0178349279247064,0,-0.0395634808395423,0,0.0545904286434744,0.0110188784195045,0,-0.0270358404190939,0,0,0,0.0664720671683708,0.0435852248469301,-0.00950881826419458,-0.0318001068381291,-0.00616850567673656,-0.00552631401503942,0,-0.00122839318851928,0,-0.0193855961539941,0,0.00903941302488417,-0.00628662733888404,0,0.0144802423749605,0,-0.038737054477297,-0.00112823140010567,0,0,0,0,0,0,0,0,0,0,0.0181840757399655,0.0594980149066542,0.0379457731579422,-0.0160703247897252,0.0653359849562087,0.0265043638964429,-0.00417987286633618,0,-0.00582089939056025,-0.00325965603951548,0,-0.0108837465229381,0.0577703162578717,0.00226079470390978,0.00233956631840582,0.0255259127073835,0,0,0.00189134062653413,-0.0307878566948769,-0.0224681439496087,-0.00682123151755409,0,0.0133167673742342,-0.0112195123546117,0,-0.0254244602794381,0,0.0186924417130632,0,0,-0.00593852419292975,0,0,0,0,-0.00675558516005037,0.0297602515452513,0,-0.0144590850986917,0,0.0196372033966424,-0.0125749025101397,0,-0.00471461485419298,0,0,0,0,0,0,0.0429202462828934,-0.0465623563094359,0,0.0247843627089925,0,-0.0241220096316354,-0.031137516355927,0,0,0,0.00246514455541682,0,-0.0258279191409767,0.0661285825213989,-0.000158619317842521,-0.00596044294267584,-0.00639206261720249,0,0,-0.033078999239308,-0.0269597482336658,0.00782768555694875,0,-0.0391640763470696,-0.00329420003418141,0,0,-0.000362338597560548,0,-0.00114590242820834,0.00264116160249845,-0.00526394947984148,0,-0.0328284114418566,0,0,0,0,-0.0697841521807583,0,0.0206393672854446,0,0.0244239867140612,0,0,0.0267795807445437,0,0,0.0107484358719381,-0.0164552753585368,0,0.00945122921730473,0,0,0,0,0.0090567876504132,-0.000163867315874258,0,0,0,0,0,0,0,0,0,0,0,0,0,0,-0.00975673577460914,0,-0.00244326752308075,0,-0.0149257047915432,0.0422227770244969,0,-0.0121291043783412,-0.00194751615924693,0,0,0,-0.00495146688591324,0,0.0502470710554646,0,-0.0295361569703947,0.0259183578944499,0,0.0276050627415239,-0.00743572380685696,0.000849006857135021,-0.0231280566906762
-0.0151063421232564,0.0501923879915373,-0.018840121715492,0,-0.0396244912029745,0,0.0544595365385933,0.0114221412396769,0,-0.026075439550698,0,0,0,0.0660471346194231,0.0435219551535066,-0.00934831362906471,-0.0321857623149696,-0.00648004432931503,-0.00496642012422859,0,-0.00147648837166049,0,-0.0197890732552875,0,0.00906766288291979,-0.00640778129603846,0,0.014512413528187,0,-0.0382791267360592,-0.00165013333744122,0,0,0,0,0,0,0,0,0,0,0.018954177639939,0.05786336107575,0.0378498726892482,-0.0152652596965462,0.0663381157766457,0.0265315334241718,-0.00415160266600775,0,-0.00469463988127638,-0.00306680251115931,0,-0.0104341058283673,0.0589738736959402,0.00471641929967785,0.00236590032031709,0.0250733325128747,0,0,0.00220340458980709,-0.0305948904235412,-0.0225982817706839,-0.00869209373322248,0,0.0123326574919144,-0.0106399683551137,0,-0.0374994117465887,0,0.0180868559258021,0,0,-0.0066957000475587,0,0,0,0,-0.00726953010350875,0.0292596979947161,0,-0.0144834265306601,0,0.0206067656135291,-0.0124479067536623,0,-0.00425805440311523,0,0,0,0,0,0,0.0420399997709777,-0.0461753933010352,0,0.0259797223998687,0,-0.0229284650739634,-0.0313725834066955,0,0,0,0.00405404800160375,0,-0.0251509150732354,0.0665509770585413,0,-0.00480576626115097,-0.00605904321212006,0,0,-0.0326690225045164,-0.0263897896480185,0.00891785265052313,0,-0.0385509282113276,-0.00436015184404767,0,0,0,0,-0.00109065807701805,0.00427999094334619,-0.0050128429152229,0,-0.0331532953880702,0,0,0,0,-0.0708399430719123,0,0.0207572628436086,0,0.0246649923500394,0,0,0.0264452311363498,0,0,0.0106781363643793,-0.0174890799679149,0,0.00866801286299331,0,0,0,0,0.009149293322961,-0.00030666008948859,0,0,0,0,0,0,0,0,0,0,0,0,0,0,-0.00914128124826081,0,-0.00139569937945914,0,-0.0152845147136907,0.0428391066369778,0,-0.0117113975523723,-0.00259075101160092,0,0,-0.000242592901435967,-0.00445267457258237,0,0.0501218247738919,0,-0.0293252346417197,0.0256149818332065,0,0.0268350921236317,-0.0074978195741282,0.000828598630690764,-0.0234011156342927
-0.014320783009822,0.0506603205390505,-0.0187257842836801,0,-0.0391657772141783,0,0.0542669838714442,0.0106741961926019,0,-0.0267247696074183,0,0,0,0.0658950804118911,0.0433317215917018,-0.00939613879680894,-0.0312177777423397,-0.00612432582996688,-0.00482100287135195,0,-0.00152328523565235,0,-0.0192550915770577,0,0.00884593378759025,-0.00643582280678025,0,0.0146601247921577,0,-0.0385036038870096,-0.00115221285477033,0,0,0,0,0,0,0,0,0,0,0.0179979025095731,0.0590255922112538,0.0378950929347743,-0.0159406902760731,0.065964590998475,0.0259414510431173,-0.00414447956611534,0,-0.00603001046337641,-0.00321944665605527,0,-0.0109891264980581,0.0573380589820883,0.00256369555878756,0.00259953644144009,0.0257159469412666,0,0,0.00203530185966973,-0.0309605759416691,-0.0221948871399929,-0.00675533756895702,0,0.0134651421881644,-0.011010191883014,0,-0.0251406799919041,0,0.0186549983950361,0,0,-0.00588307582917978,0,0,0,0,-0.00683986633939197,0.0299031027983428,0,-0.0144019821006916,0,0.0196324710506008,-0.0127296914329267,0,-0.00449486387421435,0,0,0,0,0,0,0.0430845519875052,-0.0464113185973708,0,0.0250029870453062,0,-0.0237520001819401,-0.0311224051508074,0,0,0,0.00245654349216196,0,-0.0257789413052165,0.0661909488487212,-0.000302252520052579,-0.00585718280462476,-0.00663153949404701,0,0,-0.0337547693793745,-0.0269414502260475,0.00740147498128067,0,-0.0391039467938593,-0.00352024318024337,0,0,0,0,-0.00149402958693065,0.00228850658135059,-0.00555098897378248,0,-0.0324528926334126,0,0,0,0,-0.0697760889854741,0,0.0204977984244868,0,0.0249587380904602,0,0,0.0267380582413828,0,0,0.0107253806745934,-0.0168518348126471,0,0.00938883923872524,0,0,0,0,0.00861828919917655,-0.00041396703441409,0,0,0,0,0,0,0,0,0,0,0,0,0,0,-0.00956567229504658,0,-0.00190377802916118,0,-0.0146006949039107,0.0414893662400032,0,-0.0122701981223444,-0.00224943506802778,0,0,0,-0.005039982686467,0,0.0501005435237231,0,-0.0295488777108516,0.0258395527339991,0,0.028151205950409,-0.00772349832470829,0.000798740637260675,-0.022437022658384
-0.0142989190128082,0.0506412670139867,-0.0182297249009288,0,-0.0394357061515339,0,0.0542373315719089,0.0108526195954942,0,-0.0269125286452791,0,0,0,0.0659792051475854,0.0434142431944099,-0.00929426037190569,-0.03154108807295,-0.00631402877508294,-0.00499257586622312,0,-0.00123747739349486,0,-0.0198712450211232,0,0.00907176813151846,-0.00633402790186753,0,0.0145932121637911,0,-0.0387195526781665,-0.00136047284673245,0,0,0,0,0,0,0,0,0,0,0.0184151054003072,0.0587775072646647,0.0380177660814153,-0.0154198228314393,0.0660339095031412,0.0264757564272209,-0.0044106191471506,0,-0.00698351966525289,-0.00317778203012959,0,-0.0108835906993898,0.0572634422625123,0.00255526748051012,0.00261500222823494,0.025430579793303,0,0,0.00194373335149877,-0.0308468849918132,-0.022444139175457,-0.00678718961637696,0,0.0132761757109835,-0.0110009509129116,0,-0.0251729533485206,0,0.0184572352713545,0,0,-0.00605538807158819,0,0,0,0,-0.00697584198160913,0.0296789157156777,0,-0.0143087626931647,0,0.0195374538858678,-0.0124986306926316,0,-0.00464601800409206,0,0,0,0,0,0,0.0431368976224614,-0.0460883629070021,0,0.0248579402841462,0,-0.0239964390777237,-0.0310780473810075,0,0,0,0.00241837453904603,0,-0.0257198111156132,0.0663542832734912,0,-0.00580193811196378,-0.00649283293901952,0,0,-0.0327827703553135,-0.0270438399494421,0.00731106253127069,0,-0.0391429926699988,-0.00397682836132445,0,0,-0.0000634943679655064,0,-0.00138639309274016,0.00271954020182265,-0.00495891210950272,0,-0.0326418769240551,0,0,0,0,-0.069687573506975,0,0.0206420440137597,0,0.0246800935011612,0,0,0.0268363931775354,0,0,0.0106694280005747,-0.0170663167678101,0,0.00919745189590225,0,0,0,0,0.00932656522539462,-0.00013791341451583,0,0,0,0,0,0,0,0,0,0,0,0,0,0,-0.00951853238169661,0,-0.00211052621230542,0,-0.0146128284135989,0.041791605413629,0,-0.0116063965519868,-0.00238142580938113,0,0,0,-0.00504423694834977,0,0.0502612170123358,0,-0.0294121455646253,0.0259079219744277,0,0.0276403424417768,-0.00735302640961067,0.000955895205550648,-0.0227090885483251
NA,NA,NA,NA,NA,NA,NA,NA,NA,NA,NA,NA,NA,NA,NA,NA,NA,NA,NA,NA,NA,NA,NA,NA,NA,NA,NA,NA,NA,NA,NA,NA,NA,NA,NA,NA,NA,NA,NA,NA,NA,NA,NA,NA,NA,NA,NA,NA,NA,NA,NA,NA,NA,NA,NA,NA,NA,NA,NA,NA,NA,NA,NA,NA,NA,NA,NA,NA,NA,NA,NA,NA,NA,NA,NA,NA,NA,NA,NA,NA,NA,NA,NA,NA,NA,NA,NA,NA,NA,NA,NA,NA,NA,NA,NA,NA,NA,NA,NA,NA,NA,NA,NA,NA,NA,NA,NA,NA,NA,NA,NA,NA,NA,NA,NA,NA,NA,NA,NA,NA,NA,NA,NA,NA,NA,NA,NA,NA,NA,NA,NA,NA,NA,NA,NA,NA,NA,NA,NA,NA,NA,NA,NA,NA,NA,NA,NA,NA,NA,NA,NA,NA,NA,NA,NA,NA,NA,NA,NA,NA,NA,NA,NA,NA,NA,NA,NA,NA,NA,NA,NA,NA,NA,NA,NA,NA,NA,NA,NA,NA,NA,NA,NA,NA,NA,NA,NA
-0.0144270177836046,0.050618496631519,-0.0179929101964781,0,-0.0394057454472787,0,0.054416426930242,0.0108504681065074,0,-0.0265089382096259,0,0,0,0.0659655140148598,0.0433747177090804,-0.00918705069152979,-0.0311848655007654,-0.00631025605548415,-0.00507415746443838,0,-0.00173183754166413,0,-0.0193903210405426,0,0.00876602490491435,-0.00611454923005235,0,0.0144885688033781,0,-0.0380991109815498,-0.00111239402726046,0,0,0,0,0,0,0,0,0,0,0.018515013268412,0.0584989657572021,0.0378624043566452,-0.0153413938538459,0.0660077553932949,0.0263947896798579,-0.00434081899735823,0,-0.00577794541545178,-0.00302953536250333,0,-0.0106961496876142,0.0569903479630422,0.00254349487039641,0.00262367036203176,0.0260101569612983,0,0,0.00211663933695878,-0.0304751295895543,-0.022094520170863,-0.00681512057281419,0,0.0133266090116773,-0.0109493283431286,0,-0.025124323162267,0,0.0183461116143267,0,0,-0.00609696835774429,0,0,0,0,-0.00694867706123182,0.0297423591770445,0,-0.0143647805347073,0,0.019375832485681,-0.0127139898800755,0,-0.00448428031460686,0,0,0,0,0,0,0.0430577196109317,-0.0460310827405868,0,0.0246611588356451,0,-0.0252592162721461,-0.0308635515975344,0,0,0,0.00208056466139523,0,-0.0258017953734421,0.0663624020150022,0,-0.00680045717785924,-0.00633921802128784,0,0,-0.0326860588095136,-0.0270481200798198,0.00753811109469713,0,-0.038857870252082,-0.00394514748230997,0,0,0,0,-0.00172983659008056,0.00263970645121941,-0.00513496725692009,0,-0.03276707702897,0,0,0,0,-0.0697483905576606,0,0.0204497626064246,0,0.0239486428852069,0,0,0.026639332564028,0,0,0.0104268337080614,-0.0167700464391143,0,0.0093011579523131,0,0,0,0,0.00925672780680137,-0.000217969984990461,0,0,0,0,0,0,0,0,0,0,0,0,0,0,-0.00941656511842452,0,-0.0017955072813824,0,-0.0145589199163895,0.0414701092782656,0,-0.0114535705326245,-0.00232619220799782,0,0,0,-0.00513906513063518,0,0.0501953672293817,0,-0.0294507570157909,0.0253095355617413,0,0.0274696142692821,-0.00713120911952465,0.00123516881767,-0.0224406573203903
NA,NA,NA,NA,NA,NA,NA,NA,NA,NA,NA,NA,NA,NA,NA,NA,NA,NA,NA,NA,NA,NA,NA,NA,NA,NA,NA,NA,NA,NA,NA,NA,NA,NA,NA,NA,NA,NA,NA,NA,NA,NA,NA,NA,NA,NA,NA,NA,NA,NA,NA,NA,NA,NA,NA,NA,NA,NA,NA,NA,NA,NA,NA,NA,NA,NA,NA,NA,NA,NA,NA,NA,NA,NA,NA,NA,NA,NA,NA,NA,NA,NA,NA,NA,NA,NA,NA,NA,NA,NA,NA,NA,NA,NA,NA,NA,NA,NA,NA,NA,NA,NA,NA,NA,NA,NA,NA,NA,NA,NA,NA,NA,NA,NA,NA,NA,NA,NA,NA,NA,NA,NA,NA,NA,NA,NA,NA,NA,NA,NA,NA,NA,NA,NA,NA,NA,NA,NA,NA,NA,NA,NA,NA,NA,NA,NA,NA,NA,NA,NA,NA,NA,NA,NA,NA,NA,NA,NA,NA,NA,NA,NA,NA,NA,NA,NA,NA,NA,NA,NA,NA,NA,NA,NA,NA,NA,NA,NA,NA,NA,NA,NA,NA,NA,NA,NA,NA
-0.0141947277108225,0.0507190955770982,-0.0181129597830944,0,-0.0397923597920885,0,0.0542429123390804,0.0107541184127838,0,-0.0267116879770294,0,0,0,0.0660244414177399,0.043556974768112,-0.00934922262289612,-0.0313692607152679,-0.00663522473547835,-0.00504431499742809,0,-0.00120866786823472,0,-0.0198706142480974,0,0.00935098363392989,-0.00617060057963688,0,0.0144673015401917,0,-0.038296364499201,-0.00143212890997198,0,0,0,0,0,0,0,0,0,0,0.0185175037411983,0.0585057470788989,0.0383267064459248,-0.0153620837842223,0.0659669764525926,0.0264403756410016,-0.00456193514799034,0,-0.00595866938034777,-0.00302609544868541,0,-0.0105780228923104,0.0573218997999606,0.00241117322530224,0.0025783797369549,0.0255625266192267,0,0,0.00207178315502748,-0.0308375662724243,-0.0221504845675906,-0.00708950302184579,0,0.0134566194567234,-0.0110135165799441,0,-0.025024008515596,0,0.0182385430934093,0,0,-0.00587587874447398,0,0,0,0,-0.00724962378452152,0.0296132566147062,0,-0.014055052895325,0,0.019349869725015,-0.0127063001723508,0,-0.00450037851427609,0,0,0,0,0,0,0.042842446846641,-0.0460459841039565,0,0.0246567115624189,0,-0.0240257245797667,-0.0309542036322372,0,0,0,0.00224447672301314,0,-0.0257418334024855,0.0663746349276236,-0.0000083572071956758,-0.00607844121688873,-0.00648567918667386,0,0,-0.032647906798197,-0.0271001181171411,0.00739591124728576,0,-0.0388660984252532,-0.00396013707401225,0,0,0,0,-0.00145254375614187,0.00313064653824906,-0.0050248343588924,0,-0.0326487699747184,0,0,0,0,-0.0694334649177993,0,0.0204832731708277,0,0.0241893082326423,0,0,0.0267655514396367,0,0,0.0103280602265901,-0.0167779611257616,0,0.00928135383745485,0,0,0,0,0.00934647291154934,-0.000212988930575285,0,0,0,0,0,0,0,0,0,0,0,0,0,0,-0.0099347859088769,0,-0.0021219838667212,0,-0.0144598011758577,0.0427420692289782,0,-0.0114130401382987,-0.00245551979896374,0,0,0,-0.00539011735807567,0,0.0501486597501538,0,-0.0295343609300616,0.0251936399671955,0,0.0271692177745752,-0.00725509185245075,0.00101062181842493,-0.0227727369968862
-0.0144683430941007,0.0504417980711874,-0.0184296416904531,0,-0.0391209261508926,0,0.0543493417380696,0.010801154460403,0,-0.0265678996102208,0,0,0,0.0659643227847006,0.0433536655668981,-0.00921043046352073,-0.0316345495623887,-0.00611958230178613,-0.0050382065269011,0,-0.001864339753697,0,-0.0194741418859935,0,0.00892477914668147,-0.00624987285548768,0,0.0146266170287795,0,-0.0383278758746958,-0.00130007857230704,0,0,0,0,0,0,0,0,0,0,0.0183380090287468,0.0583223738706287,0.0381620394431092,-0.0151761855030822,0.0660849839988642,0.0263698446804878,-0.00437255339374599,0,-0.00638393666587443,-0.00320910546219196,0,-0.0107565065924406,0.057317528088432,0.00253955243831153,0.00262551626344554,0.025820200459095,0,0,0.00229620389577664,-0.0312742026885974,-0.0233738905375297,-0.00670955980071816,0,0.0132788940316941,-0.010590751272941,0,-0.0269152196749378,0,0.0182081374054093,0,0,-0.00580744313373267,0,0,0,0,-0.00693507597426094,0.0294862943725788,0,-0.0143242778138652,0,0.019565556574113,-0.0127207787843628,0,-0.00486687447669724,0,0,0,0,0,0,0.043034136455467,-0.045807965541853,0,0.0254310705522947,0,-0.0239093229444079,-0.0309395121536179,0,0,0,0.00229258257885849,0,-0.0257050129181814,0.0663625204263708,0,-0.00658836384814106,-0.00688314033349146,0,0,-0.0326721178520224,-0.0267641808026503,0.00750511815963351,0,-0.0386235664503442,-0.00414238865598368,0,0,0,0,-0.00146005814389503,0.00240409506063818,-0.00484925317424448,0,-0.0325352026120346,0,0,0,0,-0.0695772150060026,0,0.0204906612113912,0,0.0248385091314242,0,0,0.0266423124918142,0,0,0.0106412952803015,-0.0168817232053768,0,0.00898166297372738,0,0,0,0,0.00926026158764749,-0.000487933888415492,0,0,0,0,0,0,0,0,0,0,0,0,0,0,-0.00938078594811007,0,-0.00140780858426936,0,-0.0140880965991303,0.0419405113808581,0,-0.0117517257305485,-0.00198429619188705,0,0,0,-0.00519939795069568,0,0.0501772171388254,0,-0.0290747631051766,0.025543488257877,0,0.0276301752803839,-0.00728581958377562,0.00119029914206018,-0.0219712038365025
-0.0142347843751967,0.0506746371022611,-0.018492836104882,0,-0.0393704925237963,0,0.0542655731321263,0.0105821085559375,0,-0.0268306766278071,0,0,0,0.0661593943520034,0.0431945452750282,-0.0093252658295622,-0.0311979406964237,-0.00618303606310318,-0.00502281668633783,0,-0.00114860444424385,0,-0.0195574744403928,0,0.00876507502376065,-0.00642957010852438,0,0.0145582773704338,0,-0.0385401959365172,-0.00111220879510255,0,0,0,0,0,0,0,0,0,0,0.0180621328174556,0.0589251821339688,0.0379571435225701,-0.0155104448461091,0.0660317929057876,0.0262134506324327,-0.00442916872903715,0,-0.00592372765357519,-0.00309930909928991,0,-0.0108846484167419,0.0571342535655848,0.00246104468071651,0.00263521211153848,0.0258031183139911,0,0,0.00225130081788025,-0.0309298628894983,-0.0222079225297034,-0.00681876829730335,0,0.0134629700495537,-0.0109499610069965,0,-0.025149242966377,0,0.0184629855093302,0,0,-0.00573486526775952,0,0,0,0,-0.00703972436262439,0.0295437919735575,0,-0.0142258700712264,0,0.0196953425268032,-0.012740193224964,0,-0.00453487628089875,0,0,0,0,0,0,0.0431408965307297,-0.0461886722493819,0,0.025665110477962,0,-0.0240136935460337,-0.0310803708448844,0,0,0,0.00248038364816164,0,-0.0257268023222341,0.066395923377071,-0.00006572023333874,-0.00588335437090194,-0.00665833437326378,0,0,-0.0326250817462954,-0.0271318179623275,0.00728347800658758,0,-0.0389544123112444,-0.00391991129710137,0,0,-0.0000588619883719754,0,-0.00150715611028623,0.00262825544838803,-0.00512259666920211,0,-0.0322511455314613,0,0,0,0,-0.069484421787271,0,0.0203469711078219,0,0.0246265944050872,0,0,0.0265406930704514,0,0,0.0108437244636256,-0.0169943973346173,0,0.00949421608807523,0,0,0,0,0.00893035101505065,-0.00032495336112077,0,0,0,0,0,0,0,0,0,0,0,0,0,0,-0.00954020353750072,0,-0.00213539502235688,0,-0.0144732896451189,0.0414056541734414,0,-0.0121682513666669,-0.00202276815271116,0,0,0,-0.00513929671743317,0,0.0501164532302125,0,-0.0292348107771548,0.0254878844139886,0,0.0277866916163597,-0.00750165639173121,0.000891165592412781,-0.0223247954990553
-0.0142380770596166,0.0506220865337597,-0.0182904037983197,0,-0.0394797054085793,0,0.0543992769528104,0.0106329443818453,0,-0.0268720947966673,0,0,0,0.066254186473915,0.0434125657885884,-0.00925006271764695,-0.0312507577493855,-0.00635346676886755,-0.00504240765957805,0,-0.00113701477875489,0,-0.019585925332055,0,0.00885546542249066,-0.00640268726516775,0,0.0145207152528949,0,-0.0384262280558896,-0.00127268148728277,0,0,0,0,0,0,0,0,0,0,0.0183275735725494,0.0589782859914071,0.0381644512501543,-0.015459239314579,0.065895006994786,0.0264902769900074,-0.00444338180723392,0,-0.0064617929273456,-0.00309394897648332,0,-0.0108058337179177,0.0572296887557496,0.0025579290250289,0.00258673920192365,0.0257460265638674,0,0,0.00216838982942118,-0.0308691155901155,-0.0223083296695258,-0.00685424055312328,0,0.0134064953004723,-0.0109624719146685,0,-0.0252348103817232,0,0.0184002322839563,0,0,-0.00574147706090119,0,0,0,0,-0.00716501139385671,0.0295435703864522,0,-0.0141406732508918,0,0.0195511539217958,-0.0127624814798319,0,-0.00458338859161419,0,0,0,0,0,0,0.0428655279546739,-0.0461227430083617,0,0.0253580053466761,0,-0.0241064411294549,-0.0310796981490308,0,0,0,0.0025564312351728,0,-0.025724856858465,0.066342797687308,-0.0000264583056230357,-0.00597912312260877,-0.00664352400354458,0,0,-0.032634700844637,-0.0270190276532161,0.00733021395414793,0,-0.0389727344187771,-0.00395230063674132,0,0,-0.000109269146042274,0,-0.00169225719595706,0.00267459029811121,-0.00499579383809932,0,-0.0323370840076603,0,0,0,0,-0.0695842663508853,0,0.0204029108354957,0,0.0245407476411747,0,0,0.0266811013582099,0,0,0.0104041306248721,-0.0166350330495984,0,0.00940549101801483,0,0,0,0,0.00924830919575708,-0.000214821081415194,0,0,0,0,0,0,0,0,0,0,0,0,0,0,-0.00975878007397421,0,-0.00214573840969536,0,-0.014508740267457,0.0417466130367713,0,-0.0119443632509636,-0.00185038912951511,0,0,0,-0.00517434701773495,0,0.0500852916831684,0,-0.0293022658438063,0.0253275889898026,0,0.0275240735162553,-0.00738976796320712,0.0012173523995241,-0.0224430926242737
-0.014525040777903,0.0505894122665171,-0.0190624508794702,0,-0.0393122006903377,0,0.0543096546939168,0.0106495031574163,0,-0.028956982724597,0,0,0,0.0662519575528844,0.0431815677865888,-0.00913888284441987,-0.030965318345899,-0.0062068892707275,-0.00501054443822877,0,-0.00143126242640744,0,-0.0192280034473514,0,0.00872230807495386,-0.00640401078281308,0,0.0145739233518468,0,-0.0382562624235826,-0.000857829847649219,0,0,0,0,0,0,0,0,0,0,0.0179088103848992,0.0589376079856983,0.0380019390518792,-0.0155408698120592,0.0658287102530702,0.0261687283701571,-0.00443401636037186,0,-0.0059124978106583,-0.00310559478681438,0,-0.0104329325630822,0.0570642025293825,0.00258106143144603,0.00244484895241365,0.0261975686850963,0,0,0.00237517984478994,-0.030763591493927,-0.0232854217681227,-0.00686474520734497,0,0.0135120354570281,-0.0107476835254573,0,-0.0250244464041782,0,0.0186915651592204,0,0,-0.00586447324893001,0,0,0,0,-0.00680916340159727,0.0294146478215926,0,-0.0140580087296501,0,0.0194993771564231,-0.0129015494015922,0,-0.00416231847556205,0,0,0,0,0,0,0.0430074579678612,-0.0461555455473977,0,0.0257997417456775,0,-0.0237960310451345,-0.0307395179707882,0,0,0,0.00182014468705211,0,-0.0258049200293265,0.0663624310391681,0,-0.00578753743896002,-0.00624195454666594,0,0,-0.0328036637462519,-0.0272117063470072,0.00715344260060531,0,-0.0388477623510718,-0.00377008231571213,0,0,-0.00029448253909437,0,-0.00136990856461638,0.00262235356797989,-0.00509422839716608,0,-0.0325907844882751,0,0,0,0,-0.0694896094985103,0,0.0204292366229826,0,0.0241766968363375,0,0,0.026505359022254,0,0,0.0105331730465845,-0.0164893208796072,0,0.00948370879740683,0,0.000107073159713412,0,0,0.00929955690853082,-0.000487052261458256,0,0,0,0,0,0,0,0,0,0,0,0,0,0,-0.0094270735883251,0,-0.00177415929879314,0,-0.0141549057009922,0.0408566477589393,0,-0.0117319124303465,-0.00163756737108777,0,0,0,-0.0053658311357962,0,0.0498418013636382,0,-0.0291595566634799,0.0252275891765448,0,0.0279736587357473,-0.00726852884025995,0.00144287084406799,-0.0225101967202631
-0.0142507719133469,0.050452724645209,-0.0197533729486377,0,-0.0392859470619369,0,0.0545731530640848,0.0106965373788223,0,-0.0302212102130671,0,0,0,0.065992132738207,0.0430304742015865,-0.00896873208012842,-0.0311618648955361,-0.00651472200899551,-0.00489537387421109,0,-0.00220889675675526,0,-0.0191969230770551,0,0.00934776857929622,-0.00630853180910913,0,0.0146911005890687,0,-0.0383557602076963,-0.000839498362085651,0,0,0,0,0,0,0,0,0,0,0.0179580437625913,0.0590557938429836,0.0380019542173925,-0.0154448529727441,0.0658291211351964,0.0261870301334579,-0.00434057769805251,0,-0.00592498508646077,-0.00313970622018439,0,-0.0105610692925869,0.0576050546421275,0.00162896703361815,0.00241460995272691,0.0262002629953582,0,0,0.00223104955824058,-0.0307283392037566,-0.0225494692884818,-0.00693012547059702,0,0.0137908363221468,-0.0105427268039422,0,-0.0249949272145818,0,0.0183352020389239,0,0,-0.00585062017316354,0,0,0,0,-0.00646080267111111,0.0296261133999171,0,-0.0139637277743338,0,0.0194454778499491,-0.0128552961713497,0,-0.00451791600548452,0,0,0,0,-0.0000563874667830609,0,0.043003700978368,-0.0462224899691639,0,0.025841215683619,0,-0.02388247004139,-0.0309159200008811,0,0,0,0.00210634561567683,0,-0.025687928184138,0.066812421663197,0,-0.00557943884064447,-0.00611937964113427,0,0,-0.0327435022154632,-0.0271771865476924,0.00758247973542676,0,-0.0386686484160748,-0.00420585118411578,0,0,-0.0000424908983705482,0,-0.00152876248045643,0.00298825421801217,-0.0046648101032486,0,-0.0326653498143478,0,0,0,0,-0.0690738258858033,0,0.0198062424635686,0,0.0243407159785244,0,0,0.0265322380908052,0,0,0.0107141317167134,-0.0170464149891922,0,0.00982193472976879,0,0,0,0,0.0098196036466427,-0.000649884123156208,0,0,0,0,0,0,0,0,0,0,0,0.00268201080608379,0,0,-0.00907098956332963,0,-0.00211988204783328,0,-0.013937176453177,0.0415596401041012,0,-0.0115188501139372,-0.00171793199752779,0,0,0,-0.00507213942931429,0,0.0496381048001353,0,-0.0292025839371131,0.0286270807659236,0,0.02727188415628,-0.00649016003199699,0.000492212156932376,-0.0234763019466381
-0.0136088084982119,0.0505368223594538,-0.0190587271480364,0,-0.0401751851548761,0,0.0546590497042087,0.0105995371310763,0,-0.0280222428260433,0,0,0,0.0660731412426105,0.0431437634800651,-0.0094830115581682,-0.0310640346857423,-0.00711655385911569,-0.00481064573301978,0,-0.00360694784156349,0,-0.0185790511050835,0,0.00896912065800417,-0.00645190487975182,0,0.0146247646746064,0,-0.0383261462631407,-0.000897890372532259,0,0,0,0,0,0,0,0,0,0,0.0176606058119619,0.0595582979563197,0.0369235262043138,-0.0159780123661534,0.0660818361283528,0.0261101591291169,-0.00416675983515718,0,-0.00589937195164007,-0.00329987534689037,0,-0.00957320029472843,0.0547787924141412,0.00728761449713416,0.00226655780513263,0.0257319111247613,0,0,0.00211991101166134,-0.0307229665651311,-0.0231014865034738,-0.00709823624698053,0,0.0134592961218909,-0.0104881863668494,0,-0.024918158543972,0,0.0176793141675157,0,0,-0.00532317050468786,0,0,0,0,-0.00722385186090684,0.0296632395071828,0,-0.0142496605059587,0,0.0196576041858831,-0.0130871595278148,0,-0.00492807856804304,0,0,0,0,0,0,0.0436419556784268,-0.0462358683994021,0,0.0254083612176407,0,-0.0242870255773095,-0.0308962730501535,0,0,0,0.00190815178449913,0,-0.0260346253012514,0.0668631587125838,-0.000460220904387104,-0.00632634597213026,-0.00553013975259054,0,0,-0.0329192149273267,-0.027047759459329,0.00766656623436991,0,-0.0387169481749354,-0.00423710899931161,0,0,0,0,-0.00123973532882077,0.0027852659685295,-0.00513485583456671,0,-0.0330987469121442,0,0,0,0,-0.0698910329451976,0,0.0185069269674352,0,0.0244451267428571,0,0,0.0265905468522374,0,0,0.0105960310459156,-0.0170124047863927,0,0.00940756612586516,0,0,0,0,0.00998889987274948,-0.000876912968130476,0,0,0,0,0,0,0,0,0,0,0,0,0,0,-0.00966925650902257,0,-0.00268805104571173,0,-0.0146658797658261,0.0415815172860948,0,-0.0116616895131592,-0.00157174576255683,0,0,0,-0.00493054098365584,0,0.0491928231191675,0,-0.0299581476899621,0.0324776269895852,0,0.0266347918351222,-0.00707486050832746,0,-0.0222708442378583
-0.0137781982064148,0.0506776852219655,-0.0190931918503133,0,-0.0391106767557179,0,0.0550301397620192,0.0112006864084787,0,-0.0276089210908733,0,0,0,0.0655688507717893,0.0436719024613073,-0.00920031683636299,-0.0316271865399143,-0.0063585697966446,-0.0047570504971272,0,-0.00190014219115326,0,-0.0185836496022892,0,0.00841546398546703,-0.00659713965962475,0,0.0146087287269643,0,-0.0382143081742569,-0.00111971304123884,0,0,0,0,0,0,0,0,0,0,0.0180983493505164,0.0592781417193775,0.0381581854534896,-0.0157471972911938,0.0660201331369731,0.0259104232852722,-0.00449757251078669,0,-0.00627079026152649,-0.00297791531454426,0,-0.0104458393723055,0.0565110156391824,0.0028707250016016,0.0024285499325294,0.0258462379958393,0,0,0.00229584064823358,-0.0303474864442978,-0.0234837805939476,-0.00676910533079343,0,0.0133439237826758,-0.0105955555365649,0,-0.0251942343204644,0,0.0179702150942545,0,0,-0.00547073316322947,0,0,0,0,-0.00696008713686915,0.0293318093369497,0,-0.0142564620957147,0,0.019320000186371,-0.0125081565842093,0,-0.00451257760733282,0,0,0,0,0,0,0.0429049259449069,-0.0460592169227048,0,0.025611093962968,0,-0.024122006019703,-0.0306260380119571,0,0,0,0.00335324742440708,0,-0.0255622117360527,0.0662010035864777,0,-0.00614467493483337,-0.00620298352618759,0,0,-0.0335534126664574,-0.0281730265389012,0.00625012143710241,0,-0.0383679194057276,-0.00304985515593896,0,0,-0.00140761013709568,0,-0.00129486232126885,0.00258297199964795,-0.00475446690542293,0,-0.0331682695639742,0,0,0,0,-0.0703079282335938,0,0.0202632249485883,0,0.0241252915732302,0,0,0.0267046713565226,0,0,0.0101375191720892,-0.0153684289229869,0,0.00927950985717538,0,0,0,0,0.00944304501982228,-0.000723079042225749,0,0,0,0,0,0,0,0,0,0,0,0.00412284397407511,0,0,-0.00949832639010232,0,-0.00218612550687106,0,-0.0150600697962142,0.0405527613336074,0,-0.0118964942408157,-0.00142413010182963,0,0,-0.0000380150875352876,-0.00531660759616714,0,0.0496105686702727,0,-0.0295682489665646,0.024511169366777,0,0.0277156885059462,-0.00773852720382909,0.00579712088551395,-0.023376859098005
-0.0138461788635652,0.05081732252773,-0.0175786849226616,0,-0.0398417853170841,0,0.0544562981915108,0.0109888999362983,0,-0.0267234949094303,0,0,0,0.0652629500589411,0.0433860252629611,-0.00896802197277432,-0.0314598727251061,-0.00681099472238015,-0.00496436033420439,0,-0.00236863081765055,0,-0.0195181525916641,0,0.00862316523036598,-0.00663636696853552,0,0.014427892991856,0,-0.0382672351246862,-0.00108670287605135,0,0,0,0,0,0,0,0,0,0,0.0182552592208206,0.0587812751856782,0.0376202341874018,-0.0159672322490533,0.0667368929512289,0.0261798447727386,-0.00465829744835925,0,-0.00632103615476545,-0.00311429876694788,0,-0.0112225484343768,0.0568839165599143,0.00231846552744077,0.00240414020305161,0.025805703763441,0,0,0.00216334292759394,-0.0308775963130854,-0.022119034284914,-0.00672495858957785,0,0.0132355513203365,-0.0105860145999791,0,-0.0252761186009508,0,0.0173787341689886,0,0,-0.00595383283252455,0,0,0,0,-0.00739654204525279,0.029427811387144,0,-0.0146645817581961,0,0.0194390404111773,-0.0124684445613377,0,-0.00466485209303676,0,0,0,0,0,0,0.0430334764540274,-0.0462368319848664,0,0.0252209928790287,0,-0.0239407849088843,-0.0311090971914619,0,0,0,0.00234217650909151,0,-0.0257106769207252,0.0662911573486273,0,-0.00622541580499619,-0.00686788989831634,0,0,-0.0328261193456289,-0.026760038440711,0.00750258673587053,0,-0.0386752557901967,-0.00403227655650921,0,0,-0.0000690997137614134,0,-0.00168400878580052,0.00203762978892304,-0.00525353609491584,0,-0.0326513298410043,0,0,0,0,-0.0697648825031404,0,0.0204738728666429,0,0.0243233526060335,0,0,0.0265765750406567,0,0,0.0101192082921176,-0.0153613675017026,0,0.00875459380295065,0,0,0,0,0.00907638826561161,-0.00117284947641104,0,0,0,0,0,0,0,0,0,0,0,0,0,0,-0.0102772368367619,0,-0.00210799870360188,0,-0.0135721814757306,0.0412561441222714,0,-0.0119920008473214,-0.00218360727690026,0,0,0,-0.00537634173063981,0,0.0510527488060189,0,-0.0294564703510519,0.0250007940745511,0,0.0275660063178476,-0.00742362352143814,0.000682257837806562,-0.0224698957957726
-0.0143410070476246,0.050643074645579,-0.0187943880329277,0,-0.0396713965462158,0,0.0546083664044123,0.0108325101078452,0,-0.0268808359389954,0,0,0,0.0658709809776546,0.0436050733020552,-0.00932092919487964,-0.0312316640445902,-0.00652312833548231,-0.00553855778534888,0,-0.00143102702138495,0,-0.0195765703330506,0,0.00912114549196061,-0.00629501727595039,0,0.0146428021593376,0,-0.0385514231402055,-0.000926502177906795,0,0,0,0,0,0,0,0,0,0,0.0181879717144227,0.0589072350552058,0.0383707614201169,-0.0153252671073769,0.0661319047459036,0.026271326948699,-0.00438465245663978,0,-0.0058160713695993,-0.00309803033183771,0,-0.010726180723575,0.0575261365992662,0.002512375829345,0.00232788705248921,0.0258801829548197,0,0,0.00224387943383755,-0.0310320522872618,-0.022821243184144,-0.00702030285215166,0,0.0134485677861335,-0.010747404884199,0,-0.02525560474967,0,0.0179303531527437,0,0,-0.00575258592561456,0,0,0,0,-0.00688832731226052,0.0294944692988785,0,-0.0141926395501137,0,0.0195392986709107,-0.0127997959741224,0,-0.00448080622840561,0,0,0,0,0,0,0.0431643449519246,-0.0463619678931908,0,0.0253767343607294,0,-0.0239924099865258,-0.031038657863426,0,0,0,0.00235789008423768,0,-0.0258579319778622,0.0663856747329248,0,-0.00606720766533981,-0.00638161928053666,0,0,-0.0326021014003926,-0.0269642447292503,0.00747558146730666,0,-0.0386522334733638,-0.00390851825728068,0,0,-0.0000309325168362537,0,-0.00194817669111687,0.00272585690134154,-0.00510057235880309,0,-0.0326865548226676,0,0,0,0,-0.0694942413923308,0,0.0205778016452614,0,0.0246472517503311,0,0,0.0263473319703688,0,0,0.010855013483554,-0.0180265798498063,0,0.00935644133324693,0,0,0,0,0.00938463855568445,-0.000677064255828276,0,0,0,0,0,0,0,0,0,0,0,0,0,0,-0.0098035117399357,0,-0.00237111237251504,0,-0.0142400615354637,0.0418749334472023,0,-0.0118614681027971,-0.00175096417698016,0,0,0,-0.00524939824092591,0,0.0503390899802626,0,-0.0289693970176064,0.0256027409294185,0,0.0278792103320334,-0.00723379392927127,0.00109429582439652,-0.0222344808392469
-0.0142345961211091,0.0507336129090392,-0.0186220257257045,0,-0.0392350657051355,0,0.054477882623885,0.0107061446013167,0,-0.0267915517831776,0,0,0,0.0656902613608309,0.0434816814096989,-0.0093244530125732,-0.0314320524970015,-0.00651719344614579,-0.00517803921531226,0,-0.00124601586901236,0,-0.0198641243506702,0,0.00904085096615498,-0.00641240906825713,0,0.0146602650576601,0,-0.0385092720182607,-0.00102738082603179,0,0,0,0,0,0,0,0,0,0,0.0183479327910177,0.0585476057443982,0.0381846940080386,-0.0152905665714565,0.0663436940603766,0.0265470062747494,-0.00446740999775519,0,-0.00586115017075779,-0.00314179208085281,0,-0.0108087623066018,0.0572768203715552,0.00259175518507762,0.00238614757407741,0.0257950456932169,0,0,0.00219760651779447,-0.031028441873797,-0.0228402137687928,-0.00680711402814129,0,0.0133941688000553,-0.010726196633104,0,-0.0253152000680247,0,0.0180657606671546,0,0,-0.00596173096291409,0,0,0,0,-0.00688061339665776,0.0293556638160371,0,-0.0142770473246905,0,0.0194453259608605,-0.0126447419155214,0,-0.00467845723598842,0,0,0,0,0,0,0.0432223749420911,-0.0461463176048211,0,0.0251840700389433,0,-0.0240394386247587,-0.0310028096622535,0,0,0,0.0022861125605572,0,-0.025788499729042,0.06648516007015,0,-0.005983654180989,-0.00660565457429313,0,0,-0.03311343292538,-0.0271066728554685,0.00736749293205846,0,-0.0387519644734989,-0.00381908025776747,0,0,-0.0000956522845021261,0,-0.00190511014600163,0.00263981851682819,-0.00500422427509602,0,-0.0327517106464152,0,0,0,0,-0.0694885941361377,0,0.0204163297745756,0,0.0247270783730947,0,0,0.026612196924251,0,0,0.0107040975212152,-0.0170993340497572,0,0.00922165451716803,0,0,0,0,0.00961445001020166,-0.000474935758864153,0,0,0,0,0,0,0,0,0,0,0,0,0,0,-0.00974294975218797,0,-0.00219157460365853,0,-0.0143417700589021,0.0417980699493798,0,-0.0116955721683945,-0.00190563944725021,0,0,0,-0.00520279369173031,0,0.0503383209137838,0,-0.0291480021385878,0.0254638797093587,0,0.0278010607785469,-0.00728490680167772,0.00104560490637135,-0.0222775545141412
-0.0144015048620095,0.0507643400431166,-0.0189194413247423,0,-0.0389299283187368,0,0.054683842103654,0.0107217882325384,0,-0.0267184618966276,0,0,0,0.0654731934552791,0.0434691229587797,-0.00915091848947952,-0.0312438107996392,-0.00639154371076079,-0.00509081162122298,0,-0.00134043542928509,0,-0.0196019860659942,0,0.00890084335889484,-0.00645518870717909,0,0.0146818024050334,0,-0.0383003035166159,-0.000794095737616341,0,0,0,0,0,0,0,0,0,0,0.0181603780148385,0.0585037826942095,0.038248584351019,-0.015340048469881,0.0660861351973989,0.0261884959733004,-0.00431666963745796,0,-0.00584188670628981,-0.00317289859925643,0,-0.0106783926069775,0.0573104482757981,0.00243339761784148,0.00249344131902627,0.0257960537792332,0,0,0.00227922304945441,-0.0309893724084515,-0.0226454441621111,-0.00694463351174126,0,0.013544548656391,-0.0107010327721533,0,-0.025271381195955,0,0.0182377435606905,0,0,-0.00600863832244876,0,0,0,0,-0.006915705784582,0.0292969602498632,0,-0.0143552212820854,0,0.0192298860387109,-0.0127445477882,0,-0.00474594817041154,0,0,0,0,0,0,0.043025161293958,-0.0461479044628573,0,0.0253091515681979,0,-0.0238792871731573,-0.031017597132391,0,0,0,0.00236332755049473,0,-0.0256082009355403,0.0667024473171711,-0.000129908864372164,-0.00609318464968672,-0.00648759036291159,0,0,-0.0341980667526831,-0.0272096537692934,0.00764714221605122,0,-0.0385651230252312,-0.00340016266680425,0,0,0,0,-0.00198117384780177,0.0023659145560531,-0.00506482579883962,0,-0.0326988192972679,0,0,0,0,-0.0693509920954862,0,0.0204130404989986,0,0.0245207661396525,0,0,0.0263393156739366,0,0,0.010801580212364,-0.0167493226333865,0,0.00938697472414302,0,0,0,0,0.00933714274658767,-0.000588481231128568,0,0,0,0,0,0,0,0,0,0,0,0,0,0,-0.00950838203186294,0,-0.00178911046757779,0,-0.0141663228438103,0.0416572929099753,0,-0.0117132026343672,-0.00194889695009185,0,0,0,-0.00551292734609952,0,0.0501961102219746,0,-0.0291110020066239,0.0253155096492148,0,0.0279434045420545,-0.00715621555259918,0.00113399702639918,-0.0230164908822157
-0.0139692909361322,0.0508945252904107,-0.0189652674864933,0,-0.0398998821095899,0,0.0546537698186975,0.0107038781627059,0,-0.0265995477919016,0,0,0,0.0656416837691645,0.0436863826159247,-0.00954826776352963,-0.0309187761284158,-0.00679326852527882,-0.00531043637954228,0,-0.00181090557083437,0,-0.019582949920609,0,0.00917795404635957,-0.00661166867657462,0,0.0145158355290746,0,-0.0384826404879452,-0.000651926233931978,0,0,0,0,0,0,0,0,0,0,0.0183858122473919,0.0589228733389291,0.0379149839920729,-0.0158295858499742,0.0660649962948979,0.0260628338173364,-0.00436913940217677,0,-0.00473622624279409,-0.00303883996126374,0,-0.0106682470787762,0.0576454044244483,0.00204925330690892,0.00219814937705843,0.0258029693497938,0,0,0.00248455851025089,-0.0308681217779106,-0.022941418698831,-0.00703993702511457,0,0.0134590202320011,-0.0108706372644439,0,-0.0252910375316071,0,0.0179288769944568,0,0,-0.00664828637141773,0,0,0,0,-0.00703115371096524,0.0293896177019827,0,-0.0143621254241768,0,0.0194682854832165,-0.0128523817953786,0,-0.00438055724522693,0,0,0,0,0,0,0.043268750432275,-0.0459395651310979,0,0.0251320127518578,0,-0.0240546980619161,-0.0309847522311999,0,0,0,0.00210672470632054,0,-0.0258389697480966,0.0663359513575268,0,-0.00632680647658245,-0.00712086592464988,0,0,-0.0326628174707674,-0.0271798903879855,0.00758860527988508,0,-0.0385943707536886,-0.00385956589756567,0,0,0,0,-0.00211069674989698,0.00241118709161177,-0.00462674133664468,0,-0.0326836853293398,0,0,0,0,-0.0696527940972789,0,0.0246781070292733,0,0.0243661028975201,0,0,0.025888740522927,0,0,0.0105645839265823,-0.016866729099843,0,0.00920975713710018,0,0,0,0,0.00905249629057791,-0.000736347136920793,0,0,0,0,0,0,0,0,0,0,0,0,0,0,-0.0102517912556807,0,-0.00229172780480564,0,-0.0149933470767394,0.0414489192991604,0,-0.0116900663540345,-0.00161743455990449,0,0,0,-0.00523108091965778,0,0.0504335299324621,0,-0.0291893628781072,0.0255525110023304,0,0.0282586587759811,-0.00695648749761973,0.00114360480220834,-0.0227877952606567
-0.0145306315075053,0.0506747888935996,-0.0187935353286865,0,-0.0399568658350597,0,0.0545487072532241,0.0110351789726815,0,-0.0265404618162659,0,0,0,0.0653949191305299,0.0436501926013407,-0.00975841649383705,-0.0316095882348683,-0.00630936232684214,-0.00500085698000992,0,-0.000913507857566378,0,-0.0196449083670372,0,0.00899460650302371,-0.0061616585628527,0,0.0147037699164743,0,-0.0382714171146246,-0.000956724928783926,0,0,0,0,0,0,0,0,0,0,0.0182191151974944,0.0583650168277103,0.0385600161475982,-0.0153273678765063,0.0662744275111077,0.0262224906761513,-0.004289834970514,0,-0.00607972825320154,-0.00308085382195913,0,-0.0104012445329825,0.057526504741029,0.00265519884603043,0.00239113357116453,0.0258671042617924,0,0,0.00248544744865068,-0.0316269607055212,-0.0229694529036724,-0.00659191823486793,0,0.0135213271191534,-0.0107802695976609,0,-0.0253356558728411,0,0.0177532153434147,0,0,-0.00575589812026101,0,0,0,0,-0.0067832979611523,0.0292654731218251,0,-0.0144093665664415,0,0.0194629673389998,-0.0124539922291576,0,-0.00468930688765362,0,0,0,0,0,0,0.0430628037660616,-0.045815167929159,0,0.0250791002382279,0,-0.0242380297186015,-0.03117481936634,0,0,0,0.00240532053345914,0,-0.0254915217144992,0.0664418066674722,0,-0.00590238189561328,-0.00611672807255101,0,0,-0.0327256466776249,-0.027070596309376,0.00765193860743071,0,-0.0382932410449636,-0.00305700511982082,0,0,0,0,-0.00189257230519363,0.0022356361115046,-0.00508056005191135,0,-0.0323104281610387,0,0,0,0,-0.0694823192465443,0,0.0206234877048123,0,0.0243651387395148,0,0,0.0268297063213092,0,0,0.0105628183358864,-0.0161094871782695,0,0.00937886331855069,0,0,0,0,0.00950107601843493,-0.000575185960008735,0,0,0,0,0,0,0,0,0,0,0,0,0,0,-0.00970425174019426,0,-0.00182331681020967,0,-0.0138023497271883,0.0412968513380503,0,-0.0116827001638211,-0.00224213811910299,0,0,0,-0.00553138787980279,0,0.0501964448253834,0,-0.0291709775730435,0.0253315210533083,0,0.0276709412134018,-0.00696124529536581,0.00117970300137897,-0.0237201694775912
-0.014125198765595,0.0507208561972486,-0.0185563666105616,0,-0.0396006553932497,0,0.0546763836907061,0.0108221614459935,0,-0.0268784593790422,0,0,0,0.0656174638078214,0.043617212061326,-0.00939352277534794,-0.0318274376440268,-0.00637792943261858,-0.0054842481354078,0,-0.00134944487364296,0,-0.0195970097867732,0,0.00906149517693576,-0.00637721964817555,0,0.0145307296404218,0,-0.0382764263738596,-0.00101329364902405,0,0,0,0,0,0,0,0,0,0,0.0183347274240434,0.0587630606442024,0.037983026668464,-0.0156053256023181,0.0659050135862138,0.0262630391236388,-0.00433791026032437,0,-0.00631792476939933,-0.00306396690221916,0,-0.0105650308722944,0.0578527110583585,0.00204971635070286,0.00253101394716838,0.0255422886938433,0,0,0.00236918742231985,-0.0304474074351067,-0.0227042176421183,-0.00712899564007629,0,0.0134440890890129,-0.010767437958166,0,-0.0253031022514376,0,0.0176818024844106,0,0,-0.0061710414188604,0,0,0,0,-0.00702325144844581,0.0294021376483434,0,-0.0142778006444553,0,0.0194071606864371,-0.0128367515089238,0,-0.00462177905963979,0,0,0,0,0,0,0.0429565214597038,-0.0461251176810231,0,0.0252750945906243,0,-0.0240619788076871,-0.0308892759097932,0,0,0,0.00212879047268328,0,-0.0256564639440085,0.0663826237358879,0,-0.00634645471271334,-0.00644878094018336,0,0,-0.0326664966889498,-0.0271023281429841,0.00763408540592093,0,-0.0385837030775237,-0.00395487304907952,0,0,-0.000181257010725165,0,-0.00207749565971269,0.00231965745633749,-0.00508205492858083,0,-0.0325898221387676,0,0,0,0,-0.0693782694842344,0,0.0225520457745393,0,0.0241141038149437,0,0,0.0266968162609298,0,0,0.0104545166779631,-0.017093515637387,0,0.00916894617751496,0,0,0,0,0.00925000129268258,-0.000599082892238331,0,0,0,0,0,0,0,0,0,0,0,0,0,0,-0.00980786703278042,0,-0.00211894785997161,0,-0.0144124575575031,0.0411508537568428,0,-0.0117303408689534,-0.00228816971467229,0,0,0,-0.00528364289383004,0,0.0501516713155815,0,-0.0291055247679323,0.0254530819009591,0,0.0273296142183229,-0.00704868951745934,0.00108429474660802,-0.0223334996451451
-0.0147087841061808,0.0508495436801479,-0.0188587682399489,0,-0.038875714407192,0,0.0545564613778239,0.0109296542509241,0,-0.0267652046485356,0,0,0,0.0656285344884575,0.0437024605270618,-0.00898081457292992,-0.0304615271931035,-0.00700929056318657,-0.00492383982862332,0,-0.00207210670040925,0,-0.0192538735449381,0,0.00912659047001067,-0.00614784223967995,0,0.014753171737974,0,-0.0382230567746664,-0.0010818533684958,0,0,0,0,0,0,0,0,0,0,0.0182919385960186,0.0590824257318624,0.038579907820347,-0.015067837453028,0.0664197886569016,0.0265958023470981,-0.00473791747412835,0,-0.00756752202350223,-0.00318082814501361,0,-0.010268435017082,0.0576131021894313,0.00270091545172906,0.00272441304783539,0.0257039554155851,0,0,0.00239461917157273,-0.0307678460453467,-0.0222105806658994,-0.00701320176130391,0,0.0134523803547041,-0.0106330382259184,0,-0.0250177143824212,0,0.0183496567498433,0,0,-0.00572752614834035,0,0,0,0,-0.00754802379295815,0.0293483851710666,0,-0.01407493871827,0,0.019517309458632,-0.0128452647128913,0,-0.00486107834568481,0,0,0,0,0,0,0.0430742500555204,-0.0460682164546187,0,0.0251597167149214,0,-0.0243495430663249,-0.0313276844845,0,0,0,0.00230950754923175,0,-0.0285459360138526,0.0667042253982136,-0.0000268721324137277,-0.00569791607992443,-0.00578386253799465,0,0,-0.0325667726145266,-0.0269283573637952,0.00814850745073045,0,-0.0385420663907066,-0.00315177190348618,0,0,0,0,-0.00138339401377516,0.00292094435809153,-0.00488081919447042,0,-0.0324758164843072,0,0,0,0,-0.069949246343288,0,0.020073981569838,0,0.0248538189982526,0,0,0.0253795738900009,0,0,0.0108822145733219,-0.0157560411985509,0,0.00963627860020503,0,0,0,0,0.00959415179051128,-0.000501410392621914,0,0,0,0,0,0,0,0,0,0,0,0,0,0,-0.00983593468531108,0,-0.0015980842045246,0,-0.0150610283647646,0.0424924713169086,0,-0.0113269067364321,-0.00159347032197713,0,0,0,-0.00537452370969909,0,0.0503535873424962,0,-0.0293732268330367,0.0251909878115176,0,0.0274269268555032,-0.00691987771725492,0.0013642107501405,-0.0223644688882817
-0.0144870643254426,0.0507689632924881,-0.0184834912257354,0,-0.039319742921374,0,0.0546164538722201,0.0109633949164842,0,-0.0267439917605534,0,0,0,0.0657945064517682,0.0437173377901498,-0.00912383131437203,-0.0314315546742731,-0.00681673623718468,-0.00508043388192446,0,-0.00140535800413432,0,-0.0199405781420816,0,0.00924213893700927,-0.00618552611708378,0,0.0145548283365296,0,-0.038221423836043,-0.00124778656553966,0,0,0,0,0,0,0,0,0,0,0.0184523723114494,0.0585697899946816,0.0384410668065863,-0.0151441027437229,0.0663061836525014,0.0265393994160632,-0.00457730475490888,0,-0.00583670385741789,-0.00299261324647951,0,-0.0100911402872076,0.0575897180047322,0.00216264523370876,0.00249091096916599,0.0259782665710843,0,0,0.00247540700516574,-0.0308203372531526,-0.0226252994522894,-0.00701875124572636,0,0.0132128487366797,-0.0107948444300518,0,-0.0253621699231234,0,0.0180388284097209,0,0,-0.00572276248590585,0,0,0,0,-0.00720745297333537,0.0294156728949071,0,-0.0141346975433971,0,0.0195924435480841,-0.0126981249634721,0,-0.00479101487719934,0,0,0,0,0,0,0.0428906496212513,-0.0456494326038072,0,0.0249866656030682,0,-0.024279626740574,-0.031059462115384,0,0,0,0.00216594093459999,0,-0.0255319782632435,0.0664451979851794,0,-0.0058121782825617,-0.00669350195481105,0,0,-0.0324717511268445,-0.0269716677428204,0.00759437743856046,0,-0.0387846736671149,-0.0036326110603515,0,0,0,0,-0.00187110025124994,0.00281326712031359,-0.00490487360439355,0,-0.0325648136786395,0,0,0,0,-0.069574468904228,0,0.0209552671138707,0,0.024313938019669,0,0,0.0265540404140282,0,0,0.0106239061098197,-0.0165055305473461,0,0.00920764404438551,0,0,0,0,0.00977231738861388,-0.000285713984825055,0,0,0,0,0,0,0,0,0,0,0,0,0,0,-0.0102748203696186,0,-0.00207757376317785,0,-0.0147958189550712,0.0415459784612466,0,-0.011326280698929,-0.00197110787643095,0,0,0,-0.00540877447220164,0,0.0505218005231883,0,-0.0293339965472001,0.0254823195763826,0,0.0273887828851624,-0.00683150737260505,0.00118338924889619,-0.0231012103108464
-0.0155710414974403,0.050167415668096,-0.0168614595993773,0,-0.0389152591551936,0,0.0548100841504807,0.0101262901741774,0,-0.0266590163698882,0,0,0,0.065181952826018,0.0437163356188856,-0.0117492320135687,-0.0324391580719527,-0.00680744261065025,-0.00517525765692669,0,-0.00214836232921,0,-0.0195371107628125,0,0.00996838521668649,-0.0053110736440841,0,0.0147302192178525,0,-0.0389098084781097,-0.00162693416623367,0,0,0,0,0,0,0,0,0,0,0.0186724316224116,0.0586335875832492,0.0362678419503467,-0.0159055047588793,0.0665577769945137,0.0267349479402712,-0.00476288621353794,0,-0.00527793334397252,-0.00325241232477079,0,-0.0108852867283643,0.0580892178752805,0,0.00316168933291721,0.0267339211651464,0,0,0.00266106748429377,-0.0314435726852776,-0.0216886861442915,-0.00689465062160967,0,0.0142882258613225,-0.0117711585660214,0,-0.026528327825737,0,0.0181657828651209,-0.000397925999297948,0,-0.00654593608700413,0,0,0,0,-0.00818404908722713,0.0292098444759944,0,-0.0148753216949375,0,0.0189735912181951,-0.0130734956057751,-0.00065709215432018,-0.00519130591068428,0,0,0,0,-0.00173712180844072,0,0.0427206158370662,-0.0452662338216321,0,0.0239121260985125,0,-0.0241982205183157,-0.0310988960879377,0,0,0,0.0020944530578247,0,-0.0261919083051358,0.0659415897716634,0,-0.00508080570178617,-0.00570589611078483,0,0,-0.0330398214390816,-0.0284437706487573,0.00808697278263623,0,-0.0412343629183339,-0.00517834643176581,0,0,0,0,-0.00103290954125076,0.0035545104277327,-0.00576787458252078,0,-0.0332823198450543,0,0,0,0,-0.0700170226413588,0,0.0182347820974422,0,0.0242935450507673,0,0,0.0215666500872405,0,0,0.00998460848117115,-0.0153258722234195,0,0.00759686104623785,0,0,0,0,0.00966598747007988,-0.00020636062928641,0,0,0,-0.00241268652215613,0,0.00118493674473896,0,0,0,0,0,0,0,0,-0.00996827989250185,0,-0.00064458553299086,0,-0.0184573001917607,0.0473611383229599,0,-0.0112470582496393,-0.00198362503283348,0,0,-0.00074011105789159,-0.00612907366784734,0,0.0497224357847626,0,-0.0297569887016639,0.0264840425901137,0,0.0270732489326909,-0.0064851891493824,0.000883382662802077,-0.0266009083305964
-0.0137378794927079,0.0502915738331495,-0.01844927721417,0,-0.039894169764269,0,0.0546950049964267,0.0111319352264931,0,-0.0274566027526681,0,0,0,0.0658322298689983,0.0438988389981632,-0.00812808321985723,-0.0316199004541422,-0.00693399184451925,-0.0048338210591639,0,-0.00157986501162664,0,-0.0208578897484294,0,0.0096801459323698,-0.00618842839307578,0,0.0143590503227779,0,-0.0379086337751878,-0.00186335980980649,0,0,0,0,0,0,0,0,0,0,0.0193425719652815,0.0581863122686479,0.0386129128775742,-0.0142589350785135,0.0663156960217514,0.0273730939411167,-0.00478442362046614,0,-0.00612223050517288,-0.00295307055008856,0,-0.0100404651240879,0.0576678107487253,0.00356412421187148,0.00161964590468176,0.0247445466704877,0,0,0.0019290523601676,-0.0298287170776899,-0.0227856207721813,-0.00700488951157201,0,0.0134762510531531,-0.0112397677595063,0,-0.0261191319766649,0,0.0181800236141713,0,0,-0.00644621040468785,0,0,0,0,-0.00586961972412475,0.0292427046651724,0,-0.0136209532429867,0,0.0198632637328322,-0.0126469428581907,0,-0.00360623612795091,0,0,0,0,0,0,0.043324684332571,-0.0463961464646583,0,0.0251978416665724,0,-0.024750683763775,-0.0306845225819455,0,0,0,0.00304993156673809,0,-0.0261816623779958,0.0662981696456309,0,-0.00598012791172677,-0.0062273161408001,0,0,-0.0325874066316793,-0.0280010095426946,0.00797656703297306,0,-0.0387913644489049,-0.00308496951419202,0,0,-0.000563409598574469,0,-0.00257672304604588,0.00334532703528131,-0.00445566479011971,0,-0.0334018779861768,0,0,0,0,-0.0705094277271787,0,0.0209095812106637,0,0.0247694252896497,0,0,0.0281243671379594,0,0,0.00996464689957871,-0.0172861904006939,0,0.00938289436931348,0,0,0,0,0.0107475721143785,-0.0000527015572033134,0,0,0,0,0,0,0,0,0,0,0,0,0,0,-0.00985030984756845,0,-0.00255471192229703,0,-0.0135589910690836,0.0419461702552368,0,-0.011084769702239,-0.00163607976940157,0,0,0,-0.00513253738908134,0,0.0516171294205859,0,-0.0299589147860281,0.0255355506861205,0,0.0256665681683709,-0.00721109517276388,0.00128457437969816,-0.022952816649643
-0.0145285801592399,0.0506645235382511,-0.0183545131394339,0,-0.0396949809817124,0,0.0543189251089386,0.0108909873102337,0,-0.0269602063930325,0,0,0,0.0658808428957863,0.0435654849086875,-0.00921807307581396,-0.0319407323316687,-0.00654439177690998,-0.00518871863891246,0,-0.00203967547653871,0,-0.0196321314860821,0,0.00923445203163461,-0.00597101987400151,0,0.0144635663881136,0,-0.0380953242199066,-0.00139941110884763,0,0,0,0,0,0,0,0,0,0,0.0184426118740311,0.0586409694423272,0.0380513495901676,-0.0152054120961398,0.0660845323034307,0.0266286433059492,-0.00461198774231063,0,-0.00593665708095465,-0.00304229605061214,0,-0.0105680302097414,0.0577776574724091,0.00263316324989183,0.00247010340345294,0.0256701078011059,0,0,0.00243405352381023,-0.0306762943431151,-0.0226333353325317,-0.00682510978184294,0,0.0132335743306946,-0.010817588851552,0,-0.0254044688755322,0,0.0181234627313791,0,0,-0.00555006845603079,0,0,0,0,-0.00707717827314825,0.0295732482041112,0,-0.0141491429263801,0,0.0194128513477337,-0.0124517009643147,0,-0.00467913973258749,0,0,0,0,0,0,0.0431060055518124,-0.0466119989389608,0,0.0250319994831095,0,-0.0241410567340242,-0.03116321020664,0,0,0,0.00194230749404828,0,-0.0257076281696326,0.0668277295611898,0,-0.00605641293258349,-0.0060975486220233,0,0,-0.0326796080092338,-0.0269929632585468,0.00754262457094253,0,-0.0389701589085908,-0.00397326809644761,0,0,-0.0000555960151248323,0,-0.00183220564302624,0.00293641617067748,-0.00489012297755352,0,-0.0324194784842783,0,0,0,0,-0.069695764564619,0,0.0204628919635901,0,0.0243715334613828,0,0,0.0266899088135791,0,0,0.0104602129742761,-0.0167174700504639,0,0.0091936074996512,0,0,0,0,0.00935109523669057,-0.000279529317621056,0,0,0,0,0,0,0,0,0,0,0,0,0,0,-0.0102251327519459,0,-0.00207993290920136,0,-0.014509443464554,0.0418210156062864,0,-0.0112024175126018,-0.00240863354663499,0,0,0,-0.00515403474516516,0,0.0501819185612605,0,-0.029521353663434,0.0256684413194364,0,0.0273054120287851,-0.00710131806628114,0.00123947953335382,-0.0218519593035303
-0.0138600990242338,0.050115056779594,-0.0181256568645735,0,-0.0398909643634707,0,0.0541100982657509,0.0112471512306513,0,-0.0272988586374301,0,0,0,0.0666511213727163,0.0438785659517072,-0.00910244050710832,-0.0306367509260213,-0.00666883727551335,-0.00510612691789774,0,-0.000986903784381124,0,-0.0209935147360281,0,0.00945209154502494,-0.0062926634888578,0,0.0144357459526677,0,-0.0387751204260416,-0.00174333533503344,0,0,0,0,0,0,0,0,0,0,0.0192213471875668,0.0582275477419996,0.0384848438757889,-0.0147663320795703,0.0655743611495196,0.0272193272165135,-0.00442937195673236,0,-0.00612051188304335,-0.00322292594593648,0,-0.0112278638778077,0.0583487781961821,0.00198594632435676,0.00151625021865546,0.0248321426692181,0,0,0.00174574190364083,-0.0303255630510184,-0.0229297593493629,-0.00701819412779955,0,0.0136707069611085,-0.0110848982686057,0,-0.0264759299324359,0,0.0179253733151221,0,0,-0.00630329375012484,0,0,0,0,-0.00619018660681421,0.02921549241362,0,-0.0140376649309524,0,0.0198127667835481,-0.0125849861859944,0,-0.00518062688992806,0,0,0,0,0,0,0.0421896558053194,-0.0459295198377992,0,0.0251483809025441,0,-0.0244232169798478,-0.0306270054950445,0,0,0,0.00292369494817804,0,-0.0258634662275059,0.066717101691934,0,-0.00673624237931978,-0.00624193279014954,0,0,-0.032988266388274,-0.0273681258653637,0.00805928445046065,0,-0.0388267815990967,-0.0032752511051853,0,0,0,0,-0.00127988048326402,0.00292233023607038,-0.00489325645686326,0,-0.0342156565030533,0,0,0,0,-0.0705122351388541,0,0.0206095633283326,0,0.0240390717771043,0,0,0.0279426899746449,0,0,0.00997421464636509,-0.0165735117574229,0,0.00943392611730642,0,0,0,0,0.0107932545396282,0,0,0,0,0,0,0,0,0,0,0,0,0,0,0,-0.00973267035463822,0,-0.00220786271964491,0,-0.0137475067286731,0.0424474709029413,0,-0.0119610746501528,-0.00129098014774842,0,0,0,-0.00503800138365884,0,0.0512590698009959,0,-0.0284794697254794,0.026094242116189,0,0.0266667727751475,-0.00676364204450027,0.00123067147917847,-0.0233057185638407
-0.0146767742202187,0.0502755848230878,-0.0180385039191615,0,-0.0401944485079528,0,0.054767493920006,0.0107788303090422,0,-0.0264515364157292,0,0,0,0.0658601921748589,0.0438177093048017,-0.00988438809836026,-0.0324958004417344,-0.00647312279245237,-0.00537048160619191,0,-0.000928059891257359,0,-0.0198408246547817,0,0.00946934796163839,-0.00577650210276692,0,0.014404556287598,0,-0.0382348423727116,-0.00186032939479371,0,0,0,0,0,0,0,0,0,0,0.0187566872675033,0.0584908812504536,0.0382810620825908,-0.0151060858798282,0.0660938320342114,0.0268579071997902,-0.00477982634798387,0,-0.00559857913225238,-0.00306175821211671,0,-0.0105600710870214,0.0573521009757289,0.00311089836237226,0.00268224042975189,0.0249536192772633,0,0,0.0025943431668023,-0.0308582177018985,-0.0225178687283981,-0.00677361033635269,0,0.0130399792765475,-0.0109820474439303,0,-0.0258346748571399,0,0.0184738665286201,0,0,-0.00550419365699388,0,0,0,0,-0.00787417828907701,0.0296136736642877,0,-0.0140942325278429,0,0.0195771590401747,-0.0122059491894412,0,-0.00470949158869462,0,0,0,0,0,0,0.0431691120417082,-0.0454091574360024,0,0.0247737238443123,0,-0.0240687426225852,-0.0310516310063531,0,0,0,0.00121332341740601,0,-0.0259418057134771,0.0667689980522706,0,-0.00588837517248049,-0.00583179607282646,0,0,-0.0327535365840745,-0.0272543604845753,0.0071895755634757,0,-0.0392408468004807,-0.00414534575795796,0,0,-0.000730304615095457,0,-0.0018577081902784,0.00339358509202275,-0.00459325391501328,0,-0.0329400549694944,0,0,0,0,-0.0694989639042007,0,0.0206647756987327,0,0.0248677576746435,0,0,0.0272609986179726,0,0,0.010490505727302,-0.0167123255895469,0,0.00900251368723801,0,0,0,0,0.00987278148684496,-0.000207413050250733,0,0,0,0,0,0,0,0,0,0,0,0,0,0,-0.0102156173632152,0,-0.00250793196948186,0,-0.0146998643164403,0.0418523361139502,0,-0.010702623418813,-0.00250633527110902,0,0,0,-0.00507861178605621,0,0.050409534524628,0,-0.0299118749676623,0.0253363523045739,0,0.0270212733088925,-0.00765972247706471,0.00142968729423197,-0.0224366490540862
-0.0137305068236045,0.0500338023414382,-0.0191365239743286,0,-0.0405419074503186,0,0.05423100738763,0.0109483570220841,0,-0.027395133539093,0,0,0,0.0662425560371953,0.043945753984393,-0.00848998619644337,-0.0320688486248778,-0.00732471588975202,-0.00513231526283482,0,-0.000944870210244196,0,-0.0211377860471059,0,0.00955131231657585,-0.00581292147293557,0,0.0144932362053213,0,-0.0383091994994433,-0.00201994509732695,0,0,0,0,0,0,0,0,0,0,0.0192007288351031,0.0588488560444177,0.0385011034671038,-0.0146535672354035,0.0674080647587549,0.0272507434409953,-0.00473283856479686,0,-0.00614130015945336,-0.0031350681615383,0,-0.0106024073497132,0.0579147374701688,0.00265747397437035,0.00158448165601786,0.0252409632878786,0,0,0.00166661393497334,-0.031055503662259,-0.0228675379518583,-0.00701360387268523,0,0.0134568523393451,-0.0107012678890806,0,-0.0256206225328413,0,0.0183359900352806,0,0,-0.00699962683303244,0,0,0,0,-0.00675226100288921,0.029309279037978,0,-0.014049525339547,0,0.019940375176595,-0.0123063681514991,0,-0.00499620411425132,0,0,0,0,0,0,0.0428992192193548,-0.0467698401747551,0,0.0251183104766778,0,-0.0246424923810168,-0.0310620404889763,0,0,0,0.00392911611012707,0,-0.0260857089699431,0.0663244440170914,-0.000124145231703043,-0.00660468067643316,-0.00576499063978994,0,0,-0.0327571600173461,-0.0270726301132574,0.00738856917542166,0,-0.0396090752015273,-0.00416430000179238,0,0,0,0,-0.0010855752118348,0.00442935182650694,-0.00503787986248101,0,-0.0343575785630007,0,0,0,0,-0.0702119781167512,0,0.0213846830214129,0,0.0240697426242057,0,0,0.0266767053203822,0,0,0.0101457791544221,-0.0168365073523532,0,0.00926676507092482,0,0,0,0,0.0102425979729327,-0.000344481114289402,0,0,0,0,0,0,0,0,0,0,0,0,0,0,-0.00828088798460951,0,-0.00210576701750229,0,-0.0143797294287247,0.0429304147408548,0,-0.0114851737466343,-0.00205952477311305,0,0,0,-0.00532427708754707,0,0.0498754829005594,0,-0.0299593691798059,0.0256972496232097,0,0.0269768832002035,-0.00674366518814425,0.00120353972945763,-0.0235500094908479
-0.0138241042463822,0.0500398717953918,-0.0176506434032245,0,-0.0400548913638635,0,0.053910093658249,0.0108168780788179,0,-0.0273456883820993,0,0,0,0.0664350586389514,0.0434496521968154,-0.00942774176245171,-0.0322121303507506,-0.00742488107184117,-0.00480775728562441,0,-0.00126206532671342,0,-0.0209118564039992,0,0.00984533407216552,-0.00564283027491803,0,0.014441892951496,0,-0.0386163252400584,-0.00216807068748046,0,0,0,0,0,0,0,0,0,0,0.0192282408425456,0.0590950093023362,0.0388512070191086,-0.0146614658729759,0.0680207067126279,0.0273698714382168,-0.00477822061519179,0,-0.00538384447303516,-0.00290682457369977,0,-0.0106575947850102,0.0575618331865465,0.00228123851955036,0.00211128227510113,0.0252979725043205,0,0,0.00169555059137251,-0.0305219156091227,-0.0227597485112457,-0.00662104368333008,0,0.0132226142848793,-0.0111993141225632,0,-0.0253979995073021,0,0.0183920434826173,0,0,-0.00635356730453881,0,0,0,0,-0.00635769282439647,0.0295660703846716,0,-0.0140554516365462,0,0.0201521772850464,-0.0119265308847562,0,-0.0047933965644191,0,0,0,0,0,0,0.0433356714072546,-0.0468493765618533,0,0.0248617382821789,0,-0.024422017380478,-0.0309727566654116,0,0,0,0.00232595598534111,0,-0.0262472072482736,0.0668976433876162,0,-0.005938140291724,-0.00621097527401216,0,0,-0.0327943943260891,-0.0261009299534528,0.00771443544894164,0,-0.0395809194559913,-0.00425960980591145,0,0,-0.000294162269689772,0,-0.00168079567014833,0.00365620520868925,-0.00479264611854677,0,-0.033338297247071,0,0,0,0,-0.0704549374812737,0,0.0208132554481166,0,0.0238759783112938,0,0,0.0273631666312583,0,0,0.0106082249882544,-0.0174313553783973,0,0.00928621099474881,0,0,0,0,0.0101492198539616,-0.000461401711796185,0,0,0,0,0,0,0,0,0,0,0,0,0,0,-0.00969396328456542,0,-0.00222511351514723,0,-0.0149054909055638,0.0428159521299748,0,-0.0114062657722744,-0.00200252809749062,0,0,0,-0.00468351470225413,0,0.0504339407615909,0,-0.0297557273038608,0.0261716485253159,0,0.0269599702990216,-0.00667170780423822,0.00127782962623349,-0.0225902414768331
-0.0140404658765621,0.050029622413179,-0.017955989988446,0,-0.0402281950837924,0,0.0544265604527241,0.0108869179605123,0,-0.0273646739684913,0,0,0,0.0662018466123243,0.0437394460433051,-0.00913264707792644,-0.032130331717213,-0.00739917154456799,-0.00505785231995101,0,-0.00110668344330375,0,-0.0205958009163815,0,0.00966276084837061,-0.00553896664428911,0,0.0144496520407791,0,-0.0384776958167822,-0.00219233981321979,0,0,0,0,0,0,0,0,0,0,0.0191026114676957,0.0587298416798436,0.0381573602591254,-0.0148743573925077,0.0668080072571003,0.0272681722838537,-0.00476586097655933,0,-0.00594584677670163,-0.00308641564196446,0,-0.0108153575744208,0.0575671561245206,0.00291719826768921,0.00159788460785968,0.0255781553045431,0,0,0.00184406624695631,-0.0309485535376872,-0.0228019150875226,-0.00714869934362919,0,0.0130471977086031,-0.0108575516692447,0,-0.0250824912328317,0,0.0183034297281379,0,0,-0.0063215098815309,0,0,0,0,-0.00690780027291634,0.0296434605517477,0,-0.0140445463403415,0,0.0201367595690402,-0.0125363403742015,0,-0.00469315427656054,0,0,0,0,0,0,0.0431887488339625,-0.0453804471983946,0,0.0250566273487411,0,-0.0244377253163329,-0.031193754895883,0,0,0,0.00180390136910225,0,-0.0260396377307481,0.0667980999587837,0,-0.0061606420320085,-0.00568234118929586,0,0,-0.0329589647988879,-0.0275540301815699,0.00761821288188354,0,-0.0395441707400803,-0.00458974629534345,0,0,-0.000430098461892185,0,-0.00180154057407684,0.00343833249075241,-0.00467031987346515,0,-0.0330725031282633,0,0,0,0,-0.0702033732085503,0,0.0207719517385711,0,0.0245740259297088,0,0,0.0270204708761759,0,0,0.0105514307574983,-0.0170326975458981,0,0.00923257177539216,0,0,0,0,0.0102788176376251,-0.000285275568155938,0,0,0,0,0,0,0,0,0,0,0,0,0,0,-0.0096394570025401,0,-0.00220888718259491,0,-0.0146758718871416,0.0424711757019485,0,-0.0107484750274804,-0.00215063460348355,0,0,0,-0.0049402387991566,0,0.0513097354259294,0,-0.0292662460532357,0.0264838904164752,0,0.02677007505233,-0.00649416506184039,0.00146884379684951,-0.0232483005262159
-0.0142048243322955,0.0502006964741161,-0.0179805836841213,0,-0.0404306648852407,0,0.0541831291765577,0.0109082548970795,0,-0.0272589128949792,0,0,0,0.0665045237400004,0.0438126935866109,-0.00917746060742069,-0.0320887254982667,-0.0072298571172732,-0.00517953895451751,0,-0.00107465651840851,0,-0.0203546113635756,0,0.00949330108423851,-0.0054443085948311,0,0.0144452231743897,0,-0.0384223296019822,-0.00195477212771782,0,0,0,0,0,0,0,0,0,0,0.0187425525320447,0.0585439724999861,0.0384171583045954,-0.0147204134661248,0.0666325733717901,0.02741318811242,-0.00470810989737318,0,-0.00580669470162256,-0.00301439156320082,0,-0.0105678467797178,0.0577512938349809,0.00255713585699163,0.00192887634735989,0.0253384219311885,0,0,0.00183321095397137,-0.0307254630420937,-0.0225577736521309,-0.00688858986763631,0,0.0131356135013814,-0.0110704057868753,0,-0.0256223018835978,0,0.0183919472380219,0,0,-0.00616355729934106,0,0,0,0,-0.00745879254237674,0.0295744622508999,0,-0.0141493832320252,0,0.02002436379081,-0.0120677876977704,0,-0.0046897502586392,0,0,0,0,0,0,0.0431993434792255,-0.0458114257742689,0,0.0248345265192403,0,-0.0244826560519706,-0.031231816835359,0,0,0,0.00187104483511285,0,-0.0259682211755619,0.0664413283658759,0,-0.00606270609357146,-0.00616456519376208,0,0,-0.0330013858788292,-0.0270589159928686,0.00785267413507044,0,-0.039505401153151,-0.00424739460522738,0,0,-0.000432904518553747,0,-0.00171774884406467,0.00375196307306,-0.00484387530181035,0,-0.0329888616934796,0,0,0,0,-0.0702279787935006,0,0.0207932165230924,0,0.0240505474858905,0,0,0.0275939329202985,0,0,0.0105722221079485,-0.0168432013156761,0,0.00916474327992164,0,0,0,0,0.0103833295454988,0,0,0,0,0,0,0,0,0,0,0,0,0,0,0,-0.0100663926839941,0,-0.00238518784822333,0,-0.014779810866377,0.0429394891516296,0,-0.0107456507022819,-0.00229065533123369,0,0,0,-0.00487518558368202,0,0.0505914306675891,0,-0.0296739346565033,0.0262895606975678,0,0.0271007861423472,-0.00675678130734109,0.00141565404143426,-0.0227568075176379
-0.0141439431808731,0.0501350877158718,-0.0180124028037224,0,-0.0405071071411528,0,0.0544524854722596,0.0111198280393402,0,-0.0273353077592695,0,0,0,0.0666628286271609,0.0441009700742068,-0.00935767107870592,-0.0321573450813777,-0.00714757433145283,-0.00521049738020833,0,-0.000943768467701641,0,-0.020554988161823,0,0.00952978221198307,-0.00544605539971362,0,0.0144984209608311,0,-0.0385318443925845,-0.00195225197752598,0,0,0,0,0,0,0,0,0,0,0.0188510595704753,0.0588792213007285,0.038640704627281,-0.0147813731549569,0.0666618419985891,0.0275482037394224,-0.00460833056119405,0,-0.00575358804777457,-0.00306127095538962,0,-0.0105395192418159,0.0579732478869188,0.00282455738648223,0.00161695963571351,0.0252155994283929,0,0,0.00178749373861536,-0.0309945088035465,-0.0227400720945115,-0.00696538458432603,0,0.0131099586066483,-0.0111143594053377,0,-0.0259004491773495,0,0.0184187627378641,0,0,-0.00625061758245547,0,0,0,0,-0.00736705506912859,0.0294520590149674,0,-0.0142094918404109,0,0.0200101413152545,-0.0121828887091975,0,-0.00483585762162745,0,0,0,0,0,0,0.0431507587500422,-0.0460099611219844,0,0.0250687465018968,0,-0.0246257963291275,-0.0313353606439318,0,0,0,0.00211302644914801,0,-0.0260056702989242,0.0667668321850989,0,-0.00602974448895354,-0.00625791303788254,0,0,-0.033069198098687,-0.027009069290275,0.00785334642340478,0,-0.039674115681407,-0.00424777347241338,0,0,-0.00047457454562068,0,-0.00187272712803744,0.00369388737316643,-0.004824026545442,0,-0.03307468295758,0,0,0,0,-0.0703500135755636,0,0.0209131189547874,0,0.0242512436395841,0,0,0.0275268349048728,0,0,0.0103779868861153,-0.0167973613961521,0,0.0090680168081379,0,0,0,0,0.0104326187688991,-0.0000870253462285881,0,0,0,0,0,0,0,0,0,0,0,0,0,0,-0.0101140101278395,0,-0.00232475984149378,0,-0.0148755429478114,0.0431519278627708,0,-0.010812249429602,-0.00221780488486069,0,0,0,-0.0050451079860496,0,0.0506497416795525,0,-0.0297190378901712,0.0262085761959365,0,0.0273168479653083,-0.00663661661365544,0.00146596113297654,-0.0227996940111202
-0.0145174330772844,0.0505052373385604,-0.0183590373823359,0,-0.0404011450823831,0,0.0544242672462344,0.0111268410247444,0,-0.0272576186225148,0,0,0,0.0666401110876856,0.0439924956729813,-0.00933350426005321,-0.0318217083038371,-0.0069667907545558,-0.00535352713903691,0,-0.00158638085534126,0,-0.0205413880322573,0,0.00962482647370839,-0.00552160667143773,0,0.0145178432127951,0,-0.0384270446536313,-0.00172655229273725,0,0,0,0,0,0,0,0,0,0,0.0189044396997075,0.0584156166881361,0.0387562642466137,-0.0147703096734905,0.0664773018181378,0.0274109105737862,-0.00454723255734297,0,-0.00562355445125543,-0.00295484358582623,0,-0.0102427208712433,0.0577352783447197,0.00236077439866722,0.00194401035272182,0.0256984484647084,0,0,0.00200433530995666,-0.0309468884078184,-0.0223880435024117,-0.00693301681285404,0,0.0131996740364449,-0.011091826519166,0,-0.026004842082334,0,0.0185345589842211,0,0,-0.00593618883834005,0,0,0,0,-0.00732273098423136,0.0294266103373819,0,-0.01426546820145,0,0.0199181341331198,-0.0123838997857062,0,-0.00479921175465763,0,0,0,0,0,0,0.0431021825651857,-0.0458611029254295,0,0.025005934870345,0,-0.0245037228141635,-0.0311567697012422,0,0,0,0.0022311251386003,0,-0.0260588520822771,0.0663921812608952,0,-0.00608811942787501,-0.00608951208140099,0,0,-0.0328792049718336,-0.0269462614203258,0.00767137508180223,0,-0.0393560716173832,-0.00407619633448857,0,0,-0.000322628755711502,0,-0.0019750095844311,0.0039428754273657,-0.00479583488388072,0,-0.0331925508174581,0,0,0,0,-0.0701895856105071,0,0.0208615180537431,0,0.0242939167130967,0,0,0.027896724141211,0,0,0.0104620170435598,-0.0165705804852348,0,0.00916105378748194,0,0,0,0,0.010435068962519,-0.0000753943322056445,0,0,0,0,0,0,0,0,0,0,0,0,0,0,-0.0112800689387058,0,-0.00272537132446782,0,-0.0150147483845609,0.0436668168617555,0,-0.0107385526971526,-0.00218108459506511,0,0,0,-0.00492890904090597,0,0.0507378631772824,0,-0.0298195258146128,0.0262171413212659,0,0.0274525057625104,-0.00695224206191978,0.00147196324354833,-0.0225883716979293
-0.0137494604789022,0.0497770261562668,-0.0184739153324334,0,-0.0398584555037286,0,0.0543346406619005,0.0108589835226398,0,-0.027245546186319,0,0,0,0.065806426898751,0.0437689926456534,-0.00910064990126361,-0.0322324716993902,-0.00701327930648887,-0.00484195936878627,0,-0.000686230675717209,0,-0.0199927023583732,0,0.00969223665481169,-0.00610865020136787,0,0.0146144861699821,0,-0.0379555199786059,-0.00215118357244518,0,0,0,0,0,0,0,0,0,0,0.0181452237899341,0.060344927680499,0.0381205243846151,-0.0150788045071218,0.0666119536711291,0.027305918618519,-0.00444750210425252,0,-0.00622365698629925,-0.00306110723749861,0,-0.0107838003182327,0.0569821110785692,0.00539142959754244,0.00049746346273202,0.0263977124016113,0,0,0.00175130484853805,-0.0314142645576148,-0.0236940336566014,-0.00677887509362944,0,0.0129587130462793,-0.0110701152454533,0,-0.0248487775130114,0,0.0175744975850627,0,0,-0.00633849292683276,0,0,0,0,-0.00735566686137637,0.0296484750480458,0,-0.0139214202370265,0,0.0202534363387824,-0.0127725247399989,0,-0.00469695667103637,0,0,0,0,0,0,0.043381196852235,-0.0458875936342189,0,0.0252292724134141,0,-0.0248822317181,-0.0315121055624889,0,0,0,0.00211167181492161,0,-0.0244616516149816,0.0673977600489226,0,-0.00621979842124174,-0.00652451268548817,0,0,-0.0327564154304326,-0.0269126563859368,0.00836712067208004,0,-0.0396496061597356,-0.00463853155032285,0,0,-0.000659134789933702,0,-0.00182414888642853,0.00310153117740919,-0.0046501435192793,0,-0.0336037654433984,0,0,0,0,-0.0700450205058701,0,0.0215818617405218,0,0.0245759848210499,0,0,0.0263684671232764,0,0,0.0106207473459489,-0.0173236012231426,0,0.00892961318963817,0,0,0,0,0.00991869202564538,-0.000107710303089964,0,0,0,0,0,0,0,0,0,0,0,0,0,0,-0.0100643818779163,0,-0.00217474214030976,0,-0.0145944391022503,0.0426514444066362,0,-0.0109956436906096,-0.00125825935520469,0,0,0,-0.00573022177958381,0,0.0518504472034588,0,-0.0294623867630668,0.0257799167868919,0,0.0269868796266786,-0.00665370512895506,0.00153421350407141,-0.0229749930278658
NA,NA,NA,NA,NA,NA,NA,NA,NA,NA,NA,NA,NA,NA,NA,NA,NA,NA,NA,NA,NA,NA,NA,NA,NA,NA,NA,NA,NA,NA,NA,NA,NA,NA,NA,NA,NA,NA,NA,NA,NA,NA,NA,NA,NA,NA,NA,NA,NA,NA,NA,NA,NA,NA,NA,NA,NA,NA,NA,NA,NA,NA,NA,NA,NA,NA,NA,NA,NA,NA,NA,NA,NA,NA,NA,NA,NA,NA,NA,NA,NA,NA,NA,NA,NA,NA,NA,NA,NA,NA,NA,NA,NA,NA,NA,NA,NA,NA,NA,NA,NA,NA,NA,NA,NA,NA,NA,NA,NA,NA,NA,NA,NA,NA,NA,NA,NA,NA,NA,NA,NA,NA,NA,NA,NA,NA,NA,NA,NA,NA,NA,NA,NA,NA,NA,NA,NA,NA,NA,NA,NA,NA,NA,NA,NA,NA,NA,NA,NA,NA,NA,NA,NA,NA,NA,NA,NA,NA,NA,NA,NA,NA,NA,NA,NA,NA,NA,NA,NA,NA,NA,NA,NA,NA,NA,NA,NA,NA,NA,NA,NA,NA,NA,NA,NA,NA,NA
-0.0144171645046546,0.0501720831972389,-0.0180306259002625,0,-0.0405752450170361,0,0.0544875764004913,0.0110300427727305,0,-0.0273398882077512,0,0,0,0.0666538430179979,0.0439301193047677,-0.00922333071031492,-0.0321062261967894,-0.00717884231351144,-0.00541322457581485,0,-0.00108312207885475,0,-0.0205143750462637,0,0.00961275405849106,-0.00545262306971537,0,0.014478323715658,0,-0.0384690304721356,-0.00202493784256474,0,0,0,0,0,0,0,0,0,0,0.0190312337577228,0.0586788748949968,0.0387283845038887,-0.0148514578997158,0.0666090148601602,0.0275075786114642,-0.00470638895107885,0,-0.0058060558362824,-0.00297820882886171,0,-0.0103504235359066,0.0579669349893477,0.00255286126522076,0.00193379203223479,0.025423439399185,0,0,0.00187761624631391,-0.0308747106560643,-0.0226838653138319,-0.00698832503736566,0,0.0131132705463466,-0.0111484783453887,0,-0.0258684075209995,0,0.0185287629325266,0,0,-0.00601378355531272,0,0,0,0,-0.00763661190814583,0.0295631912370844,0,-0.0141122402211642,0,0.0200693802718807,-0.0120052434862396,0,-0.00475245947652703,0,0,0,0,0,0,0.043158801286033,-0.0459915970869803,0,0.0248122142682023,0,-0.0246021995891761,-0.0312197487475788,0,0,0,0.00195831362005649,0,-0.0260550656951559,0.0666208690303402,0,-0.00596550137412051,-0.00612118295998824,0,0,-0.0329452218352418,-0.0268195031962783,0.00782117475601428,0,-0.0395389460437242,-0.00412211700745493,0,0,-0.000283008104938609,0,-0.0017159015487415,0.00396145841877546,-0.00480432461603617,0,-0.0332134749894305,0,0,0,0,-0.0701959655059337,0,0.0209792524597537,0,0.0241577223433559,0,0,0.0277792221682797,0,0,0.0103622642026578,-0.0167946243027734,0,0.00923011541121758,0,0,0,0,0.0105682053599519,-0.0000320613605134421,0,0,0,0,0,0,0,0,0,0,0,0,0,0,-0.0110560235755277,0,-0.00265931058776803,0,-0.0148962205278198,0.0433139930921101,0,-0.0106815735620399,-0.00240227107732376,0,0,0,-0.00499377676204882,0,0.0505065495987256,0,-0.0298240425253772,0.0262027647624656,0,0.0271470514472284,-0.00672595773811405,0.00150205630779812,-0.0228792740562383
NA,NA,NA,NA,NA,NA,NA,NA,NA,NA,NA,NA,NA,NA,NA,NA,NA,NA,NA,NA,NA,NA,NA,NA,NA,NA,NA,NA,NA,NA,NA,NA,NA,NA,NA,NA,NA,NA,NA,NA,NA,NA,NA,NA,NA,NA,NA,NA,NA,NA,NA,NA,NA,NA,NA,NA,NA,NA,NA,NA,NA,NA,NA,NA,NA,NA,NA,NA,NA,NA,NA,NA,NA,NA,NA,NA,NA,NA,NA,NA,NA,NA,NA,NA,NA,NA,NA,NA,NA,NA,NA,NA,NA,NA,NA,NA,NA,NA,NA,NA,NA,NA,NA,NA,NA,NA,NA,NA,NA,NA,NA,NA,NA,NA,NA,NA,NA,NA,NA,NA,NA,NA,NA,NA,NA,NA,NA,NA,NA,NA,NA,NA,NA,NA,NA,NA,NA,NA,NA,NA,NA,NA,NA,NA,NA,NA,NA,NA,NA,NA,NA,NA,NA,NA,NA,NA,NA,NA,NA,NA,NA,NA,NA,NA,NA,NA,NA,NA,NA,NA,NA,NA,NA,NA,NA,NA,NA,NA,NA,NA,NA,NA,NA,NA,NA,NA,NA
NA,NA,NA,NA,NA,NA,NA,NA,NA,NA,NA,NA,NA,NA,NA,NA,NA,NA,NA,NA,NA,NA,NA,NA,NA,NA,NA,NA,NA,NA,NA,NA,NA,NA,NA,NA,NA,NA,NA,NA,NA,NA,NA,NA,NA,NA,NA,NA,NA,NA,NA,NA,NA,NA,NA,NA,NA,NA,NA,NA,NA,NA,NA,NA,NA,NA,NA,NA,NA,NA,NA,NA,NA,NA,NA,NA,NA,NA,NA,NA,NA,NA,NA,NA,NA,NA,NA,NA,NA,NA,NA,NA,NA,NA,NA,NA,NA,NA,NA,NA,NA,NA,NA,NA,NA,NA,NA,NA,NA,NA,NA,NA,NA,NA,NA,NA,NA,NA,NA,NA,NA,NA,NA,NA,NA,NA,NA,NA,NA,NA,NA,NA,NA,NA,NA,NA,NA,NA,NA,NA,NA,NA,NA,NA,NA,NA,NA,NA,NA,NA,NA,NA,NA,NA,NA,NA,NA,NA,NA,NA,NA,NA,NA,NA,NA,NA,NA,NA,NA,NA,NA,NA,NA,NA,NA,NA,NA,NA,NA,NA,NA,NA,NA,NA,NA,NA,NA
-0.0137764113831696,0.0499410933626196,-0.0187130399175987,0,-0.0402170952156315,0,0.0544118850682584,0.0109340459429411,0,-0.0273345593997991,0,0,0,0.0663563353552172,0.0440784753334838,-0.00964186646162852,-0.0323928265718945,-0.00770921833964618,-0.00554280316129659,0,-0.000997979004418602,0,-0.0207489145861194,0,0.00975727568954397,-0.00548401696367921,0,0.014553549476415,0,-0.0383507407012701,-0.00196523025053171,0,0,0,0,0,0,0,0,0,0,0.0192124934141509,0.0586872148470153,0.0384636304295625,-0.0151154620753546,0.067184681545694,0.0279975793820731,-0.00468127562659135,0,-0.00494699057014366,-0.0031987498762805,0,-0.0106306731581647,0.0574297229952092,0.00518009845830164,0.000436996828933469,0.0253693642357329,0,0,0.00175830668631077,-0.0314893985920319,-0.0230124638066139,-0.00712933805601365,0,0.0127933270098467,-0.0109204504445494,0,-0.0261202798144988,0,0.0182018094183868,0,0,-0.00651562434467627,0,0,0,0,-0.00749871381989491,0.0294850177707196,0,-0.0142959699988666,0,0.0199952185349033,-0.0123911103277434,0,-0.00556875599655453,0,0,0,0,0,0,0.0433421124762277,-0.0458252681161771,0,0.0250153891552656,0,-0.0249385554609815,-0.0310840159973643,0,0,0,0.00151981566713221,0,-0.0261386146993392,0.0665889300626135,0,-0.00572156819334677,-0.0063341801248738,0,0,-0.0333042062431894,-0.0277752022252658,0.0076341111117582,0,-0.0390311360562186,-0.00440614159782561,0,0,-0.000455281453531268,0,-0.00188242634989491,0.0041982315027352,-0.00475864692338924,0,-0.0339767957780042,0,0,0,0,-0.0702153096879889,0,0.0204853632050052,0,0.0245767735418245,0,0,0.0278453131788388,0,0,0.010231467807844,-0.0154870100592768,0,0.00894224312653534,0,0,0,0,0.0109844144842008,-0.000378249513417099,0,0,0,0,0,0,0,0,0,0,0,0,0,0,-0.00986433476430479,0,-0.00211231002271561,0,-0.0151475798312746,0.0436197139481695,0,-0.010599984164552,-0.00212865497593018,0,0,0,-0.00513302554536133,0,0.0507110172203151,0,-0.0298774127072887,0.02579825704717,0,0.0276243651218932,-0.0064338139965109,0.00160469939144893,-0.0231029721197277
NA,NA,NA,NA,NA,NA,NA,NA,NA,NA,NA,NA,NA,NA,NA,NA,NA,NA,NA,NA,NA,NA,NA,NA,NA,NA,NA,NA,NA,NA,NA,NA,NA,NA,NA,NA,NA,NA,NA,NA,NA,NA,NA,NA,NA,NA,NA,NA,NA,NA,NA,NA,NA,NA,NA,NA,NA,NA,NA,NA,NA,NA,NA,NA,NA,NA,NA,NA,NA,NA,NA,NA,NA,NA,NA,NA,NA,NA,NA,NA,NA,NA,NA,NA,NA,NA,NA,NA,NA,NA,NA,NA,NA,NA,NA,NA,NA,NA,NA,NA,NA,NA,NA,NA,NA,NA,NA,NA,NA,NA,NA,NA,NA,NA,NA,NA,NA,NA,NA,NA,NA,NA,NA,NA,NA,NA,NA,NA,NA,NA,NA,NA,NA,NA,NA,NA,NA,NA,NA,NA,NA,NA,NA,NA,NA,NA,NA,NA,NA,NA,NA,NA,NA,NA,NA,NA,NA,NA,NA,NA,NA,NA,NA,NA,NA,NA,NA,NA,NA,NA,NA,NA,NA,NA,NA,NA,NA,NA,NA,NA,NA,NA,NA,NA,NA,NA,NA
-0.01429691549012,0.0496621822016807,-0.0186153760922134,0,-0.0409550403127151,0,0.0551514544780894,0.0113708440614268,0,-0.0274862236868083,0,0,0,0.0656297503570371,0.0440941014522202,-0.00934357018143366,-0.0322801560689207,-0.00735900928673486,-0.00564883732340428,0,-0.00154632028972188,0,-0.0206571117953211,0,0.0100952784070632,-0.00539989678064671,0,0.0145954052972615,0,-0.0384555608859086,-0.00212791606601245,0,0,0,0,0,0,0,0,0,0,0.0192137417355616,0.059074699655199,0.038767956327087,-0.0148878059618958,0.0670829302758753,0.0275181478388243,-0.00478092355938,0,-0.00566864984370331,-0.00307996548644742,0,-0.0103774942169442,0.0576259652624034,0.0033834745957074,0.00131064157893017,0.0255209520698977,0,0,0.00166444321003892,-0.0312306521138535,-0.0229329362871308,-0.0071386970503796,0,0.0132265800577818,-0.0109595377605782,0,-0.0261452727682377,0,0.0180538141277461,0,0,-0.00603620383871119,0,0,0,0,-0.00684770708685827,0.0294146575020228,0,-0.0142075208348871,0,0.020236541913712,-0.0122673393992394,0,-0.0049147530531378,0,0,0,0,0,0,0.0435881996956739,-0.0464230629412963,0,0.0250132249662811,0,-0.0245569895843255,-0.0313265306817839,0,0,0,0.00199605255849659,0,-0.0263429707003774,0.0669556814452917,0,-0.00617657267754272,-0.00577784290033876,0,0,-0.0333333507876803,-0.028897023441841,0.00797038671236079,0,-0.039696423787941,-0.00422000363975135,0,0,-0.000356409099824974,0,-0.00241060416824197,0.00427333760812893,-0.0045876389471451,0,-0.03401418925787,0,0,0,0,-0.0704812246528741,0,0.0210532811953664,0,0.0246710655872752,0,0,0.0270675658358763,0,0,0.0105071233989323,-0.0166788130778462,0,0.00907038518089594,0,0,0,0,0.0109559616457254,-0.000586397603539384,0,0,0,0,0,0,0,0,0,0,0,0,0,0,-0.0112969126997628,0,-0.00219699795862972,0,-0.0148552565288927,0.0440032971830603,0,-0.0105355242646592,-0.00204635423996604,0,0,0,-0.00508115154278227,0,0.0509994884449671,0,-0.0296795078369909,0.0259856703541571,0,0.026949382953265,-0.00648672679920893,0.00192467898486074,-0.0229247555551687
-0.0142039332068018,0.0501997156578236,-0.0183054835855994,0,-0.040720951267379,0,0.0547196437565051,0.0115701981889793,0,-0.0274499851443852,0,0,0,0.0661857365914405,0.0442757054468486,-0.00933970910366266,-0.0323378026311502,-0.0070789010316658,-0.00573308362264587,0,-0.00157295579014918,0,-0.0206760568985433,0,0.00982799945707001,-0.0054253244401581,0,0.0145162829188878,0,-0.0386133616197529,-0.00176702769702392,0,0,0,0,0,0,0,0,0,0,0.0191654013848892,0.0589145218419971,0.0389247193211332,-0.0152825633043781,0.0668751444141717,0.0273824738452153,-0.00451154168292076,0,-0.00591210764696071,-0.00334762314784951,0,-0.0102356789673654,0.0581587292103632,0.00280390793325294,0.00141020729381243,0.0252051204555511,0,0,0.00172581234733548,-0.0310732988428529,-0.0229111215066508,-0.00725016989342738,0,0.0131773417488184,-0.0109753521906261,0,-0.0260577363717277,0,0.0180626472189146,0,0,-0.00624975118716249,0,0,0,0,-0.00729795461317181,0.029341185106541,0,-0.0143435171666483,0,0.0199502035203071,-0.0123224283116595,0,-0.0047581502783821,0,0,0,0,0,0,0.0431915970935309,-0.046442757035471,0,0.0248142590150759,0,-0.024739206809161,-0.0311987463103123,0,0,0,0.00204717596800401,0,-0.0262722583146463,0.0668529320187389,0,-0.0060404306063792,-0.00604563578882242,0,0,-0.0331660221336873,-0.0268414530833767,0.0079784661464949,0,-0.0394733511805422,-0.00407592986926942,0,0,-0.000299723548204575,0,-0.0020814530625817,0.00410497731460257,-0.00480381251035496,0,-0.0335898433068024,0,0,0,0,-0.0704205059037518,0,0.0211795187345524,0,0.0238258917610121,0,0,0.0273917078721014,0,0,0.0100984463935697,-0.0168485537649669,0,0.00902042567250699,0,0,0,0,0.0107253254099146,-0.000539053436150009,0,0,0,0,0,0,0,0,0,0,0,0,0,0,-0.0107900879260669,0,-0.00236999262911877,0,-0.0150474890550875,0.0436291585273411,0,-0.0106299440485574,-0.00238242735760541,0,0,0,-0.0052241853755025,0,0.0505115148678445,0,-0.0295995033150572,0.0259762393839264,0,0.0274371123954045,-0.0065031954371928,0.00158894418366652,-0.0230211705746697
-0.0139238433824152,0.0497161737000869,-0.0185326660201847,0,-0.0411780637999447,0,0.0552187872960772,0.012142935388352,0,-0.0276863328160727,0,0,0,0.0657822023560276,0.0443180924956059,-0.00925629615747538,-0.0325829632895825,-0.00744624509028353,-0.00575236955822096,0,-0.00182973209755029,0,-0.0211299064069681,0,0.0103040913544955,-0.00537653624697605,0,0.0144450253872816,0,-0.0385725329133118,-0.00240722701004112,0,0,0,0,0,0,0,0,0,0,0.0190056710426688,0.0588482128821614,0.0390907503898885,-0.014916600339505,0.0673641156816049,0.0275927818970701,-0.00475456465557044,0,-0.00537811326321921,-0.0030637667368792,0,-0.0100884632989968,0.0582311516862018,0.00283505869093699,0.000995389437528009,0.0252660047201614,0,0,0.00175421942095607,-0.0315210299888982,-0.0226273801889893,-0.007540333923865,0,0.0134605343511212,-0.0111365621774862,0,-0.0258110461480008,0,0.0179607752841322,0,0,-0.00635967444183078,0,0,0,0,-0.00731401400188414,0.0294953582615382,0,-0.014261332612636,0,0.0201329568901627,-0.0120942012481159,0,-0.00493218062506128,0,0,0,0,0,0,0.0436721500097235,-0.0466338681076771,0,0.0248664203605352,0,-0.0248890637720162,-0.0314435186770422,0,0,0,0.00142004490933755,0,-0.0261908210406357,0.0671106490810111,0,-0.00606755307851123,-0.00570764120018497,0,0,-0.0332905127510843,-0.0269255900066158,0.00806637201590107,0,-0.0402372149803488,-0.00448806741748177,0,0,-0.000589253044280426,0,-0.0022208957628874,0.0046461663516405,-0.00465541991556331,0,-0.0344275683445986,0,0,0,0,-0.070955590379964,0,0.0210862010922408,0,0.0241533032467171,0,0,0.0272272555868025,0,0,0.0100003495436926,-0.0169929031346584,0,0.00901099610446301,0,0,0,0,0.0111757598244203,-0.000463736850573529,0,0,0,0,0,0,0,0,0,0,0,0,0,0,-0.0108936658595514,0,-0.00254983291017021,0,-0.0151468496837783,0.0442257315242627,0,-0.0105147860593294,-0.00231874729502478,0,0,0,-0.00534170781774261,0,0.0510742447180695,0,-0.02946578376862,0.0260367672527054,0,0.0269883968928719,-0.00645979293169358,0.00201278460516072,-0.0230464703503522
-0.014765432839615,0.0500414554909072,-0.0180524082318601,0,-0.0405681364106936,0,0.0542728416242533,0.0112273624006604,0,-0.0276007084894808,0,0,0,0.0665921134449959,0.0440767622956247,-0.0093671414366578,-0.0321716284876343,-0.00712043423654256,-0.00545195661207003,0,-0.000939288935983533,0,-0.0202973459558661,0,0.00947223311065955,-0.0057938035939822,0,0.0142965474388998,0,-0.0388282139542933,-0.00180088587160733,0,0,0,0,0,0,0,0,0,0,0.0189220583606803,0.0592791297557603,0.0384767424083192,-0.0149049693825956,0.0665708558019323,0.0273658490787675,-0.00444425719490672,0,-0.00593039710318127,-0.00301844119309427,0,-0.0101051890329827,0.0577855135368474,0.00259682408153055,0.00116283832123509,0.0256760335100422,0,0,0.00163307616253785,-0.0307770043540929,-0.0228479215935305,-0.00705421506327481,0,0.0130342783658863,-0.0114699662001696,0,-0.0260689517965474,0,0.018931700733698,0,0,-0.00628962491765846,0,0,0,0,-0.00745486685188865,0.0296657793335029,0,-0.0145794873108033,0,0.0202009817074433,-0.0120556916042285,0,-0.00466239605616761,0,0,0,0,0,0,0.0433825930665695,-0.0465721073936264,0,0.0247575711689572,0,-0.0243845513517392,-0.0310043108189869,0,0,0,0.00183181447117511,0,-0.0260480612323284,0.0664208644999239,0,-0.00597310646431362,-0.00606275731414351,0,0,-0.0332048450171215,-0.0269649312399776,0.00812943594472207,0,-0.0401726714806003,-0.0037420446707143,0,0,-0.000304518870937162,0,-0.00193677900861492,0.00374224884205841,-0.0048565487074164,0,-0.0335706608512745,0,0,0,0,-0.0707553288799087,0,0.0208811431685155,0,0.0240713119709849,0,0,0.0276383714252183,0,0,0.0104276773966409,-0.0168667168175932,0,0.00947796643196944,0,0,0,0,0.010664539835767,0,0,0,0,0,0,0,0,0,0,0,0,0,0,0,-0.0107664200992148,0,-0.00304225755586988,0,-0.0150978893944771,0.0436637509219619,0,-0.0109951766938488,-0.00229894348410549,0,0,0,-0.00558914514666407,0,0.0505133691021323,0,-0.0299161391335965,0.026370402416308,0,0.0270884211711366,-0.00668466497276437,0.00148339544052484,-0.0231240533545186
-0.0144540460372121,0.0500057658198745,-0.0186514311037806,0,-0.0416785339025367,0,0.0550189149158808,0.0120536396350261,0,-0.0277853197795809,0,0,0,0.0659096586232459,0.0445606318570253,-0.00935500598028535,-0.0320558644627624,-0.00740936858200816,-0.00575733128212957,0,-0.00198667360704731,0,-0.0215820922422038,0,0.0105983075128239,-0.0051925148655584,0,0.0145520643632432,0,-0.0388314072646472,-0.00210180704658569,0,0,0,0,0,0,0,0,0,0,0.0196130249034463,0.059583211319666,0.039289577332495,-0.0147587000645946,0.0672287611733907,0.0277294568133582,-0.00466996870998744,0,-0.0054748677056354,-0.00294613116755748,0,-0.0102691949627683,0.058100653557543,0.00328835539256081,0.000393375638732637,0.0258193276237438,0,0,0.00160229628232229,-0.0312866462039411,-0.0230866723142381,-0.00736925034632415,0,0.0132694743873583,-0.0109489098273875,0,-0.0264021806547332,0,0.0183498070172601,0,0,-0.00640653079222779,0,0,0,0,-0.00708288892087641,0.0293295389072858,0,-0.0143491639892367,0,0.0200576146071745,-0.0123219431499236,0,-0.00475333673143854,0,0,0,0,0,0,0.0438331988456947,-0.0466471192362606,0,0.0247770816272966,0,-0.0245561730369579,-0.0312512914820567,0,0,0,0.0017758474326126,0,-0.0263435954592977,0.0670331773127772,0,-0.00630101193034087,-0.00584200956678366,0,0,-0.0332591385680086,-0.027029390827935,0.00793804566511327,0,-0.0402635375089863,-0.00428488127441497,0,0,-0.000421864019666995,0,-0.00266443402351341,0.00457895127435382,-0.00458070094897351,0,-0.0340230757343379,0,0,0,0,-0.0707190397054597,0,0.0211019768821584,0,0.0242885672338624,0,0,0.0270464300671607,0,0,0.0104429633915182,-0.0172357532855764,0,0.0090766952863492,0,0,0,0,0.011125156100508,-0.00076100726108444,0,0,0,0,0,0,0,0,0,0,0,0,0,0,-0.011627278913922,0,-0.00247333227936496,0,-0.0149280022220282,0.0450003521537841,0,-0.0100206039555532,-0.0025034262959482,0,0,0,-0.00517231942155022,0,0.050897817906163,0,-0.029555409004221,0.0264672083624837,0,0.0271588921937382,-0.00640353112939174,0.00199457851593252,-0.0228667301303135
-0.0141685929147916,0.0496590429900505,-0.018509565864679,0,-0.0412575073884926,0,0.055013435213713,0.0117906496402277,0,-0.0277154035162827,0,0,0,0.066280223216018,0.0444490131718093,-0.00938752611538487,-0.0325557029611988,-0.00754071278592255,-0.00579310271092198,0,-0.00154191793024539,0,-0.0209671825621181,0,0.010231072072243,-0.00512556284649226,0,0.0144808297823454,0,-0.0386891337267329,-0.00240541296039733,0,0,0,0,0,0,0,0,0,0,0.019206617264457,0.0592531035640452,0.0391642268695858,-0.0147171540695225,0.0671114759000051,0.0278148248317702,-0.00464058471830185,0,-0.00569150134949399,-0.00305516379588703,0,-0.0102250144984778,0.0582561759021288,0.00294032518335762,0.000853198100755072,0.0252252759021573,0,0,0.00148263849132827,-0.0311856319682834,-0.0230198564521409,-0.00735453135883924,0,0.0132288145421725,-0.0111570985326916,0,-0.0265083962175052,0,0.0183620753628241,0,0,-0.00640964838342339,0,0,0,0,-0.00733618207762283,0.0295007389191738,0,-0.0144092774066458,0,0.0202045616118627,-0.0120990947902864,0,-0.00497029178982076,0,0,0,0,0,0,0.0434658503437139,-0.0465489451678504,0,0.0248579486820926,0,-0.0247306068340783,-0.0314595223548952,0,0,0,0.00205286246367103,0,-0.0264244104635226,0.0670258012871956,0,-0.00623207559913703,-0.00571142754757197,0,0,-0.0334620578489807,-0.0269492245682249,0.00808678597915028,0,-0.0402812643779803,-0.0043247307296738,0,0,-0.000672591408827446,0,-0.00234306673506054,0.00459727681719883,-0.00464176102072315,0,-0.0340013966220447,0,0,0,0,-0.0708801992305821,0,0.021300642062561,0,0.0242116522798542,0,0,0.0274001791903844,0,0,0.0102731166788343,-0.0168008257854951,0,0.00900689752675862,0,0,0,0,0.0112059867203838,-0.000323964118957296,0,0,0,0,0,0,0,0,0,0,0,0,0,0,-0.0110724734982687,0,-0.0025420205808852,0,-0.015206265577987,0.0445863880324738,0,-0.0103167840243125,-0.00235186815842919,0,0,0,-0.00498806720888458,0,0.0507323515929442,0,-0.029720058343987,0.0264307347423755,0,0.0270034916373199,-0.00643943687021831,0.00197776349777888,-0.0231074001377564
NA,NA,NA,NA,NA,NA,NA,NA,NA,NA,NA,NA,NA,NA,NA,NA,NA,NA,NA,NA,NA,NA,NA,NA,NA,NA,NA,NA,NA,NA,NA,NA,NA,NA,NA,NA,NA,NA,NA,NA,NA,NA,NA,NA,NA,NA,NA,NA,NA,NA,NA,NA,NA,NA,NA,NA,NA,NA,NA,NA,NA,NA,NA,NA,NA,NA,NA,NA,NA,NA,NA,NA,NA,NA,NA,NA,NA,NA,NA,NA,NA,NA,NA,NA,NA,NA,NA,NA,NA,NA,NA,NA,NA,NA,NA,NA,NA,NA,NA,NA,NA,NA,NA,NA,NA,NA,NA,NA,NA,NA,NA,NA,NA,NA,NA,NA,NA,NA,NA,NA,NA,NA,NA,NA,NA,NA,NA,NA,NA,NA,NA,NA,NA,NA,NA,NA,NA,NA,NA,NA,NA,NA,NA,NA,NA,NA,NA,NA,NA,NA,NA,NA,NA,NA,NA,NA,NA,NA,NA,NA,NA,NA,NA,NA,NA,NA,NA,NA,NA,NA,NA,NA,NA,NA,NA,NA,NA,NA,NA,NA,NA,NA,NA,NA,NA,NA,NA
-0.013790862984838,0.0494787694312455,-0.018507403272301,0,-0.0414969858169035,0,0.0553598703217797,0.0127204881375541,0,-0.0277338081820246,0,0,0,0.0660892487137271,0.0447329840149523,-0.00945602921925087,-0.0331050603123999,-0.00798215193158879,-0.00626586051399451,0,-0.00177442519516742,0,-0.0210810915771669,0,0.0104810878085083,-0.00526038170681454,0,0.0144737239266554,0,-0.0385156179572837,-0.00239551793688048,0,0,0,0,0,0,0,0,0,0,0.019293743818074,0.0590367615499361,0.0394620766925934,-0.015025434283384,0.0674493030028399,0.0277741044908795,-0.00448465168936189,0,-0.00527359436759863,-0.00305985288557228,0,-0.00967799410872482,0.0583791879764178,0.00318459742116991,0.00145788703991319,0.024383609645962,0,0,0.00159498683332511,-0.0314887850920519,-0.0233710394143558,-0.00785795156274687,0,0.0135524772649765,-0.0110868116200196,0,-0.0263900540835912,0,0.0180754768513067,0,0,-0.00610706692829498,0,0,0,0,-0.00696246731958631,0.0293964571797869,0,-0.0145109163354557,0,0.0202412618102638,-0.0119189262163271,0,-0.00496603042413248,0,0,0,0,0,0,0.0431673089766863,-0.0466783252459282,0,0.0246161970740931,0,-0.025127853822066,-0.0314145601732969,0,0,0,0.00205667487743271,0,-0.0266775948969896,0.0669396323414116,0,-0.00638507277074574,-0.00574418173009905,0,0,-0.0336186794589837,-0.0271568513413437,0.00834570522644689,0,-0.0401275546781727,-0.00458261877952058,0,0,-0.000732135843254673,0,-0.00252590895965345,0.00512534923063978,-0.00461061344018399,0,-0.0345727287690505,0,0,0,0,-0.0712159954882498,0,0.0220491570459295,0,0.0240315377381694,0,0,0.0277944241825973,0,0,0.00982770814376509,-0.0170043423384074,0,0.0090271726419504,0,0,0,0,0.0120196653427889,-0.000431549945018671,0,0,0,0,0,0,0,0,0,0,0,0,0,0,-0.011297611736468,0,-0.0026808567451967,0,-0.0153158277068202,0.0447787584368431,0,-0.0095312580600719,-0.00221678201466401,0,0,0,-0.00520170280582335,0,0.0506088540268473,0,-0.0300089355326272,0.0262880143839474,0,0.026863966004377,-0.00617493494362947,0.00210890834135123,-0.0234739430882735
NA,NA,NA,NA,NA,NA,NA,NA,NA,NA,NA,NA,NA,NA,NA,NA,NA,NA,NA,NA,NA,NA,NA,NA,NA,NA,NA,NA,NA,NA,NA,NA,NA,NA,NA,NA,NA,NA,NA,NA,NA,NA,NA,NA,NA,NA,NA,NA,NA,NA,NA,NA,NA,NA,NA,NA,NA,NA,NA,NA,NA,NA,NA,NA,NA,NA,NA,NA,NA,NA,NA,NA,NA,NA,NA,NA,NA,NA,NA,NA,NA,NA,NA,NA,NA,NA,NA,NA,NA,NA,NA,NA,NA,NA,NA,NA,NA,NA,NA,NA,NA,NA,NA,NA,NA,NA,NA,NA,NA,NA,NA,NA,NA,NA,NA,NA,NA,NA,NA,NA,NA,NA,NA,NA,NA,NA,NA,NA,NA,NA,NA,NA,NA,NA,NA,NA,NA,NA,NA,NA,NA,NA,NA,NA,NA,NA,NA,NA,NA,NA,NA,NA,NA,NA,NA,NA,NA,NA,NA,NA,NA,NA,NA,NA,NA,NA,NA,NA,NA,NA,NA,NA,NA,NA,NA,NA,NA,NA,NA,NA,NA,NA,NA,NA,NA,NA,NA
-0.0140059909949511,0.0498672519722186,-0.0186492180014151,0,-0.0412889008269722,0,0.0548895161516433,0.0122741052663809,0,-0.0275598220280932,0,0,0,0.0660479471981712,0.0445956382260847,-0.0092684901966745,-0.0324353386567851,-0.00722512013971422,-0.00602456725614008,0,-0.00182802107517792,0,-0.020633306618858,0,0.0099231859006439,-0.00518562244327143,0,0.0143527369571165,0,-0.0386055737692471,-0.00200547459747415,0,0,0,0,0,0,0,0,0,0,0.0186121755313071,0.0592410626095714,0.0389738707030187,-0.0153006375563046,0.0667571456217885,0.0272019304039833,-0.00437085273139853,0,-0.00540484019483709,-0.00307941477677914,0,-0.0101422710388938,0.0583727819167905,0.00248206936913556,0.001161393349998,0.0248729941718131,0,0,0.00154229758501988,-0.0311844720333455,-0.0226145255068298,-0.0078042282167043,0,0.0135402992022773,-0.0110551342164503,0,-0.0262938237495375,0,0.0179433971034276,0,0,-0.00655011512857855,0,0,0,0,-0.00739010109241501,0.029509789425251,0,-0.0147369017577902,0,0.0200301570043402,-0.0123071356817602,0,-0.0051918186113304,0,0,0,0,0,0,0.0431797053520283,-0.0464984517227566,0,0.0249524607029472,0,-0.0245507699000954,-0.0316392665387769,0,0,0,0.0023027110863926,0,-0.0262306186283142,0.0670618390627177,0,-0.00637675330504376,-0.0054490715957631,0,0,-0.0337482418266538,-0.0271055915117678,0.00881973324287311,0,-0.0398977638077046,-0.00425682174581946,0,0,-0.000513923607774489,0,-0.00238511077801376,0.00451444690004441,-0.00480777752127312,0,-0.0336375014600391,0,0,0,0,-0.0711058548372269,0,0.0211461508304264,0,0.0242078312145347,0,0,0.0269412286283113,0,0,0.0103463840882179,-0.0167011457695959,0,0.00909716162107526,0,0,0,0,0.0111665633119061,-0.000638525663839195,0,0,0,0,0,0,0,0,0,0,0,0,0,0,-0.0110349673245648,0,-0.0023214510857347,0,-0.0150786371928835,0.0438866112918818,0,-0.0107911862175848,-0.00210337618491487,0,0,0,-0.00529560278073775,0,0.0504432710861162,0,-0.0296039627200109,0.0261526471914009,0,0.0270762432859943,-0.00685638752349206,0.00175957166955232,-0.0233450990254639
-0.0127336771719942,0.0495446143043987,-0.0213593124871888,0,-0.0421835613938888,0,0.0561701808202071,0.011284668524544,0,-0.0273444507731874,0,0,0,0.0659570035168511,0.0440242397239329,-0.00864558160566343,-0.0338505283933956,-0.00667901108837957,-0.00740008754027693,0,-0.00119353708640887,0,-0.0208385961937712,0,0.00931394186589365,-0.0056097161474618,0,0.0140729599629647,0,-0.0389975950404586,-0.00206713681870076,0,0,0,0,0,0,0,0,0,0,0.0189836388684193,0.0580959626348332,0.0382656045478008,-0.0159486758291617,0.0675541892317896,0.0271464432371113,-0.00463828177428476,0,-0.00594517200797978,-0.00331290127630225,0,-0.0106263263841673,0.0576798656631462,0.00183146146952155,0.00271795730726406,0.0241428953723744,0,0,0.00121504379353748,-0.0318483956103315,-0.022476691476546,-0.00712408271559887,0,0.0139216465941001,-0.0112627861047331,0,-0.0248930460558439,0,0.017264844782118,0,0,-0.00662179005220866,0,0,0,0,-0.00808480686481466,0.0292598758468573,0,-0.0145450594730138,0,0.0200400351374131,-0.0125368442551064,0,-0.00502992239247457,0,0,0,0,0,0,0.0429426354811376,-0.0468745034446852,0,0.0246735313375209,0,-0.0251747468961529,-0.0314139150537162,0,0,0,0.00206964316515353,0,-0.0266556074990971,0.0661286034659904,0,-0.00534237422636224,-0.0068753788421639,0,0,-0.0335032989713338,-0.0255327981691012,0.00764934309906799,0,-0.0410626186251324,-0.00497052040034012,0,0,-0.00147591331758607,0,-0.00302164739143401,0.00662128383632017,-0.00607155036679209,0,-0.033988212215746,0,0,0,0,-0.0717742662475793,0,0.0210912577164026,0,0.0233324591369939,0,0,0.0257965265426646,0,0,0.0090676448289043,-0.0173944429137405,0,0.00857522936940327,0,0,0,0,0.010968956821728,-0.000312395787178482,0,0,0,0,0,0,0,0,0,0,0,0,0,0,-0.0103679016536487,0,-0.00232385643459491,0,-0.016235306430647,0.0439296498855429,0,-0.011907899734919,-0.00201131486037557,0,0,0,-0.00527936640417271,0,0.0504341819679302,0,-0.029795434228184,0.0259544774560682,0,0.0278324496290304,-0.00705208087219545,0.00141463377510599,-0.0229618823706377
-0.0139467146535024,0.050014689116193,-0.0188475515340826,0,-0.0404701176660431,0,0.0544240615513062,0.0112143426242067,0,-0.0271349695009246,0,0,0,0.0663969153063551,0.0436591070069732,-0.00931718854342365,-0.0321051711023754,-0.00702434970812485,-0.0054692498064856,0,-0.00115018753081861,0,-0.0203139104103789,0,0.00973729285982066,-0.00534233313278421,0,0.0144981752658878,0,-0.0386056795301648,-0.00211575606494784,0,0,0,0,0,0,0,0,0,0,0.0186028460451872,0.0589778718683862,0.038613325736481,-0.01517263488853,0.0665698949924933,0.0273467439537338,-0.00455551816550809,0,-0.00579869595221574,-0.00308358963692565,0,-0.0105821545102953,0.0579204103364823,0.00244708148710268,0.00183860836268541,0.0252250684808634,0,0,0.00163155804815661,-0.0309301015729165,-0.0223856173937434,-0.00694286094305244,0,0.012910453843452,-0.0111186832991061,0,-0.0257349458098968,0,0.0185471899159016,0,0,-0.00615089462590321,0,0,0,0,-0.00729248862835294,0.0296784553199447,0,-0.0142389479713755,0,0.0201908985724739,-0.0122438470481606,0,-0.00470261126043591,0,0,0,0,0,0,0.0432124097100656,-0.0463097030655839,0,0.0248872106099739,0,-0.024372143824361,-0.0314468606078672,0,0,0,0.00216579680864204,0,-0.0261949357571498,0.0663595879712431,0,-0.00611566588739178,-0.00612604654203898,0,0,-0.0332873954722499,-0.0266245023856737,0.00774022615188569,0,-0.0396088693134548,-0.00407829655042316,0,0,-0.000666594542833269,0,-0.00165103926096588,0.00382512771853616,-0.00479641300055395,0,-0.032901516941968,0,0,0,0,-0.0701205280925936,0,0.0208020733321131,0,0.0240760431196732,0,0,0.0275410435915428,0,0,0.010687802776754,-0.0167655964901607,0,0.00904990054093248,0,0,0,0,0.0100523341641761,-0.000185932723746206,0,0,0,0,0,0,0,0,0,0,0,0,0,0,-0.0101486325736356,0,-0.00238343800039165,0,-0.0150271121601172,0.0433716516360548,0,-0.0111583226322117,-0.00260507814182067,0,0,0,-0.0044006028843075,0,0.0505732150715384,0,-0.0296771522974381,0.0262914100000814,0,0.0274748756437166,-0.00705413658027809,0.00136855677167829,-0.0226865794554082
-0.0139456073158924,0.0496283649287158,-0.0191416808516866,0,-0.0417057351282498,0,0.0554618418677183,0.0116142937077334,0,-0.0275791221584768,0,0,0,0.0653841350981942,0.0441642129828065,-0.00934107058547316,-0.0320753412973887,-0.0073177045906507,-0.00614515227603836,0,-0.00184440561770651,0,-0.0206713346309705,0,0.0102163208077035,-0.00511124202860352,0,0.0143563474327295,0,-0.0380311029123464,-0.00212141882968478,0,0,0,0,0,0,0,0,0,0,0.0191573731015324,0.0589155931737069,0.0385056581492525,-0.0150455671870088,0.0668247348267382,0.0275719304297409,-0.00483148240933563,0,-0.00569866597117826,-0.0029950540319226,0,-0.0103734375360807,0.0603701182616969,0.00270759560530875,0.000958391588671043,0.0261773432864846,0,0,0.00170751351100983,-0.0314339631362028,-0.0229206404156955,-0.0075495641719171,0,0.0128541639773464,-0.0108808708820649,0,-0.0265604707593126,0,0.0175310473121389,0,0,-0.00597697369803111,0,0,0,0,-0.00713593891659597,0.0294624076806841,0,-0.0140417192406439,0,0.0201140997416425,-0.0122550689066212,0,-0.00492407583115521,0,0,0,0,0,0,0.0434837506088795,-0.0466374069994392,0,0.0247076263506562,0,-0.0250842904180094,-0.0313421724040943,0,0,0,0.00208845017956883,0,-0.0263639485382406,0.0671519637112486,0,-0.00579910099530506,-0.00547047624622471,0,0,-0.0330370060534448,-0.026837190189183,0.00782160774377159,0,-0.0398492962203661,-0.00459556038765382,0,0,-0.000394986471194269,0,-0.00306250843359283,0.00574355755512698,-0.00471827926736114,0,-0.0351608195163855,0,0,0,0,-0.0704980106306079,0,0.0210546863497418,0,0.0245170105010195,0,0,0.0269549283010968,0,0,0.0101519052049522,-0.0169742705358993,0,0.00898529383304975,0,0,0,0,0.011196348552685,-0.000564995623039314,0,0,0,0,0,0,0,0,0,0,0,0,0,0,-0.0114617702433317,0,-0.00306452393671272,0,-0.0152952541514978,0.0441537198926236,0,-0.0101261292987338,-0.00242990812151127,0,0,0,-0.00536411649385992,0,0.0505088109439545,0,-0.0297932102371941,0.0260340295187346,0,0.0269779333337555,-0.00636533601226648,0.00183479252689122,-0.0229655486722732
-0.0153216382563872,0.0490853261421663,-0.0172023492317898,0,-0.0385706267124599,0,0.0549136644154572,0.0121095765085885,0,-0.0276285983472601,0,0,0,0.0655499498318005,0.0443008874309952,-0.00965437372553528,-0.0331532094187775,-0.00826131424656839,-0.00539181899878347,0,-0.00126404947683002,0,-0.0200894968502003,0,0.0107996402429713,-0.00878085295824915,0,0.0149728224053484,0,-0.0389915782746688,-0.00241711760611846,0,0,0,0,0,0,0,0,0,0,0.0209802442048053,0.0601361874953991,0.0406739667398231,-0.014364420845556,0.0687957777599655,0.0277892370033361,-0.00440023998278745,0,-0.00517160743856975,-0.002952366150948,0,-0.00955347118278665,0.0551901835668663,0.0041770878679466,0.000777755707886249,0.0255495031604961,0,0,0.00180077103891266,-0.0307632231110794,-0.0238014221604969,-0.0065022655353449,0,0.0144068822637126,-0.0112141743183985,0,-0.0259317061062942,0,0.0178994296683571,0,0,-0.00767607336545488,0,0,0,0,-0.00564074139068446,0.0295045771354006,0,-0.014690646416795,0,0.020375633923814,-0.0122081144062705,0,-0.0050762224178402,0,0,0,0,0,0,0.0422573555568647,-0.0466351538032654,0,0.0243626034584934,0,-0.0238874796826102,-0.0313424856919009,0,0,0,0.00154347997736889,0,-0.0266945856084943,0.0668512844897586,0,-0.00845905060434814,-0.00443922853243834,0,0,-0.033651825699355,-0.0296907655291158,0.00793377569800323,0,-0.0394154198352992,-0.00426372180306351,0,0,-0.000774809062826628,0,-0.00155031193489906,0.00159516752937504,-0.00387130420957592,0,-0.033940715588655,0,0,0,0,-0.0709331951856498,0,0.0212691258185747,0,0.024430802162805,0,0,0.0289508493153346,0,0,0.0101444623697521,-0.0171733739454878,0,0.00913789572221347,0,0,0,0,0.0106739211560999,-0.000308191950711698,0,0,0,0,0,0,0,0,0,0,0,0,0,0,-0.0143246811247627,0,-0.00139197126013173,0,-0.0135336943956669,0.0450035325506534,0,-0.00843349934026229,-0.000115022718468982,0,0,0,-0.004427286082778,0,0.0517051191399243,0,-0.0298433297480649,0.0259810281096107,0,0.0266757709241133,-0.00669855294038603,0.00292056849089463,-0.0233856084464057
-0.0171505991281104,0.0485952584883373,-0.0200716875890924,0,-0.0414445033709431,0,0.0612543853956268,0.00923853833313403,0,-0.0277632870920219,0,0,0,0.0664217016946199,0.0446147733354675,-0.00980678851060312,-0.0348963422324151,-0.00778386408756601,-0.00938598013710268,0,-0.00085611503497334,0,-0.0172086587536661,0,0.0105016159601339,-0.0064700438192675,0,0.0136535505476568,0,-0.0383994322278202,-0.0024823636907008,0,0,0,0,0,0,0,0,0,0,0.0197054547802809,0.0604920408972092,0.040196839366679,-0.0197494370804752,0.0654040268333864,0.0266635248483661,-0.00468109826723617,0,-0.00606470520417225,-0.00325164337385089,0,-0.00769781832450708,0.0499648212047256,0.00244192649982222,0,0.0312709165427264,0,0,0,-0.0292708697607058,-0.0323579584837218,-0.0106775761278184,0,0.0136109345198133,-0.0103848457896342,0,-0.0283831269370693,0,0.0173121398488072,0,0,-0.00550118589808012,0,0,0,0,-0.00395136468283153,0.0278487061558677,0,-0.0147380371701711,0,0.0205029412735521,-0.0115965857663155,0,-0.00357697801986685,0,0,0,0,0,0,0.0399569011935797,-0.0479372588415433,0,0.0229589333401852,0,-0.0214481456077367,-0.0292768775181092,0,0,0,0.00320217567767957,0,-0.0277083427058656,0.0685962585614904,0,-0.00602258017385321,-0.00287960775734247,0,0,-0.0361335782569438,-0.0285355801706308,0.011276191399997,0,-0.0407591727852031,-0.00207190722301052,0,0,-0.00167675202030153,0,-0.000937853358552062,0.00272146458038531,-0.00653327872932035,0,-0.0436543476845779,0,0,0,0,-0.0697825038363711,0,0.0193124519395205,0.000436777828228386,0.0264499354940261,0,0,0.0290447676326078,0,0,0.00801492443293109,-0.0181980520220338,0,0.00743206327460668,0,0,0,0,0.00908501327947105,-0.00180583068990216,0,0,0,0,0,0,0,0,0,0,0,0,0,0,-0.0127897262881364,0,-0.00413285109803331,0,-0.0138409287985126,0.0382261909902651,0,-0.00753537488739755,-0.00746617525047063,0,0,-0.000689538843357243,-0.00407609369325604,0,0.0536539602376166,0,-0.0351146959639079,0.0255040610786793,0,0.0241179226029936,-0.010621107124943,0,-0.0245305316969879
-0.0128103399106404,0.0497090568592832,-0.01857936071042,0,-0.0422166905820427,0,0.055227772769737,0.0169289978459092,0,-0.0274583895168314,0,0,0,0.0645487390588338,0.0455304002603588,-0.00917879776184788,-0.0324047285754303,-0.00738369166878756,-0.00762551287093424,0,-0.00277810143789178,0,-0.0216551886638335,0,0.0106189249042669,-0.00518611334740103,0,0.014506585167366,0,-0.0377440061125843,-0.00201539102172369,0,0,0,0,0,0,0,0,0,0,0.0194983892585084,0.0579624881780634,0.0389608564173878,-0.0143929920625139,0.066324899564915,0.0275285953990215,-0.00430265401139354,0,-0.00462579739831887,-0.00343863326354613,0,-0.0104757107430264,0.062399679372179,0.00484437596647066,0.00325170940278158,0.0216392271347234,0,0,0.00160751379981287,-0.0334098003564729,-0.0223520108540244,-0.00851296101924714,0,0.0127386443418983,-0.0101659574173486,0,-0.0284463086821891,0,0.0193252898642209,0,0,-0.00586876087939613,0,0,0,0,-0.00761775493473473,0.0297770389681646,0,-0.014557949036204,0,0.0203202073680124,-0.0125182171408955,0,-0.0060692000526308,0,0,0,0,0,0,0.0437624460211252,-0.0467052799420324,0,0.024999774790946,0,-0.0256339585065782,-0.0322911405016032,0,0,0,0.00167873429088329,0,-0.0270452551350072,0.0671725903342541,0,-0.00597182555477512,-0.00619297026784083,0,0,-0.0334634547088139,-0.0270809323290788,0.00806945641419114,0,-0.0411055285063072,-0.00536598605611936,0,0,-0.000821524685629466,0,-0.000376903777217712,0.00625767460979113,-0.00351212713796547,0,-0.0345234759045901,0,0,0,0,-0.072303049773567,0,0.0221933681995535,0,0.0238238870412582,0,0,0.0244989662987108,0,0,0.0108146199803161,-0.0172305238125689,0,0.00894265457010762,0,0,0,0,0.0107645567427318,-0.00040153445311157,0,0,0,0,0,0,0,0,0,0,0,0,0,0,-0.0105841974700973,0,-0.00247927534521776,0,-0.0149947940367589,0.0491655604688273,0,-0.0112883244314443,0,0,0,0,-0.00584816061617255,0,0.0486162510234705,0,-0.029167953431311,0.0256838505404334,0,0.0280551042006205,-0.0057722797928426,0.00361998172637424,-0.0230202876628368
-0.0136105332405292,0.0499487289891309,-0.0185909077709943,0,-0.0413570775182274,0,0.0543929307250816,0.0130910193291449,0,-0.0274710910680477,0,0,0,0.064706042947228,0.0435958784854089,-0.00962449442081641,-0.0320487749554853,-0.00691954868774915,-0.00621933883023808,0,-0.00231382164366469,0,-0.019564321881283,0,0.0097364137628069,-0.00566852440352092,0,0.0148501316561256,0,-0.038708705083502,-0.00189506729604998,0,0,0,0,0,0,0,0,0,0,0.0209357504777696,0.0576061504391938,0.0403319178374681,-0.0147620321200496,0.0678244433835422,0.0271281563810746,-0.00361469836210819,0,-0.00534623422705509,-0.00298705814675228,0,-0.00984610741265704,0.0578222886248382,0.00253894736707943,0.00116403687623137,0.02448087034776,0,0,0.0015539641259494,-0.0318317515593703,-0.0212279339507617,-0.00829160445397994,0,0.0134076331982836,-0.0108646714758703,0,-0.0267892846319733,0,0.0180944953635519,0,0,-0.00677325703639766,0,0,0,0,-0.00678975982664054,0.0300437356935572,0,-0.0153949388350165,0,0.0195419165290272,-0.0125215458002677,0,-0.00474138093018204,0,0,0,0,0,0,0.0427194786211442,-0.0470651383719073,0,0.0249451264257121,0,-0.0247073026403159,-0.030602768666342,0,0,0,0.00231697970964759,0,-0.0261737572950823,0.0664149658940464,0,-0.00581382111008022,-0.00476119486355518,0,0,-0.0338172677166538,-0.0278179814714311,0.00840412732759797,0,-0.0395249019674178,-0.00414925050889263,0,0,0,0,-0.00279955421798772,0.00407466599117608,-0.00343539678893995,0,-0.0346738777181045,0,0,0,0,-0.0711745928909655,0,0.0204221185011399,0,0.0233114114416498,0,0,0.0251188121661208,0,0,0.00993006521978608,-0.017157402253704,0,0.00820080061594423,0,0,0,0,0.0183581523255134,-0.00113649165368287,0,0,0,0,0,0,0,0,0,0,0,0,0,0,-0.0114051906831624,0,-0.00234536559735079,0,-0.0148890089168808,0.0428320269851866,0,-0.0101232939185853,-0.00196607117109268,0,0,0,-0.00591007497732199,0,0.0497181643536034,0,-0.0301959693208067,0.0263410678990021,0,0.0264239444783013,-0.00635895399733368,0.00216281284821605,-0.02319218487185
-0.0141077149654303,0.0498766556106455,-0.0189126690796292,0,-0.041445710019509,0,0.0544408718264893,0.0115103374143793,0,-0.0275966079778846,0,0,0,0.0660968658358342,0.0439861988908889,-0.00926329713411637,-0.0322358999144234,-0.00731170710488569,-0.00608342491830609,0,-0.00195221272520416,0,-0.0207969888660096,0,0.0101079543996645,-0.00535443850577691,0,0.0144858813560219,0,-0.0387119902221812,-0.00207266730303901,0,0,0,0,0,0,0,0,0,0,0.0198592125132941,0.0588246468425493,0.0392859095568009,-0.0150791244414684,0.0671270325453865,0.0276041910140772,-0.0044396819182729,0,-0.00568339218379198,-0.00304534916829405,0,-0.0102163993802466,0.0577238838011731,0.00308642779333489,0.000953920873233612,0.0253957063708125,0,0,0.00174103657771753,-0.0313000918125013,-0.0232632627666382,-0.00715559069368966,0,0.0131046530984195,-0.0110713745716323,0,-0.025981963067177,0,0.0184647223410244,0,0,-0.00634382429461892,0,0,0,0,-0.00740374860766248,0.029516679440913,0,-0.0145283817311391,0,0.0201224486220616,-0.0124874877769939,0,-0.00477109750713722,0,0,0,0,0,0,0.0436929831668552,-0.0463889862327714,0,0.0247285327270331,0,-0.0246733479617,-0.0311405226125574,0,0,0,0.00195030543194405,0,-0.0263137097559594,0.0664937495936539,0,-0.0061658911807686,-0.00607172275147042,0,0,-0.0331140311864927,-0.0268354708731066,0.00769283915856267,0,-0.0402571414741663,-0.00469147241009523,0,0,-0.000413047787471933,0,-0.0019419487682125,0.00496817802341952,-0.00432002916743233,0,-0.0340153201773445,0,0,0,0,-0.0707793187859811,0,0.0214784305761202,0,0.0238659483779729,0,0,0.0269826357659834,0,0,0.0102404949649057,-0.0172103957735136,0,0.00882382103500069,0,0,0,0,0.0109508087641417,-0.000477933856867456,0,0,0,0,0,0,0,0,0,0,0,0,0,0,-0.0105938648890468,0,-0.00229434202562089,0,-0.0152187322533426,0.0446380462151468,0,-0.0103373651041493,-0.00225426959080656,0,0,0,-0.00518033330247269,0,0.0504593544401347,0,-0.0295053812782205,0.0260574916724987,0,0.0274333107921409,-0.00654262094548784,0.00239626209677945,-0.0230009384331793
NA,NA,NA,NA,NA,NA,NA,NA,NA,NA,NA,NA,NA,NA,NA,NA,NA,NA,NA,NA,NA,NA,NA,NA,NA,NA,NA,NA,NA,NA,NA,NA,NA,NA,NA,NA,NA,NA,NA,NA,NA,NA,NA,NA,NA,NA,NA,NA,NA,NA,NA,NA,NA,NA,NA,NA,NA,NA,NA,NA,NA,NA,NA,NA,NA,NA,NA,NA,NA,NA,NA,NA,NA,NA,NA,NA,NA,NA,NA,NA,NA,NA,NA,NA,NA,NA,NA,NA,NA,NA,NA,NA,NA,NA,NA,NA,NA,NA,NA,NA,NA,NA,NA,NA,NA,NA,NA,NA,NA,NA,NA,NA,NA,NA,NA,NA,NA,NA,NA,NA,NA,NA,NA,NA,NA,NA,NA,NA,NA,NA,NA,NA,NA,NA,NA,NA,NA,NA,NA,NA,NA,NA,NA,NA,NA,NA,NA,NA,NA,NA,NA,NA,NA,NA,NA,NA,NA,NA,NA,NA,NA,NA,NA,NA,NA,NA,NA,NA,NA,NA,NA,NA,NA,NA,NA,NA,NA,NA,NA,NA,NA,NA,NA,NA,NA,NA,NA
NA,NA,NA,NA,NA,NA,NA,NA,NA,NA,NA,NA,NA,NA,NA,NA,NA,NA,NA,NA,NA,NA,NA,NA,NA,NA,NA,NA,NA,NA,NA,NA,NA,NA,NA,NA,NA,NA,NA,NA,NA,NA,NA,NA,NA,NA,NA,NA,NA,NA,NA,NA,NA,NA,NA,NA,NA,NA,NA,NA,NA,NA,NA,NA,NA,NA,NA,NA,NA,NA,NA,NA,NA,NA,NA,NA,NA,NA,NA,NA,NA,NA,NA,NA,NA,NA,NA,NA,NA,NA,NA,NA,NA,NA,NA,NA,NA,NA,NA,NA,NA,NA,NA,NA,NA,NA,NA,NA,NA,NA,NA,NA,NA,NA,NA,NA,NA,NA,NA,NA,NA,NA,NA,NA,NA,NA,NA,NA,NA,NA,NA,NA,NA,NA,NA,NA,NA,NA,NA,NA,NA,NA,NA,NA,NA,NA,NA,NA,NA,NA,NA,NA,NA,NA,NA,NA,NA,NA,NA,NA,NA,NA,NA,NA,NA,NA,NA,NA,NA,NA,NA,NA,NA,NA,NA,NA,NA,NA,NA,NA,NA,NA,NA,NA,NA,NA,NA
NA,NA,NA,NA,NA,NA,NA,NA,NA,NA,NA,NA,NA,NA,NA,NA,NA,NA,NA,NA,NA,NA,NA,NA,NA,NA,NA,NA,NA,NA,NA,NA,NA,NA,NA,NA,NA,NA,NA,NA,NA,NA,NA,NA,NA,NA,NA,NA,NA,NA,NA,NA,NA,NA,NA,NA,NA,NA,NA,NA,NA,NA,NA,NA,NA,NA,NA,NA,NA,NA,NA,NA,NA,NA,NA,NA,NA,NA,NA,NA,NA,NA,NA,NA,NA,NA,NA,NA,NA,NA,NA,NA,NA,NA,NA,NA,NA,NA,NA,NA,NA,NA,NA,NA,NA,NA,NA,NA,NA,NA,NA,NA,NA,NA,NA,NA,NA,NA,NA,NA,NA,NA,NA,NA,NA,NA,NA,NA,NA,NA,NA,NA,NA,NA,NA,NA,NA,NA,NA,NA,NA,NA,NA,NA,NA,NA,NA,NA,NA,NA,NA,NA,NA,NA,NA,NA,NA,NA,NA,NA,NA,NA,NA,NA,NA,NA,NA,NA,NA,NA,NA,NA,NA,NA,NA,NA,NA,NA,NA,NA,NA,NA,NA,NA,NA,NA,NA
NA,NA,NA,NA,NA,NA,NA,NA,NA,NA,NA,NA,NA,NA,NA,NA,NA,NA,NA,NA,NA,NA,NA,NA,NA,NA,NA,NA,NA,NA,NA,NA,NA,NA,NA,NA,NA,NA,NA,NA,NA,NA,NA,NA,NA,NA,NA,NA,NA,NA,NA,NA,NA,NA,NA,NA,NA,NA,NA,NA,NA,NA,NA,NA,NA,NA,NA,NA,NA,NA,NA,NA,NA,NA,NA,NA,NA,NA,NA,NA,NA,NA,NA,NA,NA,NA,NA,NA,NA,NA,NA,NA,NA,NA,NA,NA,NA,NA,NA,NA,NA,NA,NA,NA,NA,NA,NA,NA,NA,NA,NA,NA,NA,NA,NA,NA,NA,NA,NA,NA,NA,NA,NA,NA,NA,NA,NA,NA,NA,NA,NA,NA,NA,NA,NA,NA,NA,NA,NA,NA,NA,NA,NA,NA,NA,NA,NA,NA,NA,NA,NA,NA,NA,NA,NA,NA,NA,NA,NA,NA,NA,NA,NA,NA,NA,NA,NA,NA,NA,NA,NA,NA,NA,NA,NA,NA,NA,NA,NA,NA,NA,NA,NA,NA,NA,NA,NA
-0.0136720739521474,0.0487964328528594,-0.0184908603018249,0,-0.0415605549930078,0,0.0554644675201194,0.0134282371135821,0,-0.0278322368378867,0,0,0,0.0647803295809217,0.0456235266835132,-0.0094289242836655,-0.0320323184934669,-0.00789620983919226,-0.00634397938080803,0,-0.00185531205491518,0,-0.0215493372742425,0,0.0104362891504374,-0.00578574716594147,0,0.0144626182679523,0,-0.0386137585756666,-0.00274048141358614,0,0,0,0,0,0,0,0,0,0,0.0205583935759569,0.0586878206080124,0.0395543244800154,-0.0152046060342859,0.0671376214944574,0.0273376397389513,-0.00467128454126501,0,-0.00583878512380746,-0.00309882106416202,0,-0.00984028460142137,0.0589522031921094,0.00297039115313506,0.000518429526789449,0.0246113530982201,0,0,0.00206748599706632,-0.0311020565083859,-0.0224931935227868,-0.00870647955015369,0,0.0131525910053693,-0.0110580773842312,0,-0.0264737392327899,0,0.018399801731969,0,0,-0.00709338883596416,0,0,0,0,-0.00782877603175247,0.0298226512984481,0,-0.0145805782733082,0,0.0203155301528589,-0.0117813395160796,0,-0.00492965933371613,0,0,0,0,0,0,0.043322982672968,-0.0463300876902954,0,0.0247916516990936,0,-0.0253337227675572,-0.0319319018733364,0,0,0,0.0016321240945585,0,-0.0269912610691714,0.0675322812878894,0,-0.00520251372879657,-0.00539557908429978,0,0,-0.0336443163296542,-0.0264177374750966,0.00979971893049364,0,-0.0406299651495581,-0.00473924217510728,0,0,-0.000462556688849464,0,-0.00286561953085311,0.00559484976416704,-0.00388373162002831,0,-0.0341618094796528,0,0,0,0,-0.0718010081037633,0,0.0213575953906894,0,0.023628402060281,0,0,0.027188870145068,0,0,0.0101977877942397,-0.0171309894959704,0,0.00937297725455331,0,0,0,0,0.0120428894245026,-0.000243146558998842,0,0,0,0,0,0,0,0,0,0,0,0,0,0,-0.0123943520544977,0,-0.00314029924945682,0,-0.0152528401898524,0.0446089595096613,0,-0.00944962284537162,-0.00065693099591003,0,0,0,-0.00537702318450117,0,0.0515042258705623,0,-0.0295232456387576,0.0259699582897324,0,0.0266503962036369,-0.00671662806786456,0.0019633132681165,-0.0234549821365553
-0.013957134896828,0.05028914941227,-0.0180571621697846,0,-0.0409443420168285,0,0.0548478967610722,0.0119371904197163,0,-0.0270201822430804,0,0,0,0.0630712249670239,0.0446593716766721,-0.00936813045942136,-0.0317201332708454,-0.00619787949449929,-0.00670490512447439,0,-0.00265546270891629,0,-0.0210871348614846,0,0.0106128494794361,-0.00621872106320696,0,0.0144414199983081,0,-0.0389915005875823,-0.00247803413956713,0,0,0,0,0,0,0,0,0,0,0.0248599413736087,0.0584288186102973,0.038355445554393,-0.0154526235835857,0.0673450083957388,0.0258916549166683,-0.00472139602845302,0,-0.00581517355321439,-0.00307208144323992,0,-0.0101894020064548,0.0579430984974663,0.00289568836668887,0.000528073872276384,0.0251531488480147,0,0,0.0012319744449828,-0.0302515851040348,-0.0235234782754105,-0.00771264483837987,0,0.0134643781788969,-0.0106649924360135,0,-0.025963714161643,0,0.0180022863231334,0,0,-0.00660407449641543,0,0,0,0,-0.00734752194475313,0.0294975154657296,0,-0.0145575671695711,0,0.0197763790317913,-0.0126146844184193,0,-0.00501346036032644,0,0,0,0,0,0,0.0434061661308718,-0.0465903983079103,0,0.0248180659489345,0,-0.0248827885504759,-0.0313092578820377,0,0,0,0.00228557732956849,0,-0.0269319878668677,0.067441332871534,0,-0.00643213687799738,-0.00483570926919457,0,0,-0.0333743439077751,-0.02678936333694,0.00853743313441551,0,-0.0396961712244111,-0.0042314409835849,0,0,0,0,-0.00317484125272852,0.00365645735745227,-0.00421570128420021,0,-0.0342571974067192,0,0,0,0,-0.0708649677027723,0,0.0208008780678758,0,0.0238899932056987,0,0,0.025261205598677,0,0,0.0106964001076203,-0.0176311405065759,0,0.0092816100336934,0,0,0,0,0.0106315393997317,-0.00117650460833504,0,0,0,0,0,0,0,0,0,0,0,0,0,0,-0.0101209059452847,0,-0.00260169746587796,0,-0.0145545088789915,0.0427345421189374,0,-0.0108747188040192,-0.00185575815799794,0,0,0,-0.00569411580236692,0,0.0500718084045441,0,-0.029438751796017,0.0253762051144078,0,0.0269175250668214,-0.00665465961814664,0.00173438251431544,-0.0233199354140412
-0.014598832540516,0.0499025631275966,-0.0176887353745724,0,-0.0409291043107572,0,0.0559383390157197,0.0110874017724199,0,-0.0276887534552965,0,0,0,0.066023238372525,0.0430257882040284,-0.00966774551786228,-0.0313727492393508,-0.0083856570713516,-0.00416993980026487,0,-0.00220031642573858,0,-0.0185483091690111,0,0.0089059022771587,-0.0056513365752054,0,0.0144547686415525,0,-0.0378600841613684,0,0,0,0,0,0,0,0,0,0,0,0.0185933383538326,0.0587758890269831,0.0402404494228407,-0.0164605152076293,0.0662456986340868,0.0270586724665061,-0.00444685651483592,0,-0.00539169033601512,-0.00308881167872571,0,-0.0111258362396982,0.0575050935286604,0.00250510125622438,0.00181373502467316,0.0260522062947127,0,0,0.0016429916018243,-0.0312936416670687,-0.0218583132172315,-0.00639054271588212,0,0.0137963807440024,-0.0107079846737991,0,-0.0257225499919863,0,0.0184191186519783,0,0,-0.00650328649851398,0,0,0,0,-0.00666528879360301,0.0303941930016787,0,-0.0140043292439502,-0.0121986778347585,0.0208241199822364,-0.0118137079761132,0,-0.00374353831719934,0,0,0,0,0,0,0.0440544784168615,-0.0464751053137876,0,0.0251676779483076,0,-0.0240951085533232,-0.0308966970590643,0,0,0,0.00177939182393769,0,-0.0262405626541773,0.0672985879061551,0,-0.00597632559626888,-0.00603827198013056,0,0,-0.0340086666689026,-0.0268799966355265,0.00751957863010611,0,-0.0387518811072864,-0.00390281733219361,0,0,-0.000467795223753984,0,-0.0018660659699417,0.00343836685578807,-0.00417804297894207,0,-0.034780651739204,0,0,0,0,-0.0708383569450863,0,0.0205050321543155,0,0.0247630339481207,0,0,0.0269620026165712,0,0,0.0105280631470041,-0.0173727219534097,0,0.00797928974090129,0,0,0,0,0.00928772798773951,-0.00182382278703991,0,0,0,0,0,0,0,0,0,0,0,0,0,0,-0.0100358738898262,0,-0.00178699607916434,0,-0.0146868340885961,0.0427717658849959,0,-0.0118610891525033,-0.00192854646117778,0,0,0,-0.00496636720080192,0,0.0501821695194805,0,-0.0296415481868496,0.0259370569048172,0,0.0271399835549585,-0.00627278537496784,0.0020441187765713,-0.0227442358735391
-0.0134486993634984,0.0494912997447322,-0.0193683192436646,0,-0.0403805934141012,0,0.0557339457752885,0.0115208463476861,0,-0.0278890302752802,0,0,0,0.0643651919748755,0.0441542804176839,-0.00926018197828455,-0.0320543798382056,-0.00644389343329154,-0.00435739921345802,0,-0.00116636535882903,0,-0.0195253477388549,0,0.0107566661182066,-0.00549136504917519,0,0.0145938944180026,0,-0.0381063779509288,0,0,0,0,0,0,0,0,0,0,0,0.0172093211254628,0.0592425000218623,0.0378950911095284,-0.0147772412227361,0.0663792832527554,0.0259283619623555,-0.00436393994743649,0,-0.00579202367033702,-0.00287819666637057,0,-0.0107676201303063,0.0586028179089821,0.00686740410839879,0.00151357265335601,0.0246303605989029,0,0,0.00205321976131688,-0.0314684045601438,-0.0244944898824848,-0.00752001560075523,0,0.0140110601069738,-0.0108078265904476,0,-0.0272248339803141,0,0.0179445644482519,0,0,-0.00553145086542594,0,0,0,0,-0.00577570458600948,0.0301216045876373,0,-0.0148355018125028,0,0.0204703862342945,-0.0124950835269644,0,-0.00294080739798434,0,0,0,0,0,0,0.0440156665648506,-0.046650675512004,0,0.0253857811270002,0,-0.0242421309107236,-0.0310699399246609,0,0,0,0.000635168626462606,0,-0.0266668008479864,0.0674998849089533,-0.000987698153358524,-0.0065626634270332,-0.00476432820090935,0,0,-0.0330890701858293,-0.0251223615663372,0.00962919071801679,0,-0.0401988823498793,-0.00490932836114993,0,0,-0.00161725358267017,0,-0.0000679191482294895,0.00294439319768674,-0.0046491841959756,0,-0.0317448448251105,0,0,0,0,-0.0705169923833692,0,0.0205592048958523,0,0.0241751520618933,0,0,0.0266148157807221,0,0,0.0096733061159158,-0.0176676727696106,0,0.00922816008264163,0,0.000737863287742266,0,0,0.0097183739121975,-0.000602457507887399,0,0,0,0,0,0,0,0,0,0,0,0,0,0,-0.0109797221058012,0,-0.00266261075775581,0,-0.0139784802087903,0.0427955429952536,0,-0.0109440261092812,-0.00272643142036674,0,0,-0.00041929754592565,-0.00585580171688996,0,0.0490880764557747,0,-0.0300480895670898,0.0247973158566839,0,0.0272068575336908,-0.008127110640161,0.00666462052390283,-0.0229564561871155
-0.014991104713996,0.0501812773017195,-0.0161412648076146,0,-0.0401016889456213,0,0.0543203459690533,0.0111847634511322,0,-0.0270128712756675,0,0,0,0.0663857603584294,0.0432367841488772,-0.00943392095496192,-0.031798704183765,-0.00732702694557076,-0.00551598584022586,0,-0.00116560649654072,0,-0.0189908682577935,0,0.00860097583162847,-0.00597998896094628,0,0.0144079712434347,0,-0.0385845326391081,-0.00101048321009962,0,0,0,0,0,0,0,0,0,0,0.0186386530226018,0.0594447366244082,0.0377300990621156,-0.0156158852909545,0.0661585974647984,0.0266079185279029,-0.00384858063051207,0,-0.00605143281846812,-0.00309721752526732,0,-0.0102308460197121,0.0577374208903118,0.00210471106874354,0.00235676665398205,0.025739589739116,0,0,0.00190846151413003,-0.0306282714063269,-0.0221771631840948,-0.00707028608444733,0,0.0132547211359873,-0.0113131810224665,0,-0.0254991004718673,0,0.0189625081964649,0,0,-0.00596572907318797,0,0,0,0,-0.00758174119862366,0.029916334208375,0,-0.0150326905718997,0,0.0200775727987135,-0.012150680752823,0,-0.00468629663569418,0,0,0,0,0,0,0.0438618011024278,-0.0464708260758586,0,0.0248707264633925,0,-0.0242015754710376,-0.0308851061720779,0,0,0,0.00183471600544894,0,-0.025604301689624,0.0663339973512359,0,-0.00598229471425456,-0.00650171522410754,0,0,-0.0330089454471131,-0.0265627212443042,0.00750708542205919,0,-0.0394569111160426,-0.00365599242345611,0,0,-0.000116540778375011,0,-0.00126363921376843,0.00313177767032007,-0.00540522753345697,0,-0.0334858263706316,0,0,0,0,-0.0705580338601243,0,0.0206358742280964,0,0.024285083022191,0,0,0.0266572865732095,0,0,0.0110310378094645,-0.0169770572811246,0,0.00963167230393245,0,0,0,0,0.00951329841452829,-0.000346826099030602,0,0,0,0,0,0,0,0,0,0,0,0,0,0,-0.00946072524118337,0,-0.0029130676997278,0,-0.0149362903198226,0.0421455070400642,0,-0.012061845749627,-0.00181698191981453,0,0,0,-0.00759653799169048,0,0.0498255292545557,0,-0.0294324648901194,0.0257522563032589,0,0.0278293246329835,-0.00701454626795498,0.00123719615614482,-0.0231024658951975
-0.0150679268361362,0.0505530841204264,-0.0180425425021152,0,-0.0409640541768584,0,0.0557264910149685,0.0128133619070001,0,-0.0265605847662023,0,0,0,0.0653649412567277,0.0428108441960653,-0.00899426580237948,-0.0319802774385183,-0.007029636116916,-0.00577084113437641,0,-0.000503939936483918,0,-0.0194315395125512,0,0.00822661601591151,-0.00625310865035863,0,0.0143021483859698,0,-0.0382687534518531,-0.000977068952867422,0,0,0,0,0,0,0,0,0,0,0.0198336339228875,0.0595549213705591,0.0387485509551074,-0.015211404052823,0.0660049149679025,0.0272525957219781,-0.00436018354687971,0,-0.0067007100350342,-0.00306584380979146,0,-0.00992818009787022,0.0578715059719918,0.0000428752427536249,0.00198442194561,0.0265771324908087,0,0,0.00175622276179937,-0.0327312102654762,-0.0223589312625018,-0.00755791283455278,0,0.0131026851965571,-0.0116324020864898,0,-0.0267003004979604,0,0.0196241862193799,0,0,-0.00606052048501144,0,0,0,0,-0.0070162757198239,0.0303682869992105,0,-0.014120650647093,0,0.0205739725206566,-0.0131930123672641,0,-0.00818454564737412,0,0,0,0,0,0,0.0432417536738771,-0.0466132638058019,0,0.0249681223547819,0,-0.0235889443596851,-0.0304210001799025,0,0,0,0.0027730933322267,0,-0.0256333410346447,0.0677643547194195,-0.000413266876917654,-0.0061672514154155,-0.006032365372553,0,0,-0.033588681817184,-0.0256317590981234,0.00402689215571165,0,-0.038984598468116,-0.00320657502628794,0,0,0,0,-0.0024502469684233,0.00416839278616346,-0.00452150028960966,0,-0.0341708569442764,0,0,0,0,-0.0700850630620358,0,0.0211869753064411,0,0.0239371545298063,0,0,0.0243967360857985,0,0,0.0103431811086817,-0.0156415029329683,0,0.00957734555294147,0,0,0,0,0.0105350126801156,-0.000620532398638602,0,0,0,0,0,0,0,0,0,0,0,0,0,0,-0.00981297317605878,0,-0.00220736137990879,0,-0.015001284049102,0.0435948474154886,0,-0.0115092505959739,-0.00156146000659251,0,0,0,-0.00556934458958209,0,0.0513916665563398,0,-0.0293179277452687,0.0259424786610576,0,0.028472642433494,-0.00579484336596622,0.00152050321901273,-0.0232837465994848
-0.0148236865240591,0.0500232367322857,-0.0185701122022027,0,-0.0408290259664301,0,0.0548265535163248,0.0123220535473126,0,-0.0272923382114752,0,0,0,0.0656367601076957,0.0445620593644397,-0.0090936443829809,-0.0320159117888194,-0.0073632706370888,-0.00582226384654229,0,-0.000930001077612855,0,-0.0200562660203536,0,0.0098898730454027,-0.00597746038353208,0,0.0143841770635692,0,-0.0386871164884249,-0.00166925478342917,0,0,0,0,0,0,0,0,0,0,0.0192881178706751,0.0600141755592267,0.0390524936507964,-0.0160678134825511,0.0666638664153579,0.0269770735612844,-0.00408374368906861,0,-0.00727756813789312,-0.00302134087029696,0,-0.0100260775423125,0.0574140173134978,0.00181883395989245,0.00138144626537942,0.0258229887283954,0,0,0.00160174796566628,-0.0311889906998523,-0.0235735116358778,-0.00770065491771191,0,0.0132827758545006,-0.0110397930159097,0,-0.0257250596019505,0,0.0184559595418063,0,0,-0.00632464015905135,0,0,0,0,-0.0072334769727934,0.0304497982975974,0,-0.0144783015472539,0,0.0203583497704985,-0.012664548139637,-0.0012605389304893,-0.00491564093361943,0,0,0,0,0,0,0.0435579444878675,-0.0464814410180255,0,0.0246710694971276,0,-0.0240714098342058,-0.0310863918174936,0,0,0,0.00207827062317322,0,-0.026498145702932,0.0681588821752497,-0.000923101315356726,-0.00589205870492851,-0.00544961116334009,0,0,-0.033343076274656,-0.0262601539087468,0.00821489590786577,0,-0.0399686054675541,-0.00348471068572794,0,0,0,0,-0.00288229554131505,0.00436769713282824,-0.00469300845193252,0,-0.0338081962730214,0,0,0,0,-0.0707941283826441,0,0.0216712503710676,0,0.0235206085785532,0,0,0.0247110895662438,0,0,0.0102138024649494,-0.0163932796397616,0,0.00977425349776599,0,0,0,0,0.0111248647310393,-0.000367873294412136,0,0,0,0,0,0,0,0,0,0,0,0,0,0,-0.0099422953259332,0,-0.00326142935595679,0,-0.0150767156074768,0.0440101814569752,0,-0.00995041007844638,-0.00227548980169856,0,0,0,-0.00487130403505488,0,0.0514276321574716,0,-0.0292365693268579,0.0258473400077903,0,0.0268553745040549,-0.00616365516340916,0.00161954164525798,-0.0226381556405768
-0.0147998370991898,0.0495997530170407,-0.0188995068156492,0,-0.0406639209867593,0,0.0545526015618943,0.0118342714251304,0,-0.0275346240362322,0,0,0,0.0654290942416916,0.0435986684499696,-0.00973230282918419,-0.0311290975913202,-0.00797134527677127,-0.00746061865636356,0,-0.00172517483160719,0,-0.0196601367883776,0,0.00843251413284193,-0.00898976097515204,0,0.0147706987216575,0,-0.0380195247106413,-0.000941147775721542,0,0,0,0,0,0,0,0,0,0,0.0191681018470845,0.0596317590274795,0.0392317189871484,-0.0182822929112961,0.0672663415505038,0.0262023289620062,-0.00380520755000714,0,-0.0055989649079579,-0.00334339644794877,-0.00303216447974515,-0.0102809745960531,0.0572292801960278,0.00312802737986431,0.0017236073615444,0.02538283374456,0,0,0.00170160513825746,-0.030822725944037,-0.0229774055055152,-0.00694964736394175,0,0.013439704544017,-0.0110011021966258,0,-0.0257924000991302,0,0.0181889575273683,0,0,-0.00611995431025669,0,0,0,0,-0.00667403191232166,0.0302475259327678,0,-0.0144483894505472,0,0.0199070447868484,-0.0123116291066704,0,-0.00477385006162179,0,0,0,0,0,0,0.0427590952095588,-0.046712899070457,0,0.0251405776186797,0,-0.0234154575893568,-0.0308941027672785,0,0,0,0.00257721769534931,0,-0.0259635125657602,0.0670248120930766,0,-0.00623362760368287,-0.00584666847896099,0,0,-0.0337423122767063,-0.0272403081981909,0.00777435473287261,0,-0.0387009103549934,-0.00434133232016327,0,0,-0.0000030216012719905,0,-0.00198805067518859,0.00366531371837758,-0.00542467137002884,0,-0.033297197473564,0,0,0,0,-0.0707833824197574,0,0.0208307356896751,0,0.0242061924119563,0,0,0.0259425598937303,0,0,0.0114782348830911,-0.0162919872756226,0,0.00922788233663361,0,0,0,0,0.00996129612323723,-0.000093838136247717,0,0,0,0,0,0,0,0,0,0,0,0,0,0,-0.00984815668029936,0,-0.00280447346509802,0,-0.0148653108464336,0.0422616172086664,0,-0.0102921472916494,-0.0016860266844454,0,0,0,-0.00520026076300978,0,0.050089045288039,0,-0.0312810882645617,0.0258668887062437,0,0.0283527862818427,-0.00665210919012017,0.00156927390045462,-0.0231119270912324
-0.0140940093758536,0.0500805528638544,-0.018386898397683,0,-0.0404686823646899,0,0.0547292419052634,0.0114831185337352,0,-0.0273006465855371,0,0,0,0.065504392613227,0.0434162516971775,-0.00914549443524575,-0.0319164757686735,-0.00696487893530831,-0.00544305554205135,0,-0.00140960559636896,0,-0.0198693955791584,0,0.00954775500060939,-0.00571357115103675,0,0.0145685374145166,0,-0.0387364556161085,-0.00158957974866232,0,0,0,0,0,0,0,0,0,0,0.0182187549493716,0.0591619900445217,0.0383573883409223,-0.0157278922276833,0.0664610341844626,0.0267990693212599,-0.00420190229362567,0,-0.00568241096404775,-0.00306635550272481,0,-0.0105317743121151,0.0578301532696972,0.00242303512597008,0.00189819926632006,0.0254724594220022,0,0,0.00180496979638969,-0.0308480498951498,-0.0225232299872036,-0.00735181105487912,0,0.0133317081671999,-0.0110866692405774,0,-0.0257530204023101,0,0.0181298523412396,0,0,-0.0061927314628421,0,0,0,0,-0.0072822263528238,0.0299144302321579,0,-0.0146642291151043,0,0.0202068782155728,-0.012226232583805,0,-0.00451614640717523,0,0,0,0,0,0,0.0436563224406814,-0.04658116825973,0,0.0249709318977021,0,-0.0240547104617676,-0.0312816279441111,0,0,0,0.00197336184433525,0,-0.0261001498243265,0.0667006633796385,0,-0.00613079058202793,-0.00592371478422429,0,0,-0.0334311202929368,-0.0267633599921502,0.00819979286586256,0,-0.0395751068754497,-0.00379627031371988,0,0,-0.000439019381139466,0,-0.00146808997469208,0.00367413271296432,-0.00489247157550592,0,-0.0334499194280896,0,0,0,0,-0.0704290988326816,0,0.0205850921849935,0,0.0236019067587556,0,0,0.0265553603453987,0,0,0.0109583198263937,-0.016974713112743,0,0.00899027437948375,0,0,0,0,0.00991334199849176,-0.000492823403968176,0,0,0,0,0,0,0,0,0,0,0,0,0,0,-0.0101582748686183,0,-0.00260821603196877,0,-0.0148378418046837,0.0427896196488597,0,-0.0115780757049251,-0.0022482687350925,0,0,0,-0.00502310912437395,0,0.0500766713689606,0,-0.0292992712825961,0.0259887724670359,0,0.0275329197206705,-0.0070690033804851,0.00137928468067385,-0.0230613508355993
-0.0143301989837119,0.0497352427077507,-0.0186600018861526,0,-0.0407946026687178,0,0.055045647852095,0.0117103202373321,0,-0.0273553042153848,0,0,0,0.0651410675137399,0.04386705097207,-0.00912928208679512,-0.0320234704580203,-0.00691896546741012,-0.00625849445858967,0,-0.00142142084677151,0,-0.0206125423315553,0,0.00910470194415119,-0.00547047881917043,0,0.0145538986962998,0,-0.0385634614812389,-0.00144433010352806,0,0,0,0,0,0,0,0,0,0,0.0189463776389447,0.0600884611228367,0.0388461209185955,-0.0160281002962899,0.0666170270849917,0.0265199478364476,-0.00417095684213701,0,-0.00560016397080546,-0.00309593494567508,0,-0.0104689015384539,0.057644299237398,0.00210018465577078,0.00147063224769695,0.0252246795129492,0,0,0.0016258128252581,-0.0313601794858993,-0.0224628048282468,-0.00730359348457734,0,0.0136670516419953,-0.0108598556720672,0,-0.0259466845290884,0,0.0177323690072914,0,0,-0.00639219041081503,0,0,0,0,-0.00698091656766931,0.0299305489779278,0,-0.0146908323069067,0,0.02009085980734,-0.0126399298813524,0,-0.00480490339411021,0,0,0,0,0,0,0.0438809485825853,-0.0471701721394151,0,0.0254285423755432,0,-0.0243258396765451,-0.0313789909683578,0,0,0,0.00223170870943773,0,-0.0261696216235711,0.0673759859001336,0,-0.00633009425844033,-0.00570044878633051,0,0,-0.0334235623839822,-0.0268344241966885,0.00839730616048032,0,-0.0392166953141617,-0.00365136209143934,0,0,-0.00027456446854613,0,-0.00177023849949014,0.00411965575341796,-0.00509966190937224,0,-0.0336655843793669,0,0,0,0,-0.0707894069063151,0,0.0207192461754034,0,0.0241471684030648,0,0,0.0266570241321008,0,0,0.010469137789828,-0.016601257989901,0,0.00959046863873979,0,0,0,0,0.00987955089465508,-0.000988685095333912,0,0,0,0,0,0,0,0,0,0,0,0,0,0,-0.0101811260896235,0,-0.00249770794822898,0,-0.0149584432535212,0.0429265359142377,0,-0.0119247844578582,-0.0022566500644723,0,0,0,-0.00533287879043585,0,0.0503571947756367,0,-0.0290376889425744,0.0256908758127438,0,0.0278193835689509,-0.00712713258347881,0.00178383541631135,-0.0231298794790397
-0.0137441681584793,0.049679380680962,-0.0180574577504985,0,-0.0405751422172433,0,0.0553411511145764,0.0117205044736055,0,-0.0273170661130442,0,0,0,0.0663257159408954,0.0436057695790803,-0.00914955510917136,-0.032028528378152,-0.00676291695322605,-0.00685050811820293,0,-0.00172972412799387,0,-0.0197687332354105,0,0.010161220414846,-0.00596372228428574,0,0.0142987133245219,0,-0.0384278285214283,-0.00173603298480126,0,0,0,0,0,0,0,0,0,0,0.0179818552075232,0.059045859651029,0.0378794856268954,-0.0156209820208473,0.0661533072641355,0.026655364455177,-0.00412876635729679,0,-0.00621033533349593,-0.00305086832545793,0,-0.0108342072192769,0.0572526529580919,0.00212764178144712,0.00242640657929645,0.0256789912703995,0,0,0.00159081805501281,-0.0307131549507193,-0.022316990838666,-0.0075036257064733,0,0.0134868913718405,-0.0109120270513704,0,-0.0259506440144132,0,0.0188358079358795,0,0,-0.00575528105766468,0,0,0,0,-0.00747618794725699,0.0298271953131506,0,-0.0146975030195036,0,0.0199980476343083,-0.0121074565712696,0,-0.00417215142605696,0,0,0,0,0,0,0.0428521593090428,-0.0460387863706351,0,0.0251763274981384,0,-0.0235404829279527,-0.0317691064203708,0,0,0,0.00265688174469653,0,-0.0261183485510293,0.0656240212749614,0,-0.00614414153186596,-0.00597527350044077,0,0,-0.0342059370904138,-0.0272270880200925,0.00809154253146791,0,-0.0391498730615189,-0.00441090658631571,0,0,-0.0013390785479605,0,-0.00206275908937229,0.00348325170381637,-0.00569221349408302,0,-0.0337218210245176,0,0,0,0,-0.0708938299050845,0,0.020769547025035,0,0.0235639780745335,0,0,0.0269539748960892,0,0,0.0109704476427576,-0.0172590260066448,0,0.00925672914562142,0,0,0,0,0.0107311952302405,-0.000666646784146123,0,0,0,0,0,0,0,0,0,0,0,0,0,0,-0.0112307263969845,0,-0.0019972897543415,0,-0.0148413079248713,0.0416332546565112,0,-0.0112463658292456,-0.000769835539220871,0,0,0,-0.00474243491867889,0,0.0502699095095483,0,-0.0294634207581118,0.0256981960813184,0,0.0269852929894909,-0.00710773345890891,0.00193786062894052,-0.022739975209973
-0.0136234793454112,0.0496882068497161,-0.0189592808905176,0,-0.0404884792246572,0,0.0554773009832131,0.0113541957020058,0,-0.0278202644258284,0,0,0,0.0660108327557177,0.0427406588452166,-0.00930367390595392,-0.0323798001525809,-0.00706385352222273,-0.00623815878857571,0,-0.00215417469306612,0,-0.0200999806896798,0,0.0105882836643016,-0.00581357487928307,0,0.0144983569086505,0,-0.0385679096617101,-0.00236307149484693,0,0,0,0,0,0,0,0,0,0,0.0183468356545991,0.0588826277745238,0.03859982337612,-0.0160137241589914,0.0660828116931887,0.0266638038488394,-0.00412334644044519,0,-0.00539301643383013,-0.00313869980554866,0,-0.010782634521904,0.058296528821267,0.00221583748159542,0.00197000832970986,0.0253407129712433,0,0,0.00139249743121745,-0.0309681629762211,-0.02256853701735,-0.00664465861770973,0,0.0131099180849349,-0.010996389301975,0,-0.0261742212603196,0,0.0175424933969094,0,0,-0.00608588265817799,0,0,0,0,-0.00680761711097594,0.0294659737019732,0,-0.0147336965882037,0,0.020134604542047,-0.0121842477002442,0,-0.00523666934414275,0,0,0,0,0,0,0.0432480427662582,-0.0464512443683992,0,0.0248246952885774,0,-0.0231015922516715,-0.0316464532370006,0,0,0,0.00252218401802704,0,-0.026217427478811,0.0666398631563759,0,-0.00623737191982308,-0.0059731920516415,0,0,-0.034099772059566,-0.0267879965242013,0.00743175168125464,0,-0.0396158526362967,-0.00464580200553584,0,0,-0.00103069302955212,0,-0.00128632360578804,0.0034940787458414,-0.00516125483138926,0,-0.033593968871748,0,0,0,0,-0.0693937421393221,0,0.0201253309715907,0,0.0233445462062749,0,0,0.0275912233929305,0,0,0.0107655869780307,-0.0171525442972421,0,0.00821373642490626,0,0,0,0,0.00943203074817455,-0.00045655608572906,0,0,0,0,0,0,0,0,0,0,0,0,0,0,-0.010741326888731,0,-0.00213505788778385,0,-0.014918146229553,0.0425832476147452,0,-0.0115101761598643,-0.00226968514679641,0,0,0,-0.00481374775203084,0,0.0496117273699696,0,-0.029071917065752,0.0261414999082456,0,0.0273453419195946,-0.0067876500704214,0.00132583916914938,-0.0229570415986137
NA,NA,NA,NA,NA,NA,NA,NA,NA,NA,NA,NA,NA,NA,NA,NA,NA,NA,NA,NA,NA,NA,NA,NA,NA,NA,NA,NA,NA,NA,NA,NA,NA,NA,NA,NA,NA,NA,NA,NA,NA,NA,NA,NA,NA,NA,NA,NA,NA,NA,NA,NA,NA,NA,NA,NA,NA,NA,NA,NA,NA,NA,NA,NA,NA,NA,NA,NA,NA,NA,NA,NA,NA,NA,NA,NA,NA,NA,NA,NA,NA,NA,NA,NA,NA,NA,NA,NA,NA,NA,NA,NA,NA,NA,NA,NA,NA,NA,NA,NA,NA,NA,NA,NA,NA,NA,NA,NA,NA,NA,NA,NA,NA,NA,NA,NA,NA,NA,NA,NA,NA,NA,NA,NA,NA,NA,NA,NA,NA,NA,NA,NA,NA,NA,NA,NA,NA,NA,NA,NA,NA,NA,NA,NA,NA,NA,NA,NA,NA,NA,NA,NA,NA,NA,NA,NA,NA,NA,NA,NA,NA,NA,NA,NA,NA,NA,NA,NA,NA,NA,NA,NA,NA,NA,NA,NA,NA,NA,NA,NA,NA,NA,NA,NA,NA,NA,NA
-0.0154321629835922,0.049950622194143,-0.0177361141538461,0,-0.0399563905951335,0,0.0548589943193673,0.0106236630130256,0,-0.0265802036563063,0,0,0,0.0660572463966853,0.0445321540736219,-0.00935661952504767,-0.0321099129413386,-0.00627543833378323,-0.00485122117227054,0,-0.000037828098587735,0,-0.0191279113434366,0,0.00787747044466849,-0.00419667593921487,0,0.01515780789156,0,-0.0412431421260657,-0.000341506627681288,0,0,0,0,0,0,0,0,0,0,0.0199021046641913,0.0594556128765645,0.0382100714149476,-0.0152551897168338,0.066945794123001,0.0257206895623798,-0.00447037998887637,0,-0.00544854936644938,-0.00332669782442016,0,-0.0106446798557585,0.0581069011809,0.00392606465074649,0,0.0258404315904757,0,0,0.00152482583113207,-0.030619217315652,-0.0238826324547718,-0.00686852883200136,0,0.0146555836279829,-0.0110667657384898,0,-0.0259069600718514,0,0.0200672078113971,0,0,-0.00599871805763671,0,0,0,0,-0.00638847095537601,0.0300602894030095,0,-0.0145907959921014,0,0.0205834402135506,-0.0147857180839147,-0.00180777891024015,-0.00533290412951702,0,0,0,0,0,0,0.0435194145669473,-0.0464100142045264,0,0.0261985624303555,0,-0.0288729617695903,-0.0297500097069575,0,0,0,0.00255659812756544,0,-0.0265129729319523,0.0680459794091391,-0.00125058922779849,-0.00543616264530991,-0.00390502556532982,0,0,-0.0316648534157122,-0.0301962384190488,0.00893167165792605,0,-0.0411890535367911,-0.00272785099078912,-0.000503613296237647,0,0,0,0,0.00398564033998402,-0.00331728570792946,0,-0.0345765789015691,0,0,0,0,-0.0692473794308874,0,0.0208970295069023,0,0.0245232940107955,0,0,0.0259525840910082,0,0,0.0107838211584764,-0.0154035532427367,0,0.00838728487095733,0,0,0,0,0.00898582087482782,-0.000446489080999546,0,0,0,0,0,0,0,0,0,0,0,0,0,0,-0.00705909118090251,0,-0.00419137543652019,0,-0.0148333416489527,0.0404632586848932,0,-0.0126766845036167,0,0,0,0,-0.00605962974367019,0,0.0502046452625843,0,-0.0301103032720262,0.0258282991081384,0,0.0295740370706161,-0.00675649938243674,0.00195602270507667,-0.0246263229823361
NA,NA,NA,NA,NA,NA,NA,NA,NA,NA,NA,NA,NA,NA,NA,NA,NA,NA,NA,NA,NA,NA,NA,NA,NA,NA,NA,NA,NA,NA,NA,NA,NA,NA,NA,NA,NA,NA,NA,NA,NA,NA,NA,NA,NA,NA,NA,NA,NA,NA,NA,NA,NA,NA,NA,NA,NA,NA,NA,NA,NA,NA,NA,NA,NA,NA,NA,NA,NA,NA,NA,NA,NA,NA,NA,NA,NA,NA,NA,NA,NA,NA,NA,NA,NA,NA,NA,NA,NA,NA,NA,NA,NA,NA,NA,NA,NA,NA,NA,NA,NA,NA,NA,NA,NA,NA,NA,NA,NA,NA,NA,NA,NA,NA,NA,NA,NA,NA,NA,NA,NA,NA,NA,NA,NA,NA,NA,NA,NA,NA,NA,NA,NA,NA,NA,NA,NA,NA,NA,NA,NA,NA,NA,NA,NA,NA,NA,NA,NA,NA,NA,NA,NA,NA,NA,NA,NA,NA,NA,NA,NA,NA,NA,NA,NA,NA,NA,NA,NA,NA,NA,NA,NA,NA,NA,NA,NA,NA,NA,NA,NA,NA,NA,NA,NA,NA,NA
-0.0141989304874621,0.0500116678637476,-0.0180018970697668,0,-0.0402928620336567,0,0.0547080214570816,0.0112973940037828,0,-0.0272222067195165,0,0,0,0.0656456702051276,0.0436737328893907,-0.00911563134856447,-0.0318720162732917,-0.00702650962887272,-0.00558632114861818,0,-0.00149168410472433,0,-0.0199850081674298,0,0.00937390895522666,-0.00577502700335879,0,0.0143838400809402,0,-0.0382964329404977,-0.00187718484352862,0,0,0,0,0,0,0,0,0,0,0.0186288848000415,0.0587293703456209,0.0382401190433692,-0.0154275750336084,0.06615387116729,0.026878918687898,-0.00458454628615667,0,-0.00594607695859261,-0.00306865634991828,0,-0.010426928005739,0.057733554081738,0.00220681440678989,0.00217959380292097,0.0253677683652314,0,0,0.0016930685480997,-0.0307037447999102,-0.0225436129787009,-0.00732582828062816,0,0.0132071966990999,-0.0111439665177096,0,-0.0256855363404608,0,0.0186358811563732,0,0,-0.00616488338899776,0,0,0,0,-0.0074626379228159,0.0298545187591668,0,-0.0142594086311466,0,0.0201252008734028,-0.0122450378145951,0,-0.00466198563268616,0,0,0,0,0,0,0.0431855620043601,-0.0461227759543952,0,0.0247934407523831,0,-0.0240877545781784,-0.0311473586084759,0,0,0,0.00221015424443363,0,-0.0260511074373293,0.0666158522766108,0,-0.00586704469600184,-0.00596984174844409,0,0,-0.0334543960616689,-0.0270271598198787,0.00798867125435908,0,-0.0393076803422207,-0.00409711947375832,0,0,-0.000172210081670217,0,-0.00134715258458416,0.00356876021061763,-0.00477421180731981,0,-0.0332493755827201,0,0,0,0,-0.0702031113036781,0,0.0206022187472147,0,0.023711094446456,0,0,0.0266988414954748,0,0,0.0107858310935911,-0.016947604653483,0,0.0092346144204096,0,0,0,0,0.0100922119529856,-0.000296375412999507,0,0,0,0,0,0,0,0,0,0,0,0,0,0,-0.00976464786297492,0,-0.00235771247947273,0,-0.014848731207954,0.0424544082549964,0,-0.0112359498260864,-0.0025143092638316,0,0,0,-0.00503819998885455,0,0.0503563660110634,0,-0.029730694139979,0.0260680719345431,0,0.0267674842833562,-0.00700743639104533,0.00124109614096585,-0.0230919921607266
-0.0158308947331723,0.0485450054842307,-0.0211495747863868,0,-0.0389902656186084,0,0.0531097999656303,0.0115171953159359,0,-0.0249743027268285,0,0,0,0.0661150118642155,0.0431996437577851,-0.0094371774689968,-0.032936288185115,-0.00515287352302632,-0.00660761761520203,0,-0.00238763372881105,0,-0.0194946543868526,0,0.0111078590956696,-0.00657951361554134,0,0.0147089476614344,0,-0.0398125924173975,-0.00140924953396972,0,0,0,0,0,0,0,0,0,0,0.0184091326309114,0.0598285899280361,0.0384569691838641,-0.0144044071913023,0.0652449607506753,0.0268867877380677,-0.00592065239771969,0,-0.00660265553490872,-0.00356190795670987,0,-0.0112015706830503,0.0578363027489728,0.00150676333525649,0.00206484062136485,0.0261634844099431,0,0,0.00180975380196771,-0.0301640342260956,-0.0211026276595237,-0.00667284656932089,0,0.0107237095989492,-0.0108380114084826,0,-0.0244252131239058,0,0.0135668680305171,0,0,-0.00496887421250803,0,0,0,0,-0.00643372934526261,0.0297687721565416,0,-0.0129131002171151,0,0.0182948108751251,-0.0136609062971034,0,-0.00785462458913289,0,0,0,0,0,0,0.0442448001279101,-0.0461304508260767,0,0.0247454899836656,0,-0.0237190125549885,-0.0300565961264571,0,0,0,0.00244713523939982,0,-0.0248294397383037,0.0676004693358342,-0.00258405414205729,-0.00670780522929111,-0.00538505397736704,0,0,-0.0324506008641348,-0.0262991775035732,0.00845611618627596,0,-0.043806829571684,-0.00310186360102268,0,0,-0.00116073357340924,0,-0.00118699756466783,0.00138518614444821,-0.00543270537635472,0,-0.0325468763918837,0,0,0,0,-0.0696128099282083,0,0.0212690721642732,0,0.0232830212452515,0,0,0.0267710276407181,0,0,0.01073858392637,-0.0174699467780626,0,0.00787204496103593,0,0,0,0,0.00602332371245374,0,0,0,0,0,0,0,0,0,0,0,0,0,0,0,-0.0089465096565394,0,-0.00219612390589564,0,-0.0149401471828079,0.0422027977272612,0,-0.0116950832979618,-0.00328806453963652,0,0,-0.000666439055910047,-0.0136647712451463,0,0.0506899477354127,0,-0.0276153885925603,0.0253241844075467,0,0.0300060691924882,-0.00662075986296822,0.00208840533611009,-0.0244325872544385
-0.0143673491234474,0.0500260296097631,-0.0182902323085594,0,-0.0404113945202501,0,0.0546032684059379,0.0115627736966675,0,-0.0271739296619637,0,0,0,0.0658038941930177,0.044048611003357,-0.00923163442987659,-0.0319223174703075,-0.0071150645105788,-0.00572719560903692,0,-0.00142804933973255,0,-0.0200020010729971,0,0.00972037689574927,-0.00581119214359751,0,0.0143977206172936,0,-0.0384613649732242,-0.0017605998060166,0,0,0,0,0,0,0,0,0,0,0.0188245272152384,0.0589949314869772,0.0383382207783593,-0.0153873132253358,0.0662166366615092,0.0268671612618328,-0.00455732092201433,0,-0.00582899983493754,-0.00311465780809398,0,-0.0105244443824448,0.0577537799577854,0.00241702541788463,0.00180552068189714,0.0254254417616133,0,0,0.00172255320242972,-0.0308836632178581,-0.0225728463405474,-0.0072228817424518,0,0.0131699241366986,-0.0110278952626503,0,-0.0258589830993021,0,0.0184722257551523,0,0,-0.00605573537833229,0,0,0,0,-0.00733434919569374,0.0299183934021091,0,-0.0142559165340582,0,0.0199955187561991,-0.0123129480526947,0,-0.00481234815974406,0,0,0,0,0,0,0.0431740375475062,-0.0463370191868419,0,0.0248267462406815,0,-0.0241884588593876,-0.0313060314319493,0,0,0,0.00224161080937064,0,-0.0263714890447291,0.0664904073532951,0,-0.00612172883494664,-0.00566108635817702,0,0,-0.0332601357455054,-0.0269297306341021,0.00799126237499828,0,-0.0394223938736964,-0.00409260593835,0,0,-0.00040466339626778,0,-0.00132087867779459,0.00383061692234769,-0.00470056585910371,0,-0.0334957956636108,0,0,0,0,-0.0701642512997995,0,0.0208175425380636,0,0.0242755385542586,0,0,0.0271067799232124,0,0,0.0105453528308162,-0.0168280749178114,0,0.00932991681522635,0,0,0,0,0.0101226060720148,-0.000411303958200922,0,0,0,0,0,0,0,0,0,0,0,0,0,0,-0.0100370384319121,0,-0.00278243676488099,0,-0.0148459580592019,0.0427424608680168,0,-0.0109725314864105,-0.0023312985377238,0,0,0,-0.00553484626317814,0,0.0504568567152972,0,-0.0296012712343479,0.026110913274549,0,0.027114390367507,-0.00701978932859816,0.00139938088730638,-0.022921691705138
-0.0135146863196371,0.050020843440961,-0.0184157909264451,0,-0.041860533263034,0,0.0559054846009305,0.0109726461184864,0,-0.0278096377202972,0,0,0,0.0643314141561925,0.0448453419364312,-0.00973089884671318,-0.0314877111698005,-0.0068360827125635,-0.00631901378388853,0,-0.00161370661676206,0,-0.0201043336014202,0,0.0100741073899948,-0.0056158544376579,0,0.014417977113124,0,-0.0378257217451085,-0.00121085971275274,0,0,0,0,0,0,0,0,0,0,0.018592495026882,0.0587597278361435,0.0381412942214435,-0.0170004860276775,0.0667197146774819,0.0266235937699776,-0.00425058857741518,0,-0.00572634757301656,-0.00288140174438176,0,-0.00884193354356742,0.0610141351474563,0.00198227576021338,0.000646092070380237,0.0241192952939338,0,0,0.00204506316946678,-0.0319382212496897,-0.022759355037372,-0.007738218170398,0,0.0129528544861086,-0.0113578102136694,0,-0.0254620956490816,0,0.0202133015995618,0,0,-0.00797667402357855,0,0,0,0,-0.00669503408214237,0.029858785320438,0,-0.0135006844825657,-0.000181307293803766,0.019355837569821,-0.0087273101047006,0,-0.00422679306994703,0,0,0,0,0,0,0.0427354811616967,-0.0456110538103022,0,0.0246374766500306,0,-0.0248799661954514,-0.0324243704344723,0,0,0,0.00185948825651037,0,-0.0259314665865614,0.069769037161519,0,-0.00639139940835234,-0.00441376125155803,0,0,-0.0345899235418118,-0.0274577510777285,0.00706144083055182,0,-0.0374277412793894,-0.00431631054896446,0,0,0,0,-0.00247243153215833,0.00416086965831109,-0.00424207472295833,0,-0.035417520068492,0,0,0,0,-0.0698230397422417,0,0.0205562990408557,0,0.0239376194967854,0,0,0.024810919452142,0,0,0.0107476001703798,-0.0160390515289882,0,0.00919463323672048,0,0,0,0,0.0100859054351791,-0.000918091828098472,0,0,0,0,0,0,0,0,0,0,0,0,0,0,-0.00890005545593473,0,-0.00259049743474145,0,-0.0149606600183684,0.0441422227270472,0,-0.0117884204099772,-0.00282350011426727,0,0,0,-0.00547370953828124,0,0.0504420277736508,0,-0.0300580566542317,0.0260479627399467,0,0.0254534564826525,-0.00680085548617104,0.00188830395789307,-0.0233004273729695
-0.0132104509791065,0.0500995343687887,-0.0179720864524646,0,-0.040947747727539,0,0.0553345347686589,0.0115968474438323,0,-0.0275726077789678,0,0,0,0.0655896785287615,0.0446082565200901,-0.00945689931883724,-0.0322308904060331,-0.00681616841064893,-0.00528832991574107,0,-0.00270559216759912,0,-0.0198286159614917,0,0.00968172096968877,-0.00593019886992835,0,0.0143840026097627,0,-0.0380352442182098,-0.00201262560397582,0,0,0,0,0,0,0,0,0,0,0.0181658386901806,0.0593225290382604,0.039110669783305,-0.0152797305626758,0.0661128564942538,0.0272198925741979,-0.00453086226894805,0,-0.0054555812263983,-0.00295045147971642,0,-0.00916843250045748,0.059476214253753,0.00223262618456794,0.00104005057424284,0.024613809924548,0,0,0.00258499031496454,-0.0316405194297473,-0.021866024631427,-0.00797615062969453,0,0.0132228465355836,-0.0111488285703953,0,-0.0254138522677301,0,0.017238286156479,0,0,-0.00630535787683184,0,0,0,0,-0.00323245749695865,0.0297980084391701,0,-0.0145311472724005,0,0.0198086268942466,-0.0130349562903244,0,-0.00472573730851426,0,0,0,0,0,0,0.0428773059342689,-0.0453766416818176,0,0.0242727798354019,0,-0.0244913537907498,-0.0307036843403377,0,0,0,0.0014889101353708,0,-0.0256595475463692,0.0711319981723018,-0.00181461408737391,-0.00652157350157596,-0.00639054993382627,0,0,-0.0345706739959393,-0.0267946375537691,0.00699169492366958,0,-0.0395008617769958,-0.00417156867267677,0,0,-0.000101730182834619,0,-0.00121043735745028,0.00436794337179675,-0.00488751670434479,0,-0.0334746291602518,0,0,0,0,-0.0704577761208655,0,0.0199781544199077,0,0.0237845874428849,0,0,0.0257075230012551,0,0,0.00962309888602804,-0.0173536135930991,0,0.00847461051804457,0,0,0,0,0.00936148106626338,-0.0000362295998302846,0,0,0,0,0,0,0,0,0,0,0,0,0,0,-0.0112725533908923,0,-0.000816690237614653,0,-0.0144979013980726,0.0424511336878319,0,-0.0102860820191264,-0.00368820560432064,0,0,0,-0.00444429444398922,0,0.0495216430126288,0,-0.0299927740778156,0.0265405756642662,0,0.0257632547580984,-0.00729499184906162,0.00103094336773157,-0.0235480155832072
-0.0133467551962229,0.0500211565217064,-0.017369061947076,0,-0.0408287349003292,0,0.0535263188214904,0.0112551655876748,0,-0.0279800590517195,0,0,0,0.0659354370772938,0.043973656397552,-0.00916227517885145,-0.0322570181817752,-0.00597098882221099,-0.00485897946334462,0,-0.00199429735765396,0,-0.0201906835224382,0,0.00918705006485331,-0.00621314141491224,0,0.0143378218805949,0,-0.0389004729162462,-0.00157124043698963,0,0,0,0,0,0,0,0,0,0,0.0180391961297827,0.060542987537813,0.0384128701819823,-0.0139545351983348,0.0667418864640589,0.0268966533432857,-0.00397867896083276,0,-0.00625457548728806,-0.00272915951551573,0,-0.00931960497461315,0.0585829100814889,0.00129088836120889,0.00149935369693159,0.0252920320469154,0,0,0.00152617103810573,-0.0313649045722218,-0.0233418217852913,-0.00761067142808972,0,0.0145725947387451,-0.0115123319086536,0,-0.0252277922053213,0,0.016905425979976,0,0,-0.00569340242285976,0,0,0,0,-0.00816606443346956,0.0301425581229604,0,-0.0158049906229848,0,0.0201932325281603,-0.0133695631616126,0,-0.00422676595393876,0,0,0,0,0,0,0.04256764782391,-0.0449068867578308,0,0.0247029466117409,0,-0.0245613741728431,-0.0296436654793776,0,0,0,0.00317321591247892,0,-0.0249673171046857,0.0672516254595831,-0.000336854414119874,-0.00495497281066985,-0.00588709074648956,0,0,-0.0331403573609652,-0.0259863520154522,0.00638300906267762,0,-0.0395204237561275,-0.00493756042968731,0,0,0,0,-0.00145483984898654,0.00381755742155833,-0.0057507928205586,0,-0.0324030105582866,0,0,0,0,-0.0706641355325294,0,0.0207014126752336,0,0.0240460693860885,0,0,0.0263893691142198,0,0,0.00970477141833499,-0.0178023309108144,0,0.0090885030819639,0,0,0,0,0.0105439675999501,-0.000266794756651086,0,0,0,0,0,0,0,0,0,0,0,0,0,0,-0.0110343492542393,0,-0.00232777357847625,0,-0.0148640330558712,0.0415106123742433,0,-0.0110371769762298,-0.00265982599965903,0,0,0,-0.000820598972090603,0,0.0509301545696073,0,-0.02962622345298,0.026546305997466,0,0.0269315224261377,-0.00781272724839819,0.00154800467809394,-0.0232987448410072
NA,NA,NA,NA,NA,NA,NA,NA,NA,NA,NA,NA,NA,NA,NA,NA,NA,NA,NA,NA,NA,NA,NA,NA,NA,NA,NA,NA,NA,NA,NA,NA,NA,NA,NA,NA,NA,NA,NA,NA,NA,NA,NA,NA,NA,NA,NA,NA,NA,NA,NA,NA,NA,NA,NA,NA,NA,NA,NA,NA,NA,NA,NA,NA,NA,NA,NA,NA,NA,NA,NA,NA,NA,NA,NA,NA,NA,NA,NA,NA,NA,NA,NA,NA,NA,NA,NA,NA,NA,NA,NA,NA,NA,NA,NA,NA,NA,NA,NA,NA,NA,NA,NA,NA,NA,NA,NA,NA,NA,NA,NA,NA,NA,NA,NA,NA,NA,NA,NA,NA,NA,NA,NA,NA,NA,NA,NA,NA,NA,NA,NA,NA,NA,NA,NA,NA,NA,NA,NA,NA,NA,NA,NA,NA,NA,NA,NA,NA,NA,NA,NA,NA,NA,NA,NA,NA,NA,NA,NA,NA,NA,NA,NA,NA,NA,NA,NA,NA,NA,NA,NA,NA,NA,NA,NA,NA,NA,NA,NA,NA,NA,NA,NA,NA,NA,NA,NA
-0.0133976280924527,0.0495446010480365,-0.0190534450115891,0,-0.0398409028887124,0,0.0542774372511398,0.0105621476992903,0,-0.0276301811992151,0,0,0,0.066492314230469,0.0435766799886553,-0.00928461644712106,-0.031502467366861,-0.00680914077803999,-0.00524882454930897,0,-0.00154977341931232,0,-0.0191088148032143,0,0.0084579093655227,-0.00583312916254577,0,0.0143503784020161,0,-0.0387927270910454,-0.00224015920145575,0,0,0,0,0,0,0,0,0,0,0.017856092366954,0.0603526301249186,0.0386720917177563,-0.0138610878568651,0.0652768875306955,0.0267859498346838,-0.00492493987189155,0,-0.00521422925001092,-0.00311562896314749,0,-0.0103534380388356,0.0589409444867629,0.00201875456789783,0.00183558346262633,0.0247180098744827,0,0,0.0017855508636542,-0.0310740294965965,-0.0222222315465248,-0.00671645732144885,0,0.0130909815013387,-0.0112931675969887,0,-0.0246172082183481,0,0.0168213879514254,0,0,-0.0063485480178398,0,0,0,0,-0.00720359188812633,0.0296668019133979,0,-0.0142529000564598,0,0.0194398466248086,-0.0132708361055299,0,-0.00466469594638901,0,0,0,0,0,0,0.0426333713748377,-0.046054711173477,0,0.025360268516895,0,-0.0243842617125252,-0.0314183843134392,0,0,0,0.00212665376834596,0,-0.0264924050963576,0.0670830157924956,-0.0000155111758402347,-0.00595305065965169,-0.00595921993854617,0,0,-0.0335081220128191,-0.0273453357488087,0.00803945770296555,0,-0.0387133391207755,-0.00336493529788813,0,0,-0.000195906792422919,0,-0.00111044216615001,0.00339160735930164,-0.00477740153011503,0,-0.0320029167735648,0,0,0,0,-0.0696000285662021,0,0.0206139538681298,0,0.0245485114826755,0,0,0.0268168981009962,0,0,0.0100643161688218,-0.0168512352951129,0,0.0103825619370838,0,0,0,0,0.00984610480477794,-0.0000994819385050171,0,0,0,0,0,0,0,0,0,0,0,0.000169886089109267,0,0,-0.00973957763532408,0,-0.00196374569086609,0,-0.0149323319602858,0.0421617177548429,0,-0.0120143323720059,-0.00311465130030971,0,0,0,-0.00182032415065672,0,0.0500077200362672,0,-0.0292952445493,0.0262869425455658,0,0.0287462114696867,-0.0077180188970249,0.000933896032851618,-0.0230882169198304
NA,NA,NA,NA,NA,NA,NA,NA,NA,NA,NA,NA,NA,NA,NA,NA,NA,NA,NA,NA,NA,NA,NA,NA,NA,NA,NA,NA,NA,NA,NA,NA,NA,NA,NA,NA,NA,NA,NA,NA,NA,NA,NA,NA,NA,NA,NA,NA,NA,NA,NA,NA,NA,NA,NA,NA,NA,NA,NA,NA,NA,NA,NA,NA,NA,NA,NA,NA,NA,NA,NA,NA,NA,NA,NA,NA,NA,NA,NA,NA,NA,NA,NA,NA,NA,NA,NA,NA,NA,NA,NA,NA,NA,NA,NA,NA,NA,NA,NA,NA,NA,NA,NA,NA,NA,NA,NA,NA,NA,NA,NA,NA,NA,NA,NA,NA,NA,NA,NA,NA,NA,NA,NA,NA,NA,NA,NA,NA,NA,NA,NA,NA,NA,NA,NA,NA,NA,NA,NA,NA,NA,NA,NA,NA,NA,NA,NA,NA,NA,NA,NA,NA,NA,NA,NA,NA,NA,NA,NA,NA,NA,NA,NA,NA,NA,NA,NA,NA,NA,NA,NA,NA,NA,NA,NA,NA,NA,NA,NA,NA,NA,NA,NA,NA,NA,NA,NA
-0.013570791275115,0.0501008411621478,-0.0190585724796682,0,-0.0395597387534133,0,0.0545496810240749,0.0107178232641322,0,-0.0270870497307437,0,0,0,0.0656114547962969,0.0430725615895068,-0.00924596955900639,-0.0308688925560063,-0.00677667543294131,-0.00557941955614199,0,-0.00186971918571822,0,-0.0190555965546208,0,0.00841985527025704,-0.006467534822036,0,0.0141433614458482,0,-0.0390892530933919,-0.000668641270621484,0,0,0,0,0,0,0,0,0,0,0.0178624543261654,0.0595541346531277,0.0375009290913237,-0.0160595326317359,0.066738791801637,0.0262908986319177,-0.00593524558383872,0,-0.00575033090171355,-0.00325910594874361,0,-0.0110071399333892,0.0569827380355706,0.00269357436808739,0.00292111825666162,0.0260371864211842,0,0,0.00215456549000667,-0.0314423006012003,-0.0219923017696175,-0.00725311909550771,0,0.0132843118910266,-0.0107521811243752,0,-0.0256169267459399,0,0.0174823796120495,0,0,-0.00557812416869298,0,0,0,0,-0.00731656214334332,0.0295226215986131,0,-0.0125479875011985,0,0.0190899331319445,-0.0127025439266551,0,-0.0046430254665979,0,0,0,0,0,0,0.0425960086662687,-0.0465943185785888,0,0.0256270315613584,0,-0.0237279258264168,-0.0305732293049475,0,0,0,0.00320357653612139,0,-0.025411650488665,0.0662619562861631,0,-0.00616891503126248,-0.00634656091666226,0,0,-0.0335999116096488,-0.0272076349732494,0.0088000754051612,0,-0.038422991007519,-0.00402721278779826,0,0,0,0,-0.000315581008112041,0.00278385378847361,-0.00521106163748644,0,-0.0333474262198902,0,0,0,0,-0.0686984154645137,0,0.0209640131211953,0,0.0245414009061057,0,0,0.0266613005065809,0,0,0.0100761868656982,-0.0171000732143306,0,0.0119823842253563,0,0,0,0,0.00887533153462454,-0.000737608499579356,0,0,0,0,0,0,0,0,0,0,0,0,0,0,-0.00931888113440361,0,-0.00332803050283024,0,-0.0141891036947234,0.0411279287918229,0,-0.0120026469618256,-0.0018790063627151,0,0,0,-0.00575100559145907,0,0.0498676416159228,0,-0.0299187988777429,0.025228929910625,0,0.0324597358476374,-0.00726395994650495,0.0018992192275638,-0.0231175342497551
-0.0139714210674162,0.0505526326247885,-0.0186870472744739,0,-0.0393437597490085,0,0.054632655977456,0.0108408837526803,0,-0.0263494634550028,0,0,0,0.0650634317608814,0.0430094683839105,-0.00920227668004416,-0.0311745457686128,-0.00641327589825032,-0.0050872421622877,0,-0.00170111910919511,0,-0.0194197524997582,0,0.00878810188473092,-0.00625418108190591,0,0.0145259730211088,0,-0.0383445240595136,-0.000554359776126263,0,0,0,0,0,0,0,0,0,0,0.0179484418202092,0.0588492209443387,0.0380358146061094,-0.0162337069821381,0.066225584759737,0.0260677248382662,-0.00481462557024899,0,-0.0061144358098567,-0.0031921693318319,0,-0.0109426425339138,0.0570117899119696,0.00236122640806963,0.00272119638933264,0.0258654291851779,0,0,0.00214631650902982,-0.0309385522515074,-0.022512363021614,-0.0070354677189672,0,0.0135472243998132,-0.0108116731336807,0,-0.025244111160963,0,0.0179594786778321,0,0,-0.00596087293434297,0,0,0,0,-0.00736822461821181,0.0294922721620162,0,-0.0137500761620806,0,0.0196337436918003,-0.0124123543632141,0,-0.00446790996980096,0,0,0,0,0,0,0.0430598287941758,-0.046370522037874,0,0.0253643839129604,0,-0.0237360178626125,-0.0313481531668621,0,0,0,0.00231472500559986,0,-0.0257080393831399,0.0662342237770685,-0.00011447995580859,-0.00595307168585884,-0.00650433780022937,0,0,-0.0333009475850057,-0.0270479948960175,0.00918429719398589,0,-0.0387463825959501,-0.00346351558792843,0,0,0,0,-0.00120155007314111,0.00240408061200209,-0.0047119021967819,0,-0.0328330343468305,0,0,0,0,-0.0691919319168002,0,0.0207505286381472,0,0.023966900661565,0,0,0.0263965250511909,0,0,0.0107234374656094,-0.0161992109953241,0,0.00975719190980716,0,0,0,0,0.00893248323210535,-0.000794767242597885,0,0,0,0,0,0,0,0,0,0,0,0,0,0,-0.0089710707637491,0,-0.00206145579223581,0,-0.0144766295053427,0.0415316831778451,0,-0.0120980698514418,-0.00228258260920832,0,0,0,-0.00597474324142225,0,0.050118680935437,0,-0.029129580724903,0.0253304120104724,0,0.0284470650411135,-0.00719142319160164,0.000853815882505297,-0.0230189819415187
-0.0148800837882214,0.0501930561159471,-0.0183854750746412,0,-0.0393988498422088,0,0.0540115101573163,0.0105246598745485,0,-0.0340732297862521,0,0,0,0.0662677361226781,0.0431703227336515,-0.00849618012951524,-0.0319379180946614,-0.00655605521732586,-0.00490565410250009,0,-0.00124502598037756,0,-0.0190461914125303,0,0.00912767642640028,-0.00565437731526957,0,0.0143867512524388,0,-0.0381009528933066,-0.000702732495594519,0,0,0,0,0,0,0,0,0,0,0.0178997231516203,0.0595368358154247,0.0383491891835164,-0.0150770616736469,0.0660309401889973,0.0257551505625569,-0.00399205145444233,0,-0.0059844300660359,-0.00312077934302788,0,-0.0103929635139333,0.057548053137381,0.00166577439446863,0.00198384223288754,0.0260649265640284,0,0,0.00201041785529651,-0.030463200250519,-0.0214585210883611,-0.00669618972108438,0,0.0138522465602462,-0.0104771580882828,0,-0.024273865201342,0,0.0176050213698485,0,0,-0.00616014051323828,0,0,0,0,-0.00659714015250814,0.0301199700559354,0,-0.0149376079916435,0,0.0196721325491263,-0.0119798838524395,0,-0.00434139031369915,0,0,0,0,0,0,0.0430665923736947,-0.0466810503552154,0,0.0258696894855106,0,-0.0242134286835524,-0.0305242855249925,0,0,0,0.00196371604686168,0,-0.0262183741843858,0.0666069497103885,0,-0.00492553845088331,-0.00671369851402082,0,0,-0.0328064843939689,-0.0269853458745668,0.00676671089134299,0,-0.0379501463377978,-0.00415998712808532,0,0,-0.00083599239429457,0,-0.0020600244591766,0.00246087870027198,-0.00517483660343614,0,-0.0335006598751303,0,0,0,0,-0.069383568887002,0,0.0195710172052548,0,0.0247586781502107,0,0,0.0281457229904705,0,0,0.0104818172024794,-0.0166963365474665,0,0.00982958635706561,0,0,0,0,0.00963270525724151,-0.000976210403271167,0,0,0,0,0,0,0,0,0,0,0,0.000915497478323476,0,0,-0.00972166924583564,0,-0.00156964976321015,0,-0.01433317332601,0.0421515223894055,0,-0.0119512995106634,-0.00214456392550353,0,0,0,-0.00861990574869109,0,0.049707149363891,0,-0.0295346950632007,0.027068681235909,0,0.0272024675151902,-0.00683774349642108,0.00215086820107629,-0.0231057450906742
-0.0145562336582293,0.0506176330201651,-0.0183842742409035,0,-0.039270263969783,0,0.0541014574382213,0.0105332438195862,0,-0.0286479838691779,0,0,0,0.065879153017804,0.0431389635656531,-0.00903227230097284,-0.0315525744264468,-0.00661269155396169,-0.0051590121512388,0,-0.000936724172303659,0,-0.01890571611485,0,0.0085945516035118,-0.00663258097512033,0,0.0145317006456155,0,-0.0382940005139214,-0.000663709340235931,0,0,0,0,0,0,0,0,0,0,0.0181453354315446,0.0586405263392352,0.037549824263538,-0.0157172377192642,0.0660244894639957,0.0259539049432661,-0.00391928698166159,0,-0.00591261941336452,-0.00320686730687051,0,-0.0113164263828301,0.0572242688419345,0.0022922506552233,0.00271071173930564,0.0257287434901406,0,0,0.00216095366812304,-0.0307108595733124,-0.0227558720351719,-0.00693157937007928,0,0.0133578509037626,-0.0109512466435105,0,-0.0250725180062184,0,0.0185056809935693,0,0,-0.0060137984933773,0,0,0,0,-0.00680476614737239,0.029996314369619,0,-0.0148798192401951,0,0.0196962361926821,-0.0125144134672193,0,-0.00440784906027512,0,0,0,0,0,0,0.0429344626039068,-0.0464161831510982,0,0.0253371280151962,0,-0.0238603709378947,-0.0311502638828839,0,0,0,0.00195505519694256,0,-0.0257916168711853,0.066076557457646,0,-0.00556797194784858,-0.00632483251742143,0,0,-0.0328360200751184,-0.0271259821433306,0.00783285997320145,0,-0.0389980797439954,-0.00382013028292204,0,0,0,0,-0.0020453091677013,0.00254707297197868,-0.00558571114650576,0,-0.0325940782469228,0,0,0,0,-0.0697787611129715,0,0.0201428097436943,0,0.0247450804069182,0,0,0.0268354221278644,0,0,0.0106943116141986,-0.0172449836151762,0,0.00920561810044146,0,0,0,0,0.00903692393791521,-0.000565233775113493,0,0,0,0,0,0,0,0,0,0,0,0,0,0,-0.00946040082144353,0,-0.00226076573173461,0,-0.0145774693877274,0.0415708847324445,0,-0.0120388342634189,-0.00205029603108454,0,0,0,-0.00511786065167977,0,0.050330853788488,0,-0.02949489206279,0.0260339406879859,0,0.0273680100411715,-0.00728112026882401,0.0010345352827506,-0.0225616569100025
-0.014752984564298,0.0508701514813608,-0.0186801368784775,0,-0.0393726822030908,0,0.054353108543384,0.0100824877202242,0,-0.0262427890179048,0,0,0,0.0662200272544578,0.0431224972367321,-0.00920086249253066,-0.0309444046946925,-0.00664304265148412,-0.00508311499685761,0,-0.000842874435440371,0,-0.0188315078754575,0,0.00810063742733132,-0.0061413231466006,0,0.0144336643174777,0,-0.0382289659310567,-0.000814964446819652,0,0,0,0,0,0,0,0,0,0,0.0181812037124411,0.0579335831837411,0.0375343784553815,-0.0150907212674753,0.0655199478735431,0.0259496244593653,-0.0025118542479393,0,-0.00588292159114037,-0.00327317400868745,0,-0.0111739991624561,0.0574182883509572,0.00275986306589247,0.00253217693367222,0.0257831933680183,0,0,0.00245303603162092,-0.0309273441595061,-0.0232868211955297,-0.00661528602322871,0,0.0129776076286513,-0.0118593593149397,0,-0.024751078938625,0,0.0180542066143665,0,0,-0.00633097067863266,0,0,0,0,-0.00764085709066716,0.0289414526158095,0,-0.0173961565328804,0,0.0196135181427552,-0.012046371748888,0,-0.00420491978988539,0,0,0,0,0,0,0.0432716370788653,-0.046344101683472,0,0.0251514651394554,0,-0.0239642247406245,-0.030927085381996,0,0,0,0.00206356783008986,0,-0.0259611927042621,0.0658545102964572,0,-0.00514610544573814,-0.00660470076033356,0,0,-0.0327578228873015,-0.0273194738119599,0.0080393597605399,0,-0.0388415064368791,-0.00396767311788704,0,0,0,0,-0.00116167762196442,0.00252710616090114,-0.00568117293780169,0,-0.0330035381270419,0,0,0,0,-0.0696682015891185,0,0.0206123875676074,0,0.0246690767921519,0,0,0.0270395495008681,0,0,0.0104366131900924,-0.0163498460255341,0,0.0100171751384222,0,0,0,0,0.00896795995279947,0,0,0,0,0,0,0,0,0,0,0,0,0,0,0,-0.00899271579307572,0,-0.00242188209203676,0,-0.0147700881583079,0.0416819117489197,0,-0.011508278932904,-0.00200062162985947,0,0,0,-0.00540840853002299,0,0.0500795153886559,0,-0.0297583636475439,0.0256802826401905,0,0.0280655969634897,-0.00755256138783495,0.000566608261222561,-0.0221706359972531
-0.0130137939080618,0.0497333382804392,-0.020193220838731,0,-0.0392100118880533,0,0.0536536700418906,0.0109136858499549,0,-0.0273916510695243,0,0,0,0.0644880869834185,0.0440020308252574,-0.00938392140719747,-0.0327780263937338,-0.00484609903353886,-0.00610723253127485,0,-0.00237216678284714,0,-0.0213237136667685,0,0.0116080506273158,-0.00749272044868519,0,0.0142699961618165,0,-0.0400992798130035,-0.000956768355261118,0,0,0,0,0,0,0,0,0,0,0.0179158225298364,0.0601270100963704,0.0412774544759276,-0.0146851939829929,0.0703087105875473,0.0261119210313261,-0.00640529857512934,0,-0.00598658468235908,-0.00276218414084853,0,-0.0106007120589691,0.0573048598760218,0.0015312601430617,0.00217967947013677,0.0265170275064872,0,0,0.00169830646208281,-0.0307447964682623,-0.0226466021780922,-0.00686486869665531,0,0.0134423331385871,-0.0104550652178621,0,-0.0255258416805186,0,0.0176369759206502,0,0,-0.00529266479349751,0,0,0,0,-0.00569305320116129,0.0333333387166809,0,-0.0125038977716733,0,0.0199682827569988,-0.0123256178814429,0,-0.0058255384200256,0,0,0,0,0,0,0.0434641377266816,-0.0462344370584226,0,0.0256463617659895,0,-0.024026485644358,-0.0305134081406251,0,0,0,0.00314879924933925,0,-0.0256497529733451,0.0669917973158111,0,-0.00611947527639516,-0.00582682295376819,0,0,-0.0327658135153336,-0.0270531901711785,0.00950996624257445,0,-0.0391926042285362,-0.00420794853857253,0,0,0,0,-0.00329658913548404,0.00244909356335465,-0.00206713175984634,0,-0.032979536068695,0,0,0,0,-0.0695505291902218,0,0.02033610899213,0,0.0243289271961259,0,0,0.0270177159316317,0,0,0.0116175598369558,-0.0163567102423267,0,0.00869417088677908,0,0,0,0,0.00896039260589962,-0.001638970385213,0,0,0,0,0,0,0,0,0,0,0,0,0,0,-0.00965370586355144,0,-0.00268967684207847,0,-0.0139681039196349,0.0426634668408385,0,-0.0130136811642175,-0.00176857664594763,0,0,0,-0.0058362427347424,0,0.0501871434998928,0,-0.0288982226341652,0.0268735671596497,0,0.0269235366966951,-0.00717725395319461,0.00152401695938474,-0.0225810094108598
NA,NA,NA,NA,NA,NA,NA,NA,NA,NA,NA,NA,NA,NA,NA,NA,NA,NA,NA,NA,NA,NA,NA,NA,NA,NA,NA,NA,NA,NA,NA,NA,NA,NA,NA,NA,NA,NA,NA,NA,NA,NA,NA,NA,NA,NA,NA,NA,NA,NA,NA,NA,NA,NA,NA,NA,NA,NA,NA,NA,NA,NA,NA,NA,NA,NA,NA,NA,NA,NA,NA,NA,NA,NA,NA,NA,NA,NA,NA,NA,NA,NA,NA,NA,NA,NA,NA,NA,NA,NA,NA,NA,NA,NA,NA,NA,NA,NA,NA,NA,NA,NA,NA,NA,NA,NA,NA,NA,NA,NA,NA,NA,NA,NA,NA,NA,NA,NA,NA,NA,NA,NA,NA,NA,NA,NA,NA,NA,NA,NA,NA,NA,NA,NA,NA,NA,NA,NA,NA,NA,NA,NA,NA,NA,NA,NA,NA,NA,NA,NA,NA,NA,NA,NA,NA,NA,NA,NA,NA,NA,NA,NA,NA,NA,NA,NA,NA,NA,NA,NA,NA,NA,NA,NA,NA,NA,NA,NA,NA,NA,NA,NA,NA,NA,NA,NA,NA
NA,NA,NA,NA,NA,NA,NA,NA,NA,NA,NA,NA,NA,NA,NA,NA,NA,NA,NA,NA,NA,NA,NA,NA,NA,NA,NA,NA,NA,NA,NA,NA,NA,NA,NA,NA,NA,NA,NA,NA,NA,NA,NA,NA,NA,NA,NA,NA,NA,NA,NA,NA,NA,NA,NA,NA,NA,NA,NA,NA,NA,NA,NA,NA,NA,NA,NA,NA,NA,NA,NA,NA,NA,NA,NA,NA,NA,NA,NA,NA,NA,NA,NA,NA,NA,NA,NA,NA,NA,NA,NA,NA,NA,NA,NA,NA,NA,NA,NA,NA,NA,NA,NA,NA,NA,NA,NA,NA,NA,NA,NA,NA,NA,NA,NA,NA,NA,NA,NA,NA,NA,NA,NA,NA,NA,NA,NA,NA,NA,NA,NA,NA,NA,NA,NA,NA,NA,NA,NA,NA,NA,NA,NA,NA,NA,NA,NA,NA,NA,NA,NA,NA,NA,NA,NA,NA,NA,NA,NA,NA,NA,NA,NA,NA,NA,NA,NA,NA,NA,NA,NA,NA,NA,NA,NA,NA,NA,NA,NA,NA,NA,NA,NA,NA,NA,NA,NA
NA,NA,NA,NA,NA,NA,NA,NA,NA,NA,NA,NA,NA,NA,NA,NA,NA,NA,NA,NA,NA,NA,NA,NA,NA,NA,NA,NA,NA,NA,NA,NA,NA,NA,NA,NA,NA,NA,NA,NA,NA,NA,NA,NA,NA,NA,NA,NA,NA,NA,NA,NA,NA,NA,NA,NA,NA,NA,NA,NA,NA,NA,NA,NA,NA,NA,NA,NA,NA,NA,NA,NA,NA,NA,NA,NA,NA,NA,NA,NA,NA,NA,NA,NA,NA,NA,NA,NA,NA,NA,NA,NA,NA,NA,NA,NA,NA,NA,NA,NA,NA,NA,NA,NA,NA,NA,NA,NA,NA,NA,NA,NA,NA,NA,NA,NA,NA,NA,NA,NA,NA,NA,NA,NA,NA,NA,NA,NA,NA,NA,NA,NA,NA,NA,NA,NA,NA,NA,NA,NA,NA,NA,NA,NA,NA,NA,NA,NA,NA,NA,NA,NA,NA,NA,NA,NA,NA,NA,NA,NA,NA,NA,NA,NA,NA,NA,NA,NA,NA,NA,NA,NA,NA,NA,NA,NA,NA,NA,NA,NA,NA,NA,NA,NA,NA,NA,NA
NA,NA,NA,NA,NA,NA,NA,NA,NA,NA,NA,NA,NA,NA,NA,NA,NA,NA,NA,NA,NA,NA,NA,NA,NA,NA,NA,NA,NA,NA,NA,NA,NA,NA,NA,NA,NA,NA,NA,NA,NA,NA,NA,NA,NA,NA,NA,NA,NA,NA,NA,NA,NA,NA,NA,NA,NA,NA,NA,NA,NA,NA,NA,NA,NA,NA,NA,NA,NA,NA,NA,NA,NA,NA,NA,NA,NA,NA,NA,NA,NA,NA,NA,NA,NA,NA,NA,NA,NA,NA,NA,NA,NA,NA,NA,NA,NA,NA,NA,NA,NA,NA,NA,NA,NA,NA,NA,NA,NA,NA,NA,NA,NA,NA,NA,NA,NA,NA,NA,NA,NA,NA,NA,NA,NA,NA,NA,NA,NA,NA,NA,NA,NA,NA,NA,NA,NA,NA,NA,NA,NA,NA,NA,NA,NA,NA,NA,NA,NA,NA,NA,NA,NA,NA,NA,NA,NA,NA,NA,NA,NA,NA,NA,NA,NA,NA,NA,NA,NA,NA,NA,NA,NA,NA,NA,NA,NA,NA,NA,NA,NA,NA,NA,NA,NA,NA,NA
-0.0143971178442708,0.0505911080355575,-0.018233467313682,0,-0.0401322714830909,0,0.0545058556948217,0.0113203125125745,0,-0.0269902126314217,0,0,0,0.0655258566560794,0.0437863325028567,-0.00917531744405785,-0.0316566751907655,-0.0067394428485571,-0.00551773190112252,0,-0.0014975520605562,0,-0.0201789030648866,0,0.00944445943867265,-0.00592397675575128,0,0.0144491359405903,0,-0.0384896558815312,-0.00139730461895304,0,0,0,0,0,0,0,0,0,0,0.0188879779051003,0.0585975146133905,0.0384888219279937,-0.0156498528788882,0.0662976096217228,0.0268103587597432,-0.0044453502702396,0,-0.00597997705733911,-0.00296623172690214,0,-0.0102553438813366,0.0579286564662438,0.0022983105373644,0.0021482916233335,0.0256090667798099,0,0,0.0015861433218747,-0.0305492832557975,-0.0223354582964919,-0.00730605646748687,0,0.0132450112338005,-0.0110558863081248,0,-0.0253133985443971,0,0.018149615313886,0,0,-0.00613491754059953,0,0,0,0,-0.00704405077972068,0.0295743187924821,0,-0.0142446555606828,0,0.0198643231630866,-0.0125001266282634,0,-0.00430283836361211,0,0,0,0,0,0,0.0433223577752925,-0.0461703632647951,0,0.0242399512597425,0,-0.0241962299126749,-0.030754056455766,0,0,0,0.00196902644415139,0,-0.0258846907199578,0.0664609559635704,0,-0.00591390693980775,-0.00620135666414229,0,0,-0.0329773512644833,-0.0270290788661658,0.00797640841595407,0,-0.039165636433439,-0.00337298648211893,0,0,0,0,-0.00172026934601629,0.00337477883226819,-0.00493856359989701,0,-0.0330941437547923,0,0,0,0,-0.0703086026045305,0,0.020758932727401,0,0.0232499108006312,0,0,0.0267211184957512,0,0,0.0105269045683056,-0.0169406654892498,0,0.00932259579407868,0,0,0,0,0.00974102195726212,-0.00032057206814221,0,0,0,0,0,0,0,0,0,0,0,0,0,0,-0.0100771137683958,0,-0.00277850125684206,0,-0.0148670976540914,0.0424330601696626,0,-0.0111912089169628,-0.00238843013600421,0,0,0,-0.0052062801992598,0,0.0501559340467715,0,-0.0294905155225766,0.0255907109026602,0,0.0270419717009126,-0.00685015108343309,0.00132108580680306,-0.022865232477697
NA,NA,NA,NA,NA,NA,NA,NA,NA,NA,NA,NA,NA,NA,NA,NA,NA,NA,NA,NA,NA,NA,NA,NA,NA,NA,NA,NA,NA,NA,NA,NA,NA,NA,NA,NA,NA,NA,NA,NA,NA,NA,NA,NA,NA,NA,NA,NA,NA,NA,NA,NA,NA,NA,NA,NA,NA,NA,NA,NA,NA,NA,NA,NA,NA,NA,NA,NA,NA,NA,NA,NA,NA,NA,NA,NA,NA,NA,NA,NA,NA,NA,NA,NA,NA,NA,NA,NA,NA,NA,NA,NA,NA,NA,NA,NA,NA,NA,NA,NA,NA,NA,NA,NA,NA,NA,NA,NA,NA,NA,NA,NA,NA,NA,NA,NA,NA,NA,NA,NA,NA,NA,NA,NA,NA,NA,NA,NA,NA,NA,NA,NA,NA,NA,NA,NA,NA,NA,NA,NA,NA,NA,NA,NA,NA,NA,NA,NA,NA,NA,NA,NA,NA,NA,NA,NA,NA,NA,NA,NA,NA,NA,NA,NA,NA,NA,NA,NA,NA,NA,NA,NA,NA,NA,NA,NA,NA,NA,NA,NA,NA,NA,NA,NA,NA,NA,NA
-0.013975930264563,0.0505944681963826,-0.0176638871323269,0,-0.0398394322392359,0,0.0538253950310051,0.0109420308836989,0,-0.0269563478062029,0,0,0,0.0658441046045987,0.0438398856466748,-0.00954473029502048,-0.0326297205963389,-0.00663726401687282,-0.00497617154580357,0,-0.00138600870343944,0,-0.0198952453158707,0,0.00964675865055979,-0.00617062170734689,0,0.014689159448794,0,-0.038113808292051,-0.00085859148375764,0,0,0,0,0,0,0,0,0,0,0.0190484786987178,0.0589113888805384,0.0382713941609585,-0.0153028344576548,0.0662025869391784,0.0270272275440283,-0.00433386747466272,0,-0.00619259128040388,-0.00309128324286645,0,-0.0101349647634536,0.0577374949081277,0.0022891780337546,0.00228830875599899,0.0254804269459179,0,0,0.00197910955742734,-0.0306893266758234,-0.0225735837248844,-0.00709289750763176,0,0.0130887023670822,-0.011131132113354,0,-0.0255815145542946,0,0.0182103550474649,0,0,-0.0051872832660717,0,0,0,0,-0.0076170510308071,0.0297813012726819,0,-0.0140987311049288,0,0.0196259271809936,-0.0130422409447628,0,-0.00512760285747273,0,0,0,0,0,0,0.0424167048664638,-0.0455311490626208,0,0.0239696040186663,0,-0.0244175268940566,-0.0310780148619383,0,0,0,0.00226645207054961,0,-0.0258583651926275,0.0662807609245642,0,-0.00700772745351314,-0.00555613298813818,0,0,-0.0330192236504433,-0.0269731710200211,0.00762734276660882,0,-0.0390486683676673,-0.00409639418104832,0,0,-0.000382562715445889,0,-0.00203669207239643,0.00480301855297619,-0.00476502731666592,0,-0.0330224090204478,0,0,0,0,-0.0698095440689488,0,0.0210469042475292,0,0.0239216421639866,0,0,0.0274360008015101,0,0,0.0101293000944868,-0.0165737711328919,0,0.00889750530712526,0,0,0,0,0.00946318706055314,-0.000129208523045481,0,0,0,0,0,0,0,0,0,0,0,0,0,0,-0.0108793186230062,0,-0.000807362568635431,0,-0.0147143297099431,0.0438137885213379,0,-0.0104794248475953,-0.0018870636260028,0,0,0,-0.00520846909511474,0,0.0500138413383088,0,-0.0295106857957437,0.0255923806347054,0,0.0267888035480124,-0.00690998197051948,0.00123565560532364,-0.0235405800882362
NA,NA,NA,NA,NA,NA,NA,NA,NA,NA,NA,NA,NA,NA,NA,NA,NA,NA,NA,NA,NA,NA,NA,NA,NA,NA,NA,NA,NA,NA,NA,NA,NA,NA,NA,NA,NA,NA,NA,NA,NA,NA,NA,NA,NA,NA,NA,NA,NA,NA,NA,NA,NA,NA,NA,NA,NA,NA,NA,NA,NA,NA,NA,NA,NA,NA,NA,NA,NA,NA,NA,NA,NA,NA,NA,NA,NA,NA,NA,NA,NA,NA,NA,NA,NA,NA,NA,NA,NA,NA,NA,NA,NA,NA,NA,NA,NA,NA,NA,NA,NA,NA,NA,NA,NA,NA,NA,NA,NA,NA,NA,NA,NA,NA,NA,NA,NA,NA,NA,NA,NA,NA,NA,NA,NA,NA,NA,NA,NA,NA,NA,NA,NA,NA,NA,NA,NA,NA,NA,NA,NA,NA,NA,NA,NA,NA,NA,NA,NA,NA,NA,NA,NA,NA,NA,NA,NA,NA,NA,NA,NA,NA,NA,NA,NA,NA,NA,NA,NA,NA,NA,NA,NA,NA,NA,NA,NA,NA,NA,NA,NA,NA,NA,NA,NA,NA,NA
-0.0139581147377513,0.0508627118094403,-0.0175615561356636,0,-0.0396782884832312,0,0.0541851919519525,0.0107675491335526,0,-0.0267314828502776,0,0,0,0.0661415164802551,0.043566396493875,-0.00948903080673736,-0.0317106205444337,-0.0064506608889644,-0.00489390027057567,0,-0.00114668616827075,0,-0.0197809510082297,0,0.00921492755746241,-0.00647935582709121,0,0.0145016364470959,0,-0.0384445780991428,-0.000980145586497531,0,0,0,0,0,0,0,0,0,0,0.018813856953095,0.0588418472115063,0.0379751240864222,-0.0152593934311016,0.0656503028907238,0.0265241324336089,-0.00433396203205255,0,-0.00617655531338119,-0.00313643823282835,0,-0.011254149491022,0.0575810977193708,0.00232551453955614,0.00265682561293942,0.0253900953888106,0,0,0.00222726397483975,-0.0306905631450287,-0.0220255902269987,-0.00697366349566699,0,0.0132743488006675,-0.0110279850764011,0,-0.0250644705268969,0,0.0185153324899301,0,0,-0.00605522221292342,0,0,0,0,-0.00625160312940368,0.0293155090230869,0,-0.014347556182842,0,0.0192525455991508,-0.0127447355684609,0,-0.00470360333039547,0,0,0,0,0,0,0.0424644721235539,-0.0462286602814175,0,0.0245763317004547,0,-0.0239272995410253,-0.0310606306427323,0,0,0,0.00205961443736296,0,-0.025740325639646,0.0662731072166797,-0.000527107234227091,-0.00671802059325619,-0.00525142701706021,0,0,-0.033030310367953,-0.02740628199823,0.00808597650360687,0,-0.039055460277471,-0.00338709072351256,0,0,-0.000100214425748465,0,-0.00199540094119792,0.0040767446024576,-0.00489318027327248,0,-0.0324097021251892,0,0,0,0,-0.0695847369371067,0,0.0200508205671554,0,0.0239893566860841,0,0,0.0270597675730312,0,0,0.0105228732595532,-0.0165194380495459,0,0.00924258624749806,0,0,0,0,0.00941378555708442,-0.0000646967555578245,0,0,0,0,0,0,0,0,0,0,0,0,0,0,-0.00949428290614155,0,-0.00190048012063622,0,-0.0146647866592231,0.0418620601563987,0,-0.010995634347247,-0.00225866777307458,0,0,0,-0.00515355067764823,0,0.0500821423956609,0,-0.029194609810977,0.0254574264283323,0,0.026964749755362,-0.00691997658107342,0.000617931704742182,-0.0226368676988385
-0.0145955684619748,0.050701303208894,-0.0183884543390978,0,-0.0394379716713515,0,0.0544714008907499,0.0105805968534815,0,-0.0265987999041258,0,0,0,0.0659008338528627,0.0433680431866871,-0.00905588383678831,-0.0314204269288885,-0.00688642670347395,-0.00535602679500806,0,-0.000996169827622677,0,-0.019583109963263,0,0.00875264956538895,-0.00600349317449157,0,0.014442598374672,0,-0.0382678445627938,-0.00134472617982418,0,0,0,0,0,0,0,0,0,0,0.0185133468350957,0.0583091710366636,0.0378149397641834,-0.0154253717058093,0.0660823595337499,0.0264658518957311,-0.00456742164871517,0,-0.00590738496098988,-0.00297314425613521,0,-0.0103757543781572,0.0570633535720333,0.0021994120085603,0.00283707783227447,0.0261602123950852,0,0,0.00216467234879528,-0.0306305618888797,-0.023414236384302,-0.00692284687314725,0,0.0134611744336201,-0.0108507029793298,0,-0.0250225265078661,0,0.0182309372412113,0,0,-0.00583636839573391,0,0,0,0,-0.00756729654827656,0.0294918315705639,0,-0.0141349324971966,0,0.0195294776140748,-0.0125946528113956,0,-0.00450536613389823,0,0,0,0,0,0,0.0429626954695889,-0.0456012047228137,0,0.0248785038542618,0,-0.024149839322782,-0.0307842581325404,0,0,0,0.00197538766221911,0,-0.0256957881126167,0.0661810533906358,0,-0.00654708547337992,-0.00607800992456445,0,0,-0.0323804231812038,-0.026741197798186,0.00752810682973885,0,-0.0387729821853683,-0.0040605222245392,0,0,0,0,-0.00167646441279712,0.00250863598178732,-0.00498777108788817,0,-0.0326211346018591,0,0,0,0,-0.0691997233093264,0,0.0204615148744551,0,0.0239686082712845,0,0,0.0267523092181545,0,0,0.0103258046489732,-0.0167362433427224,0,0.00943219737991965,0,0,0,0,0.00980513598162778,-0.000228354410745397,0,0,0,0,0,0,0,0,0,0,0,0,0,0,-0.00957213684052239,0,-0.00304095772051547,0,-0.0144064005371315,0.0413313859966835,0,-0.0118753220363779,-0.00193691770189486,0,0,0,-0.00508808220571046,0,0.0500104735412559,0,-0.0291736951254394,0.025173384645103,0,0.027167194568,-0.00710756042732743,0.00131245563578481,-0.0227038680948403
-0.0148205929565124,0.0506781422872414,-0.0181287938960389,0,-0.039353902443846,0,0.0546448233929149,0.0105622730380771,0,-0.0260385903512987,0,0,0,0.0655217517433835,0.0431997556628899,-0.00870267731947851,-0.0315360733132821,-0.00708701084506585,-0.00568371982439244,0,-0.000903322228638919,0,-0.0198510637085866,0,0.00905431230696239,-0.00599976325422037,0,0.0141860511684004,0,-0.0379398960231927,-0.0013440012506269,0,0,0,0,0,0,0,0,0,0,0.0186030608080192,0.0583942940115338,0.0376935401974084,-0.0154769665095897,0.0661483333376082,0.0264182725301551,-0.00466246768898455,0,-0.00560594479698203,-0.00289532599753196,0,-0.0108668768535425,0.0570963243084973,0.00267689234794738,0.00273607797392693,0.0267444651302615,0,0,0.00205395878472253,-0.0308585349312353,-0.0215624991989982,-0.00695158938360552,0,0.0133115924849194,-0.0105905277098417,0,-0.0250594561932604,0,0.0176795398246966,0,0,-0.00559136411654235,0,0,0,0,-0.00779497177504425,0.0297180501320501,0,-0.0143879270771791,0,0.01954100313138,-0.0128582214918297,0,-0.00419647648082952,0,0,0,0,0,0,0.0428212538844042,-0.0453166256324122,0,0.0245647313249022,0,-0.0236545746028368,-0.0310297992744913,0,0,0,0.00208528843590157,0,-0.0254129862449174,0.0666934658061326,0,-0.00948046138742617,-0.00549049973536328,0,0,-0.0322149048399595,-0.0264254873018078,0.00699203453041862,0,-0.038550706153224,-0.00521708548789129,0,0,0,0,-0.0016102582558835,0.00159133160235429,-0.00466325350765204,0,-0.0318987823172685,0,0,0,0,-0.0688416038312682,0,0.0202572221885958,0,0.0236307855990716,0,0,0.027145398233664,0,0,0.0104975277219695,-0.0171417086921836,0,0.00929538873297625,0,0,0,0,0.00963687979681885,-0.00052757538257692,0,0,0,0,0,0,0,0,0,0,0,0,0,0,-0.0100560691692611,0,-0.00365757166063629,0,-0.0131688280789633,0.0417033312316199,0,-0.0113891577385844,-0.00306916120590509,0,0,0,-0.00501688517863214,0,0.0499394056533952,0,-0.0291638369050275,0.0249802351095841,0,0.0269937310111102,-0.00707572406880873,0,-0.0232319643594963
-0.0147580801036828,0.0505162013366599,-0.01837420692504,0,-0.039367216956445,0,0.0547933125186874,0.0101620839827564,0,-0.0267589748232049,0,0,0,0.0657585784500166,0.0435817172514914,-0.00896328370733157,-0.0316283936384747,-0.00673390571307216,-0.00547131470031493,0,-0.00150789490586705,0,-0.0199677581240178,0,0.00907754062350365,-0.00594162380872193,0,0.014294574605641,0,-0.0383438550134395,-0.00153285107165607,0,0,0,0,0,0,0,0,0,0,0.0186014844581818,0.0582026280384137,0.0377883752159262,-0.0153731117141616,0.0660248886301181,0.026560448048265,-0.00471687065528807,0,-0.00571596677386375,-0.00308077848247205,0,-0.0107027379154425,0.0573052207538316,0.00259602492744371,0.00291490251531246,0.0254066753508362,0,0,0.00210996964700582,-0.0309066910018487,-0.0214662520510198,-0.00709566714485029,0,0.0134021404335356,-0.0109669797082063,0,-0.0255362940052679,0,0.018357731579774,0,0,-0.00591434531133905,0,0,0,0,-0.00678203813555893,0.029250091274918,0,-0.0143811480690883,0,0.0198244922175912,-0.0127704031528992,0,-0.0049081643065838,0,0,0,0,0,0,0.0431400492554654,-0.0452970210421703,0,0.025407665821555,0,-0.0240138524572557,-0.0310409643495809,0,0,0,0.0017030817849667,0,-0.0256844094387745,0.0663875948871315,0,-0.00537622348752202,-0.00556960015949284,0,0,-0.0326488721857921,-0.0294925871332517,0.00658226644368998,0,-0.0389736590860388,-0.00527717803042154,0,0,0,0,-0.00141464155159874,0.00206675641286605,-0.00437674405589055,0,-0.032770015360061,0,0,0,0,-0.0697904363934134,0,0.0204332307615138,0,0.0243877259529271,0,0,0.02666359449045,0,0,0.0104873481283298,-0.0165431187613883,0,0.00898706952376794,0,0,0,0,0.00981137439916224,-0.000407913015145947,0,0,0,0,0,0,0,0,0,0,0,0,0,0,-0.00950102292714368,0,-0.00338623683472978,0,-0.0148306501519028,0.0412752582196374,0,-0.0115169672081921,-0.00171556634304813,0,0,0,-0.0046939074139954,0,0.0504236965070688,0,-0.0291413055615195,0.0253115850153946,0,0.0271902627048877,-0.00675378714243758,0.00111053891740384,-0.0226727400122115
-0.0140804027900165,0.0506181458465736,-0.0177950140434847,0,-0.0396254409297764,0,0.0547762936703293,0.0109959169310744,0,-0.0268494399274474,0,0,0,0.0657451225869562,0.0432729335508864,-0.0093293862200961,-0.0315435630616592,-0.00709928075225775,-0.00520156537005923,0,-0.00137506272862481,0,-0.0194566055745286,0,0.00865614221856757,-0.00610614643145751,0,0.0144217898303677,0,-0.0384112451738738,-0.00136445836250195,0,0,0,0,0,0,0,0,0,0,0.0184555906874233,0.058434772084921,0.0381906697753129,-0.0155557719013309,0.066001836773202,0.0265723332609227,-0.004316696384158,0,-0.00606145796696077,-0.00310856638441416,0,-0.01065788083261,0.0576062382014304,0.00209211978564579,0.00254748667544847,0.0254812916776323,0,0,0.00205256269754191,-0.0306086611266939,-0.0229957637082855,-0.00709079667329379,0,0.0133596572184834,-0.0108269396634631,0,-0.025253153166413,0,0.0185065934268183,0,0,-0.00560651149816598,0,0,0,0,-0.00697377644536415,0.0296020534909911,0,-0.0143671361405478,0,0.019269486428883,-0.0123831933187932,0,-0.00474972322706389,0,0,0,0,0,0,0.0426785057708426,-0.0458429754049494,0,0.0250017888853782,0,-0.0241349285820665,-0.0311157052834956,0,0,0,0.00192611321570116,0,-0.02585721619142,0.0665013512004966,0,-0.006149446187278,-0.0064774480153038,0,0,-0.0331456377843022,-0.0273717058623852,0.00964656974909044,0,-0.0389119605119075,-0.00378009313916857,0,0,0,0,-0.00161080577738026,0.00344426595552944,-0.00423053976245002,0,-0.0329167331975023,0,0,0,0,-0.0694154987350318,0,0.0201041710564144,0,0.0239300640068445,0,0,0.026851837063513,0,0,0.0106598518126492,-0.0167489193630923,0,0.00952123843715069,0,0,0,0,0.00993953187449209,-0.000103393668707179,0,0,0,0,0,0,0,0,0,0,0,0,0,0,-0.00950458307378915,0,-0.00184219593814583,0,-0.0141436861364898,0.0415461001359764,0,-0.0117314730732306,-0.00201106056393722,0,0,0,-0.00547329759256827,0,0.0502040411879516,0,-0.0292672570896341,0.0259916611410164,0,0.0271694135494021,-0.00712066128648671,0.00101152297181333,-0.0224179764033428
-0.0139668460310187,0.0504925311163572,-0.0179268207860661,0,-0.0396781095618419,0,0.0542122476216816,0.0103042750564337,0,-0.026887778679728,0,0,0,0.0656660463765292,0.0433751767754505,-0.0094140789345894,-0.0312818653468795,-0.00675820675421478,-0.00475356478925876,0,-0.000942191009585232,0,-0.0193050079987812,0,0.00889479732657228,-0.00642196161182935,0,0.0146983747816486,0,-0.0380548361306855,-0.00160753583206668,0,0,0,0,0,0,0,0,0,0,0.0182578746788655,0.0585516814173184,0.0381896943645658,-0.0153880555550467,0.0659258797058702,0.0266979734850139,-0.00458435751041819,0,-0.00627261625437205,-0.00318168134511237,0,-0.0103046009569142,0.0573402522912066,0.00191394368041366,0.00302703355718137,0.0257687127970699,0,0,0.00214728671465665,-0.0305056759940236,-0.0226575314899596,-0.00647681717280434,0,0.0135516113745081,-0.0108173107892339,0,-0.0244547962646511,0,0.0180733716674644,0,0,-0.00568436694310691,0,0,0,0,-0.00731743952752122,0.0299798483972813,0,-0.0137853157733156,0,0.0192353986442402,-0.0123065291770544,0,-0.00461164107950172,0,0,0,0,0,0,0.0427583125950142,-0.0461496503928199,0,0.0250137765016668,0,-0.0241451290297353,-0.031304962556077,0,0,0,0.00205241495533052,0,-0.0258414947757571,0.0661964302971516,0,-0.00607993073750301,-0.00704392326499107,0,0,-0.0327744162325945,-0.0273393587820305,0.0082244843055874,0,-0.0388476264920125,-0.00354592686982092,0,0,0,0,-0.00213520347778182,0.00317960061133373,-0.00549333068705796,0,-0.0319350819325511,0,0,0,0,-0.0691237730196632,0,0.0197955497543146,0,0.0256059207017827,0,0,0.0267060063590209,0,0,0.0102225265903261,-0.0167707485360274,0,0.00923649022011403,0,0,0,0,0.00941523110337945,-0.0000344142296772583,0,0,0,0,0,0,0,0,0,0,0,0,0,0,-0.00946547842104589,0,-0.00157790224891701,0,-0.0141644140827576,0.0412895939972088,0,-0.0116621525689607,-0.00212600225587481,0,0,-0.0000752211272846144,-0.00501277313303805,0,0.0503712979943653,0,-0.0297623243870892,0.0253797438045236,0,0.0268054104656528,-0.00764784460823291,0.00124509932353525,-0.0217474061604957
-0.014062059095008,0.0502263554845279,-0.0183548139066765,0,-0.0398152082093204,0,0.0545279407906624,0.0105914311702522,0,-0.0266824611005914,0,0,0,0.065942017812588,0.0433675934082167,-0.00920945967785601,-0.0314250291511336,-0.00646843304832059,-0.00495442666041465,0,-0.000604839005687485,0,-0.0199722098231478,0,0.00866192875707328,-0.00654765812025305,0,0.014577768516976,0,-0.0381816954910899,-0.0015475499232666,0,0,0,0,0,0,0,0,0,0,0.0184045572890232,0.0585293730500183,0.0384053828622343,-0.0152548510405032,0.0659830680313723,0.0266384984213966,-0.00458448694767895,0,-0.00610250388386432,-0.00299021377721902,0,-0.0102359972043368,0.0572973724624793,0.00198594180168347,0.00290894690832866,0.0255936952708627,0,0,0.00219144559918636,-0.0312026824496725,-0.0226865456285503,-0.00691485658315886,0,0.0136228343598783,-0.0110112972880655,0,-0.0251970809807689,0,0.0182738292735062,0,0,-0.00605699277193849,0,0,0,0,-0.00684332350008969,0.0299006473213288,0,-0.0139993561197701,0,0.0198013567533849,-0.0125726955158929,0,-0.00511974044905794,0,0,0,0,0,0,0.042680587115944,-0.0459189904791247,0,0.0253503330206189,0,-0.0242328988169174,-0.0311456726691616,0,0,0,0.00279307436478655,0,-0.0257296879062404,0.0662693771141104,0,-0.00533754112145973,-0.00633953699809587,0,0,-0.0324550112546702,-0.0267496357062939,0.00756644515222732,0,-0.0390619583524571,-0.00405037974951478,0,0,0,0,-0.00218245443005597,0.0036818390948144,-0.00542239464203426,0,-0.0322256679246947,0,0,0,0,-0.0689907543552035,0,0.0204159728782458,0,0.0246310234535573,0,0,0.0267649257249822,0,0,0.0105509378412856,-0.0167237176889996,0,0.00916501777007103,0,0,0,0,0.00934636844520386,0,0,0,0,0,0,0,0,0,0,0,0,0,0,0,-0.00996335244869207,0,-0.00255111812961151,0,-0.0146134388638137,0.0415021837603026,0,-0.0119187854229263,-0.00159551337420356,0,0,0,-0.00525490772701429,0,0.0503489329945742,0,-0.0295321023652701,0.0253471944048676,0,0.0273402247000342,-0.00690678268507029,0.00072491068959658,-0.023098358996026
-0.0138884645440235,0.0501875325106253,-0.0174062093460522,0,-0.040133364539038,0,0.0543223665612718,0.0109477744400966,0,-0.0270653343316481,0,0,0,0.0666152681391434,0.0435884813311039,-0.0090332690429062,-0.0310768901337305,-0.00673216127803997,-0.00503107667400406,0,-0.00135862740271447,0,-0.0194496448642342,0,0.00918915798503212,-0.00645955930241934,0,0.0145607173124849,0,-0.0378546351924084,-0.00125812442459076,0,0,0,0,0,0,0,0,0,0,0.0187372740270229,0.0604838744673938,0.037842380696886,-0.0157746803919532,0.0654906636365273,0.0267001290754367,-0.00438271807398356,0,-0.00632455364669334,-0.0031391167841598,0,-0.0110153770125282,0.0575474362851364,0.00240874120770099,0.00239941979637574,0.0255291271473012,0,0,0.00223095248731297,-0.0307500305500002,-0.0221106828414371,-0.00690737064490927,0,0.0129160650072468,-0.0111454364140158,0,-0.0255568523475673,0,0.0184215549829827,0,0,-0.00625923010519565,0,0,0,0,-0.00730343377727513,0.0297316626695118,0,-0.0139414824436576,0,0.0199009418379462,-0.0126057112394032,0,-0.00457341058485533,0,0,0,0,0,0,0.042640921964189,-0.04670976976162,0,0.0258469500811509,0,-0.0240829988860657,-0.0312062803585087,0,0,0,0.00324318412103695,0,-0.0252765469857586,0.0665807504561146,-0.00014932452694185,-0.00608718191241337,-0.00636303070944223,0,0,-0.0332950304703981,-0.0266860387790423,0.00761634611859669,0,-0.0397369939509702,-0.00390812465685079,0,0,0,0,-0.00226088642005614,0.00347233599968973,-0.00535177457143421,0,-0.0326811336803301,0,0,0,0,-0.0699355838999208,0,0.0209073788559144,0,0.0242935611982481,0,0,0.0268336614147616,0,0,0.0106900068686215,-0.0167431308584355,0,0.0088633349538726,0,0,0,0,0.00926693335260114,0,0,0,0,0,0,0,0,0,0,0,0,0,0,0,-0.00946768624055406,0,-0.00218866125808179,0,-0.0148406780239099,0.0411110848929342,0,-0.0111339495634687,-0.00157824507793804,0,0,0,-0.00527553610878998,0,0.050587399191916,0,-0.0297856364491664,0.0256925288000229,0,0.0279307566447278,-0.00693270917722091,0.000744467140798984,-0.0234588279566543
-0.0145115677502622,0.04989778621103,-0.0197355665195388,0,-0.0393416346640836,0,0.0543758541765722,0.0117466723232682,0,-0.0265632681718934,0,0,0,0.0665747443385554,0.0431200343383863,-0.00932364016501041,-0.0312645413361759,-0.00643461873315194,-0.00494881684364046,0,-0.00220356685386249,0,-0.0194038858873561,0,0.00864267366436312,-0.00577314276025276,0,0.0142704893077386,0,-0.0436835272855104,-0.000968620697168927,0,0,0,0,0,0,0,0,0,0,0.0181602380945184,0.0589421855030522,0.0384398981102338,-0.0152244011313681,0.0661880573869471,0.0257937715074881,-0.00441131094123792,0,-0.00631231029135295,-0.00357566317729188,0,-0.0110694901368348,0.0567393288448089,0.00206307149291429,0.00224223381131415,0.0251171626446856,0,0,0.00241650659312126,-0.03139069924901,-0.0227859819955229,-0.00657676087277173,0,0.0136635577201254,-0.010089839032529,0,-0.0244931618561164,0,0.0185652408412469,0,0,-0.00612958197208425,0,0,0,0,-0.00782632433398268,0.0294185631555296,0,-0.0149962535490008,0,0.0196303712042722,-0.0117197867944158,0,-0.00405193951675679,0,0,0,0,0,0,0.0428719513142767,-0.0456527750980537,0,0.0256315027901822,0,-0.0253362542869419,-0.0377874783004702,0,0,0,0.00225854062511245,0,-0.0260713656572374,0.0664993974091074,0,-0.00624771493586024,-0.00606084919767685,0,0,-0.0333019774745531,-0.0275531785896701,0.00741155120364971,0,-0.0380594813460014,-0.00333754551319385,0,0,-0.000270307199281232,0,-0.00136557076036814,0.00248978468281562,-0.00459842413185109,0,-0.0323845308962322,0,0,0,0,-0.0691217961756304,0,0.020530218166347,0,0.0247828810569999,0,0,0.0258547211810549,0,0,0.0103753081754018,-0.0166043246197874,0,0.00996190376344217,0,0,0,0,0.00877979050905005,-0.00157854775751203,0,0,0,0,0,0,0,0,0,0,0,0,0,0,-0.00960760757266684,0,-0.00150298891415365,0,-0.0144983534602136,0.0420635203021672,0,-0.0116728086692591,-0.00187334331305259,0,0,-0.00110962869979542,-0.00525459636058939,0,0.0500273545633464,0,-0.0279606074715957,0.0255590608916874,0,0.0284148686281021,-0.00703251504934478,0.0010384253147774,-0.0224484635194774
-0.0146372015461104,0.0505390658769618,-0.018780307161742,0,-0.0385448429985614,0,0.0543281104399579,0.010322968393607,0,-0.0267591031244058,0,0,0,0.0657374235411744,0.0434265304011228,-0.00890215287283007,-0.0328275175623226,-0.00612180859076706,-0.00516934145151752,0,-0.00120003923351697,0,-0.0194921621378639,0,0.00892666823509095,-0.00630589038049917,0,0.0144415369152357,0,-0.0381718034445491,-0.000977742012328436,0,0,0,0,0,0,0,0,0,0,0.018336522857777,0.0584294852230544,0.0382477755284853,-0.0155748475826138,0.0658816180294936,0.0263703668510845,-0.0044622052307588,0,-0.00610834601240989,-0.00306482386973681,0,-0.0105002000027334,0.0572284639644196,0.00277888106638472,0.00265470739163946,0.0257170435948025,0,0,0.0026230912980349,-0.0305737756381439,-0.0226483089850772,-0.00688597243308207,0,0.0132276864023587,-0.0107076527778828,0,-0.0249271122355627,0,0.0182606087168254,0,0,-0.00610384840845092,0,0,0,0,-0.00672172162490548,0.0293989806195094,0,-0.0142052931156123,0,0.0193474680145183,-0.0127291270823176,0,-0.00444935169523601,0,0,0,0,0,0,0.0428906553680727,-0.0463286157882871,0,0.0251092252931615,0,-0.0240993173294302,-0.0309443868995952,0,0,0,0.00147412477095837,0,-0.0255864149134746,0.066196806504028,-0.0000477381631440868,-0.00592959415276572,-0.00557563656514697,0,0,-0.0323714025515584,-0.0271181107834063,0.0075926543856253,0,-0.0387758469259186,-0.00358484468134022,0,0,0,0,-0.00160862755768198,0.00283583977140615,-0.00433222084163372,0,-0.0325743621587479,0,0,0,0,-0.0703728422356337,0,0.0204416658697205,0,0.0241681056413691,0,0,0.0265266064437234,0,0,0.0105457859982865,-0.0169792989051005,0,0.0088237201246453,0,0,0,0,0.00949189109978327,-0.000457300759328931,0,0,0,0,0,0,0,0,0,0,0,0,0,0,-0.00965761482090882,0,-0.00228789100616315,0,-0.0150433046382733,0.0407895356997741,0,-0.0118498127654599,-0.00146296663294011,0,0,0,-0.00516339020603218,0,0.0497744766757106,0,-0.0294028372826772,0.0254583449574869,0,0.0272383302097614,-0.00704023753870376,0.00129646259233475,-0.0233736722458996
-0.0143206057031065,0.0508347807061351,-0.018701731377546,0,-0.0391940509649109,0,0.054634044709608,0.0107048006662243,0,-0.026533224714553,0,0,0,0.0652616044037114,0.0433616980351254,-0.00909458330764516,-0.0310716455732294,-0.00643922152077069,-0.00522369543532745,0,-0.00149553329117619,0,-0.019518035908097,0,0.00878268118999568,-0.00649161215831077,0,0.0146338796582984,0,-0.0381261149381712,-0.000960656024770786,0,0,0,0,0,0,0,0,0,0,0.0181201100763465,0.0585220704043357,0.0379678557509742,-0.0154866082907447,0.0660168249758568,0.0260812133783541,-0.00447348914082299,0,-0.00622637696952798,-0.00306515554785447,0,-0.0107543701083503,0.0571255260362634,0.002296605429658,0.00276808192390029,0.0260446761566333,0,0,0.00226650629998769,-0.0307709436606281,-0.0225170946246661,-0.00700479789439396,0,0.0134338392289069,-0.0106671551773907,0,-0.0251787530550339,0,0.0178034016128366,0,0,-0.00587073417632527,0,0,0,0,-0.00714855886955647,0.0294099506640167,0,-0.0141980303696853,0,0.0193600710789947,-0.012769004805592,0,-0.00463751917819095,0,0,0,0,0,0,0.0428326173126196,-0.0460083982406795,0,0.025223278605375,0,-0.0240765745275307,-0.0309909402131456,0,0,0,0.00291304933723622,0,-0.0256341605272423,0.0664362080782193,0,-0.00610249371096961,-0.00615533389510241,0,0,-0.0325796577853391,-0.0270871827530218,0.00742330211540496,0,-0.0384731440369845,-0.00374548684427091,0,0,0,0,-0.00192993935264142,0.00255015828781048,-0.00544319114958509,0,-0.0325091729586588,0,0,0,0,-0.0692598125677116,0,0.0203834746006367,0,0.0242843696241646,0,0,0.0262057257584963,0,0,0.0107467943567903,-0.0166566997143971,0,0.00929877176924749,0,0,0,0,0.00932878732535809,-0.000560973383410816,0,0,0,0,0,0,0,0,0,0,0,0,0,0,-0.00972062683095155,0,-0.00215581951050878,0,-0.0141143293751581,0.0409058707244002,0,-0.0119576932536514,-0.00175975302829985,0,0,0,-0.00553385513182635,0,0.0501184696751847,0,-0.0290639167122418,0.0248652774228481,0,0.0274279875423857,-0.00736255418840379,0.00102217453399718,-0.0227027185229265
-0.0145667317281211,0.0506823389010307,-0.0183249387150619,0,-0.0396050336966348,0,0.054426173040244,0.0105308365019013,0,-0.0264590211535118,0,0,0,0.0653459333113384,0.0433365318575158,-0.00877404541763384,-0.0309406864159511,-0.00651798672753638,-0.00546576893941773,0,-0.00197130612367302,0,-0.0194994600846487,0,0.00848845274029963,-0.00640999499480751,0,0.0145741945397539,0,-0.0379893853161396,-0.00109783237658382,0,0,0,0,0,0,0,0,0,0,0.0179232508662463,0.0584464263975408,0.0378728862176283,-0.015439748432631,0.065862084826757,0.0260922384501575,-0.00460221222495924,0,-0.00596814415017419,-0.00309608474151954,0,-0.0110736829544962,0.0571401340296897,0.00233342534017556,0.0024909505761964,0.0259993160452144,0,0,0.00233146673533463,-0.0305781629000102,-0.0223875667422866,-0.00712906152553778,0,0.0134493933941464,-0.010791241923209,0,-0.025172062455727,0,0.0176101500455897,0,0,-0.00613291035123965,0,0,0,0,-0.00754502213865199,0.0294880196320427,0,-0.014264458558122,0,0.019491318635239,-0.0126386749218463,0,-0.00495318587109223,0,0,0,0,0,0,0.0428280945105034,-0.0458505450285746,0,0.024976234444117,0,-0.0240707265896303,-0.0308180064406186,0,0,0,0.00243695220081067,0,-0.025408508465793,0.0662190805564709,0,-0.00622128834891744,-0.00553081643585985,0,0,-0.0325952910421612,-0.0270855786098182,0.00772807957092894,0,-0.0384354678986492,-0.00481255079601347,0,0,0,0,-0.00193786755560686,0.00300045223700746,-0.0061177062451785,0,-0.0324964641471327,0,0,0,0,-0.0693105051891452,0,0.0204064281109738,0,0.0242332242201606,0,0,0.0263592619776654,0,0,0.0107453716514958,-0.0164614096999847,0,0.00945867500238616,0,0.0000241906380214869,0,0,0.00943634750617019,-0.000531687509805111,0,0,0,0,0,0,0,0,0,0,0,0,0,0,-0.00985832433538734,0,-0.00192486643154536,0,-0.0141561198003688,0.0410162284412115,0,-0.0115433662234792,-0.00158437196396584,0,0,0,-0.00547377095970248,0,0.0501078003799884,0,-0.029126095284893,0.0252775916002034,0,0.0269547111441907,-0.00716780761542163,0.00128619765877434,-0.0243067775127771
-0.0141112536004597,0.0506611284276428,-0.0180818193507808,0,-0.0394053251717575,0,0.0544057562292468,0.0110419268884701,0,-0.0269313628704268,0,0,0,0.0656464796567591,0.0437719227359172,-0.00960308084862767,-0.0315511646386599,-0.00673074936176636,-0.00516968339867941,0,-0.00137430237290796,0,-0.0194633989850312,0,0.00898011413325131,-0.00626763948812766,0,0.0144614985641668,0,-0.0382947167270644,-0.00126722272024176,0,0,0,0,0,0,0,0,0,0,0.0185800870530205,0.0585222585568772,0.0382240155534889,-0.0156158574792425,0.0659980447473444,0.0265560624253208,-0.00448011101189071,0,-0.0061389625246867,-0.00303502741554582,0,-0.0106419074267274,0.0576592806555052,0.00267326131741861,0.00254639019149887,0.025761060635108,0,0,0.00214132064059567,-0.0308896340257259,-0.0223110719871346,-0.00710632128864574,0,0.0130936908203241,-0.010772882515499,0,-0.025787763707929,0,0.0179997329077562,0,0,-0.00611117923921366,0,0,0,0,-0.00716523457961093,0.0295207340154554,0,-0.0141490845590225,0,0.0193010534805658,-0.0128628877008373,0,-0.00453904079617334,0,0,0,0,0,0,0.0428699793361827,-0.0456460020060921,0,0.0251492175654447,0,-0.0240610746315902,-0.0310792732498533,0,0,0,0.00208413946533503,0,-0.0257983879875159,0.0662709978918347,-0.000114694490128111,-0.00597659230595847,-0.00619224759584521,0,0,-0.0326695827374766,-0.0269283905407043,0.00747006735603599,0,-0.0386389732589459,-0.00322762545227585,0,0,-0.00000944952425426038,0,-0.00174095457644562,0.00262447127031697,-0.00438524177474949,0,-0.0326498036097849,0,0,0,0,-0.0695322588084211,0,0.0204130289045374,0,0.0240289701934088,0,0,0.0268006450340357,0,0,0.0102456324704934,-0.0171014711921194,0,0.00883093313376104,0,0,0,0,0.00949142438920131,-0.000518012823903795,0,0,0,0,0,0,0,0,0,0,0,0.0000768814220132091,0,0,-0.0100325788079394,0,-0.00240736686094503,0,-0.0142697405394936,0.0416881606435459,0,-0.0117525827197322,-0.00239333063695914,0,0,0,-0.00541300060332839,0,0.050440614542188,0,-0.0293027130252005,0.0247613839487531,0,0.027438999101791,-0.00704291333197637,0.000858026322536471,-0.0222026876439674
-0.0137302545138838,0.0505329578178607,-0.0182689269285075,0,-0.0398282719471301,0,0.0546327258790753,0.0104733823972954,0,-0.0274905407976532,0,0,0,0.066301771895167,0.0436628976738049,-0.00736913800469536,-0.0315702677557665,-0.00600507396662546,-0.00443827118892275,0,-0.00148523690031361,0,-0.0196006870878667,0,0.00868403470757569,-0.00575092761444434,0,0.014556000632217,0,-0.038387264044192,-0.00119437737449857,0,0,0,0,0,0,0,0,0,0,0.0190897115751057,0.0579083628127054,0.03794361613674,-0.0151631519847742,0.0659802254840103,0.0269993845926572,-0.00428493405278851,0,-0.00645680676915914,-0.00322085240180923,0,-0.0107665400720361,0.0569017921942295,0.00341862331879867,0.00238389339176573,0.0258013066744715,0,0,0.00207853087079004,-0.0313025277056762,-0.0210514716370992,-0.00748975445376026,0,0.0132206535921461,-0.0109381781523799,0,-0.0250822423235728,0,0.0181628493468475,0,0,-0.00600728878516884,0,0,0,0,-0.00753480989200312,0.029559729598989,0,-0.0140556879486347,0,0.019342638001023,-0.0126232188949315,0,-0.00402291572579169,0,0,0,0,0,0,0.0430688443771029,-0.0473799782118787,0,0.0245223124408337,0,-0.0242155057193451,-0.031118958987023,0,0,0,0.0013236586634373,0,-0.0260905813719521,0.0661209669203807,-0.000107188650561719,-0.0060852929965732,-0.00520729821664085,0,0,-0.0325232319653078,-0.0266362898597778,0.00652352954082993,0,-0.0386349571995243,-0.00473376900329576,0,0,0,0,-0.0013130452605697,0.00320324347283201,-0.00340854284155599,0,-0.0332724879739895,0,0,0,0,-0.0689408176488008,0,0.0199121391553339,0,0.0237561674202296,0,0,0.0289017024772958,0,0,0.0101578877242199,-0.0175529037686478,0,0.00853836956500147,0,0,0,0,0.00869718426307429,-0.000109380016016549,0,0,0,0,0,0,0,0,0,0,0,0,0,0,-0.0102158589974855,0,-0.00224551940876093,0,-0.0135526637542344,0.04408073714689,0,-0.0108082891523861,-0.00333168770300785,0,0,0,-0.00534004010925513,0,0.0506585787448838,0,-0.0290934776211701,0.0254695020322353,0,0.0307504511995059,-0.00703724152801178,0.000977451014780219,-0.0220874524222189
-0.0138880727695967,0.0505035013435143,-0.017746341983612,0,-0.0398104797639993,0,0.0545800258877304,0.0107255682785237,0,-0.0274588045394674,0,0,0,0.0669082386144367,0.0439080564340166,-0.00740434644985943,-0.0321199267954602,-0.00635447629405575,-0.00483952389482882,0,-0.00126860604186994,0,-0.0200351998818734,0,0.00910844246546991,-0.00519861980956609,0,0.0145998012240671,0,-0.0380694231216551,-0.00150787710480972,0,0,0,0,0,0,0,0,0,0,0.0188275513534087,0.0585097169680651,0.0383679662177623,-0.0150114991345843,0.0662854749324202,0.0270934310534622,-0.00442387599868005,0,-0.00600652460885306,-0.00318176705819273,0,-0.0111466480301076,0.0574410914214543,0.00304287078576428,0.00224543394933268,0.0248082249050954,0,0,0.00190773964424707,-0.0311538615580024,-0.0225351597471979,-0.00749144683151846,0,0.0130606508643368,-0.011206377355105,0,-0.0252328532379461,0,0.0191772532596056,0,0,-0.00641408011012248,0,0,0,0,-0.00742995826456528,0.0293549158663914,0,-0.0142420440037346,0,0.0197751800314204,-0.0125122747535901,0,-0.00476479610713149,0,0,0,0,0,0,0.0428697053826038,-0.0464325641866643,0,0.0246854886866857,0,-0.0247604078020785,-0.0313105124609721,0,0,0,0.00202749297545949,0,-0.0260789150095523,0.0659379484005471,-0.0000138644965908658,-0.00480303129365899,-0.00565047551644235,0,0,-0.0327967592604178,-0.0269253826559883,0.00762059229902269,0,-0.0393835450609065,-0.0044215377407734,0,0,-0.0000373841373981157,0,-0.00195617322346262,0.00241184439020169,-0.00472133077058001,0,-0.0324451504023444,0,0,0,0,-0.0695180781660192,0,0.0211930103887144,0,0.0241758326827949,0,0,0.0278890218905229,0,0,0.0104974227067991,-0.0163683743437958,0,0.00900463692413398,0,0,0,0,0.00962510829775312,-0.000185542666778495,0,0,0,0,0,0,0,0,0,0,0,0,0,0,-0.00959204590629516,0,-0.00192141789210832,0,-0.0143792731598611,0.0432879242493416,0,-0.0106016082018693,-0.00222845362389967,0,0,0,-0.00482836909297732,0,0.0504183512039039,0,-0.029554222904783,0.0253845090373431,0,0.0274469906234821,-0.00720429395273175,0.00138589042600887,-0.0226524993556595
-0.0141345550565297,0.050659770406105,-0.0180202286016037,0,-0.0399547032046598,0,0.0534327462809146,0.0110549479271038,0,-0.0269877846324263,0,0,0,0.0662820989180247,0.0440888717107066,-0.00952287303793386,-0.0315852948120803,-0.00692468172255979,-0.00525014463816679,0,-0.000455587512574966,0,-0.0196490030162088,0,0.00929557233297309,-0.00579531897706655,0,0.0143745022893501,0,-0.0383671939146037,-0.00151630680415062,0,0,0,0,0,0,0,0,0,0,0.018918440134845,0.0585568835247071,0.0383261672741883,-0.015614037435674,0.0660679278474803,0.0268790442470083,-0.00439046705252324,0,-0.00611806415617073,-0.00311209346817988,0,-0.01099841673349,0.0586376920031735,0.00214898464098603,0.00223317757009643,0.0246951486310854,0,0,0.00182832550282953,-0.0306789645155803,-0.0230355763167535,-0.0070100422614247,0,0.0130099350030785,-0.010852866503219,0,-0.0251008521264424,0,0.0187825867087095,0,0,-0.00609666400157608,0,0,0,0,-0.00716053964633119,0.0294110324543033,0,-0.0141626878944617,0,0.0195373444215555,-0.0129090872012685,0,-0.00409492392901668,0,0,0,0,0,0,0.0425485171799161,-0.0455804441877327,0,0.0244438021754329,0,-0.0243767263223516,-0.0309508213280037,0,0,0,0.00185724267764833,0,-0.0256912299828052,0.0659376136916304,0,-0.00658748406543822,-0.00585364814471562,0,0,-0.0328700085477987,-0.0272756207987453,0.0076370814419223,0,-0.0390969602194787,-0.00387947813127392,0,0,-0.000113823764543166,0,-0.00184354328077406,0.00254364766648214,-0.00428724981267727,0,-0.0315418535395115,0,0,0,0,-0.069851059106136,0,0.0203199135513998,0,0.0236972940540917,0,0,0.0275210370219372,0,0,0.0102113736793671,-0.016572916529262,0,0.00909966704546939,0,0,0,0,0.00980794507565368,-0.000163178649795826,0,0,0,0,0,0,0,0,0,0,0,0,0,0,-0.00982994566680208,0,-0.00185337696091403,0,-0.0140256159819062,0.0430695092501431,0,-0.0117334198921941,-0.00253521456693159,0,0,0,-0.00508377449172187,0,0.0501599719056458,0,-0.0295319048707352,0.025580631613999,0,0.0273401301117541,-0.0069214743293378,0.00129592196948362,-0.0229927095663719
-0.0149402559415336,0.0510407877458682,-0.0182598190366299,0,-0.039705956014885,0,0.0549644618576798,0.0108136981314956,0,-0.0268609444305373,0,0,0,0.0660418574085141,0.0436946341075178,-0.00888898011847946,-0.0312781492864681,-0.00719201448046087,-0.00529198211182572,0,-0.00200328358812347,0,-0.0206242464931709,0,0.00930087987622205,-0.00586038797680211,0,0.0144177222094035,0,-0.0383648192081791,-0.0013950594062131,0,0,0,0,0,0,0,0,0,0,0.0185736468927356,0.0582258222213631,0.038713761810345,-0.0149185764273709,0.066651443134608,0.0271618559368733,-0.00472947749057755,0,-0.00556393240514094,-0.00294304400706793,0,-0.00950077366892233,0.0579125405034615,0.00269032891758684,0.0021127350198111,0.0263050462226236,0,0,0.00197397665327688,-0.030406313782352,-0.0225942765241251,-0.00793561517179567,0,0.0134773232494992,-0.0105307318897468,0,-0.0243575714404741,0,0.017840820312842,0,0,-0.00732887000100907,0,0,0,0,-0.00585153928700478,0.0294620022422215,0,-0.0139556141677993,0,0.0196182691802838,-0.0105173603451684,0,-0.00421022491277137,0,0,0,0,0,0,0.0429057597152696,-0.0520235495107707,0,0.0244373619313199,0,-0.0249007236799657,-0.0295194704839049,0,0,0,0.00182059308185678,0,-0.0257509462912414,0.067014691889101,-0.0000271868092050433,-0.00723449969850813,-0.00701564698166577,0,0,-0.0324922118540851,-0.026681906170576,0.00775788974261794,0,-0.0387002561189993,-0.00438933341441618,0,0,0,0,-0.00173085474400712,0.00326045057180423,-0.00491742875070527,0,-0.0331285792999841,0,0,0,0,-0.069769355059917,0,0.0208735948855553,0,0.0237890394835963,0,0,0.0260626682474858,0,0,0.00992430562567313,-0.0170758157898354,0,0.00931374102508784,0,0,0,0,0.0113325498306046,-0.000226415390288697,0,0,0,0,0,0,0,0,0,0,0,0,0,0,-0.0111315709011895,0,-0.00262113988915315,0,-0.0150718182309579,0.0428963089455132,0,-0.0102325275811306,-0.00193507298322656,0,0,0,-0.00503932705709544,0,0.0496068906826208,0,-0.0296045028076382,0.0254125740224158,0,0.0270938327210144,-0.00664053893479941,0.00113660067755353,-0.0214136557420911
-0.014438178074822,0.0506695105817846,-0.0180052775527112,0,-0.039808808966533,0,0.054105261917122,0.0109475545870869,0,-0.0269920901821803,0,0,0,0.0659365653841351,0.0438490871123777,-0.00913830892589486,-0.0318851476778855,-0.00698560291010821,-0.00520980719646283,0,-0.00130485651628347,0,-0.0201613705116676,0,0.00927487026828692,-0.00591248873439981,0,0.0143258435036767,0,-0.0382972936911774,-0.00168346485372225,0,0,0,0,0,0,0,0,0,0,0.0186819570086892,0.0581706544389986,0.0383601885703682,-0.015049962584974,0.0664210953582009,0.0269891841857026,-0.00467485991929125,0,-0.00615599581717084,-0.00296882660242004,0,-0.01031627506426,0.0580306480735986,0.00227863442123555,0.00231496545503383,0.0255088132376328,0,0,0.0019206120596744,-0.0305738251827204,-0.0225302974903755,-0.00708370896822091,0,0.0131166976560626,-0.0109393111614067,0,-0.0253420657154753,0,0.0180348887377918,0,0,-0.00588358702477501,0,0,0,0,-0.00716215690869,0.02926798075841,0,-0.0141014890668261,0,0.0196637088608773,-0.012411359962035,0,-0.00465593427459452,0,0,0,0,0,0,0.0430409342834821,-0.045411038848707,0,0.0245710701135343,0,-0.0243613559331807,-0.0308413445697622,0,0,0,0.00190880513498527,0,-0.0257276648221997,0.0665527607698828,0,-0.00596803909230959,-0.0067511992943071,0,0,-0.0325987725571778,-0.0270475538516368,0.00769157141984888,0,-0.038987243643481,-0.00381525357792937,0,0,0,0,-0.00171819617822339,0.00322610886590115,-0.00473837434503252,0,-0.0324963878038167,0,0,0,0,-0.0698035107274079,0,0.0206355213426011,0,0.0238388214123457,0,0,0.0271463534439737,0,0,0.0102162422241728,-0.0169779442082763,0,0.00934511530545075,0,0,0,0,0.0100346994952096,-0.000182990574465153,0,0,0,0,0,0,0,0,0,0,0,0,0,0,-0.0103278389427096,0,-0.00245182496734989,0,-0.0145021936832317,0.0420131152802302,0,-0.0110392152842978,-0.00240153275027842,0,0,0,-0.00523860554182878,0,0.050311529351184,0,-0.0294623225316806,0.0255775728752495,0,0.0268544384441292,-0.00688173489452631,0.00124712920364247,-0.022576864018229
-0.0145101985871207,0.0505632223241389,-0.0180865396762903,0,-0.0397261744025126,0,0.0541578450390743,0.0109606459131531,0,-0.026812020200547,0,0,0,0.0658004081740521,0.0436987340789609,-0.00974975845434744,-0.0317900062765051,-0.00686599409516945,-0.00517962595597199,0,-0.00122470650662444,0,-0.0200781588518562,0,0.00927737348848066,-0.00596170147841285,0,0.0144245190157642,0,-0.0383564139085251,-0.00157539597738977,0,0,0,0,0,0,0,0,0,0,0.0187187317671925,0.0581695698542868,0.0381695649405049,-0.0150297279899759,0.0663451698264459,0.0269337707573612,-0.00470666060869419,0,-0.00629575337115178,-0.00298031795149297,0,-0.0102670345425858,0.057679452139819,0.00245480445259055,0.00240122412273231,0.0255785475134079,0,0,0.0020758550453775,-0.0306720144834732,-0.022624508714748,-0.00679925835756574,0,0.0132440132214865,-0.0107957531767331,0,-0.0254869336014061,0,0.0180396258624229,0,0,-0.00585888421294738,0,0,0,0,-0.00685880796766134,0.0294139070067315,0,-0.0140844609121,0,0.0195446944586252,-0.012393100597994,0,-0.00475287556955209,0,0,0,0,0,0,0.0432015247078545,-0.0452434040623543,0,0.0248180334047769,0,-0.0242401993150827,-0.0308539661584208,0,0,0,0.00195686619401177,0,-0.0256168575452917,0.0665231450918521,0,-0.00599972243895533,-0.00769466898700773,0,0,-0.0325863951485595,-0.027465479068222,0.00757128468217225,0,-0.0388134741916249,-0.00377052971045315,0,0,-0.0000753637810282685,0,-0.00178051282059655,0.00341057823281536,-0.00466309691279319,0,-0.0327843040871797,0,0,0,0,-0.0696931794475941,0,0.0207391525153646,0,0.0243977791454123,0,0,0.0272468883204693,0,0,0.0103497662146651,-0.0168520336782019,0,0.00927345483657467,0,0,0,0,0.00993090653953895,-0.000260908200027978,0,0,0,0,0,0,0,0,0,0,0,0,0,0,-0.010380682227355,0,-0.00228061068470999,0,-0.0144178179451355,0.0422106859502919,0,-0.011251401583407,-0.00245911170708815,0,0,0,-0.00525971873130826,0,0.0504163633542806,0,-0.0296564227785202,0.0256174671786193,0,0.0270300230994828,-0.0070114194788849,0.00114979440560361,-0.0225718321444301
-0.0145869776137016,0.0507066442814946,-0.0179397332667264,0,-0.0400938306530035,0,0.054111906248097,0.0107483867915588,0,-0.0269070249096339,0,0,0,0.066184762932279,0.0440531752928155,-0.00913339894941417,-0.0319237515279936,-0.00705701623778843,-0.00526910825032322,0,-0.00120264412211632,0,-0.0200966305975719,0,0.0092457935352801,-0.00573625370413521,0,0.0142919018899034,0,-0.0382869396802625,-0.00169344316006992,0,0,0,0,0,0,0,0,0,0,0.0185931516617423,0.0580177333040843,0.038343981466241,-0.0149688087900278,0.0663170094931764,0.0270516684346934,-0.00458032087135069,0,-0.00653203401743475,-0.00292477144142032,0,-0.0102033807004735,0.0582452707510677,0.00214819363795556,0.00233748209059917,0.0252721671794696,0,0,0.00199614061649354,-0.0303841988046558,-0.0223471099308293,-0.00714948481891665,0,0.013140986354398,-0.0109831702741907,0,-0.025453915585111,0,0.0181026152329774,0,0,-0.00610065233744935,0,0,0,0,-0.00698994905028007,0.0293658156417386,0,-0.0142042288015512,0,0.0196010308140433,-0.0121700287339531,0,-0.00482767361826356,0,0,0,0,0,0,0.0428227655109891,-0.0458604009086901,0,0.0244140480409662,0,-0.0244651945305519,-0.0307793322935742,0,0,0,0.00205187538697559,0,-0.0256355639755443,0.0665298617151518,0,-0.00598130587103362,-0.00650044928624319,0,0,-0.032566887086028,-0.0269294259211622,0.00774532869309408,0,-0.038979878699108,-0.0038445205831043,0,0,0,0,-0.00151316820502181,0.00339697312589151,-0.00458741278588343,0,-0.032388853906353,0,0,0,0,-0.0698870238732115,0,0.0207526572223694,0,0.0233037154991727,0,0,0.0274180594995067,0,0,0.0099725358064225,-0.0168279235450845,0,0.00915991491089561,0,0,0,0,0.0103069870551187,0,0,0,0,0,0,0,0,0,0,0,0,0,0,0,-0.0106042954355603,0,-0.00253402655250545,0,-0.0145429298865209,0.0421173706377147,0,-0.0108647169604847,-0.00242675430115121,0,0,0,-0.00518442796165429,0,0.0504478150565414,0,-0.0296526887136366,0.0258010502817685,0,0.0269068246007142,-0.0067751460317416,0.00113905320175014,-0.0230905694509029
-0.0143655343975729,0.0507501476524823,-0.0179754839231721,0,-0.0399331411245201,0,0.0539675794550438,0.0107825766201428,0,-0.0268866409757901,0,0,0,0.0659109079485157,0.043782669778438,-0.0090597192270905,-0.0316711192145938,-0.00692854689088557,-0.00511035326865776,0,-0.00129620978793072,0,-0.0201007298211223,0,0.00914380588108494,-0.00584947195938955,0,0.0144100659662617,0,-0.038370884543561,-0.00154679967546606,0,0,0,0,0,0,0,0,0,0,0.0186853606098993,0.0582398359076865,0.0382474621199135,-0.0149667984744058,0.0663571245897609,0.0269098883347919,-0.00453311541797048,0,-0.00591386067688335,-0.00297040688125233,0,-0.0104189486949445,0.0578521157690276,0.00232305714953876,0.00245914174886255,0.0255285819248536,0,0,0.0021820449385468,-0.0305614028404692,-0.0226197414374768,-0.00689537285534837,0,0.0130695646484521,-0.0110161528061188,0,-0.0253603643789058,0,0.018322762200351,0,0,-0.00607513329537872,0,0,0,0,-0.00729686098098238,0.0294328101177656,0,-0.014265100302636,0,0.0196087376136133,-0.0124867694355856,0,-0.00460927633870235,0,0,0,0,0,0,0.0430246697905783,-0.0453425145752142,0,0.0244709838122727,0,-0.0242970958492296,-0.0307745754489801,0,0,0,0.00203295825207039,0,-0.0255501281428493,0.0661423725355356,0,-0.00588820626512605,-0.00649472864688792,0,0,-0.0325502106013806,-0.0269809829137727,0.00754426892539771,0,-0.0391934583943731,-0.00390573335053751,0,0,0,0,-0.00171160036130403,0.00343870999971677,-0.00484444209781426,0,-0.0324675560881621,0,0,0,0,-0.0698504105322958,0,0.020314664995003,0,0.0235179053708886,0,0,0.027302677599035,0,0,0.0103872511536054,-0.0169127318744325,0,0.00910084842478616,0,0,0,0,0.0101430094413499,-0.00000320365983495343,0,0,0,0,0,0,0,0,0,0,0,0,0,0,-0.00999236230943361,0,-0.00242866241884455,0,-0.0145353551200738,0.0418974663447218,0,-0.010928467428095,-0.00242244524685082,0,0,0,-0.00510083961934861,0,0.0502189713936399,0,-0.0295983590978808,0.0258032410608711,0,0.0271806865601284,-0.00700043935908728,0.00112471901227575,-0.0227260969008666
NA,NA,NA,NA,NA,NA,NA,NA,NA,NA,NA,NA,NA,NA,NA,NA,NA,NA,NA,NA,NA,NA,NA,NA,NA,NA,NA,NA,NA,NA,NA,NA,NA,NA,NA,NA,NA,NA,NA,NA,NA,NA,NA,NA,NA,NA,NA,NA,NA,NA,NA,NA,NA,NA,NA,NA,NA,NA,NA,NA,NA,NA,NA,NA,NA,NA,NA,NA,NA,NA,NA,NA,NA,NA,NA,NA,NA,NA,NA,NA,NA,NA,NA,NA,NA,NA,NA,NA,NA,NA,NA,NA,NA,NA,NA,NA,NA,NA,NA,NA,NA,NA,NA,NA,NA,NA,NA,NA,NA,NA,NA,NA,NA,NA,NA,NA,NA,NA,NA,NA,NA,NA,NA,NA,NA,NA,NA,NA,NA,NA,NA,NA,NA,NA,NA,NA,NA,NA,NA,NA,NA,NA,NA,NA,NA,NA,NA,NA,NA,NA,NA,NA,NA,NA,NA,NA,NA,NA,NA,NA,NA,NA,NA,NA,NA,NA,NA,NA,NA,NA,NA,NA,NA,NA,NA,NA,NA,NA,NA,NA,NA,NA,NA,NA,NA,NA,NA
-0.0137890135868215,0.0499397006344226,-0.0178061158568723,0,-0.0406955407279035,0,0.0523013778785918,0.0127504469545434,0,-0.0273136207094792,0,0,0,0.0654909462450822,0.0442220931412751,-0.0084360247365506,-0.0320057767844186,-0.00645923248616768,-0.00532634289646846,0,-0.00214407704467886,0,-0.0216179489589112,0,0.0100969490458242,-0.00438247506623698,0,0.014395951175137,0,-0.0387639831060585,-0.00207092676495135,0,0,0,0,0,0,0,0,0,0,0.0194088298592432,0.0636939806852497,0.0378659836478827,-0.0155575846483303,0.0665851838607975,0.0269454187296763,-0.00406965472359681,0,-0.00491981659229337,-0.00276733760606535,0,-0.0100311374506421,0.0586798209266196,0.00244643874248774,0.00266699034275228,0.0240503505128582,0,0,0.00235433839769328,-0.0297403819115885,-0.0225732232587914,-0.00716167889480886,0,0.0136541400807417,-0.0108431733477727,0,-0.0262771827951617,0,0.0179759931200921,0,0,-0.00705789182507885,0,0,0,0,-0.00798827866003013,0.0291334391514947,0,-0.0144858175463891,0,0.0195411804435096,-0.0116035725586062,0,-0.00549482769945985,0,0,0,0,0,0,0.0435844661089387,-0.0442440300723458,0,0.0237825586812797,0,-0.0240572241964318,-0.0307886901371337,0,0,0,0.00143938404376067,0,-0.0261064386779077,0.0656879237220689,-0.0000605648124051912,-0.00637658302494145,-0.00683562570033119,0,0,-0.0326708400567201,-0.0268076695964072,0.00820589941592081,0,-0.0399093559325575,-0.00215141921519736,0,0,-0.000332993669828649,0,-0.00251165989156509,0.00351986655643029,-0.00505969466594037,0,-0.0346296872949397,0,0,0,0,-0.0692082949339034,0,0.0211744577487669,0,0.0244159329209905,0,0,0.0264943210550204,0,0,0.0101738752337255,-0.0165595563793556,0,0.00919875527386345,0,0,0,0,0.010014421035006,-0.000826489460699312,0,0,0,0,0,0,0,0,0,0,0,0,0,0,-0.00865875210215558,0,-0.00296029159173151,0,-0.0159776586429949,0.0427685684082766,0,-0.0119552678181895,-0.00265114774349697,0,0,0,-0.00547977144084673,0,0.0498709657834024,0,-0.0297891828683173,0.0254637163245137,0,0.0267863780798836,-0.00765851663384133,0.00127268016054908,-0.0221006417019923
NA,NA,NA,NA,NA,NA,NA,NA,NA,NA,NA,NA,NA,NA,NA,NA,NA,NA,NA,NA,NA,NA,NA,NA,NA,NA,NA,NA,NA,NA,NA,NA,NA,NA,NA,NA,NA,NA,NA,NA,NA,NA,NA,NA,NA,NA,NA,NA,NA,NA,NA,NA,NA,NA,NA,NA,NA,NA,NA,NA,NA,NA,NA,NA,NA,NA,NA,NA,NA,NA,NA,NA,NA,NA,NA,NA,NA,NA,NA,NA,NA,NA,NA,NA,NA,NA,NA,NA,NA,NA,NA,NA,NA,NA,NA,NA,NA,NA,NA,NA,NA,NA,NA,NA,NA,NA,NA,NA,NA,NA,NA,NA,NA,NA,NA,NA,NA,NA,NA,NA,NA,NA,NA,NA,NA,NA,NA,NA,NA,NA,NA,NA,NA,NA,NA,NA,NA,NA,NA,NA,NA,NA,NA,NA,NA,NA,NA,NA,NA,NA,NA,NA,NA,NA,NA,NA,NA,NA,NA,NA,NA,NA,NA,NA,NA,NA,NA,NA,NA,NA,NA,NA,NA,NA,NA,NA,NA,NA,NA,NA,NA,NA,NA,NA,NA,NA,NA
-0.0140721996540443,0.0508113027433063,-0.0182295667667144,0,-0.040661546908309,0,0.0538788304583806,0.0113472914916307,0,-0.0269297731121144,0,0,0,0.0662194802903299,0.0440112116682857,-0.00904843651888158,-0.0313470311463441,-0.00664253404771929,-0.00498596932463704,0,-0.000832723455439703,0,-0.0203435328211977,0,0.00906965213522005,-0.00572825189272342,0,0.0144410430395157,0,-0.0385522861993767,-0.0014534898833213,0,0,0,0,0,0,0,0,0,0,0.0185068792857117,0.0595815351716719,0.0379233156259925,-0.0149888837008233,0.0659730967782256,0.0268261441495295,-0.00443484619152631,0,-0.00601344094457799,-0.00299751195959605,0,-0.0105980492508132,0.0580834652220192,0.00234936397335757,0.00248588991215335,0.0248519513431646,0,0,0.00214920237781434,-0.0307600272839259,-0.0231898694746389,-0.00694524815592274,0,0.0133322709565798,-0.0109916078892666,0,-0.0255298935185405,0,0.0183189998116714,0,0,-0.00534918174660878,0,0,0,0,-0.00754621055784088,0.0294071861891472,0,-0.0143489912104467,0,0.0196634436947028,-0.0121774524384493,0,-0.00444627111214529,0,0,0,0,0,0,0.0432865251648988,-0.0454993361763576,0,0.024792760118394,0,-0.0243865239512662,-0.0310112239593472,0,0,0,0.00189982590303424,0,-0.0257814065354425,0.0664639730566972,0,-0.00615334610465892,-0.0067166967776812,0,0,-0.0326256426700782,-0.0267930746491736,0.00758778572363076,0,-0.0394156957964075,-0.00385749838230027,0,0,0,0,-0.00186598535532411,0.00373277790217627,-0.00489046768362148,0,-0.032092780044609,0,0,0,0,-0.0698881924481744,0,0.0209455711433657,0,0.0236377233451091,0,0,0.0267461256868143,0,0,0.0104458783202313,-0.0165980254798232,0,0.00912059340725153,0,0,0,0,0.0101675792151128,-0.0000619282018854455,0,0,0,0,0,0,0,0,0,0,0,0,0,0,-0.0100871164709594,0,-0.00195949379724228,0,-0.0144047129185333,0.0419807563499908,0,-0.0106901271083351,-0.00317143372146481,0,0,0,-0.00535640460284255,0,0.0501388876754808,0,-0.029347175857884,0.0258067523212434,0,0.0274046870071929,-0.00698133071919859,0.00140377686131924,-0.0225323156161365
NA,NA,NA,NA,NA,NA,NA,NA,NA,NA,NA,NA,NA,NA,NA,NA,NA,NA,NA,NA,NA,NA,NA,NA,NA,NA,NA,NA,NA,NA,NA,NA,NA,NA,NA,NA,NA,NA,NA,NA,NA,NA,NA,NA,NA,NA,NA,NA,NA,NA,NA,NA,NA,NA,NA,NA,NA,NA,NA,NA,NA,NA,NA,NA,NA,NA,NA,NA,NA,NA,NA,NA,NA,NA,NA,NA,NA,NA,NA,NA,NA,NA,NA,NA,NA,NA,NA,NA,NA,NA,NA,NA,NA,NA,NA,NA,NA,NA,NA,NA,NA,NA,NA,NA,NA,NA,NA,NA,NA,NA,NA,NA,NA,NA,NA,NA,NA,NA,NA,NA,NA,NA,NA,NA,NA,NA,NA,NA,NA,NA,NA,NA,NA,NA,NA,NA,NA,NA,NA,NA,NA,NA,NA,NA,NA,NA,NA,NA,NA,NA,NA,NA,NA,NA,NA,NA,NA,NA,NA,NA,NA,NA,NA,NA,NA,NA,NA,NA,NA,NA,NA,NA,NA,NA,NA,NA,NA,NA,NA,NA,NA,NA,NA,NA,NA,NA,NA
-0.0146815302670712,0.0507975266292711,-0.017822567715448,0,-0.0399572948520317,0,0.0537108577192253,0.0108015025764376,0,-0.0267026496580119,0,0,0,0.0660379010210785,0.0435189419029806,-0.0091016884832108,-0.0315848099951697,-0.00683019983633076,-0.00483783012959318,0,-0.00113463253967021,0,-0.0201463706726707,0,0.00908617942286682,-0.00576709350818973,0,0.0144205197780044,0,-0.0383518500841447,-0.00131426679454468,0,0,0,0,0,0,0,0,0,0,0.0185557391594093,0.057645695947195,0.0381854616036634,-0.0147768869282917,0.0662916294131961,0.0269732270030185,-0.00455082600597835,0,-0.00675246275918872,-0.00303113729925008,0,-0.0106617197472695,0.0576537476549305,0.00259523134080616,0.0023123476111242,0.0256507493370523,0,0,0.0022033326599544,-0.031155143689422,-0.0231590167745857,-0.00679523724739269,0,0.0129943219085728,-0.011062488425517,0,-0.025148769297477,0,0.0184110072914463,0,0,-0.00606164643980776,0,0,0,0,-0.00801095714051528,0.0296158688352997,0,-0.0142456235403489,0,0.0197581171389234,-0.0118373609534115,0,-0.00452624418713984,0,0,0,0,0,0,0.0431245341392123,-0.0458092872740944,0,0.0247033615116193,0,-0.0243388954021451,-0.0308161258970191,0,0,0,0.00246370728549812,0,-0.0255875977170253,0.0664096494775317,0,-0.00629539082735338,-0.00612079135688118,0,0,-0.0325545455153998,-0.0268011421860883,0.0076967339000985,0,-0.0389835276208375,-0.00405025015556121,0,0,0,0,-0.00118711252438086,0.00298314061530648,-0.004829721047541,0,-0.0325449327478597,0,0,0,0,-0.069777836260234,0,0.0209148270964138,0,0.023812729283487,0,0,0.0275155253292499,0,0,0.0106950050350094,-0.0169342426413441,0,0.00924917892664432,0,0,0,0,0.00996579683201286,0,0,0,0,0,0,0,0,0,0,0,0,0,0,0,-0.00982636373066746,0,-0.00239799103948226,0,-0.0144348283375022,0.0423222898956265,0,-0.0112234398275533,-0.00220983686875077,0,0,0,-0.00499940756998288,0,0.0503214552908363,0,-0.029526355068144,0.0259191305879268,0,0.0272532950223515,-0.0071360150664747,0.00106990720793713,-0.0225387122928933
NA,NA,NA,NA,NA,NA,NA,NA,NA,NA,NA,NA,NA,NA,NA,NA,NA,NA,NA,NA,NA,NA,NA,NA,NA,NA,NA,NA,NA,NA,NA,NA,NA,NA,NA,NA,NA,NA,NA,NA,NA,NA,NA,NA,NA,NA,NA,NA,NA,NA,NA,NA,NA,NA,NA,NA,NA,NA,NA,NA,NA,NA,NA,NA,NA,NA,NA,NA,NA,NA,NA,NA,NA,NA,NA,NA,NA,NA,NA,NA,NA,NA,NA,NA,NA,NA,NA,NA,NA,NA,NA,NA,NA,NA,NA,NA,NA,NA,NA,NA,NA,NA,NA,NA,NA,NA,NA,NA,NA,NA,NA,NA,NA,NA,NA,NA,NA,NA,NA,NA,NA,NA,NA,NA,NA,NA,NA,NA,NA,NA,NA,NA,NA,NA,NA,NA,NA,NA,NA,NA,NA,NA,NA,NA,NA,NA,NA,NA,NA,NA,NA,NA,NA,NA,NA,NA,NA,NA,NA,NA,NA,NA,NA,NA,NA,NA,NA,NA,NA,NA,NA,NA,NA,NA,NA,NA,NA,NA,NA,NA,NA,NA,NA,NA,NA,NA,NA
-0.0139944625351149,0.0503492950925168,-0.0182318268253253,0,-0.0405206061994609,0,0.0545908481318071,0.0104673189191551,0,-0.0272619914476916,0,0,0,0.0664518044432803,0.0445858770255165,-0.00890838200557662,-0.0322103701853573,-0.00725105724359319,-0.00579923776614282,0,-0.00100379667450275,0,-0.0202289632297295,0,0.00947890801617075,-0.00493222437025457,0,0.0142933295276845,0,-0.0384830989132995,-0.00196397843178429,0,0,0,0,0,0,0,0,0,0,0.0187534580030431,0.059953761712106,0.0389312037500967,-0.0152056802433028,0.0659924707316485,0.0271318415713211,-0.00440849854505088,0,-0.00582350605874209,-0.00275174472794364,0,-0.0100425496594656,0.0582414844418842,0.00209368219653645,0.00196805203203718,0.0255357194926392,0,0,0.00201623573004768,-0.0300071309444245,-0.0233544131456689,-0.00736398813614329,0,0.0128986011166164,-0.0115127638317149,0,-0.0254992204315697,0,0.0183174133553793,0,0,-0.00610710140410038,0,0,0,0,-0.00761476479883528,0.0293436456601347,0,-0.0143767683057197,0,0.019795117649604,-0.0122646133426733,0,-0.00407240157755213,0,0,0,0,0,0,0.0430927666349878,-0.044497771705857,0,0.0241459852287549,0,-0.0246648976003334,-0.0304533279535885,0,0,0,0.00172782362190197,0,-0.0259231830883513,0.0671121567101803,0,-0.00574691876706323,-0.00647186074551064,0,0,-0.0329740819227225,-0.0271760117930888,0.00821741762640892,0,-0.0396699437549758,-0.00323584638166694,0,0,-0.00000988296972297682,0,-0.00168800702173774,0.00512965328619374,-0.00452060462182089,0,-0.0329283815040648,0,0,0,0,-0.0701197730659139,0,0.0213079678560816,0,0.0227488174257239,0,0,0.0270322241802825,0,0,0.0102836111031134,-0.016682192785753,0,0.00924413155325077,0,0,0,0,0.0102681270375689,0,0,0,0,0,0,0,0,0,0,0,0,0,0,0,-0.0108503357485714,0,-0.00240512666669571,0,-0.0154333856778689,0.042242091692515,0,-0.0105365017350155,-0.00329378260959172,0,0,0,-0.00531717421329828,0,0.0502132683799505,0,-0.0298731059043529,0.0261883095901751,0,0.0266982008104966,-0.0067425792387221,0.00150461164940671,-0.0235475058336174
-0.0129402184381411,0.0495640964485839,-0.0184966814491046,0,-0.0405157638604276,0,0.0618658508175994,0.0112811206018298,0,-0.0270949397913598,0,0,0,0.0662072989993479,0.0443305769569393,-0.0079003516470578,-0.0322946451793449,-0.00840820764576438,-0.0067426621809299,0,-0.00212933456713748,0,-0.0189996961765704,0,0.00917125501383451,-0.00448740888427491,0,0.0142513759936296,0,-0.0375055605428549,-0.00127662619628451,0,0,0,0,0,0,0,0,0,0,0.0200148027749607,0.0599228026327817,0.0397087922488508,-0.0160123146676387,0.0647583095655369,0.0271214516180084,-0.00407468895175706,0,-0.00608803996868727,-0.00270595502561774,0,-0.00920016170834677,0.0588386043178643,0.00281284095024062,0.00156799760230208,0.0257625497025655,0,0,0.00106032588398409,-0.0327126668958613,-0.0199789658065377,-0.00834836412788811,0,0.0134190529471155,-0.0121086381286543,0,-0.0281746766867113,0,0.01710985059179,0,0,-0.00808759657801108,0,0,0,0,-0.00659754821986785,0.0293732247585019,0,-0.0143135226436802,0,0.0206221714102246,-0.0154979442064369,0,-0.00483217534262144,0,0,0,0,0,0,0.0419521779195902,-0.0443054737625317,0,0.0248754579418558,0,-0.0242424820831969,-0.0299599789599711,0,0,0,0.00338263935232883,0,-0.0270570864432954,0.0684804103896582,0,-0.00828116681720284,-0.00419795577867742,0,0,-0.0338332973378613,-0.0274470408436895,0.00802114811818663,0,-0.0388876211993047,-0.00415331390644717,0,0,-0.00189539533337445,0,-0.0032381289584356,0.00324150225833355,-0.00421847717293117,0,-0.0319738815303847,0,0,0,0,-0.0685331471385953,0,0.021158567735532,0,0.0225636988608284,0,0,0.023189262638619,0,0,0.00997628157873488,-0.0174136036512491,0,0.00865409378044036,0,0,0,0,0.00897798612644178,0,0,0,0,0,0,0,0,0,0,0,0,0,0,0,-0.00982978140311428,0,-0.00255851468996663,0,-0.0149514786463548,0.0454806198822605,0,-0.0115451065620109,-0.00275062732617675,0,0,0,-0.00524965876196957,0,0.0499504271910308,0,-0.0296707103945245,0.0259673398832054,0,0.0271879934988368,-0.00758850179454787,0.00130161049122908,-0.0243595574861199
NA,NA,NA,NA,NA,NA,NA,NA,NA,NA,NA,NA,NA,NA,NA,NA,NA,NA,NA,NA,NA,NA,NA,NA,NA,NA,NA,NA,NA,NA,NA,NA,NA,NA,NA,NA,NA,NA,NA,NA,NA,NA,NA,NA,NA,NA,NA,NA,NA,NA,NA,NA,NA,NA,NA,NA,NA,NA,NA,NA,NA,NA,NA,NA,NA,NA,NA,NA,NA,NA,NA,NA,NA,NA,NA,NA,NA,NA,NA,NA,NA,NA,NA,NA,NA,NA,NA,NA,NA,NA,NA,NA,NA,NA,NA,NA,NA,NA,NA,NA,NA,NA,NA,NA,NA,NA,NA,NA,NA,NA,NA,NA,NA,NA,NA,NA,NA,NA,NA,NA,NA,NA,NA,NA,NA,NA,NA,NA,NA,NA,NA,NA,NA,NA,NA,NA,NA,NA,NA,NA,NA,NA,NA,NA,NA,NA,NA,NA,NA,NA,NA,NA,NA,NA,NA,NA,NA,NA,NA,NA,NA,NA,NA,NA,NA,NA,NA,NA,NA,NA,NA,NA,NA,NA,NA,NA,NA,NA,NA,NA,NA,NA,NA,NA,NA,NA,NA
-0.0137020276732181,0.0498557521658397,-0.0179174499877276,0,-0.0412594608061535,0,0.0581230837511825,0.0120990782583297,0,-0.0268425469679768,0,0,0,0.0663271869136461,0.0444750026671288,-0.00846935918570419,-0.0322063392095163,-0.0073886221194743,-0.00591482512240637,0,-0.00146075625076171,0,-0.0204462680955233,0,0.0100787870840124,-0.00497297767730233,0,0.0143202276014594,0,-0.0383601418555264,-0.00193148410493463,0,0,0,0,0,0,0,0,0,0,0.0198279524342699,0.0591943676854209,0.0387415485215129,-0.0155317032042264,0.0666270414365747,0.0270531214736985,-0.00448007240492959,0,-0.00600273409302883,-0.0027640839651095,0,-0.010626089699777,0.0585443778827838,0.00214197734006956,0.00148471603038755,0.0248833491963219,0,0,0.00196667296169958,-0.0309369434700965,-0.0223987574762998,-0.00768342312626861,0,0.0136043670417425,-0.0103897058786684,0,-0.0265358521850304,0,0.0180069979683622,0,0,-0.00660398921980262,0,0,0,0,-0.00772761944465793,0.0294349298158656,0,-0.0142490896906227,0,0.0201157803297808,-0.0116128760665368,0,-0.0045166103116426,0,0,0,0,0,0,0.0430676520981516,-0.0458039389280522,0,0.0246695968020567,0,-0.0246503831538097,-0.0313477720483941,0,0,0,0.00245882654555886,0,-0.0252184524680253,0.06652956960449,0,-0.00723654315263929,-0.00428855131377755,0,0,-0.0331451584624854,-0.0265263948030818,0.00791585912114295,0,-0.0393145556021009,-0.00403270257372263,0,0,-0.000430202678712858,0,-0.00138062093973233,0.00546929671629352,-0.00437167211954155,0,-0.0337815862103104,0,0,0,0,-0.0701150227935377,0,0.0205505979776144,0,0.0230160966385799,0,0,0.0261892856820314,0,0,0.0102511463975914,-0.0165466299161973,0,0.00881530968156518,0,0,0,0,0.0102940071289797,-0.000634450317952551,0,0,0,0,0,0,0,0,0,0,0,0,0,0,-0.0108538661308426,0,-0.0023453556605543,0,-0.0144335749068685,0.0427745776438703,0,-0.010866842300689,-0.00331117230642817,0,0,0,-0.00569497168336492,0,0.0504945112359317,0,-0.0296862600909203,0.0259581520461205,0,0.0272105914792476,-0.00736551807921967,0.00210539560339263,-0.024478802461713
NA,NA,NA,NA,NA,NA,NA,NA,NA,NA,NA,NA,NA,NA,NA,NA,NA,NA,NA,NA,NA,NA,NA,NA,NA,NA,NA,NA,NA,NA,NA,NA,NA,NA,NA,NA,NA,NA,NA,NA,NA,NA,NA,NA,NA,NA,NA,NA,NA,NA,NA,NA,NA,NA,NA,NA,NA,NA,NA,NA,NA,NA,NA,NA,NA,NA,NA,NA,NA,NA,NA,NA,NA,NA,NA,NA,NA,NA,NA,NA,NA,NA,NA,NA,NA,NA,NA,NA,NA,NA,NA,NA,NA,NA,NA,NA,NA,NA,NA,NA,NA,NA,NA,NA,NA,NA,NA,NA,NA,NA,NA,NA,NA,NA,NA,NA,NA,NA,NA,NA,NA,NA,NA,NA,NA,NA,NA,NA,NA,NA,NA,NA,NA,NA,NA,NA,NA,NA,NA,NA,NA,NA,NA,NA,NA,NA,NA,NA,NA,NA,NA,NA,NA,NA,NA,NA,NA,NA,NA,NA,NA,NA,NA,NA,NA,NA,NA,NA,NA,NA,NA,NA,NA,NA,NA,NA,NA,NA,NA,NA,NA,NA,NA,NA,NA,NA,NA
-0.0131148115730853,0.0502227792587447,-0.0191840300997717,0,-0.0399290523599574,0,0.0603585321442945,0.00874613313488175,0,-0.0275448887117985,0,0,0,0.0669009621797914,0.0436846378840099,-0.0091532277755963,-0.0319813550935583,-0.00814763413033023,-0.00564553973004824,0,-0.00213427424027986,0,-0.0211749829591017,0,0.0116600230123352,-0.00660493620067551,0,0.0146774458486167,0,-0.0381171359026303,-0.00221586160411868,0,0,0,0,0,0,0,0,0,0,0.0200461041245576,0.057664845843845,0.0394764812059191,-0.014720888632682,0.0675828151454907,0.0276375481309089,-0.00453478766994848,0,-0.00528305453689259,-0.00315094891506786,0,-0.0105210302572492,0.0582247804353836,0.00121157471102436,0.00167176488726004,0.0249232827006132,0,0,0.00223396425109018,-0.0309040055963118,-0.0205019645796006,-0.00669202885878151,0,0.0134513322587899,-0.0110643784005525,0,-0.0259508449672478,0,0.0174268224974197,0,0,-0.00742325405601458,0,0,0,0,-0.00787427508937955,0.0297873548695473,0,-0.0141309880099489,-0.0000236219285989242,0.0197885482611065,-0.0117058217740273,0,-0.00679885074766439,0,0,0,0,0,0,0.0437900692926826,-0.0458051193917952,0,0.0251891822474339,0,-0.0245586706404367,-0.0317159031171952,0,0,0,0.00117378135369608,0,-0.0271340034633782,0.0668557241484567,0,-0.00576480456076216,-0.00467501435353505,0,0,-0.0334956500707381,-0.0252442147525959,0.00742848336277116,0,-0.0390444888307243,-0.00468074851363387,0,0,-0.000150601868831624,0,-0.00186304836176067,0.00408819359312853,-0.00528808837097982,0,-0.0331975871904458,0,0,0,0,-0.0704054460716513,0,0.0201073854966449,0,0.0250545137423964,0,0,0.0258292387861571,0,0,0.0101258243505295,-0.014664066927579,0,0.00922213959370935,0,0,0,0,0.00998965166678472,-0.0000378678426448282,0,0,0,0,0,0,0,0,0,0,0,0,0,0,-0.00851238532356216,0,-0.00164657686943728,0,-0.0150467446318539,0.0428929762041076,0,-0.00971317041372946,-0.00265982763254959,0,0,0,-0.00506322079292853,0,0.0515923248085855,0,-0.028330145807072,0.0251405016590544,0,0.0268475274562674,-0.00784739343749658,0.00342995946066869,-0.01988389184869
-0.0137188387509503,0.0503786467805177,-0.0188509543432332,0,-0.040043183208235,0,0.0557726033191267,0.0102150802767131,0,-0.027448875926156,0,0,0,0.0666674439720821,0.044321609863623,-0.00918522019041987,-0.0325028078050514,-0.00749766262965725,-0.00523023418162789,0,-0.00123340728754049,0,-0.0206216167531912,0,0.0104527208596581,-0.00553534405586462,0,0.0144447244538954,0,-0.0383134522835311,-0.00195528952354436,0,0,0,0,0,0,0,0,0,0,0.0188560184820347,0.0582032286329114,0.0389022430390299,-0.0153226292912276,0.0663368863728262,0.0270464595175632,-0.00434233092107427,0,-0.00554619645459072,-0.00315312902333353,0,-0.0103497980936446,0.0580823808666061,0.00204439000755302,0.00164400235991995,0.0255630298332267,0,0,0.00206632140287299,-0.0311642881561599,-0.0227860335889665,-0.00735611463603388,0,0.0131107454074086,-0.0111189556371479,0,-0.0254542812373877,0,0.0180371574553487,0,0,-0.00668097124090385,0,0,0,0,-0.0076018040697602,0.0296135934017832,0,-0.0145894131647108,0,0.01984437443504,-0.0118731036820261,0,-0.00487335470788997,0,0,0,0,0,0,0.0427056061996528,-0.0465355780929539,0,0.024725583700323,0,-0.025012600986022,-0.0312814470892724,0,0,0,0.00233455427076467,0,-0.0265114258742409,0.066200806424845,0,-0.00645012843978221,-0.00428341667935556,0,0,-0.0331832076488615,-0.0273067407644078,0.00750918837429047,0,-0.0379448211867852,-0.00468146014024254,0,0,0,0,-0.00121596955768737,0.00483796154844462,-0.00496106309861214,0,-0.0316338551402611,0,0,0,0,-0.0705432815247884,0,0.0204261246062743,0,0.0238523899815251,0,0,0.027152802214707,0,0,0.0100793115330633,-0.015126965486777,0,0.00928356959128784,0,0,0,0,0.0108120121426965,-0.000138542268805086,0,0,0,0,0,0,0,0,0,0,0,0,0,0,-0.0104078982427817,0,-0.00196694867870119,0,-0.0152926339057903,0.0433000538159655,0,-0.0093195081655182,-0.0029331401435292,0,0,0,-0.00483124420671271,0,0.050659832914022,0,-0.0296309314069499,0.0260619532507905,0,0.0270686635579187,-0.00686047808418414,0.00185817584657476,-0.0219415621685477
-0.014056214641639,0.0497745954276758,-0.0183346689801487,0,-0.0406149511844089,0,0.0552724703598542,0.0129595398848737,0,-0.0271606771380774,0,0,0,0.0660448014897616,0.0447891792156936,-0.00903387063701101,-0.0323476615414027,-0.00749082341954829,-0.00580748701631925,0,-0.00145261019154213,0,-0.0203809624062599,0,0.0102574662310894,-0.00521116743789524,0,0.0143122439069794,0,-0.0382519194581657,-0.00181568173425066,0,0,0,0,0,0,0,0,0,0,0.0185361036194458,0.0586762596584599,0.0389448385967911,-0.0155362402534833,0.0663346322180829,0.0271276662575345,-0.00444494437307405,0,-0.00595413891108264,-0.00298615415932299,0,-0.0103311705924242,0.059318219052565,0.00237335762535693,0.0011145863682462,0.0249862009013673,0,0,0.00235463053603893,-0.0314619255213409,-0.0235489100168908,-0.00770739940882838,0,0.0128516853352676,-0.0111276086299274,0,-0.0251445698139174,0,0.0176012215454519,0,0,-0.00649344093638841,0,0,0,0,-0.00725394901738835,0.0295633691749944,0,-0.0144406021503926,0,0.020232519740444,-0.0122316393631539,0,-0.0058611258132669,0,0,0,0,0,0,0.0429909070550423,-0.0452187168226279,0,0.0240807832751062,0,-0.0250390044845702,-0.0307380588729879,0,0,0,0.00205920706249551,0,-0.026136055435742,0.0666546264108046,0,-0.00688218155218553,-0.00531635534940009,0,0,-0.0333816167699301,-0.0274777028599496,0.00814874987084945,0,-0.0392081401444985,-0.00392058882241417,0,0,0,0,-0.00220198943666433,0.00452184259279866,-0.00448758744963978,0,-0.0333643899995198,0,0,0,0,-0.07069498573025,0,0.0208620892880038,0,0.0230016956575017,0,0,0.0274779253769642,0,0,0.00996873982947495,-0.0162396331093126,0,0.00902701995774395,0,0,0,0,0.0110024553638838,-0.000234075644543149,0,0,0,0,0,0,0,0,0,0,0,0,0,0,-0.0113035734924824,0,-0.00247731070396437,0,-0.0147416167675914,0.0436494972220545,0,-0.0105686518273401,-0.00238286095607686,0,0,0,-0.00546632331134913,0,0.0501106576425845,0,-0.0295497257202394,0.0259061213330439,0,0.0269183542363086,-0.00623718788141554,0.0020486735789662,-0.0235030098183689
-0.0135885582121831,0.0500490916790369,-0.0177847315762274,0,-0.0400100402954686,0,0.0584635890405241,0.0118349973069578,0,-0.0276229202532865,0,0,0,0.0661445360378841,0.0447744989884284,-0.0093749958492081,-0.0319006799467647,-0.00726428905616294,-0.00506629125796183,0,-0.0020696740925943,0,-0.0203962989749345,0,0.0102152770958471,-0.00598879021969174,0,0.0145515630871301,0,-0.0382191629562901,-0.00142704049350124,0,0,0,0,0,0,0,0,0,0,0.0181150555513394,0.0575485397909748,0.0392391987344909,-0.0146234775439534,0.0661850942962775,0.0271875584860767,-0.00431078551940232,0,-0.00504380537512295,-0.00301325584862476,0,-0.00985887125609471,0.0588205633139097,0.00208595326895615,0.00221704018700544,0.0245159387735712,0,0,0.00166596592235706,-0.0317605884062775,-0.0228286833812367,-0.00682772931631129,0,0.0127041225664025,-0.0113814492479785,0,-0.0265585405409987,0,0.018006633815496,0,0,-0.00621884787971751,0,0,0,0,-0.00690745690938854,0.0297134690310938,0,-0.014463886329923,0,0.0198786057413796,-0.0120882787038719,0,-0.00431283272667252,0,0,0,0,0,0,0.0437911020640683,-0.0475778764105478,0,0.0244544025567677,0,-0.0250404358997971,-0.027899494220336,0,0,0,0.00228179111937642,0,-0.026914785006151,0.0661401854152543,-0.0000990461480006875,-0.00471521685897542,-0.00509459598478035,0,0,-0.0331700997846571,-0.0271022816211566,0.00781666733901696,0,-0.0390524087755574,-0.00418074779551381,0,0,-0.000407190433837621,0,-0.000884527839868597,0.00389753101125308,-0.00460454229546313,0,-0.033223747263741,0,0,0,0,-0.0709340288141499,0,0.0199611806182892,0,0.0230086978623287,0,0,0.025458802515593,0,0,0.0101892165890904,-0.0169119564239308,0,0.00903658665798123,0,0,0,0,0.0114050804814706,0,0,0,0,0,0,0,0,0,0,0,0,0,0,0,-0.0100483314362443,0,-0.0025192801829396,0,-0.0148659650684829,0.0430493958238837,0,-0.00958140482807387,-0.00186950685198949,0,0,0,-0.00515165508990346,0,0.0506971911581856,0,-0.0296523595109606,0.0261568298532645,0,0.026500148354999,-0.00661791624439161,0.00145317962380182,-0.021008341202081
NA,NA,NA,NA,NA,NA,NA,NA,NA,NA,NA,NA,NA,NA,NA,NA,NA,NA,NA,NA,NA,NA,NA,NA,NA,NA,NA,NA,NA,NA,NA,NA,NA,NA,NA,NA,NA,NA,NA,NA,NA,NA,NA,NA,NA,NA,NA,NA,NA,NA,NA,NA,NA,NA,NA,NA,NA,NA,NA,NA,NA,NA,NA,NA,NA,NA,NA,NA,NA,NA,NA,NA,NA,NA,NA,NA,NA,NA,NA,NA,NA,NA,NA,NA,NA,NA,NA,NA,NA,NA,NA,NA,NA,NA,NA,NA,NA,NA,NA,NA,NA,NA,NA,NA,NA,NA,NA,NA,NA,NA,NA,NA,NA,NA,NA,NA,NA,NA,NA,NA,NA,NA,NA,NA,NA,NA,NA,NA,NA,NA,NA,NA,NA,NA,NA,NA,NA,NA,NA,NA,NA,NA,NA,NA,NA,NA,NA,NA,NA,NA,NA,NA,NA,NA,NA,NA,NA,NA,NA,NA,NA,NA,NA,NA,NA,NA,NA,NA,NA,NA,NA,NA,NA,NA,NA,NA,NA,NA,NA,NA,NA,NA,NA,NA,NA,NA,NA
-0.0130157676355594,0.0499147726315048,-0.0185784294025268,0,-0.0398508565111242,0,0.0572096957226322,0.0119602141204853,0,-0.0277840445345092,0,0,0,0.0660189531125302,0.044235247455905,-0.00871916724015647,-0.0333171813246304,-0.00915267729395362,-0.00617248635331697,0,0,0,-0.0205873204991187,0,0.0108621549469188,-0.0061655157371434,0,0.0138275340862988,0,-0.0392242808975035,-0.00215442782812196,0,0,0,0,0,0,0,0,0,0,0.0200616364922943,0.0583673149660443,0.0376793147613619,-0.0155858371819238,0.0674981620794925,0.0269373857720628,-0.00486187970265347,0,-0.006646608747035,-0.00363097159110717,0,-0.00946198169079032,0.0592433736421373,0.00183796648277928,0.00179069331130628,0.021769303701841,0,0,0.00112709504893899,-0.03164642717329,-0.0237697581348959,-0.00805300914270709,0,0.0130260129021151,-0.0112408625659342,0,-0.0261423129883576,0,0.0182644078189484,0,0,-0.00310553553767861,0,0,0,0,-0.00717412859523234,0.0297665851123199,0,-0.0143540861418449,0,0.0201069799885523,-0.0116164419540322,0,-0.00475172205523449,0,0,0,0,0,0,0.0441909497478345,-0.0460268026995694,0,0.0249759647058723,0,-0.0243898388510563,-0.031429014418557,0,0,0,0.00248464341227896,0,-0.0246915405299695,0.0661274658477508,0,-0.00624905191578815,-0.00987140711761162,0,0,-0.0335718285775257,-0.027567752096636,0.00824937625431647,0,-0.0397397727728456,-0.00327079980501686,0,0,0,0,-0.00368410892860105,0.0028665044500183,-0.00413784895205999,0,-0.0306231105728998,0,0,0,0,-0.0699810274712777,0,0.0202880335464331,0,0.0263122686905875,0,0,0.0267465886173678,0,0,0.00878073503696545,-0.0177291267387177,0,0.00955531936651425,0,0,0,0,0.0107402210335544,-0.00060452192566172,0,0,0,0,0,0,0,0,0,0,0,0,0,0,-0.00961168327329613,0,-0.00319394566101745,0,-0.0135949129667864,0.0429126034306898,0,-0.0116732018896415,-0.00275538794401392,0,0,0,-0.00506818991714678,0,0.0500011836742236,0,-0.0299829217584197,0.0259741068702648,0,0.026757279955672,-0.00663276324217293,0.00118076494881393,-0.024640728251064
NA,NA,NA,NA,NA,NA,NA,NA,NA,NA,NA,NA,NA,NA,NA,NA,NA,NA,NA,NA,NA,NA,NA,NA,NA,NA,NA,NA,NA,NA,NA,NA,NA,NA,NA,NA,NA,NA,NA,NA,NA,NA,NA,NA,NA,NA,NA,NA,NA,NA,NA,NA,NA,NA,NA,NA,NA,NA,NA,NA,NA,NA,NA,NA,NA,NA,NA,NA,NA,NA,NA,NA,NA,NA,NA,NA,NA,NA,NA,NA,NA,NA,NA,NA,NA,NA,NA,NA,NA,NA,NA,NA,NA,NA,NA,NA,NA,NA,NA,NA,NA,NA,NA,NA,NA,NA,NA,NA,NA,NA,NA,NA,NA,NA,NA,NA,NA,NA,NA,NA,NA,NA,NA,NA,NA,NA,NA,NA,NA,NA,NA,NA,NA,NA,NA,NA,NA,NA,NA,NA,NA,NA,NA,NA,NA,NA,NA,NA,NA,NA,NA,NA,NA,NA,NA,NA,NA,NA,NA,NA,NA,NA,NA,NA,NA,NA,NA,NA,NA,NA,NA,NA,NA,NA,NA,NA,NA,NA,NA,NA,NA,NA,NA,NA,NA,NA,NA
-0.0144609968357746,0.0495267655910385,-0.0190161733340169,0,-0.0409091725553306,0,0.056313741887535,0.0112936332687564,0,-0.0274030659986148,0,0,0,0.0653683350469854,0.0444798992280645,-0.00902871960128437,-0.0319102155083106,-0.00697207855556522,-0.00602466662336526,0,-0.00123154160402473,0,-0.0202318859968679,0,0.00947954938182934,-0.00530869709450525,0,0.0142850408655271,0,-0.0387234927595205,-0.00177198397999316,0,0,0,0,0,0,0,0,0,0,0.0197476669316682,0.0587460256537964,0.0389317417978041,-0.0145255685313707,0.0664905207131215,0.0272825815598744,-0.0043902315428929,0,-0.0053619582891053,-0.00320170827415841,0,-0.0101159748973249,0.0581224728218613,0.00255674650879481,0.00179710939171066,0.02449361882368,0,0,0.00150924849635064,-0.0302949926281446,-0.0230819962764368,-0.00704451486103203,0,0.0133819003793912,-0.0105813700177487,0,-0.0253666726492401,0,0.0179648215520178,0,0,-0.00620572197412588,0,0,0,0,-0.00739302667307643,0.0295107169140988,0,-0.0147616277272108,0,0.019826307353277,-0.0128877767565265,0,-0.00437247245882323,0,0,0,0,0,0,0.043119188960308,-0.0457702308579062,0,0.0246131983575845,0,-0.0248285027852557,-0.031036780597199,0,0,0,0.00232250136809369,0,-0.0359279919399347,0.0671575357395355,0,-0.00607694948203477,-0.00515408836993311,0,0,-0.033196782014359,-0.0268232283547518,0.00835887890995972,0,-0.0394390950556457,-0.00430364113302769,0,0,-0.0000337299206822497,0,-0.00161062504732599,0.00443880339345469,-0.00425874741964257,0,-0.0336696314285756,0,0,0,0,-0.0706665799763951,0,0.0213387969152093,0,0.0238465268422005,0,0,0.0269567391174959,0,0,0.00961627095211133,-0.0174194295787503,0,0.00937871677322855,0,0,0,0,0.0112812089761049,-0.000701848205169878,0,0,0,0,0,0,0,0,0,0,0,0,0,0,-0.0111200862933384,0,-0.00195518300951055,0,-0.0148570727821011,0.0426069618767658,0,-0.0101834265605216,-0.00264536968501178,0,0,0,-0.00477743526850129,0,0.0504243284939293,0,-0.0291751918742862,0.0261343747337189,0,0.0271476206708062,-0.00663946484823395,0.00141504104506733,-0.0226903754038975
-0.0136582159948972,0.0504891250369447,-0.0177619053279111,0,-0.0406097374936878,0,0.0549992679585556,0.0102293621408267,0,-0.0276911542916262,0,0,0,0.065416166618906,0.0454885261869571,-0.00904295713714576,-0.0319179847245328,-0.00810047778703763,-0.00587653109114282,0,-0.00132554138221948,0,-0.0198355390603967,0,0.0100674206913735,-0.00508889219389999,0,0.0141170165841183,0,-0.0387610064090468,-0.00186136735614377,0,0,0,0,0,0,0,0,0,0,0.0209885777651556,0.058706793265699,0.0386981309843716,-0.0151597332602045,0.0669330033916887,0.0266138292343313,-0.00472524773323417,0,-0.00641950436882858,-0.00291545043184732,0,-0.0107453181856323,0.0579434025855587,0.00246176175502276,0.000315975180430952,0.0273620055550287,0,0,0.00153150878386382,-0.0298029035853536,-0.0230919299603847,-0.00736934366593029,0,0.0129241031821855,-0.0112119737153526,0,-0.0253404591978761,0,0.0178787379974819,0,0,-0.00544039381830648,0,0,0,0,-0.00791176251745051,0.0295930436061324,0,-0.0139800923128269,0,0.0197230674537759,-0.0114078114057708,0,-0.00322170677300249,0,0,0,0,0,0,0.0433132426590742,-0.0470655686686062,0,0.024357133787363,0,-0.0245816984552481,-0.0307839329481775,0,0,0,0.00148438348357313,0,-0.026537086177952,0.065697916584593,0,-0.00522732357694125,-0.0081629271394302,0,0,-0.0328907770400639,-0.0273115527493632,0.00783478677909269,0,-0.0389041926418508,-0.00294378103747763,0,0,-0.000359298553841998,0,-0.00301083420830629,0.00312174159185196,-0.0041255006451395,0,-0.0337570323248828,0,0,0,0,-0.0711770731461351,0,0.0207503488955084,0,0.0232388831159781,0,0,0.0263189888523225,0,0,0.00965977382523467,-0.0176573684784304,0,0.00918991699548687,0,0,0,0,0.0108585867856784,-0.000715034212994484,0,0,0,0,0,0,0,0,0,0,0,0,0,0,-0.0105220884739627,0,-0.00244171081169919,0,-0.0147348515253556,0.0436818007596614,0,-0.0107446608740308,-0.0024908464924543,0,0,0,-0.00466662384922032,0,0.0507364334372923,0,-0.0297616970768487,0.0264307619872301,0,0.0267452618975184,-0.00624588571760866,0.00132573540733824,-0.0239431284174734
-0.0137418417737386,0.0504384792193821,-0.0189529927834277,0,-0.0411011035648598,0,0.0538082558672528,0.0109728355979361,0,-0.0276800402243771,0,0,0,0.0658221441752109,0.0440645307687348,-0.00959658073661192,-0.0317267425142758,-0.00680643434768406,-0.00590573854441582,0,-0.00117386648446657,0,-0.0208573258927504,0,0.00979025700641036,-0.0056780204947695,0,0.0142912366467102,0,-0.0385946008355865,-0.00161819911628265,0,0,0,0,0,0,0,0,0,0,0.020281203512679,0.0586708849551105,0.0385842700145345,-0.0156938243395771,0.0665983207466779,0.0270023944410357,-0.00457373509448057,0,-0.00615055082074439,-0.00290970068539906,0,-0.00994576383703729,0.0582499201313507,0.00260291846347127,0.00156670801917009,0.0248803868106855,0,0,0.00182914525920324,-0.0308052539742965,-0.023333093892137,-0.0078500476543254,0,0.0135935042746976,-0.0112268714357678,0,-0.0257573435720277,0,0.0181274684758835,0,0,-0.00290114839387001,0,0,0,0,-0.0074558935167928,0.0294467617123502,0,-0.0142090690301231,0,0.0199162896976051,-0.0126095146230644,0,-0.00445021964092012,0,0,0,0,0,0,0.0431031351900421,-0.046370056805762,0,0.0244178065363268,0,-0.0245846691362759,-0.0309682349459396,0,0,0,0.00208952310450456,0,-0.0252848902076578,0.0674102022931801,-0.000144313065953009,-0.00555082644212738,-0.00406806156315255,0,0,-0.032560002924644,-0.0275888283425141,0.00824079638727469,0,-0.0390635153579146,-0.00436934908815075,0,0,0,0,-0.0017783761622842,0.00409296880460067,-0.0042897181552604,0,-0.0354766888327454,0,0,0,0,-0.0703682429493012,0,0.020240556388679,0,0.0232714089976855,0,0,0.0276656966681989,0,0,0.00966056477065388,-0.0174591502375124,0,0.00890205706356558,0,0,0,0,0.0101086941704973,-0.000631456754339562,0,0,0,0,0,0,0,0,0,0,0,0,0,0,-0.00945578495992994,0,-0.00433513824037501,0,-0.0157291130426999,0.0433080788560012,0,-0.00988761894454662,-0.00281578115506579,0,0,0,-0.00503679029419324,0,0.0507380016323842,0,-0.0303215672344455,0.0262090579402222,0,0.0268487037792012,-0.00630481044364838,0.00156974566652428,-0.0234785409175588
-0.0136338664932775,0.0497425234895438,-0.017904999922476,0,-0.0402484477243245,0,0.0547706508899021,0.0128524283301054,0,-0.027683713230984,0,0,0,0.0662741702461893,0.0455508787755903,-0.00909463042924987,-0.0328914167203695,-0.00773956823155473,-0.0057144011207455,0,-0.00126800141342209,0,-0.0204390493691634,0,0.00995945820932015,-0.00489770401955892,0,0.0146116055615359,0,-0.038394382059758,-0.00186504554856,0,0,0,0,0,0,0,0,0,0,0.0180110633831913,0.0589804817784855,0.0391246513146726,-0.0143262118406063,0.0666694718540956,0.0270987192281224,-0.00460540953720099,0,-0.00377964909970216,-0.00296544909518147,0,-0.0100812894160091,0.0582342423139994,0.00251481643230611,0.000551993698454424,0.0268156521207261,0,0,0.00185865016602049,-0.0311688241887434,-0.0231794244335434,-0.00767780553916502,0,0.0131729320485601,-0.0112264580386162,0,-0.0264450880331853,0,0.0182631109202933,0,0,-0.00479581512273626,0,0,0,0,-0.00753064783911016,0.0295194044497229,0,-0.0145616693361485,0,0.0201053290797195,-0.0113647725563235,0,-0.00508157978872914,0,0,0,0,0,0,0.0432050659273242,-0.0461806762162123,0,0.0247501360185028,0,-0.0251706759346696,-0.0311208416103396,0,0,0,0.00242808381018329,0,-0.0260662131569766,0.0672679898751404,-0.000432587289015323,-0.00633368844590828,-0.00748327777325246,0,0,-0.0332709279490129,-0.0268666759010269,0.00823837353652346,0,-0.0399564475968215,-0.0037268967423356,0,0,-0.000824139032889007,0,-0.00176939811874072,0.00444414341037893,-0.00475462336596,0,-0.0334374438403745,0,0,0,0,-0.0706913071464153,0,0.0204546232987287,0,0.0230557344246519,0,0,0.027382731633022,0,0,0.00992438516737693,-0.0168062071102772,0,0.00913344963820615,0,0,0,0,0.0104267667644591,-0.000137158116872205,0,0,0,0,0,0,0,0,0,0,0,0,0,0,-0.0113047080722453,0,-0.00245881675594934,0,-0.0147485631804088,0.0440290029326909,0,-0.0107871906109224,-0.00243191849103808,0,0,0,-0.00513522889441972,0,0.0502555198124733,0,-0.0300657100082031,0.0263113525912844,0,0.0270368729850192,-0.0064819342619571,0.0019099116577178,-0.0238562240779858
-0.0160406852482367,0.0509008724240239,-0.017881413245749,0,-0.0431407527919977,0,0.0551179617866928,0.011781077839059,0,-0.0265955033104953,0,0,0,0.0664066284384718,0.0432337006280707,-0.00954474085021332,-0.031229393412397,-0.0058283669206651,-0.00568783306845547,0,-0.00185048779437752,0,-0.0218558949014956,0,0.0100435649880079,-0.00582808396541327,0,0.0140822651622724,0,-0.0390079857168422,-0.00190051530441892,0,0,0,0,0,0,0,0,0,0,0.0176185673660202,0.0583899223266246,0.0384650389222705,-0.0168258606141152,0.0657571819805208,0.0275725980628596,-0.00416769204222093,0,-0.0102042823803282,-0.00282429005699263,0,-0.00929583237403043,0.0580590660422857,0.00191853434948003,0.0028980600184166,0.0247724954170233,0,0,0.00109523130882495,-0.0288240324161535,-0.0232408800275409,-0.00886654246864972,0,0.0129607872935642,-0.0111680900530091,0,-0.0267188365362829,0,0.0189189650885519,0,0,-0.00726105845000519,0,0,0,0,-0.00594312417758724,0.0295636302953985,0,-0.013703100847035,0,0.0200570635922825,-0.0159240974790447,0,-0.00356905321609671,0,0,0,0,0,0,0.0432296562321007,-0.0455820100481086,0,0.0246174565333077,0,-0.0236592635440948,-0.0305678915532277,0,0,0,0.00160576620319242,0,-0.0252095926690919,0.0668321887837711,0,-0.0068400959258322,-0.00488455988552639,0,0,-0.0329576175723507,-0.0267224246778744,0.00908629337023678,0,-0.0397604406135436,-0.00454979375917559,0,0,-0.00311565943107343,0,-0.00138216690535124,0.00461333052596851,-0.00479910513442711,0,-0.0346134314512624,0,0,0,0,-0.0698250926838854,0,0.0212276271551716,0,0.0233842638019342,0,0,0.0270466846249239,0,0,0.0110958057368716,-0.0171688185760968,0,0.00917838112149822,0,0,0,0,0.0127691628740281,-0.000708430947457597,0,0,0,0,0,0,0,0,0,0,0,0,0,0,-0.0108783440616835,0,-0.00236134219945308,0,-0.0151770110530859,0.0448823135623199,0,-0.0123876781407899,-0.00286650096332321,0,0,0,-0.00557710104939529,0,0.05248690111784,0,-0.0278636082138652,0.0256675834987276,0,0.0262805922300671,-0.00721032958062259,0.00158427315710117,-0.0216103611137496
-0.0139229216277003,0.0496912907361057,-0.0187159717563474,0,-0.041482608880227,0,0.0544537984396396,0.0121874923147892,0,-0.0274040744267313,0,0,0,0.066095979595348,0.044702249749843,-0.009369393782831,-0.0323021790894742,-0.0071845363602969,-0.00604804829141677,0,-0.00137762631108562,0,-0.0204155926057813,0,0.00965965087568989,-0.00491287902691316,0,0.0143116090963293,0,-0.0385275655207789,-0.00198935412660082,0,0,0,0,0,0,0,0,0,0,0.0194859979343377,0.0589248837115487,0.0391912691483736,-0.0147503917181258,0.0667684206715661,0.0276299009501911,-0.00452903358430042,0,-0.00611099315316711,-0.00307659546435749,0,-0.0104225036178881,0.0585538206469423,0.00250717400964147,0.000814566869349749,0.024785199487627,0,0,0.00141634924962391,-0.0315322093799058,-0.0239475227617813,-0.00747320692874596,0,0.0129018570891245,-0.0110531749744924,0,-0.0256045057982988,0,0.0183887033958033,0,0,-0.00625887323513139,0,0,0,0,-0.00698701783879532,0.0294926866020899,0,-0.0147088373348474,0,0.0201302876945404,-0.0112618995327479,0,-0.00514385166226489,0,0,0,0,0,0,0.0429135487361749,-0.0466975553499955,0,0.0244305804807977,0,-0.0247576854504707,-0.0310873243349827,0,0,0,0.00221789034410549,0,-0.0262131238791707,0.0662543614431616,-0.0000159057627562768,-0.00596886879962369,-0.00550212654700307,0,0,-0.0334771520735219,-0.027467935637187,0.00788278041837412,0,-0.0397077814330627,-0.00421371534480554,0,0,0,0,-0.00290491815692479,0.00473308054074696,-0.00476074539080472,0,-0.0332814224247333,0,0,0,0,-0.07107374837873,0,0.0212806830606031,0,0.0237295548459111,0,0,0.0278570182253669,0,0,0.00993716592906054,-0.0164104777458082,0,0.00895225167336629,0,0,0,0,0.0110147892350627,-0.000419391955371056,0,0,0,0,0,0,0,0,0,0,0,0,0,0,-0.0109892417683755,0,-0.00269484395847411,0,-0.0152421118373766,0.0433825562166288,0,-0.00971827045986557,-0.0018035066717827,0,0,0,-0.00486276293263139,0,0.0513067335232677,0,-0.0302443558190434,0.0261055065954854,0,0.0273167815145082,-0.00672427046035577,0.00185366822017783,-0.0223815643657048
-0.0142139322638653,0.0501879836431415,-0.0187055234084717,0,-0.0411557422981662,0,0.054269218709116,0.011745982808709,0,-0.0274796908738419,0,0,0,0.0653482540841487,0.0439144159262599,-0.00930032578314591,-0.0323394505265834,-0.00747567414753179,-0.0059981523333407,0,-0.00204384590096676,0,-0.020900355839001,0,0.0100320004634676,-0.00547426019621115,0,0.0144097067561116,0,-0.0385973986841426,-0.00191067290186512,0,0,0,0,0,0,0,0,0,0,0.0195990763467912,0.0586358077162723,0.038962302952427,-0.0151126888329852,0.0670754396053084,0.0272483163628771,-0.00445923099152861,0,-0.00576405619999289,-0.00302084558462599,0,-0.010196009656299,0.0579491828359186,0.00339320283473003,0.00116158435810628,0.0253592905203545,0,0,0.00157953416579342,-0.0310595160670679,-0.0232681526781074,-0.00751978751028503,0,0.0131027716510851,-0.010996395965623,0,-0.026390392913401,0,0.0178545411864865,0,0,-0.006609363842917,0,0,0,0,-0.00733329733121389,0.0295708299730801,0,-0.0146995800657261,0,0.0198665302123024,-0.012163030941884,0,-0.0048609538922222,0,0,0,0,0,0,0.04348497174188,-0.0465815971143025,0,0.0243456693720213,0,-0.0243734545407723,-0.0307819457518973,0,0,0,0.00206464497158036,0,-0.0262072197893705,0.0672164215079251,0,-0.00635613433057929,-0.0054745657980954,0,0,-0.0333286820703638,-0.0270387114461166,0.00811246276427341,0,-0.039736216617717,-0.00410024260922234,0,0,0,0,-0.00187593580064825,0.00455866834236855,-0.00473532829370698,0,-0.0339763328721855,0,0,0,0,-0.0708882457914048,0,0.021169056491169,0,0.0231632533610276,0,0,0.0266297086455876,0,0,0.0103757778879618,-0.016976513097674,0,0.00866336676990453,0,0,0,0,0.0108203402482764,-0.000509013519619121,0,0,0,0,0,0,0,0,0,0,0,0,0,0,-0.0108071047501809,0,-0.00252368520746403,0,-0.0149958717488094,0.0440051879313233,0,-0.0102188035507968,-0.00265331160937198,0,0,0,-0.00529302115866626,0,0.0502730647643482,0,-0.0297616112021466,0.0260760579459025,0,0.026976450572397,-0.00637259693706254,0.00177298471170279,-0.0235326792116345
-0.0142516465127453,0.0500269766208264,-0.0181218709565797,0,-0.0409457268942924,0,0.0544384360635254,0.0112489140075305,0,-0.0275780185317493,0,0,0,0.0661565183100821,0.0443815716851509,-0.00931261120797302,-0.0325074280697209,-0.00717781926103658,-0.00543331164334392,0,-0.00144976778573657,0,-0.0208557277400245,0,0.00980172542843459,-0.00521382140605719,0,0.0144037732176716,0,-0.0385847213248194,-0.0019929995096791,0,0,0,0,0,0,0,0,0,0,0.0191557040754461,0.0584966464493951,0.0389568184371545,-0.0149400653698264,0.0667308276239859,0.0274291978855546,-0.00449529498203577,0,-0.00540526742424492,-0.0029926822710115,0,-0.0100817775691538,0.0584901580420142,0.00255121743588088,0.00149086912955297,0.0250406334281094,0,0,0.00187731081574652,-0.0308732366274976,-0.0230737251748605,-0.00728046220191676,0,0.0130954661614142,-0.0112113855660857,0,-0.0261582830301247,0,0.0183679373894812,0,0,-0.00648951908835047,0,0,0,0,-0.00735178062894753,0.0295415387004976,0,-0.0144594999917069,0,0.0200426643873192,-0.0120236713333918,0,-0.00480786216032498,0,0,0,0,0,0,0.0432594330487538,-0.0460697524495052,0,0.0244975988417869,0,-0.0245433788006118,-0.0308841025358555,0,0,0,0.00206275328679883,0,-0.0260599520014373,0.0671702464572502,0,-0.00620130533788341,-0.00572236463367887,0,0,-0.0331522955835236,-0.0269661633788772,0.00812746839787287,0,-0.0397808790776518,-0.00391397120949995,0,0,0,0,-0.00191284196044757,0.0045074383301126,-0.00457239927334824,0,-0.0333669315712204,0,0,0,0,-0.0705665769740443,0,0.0211653678008395,0,0.0234245981492161,0,0,0.027555563719164,0,0,0.0100506618891308,-0.0169667047744968,0,0.00903551585339743,0,0,0,0,0.010842466680048,-0.000112624525412188,0,0,0,0,0,0,0,0,0,0,0,0,0,0,-0.010678076530086,0,-0.00270848913567847,0,-0.0149328961505763,0.0435659863713755,0,-0.0102375442900113,-0.00275871304031216,0,0,0,-0.00508298480749608,0,0.050552517605337,0,-0.0299440529796501,0.02637553733725,0,0.0270097546509894,-0.0064544626733258,0.00150212937199171,-0.0235259746536062
-0.0137464103203226,0.0502203923321834,-0.0187467387725273,0,-0.0402716184380677,0,0.0541109889190473,0.0113670143395436,0,-0.0275031624646148,0,0,0,0.065776089953332,0.0452241237682137,-0.00934577482579868,-0.0327216889181718,-0.00676414393326443,-0.0053578473210814,0,-0.00209106036638628,0,-0.020798494236837,0,0.0102147323161534,-0.00572153013084016,0,0.0148057533290313,0,-0.0385034763362161,-0.00189522307470872,0,0,0,0,0,0,0,0,0,0,0.0188110298633916,0.0585128259714236,0.0388498583555154,-0.0145765565626807,0.0667658874905554,0.0269708275473059,-0.00427670085774832,0,-0.00594926255996906,-0.00305054032648763,0,-0.00983031671271836,0.0574981681735224,0.00341456269146759,0.0012771058721812,0.0260157923573599,0,0,0.00173996807095777,-0.0309583800509488,-0.0228664052686792,-0.00668966860992369,0,0.0134813787432524,-0.011244966048905,0,-0.0261938412135624,0,0.0182041488318074,0,0,-0.00408722922244576,0,0,0,0,-0.00714473363574005,0.0296059575503875,0,-0.0145563693553389,0,0.0197786112693019,-0.0127415261506805,0,-0.00488614974495009,0,0,0,0,0,0,0.0429871858082158,-0.0463947659412038,0,0.0249077042327978,0,-0.0247647289084566,-0.0310040699684105,0,0,0,0.00225539133915022,0,-0.0263012348035,0.0674175247006857,0,-0.00708332657273383,-0.00613896230023334,0,0,-0.0331034375926941,-0.0275007656601728,0.00800058815205658,0,-0.0399591830933364,-0.00389360216012772,0,0,0,0,-0.0021554187175779,0.00409335351104807,-0.00495843617920902,0,-0.0341287264071021,0,0,0,0,-0.0705456283521293,0,0.0209456872403357,0,0.0235024509653638,0,0,0.0266033386186653,0,0,0.00984057243405758,-0.016819654627688,0,0.00895922320563336,0,0,0,0,0.0106955251474946,-0.0000485619487987853,0,0,0,0,0,0,0,0,0,0,0,0,0,0,-0.0104378323277891,0,-0.00302728472446075,0,-0.0148587435046457,0.0440044545325542,0,-0.0107404102532788,-0.00172117810786042,0,0,0,-0.00492949602186759,0,0.0506079946842331,0,-0.0297712211933048,0.0260492572243094,0,0.0269199637343495,-0.00666310217645649,0.00152438521064121,-0.0221380393085501
-0.0132569156227948,0.050117581910431,-0.0181154280088774,0,-0.0406575141495942,0,0.0555512402812486,0.0168136796894622,0,-0.0279008027886085,0,0,0,0.0656473370547993,0.0489126337357522,-0.00938484213030389,-0.0316673618228658,-0.00794573248109658,-0.00698818421079006,0,-0.00247639339803274,0,-0.0204954772197866,0,0.0100213991595887,-0.00569936951771808,0,0.0141981565388434,0,-0.0381431796233899,-0.00193157343232579,0,0,0,0,0,0,0,0,0,0,0.0186204864556653,0.0588534283355795,0.0397320186717549,-0.0153204771428013,0.0668913422380387,0.0264846287366493,-0.00416550903649902,0,-0.00572716365246396,-0.00268992780209586,0,-0.00920570248863373,0.0576241397806571,0.00289544229243223,0,0.0268482030748904,0,0,0.00181053139152916,-0.0307528902871674,-0.0184926857958004,-0.00885433734049966,0,0.0140789552219356,-0.0101629998732102,0,-0.0259734165185851,0,0.0182720154007788,0,0,-0.00582059489343715,0,0,0,0,-0.00651558061602569,0.0303387291341783,0,-0.0143419619287463,0,0.0197649927573227,-0.0128687978457129,0,-0.00571509754406902,0,0,0,0,0,0,0.0423352907393672,-0.0460885105960412,0,0.0252662775300855,0,-0.0255950518811422,-0.031985117202237,0,0,0,0.00159710743109014,0,-0.0263818241140459,0.0673935576689216,0,-0.00808655421297559,-0.00534903269019506,0,0,-0.0327651702286961,-0.0265025805768921,0.00745462899182321,0,-0.0393041710702111,-0.00334845608200873,0,0,-0.000123804283010978,0,-0.00399397096890468,0.00502365628279416,-0.00362539442440052,0,-0.0338673733830843,0,0,0,0,-0.0706223938651889,0,0.0210783911898506,0,0.0226385513781026,0,0,0.0264724518323965,0,0,0.00992736820915917,-0.0169798829637674,0,0.00969837823907586,0,0,0,0,0.0108886602008145,-0.0002406490262524,0,0,0,0,0,0,0,0,0,0,0,0,0,0,-0.0109266513258256,0,-0.00371184255711508,0,-0.0150970757530514,0.0434135789540577,0,-0.0104932179123586,-0.00275273174162283,0,0,0,-0.00501349702167693,0,0.0510597431644186,0,-0.0294131237083755,0.0261411030341692,0,0.0269120870077838,-0.0067390720921056,0.00159369474171722,-0.0238395997855616
-0.0145756097945613,0.0501748812803427,-0.0180343849474246,0,-0.0412600648190937,0,0.0547950918295627,0.0116587218618479,0,-0.0274404670990645,0,0,0,0.0661479054720856,0.0444636262927964,-0.00928715121535856,-0.0321823680345521,-0.00733929777428394,-0.00551189762920451,0,-0.0015191512454092,0,-0.0210879215739329,0,0.0100660709563432,-0.00503744339686116,0,0.0145227848260693,0,-0.0385177713636631,-0.00170773476241254,0,0,0,0,0,0,0,0,0,0,0.0190689615891261,0.0586077691180914,0.0392505856308324,-0.0149122206796701,0.0670121224803878,0.0274004093589161,-0.00432744071834872,0,-0.00549096990404111,-0.00286719305162521,0,-0.0100231083931259,0.0586434463382636,0.00270587643346647,0.00148096416910894,0.0255647575306527,0,0,0.00191356748376182,-0.0305721328355495,-0.0233499121244003,-0.00744570752031033,0,0.0128659520979281,-0.0110569334059975,0,-0.0262153504598207,0,0.0183995735106022,0,0,-0.00665624674827327,0,0,0,0,-0.0072067966852089,0.029646722240279,0,-0.0144822149435666,0,0.020045747028309,-0.012232833881291,0,-0.00471585132649437,0,0,0,0,0,0,0.0432845522275469,-0.04597817792661,0,0.0244818908613068,0,-0.0244996336096089,-0.0310376152771795,0,0,0,0.00211645083273222,0,-0.025906851889197,0.0670267074552501,0,-0.00619111507427428,-0.00569221205645159,0,0,-0.0331630873880704,-0.0270985693559252,0.00840720399636037,0,-0.0398763403754229,-0.00380975286402715,0,0,-0.000554815248929516,0,-0.00149285517728521,0.00455083638830426,-0.00465056439730824,0,-0.034483726052406,0,0,0,0,-0.0704324247160135,0,0.0211245572597359,0,0.0231236822095683,0,0,0.0273098658405558,0,0,0.0103424556015225,-0.0167140769941429,0,0.00892055735598674,0,0,0,0,0.0110267276738022,-0.000314337221368085,0,0,0,0,0,0,0,0,0,0,0,0,0,0,-0.0107151922286231,0,-0.00271958576802127,0,-0.014962337208393,0.0440061795602621,0,-0.0104881101898097,-0.00254261095822101,0,0,0,-0.00526410915896098,0,0.0505226437237603,0,-0.029822768557864,0.0261748479354399,0,0.0272357454672086,-0.0064177129146853,0.00169603597082673,-0.0231408190686537
-0.0134406947577802,0.0499485973650503,-0.018935958685624,0,-0.0412912220107918,0,0.0532952941889168,0.0106934918297995,0,-0.0277697522471838,0,0,0,0.0665530832918215,0.0441544390427213,-0.00911706661948355,-0.0325609432521089,-0.00755543506883482,-0.00623383860481501,0,-0.00177906964573144,0,-0.0200744705022355,0,0.00907305530075796,-0.00532225471846093,0,0.014230739215754,0,-0.038869592329009,-0.00229316399690785,0,0,0,0,0,0,0,0,0,0,0.0197376427263515,0.0585075973845991,0.0386509252108943,-0.0151890804824881,0.0667790090736761,0.0278362765817379,-0.00458914357786088,0,-0.00636046926044292,-0.003122717091172,0,-0.0106359442746061,0.057790135498152,0.00262851239636169,0.000329096462510227,0.0257826703861034,0,0,0.00159124855204979,-0.0311525356966165,-0.0209631356774281,-0.00772138208778662,0,0.0132041459652408,-0.0114538898592856,0,-0.0259805723130153,0,0.0175289537641596,0,0,-0.0067015093510615,0,0,0,0,-0.0074575433374375,0.0294809221091845,0,-0.0149252623174667,0,0.0198966971700918,-0.0124287113895977,0,-0.00479645232132927,0,0,0,0,0,0,0.0425796272603666,-0.0458711766134953,0,0.0243307079527949,0,-0.0244977407197239,-0.0308450451590014,0,0,0,0.00187665434249036,0,-0.0264650429698941,0.0671619152892841,0,-0.00602689036417084,-0.00586939785541507,0,0,-0.0334671825170396,-0.0265518891099493,0.00710833332774445,0,-0.039720261075427,-0.00428418343304557,0,0,0,0,-0.00248218532521937,0.00455936415476144,-0.00531380368204117,0,-0.0323887913354411,0,0,0,0,-0.0713706101737759,0,0.0212293035623951,0,0.022479057818023,0,0,0.028031078885098,0,0,0.00973293158943363,-0.0170214569261245,0,0.00864699964572625,0,0,0,0,0.0107901760146643,0,0,0,0,0,0,0,0,0,0,0,0,0,0,0,-0.0118415412701715,0,-0.00310934378421114,0,-0.0147514975908969,0.0431605091215026,0,-0.00926405501301197,-0.00250269533899154,0,0,0,-0.00504944808474609,0,0.0506796975489939,0,-0.0298859730241982,0.0265970100230452,0,0.0273742703370574,-0.00607394092544797,0.00162314948465452,-0.0244029277935004
-0.0141119646152458,0.0496385250731381,-0.0181297946684401,0,-0.0414521178059415,0,0.0543871728901613,0.0118738366977558,0,-0.0273291257241386,0,0,0,0.0654340455325255,0.0445939707469298,-0.00915480501984572,-0.0329210707935738,-0.00741026482055531,-0.00593368529941624,0,-0.00136146753884097,0,-0.0209202612478779,0,0.0100588549732149,-0.00464875970507983,0,0.0144258264492272,0,-0.0384721190065239,-0.00210680934470847,0,0,0,0,0,0,0,0,0,0,0.0197223860918022,0.0581095960973093,0.0393037169131824,-0.0148637468365746,0.0675764049909107,0.0277794170716324,-0.00457810572615243,0,-0.00578347100944144,-0.00289205631937706,0,-0.00979929493370387,0.057656692403132,0.00303715504309108,0.000920657672599781,0.0265626246058634,0,0,0.00173158863581367,-0.0307832102359114,-0.0230499336595366,-0.00806506531465434,0,0.0126943941204249,-0.0110293219551236,0,-0.0262823291798756,0,0.0181831429696193,0,0,-0.00645461559251939,0,0,0,0,-0.00757935401915954,0.0296365379324183,0,-0.0145213788503744,0,0.0199914453406184,-0.0115537650479221,0,-0.00488598983500627,0,0,0,0,0,0,0.0434275986527147,-0.0464728307070642,0,0.0241740466256823,0,-0.0246443315031031,-0.0308410424847349,0,0,0,0.00184238904367601,0,-0.0262375880593093,0.0668903502679114,0,-0.00629989159232528,-0.00637203200824131,0,0,-0.033179746834389,-0.0268265007429947,0.00767806201466129,0,-0.0399154292694231,-0.00432654611359652,0,0,0,0,-0.00292883251225024,0.00518834492648246,-0.00463466648011606,0,-0.0341961853855063,0,0,0,0,-0.0704332179466046,0,0.0211421698546592,0,0.023035242876343,0,0,0.027794696522992,0,0,0.00995843144964879,-0.0173413149209514,0,0.00884662678173636,0,0,0,0,0.0110060075593643,-0.000630209434076008,0,0,0,0,0,0,0,0,0,0,0,0,0,0,-0.0112574110776294,0,-0.00272458893678513,0,-0.0150032508023646,0.0445789493727354,0,-0.0093668704773136,-0.00254179885560382,0,0,0,-0.00497345291311393,0,0.0504102935797613,0,-0.0298897385078704,0.0257218749543026,0,0.0268045798447368,-0.00644228007133717,0.00197983072788862,-0.0236069021206711
-0.0136717017703536,0.049777035903381,-0.0184947125623328,0,-0.0411533487278581,0,0.0532400280438165,0.0110833065241244,0,-0.0269292187125952,0,0,0,0.0656648192428329,0.0443555231273647,-0.00891547875787525,-0.0332121109798988,-0.00659915989665586,-0.0057435506320403,0,-0.00253561960209996,0,-0.020764175211337,0,0.0097052230328011,-0.0048661167988707,0,0.0142963843410328,0,-0.0386279032313686,-0.00220387729768969,0,0,0,0,0,0,0,0,0,0,0.0182063738479775,0.0590078152867645,0.0387528700524844,-0.0150742549727136,0.0667062536686853,0.0274114398085368,-0.00458529663305015,0,-0.00618353546668532,-0.00305801232534226,0,-0.0104859680563553,0.0578359479963436,0.00239790797488545,0.00131192694468924,0.0251032482490728,0,0,0.00172770474896859,-0.031156218940961,-0.0206297704660859,-0.00756738652804752,0,0.0133176282142072,-0.0114844869931029,0,-0.0260418393306121,0,0.0185361661619937,0,0,-0.00561125696351751,0,0,0,0,-0.00641138863877413,0.0292717138142621,0,-0.0144319860686291,0,0.0195611133065031,-0.0118551162766967,0,-0.00385795699637939,0,0,0,0,0,0,0.0433036407118841,-0.0472979961635499,0,0.0243535338220149,0,-0.0242920337895249,-0.0309575958514526,0,0,0,0.00161029423934633,0,-0.0261492063227698,0.0657576694886118,0,-0.00684566063249436,-0.00617410126886319,0,0,-0.032892263799964,-0.0279974316627124,0.00733884615615512,0,-0.0401268418359546,-0.00369492636695216,0,0,-0.00114534392929246,0,-0.000789738040028251,0.00502715533451277,-0.0051561448608794,0,-0.0332581195035126,0,0,0,0,-0.0708303854651934,0,0.0211353812529554,0,0.0228144279198537,0,0,0.0274768424527413,0,0,0.0102129303667314,-0.0176471383643151,0,0.00920101519662037,0,0,0,0,0.0108516045501114,-0.000230120119468414,0,0,0,0,0,0,0,0,0,0,0,0,0,0,-0.0105319151870066,0,-0.00194404219330248,0,-0.0154730607529989,0.0444715518161084,0,-0.011485868529448,-0.00253720906328748,0,0,0,-0.00529616107994452,0,0.0503300684104931,0,-0.0293370391601135,0.026006360004639,0,0.0268923413638098,-0.00673026517421531,0.00126550892088865,-0.0223629323349302
-0.0139017132545154,0.0495139391421939,-0.0179454605759853,0,-0.0405575145447529,0,0.054271325664769,0.0111773887584342,0,-0.0262642832582907,0,0,0,0.0653700769482891,0.0444573025379708,-0.00932082770230506,-0.0325568548915068,-0.00709344263244517,-0.00560535451348768,0,-0.00155488332826067,0,-0.0205564557016107,0,0.00981511561738317,-0.00541761819008187,0,0.0143957895637047,0,-0.0383790748679714,-0.00229689818401235,0,0,0,0,0,0,0,0,0,0,0.019241729534214,0.0584749772603128,0.0390281324974583,-0.0147948038191664,0.0669110408619829,0.0274946543512845,-0.00460859111887032,0,-0.00525561166943066,-0.00297941980915394,0,-0.00941721323220694,0.0574859034192987,0.00260218607569791,0.00159610517255699,0.0264623726521192,0,0,0.00181108523434909,-0.0309411675269191,-0.0224508258257597,-0.00767257215464568,0,0.013705390617323,-0.0113607193230835,0,-0.0265583306192324,0,0.018267304335153,0,0,-0.00606750867809393,0,0,0,0,-0.00713695802165657,0.0295590132176367,0,-0.0144633637178902,0,0.0200434991882988,-0.0122968049575154,0,-0.00528669899030661,0,0,0,0,0,0,0.0432591350297372,-0.0458129692054466,0,0.0244377234390168,0,-0.0241440528119217,-0.0312709768083403,0,0,0,0.00231975295320817,0,-0.0260912675685636,0.0671950817438905,0,-0.00666053842297472,-0.00571188447445231,0,0,-0.0331181572541263,-0.026930100145369,0.0077441968695804,0,-0.0396912751328252,-0.00361610093579633,0,0,0,0,-0.00105870564443532,0.00387953581038167,-0.00474021953944092,0,-0.0342024776981432,0,0,0,0,-0.0706868230658588,0,0.0213765555001246,0,0.0232960273988188,0,0,0.0270513017183042,0,0,0.0100855586239467,-0.0172516293448726,0,0.00908864401353576,0,0,0,0,0.0101128862331141,-0.000177921516697677,0,0,0,0,0,0,0,0,0,0,0,0,0,0,-0.0104054565310231,0,-0.00263145420561768,0,-0.0153320003633836,0.0428362839235677,0,-0.0105196340473027,-0.00123846577822572,0,0,0,-0.00548588031761939,0,0.0498998525129698,0,-0.0302534537200669,0.0257442881114786,0,0.0268403967617153,-0.00705510537436584,0.00148187352462591,-0.0239398754888327
-0.0140575604811268,0.0499387596267376,-0.0182895673723095,0,-0.0406624571831303,0,0.0540083007552118,0.0109473561608671,0,-0.0272621900935709,0,0,0,0.0660060356612607,0.0440438535369054,-0.00915601685319712,-0.0327602068956668,-0.00673043709585499,-0.0056258337318775,0,-0.00151064717571604,0,-0.0203094497537537,0,0.00940928703747669,-0.00577540517172878,0,0.0143090999672725,0,-0.0386067033901544,-0.001717793975039,0,0,0,0,0,0,0,0,0,0,0.0185488865727381,0.0584500022621352,0.0386604445794567,-0.0152638298946893,0.0665258305801856,0.0272935155713447,-0.0045143878467698,0,-0.00602462616643504,-0.00310344984951162,0,-0.0102339436299464,0.057757406181676,0.00237061889764355,0.00231033389159102,0.0250558587656717,0,0,0.00181800323093354,-0.0309709257954022,-0.0230083256403549,-0.00745306860744727,0,0.013071745166192,-0.0112736051620399,0,-0.0259916467581902,0,0.0184382924738392,0,0,-0.00604101041209813,0,0,0,0,-0.00661613887437146,0.0296085533849498,0,-0.0145819772712946,0,0.0198372964142451,-0.0122774658434241,0,-0.00400049506048444,0,0,0,0,0,0,0.0430782220061119,-0.0461133210618718,0,0.0242622828848462,0,-0.023866840847921,-0.0302262145418983,0,0,0,0.00188447558131731,0,-0.0261147802036051,0.0664061576971876,0,-0.00613010342958462,-0.00615121803393057,0,0,-0.0332032043384186,-0.0275207712217128,0.00778527251393751,0,-0.0398332532310506,-0.00438627320081558,0,0,0,0,-0.000958281028973646,0.00351580892592781,-0.00477018984084213,0,-0.0331734754786785,0,0,0,0,-0.070059903589611,0,0.0215763163360345,0,0.0233818995977168,0,0,0.0268662269051815,0,0,0.00987700863077817,-0.0175150584458463,0,0.00883987255501028,0,0,0,0,0.0101857078919088,0,0,0,0,0,0,0,0,0,0,0,0,0,0,0,-0.0101598176236144,0,-0.00236668632052529,0,-0.0149297969059156,0.0435859859005102,0,-0.00968699451022033,-0.00292781917992939,0,0,0,-0.00519327276303507,0,0.0503903434361543,0,-0.0300691886531404,0.0262836793401892,0,0.0267813257630665,-0.00713340603919458,0.00123287418493327,-0.0235985592175334
-0.0142586873084177,0.0500630843414025,-0.0181130481771417,0,-0.0406072850996442,0,0.0541174203387685,0.0109805239828566,0,-0.0271339108711591,0,0,0,0.0656188518649414,0.0435378518291853,-0.00900160847491065,-0.0318618824191657,-0.00716432735424923,-0.00537111165049203,0,-0.00133855917129755,0,-0.0200612922133363,0,0.00929762931757748,-0.00552619402206398,0,0.0143973794613467,0,-0.0384303780020315,-0.00156594374561194,0,0,0,0,0,0,0,0,0,0,0.01877225332817,0.0589514675346224,0.0383858412213178,-0.014949339457888,0.0667764298559805,0.0270410217726155,-0.00459399155767778,0,-0.00583043544560127,-0.00291767415123735,0,-0.0102473293916379,0.057444630783725,0.00250869058718998,0.00243171266881845,0.0255868438866652,0,0,0.00189262489834705,-0.030551946796002,-0.0224948357770533,-0.00711911761287631,0,0.0130849834627048,-0.0110504011449908,0,-0.0255092773653654,0,0.0183629414078706,0,0,-0.0063107301527113,0,0,0,0,-0.00725654976168472,0.029860820637779,0,-0.0143675684630917,0,0.019883633492433,-0.0124262011910235,0,-0.00444693135875844,0,0,0,0,0,0,0.0431434347318989,-0.0459184257363754,0,0.0245066432600643,0,-0.024143607354685,-0.0308905035779294,0,0,0,0.0020022505639096,0,-0.0258411271194959,0.0665532031280655,0,-0.00621492913949656,-0.0059000772096193,0,0,-0.0327373416152796,-0.0272421559037553,0.00764070175429244,0,-0.0393161073264613,-0.00400329801955307,0,0,0,0,-0.00127160297120805,0.00410222586829441,-0.00471097377381959,0,-0.0331850815183172,0,0,0,0,-0.0697303766376898,0,0.0207769716890107,0,0.0233242796576037,0,0,0.0269706708668527,0,0,0.010431821615032,-0.0171448107765337,0,0.0092183713843397,0,0,0,0,0.01000706473011,-0.000268631519490955,0,0,0,0,0,0,0,0,0,0,0,0,0,0,-0.009855754702959,0,-0.00240149981878983,0,-0.0148751592800322,0.0424686736071529,0,-0.0105806938792971,-0.00268112523230938,0,0,0,-0.00529914022219549,0,0.050263384282064,0,-0.0299384655303143,0.0260723501545835,0,0.0271398727465449,-0.00690441721757092,0.00133331891649417,-0.0234316198463714
-0.0135549684774044,0.0496538059456836,-0.0177592390713129,0,-0.0406376486566656,0,0.0545313408314506,0.0109460183184557,0,-0.0272718409494847,0,0,0,0.0660651490315619,0.0435654417575507,-0.00914519097225803,-0.0320350554633174,-0.00721520374893165,-0.00585464427838905,0,-0.000491168275392222,0,-0.0188278716926862,0,0.00851237750376454,-0.00578674568540016,0,0.0143261286916519,0,-0.0381825742170107,-0.00197505882972822,0,0,0,0,0,0,0,0,0,0,0.0180463631465869,0.0588637107238623,0.0384262758633282,-0.0151321710313799,0.0660177096806142,0.0267392166084313,-0.00472299168511336,0,-0.0061077515850585,-0.00322742781136667,0,-0.0104995008895362,0.057493088384359,0.00252320370154258,0.00183612113102663,0.0258998982050926,0,0,0.00158829708759967,-0.0307092216624329,-0.0230610365133202,-0.00732089655508759,0,0.0131285765094861,-0.0114273806886306,0,-0.0258707483277562,0,0.0185509063885641,0,0,-0.00634727072446639,0,0,0,0,-0.00738288715600531,0.0293783484831189,0,-0.0146059532681519,0,0.0201179598173447,-0.0120257008118816,0,-0.00356482868670927,0,0,0,0,0,0,0.0433834887209934,-0.0463057928564579,0,0.0247450606126922,0,-0.0241182841854696,-0.0310472194800591,0,0,0,0.00221886185556225,0,-0.0261314032331434,0.0666606307870573,0,-0.00606401127379474,-0.00586766879167996,0,0,-0.0332944208451217,-0.0257971933356155,0.00762992660469876,0,-0.039686332277391,-0.00368374337222702,0,0,0,0,-0.000225565761204741,0.00346874562315421,-0.0048613872683872,0,-0.0333036344233297,0,0,0,0,-0.0705140667024551,0,0.020921155338854,0,0.0231517037384638,0,0,0.0273799164331371,0,0,0.0121633091252936,-0.0176175122977316,0,0.00899559568193756,0,0,0,0,0.00950799898855705,0,0,0,0,0,0,0,0,0,0,0,0,0,0,0,-0.00956932897243685,0,-0.0028507016152275,0,-0.0147345863726231,0.0414457871631115,0,-0.0108269972393368,-0.00268572516507834,0,0,0,-0.00536749710693751,0,0.0497999098142129,0,-0.0295619171002731,0.0261284864298696,0,0.0275614598819126,-0.00690905279653113,0.001395371134836,-0.0241234224719441
-0.0139104103913564,0.0498919192741521,-0.0185226429286893,0,-0.0405649794205342,0,0.0538603748677604,0.0108846299743259,0,-0.0266218964357427,0,0,0,0.0653199611757266,0.0438575450633932,-0.00914877585111172,-0.0315763743520132,-0.00720413793143092,-0.00560861633059273,0,-0.00103018172924675,0,-0.01931825490743,0,0.00887671497858725,-0.00580762724579649,0,0.0144210443518892,0,-0.0385223228433901,-0.0016431475483557,0,0,0,0,0,0,0,0,0,0,0.0181923326582421,0.058490902452401,0.038479746362178,-0.0152980645857023,0.0668704501158254,0.0266727804536299,-0.00468241810678948,0,-0.00583984214933305,-0.00302818867590912,0,-0.0106397281286547,0.0569958584847969,0.00245589819291519,0.00242227358652713,0.0263966720902139,0,0,0.00198097957501158,-0.0306994065323642,-0.0222429497232226,-0.00699781284282006,0,0.0124451324715965,-0.011101409659019,0,-0.0254807271258028,0,0.018120706909245,0,0,-0.00606997312290022,0,0,0,0,-0.00598535101408581,0.0296201826899566,0,-0.0145466917028449,0,0.0198561486723379,-0.0122716122340125,0,-0.00456789409861594,0,0,0,0,0,0,0.0431622505798023,-0.0462386144554459,0,0.0245330862583327,0,-0.0242233673632845,-0.0310781717312757,0,0,0,0.00148875299115034,0,-0.0259640155798526,0.0665736760683539,0,-0.00636878341370943,-0.00579140334018147,0,0,-0.0328178370629069,-0.0270751193233743,0.0072027531246366,0,-0.0391116692540278,-0.00391181070826756,0,0,0,0,-0.0000649837228920874,0.00349190018539856,-0.00524390865873401,0,-0.0338704171832032,0,0,0,0,-0.0698057376499303,0,0.0204179271397296,0,0.0232438817963438,0,0,0.0273593833953582,0,0,0.0102994969028453,-0.0163103634294529,0,0.00965558502487681,0,0,0,0,0.00955384175590386,-0.000285450261442114,0,0,0,0,0,0,0,0,0,0,0,0,0,0,-0.0102132081104236,0,-0.00262618812705882,0,-0.0146244489709367,0.0417664698555931,0,-0.0106514207310534,-0.00244142084805741,0,0,0,-0.00530508419194136,0,0.0502399331356661,0,-0.0295107101543908,0.025732330209754,0,0.0274016047862758,-0.00665161255827534,0.00109366145161549,-0.0227110637360644
-0.0139001077989212,0.050106435526885,-0.0191736392852661,0,-0.0409284719091186,0,0.0538949783008599,0.0108540218752953,0,-0.026229364169325,0,0,0,0.0647823231056006,0.0447647258736774,-0.00902007610769563,-0.0316303952307142,-0.00718645050781645,-0.00537998951489837,0,-0.000753566420212621,0,-0.0202404640677494,0,0.00902259393143852,-0.00562454829525172,0,0.0143552220067549,0,-0.0385492265186212,-0.00161868505881199,0,0,0,0,0,0,0,0,0,0,0.0184872684842157,0.0589742698788848,0.0392664287126977,-0.0145125749113353,0.0675087527410895,0.0267961907138961,-0.00480844549956951,0,-0.00512272640813391,-0.0028327668855045,0,-0.010491188997393,0.0568287853784703,0.00250688385920293,0.0021419687535948,0.0267754082015803,0,0,0.00200424050809355,-0.0302511811141241,-0.0223127614333932,-0.00756187779808478,0,0.0128560505352513,-0.0109875363666891,0,-0.0255020946659698,0,0.018100474410095,0,0,-0.00696246788287943,0,0,0,0,-0.0060068798146819,0.0298895249333836,0,-0.0146776043578427,0,0.0198283805558248,-0.0128250217677905,0,-0.00493378629484631,0,0,0,0,0,0,0.0432638142817941,-0.046234517005836,0,0.0243623817721819,0,-0.0244816552231318,-0.0305935864028221,0,0,0,0.00162974469431622,0,-0.0254097600264118,0.066254929145267,0,-0.00689417956470628,-0.00555644092428667,0,0,-0.0326990573959984,-0.0268578071048921,0.00762426447519941,0,-0.0393662308028215,-0.00408833137195404,0,0,0,0,-0.00308380929126121,0.0039848072660956,-0.00467688941538114,0,-0.0327555792555339,0,0,0,0,-0.0698068076310157,0,0.0203462162074338,0,0.0234423309046444,0,0,0.0269208359980392,0,0,0.0103908230308285,-0.0160818153332664,0,0.00987155762690331,0,0,0,0,0.0102765791939771,-0.000479461527055203,0,0,0,0,0,0,0,0,0,0,0,0,0,0,-0.00990874483402468,0,-0.00243477393909628,0,-0.0149498798450863,0.0425745300486431,0,-0.00963160841485476,-0.00192383810433058,0,0,0,-0.00522723544223273,0,0.0505753060506259,0,-0.0294377263226245,0.025460209494443,0,0.026762747308504,-0.00714074336695342,0.00114869862030171,-0.0223143147820933
-0.0148348698074949,0.0505937518974605,-0.0171429128738345,0,-0.0397801761299746,0,0.0545685529034224,0.0110370272534513,0,-0.027012393896983,0,0,0,0.0662246625619802,0.043707614294204,-0.00920354407291,-0.0317078376357373,-0.00672872952582988,-0.00424015263819218,0,-0.00128467780920497,0,-0.0217592684799103,0,0.00997053722025336,-0.00509930086977706,0,0.014528094476128,0,-0.0384949175009162,-0.00144047737891951,0,0,0,0,0,0,0,0,0,0,0.0197243535861253,0.0579554836223363,0.0381594148799266,-0.014963104235466,0.0668957175765967,0.0269238212342767,-0.00437056657770392,0,-0.00545603020210427,-0.00278212515472216,0,-0.0104392232667806,0.058195246017686,0.00237240256900169,0.00214190107592556,0.0253053953942119,0,0,0.00202088622282765,-0.0306219397197902,-0.0217937450971702,-0.0070027563237257,0,0.0131699658358379,-0.011015359377854,0,-0.0255815779136163,0,0.018818934299333,0,0,-0.0061019356274013,0,0,0,0,-0.00684572543234657,0.0303535125906876,0,-0.0140237254964054,0,0.01989365632725,-0.0120275446181173,0,-0.00446757075477465,0,0,0,0,0,0,0.0433367161718352,-0.0459241731856689,0,0.0248245577912829,0,-0.0241302850300233,-0.030650449595351,0,0,0,0.00252382484271912,0,-0.0257362737518866,0.0669092442264407,0,-0.00600725829031153,-0.00633215516502057,0,0,-0.0325750587124203,-0.0272627290656987,0.00753328361817047,0,-0.0390187677325302,-0.00353629283440538,0,0,0,0,-0.00173240534433447,0.00339851435742982,-0.00459356380605303,0,-0.0330382133153426,0,0,0,0,-0.0703674225651106,0,0.0208147022430132,0,0.0235577692484461,0,0,0.0276907191369306,0,0,0.0105380529344108,-0.0174350471404148,0,0.0090507436176182,0,0,0,0,0.00984023166515224,-0.000278326225977617,0,0,0,0,0,0,0,0,0,0,0,0,0,0,-0.010105460665444,0,-0.00230926134543483,0,-0.0142749760423498,0.0428859708375701,0,-0.011660661920738,-0.00301842310350519,0,0,0,-0.00496549345388504,0,0.050684372733776,0,-0.0298124678762322,0.0263290695669464,0,0.027654925387783,-0.00681685197310208,0.00134178156824816,-0.0246317766570321
-0.0133440403551567,0.0507330765453603,-0.0193022813718887,0,-0.0402150657464758,0,0.0537708412082235,0.0108366298938225,0,-0.0260407688731765,0,0,0,0.0653206539856532,0.0440471065754131,-0.00922428329533301,-0.0319607758606765,-0.00526032488265964,-0.00543812924831313,0,-0.00280912253832368,0,-0.0203746668242579,0,0.00936056184576022,-0.00440914372540156,0,0.0145341594095767,0,-0.0382684679642586,-0.000534332269874927,0,0,0,0,0,0,0,0,0,0,0.0184866826439404,0.0591921979522381,0.0376762731614511,-0.0157022481194545,0.0657350149824109,0.0265671484273087,-0.00480237398585265,0,-0.00592662127518169,-0.00320485978005937,0,-0.011378049225879,0.0571668129448588,0.00227295420915985,0.0022628441780555,0.0248680624284577,0,0,0.00116678188084255,-0.030880040029444,-0.0235005713950175,-0.00696761442377291,0,0.0180947145108601,-0.0112369263888649,0,-0.0263520925716978,0,0.0172636037174556,0,0,-0.00788605230525489,0,0,0,0,-0.00761266930928223,0.0289931605922043,0,-0.0140638108225222,-0.000181919561047232,0.0193757703950508,-0.0135389744947234,0,-0.00335218324563657,0,0,0,0,0,0,0.0421536717767777,-0.047266415427307,0,0.0242577582708394,0,-0.0243054488191787,-0.0309202539811473,0,0,0,0.00254989341793991,0,-0.0263283413333801,0.0651906442975286,0,-0.00682426448966784,-0.00477592981729113,0,0,-0.0334027339159601,-0.0255385588876852,0.00833632102490743,0,-0.0398871305130261,-0.00359138863608827,0,0,0,0,-0.00304363883988988,0.00271172154466696,-0.00697147711964211,0,-0.0339946017396403,0,0,0,0,-0.0731136732410086,0,0.0202410213841139,0,0.0231563828889924,0,0,0.0265762095371693,0,0,0.00972639384754177,-0.0164358290780929,0,0.0090264122607083,0,0,0,0,0.0104848770650554,-0.000306684802037418,0,0,0,0,0,0,0,0,0,0,0,0.000440180663188895,0,0,-0.00917324138790733,0,-0.000260174995414757,0,-0.0153530655138496,0.0425194990338169,0,-0.0109225766962275,-0.00145456342002628,0,0,0,-0.0059109419145088,0,0.0497906041286165,0,-0.0302100503929574,0.0256513618564851,0,0.0267993348310603,-0.00720909021693534,0.000023880310472528,-0.0214882297159871
NA,NA,NA,NA,NA,NA,NA,NA,NA,NA,NA,NA,NA,NA,NA,NA,NA,NA,NA,NA,NA,NA,NA,NA,NA,NA,NA,NA,NA,NA,NA,NA,NA,NA,NA,NA,NA,NA,NA,NA,NA,NA,NA,NA,NA,NA,NA,NA,NA,NA,NA,NA,NA,NA,NA,NA,NA,NA,NA,NA,NA,NA,NA,NA,NA,NA,NA,NA,NA,NA,NA,NA,NA,NA,NA,NA,NA,NA,NA,NA,NA,NA,NA,NA,NA,NA,NA,NA,NA,NA,NA,NA,NA,NA,NA,NA,NA,NA,NA,NA,NA,NA,NA,NA,NA,NA,NA,NA,NA,NA,NA,NA,NA,NA,NA,NA,NA,NA,NA,NA,NA,NA,NA,NA,NA,NA,NA,NA,NA,NA,NA,NA,NA,NA,NA,NA,NA,NA,NA,NA,NA,NA,NA,NA,NA,NA,NA,NA,NA,NA,NA,NA,NA,NA,NA,NA,NA,NA,NA,NA,NA,NA,NA,NA,NA,NA,NA,NA,NA,NA,NA,NA,NA,NA,NA,NA,NA,NA,NA,NA,NA,NA,NA,NA,NA,NA,NA
-0.0131552506091304,0.0497357784593581,-0.0177371132796635,0,-0.0401424297320482,0,0.0537159541806245,0.025627696480514,0,-0.0274410676256856,0,0,0,0.0654272241948377,0.0436270016989325,-0.00959968464857594,-0.0319042719708889,-0.00744119354049591,-0.00679106789744465,0,-0.00325511246936945,0,-0.0210213498034747,0,0.0100283876684881,-0.00497883459197731,0,0.0144148366477422,0,-0.0387914178250954,-0.0023711594761479,0,0,0,0,0,0,0,0,0,0,0.0179258990739889,0.0594297110628541,0.0392515182796354,-0.0172577841827017,0.0666461273263214,0.0277452101327057,-0.00619525876558701,0,-0.00597247169444166,-0.00329360818144761,0,-0.00910920364645759,0.058970450704499,0.00248232379243793,0.000568636134293509,0.0236214370994427,0,0,0.00219524035647694,-0.0319805241314341,-0.0231930375644651,-0.00993083351497097,0,0.0139990784344844,-0.0107646446001984,0,-0.0265656302051544,0,0.0181224202704139,0,0,-0.00567315167468885,0,0,0,0,-0.00582475243158672,0.0288067088860838,0,-0.0113675964020321,0,0.0205134884127613,-0.01318574592177,0,-0.00372757043712506,0,0,0,0,0,0,0.044146175975501,-0.0470460488341772,0,0.0241783383570908,0,-0.0242908691923036,-0.0320881336340435,0,0,0,0.00129920743529037,0,-0.0263937384094544,0.0670445926444865,0,-0.00751518094245017,-0.00646718459991312,0,0,-0.033735717481814,-0.027077355942449,0.0076261504512696,0,-0.040103376337679,-0.00263816857496128,0,0,-0.0019715872978563,0,-0.000605426832688519,0.00262188988955366,-0.00552274757646481,0,-0.0370473106936362,0,0,0,0,-0.0688712072256988,0,0.0208916388212984,0,0.0238270374921358,0,0,0.0262512835976886,0,0,0.00989756365242334,-0.0179603774345416,0,0.0083973937012465,0,0,0,0,0.0113570110478172,-0.00045374400056506,0,0,0,0,0,0,0,0,0,0,0,0,0,0,-0.0113304574311288,0,-0.00268173772562451,0,-0.0142471948514384,0.0418115931941083,0,-0.0103448114379471,-0.00273199590434843,0,0,0,-0.00581056669720862,0,0.050151549584425,0,-0.0298950187527275,0.0257338428936095,0,0.0268965418046677,-0.0064747103123091,0.00159177011421934,-0.0230698685411733
NA,NA,NA,NA,NA,NA,NA,NA,NA,NA,NA,NA,NA,NA,NA,NA,NA,NA,NA,NA,NA,NA,NA,NA,NA,NA,NA,NA,NA,NA,NA,NA,NA,NA,NA,NA,NA,NA,NA,NA,NA,NA,NA,NA,NA,NA,NA,NA,NA,NA,NA,NA,NA,NA,NA,NA,NA,NA,NA,NA,NA,NA,NA,NA,NA,NA,NA,NA,NA,NA,NA,NA,NA,NA,NA,NA,NA,NA,NA,NA,NA,NA,NA,NA,NA,NA,NA,NA,NA,NA,NA,NA,NA,NA,NA,NA,NA,NA,NA,NA,NA,NA,NA,NA,NA,NA,NA,NA,NA,NA,NA,NA,NA,NA,NA,NA,NA,NA,NA,NA,NA,NA,NA,NA,NA,NA,NA,NA,NA,NA,NA,NA,NA,NA,NA,NA,NA,NA,NA,NA,NA,NA,NA,NA,NA,NA,NA,NA,NA,NA,NA,NA,NA,NA,NA,NA,NA,NA,NA,NA,NA,NA,NA,NA,NA,NA,NA,NA,NA,NA,NA,NA,NA,NA,NA,NA,NA,NA,NA,NA,NA,NA,NA,NA,NA,NA,NA
-0.0139258648903695,0.050624253510004,-0.0189905918217743,0,-0.0402528061738526,0,0.0544366647957821,0.0107162855695983,0,-0.0272336463184657,0,0,0,0.0648620700607162,0.0432544091926505,-0.0092889887735141,-0.0315925200869355,-0.0066744243964725,-0.00581154918778084,0,-0.00199439842123631,0,-0.0197954734340051,0,0.00906505643033318,-0.00616559630037605,0,0.0145414196608399,0,-0.0387595849338146,-0.00122739163574559,0,0,0,0,0,0,0,0,0,0,0.0186438378486813,0.0582615894021827,0.038025653644696,-0.0167088005576674,0.0664854650948222,0.0262350155810742,-0.00436910090032017,0,-0.00599515087519496,-0.0033019307867004,0,-0.010555768001643,0.0577264305792309,0.00252655465960109,0.00229975037507781,0.0256887307306326,0,0,0.001954543352297,-0.0309846905529842,-0.0228225109096805,-0.00727595103968259,0,0.0132728493136123,-0.0108387909769864,0,-0.0257457618080553,0,0.0177234763304564,0,0,-0.00599992640649446,0,0,0,0,-0.00758404523078793,0.0296818488010477,0,-0.0141239906884485,0,0.0198255417321251,-0.0124330779299068,0,-0.00530716582399876,0,0,0,0,0,0,0.0436263597207784,-0.0462292391830872,0,0.0245601580688765,0,-0.0239160338674169,-0.0304648055000453,0,0,0,0.00152082471558207,0,-0.0257765817426023,0.0663818153156956,-0.000288463655923549,-0.00582838054779099,-0.00621450707390057,0,0,-0.0330902339450976,-0.0257007274620789,0.0073701003724311,0,-0.0388435105892133,-0.00424884517711957,0,0,0,0,-0.00125438722298043,0.00306590104110412,-0.00535813821915892,0,-0.033862242409025,0,0,0,0,-0.0699217093328202,0,0.0203006779917102,0,0.0247403912215309,0,0,0.0259139032875733,0,0,0.0107304154450466,-0.0166025544576244,0,0.00862860316205511,0,0,0,0,0.00980359062090717,-0.000852141181796585,0,0,0,0,0,0,0,0,0,0,0,0,0,0,-0.0106378206235345,0,-0.00260184645555137,0,-0.0144849972109972,0.0420836806394798,0,-0.0116112688430369,-0.0022266342034214,0,0,0,-0.00548564985844626,0,0.0500400318309757,0,-0.0296689608367821,0.0255810371938294,0,0.0277799485914612,-0.00595280098792218,0.000804033823789239,-0.0228551661635737
-0.0142294896672351,0.0505327545174784,-0.0186233124288218,0,-0.040013528863569,0,0.0543490235829319,0.0110734762965924,0,-0.0270089610369049,0,0,0,0.0652761807146258,0.0433022329209879,-0.00905575435782217,-0.0314396584375687,-0.00671455509241509,-0.0053777475344814,0,-0.00147130283940238,0,-0.01984917371606,0,0.00905147174448682,-0.00616446871290431,0,0.0145466526003516,0,-0.0386810682315138,-0.000915956584795107,0,0,0,0,0,0,0,0,0,0,0.0184079984267739,0.0585889092353622,0.0381143832474695,-0.0155953146948045,0.0663907030112799,0.0263695062521894,-0.00453131050745467,0,-0.0059527720126509,-0.00310434253393438,0,-0.0107000331501429,0.0574398838602646,0.00245290811673981,0.00219451689928043,0.0257486415709688,0,0,0.0018736549068537,-0.0307546543474697,-0.0226769278914752,-0.00724971895450304,0,0.013049942448593,-0.0109026628798005,0,-0.0252058234236563,0,0.0182694862776397,0,0,-0.00607362860337197,0,0,0,0,-0.00695170646205116,0.0298087092206699,0,-0.0144578555266452,0,0.0199570572964935,-0.0123611065644456,0,-0.00479098680491841,0,0,0,0,0,0,0.0436006587938331,-0.0463671318423496,0,0.0246118585195989,0,-0.0239840330467614,-0.0306507702909182,0,0,0,0.00211364002412878,0,-0.0258158652770556,0.0665272936388887,0,-0.00587415840687587,-0.00617325156908899,0,0,-0.0330576326540228,-0.0273697197643129,0.00770848464014661,0,-0.0390053533572617,-0.00366445502683131,0,0,0,0,-0.00126502601902835,0.00329150737636673,-0.00496774445774383,0,-0.0331233846297501,0,0,0,0,-0.0699421499766641,0,0.0205998433489368,0,0.0237288408917384,0,0,0.0261747531513863,0,0,0.0114864289760524,-0.016817863831006,0,0.00929347285326303,0,0,0,0,0.00951388994151249,-0.000581318864073576,0,0,0,0,0,0,0,0,0,0,0,0,0,0,-0.00970574330441644,0,-0.00242740531283498,0,-0.0146913573872928,0.0423896730228542,0,-0.0113788147991303,-0.00227649012754022,0,0,0,-0.00519807292502473,0,0.050250673566405,0,-0.0293892493480082,0.0257760460942156,0,0.0276048446025856,-0.00728707952780836,0.00119817984576386,-0.0226403485367335
-0.0138795449402178,0.0504120491368713,-0.0189426943863805,0,-0.0401629295807181,0,0.054082711710226,0.0110766107709248,0,-0.0272057198320951,0,0,0,0.0651625470902018,0.0435905144532691,-0.00915286092929091,-0.0317838182667588,-0.00703921916246629,-0.00564387957774763,0,-0.00173442932093327,0,-0.0197778997397464,0,0.00935477589802222,-0.00589687131840905,0,0.0146752831365419,0,-0.0390154386294729,-0.00100213287476084,0,0,0,0,0,0,0,0,0,0,0.0185403918066945,0.0590697500185462,0.0379706287037425,-0.0169400927473808,0.0673182234500043,0.0261214967286473,-0.00368869388564603,0,-0.00604989918285078,-0.00316598639461472,0,-0.0105921532889763,0.0574216766921915,0.00279604020493586,0.00205751085116553,0.0254863492747037,0,0,0.00195197171737186,-0.0308179481517465,-0.022295760569573,-0.00725866258136655,0,0.0130233981721427,-0.0106721719953948,0,-0.0253461028522549,0,0.0183219514784645,0,0,-0.00616351758996175,0,0,0,0,-0.00684818638369631,0.0294877032617614,0,-0.0137356664469963,0,0.0195644261874461,-0.012623412092687,0,-0.00456300830722067,0,0,0,0,0,0,0.0434579153242682,-0.046562699058285,0,0.0243766975014339,0,-0.0240363662253694,-0.0301884941054519,0,0,0,0.00214954757841114,0,-0.0260005373679044,0.0662203293250188,0,-0.00597793154823953,-0.0062200491880782,0,0,-0.0332579747975748,-0.0272708051022948,0.00748002201561278,0,-0.0390482215869948,-0.00375532521421836,0,0,0,0,-0.00106889831060415,0.00312496876977856,-0.00478685669911883,0,-0.0327937121712148,0,0,0,0,-0.0704477032570345,0,0.0206772569409709,0,0.0232431857786175,0,0,0.0262886204592077,0,0,0.011736423079728,-0.0167307298626594,0,0.00906677757527896,0,0,0,0,0.00979764645294729,-0.000872055523382692,0,0,0,0,0,0,0,0,0,0,0,0,0,0,-0.010285649540733,0,-0.0021922920633977,0,-0.0147326562298845,0.0428101893571225,0,-0.0105814474253518,-0.00233800324155629,0,0,0,-0.005553519478052,0,0.0499896062513292,0,-0.0294684037848567,0.0257864793722025,0,0.028065406896211,-0.00752882858890814,0.00111447073867441,-0.0223092558239475
-0.0140707171905238,0.0502392482372564,-0.0186576030568921,0,-0.0401190115584092,0,0.0545708316952365,0.011277367689829,0,-0.0269940029101116,0,0,0,0.0651839265580438,0.0436277897182982,-0.00922349108830976,-0.0319674921753915,-0.00629868248066888,-0.00549366257984206,0,-0.00171790315473702,0,-0.0201434575340479,0,0.0093297674504469,-0.00568145733135072,0,0.0145823806996459,0,-0.0391267439684135,-0.00115696869763125,0,0,0,0,0,0,0,0,0,0,0.0182572078214371,0.0590104948653887,0.0381766825000364,-0.015731077433262,0.0666242841189015,0.0262407363692934,-0.00359183512078505,0,-0.0058984676414718,-0.00321671995723013,0,-0.0105243674023455,0.0577877756220368,0.00247938935800725,0.00188489133417323,0.0254576786615516,0,0,0.00184102918599519,-0.030762300444681,-0.0227700066276211,-0.00743877965216019,0,0.0131525295768662,-0.0107537433790685,0,-0.025594104875783,0,0.0182660015203854,0,0,-0.00603066349438895,0,0,0,0,-0.00697386708024924,0.0298224390813272,0,-0.015891660479607,0,0.0197530863284806,-0.0127129176318317,0,-0.00494917344470249,0,0,0,0,0,0,0.0434584039899439,-0.0464248816513146,0,0.0246323193952709,0,-0.0240633972376028,-0.0308695380681553,0,0,0,0.00246998339454912,0,-0.0260487567043771,0.0667757330512773,0,-0.006073623790203,-0.00586359414079719,0,0,-0.0333155812464872,-0.0270568968438341,0.00786780964153502,0,-0.0391751400276993,-0.00356570115974202,0,0,0,0,-0.00114862185873649,0.00314033167715711,-0.0049747961109589,0,-0.0325382952103972,0,0,0,0,-0.0703666463051589,0,0.0207696676576829,0,0.0235525475402909,0,0,0.026345694969804,0,0,0.0111855501055347,-0.0168142369421159,0,0.00928349821026582,0,0,0,0,0.00932172078309866,-0.00103589365457323,0,0,0,0,0,0,0,0,0,0,0,0,0,0,-0.0102034914538567,0,-0.00236914413922554,0,-0.0146700835788069,0.0423922999282835,0,-0.0111592374014689,-0.00193067041345187,0,0,0,-0.00518062093334351,0,0.0501683385013826,0,-0.0293301430669436,0.025820457659145,0,0.0279795449089038,-0.00735412669734188,0.00120476349705399,-0.0230186364256474
-0.013926795642744,0.0504933538097521,-0.0188294525295407,0,-0.0398442082197677,0,0.0549144653766515,0.0111673671842901,0,-0.0269903741946367,0,0,0,0.0649872074511984,0.0434047808575472,-0.0092840160864046,-0.0314164398140102,-0.00630588170162905,-0.00598320689733323,0,-0.00186911435292411,0,-0.0196985033363855,0,0.00868665887945561,-0.00603701739093732,0,0.0141929383333028,0,-0.0389511998697901,-0.00104852549038498,0,0,0,0,0,0,0,0,0,0,0.0183071963577533,0.0589863020586672,0.0380449058963847,-0.0150807316301452,0.0660107675516335,0.0255624123110952,-0.00390416170687146,0,-0.00603031003852464,-0.00317699325068704,0,-0.0107578888954388,0.057153294540335,0.00236871580187596,0.00254069182297592,0.0257829581416904,0,0,0.00193327918779929,-0.0310875382938377,-0.0229296700058249,-0.00740955732623452,0,0.0135985829352771,-0.0107436240630905,0,-0.0252373766331062,0,0.0177870144973106,0,0,-0.0062107775337229,0,0,0,0,-0.00684194673418965,0.0293495359580244,0,-0.0153341234529741,0,0.0194086210294712,-0.012769912227956,0,-0.00501357647101266,0,0,0,0,0,0,0.0433916410419877,-0.0465153724283897,0,0.0248085156469497,0,-0.0239090530374812,-0.0309138320346457,0,0,0,0.0023809318849909,0,-0.0259863501289621,0.0666494608045413,0,-0.00597635251496149,-0.00624813286775396,0,0,-0.0333445503395064,-0.0270926785680492,0.00773515802423475,0,-0.0385924062455092,-0.00373740969475052,0,0,-0.0000623745823377734,0,-0.00203628257775401,0.00305938803809735,-0.0051360570357457,0,-0.0332329394772813,0,0,0,0,-0.0699023627517893,0,0.0205050470191571,0,0.0242161145022711,0,0,0.0268822957661793,0,0,0.0101922425320872,-0.0164514498355574,0,0.0111575251896265,0,0.00101465081440269,0,0,0.00918658637208158,-0.00109259710582589,0,0,0,0,0,0,0,0,0,0,0,0,0,0,-0.00966906504585888,0,-0.00225978985326732,0,-0.0145441613726796,0.0423884281808245,0,-0.0117238432518861,-0.00208512545751076,0,0,0,-0.005418103368875,0,0.0499993159937692,0,-0.0292245287815433,0.0254235002048213,0,0.0279427352573441,-0.00751165162237392,0.00122187511665099,-0.0229572939458945
-0.0135273193632596,0.0504565256364204,-0.0190689638450649,0,-0.0397409911225989,0,0.0547491745777071,0.0107290185490489,0,-0.0267064165181908,0,0,0,0.0649100453921228,0.0435757282649005,-0.00936426733780102,-0.0314115567945636,-0.00714277568623136,-0.00679111113959813,0,-0.00152943232765734,0,-0.0196503875183302,0,0.00866160427223708,-0.00709878599835515,0,0.0142430265721378,0,-0.0386639222794967,-0.000831783654750436,0,0,0,0,0,0,0,0,0,0,0.0184402742029536,0.0592028904468729,0.0381356771367331,-0.0146840678527358,0.0670005932406657,0.0255402436520086,-0.000298311027507654,0,-0.00598830780500622,-0.003232932728035,0,-0.0107376971287579,0.0578320277538577,0.00274724380457097,0.0025076382737628,0.0256964718793718,0,0,0.00205409569353545,-0.0310686692741662,-0.0227990978084116,-0.00706598035653412,0,0.013169808382137,-0.010587098240408,0,-0.0255668104801263,0,0.0178995817577887,0,0,-0.00619827716419639,0,0,0,0,-0.00685310313491775,0.0296146356257581,0,-0.0148140195587449,0,0.0197415105347881,-0.012564097143733,0,-0.00526831241424024,0,0,0,0,0,0,0.0433185506301029,-0.0462983735830658,0,0.0251765431514638,0,-0.0237628488029057,-0.0311718016762525,0,0,0,0.00218391996556327,0,-0.0259278066903003,0.0663273891625749,0,-0.00589315944475809,-0.00624578993992531,0,0,-0.0333049489628839,-0.0273658342625219,0.00770221530721431,0,-0.03863078355291,-0.00380901894314802,0,0,-0.000282706100273868,0,-0.00130007307773606,0.00293508559296772,-0.00489075216720433,0,-0.0337876461620442,0,0,0,0,-0.0703046686398198,0,0.0202111851522095,0,0.0249256648921187,0,0,0.0259659874206711,0,0,0.0112030893383037,-0.0156976774668134,0,0.00874341710633839,0,0.00000253697153531068,0,0,0.00894772551690549,-0.00209136211294571,0,0,0,0,0,0,0,0,0,0,0,0,0,0,-0.00966345877359042,0,-0.00232303516525521,0,-0.0146509156390004,0.042173189743243,0,-0.0125431164364637,-0.00213365623023099,0,0,0,-0.0053293804739306,0,0.0500966960216717,0,-0.0296457372555749,0.025186901756009,0,0.028207598762821,-0.00764331433305943,0.00121098595849763,-0.0227450103331722
-0.0138649970331563,0.0505699757668581,-0.0178809056805115,0,-0.0405012541900137,0,0.0547201133542892,0.0109936316135645,0,-0.0269763371801658,0,0,0,0.0655825033848556,0.0433144261964469,-0.00952174900614378,-0.0312817901292126,-0.00704685867848106,-0.00591821274763752,0,-0.00187746393134998,0,-0.0193935095216175,0,0.00851608626978659,-0.00636668240410291,0,0.014540156942428,0,-0.0384869501628953,-0.000525859016513099,0,0,0,0,0,0,0,0,0,0,0.0186934007030245,0.0590636597641148,0.0375410584189687,-0.0147259367141822,0.0659085196856721,0.0263716600937241,-0.00635892130736469,0,-0.006056689475018,-0.00312430278367868,0,-0.0107528043750659,0.058171865276674,0.00252171932324928,0.00234687907063753,0.025481834719312,0,0,0.00418920372927462,-0.0311293590963731,-0.0227038533683461,-0.007120452916354,0,0.0132297877125263,-0.0110253731327377,0,-0.0257617786096253,0,0.0170968588371919,0,0,-0.00641573226072772,0,0,0,0,-0.00688727270167881,0.029703435843339,0,-0.012868023673958,0,0.0197007318350999,-0.0123675919137385,0,-0.00514303314015549,0,0,0,0,0,0,0.0431438108410847,-0.0464011394588825,0,0.0250191382021617,0,-0.0238783116224331,-0.0310230407235944,0,0,0,0.00163280428780266,0,-0.0258394701342294,0.0663914692512879,0,-0.00587173497406845,-0.00633014372014481,0,0,-0.0333794748094965,-0.0271932006578043,0.0077143537765387,0,-0.0387728335348657,-0.00398495976705599,0,0,0,0,-0.00161087907175477,0.00314247112172005,-0.00511937764219952,0,-0.0335520566619846,0,0,0,0,-0.0703089299000893,0,0.0202943582515387,0,0.0238428592798402,0,0,0.026138603512902,0,0,0.00993642018439286,-0.0165790289600258,0,0.00808090839162559,0,0,0,0,0.00904211849179981,-0.00143235887429502,0,0,0,0,0,0,0,0,0,0,0,0,0,0,-0.0103673264444063,0,-0.00286687272066552,0,-0.0150442393708409,0.0419195143433342,0,-0.0119333501337192,-0.00257953420519308,0,0,0,-0.00566178862566861,0,0.0499215247966348,0,-0.0295694381997373,0.0249089531354827,0,0.0279698213539686,-0.00732398737108641,0.00120438834122474,-0.0231511496918568
-0.013503237149016,0.0505036093164603,-0.0186000189190646,0,-0.0406969801476116,0,0.0547670082871921,0.0112479824205903,0,-0.0268016257734019,0,0,0,0.0649690520269572,0.0434051923893337,-0.00951626136833194,-0.0312598304611016,-0.0068257845766103,-0.00667635837666511,0,-0.00178536602279888,0,-0.0195879890655174,0,0.00765644536275054,-0.00652111852419098,0,0.0151908245719663,0,-0.0390426415336958,-0.000568283987032671,0,0,0,0,0,0,0,0,0,0,0.0186354484064905,0.0591913726603797,0.0373657631269688,-0.0137556564783759,0.0655818296808898,0.0264129059779777,-0.00581278436275626,0,-0.00630305651391932,-0.00323755992738958,0,-0.0107906039218146,0.0580841381873297,0.00212289518854233,0.00221316477609728,0.0254973218052331,0,0,0.00190658868044153,-0.0308942805902519,-0.0229606479282201,-0.00711470982237196,0,0.0131145324926008,-0.0109317342482655,0,-0.0257630641958108,0,0.0172494194243232,0,0,-0.00650587586299214,0,0,0,0,-0.00699159794468508,0.030171874464977,0,-0.0149055535434974,0,0.0197336730929314,-0.012349302626162,0,-0.00542998296314223,0,0,0,0,0,0,0.0433155247706527,-0.0463424243498258,0,0.0250964245567202,0,-0.0236539972478898,-0.0306651727082092,0,0,0,0.00197478191845837,0,-0.025843937872855,0.0660537514297814,0,-0.00571532934208301,-0.006449419168439,0,0,-0.0337632347972571,-0.0273559832476414,0.00758893743709017,0,-0.0392925204118137,-0.00462504386541838,0,0,-0.000130559826543543,0,-0.00150754446129488,0.00293830619249893,-0.00320684379005371,0,-0.0334567286280142,0,0,0,0,-0.0707184154747098,0,0.0197170459669562,0,0.0234312278323083,0,0,0.0258409108875692,0,0,0.0099400255895605,-0.0168008702886041,0,0.0070227421092273,0,0,0,0,0.00893675756291608,-0.0019088429440912,0,0,0,0,0,0,0,0,0,0,0,0,0,0,-0.0101289078630234,0,-0.00325980300694556,0,-0.0148883662318883,0.0414380062810237,0,-0.0120794811152452,-0.00278675775135109,0,0,0,-0.00564899945753247,0,0.0500523182942287,0,-0.0296633449270929,0.0246840344970231,0,0.0282804873867835,-0.00752684324242367,0.00105135399340397,-0.0235421469535499
-0.0136372025999455,0.0507894252147507,-0.0178662297171068,0,-0.0394847541546215,0,0.0539615030209012,0.0108884437699554,0,-0.0268016681163381,0,0,0,0.064846585317814,0.0437221267726217,-0.00945225606869389,-0.030921644393771,-0.00527273890489319,-0.00545227697275791,0,-0.000796610836937549,0,-0.0195329848242656,0,0.00942051566665441,-0.00722445242318165,0,0.0149740045464468,0,-0.0372431264722415,-0.000692317458489499,0,0,0,0,0,0,0,0,0,0,0.0180948320585632,0.0588959252629641,0.0371990535347133,-0.0154388046109794,0.0654602262163397,0.026467765101366,-0.00389208472133618,0,-0.00591438733980214,-0.00296022170203533,0,-0.0100474912164711,0.0575793567583965,0.00165446089867196,0.00262176301195866,0.0266083867668787,0,0,0.00167467725484157,-0.031034263255959,-0.0226158211741172,-0.00680364487304503,0,0.013391111863084,-0.0106084322460334,0,-0.0252557479541435,0,0.018494578157125,0,0,-0.00652242646345717,0,0,0,0,-0.00713724187630709,0.034339557355283,0,-0.0146339725223172,0,0.0197019206863757,-0.0135822810012016,0,-0.000448045505219896,0,0,0,0,0,0,0.0437657716183184,-0.0473299308295956,0,0.0249280437101008,0,-0.024157955348274,-0.0311605262489273,0,0,0,0.00200654092368864,0,-0.0257111382356853,0.0667906638038232,-0.000501774149526223,-0.0061573372556552,-0.00639075534920876,0,0,-0.0326560037514328,-0.02616740510492,0.00776842245386066,0,-0.0384795380490031,-0.00471082106926963,0,0,-0.000139614405009467,0,-0.00211286400835549,0.00322101922334468,-0.00406959043270104,0,-0.0324502782173924,0,0,0,0,-0.0701076835438846,0,0.0206523195785213,0,0.0241908175837191,0,0,0.0262286778660469,0,0,0.011007524536634,-0.0146914909523271,0,0.00958638590789442,0,0,0,0,0.0092807190080088,-0.0012744521513688,0,0,0,0,0,0,0,0,0,0,0,0,0,0,-0.00920571541039608,0,-0.00242546199290859,0,-0.0145852283206302,0.0429738940423121,0,-0.0120491264439385,-0.00227595072257257,0,0,-0.000215491680008355,-0.00562829961358384,0,0.0502844089271978,0,-0.02957714638594,0.0252391261008559,0,0.0275331669980636,-0.00689322958246845,0.000828682037004316,-0.0227918493530609
NA,NA,NA,NA,NA,NA,NA,NA,NA,NA,NA,NA,NA,NA,NA,NA,NA,NA,NA,NA,NA,NA,NA,NA,NA,NA,NA,NA,NA,NA,NA,NA,NA,NA,NA,NA,NA,NA,NA,NA,NA,NA,NA,NA,NA,NA,NA,NA,NA,NA,NA,NA,NA,NA,NA,NA,NA,NA,NA,NA,NA,NA,NA,NA,NA,NA,NA,NA,NA,NA,NA,NA,NA,NA,NA,NA,NA,NA,NA,NA,NA,NA,NA,NA,NA,NA,NA,NA,NA,NA,NA,NA,NA,NA,NA,NA,NA,NA,NA,NA,NA,NA,NA,NA,NA,NA,NA,NA,NA,NA,NA,NA,NA,NA,NA,NA,NA,NA,NA,NA,NA,NA,NA,NA,NA,NA,NA,NA,NA,NA,NA,NA,NA,NA,NA,NA,NA,NA,NA,NA,NA,NA,NA,NA,NA,NA,NA,NA,NA,NA,NA,NA,NA,NA,NA,NA,NA,NA,NA,NA,NA,NA,NA,NA,NA,NA,NA,NA,NA,NA,NA,NA,NA,NA,NA,NA,NA,NA,NA,NA,NA,NA,NA,NA,NA,NA,NA
-0.0134563492092715,0.0505903824738489,-0.0196230182977341,0,-0.0398689589961671,0,0.0547646748829554,0.0104620853345788,0,-0.0267446285295855,0,0,0,0.0649306797461634,0.0429864635723404,-0.00914335012794733,-0.0314761022580938,-0.00720937021056734,-0.00668822234295597,0,-0.00195206670221391,0,-0.0206780420681057,0,0.0116117836215159,-0.00624099527538176,0,0.0174000684260753,0,-0.039680227529601,-0.0000300711953782276,0,0,0,0,0,0,0,0,0,0,0.0187633176643886,0.0592603441639469,0.0366121353799095,-0.012178582566719,0.0664813895490938,0.0258145107728337,-0.00501920391258036,0,-0.00623092588748302,-0.00314314900062246,0,-0.0105030264014103,0.0575147716714468,0.0020803773682824,0.00212425159970398,0.0255858080779443,0,0,0.00158367371605947,-0.0307771621705676,-0.0228769904903229,-0.00721640066243895,0,0.0132783581933071,-0.010723395608986,0,-0.0253540060367666,0,0.0168011880943963,0,0,-0.00621393034016211,0,0,0,0,-0.00751559910255954,0.0293092767748074,0,-0.0156492417907051,0,0.0195336849917752,-0.0128984556152836,0,-0.00448942506783213,0,0,0,0,0,0,0.0437173626012376,-0.0466742899389406,0,0.0249752684386384,0,-0.0237275306541808,-0.0309041124376534,0,0,0,0.00215927671017434,0,-0.0260877848645198,0.0662996792129213,-0.0000191473067961982,-0.00617442268877763,-0.0062764726059253,0,0,-0.0332828030347933,-0.026850474388641,0.00708237335093201,0,-0.0399992687665504,-0.00424534096419427,0,0,-0.000376283595352884,0,-0.00190830936070656,0.00273450468889034,-0.00488493464734696,0,-0.033264634071234,0,0,0,0,-0.0707810723551061,0,0.0203670237543694,0,0.02354943380241,0,0,0.0254704126601828,0,0,0.0100803592823937,-0.016937308365093,0,0.00873184537190349,0,0,0,0,0.00960500338895973,-0.00179021979289526,0,0,0,0,0,0,0,0,0,0,0,0,0,0,-0.00987806627755233,0,-0.00281990089835781,0,-0.0143800609425663,0.0418802726592038,0,-0.012138515372082,-0.00107516872617989,0,0,0,-0.00576903283204367,0,0.050242247111287,0,-0.0285856181734386,0.0251322120922144,0,0.0278191234269715,-0.00691928693125579,0.000876839430315268,-0.023118085177447
NA,NA,NA,NA,NA,NA,NA,NA,NA,NA,NA,NA,NA,NA,NA,NA,NA,NA,NA,NA,NA,NA,NA,NA,NA,NA,NA,NA,NA,NA,NA,NA,NA,NA,NA,NA,NA,NA,NA,NA,NA,NA,NA,NA,NA,NA,NA,NA,NA,NA,NA,NA,NA,NA,NA,NA,NA,NA,NA,NA,NA,NA,NA,NA,NA,NA,NA,NA,NA,NA,NA,NA,NA,NA,NA,NA,NA,NA,NA,NA,NA,NA,NA,NA,NA,NA,NA,NA,NA,NA,NA,NA,NA,NA,NA,NA,NA,NA,NA,NA,NA,NA,NA,NA,NA,NA,NA,NA,NA,NA,NA,NA,NA,NA,NA,NA,NA,NA,NA,NA,NA,NA,NA,NA,NA,NA,NA,NA,NA,NA,NA,NA,NA,NA,NA,NA,NA,NA,NA,NA,NA,NA,NA,NA,NA,NA,NA,NA,NA,NA,NA,NA,NA,NA,NA,NA,NA,NA,NA,NA,NA,NA,NA,NA,NA,NA,NA,NA,NA,NA,NA,NA,NA,NA,NA,NA,NA,NA,NA,NA,NA,NA,NA,NA,NA,NA,NA
-0.0152905862426952,0.0493365055459266,-0.0171863626773937,0,-0.0399225011377669,0,0.0542839561916174,0.0115503334493501,0,-0.0262938785206015,0,0,0,0.064404053568724,0.0446095891992862,-0.00958107571300192,-0.0319760177761413,-0.00558905460762446,-0.00508747132502815,0,-0.00189762567815901,0,-0.0186248935107658,0,0.0087282891434027,-0.00615012115777107,0,0.0145107393511019,0,-0.0376851980875456,0,0,0,0,0,0,0,0,0,0,0,0.0186200110328477,0.0591027101784683,0.0384312192845302,-0.0150921494535476,0.0663713639135559,0.0256719248031242,-0.00438480840411464,0,-0.00580614873939495,-0.0030542862147419,0,-0.011381933074611,0.057533072176113,0.0025977277668695,0.0025772240390001,0.02489289660687,0,0,0.00249536209573738,-0.0296817812326963,-0.0220859799330846,-0.00787588105632964,0,0.0137547023169283,-0.0111014195786742,0,-0.0261997629660654,0,0.017927466143963,0,0,-0.00507111007474569,0,0,0,0,-0.00639029959585658,0.030582260914937,0,-0.0150525149724121,0,0.0204212774637504,-0.0106717433479811,0,-0.0152412763658753,0,0,0,0,0,0,0.0427358400753355,-0.0444860354307456,0,0.0248985022174172,0,-0.0231625480856797,-0.0293168350690574,0,0,0,0.00195542448751906,0,-0.0256310725107077,0.0669695301634358,0,-0.00595732313593922,-0.0052662277735724,0,0,-0.0338800964457749,-0.0241326504188636,0.00933552830711675,0,-0.0387910427216367,-0.00331134399298837,0,0,-0.00315064932612502,0,-0.000668912740093834,0.00224092232565575,-0.00421814308068509,0,-0.0315662447413312,0,0,0,0,-0.0780679100032407,0,0.0196034760472577,0,0.0227256666826652,0,0,0.0282849284724042,0,0,0.0106814169115097,-0.019447560943517,0,0.00858196954854601,0,0.00183804230368252,0,0,0.00928586943299801,-0.00144524317187895,0,0,0,0,0,0,0,0,0,0,0,0.000653919966511183,0,0,-0.0101371929641293,0,0,0,-0.0147077650038774,0.0434731328399269,0,-0.0117740245053251,-0.00502824784209699,0,0,0,-0.00404457560360242,0,0.0495581858844521,0,-0.0305922900540179,0.0249385174520181,0,0.026014768449987,-0.00595557148205888,0.00392483627763185,-0.0223239447234142
-0.0150418024479234,0.0508761855917061,-0.0190006105422147,0,-0.0403105826776638,0,0.0548660634399226,0.010786657793415,0,-0.0256635499211637,0,0,0,0.0661910255257511,0.043845551438198,-0.010021302942973,-0.0314478435859178,-0.00671287536723505,-0.00551046499654833,0,-0.00130672866529363,0,-0.0190899506542356,0,0.0100401255183607,-0.00618641974698634,0,0.0141337844670705,0,-0.0376783559627873,-0.000537061161304607,0,0,0,0,0,0,0,0,0,0,0.0185788313834091,0.0585748734500225,0.0386012804541123,-0.0165096654902307,0.0655546101583094,0.0263335800722226,-0.00413864606250362,0,-0.00559550316142918,-0.00313737932319832,0,-0.00997469304433848,0.0577061583654556,0.00203575308147442,0.00237462089710826,0.0247961096415224,0,0,0.00202558241675697,-0.0302255912153181,-0.02237926035147,-0.00725087987819073,0,0.0136673396148355,-0.0108004423033124,0,-0.0253837357747029,0,0.0172184869146602,0,0,-0.00639382453829587,0,0,0,0,-0.00745858989422505,0.0300704062702189,0,-0.0146736667332682,0,0.0202397808922421,-0.0130684230059056,0,-0.0041666406169554,0,0,0,0,0,0,0.0435156194534059,-0.0460380019581434,0,0.024822466456101,0,-0.0235100490628378,-0.0314959799251219,0,0,0,0.00181691394516809,0,-0.0260084546497482,0.0659877344598143,0,-0.00591729303970827,-0.00554894643553128,0,0,-0.0333141040519613,-0.0254947056737559,0.00864231125566815,0,-0.0385746159874888,-0.00338397144429907,0,0,0,0,-0.000385105507164742,0.0026141846684145,-0.00442127889036439,0,-0.0325564591069204,0,0,0,0,-0.0755330275756977,0,0.0207623269940226,0,0.0234529856096109,0,0,0.0260154432887657,0,0,0.00953736815273869,-0.018025397726259,0,0.00944005346072489,0,0.000602294870548145,0,0,0.00982481380999932,-0.000884648122375417,0,0,0,0,0,0,0,0,0,0,0,0,0,0,-0.00952704914781431,0,-0.00116977266143798,0,-0.0147980469668478,0.042259286472213,0,-0.0101802822946434,-0.00269603392952226,0,0,-0.00637462538533401,-0.00449809270732911,0,0.049946236324504,0,-0.0303374681043532,0.025470408829252,0,0.0275707364574808,-0.00767889211617175,0.00264844789390304,-0.022016653807605
-0.0154029116975107,0.0495423823716574,-0.0194111433011228,0,-0.0402191454829291,0,0.0533326565742711,0.0106843388258978,0,-0.0243065019236837,0,0,0,0.0653948114302641,0.044134561465352,-0.0100192659418662,-0.0319243711672098,-0.00620684244646408,-0.00441365343616988,0,0,0,-0.0181130260394916,0,0.00889183240086799,-0.00653008975615002,0,0.0146662496056219,0,-0.0385941597287061,-0.00313526542812696,0,0,0,0,0,0,0,0,0,0,0.0180481757357157,0.0592778236039729,0.0394177993961307,-0.015268045577023,0.0648421935159561,0.0266486935428484,-0.00543880240219417,0,-0.00631257214795414,-0.00370236929014219,0,-0.00972987171130656,0.0570471780777713,0.00306623700764342,0.000816553361265497,0.0248238792216808,0,0,0.0015188035189351,-0.029591883015047,-0.0248735878583078,-0.00729733596616352,0,0.0143944798688091,-0.0106215675142254,0,-0.0250471154426876,0,0.0177185756343765,0,0,-0.00435680146453602,0,0,0,0,-0.00854267154897759,0.0293977285817472,-0.000921729001107656,-0.0138682696919082,0,0.020812024242996,-0.0112612318328696,0,-0.00434921123987462,0,0,0,0,0,0,0.0424903643730925,-0.045373039934023,0,0.0247138986426343,0,-0.023690077152489,-0.0316107194846258,0,0,0,0.00243693235975475,0,-0.0262894371455456,0.06530096330946,-0.000835174796322157,-0.00565689409942389,-0.00745872529542294,0,0,-0.0331764940229059,-0.0276911902455398,0.00710798408601227,0,-0.0385428882960448,-0.00353682725977668,0,0,-0.0125486691245149,0,0,0.00206214933744885,-0.00378991735283405,0,-0.0313194602768927,0,0,0,0,-0.0734271114195399,0,0.0205948330365249,0,0.0244464231298969,0,0,0.0264945017705798,0,0,0.0107821707065869,-0.015327086097705,0,0.0088347900750813,0,0.00073535038907268,0,0,0.0113114641041569,-0.00100111977797841,0,0,0,0,0,0,0,0,0,0,0,0,0,0,-0.00826332974026563,0,-0.000317034631110075,0,-0.014219983137963,0.044628311065837,0,-0.0103026607241198,0,0,0,0,-0.00415839758311686,0,0.0501671278993725,0,-0.0283893314301485,0.0251953871902079,0,0.0262911744383382,-0.00597770220574414,0,-0.0215675910060212
-0.0143166715881651,0.0505442343841928,-0.0179710478180293,0,-0.0396695768956843,0,0.0543337479466974,0.0105806042688573,0,-0.0269055715916469,0,0,0,0.0655793834937029,0.0428988507322309,-0.00916613910933619,-0.0314340160487247,-0.00650462327068234,-0.0050686887012912,0,-0.00133500460192063,0,-0.0196136543141805,0,0.00873949332988552,-0.00632465185580825,0,0.0145089404544921,0,-0.03837991703445,-0.0011118520194788,0,0,0,0,0,0,0,0,0,0,0.0183054930177207,0.0585063885162396,0.0379681680251063,-0.0156648493205916,0.0660673420790425,0.0262884680124769,-0.00434579324643915,0,-0.0060413921201823,-0.00299733421040995,0,-0.0106670121991224,0.0570586494764234,0.00223586277902548,0.00275196463680561,0.0259663147460135,0,0,0.00205972319508356,-0.0305269702248209,-0.0223178503279934,-0.00700920131615642,0,0.013244524842347,-0.0110253942009323,0,-0.0251434902408478,0,0.0184387236659901,0,0,-0.00593226991405705,0,0,0,0,-0.00721676748346602,0.0296624166969804,0,-0.014317516119463,0,0.0196200698933419,-0.0124854331210452,0,-0.00430718549844913,0,0,0,0,0,0,0.0430412957395589,-0.0460404686853635,0,0.024985809906766,0,-0.0237862225425604,-0.0308020811562186,0,0,0,0.00212387108013638,0,-0.0256672997607745,0.066425479184693,0,-0.00608329566770107,-0.00619064128974794,0,0,-0.0329527411618266,-0.0270398977724946,0.007720300481223,0,-0.0390451705974415,-0.00398556679149487,0,0,0,0,-0.0014239085959279,0.00292507611127717,-0.00511337843369549,0,-0.032765117576775,0,0,0,0,-0.069448837287653,0,0.0202837604804741,0,0.0237334302495253,0,0,0.0264519893041967,0,0,0.0108145299038052,-0.0168767602091185,0,0.00925670825793194,0,0,0,0,0.00935820113035245,-0.000202173009220674,0,0,0,0,0,0,0,0,0,0,0,0,0,0,-0.00950789480187528,0,-0.00220151641551818,0,-0.0146253060745281,0.0412888379517098,0,-0.0118536680238517,-0.00201326322829538,0,0,0,-0.00531845703620197,0,0.0499946579306881,0,-0.0293703767608636,0.0253813893650088,0,0.0273603982757164,-0.00737494421783536,0.00156101449372447,-0.0228723699540863
-0.0153197297965116,0.0506514993732272,-0.0182442328148245,0,-0.0400007890242245,0,0.0549439891938229,0.0110762955191486,0,-0.0259394167011983,0,0,0,0.0654114853256833,0.0439818176278757,-0.00827103138430057,-0.0306919856781026,-0.00679332052766484,-0.00526466609980714,0,-0.00106645698674096,0,-0.019061144650226,0,0.00936046158665465,-0.00586073956686766,0,0.0145812891433436,0,-0.0380878237382588,-0.000896867420610536,0,0,0,0,0,0,0,0,0,0,0.0189285460942862,0.0582075833722662,0.0389130671042806,-0.0146999026398186,0.0652687275529576,0.0267520993563813,-0.00419287129163325,0,-0.00556767845429751,-0.00319805939976737,0,-0.0091020938436996,0.0578992960418116,0.00215186493186726,0.00277073571266143,0.0244966706629383,0,0,0.00185722723078978,-0.0305393646024122,-0.020670270677646,-0.00676758647617234,0,0.0138649223378174,-0.0106463261887135,0,-0.0234452633836673,0,0.0181996321737828,0,0,-0.00581506794864668,0,0,0,0,-0.00857777225160117,0.0304750998759519,-0.00314241960125117,-0.0145601622723615,0,0.0201400470084337,-0.015719153550428,0,-0.00519247192242147,0,0,0,0,0,0,0.0440209271133207,-0.0442092922015879,0,0.0248082184065351,0,-0.0278767283930188,-0.030385289667399,0,0,0,0.00225768140986191,0,-0.0260765061623689,0.0677074773110264,-0.000156763322215982,-0.00446934399874957,-0.0081412847825234,0,0,-0.0312069107808996,-0.0253820051844477,0.00492295600461688,0,-0.0382714162485225,-0.00275495534514402,0,0,-0.000259946784982816,0,-0.00062460048898956,0.00318925910224008,-0.00479135583386904,0,-0.0320133475096883,0,0,0,0,-0.068771082395552,0,0.0210018680007934,0,0.0245673627356436,0,0,0.0267433312860533,0,0,0.00997328187500838,-0.016633101515667,0,0.00923960341261552,0,0,0,0,0.00911988184526729,-0.000526205593707805,0,0,0,0,0,0,0,0,0,0,0,0,0,0,-0.00863315545430608,0,-0.00549841289754152,0,-0.0127232462601577,0.0409747296001726,0,-0.0107780549517258,-0.00206791917985584,0,0,-0.00233834702770421,-0.00435271244576105,0,0.0492349011265871,0,-0.0292112970649555,0.0255163034711528,0,0.0288717663827174,-0.00624383946654453,0,-0.0232949236896758
-0.0149432647520382,0.0507893015494987,-0.0175016910715782,0,-0.0400361810796627,0,0.0539850722694527,0.0106321622047398,0,-0.0265029035816872,0,0,0,0.0663966114300738,0.0435384251444795,-0.00909898785480313,-0.0313410527598549,-0.0063749896743554,-0.00509804031497477,0,-0.00226200496107597,0,-0.0193318749196289,0,0.00887460211597045,-0.00566228761303423,0,0.0145775726064678,0,-0.0382889857772153,-0.001541788255888,0,0,0,0,0,0,0,0,0,0,0.018299726764255,0.0578666122521647,0.0380865292435946,-0.0157494297504439,0.0657875599894725,0.0264409033031048,-0.00432298961835036,0,-0.00570711357992424,-0.0031240251920937,0,-0.0106367476807354,0.0575015482780997,0.00241363674520824,0.00231405035725542,0.0252376878738459,0,0,0.0019578392833875,-0.0303087117255382,-0.0247413796985006,-0.00692972567998562,0,0.0132143682057407,-0.0108474025008276,0,-0.0246235720630582,0,0.0184479310917857,0,0,-0.00614645147263646,0,0,0,0,-0.00713148292276444,0.0294639261035717,0,-0.0143535524709496,0,0.0199490714194931,-0.0126806216500664,0,-0.00448496831243312,0,0,0,0,0,0,0.0428615678513263,-0.0462017854690406,0,0.0247047575934829,0,-0.024330338541463,-0.0302008878178383,0,0,0,0.00275057955505463,0,-0.02558425158711,0.0661880332001087,0,-0.00543792745227125,-0.00560039644521722,0,0,-0.0324637941776819,-0.0278025150367549,0.00686698672855627,0,-0.0387442059165472,-0.00498677182208577,0,0,-0.000530128627289197,0,-0.00104070250041631,0.00326134500329153,-0.00501693188974797,0,-0.0321081027108427,0,0,0,0,-0.0687392900533275,0,0.0197010843365624,0,0.0239379785371036,0,0,0.027485799702041,0,0,0.0103411858924073,-0.0164588497421523,0,0.00869331296268896,0,0,0,0,0.00957295159486955,-0.000277641932729083,0,0,0,0,0,0,0,0,0,0,0,0,0,0,-0.00844051654537794,0,-0.00329833759263988,0,-0.0140380535354782,0.0414827262474976,0,-0.011166259970559,-0.00262395760125704,0,0,0,-0.00490841045003767,0,0.0497988058436332,0,-0.0291371874186966,0.0254223888562503,0,0.0275627606048804,-0.00719734733292282,0.00142142918243951,-0.0233012456916853
-0.0140534835977767,0.0505966490608005,-0.0185268999807554,0,-0.0394394320442168,0,0.0541536802690787,0.0106068782308949,0,-0.0270209677053942,0,0,0,0.0655397789293115,0.0430745178021695,-0.00904588884236135,-0.0314193902865878,-0.00649137740118651,-0.00508636929530262,0,-0.00130566801463901,0,-0.0198229017648554,0,0.00874037182571959,-0.00644353602847187,0,0.0143540047311905,0,-0.0385979097763084,-0.00135586199717047,0,0,0,0,0,0,0,0,0,0,0.0185946938031473,0.0584142917286082,0.0378180844068737,-0.0155763197530571,0.0657862509777219,0.026480212543546,-0.00459636341295674,0,-0.00599555776454373,-0.00314792725685506,0,-0.0110577936660678,0.0571883548278216,0.00249588725728137,0.00270196143029494,0.0259131180760005,0,0,0.00236635526593899,-0.0306127280121167,-0.0224703642677483,-0.00652306227259649,0,0.0132749771384863,-0.011032896393495,0,-0.025367608264054,0,0.0184177580177202,0,0,-0.00571864298975349,0,0,0,0,-0.00677632713043273,0.0294869489315867,0,-0.0142534697619682,0,0.0195163452904166,-0.0124873865168297,0,-0.00499663545003903,0,0,0,0,0,0,0.043153035542038,-0.0459297195295967,0,0.0246812287878534,0,-0.0240270512894851,-0.0308194616994005,0,0,0,0.00195736850668243,0,-0.025896285826776,0.0663896853191316,-0.000238287678802096,-0.00614620654913439,-0.00609296068815339,0,0,-0.0328041452648813,-0.0264389134180667,0.00787055749140861,0,-0.0389391827426483,-0.00332427152118345,0,0,0,0,-0.00146375675844684,0.00258501820606399,-0.00430063436006426,0,-0.0331093694448772,0,0,0,0,-0.0699102798159669,0,0.0205172240245609,0,0.024913505998025,0,0,0.0262994534582654,0,0,0.0106733460252297,-0.0170913289928221,0,0.00909246404040444,0,0,0,0,0.00956386367904597,-0.000349444632229285,0,0,0,0,0,0,0,0,0,0,0,0,0,0,-0.0103832807514128,0,-0.00197967474928818,0,-0.0146541497709795,0.0410692651534096,0,-0.0123164921113622,-0.00163801525053683,0,0,0,-0.00518696275394893,0,0.0500834227524121,0,-0.0294108574409833,0.0256240181134103,0,0.027174129405072,-0.00750371955079114,0.0008590567901152,-0.0231582261297071
-0.0139123066563915,0.050301466511075,-0.0181865402569568,0,-0.0394980228909754,0,0.0542600852108526,0.0100852226002302,0,-0.0273014988133297,0,0,0,0.0661153495419737,0.0433565069778751,-0.00865501155775838,-0.0318261315108612,-0.00631060782053671,-0.00476406937415015,0,-0.00108499165869057,0,-0.0198218089203485,0,0.00876900636564321,-0.00640012318014774,0,0.0143944217121647,0,-0.0386467680636813,-0.00161010840512946,0,0,0,0,0,0,0,0,0,0,0.0184556224094622,0.0583808522006088,0.0379805125516694,-0.0152136634102943,0.0654150797942942,0.0267126947094623,-0.00446366268230416,0,-0.00569749486002027,-0.00338693006854924,0,-0.0103883332574752,0.0574266126302082,0.00216216366765257,0.00292373517377315,0.0259748960022765,0,0,0.00231008171020264,-0.0309500356664282,-0.022103551686821,-0.00693516829659345,0,0.0131068248819663,-0.0112205521942351,0,-0.025519581880441,0,0.0184315493876574,0,0,-0.00570490147242395,0,0,0,0,-0.00735646350454597,0.0294433518354238,0,-0.0143465531776902,0,0.0195089925899987,-0.0118395913811502,0,-0.00492588891010798,0,0,0,0,0,0,0.0430623441091216,-0.0462968982184069,0,0.0244593306290133,0,-0.0241574173204745,-0.0308561079742509,0,0,0,0.00194562807976259,0,-0.0259851298936286,0.066400452353546,-0.0000959299910938402,-0.006110037688736,-0.00614386626182423,0,0,-0.0330315796120349,-0.0264369025613677,0.00795450349612546,0,-0.0389745821007234,-0.00320543785361186,0,0,0,0,-0.00145693662862885,0.00236212566994857,-0.00456850886699727,0,-0.0333364273833646,0,0,0,0,-0.0698774419187231,0,0.0210239577109822,0,0.0262688450792459,0,0,0.0263889805421579,0,0,0.010590103895387,-0.016993685898081,0,0.00918246212571161,0,0,0,0,0.00941967090667072,-0.0000730057997791761,0,0,0,0,0,0,0,0,0,0,0,0,0,0,-0.01019077788885,0,-0.00183410370322897,0,-0.0145256085391423,0.0413228287479805,0,-0.0115203407596566,-0.00106887607483536,0,0,0,-0.00471914510893869,0,0.0501096972613297,0,-0.0295016896156491,0.0257292992603055,0,0.027333309840189,-0.0078595012947533,0.000893190695099769,-0.0234841167590844
-0.0139327609351284,0.0503333331805739,-0.0180775462549743,0,-0.0398043893690154,0,0.0538901691366162,0.0102670565651632,0,-0.0270723599378735,0,0,0,0.06637050005932,0.0437698469046179,-0.00950760858687901,-0.0317648141861988,-0.00654351387289309,-0.00500001114770056,0,-0.000633300833568922,0,-0.0195541872134697,0,0.00852911675452258,-0.00587660686091853,0,0.0143744201327691,0,-0.0385189992637925,-0.0015319303663925,0,0,0,0,0,0,0,0,0,0,0.0186256418220604,0.0579885187633769,0.0385247796605339,-0.0144766733896155,0.0660848940221551,0.0269051608483291,-0.00448785910379553,0,-0.00613646827486372,-0.00293008494755781,0,-0.0101428804030018,0.0579857247751537,0.00196138212033802,0.00242625467867555,0.0264282348728859,0,0,0.00214637207805831,-0.030885153003147,-0.0224042638997609,-0.00733932498380253,0,0.0129588904786665,-0.0114735585719507,0,-0.0254782924155699,0,0.018791908802665,0,0,-0.00575650415974332,0,0,0,0,-0.00769345120719955,0.0296689254359394,0,-0.0142261035365432,0,0.0195024950691123,-0.013201147716295,0,-0.00399774407888029,0,0,0,0,0,0,0.0427552777967811,-0.0451755252295893,0,0.0247383190226259,0,-0.0243087089419646,-0.030641171119231,0,0,0,0.00184871981968228,0,-0.025934110786822,0.0659545137961697,0,-0.00648583965717155,-0.00516300245106593,0,0,-0.0327209551414369,-0.0270618795708303,0.00774048970524818,0,-0.0394556272300774,-0.00354124850480578,0,0,0,0,-0.0014545599885758,0.00354178662672797,-0.00485177223637871,0,-0.0324878456070197,0,0,0,0,-0.0703659451939163,0,0.0207625157410594,0,0.0235827348571915,0,0,0.0271410922256134,0,0,0.0104585748081308,-0.0171958871367662,0,0.00911599869765522,0,0,0,0,0.00972446254607404,0,0,0,0,0,0,0,0,0,0,0,0,0,0,0,-0.0107726781167456,0,-0.00139591173568914,0,-0.0154090438198819,0.0410505265023387,0,-0.0123757420334578,-0.00147412481063185,0,0,0,-0.0052498759425704,0,0.0504015439739915,0,-0.0296426344289226,0.0253938193365161,0,0.0283577876131676,-0.00641305483037498,0.000851592852692721,-0.0220988135975133
-0.0143666553037164,0.0506877153280453,-0.0177345654900086,0,-0.0397100293118345,0,0.0542528684395055,0.0107333946775198,0,-0.0267775313292139,0,0,0,0.0658964507923322,0.043631126634028,-0.00900258339887174,-0.0315416123843473,-0.00681459866878551,-0.00515581868225106,0,-0.00128557841152988,0,-0.0196928836291577,0,0.00887539260552082,-0.00612439932720241,0,0.0143397870709137,0,-0.0382556852535981,-0.00153328764087806,0,0,0,0,0,0,0,0,0,0,0.0183625644769843,0.0581384544604535,0.0380934455953498,-0.0153786743938707,0.0660168197453253,0.0265708478936907,-0.00453237125253287,0,-0.00601639471312391,-0.00296092309585817,0,-0.0103646340351954,0.0577319465546973,0.00202953076480368,0.00264682308166284,0.025646298129474,0,0,0.00213897698200925,-0.030455012701329,-0.0222347766061507,-0.00715834199723818,0,0.0132162136105741,-0.0109799765652387,0,-0.0253262494339228,0,0.0181928241840082,0,0,-0.00583191707984308,0,0,0,0,-0.00721928576299629,0.0295284570644197,0,-0.0141978546844133,0,0.0195155736143401,-0.0126109426180561,0,-0.0045514887124054,0,0,0,0,0,0,0.0428114767644069,-0.0452808964578666,0,0.0247232739771965,0,-0.0240959208775121,-0.030760022264104,0,0,0,0.00208428598479558,0,-0.025499272909936,0.0663500195737733,0,-0.00603531432336181,-0.00664625771877129,0,0,-0.0326233412417249,-0.027056600621153,0.00764764110240688,0,-0.0390062635731424,-0.00375377953774209,0,0,0,0,-0.00150148758145294,0.00291539111125068,-0.00486662476990757,0,-0.0323365136552469,0,0,0,0,-0.0696043255744025,0,0.0203044370584348,0,0.0235885287557298,0,0,0.0269630590491066,0,0,0.010282678526215,-0.0170143418809051,0,0.00906617856051531,0,0,0,0,0.00972865954715227,-0.0000582430429145928,0,0,0,0,0,0,0,0,0,0,0,0,0,0,-0.00994546337830616,0,-0.0025622411783099,0,-0.0142792590733065,0.04112717102308,0,-0.0115794956796355,-0.00222798367680736,0,0,0,-0.00529257024148654,0,0.0501126138284949,0,-0.0294952974236854,0.0253629968646807,0,0.0270081239576621,-0.00715599231647787,0.00109630464878619,-0.0232107550875806
-0.015104350176055,0.0505042658783797,-0.018559399064463,0,-0.0396779800281891,0,0.055230957090206,0.0110011803688013,0,-0.0256832935233916,0,0,0,0.0661545250230379,0.0436584363835941,-0.00919555633292555,-0.030891067749515,-0.00710163921560714,-0.00476382175709796,0,-0.00018526291897114,0,-0.0193004271779676,0,0.00925701856893936,-0.00645980998142821,0,0.0142350090588737,0,-0.038251855154878,-0.00124210281689082,0,0,0,0,0,0,0,0,0,0,0.018237502959697,0.0588039604330936,0.0382820784983857,-0.0152391322174475,0.0652442820133471,0.0261062968267798,-0.00419751694224926,0,-0.00561967099224949,-0.00328186028078632,0,-0.0115986147559971,0.0570166538481245,0.00264527343967453,0.00251735484004467,0.0242300812875681,0,0,0.00231902274405253,-0.030335524832616,-0.0236227455890223,-0.0063978390747952,0,0.0129774333329909,-0.0103249610108785,0,-0.0244604748130825,0,0.0178463298163826,0,0,-0.00605726875706495,0,0,0,0,-0.00615931783262013,0.0294757501960272,0,-0.0144079050868564,0,0.019305092944803,-0.0109976144327812,0,-0.0044064757287393,0,0,0,0,0,0,0.0434721162379298,-0.0478182136036525,0,0.0245511287180215,0,-0.0236737259280194,-0.0326294568760403,0,0,0,0.00146957733349834,0,-0.0252776648058406,0.0667816793547896,-0.0000253396452588409,-0.00618829256980261,-0.00835491757227676,0,0,-0.0333018315993825,-0.0262969227403252,0.00716262673205147,0,-0.0384418876940358,-0.00387284123670587,0,0,0,0,-0.00132865680200794,0.00334627600797685,-0.00366610481433255,0,-0.0328906938427627,0,0,0,0,-0.0695909300608537,0,0.0203566894409905,0,0.0243952550283345,0,0,0.0260190441927519,0,0,0.0100406625002685,-0.0162308096865573,0,0.0093709202145727,0,0,0,0,0.00989781531594258,-0.000416946472052818,0,0,0,0,0,0,0,0,0,0,0,0,0,0,-0.00839565960870756,0,-0.00298814423547708,0,-0.0136413165285955,0.0428273628287721,0,-0.0104222433474679,-0.0021523832803391,0,0,0,-0.0050339230841942,0,0.0504011622104525,0,-0.0291134868856537,0.0256369017062432,0,0.0278672568799911,-0.00710040919999211,0.00188498862084924,-0.0249369944244585
-0.014391035377668,0.0508654767819662,-0.0183787186842269,0,-0.0398144589341014,0,0.0546593999759721,0.0107370341010861,0,-0.0266531754198589,0,0,0,0.0657443432859355,0.043592090188544,-0.00927521234586423,-0.0311421498676178,-0.00677039025759682,-0.00503255473557142,0,-0.00138868313715559,0,-0.0198320596725505,0,0.00901822383792631,-0.00640742091467285,0,0.0143701378947315,0,-0.0381324429766869,-0.00149226774824742,0,0,0,0,0,0,0,0,0,0,0.0183765856486154,0.0584499467505531,0.0381453352017717,-0.0153126187298031,0.0659747509364014,0.0264473340616996,-0.00462524382239717,0,-0.00606823844135695,-0.00300157705683495,0,-0.0104654561554816,0.0574289580160064,0.00230153987658857,0.00261252947922575,0.0258114489470678,0,0,0.00218551654411189,-0.0306395084650398,-0.0221055070188129,-0.00694303690814435,0,0.0134260547723286,-0.0132165428773325,0,-0.0254002512438935,0,0.0184402967464895,0,0,-0.0059127744776457,0,0,0,0,-0.00695363193043891,0.0293842416426057,0,-0.0141597744137565,0,0.0194935018863207,-0.0124726379664649,0,-0.00460381620643539,0,0,0,0,0,0,0.043153429910425,-0.0455230917261104,0,0.0247214659199196,0,-0.0241667647797686,-0.0309038663751903,0,0,0,0.00214316530408944,0,-0.02562703608289,0.0662659997019201,0,-0.00594110756603774,-0.00640020705979663,0,0,-0.0325755874734449,-0.0270734288326966,0.00761992330831702,0,-0.0392468030861881,-0.00388358997417137,0,0,-0.0000189984965064191,0,-0.00177591683494623,0.00289446381613913,-0.00496811198604683,0,-0.032645173378641,0,0,0,0,-0.0698417242424354,0,0.0203875669678564,0,0.0240795954815544,0,0,0.0266190093921596,0,0,0.0100382194207335,-0.0168207466094103,0,0.00919951585307507,0,0,0,0,0.00972408730031251,0,0,0,0,0,0,0,0,0,0,0,0,0,0,0,-0.00993678061941869,0,-0.00277927856650349,0,-0.0144294405015089,0.0413507590107313,0,-0.0115401318145757,-0.00192305736863036,0,0,0,-0.00528557697198154,0,0.0502728009329794,0,-0.0295353059659196,0.0250669734351148,0,0.026934129221875,-0.0072373041001646,0.00116703625834558,-0.0224834977201722
-0.0149516821984405,0.0506925312198833,-0.0183773482904456,0,-0.0390297239574772,0,0.0545878512648971,0.010952519893467,0,-0.0256827419747378,0,0,0,0.0660374989202381,0.0435344092438954,-0.00927431126158505,-0.0301163144905512,-0.00681196168040805,-0.00493091918607874,0,0,0,-0.0201193313756793,0,0.00886196001883632,-0.00676421428514461,0,0.014664856162752,0,-0.0383740737618666,-0.00103914718830343,0,0,0,0,0,0,0,0,0,0,0.018254804857083,0.0584471440154899,0.0379797230860918,-0.0157872581497242,0.0663219592910073,0.0260367336027548,-0.00430286496999787,0,-0.00674182908192946,-0.00310071113610419,0,-0.0136440786590016,0.0575446568730083,0.00354617071474166,0.0023286432096519,0.0248208455754341,0,0,0.00168627187072341,-0.0299634939646367,-0.0221770806310326,-0.00591517096665614,0,0.0130813353570181,-0.0104319490007203,0,-0.0264053421711707,0,0.0179727819722327,0,0,-0.00518299271008567,0,0,0,0,-0.00682100532830709,0.0291565841336222,0,-0.0139244368783103,0,0.0191385152967245,-0.0121689475771596,0,-0.00308662798736893,0,0,0,0,0,0,0.0427820816311525,-0.0469828793971809,0,0.0244195748333337,0,-0.0234910554754264,-0.0304663844719445,0,0,0,0.00305624244421785,0,-0.0258481800089332,0.0666814107929982,-0.000338560538668956,-0.00816904280697355,-0.00840091813881644,0,0,-0.0326487712989268,-0.0261836086512761,0.00736979943389199,0,-0.0387101478469926,-0.00261252656522727,0,0,0,0,-0.00189727200556853,0.0026464395962079,-0.00646575509375485,0,-0.0322449862144016,0,0,0,0,-0.0703809027198095,0,0.0179481410377804,0,0.0233178929607229,0,0,0.0266628335129311,0,0,0.011112918316147,-0.0161888870001855,0,0.00943830389703805,0,0,0,0,0.0104746340967434,-0.0000648839696978152,0,0,0,0,0,0,0,0,0,0,0,0,0,0,-0.00938121358611572,0,-0.00253687125573545,0,-0.0127175906969105,0.041335373829357,0,-0.0123312759634335,-0.00189210011603911,0,0,0,-0.00524314118585452,0,0.0503806713712392,0,-0.028912167586732,0.0243481887322994,0,0.0277594040635253,-0.00693677161051941,0.00117596116795195,-0.0222294081088946
-0.0138780511592676,0.0500350986540322,-0.0169567033392324,0,-0.0405092211641642,0,0.0546470649964133,0.0122271661646824,0,-0.0263194877267823,0,0,0,0.0656797812048533,0.0448693636650283,-0.00866832466107912,-0.0317706808133358,-0.00722370338324516,-0.0052882209562599,0,-0.00169363424760109,0,-0.0199999103228726,0,0.00952655654047062,-0.00567883101894514,0,0.0141934329495315,0,-0.0382951496168905,-0.0021645276744603,0,0,0,0,0,0,0,0,0,0,0.0185370771379302,0.0597785739049388,0.0386747559657627,-0.0151327510316959,0.0662076282308506,0.0268644972176438,-0.00439506059004596,0,-0.00631734090605732,-0.00281272608031563,0,-0.00998182992486813,0.0588360334814039,0.0019419700476177,0.0014670810448482,0.0254349811639228,0,0,0.00201739222984193,-0.030796389411639,-0.0217349476096596,-0.00837737979054886,0,0.013294895196933,-0.0114721585814804,0,-0.026090616590031,0,0.0189583729162044,0,0,-0.00637468104868384,0,0,0,0,-0.00751778711845164,0.0296594232479039,0,-0.0143598818781436,0,0.0199729589291182,-0.0124907738441849,0,-0.00458097434856209,0,0,0,0,0,0,0.0432052511783635,-0.0465354158477546,0,0.0281245712173405,0,-0.0239026549553783,-0.0309434174391686,0,0,0,0.00166058753949065,0,-0.0258048820485047,0.0673518676760095,0,-0.00621311702562077,-0.00531679500704989,0,0,-0.0335444327790341,-0.0270967360642763,0.00808680162575856,0,-0.0399351081554495,-0.00479454940288419,0,0,-0.000579308633010493,0,-0.00195520237624679,0.00457901604453886,-0.00408529718283326,0,-0.0329370718597248,0,0,0,0,-0.0704334311344205,0,0.0207251466133601,0,0.0238158410159694,0,0,0.0281815605824815,0,0,0.00998395034990173,-0.0170227865629382,0,0.00930773570982853,0,0,0,0,0.00998369675374941,-0.000320384163953045,0,0,0,0,0,0,0,0,0,0,0,0,0,0,-0.0107506017687639,0,-0.00205741692023922,0,-0.0154222078212968,0.0415790338096288,0,-0.0119843890294733,-0.00233525023978256,0,0,0,-0.00531072143504761,0,0.0505858439161494,0,-0.0294747984764706,0.0256431167208695,0,0.0262314251231814,-0.00728205207973759,0.00137384613972243,-0.0231223230861788
-0.0158635310731827,0.0487723832899751,-0.0170347238047181,0,-0.0408377185211149,0,0.0547895341327825,0.0114107549929617,0,-0.0373913666660547,0,0,0,0.0676034888122715,0.0427495493133957,-0.0157913950067774,-0.0317040771038136,-0.00651803772431968,-0.00718214581050645,0,-0.00219420685060718,0,-0.0182055268901184,0,0.00863363658383799,-0.0049825728509404,0,0.014161471220914,0,-0.0385190114325455,-0.00122616299580316,0,0,0,0,0,0,0,0,0,0,0.018304808247684,0.0591026198888823,0.0381258975645093,-0.016362412339411,0.064053081132514,0.0264125491559015,-0.00480398018189527,0,-0.00525926614365717,-0.00370679837076984,0,-0.0133025128719054,0.0566192464723724,0.00298960607277966,0.00203438494066837,0.0269030024590028,0,0,0.00143044380232432,-0.0302282575152037,-0.0273156357889884,-0.00460200970941848,0,0.0111407146666475,-0.00999811152909487,0,-0.0261582408537284,0,0.0164709053389861,0,0,-0.00501937315856919,0,0,0,0,-0.0068678485550775,0.02956151214438,0,-0.0141546465399658,0,0.0196806713457076,-0.0105401770399175,0,-0.00631369838656322,0,0,0,0,0,0,0.0434319984207358,-0.0481896041762405,0,0.0239411933524985,0,-0.0270143195060486,-0.0283559013114474,0,0,0,0.00679949360070244,0,-0.0258195192176799,0.0683291887916392,-0.00516460944958834,-0.00929875585139072,-0.00289829143483548,0,0,-0.0334454553576235,-0.024588354289079,0.00822824112845091,0,-0.0394032260647028,-0.00333886606790415,0,0,0,0,-0.00137912283063746,0,-0.00592067607037755,0,-0.0328995649205879,0,0,0,0,-0.0689712214650111,0,0.0205079910381003,0,0.0232948959523225,0,0,0.0231875443765213,0,0,0.0111163100065618,-0.0170811697535989,0,0.0077800179664132,0,0,0,0,0.00899675700273932,-0.000808151141069694,0,0,0,0,0,0,0,0,0,0,0,0,0,0,-0.00871636691949585,0,-0.00341837920402477,0,-0.0133312365841407,0.0447492316783376,0,-0.0119296166614477,-0.00119245464192072,0,0,0,-0.0024344352240835,0,0.0500029509119391,0,-0.0285457933531636,0.0263449475457089,0,0.0271403286363025,-0.0101943154524766,0.00348834414764473,-0.0238347621426755
-0.0142465628251719,0.0505510821536839,-0.0180283060083028,0,-0.0396454302537254,0,0.0543787162112199,0.0106564101864167,0,-0.0266931080443151,0,0,0,0.0654439648581229,0.0435005240676279,-0.00878407409672951,-0.0316772588487249,-0.00683790771933842,-0.0050883608204483,0,-0.0014791879136075,0,-0.0197515658236324,0,0.00918974385677301,-0.00621688762998159,0,0.0144046443867608,0,-0.0382347252619987,-0.00160763684320517,0,0,0,0,0,0,0,0,0,0,0.018509024663416,0.0582140888308674,0.037894543439853,-0.0154225973825471,0.0661541978019932,0.0264843232839555,-0.00458253535701149,0,-0.00598968677952498,-0.00303953384159407,0,-0.0103409255275057,0.0574021696415932,0.0021510791371463,0.00284869491735867,0.0259642333423109,0,0,0.00219256335344031,-0.030546404223497,-0.0224442570069886,-0.00714785065339232,0,0.0133386998360846,-0.0110156583823624,0,-0.0252420492117415,0,0.0185451737334055,0,0,-0.00591350434835706,0,0,0,0,-0.00713022904956599,0.0297159837827427,0,-0.0141912522691276,0,0.0196287420449343,-0.0126914616345086,0,-0.00461017926183569,0,0,0,0,0,0,0.0430027834605905,-0.0454646374619366,0,0.0252011302064279,0,-0.023943851084107,-0.0309315626178692,0,0,0,0.00213470366219174,0,-0.0256978662804388,0.0661971307806573,-0.00000686206474251895,-0.00592886324513566,-0.0060840810564402,0,0,-0.0327154066172963,-0.0272467208750595,0.00749473987994505,0,-0.0390850875407397,-0.00416140830193204,0,0,0,0,-0.00118392328319071,0.00322871020640968,-0.0047736984413416,0,-0.0326540293103129,0,0,0,0,-0.0697261752835463,0,0.0200838884517748,0,0.0244506739673808,0,0,0.0267466322204787,0,0,0.0103332460188553,-0.0170683503141742,0,0.00918976118877068,0,0,0,0,0.00960491603088828,-0.000121441612431658,0,0,0,0,0,0,0,0,0,0,0,0,0,0,-0.00969954302384101,0,-0.00237947385350185,0,-0.0143921750295686,0.0409543610763953,0,-0.011505192823622,-0.00206970772299063,0,0,0,-0.00523780567068278,0,0.0499591970707713,0,-0.0296745679793364,0.0254333215636525,0,0.0268571149150231,-0.00750843794191254,0.00097511738403611,-0.0226337991730172
-0.0131079728613109,0.0500331149286081,-0.0197970175937674,0,-0.0409226863183819,0,0.0523043095037848,0.0122301959128687,0,-0.024034294559007,0,0,0,0.0637831015952827,0.0433383337141006,-0.00870831098687203,-0.0316549022907745,-0.00790771232558307,-0.00576540983995167,0,-0.000295328058492473,0,-0.0198196134826008,0,0.0111874758368587,-0.00669407828871081,0,0.0146686652457099,0,-0.0376204370354944,-0.00249047109879603,0,0,0,0,0,0,0,0,0,0,0.0202883762483286,0.0607684412249735,0.0384634355421869,-0.0167197668112149,0.0672732460709736,0.0262165939352722,-0.00447569463307477,0,-0.00518537454114355,-0.0026423980391994,0,-0.00921104253614776,0.0584348730556763,0.00250817179913243,0.00174889466594387,0.0252564607438234,0,0,0.00266175708416865,-0.033171940491158,-0.0254466713477676,-0.00578968315549219,0,0.0121594628189586,-0.0116127260322741,0,-0.024852579733669,0,0.0199021631054829,0,0,-0.00654918070830392,0,0,0,0,-0.00761423633630037,0.0292234614019295,0,-0.0136932854065033,-0.0000531034507092274,0.0194900143252043,-0.00850670530155394,0,-0.00353986656072324,0,0,0,0,0,0,0.0425066573735331,-0.0482610297915036,0,0.0336742344741758,0,-0.0247208151427812,-0.02826032149192,0,0,0,0.00134151107107486,0,-0.0264725460029054,0.0694315388186418,-0.000416879304258737,-0.00782599071420976,-0.00532363457658147,0,0,-0.0345913300688728,-0.0272452737813513,0.00727578277912599,0,-0.0404007651869569,-0.00538169212718847,0,0,0,0,-0.00200592754797078,0.00505186250747902,-0.00453729816361121,0,-0.0317420366528084,0,0,0,0,-0.0699428651797335,0,0.0201983755413415,0,0.022828505220885,0,0,0.0287642347445868,0,0,0.00994142062506401,-0.0163070214870637,0,0.00888725928387094,0,0,0,0,0.00893427521896446,-0.0000700851340341593,0,0,0,0,0,0,0,0,0,0,0,0,0,0,-0.0109010945937129,0,-0.00175889997299208,0,-0.0145584610781341,0.0395578931656537,0,-0.0118115445187525,-0.00230523542218907,0,0,-0.00148948091103587,-0.00720950148392076,0,0.0501079869087944,0,-0.0305516984910674,0.0254562778407346,0,0.0257998642990445,-0.0063388955359212,0.00177375665807713,-0.0218574600334736
-0.0143557123137259,0.0500672642034132,-0.0180214897549641,0,-0.0406724589709498,0,0.054920782017086,0.0110397777961786,0,-0.0275546211277003,0,0,0,0.0665075829347137,0.0440541507728397,-0.00928340928477367,-0.0321018739922282,-0.00697195744281448,-0.00550432612120511,0,-0.00115828818581195,0,-0.0204358342060438,0,0.00948050617559096,-0.00583519171476861,0,0.0144096759926407,0,-0.0385162269729257,-0.00184928793441425,0,0,0,0,0,0,0,0,0,0,0.0190443326461681,0.0589839910408729,0.0385270529355328,-0.0152408778775157,0.0664704953327391,0.0271082952075614,-0.00448813270225972,0,-0.00585361033412867,-0.00299282001626343,0,-0.0101220281604256,0.0576110367363289,0.00262542234102208,0.00226930417594901,0.0253173184868462,0,0,0.00199716018439614,-0.0308678097984105,-0.022380754514181,-0.00728914475847976,0,0.0132127503718798,-0.0112018971719975,0,-0.0260932461904424,0,0.0186413370785124,0,0,-0.00616403336634773,0,0,0,0,-0.00723170744879991,0.0297756114793369,0,-0.0142328347108365,0,0.0201262670207186,-0.0124328051173588,0,-0.00446322563638505,0,0,0,0,0,0,0.0430452689032382,-0.0459630544096732,0,0.0250781818277193,0,-0.0243102803869183,-0.0311425022635899,0,0,0,0.00238641182785536,0,-0.0258556609536807,0.066371671704326,0,-0.0062205127648547,-0.00608404541232195,0,0,-0.0329261510939921,-0.0269953184900291,0.00791336058139678,0,-0.0398448286042688,-0.00409910542631251,0,0,-0.000280127663773681,0,-0.00176022790722007,0.00414578695099478,-0.00479241987355061,0,-0.0329037935619939,0,0,0,0,-0.0703010710477642,0,0.0209401972583008,0,0.0239288296107259,0,0,0.0272504653821049,0,0,0.0100817800274921,-0.0170301347650412,0,0.00911033616806996,0,0,0,0,0.0101790152254384,0,0,0,0,0,0,0,0,0,0,0,0,0,0,0,-0.0103857678572342,0,-0.00267322852740796,0,-0.0149347480656522,0.0427701811625812,0,-0.0109788566560509,-0.00242832013934338,0,0,0,-0.00500594855785734,0,0.0504734771995643,0,-0.0298446150395736,0.0259839604542906,0,0.0271316881717515,-0.00694541241472742,0.00123522924940359,-0.0234291099171727
-0.0138174129857314,0.0501892501924304,-0.0171464568560812,0,-0.0395829022063488,0,0.05397586243769,0.0103958314494063,0,-0.0270823405460333,0,0,0,0.0663143531234892,0.0434245388726299,-0.00935914138124336,-0.032656744990407,-0.00730975696320894,-0.00476737869762377,0,-0.00144395069403007,0,-0.0197812039649876,0,0.00955497529949175,-0.00638439076723699,0,0.0145154955603878,0,-0.0379166420845262,-0.00183382794497265,0,0,0,0,0,0,0,0,0,0,0.018704155495485,0.0595969734916371,0.0383806076843167,-0.0149860103488232,0.0660749334753865,0.026954087039738,-0.00438295191936235,0,-0.00545577145764134,-0.00291162596836353,0,-0.0104045262796357,0.0580295914663827,0.00233884285949328,0.00246320701124834,0.025797207910773,0,0,0.00229357216742198,-0.0294152548546838,-0.0211996021629338,-0.00662236573176362,0,0.0138510893384949,-0.0113613836258213,0,-0.0258167801813708,0,0.019227309015831,0,0,-0.00624837419254108,0,0,0,0,-0.00675627886221196,0.0295495046958154,0,-0.0142835597689938,0,0.0198464163353346,-0.0125147377126531,0,-0.00502034204725997,0,0,0,0,0,0,0.0426374437274395,-0.0458488915796515,0,0.0248580738572546,0,-0.0242410058556717,-0.0315452665893794,0,0,0,0.00162347474833847,0,-0.0259488857434664,0.0661546785386735,-0.000659331799896965,-0.0066047926718437,-0.00606678390953875,0,0,-0.0326207269461475,-0.0266992871654607,0.00728432320783486,0,-0.0394379971842984,-0.00404470288537852,0,0,0,0,-0.000748885559790531,0.00494301997199489,-0.00485112929813976,0,-0.032698209054135,0,0,0,0,-0.0694950641503304,0,0.0208720275012646,0,0.0244903627068205,0,0,0.0274022134812471,0,0,0.0103584145965197,-0.016967303501269,0,0.00924572250746021,0,0,0,0,0.0100732565382506,0,0,0,0,0,0,0,0,0,0,0,0,0,0,0,-0.0107320170878963,0,-0.00288424881506955,0,-0.0136063580390556,0.0416480903493842,0,-0.0109488730163324,-0.00178702089812727,0,0,0,-0.00476741733671089,0,0.0497629278493185,0,-0.0302565992497273,0.0254980085934096,0,0.0267928158523158,-0.00653946408349694,0.000853904792038185,-0.0226791674675388
-0.0143251850754068,0.0502888021267816,-0.018043793767214,0,-0.0399723103710815,0,0.0544007459678114,0.0111516433625054,0,-0.0269156046682392,0,0,0,0.065628608236423,0.043681508625808,-0.00911584042074359,-0.0317050433816781,-0.00697834005997829,-0.00554522050731671,0,-0.00155848160418566,0,-0.0198998934668143,0,0.00935349197390984,-0.00595941620426361,0,0.0143280467631693,0,-0.0381594228428461,-0.00169518706597711,0,0,0,0,0,0,0,0,0,0,0.0185799360092664,0.0585772004239618,0.0381539224790313,-0.0154646778600031,0.0660811861094446,0.0268082701081872,-0.00455525416638694,0,-0.00601839720104112,-0.00299479906710873,0,-0.0106039157353799,0.0580397278031053,0.00205430751887878,0.00237566567803298,0.0254559788577868,0,0,0.00194709588904729,-0.0303933316225361,-0.0223834496800385,-0.00724360348583706,0,0.0132355345595686,-0.0110530024580297,0,-0.0254274624075562,0,0.0181456501542303,0,0,-0.00604799192047035,0,0,0,0,-0.00715348429848718,0.0295606376149426,0,-0.0141855240703005,0,0.0198010811994818,-0.0122919997642502,0,-0.00465107860212592,0,0,0,0,0,0,0.0430335330963897,-0.0459965055974743,0,0.0242982391148805,0,-0.0240604108610448,-0.03092411329249,0,0,0,0.00216809743254893,0,-0.0258573540501599,0.0664750227913601,0,-0.00605700301478733,-0.00584564839739487,0,0,-0.0330003652716578,-0.0269350306723379,0.00786783969253358,0,-0.0392434297631799,-0.0037512681330536,0,0,-0.000127582498044517,0,-0.00171380088219674,0.00326518129784251,-0.00487876586025008,0,-0.032869264530844,0,0,0,0,-0.0699953837972121,0,0.0203198250133201,0,0.0237219381415201,0,0,0.0266797626400264,0,0,0.0103823296352413,-0.0169287415913063,0,0.00919266783406914,0,0,0,0,0.0102193819210344,-0.0000108453071276819,0,0,0,0,0,0,0,0,0,0,0,0,0,0,-0.01010080132322,0,-0.00245557572371113,0,-0.0145266390081256,0.0416662400807962,0,-0.0114322399565939,-0.00226211268461405,0,0,0,-0.00516793576078196,0,0.0501304121392832,0,-0.0295867172760846,0.0255929607324637,0,0.026433884317168,-0.00710694495137202,0.00109402808636575,-0.0228660226889946
-0.0140218544829595,0.0510652761425832,-0.0188117523120248,0,-0.0402014561662007,0,0.0541993382646507,0.0108468057591995,0,-0.0256441078186219,0,0,0,0.0654391268488354,0.0443053716361251,-0.00959198963274031,-0.0321092752396072,-0.00644417673678613,-0.00587241237276868,0,-0.0018500822193104,0,-0.0198513805863091,0,0.00923565937088724,-0.00590554734150825,0,0.0144287049208269,0,-0.0382686606398763,-0.00102941402932223,0,0,0,0,0,0,0,0,0,0,0.0186056100304518,0.0590341603469645,0.0377767089447707,-0.0152871459879767,0.0660718757357725,0.0264983831308648,-0.00447194627084242,0,-0.00606338682096789,-0.00296194687074803,0,-0.0109475716020996,0.0573657485159826,0.00249317471370918,0.00250869112494254,0.0269111379819234,0,0,0.00212370454059321,-0.0314291096605241,-0.0233009916714339,-0.00720016309451854,0,0.012947602363194,-0.0111977287004211,0,-0.0256099036887185,0,0.0181759004063085,0,0,-0.00685821400790208,0,0,0,0,-0.007669250404172,0.0293345791216434,0,-0.0142599329952147,0,0.019359478424202,-0.0122724094480725,0,-0.00479388260005806,0,0,0,0,0,0,0.0425998367564238,-0.0459968239998688,0,0.0241511010445181,0,-0.0245505312048653,-0.0307258940377233,0,0,0,0.0019698109178702,0,-0.0257061865843817,0.0658157535987476,-0.000194834613897314,-0.00424513420120474,-0.00618481821745551,0,0,-0.0325468272565818,-0.0274555760553814,0.00806131157403807,0,-0.0392420022641743,-0.0031954501435861,0,0,0,0,-0.00213979668444146,0.00374813282289711,-0.00548307339629307,0,-0.0335924554469159,0,0,0,0,-0.0696718857811326,0,0.0224820209961775,0,0.023637235563224,0,0,0.0257683444569957,0,0,0.0102034600732624,-0.0168515238556321,0,0.00894959464421757,0,0,0,0,0.0097106272870001,-0.000261731796291696,0,0,0,0,0,0,0,0,0,0,0,0,0,0,-0.0106157979541415,0,-0.00212726770212884,0,-0.0135835463554179,0.0422474442138874,0,-0.0113825107012939,-0.00297467623841531,0,0,0,-0.0055180679401428,0,0.0502595084752876,0,-0.0294198002127617,0.0246981792784929,0,0.0268010874413723,-0.00694665513191304,0.000945203923073446,-0.0233630743724545
-0.0145899026214054,0.0507454899902097,-0.018225008669594,0,-0.0389298630191105,0,0.0542812698885182,0.0105619827876183,0,-0.0265265002143535,0,0,0,0.065449415815706,0.0436338772952433,-0.00904685511365072,-0.0312115290727562,-0.00640132657289184,-0.00507455052571854,0,-0.00154533618913542,0,-0.0198051671791347,0,0.0089657036512443,-0.00635690881094591,0,0.0144768661336998,0,-0.0381938745741866,-0.00131851849154632,0,0,0,0,0,0,0,0,0,0,0.0183424116946052,0.0584210774497986,0.0382108469556596,-0.0155077076401402,0.0658606939266306,0.0263521278729419,-0.00448205071499222,0,-0.00593074314666486,-0.00301899083547723,0,-0.0115816793561579,0.0573655376861222,0.00247717576524259,0.00242678210965862,0.0258756504465889,0,0,0.00268946612313647,-0.0308583279193994,-0.0234316863438221,-0.00695224965455629,0,0.0132088488459883,-0.0109066313802111,0,-0.0251658973132068,0,0.0176971145756703,0,0,-0.00647831645498265,0,0,0,0,-0.0070620235486541,0.0294127067561404,0,-0.0141084174350131,0,0.0193648333546005,-0.0125608208124979,0,-0.00467772154838265,0,0,0,0,0,0,0.0428181838059392,-0.0457757850089193,0,0.0249656242216551,0,-0.0242301322450084,-0.0309446038235367,0,0,0,0.00254766119680518,0,-0.0256721616704764,0.0662099880336918,-0.0000807162631816799,-0.0052888105824269,-0.00634077790198872,0,0,-0.0325995363080647,-0.0273004846705454,0.00770993295115756,0,-0.0387101763588931,-0.00355674096105938,0,0,0,0,-0.00208979153270697,0.00381417661394659,-0.00494690854821186,0,-0.0328964642908415,0,0,0,0,-0.0693640237110396,0,0.0211549712375027,0,0.023978753907159,0,0,0.0269805978286177,0,0,0.0103244414418807,-0.0166241858181234,0,0.00884938519056903,0,0,0,0,0.00955140824690904,-0.000299933021609446,0,0,0,0,0,0,0,0,0,0,0,0,0,0,-0.00934375056883998,0,-0.00155099595404722,0,-0.0188469739201237,0.0411661204508142,0,-0.0117962300899429,-0.00244958331339313,0,0,0,-0.00535119762764979,0,0.0504407981323796,0,-0.0290522085533393,0.0251768039897009,0,0.027111217238922,-0.00713741332449023,0.00103457688959369,-0.0222950338600599
-0.0138616458844306,0.0508301495180947,-0.0186807700464257,0,-0.0399116542508001,0,0.0546308459136602,0.0105844064279255,0,-0.0274059722627048,0,0,0,0.0662757042189109,0.0435748500005222,-0.00969246829799224,-0.0307830407908724,-0.00671734433605375,-0.00481852752772575,0,-0.00208445597534736,0,-0.0191346622900897,0,0.00876495227105436,-0.00597931173799816,0,0.0146243862075072,0,-0.0386333845697224,-0.000894915584228457,0,0,0,0,0,0,0,0,0,0,0.0184836526741392,0.0581359999718918,0.0379340117759882,-0.014977835643465,0.0657360467124714,0.0265441920694572,-0.00428478567831017,0,-0.00634743382337997,-0.00314806221801229,0,-0.0101770367729083,0.0574875958466929,0.00246943115672745,0.00257997552536438,0.0261279347780041,0,0,0.00267799377354329,-0.0308947915346489,-0.0216800236649638,-0.0069690740301159,0,0.0133768140373388,-0.0107966311342668,0,-0.0255527195240836,0,0.0180001226655578,0,0,-0.0059176215508659,0,0,0,0,-0.00727198938305281,0.029390786041736,0,-0.0140373227104028,0,0.0192655851568978,-0.0127232371931477,0,-0.00477736330226878,0,0,0,0,0,0,0.0429987327634663,-0.045918047572946,0,0.0253960587098469,0,-0.0240704349216954,-0.0308602282606185,0,0,0,0.00129413013697766,0,-0.0257686576927223,0.0663251749112752,0,-0.00528133742554975,-0.00685192549303465,0,0,-0.0324822334740805,-0.026925656177087,0.00694227305047005,0,-0.0383459243358716,-0.00329792359903056,0,0,-0.000430563910410642,0,-0.00142621558587742,0.00249464208828733,-0.00502119413697994,0,-0.0330465125228996,0,0,0,0,-0.0694405706919341,0,0.0212874512347622,0,0.0243684130743778,0,0,0.0264613412804889,0,0,0.0103321522431905,-0.0172336046234974,0,0.00961162684059732,0,0,0,0,0.00956444140509598,-0.000251168353732488,0,0,0,0,0,0.0000471646767285201,0,0,0,0,0,0,0,0,-0.00998689983291504,0,-0.00221100210858405,0,-0.0129638536829748,0.0420133285946333,0,-0.0115338269185343,-0.00160619195034778,0,0,0,-0.00485874900840827,0,0.0497410291639304,0,-0.0292920318096582,0.0290405023986243,0,0.027685125518332,-0.00682206958384263,0.00154724148833073,-0.0231393663449444
-0.0152163456543295,0.050210059086159,-0.0178920933420506,0,-0.0426123590983261,0,0.0534909160195822,0.0131248176106594,0,-0.0285046653763301,0,0,0,0.0667142609173654,0.0441213748738689,-0.0077910656432891,-0.0312669765102616,-0.00577700239654456,-0.00433339696438058,0,-0.000857995227990964,0,-0.0214480727385472,0,0.00959206811776927,-0.00596115384606801,0,0.0146148157979739,0,-0.0374975493063575,-0.00104070325832331,0,0,0,0,0,0,0,0,0,0,0.0193439136945179,0.0580048002869446,0.0384212448996984,-0.0156148637313221,0.0656925082911628,0.0270810230427708,-0.00441756848183025,0,-0.00553671193378636,-0.00315770174129301,0,-0.0114003161590562,0.0586330714940757,0.00157534203356716,0.000956223067081815,0.0281578056517837,0,0,0.00200883998865594,-0.0309562522462756,-0.0206063709746161,-0.00754039746220118,0,0.0134761275574994,-0.0112351938069965,0,-0.0260636568313136,0,0.0185535661486094,0,0,-0.00523827437054887,0,0,0,0,-0.00641894659417365,0.0295028265746152,0,-0.0138031974581803,0,0.0200998310731689,-0.0104827956773069,0,-0.00574965326453115,0,0,0,0,0,0,0.0429231847138195,-0.0441865755880375,0,0.0259266850667947,0,-0.025014687908713,-0.0363053135958948,0,0,0,0.00274933265684085,0,-0.025394411907439,0.0673697062939796,0,-0.0085517496929599,-0.00771544468684558,0,0,-0.0338838996470243,-0.0271701633743609,0.00848852655293104,0,-0.0388811607179431,-0.00512881284957178,0,0,0,0,-0.000594744678956873,0.00480574575739743,-0.00483731365186734,0,-0.0348603273877478,0,0,0,0,-0.0708497900875571,0,0.0205265863222398,0,0.0251674090595032,0,0,0.0265705938534058,0,0,0.00986736834242872,-0.0154730915839901,0,0.00843194746904482,0,0,0,0,0.0101152883058967,-0.000357539937603535,0,0,0,0,0,0,0,0,0,0,0,0,0,0,-0.00955412257813942,0,-0.0016056839184138,0,-0.0142863803222938,0.0409856977467038,0,-0.0103789575467825,-0.00198783030341843,0,0,0,-0.00547180327018259,0,0.0502719578944402,0,-0.0295577495402143,0.0259480008032628,0,0.0270444731132532,-0.00640458157191681,0.00108401263019242,-0.0210793366527895
-0.0141291634497719,0.0501127686178738,-0.0178149792294919,0,-0.0401788353957232,0,0.053658179660699,0.0108124771519787,0,-0.0271920236382787,0,0,0,0.0662558155714714,0.0441945341049071,-0.00934175943634021,-0.0321740603421469,-0.00736068197976283,-0.00527432770726531,0,-0.00159130444789783,0,-0.0205589677128823,0,0.0097063572405545,-0.00566463327547392,0,0.0141749170270912,0,-0.0384778859311699,-0.00211318104332419,0,0,0,0,0,0,0,0,0,0,0.0190622906281618,0.0587410088348085,0.0388194090184119,-0.0151585928785104,0.0666839081709765,0.0271706805709641,-0.00460066573826032,0,-0.00519482660547952,-0.00285803661539912,0,-0.00991351894769287,0.0585512455136339,0.00236412446810798,0.00191021604493146,0.0250254597027543,0,0,0.00187107884989587,-0.0307856425807788,-0.0222422580438889,-0.00730064057835838,0,0.0134266957920872,-0.0111669071092851,0,-0.0264045741751428,0,0.0183427310125162,0,0,-0.0064037619103875,0,0,0,0,-0.00705630543799275,0.0294210493632596,0,-0.0141613887217839,0,0.0197973326601899,-0.0123140498776918,0,-0.00432105200213706,0,0,0,0,0,0,0.0429096876720528,-0.0455036126473244,0,0.0246905203105621,0,-0.0243709232065268,-0.0310739762649819,0,0,0,0.00193452029380036,0,-0.0257430853488926,0.0677600077970876,0,-0.00566981578991676,-0.00616953647837566,0,0,-0.0327627605847856,-0.0269145528894257,0.00809939224742816,0,-0.0397086498594126,-0.00407679914559046,0,0,0,0,-0.00197568327850223,0.00371387415479773,-0.00479231040457847,0,-0.0330211881499864,0,0,0,0,-0.0702665408282284,0,0.0207485398110835,0,0.0235968856042894,0,0,0.0273964559188978,0,0,0.0098889055853579,-0.0171494513399148,0,0.0096711804312947,0,0,0,0,0.0103578435376483,0,0,0,0,0,0,0,0,0,0,0,0,0,0,0,-0.0107028348640339,0,-0.00329096900446285,0,-0.0146966099697156,0.0435750694421685,0,-0.0108743859193458,-0.00216609161017418,0,0,0,-0.00519508557803796,0,0.0505498351146091,0,-0.0298307472386482,0.0259710157901656,0,0.0265204302033246,-0.00699108471407624,0.00122246509998249,-0.0228760017277092
-0.0138370849094946,0.0507990849154696,-0.0179039122059086,0,-0.0389409402183712,0,0.0536846745363126,0.0105267478307549,0,-0.0269705684208605,0,0,0,0.0658800731247283,0.0439381102454235,-0.00917038598163481,-0.0319500910131984,-0.00732455324170657,-0.0052229960986512,0,-0.0020073675616893,0,-0.019950093118972,0,0.00937298237119544,-0.00574431059331114,0,0.0141224238772303,0,-0.0383836097381748,-0.00209636168225566,0,0,0,0,0,0,0,0,0,0,0.0184304149193073,0.0590171347131116,0.0385278662259368,-0.015040945048128,0.0663173354391369,0.0265832272968917,-0.00475112264119725,0,-0.00641670551358109,-0.00289742322806107,0,-0.0107809967134616,0.0582917505576638,0.002909910990681,0.00254524552296329,0.0247907168620844,0,0,0.00216669551121265,-0.0302655119618485,-0.0225894391232826,-0.00711696124950295,0,0.0131350755486962,-0.0112283369226999,0,-0.0262168741029512,0,0.0187642282230801,0,0,-0.00619803701391143,0,0,0,0,-0.00540553824876236,0.0293367260266644,0,-0.0142274003091536,0,0.0196883822529709,-0.0128538784400215,0,-0.00500026584881328,0,0,0,0,0,0,0.043240100537343,-0.0459749337787996,0,0.0249039271736354,0,-0.0243770925935704,-0.0309201645599908,0,0,0,0.00119439411153866,0,-0.0255317696373206,0.0668073591894021,0,-0.00293380432280296,-0.00579205317030651,0,0,-0.0325948920792991,-0.0273970831763972,0.00778804469317135,0,-0.0394330180335795,-0.00380561354289661,0,0,-0.000026616425837425,0,-0.00188793249893221,0.00313191489206225,-0.00454195906734903,0,-0.0328427552642474,0,0,0,0,-0.0705044750255824,0,0.0199291354280508,0,0.0239237724918046,0,0,0.0270864469036286,0,0,0.0105611329049285,-0.0163376657451313,0,0.00990583980048446,0,0,0,0,0.0100784359841564,-0.000261035788162864,0,0,0,0,0,0,0,0,0,0,0,0,0,0,-0.0104567910803945,0,-0.00285903917741563,0,-0.0149087210431059,0.0425174798509252,0,-0.0114656137662435,-0.00193540695371199,0,0,0,-0.00514141327475631,0,0.0499261164587107,0,-0.0295484817268093,0.0254969569488405,0,0.0261749906140519,-0.00748540586865062,0.00240562976414028,-0.0225814954703239
-0.0145940572163338,0.0506017617661598,-0.0184801558428087,0,-0.0396623564373033,0,0.0539594322685638,0.0105424002755251,0,-0.0269054335809849,0,0,0,0.0661389731349565,0.0433520332215554,-0.0086752086258135,-0.0320858548770081,-0.00636912119267028,-0.0049946045840175,0,-0.00126993768040947,0,-0.0199748770008508,0,0.00917091708937524,-0.00579818205465584,0,0.0145089587226653,0,-0.0380466212925882,-0.00119657993738774,0,0,0,0,0,0,0,0,0,0,0.0187003591807411,0.0578495045895961,0.0378762320541348,-0.0149244868619537,0.0661338774688318,0.0268886589547943,-0.00456729666545995,0,-0.00580214642715223,-0.00308038680476265,0,-0.0105983898379517,0.0576074563680984,0.00238571033595568,0.00220209152106482,0.0254523414180432,0,0,0.00212407051337569,-0.0307320363022817,-0.0225936314428666,-0.00665057688495866,0,0.0129917582154341,-0.0108771761767937,0,-0.0249854473795687,0,0.0182682775368127,0,0,-0.00637080412905377,0,0,0,0,-0.00664090391368549,0.0292473849097526,0,-0.0140993448185114,0,0.0196707107877057,-0.0124155751074267,0,-0.00471103513541658,0,0,0,0,0,0,0.0428299637189804,-0.047437418285255,0,0.0247836514168791,0,-0.0243477352897495,-0.0305849066227739,0,0,0,0.00215093742779982,0,-0.0256103254689186,0.0665556001016624,0,-0.00595206569223757,-0.00658495816009385,0,0,-0.0327428670800113,-0.0280832662271576,0.00753180833160877,0,-0.0387841705973736,-0.00409354574548485,0,0,0,0,-0.00160034728094925,0.00273115063674017,-0.00471148360131852,0,-0.0326042335660959,0,0,0,0,-0.0696471764872231,0,0.0204549613408424,0,0.0238361283660646,0,0,0.0270330818269267,0,0,0.0105012893457682,-0.0165812850486041,0,0.00877133349837308,0,0,0,0,0.00978699912114105,-0.0000118853051436848,0,0,0,0,0,0,0,0,0,0,0,0,0,0,-0.00926287377715098,0,-0.00148034039166313,0,-0.0144437265638911,0.0423722628133245,0,-0.011338683548089,-0.00244499711215452,0,0,0,-0.00496597030600199,0,0.0504508818861407,0,-0.0296324575628882,0.0257216048298262,0,0.0270311641760667,-0.00674469537136794,0.00105328967145704,-0.0226228224562272
-0.0156822301235287,0.0498080072514505,-0.0188828492502234,0,-0.0389577153363766,0,0.0548061986410151,0.0102594648953098,0,-0.027001772292591,0,0,0,0.0657603188465751,0.0422113272477749,-0.0150412378006494,-0.0362863230466512,-0.00464339547696701,-0.00509192779414682,0,-0.000381762715390089,0,-0.0200337031487812,0,0.0104661958742338,-0.00669785218342046,0,0.0143979195189149,0,-0.0381995278996615,-0.000691858620575028,0,0,0,0,0,0,0,0,0,0,0.0180830421047706,0.0591145137642428,0.0383777861538565,-0.0156870671352812,0.0665196395590653,0.0269731096697427,-0.00387522389721177,0,-0.00522528269566385,-0.00295297190256786,0,-0.00846970121615177,0.0575733016011502,0.00171928425735781,0.00195344689333244,0.0255760598815577,0,0,0.00195570376614077,-0.0306730279334018,-0.0233113427682443,-0.00553911140806158,0,0.0142609720299129,-0.0100929873714712,0,-0.0253566989879783,0,0.0171642680669342,0,0,-0.00679259999270415,0,0,0,0,-0.0113336663080635,0.0293974058539242,0,-0.0144659116709068,0,0.019300281970632,-0.00955036579094574,0,-0.00605832721516003,0,0,0,0,0,0,0.0440016811058243,-0.0484732924209577,0,0.0250646888380858,0,-0.0233868622065738,-0.0293315836319802,0,0,0,0.00221898547941019,0,-0.0269543049226781,0.0678611455225413,0,-0.00337579973474998,-0.00477170227262245,0,0,-0.0350658085564136,-0.0255655542789748,0.00805730679677078,0,-0.0386264026220755,-0.0034607427851238,0,0,-0.0000712985590587489,0,-0.00057585358624835,0.00108459354736118,-0.00312186764049844,0,-0.0336478084465185,0,0,0,0,-0.0698634804658486,0,0.0219302438766597,0,0.021760815955159,0,0,0.0261664150958106,0,0,0.0100786914547664,-0.0164238068419915,0,0.00825102677121838,0,0,0,0,0.00903702427115097,-0.000298713739078983,0,0,0,0,0,0,0,0,0,0,0,0,0,0,-0.00693645551528599,0,-0.00059028520869203,0,-0.0145185707913974,0.039784080883343,0,-0.00968351864157468,-0.00273542238580318,0,0,0,-0.00631361151162166,0,0.0518943679045342,0,-0.0298655090446075,0.0271426270165285,0,0.0264463452309403,-0.00590342850615428,0.00123642614685944,-0.0237462420899108
-0.0143658756126755,0.0505924464743714,-0.0181288001528209,0,-0.0399738710357112,0,0.0541087125977389,0.0107640412569082,0,-0.026793108062092,0,0,0,0.0664078358168339,0.0439109648842573,-0.00958601378609311,-0.0315969108611218,-0.00678215756645771,-0.00499922742180899,0,-0.00116481486490762,0,-0.0200468796390579,0,0.00909970586963825,-0.0060086614995585,0,0.0144318582669717,0,-0.0383177884854041,-0.00148778517583885,0,0,0,0,0,0,0,0,0,0,0.0185829540602822,0.0581704809240023,0.0382280379516037,-0.0150052008042086,0.0661753525054029,0.0268229657352048,-0.00456223898524086,0,-0.0059398613659124,-0.00302260288777128,0,-0.0104966863768775,0.0578883688081923,0.00240069532608622,0.00242689444165262,0.0254396310196736,0,0,0.00224054360627893,-0.0308839578171842,-0.0226454183572942,-0.0068061486518041,0,0.0131583255578721,-0.0110063026539225,0,-0.0255559950302448,0,0.0182721337630258,0,0,-0.00592637360075304,0,0,0,0,-0.00689053047436076,0.0293837584080789,0,-0.0141599909391141,0,0.0194635411707089,-0.0125124167211982,0,-0.00471546016913282,0,0,0,0,0,0,0.0426730002967516,-0.0451987760303344,0,0.0247969507982131,0,-0.0243624345029962,-0.030944892169519,0,0,0,0.00221336186637161,0,-0.0256162239870341,0.0663650500517133,0,-0.00611212226806946,-0.0065175925267514,0,0,-0.0325055862371066,-0.0271573186373934,0.00749216471223057,0,-0.038971181722944,-0.00395636093386685,0,0,-0.0000725885730874946,0,-0.00162771126494612,0.00301913311729868,-0.00496035818090239,0,-0.0324787549985538,0,0,0,0,-0.0698136002140667,0,0.0207396042660329,0,0.0243007780429007,0,0,0.0272064712217831,0,0,0.0101619815489227,-0.0166561393379841,0,0.00916352759145241,0,0,0,0,0.00997669545106894,0,0,0,0,0,0,0,0,0,0,0,0,0,0,0,-0.0101310873649207,0,-0.0023552162803022,0,-0.0144305011700105,0.0419483624364649,0,-0.0112323904641326,-0.00214062999099223,0,0,0,-0.00518087654009372,0,0.050496733233672,0,-0.029609310588654,0.0257139882325681,0,0.0271966966772899,-0.00708023523271645,0.00111325913445798,-0.022457246131403
-0.0141964003711072,0.0507283302583402,-0.0181415914575212,0,-0.0396925451952973,0,0.0545010462541607,0.0108768799562573,0,-0.026930083959809,0,0,0,0.0658902073169783,0.043866057037509,-0.00915889146770416,-0.0315492302003149,-0.00691014045633746,-0.00523973260360139,0,-0.00127952246374777,0,-0.0201155793344835,0,0.00902713219579705,-0.006149782048012,0,0.0144201233600568,0,-0.0383864741830595,-0.00154658055478979,0,0,0,0,0,0,0,0,0,0,0.018746786427455,0.0580371220617959,0.0384082602227752,-0.0152409027461734,0.0661107187887207,0.0267889134626165,-0.00456626054406558,0,-0.00589822902430327,-0.00307171122264666,0,-0.010563561972857,0.0580341944194369,0.00247561926198716,0.00245975075570585,0.0252465473242366,0,0,0.00208921469308678,-0.0306674737520702,-0.0229727605419006,-0.00715311874993708,0,0.0131702162575204,-0.0110230041848958,0,-0.0257061982523743,0,0.0184040130194032,0,0,-0.00587467301563943,0,0,0,0,-0.00687942506560438,0.0293649635903154,0,-0.0141458218704085,0,0.0194495356808194,-0.0124701980708144,0,-0.00504000503096648,0,0,0,0,0,0,0.0427426009904744,-0.0456460333276789,0,0.0247930701031555,0,-0.0241308838665297,-0.0309513291355408,0,0,0,0.00220361346732086,0,-0.025768923892164,0.0663501769005911,0,-0.00657072677337802,-0.00592394313928938,0,0,-0.0326610263074044,-0.0269926403063317,0.0075894413580246,0,-0.0392161482422721,-0.00410613109725083,0,0,-0.0000635071374027761,0,-0.00193640773944633,0.0034387604108371,-0.00498076270483793,0,-0.0324351010237468,0,0,0,0,-0.069476528980021,0,0.0200387006888625,0,0.0239683890081907,0,0,0.026793941964709,0,0,0.010101643957344,-0.0168340047532525,0,0.00908267370458377,0,0,0,0,0.0100227460116038,-0.00004734375815915,0,0,0,0,0,0,0,0,0,0,0,0,0,0,-0.0102088892017068,0,-0.00259942262429481,0,-0.0145941140181252,0.0426958311764168,0,-0.0113486545346921,-0.00235931607687869,0,0,0,-0.00514357334845487,0,0.0500552122067404,0,-0.0295451118871204,0.0255541475726999,0,0.0267966195372409,-0.0067470808432687,0.00117706374993623,-0.0228830078755175
-0.0136857082761491,0.0500006860893362,-0.0174730994220191,0,-0.0385265773459245,0,0.0554108597543471,0.0113067148328946,0,-0.0264713607619581,0,0,0,0.0658438289300167,0.0440972701385586,-0.00747636771450402,-0.0313833428099417,-0.00727626610548149,-0.00520467735015251,0,-0.00199343589405334,0,-0.0202330273332078,0,0.00945738595980928,-0.00596048908586492,0,0.0142629267473055,0,-0.0382593033709201,-0.00191023832397998,0,0,0,0,0,0,0,0,0,0,0.0190104600179225,0.0566149834863149,0.0381993760315209,-0.0151359389081247,0.0662890390202149,0.0270499656614589,-0.00464665568734167,0,-0.00544665869109438,-0.00302161793876209,0,-0.0112910134093216,0.0583602382803498,0.00255768378859387,0.0021867005818067,0.0264346487578605,0,0,0.00204536188094455,-0.0317926941281668,-0.0240153195101635,-0.00707965679786545,0,0.0130126487693111,-0.010986134142084,0,-0.0266280370052672,0,0.0190230998513995,0,0,-0.0054622721778856,0,0,0,0,-0.00469395594072008,0.0291332286269649,0,-0.0139354765473668,-0.0000243240964119979,0.0198521429606518,-0.0113664912168437,0,-0.00475909753909853,0,0,0,0,0,0,0.0442114186506045,-0.0461365695856056,0,0.0250687307089588,0,-0.0240521865284985,-0.0314634608073423,0,0,0,0.00170882967833005,0,-0.0260076300593171,0.0668194139202584,-0.000128514455429976,-0.00594045973973768,-0.00682496258865978,0,0,-0.0327812282089889,-0.0259308855357974,0.00770440713169484,0,-0.0398518683463437,-0.00335391306215354,0,0,-0.000532966330070515,0,-0.000879142285725878,0.0020570288896754,-0.00508723538485542,0,-0.0333240664642682,0,0,0,0,-0.0698534162437929,0,0.0205290317965689,0,0.0232509243721844,0,0,0.0271752489264317,0,0,0.00992245617052287,-0.0174583170849845,0,0.00928778735942823,0,0,0,0,0.0095087753610657,0,0,0,0,0,0,0,0,0,0,0,0,0,0,0,-0.0117004262202306,0,-0.00346374407441738,0,-0.014571714550468,0.0440225121214334,0,-0.0117099999268561,-0.00258497892857372,0,0,0,-0.00524899272438547,0,0.0494728852607649,0,-0.0297493770882753,0.0259126849728518,0,0.0270482211555789,-0.00587237011712275,0.000981852586406184,-0.0238015263837256
-0.0150208595264725,0.0511589934752195,-0.0184637833287538,0,-0.0396235364056907,0,0.0538345746724543,0.0102344531892833,0,-0.027238343262445,0,0,0,0.0653884700352203,0.0429967131228224,-0.00921076413083025,-0.0313231957131763,-0.00654921806433439,-0.00538122910631435,0,-0.00152919703371147,0,-0.0198600352928958,0,0.00918444984764306,-0.0063325544446819,0,0.0144993230300685,0,-0.0385483073850585,-0.000914513381264756,0,0,0,0,0,0,0,0,0,0,0.018536972731314,0.0587872455120605,0.0380144852999629,-0.0154231445161392,0.0656644625581332,0.0271125305297445,-0.00453192681608486,0,-0.00564268668954838,-0.00320163985305756,0,-0.00940586618521845,0.058106234995356,0.00294857336473867,0.0016490064587199,0.0253750083561994,0,0,0.00196426992809,-0.0297608356192533,-0.0223285589171962,-0.00719988936373847,0,0.0140672095038025,-0.0109581987150153,0,-0.0247532392512028,0,0.0175047698664278,0,0,-0.00656752184553531,0,0,0,0,-0.0124092160494316,0.0299794817157849,0,-0.0135547338390396,0,0.0194573856482808,-0.0115127139354506,0,-0.00358298811353346,0,0,0,0,0,0,0.0431671777015414,-0.0505826755714875,0,0.0244576204210851,0,-0.0236590338147125,-0.0304194949687177,0,0,0,0.00163586432625162,0,-0.0253044846172122,0.0664626253956479,0,-0.00557710011193814,-0.00647149700523797,0,0,-0.0331530948522614,-0.0261453580655192,0.00770459631549858,0,-0.0390600570707276,-0.00368523175668334,0,0,0,0,-0.00249956879222287,0.00322307965571634,-0.00488069963766938,0,-0.033323201817263,0,0,0,0,-0.0697744776281349,0,0.0198837807394644,0,0.0240036713351238,0,0,0.0265920526489912,0,0,0.0101291980211314,-0.0184889746134558,0,0.00843078560319417,0,0,0,0,0.0106147668079006,0,0,0,0,0,0,0,0,0,0,0,0,0,0,0,-0.0091849884831893,0,-0.00104947702178294,0,-0.015202424447481,0.0415422515496347,0,-0.0116585302539397,-0.00209945256603713,0,0,0,-0.00515951919673541,0,0.049782841052517,0,-0.0289419981110971,0.025205908701946,0,0.0272087909290227,-0.00691389858785391,0.00129077007674644,-0.0229575915082396
-0.0152090260641886,0.0511342608558588,-0.0195686379604108,0,-0.0398633326305717,0,0.0547772564263161,0.0111723464136874,0,-0.0270452185736997,0,0,0,0.0663106772554764,0.0435275771223918,-0.012129852986275,-0.0319691087208534,-0.00680873822660948,-0.00549198949189449,0,-0.000803703192658026,0,-0.0198651531084417,0,0.00949190796066951,-0.00675754679593633,0,0.0141844353987988,0,-0.0379991012998965,-0.00121180864919829,0,0,0,0,0,0,0,0,0,0,0.0183779920243757,0.0595928096531889,0.0382520397876678,-0.0154585651739958,0.0651950727057283,0.0269435888718569,-0.00427958705499759,0,-0.00546071510307076,-0.00310592710064298,0,-0.00850710073856812,0.0575605367242881,0.00245052497722363,0.00189761836583416,0.0269535758024511,0,0,0.00228838866813176,-0.0303136691356315,-0.0209138184598519,-0.00773684513685847,0,0.0125406774180156,-0.0112861537129364,0,-0.0252108619333114,0,0.0185433920900319,0,0,-0.0059084274976004,0,0,0,0,-0.0086082466723103,0.0300526118513536,0,-0.0140437180966342,0,0.0199056746682704,-0.0139962041456567,0,-0.00580554707674251,0,0,0,0,0,0,0.0423412386172246,-0.0482596107262242,0,0.0247750336963636,0,-0.0240759424221818,-0.0316644048509079,0,0,0,0.00190599659254363,0,-0.0253467495442179,0.067003988904251,0,-0.00695825204654734,-0.00563597936572469,0,0,-0.0331780998034933,-0.0258591532866067,0.00754644742212202,0,-0.0391808506458051,-0.004292685465921,0,0,0,0,-0.00190533099824195,0.00456385939444982,-0.00366839411766189,0,-0.0342286155912699,0,0,0,0,-0.0693656342832386,0,0.0206803159614597,0,0.0249944097559639,0,0,0.0260520058404667,0,0,0.0104454003685169,-0.0173460090066914,0,0.00911884608922937,0,0,0,0,0.0103729839672296,0,0,0,0,0,0,0,0,0,0,0,0,0,0,0,-0.00903166932520071,0,-0.00175774744229176,0,-0.0143216854500795,0.0414924526046517,0,-0.0120949166358148,-0.00270050508110073,0,0,0,-0.00453176269870882,0,0.0496651715220087,0,-0.0293608316351573,0.0259547400795801,0,0.0266233859886799,-0.00687960876017425,0.000986172095566297,-0.0232457139039226
-0.0144649947220277,0.0504780772455841,-0.0180424791412249,0,-0.0399768331284691,0,0.0544072472590777,0.0108386329750596,0,-0.0270226175474857,0,0,0,0.066252125549105,0.0439945584951316,-0.0091060468474683,-0.0319925844641667,-0.00683130363796405,-0.00519287307936842,0,-0.00119291341018663,0,-0.0201421064200578,0,0.00930036659140107,-0.00583408624924389,0,0.0143515526786699,0,-0.0382614797964266,-0.00173793628983121,0,0,0,0,0,0,0,0,0,0,0.0187803553642534,0.0583094668461734,0.0383377523363557,-0.0148728977974723,0.0662684132977029,0.0269576699050602,-0.00460799441715805,0,-0.00586681387628018,-0.00301572780631138,0,-0.0104560740402263,0.0577991914180071,0.00236072909198907,0.00242974770987167,0.0252564890010565,0,0,0.0020990241536259,-0.0306367546380672,-0.0224582088426224,-0.00690511402204111,0,0.0131559902210863,-0.0109833189531732,0,-0.0253686918002991,0,0.0184188815459826,0,0,-0.00598885418598425,0,0,0,0,-0.00710443498831604,0.0294958181693603,0,-0.0141726164832183,0,0.0197031636046714,-0.0123896805664545,0,-0.00494883889911181,0,0,0,0,0,0,0.0425836228029268,-0.04548185557099,0,0.02469379559754,0,-0.0243926806025053,-0.0310146936591507,0,0,0,0.00203269393494043,0,-0.0267448341198847,0.0663792074438747,-0.000104807977092618,-0.00598883665450198,-0.00662660053709868,0,0,-0.0326033230377748,-0.0270504015517703,0.00767021590538758,0,-0.0392334839468918,-0.00405470859978745,0,0,0,0,-0.00166088505298771,0.00334365113086488,-0.00480125304364157,0,-0.0325776658143753,0,0,0,0,-0.0699242995536126,0,0.0206902313189057,0,0.0240705777925805,0,0,0.0273260422059328,0,0,0.0102964381755525,-0.0168668332548281,0,0.00912618347109943,0,0,0,0,0.0101249766228187,0,0,0,0,0,0,0,0,0,0,0,0,0,0,0,-0.0102253598497295,0,-0.00231399787963294,0,-0.0144951430726876,0.0421589441966771,0,-0.0109775425739382,-0.00229209040803793,0,0,0,-0.00499610716973317,0,0.0505820142960257,0,-0.029607759089338,0.0258228878801133,0,0.0268807320636773,-0.00693387317196093,0.00118806151697777,-0.0224386258247557
-0.0142934358115329,0.0505567084969191,-0.0182050222914382,0,-0.0401532046316312,0,0.0541980368326586,0.010861549159441,0,-0.0268495422382963,0,0,0,0.0659116850471657,0.0439753501793524,-0.00916311261610892,-0.0317649260512213,-0.00683855576007142,-0.00528310161311987,0,-0.00160428674972811,0,-0.0201452705451475,0,0.00937266272291277,-0.00579449371553742,0,0.0143903058204334,0,-0.0381935769498486,-0.00155353145758893,0,0,0,0,0,0,0,0,0,0,0.018622703709741,0.0581545053749018,0.0383015526265651,-0.0148693240094796,0.0660379275713581,0.0269240445605901,-0.00461607327752396,0,-0.0061423342436314,-0.00297205728826774,0,-0.0101750046656445,0.0581430659661052,0.00212008085396249,0.00248673950344786,0.0251533293591102,0,0,0.00206202386280626,-0.0307259816800362,-0.0224192931915877,-0.00699034803825186,0,0.0131316464485022,-0.0110629997703456,0,-0.0256709184745155,0,0.0180188094392835,0,0,-0.00599910824744563,0,0,0,0,-0.00709282218056113,0.029489903742158,0,-0.014179272409243,0,0.0195129006113966,-0.0121529837316718,0,-0.00497543952275974,0,0,0,0,0,0,0.0429302299429121,-0.0454080897610592,0,0.0245856753188416,0,-0.0243868253395571,-0.0306912133012934,0,0,0,0.00224582831409033,0,-0.0256535208925103,0.0667377234638118,0,-0.00619220915995846,-0.00626184509211568,0,0,-0.0327135908966862,-0.0272850233834497,0.0078064080814475,0,-0.0389117444412315,-0.003710859099399,0,0,0,0,-0.00134483008915811,0.00300229458575298,-0.00483396285421988,0,-0.0326974066451169,0,0,0,0,-0.0698592180591272,0,0.0221640530981907,0,0.0238260542912283,0,0,0.0268486153493052,0,0,0.0102764780013821,-0.0167231214481628,0,0.00916363743404465,0,0,0,0,0.0097510622499283,-0.0000542022373693754,0,0,0,0,0,0,0,0,0,0,0,0,0,0,-0.0101499161720105,0,-0.00212043298427454,0,-0.0147204894565731,0.042235417861743,0,-0.0110477560374981,-0.00257950190397913,0,0,0,-0.00529869563794149,0,0.0504593075568415,0,-0.02957119546274,0.0256937795732411,0,0.0267454787693712,-0.00686946253073599,0.00125287867375825,-0.0230759183357092
-0.0147292443789666,0.0508489553686974,-0.0182628683694653,0,-0.0391275579718637,0,0.0542601340597287,0.0108272375511987,0,-0.0271674973686927,0,0,0,0.0654801006387323,0.0440460636095899,-0.00838924572884787,-0.0331661147134425,-0.00697510675954875,-0.00538540187260585,0,-0.00112097377074479,0,-0.0199721561962139,0,0.00940942101692922,-0.00556929887843431,0,0.0144028193563909,0,-0.0381819629671795,-0.00155560499781642,0,0,0,0,0,0,0,0,0,0,0.0188255453875732,0.057762491770805,0.038470205675519,-0.0154374862758594,0.0664148533334597,0.0267184202154061,-0.00456690950320379,0,-0.00554152094948861,-0.00305617823439836,0,-0.011656341858236,0.0582864363272067,0.00274589143666258,0.00191267512017361,0.0258131536278408,0,0,0.00185719151860552,-0.0306495607748468,-0.0220738061706086,-0.00721527035867839,0,0.0133495996808093,-0.011003070249153,0,-0.0255000116811319,0,0.0178801385156291,0,0,-0.00739210508063604,0,0,0,0,-0.00867627170419435,0.0296623236484879,0,-0.0141585334470573,0,0.0193684515568097,-0.0129354179778918,0,-0.00416540583237745,0,0,0,0,-0.00154654979924778,0,0.0426660090278041,-0.0450104857007165,0,0.0245889060368952,0,-0.024260517338507,-0.0311751753584072,0,0,0,0.00237152040248167,0,-0.0257413143041646,0.06696610478154,0,-0.00586889300275145,-0.00634358692672639,0,0,-0.0326750773273039,-0.0268008015122114,0.00752101065414799,0,-0.0386686410914247,-0.00351909687719973,0,0,0,0,-0.00157713734116441,0.00331367862106985,-0.00499834140176517,0,-0.0326642628745509,0,0,0,0,-0.0698304006144586,0,0.0201839323645669,0,0.0240221382984141,0,0,0.0270011520705629,0,0,0.0101353096782075,-0.0167876341801499,0,0.00925879299199906,0,0,0,0,0.00988400327270982,-0.000385056427057741,0,0,0,0,0,0,0,0,0,0,0,0,0,0,-0.0101041001160176,0,-0.00252385630036231,0,-0.013685239255051,0.0419058177072852,0,-0.0108273615301459,-0.00220392973434486,0,0,0,-0.00545455023601084,0,0.0502891849061263,0,-0.0294282220830268,0.025928290499485,0,0.0270954072361003,-0.00699796747183608,0.00121935725523575,-0.0223917044884105
-0.0141034411360042,0.0504401728380309,-0.0179850537243802,0,-0.0399452132951048,0,0.054126763456435,0.0109154581526431,0,-0.0265944559160828,0,0,0,0.065769603659486,0.0440258980023912,-0.00932005506377073,-0.0311045349627478,-0.00710396970807283,-0.00492813468615691,0,-0.00133433690989886,0,-0.0202320615457331,0,0.00951023462092371,-0.00556755713725465,0,0.0144471026951172,0,-0.0383380040702531,-0.00164843687530156,0,0,0,0,0,0,0,0,0,0,0.0186785651537815,0.057526364460734,0.0382958392819675,-0.0148088253342089,0.0668524197481684,0.0268948667370411,-0.0047100642053424,0,-0.00558471967643046,-0.00303088417508708,0,-0.0101061744125983,0.0581378172385922,0.00228600947242887,0.00263323392909864,0.0250109433710672,0,0,0.00219741646036344,-0.0311011294257964,-0.023233549054146,-0.00690996460097504,0,0.0130933017637782,-0.0100953528438501,0,-0.0255493583456048,0,0.0180738891402898,0,0,-0.00585087668251539,0,0,0,0,-0.00714069441768962,0.0294161372224161,0,-0.0140953095052648,0,0.0195387336876421,-0.0115842656326962,0,-0.00417726803172379,0,0,0,0,0,0,0.0430969814512723,-0.0459508037915484,0,0.024659093168193,0,-0.0244297912482392,-0.0312337651224259,0,0,0,0.00176812952364702,0,-0.0257129056900631,0.0663826724666259,0,-0.00615403250052432,-0.0058898065849688,0,0,-0.0326511938266061,-0.0272342362894814,0.00781751421088405,0,-0.0388907686613081,-0.00336396088135948,0,0,0,0,-0.00105291528949229,0.00251688028590478,-0.00510486520957023,0,-0.0329059079259749,0,0,0,0,-0.0701399150896262,0,0.0211572810384158,0,0.0239563821556309,0,0,0.0275461221543886,0,0,0.0102850790240045,-0.016342561535113,0,0.00937244144739953,0,0,0,0,0.00999830258244182,-0.000437993708055849,0,0,0,0,0,0,0,0,0,0,0,0,0,0,-0.00982721632728195,0,-0.00208849621465112,0,-0.0146821102488221,0.0422776433749999,0,-0.0112917951900919,-0.00290919294350796,0,0,0,-0.00524225001999877,0,0.050237838066192,0,-0.0294799735216546,0.0252780119800048,0,0.0270328092817871,-0.00703926555991765,0.00123377699772295,-0.0224984128200946
-0.0139511806197687,0.0505536323822207,-0.0185911908081112,0,-0.0403612792937505,0,0.0541888992664056,0.0106937992478849,0,-0.0268710059904775,0,0,0,0.0655954352999681,0.0441525143390786,-0.00938004179743878,-0.0307424152026496,-0.0073990678416369,-0.00492719720524503,0,-0.000699422486284712,0,-0.0202017616913865,0,0.00940833178316994,-0.00603109388519731,0,0.0145194640164849,0,-0.0383697378154226,-0.00156726585906996,0,0,0,0,0,0,0,0,0,0,0.0185586356240505,0.0573944292887471,0.0379837224229431,-0.014636880948134,0.0672271764519959,0.0269994645720794,-0.00467872027886612,0,-0.00633365064941846,-0.00293797262628635,0,-0.0101293001285264,0.0570934657928755,0.00311953955078509,0.00247446253950739,0.0265390667764897,0,0,0.00197167463195032,-0.0304228362741323,-0.0229204032531003,-0.00654624386233759,0,0.0129416338935088,-0.0105591352064127,0,-0.0254077597911712,0,0.0180549541690573,0,0,-0.00603144867147774,0,0,0,0,-0.00780677393749788,0.0297274337035072,0,-0.0140271201051998,0,0.0194835968469065,-0.0121290109704382,0,-0.00476094178213028,0,0,0,0,0,0,0.0429112364150844,-0.0455107157242374,0,0.0244692497284834,0,-0.0245873217893498,-0.0308310089452853,0,0,0,0.0016372495791493,0,-0.0259534290026355,0.0663830479996549,0,-0.0056143144885462,-0.00566798588960077,0,0,-0.0322911450258632,-0.0270445330657721,0.00760872736746128,0,-0.0389487278600417,-0.00367725167570113,0,0,0,0,-0.000690551599277746,0.00378902091088889,-0.00515775805379345,0,-0.0332840199847363,0,0,0,0,-0.0699789672343825,0,0.0215788144057064,0,0.0237442840950256,0,0,0.0269987018433986,0,0,0.0102629904681742,-0.0164863044173204,0,0.0092610852028308,0,0,0,0,0.00963621663721802,-0.0000780030160805972,0,0,0,0,0,0,0,0,0,0,0,0,0,0,-0.0105371688588814,0,-0.00236537462499832,0,-0.0152000525041267,0.0422370123468885,0,-0.0113567283307143,-0.00236471516152903,0,0,0,-0.00508329541659881,0,0.0507166980953215,0,-0.0296460796808419,0.0253671269755135,0,0.0278313975404922,-0.00648498867906554,0.00135333839101441,-0.0228702645739272
-0.0141276130829871,0.0504194381287496,-0.0185305415777258,0,-0.040629036370632,0,0.0547515681585803,0.0106625991665165,0,-0.0271135707878063,0,0,0,0.0652755951939834,0.0440776514838069,-0.0088890601147192,-0.0317625182504653,-0.00729860416258716,-0.00505181067608703,0,-0.00135947768374738,0,-0.0204225600880913,0,0.00980345333373961,-0.00570777034879312,0,0.0145576726791283,0,-0.0382377822049186,-0.00168281555154449,0,0,0,0,0,0,0,0,0,0,0.0185348954053833,0.0581740011279061,0.0383303730857671,-0.0148044172590417,0.0667748683856205,0.0269022276450111,-0.00458157955244565,0,-0.00602375403502767,-0.00297640566872352,0,-0.0105684803712028,0.0572297505668066,0.0029277373685057,0.00222125071394654,0.0265974882118845,0,0,0.00206505368825519,-0.0306830226735111,-0.0223433402622885,-0.00639523162520754,0,0.0132012932820518,-0.010804191137032,0,-0.0255718947352409,0,0.0178118469245324,0,0,-0.00591328676323457,0,0,0,0,-0.00743052274381272,0.0298073714990585,0,-0.0141060867221884,0,0.0194907397232797,-0.012264029451814,0,-0.00484502341126552,0,0,0,0,0,0,0.0430508487686331,-0.0458392602719802,0,0.024485177639187,0,-0.0243477088962064,-0.0310063177234579,0,0,0,0.00171766624022185,0,-0.0254974621068062,0.0662166235236042,0,-0.00605368621387032,-0.00615893140073316,0,0,-0.0325062376318428,-0.027248468367787,0.00743725170028858,0,-0.0388388710427442,-0.00398220586385786,0,0,0,0,-0.00152697964278981,0.00390516037229706,-0.00464391646705637,0,-0.0332632555797231,0,0,0,0,-0.0696638798525006,0,0.0207956474504161,0,0.0249689057622929,0,0,0.0263616782807172,0,0,0.0101869369211107,-0.0169363356069644,0,0.00905511448470998,0,0,0,0,0.011716964443289,-0.000467300973337306,0,0,0,0,0,0,0,0,0,0,0,0,0,0,-0.010599625640391,0,-0.00195284912792695,0,-0.0147039939258733,0.0421875149824854,0,-0.0110925601367451,-0.00276673847216958,0,0,0,-0.00523956398450723,0,0.0503822219196418,0,-0.029218904938052,0.0259683328482582,0,0.0268593731350921,-0.00716147800048804,0.00131604226576353,-0.0227010119487017
-0.0133371657022124,0.0495012517702377,-0.018038688924635,0,-0.040263615097073,0,0.0528975188669392,0.0156890483593257,0,-0.0279245579898567,0,0,0,0.0653727720610964,0.042905565134567,-0.00988145889642836,-0.0320014119326605,-0.00678319671122322,-0.00491352590573875,0,-0.00192993979920721,0,-0.0203352089907479,0,0.0107113062105879,-0.00585752085306531,0,0.0145279573813206,0,-0.0382064976504015,-0.00122927628270464,0,0,0,0,0,0,0,0,0,0,0.0177646117129384,0.0574376045834418,0.038741701751643,-0.0159074849083719,0.067681949891375,0.027027492405034,-0.00402491449827077,0,-0.00695892474961026,-0.00302780629027923,0,-0.00878520802995476,0.0580830601527014,0.00161802465375416,0.0016519887273209,0.0258969269765352,0,0,0.00211643612162935,-0.0278469085753149,-0.0231854443871103,-0.00683505517429359,0,0.0137155677288946,-0.0119602383053654,0,-0.0274789665560555,0,0.0169674939195949,0,0,-0.00752902943082549,0,0,0,0,-0.00832405557509346,0.030019204826558,0,-0.0146984914153804,0,0.0198363288595077,-0.013676414948331,0,-0.00454678149701038,0,0,0,0,0,0,0.0424690238846114,-0.0453142674357504,0,0.0235566682390623,0,-0.020466046781969,-0.0327124636598316,0,0,0,0.00192783904055849,0,-0.026643318187454,0.0724051147040025,-0.000366350837612314,-0.00223608971151116,-0.00170431897184746,0,0,-0.0339474334649114,-0.0258106035233081,0.00914362181427459,0,-0.0389070583791967,-0.0039857126586559,0,0,-0.00125871827598694,0,-0.00261676110466431,0.00189561941416818,-0.00519955488396388,0,-0.0349306582638517,0,0,0,0,-0.0695911442756453,0,0.0221092678679161,0,0.0224219999116943,0,0,0.0272699439591053,0,0,0.00959879789610032,-0.0171769632869803,0,0.00900455874057172,0,0,0,0,0.00953118527574438,-0.000329705200746697,0,0,0,0,0,0,0,0,0,0,0,0,0,0,-0.00895626468982817,0,-0.00532905438373695,0,-0.0157322665017002,0.0427786862775846,0,-0.00795564298021477,-0.00255121788255791,0,0,0,-0.00495569030902404,0,0.0515686517799121,0,-0.0304274087382327,0.0258270791005463,0,0.0269887753042695,-0.00674210714456591,0.00173024428584405,-0.0242511121692364
-0.0135822873405041,0.0504138087897338,-0.0183273077928668,0,-0.0403955401162094,0,0.0549052433695761,0.012827093960731,0,-0.0267179699018203,0,0,0,0.0654163064850796,0.0436917887675457,-0.00972415088429841,-0.0321837661933729,-0.0060781838085797,-0.00539182178636075,0,-0.000950813689650116,0,-0.0202477460696478,0,0.0100550879506553,-0.00575625706974244,0,0.014268430753519,0,-0.0381294356119615,-0.00105594380287097,0,0,0,0,0,0,0,0,0,0,0.0178465925812565,0.0576213098543817,0.0382388204332207,-0.0153328885472131,0.0666182366447632,0.0268983698193679,-0.00417245175578547,0,-0.00660054697070499,-0.00294757969522388,0,-0.0100645599977829,0.0583380342911426,0.00203293869284289,0.00186258033722155,0.025315487752172,0,0,0.00182995572571549,-0.0294071590976417,-0.0237625855222429,-0.00771282944715422,0,0.0136326800972791,-0.010847333350614,0,-0.0267539538416336,0,0.0183494447289461,0,0,-0.00554033283900831,0,0,0,0,-0.00726557335573759,0.0298503166105382,0,-0.0143436801294056,0,0.019989743955611,-0.0134192385654219,0,-0.00521523351937101,0,0,0,0,0,0,0.0429166517095261,-0.0470027042569785,0,0.0245078447645689,0,-0.0225757966203049,-0.0317547883067448,0,0,0,0.00219005269374827,0,-0.0263298487133861,0.0715171064650478,0,-0.00497561237878979,-0.0038621221039972,0,0,-0.033556944478258,-0.027091393509603,0.00850476993906174,0,-0.039436889834449,-0.00340720766536981,0,0,-0.000870470835133912,0,-0.00199065039522749,0.0044305437139001,-0.00532997767607778,0,-0.032306297586796,0,0,0,0,-0.0693801613569721,0,0.0209990565295705,0,0.0220647291467097,0,0,0.0263367590189001,0,0,0.010162192172572,-0.0159025154169135,0,0.0100979548985607,0,0,0,0,0.00887943520479495,-0.000180650788642888,0,0,0,0,0,0,0,0,0,0,0,0,0,0,-0.00942639773542144,0,-0.0030695804675822,0,-0.015742259326933,0.0433032298584675,0,-0.0115090081343455,-0.00338520821338705,0,0,0,-0.00503916409928998,0,0.0510611612070973,0,-0.0293526379672076,0.0258969563318497,0,0.0266555097972322,-0.00514107901508506,0.000988332862503942,-0.0218258002930086
-0.0157718582952305,0.0519766264147197,-0.0191823209975565,0,-0.0384750338639903,0,0.0549726698728547,0.00877585091331787,0,-0.0276097289702729,0,0,0,0.0652710105044416,0.0455214215936185,-0.00710261144881246,-0.0313314944481132,-0.00657850477164879,-0.00574741625853154,0,-0.00216402991415667,0,-0.0193223598403509,0,0.00916797258304423,-0.00522488233953432,0,0.0139492509861172,0,-0.0384568361144745,-0.00162338804709376,0,0,0,0,0,0,0,0,0,0,0.018245920850415,0.0598555943669379,0.0370501600391555,-0.0162914225385812,0.0683374890448377,0.0263782364486203,-0.0057291305615326,0,-0.00494669902560535,-0.00301210811052359,-0.00648987275091188,-0.0107351314294289,0.0590602714455164,0.00408119383768855,0.00337196509600553,0.0261000992908388,0,0,0.00241548450039832,-0.029864362067558,-0.0217443354990596,-0.0123929955246273,0,0.0141773643859183,-0.0108383184324393,0,-0.0244463741086721,0,0.016682093962412,0,0,-0.00739576618642693,0,0,0,0,-0.00547357685740308,0.0288262558417232,0,-0.0137039046082627,0,0.0192848697681743,-0.00949002758100751,0,-0.00680753287785955,0,0,0,0,0,0,0.0432574466058057,-0.0460419873420997,0,0.024219707410496,0,-0.0248260483266347,-0.030401168194004,0,0,0,0.00074571698756079,0,-0.0256154366190686,0.0639306878165945,0,-0.00466626457329238,-0.00580358431526663,0,0,-0.0330197712923796,-0.0282308227639622,0.00839616450282724,0,-0.0391933240838111,-0.00418578653480497,0,0,-0.000187793960458008,0,-0.00444716364910239,0.00126871622284589,-0.00555612986352491,0,-0.0377465392535385,0,0,0,0,-0.0716528329878626,0,0.0190156381557999,0,0.0245534410785558,0,0,0.030823911376469,0,0,0.00989172672470892,-0.0162728689195292,0,0.00974909229874963,0,0,0,0,0.00206862338659921,-0.000905194975647512,0,0,0,0,0,0,0,0,0,0,0,0,0,0,-0.0129521373648094,0,-0.00321820514445935,0,-0.0134617080935938,0.0444261176435695,0,-0.0104968870969079,0,0,0,0,-0.00475450044423575,0,0.0493915243741479,0,-0.0303226169392928,0.0241995810189196,0,0.0265747661269407,-0.00631441249040663,0.00213827201331093,-0.0247020355130939
-0.0147975104861744,0.0506612811886534,-0.0181920258867711,0,-0.0397849971845943,0,0.0551863513053531,0.00897097040007952,0,-0.0272160895094343,0,0,0,0.0658602417022054,0.044611782771355,-0.00932842537459133,-0.0317712677040753,-0.00705022516519981,-0.00572336331974778,0,-0.00149902433782493,0,-0.0206082296145909,0,0.00974217307607617,-0.0056452296915523,0,0.0141534579762098,0,-0.0386575520346344,-0.00141305190769371,0,0,0,0,0,0,0,0,0,0,0.0190477725197374,0.0588837594931432,0.0384841769264641,-0.0151949997514762,0.0660989157634669,0.0267496123840954,-0.0042904906851089,0,-0.0055995797998764,-0.00294520691252449,0,-0.00918945468769906,0.0585861965072914,0.00194969610553673,0.00166087040007545,0.0255559317382791,0,0,0.00244660255469125,-0.0304423066771977,-0.0227053687419545,-0.011453692992253,0,0.0137016434448526,-0.0104679058838852,0,-0.0259417476848854,0,0.0180079531889318,0,0,-0.00533158135427244,0,0,0,0,-0.0066860195883312,0.0293816825143216,0,-0.0146350521275232,0,0.0198457584733062,-0.0122058401926948,0,-0.0055192417239505,0,0,0,0,0,0,0.0431849147375214,-0.0453013533405333,0,0.0248772078963523,0,-0.0240385617579331,-0.0303329948066971,0,0,0,0.00142924018851909,0,-0.0264443816856453,0.0676689519342169,-0.00170048419449096,-0.00547148571149961,-0.00723273796759385,0,0,-0.0332804161167659,-0.0274408429872627,0.00872717065737072,0,-0.0390730432561879,-0.00372169707828964,0,0,0,0,-0.0010903479256193,0.00400361638977427,-0.004284167941921,0,-0.0342844192087885,0,0,0,0,-0.0709025789514787,0,0.0205801508904577,0,0.0227893562055578,0,0,0.0270863219159281,0,0,0.0103652284043641,-0.0166602099364071,0,0.00970041765339499,0,0,0,0,0.0108094293226777,-0.000584370778950933,0,0,0,0,0,0,0,0,0,0,0,0,0,0,-0.0110622213851598,0,-0.00264569872193911,0,-0.0150485843142193,0.0428414651483281,0,-0.0105924895322284,-0.00181863417777873,0,0,0,-0.00555135991022494,0,0.0510509522242959,0,-0.0289951067432005,0.0257085238192693,0,0.0265086710342129,-0.00605387265685871,0.00166903579371466,-0.0222204812638898
-0.0140458109441474,0.0502260127897517,-0.0185711381813667,0,-0.0409826409879116,0,0.0545292983719345,0.0117394734057764,0,-0.0272304268103097,0,0,0,0.065051968772789,0.0442643212543722,-0.00897224809283645,-0.031907766237048,-0.00773682981413466,-0.00557156401878401,0,-0.00181646165347609,0,-0.0201929638519512,0,0.0100233007839947,-0.00581332201811641,0,0.0144224684264265,0,-0.0384584857041076,-0.00211696355279329,0,0,0,0,0,0,0,0,0,0,0.0189049639973734,0.0582642507135095,0.0391123048510116,-0.0150868136460533,0.0667625344184625,0.0270057815583136,-0.00462861333632357,0,-0.00602421285689375,-0.00335860061938878,0,-0.0103773993969869,0.0586214210754212,0.0026708282462017,0.00176165926692449,0.0253032256347582,0,0,0.00199128252380336,-0.0310590446411887,-0.0226841549046463,-0.00788873005700377,0,0.0130815063814176,-0.0109263460964315,0,-0.0257277724683975,0,0.0181269641827572,0,0,-0.00622646484308879,0,0,0,0,-0.00691970737096216,0.0299770938591198,0,-0.0145016033673073,0,0.0198924114215323,-0.0126930616480719,0,-0.00532533919104016,0,0,0,0,0,0,0.0433804089945687,-0.0457708877768626,0,0.0245123559604136,0,-0.0244559738216997,-0.0312969792050419,0,0,0,0.00217333818842847,0,-0.0262553362228338,0.0687954346585117,0,-0.00662074283067237,-0.00577871954452337,0,0,-0.0334558594144949,-0.0273687607412512,0.007901582455148,0,-0.0394647303722981,-0.00408985295387675,0,0,-0.00000652303107275756,0,-0.00204083912846068,0.00388301239887827,-0.00464220078152398,0,-0.033299355567075,0,0,0,0,-0.0701059295485874,0,0.0212155541585093,0,0.0268269778338559,0,0,0.0262606288424151,0,0,0.0102035890934994,-0.0166239657317414,0,0.00922725216551883,0,0,0,0,0.0102970078095457,-0.000609544283932395,0,0,0,0,0,0,0,0,0,0,0,0,0,0,-0.0103898122972787,0,-0.00229754551366956,0,-0.0142238940965897,0.0428023104808462,0,-0.010747223468613,-0.00229363398191144,0,0,0,-0.00524589978726315,0,0.0503534552148957,0,-0.0296736617302099,0.025813074931975,0,0.0265948774368052,-0.00755664662434703,0.00145172608766525,-0.0229793494552252
NA,NA,NA,NA,NA,NA,NA,NA,NA,NA,NA,NA,NA,NA,NA,NA,NA,NA,NA,NA,NA,NA,NA,NA,NA,NA,NA,NA,NA,NA,NA,NA,NA,NA,NA,NA,NA,NA,NA,NA,NA,NA,NA,NA,NA,NA,NA,NA,NA,NA,NA,NA,NA,NA,NA,NA,NA,NA,NA,NA,NA,NA,NA,NA,NA,NA,NA,NA,NA,NA,NA,NA,NA,NA,NA,NA,NA,NA,NA,NA,NA,NA,NA,NA,NA,NA,NA,NA,NA,NA,NA,NA,NA,NA,NA,NA,NA,NA,NA,NA,NA,NA,NA,NA,NA,NA,NA,NA,NA,NA,NA,NA,NA,NA,NA,NA,NA,NA,NA,NA,NA,NA,NA,NA,NA,NA,NA,NA,NA,NA,NA,NA,NA,NA,NA,NA,NA,NA,NA,NA,NA,NA,NA,NA,NA,NA,NA,NA,NA,NA,NA,NA,NA,NA,NA,NA,NA,NA,NA,NA,NA,NA,NA,NA,NA,NA,NA,NA,NA,NA,NA,NA,NA,NA,NA,NA,NA,NA,NA,NA,NA,NA,NA,NA,NA,NA,NA
-0.0164465143376999,0.0511383743415954,-0.0182700930366007,0,-0.0368508806201968,0,0.0565740910166076,0.0131072821914799,0,-0.0276056253080254,0,0,0,0.0656475263922809,0.0441784716311805,-0.00924819222974878,-0.0306098637922817,-0.00544385148562548,-0.00498757494374519,0,-0.00152336716924342,0,-0.0256613779710925,0,0.0100561051925086,-0.00529882582367511,0,0.014606172170309,0,-0.0386979728076714,-0.00218744723339926,0,0,0,0,0,0,0,0,0,0,0.0218694457400399,0.0589417546218537,0.0406522153781834,-0.0127439653955513,0.0658569620755793,0.0283182236261175,-0.00393691109742072,0,-0.00428728582814283,-0.00342315586785228,0,-0.00878959900672494,0.0574102930260305,0.00216660391954306,0.00243882989094415,0.0286817247765118,0,0,0.00295004534735621,-0.0283266843503708,-0.0203564955001014,-0.00680929543435202,0,0.0132160276571267,-0.00989746655745623,0,-0.0254058150463994,0,0.0193030329015073,0,0,-0.00581353272451783,0,0,0,0,-0.00831148675585774,0.0305488785220123,0,-0.013878534203159,0,0.0200810132829045,-0.0143968526621653,0,-0.00248319257579098,0,0,0,-0.0172984513474934,0,0,0.0448279347597024,-0.0470522716168747,0,0.0255537196507162,0,-0.0246438246896209,-0.0341118248344035,0,0,0,0.000852021011477593,0,-0.0253405077564497,0.060299211989568,0,-0.00589698730546421,-0.00372501495857334,0,0,-0.0307824668926566,-0.023386849156662,0.0104374170449082,0,-0.0371035990414883,-0.00160717675686899,0,0,0,0,-0.00337198681443936,0.00196670599371694,-0.00355170184708748,0,-0.0383530287667375,0,0,0,0,-0.068878480687539,0,0.0196489940565532,0,0.028960133370073,0,0,0.0302620461338129,0,0,0.0109556277145239,-0.0173550424348735,0,0.00872904738804426,0,0,0,0,0.0114448199053553,-0.00152847458737495,0,0,0,0,0,0,0,0,0,0,0,0,0,0,-0.00990444833259032,0,0,0,-0.0163899658028086,0.0400357779992477,0,-0.0106580598130297,0,0,0,0,-0.00425408347481392,0,0.0504153839463988,0,-0.0306224680448916,0.0262392718915741,0,0.02691176383984,-0.00739572912848527,0.00128546281502201,-0.0254767467520536
NA,NA,NA,NA,NA,NA,NA,NA,NA,NA,NA,NA,NA,NA,NA,NA,NA,NA,NA,NA,NA,NA,NA,NA,NA,NA,NA,NA,NA,NA,NA,NA,NA,NA,NA,NA,NA,NA,NA,NA,NA,NA,NA,NA,NA,NA,NA,NA,NA,NA,NA,NA,NA,NA,NA,NA,NA,NA,NA,NA,NA,NA,NA,NA,NA,NA,NA,NA,NA,NA,NA,NA,NA,NA,NA,NA,NA,NA,NA,NA,NA,NA,NA,NA,NA,NA,NA,NA,NA,NA,NA,NA,NA,NA,NA,NA,NA,NA,NA,NA,NA,NA,NA,NA,NA,NA,NA,NA,NA,NA,NA,NA,NA,NA,NA,NA,NA,NA,NA,NA,NA,NA,NA,NA,NA,NA,NA,NA,NA,NA,NA,NA,NA,NA,NA,NA,NA,NA,NA,NA,NA,NA,NA,NA,NA,NA,NA,NA,NA,NA,NA,NA,NA,NA,NA,NA,NA,NA,NA,NA,NA,NA,NA,NA,NA,NA,NA,NA,NA,NA,NA,NA,NA,NA,NA,NA,NA,NA,NA,NA,NA,NA,NA,NA,NA,NA,NA
-0.0126395269108247,0.0502434261691855,-0.0200001797510945,0,-0.0435520804733767,0,0.0544740789276442,0.00987046287791911,0,-0.0279735845724193,0,0,0,0.0655799645966817,0.0427999832792121,-0.00789769796491751,-0.0335700313799152,-0.00709134607624981,-0.00591596971415112,0,-0.00165975518004464,0,-0.0190469290577469,0,0.0101409336767832,-0.00597650691417598,0,0.0144121442892503,0,-0.0387252558820091,-0.00144826274765448,0,0,0,0,0,0,0,0,0,0,0.0178737774249632,0.0566144359132059,0.0379558133000613,-0.016498848442947,0.0672437484883365,0.0268047169446936,-0.00424495213175491,0,-0.00440390902588561,-0.00330231521080114,0,-0.0117314768060169,0.0554686431590955,0.00420866773116116,0,0.0291093305385997,0,0,0.00126810119392577,-0.0298893499003273,-0.0244405905135266,-0.00681915442898896,0,0.0121846597983167,-0.00944869403899075,0,-0.0271162003083175,0,0.0172500870412407,0,0,-0.00721216918817938,0,0,0,0,-0.00448465680066054,0.0293796141110618,0,-0.0144127088729033,0,0.0195620748943046,-0.0106882145062919,0,-0.00621217558738728,0,0,0,0,0,0,0.0426960497918289,-0.0482967783762204,0,0.024588775082363,0,-0.0242507712540082,-0.0315476918922583,0,0,0,0.00269328145857101,0,-0.027253117040392,0.0740370321703387,0,-0.00793111787688822,-0.0066723080792586,0,0,-0.0347814560722164,-0.0275289477632806,0.00754636876831051,0,-0.0384879477151911,-0.00501863182667567,0,0,-0.00123510987937888,0,-0.00137774833464934,0.00597581739956661,-0.00545336908700089,0,-0.0332679690989999,0,0,0,0,-0.071120382022743,0,0.0216465462756723,0,0.0221821077235658,0,0,0.0231728870612311,0,0,0.0111898943193414,-0.0170074581451931,0,0.00868478277316314,0,0,0,0,0.0102902044187352,-0.000431240800788572,0,0,0,0,0,0,0,0,0,0,0,0,0,0,-0.0108580871518999,0,-0.0019799444044167,0,-0.0143991806287418,0.0453197650192152,0,-0.0105410289982347,-0.000981571637068145,0,0,0,-0.00464321458691186,0,0.0498728969449226,0,-0.0290609074903879,0.0268305918349115,0,0.0266030231371723,-0.00638002800238426,0.00135012930053071,-0.0218247976029143
-0.0147985999732727,0.0504682238324216,-0.017728633528375,0,-0.040747681861191,0,0.0550962087859185,0.0127551449609638,0,-0.0271164217710206,0,0,0,0.06569869848963,0.0450394906035555,-0.00916218824279512,-0.031867021270401,-0.00732562026687448,-0.006086424115113,0,-0.00167933825338895,0,-0.0207819564036907,0,0.00982703982423767,-0.00514731181480044,0,0.0142494736249493,0,-0.0383335562139261,-0.00182987917775266,0,0,0,0,0,0,0,0,0,0,0.0194804194678501,0.0592736754342269,0.0392752646322656,-0.014896773012633,0.0665311631126659,0.0274837717324781,-0.00445632158720965,0,-0.00573589631013879,-0.0027667646906671,0,-0.00989503551227568,0.0593096512641262,0.00250796038013859,0.00142094401345494,0.0250368172594125,0,0,0.00202049355148799,-0.0308161492216831,-0.0234730731085193,-0.00745028752269362,0,0.0121986172581929,-0.0111848712032941,0,-0.0261404434800024,0,0.0181965516239497,0,0,-0.00621510908603925,0,0,0,0,-0.00666903062159275,0.0294830231845451,0,-0.0143817819196478,0,0.0201869123612676,-0.0129684577664027,0,-0.00437790987269566,0,0,0,0,0,0,0.0434478364684723,-0.0462168485666968,0,0.0242893346345432,0,-0.0246898070765548,-0.0305608141442,0,0,0,0.00196739850652994,0,-0.025928361513476,0.0660517296053957,0,-0.00653517624687754,-0.00582163100083155,0,0,-0.0328229084361302,-0.026802688282805,0.00831318927841358,0,-0.0393933307548606,-0.00360273381986845,0,0,-0.000788188477390169,0,-0.00167740505820807,0.00407622026471607,-0.00436326422221204,0,-0.0336499436884699,0,0,0,0,-0.0704146011430443,0,0.0206764353876499,0,0.0230626149680841,0,0,0.0268239376960026,0,0,0.0104567779350343,-0.0168137826452972,0,0.00882932507600707,0,0,0,0,0.0107650059378618,-0.00027060296575108,0,0,0,0,0,0,0,0,0,0,0,0,0,0,-0.0114696625521711,0,-0.00228874894824971,0,-0.0145527428399123,0.0439710089018454,0,-0.0107894275620779,-0.00316598840758596,0,0,0,-0.00514144452065111,0,0.0509014749384533,0,-0.0297896101142416,0.026020085780212,0,0.0264422660185053,-0.0061533031807156,0.00174001239578533,-0.0238198992318727
-0.0146630540811846,0.0501590015011448,-0.0180920343896657,0,-0.0411505113572923,0,0.0554310575580422,0.0121173100048957,0,-0.0272468411285498,0,0,0,0.0657384365355684,0.0451341171472079,-0.00894582213926098,-0.0319809970514729,-0.00720238809557353,-0.00605055309579217,0,-0.00126290788896969,0,-0.0208463039217613,0,0.0099026693785414,-0.00544171092215969,0,0.014323971969537,0,-0.0385308293313887,-0.00206867107451047,0,0,0,0,0,0,0,0,0,0,0.0197100426812849,0.0596446455826726,0.0392918857413248,-0.0144776515298157,0.0668362695024967,0.0275306761750793,-0.00463786401477514,0,-0.00572062420048301,-0.00285988371412908,0,-0.0098701934861991,0.059305005407066,0.00217658705404413,0.00192118871345491,0.0245477379020136,0,0,0.00181695569854559,-0.0303782664674326,-0.0235042358169169,-0.00737076831467614,0,0.0130519695054002,-0.0109350518467739,0,-0.0262190087439204,0,0.0185531212694655,0,0,-0.00725551310573497,0,0,0,0,-0.00657883179099375,0.02943281849819,0,-0.0143297098552464,0,0.0201578102740058,-0.0117895991619596,0,-0.00538533059715587,0,0,0,0,0,0,0.0433899139671767,-0.0473323600994715,0,0.0245693446065995,0,-0.0245451879681528,-0.0311326574952366,0,0,0,0.00209368272208888,0,-0.0260560052630997,0.066840484462171,0,-0.00679154422357293,-0.00525842469733955,0,0,-0.0330402147642737,-0.0268047439650566,0.0079335257200275,0,-0.040008703336939,-0.00377353310642015,0,0,-0.000236633197178201,0,-0.00249766023675814,0.00502058220319272,-0.0046544567734763,0,-0.0331464741446048,0,0,0,0,-0.0706502872418018,0,0.0206126342861102,0,0.0234330945759119,0,0,0.026442864363924,0,0,0.0104469418771585,-0.0166303288569427,0,0.00921130649856012,0,0,0,0,0.00920695207651868,-0.000258390825592215,0,0,0,0,0,0,0,0,0,0,0,0,0,0,-0.0108041079078437,0,-0.00247755726622518,0,-0.0148757763455536,0.0438750596222281,0,-0.0103357302620237,-0.00164571334802065,0,0,0,-0.00481966799690828,0,0.050774816909378,0,-0.0299161173311066,0.0258912634957645,0,0.0266380370343929,-0.00633134575676543,0.00185924944188968,-0.0228142534184774
-0.0196226280053762,0.0467808353654561,-0.0203889755042088,0,-0.0402360664862123,0,0.0526172849030899,0.0211198338283841,0,-0.0241394878854878,0,0,0,0.061967084355324,0.0515549520027253,-0.00673230033263178,-0.0332688418249911,-0.00325192544080234,-0.0100741748907606,0,0,0,-0.015143328767129,0,0.00696629570844791,-0.00716208349768309,0,0.0132843030374732,0,-0.0381742478074505,-0.00142121155860115,0,0,0,0,0,0,0,0,0,0,0.0136239100350457,0.0670031631169418,0.0362309622698321,-0.0159341571795194,0.0619852715595494,0.0267199006758091,-0.00225175075637818,0,-0.00166953221508689,-0.00350870940072901,0,-0.00832801166393433,0.0622688291386072,0.00477040363653071,0.00766203298561565,0.0163843017656626,-0.00295159372486035,0,0,-0.0387374757396829,-0.0234542881188773,-0.00142228221645449,0,0.00649741807942585,-0.00927291070243967,0,-0.0269440427851269,0,0.0204435422870177,0,0,-0.00483575477312529,0,0,0,0,-0.00313189378308995,0.0292121240711046,0,-0.0179625528032753,0,0.0223515273250135,-0.0238942155042508,0,-0.000503202385001441,0,0,0,0,0,0,0.0448009694898547,-0.0405976878700752,-0.0104975347477036,0.0233307876560437,0,-0.0233662035245383,-0.026190972099193,0,0,0,0,0,-0.0220120792852432,0.0481524982891606,-0.0164875102823196,-0.00294062583983552,-0.000214816296810278,0,0,-0.0341397864683744,-0.0268648066754597,0.00532707083703093,0,-0.0444042417566322,-0.00250846378109354,0,0,0,0,-0.002817779052535,0.00309859912125096,-0.00602645821194898,0,-0.0360892715773162,0,0,0,0,-0.0727630671484807,0,0.00807350146630847,0,0.0199815678298219,0,0,0.0307263827223307,0,0,0.010995765707502,-0.0164824088721613,0,0.00601825275838082,0,0.000146999228691507,0,0,0.0162072808400006,-0.000293425334879623,0,0,0,0,0,0,0,0,0,0,0,0,0,0,-0.0043811488425691,0,-0.00424786427645436,0,-0.0169014352838142,0.0362614684084843,0,-0.00915192488950349,-0.00430412576617194,0,0,0,-0.00561061735784358,0,0.0465622237415167,0,-0.030417523830448,0.0239729713731075,0,0.0234251886735015,-0.0024175763856648,0.00224988988995655,-0.0181544916338389
NA,NA,NA,NA,NA,NA,NA,NA,NA,NA,NA,NA,NA,NA,NA,NA,NA,NA,NA,NA,NA,NA,NA,NA,NA,NA,NA,NA,NA,NA,NA,NA,NA,NA,NA,NA,NA,NA,NA,NA,NA,NA,NA,NA,NA,NA,NA,NA,NA,NA,NA,NA,NA,NA,NA,NA,NA,NA,NA,NA,NA,NA,NA,NA,NA,NA,NA,NA,NA,NA,NA,NA,NA,NA,NA,NA,NA,NA,NA,NA,NA,NA,NA,NA,NA,NA,NA,NA,NA,NA,NA,NA,NA,NA,NA,NA,NA,NA,NA,NA,NA,NA,NA,NA,NA,NA,NA,NA,NA,NA,NA,NA,NA,NA,NA,NA,NA,NA,NA,NA,NA,NA,NA,NA,NA,NA,NA,NA,NA,NA,NA,NA,NA,NA,NA,NA,NA,NA,NA,NA,NA,NA,NA,NA,NA,NA,NA,NA,NA,NA,NA,NA,NA,NA,NA,NA,NA,NA,NA,NA,NA,NA,NA,NA,NA,NA,NA,NA,NA,NA,NA,NA,NA,NA,NA,NA,NA,NA,NA,NA,NA,NA,NA,NA,NA,NA,NA
-0.0135288353560057,0.0522117308569602,-0.0188485286203478,0,-0.0409074306667098,0,0.0542167376016162,0.0105927188743236,0,-0.0273274432039848,0,0,0,0.0637744111762271,0.0432806426709691,-0.00925254090095883,-0.032868359515754,-0.00823049211356838,-0.00662242253702885,0,-0.00264064613569474,0,-0.0207428852654879,0,0.01018056886579,-0.0051700370224243,0,0.0145451373355673,0,-0.0387146991425766,-0.00212039051821256,0,0,0,0,0,0,0,0,0,0,0.0190001826519178,0.0572662622092148,0.0392471315468135,-0.0149201061292128,0.0670976848612809,0.0266845329202015,-0.00475534378395987,0,-0.00588839479453262,-0.00324835461626801,0,-0.0101918573079619,0.0587317684370543,0.0019036908401827,0.00121019308543496,0.0244304371236507,0,0,0.000992547572003086,-0.0276477944943655,-0.0231566088731542,-0.00918132655993895,0,0.0142804178759613,-0.0104674017163229,0,-0.0264433810893156,0,0.0174407851878875,0,0,-0.00646798831902876,0,0,0,0,-0.00804663399245147,0.0297077985877697,0,-0.0148766746818167,0,0.0188084020858825,-0.0100137936720033,0,-0.00562983204874512,0,0,0,0,0,0,0.0427294892456409,-0.0465566906989517,0,0.0244758521793634,0,-0.024361032151776,-0.0300616910901218,0,0,0,0.00311055300626228,0,-0.0256237095500034,0.0705903177217788,-0.000597609590896615,-0.00763751927485291,-0.00474023873090042,0,0,-0.0340952206226044,-0.0275346440365374,0.00839386125667514,0,-0.0391236647998886,-0.00453712695709848,0,0,0,0,-0.00044880954739156,0.00415886642367429,-0.00425655011693139,0,-0.0332025902706456,0,0,0,0,-0.0716376711157314,0,0.021631328721309,0,0.0237372970913795,0,0,0.0238078353815725,0,0,0.0113291493324649,-0.0170776289389177,0,0.00817478312903722,0,0,0,0,0.00933322743172231,-0.00130731234688125,0,0,0,0,0,0,0,0,0,0,0,0,0,0,-0.0100273877481544,0,-0.00138071659743174,0,-0.0143685082870906,0.0426354820160432,0,-0.0112699778417711,-0.000761939109227059,0,0,-0.000268812039778585,-0.00596936879947564,0,0.0497590080569144,0,-0.0295997509763912,0.0258338738518076,0,0.0263478043824841,-0.00728656158202336,0.00186599198047346,-0.0242980252677145
NA,NA,NA,NA,NA,NA,NA,NA,NA,NA,NA,NA,NA,NA,NA,NA,NA,NA,NA,NA,NA,NA,NA,NA,NA,NA,NA,NA,NA,NA,NA,NA,NA,NA,NA,NA,NA,NA,NA,NA,NA,NA,NA,NA,NA,NA,NA,NA,NA,NA,NA,NA,NA,NA,NA,NA,NA,NA,NA,NA,NA,NA,NA,NA,NA,NA,NA,NA,NA,NA,NA,NA,NA,NA,NA,NA,NA,NA,NA,NA,NA,NA,NA,NA,NA,NA,NA,NA,NA,NA,NA,NA,NA,NA,NA,NA,NA,NA,NA,NA,NA,NA,NA,NA,NA,NA,NA,NA,NA,NA,NA,NA,NA,NA,NA,NA,NA,NA,NA,NA,NA,NA,NA,NA,NA,NA,NA,NA,NA,NA,NA,NA,NA,NA,NA,NA,NA,NA,NA,NA,NA,NA,NA,NA,NA,NA,NA,NA,NA,NA,NA,NA,NA,NA,NA,NA,NA,NA,NA,NA,NA,NA,NA,NA,NA,NA,NA,NA,NA,NA,NA,NA,NA,NA,NA,NA,NA,NA,NA,NA,NA,NA,NA,NA,NA,NA,NA
-0.0141987604674714,0.049672553786683,-0.0181870904964362,0,-0.0412398995459778,0,0.0557136848839762,0.0116183959587674,0,-0.0275870972579842,0,0,0,0.0656952460125565,0.0448623513306878,-0.00914501176171972,-0.0323996055184232,-0.00733054570622571,-0.00555558694927825,0,-0.00159814531321258,0,-0.0205870564545992,0,0.0101475679371844,-0.00526161904033534,0,0.0143177338828971,0,-0.0384699542331025,-0.0021871121669419,0,0,0,0,0,0,0,0,0,0,0.0190192060594176,0.0585330864437368,0.0390721308549761,-0.0153696921781281,0.0664649479771825,0.0271891243840815,-0.00458949327161636,0,-0.0057918103076803,-0.00317329657717817,0,-0.00988054936519522,0.0588469693915723,0.00245188006599748,0.00147994624838538,0.0250116047725371,0,0,0.00185934114036525,-0.0308037557922657,-0.0229306621987912,-0.00803888460117975,0,0.0130021018874891,-0.0110751626774639,0,-0.0259408678827556,0,0.0183280873839135,0,0,-0.00641102380965537,0,0,0,0,-0.00714858338481328,0.0298011830730924,0,-0.01437892684423,0,0.0200628351450215,-0.0124393495926195,0,-0.00467352582515939,0,0,0,0,0,0,0.0433213459937589,-0.046170458012905,0,0.0241916196947574,0,-0.0246079499337354,-0.0311467131743329,0,0,0,0.00201544813927507,0,-0.0261545349826924,0.0671560970513824,0,-0.00657326012978853,-0.00576732987164357,0,0,-0.033382898589626,-0.0271455454307017,0.00817048571213914,0,-0.0398001573986543,-0.00412430582987179,0,0,0,0,-0.00157872003359689,0.00451551076073137,-0.0043727096984747,0,-0.0337176987144134,0,0,0,0,-0.070523641531106,0,0.0212414392479036,0,0.024691740260325,0,0,0.0277014313197983,0,0,0.00973656527540635,-0.0169795694043602,0,0.00925637659901828,0,0,0,0,0.0105307828737384,-0.000480879367070471,0,0,0,0,0,0,0,0,0,0,0,0,0,0,-0.0109806205625293,0,-0.00243651958538353,0,-0.0147745597036217,0.0439642369374831,0,-0.0102050923969904,-0.0032300121021382,0,0,0,-0.00536463483439887,0,0.0503869513311152,0,-0.0298050806595422,0.0259851717105149,0,0.0267582537501513,-0.00705620376550623,0.00161028928199874,-0.0234868055832445
-0.0154190931638874,0.0503731653607626,-0.0186969431701162,0,-0.039900703227847,0,0.0543286489828663,0.00889245961030472,0,-0.026143803253789,0,0,0,0.065328155846759,0.0445517594881461,-0.00924025825517363,-0.0313124945675418,-0.00788862646571049,-0.00672274664658781,0,-0.00520597076205611,0,-0.0195966423776515,0,0.0102910499094868,-0.00528505150079166,0,0.0143539594029211,0,-0.0388678815379625,-0.00159038246477056,0,0,0,0,0,0,0,0,0,0,0.0180652864645167,0.0609223875310117,0.038042786496244,-0.0142976785252208,0.0673144333728303,0.026951965406385,-0.00489555838099932,0,-0.00593319448982184,-0.00314391181162914,-0.00306591333005317,-0.0104999701014261,0.0584191549297671,0.00187711332045018,0.000764063131109147,0.0284236977296336,0,0,0.00206447820316809,-0.033647287752893,-0.0224367138533248,-0.00787279086335013,0,0.0143922219928413,-0.0117449984048269,0,-0.0262364904631147,0,0.0191509492793486,0,0,-0.00442050795678115,0,0,0,0,-0.00643525484056493,0.0300522981039724,0,-0.0142501076557219,0,0.0198874470600241,-0.0112936211457436,0,-0.00493869151416141,0,0,0,0,0,0,0.0432767294872533,-0.0471671114073693,0,0.0253444310669932,0,-0.0228190741636572,-0.0321061918279211,0,0,0,0.00280014935501396,0,-0.0253031270963441,0.0702198190425508,0,-0.00464729646633128,-0.0044998612810576,0,0,-0.0342369950746281,-0.0260033741167189,0.009131362880328,0,-0.0401010989821205,-0.00342206523256741,0,0,-0.00936115826207477,0,-0.00220239751718897,0.00269727973528662,-0.00514040653134922,0,-0.0328913618315776,0,0,0,0,-0.0678337555616268,0,0.0221060985575766,0,0.0252122509506138,0,0,0.0223790751897932,0,0,0.0113148627008564,-0.0161002300317999,0,0.00929012927979342,0,0,0,0,0.0117551171999982,-0.000788977888426473,0,0,0,0,0,0,0,0,0,0,0,0.000450046888350046,0,0,-0.00869019196929305,0,-0.00191746138355207,0,-0.0153810374164171,0.0404492284058809,0,-0.00912002535411666,-0.00239797716901407,0,0,0,-0.00633161581733863,0,0.0504518786296466,0,-0.0292069168263785,0.0257184053410007,0,0.0258465158879208,-0.010687220563862,0.00299784576722771,-0.0207987820518176
-0.0136246435984796,0.0496934554131335,-0.0185652066055448,0,-0.0411138467263894,0,0.056065129512992,0.0152683805479107,0,-0.0272924939645186,0,0,0,0.0651974091217583,0.0444627946264313,-0.0089661242439526,-0.0324807876482508,-0.00688552478914355,-0.00600737859045263,0,-0.000663200134442505,0,-0.0204378909596337,0,0.00962935646127774,-0.00585415688839681,0,0.0142331146601679,0,-0.0386579064775063,-0.00166456403818428,0,0,0,0,0,0,0,0,0,0,0.018353061211741,0.0586256845034294,0.0388709247362376,-0.0156247866789902,0.0663676151662027,0.0268334430428608,-0.00418163537396247,0,-0.00637864219459367,-0.00288036218331827,0,-0.0100475243992105,0.0586521830623642,0.00149990160802548,0.00141971722381616,0.024666803302869,0,0,0.00123125470713722,-0.0281748104503758,-0.0227122218269084,-0.00791434429763373,0,0.0132624504620537,-0.0112289284989177,0,-0.0260680340302864,0,0.017939136962864,0,0,-0.00670501689664682,0,0,0,0,-0.00725913144318524,0.0296731069818085,0,-0.0148990547909508,0,0.0195191988845712,-0.0117731501855372,0,-0.0039519368490679,0,0,0,0,0,0,0.0428990994287233,-0.045620934725486,0,0.0240161683702684,0,-0.0248721987161517,-0.0313943235615058,0,0,0,0.00214556989220018,0,-0.026607872903961,0.0661933702815217,-0.00147667620563191,-0.0075939659531228,-0.00582963273243707,0,0,-0.0333149932439667,-0.02740770591091,0.00865630473111628,0,-0.0403096530845575,-0.00375492908263281,0,0,0,0,-0.000240705472977952,0.0042961724203714,-0.00450944105503661,0,-0.033635827016613,0,0,0,0,-0.0715512205060433,0,0.0202753497659759,0,0.0207515816990978,0,0,0.026503824614018,0,0,0.0100814054761203,-0.0171458028671457,0,0.00881522931306588,0,0,0,0,0.0099733319745472,-0.0000980949934693035,0,0,0,0,0,0,0,0,0,0,0,0,0,0,-0.010557498805597,0,-0.00175355637804768,0,-0.0147069493300994,0.042937624604388,0,-0.0114845534609058,-0.00282309290553425,0,0,0,-0.00553642891319067,0,0.0502956446770243,0,-0.029012028419712,0.0257255899404182,0,0.0266033971191802,-0.00558489859785806,0.00141355195255222,-0.0231912007679683
-0.0137413525072084,0.0501350304972263,-0.0186511371849981,0,-0.0413499081118246,0,0.0574356695471669,0.0162326137755596,0,-0.0278190103909711,0,0,0,0.0649873998783626,0.0446180467576543,-0.00880050297983087,-0.0322971329613136,-0.00717231232534757,-0.00603951054984675,0,-0.00167634537552846,0,-0.0204562948584774,0,0.00961956672122926,-0.0056677863304856,0,0.0141798064468502,0,-0.0384231873916639,-0.00136887017246399,0,0,0,0,0,0,0,0,0,0,0.0180656323473413,0.0597709794770202,0.0387885871136863,-0.0160807477548916,0.066009064265432,0.0267468870324742,-0.00403980715997429,0,-0.00632459282380749,-0.0028743312814236,0,-0.0100515649345341,0.0586074992023808,0.00209632888862241,0.00134652011347458,0.0249634486981174,0,0,0.00146244199532368,-0.0310788676566238,-0.0229026855817702,-0.00835187141069839,0,0.0132066198681368,-0.0113851967901704,0,-0.0263239002508413,0,0.0181717766761812,0,0,-0.00691628024184112,0,0,0,0,-0.00659279594654681,0.0295924623367401,0,-0.0149662518431022,0,0.0199382376807697,-0.0117902881663396,0,-0.00470097045560345,0,0,0,0,0,0,0.0429864544711056,-0.046901488392851,0,0.0241879791970797,0,-0.0247783097494568,-0.0319027969405357,0,0,0,0.00238625730365193,0,-0.0257508578626975,0.0666506063208139,-0.000580067345646791,-0.00605978986958509,-0.00549962216895503,0,0,-0.033611580864938,-0.0273066564180981,0.00864072913949794,0,-0.0407040418114998,-0.00356295322056149,0,0,0,0,-0.000908336845581431,0.00448389552399803,-0.00447445500832991,0,-0.0344441828274106,0,0,0,0,-0.0709994540492089,0,0.0210119048483909,0,0.0215762630153361,0,0,0.0257050455793902,0,0,0.0100368802713258,-0.0166338905306233,0,0.00878992657249353,0,0,0,0,0.00988702334502715,-0.000183065319537458,0,0,0,0,0,0,0,0,0,0,0,0,0,0,-0.0117936618454523,0,-0.00229339340985542,0,-0.0147033398625044,0.0437745918680709,0,-0.0112580531466037,-0.00292542531776914,0,0,0,-0.00549518541310533,0,0.0502551549058818,0,-0.0292046978217686,0.0259714923795105,0,0.0267211428161498,-0.00613388411943502,0.00153983247654229,-0.0241490232501594
-0.0140392617974801,0.0494908824256168,-0.0186285734039786,0,-0.0414942323455382,0,0.0562374723421121,0.0120669876482969,0,-0.0274944290060194,0,0,0,0.0656525317758947,0.0443532361364214,-0.00912313050793755,-0.0322076444253811,-0.00668256997935281,-0.00567338853727744,0,-0.00133173476560365,0,-0.0207538061812775,0,0.00977579477351802,-0.00544538273151586,0,0.0142238125328608,0,-0.0384429140747091,-0.00168937349290005,0,0,0,0,0,0,0,0,0,0,0.0190051931532749,0.0589370491158488,0.0387926845413045,-0.0155287954710947,0.0660891098130567,0.0270656178696687,-0.00439391405030768,0,-0.00533020525184534,-0.00291547001842313,0,-0.00995149223527926,0.058234120828492,0.00206318723400493,0.00148343256184779,0.0258569227444791,0,0,0.00179716953585553,-0.0303715057550763,-0.022962611989695,-0.00775026031386749,0,0.0130430192188665,-0.0109527281535931,0,-0.0258144070405423,0,0.0182404296296049,0,0,-0.00650730453639943,0,0,0,0,-0.00655887249290688,0.0299312589847708,0,-0.0145972416659869,0,0.0201267202535704,-0.0127375690317441,0,-0.00501290118940699,0,0,0,0,0,0,0.0432696615663253,-0.0464215677806187,0,0.0244040568317296,0,-0.0248076860330798,-0.0312452787243904,0,0,0,0.00210510157878798,0,-0.0260846270467387,0.0672249066750863,0,-0.00597001296339495,-0.00550624306273761,0,0,-0.0331762625589336,-0.0275104964511591,0.00840612967101205,0,-0.0400659510574048,-0.00411330760052019,0,0,0,0,-0.00118594372768353,0.00456848755831838,-0.00449546153960544,0,-0.0333712239881055,0,0,0,0,-0.0708830147166611,0,0.0207828105790719,0,0.023214387392533,0,0,0.0265479576903409,0,0,0.00989814485663522,-0.0169873401065894,0,0.00902708026357678,0,0,0,0,0.0100683834139429,-0.000338951108295157,0,0,0,0,0,0,0,0,0,0,0,0,0,0,-0.0114085136751768,0,-0.00235691452191309,0,-0.0148243297759146,0.0430197297766717,0,-0.0109976117359971,-0.00263431432804148,0,0,0,-0.00508753447331812,0,0.0505929985068621,0,-0.0297911688110258,0.0261336584707604,0,0.026660370258029,-0.00660606662872151,0.00139226292078409,-0.0237164274188179
-0.0138481818704517,0.0496139871534519,-0.0182127080815801,0,-0.0407578411000387,0,0.0545289652900982,0.0109583150732203,0,-0.0268558352513751,0,0,0,0.065136632547351,0.0440607600520962,-0.00922129714742983,-0.0322250984590658,-0.00701630259333312,-0.00570363077992761,0,-0.00173470674202436,0,-0.0209592598752021,0,0.00956357219193188,-0.00505925000133394,0,0.0143717512238217,0,-0.0385224110665871,-0.00163308645305886,0,0,0,0,0,0,0,0,0,0,0.0196397190728025,0.0591032837833105,0.0384672578480902,-0.0158611035356818,0.0661772790362112,0.0271582082127379,-0.0044024529730342,0,-0.00594486584435753,-0.00316177170846657,0,-0.0100742408460327,0.0584953806451365,0.0023457178636079,0.00190118869460381,0.0248798825568328,0,0,0.00159552782035086,-0.0308280999643333,-0.0219559979629241,-0.00778267267191325,0,0.0132021094523148,-0.00979665951170974,0,-0.0260661597223908,0,0.0175219463761613,0,0,-0.00687603035239927,0,0,0,0,-0.00701280133815415,0.0298891556479961,0,-0.0144980704272089,0,0.0199169425256102,-0.0125582360542746,0,-0.00472211199973025,0,0,0,0,0,0,0.0431090087159778,-0.0458224133397475,0,0.0243581520764044,0,-0.0244645046796896,-0.0316371478708396,0,0,0,0.00185962873419292,0,-0.0252684133486633,0.066739344878745,0,-0.00544135096075406,-0.00594948379352464,0,0,-0.0330088239182706,-0.0280726789442148,0.00871973149156231,0,-0.0394871810362394,-0.00463669483807351,0,0,-0.000578974556058102,0,-0.00159966647022061,0.00387760073510449,-0.0046556246376208,0,-0.0332532448623734,0,0,0,0,-0.0707804419394514,0,0.0205134168836963,0,0.0246797709599821,0,0,0.0272054821905627,0,0,0.00991806927568147,-0.0169861434358708,0,0.00886145723533442,0,0,0,0,0.00982344627706934,-0.000800545021934779,0,0,0,0,0,0,0,0,0,0,0,0,0,0,-0.0107620617502005,0,-0.00250436922167283,0,-0.0149355797922498,0.0434564405265055,0,-0.0114504457431735,-0.0017111598185921,0,0,0,-0.00533598379998716,0,0.050350996970396,0,-0.0295664251120894,0.0259147743782711,0,0.0266123709039302,-0.00585686360044627,0.000784829257273779,-0.0235310857116531
-0.0142103315091702,0.0499438983978499,-0.018287992625602,0,-0.0410200328938494,0,0.0542119432732078,0.01145054968978,0,-0.0274133993926018,0,0,0,0.0653293496985047,0.0443171161185866,-0.00925046126040101,-0.0321345418335606,-0.00722039829038202,-0.00553360743995658,0,-0.00158079969830002,0,-0.020820344903591,0,0.0101485781096394,-0.00543277374019462,0,0.0143443520887166,0,-0.0384669076459562,-0.00203643895459796,0,0,0,0,0,0,0,0,0,0,0.0192924421317743,0.0596313237876437,0.0386223311233657,-0.0155206585184739,0.0662352053880204,0.0271300152634988,-0.00444667050063706,0,-0.00591763505548537,-0.00302148673668648,0,-0.0101399524953907,0.0583113616100529,0.00265107031320168,0.00175377146689432,0.0252998197930222,0,0,0.00186459523966283,-0.0307385504584924,-0.0228810098932698,-0.00777390351753726,0,0.013094721588932,-0.0110287698258706,0,-0.0259118178997935,0,0.018199769072709,0,0,-0.00634914680477527,0,0,0,0,-0.00711062290741263,0.0300142657873168,0,-0.0143574347817396,0,0.0198257663928177,-0.012070011224258,0,-0.00488315652519642,0,0,0,0,0,0,0.0428469410700748,-0.0459527909471256,0,0.0241746186966627,0,-0.0244158859885949,-0.0308161206642859,0,0,0,0.00202113525748911,0,-0.0261587060379301,0.0670152190627797,0,-0.00637929785672082,-0.00541138106633997,0,0,-0.0331291608997199,-0.0273093853351454,0.0084085990356581,0,-0.039777606568232,-0.00411877863346071,0,0,0,0,-0.00151875389280709,0.00404844826794587,-0.00420761783472809,0,-0.0338636430758559,0,0,0,0,-0.0704518873952734,0,0.0207263743785512,0,0.0239440022695698,0,0,0.0269732832569128,0,0,0.00979833377337032,-0.0169160192876927,0,0.00914070493517591,0,0,0,0,0.012257241386019,-0.000311240115450504,0,0,0,0,0,0,0,0,0,0,0,0,0,0,-0.0105683255761204,0,-0.002570700967333,0,-0.014904131891218,0.0433470685037271,0,-0.0105732429795199,-0.00344607084913634,0,0,0,-0.00550343638435566,0,0.0502307503282966,0,-0.0297251850068175,0.0262542533598143,0,0.025959975176403,-0.0066970407517023,0.00134369003908981,-0.0232034946816705
-0.0151411978272046,0.0505527554180015,-0.0181450152324046,0,-0.0410302593307556,0,0.0552396188998918,0.0113566568765769,0,-0.0270380565625955,0,0,0,0.0653694174297128,0.0454253737543494,-0.00881691633031704,-0.0324804928212337,-0.00706957509945465,-0.0058612550447894,0,-0.0014472443245633,0,-0.0197775854769658,0,0.0102332906708665,-0.00493537196408124,0,0.0143181094951612,0,-0.0379021335346183,-0.0024056578249486,0,0,0,0,0,0,0,0,0,0,0.0183149627760733,0.0567004947362419,0.0389203627453169,-0.0155849583747038,0.0668156712080118,0.0272545518387396,-0.00456197195772065,0,-0.00529704917702215,-0.00306759053832549,0,-0.0106256306476815,0.0593871728838086,0.00273876929865827,0.00205559827746053,0.0233664569322791,0,0,0.000494935067155125,-0.0295010531305178,-0.0233291582122134,-0.00717123262160954,0,0.0128927129637623,-0.0122972387787365,0,-0.0260176987841076,0,0.0184991020755967,0,0,-0.0059953924172198,0,0,0,0,-0.00652305537712949,0.0298392892422782,0,-0.0138207000351242,0,0.0197236796556772,-0.0122889193483004,0,-0.00474124686303911,0,0,0,0,0,0,0.043652008270508,-0.0470544440449868,0,0.0242680456333255,0,-0.0248537702830953,-0.029799260485649,0,0,0,0.00219677704561628,0,-0.0274212278518643,0.0667874860803671,0,-0.00557431868841952,-0.00511113888486831,0,0,-0.0335693030899331,-0.0271735548196541,0.00706776723929434,0,-0.0390265343638531,-0.00444361406676911,0,0,0,0,-0.00227117739457526,0.00447347153286714,-0.00450498060077768,0,-0.0370464960637722,0,0,0,0,-0.070827247551567,0,0.0208273905724025,0,0.0236816553384684,0,0,0.0278759084852279,0,0,0.010130594909662,-0.0170828823362193,0,0.00864084152894473,0,0,0,0,0.0118698050807433,0,0,0,0,0,0,0,0,0,0,0,0,0,0,0,-0.00989273062326122,0,-0.00205628781890242,0,-0.0149319911217808,0.0433534419693622,0,-0.00986660306107219,-0.00288826083053272,0,0,0,-0.00471839433178387,0,0.0502209197219881,0,-0.0303856037459719,0.0260295333614673,0,0.0267751954116623,-0.00700893979931253,0.00166083704456145,-0.0234849145178092
-0.0138809286006885,0.0496577098391191,-0.018300621907177,0,-0.0413737337197016,0,0.0553725949728959,0.011473285123692,0,-0.0276158452756285,0,0,0,0.0657607141344531,0.0444602674222411,-0.00905990457856346,-0.0322023197533481,-0.00695307410647563,-0.00571766099262753,0,-0.00189296794979668,0,-0.0212505771651779,0,0.0100649246845836,-0.00506185467101273,0,0.0142457706917742,0,-0.0387885825316282,-0.00189993547924352,0,0,0,0,0,0,0,0,0,0,0.0196576918638659,0.059518564795741,0.0388882844603749,-0.0150492949372895,0.0663946631037675,0.0272331217392383,-0.00439258948885617,0,-0.0059047182957955,-0.00297923819130139,0,-0.00969608420945993,0.0583466879026231,0.00209546412862725,0.00129649107740889,0.025584256684158,0,0,0.00168915236603095,-0.0307253882977744,-0.022180825168308,-0.00807151516384373,0,0.0138384178484313,-0.0105234914121211,0,-0.026187392852269,0,0.0179738100854144,0,0,-0.00679153996876593,0,0,0,0,-0.00758329502215803,0.0298357830839434,0,-0.0146892265300932,0,0.0198276025355188,-0.0115826397649054,0,-0.00528055490390073,0,0,0,0,0,0,0.0429767104656607,-0.0456643569527044,0,0.0244117833371251,0,-0.0244100779675189,-0.0312676019133923,0,0,0,0.00223918249865408,0,-0.0264459088970541,0.0680506452439522,0,-0.00664184893983642,-0.00552869395640377,0,0,-0.0335812522017977,-0.0272691556833211,0.00874166955649376,0,-0.0400708445949648,-0.00368859608654364,0,0,-0.000438547268749839,0,-0.00101658122427693,0.00437999368482194,-0.00442861256660996,0,-0.0337420725245753,0,0,0,0,-0.0710940524419832,0,0.0210790561855913,0,0.0234757427133953,0,0,0.0264957163859154,0,0,0.00990582242859688,-0.0169023317179605,0,0.00906510177570548,0,0,0,0,0.0102730883943872,-0.000515774709787216,0,0,0,0,0,0,0,0,0,0,0,0,0,0,-0.0100885491753046,0,-0.00233327000379042,0,-0.0150147340367829,0.0428847301306956,0,-0.010825270346888,-0.00295573747622519,0,0,0,-0.00525808514666009,0,0.0504241733983452,0,-0.0297462334003687,0.026313616835919,0,0.0265869140391685,-0.00693938878562912,0.00153513385683982,-0.0231917600920885
-0.0142113947052147,0.0495164864273365,-0.0184393677919258,0,-0.0415870860352544,0,0.0554259234713886,0.0124786951927806,0,-0.0277032152502648,0,0,0,0.0653465123187691,0.0450919255554187,-0.00914419855022924,-0.0324399489615604,-0.00743002036734348,-0.00621124537344478,0,-0.00193190658142767,0,-0.0209388989019407,0,0.0104661253057793,-0.00513100767883484,0,0.014261821161869,0,-0.0385639627291106,-0.00234313279287147,0,0,0,0,0,0,0,0,0,0,0.019673016388691,0.0598586240695668,0.0391327707067229,-0.0154875985180119,0.0665627826071071,0.0272013798219573,-0.00427094397964929,0,-0.00575848549030795,-0.00292592764161777,0,-0.00971804614496355,0.0590909752392908,0.00231261047283327,0.000800381973249227,0.0251683103380332,0,0,0.00152785102272519,-0.0308027593885308,-0.0228948124225776,-0.00831081367467982,0,0.0132385622716471,-0.0111233998953216,0,-0.026575533961038,0,0.018141794716304,0,0,-0.00660128247892112,0,0,0,0,-0.00703731207521199,0.0298947464909346,0,-0.0147316817254125,0,0.0201623627659755,-0.0125448095748933,0,-0.00509448125197869,0,0,0,0,0,0,0.0432769138814269,-0.046328232807043,0,0.0244160628768783,0,-0.0245463434579653,-0.0313910905262902,0,0,0,0.00225746449620533,0,-0.0262637786783259,0.0680579301630989,0,-0.00682322142925995,-0.00502776009662333,0,0,-0.0337789301022622,-0.0270859744171788,0.00876674757147439,0,-0.0404708035683956,-0.00368919120764633,0,0,-0.000164008295699636,0,-0.00216818654528254,0.00487374649975214,-0.00433037447362782,0,-0.034209564389526,0,0,0,0,-0.0713273799138168,0,0.0214130950540123,0,0.0229556042610616,0,0,0.0268436529252075,0,0,0.00996298573507893,-0.0168490447460623,0,0.00891087548147987,0,0,0,0,0.0109719457695465,-0.000403025170551452,0,0,0,0,0,0,0,0,0,0,0,0,0,0,-0.011362077320262,0,-0.00263902780264697,0,-0.0150150464176869,0.0435928404865295,0,-0.0103920863181717,-0.00283975113826518,0,0,0,-0.00538827776524959,0,0.0505478381221763,0,-0.0297634055359462,0.0261404427610935,0,0.0266242607029287,-0.00653485126104117,0.00182588236293403,-0.023855770291824
-0.0131246930949177,0.0486058423386306,-0.0174940149346881,0,-0.042400063397703,0,0.0602231363742201,0.0107816947541142,0,-0.0278518630451724,0,0,0,0.0663055346010308,0.0457968610100898,-0.00902868259824208,-0.0317686740750294,-0.00687066057630675,-0.00631010430637986,0,-0.00155949491631273,0,-0.0195152610047178,0,0.00945769075873987,-0.00530061336684709,0,0.014258290111785,0,-0.0388982462934806,-0.00163414114141717,0,0,0,0,0,0,0,0,0,0,0.0205411451804875,0.0596343901545807,0.0395295721134642,-0.0153556881117751,0.065071879396693,0.0269151174972453,-0.00451514191635051,0,-0.00578755960682937,-0.00295538279771229,0,-0.00949529071426258,0.0573191642797553,0.00228378512349847,0,0.0281985529899692,0,0,0.000995274510750744,-0.031991125648931,-0.0235003032067813,-0.00780996686741803,0,0.0128886757306863,-0.0115963028669838,0,-0.0262408651661201,0,0.0179579508257149,0,0,-0.00667185640222642,0,0,0,0,-0.0069411177428813,0.0298290336107149,0,-0.0143750064699796,0,0.0206419704806843,-0.012955171044345,0,-0.00352446266891718,0,0,0,0,0,0,0.0431003528488835,-0.0446403773870478,0,0.0245892146565024,0,-0.0251676550369118,-0.0312951094788465,0,0,0,0.00276262320399637,0,-0.0271247566869201,0.0704648982728071,0,-0.00668455209313802,-0.00633119180872786,0,0,-0.0343449643088011,-0.0274186424222647,0.00909091861181997,0,-0.0406126214388751,-0.00425761959915793,0,0,-0.0017963603195154,0,-0.00218471054772072,0.00612758463409504,-0.00375961048403664,0,-0.0346662028548506,0,0,0,0,-0.0715475492587343,0,0.0208704986032625,0,0.0234072504778365,0,0,0.0262764694867253,0,0,0.0108567757563856,-0.0171624380149774,0,0.00883082934247133,0,0,0,0,0.00980774332860167,-0.000121162269768715,0,0,0,0,0,0,0,0,0,0,0,0,0,0,-0.0124275575319679,0,-0.00343021074573498,0,-0.0146910898530066,0.0432808380827557,0,-0.0111843004570223,-0.00174644344798501,0,0,0,-0.00490760906230137,0,0.0503623914689433,0,-0.0290170310220808,0.0266529755948269,0,0.0267287067263769,-0.00644471364500017,0.00174773032176561,-0.0230021346536208
-0.0127071130358156,0.0495388327917269,-0.0195023745416235,0,-0.0414761697306405,0,0.0591207888008863,0.0101092449180091,0,-0.0277318356489018,0,0,0,0.0661519509527392,0.0430298258246212,-0.00960355362460875,-0.0316784203209009,-0.00607929303671292,-0.00626096358040734,0,-0.00230626945354908,0,-0.0213951700995882,0,0.00892185419825728,-0.00626147302083244,0,0.0140204430020694,0,-0.038655801869131,-0.00261408342249685,0,0,0,0,0,0,0,0,0,0,0.0192713514430245,0.060216200458201,0.0388494796414743,-0.0152031242372931,0.065042582464227,0.0272581266019704,-0.00486024225364441,0,-0.00631905247171527,-0.00363870426134634,0,-0.0111502398009953,0.0580177636107993,0.00233113068765025,0.00120234731905958,0.0241560379646477,0,0,0.00114195349605149,-0.032121233578575,-0.0224390918957514,-0.00653479022455933,0,0.012663569207734,-0.0107953417933824,0,-0.0253721422130948,0,0.0175722261759176,0,0,-0.00714957675553295,0,0,0,0,-0.00446001474939592,0.0295381783420491,0,-0.014142898168956,0,0.0203772007986525,-0.0106676420816301,0,-0.0064011551170936,0,0,0,0,0,0,0.0426525435979981,-0.0490490270953339,0,0.0238951065363913,0,-0.024511816978412,-0.0326880407434002,0,0,0,0.00231101644756363,0,-0.0271954324317812,0.0696302927922656,0,-0.00777938924443072,-0.00423344768184647,0,0,-0.0340995880486544,-0.0236928934032056,0.00854836706146234,0,-0.039189007087115,-0.00506514025415036,0,0,-0.00245988828174013,0,-0.00241005130742368,0.00508355272455502,-0.00425274720124282,0,-0.0362463283475465,0,0,0,0,-0.0687839418274724,0,0.0192872965443191,0,0.0263616075205312,0,0,0.0311440710606505,0,0,0.00976722227035402,-0.0171504903594303,0,0.00959554361093955,0,0,0,0,0.00904203017228778,-0.000508515698343051,0,0,0,0,0,0,0,0,0,0,0,0,0,0,-0.0106970625817216,0,-0.00441110720546313,0,-0.0147744236031199,0.0453526763578501,0,-0.0123882304026606,-0.00452843645588515,0,0,0,-0.005189730534196,0,0.0505566091968777,0,-0.0285150532444401,0.0264576075672792,0,0.0262426402411093,-0.00497138132721951,0.00140546855150225,-0.0222610270944267
-0.0138354424861655,0.0499294529912704,-0.0188161509221196,0,-0.0403099740657468,0,0.0542735083414522,0.0112793676300826,0,-0.0275167455199235,0,0,0,0.0655285690855918,0.0435839258349089,-0.00909655706080059,-0.0323089753248731,-0.00671487090725909,-0.00611689715740344,0,-0.00139139043392633,0,-0.0207116272802455,0,0.00949623960824703,-0.00585702523460861,0,0.014309204274743,0,-0.0386232658084569,0,0,0,0,0,0,0,0,0,0,0,0.0187339187580882,0.0586086942751411,0.0381979293696735,-0.0153777651438755,0.0660914588683437,0.0268189604088173,-0.0050490187006057,0,-0.00572494337046892,-0.00316217245012457,0,-0.0102088819307157,0.0586581638133069,0.00222222365550647,0.00218227429016342,0.0247873744954998,0,0,0.00159075191609848,-0.0298272950223559,-0.0226738238753515,-0.0079672895547482,0,0.0133291749594729,-0.0109902656156545,0,-0.0257840529510474,0,0.01835617834986,0,0,-0.00635494474641218,0,0,0,0,-0.00689425217859792,0.0307919266330187,0,-0.0139828826378867,0,0.0200534657259642,-0.0125158484562083,0,-0.00470645722333454,0,0,0,0,0,0,0.0432341479116404,-0.0454937614719381,0,0.0240950559999766,0,-0.0240512975916809,-0.0310832964404071,0,0,0,0.00216930091920661,0,-0.0262001810045816,0.0670314991888054,0,-0.00622599438593742,-0.00552395995237159,0,0,-0.0331645179744985,-0.0262905354665677,0.00823518021419262,0,-0.0391823853148349,-0.00377832126186529,0,0,0,0,-0.0016439060904384,0.00431337228206896,-0.00516650897580769,0,-0.0337050588919113,0,0,0,0,-0.0707191938670371,0,0.0203556607436452,0,0.0249404692189383,0,0,0.027934215113988,0,0,0.0113240522259895,-0.017538651078525,0,0.00876714847932341,0,0,0,0,0.00972356994508333,-0.000411649600124671,0,0,0,0,0,0,0,0,0,0,0,0,0,0,-0.0104648142274371,0,-0.00381967127610736,0,-0.0149526957136497,0.042992728733108,0,-0.0116031667215862,-0.00327425414499023,0,0,0,-0.00503205941118182,0,0.0497162423152672,0,-0.0300999155964059,0.0260950267672487,0,0.0265624914520707,-0.00794983518017438,0.00119468214812713,-0.0227625487985402
NA,NA,NA,NA,NA,NA,NA,NA,NA,NA,NA,NA,NA,NA,NA,NA,NA,NA,NA,NA,NA,NA,NA,NA,NA,NA,NA,NA,NA,NA,NA,NA,NA,NA,NA,NA,NA,NA,NA,NA,NA,NA,NA,NA,NA,NA,NA,NA,NA,NA,NA,NA,NA,NA,NA,NA,NA,NA,NA,NA,NA,NA,NA,NA,NA,NA,NA,NA,NA,NA,NA,NA,NA,NA,NA,NA,NA,NA,NA,NA,NA,NA,NA,NA,NA,NA,NA,NA,NA,NA,NA,NA,NA,NA,NA,NA,NA,NA,NA,NA,NA,NA,NA,NA,NA,NA,NA,NA,NA,NA,NA,NA,NA,NA,NA,NA,NA,NA,NA,NA,NA,NA,NA,NA,NA,NA,NA,NA,NA,NA,NA,NA,NA,NA,NA,NA,NA,NA,NA,NA,NA,NA,NA,NA,NA,NA,NA,NA,NA,NA,NA,NA,NA,NA,NA,NA,NA,NA,NA,NA,NA,NA,NA,NA,NA,NA,NA,NA,NA,NA,NA,NA,NA,NA,NA,NA,NA,NA,NA,NA,NA,NA,NA,NA,NA,NA,NA
-0.0144480287084991,0.049876518099637,-0.0180714613119851,0,-0.0411335875741717,0,0.0551537086072167,0.0123067576602147,0,-0.0275314820255305,0,0,0,0.0659236192814151,0.044896880552167,-0.00911228105546524,-0.0323229269250248,-0.00718944344291101,-0.00586774726269454,0,-0.00146017011243674,0,-0.020460575318696,0,0.0100480414695885,-0.00525412441847702,0,0.0142584051615759,0,-0.0386244993651128,-0.0024240361998896,0,0,0,0,0,0,0,0,0,0,0.0189574967842952,0.059361827592906,0.0391187737729525,-0.0158135617610816,0.0662687015777214,0.0271965022544047,-0.00422342838887041,0,-0.00588641345538883,-0.00295282254893851,0,-0.00985401389036312,0.0594540903185528,0.00206557851889827,0.00145687814968706,0.0248704652853071,0,0,0.00160721277692707,-0.0305334987082721,-0.0225764303410417,-0.00809518600084466,0,0.0131819299005183,-0.0112897568941575,0,-0.026320241925863,0,0.0187410977842436,0,0,-0.00623800405477769,0,0,0,0,-0.00713500505123159,0.0297377576949491,0,-0.0145439972963427,0,0.0201767427420607,-0.0122527290556271,0,-0.00473177179902109,0,0,0,0,0,0,0.0429359163199654,-0.0461898199755966,0,0.0245756898875579,0,-0.0244468695641537,-0.0311199352239002,0,0,0,0.00234564549340364,0,-0.0259905013460801,0.0672046865569421,-0.00016203575624488,-0.00641446730723043,-0.00534585677586038,0,0,-0.0335483190536487,-0.026827179491603,0.00847196859060184,0,-0.0402009249942974,-0.00352559728456715,0,0,0,0,-0.00145705781172882,0.00450629594717245,-0.00447280849752,0,-0.0335674764847004,0,0,0,0,-0.0710779507597795,0,0.0212932399610372,0,0.0229382380245687,0,0,0.0267393500821698,0,0,0.0101875635643442,-0.0168255476636509,0,0.00926922372318839,0,0,0,0,0.0104314029484316,-0.0000903993427404183,0,0,0,0,0,0,0,0,0,0,0,0,0,0,-0.0109278417721241,0,-0.00269933712200736,0,-0.0150024028721241,0.0430099224302094,0,-0.010870595296997,-0.00263926804969877,0,0,0,-0.00515589541734257,0,0.0504320925646049,0,-0.0299418190185014,0.0261819029272701,0,0.0269111059390116,-0.00697269713846909,0.00131601426835592,-0.0236921231559615
NA,NA,NA,NA,NA,NA,NA,NA,NA,NA,NA,NA,NA,NA,NA,NA,NA,NA,NA,NA,NA,NA,NA,NA,NA,NA,NA,NA,NA,NA,NA,NA,NA,NA,NA,NA,NA,NA,NA,NA,NA,NA,NA,NA,NA,NA,NA,NA,NA,NA,NA,NA,NA,NA,NA,NA,NA,NA,NA,NA,NA,NA,NA,NA,NA,NA,NA,NA,NA,NA,NA,NA,NA,NA,NA,NA,NA,NA,NA,NA,NA,NA,NA,NA,NA,NA,NA,NA,NA,NA,NA,NA,NA,NA,NA,NA,NA,NA,NA,NA,NA,NA,NA,NA,NA,NA,NA,NA,NA,NA,NA,NA,NA,NA,NA,NA,NA,NA,NA,NA,NA,NA,NA,NA,NA,NA,NA,NA,NA,NA,NA,NA,NA,NA,NA,NA,NA,NA,NA,NA,NA,NA,NA,NA,NA,NA,NA,NA,NA,NA,NA,NA,NA,NA,NA,NA,NA,NA,NA,NA,NA,NA,NA,NA,NA,NA,NA,NA,NA,NA,NA,NA,NA,NA,NA,NA,NA,NA,NA,NA,NA,NA,NA,NA,NA,NA,NA
-0.0145459360411957,0.0499350807443462,-0.0182297547006914,0,-0.0408087172846433,0,0.0546195357476881,0.0120013636681808,0,-0.0275556364023084,0,0,0,0.0654171430871919,0.0438666376592733,-0.0091666563230045,-0.0320637505698199,-0.00693471298740261,-0.00584615746864368,0,-0.00163500600220732,0,-0.0206120599267449,0,0.010001811805504,-0.00565286527374122,0,0.0144373402425044,0,-0.0393355699100829,-0.00162003271559951,0,0,0,0,0,0,0,0,0,0,0.018998937195415,0.0592835908835216,0.0388941056346753,-0.0162344381894923,0.0664496051198387,0.0266788451888549,-0.00396197225189455,0,-0.0059012694487748,-0.00296841916291441,0,-0.010237652528087,0.0585766089248933,0.00200125938789479,0.00180124048459077,0.0254182433779896,0,0,0.00155014845476885,-0.0306116553083607,-0.0225259539427051,-0.0076526565462155,0,0.0133549546191302,-0.0113521045228142,0,-0.0258675898702155,0,0.0186105756137661,0,0,-0.00610392372158657,0,0,0,0,-0.00715047696268661,0.0295378533604136,0,-0.0146785972333115,0,0.0199905077744768,-0.0121965331336474,0,-0.00455183045958692,0,0,0,0,0,0,0.0434883550050281,-0.0463438342684961,0,0.0247480912731455,0,-0.0240206010140322,-0.0310454254281982,0,0,0,0.00243571819869207,0,-0.0260184163033359,0.0669313906076152,0,-0.00654130054214547,-0.00563159444568894,0,0,-0.0333624506782502,-0.0266666047657511,0.00846703769740768,0,-0.0399550972108114,-0.00351657792339813,0,0,-0.000309354794232493,0,-0.00104332280110533,0.00392314367733203,-0.00464415827346315,0,-0.0334808934148397,0,0,0,0,-0.0708724588909512,0,0.0209925075093252,0,0.023012812744012,0,0,0.0262052661816672,0,0,0.0103972169122191,-0.0170379531207704,0,0.00925999866164722,0,0,0,0,0.00995977452964046,-0.000301730664180479,0,0,0,0,0,0,0,0,0,0,0,0,0,0,-0.0104263597383931,0,-0.00271572865197762,0,-0.0148721349244974,0.0428211820038261,0,-0.0116008435527532,-0.00244764165389673,0,0,0,-0.00516435108157007,0,0.0500540106950707,0,-0.0295703486711628,0.0261288681052217,0,0.0272754202404815,-0.00711035827781451,0.00126748494118733,-0.0235529146201332
NA,NA,NA,NA,NA,NA,NA,NA,NA,NA,NA,NA,NA,NA,NA,NA,NA,NA,NA,NA,NA,NA,NA,NA,NA,NA,NA,NA,NA,NA,NA,NA,NA,NA,NA,NA,NA,NA,NA,NA,NA,NA,NA,NA,NA,NA,NA,NA,NA,NA,NA,NA,NA,NA,NA,NA,NA,NA,NA,NA,NA,NA,NA,NA,NA,NA,NA,NA,NA,NA,NA,NA,NA,NA,NA,NA,NA,NA,NA,NA,NA,NA,NA,NA,NA,NA,NA,NA,NA,NA,NA,NA,NA,NA,NA,NA,NA,NA,NA,NA,NA,NA,NA,NA,NA,NA,NA,NA,NA,NA,NA,NA,NA,NA,NA,NA,NA,NA,NA,NA,NA,NA,NA,NA,NA,NA,NA,NA,NA,NA,NA,NA,NA,NA,NA,NA,NA,NA,NA,NA,NA,NA,NA,NA,NA,NA,NA,NA,NA,NA,NA,NA,NA,NA,NA,NA,NA,NA,NA,NA,NA,NA,NA,NA,NA,NA,NA,NA,NA,NA,NA,NA,NA,NA,NA,NA,NA,NA,NA,NA,NA,NA,NA,NA,NA,NA,NA
-0.0128820882107195,0.05015672767451,-0.0189440589263401,0,-0.0401851091068946,0,0.0543293952646589,0.0100520543436591,0,-0.0249462335504504,0,0,0,0.0658203251678998,0.0450682734334157,-0.00998243530242326,-0.0316432535368955,-0.00622402698548841,-0.00593079945308346,0,-0.00165314954734574,0,-0.0191838316155451,0,0.00874946357438484,-0.00608214141001366,0,0.014761834101429,0,-0.0368263683538081,-0.00314000823705947,0,0,0,0,0,0,0,0,0,0,0.0181932814856563,0.0598085876563993,0.0391065456466282,-0.0152559294203766,0.0645729930006478,0.0255561579323424,-0.00483327435565435,0,-0.00587782810894564,-0.00389632785628395,0,-0.0089448742477028,0.058451410063477,0.00413344578440743,0.000824866244741621,0.0220877648993443,0,0,0.0014760726438418,-0.0300817831154143,-0.0223611277505917,-0.00831106864345059,0,0.0109717346804875,-0.0110984820750084,0,-0.0253058007827275,0,0.018344632635886,0,0,-0.0046857956305826,0,0,0,0,-0.0080472514437638,0.0293191780925006,0,-0.0142978933825334,0,0.020937759306456,-0.0139015446528626,0,-0.00261380726278998,0,0,0,0,0,0,0.0434256640281015,-0.0450826101697993,0,0.0250755586714835,0,-0.0243133359217827,-0.0329645641683061,0,0,0,0.0000848482198860707,0,-0.0261123255060368,0.0680675319926592,0,-0.00740699613068752,-0.00628908238858326,0,0,-0.0342991146578129,-0.0281804608391817,0.00736701369896351,0,-0.0396342054905286,-0.00257519164635091,0,0,-0.00107413176212484,0,-0.000155247793074871,0.00296628197906343,-0.0051151538924404,0,-0.0329716455464262,0,0,0,0,-0.0741715228691742,0,0.0227600584848531,0,0.0270744488071923,0,0,0.0257368175323548,0,0,0.0155040423596754,-0.0172080336328359,0,0.00696783548708427,0,0,0,0,0.00935046110679579,-0.000208024076605524,0,0,0,0,0,0,0,0,0,0,0,0,0,0,-0.00996434979693426,0,-0.00252597538258209,0,-0.014657518734045,0.0423527002416836,0,-0.0120404114159178,-0.00355326285169051,0,0,-0.000307446470610756,-0.00612516596104531,0,0.0531671495246063,0,-0.0288375208081216,0.0239536274948684,0,0.0273594448278678,0,0.0061364433441739,-0.0239417638774731
-0.013041318098252,0.0503479670866642,-0.020872524158159,0,-0.0393272852000136,0,0.0536663092931503,0.010107011458711,0,-0.0239196694009294,0,0,0,0.0665218024769234,0.0443299348346118,-0.00960758420895176,-0.031592208203129,-0.00742718453321357,-0.00666012420272221,0,-0.00236617448748201,0,-0.0192873933721561,0,0.00893275731004277,-0.00623142655210152,0,0.0143321964899876,0,-0.0380836540827079,-0.00343480754931845,0,0,0,0,0,0,0,0,0,0,0.0182686038459958,0.0574790647812706,0.0391608713990437,-0.0159028628035761,0.0657455473068447,0.0258524956278566,-0.00511664418389826,0,-0.00528776746691127,-0.00399733720512502,0,-0.00899732067983875,0.0582706072734983,0.00284165771028522,0.00202431795725791,0.0239900815224209,0,0,0.002812298454893,-0.0325618082352116,-0.022900018998291,-0.00891607466439866,0,0.0131938411515655,-0.0109076597070017,0,-0.023998303870579,0,0.0185889085875514,0,0,-0.00575024742485217,0,0,0,0,-0.00734096160211944,0.0288779533149106,0,-0.0143392983476798,0,0.0204732418601493,-0.0128620460530199,0,0,0,0,0,0,0,0,0.0434463850065011,-0.0477451337795669,0,0.0236791001399434,0,-0.0241164034082681,-0.0310044023744341,0,0,0,0.00103908059250338,0,-0.0266103452572777,0.067065994642773,0,-0.0066329565883609,-0.00688348306988344,0,0,-0.0335754406959188,-0.0284387687058521,0.00712637010126432,0,-0.039361332185394,-0.00165573212764984,0,0,0,0,-0.000102323623240384,0.00318704784437194,-0.00520395871911747,0,-0.0337805845629869,0,0,0,0,-0.0721242620649212,0,0.0213945725643943,0,0.029631992256131,0,0,0.0270112777613395,0,0,0.0127284512460338,-0.0175559282935863,0,0.0091968797506073,0,0,0,0,0.00975156906359613,-0.000300654116727124,0,0,0,0,0,0,0,0,0,0,0,0,0,0,-0.0104427016007064,0,-0.00313883435179504,0,-0.0147838991436373,0.0427977331873466,0,-0.0116232434346154,-0.00382251914199433,0,0,0,-0.00595724006502923,0,0.0496598462167981,0,-0.0287144096082037,0.0235332050223146,0,0.0276408423381763,-0.0101140764231654,0.00369614025605807,-0.0206559798493593
-0.0145522470752021,0.0505215401393648,-0.017730637965572,0,-0.0404314884743979,0,0.0551240549399485,0.0117151988968778,0,-0.027224857785379,0,0,0,0.0661848921288894,0.0446604395143848,-0.00938004292330935,-0.0316061358498996,-0.00653272393509682,-0.00547080601524654,0,-0.00126755103764762,0,-0.0199329659611774,0,0.0096463732792313,-0.0059511304534396,0,0.0145714026506531,0,-0.0384582829945369,-0.000955717667454319,0,0,0,0,0,0,0,0,0,0,0.0184613869177902,0.0597239141301112,0.0385634820054611,-0.0167106719887496,0.0658411298936391,0.0266071797506284,-0.00382321366666676,0,-0.00597124114599737,-0.00295615271959097,0,-0.0103206945697368,0.058667312280333,0.00200253270840838,0.00206113632382643,0.025760368126186,0,0,0.00178146265438333,-0.0305396860477865,-0.0225377895479036,-0.00721899390731588,0,0.0133856367190943,-0.011172216255482,0,-0.0258184628801408,0,0.0183939367809549,0,0,-0.00606481842861763,0,0,0,0,-0.00692912436874654,0.030258993786273,0,-0.0141906873046483,0,0.0202080763747585,-0.0123382372482456,0,-0.0043320599598615,0,0,0,0,0,0,0.0432704329473059,-0.0464479154011516,0,0.0250613391150122,0,-0.0242650281072768,-0.0310699338520311,0,0,0,0.0026268612652561,0,-0.0257654185632119,0.0658969162391621,0,-0.00587714773305386,-0.00583553793842383,0,0,-0.0328163154275246,-0.0264519381552639,0.00800224627472712,0,-0.0391501161141106,-0.00431187119598852,0,0,-0.00054547252731622,0,-0.00149965287536241,0.00358149429503489,-0.00472537408122865,0,-0.0326254594328643,0,0,0,0,-0.07036991951241,0,0.0210878952740216,0,0.0236488316453012,0,0,0.0265068033160247,0,0,0.0101150217358546,-0.0165815829852769,0,0.00905261052310939,0,0,0,0,0.00963431747057091,-0.000287201148438782,0,0,0,0,0,0,0,0,0,0,0,0,0,0,-0.0101320125702248,0,-0.00215755982930195,0,-0.0148852111626845,0.0419388114630688,0,-0.0118457870554759,-0.00198439622298597,0,0,0,-0.00504720880324896,0,0.0502079292412416,0,-0.0294973357235572,0.0261876268717832,0,0.0275907732702602,-0.00700142431856252,0.00104473287125438,-0.0234473437831018
-0.0135575964986626,0.0496631912173442,-0.0194074050929782,0,-0.0399940864868086,0,0.0543526406530251,0.0116394161959413,0,-0.0275127077678557,0,0,0,0.0651216170037742,0.0426276025493849,-0.00927599036216937,-0.0319407711728117,-0.00746486582500177,-0.00552711943152626,0,-0.00101427125104947,0,-0.0177900846772163,0,0.00897044075729887,-0.00593484460949893,0,0.0146927109899745,0,-0.0388645648188729,-0.00136971325395666,0,0,0,0,0,0,0,0,0,0,0.018044377450035,0.0588394877210819,0.0385287674500952,-0.0146334563287747,0.0659671392230266,0.0261032693393035,-0.00436821775018595,0,-0.00623193517327072,-0.00343423855921701,0,-0.0105541478599501,0.0585965433956495,0.00271092334884121,0.000903044427428081,0.0248332759113653,0,0,0.00164532150574866,-0.0313412167065301,-0.0228203852180552,-0.00761243200659862,0,0.0127088545155933,-0.0111671740053758,0,-0.0256138966134771,0,0.0184167406795065,0,0,-0.0065232502044907,0,0,0,0,-0.00704396152776591,0.0293614846359329,0,-0.0151432179484303,0,0.0198909683616095,-0.0130215347174309,0,-0.00555268333120021,0,0,0,0,0,0,0.0431271543569274,-0.0467135157338908,0,0.0244347189092681,0,-0.0240620706619091,-0.0313602493538391,0,0,0,0.00247942169088096,0,-0.0261567120058734,0.0675182655191136,-0.0002488385700714,-0.00620731365628544,-0.00543279273093318,0,0,-0.0341762279187682,-0.0268904349465615,0.00879754670851056,0,-0.039856180955874,-0.00231534252307378,0,0,0,0,-0.00287464999405574,0.00306800401861667,-0.00479179272210068,0,-0.0326054111841126,0,0,0,0,-0.068992754539149,0,0.0206604240839929,0,0.0230299907299585,0,0,0.0264963037353833,0,0,0.0132618805695424,-0.01690911322156,0,0.00810853047209476,0,0,0,0,0.0105485541584325,-0.000444307464972957,0,0,0,0,0,0,0,0,0,0,0,0,0,0,-0.00948539134448721,0,-0.00371823496893088,0,-0.0147952090059321,0.042426006889503,0,-0.0118533209179475,-0.00204561050175098,0,0,0,-0.00507614242757131,0,0.0499164730243601,0,-0.0292839555123256,0.0260816949008549,0,0.0276986487278342,-0.00619905565657933,0.000812688491547678,-0.0234322193380801
-0.019692752174979,0.0495684880855252,-0.00987026125557707,0,-0.0375840830824503,0,0.0528664285579357,0.00803021612482242,0,-0.0195221799973824,0,0,0,0.0707667892734353,0.0449549454479451,-0.0115275398605267,-0.0349357787471466,-0.00167772003667535,-0.00895260334390242,0,-0.00404170032172671,0,-0.0170046381634864,0,0.0131910077063409,-0.00401545480854813,0,0.0166182776135057,0,-0.0353869412540051,0,0,0,0,0,0,0,0,0,0,0,0.0208899285943402,0.0625916919388155,0.0363980719143358,-0.0167286778009203,0.0608828632377799,0.0315851343172376,0,0,-0.00513896871846088,-0.00398018406324805,0,-0.0105179011829619,0.0582827023825281,0.00600734044220235,0.00213311378376739,0.0238771744413083,0,0,0.00364263345245829,-0.0288389141919125,-0.0132205903888625,-0.00640185133915976,0,0.0185186548343089,-0.0103295890521847,0,-0.0331209549272827,0,0.0191653520221667,0,0,-0.00526488651560288,0,0,0,0,0,0.0296881346798994,0,-0.014674147757394,0,0,-0.0122085820500377,0,-0.00378033130314991,0,0,0,0,0,0,0.0308510452205,-0.050089670883363,0,0.0252496761139898,0,-0.021867510222085,-0.0316817107505848,0,0,0,0.00264735718809972,0,-0.0249047412234757,0.0701449469561323,0,-0.0141860632729332,-0.00630452946531285,0,0,-0.0361440800015457,-0.0345915853386811,0.00989394322978549,0,-0.0329281678321037,-0.000177701461644601,0,0,0,-0.00048406213060398,-0.00115430082207925,0.00017970976615715,-0.00992180661566205,0,-0.0341575580488679,0,0,0,0,-0.0604488889348046,0,0.0197521498128233,0,0.0307775395079544,0,0,0.0305624763559202,0,0,0,-0.00989589361208377,0,0.0108925684867234,0,0,0,0,0.0089718616506716,-0.000205751122838228,0,0,0,0,0,0,0,0,0,0,0,0.00139480510139645,0,0,-0.00458545259252909,0,0,0,-0.0147626813791648,0.0474406012208195,0,-0.00773820502765193,0,0,-0.0327714050489617,0,-0.00732301562566843,0,0.0569833835069134,0,-0.029561691191291,0.0207934926153364,0,0.0272667529002102,-0.00720386901201239,0.0000616572612257224,-0.0217942686868636
-0.0120522674602884,0.0464407762374589,-0.0183479752989835,0,-0.0398342955422835,0,0.0556866631506941,0.0116067590727058,0,-0.0269924574561758,0,0,0,0.0663676077467101,0.0453573111941232,-0.0108826505165097,-0.031689497067419,-0.00758365317782749,-0.00692276358166658,0,0,0,-0.0187419176922174,0,0.00958421313513574,-0.00735636698335723,0,0.0144029551729685,0,-0.0399726660464755,-0.00198958769571276,0,0,0,0,0,0,0,0,0,0,0.0173911804322969,0.0606180672146597,0.0373785332531779,-0.0147319473385268,0.0688449508843398,0.0231588662465924,-0.00551638449631408,0,-0.00611573742747293,-0.00292245829485684,0,-0.0120823220186955,0.0594941397947657,0,0,0.0281011623722875,0,0,0.00381143854706686,-0.0319176751917932,-0.0228611229511794,-0.0037092407636771,0,0.0163845725605642,-0.0108802940705974,0,-0.0253739364872724,0,0.019407029533235,0,0,-0.00622047131008239,0,0,0,0,-0.00548804518707938,0.028663660677098,0,-0.0147562610544866,0,0.0214372956150608,-0.012493662240128,0,-0.0058053950342645,0,0,0,0,0,0,0.04084228115519,-0.0469246872836423,0,0.0242735431996012,0,-0.023536956372103,-0.0310073167557082,0,0,0,0.00159204291989081,0,-0.0255988599285438,0.0663663226822225,-0.00174577152116384,-0.0061171161324794,-0.00493482481834694,0,0,-0.0330619348276503,-0.0278792310272544,0.00853177663853732,0,-0.039147906246505,-0.00448147520114999,0,0,-0.00147740421490841,0,-0.00445362092190061,0.00433569535908994,-0.00270103427028734,0,-0.0346337949176735,0,0,0,0,-0.0694946082178077,0,0.0223964987507816,0,0.0229367804041349,0,0,0.0235983466305898,0,0,0.0247251800415067,-0.0172249710778165,0,0.00491815724991484,0,0.00187620976281036,0,0,0.00673732399573158,-0.0000156172050766165,0,0,0,0,0,0,0,0,0,0,0,0,0,0,-0.00913172819919172,0,-0.00320365675369831,0,-0.0152189550012623,0.0449251060622519,0,-0.0126176785724676,-0.00307422210743225,0,0,-0.000580935779137806,-0.00275408500733776,0,0.0575320809061182,0,-0.0293256805369662,0.0257648038828617,0,0.027982048893308,-0.0040910294421042,0.00181132597679388,-0.0235168275653147
-0.014386097152385,0.049474297557179,-0.0191267022065165,0,-0.0404273855883985,0,0.0555621278838786,0.012383191493016,0,-0.0272364747613798,0,0,0,0.0638337973918365,0.0428333286906951,-0.00902328606775196,-0.0320193166579568,-0.00675423173548806,-0.00590356464987249,0,-0.0024848772417651,0,-0.0205032360192698,0,0.0102469249241424,-0.0060458919706458,0,0.0147528775612975,0,-0.0385169797879697,-0.00178508518945699,0,0,0,0,0,0,0,0,0,0,0.019525391753616,0.0590270993822383,0.0383937941630913,-0.0160378151465621,0.0668012079766902,0.0262782558137809,-0.00420534573986262,0,-0.0058602071375663,-0.00309382747866694,0,-0.00967515974740264,0.0571226640060527,0.00193350716174331,0.00201711793167995,0.0253224135215749,0,0,0.00171003653853194,-0.030736034435115,-0.0228732369181452,-0.00848958237931203,0,0.0142721825328331,-0.0107288692130943,0,-0.0256967360714695,0,0.0177088298561139,0,0,-0.00611061445445447,0,0,0,0,-0.00698328667461948,0.0298140469038231,0,-0.0146370723875198,0,0.0197348300987569,-0.0128318868301738,0,-0.00484859295193898,0,0,0,0,0,0,0.0440531211453121,-0.0465788411284075,0,0.0249817941872184,0,-0.0239103057264384,-0.03114484985203,0,0,0,0.00256127161919711,0,-0.0263712873038017,0.0674801158631034,-0.00000368549965133712,-0.0063569819430075,-0.00529582897964739,0,0,-0.0334318795890028,-0.0268832131348889,0.00848220061846898,0,-0.0396118875470497,-0.00406522552443442,0,0,-0.000484208778149581,0,-0.00153016330006094,0.00374822515077997,-0.00539184175355158,0,-0.0341662804279256,0,0,0,0,-0.0706352566117583,0,0.0207949171341463,0,0.0238912205136129,0,0,0.0251671149457409,0,0,0.0101879765684116,-0.0169184260237345,0,0.00930015889391103,0,0,0,0,0.0100551957165203,-0.000953706539194183,0,0,0,0,0,0,0,0,0,0,0,0,0,0,-0.0101698123299673,0,-0.00214856164978105,0,-0.0147505763678497,0.0425217133302986,0,-0.0115452675133921,-0.00201648507819413,0,0,-0.0000247023219479534,-0.00576915400447712,0,0.0502220149864656,0,-0.02925239551246,0.025689108160045,0,0.0267097376133063,-0.00790546633539679,0.00173203387053118,-0.0230435881903243
-0.014611652067418,0.0504721512693063,-0.0185826318199735,0,-0.0402386864866326,0,0.0545461913994382,0.0111906067507278,0,-0.0266416236236747,0,0,0,0.0653832502082821,0.0427168374986255,-0.00890859883899099,-0.0318470420528352,-0.0060892159120757,-0.00566146769223945,0,-0.00136245130481113,0,-0.0196899418067781,0,0.00951166257172763,-0.00596472773990335,0,0.0147716942647202,0,-0.0385230598454355,-0.000844006389762136,0,0,0,0,0,0,0,0,0,0,0.0186546539219703,0.0591044875934648,0.0377301101228973,-0.0162328332837525,0.0659870740665494,0.0265431579827909,-0.0041162009490469,0,-0.00582877864278338,-0.00304618614875514,0,-0.0109222226788412,0.0576053896078288,0.00206464326143196,0.00220335033357938,0.025291706221219,0,0,0.00194039794847356,-0.0308360083804489,-0.0222763951237983,-0.00723458180071079,0,0.0135782314237036,-0.0110160197001961,0,-0.0253990177450636,0,0.0176401479669828,0,0,-0.00601789108826336,0,0,0,0,-0.00707927096714945,0.0298809609753023,0,-0.0143027493367123,0,0.0199578904372039,-0.013766123071122,0,-0.00464364153770887,0,0,0,0,0,0,0.0435910427364526,-0.0463022670205658,0,0.0245662487701292,0,-0.0239004031666339,-0.0308851466749694,0,0,0,0.0025594319893245,0,-0.0257709780131402,0.0666003232444129,0,-0.00610054501715103,-0.00563416893160199,0,0,-0.0329133146752593,-0.0265368733818961,0.00796775524526942,0,-0.0393210981491997,-0.00343869570277076,0,0,-0.000571194377960942,0,-0.00184336410858857,0.00329631134339829,-0.00663981784486222,0,-0.0325492351940123,0,0,0,0,-0.0706097866495971,0,0.0207522862517123,0,0.0238553931498405,0,0,0.0262203624652781,0,0,0.0106307478150208,-0.016592066408041,0,0.00944414627613238,0,0,0,0,0.00940621750689041,-0.0000639675721855209,0,0,0,0,0,0,0,0,0,0,0,0,0,0,-0.0100690864874461,0,-0.00232629604193262,0,-0.0148633800293885,0.0420693827119834,0,-0.0121785341900129,-0.0017024054776838,0,0,0,-0.00505411325861621,0,0.0502095381743469,0,-0.029370021482695,0.025806629880962,0,0.0273343229488048,-0.00799750616574575,0.00109276627585784,-0.0231054021904673
-0.0133087087496216,0.0516091666340102,-0.0179787237483061,0,-0.0395596734402778,0,0.053986471364237,0.0112269078787242,0,-0.026693667261292,0,0,0,0.0658446234892215,0.0446655199529715,-0.00953087350160623,-0.0314602860403849,-0.00717752258099518,-0.00431103269619441,0,-0.0017805276358698,0,-0.0204039921239,0,0.00823092965200678,-0.00708635645516812,0,0.0143024222343519,0,-0.0394766977618952,-0.00175304862621056,0,0,0,0,0,0,0,0,0,0,0.0177775371734284,0.0578678574342054,0.0385676623011235,-0.0149625978510964,0.0665214881083165,0.0271225263647493,-0.0038617012459516,0,-0.00618939184703486,-0.00316771192058986,0,-0.0107836598459004,0.0570595011408739,0.00248684517199874,0.00324148138292756,0.0260124200687827,0,0,0.00200073941612998,-0.0307115914963869,-0.0225046577156368,-0.00817375368108732,0,0.0131287200685235,-0.011102427154809,0,-0.0252514033409987,0,0.019665461101986,0,0,-0.00623222466615823,0,0,0,0,-0.00722056665085128,0.0385759510249975,0,-0.0152822759812629,0,0.0194752881967823,-0.0123160365476071,0,-0.00578269541851082,0,0,0,0,0,0,0.0427227112571723,-0.04661999115954,0,0.024669261004671,0,-0.02423018709547,-0.0303481083589048,0,0,0,0.00113292833440858,0,-0.0255353266975021,0.0665104768185877,0,-0.00510126441410759,-0.00690646841826059,0,0,-0.0332291885339961,-0.0265567868420908,0.00787837862784265,0,-0.0397765875704699,-0.00421909306874794,0,0,0,0,-0.00266782412993308,0.00278953715361728,-0.00357653999644149,0,-0.0317067450218843,0,0,0,0,-0.0682067064733548,0,0.0200150410096946,0,0.0238918113209192,0,0,0.0251589534064434,0,0,0.00849757363135385,-0.0171563310862469,0,0.00721013882004585,0,0,0,0,0.00993307391077254,-0.00083711618720667,0,0,0,0,0,0,0,0,0,0,0,0,0,0,-0.00910652892058431,0,-0.00247183436979981,0,-0.0150341537104005,0.042488555192002,0,-0.0115747437884184,-0.00210885529299582,0,0,0,-0.00528912391277597,0,0.0499276770256681,0,-0.0283126922941816,0.0254960516206031,0,0.0283432302232863,-0.00611763877734684,0.000846860486519557,-0.0226254979078658
-0.0146690361444551,0.0503650316189124,-0.0180765266907229,0,-0.039707661227905,0,0.0544824437556739,0.0108704199315704,0,-0.0270317510559284,0,0,0,0.065808372538334,0.043160367908956,-0.00907063843231285,-0.0315839604635278,-0.00665672292190147,-0.00560930179001419,0,-0.000899626296288885,0,-0.019413966513805,0,0.00949468137936964,-0.00614708157236651,0,0.0145106719826705,0,-0.0382177797601715,-0.00122589240274353,0,0,0,0,0,0,0,0,0,0,0.0186907827081093,0.0591625785353054,0.0379442045636134,-0.0160096057914994,0.0657180829453354,0.0261817404262777,-0.00431488483413988,0,-0.00601632833211843,-0.00294494069211431,0,-0.0105051422592653,0.0576963703156071,0.00217564344698161,0.0024534104174869,0.0258987412548485,0,0,0.00188940533767741,-0.0302784156710798,-0.0222260902423185,-0.00684160216784854,0,0.0130591772223621,-0.0112266862477786,0,-0.0251236771028014,0,0.0187765552326193,0,0,-0.00578614639397023,0,0,0,0,-0.00701218819138001,0.0291471680763769,0,-0.0142606566380726,0,0.0196065752173147,-0.0125004271589493,0,-0.00457042041067519,0,0,0,0,0,0,0.042979341385882,-0.0458012428980745,0,0.0248996282306831,0,-0.0238483966519675,-0.0312169953473569,0,0,0,0.00261403506159671,0,-0.0258094370519183,0.0667074299639363,0,-0.00618743020211026,-0.00566025471022371,0,0,-0.032883840465446,-0.0267042364545609,0.0077543974601996,0,-0.0394320468116893,-0.00384839163432327,0,0,0,0,-0.00104244929376115,0.00313887168203447,-0.0051933462845727,0,-0.0328939592680556,0,0,0,0,-0.0703029361872945,0,0.0205708313063549,0,0.0235325311604498,0,0,0.0266048801132753,0,0,0.0114778915334306,-0.016788403885503,0,0.00908212554252028,0,0,0,0,0.00903820103089736,0,0,0,0,0,0,0,0,0,0,0,0,0,0,0,-0.00970135409457854,0,-0.0032947100774506,0,-0.0145473781622842,0.0410469383990737,0,-0.011959019808498,-0.00234468027490439,0,0,0,-0.00461261442574732,0,0.0498351664149266,0,-0.0300306501813591,0.025855875701227,0,0.0263658007019491,-0.0075655275919231,0.00117843913329125,-0.0232398857938051
-0.0148504670373007,0.0501186716367522,-0.0178230204126532,0,-0.0403346191453668,0,0.0544725518139615,0.0113860945250739,0,-0.027767210939208,0,0,0,0.0660358688415554,0.0432034270253771,-0.00903516961940325,-0.0316584000113344,-0.00637557154641032,-0.00492555593117314,0,-0.00087677041711189,0,-0.0190703309214336,0,0.00928480680422594,-0.00622045246466282,0,0.0147809010371689,0,-0.0387788916264828,-0.0018847293615408,0,0,0,0,0,0,0,0,0,0,0.0183326989892497,0.059862238891679,0.0381948514036559,-0.0165888193570706,0.065362602892502,0.0267189985535617,-0.00408020119458591,0,-0.00614530062930498,-0.00312581971512122,0,-0.0106966371211449,0.0583601368497281,0.00208573839045368,0.00235955746837444,0.0253470378038168,0,0,0.00197904333757824,-0.0315247376559777,-0.0223090733930335,-0.0066152388875241,0,0.0135608176732459,-0.0110488910685381,0,-0.025333448937004,0,0.0185815625770459,0,0,-0.00576586220899442,0,0,0,0,-0.0069910547916048,0.0298085205458688,0,-0.0142101179698226,0,0.0200934223118317,-0.0119528984747552,0,-0.00454966860309901,0,0,0,0,0,0,0.043224304479604,-0.0464748601406827,0,0.0254261572209158,0,-0.023928773213069,-0.0312730044268548,0,0,0,0.00281387958397543,0,-0.0273012828714893,0.0661834101353998,-0.00000186138712045607,-0.00554584391984249,-0.0052906789488507,0,0,-0.0335142653014183,-0.0266122641035047,0.00685156616443224,0,-0.0391921618601256,-0.00451392600921458,0,0,-0.0000719632560256183,0,-0.000614169329405384,0.00339194912710092,-0.00468229859838546,0,-0.0328747360751821,0,0,0,0,-0.0699426262453485,0,0.0207928870323065,0,0.0242208656454569,0,0,0.0275106409363471,0,0,0.0107015998573705,-0.0165737654353034,0,0.00848773190034391,0,0,0,0,0.00900469834170316,-0.000111390170843242,0,0,0,0,0,0,0,0,0,0,0,0,0,0,-0.0101159036559569,0,-0.00321084651350988,0,-0.0148851105142015,0.0410018625165584,0,-0.0114648802769566,-0.00178960859129962,0,0,0,-0.00481000243121652,0,0.0501016974092083,0,-0.0294974512865803,0.026232847440058,0,0.0278905224245003,-0.00772419623622233,0.0013175752244864,-0.0229624031658198
-0.0143731458370058,0.0499768988515883,-0.0178582540168097,0,-0.0404602036238412,0,0.0548116857432259,0.0115009528050703,0,-0.0277911714115649,0,0,0,0.0661005209815941,0.0439334205778254,-0.00902155980285718,-0.0318645791974242,-0.00691669436017403,-0.00566807655994879,0,-0.00153796563854617,0,-0.0199561407960372,0,0.00944530032868597,-0.00576661079097818,0,0.0142645165169253,0,-0.0383720445294725,-0.00189740531594904,0,0,0,0,0,0,0,0,0,0,0.0185690089604437,0.059275505526353,0.0384889622223961,-0.0156988486486126,0.0659133683080558,0.0269194705678102,-0.00432627767845831,0,-0.00612739699948345,-0.00294239332797415,0,-0.0102063623277619,0.0584232525770086,0.00202495613053212,0.00208656198425189,0.0252876437075326,0,0,0.00185753426404176,-0.0305125689588477,-0.0221802574672498,-0.00764509284260638,0,0.0133490057376071,-0.011262259955383,0,-0.0259129092089785,0,0.0185020704821656,0,0,-0.00614481605724678,0,0,0,0,-0.00720600546954542,0.0297728608422131,0,-0.0143480349025124,0,0.0200195981405073,-0.0125262349765211,0,-0.00472584554543179,0,0,0,0,0,0,0.0428277950541631,-0.0459407495357258,0,0.0248802971012893,0,-0.0241655084428074,-0.0311080935836725,0,0,0,0.00249394901295745,0,-0.0259153453993688,0.067266614972357,0,-0.00620180951629657,-0.00565722566296136,0,0,-0.0333192040864096,-0.0268628084411501,0.00824326701755055,0,-0.0397534025584855,-0.00384377133474428,0,0,0,0,-0.00154952587779673,0.00367955552963587,-0.00473808271635844,0,-0.0330132230038959,0,0,0,0,-0.0701650899860922,0,0.0208155374931625,0,0.0231222791926141,0,0,0.0267576318953797,0,0,0.0100513609932549,-0.0169549027276584,0,0.00936571805966199,0,0,0,0,0.00992502071358841,-0.0000280612584025551,0,0,0,0,0,0,0,0,0,0,0,0,0,0,-0.0102394923805768,0,-0.00289562975039126,0,-0.0147634615185079,0.0420831309475877,0,-0.0114358736771467,-0.00227559755619035,0,0,0,-0.00512686854103203,0,0.0502472464614589,0,-0.0296847665474828,0.0258447841351995,0,0.026742662550053,-0.00696057865152978,0.00122706387423845,-0.0233890575217526
-0.0153372012304204,0.050804247934467,-0.0177479694544235,0,-0.0406524928050865,0,0.054967024228814,0.0114473763572064,0,-0.0283968540603995,0,0,0,0.0656422889225042,0.0432208451632617,-0.00900704895841767,-0.0325035963694172,-0.00669471689712464,-0.00541625542610375,0,-0.000972304031466966,0,-0.0210184052954632,0,0.00896625677578075,-0.00623846773017922,0,0.0147560310110888,0,-0.0389100609180383,-0.00174591678244988,0,0,0,0,0,0,0,0,0,0,0.0182793452681387,0.060171029966776,0.0391850644549519,-0.0154460378669874,0.0658395711386475,0.0266684963771056,-0.00428824502169221,0,-0.00623334040299406,-0.00303652579122569,0,-0.0109328112142987,0.0585586564963479,0.0024553088255716,0.00271488348792273,0.0252989734696597,0,0,0.00192220502507262,-0.0327236433717731,-0.0225102921467966,-0.00804863736449845,0,0.0142201796453583,-0.0112517215433186,0,-0.0257450933705008,0,0.0192803584484467,0,0,-0.00608912840110616,0,0,0,0,-0.00668606738765951,0.0297887733077116,0,-0.014575181215535,0,0.0191709065546813,-0.0122267309613173,0,-0.00490960638554355,0,0,0,0,0,0,0.0434253723587707,-0.0470917610572679,0,0.0250578764087173,0,-0.0233689461580177,-0.0306137498577482,0,0,0,0.00200464695741323,0,-0.0256066835532378,0.06528521315045,0,-0.00595802144756212,-0.00530490131826091,0,0,-0.0327085138672417,-0.0259541573856886,0.00793362636677913,0,-0.040558541254726,-0.00349439975322518,0,0,0,0,-0.00101416117955182,0.00406418074730361,-0.00540815389272678,0,-0.0325329072677884,0,0,0,0,-0.0696289429178915,0,0.0210052124981227,0,0.0241008628021012,0,0,0.0274743741323329,0,0,0.0111810249319547,-0.016626677953557,0,0.00856079697875767,0,0,0,0,0.00925427549371374,-0.000359154463366834,0,0,0,0,0,0,0,0,0,0,0,0,0,0,-0.0110016563178533,0,-0.00473510600046861,0,-0.0151100510198396,0.0439952332835974,0,-0.011718080198071,-0.00376734121311661,0,0,-0.00313461990832172,-0.00408590642791104,0,0.0500010286706723,0,-0.0287017341456274,0.0256451618365648,0,0.0270235190467255,-0.00699986682227442,0.00142448489121014,-0.0220882518226268
-0.0157580407074666,0.0509854364250463,-0.0190285687135035,0,-0.0405878316376654,0,0.0542475304900502,0.011998171819078,0,-0.0269910986574199,0,0,0,0.0650523686143018,0.0410186344364585,-0.0095742907820846,-0.0316207869434608,-0.00628545332542658,-0.00503277387596119,0,-0.00081296240206662,0,-0.0203541196326826,0,0.00851862993830606,-0.0067897441351329,0,0.0146336964329643,0,-0.0386617418431469,-0.00140534142360864,0,0,0,0,0,0,0,0,0,0,0.0189767352981422,0.0592350084259134,0.038465702541599,-0.0153054512944795,0.0659129460199643,0.0262128785110796,-0.00472690815164229,0,-0.0056307340225383,-0.00297863050994827,0,-0.00977004960608233,0.0569504262534501,0.00340246744394973,0.00285054240011389,0.0249828319378323,0,0,0.00140670843256441,-0.0323186911721265,-0.0245617130326328,-0.00696205397004752,0,0.014543850059776,-0.0110582038229236,0,-0.0251913793383446,0,0.0190528251653651,0,0,-0.00515107065662987,0,0,0,0,-0.00539550469548976,0.0297415473565359,0,-0.0148420003483285,0,0.0111796209858501,-0.0118814363156777,0,-0.00443877747630811,0,0,0,0,0,0,0.0444311360587448,-0.0445645901088724,0,0.0248105401152748,0,-0.0232911167276211,-0.0317301531768128,-0.000442855034421186,0,0,0.00326392239023961,0,-0.0263733228722202,0.0657693036051497,0,-0.00551035272497019,-0.00600526214644141,0,0,-0.0329922481283303,-0.0288316237008953,0.00901505292942393,0,-0.0402160291030982,-0.0035891137705587,0,0,0,0,-0.00130007542690113,0.00367995398269696,-0.00427392050268351,0,-0.0330029846196479,0,0,0,0,-0.0729112902519104,0,0.0199963982012884,0,0.0232285717197794,0,0,0.0271371110399002,0,0,0.013480414032139,-0.0165381835351251,0,0.00801377515367667,0,0,0,0,0.00928236578466572,-0.000789871477104332,0,0,0,0,0,0,0,0,0,0,0,0,0,0,-0.0117066146266522,0,-0.00630075598432961,0,-0.0141747710141075,0.0444340218479891,0,-0.0116389008934411,-0.00270963321308933,0,0,0,-0.0044019944780087,0,0.0504468627986858,0,-0.0293677703682107,0.0247310185156085,0,0.0276524164394897,-0.00683519375480779,0.00183315229523057,-0.0205593589538827
-0.0119740885666695,0.0430453790530557,-0.0184240016220706,0,-0.0410567434902561,0,0.0531036994754624,0.0130856985735941,0,-0.0278665180254114,0,0,0,0.0627538345783176,0.0436728489021796,-0.0067902541542033,-0.0318273194872941,-0.0058892559157519,-0.00369799211729314,0,-0.00233951247655354,0,-0.0182939868671811,0,0.0100797367878365,-0.00715224274825677,0,0.0149034323703957,0,-0.0369460294168838,-0.00156768411383326,0,0,0,0,0,0,0,0,0,0,0.0193722592513422,0.0623879092639103,0.0383697745776177,-0.0166632694547373,0.0651236488847802,0.026429166047575,-0.00385725039262176,0,-0.00565604478503267,-0.00267729466771653,0,-0.0106831225039209,0.0586028520783593,0.00212797686760256,0.00244161568259761,0.0258671103435225,0,0,0.00175663527034156,-0.0330001168120671,-0.0251075431206998,-0.0073355252782122,0,0.0125296020852902,-0.0113572236559412,0,-0.0289233109369678,0,0.0173544430462688,0,0,-0.00422038507233121,0,0,0,0,-0.0053142088109442,0.0284298157300857,0,-0.0138484786642697,-0.000906912716647413,0.074681183289318,-0.0150276353777011,-0.000598289890115575,-0.00689905409377733,0,0,0,0,0,0,0.0393449892146728,-0.0464875246858035,0,0.0209395156563395,0,-0.0213010338362564,-0.0334054386625118,0,0,0,0.00427319964550939,0,-0.0252349651769561,0.0687820608991726,-0.0000865686344076693,-0.00507833737147897,-0.00568539587829959,0,0,-0.0329979740245331,-0.0294417708730097,0.0087929456942063,0,-0.0400392672170693,-0.00479970476914941,0,0,0,0,0,0.00306516250592038,-0.00472574869890844,0,-0.0315418311145387,0,0,0,0,-0.0700204968189718,0,0.0216010163227782,0,0.0250854560737356,0,0,0.0291453550289932,0,0,0.00484430447345748,-0.012826070858493,0,0.0097873219767831,0,0,0,0,0.0100897536413482,-0.000410749529218303,0,0,0,0,0,0,0,0,0,0,0,0,0,0,-0.0108107938831682,0,-0.00228429181500609,0,-0.0146254551697123,0.0401263919293647,0,-0.0125630496426378,-0.00119174700561672,0,0,-0.00226859355498821,-0.00892618992462943,0,0.052577255833304,0,-0.0301688161192489,0.026970057779346,0,0.0232078267594784,-0.00837095945812935,0.00201533395105487,-0.0231432618266999
-0.0141208928122783,0.0502464819082583,-0.0184308736153077,0,-0.0399240605763228,0,0.0542494340103096,0.0110507555063373,0,-0.0268356086769799,0,0,0,0.0656045319306272,0.0434447006487172,-0.00925672967887891,-0.031646190945069,-0.00654055241732158,-0.00545278013792335,0,-0.00157848326295757,0,-0.019876277872387,0,0.00929232397193261,-0.0061543081714164,0,0.0144259542967409,0,-0.0384712455712467,-0.00153999089789262,0,0,0,0,0,0,0,0,0,0,0.0187489083112533,0.0586848544801529,0.0379265740900082,-0.0157491915980656,0.065906590570841,0.0265666260164641,-0.00443922037499253,0,-0.00599152793982759,-0.00310821556842305,0,-0.0108005547264069,0.0577428322140804,0.00220050819500609,0.00237316190867775,0.0254567992705427,0,0,0.00178945989629926,-0.0305863864532973,-0.0219132651013653,-0.00683243865478803,0,0.0132081251528516,-0.0110218398434887,0,-0.025181380934515,0,0.0183445152969843,0,0,-0.00609381413159569,0,0,0,0,-0.00724158863816409,0.0300203236497289,0,-0.0142885073734841,0,0.0197901438784093,-0.0126134180987874,0,-0.00466959005494806,0,0,0,0,0,0,0.0430231330780592,-0.0461390484318533,0,0.0241714425858819,0,-0.0241252693064328,-0.0309343742348339,0,0,0,0.00231224953845972,0,-0.025973332487677,0.0664607778530742,0,-0.0062468341461053,-0.0059878406300464,0,0,-0.0330836045398786,-0.0269221453400512,0.0073334739556207,0,-0.0392108452614724,-0.00360627799891772,0,0,0,0,-0.00126355444589273,0.00311846515109075,-0.00485210224703997,0,-0.033324938124365,0,0,0,0,-0.0702218494255538,0,0.0204143655512484,0,0.0239403603196852,0,0,0.026512751180969,0,0,0.0105670261221878,-0.0169698364910498,0,0.00897145304655283,0,0,0,0,0.00961039370688123,-0.0000743203631909065,0,0,0,0,0,0,0,0,0,0,0,0,0,0,-0.00978987186207082,0,-0.0026093908737557,0,-0.0147057373514172,0.0422559393518505,0,-0.0115190699760772,-0.00241694214256762,0,0,0,-0.00494590429812663,0,0.0500590400897537,0,-0.0295192350980566,0.0257213063539776,0,0.0273248533520108,-0.00739654764727104,0.00108465883443463,-0.0229739747832889
-0.0136822375253901,0.0501001131863934,-0.0191808462331292,0,-0.0403814842946945,0,0.0534615761855831,0.0104874007947522,0,-0.0276906410144378,0,0,0,0.0662595470082891,0.0438925208499861,-0.00911805663127671,-0.031492667340404,-0.00621814497415979,-0.00520672805529022,0,-0.00175073134816103,0,-0.019543085530582,0,0.00874328697612035,-0.00574374435278839,0,0.0145220402326497,0,-0.0393512856681731,-0.00160776584744127,0,0,0,0,0,0,0,0,0,0,0.0185011221602865,0.0597973511652511,0.0373312201559829,-0.0158258734614045,0.0661778409083462,0.0259465820406611,-0.00384626698812497,0,-0.00629199546929423,-0.00316796100442031,0,-0.0107833198668429,0.0574639955970863,0.00218012099434859,0.00255593292088891,0.0252936158643805,0,0,0.00222203503511732,-0.0298260613157044,-0.0227065843675914,-0.00684018113963541,0,0.0132352498129261,-0.0107652528155192,0,-0.0255431194326007,0,0.0180537578949471,0,0,-0.00605676446032125,0,0,0,0,-0.00744581946240642,0.029540376695837,0,-0.0149152251980831,0,0.0210500207287934,-0.0129954284703331,0,-0.004395617187646,0,0,0,0,0,0,0.0428470213622056,-0.0464701534576254,0,0.0294327155832586,0,-0.0242517756480436,-0.031359423231677,0,0,0,0.00207704135006914,0,-0.0262296497159443,0.0657823463610647,-0.000137954999237957,-0.00673195189424847,-0.00807621264012738,0,0,-0.0331016907777565,-0.0263703396229871,0.00664116858066716,0,-0.0395721832385142,-0.0054711784573416,0,0,-0.000212949204286874,0,-0.00174205636282759,0.00359381295239353,-0.00508541682388346,0,-0.032118256112335,0,0,0,0,-0.0699821775958893,0,0.0204722648762928,0,0.0237884281081844,0,0,0.0264155275354688,0,0,0.0109071876900174,-0.0172418304607434,0,0.00882196789655284,0,0,0,0,0.00829886273223496,-0.0003470262087827,0,0,0,0,0,0,0,0,0,0,0,0,0,0,-0.0101257220099755,0,-0.00277883423258564,0,-0.0142085082614543,0.0454140962057736,0,-0.0117194594028673,-0.00266696881415832,0,0,0,-0.0048899942266609,0,0.0503845892001849,0,-0.0286010131979092,0.0259604437103295,0,0.0304054471141106,-0.00737449970328514,0.001215850672479,-0.0220648390203994
-0.0141177031224709,0.0503520861267322,-0.0182515810800281,0,-0.0399765937086467,0,0.0547078892586517,0.0111956334947072,0,-0.0271198522795431,0,0,0,0.0664609672578755,0.0439808410400714,-0.00926462737249476,-0.0318574096352949,-0.00657076902068946,-0.00580917457697969,0,-0.00160438759545865,0,-0.0197732321892287,0,0.00915597298422792,-0.00591320315366076,0,0.0142396932114751,0,-0.038465963507862,-0.00163620801889026,0,0,0,0,0,0,0,0,0,0,0.0184073661298784,0.0589658440857226,0.0382115123866069,-0.0157509949423083,0.0655679491839192,0.0266299371843661,-0.00440704705569989,0,-0.00608855578938353,-0.00306639969639083,0,-0.010534861426375,0.0581398729952833,0.00203580707514351,0.00224691295539343,0.0254080495849083,0,0,0.00172421196065306,-0.0303634186042545,-0.0223349065870494,-0.00752701035138509,0,0.0132542531296023,-0.0111577710940457,0,-0.0255815353214107,0,0.0182972484899803,0,0,-0.00618467169080797,0,0,0,0,-0.00714511684182808,0.0294713547447933,0,-0.0143723619548029,0,0.019714775011328,-0.0128079042794073,0,-0.00466313135645683,0,0,0,0,0,0,0.0428884971015498,-0.0459686506084634,0,0.0245834607180128,0,-0.0242088305002735,-0.0309080729892721,0,0,0,0.00251045303127951,0,-0.0258857643359844,0.066108920639268,0,-0.00623041747391323,-0.00602992226270943,0,0,-0.0330428019406295,-0.026617002363265,0.00799831083773274,0,-0.0391905259125536,-0.00336814621852315,0,0,-0.00039524520236916,0,-0.00150940882330371,0.00326216042169284,-0.00507059198053435,0,-0.0328455645268293,0,0,0,0,-0.0700573759488852,0,0.0206239124561242,0,0.0237138053721372,0,0,0.0263848501780531,0,0,0.0105019143773792,-0.0169614244121755,0,0.00935943219695146,0,0,0,0,0.00960478717406282,-0.000185829771239478,0,0,0,0,0,0,0,0,0,0,0,0,0,0,-0.0102303165774201,0,-0.00296277267769796,0,-0.0148599516141461,0.0430465206641582,0,-0.011621682861611,-0.00239286798376994,0,0,0,-0.00506107856902572,0,0.0501328181575234,0,-0.0296695813017905,0.0257502862201704,0,0.0266728075988004,-0.00731138257480486,0.000944293928290754,-0.023111498571733
-0.0142920917804182,0.0500398988371558,-0.0180650092062026,0,-0.0400701542789531,0,0.0548015383464378,0.0112336377839856,0,-0.0270662261740219,0,0,0,0.0659874176189005,0.0438542245561096,-0.00915156833531292,-0.0317352623868354,-0.00683714216795957,-0.00549609963853406,0,-0.00150013797081273,0,-0.019827897453278,0,0.00929858296090385,-0.005914895345033,0,0.0143529462043656,0,-0.0382726525637242,-0.00180486455114403,0,0,0,0,0,0,0,0,0,0,0.0186894079861672,0.0588670716525711,0.0381019438142699,-0.0155334082801127,0.0659862098001891,0.026806328052431,-0.00452677341552299,0,-0.00602774124887866,-0.00306083046275291,0,-0.0105235189710318,0.0578622460186205,0.00226275106253124,0.00225053476893139,0.0253671497475258,0,0,0.00179694232903305,-0.0306664427948342,-0.0222757785857274,-0.00726252947614153,0,0.0132860967424326,-0.0110441288828399,0,-0.0257586821836783,0,0.0183426573743063,0,0,-0.00601273204322109,0,0,0,0,-0.00711172417647448,0.0297418344384048,0,-0.0141842233343273,0,0.0198079232482448,-0.0126327264408107,0,-0.00462446983358697,0,0,0,0,0,0,0.0430185941518336,-0.0463134272234719,0,0.0244060153964573,0,-0.0241840185517837,-0.0310724079191108,0,0,0,0.00234341700895142,0,-0.0259808505656846,0.0665618533984193,0,-0.00612346956653548,-0.00584677165977976,0,0,-0.03306941549421,-0.027035610812461,0.00778145234564682,0,-0.0393081606536029,-0.00410924574441779,0,0,-0.000219051125173186,0,-0.0016442994362438,0.00332467337629418,-0.00483087364331022,0,-0.0331875023658686,0,0,0,0,-0.0699315997934076,0,0.0205461796516623,0,0.0240596118854985,0,0,0.0268844966166879,0,0,0.0101861735574773,-0.0168611695828747,0,0.00924560522082802,0,0,0,0,0.00986024671778133,-0.000179121769164324,0,0,0,0,0,0,0,0,0,0,0,0,0,0,-0.0100016236886893,0,-0.00237003067765452,0,-0.0147125164863811,0.0421995358199703,0,-0.0113475170519743,-0.00224514924928212,0,0,0,-0.0051644076186477,0,0.0503136780300652,0,-0.029606305677548,0.0257334716019984,0,0.0268975831630659,-0.00711558045455866,0.0011834624048411,-0.0230378343381403
-0.0141584072400474,0.0499990483752841,-0.0182037432522007,0,-0.040084187286216,0,0.0550240716449679,0.0110570611706457,0,-0.0270335135239496,0,0,0,0.065869246983518,0.0437676363579616,-0.00936924816837473,-0.0317789985311835,-0.00687576061287205,-0.00537244353907044,0,-0.00129438401929512,0,-0.0198641195379562,0,0.00945966318693867,-0.00608693756463557,0,0.0144513008022037,0,-0.0382978340400515,-0.00187917277303304,0,0,0,0,0,0,0,0,0,0,0.0188023812813789,0.0589875601786123,0.0381101493469133,-0.0154032037716189,0.0662524017385097,0.0266802849466179,-0.00448329666697977,0,-0.00595316324014282,-0.00306060051375525,0,-0.0105949151806748,0.057991434364132,0.00262324250558276,0.00224486108650974,0.0253725782254653,0,0,0.00185230258562637,-0.0309184898675908,-0.0224860329532414,-0.0070851633623599,0,0.0132986071428896,-0.0109840205085894,0,-0.0258663450668965,0,0.0186650861189841,0,0,-0.00609579368107784,0,0,0,0,-0.00722801289747526,0.0296731508752816,0,-0.0141543764219827,0,0.0198019169028259,-0.0128252779029046,0,-0.00459102482788529,0,0,0,0,0,0,0.0430338129432926,-0.0459760087924966,0,0.0261126007464842,0,-0.0243128104817776,-0.0314761039381256,0,0,0,0.00225606724360869,0,-0.0260721702506693,0.0663518188822214,0,-0.00616562153037451,-0.00606709805266925,0,0,-0.0331178723355197,-0.0271392355403619,0.00772718036124854,0,-0.0397579684011024,-0.00459426703744448,0,0,-0.000163225202218711,0,-0.00203836124041352,0.00352923346677106,-0.00487859783037438,0,-0.0331598372226651,0,0,0,0,-0.0698976949593779,0,0.0205384594626641,0,0.0246196349732238,0,0,0.0267846000063104,0,0,0.0102723163626151,-0.0168578865029586,0,0.00912801403199471,0,0,0,0,0.00992992740116435,-0.000157550511654313,0,0,0,0,0,0,0,0,0,0,0,0,0,0,-0.0101237540170443,0,-0.00230247596374852,0,-0.0147999414613483,0.0425759515555215,0,-0.0113969875849194,-0.00200727388678011,0,0,0,-0.0052877638511142,0,0.0502207040504281,0,-0.0296434721411685,0.0257360794912749,0,0.0268589166631334,-0.0071822779543889,0.00123465132362877,-0.0230136814121808
-0.0139342394049197,0.0503981590429967,-0.0181641064319897,0,-0.0396984200100139,0,0.0539895972446739,0.0105304137991453,0,-0.0267571526192135,0,0,0,0.0663398800520619,0.0432375008244996,-0.00953224717472149,-0.0316227266076553,-0.00594852499809178,-0.00529103702003353,0,-0.00140477845757383,0,-0.0197147408013599,0,0.00855113681666009,-0.00640249577833372,0,0.0144083451800772,0,-0.0386041900577341,-0.00123819835791171,0,0,0,0,0,0,0,0,0,0,0.0181613859104207,0.0587998823088112,0.0379992512521563,-0.0154483559992329,0.0654089470517143,0.0264356383030351,-0.00435961819990153,0,-0.00569579155229373,-0.00322451275546887,0,-0.01100494772929,0.0573539629120432,0.00231854277540012,0.00271856423023677,0.0256564661875498,0,0,0.00194316993741723,-0.0304933448789818,-0.0226130941868175,-0.00694070675086484,0,0.0132999697519222,-0.0111495162719674,0,-0.0252929830986399,0,0.0183949197778956,0,0,-0.00594779263201952,0,0,0,0,-0.00693130659352972,0.0294696308749785,0,-0.0145937651257201,0,0.0192565587040337,-0.0127898302212213,0,-0.00478046363908616,0,0,0,0,0,0,0.0426415992840299,-0.0459820490145505,0,0.0248406465483698,0,-0.0240626194489758,-0.0307349265612614,0,0,0,0.00248629029468689,0,-0.0253882627995988,0.0661987569091822,-0.000496117399379253,-0.00616468192918827,-0.00581797051612409,0,0,-0.0332032489735934,-0.0273725674704671,0.00778573361488257,0,-0.0386390134065291,-0.00431278859248918,0,0,0,0,-0.000957680637925733,0.0025246213419444,-0.005165997639513,0,-0.0328400220025457,0,0,0,0,-0.0695672993872731,0,0.0199879670379817,0,0.0241825326040657,0,0,0.0262684207245923,0,0,0.0102377760879853,-0.0167695374073139,0,0.00909130333214023,0,0.0000847747940320109,0,0,0.00926053303800784,-0.000212799818474774,0,0,0,0,0,0,0,0,0,0,0,0,0,0,-0.00959042952058406,0,-0.00214929369503434,0,-0.0145919344375623,0.0419667015395733,0,-0.0114305935890344,-0.00175710474498101,0,0,0,-0.00534088277170231,0,0.0502336724380655,0,-0.0296555586750665,0.0255611276470463,0,0.0274328636567609,-0.00738258378529181,0.000806690040065006,-0.0227102329811729
-0.0137937398890609,0.0503936428095295,-0.0185564880878385,0,-0.039697006060244,0,0.0544031835558153,0.0107945463323317,0,-0.0271365441265195,0,0,0,0.0666304633294838,0.0435117145670945,-0.00934084477840129,-0.0316066057523469,-0.00555668901155945,-0.00529956406617117,0,-0.00121388112224443,0,-0.0198372018942869,0,0.00842415245141991,-0.0063359654699299,0,0.0144768628444902,0,-0.0388950909080655,-0.00120096930862757,0,0,0,0,0,0,0,0,0,0,0.0181074824488409,0.0592848520105421,0.0383859836735814,-0.0150663735950638,0.0651903290438809,0.02624758058894,-0.00418359951716328,0,-0.00627715361650125,-0.00325553429321188,0,-0.0110675654990019,0.0573755717463182,0.00236409603404586,0.00273417927205208,0.0257151911643585,0,0,0.0019954215408149,-0.0311149438483806,-0.0228032692347784,-0.00701760805770478,0,0.0135479523490582,-0.0109547359816787,0,-0.0259289574145121,0,0.0182937403596575,0,0,-0.0058152842284796,0,0,0,0,-0.00692608339428581,0.0294881287346824,0,-0.0148128649376808,0,0.0199416641290637,-0.0129167163208709,0,-0.00479608853563924,0,0,0,0,0,0,0.0426532741711269,-0.0464859142897419,0,0.0270731440953109,0,-0.0240565415439098,-0.0310422654403705,0,0,0,0.0027497231335442,0,-0.0254802723809293,0.0662864401083448,-0.000345481688600692,-0.00592682721081994,-0.00629486214507465,0,0,-0.0330918948026113,-0.0273357319362419,0.00793546324185329,0,-0.038413333963803,-0.00390269874202816,0,0,0,0,-0.00117514766015274,0.00256173903928404,-0.00494576232528056,0,-0.0325783577790279,0,0,0,0,-0.0695634359718957,0,0.0205894641076561,0,0.0246919705877611,0,0,0.0263039522023024,0,0,0.0103175475947604,-0.0165364884141724,0,0.00910804357805539,0,0,0,0,0.00885570522290091,-0.000683025715662752,0,0,0,0,0,0,0,0,0,0,0,0,0,0,-0.00953828923969232,0,-0.00230512661082762,0,-0.0145292133347411,0.042000284068873,0,-0.0119364086104334,-0.00189964161732477,0,0,0,-0.00527031026019282,0,0.0502429767341547,0,-0.0290234401771618,0.0257524640363384,0,0.0276584699970619,-0.00740032975081818,0.000943239161583727,-0.0227869889427347
-0.0135009463832801,0.0507902631284388,-0.019182797756063,0,-0.0390455235468328,0,0.0545878714738779,0.0111957801578638,0,-0.0280274758636873,0,0,0,0.0663317194343859,0.0436705761887497,-0.00943458201886386,-0.0316335735286234,-0.0063684819367866,-0.00566056995772941,0,-0.00105429826833829,0,-0.019432060765315,0,0.00810874502418958,-0.00616989688130299,0,0.0144538062579927,0,-0.0385109776028613,-0.000203815673462384,0,0,0,0,0,0,0,0,0,0,0.0176713635637213,0.0579464395055146,0.0381775020289901,-0.0153449140119084,0.0661686977894069,0.0261043202584509,-0.00420078789265436,0,-0.0058778584586832,-0.00310468856921202,0,-0.010941310911815,0.0572773941600041,0.00233609543211939,0.00325125809507918,0.0260630832869522,0,0,0.00230472302556226,-0.0315602640970074,-0.0225000482652124,-0.0075362624835648,0,0.0132857890025331,-0.0107024402459712,0,-0.0262196186854436,0,0.0179469689556577,0,0,-0.00648962618652716,0,0,0,0,-0.00712386049648642,0.0294003712221155,0,-0.0144383070622386,0,0.0189116748350834,-0.012853538909895,0,-0.00460804116492602,0,0,0,0,0,0,0.0424190325636476,-0.0454274932169406,0,0.0323199412502278,0,-0.0241672073333591,-0.0317479200090887,0,0,0,0.00203599350713643,0,-0.0252127045578987,0.0661890685099377,-0.000555636086256656,-0.00579411016129033,-0.00538926207020115,0,0,-0.033132650864942,-0.027008351898272,0.00838871132734515,0,-0.0374468760209483,-0.00267381296672325,0,0,-0.0000342039369782588,0,-0.00104373112455353,0.00253160575430815,-0.00556798048751708,0,-0.032590301991114,0,0,0,0,-0.0696641882085493,0,0.0205092366578245,0,0.0242793521114735,0,0,0.0258371600002047,0,0,0.0106706433769304,-0.0165746791447399,0,0.00944041545307619,0,0,0,0,0.0092176419493456,-0.000392378655108235,0,0,0,0,0,0,0,0,0,0,0,0,0,0,-0.00933363943508957,0,-0.00303486713613268,0,-0.0149214131137098,0.0412903265031805,0,-0.011859141188358,-0.00221822752430075,0,0,0,-0.00552267001315841,0,0.0502909330025502,0,-0.0292788303804676,0.0259323343151282,0,0.0268344695238512,-0.00745679074364636,0.000987717242796769,-0.022481622679952
-0.012704018776449,0.0504232252691324,-0.019071123364778,0,-0.0389351036683417,0,0.0556407612751462,0.0117181330666049,0,-0.0307551243718145,0,0,0,0.0672438952404414,0.0439332801008608,-0.00999170581707467,-0.031862982295467,-0.00777748116702809,-0.00483349755834138,0,-0.00101272531835331,0,-0.0186799205896047,0,0.0081833607441563,-0.0058396725786155,0,0.0152789826104972,0,-0.0385882749201856,-0.00138523674940464,0,0,0,0,0,0,0,0,0,0,0.0173262222778609,0.0573239327916925,0.038949108644425,-0.015190489929582,0.0666322549200225,0.0262718392132105,-0.00378527282072243,0,-0.00619714388700011,-0.0029386428429361,0,-0.010622592433268,0.0579734082606731,0.0027607261982139,0.00284726772822486,0.025556391142928,0,0,0.00213326944710744,-0.0328318480240992,-0.0229095194886327,-0.00630653878764092,0,0.0129079463590443,-0.0107491516578901,0,-0.0267335671463017,0,0.0198401342929653,0,0,-0.00607253407504692,0,0,0,0,-0.00718450253815295,0.0293894048348738,0,-0.0142347125519033,-0.00019110044920023,0.0196515557421325,-0.0130254238477078,0,-0.00415829454975958,0,0,0,0,0,0,0.0421343168270548,-0.0459349334192469,0,0.0455390750513108,0,-0.0249098987136373,-0.033574524122566,0,0,0,0.00161089153513241,0,-0.0261387806213754,0.066989360474256,0,-0.00550404544933131,-0.00525452490503867,0,0,-0.03421623708181,-0.0279018932727137,0.00888543144376038,0,-0.0405541522542633,-0.00208398628537356,0,0,0,0,0,0.00248134550642132,-0.00506575459795505,0,-0.0320000033840883,0,0,0,0,-0.0699803109922287,0,0.0206383268537877,0,0.0241586733328794,0,0,0.0264452080381743,0,0,0.0106257523388464,-0.0163757304713536,0,0.00684509042820934,0,0,0,0,0.0104649403115707,0,0,0,0,0,0,0,0,0,0,0,0,0,0,0,-0.00934284983642085,0,-0.0043303573640898,0,-0.0147080316086276,0.0388872844989476,0,-0.0131418073724841,-0.00201224812433005,0,0,0,-0.00618230100500979,0,0.050269557945126,0,-0.0288891115991962,0.0268909059525465,0,0.0259324794800482,-0.00677084962458698,0.00165690504648741,-0.0228059161370778
NA,NA,NA,NA,NA,NA,NA,NA,NA,NA,NA,NA,NA,NA,NA,NA,NA,NA,NA,NA,NA,NA,NA,NA,NA,NA,NA,NA,NA,NA,NA,NA,NA,NA,NA,NA,NA,NA,NA,NA,NA,NA,NA,NA,NA,NA,NA,NA,NA,NA,NA,NA,NA,NA,NA,NA,NA,NA,NA,NA,NA,NA,NA,NA,NA,NA,NA,NA,NA,NA,NA,NA,NA,NA,NA,NA,NA,NA,NA,NA,NA,NA,NA,NA,NA,NA,NA,NA,NA,NA,NA,NA,NA,NA,NA,NA,NA,NA,NA,NA,NA,NA,NA,NA,NA,NA,NA,NA,NA,NA,NA,NA,NA,NA,NA,NA,NA,NA,NA,NA,NA,NA,NA,NA,NA,NA,NA,NA,NA,NA,NA,NA,NA,NA,NA,NA,NA,NA,NA,NA,NA,NA,NA,NA,NA,NA,NA,NA,NA,NA,NA,NA,NA,NA,NA,NA,NA,NA,NA,NA,NA,NA,NA,NA,NA,NA,NA,NA,NA,NA,NA,NA,NA,NA,NA,NA,NA,NA,NA,NA,NA,NA,NA,NA,NA,NA,NA
-0.0138589243956492,0.0500599341910031,-0.0176911402389489,0,-0.039726858320803,0,0.0540046805585515,0.0102020307406669,0,-0.0268791149830392,0,0,0,0.0665179039201589,0.0431984705500187,-0.00925406178713021,-0.0315824406641766,-0.00663967136810172,-0.0050428057667597,0,-0.00102971868314091,0,-0.0195105446289287,0,0.00844584030654886,-0.00602376645050386,0,0.0144754535063426,0,-0.038268715988721,-0.00153606237885829,0,0,0,0,0,0,0,0,0,0,0.0183799387835422,0.0592091040881209,0.0378039031738875,-0.0155136946987405,0.0660421142302729,0.0265670304933177,-0.00449810656864319,0,-0.00633100893381754,-0.00294581753870121,0,-0.0112361784879593,0.0568664230799281,0.00267366073890364,0.00301842995754546,0.0258380893384312,0,0,0.0021072689933923,-0.0301048303603626,-0.0215780180434373,-0.00599031176139647,0,0.01326791371364,-0.0111326585708097,0,-0.0239866651852144,0,0.0185071835574332,0,0,-0.00586929493293763,0,0,0,0,-0.00722534230662449,0.0297831076155419,0,-0.0140157244159047,0,0.0202633532394865,-0.0129533291688916,0,-0.00444714690667961,0,0,0,0,0,0,0.0427181500117051,-0.0459103558842499,0,0.0241746318967031,0,-0.0244458780395328,-0.0310113077534149,0,0,0,0.00253148213349712,0,-0.025984230266399,0.065900543633304,-0.000369980440050022,-0.00649491621788859,-0.00640101895130199,0,0,-0.032656465752657,-0.0266529714480756,0.00673641428685959,0,-0.0388530325188159,-0.00373261973463346,0,0,0,0,-0.00124576388403674,0.00279019056943799,-0.00572713428278935,0,-0.0330351720279781,0,0,0,0,-0.069383415745197,0,0.0205488816260229,0,0.0237571075810197,0,0,0.0266449486311024,0,0,0.0103807902106635,-0.0173250065875402,0,0.00932451524101903,0,0,0,0,0.00894138565808476,0,0,0,0,0,0,0,0,0,0,0,0,0,0,0,-0.010119750695571,0,-0.00297363127156569,0,-0.0149681319750616,0.0425831768126226,0,-0.0115632618221886,-0.00186066118872725,0,0,0,-0.00518765676068362,0,0.0500479730833173,0,-0.0298527227223973,0.0249453213765206,0,0.0279399460802359,-0.00704673525417701,0.00182772462901152,-0.0225608583072008
NA,NA,NA,NA,NA,NA,NA,NA,NA,NA,NA,NA,NA,NA,NA,NA,NA,NA,NA,NA,NA,NA,NA,NA,NA,NA,NA,NA,NA,NA,NA,NA,NA,NA,NA,NA,NA,NA,NA,NA,NA,NA,NA,NA,NA,NA,NA,NA,NA,NA,NA,NA,NA,NA,NA,NA,NA,NA,NA,NA,NA,NA,NA,NA,NA,NA,NA,NA,NA,NA,NA,NA,NA,NA,NA,NA,NA,NA,NA,NA,NA,NA,NA,NA,NA,NA,NA,NA,NA,NA,NA,NA,NA,NA,NA,NA,NA,NA,NA,NA,NA,NA,NA,NA,NA,NA,NA,NA,NA,NA,NA,NA,NA,NA,NA,NA,NA,NA,NA,NA,NA,NA,NA,NA,NA,NA,NA,NA,NA,NA,NA,NA,NA,NA,NA,NA,NA,NA,NA,NA,NA,NA,NA,NA,NA,NA,NA,NA,NA,NA,NA,NA,NA,NA,NA,NA,NA,NA,NA,NA,NA,NA,NA,NA,NA,NA,NA,NA,NA,NA,NA,NA,NA,NA,NA,NA,NA,NA,NA,NA,NA,NA,NA,NA,NA,NA,NA
-0.0290921149131624,0.0697876032493675,-0.0314108535362428,0,-0.0318214716369795,0,0.0552954919108859,0.0169470828171,-0.0110562025411424,-0.0107336473017002,0,0,0,0,0.0585930725989058,-0.00513735170425473,-0.02990845457073,-0.0145260545803081,0,0,0,0,-0.0222318219832212,0,0.016476852430046,-0.00354167410272543,0,0.0190590944498817,0,-0.0288257118722506,0,0,0,0,0,0,0,0,-0.0064804301876153,0.0145137618541037,0,0.0138299654157085,0.0160611999371368,0.0330866888213712,-0.0132972767867489,0.0734818135691656,0.0264475489456836,-0.00537636074003834,0,-0.000945054341915315,-0.000669181750593495,0,-0.00494557803642659,0.0594489950460703,0,0.00221794448627749,0.0316896533223817,0,0,0,-0.0168117154932433,-0.0329182225921468,-0.00366065356121394,0,0.00390725948029392,-0.0034726182255022,0,-0.0288773967692916,0,0,0,0,-0.00916592268931293,0,0,0,0,-0.00571620124812844,0.0344362546526669,0,-0.00995588701881355,0,0.0141878166584138,0,0,-0.0149166544736648,0,0,0,0,0,0,0.0583590526022606,-0.0314068894160813,0,0,0,-0.0209305255778315,-0.0173593675688055,0,0,0,0,0,-0.0239540450257087,0.0663771876393669,0,0,0,0,0,-0.028993444344139,-0.021126453386816,0.00798666957443025,0,-0.00983572442063211,0,0,0,0,0,0,0,0,0,-0.03838065720471,0,0,0,0,-0.0566860416826294,0,0.0103703793556057,0,0.00803512965321313,0,0,0.0327620267611352,0,0,0.0138093096494204,-0.0111841356127422,0,0.00896196795257917,0.00758127928965999,0,0,0,0.0172660652745861,0,0,0,0,0,0,0,0,0,0,0,0,0,0,0,-0.000769837397343553,0,0,0,-0.00923447425796576,0.0333308945441855,0,0,-0.0105333268898463,0,0,0,-0.00511238954902051,0,0.0512029468273378,0,-0.0244857843140617,0.0316209065438745,0,0,-0.00280326551624505,0.00357009904507297,-0.0150554533752143
NA,NA,NA,NA,NA,NA,NA,NA,NA,NA,NA,NA,NA,NA,NA,NA,NA,NA,NA,NA,NA,NA,NA,NA,NA,NA,NA,NA,NA,NA,NA,NA,NA,NA,NA,NA,NA,NA,NA,NA,NA,NA,NA,NA,NA,NA,NA,NA,NA,NA,NA,NA,NA,NA,NA,NA,NA,NA,NA,NA,NA,NA,NA,NA,NA,NA,NA,NA,NA,NA,NA,NA,NA,NA,NA,NA,NA,NA,NA,NA,NA,NA,NA,NA,NA,NA,NA,NA,NA,NA,NA,NA,NA,NA,NA,NA,NA,NA,NA,NA,NA,NA,NA,NA,NA,NA,NA,NA,NA,NA,NA,NA,NA,NA,NA,NA,NA,NA,NA,NA,NA,NA,NA,NA,NA,NA,NA,NA,NA,NA,NA,NA,NA,NA,NA,NA,NA,NA,NA,NA,NA,NA,NA,NA,NA,NA,NA,NA,NA,NA,NA,NA,NA,NA,NA,NA,NA,NA,NA,NA,NA,NA,NA,NA,NA,NA,NA,NA,NA,NA,NA,NA,NA,NA,NA,NA,NA,NA,NA,NA,NA,NA,NA,NA,NA,NA,NA
-0.0115131750347242,0.0661467105458774,-0.016302316042383,0,-0.0387284474423374,0,0.0577297497729682,0.0115932802557505,0,-0.0265946843907418,0,0,0,0.0743783864741647,0.0399547794708197,-0.0109336944318295,-0.0322540731787823,-0.00947847304939543,-0.0086720398882651,0,0,0,-0.0229694697289176,0,0.0122397718660936,-0.00237692334345275,0,0.014138401004056,0,-0.0387073848806957,-0.00265525599551086,0,0,0,0,0,0,0,0,0,0,0.0193776439562153,0.0554574642524771,0.0401219991831655,-0.0148274426914235,0.0664840088025031,0.0239883111146539,-0.00487398669128984,0,-0.0038978983521508,-0.00279312140353614,0,-0.0111774691204855,0.0582915675642201,0,0.00300995845484918,0.0248802904673563,0,0,0.00240307501537804,-0.0333341042393189,-0.018156219418994,-0.00606904256966672,0,0.012878556633504,-0.00942777958809211,0,-0.0262053599543261,0,0.0153618282262925,0,0,-0.00518583377981888,0,0,0,0,-0.00680702250732614,0.0287310616470259,0,-0.0159137102089532,-0.0010607688952632,0.0217806810528891,-0.0150198750203303,0,-0.00238419958494108,0,0,0,0,0,0,0.0424343849261628,-0.0489289220644898,0,0.0237940600890787,0,-0.024796503689055,-0.0336733199746658,0,0,0,0,0,-0.0263670249144592,0.0671531459309766,0,-0.00337196778084297,-0.00921967561756214,0,0,-0.0332724416241153,-0.0239964062244903,0.0144273955657553,0,-0.0412883740157873,-0.0034862246430693,0,0,0,0,-0.0034867570189386,0.00337817729168965,-0.00923564987468311,0,-0.0324360402941624,0,0,0,0,-0.0748818971742023,0,0.0200588372125672,0,0.0247475356582347,0,0,0.0251089247360424,0,0,0.0127353619642819,-0.0165869502780281,0,0.00894208397197347,0,0.00481669565944296,0,0,0.00882846998333613,-0.00111529087078037,0,0,0,0,0,0,0,0,0,0,0,0,0,0,-0.00898123588384485,0,-0.00309754941376623,0,-0.0148890675187834,0.0438627493299938,0,-0.0128121373544352,-0.00389129321885325,0,0,0,-0.00323944505071432,0,0.0464333851134295,0,-0.0282285903653582,0.0211015444821284,0,0.0309241516217396,-0.00872507705527231,0.00045013146301609,-0.0193657048442437
-0.0159301904040741,0.0328757020049558,-0.0203032331666997,0,-0.0407870883275991,0,0.0536556100719064,0.0117411975907682,0,-0.0270202613661089,0,0,0,0.0621993652606256,0.0445328585168146,-0.00757663653170731,-0.0321193125964832,-0.00720168958428278,-0.00473540967231568,0,-0.00283094610404519,0,-0.0198453496252564,0,0.00996620339462688,-0.00639283487944346,0,0.0148349064033255,0,-0.0390401526711485,-0.00120046466243555,0,0,0,0,0,0,0,0,0,0,0.0209170204674718,0.0607203772471981,0.039709103673468,-0.0172137964484045,0.0672565771304295,0.0263046762724351,-0.00358408107505488,0,-0.00641286446403512,-0.00355908038983551,0,-0.011419744046082,0.0577083160988811,0.000916578385025504,0.00233893022138052,0.0244892192239415,0,0,0.00137331908603321,-0.029615149560219,-0.024140720826565,-0.00542501941692738,0,0.0143856634898801,-0.0139841093613357,0,-0.0277069274575627,0,0.0185431814629575,0,0,-0.00693241881853375,0,0,0,0,-0.00840822723618215,0.0302181762764502,0,-0.0151291896938837,0,0.0177398367455734,-0.0125900937560529,0,-0.00494170162598595,0,0,0,0,0,0,0.0401672161398401,-0.0474285275917997,0,0.0244717676802548,0,-0.0241821804538373,-0.0304793825651733,0,0,0,0.00295234430046013,0,-0.0263871483819704,0.068641938980953,-0.00011702731600938,-0.00799499698818951,-0.00842999465392725,0,0,-0.0341833639701116,-0.0272707332654937,0.00542276145061764,0,-0.0375652000902577,-0.00307895297543191,0,0,-0.000923202518258889,0,-0.00219451138342081,0.00326260554785468,-0.00388410992505468,0,-0.0337146680993496,0,0,0,0,-0.0693592902198812,0,0.0209810276302241,0,0.0226570183383102,0,0,0.0271174557662109,0,0,0.010225951155608,-0.0166444650876303,0,0.00810322037896254,0,0,0,0,0.0117634766802604,-0.000642308943639673,0,0,0,0,0,0,0,0,0,0,0,0,0,0,-0.00902932426627929,0,-0.00029942312560803,0,-0.0140988197363168,0.0435133711644711,0,-0.0120858036595472,-0.000922515730872913,0,0,0,-0.00413598112903456,0,0.0522187593410699,0,-0.0301833505142934,0.0269091330039162,0,0.0265256662854894,-0.00584213192821591,0.00205292641989042,-0.0236111636272271
-0.0150800143747393,0.0514576564944072,-0.0187772863995984,0,-0.0394421658111197,0,0.0551593119390175,0.0114969655089882,0,-0.0294464893524762,0,0,0,0.0666824765549605,0.0437270118651507,-0.0083765824029649,-0.0311945813393165,-0.0066812203485832,-0.00495635287336957,0,-0.0074530247761998,0,-0.0196844927977591,0,0.00992355806226517,-0.00584358911961968,0,0.0146864616910041,0,-0.0387272847965246,-0.00161234095161908,0,0,0,0,0,0,0,0,0,0,0.0186060566865679,0.060759264269283,0.0375955220562652,-0.0157224557217591,0.0657855349677523,0.0263328192441309,-0.00399914560738258,0,-0.0058269902508581,-0.0037203895747381,0,-0.0108790911039907,0.0580359771976649,0,0.00363000924752872,0.0225839894177802,0,0,0.00225776323288817,-0.0312054869778821,-0.0231650953733461,-0.00636094090132705,0,0.0143343994751845,-0.0106358893187814,0,-0.0250848849249413,0,0.0192429069948253,0,0,-0.00517952464454697,0,0,0,0,-0.00570199911479421,0.0293380902604872,0,-0.0146595948818605,-0.000346017064103004,0.0192189446415267,-0.0128891860026135,0,-0.0045199959414574,0,0,0,0,0,0,0.0413300993420546,-0.0461952451317187,0,0.0268836295951166,0,-0.0237544724632957,-0.0320558599392141,0,0,0,0.00114817470099362,0,-0.0261058604856535,0.0662362449729525,0,-0.0064504758318049,-0.00546515619036752,0,0,-0.0335075234481503,-0.0274142485346109,0.00780404790488161,0,-0.0407064858201018,-0.00363611001349428,0,0,0,0,-0.000801836276871277,0.00343281040138838,-0.00408720242762938,0,-0.0334875927427385,0,0,0,0,-0.069691448821472,0,0.0209350698058897,0,0.0260821741822746,0,0,0.0272516803881994,0,0,0.00969199136169246,-0.0160862742072202,0,0.00907698790032966,0,0,0,0,0.00953916999059852,-0.000545995788362177,0,0,0,0,0,0,0,0,0,0,0,0,0,0,-0.00828562538531204,0,-0.00218067661021005,0,-0.0138281691582048,0.0409249728134483,0,-0.0121939407614503,-0.00130678498868092,0,0,0,-0.00539498155429899,0,0.0499404416403895,0,-0.0279153724342998,0.0280243326836341,0,0.028701444059147,-0.0072076474263277,0.00178824915888769,-0.0215759284033456
-0.0132072536671514,0.0507258145730379,-0.0175494937173788,0,-0.0406325452892898,0,0.0555433869486262,0.01165291812935,0,-0.0261790991475234,0,0,0,0.0649175114285069,0.0434552314691219,-0.0101848723394655,-0.03109141528658,-0.00711570613084575,-0.00570638413830616,0,-0.000929698243924806,0,-0.0200909617175342,0,0.00831492626183701,-0.00687461788599457,0,0.0148698747972223,0,-0.0392795780967726,-0.00110568617362092,0,0,0,0,0,0,0,0,0,0,0.0195127409572597,0.0582082104904903,0.0400674804424102,-0.0157679778043798,0.0661233759493884,0.0260578428987552,-0.00440266892659068,0,-0.00585733601959386,-0.00342766654852264,0,-0.0107396154258396,0.057162345307688,0.00229703180721839,0.00317838027814888,0.0256892611931047,0,0,0.00246222531772613,-0.0318268861613165,-0.020808442103594,-0.00713440813900019,0,0.0133423145913387,-0.0101709568012333,0,-0.0259475396037868,0,0.0150027441427969,0,0,-0.00631940270367194,0,0,0,0,-0.00453776821520059,0.029412577765246,0,-0.0148072569674538,0,0.0199734500519722,-0.0130274432210154,0,-0.00440674917878065,0,0,0,0,0,0,0.0434892205939675,-0.0456464155483722,0,0.0251989627944562,0,-0.0238114331874979,-0.0317244029540808,0,0,0,0.00281226634588917,0,-0.026168000864525,0.0667242916719907,-0.000422497564350503,-0.00698481650338508,-0.00528393983430492,0,0,-0.0319005967168278,-0.0282927558271379,0.00752688820982943,0,-0.0362868085214087,-0.00453092054003638,0,0,-0.000395235538567975,0,-0.00164205483460981,0.00232697970244977,-0.00475555412038341,0,-0.0331693323571272,0,0,0,0,-0.0703944353374822,0,0.0201222258348658,0,0.0247865202943825,0,0,0.0263965739526607,0,0,0.0114679480158822,-0.0171109073857106,0,0.00783437822153461,0,0,0,0,0.00836671273402682,-0.00121407963972417,0,0,0,0,0,0,0,0,0,0,0,0,0,0,-0.00882186412666557,0,-0.00189787362659554,0,-0.0144587133551982,0.0406437508543712,0,-0.00917201122510123,-0.00232660758269161,0,0,-0.000315606609029052,-0.00604496992846078,0,0.0494118718172552,0,-0.0281544010803874,0.0259413925671958,0,0.0303089629547857,-0.00741368175580975,0.00116268186088404,-0.0233459059282688
NA,NA,NA,NA,NA,NA,NA,NA,NA,NA,NA,NA,NA,NA,NA,NA,NA,NA,NA,NA,NA,NA,NA,NA,NA,NA,NA,NA,NA,NA,NA,NA,NA,NA,NA,NA,NA,NA,NA,NA,NA,NA,NA,NA,NA,NA,NA,NA,NA,NA,NA,NA,NA,NA,NA,NA,NA,NA,NA,NA,NA,NA,NA,NA,NA,NA,NA,NA,NA,NA,NA,NA,NA,NA,NA,NA,NA,NA,NA,NA,NA,NA,NA,NA,NA,NA,NA,NA,NA,NA,NA,NA,NA,NA,NA,NA,NA,NA,NA,NA,NA,NA,NA,NA,NA,NA,NA,NA,NA,NA,NA,NA,NA,NA,NA,NA,NA,NA,NA,NA,NA,NA,NA,NA,NA,NA,NA,NA,NA,NA,NA,NA,NA,NA,NA,NA,NA,NA,NA,NA,NA,NA,NA,NA,NA,NA,NA,NA,NA,NA,NA,NA,NA,NA,NA,NA,NA,NA,NA,NA,NA,NA,NA,NA,NA,NA,NA,NA,NA,NA,NA,NA,NA,NA,NA,NA,NA,NA,NA,NA,NA,NA,NA,NA,NA,NA,NA
-0.012527912143065,0.0479892405038587,-0.0168469893815186,0,-0.0416231192567519,0,0.055769999351239,0.0103578141872252,0,-0.0256609672902326,0,0,0,0.0641731830927559,0.0419556152551467,-0.00941759981330447,-0.0313875591636811,-0.00502531900444097,-0.00503627866791813,0,0,0,-0.0197864057289027,0,0.00806629211962337,-0.00624374291806485,0,0.0150971800356514,0,-0.0383864081279092,-0.00198882609114261,0,0,0,0,0,0,0,0,0,0,0.0184940688953279,0.057940603685089,0.0364942259815584,-0.0157683472954937,0.0658097056085555,0.0270933863088921,-0.00430273999133158,0,-0.00595511598520142,-0.00319009989321768,0,-0.0101988533598702,0.0566548788198736,0.00302911627670158,0.00264402218972071,0.0249543228675141,0,0,0.00211981066976693,-0.0306674806773477,-0.0206984655012513,-0.00703795991233222,0,0.014579306068869,-0.0113448723221102,0,-0.0262929547678019,0,0.0182501321634782,0,0,-0.00596786423735009,0,0,0,0,-0.00738089517877465,0.0294979648886631,0,-0.0141681174457653,-0.000323619034391227,0.0207965496367913,-0.0134338125077797,0,-0.00583831844947407,0,0,0,0,-0.000836586693919015,0,0.0535599032961912,-0.0467784660372877,0,0.025237954530856,0,-0.0242638150933099,-0.0317826679192889,0,0,0,0.003578327631016,0,-0.0263916012044154,0.0664008905820927,-0.000198503953855882,-0.00674180964921631,-0.00610593426918857,0,0,-0.0317961874175909,-0.0276529392007707,0.00832233406721643,0,-0.0371359537614105,-0.00447604115699225,0,0,0,0,-0.00297692103293439,0.00305800834711606,-0.00574338137011258,0,-0.0308178395488604,0,0,0,0,-0.0696882758221124,0,0.0200983569457473,0,0.0249469622319299,0,0,0.0249609995331392,0,0,0.0119170561278912,-0.0170240186022184,0,0.00939333091056974,0,0,0,0,0.00845139256492002,-0.00117699772585349,0,0,0,0,0,0,0,0,0,0,0,0,0,0,-0.0103968543849343,0,-0.00109043951813127,0,-0.015355039091823,0.0433415565111019,0,-0.011983363239327,-0.0014976011621487,0,0,0,-0.00504406511987789,0,0.0493239277852772,0,-0.0295842009746695,0.024187153720602,0,0.0270943036261278,-0.00793782980953202,0.000759273249122282,-0.0202816374474741
NA,NA,NA,NA,NA,NA,NA,NA,NA,NA,NA,NA,NA,NA,NA,NA,NA,NA,NA,NA,NA,NA,NA,NA,NA,NA,NA,NA,NA,NA,NA,NA,NA,NA,NA,NA,NA,NA,NA,NA,NA,NA,NA,NA,NA,NA,NA,NA,NA,NA,NA,NA,NA,NA,NA,NA,NA,NA,NA,NA,NA,NA,NA,NA,NA,NA,NA,NA,NA,NA,NA,NA,NA,NA,NA,NA,NA,NA,NA,NA,NA,NA,NA,NA,NA,NA,NA,NA,NA,NA,NA,NA,NA,NA,NA,NA,NA,NA,NA,NA,NA,NA,NA,NA,NA,NA,NA,NA,NA,NA,NA,NA,NA,NA,NA,NA,NA,NA,NA,NA,NA,NA,NA,NA,NA,NA,NA,NA,NA,NA,NA,NA,NA,NA,NA,NA,NA,NA,NA,NA,NA,NA,NA,NA,NA,NA,NA,NA,NA,NA,NA,NA,NA,NA,NA,NA,NA,NA,NA,NA,NA,NA,NA,NA,NA,NA,NA,NA,NA,NA,NA,NA,NA,NA,NA,NA,NA,NA,NA,NA,NA,NA,NA,NA,NA,NA,NA
-0.0146056253603426,0.050393419644095,-0.0182694162460543,0,-0.0401904912199422,0,0.0562727318906491,0.0115820996267837,0,-0.0281310394436813,0,0,0,0.0643700594934846,0.0433167984110778,-0.00921756826859797,-0.0319061605379967,-0.00613614453717083,-0.00711351870567881,0,-0.00353019722814967,0,-0.0209279537392112,0,0.00978161665540585,-0.00535121439970505,0,0.0148976092170295,0,-0.0379280305855675,-0.00219065157075387,0,0,0,0,0,0,0,0,0,0,0.017987224993124,0.0605519829306207,0.0384286291338166,-0.0150556821804833,0.0658647586013691,0.0267125027515535,-0.00398056148895411,0,-0.00571711844146878,-0.00331156744281994,0,-0.0106456516628967,0.0573078057703474,0.00329564183200356,0.00135584660709764,0.0253639338535086,0,0,0.00189215856623138,-0.0325699524411092,-0.0226125552991226,-0.00715047701088838,0,0.0142370143897186,-0.0108971717964448,0,-0.0263871603457994,0,0.0171724883118791,0,0,-0.00637812167574471,0,0,0,0,-0.0070461436851217,0.0294824314675816,0,-0.0153405598249141,0,0.0200730265815557,-0.0125533807994448,0,-0.00494652013407617,0,0,0,0,0,0,0.0420906976087132,-0.0471460912700019,0,0.0263263832903922,0,-0.0240495790468535,-0.0313402128603623,0,0,0,0.00395802833636422,0,-0.0260717258322623,0.0667338937238719,-0.0000303549236457347,-0.00648126680958253,-0.00567378611619461,0,0,-0.0334459021170592,-0.0273621730172192,0.00928836264143031,0,-0.0403331262149076,-0.0045611863746395,0,0,-0.000378285476732786,0,-0.0013563741655234,0.00369273104766737,-0.00536412881815049,0,-0.0338114434018782,0,0,0,0,-0.0700688784254213,0,0.0216105130849474,0,0.0249198235910083,0,0,0.0273472396757658,0,0,0.0119752312769815,-0.0165367711210655,0,0.00981758840193818,0,0,0,0,0.00966629048795665,-0.000360089048273105,0,0,0,0,0,0,0,0,0,0,0,0.0000655022783626072,0,0,-0.0101410947393444,0,-0.00162431317818703,0,-0.0149969391149492,0.0436452453158964,0,-0.011659945634965,-0.0021306233251414,0,0,0,-0.00575868061956997,0,0.0503450464297203,0,-0.029619041246383,0.0257328546367913,0,0.0284748746041482,-0.0072439809609528,0.00150104603272577,-0.0232676393402239
-0.0130152137163218,0.0484279960914559,-0.0157518969314319,0,-0.0415129346145014,0,0.056025571609337,0.0108889385934134,0,-0.0276047478271192,0,0,0,0.0662352351959015,0.0423511114813991,-0.00998508947788253,-0.0316357404781963,-0.00900805166145215,-0.00262673621450171,0,-0.00287746849437502,0,-0.0166272313546328,0,0.00908432337341235,-0.00335666572960255,0,0.0149574844862766,0,-0.03723419035412,0,0,0,0,0,0,0,0,0,0,0,0.0187320527179005,0.0579208345638713,0.0433574401750349,-0.01684549620108,0.0659258135135572,0.0285375443309746,-0.00506237581244747,0,-0.00538930679189674,-0.00268658189372005,0,-0.011228178107282,0.0572782599653169,0.00179721698846145,0.00170818003168698,0.026039793576666,0,0,0.00177203404791234,-0.0320656664224662,-0.0214893062510611,-0.00437013197680025,0,0.0153244688627871,-0.010666888057246,0,-0.0251406156733684,0,0.0188296991893952,0,0,-0.00650736748495328,0,0,0,0,-0.00724133791695208,0.0299304978756019,0,-0.0131788171045499,0,0.0199070106942505,-0.0124680483559061,0,-0.00419916171086623,0,0,0,0,0,0,0.044915640088531,-0.0453955852788093,0,0.0270041696415813,0,-0.0245303709840258,-0.0319281589658846,0,0,0,0.00184992304880891,0,-0.0262901867703605,0.0664863550294252,0,-0.00628325124001237,-0.00664485329960463,0,0,-0.0337101987657641,-0.0276168924716757,0.00716825682041537,0,-0.0377428824203973,-0.00335167363782068,0,0,-0.0000994625418416776,0,-0.00181348253319908,0.00315564557185088,-0.0043356540635731,0,-0.0332017779274106,0,0,0,0,-0.0704334294279412,0,0.0206039680127451,0,0.0241109635000373,0,0,0.0267582809243551,0,0,0.0087623226829262,-0.017465728092788,0,0.00752791100228693,0,0.00111933034780928,0,0,0.0099113752256012,-0.00371597009297552,0,0,0,0,0,0,0,0,0,0,0,0,0,0,-0.0093569297766866,0,-0.00220727021016151,0,-0.0141303932772077,0.0424182501252051,0,-0.0127038309677417,-0.00107877365367901,0,0,-0.000217369409457025,-0.00543531189139252,0,0.0501572154505158,0,-0.0311938495630841,0.0261565875779668,0,0.0274161262299102,-0.00711060031609697,0.00163483740917909,-0.0231669561616407
NA,NA,NA,NA,NA,NA,NA,NA,NA,NA,NA,NA,NA,NA,NA,NA,NA,NA,NA,NA,NA,NA,NA,NA,NA,NA,NA,NA,NA,NA,NA,NA,NA,NA,NA,NA,NA,NA,NA,NA,NA,NA,NA,NA,NA,NA,NA,NA,NA,NA,NA,NA,NA,NA,NA,NA,NA,NA,NA,NA,NA,NA,NA,NA,NA,NA,NA,NA,NA,NA,NA,NA,NA,NA,NA,NA,NA,NA,NA,NA,NA,NA,NA,NA,NA,NA,NA,NA,NA,NA,NA,NA,NA,NA,NA,NA,NA,NA,NA,NA,NA,NA,NA,NA,NA,NA,NA,NA,NA,NA,NA,NA,NA,NA,NA,NA,NA,NA,NA,NA,NA,NA,NA,NA,NA,NA,NA,NA,NA,NA,NA,NA,NA,NA,NA,NA,NA,NA,NA,NA,NA,NA,NA,NA,NA,NA,NA,NA,NA,NA,NA,NA,NA,NA,NA,NA,NA,NA,NA,NA,NA,NA,NA,NA,NA,NA,NA,NA,NA,NA,NA,NA,NA,NA,NA,NA,NA,NA,NA,NA,NA,NA,NA,NA,NA,NA,NA
NA,NA,NA,NA,NA,NA,NA,NA,NA,NA,NA,NA,NA,NA,NA,NA,NA,NA,NA,NA,NA,NA,NA,NA,NA,NA,NA,NA,NA,NA,NA,NA,NA,NA,NA,NA,NA,NA,NA,NA,NA,NA,NA,NA,NA,NA,NA,NA,NA,NA,NA,NA,NA,NA,NA,NA,NA,NA,NA,NA,NA,NA,NA,NA,NA,NA,NA,NA,NA,NA,NA,NA,NA,NA,NA,NA,NA,NA,NA,NA,NA,NA,NA,NA,NA,NA,NA,NA,NA,NA,NA,NA,NA,NA,NA,NA,NA,NA,NA,NA,NA,NA,NA,NA,NA,NA,NA,NA,NA,NA,NA,NA,NA,NA,NA,NA,NA,NA,NA,NA,NA,NA,NA,NA,NA,NA,NA,NA,NA,NA,NA,NA,NA,NA,NA,NA,NA,NA,NA,NA,NA,NA,NA,NA,NA,NA,NA,NA,NA,NA,NA,NA,NA,NA,NA,NA,NA,NA,NA,NA,NA,NA,NA,NA,NA,NA,NA,NA,NA,NA,NA,NA,NA,NA,NA,NA,NA,NA,NA,NA,NA,NA,NA,NA,NA,NA,NA
NA,NA,NA,NA,NA,NA,NA,NA,NA,NA,NA,NA,NA,NA,NA,NA,NA,NA,NA,NA,NA,NA,NA,NA,NA,NA,NA,NA,NA,NA,NA,NA,NA,NA,NA,NA,NA,NA,NA,NA,NA,NA,NA,NA,NA,NA,NA,NA,NA,NA,NA,NA,NA,NA,NA,NA,NA,NA,NA,NA,NA,NA,NA,NA,NA,NA,NA,NA,NA,NA,NA,NA,NA,NA,NA,NA,NA,NA,NA,NA,NA,NA,NA,NA,NA,NA,NA,NA,NA,NA,NA,NA,NA,NA,NA,NA,NA,NA,NA,NA,NA,NA,NA,NA,NA,NA,NA,NA,NA,NA,NA,NA,NA,NA,NA,NA,NA,NA,NA,NA,NA,NA,NA,NA,NA,NA,NA,NA,NA,NA,NA,NA,NA,NA,NA,NA,NA,NA,NA,NA,NA,NA,NA,NA,NA,NA,NA,NA,NA,NA,NA,NA,NA,NA,NA,NA,NA,NA,NA,NA,NA,NA,NA,NA,NA,NA,NA,NA,NA,NA,NA,NA,NA,NA,NA,NA,NA,NA,NA,NA,NA,NA,NA,NA,NA,NA,NA
NA,NA,NA,NA,NA,NA,NA,NA,NA,NA,NA,NA,NA,NA,NA,NA,NA,NA,NA,NA,NA,NA,NA,NA,NA,NA,NA,NA,NA,NA,NA,NA,NA,NA,NA,NA,NA,NA,NA,NA,NA,NA,NA,NA,NA,NA,NA,NA,NA,NA,NA,NA,NA,NA,NA,NA,NA,NA,NA,NA,NA,NA,NA,NA,NA,NA,NA,NA,NA,NA,NA,NA,NA,NA,NA,NA,NA,NA,NA,NA,NA,NA,NA,NA,NA,NA,NA,NA,NA,NA,NA,NA,NA,NA,NA,NA,NA,NA,NA,NA,NA,NA,NA,NA,NA,NA,NA,NA,NA,NA,NA,NA,NA,NA,NA,NA,NA,NA,NA,NA,NA,NA,NA,NA,NA,NA,NA,NA,NA,NA,NA,NA,NA,NA,NA,NA,NA,NA,NA,NA,NA,NA,NA,NA,NA,NA,NA,NA,NA,NA,NA,NA,NA,NA,NA,NA,NA,NA,NA,NA,NA,NA,NA,NA,NA,NA,NA,NA,NA,NA,NA,NA,NA,NA,NA,NA,NA,NA,NA,NA,NA,NA,NA,NA,NA,NA,NA
NA,NA,NA,NA,NA,NA,NA,NA,NA,NA,NA,NA,NA,NA,NA,NA,NA,NA,NA,NA,NA,NA,NA,NA,NA,NA,NA,NA,NA,NA,NA,NA,NA,NA,NA,NA,NA,NA,NA,NA,NA,NA,NA,NA,NA,NA,NA,NA,NA,NA,NA,NA,NA,NA,NA,NA,NA,NA,NA,NA,NA,NA,NA,NA,NA,NA,NA,NA,NA,NA,NA,NA,NA,NA,NA,NA,NA,NA,NA,NA,NA,NA,NA,NA,NA,NA,NA,NA,NA,NA,NA,NA,NA,NA,NA,NA,NA,NA,NA,NA,NA,NA,NA,NA,NA,NA,NA,NA,NA,NA,NA,NA,NA,NA,NA,NA,NA,NA,NA,NA,NA,NA,NA,NA,NA,NA,NA,NA,NA,NA,NA,NA,NA,NA,NA,NA,NA,NA,NA,NA,NA,NA,NA,NA,NA,NA,NA,NA,NA,NA,NA,NA,NA,NA,NA,NA,NA,NA,NA,NA,NA,NA,NA,NA,NA,NA,NA,NA,NA,NA,NA,NA,NA,NA,NA,NA,NA,NA,NA,NA,NA,NA,NA,NA,NA,NA,NA
-0.0154616330696498,0.0501558078299142,-0.0177549204341243,0,-0.0380380608366945,0,0.0554404496392964,0.0105141603530165,0,-0.0251559586869993,0,0,0,0.0659348629307196,0.0434698232760038,-0.00907747796951204,-0.0311161989962549,-0.00604572247558919,-0.00457574827086229,0,-0.00054034008528816,0,-0.0195646882705614,0,0.010257013025354,-0.00680656836411799,0,0.0145786632309096,0,-0.0361106141064319,-0.000567146543737557,0,0,0,0,0,0,0,0,0,0,0.0181386910755643,0.0588218940199728,0.0386642845219668,-0.015225986182897,0.0667426534734974,0.0262029828031655,-0.00436135904072375,0,-0.00543237292503414,-0.00233641568199403,0,-0.00949845211124597,0.056159159462525,0.00385392950289807,0.00244927586690607,0.0259385276171397,0,0,0.00182439972455128,-0.0309060439178277,-0.0211457939618607,-0.00616453407816663,0,0.0134248288468332,-0.0106947318812104,0,-0.0250515887018804,0,0.0203843329964091,0,0,-0.00519586361959021,0,0,0,0,-0.00728461934261374,0.0305041260460847,0,-0.0137033679713625,-0.0000539910982036882,0.0197395289331985,-0.0129929651908156,0,-0.00461987654122945,0,0,0,0,0,0,0.0429875553862186,-0.0451298715858197,0,0.0266506106411377,0,-0.0258727225499415,-0.0310284893787194,0,0,0,0.00428025538937911,0,-0.0260510068652161,0.0684412171409365,0,-0.00619149916709753,-0.00646755949023352,0,0,-0.0369220039676967,-0.0260234332415883,0.00734301245962561,0,-0.0388470682852756,-0.00564012781294114,0,0,0,0,-0.000717095945323728,0.00347259510997975,-0.00426656265343323,0,-0.0332108889767796,0,0,0,0,-0.0693354868580136,0,0.0210656066725997,0,0.022297411235945,0,0,0.0284669249530668,0,0,0.0115621011134549,-0.0157511140100824,0,0.0096045374478465,0,0,0,0,0.00867629900120085,-0.000824526768878524,0,0,0,0,0,0,0,0,0,0,0,0,0,0,-0.00996730962288829,0,-0.00428327581250999,0,-0.0135001718279605,0.0398068947857673,0,-0.0138266755192046,0,0,0,0,-0.00554993331262309,0,0.0512062169077666,0,-0.0304535667969053,0.0200068493521594,0,0.0294777946651615,-0.00741612005296647,0,-0.0192693337379908
-0.0128716628173908,0.0496764170251201,-0.0186939570039507,0,-0.0388845014321364,0,0.0543223509387219,0.0112824959596926,0,-0.0283431406222817,0,0,0,0.0647675183840246,0.0428653642993772,-0.00966699408488028,-0.0312458213401845,-0.00830529908240177,-0.00782026628997852,0,-0.00402069253420514,0,-0.0192042213134849,0,0.00879541039907838,-0.00712169659651638,0,0.0143837010384156,0,-0.0382719747716628,-0.0014763889473253,0,0,0,0,0,0,0,0,0,0,0.0177510014178004,0.0596066958986869,0.0373752191205541,-0.0176563780889284,0.0663458947502759,0.0262655841752551,-0.00098279033377546,0,-0.00654754194929739,-0.00337514899533366,0,-0.00908361223632713,0.0567396274411876,0.000795379228907552,0.00194613439290076,0.0259406625948008,0,0,0.00153463501463074,-0.0315414458766973,-0.021698085527951,-0.00668632601713088,0,0.0124027612233366,-0.0118128003714601,0,-0.0228641245513853,0,0.0166637585119714,0,0,-0.00593330256835002,0,0,0,0,-0.0059026824027699,0.0298364628987227,0,-0.0173491592950556,0,0.0195789405357382,-0.0107450555124359,0,-0.00534607230789772,0,0,0,0,0,0,0.0457348875139482,-0.0468697608118086,0,0.0251222619787519,0,-0.0249664061944182,-0.0321451904022632,0,0,0,0.00416785222830958,0,-0.026097861220533,0.0659161060401677,0,-0.00459915716906688,-0.00816427073815212,0,0,-0.0332527075969518,-0.0282294511590251,0.0122910297138637,0,-0.0417431103976817,-0.00561425176003189,0,0,-0.000573311894550704,0,-0.00167234163814276,0.00140949117012628,-0.00591430920030708,0,-0.0331888089468575,0,0,0,0,-0.0723130520531545,0,0.0203484516700343,0,0.0242346190972919,0,0,0.0251630512166053,0,0,0.0100393723259208,-0.0179438313589433,0,0.00616290985489529,0,0,0,0,0.0083910193178788,-0.00102077648845639,0,0,0,0,0,0,0,0,0,0,0,0,0,0,-0.0127649566819837,0,-0.00218670135939767,0,-0.0154638401989776,0.04309322084576,0,-0.011697704572889,-0.00402757524342571,0,0,0,-0.0052395526654902,0,0.0515870852236595,0,-0.031279702839552,0.0244462301034948,0,0.0261096436459471,-0.00775836115897066,0.000426105317318468,-0.0236269635715482
NA,NA,NA,NA,NA,NA,NA,NA,NA,NA,NA,NA,NA,NA,NA,NA,NA,NA,NA,NA,NA,NA,NA,NA,NA,NA,NA,NA,NA,NA,NA,NA,NA,NA,NA,NA,NA,NA,NA,NA,NA,NA,NA,NA,NA,NA,NA,NA,NA,NA,NA,NA,NA,NA,NA,NA,NA,NA,NA,NA,NA,NA,NA,NA,NA,NA,NA,NA,NA,NA,NA,NA,NA,NA,NA,NA,NA,NA,NA,NA,NA,NA,NA,NA,NA,NA,NA,NA,NA,NA,NA,NA,NA,NA,NA,NA,NA,NA,NA,NA,NA,NA,NA,NA,NA,NA,NA,NA,NA,NA,NA,NA,NA,NA,NA,NA,NA,NA,NA,NA,NA,NA,NA,NA,NA,NA,NA,NA,NA,NA,NA,NA,NA,NA,NA,NA,NA,NA,NA,NA,NA,NA,NA,NA,NA,NA,NA,NA,NA,NA,NA,NA,NA,NA,NA,NA,NA,NA,NA,NA,NA,NA,NA,NA,NA,NA,NA,NA,NA,NA,NA,NA,NA,NA,NA,NA,NA,NA,NA,NA,NA,NA,NA,NA,NA,NA,NA
-0.0129227105065862,0.0493341111169227,-0.0183706718581503,0,-0.0402650587640704,0,0.0549229538060112,0.0104947484053241,0,-0.0270447635210859,0,0,0,0.0661693307917973,0.042918736091605,-0.00916568837571523,-0.03184926250542,-0.00786791560410183,-0.00522483381634039,0,-0.00274378789848979,0,-0.0202819599565257,0,0.0089192391226903,-0.00682619020080047,0,0.0144924360715601,0,-0.0385897958560165,0,0,0,0,0,0,0,0,0,0,0,0.0179414291711416,0.0592254779858387,0.0386261665905945,-0.0153966569611485,0.0671918279499427,0.026583246648043,-0.00465422154273661,0,-0.00589313002532379,-0.00317880835389633,0,-0.0121058661148882,0.0572498886782952,0.00326618109289103,0.00142685954178619,0.0253064787336242,0,0,0.00112305684543018,-0.032083271852948,-0.0225374884191785,-0.00697724874226659,0,0.0118089518075434,-0.0115045748107989,0,-0.0250425147904208,0,0.0177243934503545,0,0,-0.00705777557701487,0,0,0,0,-0.00844450319319053,0.0290628840759879,0,-0.0146456844555997,0,0.0200052668228974,-0.0112581521826582,0,-0.000613779903173189,0,0,0,0,0,0,0.049731923367596,-0.0472141335984054,0,0.0256397170899617,0,-0.0228025565487416,-0.0303547577988944,0,0,0,0.00563517574446526,0,-0.0265854988820773,0.0653056111038011,0,-0.00638820185651111,-0.00481367589012573,0,0,-0.0331161163598677,-0.0279424842120522,0.00611248591574012,0,-0.0406360394028314,-0.00454308551865778,0,0,-0.0012076260256126,0,-0.00152990994511008,0.00250664969006655,-0.00516984671082036,0,-0.0320765077226822,0,0,0,0,-0.0720469509759458,0,0.02145401833233,0,0.0241036386412268,0,0,0.0253411606175396,0,0,0.0106649696964424,-0.0176491378058348,0,0.00898687708290305,0,0,0,0,0.0102292058257104,-0.00057300137296412,0,0,0,0,0,0,0,0,0,0,0,0.000382929935009409,0,0,-0.0100492177971858,0,-0.00135778094156649,0,-0.0143332351801306,0.0422043880223423,0,-0.0104338732987733,-0.00222044360072017,0,0,-0.000394342992047246,-0.00348921271517171,0,0.050068433923674,0,-0.0294771983717237,0.0260203542546584,0,0.0265464970126044,-0.00748905333208836,0.000961746127133902,-0.0240518969331242
NA,NA,NA,NA,NA,NA,NA,NA,NA,NA,NA,NA,NA,NA,NA,NA,NA,NA,NA,NA,NA,NA,NA,NA,NA,NA,NA,NA,NA,NA,NA,NA,NA,NA,NA,NA,NA,NA,NA,NA,NA,NA,NA,NA,NA,NA,NA,NA,NA,NA,NA,NA,NA,NA,NA,NA,NA,NA,NA,NA,NA,NA,NA,NA,NA,NA,NA,NA,NA,NA,NA,NA,NA,NA,NA,NA,NA,NA,NA,NA,NA,NA,NA,NA,NA,NA,NA,NA,NA,NA,NA,NA,NA,NA,NA,NA,NA,NA,NA,NA,NA,NA,NA,NA,NA,NA,NA,NA,NA,NA,NA,NA,NA,NA,NA,NA,NA,NA,NA,NA,NA,NA,NA,NA,NA,NA,NA,NA,NA,NA,NA,NA,NA,NA,NA,NA,NA,NA,NA,NA,NA,NA,NA,NA,NA,NA,NA,NA,NA,NA,NA,NA,NA,NA,NA,NA,NA,NA,NA,NA,NA,NA,NA,NA,NA,NA,NA,NA,NA,NA,NA,NA,NA,NA,NA,NA,NA,NA,NA,NA,NA,NA,NA,NA,NA,NA,NA
-0.0140496420447396,0.0495648949257581,-0.0184123665797193,0,-0.0401088929832339,0,0.0551037695208996,0.0112976764621371,0,-0.0274068777019761,0,0,0,0.0671902270072188,0.0439935381384572,-0.00954583278076914,-0.0322354818596465,-0.00675907886015272,-0.00565344797611573,0,-0.00105113942800157,0,-0.0199036752384358,0,0.00947929694531152,-0.00607360854782493,0,0.0144379635696475,0,-0.0386315038816831,-0.00176998759853511,0,0,0,0,0,0,0,0,0,0,0.0186905652766787,0.0600185918858913,0.038272241240036,-0.0156662056485381,0.0657240380576181,0.0270464714029244,-0.00440384034540834,0,-0.0059408216601691,-0.00327745232689715,0,-0.0106708978154553,0.0580989339928986,0.00258986715681842,0.00190522576177032,0.025251729971886,0,0,0.00184320819750427,-0.0314039265140735,-0.0227596804710008,-0.00725741580591281,0,0.0133108063876858,-0.0111905984362402,0,-0.0260031105797855,0,0.0190196319631529,0,0,-0.00592119868194083,0,0,0,0,-0.00692677998527571,0.0297511326945802,0,-0.0142336762354791,0,0.0202452628687251,-0.0123581032345591,0,-0.00469486076547827,0,0,0,0,0,0,0.0425646569412326,-0.046602886721255,0,0.0254499709278847,0,-0.0243174787778299,-0.0316877264685399,0,0,0,0.00282108614519665,0,-0.0261580542932241,0.0666458990445453,0,-0.00608944624143415,-0.00598046512250346,0,0,-0.033546041513511,-0.0271240646815847,0.00781819407760725,0,-0.040124843811926,-0.00397343716008352,0,0,-0.000839247508952432,0,-0.00177431172149615,0.00345046521172383,-0.00502570128097934,0,-0.0331341508574398,0,0,0,0,-0.0704674527983364,0,0.0210804389722289,0,0.0253492946355929,0,0,0.0270974235000179,0,0,0.0102243967323109,-0.0165118119650702,0,0.00936722969433472,0,0,0,0,0.00988064128238937,-0.000178804490310768,0,0,0,0,0,0,0,0,0,0,0,0,0,0,-0.0104776583364175,0,-0.00268540913420215,0,-0.0149893325037018,0.0428112095430128,0,-0.0116137937355431,-0.00188149549560908,0,0,0,-0.00499693182928321,0,0.0507063091559553,0,-0.0297653533991475,0.0262374024914466,0,0.0274816377524871,-0.00737282673635009,0.0012378871923073,-0.0230666887854568
-0.0139935658096763,0.050350879645472,-0.019215276821317,0,-0.0393521624195944,0,0.0543271176589556,0.0113218885269926,0,-0.0272415731327217,0,0,0,0.0661115052317326,0.043594718839506,-0.00954791139763096,-0.031987764844535,-0.00686419350902485,-0.00577393176190617,0,-0.00127669224594626,0,-0.0199182429421518,0,0.00899749560653237,-0.00625997981431904,0,0.0145579015043475,0,-0.0385734832172469,-0.00120047900183025,0,0,0,0,0,0,0,0,0,0,0.0189007095512577,0.0588883126734224,0.0385237514719112,-0.0158368305589783,0.0660495121943355,0.0264629430863718,-0.00440079693848983,0,-0.00595537414356988,-0.00330104788621513,0,-0.0107671025723787,0.0577415294770521,0.00240157457401974,0.00223936159740069,0.0253996621093443,0,0,0.00181389924429773,-0.0313184692978292,-0.0229715353119135,-0.00719187283554617,0,0.0134015978232221,-0.0110932490872435,0,-0.0254797708773291,0,0.01837800197352,0,0,-0.00592892548483904,0,0,0,0,-0.00699653062223937,0.0296670989466238,0,-0.014402115095494,0,0.0196169797336401,-0.0125219927578746,0,-0.00472321174937591,0,0,0,0,0,0,0.0423631373112447,-0.046020482234441,0,0.0253050302329391,0,-0.0240828553926669,-0.0313054393461109,0,0,0,0.0028019303037346,0,-0.0260953311115412,0.0663068766445937,0,-0.00611550193229152,-0.00577317399322255,0,0,-0.0332153653374947,-0.0272457384283699,0.00760971927699298,0,-0.0394026211210635,-0.00413032083715433,0,0,-0.000487279278632248,0,-0.0015746706055466,0.00263923817780974,-0.00508181343847071,0,-0.0332453805423463,0,0,0,0,-0.070408326653294,0,0.0207494372681865,0,0.0247789150408672,0,0,0.0265398977405448,0,0,0.0106456774939159,-0.0165437244091753,0,0.008914646682617,0,0,0,0,0.00952902239547095,-0.000463993740041919,0,0,0,0,0,0,0,0,0,0,0,0,0,0,-0.00998082453565142,0,-0.00235616799535008,0,-0.0146573634133434,0.0421817481937102,0,-0.0117913744581054,-0.0018262538661997,0,0,0,-0.00509301929546372,0,0.0500323458384297,0,-0.0293278521998675,0.0261087196705319,0,0.0282167861509419,-0.00731692548021082,0.00127039110514878,-0.0229113518138322
-0.0147093128109049,0.050487563700904,-0.0177417074495189,0,-0.0402166263299224,0,0.0551879487834058,0.0116113197417601,0,-0.027432117661492,0,0,0,0.0664676677042813,0.0442172170887484,-0.00950083676303293,-0.031581229490082,-0.00694986506528794,-0.00594086700710038,0,-0.00201539601203725,0,-0.0195998087909003,0,0.00977250523958008,-0.0056069791022571,0,0.0143670907006839,0,-0.0385748954565607,-0.00196271574065673,0,0,0,0,0,0,0,0,0,0,0.0190135205450866,0.0593631222732846,0.0384368225995121,-0.0149930513288605,0.0656289850023229,0.0269688814010594,-0.00465865132116041,0,-0.00591419310346847,-0.00327555206299416,0,-0.0107369060921664,0.0580934623714481,0.00276371391131936,0.00186063180882265,0.0253835797406554,0,0,0.00177828463531563,-0.0306294794185211,-0.0230927722793061,-0.00794820780127263,0,0.0130448970338281,-0.0112077346451249,0,-0.0260385505553013,0,0.0191408855611205,0,0,-0.00549989528792381,0,0,0,0,-0.00673091642468631,0.0295915964778457,0,-0.014317774361631,0,0.0203463968396378,-0.0162361689224785,0,-0.00369821275071618,0,0,0,0,0,0,0.0419794690338979,-0.0462626672699309,0,0.025558752035803,0,-0.0252630275511046,-0.0309140917268795,0,0,0,0.00305289705086898,0,-0.0261090410617517,0.0669733017152858,-0.0000224223823560019,-0.00593526104961537,-0.00580144519845181,0,0,-0.0338508987459684,-0.0268907813977944,0.00890530618391891,0,-0.0392823148930884,-0.00459085249338546,0,0,-0.000297471496591357,0,-0.00114015344256988,0.00345727464251684,-0.00514717155626301,0,-0.0329973239229415,0,0,0,0,-0.0705798353279682,0,0.021523805273098,0,0.0255462071629057,0,0,0.0266432163347235,0,0,0.0107995643681301,-0.0170800512400619,0,0.00968376605047662,0,0,0,0,0.00959468397948791,-0.000449287598826848,0,0,0,0,0,0,0,0,0,0,0,0,0,0,-0.010083395632307,0,-0.00232552476889987,0,-0.0150443836961326,0.0427523667245659,0,-0.0115243321575273,-0.0018246241186438,0,0,0,-0.00571127269770468,0,0.0502032764495996,0,-0.030079631406619,0.0265980031516438,0,0.0258309258514518,-0.00727144793618365,0.00103494362950894,-0.0230247240289933
-0.0118951188073561,0.0470652765754154,-0.0201215205199492,0,-0.0370458282611926,0,0.0575106079891021,0.0134174647761128,0,-0.0237690906397482,0,0,0,0.0673832497588681,0.0438308675505033,-0.0123314062138767,-0.0318876621830819,-0.00779213992918647,-0.00551453765254225,0,-0.00165492292231602,0,-0.0217578328691479,0,0.00912168032949363,-0.00469096050628324,0,0.0154383715689639,0,-0.0361770816784698,-0.0023477503460162,0,0,0,0,0,0,0,0,0,0,0.0202804524640079,0.0595233195583436,0.0354248172629372,-0.0170055145514474,0.064244772079544,0.02725806242931,-0.00159203020743766,0,-0.00577764774200983,-0.00363088404934591,0,-0.0107574866781596,0.057539524607592,0.00135147866036584,0,0.0264360891576512,0,0,0.000671927143878897,-0.0246409674199066,-0.0252251311015002,-0.00830909960538034,0,0.0136335956455273,-0.00672241046644516,0,-0.0245284676170937,0,0.0176924443563687,0,0,-0.00597524834465969,0,0,0,0,-0.00236554242621609,0.0301686386207214,0,-0.0150984203438038,0,0.0192134758888228,-0.015769022426558,-0.000637794009879754,-0.00626120899616767,0,0,0,0,0,0,0.0479723296827824,-0.0457870292517535,0,0.0224456834599121,0,-0.0249504081364038,-0.0325626221726552,0,0,0,0.00486917231036811,0,-0.0272412934377644,0.0636378300751121,0,-0.00845951536498493,-0.00858104225832563,0,0,-0.0351892997240223,-0.0265635311507356,0.00473376481376803,0,-0.0423522468607716,-0.00362063040212104,0,0,-0.000402531253175556,0,-0.00370302620274755,0.00408205888485884,-0.00175473083242016,0,-0.0337205022171252,0,0,0,0,-0.0704095794049948,0,0.0168835696580314,0,0.0239464539483299,0,0,0.0239131579053585,0,0,0.0117232140652153,-0.0146196292804546,0,0.00725112896109962,0,0,0,0,0.0232858812643327,-0.000576629270400627,0,0,0,0,0,0,0,0,0,0,0,0,0,0,-0.0114242058389871,0,-0.000540372948893689,0,-0.0141042196827544,0.0409429480286923,0,-0.012398269486992,-0.00166531945559387,0,0,-0.000174303006321426,-0.00940368582852499,0,0.0524932368406025,0,-0.0267353177334377,0.0244475686531398,0,0.0488428209604042,-0.00828652951039141,0.00226863307850208,-0.0233250264211894
-0.0148568439368717,0.050258754535866,-0.017687058490621,0,-0.0421670670154489,0,0.0550239737155289,0.0115164454243391,0,-0.0276203969880337,0,0,0,0.0661660210037618,0.044363892961906,-0.00893834766228114,-0.0314535379500971,-0.00728903337515724,-0.00568084402768398,0,-0.00106344650010181,0,-0.0195146391096664,0,0.00934838047647553,-0.00582956965230493,0,0.0143301765687958,0,-0.0387085933244239,-0.0016774490821702,0,0,0,0,0,0,0,0,0,0,0.0186829565453213,0.0588620340380123,0.0387119167081519,-0.0151691717742102,0.0659928305042341,0.0267227785560387,-0.00468769108274957,0,-0.00622821077485364,-0.00317165448738817,0,-0.0112272750226559,0.0580029611976395,0.00291577970511148,0.00222521147215974,0.0251021753736097,0,0,0.00208216306718024,-0.0310637661364224,-0.0225871341412074,-0.0068782985977778,0,0.0128761381591071,-0.0112257300804108,0,-0.0257292867398537,0,0.0181227509388739,0,0,-0.00564830062308015,0,0,0,0,-0.006570812216804,0.0294925852826067,0,-0.0144543619008631,0,0.0192294354643919,-0.0140046852760003,0,-0.00474680421484565,0,0,0,0,-0.00034310693031172,0,0.0416105287497687,-0.0468719414060127,0,0.0251881899661543,0,-0.0242172795031882,-0.0306089695818533,0,0,0,0.00179586121426121,0,-0.0257962841738273,0.0665707511165953,0,-0.00551932114737307,-0.00758305776034332,0,0,-0.0341842916227721,-0.027013063165526,0.0074178456984807,0,-0.039047800542519,-0.00352436478444005,0,0,-0.000604870522479227,0,-0.0015860408532524,0.00213907750818527,-0.00530718891474705,0,-0.0330260486737554,0,0,0,0,-0.0701941691069035,0,0.0222581972455945,0,0.0245386305539542,0,0,0.0273014119890491,0,0,0.0103217176137077,-0.0166908799309081,0,0.00884996893320765,0,0,0,0,0.0100164631089438,-0.000248789106878049,0,0,0,0,0,0,0,0,0,0,0,0,0,0,-0.00986277566671626,0,-0.00212558996276858,0,-0.0161610039449358,0.0423498255980054,0,-0.0109921061907252,-0.00282651715685921,0,0,0,-0.0046432494960476,0,0.0502559639786599,0,-0.0297700506756333,0.025996239864927,0,0.0265099002072083,-0.00682097627981312,0.0013846105626912,-0.0224281274039449
-0.0136806107481093,0.0500283139531839,-0.0185419168530223,0,-0.0383371971100561,0,0.0536939456380057,0.010601050120486,0,-0.0272235713191574,0,0,0,0.0667612333686864,0.0441010519889636,-0.00931525150036829,-0.0321783031025741,-0.00657635164622727,-0.0057594111694837,0,-0.00143837441587526,0,-0.020384664060569,0,0.00885281805019443,-0.00675092772093759,0,0.0143766551417841,0,-0.0382759544220623,-0.0013738150040571,0,0,0,0,0,0,0,0,0,0,0.018344387820859,0.0609740579309533,0.0380052629082765,-0.0155362952718443,0.065852365380038,0.0267312801388663,-0.00460262534365408,0,-0.00612767853005406,-0.00319824537596058,0,-0.0119202883468643,0.0586757447667632,0.0024898725629134,0.00242533789740221,0.0248118962484508,0,0,0.00191868846590822,-0.0309181911489823,-0.0226698812254855,-0.00705350890828898,0,0.0130168625506848,-0.0113231958544239,0,-0.0257289502128285,0,0.0182999554142508,0,0,-0.00650890249513965,0,0,0,0,-0.0075604287131044,0.0293229813071339,0,-0.0142104553653784,0,0.0200167611258299,-0.00917848148534585,0,-0.00415442081468146,0,0,0,0,0,0,0.0427596282329037,-0.0461649372586091,0,0.0246858760051635,0,-0.0247340966427653,-0.0318637028103722,0,0,0,0.00373107438858991,0,-0.0260683557335094,0.0662763399123164,-0.00014652010447654,-0.00573877620485579,-0.00460683207456686,0,0,-0.0318787440301967,-0.0268920495928238,0.00784173678853717,0,-0.0400151020640068,-0.00417685934187675,0,0,-0.000845409378865544,0,-0.00206160222859728,0.00399997373913478,-0.00535537870592847,0,-0.0322307838965824,0,0,0,0,-0.0701339733736212,0,0.0199881982355476,0,0.0244897838259954,0,0,0.026968647133501,0,0,0.0111024421125793,-0.0160859220639158,0,0.00973704294409091,0,0,0,0,0.0101592026015374,0,0,0,0,0,0,0,0,0,0,0,0,0,0,0,-0.0107895147572213,0,-0.00262934164406819,0,-0.0146554377944504,0.0416567296312954,0,-0.0110412376716336,-0.00242297704587008,0,0,0,-0.00547015280780401,0,0.0499198465157643,0,-0.028887682020827,0.0268530802038289,0,0.0274734008938963,-0.00731740881378785,0.000687461667215567,-0.0230625003072639
-0.0140599138399175,0.0501402409607545,-0.0192371123878213,0,-0.0396861059452482,0,0.0546755128539948,0.0111990155164016,0,-0.0273109749121184,0,0,0,0.0657225844556964,0.0439768573061055,-0.00956930606053722,-0.0321861528552953,-0.00648503906306618,-0.00559581648982646,0,-0.00116371213903465,0,-0.0198430077136892,0,0.0094142429287198,-0.00623065733800916,0,0.0145551583717738,0,-0.0386812806466644,-0.00147148224042781,0,0,0,0,0,0,0,0,0,0,0.0183666955400985,0.0591201449117311,0.0385215451386071,-0.0155923161558814,0.0660437826815077,0.0265486514050158,-0.00431194947299277,0,-0.00583583975460019,-0.00329182873974489,0,-0.0106734319981217,0.0582959430767297,0.00240697935887456,0.00190346722114257,0.0254840824855074,0,0,0.00201772635452883,-0.0313344622051694,-0.0229455608256336,-0.00705524232618441,0,0.0133565237811233,-0.0110447943101538,0,-0.025814416988788,0,0.0182654969316265,0,0,-0.00610887039665683,0,0,0,0,-0.00678237032701887,0.0294953411616338,0,-0.0144566014707046,0,0.0200386706897632,-0.0125050847764802,0,-0.00463056956563292,0,0,0,0,0,0,0.0430820301100089,-0.0465725089859406,0,0.0252474411480074,0,-0.0242629059403386,-0.0311733091784284,0,0,0,0.00245173775256077,0,-0.0260048550766346,0.0665261977268877,0,-0.00593703459515001,-0.00588504554277434,0,0,-0.0329942336264049,-0.0270406380459125,0.007680481730732,0,-0.0395202360700796,-0.00373038662509082,0,0,-0.000712443553330409,0,-0.00180511472367127,0.00293974866366426,-0.00510869119595509,0,-0.0329609003748654,0,0,0,0,-0.0700051454906351,0,0.0207988583513207,0,0.0251713800761216,0,0,0.0267303334058049,0,0,0.0106798631662252,-0.0163704222842466,0,0.00935408617593188,0,0,0,0,0.00972971801693017,-0.000349066245733523,0,0,0,0,0,0,0,0,0,0,0,0,0,0,-0.0101107002943808,0,-0.002374098965555,0,-0.014526308508508,0.0424180338578955,0,-0.0118445822065069,-0.0020999185501314,0,0,0,-0.00514022158408326,0,0.0502717322200412,0,-0.0293906176300961,0.026644237042868,0,0.0276216592443851,-0.00723498964029658,0.00123857139869535,-0.0230584275812211
-0.0126421755484927,0.0496275510005402,-0.0206725258932311,0,-0.0370300464852087,0,0.0544993411164309,0.00967465244519368,0,-0.0278782688708247,0,0,0,0.0656609284844807,0.0440122422493433,-0.0113103328821575,-0.0317655347035548,-0.00652587742668394,-0.00534288753455959,0,-0.00249080763126951,0,-0.0196703321104897,0,0.00801605762100137,-0.00566388291683965,0,0.0142109685052406,0,-0.038329941694103,-0.00169276742270441,0,0,0,0,0,0,0,0,0,0,0.0174226094832452,0.057623764883295,0.0404099682542209,-0.0173819249381812,0.0643960236657393,0.0268347199096143,-0.00515061245322636,0,-0.0063600858677126,-0.00473211063087461,0,-0.0130699835441619,0.0589251214399791,0.00227701568273584,0.0013835716002579,0.0283810599506929,0,0,0.00149374742483448,-0.0309741015224115,-0.0229109919773627,-0.00819394555688227,0,0.0119568350446716,-0.011443920523473,0,-0.02570466527158,0,0.0201022637068956,0,0,-0.00712917518295185,0,0,0,0,-0.00668454285377312,0.0290377497582936,0,-0.0146470264253037,0,0.0195691850980685,-0.0128420542940754,0,-0.00571776884506893,0,0,0,0,0,0,0.0429795095182413,-0.0478943492034452,0,0.0251130759893239,0,-0.0251562547010556,-0.0324287471205856,0,0,0,0.003316007509793,0,-0.0263385703780301,0.0652886941214096,-0.00000425231936955247,-0.00498292247790665,-0.00436257595600994,0,0,-0.0343077442267926,-0.0276781263671677,0.00800690971156643,0,-0.0398502532550256,-0.00412443868201399,0,0,-0.00108465657175213,0,-0.00239360393615151,0.000275154267116815,-0.00463528316833269,0,-0.0337924036595704,0,0,0,0,-0.0698057432591974,0,0.0188460932510019,0,0.0322758053585288,0,0,0.0255598503319521,0,0,0.00963517267306087,-0.0142290494320846,0,0.00994441663532044,0,0.00180362039197545,0,0,0.0114583849183282,-0.00128826370971011,0,0,0,0,0,0,0,0,0,0,0,0,0,0,-0.00852997327860885,0,-0.00197023041192971,0,-0.0147961429292641,0.0418428033910212,0,-0.0136548513093075,0,0,0,0,-0.00492557537593745,0,0.050117278702035,0,-0.0302759836772655,0.0273775172539345,0,0.0290561206572644,-0.00906680073870081,0.0000764895615653029,-0.0236035043806451
-0.0211699579122904,0.0555874074466533,-0.00172489842841463,0,-0.0513810292296762,0,0.0553107434090757,0.0136945862233345,0,-0.0255363539475239,0,0,0,0.0683426983802756,0.0468367188487821,-0.00285470253609089,-0.0248411506883938,-0.00814973052697393,-0.00820917509295909,0,-0.00693062291199077,0,-0.0200527683212114,0,0.0105007929564111,-0.0059742801532947,0,0.0159921279405947,0,-0.0387672234868469,0,0,0,0,0,0,0,-0.00217115736910896,0,0,0,0.0211352396665281,0.0480794495801366,0.0454647477583392,-0.014635083723276,0.0714083254819823,0.0275789362219015,-0.00487367162693705,0,-0.0128450573909032,0,0,-0.00383043938709836,0.0427462988654718,0.00163507222377122,0.00607933868946844,0.0280669110719883,0,0,0.00481017924916871,-0.0264640406973214,-0.0151651154627352,-0.0107999756416206,0,0.0200672077781707,-0.0130354703814535,0,-0.019464533780754,0,0.0209602273993214,0,0,-0.00767730098107864,0,0,0,0,-0.0158924579381327,0.0322241195682191,0,-0.013152283599097,0,0.0150324098375049,-0.00899523580855083,0,-0.00203259894602449,0,0,0,-0.00535620833614083,0,0,0.0472956430445721,-0.0406261207260145,0,0.0244860354497918,-0.00503600522563663,-0.0220455748398053,-0.0269307321606745,0,0,-0.0167363009876204,0,0,-0.0238882006449931,0.0676627872926441,0,-0.00573369058627666,-0.0170531846566334,0,0,-0.0327635689766804,-0.0219561166363836,0.00932462979082318,0,-0.035478800088922,-0.00373183076235187,0,0,0,0,0,0.00879058229320317,-0.00643606751871536,0,-0.0334572397446193,0,0,0,0,-0.0710168989067734,0,0.0299229858311808,0,0,0,0,0.0302032205127063,0,0,0.00644079277565252,-0.0225282996984874,0,0.00422385246236656,0,0,0,0,0.00177340374734159,-0.00158877223478325,0,0,0,0,0,0,0,0,0,0,0,0.00876398737810628,0,0,-0.00400789589079189,0,0,0,-0.0168668725503122,0.0418380764017754,0,-0.00700135895955214,-0.000779937504612195,0,0,-0.00111658158151319,-0.00607011311373104,0,0.0387543178279854,0,-0.0293436332791826,0.00304453034540548,0,0.0187294936475484,-0.00261792251024357,0.00529053231600751,-0.0184960061246292
-0.018341885874981,0.0520323236169561,-0.0171351722164531,0,-0.0392796652288069,0,0.0549014822811956,0.0166618616051887,0,-0.0242366074512585,0,0,0,0.0685137434355438,0.0420863845892648,-0.0106794215981902,-0.027916893277529,-0.0105840786168495,-0.0011012037719428,0,-0.00379795886448553,0,-0.0184127796128988,0,0.00616359752480692,-0.00910309026798672,0,0.0144382982844278,0,-0.0379864951879581,-0.0013249016073574,0,0,0,0,0,0,0,0,0,0,0.0188772411118575,0.0596540216024333,0.0360293194214591,-0.00742842838650258,0.064806445516414,0.0238052807452034,-0.00833125486618072,0,-0.00505991103603467,-0.00220403480912952,0,-0.00630432831613862,0.0581469791836172,0.00474269338740358,0.000765297171816634,0.02667284048636,0,0,-0.0672723859004466,-0.0355788541853577,-0.0199548726981711,-0.00986494208885859,0,0.0113788821152446,-0.0143632962257263,0,-0.0242135623779457,0,0.0175041931096366,0,0,-0.00449684933925842,0,0,0,0,-0.00355497163863686,0.0313227739097501,0,-0.0106931818558738,0,0.0213722244144702,-0.00832621856571232,0,-0.00941939707603699,0,0,-0.00318053480847863,0,-0.00223842112176055,0,0.042740772031559,-0.0421533477243944,0,0.0262279526557111,0,-0.0226706119906485,-0.0291570702657995,0,0,0,0,0,-0.0246974441751241,0.0645453317927976,-0.00442545836329027,-0.00460647415791526,-0.00609221989697065,0,0,-0.034346481385494,-0.0230067577369497,0.00516971770117662,0,-0.0384063737788484,-0.00541173946654012,0,0,0,0,0,0.00548514045810732,-0.00195340972015713,0,-0.0338344586859722,0,0,0,0,-0.0700063162710371,0,0.0244211686879604,0,0.0240433152916195,0,0,0.0324047179795217,0,0,0.00886627888725457,-0.0151609914625989,0,0.00817430018592105,0,0,0,0,0.00738122968811625,-0.00116565397686876,0,0,0,-0.00406953627716618,0,0,0,0,0,0,0,0,0,0,-0.0157498526584697,0,-0.00142059103337306,0,-0.0197212372631265,0.0441840738406825,0,-0.0129261005944897,-0.000466989449802938,0,0,0,-0.00657348089483342,0,0.0551756399243025,0,-0.0255145148977204,0.0214041608004199,0,0.027695327334764,-0.0112671500790153,0.0030201614020789,-0.0240925870223784
-0.0125004101209098,0.0557460127974806,-0.0218086865912564,0,-0.0410896718487652,0,0.0539458324669701,0.0132229946821911,0,-0.0262616280454935,0,0,0,0.0634214296047473,0.0430767709290817,-0.0105978992505714,-0.0311365557609625,0,-0.00104071073118859,0,0,0,-0.0205046271962208,0,0.0079160417513696,-0.00802579471932945,0,0.0140692455508199,0,-0.0388219254757873,-0.0014370201719417,0,0,0,0,0,0,0,0,0,0,0.0162139788387809,0.0601700360668811,0.0377052114021934,-0.0166079985886214,0.063501697568598,0.0251289831474914,-0.00320253925659701,0,-0.00510432317790914,-0.00299051519460695,0,-0.00640762312373122,0.0562447589895524,0.00645560987310793,0.00643546831722395,0.0258492906299706,0,0,0.00322337806025996,-0.0327204714177075,-0.0248571636025407,-0.00718900387564118,0,0.0129067786912641,-0.0113425628450209,0,-0.0289937445187626,0,0.0157735157592594,0,0,-0.00633188307882398,0,0,0,0,-0.00776210963542312,0.0300111210675086,0,-0.0131057814477318,0,0.0197002628430162,-0.0121642145556254,0,-0.00237660593893089,0,0,0,0,0,0,0.0412675144179539,-0.0413539676980863,0,0.0259673619978618,0,-0.0240767812011249,-0.0307177713470041,0,0,0,0.00103771999087768,0,-0.0254841049658569,0.0658294561240188,0,-0.00645647244012303,-0.006924083067012,0,0,-0.0310590820510454,-0.0280904457929202,0.004177259740005,0,-0.0359538940574475,-0.00318007048846815,0,0,-0.000858177745871828,0,-0.00352190694240914,0.00445314544930439,-0.00526042279500823,0,-0.0342801502793232,0,0,0,0,-0.0701797086304769,0,0.0192038834267918,0,0.024332467336012,0,0,0.0242878067301107,0,0,0.00962000052736322,-0.017251853895745,0,0.00868734250275976,0,0,0,0,0.00784817313540661,-0.00126978239302186,0,0,0,0,0,0,0,0,0,0,0,0,0,0,-0.00899268452801578,0,-0.00489927679994592,0,-0.0127339927584758,0.0431052896930922,0,-0.0118436486781242,-0.00213440613147527,0,0,-0.000448073058274558,-0.0061228375082339,0,0.053347599581879,0,-0.0292363940498742,0.026864235499432,0,0.0307513150070418,-0.00575834903180321,0.00190772295093178,-0.022876645569871
NA,NA,NA,NA,NA,NA,NA,NA,NA,NA,NA,NA,NA,NA,NA,NA,NA,NA,NA,NA,NA,NA,NA,NA,NA,NA,NA,NA,NA,NA,NA,NA,NA,NA,NA,NA,NA,NA,NA,NA,NA,NA,NA,NA,NA,NA,NA,NA,NA,NA,NA,NA,NA,NA,NA,NA,NA,NA,NA,NA,NA,NA,NA,NA,NA,NA,NA,NA,NA,NA,NA,NA,NA,NA,NA,NA,NA,NA,NA,NA,NA,NA,NA,NA,NA,NA,NA,NA,NA,NA,NA,NA,NA,NA,NA,NA,NA,NA,NA,NA,NA,NA,NA,NA,NA,NA,NA,NA,NA,NA,NA,NA,NA,NA,NA,NA,NA,NA,NA,NA,NA,NA,NA,NA,NA,NA,NA,NA,NA,NA,NA,NA,NA,NA,NA,NA,NA,NA,NA,NA,NA,NA,NA,NA,NA,NA,NA,NA,NA,NA,NA,NA,NA,NA,NA,NA,NA,NA,NA,NA,NA,NA,NA,NA,NA,NA,NA,NA,NA,NA,NA,NA,NA,NA,NA,NA,NA,NA,NA,NA,NA,NA,NA,NA,NA,NA,NA
-0.013448044332617,0.049972253827806,-0.0181539097575845,0,-0.0392234801647776,0,0.0542468313682754,0.0107339951956897,0,-0.0276610962886691,0,0,0,0.0659576846995758,0.0438969660157102,-0.00956241019587449,-0.0313510158911776,-0.00622297933785467,-0.0056161623159237,0,-0.00218664615618002,0,-0.0194233828104781,0,0.00914150991263838,-0.00654536708690275,0,0.0146889328744668,0,-0.0392657765312482,-0.00177448177314443,0,0,0,0,0,0,0,0,0,0,0.0187329917773295,0.0582335918424963,0.0382393180503472,-0.0165459087454455,0.0646598583876414,0.0267829676380604,-0.00405857704505177,0,-0.0063655899854633,0,0,-0.0111728945610019,0.0584508242298983,0.00250153314189284,0.00192635902318405,0.0249001411270773,0,0,0.00189529021196415,-0.0314895980389608,-0.0232933344659165,-0.00745186508009119,0,0.0128880082859244,-0.0109081787367528,0,-0.0257529614963676,0,0.0191086055164762,0,0,-0.00660218563513949,0,0,0,0,-0.00695131109780234,0.0290644247037497,0,-0.0149718427227718,0,0.0195266400671811,-0.0123872032477937,0,-0.0049788883771999,0,0,0,0,0,0,0.0426490245761792,-0.0468954339916084,0,0.024523090590784,0,-0.02428834997465,-0.0318293582674496,0,0,0,0.00208199417383049,0,-0.0263366769158098,0.0667947196629517,-0.000363831006556416,-0.0058570121634058,-0.00622424470332123,0,0,-0.034136371529076,-0.0274991950274107,0.00799945778574163,0,-0.0393883569332691,-0.00391171311940962,0,0,-0.0003295299630434,0,-0.000569698126171354,0.00152556605464743,-0.00441432735440664,0,-0.0328205082309213,0,0,0,0,-0.0705197569065864,0,0.0202897682857914,0,0.0272990263175981,0,0,0.0265666644639138,0,0,0.0112180126314996,-0.0165548631211907,0,0.0082841803144535,0,0,0,0,0.00946862246980722,-0.000476212603011563,0,0,0,0,0,0,0,0,0,0,0,0,0,0,-0.00852364684762716,0,-0.00218933017844344,0,-0.0143277687942499,0.0430728359470686,0,-0.0100065913147072,-0.00179000999242238,0,0,0,-0.00519529932777709,0,0.049754857366365,0,-0.029296776844479,0.0263864722015122,0,0.0285156132464535,-0.00735812073917372,0.000943488457011345,-0.0229542007388124
NA,NA,NA,NA,NA,NA,NA,NA,NA,NA,NA,NA,NA,NA,NA,NA,NA,NA,NA,NA,NA,NA,NA,NA,NA,NA,NA,NA,NA,NA,NA,NA,NA,NA,NA,NA,NA,NA,NA,NA,NA,NA,NA,NA,NA,NA,NA,NA,NA,NA,NA,NA,NA,NA,NA,NA,NA,NA,NA,NA,NA,NA,NA,NA,NA,NA,NA,NA,NA,NA,NA,NA,NA,NA,NA,NA,NA,NA,NA,NA,NA,NA,NA,NA,NA,NA,NA,NA,NA,NA,NA,NA,NA,NA,NA,NA,NA,NA,NA,NA,NA,NA,NA,NA,NA,NA,NA,NA,NA,NA,NA,NA,NA,NA,NA,NA,NA,NA,NA,NA,NA,NA,NA,NA,NA,NA,NA,NA,NA,NA,NA,NA,NA,NA,NA,NA,NA,NA,NA,NA,NA,NA,NA,NA,NA,NA,NA,NA,NA,NA,NA,NA,NA,NA,NA,NA,NA,NA,NA,NA,NA,NA,NA,NA,NA,NA,NA,NA,NA,NA,NA,NA,NA,NA,NA,NA,NA,NA,NA,NA,NA,NA,NA,NA,NA,NA,NA
-0.0148693139092506,0.050702287198995,-0.0182239369140675,0,-0.0407098167682949,0,0.055635213864475,0.0110749485687751,0,-0.0281450243140665,0,0,0,0.0659777888070865,0.0447300985830433,-0.00892342802223809,-0.0314747512378433,-0.00763746142614759,-0.00451153258039073,0,-0.000807117421027406,0,-0.0205199131270096,0,0.00935331438241695,-0.0057852919629981,0,0.0142744121380885,0,-0.0387195372868656,-0.000858919495914418,0,0,0,0,0,0,0,0,0,0,0.0187059530500634,0.0603051096472508,0.0383964277872964,-0.0149389256992783,0.066489500272156,0.0269799288355115,-0.0043464670538939,0,-0.00603711076050314,-0.00277155480907132,0,-0.011931048279608,0.0587392031574641,0.00264423004032159,0.00203988378129798,0.0252320775347064,0,0,0.00183728271310451,-0.0306761798826383,-0.0217421860545987,-0.00735850197971237,0,0.0133965423049908,-0.011023289711353,0,-0.0254262226777039,0,0.0189270409037835,0,0,-0.00516838370944066,0,0,0,0,-0.00681721738249976,0.0304909338315005,0,-0.0148030521868167,0,0.0197869044501599,-0.0123154985002666,0,-0.00447287107038734,0,0,0,0,0,0,0.042387220951305,-0.0476488628053689,0,0.0245849222044642,0,-0.0240007850868222,-0.0304764243833475,0,0,0,0.00266905929025892,0,-0.0259158254318641,0.0681107188513263,0,-0.00623576335380797,-0.00495241633019724,0,0,-0.0360989826250416,-0.0272053919494258,0.00803883431732954,0,-0.0394862802164487,-0.00325670505644193,0,0,-0.000308298159412969,0,-0.000718326405895389,0.00410530346549734,-0.00415200385500647,0,-0.0327269267763831,0,0,0,0,-0.0703548831575773,0,0.0207631686608216,0,0.02355989361255,0,0,0.0255844295433874,0,0,0.00930374693785346,-0.0163486483041593,0,0.00928618205022027,0,0,0,0,0.0101287501295597,-0.000627856743136543,0,0,0,0,0,0,0,0,0,0,0,0,0,0,-0.0128221875418012,0,-0.00190270557177628,0,-0.0142831450891354,0.0420681433659396,0,-0.0114075666975521,-0.00263678810195711,0,0,0,-0.00514635389740331,0,0.0512308356188103,0,-0.0298824934626913,0.026393114562504,0,0.0274034761566062,-0.00649676779941447,0.00110596758989239,-0.0235058878176553
NA,NA,NA,NA,NA,NA,NA,NA,NA,NA,NA,NA,NA,NA,NA,NA,NA,NA,NA,NA,NA,NA,NA,NA,NA,NA,NA,NA,NA,NA,NA,NA,NA,NA,NA,NA,NA,NA,NA,NA,NA,NA,NA,NA,NA,NA,NA,NA,NA,NA,NA,NA,NA,NA,NA,NA,NA,NA,NA,NA,NA,NA,NA,NA,NA,NA,NA,NA,NA,NA,NA,NA,NA,NA,NA,NA,NA,NA,NA,NA,NA,NA,NA,NA,NA,NA,NA,NA,NA,NA,NA,NA,NA,NA,NA,NA,NA,NA,NA,NA,NA,NA,NA,NA,NA,NA,NA,NA,NA,NA,NA,NA,NA,NA,NA,NA,NA,NA,NA,NA,NA,NA,NA,NA,NA,NA,NA,NA,NA,NA,NA,NA,NA,NA,NA,NA,NA,NA,NA,NA,NA,NA,NA,NA,NA,NA,NA,NA,NA,NA,NA,NA,NA,NA,NA,NA,NA,NA,NA,NA,NA,NA,NA,NA,NA,NA,NA,NA,NA,NA,NA,NA,NA,NA,NA,NA,NA,NA,NA,NA,NA,NA,NA,NA,NA,NA,NA
-0.013186395041347,0.0486513146190641,-0.0192207961370963,0,-0.0410956459052773,0,0.0545689895017124,0.0106468273882892,0,-0.0270271316652021,0,0,0,0.0664747665212347,0.0438125850296413,-0.010214873264788,-0.0308817695832861,-0.00612303572787918,-0.00742103026413878,0,-0.00305087995072449,0,-0.0193040441640814,0,0.0105534361142375,-0.00378217989314701,0,0.0146237745527955,0,-0.0384809425449907,-0.00231763453683548,0,0,0,0,0,0,0,0,0,0,0.0184440124247218,0.059069083543981,0.0380253496672207,-0.0158058996068157,0.0649463293335294,0.0270650498354105,-0.0046952837973193,0,-0.00518592206639741,-0.00354437426795807,0,-0.00505761542298812,0.0581286323920851,0.00261052190236647,0.000371755932570357,0.0246786777543941,0,0,0.000908504053869417,-0.030557131432329,-0.0239220359275453,-0.00814221921819101,0,0.0131998537793505,-0.0113684203257194,0,-0.0273261089890282,0,0.0184752064851904,0,0,-0.00737376531550648,0,0,0,0,-0.00687472449524,0.0290371914366966,0,-0.0142609442284273,0,0.0203656885011482,-0.0122486275390265,0,-0.00595576419581462,0,0,0,0,-0.00166337467898913,0,0.0430874902673958,-0.0475388869099663,0,0.0250819517132197,0,-0.024087666257109,-0.0315894623240307,0,0,0,0.00346479988683725,0,-0.0255293621451252,0.065997767908448,0,-0.00779883771526184,-0.004410904917134,0,0,-0.0338015638734607,-0.0272310971703002,0.0083759249790486,0,-0.0402708291292974,-0.00432795691617574,0,0,0,0,-0.00344504256659847,0.00259855790353113,-0.00516084547489975,0,-0.0313769572343352,0,0,0,0,-0.0728892395804247,0,0.0191373237785315,0,0.0237233345395039,0,0,0.0305134902854028,0,0,0.0119596138094339,-0.0163849003159649,0,0.0101718793004121,0,0,0,0,0.00933023127684551,-0.000124539504014263,0,0,0,0,0,0,0,0,0,0,0,0,0,0,-0.00898980989023808,0,-0.0012730791989019,0,-0.0132009664846972,0.0434449126019633,0,-0.013068767429077,-0.00056688075809322,0,0,0,-0.00521513281250546,0,0.0499606179020376,0,-0.0289423002770162,0.0270220702363432,0,0.0273515126582388,-0.0075895130735623,0.00119095085341987,-0.0242071709824723
NA,NA,NA,NA,NA,NA,NA,NA,NA,NA,NA,NA,NA,NA,NA,NA,NA,NA,NA,NA,NA,NA,NA,NA,NA,NA,NA,NA,NA,NA,NA,NA,NA,NA,NA,NA,NA,NA,NA,NA,NA,NA,NA,NA,NA,NA,NA,NA,NA,NA,NA,NA,NA,NA,NA,NA,NA,NA,NA,NA,NA,NA,NA,NA,NA,NA,NA,NA,NA,NA,NA,NA,NA,NA,NA,NA,NA,NA,NA,NA,NA,NA,NA,NA,NA,NA,NA,NA,NA,NA,NA,NA,NA,NA,NA,NA,NA,NA,NA,NA,NA,NA,NA,NA,NA,NA,NA,NA,NA,NA,NA,NA,NA,NA,NA,NA,NA,NA,NA,NA,NA,NA,NA,NA,NA,NA,NA,NA,NA,NA,NA,NA,NA,NA,NA,NA,NA,NA,NA,NA,NA,NA,NA,NA,NA,NA,NA,NA,NA,NA,NA,NA,NA,NA,NA,NA,NA,NA,NA,NA,NA,NA,NA,NA,NA,NA,NA,NA,NA,NA,NA,NA,NA,NA,NA,NA,NA,NA,NA,NA,NA,NA,NA,NA,NA,NA,NA
-0.0130233500681201,0.0486195814934566,-0.0192119802941676,0,-0.0427597939745347,0,0.0564051881890309,0.0101829903939966,0,-0.0277590115097214,0,0,0,0.0659992056229453,0.045056208173271,-0.0103059324273114,-0.029641601568936,-0.00758266231748474,-0.00769953756705775,0,-0.00274215253963026,0,-0.0194407655144711,0,0.00953190906965149,-0.00579207548545771,0,0.0145120958259031,0,-0.0384863736895066,-0.00218193337641199,0,0,0,0,0,0,0,0,0,0,0.0173085116030824,0.0601815823864577,0.0427659256127858,-0.0158782980887158,0.0664498232339907,0.0274023726453373,-0.00439243890148888,0,-0.00521364558350465,-0.00307608510257754,0,-0.0103205254261895,0.0586034080096338,0.00373308962046059,0.000897341575603756,0.0260262185593806,0,0,0.00119317576543814,-0.0299975122042713,-0.0230142595118152,-0.00792752499541648,0,0.0124106263509901,-0.011130951489753,0,-0.0260147868313366,0,0.0187221043062914,0,0,-0.00606970308037365,0,0,0,0,-0.00825205930499891,0.0345845348547301,0,-0.0142582880903792,0,0.0200663692519175,-0.0121938526052922,0,-0.00629748054590873,0,0,0,0,0,0,0.0434892577633825,-0.0459597131526557,0,0.0243690604350852,0,-0.0232173377761479,-0.0316344739693537,0,0,0,0.00233032468869753,0,-0.0261236099128018,0.0658698794936495,0,-0.00740909647925795,-0.00578103878989147,0,0,-0.0335269414497833,-0.0269856430187786,0.00936623244818677,0,-0.0407430931201709,-0.0040903180502243,0,0,-0.000489338615260945,0,-0.0042432529881988,0.00248490891811808,-0.00494486090411798,0,-0.0330731996113758,0,0,0,0,-0.0701035906066208,0,0.0215910995358985,0,0.0237695018617595,0,0,0.0270191026626303,0,0,0.0114228438549917,-0.0174428608251883,0,0.00853780476055384,0,0,0,0,0.0116454090824207,0,0,0,0,0,0,0,0,0,0,0,0,0,0,0,-0.00983341372940919,0,-0.00300601039662296,0,-0.0145985800924284,0.0450820812661075,0,-0.0119412038058531,-0.00138575977812551,0,0,0,-0.00492798272872612,0,0.050329664948729,0,-0.0304922631088111,0.0264969873143116,0,0.026737884861626,-0.00583074649670191,0.00165026588990119,-0.0233285104519493
-0.0114027216324667,0.0457071271088485,-0.0175529823933234,0,-0.0435155045403712,0,0.0646328257721036,0.0166942156057282,0,-0.0274836496688652,0,0,0,0.0663124887627888,0.0454016189822492,-0.00863704722198793,-0.0293016818801717,-0.0049210582933599,-0.00564505868115877,0,-0.00249053270296166,0,-0.0196764777453258,0,0.0090529060381946,-0.00497992921625542,0,0.0151933994162212,0,-0.0396280754095506,-0.00291076247346407,0,0,0,0,0,0,0,0,0,0,0.0159406136567083,0.0576130113055653,0.03940122811237,-0.0160463135002113,0.0683966157890118,0.0276402272055994,-0.00402716201283124,0,-0.00589183558072274,-0.0037461839544606,0,-0.0108821628195849,0.0569854026535646,0.00373268302356773,0.00160567067906968,0.0222025732901849,0,0,0.00278171479270453,-0.0337422218663386,-0.0237664331611289,-0.00783490794282228,0,0.016240919396376,-0.0094239275286724,0,-0.0283784740928551,0,0.0174898361037667,0,0,-0.00881728232645841,0,0,0,0,-0.00844428113400809,0.0394629550990333,0,-0.0153242367445371,-0.0000717842967400148,0.0205271405994771,-0.00926492944126844,0,-0.00814700815771232,0,0,0,0,0,0,0.0442432141261098,-0.042632330404641,0,0.0272214675472167,0,-0.0215323345317926,-0.0340771249738699,0,0,0,0.00442384529715166,0,-0.0267891652336635,0.0625268328164881,-0.00139254510641676,-0.00576071955208606,-0.00790270751593311,0,0,-0.0362136978098074,-0.0271631486623374,0.00804908000192458,0,-0.038990674273611,-0.00234315295439723,0,0,0,0,-0.00793667955871182,0.00186842147025898,-0.00665160389480334,0,-0.0376537883691255,0,0,0,0,-0.0709566723661754,0,0.0215542292489546,0,0.0236725775521661,0,0,0.0359141792956587,0,0,0.011809362559976,-0.0156763273916824,0,0.0075261867666021,0,0,0,0,0.0104159602783129,-0.000871572800433713,0,0,0,0,0,0,0,0,0,0,0,0.000507281056889214,0,0,-0.00895594300168813,0,-0.00439415211787655,0,-0.0119263039590352,0.0403795089381399,0,-0.007975779569946,0,0,0,0,-0.00560899693730222,0,0.0505634336391253,0,-0.0291534228672276,0.0260883786824854,0,0.0287302756522755,-0.00782781944454615,0.00217030693458,-0.024410364726649
-0.0119328004660218,0.0483347487726959,-0.0194799694280643,0,-0.0419287097869868,0,0.0586344486853343,0.0108319265218649,0,-0.0276969127513241,0,0,0,0.0651406713158292,0.0434573312371245,-0.00960675093824826,-0.0313832364916887,-0.00576707470678182,-0.00729831656871354,0,-0.00286504455066345,0,-0.0156972348319243,0,0.00919351128318917,-0.00605039356281381,0,0.0146046451727884,0,-0.0390195672790272,-0.00267218173167335,0,0,0,0,0,0,0,0,0,0,0.0157130091736149,0.0587648372384962,0.038489139623034,-0.016865713657523,0.0686002551407147,0.0268844665922689,-0.00513853103156629,0,-0.00630681989324789,-0.00348526035727894,0,-0.0105009767786811,0.0589871305897762,0.00302132994904601,0,0.0230377630936893,0,0,0.000990529991557871,-0.0285215330299355,-0.0215070654813716,-0.00816722506032701,0,0.0145595468397463,-0.0112858549092353,0,-0.0269531578239624,0,0.0185920500687303,0,0,-0.00494971727846725,0,0,0,0,-0.00759702697659441,0.0322910164403258,0,-0.0140536342596878,0,0.01970808622194,-0.0131771734393997,0,-0.00458777572892627,0,0,0,0,0,0,0.0436265203285167,-0.0459412962777599,0,0.0252436876272342,0,-0.0228209531202409,-0.0328279419042397,0,0,0,0.0027730958033419,0,-0.0265701626827749,0.0641347112600092,-0.00175786428324071,-0.00749806236996708,-0.00255117462888469,0,0,-0.0339983911318051,-0.0281431407820246,0.00933694928767377,0,-0.041437166603703,-0.00392599873062596,0,0,-0.00144487855277151,0,-0.00510299037873511,0.00559432347494977,-0.00670621677703736,0,-0.0382502827942124,0,0,0,0,-0.0717596173390381,0,0.0200658252850611,0.00188514614187424,0.0221921358425926,0,0,0.0293516288831443,0,0,0.0155785848129085,-0.0177712207116443,0,0.00892942256178978,0,0,0,0,0.00966417142087459,0,0,0,0,0,0,0,0,0,0,0,0,0.000058087541993421,0,0,-0.00717148630888855,0,-0.00396674189046581,0,-0.0175615844623447,0.0446921349344109,0,-0.0133117574354577,-0.00192829974534398,0,0,0,-0.00432557350211461,0,0.0508691511688076,0,-0.0301319539060278,0.026989329814427,0,0.0269397249338894,-0.00703680800916765,0.00146486236683152,-0.0225766570800131
NA,NA,NA,NA,NA,NA,NA,NA,NA,NA,NA,NA,NA,NA,NA,NA,NA,NA,NA,NA,NA,NA,NA,NA,NA,NA,NA,NA,NA,NA,NA,NA,NA,NA,NA,NA,NA,NA,NA,NA,NA,NA,NA,NA,NA,NA,NA,NA,NA,NA,NA,NA,NA,NA,NA,NA,NA,NA,NA,NA,NA,NA,NA,NA,NA,NA,NA,NA,NA,NA,NA,NA,NA,NA,NA,NA,NA,NA,NA,NA,NA,NA,NA,NA,NA,NA,NA,NA,NA,NA,NA,NA,NA,NA,NA,NA,NA,NA,NA,NA,NA,NA,NA,NA,NA,NA,NA,NA,NA,NA,NA,NA,NA,NA,NA,NA,NA,NA,NA,NA,NA,NA,NA,NA,NA,NA,NA,NA,NA,NA,NA,NA,NA,NA,NA,NA,NA,NA,NA,NA,NA,NA,NA,NA,NA,NA,NA,NA,NA,NA,NA,NA,NA,NA,NA,NA,NA,NA,NA,NA,NA,NA,NA,NA,NA,NA,NA,NA,NA,NA,NA,NA,NA,NA,NA,NA,NA,NA,NA,NA,NA,NA,NA,NA,NA,NA,NA
NA,NA,NA,NA,NA,NA,NA,NA,NA,NA,NA,NA,NA,NA,NA,NA,NA,NA,NA,NA,NA,NA,NA,NA,NA,NA,NA,NA,NA,NA,NA,NA,NA,NA,NA,NA,NA,NA,NA,NA,NA,NA,NA,NA,NA,NA,NA,NA,NA,NA,NA,NA,NA,NA,NA,NA,NA,NA,NA,NA,NA,NA,NA,NA,NA,NA,NA,NA,NA,NA,NA,NA,NA,NA,NA,NA,NA,NA,NA,NA,NA,NA,NA,NA,NA,NA,NA,NA,NA,NA,NA,NA,NA,NA,NA,NA,NA,NA,NA,NA,NA,NA,NA,NA,NA,NA,NA,NA,NA,NA,NA,NA,NA,NA,NA,NA,NA,NA,NA,NA,NA,NA,NA,NA,NA,NA,NA,NA,NA,NA,NA,NA,NA,NA,NA,NA,NA,NA,NA,NA,NA,NA,NA,NA,NA,NA,NA,NA,NA,NA,NA,NA,NA,NA,NA,NA,NA,NA,NA,NA,NA,NA,NA,NA,NA,NA,NA,NA,NA,NA,NA,NA,NA,NA,NA,NA,NA,NA,NA,NA,NA,NA,NA,NA,NA,NA,NA
NA,NA,NA,NA,NA,NA,NA,NA,NA,NA,NA,NA,NA,NA,NA,NA,NA,NA,NA,NA,NA,NA,NA,NA,NA,NA,NA,NA,NA,NA,NA,NA,NA,NA,NA,NA,NA,NA,NA,NA,NA,NA,NA,NA,NA,NA,NA,NA,NA,NA,NA,NA,NA,NA,NA,NA,NA,NA,NA,NA,NA,NA,NA,NA,NA,NA,NA,NA,NA,NA,NA,NA,NA,NA,NA,NA,NA,NA,NA,NA,NA,NA,NA,NA,NA,NA,NA,NA,NA,NA,NA,NA,NA,NA,NA,NA,NA,NA,NA,NA,NA,NA,NA,NA,NA,NA,NA,NA,NA,NA,NA,NA,NA,NA,NA,NA,NA,NA,NA,NA,NA,NA,NA,NA,NA,NA,NA,NA,NA,NA,NA,NA,NA,NA,NA,NA,NA,NA,NA,NA,NA,NA,NA,NA,NA,NA,NA,NA,NA,NA,NA,NA,NA,NA,NA,NA,NA,NA,NA,NA,NA,NA,NA,NA,NA,NA,NA,NA,NA,NA,NA,NA,NA,NA,NA,NA,NA,NA,NA,NA,NA,NA,NA,NA,NA,NA,NA
NA,NA,NA,NA,NA,NA,NA,NA,NA,NA,NA,NA,NA,NA,NA,NA,NA,NA,NA,NA,NA,NA,NA,NA,NA,NA,NA,NA,NA,NA,NA,NA,NA,NA,NA,NA,NA,NA,NA,NA,NA,NA,NA,NA,NA,NA,NA,NA,NA,NA,NA,NA,NA,NA,NA,NA,NA,NA,NA,NA,NA,NA,NA,NA,NA,NA,NA,NA,NA,NA,NA,NA,NA,NA,NA,NA,NA,NA,NA,NA,NA,NA,NA,NA,NA,NA,NA,NA,NA,NA,NA,NA,NA,NA,NA,NA,NA,NA,NA,NA,NA,NA,NA,NA,NA,NA,NA,NA,NA,NA,NA,NA,NA,NA,NA,NA,NA,NA,NA,NA,NA,NA,NA,NA,NA,NA,NA,NA,NA,NA,NA,NA,NA,NA,NA,NA,NA,NA,NA,NA,NA,NA,NA,NA,NA,NA,NA,NA,NA,NA,NA,NA,NA,NA,NA,NA,NA,NA,NA,NA,NA,NA,NA,NA,NA,NA,NA,NA,NA,NA,NA,NA,NA,NA,NA,NA,NA,NA,NA,NA,NA,NA,NA,NA,NA,NA,NA
-0.0149154761635359,0.0492562986644043,-0.0185188926720238,0,-0.0420196892275956,0,0.0539220206363675,0.0137234289704556,0,-0.0283858552054348,0,0,0,0.0659966208757726,0.0462270727795938,-0.00910019706984549,-0.0333627693821253,-0.00731110674642906,-0.00664793400109956,0,-0.00136822931259187,0,-0.0214983945972445,0,0.010946200949611,-0.00422213225527045,0,0.0143644366087086,0,-0.0382722400904372,-0.00231523199594873,0,0,0,0,0,0,0,0,0,0,0.019206280356457,0.0592777495398686,0.0399343241424229,-0.0152577100301838,0.0656458408752542,0.0278444581916103,-0.00454769994616899,0,-0.0050061608054331,-0.00306726636654889,0,-0.00926156764851468,0.057915209106901,0.0036740933092534,0,0.0261492327625883,0,0,0.00121356478340843,-0.0342019248569039,-0.024099016591713,-0.00788812957499513,0,0.0130265980293436,-0.0110301930735635,0,-0.028225810557232,0,0.0184313801522805,0,0,-0.0068123177342163,0,0,0,0,-0.00703810883046272,0.0300565185541481,0,-0.0143922080193073,0,0.0204318309660502,-0.0121075259141507,0,-0.00608384027807215,0,0,0,0,0,0,0.0427961864409258,-0.0459494424674846,0,0.024845874125843,0,-0.0245364783740105,-0.0312383978256476,0,0,0,0.0027477328846537,0,-0.0261964656005367,0.0684714117008805,0,-0.00655612090808217,-0.00591202589051921,0,0,-0.0339799085307928,-0.0268262070187904,0.0085683935523264,0,-0.0403053164243509,-0.00429813097035055,0,0,-0.000352946406500227,0,-0.00283117377819392,0.00613019102397121,-0.00440175312749203,0,-0.0336606574973858,0,0,0,0,-0.0713847302582781,0,0.0208382209263242,0,0.0242338481060407,0,0,0.0270099173737659,0,0,0.0101230826277833,-0.016096550753748,0,0.00926291331127743,0,0,0,0,0.0111247173913508,-0.000496136013053121,0,0,0,0,0,0,0,0,0,0,0,0,0,0,-0.0112403480704614,0,-0.00203426273550462,0,-0.015552380858483,0.0465168303379455,0,-0.011234773013674,-0.00267125168054654,0,0,0,-0.00521651293787512,0,0.0498560621562206,0,-0.029702354099391,0.026442719814306,0,0.0266012819628335,-0.00600972047422975,0.00193196244344978,-0.0233976177818626
-0.0148774399389929,0.0485744700502669,-0.018891283532376,0,-0.0412275111866299,0,0.0541201378527163,0.0134931414834744,0,-0.0285323016322979,0,0,0,0.0644614532473439,0.0456411223768942,-0.00920419874655577,-0.0343064409005899,-0.0105476448670896,-0.00830125418170057,0,-0.00284751652843201,0,-0.0218398179699622,0,0.0117065383907616,-0.00513249390414139,0,0.0142872855022996,0,-0.0385845753116368,-0.00258385387616695,0,0,0,0,0,0,0,0,0,0,0.0211501605804011,0.0587404041596543,0.0399917652659455,-0.0154858012794064,0.067164913165678,0.0266447375765567,-0.00449986020901139,0,-0.0058978999317144,-0.00297125284268348,0,-0.00927307487980799,0.0568958753141023,0.00383289091234296,0.00183179944874982,0.0236940689248582,0,0,0.00121314017999288,-0.0310911845121581,-0.0225977418514979,-0.00846878723730884,0,0.01342472100503,-0.0105047422160862,0,-0.0262739467338518,0,0.0170333801520315,0,0,-0.00705266390471282,0,0,0,0,-0.0070452764045416,0.0301092356133407,0,-0.0148982216063055,0,0.0198585366228888,-0.0123235372682303,0,-0.00489773718880974,0,0,0,0,0,0,0.0435363354125129,-0.0459034271898966,0,0.0247442819661746,0,-0.0241307256833643,-0.031368882105738,0,0,0,0.00169882489119094,0,-0.0263068703946489,0.0678922480119619,0,-0.00682678241127543,-0.00370155289607023,0,0,-0.0338537947148007,-0.0270752254819117,0.00824605112117985,0,-0.0404727269829499,-0.00435504198986823,0,0,-0.0000551173196921089,0,-0.00302541605554173,0.00629667975018858,-0.00440306380903767,0,-0.0343302332750001,0,0,0,0,-0.0718835979831815,0,0.0198303541507321,0,0.0238268944339074,0,0,0.0269003562348799,0,0,0.00970540777640892,-0.0178276225094486,0,0.00856057902086011,0,0,0,0,0.0114080300666396,-0.00134853463853546,0,0,0,0,0,0,0,0,0,0,0,0,0,0,-0.0116069655445569,0,-0.00358686283852452,0,-0.0144804900987159,0.0432912520260557,0,-0.00981864919697951,-0.00252539083556884,0,0,0,-0.00519606011230108,0,0.0510280790994922,0,-0.0287904209986762,0.0257308778243237,0,0.0263760256140657,-0.00640573267099755,0.00175779635945963,-0.0239483083947593
-0.012578849779007,0.0496962452912059,-0.0185576319287763,0,-0.0422138338690556,0,0.0590443329878872,0.0100644664929445,0,-0.0267576366946373,0,0,0,0.064390520636983,0.0429482431314625,-0.00922234977489513,-0.0302349577020214,-0.00648556518220735,-0.00454210007199767,0,-0.00291796151892916,0,-0.0200882698730076,0,0.0106476483036501,-0.00642378800716674,0,0.0146370237932752,0,-0.0383527212859306,-0.00347922262016602,0,0,0,0,0,0,0,0,0,0,0.0198231206744162,0.0645192001378696,0.0389308873635953,-0.0154901665370399,0.0665222650958531,0.0282361851087558,-0.00419863939264519,0,-0.0066244222786205,-0.00293185108973679,0,-0.0106979816091226,0.0665811109325986,0.000422320773368352,0,0.0268346685593313,0,0,0.00179886965688974,-0.0313117718871382,-0.0226238868957011,-0.00843396202476371,0,0.0142478749809511,-0.0119886564552034,0,-0.0269112537227874,0,0.0183812101897434,0,0,-0.00608900353144825,0,0,0,0,-0.00789613405024156,0.0287778632412034,0,-0.014337439233017,0,0.0209337561974495,-0.0124383703148067,0,-0.00621228234795551,0,0,0,0,0,0,0.0431511380144579,-0.0467981207446341,0,0.0239754536497487,0,-0.0250399455615363,-0.0322346056884178,0,0,0,0.00377883190726702,0,-0.0271117393928351,0.0691288880903377,-0.000306567797182802,-0.00740070764909938,-0.0062643607964243,0,0,-0.0337971070642795,-0.026819716066244,0.00851743171269453,0,-0.041565935541396,-0.00280725562776393,0,0,-0.000686198920303794,0,-0.00136667485912911,0.00299637501493157,-0.00376385534012073,0,-0.0350257371470844,0,0,0,0,-0.0695806270479191,0,0.0242572174962988,0,0.0241543946595715,0,0,0.0278146029988738,0,0,0.0100932717724214,-0.0157049724919142,0,0.00954569179686067,0,0,0,0,0.00940464718976519,-0.000054662928108331,0,0,0,0,0,0,0,0,0,0,0,0,0,0,-0.0136296292664936,0,-0.00253010768175064,0,-0.014300751418351,0.0452427205523284,0,-0.011526244968629,-0.00241501474193934,0,0,0,-0.00673703204445865,0,0.0485840019992759,0,-0.0305668950280337,0.0268883090280331,0,0.0270086923153472,-0.00657748815568182,0.0015119492587342,-0.02403264894983
-0.0131287984700606,0.0496268502690135,-0.0181298412391644,0,-0.0415333279644681,0,0.0553225120909159,0.0136594690122612,0,-0.0280430197475944,0,0,0,0.0643914421925461,0.043653686030199,-0.00973775892605244,-0.0308893708484243,-0.00794802431175974,-0.00582250785725837,0,-0.00257799408417663,0,-0.0214975135894033,0,0.0109565651313995,-0.00633613456665687,0,0.0145374489934347,0,-0.0384042379649363,-0.0033896619956604,0,0,0,0,0,0,0,0,0,0,0.0196339020669721,0.059962884604786,0.0402411281490513,-0.0156537429988785,0.0677599477360294,0.0283588113205227,-0.00449692216939048,0,-0.00591441534210144,-0.00319340991903403,0,-0.0100185625526921,0.063336765307258,0.00189971824093637,0,0.0259924650290956,0,0,0.00119531852641944,-0.032274692924788,-0.0214934634035301,-0.00919108720200684,0,0.0130274164371262,-0.0112696738873669,0,-0.0274683559974054,0,0.017684091422316,0,0,-0.00729820255753951,0,0,0,0,-0.00674150559652146,0.0296669574902671,0,-0.0147389549654315,0,0.0204750960676237,-0.0132339881173282,0,-0.00618840735706624,0,0,0,0,0,0,0.0421331550404664,-0.0464717176160498,0,0.0240948523397461,0,-0.0250504319927685,-0.0314006764309356,0,0,0,0.00248811844398994,0,-0.0269247685230844,0.0681603833546958,0,-0.00700949499072243,-0.00545972006317267,0,0,-0.0340919221954305,-0.0267318387328295,0.00819465627178472,0,-0.0402291550277954,-0.00500178934785101,0,0,-0.000782302717555704,0,-0.0033645877066399,0.00349659273883429,-0.00404659147110854,0,-0.0342577693486987,0,0,0,0,-0.0710444746638886,0,0.0209732311466972,0,0.0236965936349499,0,0,0.0311990022975741,0,0,0.00938044493943512,-0.015913686891661,0,0.0100494865478709,0,0,0,0,0.0131781180838369,-0.000228811175493089,0,0,0,0,0,0,0,0,0,0,0,0,0,0,-0.0130960714435959,0,-0.00337327797540911,0,-0.0152596424696618,0.0466167885113257,0,-0.0089879610774453,-0.00214639767495536,0,0,0,-0.005858456345402,0,0.0490608270358112,0,-0.0299456913334918,0.0264129140044001,0,0.0265180337889043,-0.00626618030957349,0.00321278309495564,-0.0234570526750769
-0.0123584786620918,0.0473576500601062,-0.0170717913079731,0,-0.038152731542964,0,0.0583576133880578,0.0113744023237301,0,-0.0279117425828943,0,0,0,0.0638335035212368,0.0429935069570652,-0.00916185133475269,-0.0361986399924421,-0.00750955253434549,-0.00752885127811107,0,-0.00142825963025222,0,-0.023869540201898,0,0.0114713007852038,-0.0055137475937123,0,0.0147352648214252,0,-0.0387945911435076,-0.00333136594820804,0,0,0,0,0,0,0,0,0,0,0.0223491586962769,0.0619447869475119,0.039505549357166,-0.0153608572061422,0.0676316423028052,0.0281321647043372,-0.00426273594054154,0,-0.00699798792060282,-0.00347241480526146,0,-0.0103744037168509,0.0553470248077214,0.00186984079244225,0.0122495302448946,0.0241202667164836,0,0,0.000577118531039487,-0.031934135899125,-0.0237420102295773,-0.00778188934615103,0,0.0135928083302878,-0.010523530471992,0,-0.026271527137783,0,0.0195299194926986,0,0,-0.00792172245792918,0,0,0,0,-0.00531070461798171,0.0294853102765614,0,-0.0145841893301867,0,0.0214523058647685,-0.0139448055175291,0,-0.0058344131548697,0,0,0,0,0,0,0.0413463444452763,-0.0455442360642863,0,0.0245067479979708,0,-0.0254140504255242,-0.0316589505143355,0,0,0,0.00356808553062268,0,-0.0278890916771283,0.0682357461052489,0,-0.00741977582071611,-0.00474495626048688,0,0,-0.0342356133456775,-0.0287684986578793,0.00848363162308543,0,-0.0435418100350203,-0.00374672067095023,0,0,0,0,-0.00374863771332846,0.000943021269184151,-0.0045496894156782,0,-0.036640458290934,0,0,0,0,-0.070377732164121,0,0.0230265533605973,0,0.0243591788820254,0,0,0.0299433525528733,0,0,0.00938721527504396,-0.0178153593434239,0,0.00939058535255434,0,0,0,0,0.0116220955201525,-0.00138380190631895,0,0,0,0,0,0,0,0,0,0,0,0,0,0,-0.00971719768063323,0,-0.00570822053934508,0,-0.0153142710511272,0.0449881492000186,0,-0.0107116840010067,0,0,0,0,-0.00531853262653392,0,0.0533496800284475,0,-0.0291559616814679,0.0255290639140089,0,0.026512722285785,-0.00594916243078204,0.00248490972940808,-0.0233888147174498
-0.0133499759455323,0.0502216494815897,-0.0187331558419752,0,-0.0408737937034846,0,0.0541555369265462,0.0116668950155706,0,-0.0280028235281877,0,0,0,0.0648633900325856,0.0441990241827184,-0.00987047103040032,-0.0334588450509899,-0.00759804413762928,-0.00664272719600832,0,-0.0020136323692253,0,-0.0216592031307184,0,0.0108979839953361,-0.00565043593824967,0,0.0144460865773109,0,-0.0383362909117282,-0.00226038945631087,0,0,0,0,0,0,0,0,0,0,0.0188973537022586,0.0590364531124907,0.0392443569799131,-0.0154123333345519,0.0665903172469465,0.0275491228782621,-0.00502153665568809,0,-0.0062933254908113,-0.00331811630965737,0,-0.0105707072508029,0.0573577523608024,0.000959464429418738,0.00100789302192289,0.0308675160946085,0,0,0.00073715707566287,-0.0305901834320052,-0.0230418949795488,-0.0079386407049683,0,0.011701189617792,-0.0114249160008051,0,-0.0260764248375867,0,0.0188461639131617,0,0,-0.00752113213177641,0,0,0,0,-0.00560910813546927,0.0298440903301728,0,-0.0140152673480868,0,0.0199259434106365,-0.0129452420397353,0,-0.0053634361046642,0,0,0,0,0,0,0.0426761607405384,-0.0473628270912569,0,0.0249866155823713,0,-0.0244225229356381,-0.0307633456203499,0,0,0,0.00230356317901,0,-0.0259072535871576,0.0651831984871724,-0.0000268783006127501,-0.00695293251409937,-0.00710312788265026,0,0,-0.0335696490171939,-0.0279921636814333,0.00838165880912523,0,-0.0401156746322214,-0.00354763427186902,0,0,0,0,-0.00438566940540631,0.00209851471454117,-0.0046119863175016,0,-0.0310848833371143,0,0,0,0,-0.0714286376513997,0,0.0220500345659093,0,0.0238760786581057,0,0,0.0278436898890369,0,0,0.0109844089050383,-0.017285405008717,0,0.00824376820583765,0,0,0,0,0.0118538640059587,-0.000435480542801656,0,0,0,0,0,0,0,0,0,0,0,0,0,0,-0.00828913450023186,0,-0.000655622054586963,0,-0.0147338796442547,0.0415669801218623,0,-0.0104102611685175,-0.0042232362644549,0,0,0,-0.00506563223641392,0,0.0515692363370179,0,-0.0302053070041448,0.0261334366440496,0,0.0257314645171732,-0.00700718551318387,0.00234734889149436,-0.0239428795792457
-0.0140424796237499,0.0492536159403178,-0.018629395136536,0,-0.0421398768364585,0,0.0553425117155578,0.0127260925324857,0,-0.0280200978284239,0,0,0,0.0657353045893249,0.0448831790915284,-0.0093905725694947,-0.03281400767585,-0.00766396237852463,-0.00651434703543846,0,-0.00188076309720308,0,-0.0215485879423861,0,0.010725500955751,-0.00501951888623931,0,0.0144499430096382,0,-0.0388574356374825,-0.00247780407061529,0,0,0,0,0,0,0,0,0,0,0.0200235716048988,0.059167474995612,0.0396351493023298,-0.0154410518785493,0.0674468362942593,0.0278248444667827,-0.00455969514481627,0,-0.00564012960605227,-0.00299288694955889,0,-0.00973283629713306,0.0583385247222147,0.00321470678480905,0.000615869554605573,0.026111910559266,0,0,0.00163451409599462,-0.0314247971053559,-0.0235377844314418,-0.00817537860220355,0,0.0132444532296048,-0.0112422739767391,0,-0.0266419534811451,0,0.0184652272833801,0,0,-0.00688070448769032,0,0,0,0,-0.0070533507436508,0.0298151403885827,0,-0.014477551930642,0,0.0202449279290532,-0.0122284327266349,0,-0.00506364379456468,0,0,0,0,0,0,0.0433903366783508,-0.0466785244623196,0,0.0242531103824745,0,-0.0247786807545123,-0.0310735216102189,0,0,0,0.00184882611714254,0,-0.026538116801616,0.0667487295967996,0,-0.00610340008283652,-0.00540511384726325,0,0,-0.0335020427190672,-0.0270419253637117,0.00846593295782158,0,-0.0404269689594389,-0.00414969305983848,0,0,-0.000229635647711926,0,-0.00220673892266988,0.00556215138556993,-0.00459137831641395,0,-0.0355056300445913,0,0,0,0,-0.0713560451011876,0,0.0214643929042972,0,0.0234603565255513,0,0,0.0271483668843834,0,0,0.0101405578156945,-0.0169445803205256,0,0.00888077491220323,0,0,0,0,0.0121851097670096,-0.000424149903814432,0,0,0,0,0,0,0,0,0,0,0,0,0,0,-0.011724631437817,0,-0.00285602780462788,0,-0.0156131656464315,0.045399597016642,0,-0.00997030928673918,-0.0026692531998888,0,0,0,-0.00522758289813224,0,0.0503871140258055,0,-0.029894666001576,0.026314483959949,0,0.0265772535347074,-0.00642129537502434,0.00200397904352078,-0.0234945940542284
-0.0141969554292498,0.049190918991936,-0.0186134322656367,0,-0.041880253288044,0,0.0558984124745957,0.0127926399248074,0,-0.0279058633835484,0,0,0,0.0660095498244313,0.0449761951995122,-0.0093776304457059,-0.0329733485725003,-0.00765896317440658,-0.00633002975475392,0,-0.00165328090376079,0,-0.0211609607256989,0,0.0107014523405873,-0.00495093957041522,0,0.0144577555919807,0,-0.0388307001475417,-0.00263149098724661,0,0,0,0,0,0,0,0,0,0,0.0198453400249064,0.0597632138551689,0.0395382219378719,-0.0152266007018176,0.0674960202770492,0.027844974946878,-0.00445857825001198,0,-0.00554490989218135,-0.00297942985299493,0,-0.00978568714607635,0.0587249571951262,0.00327827796669816,0.000220290681090911,0.0251535511713543,0,0,0.00148072892282844,-0.0314130235691721,-0.0232980875578696,-0.00797594986869318,0,0.0131991524887956,-0.0112421657716169,0,-0.0268457276417094,0,0.0186464766744404,0,0,-0.00655272322784855,0,0,0,0,-0.00699780047230439,0.0300386930943099,0,-0.0145040349164803,0,0.020391443182592,-0.0122690213339833,0,-0.00518597105070166,0,0,0,0,0,0,0.0434422235532658,-0.0466738994490603,0,0.0244809819070425,0,-0.0246683647278748,-0.0313480372703146,0,0,0,0.00200830383534418,0,-0.0265898985274398,0.0670385569947697,0,-0.00648662547181656,-0.00535540416465144,0,0,-0.0337230566438025,-0.0268820792213402,0.00846439882259482,0,-0.0409038662460343,-0.0040593144028035,0,0,-0.000577583335810261,0,-0.00240557068443961,0.00562358411072565,-0.00458469072262178,0,-0.0352747362004348,0,0,0,0,-0.0712606354281825,0,0.0215368379638766,0,0.0237059929597062,0,0,0.0273935909702294,0,0,0.00993334425094711,-0.0168640811999287,0,0.00902337141720662,0,0,0,0,0.0114751823580621,-0.000403056323213316,0,0,0,0,0,0,0,0,0,0,0,0,0,0,-0.0117304074135617,0,-0.00284905936366196,0,-0.0154748203543819,0.0453238746737823,0,-0.0102831084091953,-0.00274496350901725,0,0,0,-0.00517099507286142,0,0.0505727491200662,0,-0.0299640639787479,0.0263426176312692,0,0.0267975599075189,-0.00634071196696987,0.00207247397375971,-0.0235275843085898
-0.0161434507326368,0.0484132392496317,-0.0192773800597521,0,-0.0426810547651961,0,0.056875768236163,0.0141392009448464,0,-0.0261765413505994,0,0,0,0.066144384632718,0.0457518791317434,-0.00837745857653916,-0.0351471417788917,-0.00630844110184075,-0.00698882782973432,0,-0.000481087153708124,0,-0.019509820685792,0,0.00863071797496445,-0.00563133741678891,0,0.0141891410113207,0,-0.0393133713521735,-0.00210147923815858,0,0,0,0,0,0,0,0,0,0,0.0175445133367171,0.0591601435568212,0.0395174015055659,-0.0149182350799167,0.0671800793592441,0.0276631518194524,-0.00522714910667198,0,-0.00599379141239547,-0.002407762710789,0,-0.00879701992514263,0.0571164415169903,0,0,0.0221226943608896,0,0,0.00125124254317627,-0.0298558205174393,-0.0217926108062316,-0.0068387075414709,0,0.0129469251683178,-0.0109551204669601,0,-0.0244835101876507,0,0.01675301180679,0,0,-0.00852588385952841,0,0,0,0,-0.00555694023575609,0.0296916553090768,0,-0.0143757381491853,0,0.0200691622859732,-0.0116765867661459,0,-0.00574458582123327,0,0,0,0,0,0,0.0415194524165551,-0.0472438462014021,0,0.0231783478874139,0,-0.0243761725413636,-0.0299837131905339,0,0,0,0.00201183788133036,0,-0.0262143906389685,0.0649872598164171,0,-0.00951175463045375,-0.00421436230537111,0,0,-0.0331295503987906,-0.0268603982346087,0.00721480551258486,0,-0.0402963103162524,-0.00400134677793241,-0.00143971678779774,0,-0.00376665904985716,0,0,0.00767948734343961,-0.00580068431847122,0,-0.035206423361077,0,0,0,0,-0.0720537570989661,0,0.0216552104106944,0,0.0227541391435622,0,0,0.0236395099088356,0,0,0.0113781694310226,-0.0167482777700728,0,0.00845368539552185,0,0,0,0,0.0115277295232297,-0.000134992136759736,0,0,0,0,0,0,0,0,0,0,0,0,0,0,-0.015468455311113,0,-0.00186350062284465,0,-0.0151322238667127,0.046076149722872,0,-0.0143845352226942,0,0,0,0,-0.0047958257246721,0,0.0531189354212312,0,-0.0283595837730469,0.0252944664999863,0,0.0269297629181388,-0.00630224209640627,0.00314852163146366,-0.0230804432488738
-0.0125064532677754,0.0493863952119236,-0.0186405755908086,0,-0.0412515407028105,0,0.0548272983123676,0.0107266101176661,0,-0.028758381162732,0,0,0,0.0652704348519352,0.0446783928688016,-0.00963230515877595,-0.0320884951854846,-0.00940691198468028,-0.00988112486758997,0,-0.00304298068938575,0,-0.0242480711866476,0,0.01148599211847,-0.00266129628945876,0,0.0139362544272804,0,-0.0389551331599262,-0.00325410443597246,0,0,0,0,0,0,0,0,0,0,0.0241707465287965,0.063232427350785,0.0411351483081359,-0.015724923606271,0.0668609788798949,0.0287037915422291,-0.00471735091103378,0,-0.00650295620560311,-0.00326746245024209,0,-0.0106450061424121,0.0585115529657479,0.00386033200562106,0.00328387553736349,0.0272060537993416,0,0,0.00111449520410262,-0.0313422228290635,-0.0238110263605704,-0.0086146046604929,0,0.0117672995031233,-0.0106278749862995,0,-0.0271562698083408,0,0.0198027498406883,0,0,-0.00670829379175276,0,0,0,0,-0.00747963534609588,0.0287791331360842,0,-0.0144855281428321,0,0.0206981044418041,-0.0140348904254673,0,-0.00316601256193224,0,0,0,0,0,0,0.0417386468769927,-0.047452617939097,0,0.0236891811336459,0,-0.024056616985837,-0.0320506581133932,0,0,0,0.0032303230992232,0,-0.0275573645534202,0.067328374616193,0,-0.00661435626249332,-0.00568656452253719,0,0,-0.0331058392635549,-0.0275862689215787,0.00893583286771131,0,-0.0409662746518537,-0.00479357474362511,0,0,-0.000373822081562963,0,-0.00105031817463382,0.00629774775147446,-0.00363848434123656,0,-0.0362232073982298,0,0,0,0,-0.0706884755820727,0,0.0213472284778942,0,0.0242438000393935,0,0,0.0276148372237947,0,0,0.0101778663707937,-0.0187200887782392,0,0.010390216217596,0,0,0,0,0.0103898618046252,-0.00106088145986644,0,0,0,0,0,0,0,0,0,0,0,0,0,0,-0.00926408555727352,0,-0.00330635708274945,0,-0.0178707479359403,0.0485679811179086,0,-0.011525647004421,-0.00241087586487829,0,0,0,-0.0052859138461242,0,0.0490459787398611,0,-0.0304564196378901,0.0268599014898246,0,0.0271247348532926,-0.0063776407729787,0.000990596345871537,-0.0235340553857413
-0.0128660021566446,0.0510575045248025,-0.0190887637187916,0,-0.0434017659994896,0,0.0576204052087089,0.0136312212425676,0,-0.0280554676850393,0,0,0,0.0640917699239285,0.0450960404893818,-0.00948419186063969,-0.0300485292247711,-0.01001925576736,-0.00804288091300776,0,-0.00355109141358558,0,-0.0233654387465428,0,0.0111750603877116,-0.00477688141764608,0,0.0142606666870557,0,-0.039452565677422,-0.0031325391933896,0,0,0,0,0,0,0,0,0,0,0.0219476957883222,0.0612412526801562,0.0406933398890304,-0.0157843181114222,0.0695749336329455,0.0280363433397033,-0.00488754281301415,0,-0.00587022480883922,-0.00292459672694909,0,-0.0100140907109219,0.0576548118877319,0.00468123721776223,0.00366392804587715,0.0253083969932409,0,0,0.001364616113872,-0.0327228968106967,-0.0228627870458194,-0.00930765358532699,0,0.0124866648266542,-0.0115539504002018,0,-0.027316754393029,0,0.0187070848117757,0,0,-0.00686908521066202,0,0,0,0,-0.00671923864680706,0.0295413856929383,0,-0.0145648675832823,0,0.0205219664020923,-0.0121634418303664,0,-0.00486234285512326,0,0,0,0,0,0,0.0431150132668459,-0.0464284059666546,0,0.0248260454929624,0,-0.0243824339323084,-0.0314740052386522,0,0,0,0.00221368739119948,0,-0.027085166727722,0.0692410674122203,0,-0.00690266326220548,-0.00503150077587584,0,0,-0.033905849105893,-0.0276503806387426,0.00833366583453345,0,-0.041419527319235,-0.00458392502434391,0,0,-0.000171309366209059,0,-0.00217692919327289,0.00493098863232101,-0.004311189965683,0,-0.0365267970743079,0,0,0,0,-0.0709329363825686,0,0.0219782554952632,0,0.023600920904797,0,0,0.0240974457456619,0,0,0.010095070348462,-0.0179803580144299,0,0.00929116425456485,0,0,0,0,0.0118241049936864,-0.000743439904363338,0,0,0,0,0,0,0,0,0,0,0,0,0,0,-0.0103249867797499,0,-0.0028341922201558,0,-0.0160255865608365,0.0454934219624863,0,-0.0104275310199193,-0.00369774099994152,0,0,0,-0.00554854273823473,0,0.0500270908245562,0,-0.0299323065929698,0.0261176577874892,0,0.0266719456442897,-0.00557385537027805,0.00169562589077606,-0.0233016691020011
-0.0258759286165718,0.0625634696688691,-0.0223591470862012,0,-0.0435200105252573,0,0.0440243570141248,0.00505293002968604,0,-0.0212248326247276,0,0,0,0.0639348248467884,0.0384011563049685,-0.00629306036693133,-0.0137123137470919,0,0,0,0,0,-0.00605892179727793,0,0.0000639185460294148,-0.0135680448494534,0,0.0122870860392196,0,-0.0358407205422582,0,0,0,0,0,0,0,0,0,0,0,0,0.0524666415611031,0.0221901485498544,-0.0203354185175903,0.041644168906397,0.0119859490298818,-0.00226005199096576,0,-0.00538004086802311,-0.00282391077343235,-0.000862543213927843,-0.00728378033540689,0.0638884225700817,0,0,0,0,0,0.00319400995131411,-0.0234083774794954,-0.0100659289467623,-0.00398900802233999,0,0.0138875102636635,-0.00846467258123584,0,-0.0314342873638489,0,0.00671847516708674,0,0,-0.00199499825698661,0,0,0,0,-0.00701591898749604,0.0381223295251609,0,-0.0139710974938013,-0.000492636986278027,0.0164598952295246,-0.00394514060522313,-0.0046185998943493,-0.00855961481431578,0,0,0,0,-0.00437776977808251,0,0.0374208622270051,-0.0406944680204789,0,0.034489405684317,0,-0.0192246809623317,-0.0333607260582033,0,0,0,0.00533528737936817,0,-0.0200783734118025,0.10643304264721,-0.0032390684275272,-0.00594594829175778,-0.000550154036872341,0,0,-0.0343241178965242,-0.0234933556045032,0.0104292169725098,0,-0.0240567025366477,0,0,0,0,0,0,0,-0.00142998026637168,0,-0.00298859642017639,0,0,0,0,-0.0686277652885362,0,0,0.00141138297266398,0.0212584569393783,0,0,0.00707387296325174,0,0,0.0144078250432245,-0.0111862105990129,0,0.0110753581902384,0,0.0133609908421783,0,0,0,0,0,0,0,-0.00365848058719236,-0.0108596954499627,0,0,0,0,0.00921009726332759,0,0,0,0,0,0,0,0,0,0,0,-0.0356450850649658,0,0,0,-0.00113700509248277,-0.0072435913915628,0,0.0488584942884499,0,-0.0182105970737161,0.0202262554421062,0,0.0282383560352692,-0.0110902452054974,0.000783774462323252,-0.020238055901265
-0.019978961214518,0.0566590792294838,-0.0210182204566198,0,-0.0297241024700112,0,0.0574745454002391,0.0154639095799571,0,-0.0258658749991859,0,0,0,0.0600676167657196,0.0539824889885373,-0.00885957118997707,-0.0315249053589157,-0.00281390221877329,0,0,-0.00354297739680832,0,-0.011420649705964,0,0.0171180225857298,-0.0153629841935606,0,0.0153048580196189,0,-0.034770828947648,0,0,0,0,0,0,0,0,0,0,0,0.0136276140937476,0.0554018201789655,0.0247317333425983,-0.0187298469106149,0.056159984109625,0.000807814559125339,0,0,-0.00561838973797619,-0.00325745126513865,0,-0.00849877882747379,0.0587200664777283,0,0,0.0328653564648682,0,0,0.00336263868300388,-0.0253285119726365,-0.0193789467588793,-0.00572821271349874,0,0.0175861618213862,-0.0119875227948761,0,-0.019225511018094,0,0.0142537844962131,0,0,-0.00189381534430142,0,0,0,0,-0.0105644244380381,0.0330347799263334,0,-0.0156306491728502,-0.000580997258276664,0.0176836110884457,-0.0130753172129052,0,-0.000705965876701232,0,0,0,-0.00413547409904388,-0.00185068118699329,0,0.0475240309633706,-0.042745280125301,0,0.0267229756447549,0,-0.0247914779094363,-0.0326981713645226,0,0,0,0.000948279011182294,0,-0.0262321820684273,0.0611461755202262,-0.0139211601596802,-0.00878108563562873,-0.00545988067472086,0,0,-0.0329617807348881,-0.0192158431591389,0.0040243256744247,0,-0.0325194859401872,-0.00112417268440676,0,0,-0.00250174099211094,0,-0.00448254851674024,0.00156246345518376,-0.00230375289198897,0,-0.0236218390522837,0,0,0,0,-0.071706960413079,0,0.0204453969058671,0,0.0253460106234065,0,0,0.0314781143119818,0,0,0.00341076578810557,-0.0174279247904515,0,0.00856411584462466,0,0.00667565329757208,0,0,0.00272938292463841,0,0,0,0,0,0,0,0,0,0,0,0,0,0,0,-0.0141681781409214,0,0,0,-0.0129467519442645,0.030148748048908,0,-0.00570574437160635,-0.00995464399944629,0,0,0,-0.00539582047862281,0,0.0385822460310056,0,-0.0241614893337304,0.0227409665985577,0,0.0270706709761916,-0.0109256012104455,0.00347441647453736,-0.024770845221936
-0.0132875646319686,0.0553883255110989,-0.0196901521531325,0,-0.0407778467911721,0,0.0550127388364181,0.0116393833050387,0,-0.0273675155971737,0,0,0,0.0623804400768468,0.0419088150521573,-0.00898007025872258,-0.0320635779745054,-0.00808931677348772,-0.00608762168865417,0,-0.0031431511858131,0,-0.0162482571976075,0,0.0101570134690389,-0.00685362500505609,0,0.0146878815453131,0,-0.0375640805556691,-0.0021641493578893,0,0,0,0,0,0,0,0,0,0,0.0186077708446185,0.0578297353872676,0.0399914643393732,-0.0164778077612933,0.0670721661281341,0.0276557927410299,-0.00457421586344082,0,-0.00612933642958354,-0.00302727038265173,0,-0.0102251782923126,0.0570673726799186,0.00338937870387313,0,0.0259101470166981,0,0,0.00148901731878966,-0.0302768865913932,-0.0238683786000526,-0.00860081368987576,0,0.0127078939076139,-0.0112973118203705,0,-0.0265691622168478,0,0.0187107106998374,0,0,-0.00643847845491113,0,0,0,0,-0.00641752893945861,0.0291590395541771,0,-0.0139414639631679,0,0.0194027512797287,-0.013148716829138,0,-0.00563194508578849,0,0,0,0,0,0,0.0481391279717125,-0.0449543690161027,0,0.0252171277338968,0,-0.0225930022068135,-0.030834557578512,0,0,0,0.00200746336767206,0,-0.0258958801847205,0.0665245229765075,0,-0.00672675174469823,-0.00548909504740699,0,0,-0.0335507320347684,-0.0278222377722413,0.00737979077202729,0,-0.0401504806182175,-0.00380845625245908,0,0,0,0,-0.00185590911366971,0.004445459455554,-0.00362128820416165,0,-0.0354424034623375,0,0,0,0,-0.069639891457796,0,0.0198287670717259,0,0.0236683443862114,0,0,0.0251725937745963,0,0,0.0104825878683439,-0.0165933097585085,0,0.00841956506145381,0,0,0,0,0.00931034739740632,-0.001231621964323,0,0,0,0,0,0,0,0,0,0,0,0,0,0,-0.00926609034974243,0,-0.00214341557137422,0,-0.0136804659442744,0.043450950033738,0,-0.0117380786761353,-0.000899288429815873,0,0,-0.00133796062815296,-0.00447037407277283,0,0.0508026740467606,0,-0.0302917713186032,0.0258376041498254,0,0.0251471916436605,-0.00685562159632824,0.00236273277215767,-0.0228674792418889
-0.0129840480941584,0.0556893762008698,-0.0210978129924427,0,-0.0413720169094927,0,0.0544011994793608,0.0142694955291095,0,-0.0277532025868249,0,0,0,0.0624272876692902,0.042064303296915,-0.00946123808503548,-0.0312380187246855,-0.00868327881379805,-0.00785268182407772,0,-0.00109774081521781,0,-0.0207556790559873,0,0.0111376863467949,-0.00802790006981751,0,0.0140678301922616,0,-0.0380050505217963,-0.00168197196210602,0,0,0,0,0,0,0,0,0,0,0.0180207906635103,0.0605379614447729,0.0377251179057131,-0.0158293871157074,0.0656586245097619,0.0264588508260379,-0.00367434222336018,0,-0.00641076316253549,-0.00306980483408394,0,-0.010839048082846,0.0557449090510601,0.00206615865392689,0,0.0253153356088163,0,0,0.00376627017610381,-0.0302483344428992,-0.0227832912759987,-0.00965646459131668,0,0.012348919899369,-0.0108298688203164,0,-0.0258938103255676,0,0.0211736909191673,0,0,-0.00668179049660925,0,0,0,0,-0.00774834833336475,0.0296375416241392,0,-0.0148937486413655,0,0.0202077225344448,-0.0114570671156723,0,-0.00567041634231632,0,0,0,0,0,0,0.0429841701624689,-0.0462603395149343,0,0.0239581011686473,0,-0.0214269441372349,-0.0317235545362103,0,0,0,0.00294246948485435,0,-0.0265990642989331,0.0651127894048723,0,-0.00726806900884484,-0.00520692380561252,0,0,-0.0340405050929521,-0.0257780481864941,0.00661557443516231,0,-0.0406907033396324,-0.00445870157739351,0,0,0,0,0,0.00487174864047187,-0.00396501926596455,0,-0.0350900602813861,0,0,0,0,-0.069529244486635,0,0.0212403151838528,0,0.022841906109477,0,0,0.028137112879413,0,0,0.0103544278266903,-0.0166422677946741,0,0.0103747534367885,0,0,0,0,0.0104674863718461,-0.000924126384028002,0,0,0,0,0,0,0,0,0,0,0,0,0,0,-0.010289791833804,0,-0.00244550945002483,0,-0.0157150092879949,0.0440177371693212,0,-0.0106869921337795,-0.00217941728184905,0,0,-0.00104598447406823,-0.00495720166163996,0,0.0560499874196512,0,-0.0296717097499873,0.0257710116630794,0,0.025395222393904,-0.00817397246848371,0.00188340903869448,-0.0233770425867789
-0.018466215743927,0.0557568025213095,-0.0175474079787036,0,-0.0415482343140561,0,0.0618206502536493,0.0157381212442247,0,-0.0226957007835616,0,0,0,0.0659962229712156,0.0437090313320179,-0.00996717820677846,-0.0333864965562037,-0.00184134342894912,-0.00349536671578506,0,-0.00820129582226839,0,-0.0263541589460366,0,0.00289388229017464,0,0,0.014779804665031,0,-0.0363250612683245,0,0,0,0,0,0,0,0,0,0,0,0.0167557586010477,0.0578429609821866,0.0404760702238467,-0.0134388018304034,0.0640620093735309,0.0269064537457804,-0.0000157381396900883,0,-0.00838584811704525,-0.000679835676205551,0,-0.00804622070687773,0.0591164758682815,0.00268638243309263,0.00520104136138067,0.0290403431358686,0,0,0.00248408712093829,-0.034037182113186,-0.0224554386666424,-0.0112102914187854,0,0.0176536463989878,-0.0103455480641134,0,-0.0275220112944585,0,0.00280581192024327,0,0,-0.00614037975948753,0,0,0,0,-0.00813050892113619,0.0168939989116613,0,-0.0199901648400952,0,0.0199679446571093,-0.0171721095949474,0,-0.00371712384081229,0,0,0,0,0,0,0.0414473065602609,-0.0473741275972904,0,0.0266031030040731,0,-0.0274856707210445,-0.0279566845194273,0,0,0,0.00195377191036523,0,-0.0241585827768339,0.0691307756294109,-0.00268033242637355,-0.0067288592086392,-0.00485910803857722,0,0,-0.0292307095549648,-0.0235779950048144,0.0135133556544734,0,-0.0371069849007954,-0.00330603426248759,0,0,-0.00484864908851505,0,-0.0344864288431317,0.00469197322807812,-0.00827450074352504,0,-0.024766120468884,0,0,0,0,-0.0578290260213537,0,0.0232175851205445,0.00284948045115007,0.0209608390073127,0,0,0.0156186000190067,0,0,0.00435669893492651,-0.0182945946693181,-0.0000201150398630495,0.000113392821785234,0,0,0,0,0.0153121145859877,-0.00000992002607929683,0,0,0,0,0,0,0,0,0,0,0,0,0,0,-0.021883700469237,0,-0.0103245876080349,0,-0.015876903456217,0.042539848352309,0,-0.00947352860355389,0,0,0,-0.00135186334604297,-0.00263601670070566,0,0.0501749414495246,0,-0.022250206448857,0.0215534445861672,0,0.0245485093565615,0,0,-0.0249772142086669
-0.0171285152801687,0.0516793006207942,-0.0171675227981807,0,-0.0387458655339966,0,0.06046591844264,0.0101311988403046,0,-0.0274204110513281,0,0,0,0.0668807440795969,0.0419820328601834,-0.0117237970746651,-0.0311047212998942,-0.00664608420393316,-0.00649001592356188,0,-0.00143174262148295,0,-0.0195607604457919,0,0.00591335442203854,-0.0136010778241643,0,0.0132004813846088,0,-0.0379654768950522,-0.0113161077191001,0,0,0,0,0,0,0,0,0,0,0.0167608063471423,0.0543911288354321,0.0423680753768579,-0.0160641156417993,0.0654017178534668,0.0268009407541595,-0.0046437879347774,0,-0.0057508062533752,-0.00332474661212225,0,-0.00909122591097623,0.0591726335006133,0.000876636717257423,0.00414568639035226,0.0256187304689948,0,0,0.000916174889578021,-0.0309953157881749,-0.0285631075751147,-0.00617376135293318,0,0.0161553094364719,-0.0115568554752885,0,-0.02749437706704,0,0.0153744039836994,0,0,-0.00387925894705696,0,0,0,0,-0.00775932717781366,0.0178775371428266,0,-0.0154334384049884,0,0.0201475772209762,-0.0133700127989547,0,-0.00291036049890422,0,0,0,0,0,0,0.0435258732856149,-0.0454659511392241,0,0.0262712845667442,0,-0.0239007965831452,-0.0314752564319528,0,0,0,0.000636931449033614,0,-0.0258109950555837,0.0663418103357194,0,-0.00499196267066476,-0.00784068145980525,0,0,-0.0334546752353956,-0.0226209944492088,0.00817227154972793,0,-0.0382485284570459,-0.00624319698888737,-0.00490888426652018,0,-0.00181649272589835,0,-0.00195281613349081,0.00142357618212826,-0.00364503896272594,0,-0.0302600654746802,0,0,0,0,-0.0691247377507496,0,0.016872443496979,0,0.0246335206586767,0,0,0.0303697015705757,0,0,0.00997571264244863,-0.0159911844103103,0,0.00996387910165214,0,0,0,0,0.00905498625317601,-0.000671554213485622,0,0,0,0,0,0,0,0,0,0,0,0,0,0,-0.0159697510377729,0,-0.000033954135528943,0,-0.0142285563626995,0.0407573228932575,0,-0.013913594935881,-0.00352244123566388,0,0,0,-0.00411968207000906,0,0.047928077407476,0,-0.0273991247326413,0.02389618963984,0,0.0270655338924887,-0.00658995601819008,0.0016091543051917,-0.0233390170057908
-0.0142025231700081,0.0499757728931384,-0.0194615522191517,0,-0.0404907868367832,0,0.0549500469488465,0.0121920051572333,0,-0.0273593458336967,0,0,0,0.0640173139263751,0.0433111821636099,-0.00910089961449095,-0.0318744351211583,-0.00697415185248258,-0.00637431885631126,0,-0.00257422428696352,0,-0.0202992477702313,0,0.0100839057340157,-0.00663018401328772,0,0.0145040980456786,0,-0.0386402031143727,-0.0014711110869994,0,0,0,0,0,0,0,0,0,0,0.0196597528777202,0.058971142703389,0.0383155415994614,-0.0160293405337031,0.0667338700789316,0.0263652410412433,-0.00442947141596467,0,-0.00590115279497147,-0.00312923867956993,0,-0.0102382678154659,0.0577238798110233,0.0027365709153841,0.00190406642842295,0.0256438630333248,0,0,0.00137720716635021,-0.0308972604362037,-0.0229289018797621,-0.00788325127332945,0,0.0135266929606,-0.0108740161199391,0,-0.0260341519361161,0,0.0176835961805661,0,0,-0.00626478169689835,0,0,0,0,-0.00698713024631761,0.0306297754052844,0,-0.0145693579013057,0,0.0197639800227789,-0.0127175567500894,0,-0.00517210375913138,0,0,0,0,0,0,0.0433451527516368,-0.0466453524676286,0,0.0247189059967107,0,-0.0239246380967927,-0.0309018713025626,0,0,0,0.00237702766680576,0,-0.0262438076232403,0.0672846588946184,0,-0.00648933902783201,-0.0052653071927231,0,0,-0.0335293566791813,-0.0271859492030839,0.00821359924580656,0,-0.0393267975784587,-0.00385353415442305,0,0,-0.000218739790351614,0,-0.0015941546436346,0.00371725916893025,-0.00482738259251985,0,-0.034393234011503,0,0,0,0,-0.0709529701099751,0,0.0208906558467374,0,0.0235213463103488,0,0,0.0251957383015073,0,0,0.0107469687388702,-0.0169947181337972,0,0.00879736499281577,0,0,0,0,0.00974057333070061,-0.00101509354159643,0,0,0,0,0,0,0,0,0,0,0,0,0,0,-0.0101876360782109,0,-0.0022006715386682,0,-0.014761119671495,0.0430155013836951,0,-0.0113763006251651,-0.00263620157542358,0,0,0,-0.00559675347422638,0,0.0497705126596252,0,-0.0293528428958056,0.0258878559693044,0,0.0266935462291336,-0.00679683121339285,0.00171555450227611,-0.0233884756214225
-0.013518403356709,0.0513865524922209,-0.0201710205943294,0,-0.0403586354716051,0,0.0546464517243821,0.0123155199399286,0,-0.02758166017745,0,0,0,0.0643842736708805,0.0433370872238587,-0.00870104839887319,-0.032080518844792,-0.00906482179820006,-0.0072646552902161,0,-0.00231368670125062,0,-0.0201354970713952,0,0.0116159557939021,-0.00251418017873265,0,0.0147295000266416,0,-0.0391478287182852,-0.000882659340722386,0,0,0,0,0,0,0,0,0,0,0.0199614749862921,0.0605826718422375,0.037134197753243,-0.0166951103705763,0.0670665420173178,0.0253892747894036,-0.00404193320074262,0,-0.00595864255620391,-0.00290235845775592,0,-0.0105765378057994,0.0572835498342992,0.00333431634617955,0.00145640162395315,0.0259671474726643,0,0,0.00161457589936596,-0.031395449955528,-0.0232724050596036,-0.00793241352262484,0,0.0133136947535933,-0.0108984953305041,0,-0.0255621660003863,0,0.0172517165019691,0,0,-0.00583958814675618,0,0,0,0,-0.00726841848990114,0.0321333308130125,0,-0.0150301230737978,0,0.0197051900235615,-0.0129052777467975,0,-0.00522266649950921,0,0,0,0,0,0,0.0430694641463216,-0.0466145182852954,0,0.0254816636361395,0,-0.0243379617490516,-0.0313691836576313,0,0,0,0.00207249525519169,0,-0.026303247544324,0.0671598338814278,0,-0.00632590342707685,-0.00494815961837152,0,0,-0.0333476299843892,-0.0270309124758489,0.0082922830883066,0,-0.0394647757545616,-0.00246057680685644,0,0,-0.000842326746271432,0,0,0.0035219797503745,-0.00639768369082733,0,-0.0346634937538121,0,0,0,0,-0.070752388314546,0,0.0215706408783813,0,0.0233794111956608,0,0,0.0251951483721305,0,0,0.0109015360021039,-0.0162219868894506,0,0.0110666237727599,0,0,0,0,0.0101800699751114,-0.0011160055812018,0,0,0,0,0,0,0,0,0,0,0,0,0,0,-0.011025845927041,0,-0.00213626071644785,0,-0.0146493927852617,0.042000664242605,0,-0.0128978596525399,-0.00179863652946645,0,0,0,-0.00544712024721235,0,0.0485798041369369,0,-0.0289797776905956,0.0263206184415556,0,0.0277804423225009,-0.00718314742303135,0.00161173933412073,-0.023464754663368
-0.0139697175561571,0.0500603773677895,-0.0188149388163122,0,-0.0403644537806861,0,0.05486591278947,0.0116476142862885,0,-0.0272705619099862,0,0,0,0.0652051087765024,0.043355754739277,-0.00917388040924724,-0.0320583615751456,-0.00628102150616835,-0.00618806853592576,0,-0.00178405018821739,0,-0.0203086320218834,0,0.00983189717743071,-0.00615952654577468,0,0.0147232779902184,0,-0.0390853692840958,-0.0011927741084698,0,0,0,0,0,0,0,0,0,0,0.0201936883525698,0.0591762588139839,0.0379466724637473,-0.0163078840191979,0.0660378056886035,0.0264214397308007,-0.00403391185221006,0,-0.00589332189933235,-0.00326146311413548,0,-0.0106873699305351,0.0577211632043101,0.00271110587824162,0.00142945082134015,0.0256634307908264,0,0,0.00169379403637707,-0.031111813333792,-0.0228255069330519,-0.00738943130149822,0,0.0134114631960343,-0.0111138857809361,0,-0.0258052718088532,0,0.0183457612959117,0,0,-0.00606244462847497,0,0,0,0,-0.00659490032639625,0.0309005707768173,0,-0.0147147920096896,0,0.0198589447512871,-0.0124313543930873,0,-0.0050118637528825,0,0,0,0,0,0,0.0433654042364571,-0.0469131315166338,0,0.0245468301865714,0,-0.0239605381756138,-0.0308755975488658,0,0,0,0.00223781864940167,0,-0.0262031117369482,0.066539257624022,0,-0.0059646042730431,-0.00579581110920012,0,0,-0.0335230371232993,-0.0271082154733827,0.00766033247901368,0,-0.0396353324571627,-0.00289353038404498,0,0,-0.000492833867347156,0,-0.000653480053430524,0.00339452583265693,-0.00553567301678004,0,-0.0343267557779839,0,0,0,0,-0.0705789984364805,0,0.021165858039525,0,0.0237973579681392,0,0,0.0261771755254892,0,0,0.0112443141039154,-0.0168298134928828,0,0.00912918865590059,0,0,0,0,0.009612159576363,-0.00022958867881582,0,0,0,0,0,0,0,0,0,0,0,0,0,0,-0.0101784578951563,0,-0.00249124929117626,0,-0.0149951123930072,0.0428188587707093,0,-0.0110302061379472,-0.00240269045008105,0,0,0,-0.0050378800454888,0,0.0501231671710898,0,-0.0290954856434993,0.0260253615547116,0,0.0277711289757552,-0.00730960033215323,0.00139539258137395,-0.0232316368638094
-0.0172528717729338,0.0511211483243474,-0.0190251494854157,0,-0.0396691633746902,0,0.053769130791225,0.0111458415331508,0,-0.0277046019029218,0,0,0,0.0662610947435893,0.0433266722242063,-0.0102559015167393,-0.0313804078011472,-0.00749819879995108,-0.00272493528780238,0,-0.00166714277421815,0,-0.017951484507262,0,0.0102232909573397,-0.00290470817051578,0,0.0150849659394698,0,-0.0369050143459183,0,0,0,0,0,0,0,0,0,0,0,0.0148114804081302,0.0625610380820721,0.043027376316439,-0.0122644687353797,0.0694453071052266,0.0273383286692407,-0.0067287404704037,0,-0.00589680498335054,-0.00251262071783138,0,-0.0095456196387102,0.0564683217046566,0,0.0029606502118001,0.023612920416745,0,0,0.000259922269040798,-0.0289436719466321,-0.0212590796368497,-0.00547193236744211,0,0.0161691645127922,-0.00971820818356577,0,-0.0241484744354868,0,0.0197518934538544,0,0,-0.00865994636954678,0,0,0,0,-0.00857157430168689,0.0132702104218749,0,-0.0106369383361348,-0.000271714545412637,0.0213466911293465,-0.0131957333736025,0,-0.00136054144921398,0,0,0,0,0,0,0.0439280350438271,-0.0475775765774456,0,0.0256521656483449,0,-0.0230105080266615,-0.0345338625757763,0,0,0,0.00147717008983406,0,-0.0264086185826985,0.0656121892554079,0,-0.00765835368711107,-0.00895393064171334,0,0,-0.0314190271484378,-0.0254681299122135,0.00912076990467143,0,-0.0376268663539275,-0.00477191591036433,0,0,0,0,-0.00441137168073434,0.00409755659118046,0,0,-0.0301163168839709,0,0,0,0,-0.0683742129127116,0,0.0200263207726812,0,0.0239784751709071,0,0,0.0297137054845357,0,0,0.00591057507256328,-0.0184963873327351,0,0.00819972316047585,0,0.00110118312830925,0,0,0.00683334970801733,-0.00764374713187848,0,0,0,0,0,0,0,0,0,0,0,0,0,0,-0.00524999978415973,0,0,0,-0.0149250302537034,0.0491380318439968,0,-0.0140649391958499,-0.00600968135340893,0,0,0,-0.00696240379034301,0,0.0545422887613137,0,-0.0325887204937996,0.0271227166242621,0,0.0267755844510753,-0.00608033709258065,0,-0.0219549892600469
-0.0130365969290807,0.0502541456895335,-0.0197358988301524,0,-0.039949961712514,0,0.0539417569153003,0.0120328303094281,0,-0.0268908177719287,0,0,0,0.0642961507632905,0.0437182056898644,-0.00896367460290676,-0.0316608589048195,-0.00698844166482789,-0.00626421253651932,0,-0.00178069743676641,0,-0.0202137586329735,0,0.00916306638605496,-0.0078160356477189,0,0.0145575057510236,0,-0.0392441473326117,-0.00168648259490734,0,0,0,0,0,0,0,0,0,0,0.0197349641704609,0.0589513584160359,0.0382665140858875,-0.0168716558231198,0.0669879236449416,0.0259432228813105,-0.00269999107313786,0,-0.00566023097938535,-0.00286942909615257,0,-0.0110036755647295,0.0575923336926679,0.00347116506899174,0.00266558367481854,0.0258807057978108,0,0,0.00210023228894992,-0.0316552767281887,-0.022657588114551,-0.00748421153307762,0,0.0136391185968191,-0.0108734623323638,0,-0.0258844036478715,0,0.0171356885835146,0,0,-0.00572032912922433,0,0,0,0,-0.00694199604493111,0.0403776261545067,0,-0.0155961155151663,0,0.0195677484708991,-0.0125386863705764,0,-0.00558722000738024,0,0,0,0,0,0,0.0443325879863023,-0.0464469317918973,0,0.0256209593503045,0,-0.0238277237232841,-0.0307228774000606,0,0,0,0.00264083904705522,0,-0.0257493768521572,0.0674048979388633,0,-0.00589931193393224,-0.00590925080477831,0,0,-0.0326517949514909,-0.0265857119332035,0.00808350107386394,0,-0.0389012606900009,-0.00283729146251096,0,0,0,0,-0.00242583517699564,0.00322656659302701,-0.00692584651434469,0,-0.0327217053768714,0,0,0,0,-0.0699764885477848,0,0.0210433730209593,0,0.0240572177469505,0,0,0.024609658486069,0,0,0.0105918812433678,-0.0172819385436075,0,0.00942472330956749,0,0.000246043627658194,0,0,0.00871947313362401,-0.00131033911373318,0,0,0,0,0,0,0,0,0,0,0,0,0,0,-0.0113031242982004,0,-0.00285639941445931,0,-0.0147498734689376,0.0419881046132298,0,-0.012995769209905,-0.00215584925065261,0,0,0,-0.00458138937596117,0,0.0493218603896662,0,-0.0282440521504756,0.0256129612747674,0,0.0279218396499199,-0.00708702146396337,0.000797974841706587,-0.0228357946323799
-0.015332520029385,0.0474261670080175,-0.0184761764247058,0,-0.0406556206299086,0,0.0544821100015187,0.0106638208737284,0,-0.0276769715466557,0,0,0,0.0650691552397766,0.0444647603673258,-0.00952335422050368,-0.0317051456544965,-0.00674156847818159,-0.00422295838447458,0,-0.000424655621045024,0,-0.0197037169993679,0,0.00805641308548229,-0.00408363036358347,0,0.0149491940835081,0,-0.04128138781214,-0.00262199920238459,0,0,0,0,0,0,0,0,0,0,0.010270566187518,0.0606250288012092,0.0354761333721165,-0.0134356398560701,0.0680435865650885,0.0261146194011175,-0.00526606038072048,0,-0.0061081365177511,-0.00333168657759886,0,-0.0101903046137891,0.0560588384176925,0.00272975473252843,0.00398672097691381,0.0264001917194203,0,0,0.00151599540682719,-0.0306574947277598,-0.0217042155119871,-0.00744339897488181,0,0.0129568926830133,-0.0101516890849073,0,-0.0256108605868914,0,0.0181970474816672,0,0,-0.00727845068478387,0,0,0,0,-0.00731969179441879,0.0296091387040632,0,-0.0160477730166154,-0.00114643710993707,0.0189656428747604,-0.0118940166842924,0,-0.00497300215054045,0,0,0,0,0,0,0.0435427626742541,-0.0459256272138751,0,0.0248472453554616,0,-0.0230858458399162,-0.0306411384017769,0,0,0,0.0037822793603512,0,-0.0262557089742613,0.0680497201281106,0,-0.00629282520757915,-0.00579369601554379,0,0,-0.0354359810781346,-0.0264743974216857,0.00799220082657038,0,-0.0373389981436113,-0.0044424664966606,0,0,0,0,-0.00130913429467802,0.00369338463283522,-0.00442385317088359,0,-0.0329409661599248,0,0,0,0,-0.0690715018423132,0,0.0196201761678934,0,0.0235947464941381,0,0,0.0256594084206842,0,0,0.0128678432837134,-0.0166011659239793,0,0.0100905421502925,0,0.000737423597779101,0,0,0.010509993070212,-0.00156806828540984,0,0,0,0,0,0,0,0,0,0,0,0,0,0,-0.00921216797415143,0,-0.00531064272220094,0,-0.014204164422692,0.0437688951123457,0,-0.00925751453211431,-0.000581949496684324,0,0,-0.00147806453912915,-0.00589204437375135,0,0.0511145659361776,0,-0.0312536992165227,0.026503368947975,0,0.0283766331710202,-0.00813366692069856,0.00133072494602796,-0.0228879010491074
-0.0138725441811332,0.0500025490804895,-0.0190632634186233,0,-0.040270060462064,0,0.0549160804722186,0.0112107796530376,0,-0.0273133763345049,0,0,0,0.0651258399986187,0.0430799796490888,-0.00940270853080962,-0.0320146163155237,-0.00651276429135553,-0.00608207167720735,0,-0.00168978401251846,0,-0.0202005196165957,0,0.00964103159315913,-0.00659278342589059,0,0.0145823169267063,0,-0.0390950798894043,-0.000603650363208567,0,0,0,0,0,0,0,0,0,0,0.0205036593486498,0.0590998600097383,0.038602058519716,-0.0163109683645212,0.0664619910234138,0.0260915680023045,-0.00399783499082069,0,-0.00577664061245436,-0.00315895381197589,0,-0.0107664315091644,0.0574500085147448,0.0029624592465297,0.00168259557761946,0.0256481238499387,0,0,0.00202245255322369,-0.030987003853328,-0.0228008466004236,-0.00701653304810472,0,0.0135436359235861,-0.0112484181468014,0,-0.0259757983274258,0,0.0182607272637585,0,0,-0.00604090640833785,0,0,0,0,-0.00668249736994284,0.0300217291721506,0,-0.0147617483941294,0,0.0200685392516079,-0.0126656304266162,0,-0.00453610221492009,0,0,0,0,0,0,0.0433364679455806,-0.0472208762384064,0,0.0246465912398722,0,-0.0239332702887458,-0.0308564692768609,0,0,0,0.00231122200772827,0,-0.0262600827710166,0.0663410044227124,0,-0.00614487273627093,-0.00610062244570744,0,0,-0.033386526757698,-0.0267559566099482,0.00774690020591878,0,-0.039694990595699,-0.00317638057882885,0,0,-0.000641041636582579,0,-0.00102188513368146,0.00361356788333603,-0.00579330203734241,0,-0.0341059443522622,0,0,0,0,-0.0708712430215167,0,0.0209385113207883,0,0.0242969836268612,0,0,0.0265809714918494,0,0,0.0105907875230681,-0.0168696500903937,0,0.0101767807272419,0,0,0,0,0.00940493397164958,-0.000369820064949855,0,0,0,0,0,0,0,0,0,0,0,0,0,0,-0.010544661297686,0,-0.00177082576212782,0,-0.0150708428333697,0.0431101178679871,0,-0.0120729807125773,-0.00237211535620571,0,0,0,-0.00514388047663875,0,0.0499738904404557,0,-0.0296561922920803,0.0259976770309082,0,0.0278855702411621,-0.00733248562187566,0.00130923469906307,-0.02307873371309
-0.01605674874632,0.0489404775413628,-0.0193533907558864,0,-0.0408117142970464,0,0.0538867075524163,0.0111299590830998,0,-0.027876734984845,0,0,0,0.0650177217664113,0.0450726060050223,-0.00892599783209375,-0.0322797734211513,-0.00334455375654259,-0.00704657002628889,0,-0.000618919040587373,0,-0.0198150094393991,0,0.0086128735257403,-0.00480924777061565,0,0.0154412012297595,0,-0.0382797804419193,-0.0041682355982705,0,0,0,0,0,0,0,0,0,0,0.0129461034542212,0.0611155556304869,0.0358263047318651,-0.0144081414925963,0.06738342336688,0.0274002935160682,-0.00571131837748725,0,-0.00642645648355641,-0.0035654756753444,0,-0.00942790412048628,0.0571572674015745,0.00259843959174703,0.00227442311259283,0.0259423465824366,0,0,0.0021342268026492,-0.0293271613922925,-0.0235901116673862,-0.00788529393773379,0,0.012287431929842,-0.00950855200966906,0,-0.0243870926706837,0,0.0189324293252114,0,0,-0.00661567782653863,0,0,0,0,-0.0102400831131203,0.0264394636208927,0,-0.0146389581528473,0,0.0193597232853544,-0.0131754221521816,0,-0.00572250211605835,0,0,0,0,0,0,0.0452024201690701,-0.0446221780133622,0,0.0256361678660175,0,-0.023673130498759,-0.0307951363383372,0,0,0,0.000957828382871563,0,-0.0261480739439345,0.0667530762998445,0,-0.00501127296696932,-0.00513700078334915,0,0,-0.0342248342804351,-0.0283677571075696,0.00933711869036642,0,-0.0388214174781022,-0.00479044029385606,0,0,0,0,-0.00274089013632569,0.00372526304207045,-0.00284541931619634,0,-0.0329051352599542,0,0,0,0,-0.0720478910620593,0,0.0205746679042859,0,0.0236271032542118,0,0,0.0266068251951344,0,0,0.0125711986635712,-0.0152085591257041,0,0.00891488206523848,0,0.000351400655398984,0,0,0.010520623334369,-0.00266230154436516,0,0,0,0,0,0,0,0,0,0,0,0,0,0,-0.007904750052125,0,-0.00312230186158314,0,-0.0145405258978886,0.0405888310960094,0,-0.0085288569316699,-0.000168384718012481,0,0,0,-0.00562897818408182,0,0.0484523709246856,0,-0.0296809129916588,0.0258969868002399,0,0.0271540251725461,-0.00721860617596248,0.00357009962086313,-0.0227063244523848
-0.012984465461914,0.0501821446371867,-0.0187531890780093,0,-0.039916441501127,0,0.0559617459037768,0.0115264951484356,0,-0.0275894217927888,0,0,0,0.063921280353392,0.0420927394761022,-0.00937061152856138,-0.0318158581462469,-0.00665686142170159,-0.00469914264986711,0,-0.00241310085365657,0,-0.0190982101691224,0,0.00924729842188748,-0.00644327900894711,0,0.014670951665746,0,-0.0381289072330616,-0.00124274966637738,0,0,0,0,0,0,0,0,0,0,0.0172402995128531,0.0590795768753233,0.0399833202604635,-0.0169772642851416,0.0658624490278118,0.0255424185016748,-0.00361758361818646,0,-0.00605497540762803,-0.00307281971462065,0,-0.0108804098937312,0.0572134058444692,0.00197118161603029,0.0044051726552716,0.0258025074303698,0,0,0.00185460424640181,-0.0301487244237358,-0.0226423403567337,-0.0067259571761504,0,0.0168137267954932,-0.0113637886858225,0,-0.02405597113341,0,0.0173525419920137,0,0,-0.00523700780926877,0,0,0,0,-0.00579700348916185,0.0307310125277952,0,-0.0150906375631568,0,0.0195693880644196,-0.0116365141661912,0,-0.00436944095592078,0,0,0,0,0,0,0.0441490205536972,-0.047242728496357,0,0.0251072538318045,0,-0.0240678431161437,-0.031518363470118,0,0,0,0.00155438561189413,0,-0.0264716437720984,0.0667325422545488,0,-0.00598999582096297,-0.00575899933743304,0,0,-0.033285580498281,-0.0274856914200495,0.00796751418707424,0,-0.0390163150164804,-0.00386785169012579,0,0,-0.00113155525593821,0,0,0.00280492726355196,-0.00491208586549819,0,-0.0340824633623942,0,0,0,0,-0.0691157350996034,0,0.0209440009097955,0,0.0244185938084441,0,0,0.0260456784812449,0,0,0.0113660614637043,-0.0171076927204287,0,0.0108887275661999,0,0,0,0,0.00835570990587997,-0.000873882436409813,0,0,0,0,0,0,0,0,0,0,0,0,0,0,-0.010216424160075,0,-0.00152745846544496,0,-0.0148006383524,0.0420425771668322,0,-0.0111837096598479,-0.0027596306150657,0,0,0,-0.00547898495213984,0,0.049696304062442,0,-0.0293173065142189,0.0262412535771493,0,0.0274415043951005,-0.00785723403621157,0.00141036038826668,-0.0215767298683339
-0.0151899188145056,0.0490631411309734,-0.0206837380812161,0,-0.0401262512044961,0,0.0553293701923787,0.0115417399913273,0,-0.0276309424274392,0,0,0,0.0648766206583695,0.0441149844417901,-0.00895934528253725,-0.0317032651733192,-0.00626593516967379,-0.00779422937105814,0,-0.00168378138068071,0,-0.0195179031963904,0,0.0112265175349953,-0.00571626152009488,0,0.0146213074885989,0,-0.0390047587937462,-0.00112113881211543,0,0,0,0,0,0,0,0,0,0,0.0204954027960273,0.05975380776181,0.036600410621721,-0.0170829593494829,0.0668759617515753,0.0266003686528427,-0.00437622929008734,0,-0.00606934896754828,-0.00333450803747779,0,-0.00984291242112565,0.05709146315889,0.00312311154244117,0,0.0261534531276116,0,0,0.00162670741037632,-0.0310371910486866,-0.0228641481904113,-0.00839209347246599,0,0.0132550541505425,-0.0102005335798026,0,-0.0257047178763694,0,0.0185405754121023,0,0,-0.00725691864192909,0,0,0,0,-0.00726996401703617,0.027153890834924,0,-0.01383831615518,0,0.0203468379341281,-0.014272061482319,0,-0.00475841871078241,0,0,0,0,0,0,0.0450146668066561,-0.0464015627372591,0,0.0247653663314222,0,-0.023585540134183,-0.0317918299000875,0,0,0,0.00196778898911419,0,-0.026428394614946,0.0675762167388858,0,-0.00655951242821601,-0.00608040048069149,0,0,-0.0346853569384561,-0.0268212759772321,0.0076052885486207,0,-0.0395657821771751,-0.00342945334488739,0,0,0,0,-0.0037498939026042,0.00337446768894406,-0.00326510449780646,0,-0.0367720039475945,0,0,0,0,-0.0710856235928696,0,0.0211272732876385,0,0.0243682290981336,0,0,0.0263182871439641,0,0,0.00986947729560464,-0.0163798495888745,0,0.00916508602944799,0,0,0,0,0.0106061049168949,-0.00116850798673539,0,0,0,0,0,0,0,0,0,0,0,0,0,0,-0.00880539227531673,0,-0.00307732835671251,0,-0.0148772599155012,0.0439642578225294,0,-0.0114635252597774,-0.00184706311306684,0,0,0,-0.00540489953088291,0,0.0491044024012842,0,-0.0285526175439694,0.0257838818515763,0,0.027446817756191,-0.0067887548776813,0.00217353685252902,-0.0233787851168502
-0.0139385844865222,0.0501606158737526,-0.0190314389851876,0,-0.0400579530464105,0,0.0548424545999967,0.011207741509578,0,-0.0272841629561292,0,0,0,0.0653540872728446,0.043430780522487,-0.00937629050577193,-0.0317708887257774,-0.00645572490648084,-0.00582050228415767,0,-0.00145812500595251,0,-0.0195750713899902,0,0.00950040193040574,-0.00623126832545455,0,0.014666556419986,0,-0.0390951709890736,-0.000418074648877644,0,0,0,0,0,0,0,0,0,0,0.0182999580570304,0.0594965808775414,0.0384148070025517,-0.0165027491985899,0.0666144078082539,0.0258382121143134,-0.00409453158130075,0,-0.00593839565307352,-0.00311727228429231,0,-0.0107459186204111,0.0574455664233407,0.00280157820791115,0.00194611564077196,0.0259994587681346,0,0,0.0019543308220409,-0.031115309733012,-0.0229205181306762,-0.00726485024525545,0,0.0132036441572902,-0.0109051154619764,0,-0.0255762823421065,0,0.0180040323129845,0,0,-0.00596002355395391,0,0,0,0,-0.00673832951560336,0.0298966452377301,0,-0.0145898674408635,0,0.0201668788741345,-0.0125760223520595,0,-0.00486124110558677,0,0,0,0,0,0,0.0436372364199449,-0.0470199960928246,0,0.0250514820838282,0,-0.0239764237211269,-0.0307461908479789,0,0,0,0.00233646152690493,0,-0.0260399345861706,0.0666023918212562,0,-0.00590836917275261,-0.00628801160732958,0,0,-0.0330830562026539,-0.0266680796384413,0.00805466026368137,0,-0.0390219180070816,-0.00333722725578678,0,0,-0.000438971951001712,0,-0.00176216213785345,0.00324181257474184,-0.00514897792541076,0,-0.0333029144099284,0,0,0,0,-0.0701548673473898,0,0.0209207263708934,0,0.0241273046354933,0,0,0.0263384074742187,0,0,0.0113798415467218,-0.0167313383375936,0,0.0102457414960358,0,0,0,0,0.00932121244115467,-0.0010781929742627,0,0,0,0,0,0,0,0,0,0,0,0,0,0,-0.0101876136910483,0,-0.00221257564073899,0,-0.0148832830458678,0.0430550027032006,0,-0.012364001460167,-0.00193529241586837,0,0,0,-0.00524224497406537,0,0.0501723829925519,0,-0.0288999573171272,0.0258888669254767,0,0.0280012989940764,-0.00728237568748746,0.00120552760445144,-0.0227220996767125
-0.0129474212013497,0.0512469023539743,-0.0204186568831771,0,-0.0402351562227075,0,0.0554845182002752,0.0121995800137156,0,-0.0262556319107237,0,0,0,0.0647488172237457,0.042691938249443,-0.00952252232994657,-0.031674551070467,-0.0089267699309622,-0.00331293238738258,0,-0.00182733818679809,0,-0.0204932408256907,0,0.010398926690102,-0.00569994917035478,0,0.0142739659168171,0,-0.0394879066294193,-0.00213298261535898,0,0,0,0,0,0,0,0,0,0,0.0174822179819674,0.0592401036234487,0.0390902394250449,-0.017608175740415,0.0674602268348958,0.0252859795304206,-0.00341700684066091,0,-0.00609015929062398,-0.00286336971864208,0,-0.0109956474436107,0.0574230720181411,0.00298941999544711,0.00459150430759762,0.0255599906868417,0,0,0.00170144300658108,-0.0315732632546304,-0.0235490152931713,-0.00735244304811207,0,0.0144129385763623,-0.0110347600675398,0,-0.0258214641753258,0,0.0171724689860225,0,0,-0.00600131398497037,0,0,0,0,-0.00709420587892291,0.0300756112023111,0,-0.0151105564827366,0,0.0199326699649442,-0.00949466006104652,0,-0.00437635740030043,0,0,0,0,0,0,0.0436275371047634,-0.0473579584700226,0,0.0254567311219619,0,-0.0241001132284698,-0.0298425743531284,0,0,0,0.00295221568583745,0,-0.0260764622152771,0.0657478303094789,0,-0.0059963492188608,-0.00590919447824729,0,0,-0.0326242827554665,-0.0265186991576461,0.00746639079308867,0,-0.0394344233133134,-0.00411008866803357,0,0,-0.000918491701647662,0,-0.00248150536202425,0.00352770038915132,-0.00237122750495508,0,-0.0337656397102117,0,0,0,0,-0.0690875720725952,0,0.0209347833811672,0,0.0234493207520682,0,0,0.0252805060018198,0,0,0.0105163187158398,-0.017373817711388,0,0.00964200713545783,0,0,0,0,0.0100354573786445,-0.00161549017608301,0,0,0,0,0,0,0,0,0,0,0,0,0,0,-0.0103884268700169,0,-0.00237186844186046,0,-0.0145058845039212,0.0423349377448898,0,-0.0119350384320746,-0.00226987940115598,0,0,0,-0.00547915112277101,0,0.0488592709361038,0,-0.0286216725596897,0.0260431958745764,0,0.0276297306883734,-0.00699285454212097,0.000560475226431105,-0.0236629851887053
-0.01322529038109,0.0503448127964867,-0.0210898783246677,0,-0.0396138904341331,0,0.0552101069144931,0.0125064660919103,0,-0.0273419406081199,0,0,0,0.0650271340177319,0.0433518548859931,-0.00950403974734352,-0.031168290999212,-0.00710445205411947,-0.00308688553301364,0,-0.00122908848076968,0,-0.0200545836633519,0,0.0103915742212396,-0.00632827807633417,0,0.0132214847857345,0,-0.0372457355558729,-0.00102941242797853,0,0,0,0,0,0,0,0,0,0,0.0175899860183034,0.060186380739966,0.0379348497180979,-0.0168575319860162,0.0662017479820845,0.024831855431779,-0.00464425673743565,0,-0.00604799048255618,-0.00287067040300136,0,-0.0108229745902457,0.0565478650747207,0.00403906569610258,0.00366682905325472,0.0259131508505662,0,0,0.00241011646179804,-0.0311996481512109,-0.0220108892133498,-0.00688833035246077,0,0.0128109808628488,-0.0108953410936242,0,-0.0258881939035517,0,0.0173887890119832,0,0,-0.00573585228005008,0,0,0,0,-0.00647300195386599,0.029931720282729,0,-0.0143285386050429,0,0.0200237373969688,-0.0121953635585942,0,-0.00462090826679982,0,0,0,0,0,0,0.0437636958671128,-0.0470346182457531,0,0.0256850634459553,0,-0.0243457370253902,-0.0316021582969972,0,0,0,0.0028495116844618,0,-0.0260911915654893,0.066375625603002,0,-0.00591061124599216,-0.00560445319678357,0,0,-0.0316181193069295,-0.0270217861031146,0.00834529092414452,0,-0.0385469560711413,-0.00355917212344591,0,0,0,0,-0.00251444014278339,0.00330128892896531,-0.00218059404151382,0,-0.033277768113554,0,0,0,0,-0.0717069868034518,0,0.021928598296495,0,0.0243572619493998,0,0,0.0266902608925985,0,0,0.00925860452957652,-0.0161731113908297,0,0.0148875551845599,0,0,0,0,0.00976142198231348,-0.00134151993705132,0,0,0,0,0,0,0,0,0,0,0,0,0,0,-0.0103618137153753,0,-0.0009934529291215,0,-0.0146728456520093,0.0430915577429196,0,-0.0113005320612848,-0.00202883161665412,0,0,0,-0.00543828816050927,0,0.050948758995761,0,-0.0299716879153437,0.026079513947331,0,0.0268244584884176,-0.00673014947088461,0.00177152498265746,-0.0228661286152532
-0.0141800669355155,0.0502050897640258,-0.018779794496011,0,-0.0399028424985071,0,0.054903979211075,0.0111807315717289,0,-0.027034648390905,0,0,0,0.0650270042415235,0.0433061719541401,-0.0092387844192979,-0.0315989904232917,-0.00648251504738171,-0.00577145477168109,0,-0.00150660793236469,0,-0.0197500817097936,0,0.00948044464686361,-0.00649769134808735,0,0.0146888504704642,0,-0.0387073909425664,-0.000610091847496459,0,0,0,0,0,0,0,0,0,0,0.018812371278441,0.0592064449648137,0.0383196064289093,-0.0162251834536153,0.0664620762092194,0.0261356837284609,-0.00414424919257332,0,-0.00588554894862534,-0.00308506710336512,0,-0.0105270304833982,0.0572717903592907,0.00267726881276954,0.00223887273704248,0.0259270226187666,0,0,0.00194663650511196,-0.0309079078032453,-0.0226501835411814,-0.00711659006449181,0,0.0132513397556742,-0.0109303147716972,0,-0.0253847751007373,0,0.0183508439984705,0,0,-0.00607792473604851,0,0,0,0,-0.00700130196172896,0.0301007356078697,0,-0.0144199872272858,0,0.0199683403544785,-0.0127298702419478,0,-0.00473055696480698,0,0,0,0,0,0,0.0435200893872479,-0.0465368217886828,0,0.0248874387678688,0,-0.0238868762542965,-0.0310227952130302,0,0,0,0.0022348160649546,0,-0.0259704367844421,0.0665221972476319,0,-0.00597809737740783,-0.00623404190473047,0,0,-0.0330788949007451,-0.0267123763249505,0.00784329628781443,0,-0.0391898490349062,-0.00355823862471549,0,0,-0.0000723390984841721,0,-0.00156727689311978,0.00327250705964986,-0.00512994919534877,0,-0.0333423988580317,0,0,0,0,-0.0699520086764508,0,0.0206789902568447,0,0.0238286514909502,0,0,0.0263548797001646,0,0,0.0110222821096643,-0.0168566796804281,0,0.00933009653739707,0,0,0,0,0.00932060917118852,-0.000750101317004074,0,0,0,0,0,0,0,0,0,0,0,0,0,0,-0.00986087715673,0,-0.00224612676964784,0,-0.0147733385823784,0.0422850397830039,0,-0.0118779815711068,-0.00218631602502285,0,0,0,-0.00534343664449831,0,0.0498132135555303,0,-0.02909255411643,0.0255091291403971,0,0.0277988241342814,-0.00735824019548519,0.00123717394558824,-0.0229059539589224
-0.0132289494655876,0.0499564503013825,-0.0197816316827736,0,-0.0399211506255923,0,0.0549696217833669,0.0119751911305596,0,-0.026576100310294,0,0,0,0.0647188121996046,0.0423665332168304,-0.00945536586290107,-0.031809128877894,-0.00733505086326849,-0.00463523396147759,0,-0.00131295484091423,0,-0.0210023750454096,0,0.0095183018808884,-0.00375353557638308,0,0.0140754973599067,0,-0.0395974580976728,-0.000389007718848968,0,0,0,0,0,0,0,0,0,0,0.0177351889244722,0.0595407494252895,0.0378803963568676,-0.0173192273099986,0.0661089339803407,0.0262844494763625,-0.00279529536171654,0,-0.00616156950751192,-0.00305792690955276,0,-0.0107459010656676,0.0573485445731367,0.00261040016321613,0.00180582557102683,0.0258775048862752,0,0,0.0019302336293041,-0.0311956839566286,-0.022665179063604,-0.00775351182088694,0,0.014133044710943,-0.0106461124016559,0,-0.0255050080867285,0,0.0182939686740594,0,0,-0.00583857168270723,0,0,0,0,-0.00687862819661949,0.0294410557621481,0,-0.0160938158422036,0,0.0205783160229468,-0.0120872221792272,0,-0.00588309944980259,0,0,0,0,0,0,0.0433333314290301,-0.0468101514667901,0,0.0252566428934892,0,-0.023773849806471,-0.0297937956397028,0,0,0,0.0031865094001423,0,-0.0258124126988509,0.0666528902680844,0,-0.00593617065515834,-0.00620032566809036,0,0,-0.033669094185808,-0.0274488854086984,0.00771289578299154,0,-0.0388581516048234,-0.00459518491296705,0,0,-0.000671773685052212,0,-0.00194003984391895,0.00295296401012632,-0.00148940651482106,0,-0.0334272490264441,0,0,0,0,-0.0691983424041148,0,0.0206098522176941,0,0.0233041474827645,0,0,0.0256089235172961,0,0,0.0121029138049043,-0.0175336924653226,0,0.00864570308354131,0,0,0,0,0.0094659610091904,-0.00234752457249076,0,0,0,0,0,0,0,0,0,0,0,0,0,0,-0.0100124980552662,0,-0.00269667928556957,0,-0.0146708509380915,0.0421165242095017,0,-0.0133346871235696,-0.000941516259963983,0,0,0,-0.00558018149198854,0,0.0499433899566793,0,-0.0294351607049384,0.0257172245939455,0,0.0284503743655349,-0.00705378637020942,0.000388510865881156,-0.0239280407674554
-0.0153998035962126,0.0498594282620946,-0.0171535641483602,0,-0.0395155464779434,0,0.0522051667295074,0.0100560595784739,0,-0.0294806688827536,0,0,0,0.0664829151270592,0.0433238993972401,-0.00898316237946249,-0.0322193629129919,-0.0046498854317564,-0.00366531373079815,0,-0.00212693052746072,0,-0.0194501797317437,0,0.00929868229640383,-0.00473736042573937,0,0.0161193491832022,0,-0.0385621102277885,-0.00993552762570492,0,0,0,-0.00678225029884013,0,0,0,0,0,0,0.0178341425977851,0.0593723478345211,0.0374499925315956,-0.0151962485554279,0.0671649479562778,0.0249398505510997,-0.00517907824989583,0,-0.00659787211721222,-0.00372287585766483,0,-0.00965222790183118,0.056955466654436,0.00169174569614276,0.00156122633382818,0.0254896886716677,0,0,0.00174999037419897,-0.0308158643907559,-0.0217347704993105,-0.00901112113773073,0,0.0131543209939729,-0.0109141507816686,0,-0.0252763928301823,0,0.0159728156095102,0,0,-0.0067180170346769,0,0,0,0,-0.00650028210134765,0.030709128920073,0,-0.0150311090819551,0,0.0193397474658464,-0.0133262230573619,0,-0.00445062766566948,0,0,0,0,0,0,0.0438093843535571,-0.0466036490191276,0,0.0257031970407897,0,-0.0234636692795508,-0.0315930029620454,0,0,0,0.0033596953944246,0,-0.0255822385755711,0.0662118005287772,0,-0.00620847448809001,-0.00572451083294022,0,0,-0.0355811831484008,-0.0287210369705791,0.00810484749902028,0,-0.0382712677447636,-0.0024140358104702,0,0,0,0,0,0.00146581780845001,-0.00804777374687096,0,-0.0339709872650279,0,0,0,0,-0.0693143014589313,0,0.0192935589491874,0,0.0264220645587983,0,0,0.025997838259864,0,0,0.0114096835225936,-0.015733138019906,0,0.00626370646216235,0,0,0,0,0.00869905707458014,-0.000483354527534341,0,0,0,0,0,0,0,0,0,0,0,0,0,0,-0.0108388282090281,0,-0.00245723875926965,0,-0.0155317797556512,0.0426304892905086,0,-0.0131387915284577,-0.0018051379447081,0,0,0,-0.00433941475597592,0,0.0511892318327512,0,-0.0324758493735782,0.0259968272061238,0,0.0302023134948557,-0.00807935399246945,0.0012144071228518,-0.0228816692177083
-0.0141316298730495,0.0500435017253999,-0.0183418814479369,0,-0.039764477318883,0,0.0548494983295564,0.0108235344808678,0,-0.0270987086320584,0,0,0,0.0657670922339217,0.0430093855814374,-0.00937179031092912,-0.0315186693796614,-0.00623263903253776,-0.00547524000725925,0,-0.00148436524435945,0,-0.0194314609018729,0,0.00905792127522675,-0.0064713477196469,0,0.0145827689883904,0,-0.0385662871781473,-0.00068016127161438,0,0,0,0,0,0,0,0,0,0,0.0184920892033177,0.0595815525755093,0.0379102301025785,-0.0159621426035344,0.0658893658839367,0.0261549887994193,-0.00421640446474678,0,-0.00595779045421544,-0.00315794270216269,0,-0.0107702934832898,0.0566444358566635,0.00283518653619126,0.0026998265443851,0.0258686000814526,0,0,0.0020594953804851,-0.0311225107242781,-0.0224914692685876,-0.00717534195813963,0,0.0137127491472715,-0.0109296496000094,0,-0.0253796488797041,0,0.0186404351309256,0,0,-0.00597624297951516,0,0,0,0,-0.00703199902393331,0.0299091667088992,0,-0.0143912337840025,0,0.0198169140167828,-0.0128542727090029,0,-0.00450337276576499,0,0,0,0,0,0,0.0432092945456496,-0.0468221915013221,0,0.025714596152707,0,-0.0239505738962215,-0.0312272741709219,0,0,0,0.00246939523913924,0,-0.0259291379722112,0.0664422315224634,-0.0000536177515313633,-0.00609720086848008,-0.00625153151774177,0,0,-0.0330697647208038,-0.0270784807254343,0.00775159019700152,0,-0.0391776404638864,-0.00397977743201187,0,0,-0.0000260836347277157,0,-0.00166325528857131,0.00311274547485797,-0.00513571915845171,0,-0.0331324456343714,0,0,0,0,-0.0701036753687112,0,0.0207033557280095,0,0.0246631844923118,0,0,0.0262659312620543,0,0,0.0106200874487724,-0.0167238094401684,0,0.00968309790083926,0,0,0,0,0.00923344275063474,-0.000934681383641202,0,0,0,0,0,0,0,0,0,0,0,0,0,0,-0.0097081876061254,0,-0.00214896058351925,0,-0.0147138551924007,0.0421642921072051,0,-0.0122053796403736,-0.00158744948206679,0,0,0,-0.00535670700680901,0,0.0499628289061763,0,-0.0291856910020204,0.0254302324566525,0,0.028019744083571,-0.00750576478469269,0.00119126392271667,-0.0229118523294857
-0.0107166773555985,0.0476051534427373,-0.0164683879319261,0,-0.0399660031535932,0,0.0529260319741418,0.0114631567759004,0,-0.0240896699849135,0,0,0,0.112978228694264,0.0340483383284058,-0.0127540118696305,-0.031558871870166,-0.0095947963510309,-0.00744876133428561,0,-0.00562469058112721,0,-0.0205732822533689,0,0.0106857944910856,-0.00554056239045498,0,0.0137381559250916,0,-0.0433582707426615,-0.00339967576657175,0,0,0,0,0,0,0,0,0.00164940082778304,0,0.0178966003063022,0.0572698049160694,0.0352200966331453,-0.0142769065629855,0.0765997337616224,0.0281228460704828,-0.00436089483340926,0,-0.00538859972680228,-0.00244554276443179,0,-0.0141105329143245,0.0579241828660665,0.0047280897889011,0.000593436462697308,0.0237568521296971,0,0,0.00256456120059019,-0.0315503695031105,-0.0251437245702561,-0.00889449577405962,0,0.0122859141941896,-0.0101931428328497,0,-0.0278524768785655,0,0.0193826837157416,0,0,-0.00615361428688354,0,0,0,0,-0.00595971190551989,0.0295225221407072,0,-0.0129699125426081,-0.000749841366443505,0.0186249053236502,-0.0114041133028746,0,-0.00451620674666775,0,0,0,0,0,0,0.0367897966109531,-0.0471217122978482,0,0.0243059608140896,0,-0.0258893736921651,-0.031629640327995,0,0,0,0.00261729359804668,0,-0.0254445714375436,0.0650176581193193,-0.000992522538587036,-0.00705007084446881,-0.00661026612950176,0,0,-0.0310846606821895,-0.0264802122659265,0.00944175127479433,0,-0.0382215049180839,-0.0000719536188251683,0,0,-0.000320662954318489,0,-0.0000739729835986142,0.00294365139751587,-0.0123099022870918,0,-0.0314172479907908,0,0,0,0,-0.0703413863262853,0,0.0221660143532084,0,0.021532836567745,0,0,0.0272909644842367,0,0,0.00242059207766088,-0.015508724039781,0,0.010665999263704,0,0,0,0,0.00858711151349719,-0.000131807168550626,0,0,0,0,0,0,0,0,0,0,0,0,0,0,-0.0101038603947112,0,0,0,-0.0145107622634585,0.0450023391583568,0,-0.012620344371029,-0.0043632340124669,0,0,-0.00318485314397673,-0.00565551435554732,0,0.0501629326172282,0,-0.0306118625590185,0.025764428923767,0,0.0281061073637084,-0.0074727573602625,0.000494918349412568,-0.022971113539433
NA,NA,NA,NA,NA,NA,NA,NA,NA,NA,NA,NA,NA,NA,NA,NA,NA,NA,NA,NA,NA,NA,NA,NA,NA,NA,NA,NA,NA,NA,NA,NA,NA,NA,NA,NA,NA,NA,NA,NA,NA,NA,NA,NA,NA,NA,NA,NA,NA,NA,NA,NA,NA,NA,NA,NA,NA,NA,NA,NA,NA,NA,NA,NA,NA,NA,NA,NA,NA,NA,NA,NA,NA,NA,NA,NA,NA,NA,NA,NA,NA,NA,NA,NA,NA,NA,NA,NA,NA,NA,NA,NA,NA,NA,NA,NA,NA,NA,NA,NA,NA,NA,NA,NA,NA,NA,NA,NA,NA,NA,NA,NA,NA,NA,NA,NA,NA,NA,NA,NA,NA,NA,NA,NA,NA,NA,NA,NA,NA,NA,NA,NA,NA,NA,NA,NA,NA,NA,NA,NA,NA,NA,NA,NA,NA,NA,NA,NA,NA,NA,NA,NA,NA,NA,NA,NA,NA,NA,NA,NA,NA,NA,NA,NA,NA,NA,NA,NA,NA,NA,NA,NA,NA,NA,NA,NA,NA,NA,NA,NA,NA,NA,NA,NA,NA,NA,NA
-0.0147529690801716,0.0500567653230772,-0.0176753966659269,0,-0.0395708342443452,0,0.0548730043186766,0.0114659987140048,0,-0.0269962959971449,0,0,0,0.0656502922459088,0.0428320380768705,-0.0092699918644123,-0.0312254708376574,-0.00621075294941234,-0.00387815726474372,0,-0.000886022660205361,0,-0.0197697482932692,0,0.00989938679392306,-0.00615758080118065,0,0.0143270803001594,0,-0.0391893429105922,-0.000013572170348488,0,0,0,0,0,0,0,0,0,0,0.0190292703959557,0.059470409620661,0.0370647115786091,-0.0150341317319405,0.0662875879958117,0.0266623120205357,-0.0042330951265392,0,-0.00589467909337944,-0.00313331758672463,0,-0.0105440833779472,0.0581471303628787,0.00263230182714575,0.00198020011162696,0.0255799015010397,0,0,0.0020408331312334,-0.0314289259920833,-0.0225713844480272,-0.00662188001972898,0,0.0141059491338474,-0.0107462992356912,0,-0.0255992142548038,0,0.018448290903655,0,0,-0.00561354867438995,0,0,0,0,-0.00688904117570594,0.030310223840816,0,-0.0140053734812245,0,0.0203991804240233,-0.0127451721501522,0,-0.00435297023972158,0,0,0,0,0,0,0.0437872855728138,-0.0469058207718133,0,0.0255990849250165,0,-0.0239145059384995,-0.0311917000537735,0,0,0,0.00237349272965257,0,-0.0260324689754857,0.0669983655255705,0,-0.00599125162388013,-0.00606065988565144,0,0,-0.0326705549006888,-0.0265738909078499,0.00791872173907284,0,-0.0399781847052611,-0.0031012490593895,0,0,-0.000210280867470849,0,-0.00125802151761703,0.00294942286873791,-0.0052636520748474,0,-0.0329572797601733,0,0,0,0,-0.0704384961116553,0,0.0210019112182218,0,0.0243375169028261,0,0,0.0264257855881526,0,0,0.0125772262314741,-0.0163029228754791,0,0.00672254133418296,0,0,0,0,0.00925687779464703,-0.00030391165611969,0,0,0,0,0,0,0,0,0,0,0,0,0,0,-0.00991102053467204,0,-0.0025747841983248,0,-0.0144495494557689,0.0419541238459045,0,-0.0116880701736647,-0.00153336368813251,0,0,0,-0.00525479343579284,0,0.0508205540474267,0,-0.0286281127668352,0.0261114234726968,0,0.0288382784604011,-0.00716641586453166,0.00130723625651518,-0.0226522561284671
NA,NA,NA,NA,NA,NA,NA,NA,NA,NA,NA,NA,NA,NA,NA,NA,NA,NA,NA,NA,NA,NA,NA,NA,NA,NA,NA,NA,NA,NA,NA,NA,NA,NA,NA,NA,NA,NA,NA,NA,NA,NA,NA,NA,NA,NA,NA,NA,NA,NA,NA,NA,NA,NA,NA,NA,NA,NA,NA,NA,NA,NA,NA,NA,NA,NA,NA,NA,NA,NA,NA,NA,NA,NA,NA,NA,NA,NA,NA,NA,NA,NA,NA,NA,NA,NA,NA,NA,NA,NA,NA,NA,NA,NA,NA,NA,NA,NA,NA,NA,NA,NA,NA,NA,NA,NA,NA,NA,NA,NA,NA,NA,NA,NA,NA,NA,NA,NA,NA,NA,NA,NA,NA,NA,NA,NA,NA,NA,NA,NA,NA,NA,NA,NA,NA,NA,NA,NA,NA,NA,NA,NA,NA,NA,NA,NA,NA,NA,NA,NA,NA,NA,NA,NA,NA,NA,NA,NA,NA,NA,NA,NA,NA,NA,NA,NA,NA,NA,NA,NA,NA,NA,NA,NA,NA,NA,NA,NA,NA,NA,NA,NA,NA,NA,NA,NA,NA
-0.0159813273079632,0.0489741687965362,-0.0183210238597092,0,-0.0395632739886612,0,0.0556285625495825,0.0119649324733835,0,-0.0273766396147746,0,0,0,0.0663518328806388,0.0420915477469656,-0.0084278730836215,-0.0329802217496398,-0.00594890854281758,-0.00263218668977803,0,-0.00257438807834762,0,-0.0219932905897906,0,0.0130312560589719,-0.00505243380364968,0,0,0,-0.0370481491648472,-0.00138309247340559,0,0,0,0,0,0,0,0,0,0,0.0189910828069795,0.0591043533703561,0.0411338181920214,-0.012305217575012,0.0675481865564228,0.0266585078097876,-0.00356965165089838,0,-0.00515603687186191,-0.00312209735677972,0,-0.0103232975570034,0.0553496621795505,0.00354757283017737,0.00195058834767754,0.0259443120309864,0,0,0.00168180830395954,-0.0321102074240212,-0.0228749708149361,-0.00622174200635764,0,0.0140091565404509,-0.010838218831111,0,-0.0253399258168897,0,0.0178034809289627,0,0,-0.00578441339549006,0,0,0,0,-0.00723204823913397,0.0311182508258661,0,-0.013942588197313,-0.000171030507976448,0.0198294949930072,-0.0130247818976863,0,-0.00432836816659607,0,0,0,0,0,0,0.0442804886591903,-0.047223824117049,0,0.0253798206007577,0,-0.024624216009743,-0.0322291691102411,0,0,0,0.00341400521533134,0,-0.0265185071237011,0.0669906644003929,-0.000359521632901041,-0.0069710394498463,-0.00590442436205843,0,0,-0.0329421832668002,-0.027297771644029,0.00799404013134813,0,-0.0398415589546083,-0.00321694856874219,0,0,-0.00000533450019040353,0,-0.00172565923273616,0.00330799653794008,-0.00951223747978671,0,-0.0338757305685736,0,0,0,0,-0.0692836531044876,0,0.0209686839739281,0,0.0240087329548507,0,0,0.0266643816201268,0,0,0.0147387078468334,-0.0153436509621215,0,0,0,0.00256039643550163,0,0,0.0107722835758833,0,0,0,0,0,0,0,0,0,0,0,0,0,0,0,-0.00976977817289492,0,-0.00101951884927748,0,-0.014367486473211,0.0434535318731257,0,-0.0110929191026917,-0.000644635423994257,0,0,0,-0.00557642907133929,0,0.0485001124172903,0,-0.0288092937983525,0.0260147912929753,0,0.0281337300167921,-0.00723006343203818,0.00165235847797443,-0.0229762814880727
-0.0157775249862929,0.0530415463396472,-0.0211529148977547,0,-0.0385210172367906,0,0.0558795446055477,0.0117803424215472,0,-0.0262712535487766,0,0,0,0.0565441413907451,0.045036683918505,-0.00869217273859032,-0.0308388729687256,-0.0111316306232498,-0.00517847987927132,0,-0.00165601946572845,0,-0.0195823983568101,0,0.0100022121744518,-0.00456838456075854,0,0.0153340295970276,0,-0.039134856950679,-0.000144001618045565,0,0,0,0,0,0,0,0,0,0,0.0194722561461486,0.0604956611237755,0.0381861311430657,-0.0145719767998663,0.0678448676721332,0.026749922682833,-0.00433557255510438,0,-0.00621869790958541,-0.00360876469458359,0,-0.011493564543428,0.0579748541570159,0.00509065702204376,0.00308155649481705,0.0265168524481278,0,0,0.00253589073706132,-0.0321841718925727,-0.0223739088766652,-0.00798448293304307,0,0.0107152817094206,-0.0100129345593929,0,-0.0261937133365133,0,0.0196399461225734,0,0,-0.00646436311204061,0,0,0,0,-0.00812326627600832,0.028317304736596,0,-0.0145365509941209,0,0.0206037527675415,-0.0129186731892656,0,-0.00411499779679649,0,0,0,0,0,0,0.0417102516683304,-0.0466160529655408,0,0.0277777966844387,0,-0.0237387516744236,-0.0330574241677172,0,0,0,0.00208455135531697,0,-0.0263718149863082,0.0664330725532718,-0.0000145807695946444,-0.00685398181863598,-0.00795048359595921,0,0,-0.0333667593467209,-0.0269832316030148,0.0082519441500002,0,-0.0405707247683451,-0.0033782905530941,0,0,-0.00108017922438662,0,-0.000677990981857129,0.00275314571375397,-0.00506926310657059,0,-0.0333166264220382,0,0,0,0,-0.0676155752627397,0,0.0205229069439985,0,0.0265618757408553,0,0,0.0262185882496169,0,0,0.0109582838558667,-0.0164228971628331,0,0.00435655842415595,0,0.00119614965439675,0,0,0.00833162662309853,-0.00328799954856576,0,0,0,0,0,0,0,0,0,0,0,0.000010832393832022,0,0,-0.00998061178499755,0,-0.00213661159264245,0,-0.0140941373735437,0.04271586085233,0,-0.0117883702026614,-0.00348852926939225,0,0,0,-0.0063633227064723,0,0.0477362411223232,0,-0.0285387809593522,0.0252337285747235,0,0.0299289634430868,-0.00760235085034626,0.00110298504213827,-0.0231020120666851
-0.01332360910735,0.0500111388894999,-0.0180200507391508,0,-0.0400449554710537,0,0.0554299787391682,0.011589344246495,0,-0.0280560442844252,0,0,0,0.0706955637700798,0.0420216253999209,-0.00924360193619431,-0.031702809943377,-0.00513702389478505,-0.00805695871736682,0,-0.0030379639776135,0,-0.0198055962889733,0,0.00950158727259227,-0.00685202069409107,0,0.0148912325017463,0,-0.0393762660043123,-0.00117442237296821,0,0,0,0,0,0,0,0,0,0,0.0187205258122872,0.0598456938993926,0.0395861444476455,-0.0169060551212001,0.06499611820898,0.0256049625480632,-0.00459964910522801,0,-0.00588841115335517,-0.00328816150564636,0,-0.0108021575291233,0.0563680745199803,0.00300050016671773,0.00226428775545154,0.0261915359774868,0,0,0.00178928123069458,-0.0310061405677248,-0.0230794231188213,-0.00811876249756507,0,0.0132195697478099,-0.0106947699675723,0,-0.0254326914060503,0,0.0177324434449769,0,0,-0.00576414092345927,0,0,0,0,-0.00657693231606633,0.0299693865468101,0,-0.014635374943317,0,0.0193044646311653,-0.0133141754375821,0,-0.00496780526376113,0,0,0,0,0,0,0.0445458687494056,-0.0461705402437316,0,0.0247090393697445,0,-0.0239634100744218,-0.0306744610987577,0,0,0,0.00278395092499885,0,-0.0259511413238199,0.0676528233387777,0,-0.00629756463176727,-0.00537637557941552,0,0,-0.0333123444495681,-0.0269198827788822,0.0079411500105188,0,-0.0383504246184246,-0.00424971148731886,0,0,0,0,-0.00187944482614969,0.00308046038612475,-0.00255031598159553,0,-0.0336687236966534,0,0,0,0,-0.0719085729591037,0,0.0211142770832693,0,0.023992874235528,0,0,0.0255095840168361,0,0,0.0138567419073921,-0.0173663903380036,0,0.00970576950995477,0,0,0,0,0.00928732550361451,-0.00135869140879735,0,0,0,0,0,0,0,0,0,0,0,0,0,0,-0.00923477964235185,0,-0.00130562257327709,0,-0.0146178414635162,0.0421462083126943,0,-0.0118142022350421,-0.00250489739392514,0,0,-0.00052953251295092,-0.00529920116136347,0,0.0482479830545535,0,-0.0284805511518068,0.0259185723851053,0,0.0272091139418228,-0.00737673572654796,0.00161896879213382,-0.0232562299944195
NA,NA,NA,NA,NA,NA,NA,NA,NA,NA,NA,NA,NA,NA,NA,NA,NA,NA,NA,NA,NA,NA,NA,NA,NA,NA,NA,NA,NA,NA,NA,NA,NA,NA,NA,NA,NA,NA,NA,NA,NA,NA,NA,NA,NA,NA,NA,NA,NA,NA,NA,NA,NA,NA,NA,NA,NA,NA,NA,NA,NA,NA,NA,NA,NA,NA,NA,NA,NA,NA,NA,NA,NA,NA,NA,NA,NA,NA,NA,NA,NA,NA,NA,NA,NA,NA,NA,NA,NA,NA,NA,NA,NA,NA,NA,NA,NA,NA,NA,NA,NA,NA,NA,NA,NA,NA,NA,NA,NA,NA,NA,NA,NA,NA,NA,NA,NA,NA,NA,NA,NA,NA,NA,NA,NA,NA,NA,NA,NA,NA,NA,NA,NA,NA,NA,NA,NA,NA,NA,NA,NA,NA,NA,NA,NA,NA,NA,NA,NA,NA,NA,NA,NA,NA,NA,NA,NA,NA,NA,NA,NA,NA,NA,NA,NA,NA,NA,NA,NA,NA,NA,NA,NA,NA,NA,NA,NA,NA,NA,NA,NA,NA,NA,NA,NA,NA,NA
-0.0148077680058417,0.0490504384810583,-0.0199749856693291,0,-0.0402590790245519,0,0.0565219003486241,0.011793001448298,0,-0.02768569874435,0,0,0,0.0669542384984327,0.0419581720693076,-0.00953205038256147,-0.0319884927596783,-0.00660474551858137,-0.00595771525594591,0,-0.000863935558733441,0,-0.0198738215680041,0,0.00983950893379999,-0.00657661997291325,0,0.0150170429413501,0,-0.0381100149284731,-0.00157409736847954,0,0,0,0,0,0,0,0,0,0,0.0191491256811047,0.0604377796590274,0.037941686921805,-0.015806228107842,0.0653408135578412,0.0268168791095071,-0.00449702475680828,0,-0.00572117138767382,-0.00335930981398821,0,-0.0106219177129337,0.0568718512938244,0.00264104076987754,0.00257532615163032,0.0259683142048397,0,0,0.00192703658069598,-0.0317521793307763,-0.022899791094098,-0.00725377507635045,0,0.0126382880876196,-0.010888665984647,0,-0.0263056855703423,0,0.0179680321018282,0,0,-0.00678087052100567,0,0,0,0,-0.00624306744864238,0.0291254144583205,0,-0.0141518077115814,0,0.0205551049319252,-0.012648302343476,0,-0.00520236477220938,0,0,0,0,0,0,0.0418070533445604,-0.0462264972177345,0,0.0252849599882847,0,-0.0239417891075645,-0.0322674537705876,0,0,0,0.00395640203695859,0,-0.0262995190044729,0.0674737841817176,0,-0.00671438786129879,-0.00546416935757865,0,0,-0.0337192208019926,-0.0265677403070089,0.00875783350451208,0,-0.0400655703962533,-0.00469071638561544,0,0,-0.00185579328595928,0,-0.00242425979287289,0.00455702116047131,-0.00564916190343797,0,-0.0338757771646988,0,0,0,0,-0.0697806045902461,0,0.0205054628435882,0,0.0252382935148716,0,0,0.0276319020734121,0,0,0.011380878339785,-0.0156511725083049,0,0.00946886987875797,0,0,0,0,0.00992115959650464,0,0,0,0,0,0,0,0,0,0,0,0,0,0,0,-0.00972456572489579,0,-0.00305292956383553,0,-0.0145718404349065,0.0434732432328988,0,-0.0116906938739174,-0.00231872081593389,0,0,0,-0.0053603486266378,0,0.0479107894122437,0,-0.0294342773816926,0.0270570796105862,0,0.0265410429450833,-0.00731145912161162,0.00168988365527483,-0.0232310090389768
NA,NA,NA,NA,NA,NA,NA,NA,NA,NA,NA,NA,NA,NA,NA,NA,NA,NA,NA,NA,NA,NA,NA,NA,NA,NA,NA,NA,NA,NA,NA,NA,NA,NA,NA,NA,NA,NA,NA,NA,NA,NA,NA,NA,NA,NA,NA,NA,NA,NA,NA,NA,NA,NA,NA,NA,NA,NA,NA,NA,NA,NA,NA,NA,NA,NA,NA,NA,NA,NA,NA,NA,NA,NA,NA,NA,NA,NA,NA,NA,NA,NA,NA,NA,NA,NA,NA,NA,NA,NA,NA,NA,NA,NA,NA,NA,NA,NA,NA,NA,NA,NA,NA,NA,NA,NA,NA,NA,NA,NA,NA,NA,NA,NA,NA,NA,NA,NA,NA,NA,NA,NA,NA,NA,NA,NA,NA,NA,NA,NA,NA,NA,NA,NA,NA,NA,NA,NA,NA,NA,NA,NA,NA,NA,NA,NA,NA,NA,NA,NA,NA,NA,NA,NA,NA,NA,NA,NA,NA,NA,NA,NA,NA,NA,NA,NA,NA,NA,NA,NA,NA,NA,NA,NA,NA,NA,NA,NA,NA,NA,NA,NA,NA,NA,NA,NA,NA
-0.0127831839046235,0.0508867367240014,-0.0180851512776774,0,-0.0412309712073366,0,0.0545538804503595,0.0119292610564966,0,-0.027883292834265,0,0,0,0.0636587761416702,0.0452158304623755,-0.00538657688227763,-0.0330543088245607,-0.0073300479815422,-0.00678367230259285,0,-0.00149689900333575,0,-0.0188881152352949,0,0.00924217875775259,-0.00706444327462192,0,0.0141985817332469,0,-0.0394525884966783,-0.00260820373574155,0,0,0,0,0,0,0,0,0,0,0.018583952282217,0.0604393450624474,0.0413570855088461,-0.0162093928674463,0.0675735451950608,0.0260800008529164,-0.00438346553720772,0,-0.00605960808425833,-0.00318330020930092,0,-0.010634526633689,0.0598678327585239,0.0015273725781417,0.00104377658430409,0.0248334194731293,0,0,0.00111443288473052,-0.0314569266937896,-0.0237425716758057,-0.00831034194286723,0,0.014487233291068,-0.00951739704063843,0,-0.0267294398095102,0,0.0181620937615481,0,0,-0.00568325306280652,0,0,0,0,-0.00835437798967547,0.0306428566440677,0,-0.0148033286143442,0,0.0198219523597848,-0.0124520764451992,0,-0.00435903771330461,0,0,0,0,0,0,0.0445223780039082,-0.0474802984385972,0,0.026084703592478,0,-0.0243333650571542,-0.031415814482787,0,0,0,0.00187262373151146,0,-0.0261711549796738,0.0672598085538478,0,-0.00590034886345998,-0.00504175478724038,0,0,-0.0316505261642893,-0.0250131025561779,0.00749625405151897,0,-0.0383274822372823,-0.0049281883951072,0,0,-0.000571691968876531,0,-0.00111846044934413,0.00290947062005511,-0.00366185991348403,0,-0.0343423352119579,0,0,0,0,-0.0713694809582999,0,0.0203228922919551,0,0.0250642885813564,0,0,0.024683481600206,0,0,0.00935595750202741,-0.0176354724109599,0,0.00954133198714153,0,0.0000807823498433043,0,0,0.0095271999068681,-0.00286189357177634,0,0,0,0,0,0,0,0,0,0,0,0,0,0,-0.0101339571292322,0,-0.00351728130367856,0,-0.014597764384645,0.0424120187915486,0,-0.0113719355603956,-0.000063839189454586,0,0,0,-0.00552913423531978,0,0.0508457717929368,0,-0.0297431512660873,0.026030842751979,0,0.0271533777310223,-0.00738555412083039,0.00218355744004421,-0.023518624839791
-0.0137032491330254,0.0504024667959176,-0.0193479049349309,0,-0.0402416343153707,0,0.0551281870759577,0.0120897827473033,0,-0.0275355328204286,0,0,0,0.064410655830693,0.0432962003802287,-0.00922169135427736,-0.0321815780909799,-0.00712021677156303,-0.00608891273349018,0,-0.00203354904504366,0,-0.0196837140834284,0,0.00992870365358856,-0.0063299998709723,0,0.0143716618602327,0,-0.0386170877982171,-0.00192537625454195,0,0,0,0,0,0,0,0,0,0,0.0191359169983935,0.0597549630466595,0.0385986251594302,-0.01605816489427,0.0664687953542428,0.0264578837801811,-0.00442395495957142,0,-0.0055712613433529,-0.00317371364707927,0,-0.0105665212792937,0.058866281309207,0.00215697495698577,0.00141734702302983,0.0250601289311489,0,0,0.0012179131748805,-0.0311372043913359,-0.0232384242578069,-0.00764291770561939,0,0.0148821409394292,-0.0100609206465156,0,-0.0261058396890246,0,0.0176138750740443,0,0,-0.00602501312177138,0,0,0,0,-0.0069166639420989,0.0300551475614231,0,-0.0144500597414546,0,0.0197888193834249,-0.0131421405930859,0,-0.00478624473804234,0,0,0,0,0,0,0.0427578476804198,-0.0470845065751922,0,0.0254884300844089,0,-0.0241048474112414,-0.0314410741476082,0,0,0,0.00243978357613226,0,-0.026412933886941,0.0676839026584977,0,-0.00638650473575639,-0.00511621871896352,0,0,-0.0331812816496581,-0.0275988334461554,0.00819510625139322,0,-0.0391902070737711,-0.00399139540823045,0,0,-0.000357899699473291,0,-0.0019143282096037,0.00316351289429474,-0.00460026334602205,0,-0.0340604154596738,0,0,0,0,-0.0710238089646394,0,0.0205935346774912,0,0.0249429496851206,0,0,0.0252460338879007,0,0,0.00986461831541973,-0.0167292837418962,0,0.00942654567275796,0,0,0,0,0.00989030449417352,-0.00142365874348057,0,0,0,0,0,0,0,0,0,0,0,0,0,0,-0.0104915023553084,0,-0.00197897228877541,0,-0.0146305259292094,0.0429984724587662,0,-0.0116972376233402,-0.00213076738859458,0,0,0,-0.00559392322291006,0,0.0513529466958867,0,-0.0296685099354547,0.0261053033387905,0,0.0267564634137467,-0.00729966864652913,0.00171649351388995,-0.0232958522069588
-0.0136544550887579,0.0493122490189222,-0.0184497258224322,0,-0.0401583918589264,0,0.0549128189882807,0.0114910228386188,0,-0.0275345535267219,0,0,0,0.0659209967712887,0.0436146918251236,-0.00985823095814904,-0.0323374610208282,-0.00700428377272463,-0.00589617297580875,0,-0.00141622139780823,0,-0.0190060730799252,0,0.00947419140211093,-0.00622333085424553,0,0.01443721977057,0,-0.038659959530201,-0.00188828168381934,0,0,0,0,0,0,0,0,0,0,0.0185875777324275,0.0606959032030643,0.0388446735106617,-0.0160567315862277,0.0661006181319996,0.0267235144711744,-0.00431423569516532,0,-0.00542635802445461,-0.00328451972402024,0,-0.0106911861908589,0.0585506041029824,0.00251978277989526,0.00156591791604216,0.0250964754906321,0,0,0.00167362251044939,-0.0314332430645521,-0.0230668546044572,-0.00725625439682669,0,0.013800675195186,-0.0105153411216106,0,-0.0263496768173459,0,0.0182813605962057,0,0,-0.00593570830372559,0,0,0,0,-0.00677229902067378,0.0298660124949837,0,-0.0145452934839359,0,0.0201214948424619,-0.0129280351887083,0,-0.00441549592319836,0,0,0,0,0,0,0.042530343128989,-0.0470039638183932,0,0.0258329294768556,0,-0.0242144069331353,-0.0316484833291806,0,0,0,0.00249663899113253,0,-0.0263185630981837,0.0669569072350823,0,-0.00606318309675355,-0.00563553078246144,0,0,-0.0330381510685295,-0.0275354950500463,0.00810842927404554,0,-0.0395654532795523,-0.00412106224046205,0,0,-0.000608277648245845,0,-0.00148129406833929,0.00293966042828296,-0.00481841766694745,0,-0.033453749524406,0,0,0,0,-0.0705312066175147,0,0.0208733394507583,0,0.0256774047787382,0,0,0.0263180106421932,0,0,0.00981563597500618,-0.0167445867809173,0,0.00943580471412618,0,0.00000098093904354088,0,0,0.00954742437435422,-0.00125185803844375,0,0,0,0,0,0,0,0,0,0,0,0,0,0,-0.0104430294820599,0,-0.00235172159160227,0,-0.0149724172963321,0.0431765661537062,0,-0.0114528717653392,-0.00225847254971508,0,0,0,-0.00532704126352399,0,0.0521858488915011,0,-0.0300752461010055,0.026036446778848,0,0.0273555079849399,-0.00756687719994152,0.00143236283780097,-0.0232299584052376
-0.014706611494557,0.0501830122671054,-0.0185152921592297,0,-0.038627256885492,0,0.0551120369865287,0.0114018358195075,0,-0.0271990363895661,0,0,0,0.0660338905470519,0.0439460117692903,-0.0113930149943092,-0.030805873494018,-0.0061408831608435,-0.00524755295149659,0,-0.0037371984843624,0,-0.0205496863068909,0,0.00935595690575424,-0.00604197083022003,0,0.0148118971818092,0,-0.0388351562906018,-0.00121501650185287,0,0,0,0,0,0,0,0,0,0,0.018560833052747,0.0595286800532017,0.0386191483509923,-0.0155998358299844,0.0657409408601,0.0260105796853209,-0.00441396423312404,0,-0.00584370095503956,-0.00316579389262455,0,-0.0124073578347696,0.055376037663337,0.00361426813842766,0.00233264935209314,0.0252307081047837,0,0,0.0021740576383216,-0.0311836702465285,-0.0218353071889933,-0.00710900503168395,0,0.0138694733056322,-0.0110860557337745,0,-0.0249912669350838,0,0.0185642250856528,0,0,-0.00633091244749793,0,0,0,0,-0.00594102381044764,0.0292943961066293,0,-0.0140161334391495,0,0.0197732387329215,-0.0129238207333923,0,-0.0048442342213372,0,0,0,0,0,0,0.0427260494646589,-0.046872144781416,0,0.026484713831138,0,-0.023970087971427,-0.0312231639562787,0,0,0,0.000940096144150736,0,-0.0257210626477057,0.066076887384647,0,-0.00602374285024592,-0.00553344037831054,0,0,-0.0326673877958391,-0.0273959893471061,0.00834360507957378,0,-0.039659200319607,-0.00308083135868061,0,0,0,0,-0.00191496269786006,0.00295556054383454,-0.00468939457960658,0,-0.0335293358971893,0,0,0,0,-0.070086582323877,0,0.0211520848692179,0,0.0251655202786622,0,0,0.0272898223519477,0,0,0.0110177587376096,-0.0164631347822784,0,0.00847750195983615,0,0,0,0,0.00935195009533222,-0.000666324184083869,0,0,0,0,0,0,0,0,0,0,0,0,0,0,-0.0105367628507682,0,-0.00148479951515987,0,-0.0143831255188414,0.0425031384520047,0,-0.0141682949749704,-0.00249685417166935,0,0,0,-0.00507373016105432,0,0.0515932760346981,0,-0.028157993181576,0.025687438931791,0,0.0279135119504019,-0.00684381980065984,0.000969628495543628,-0.0238758035473226
-0.0146324145777217,0.0501257249764304,-0.0182999759199052,0,-0.0387944485324002,0,0.0545970268856946,0.0111583514055722,0,-0.0265252461724366,0,0,0,0.0662938645360048,0.0430264737048185,-0.0141379351746657,-0.0302702184035368,-0.00607692513328185,-0.00500575764424356,0,-0.00201231844366945,0,-0.0194839031879904,0,0.00865994757869085,-0.00682161666227785,0,0.0146351501487134,0,-0.0389851903227927,-0.000744494316859494,0,0,0,0,0,0,0,0,0,0,0.0184385688867602,0.0594270866639273,0.0375899670687269,-0.01565898644138,0.065857630757403,0.0262747991929224,-0.00405742528018639,0,-0.00605608139192587,-0.00311610261848246,0,-0.0100853219880355,0.0578880833955195,0.00308305242833827,0.00209044939372482,0.0259839119318518,0,0,0.00233640276071012,-0.0308798588378459,-0.022863832645749,-0.00641211688283126,0,0.0137253711042421,-0.0109092444163651,0,-0.0258990878564083,0,0.0185363777007774,0,0,-0.00601092276068269,0,0,0,0,-0.00657757027238336,0.0293701538318952,0,-0.0143144370860152,0,0.0196823166152772,-0.0130892653997457,0,-0.00449604313919478,0,0,0,0,0,0,0.0430706743000854,-0.0464964568893362,0,0.0260114883904457,0,-0.0239916868196076,-0.0310508562515925,0,0,0,0.00271302718175531,0,-0.0258393387473438,0.0661579041299042,-0.0000399459191580486,-0.00569789029036676,-0.00515080133501765,0,0,-0.0325242168837445,-0.026542019210932,0.007995510494612,0,-0.0389349500386599,-0.0039358007690365,0,0,-0.000414395146569488,0,-0.00151154405305097,0.00261738308270149,-0.00565803430505465,0,-0.0327337329405767,0,0,0,0,-0.0693562331517887,0,0.0213995303453652,0,0.0247296832891841,0,0,0.0265114164462129,0,0,0.0117549323355628,-0.0164131932471657,0,0.00905124039530329,0,0.000527988533490927,0,0,0.00899494096073738,-0.000339388824896958,0,0,0,0,0,0,0,0,0,0,0,0,0,0,-0.00989926534866121,0,-0.00233264046457005,0,-0.0148281947131515,0.0416082947292976,0,-0.0124872004377244,-0.00159348151972357,0,0,0,-0.00549047188801122,0,0.0506711778525224,0,-0.0290134904471828,0.0255681694017259,0,0.0284198992110251,-0.00739832067749601,0.000829605371050601,-0.0223179066126882
NA,NA,NA,NA,NA,NA,NA,NA,NA,NA,NA,NA,NA,NA,NA,NA,NA,NA,NA,NA,NA,NA,NA,NA,NA,NA,NA,NA,NA,NA,NA,NA,NA,NA,NA,NA,NA,NA,NA,NA,NA,NA,NA,NA,NA,NA,NA,NA,NA,NA,NA,NA,NA,NA,NA,NA,NA,NA,NA,NA,NA,NA,NA,NA,NA,NA,NA,NA,NA,NA,NA,NA,NA,NA,NA,NA,NA,NA,NA,NA,NA,NA,NA,NA,NA,NA,NA,NA,NA,NA,NA,NA,NA,NA,NA,NA,NA,NA,NA,NA,NA,NA,NA,NA,NA,NA,NA,NA,NA,NA,NA,NA,NA,NA,NA,NA,NA,NA,NA,NA,NA,NA,NA,NA,NA,NA,NA,NA,NA,NA,NA,NA,NA,NA,NA,NA,NA,NA,NA,NA,NA,NA,NA,NA,NA,NA,NA,NA,NA,NA,NA,NA,NA,NA,NA,NA,NA,NA,NA,NA,NA,NA,NA,NA,NA,NA,NA,NA,NA,NA,NA,NA,NA,NA,NA,NA,NA,NA,NA,NA,NA,NA,NA,NA,NA,NA,NA
-0.0123058055542964,0.0495273992471067,-0.0175960872264938,0,-0.0402394796397982,0,0.0554494919221554,0.0117855776958123,0,-0.0278883507787082,0,0,0,0.0650939675272387,0.0416725083163118,-0.00743892646059682,-0.0327159084533589,-0.00662996032731047,-0.00481335292043733,0,-0.00314779928611798,0,-0.0176197501448465,0,0.00870147985976383,-0.00659962852563977,0,0.0142349521567692,0,-0.0393633390891525,-0.0000419437973114728,0,0,0,0,0,0,0,0,0,0,0.0185079868181269,0.0609143631982369,0.0386666887939468,-0.0161597877820369,0.0645238400509334,0.0268370692457895,-0.00385404170777641,0,-0.00601446362939183,-0.00362319866263552,0,-0.0103230116342754,0.063527859673952,0.000729519813404577,0.00023084823001641,0.0241496004407591,0,0,0.00276486819860632,-0.0318776204366327,-0.0215616553000621,-0.00729478881357881,0,0.0156088023313316,-0.0117920573926643,0,-0.0266318131357584,0,0.0179017560566636,0,0,-0.00531717783003279,0,0,0,0,-0.00752104759915988,0.0287798997755902,0,-0.0150972955378528,-0.00000407346479400402,0.0187933745183407,-0.0121023669642755,0,-0.00484814521191092,0,0,0,0,0,0,0.0439194921613017,-0.0477303079218641,0,0.0246362731308845,0,-0.0235958049531924,-0.0319048327959349,0,0,0,0.000569875576206041,0,-0.0263206246639665,0.0692832066099333,-0.0012908361871915,-0.00613895934380827,-0.0065299630655398,0,0,-0.0352845530513517,-0.0271289672441797,0.00803919130248517,0,-0.0392080773817683,-0.00211120891144248,0,0,-0.00123262281014543,0,-0.000790453258540304,0.00240298169060309,-0.00474601595426097,0,-0.0337667680695175,0,0,0,0,-0.0699556361602259,0,0.020926217347271,0,0.0252007792473483,0,0,0.0248796544132092,0,0,0.0105694094690161,-0.0168452872049814,0,0.0101998181755545,0,0,0,0,0.00898684441129529,-0.000573472370690935,0,0,0,0,0,0,0,0,0,0,0,0.00489680222454602,0,0,-0.00954575296998687,0,-0.00207153631502992,0,-0.0147698960259182,0.0424572523827028,0,-0.00917904021718419,-0.00184889409599605,0,0,0,-0.00617907497424734,0,0.0506272536645037,0,-0.0289983951560002,0.0249513025261622,0,0.0290257847555383,-0.0073617804398725,0.000309125287101008,-0.0230038654722167
NA,NA,NA,NA,NA,NA,NA,NA,NA,NA,NA,NA,NA,NA,NA,NA,NA,NA,NA,NA,NA,NA,NA,NA,NA,NA,NA,NA,NA,NA,NA,NA,NA,NA,NA,NA,NA,NA,NA,NA,NA,NA,NA,NA,NA,NA,NA,NA,NA,NA,NA,NA,NA,NA,NA,NA,NA,NA,NA,NA,NA,NA,NA,NA,NA,NA,NA,NA,NA,NA,NA,NA,NA,NA,NA,NA,NA,NA,NA,NA,NA,NA,NA,NA,NA,NA,NA,NA,NA,NA,NA,NA,NA,NA,NA,NA,NA,NA,NA,NA,NA,NA,NA,NA,NA,NA,NA,NA,NA,NA,NA,NA,NA,NA,NA,NA,NA,NA,NA,NA,NA,NA,NA,NA,NA,NA,NA,NA,NA,NA,NA,NA,NA,NA,NA,NA,NA,NA,NA,NA,NA,NA,NA,NA,NA,NA,NA,NA,NA,NA,NA,NA,NA,NA,NA,NA,NA,NA,NA,NA,NA,NA,NA,NA,NA,NA,NA,NA,NA,NA,NA,NA,NA,NA,NA,NA,NA,NA,NA,NA,NA,NA,NA,NA,NA,NA,NA
-0.0132305047237309,0.0493881999135387,-0.0184672737430315,0,-0.0386708644951767,0,0.0536224877866951,0.0106304155472361,0,-0.0275361930133384,0,0,0,0.0644494605303742,0.0432135670711804,-0.0109191346242876,-0.0316544357963084,-0.00625979460280369,-0.00617602065616641,0,-0.00140340349640327,0,-0.0191358189497752,0,0.00942877352186961,-0.00533119613864224,0,0.0141085973433213,0,-0.0381250358234384,-0.00223269362462321,0,0,0,0,0,0,0,0,0,0,0.0185617127475779,0.058849085250097,0.0367152006845832,-0.0159737501069179,0.0656453851083717,0.0264852961790382,-0.00480337862137776,0,-0.00621842869714832,-0.00305503616614582,0,-0.0101085298292052,0.0625871770496116,0.00266913644504322,0.000635655121289719,0.0258001112077293,0,0,0.00212294710319481,-0.0320665034112674,-0.0219981835104776,-0.00542209586016097,0,0.0123409425706915,-0.0111962252968982,0,-0.0266798083161598,0,0.0177536320007679,0,0,-0.00585814066355445,0,0,0,0,-0.00772333763746449,0.0309261874640044,0,-0.0139216131491807,0,0.0189729960779368,-0.0122800957755293,0,-0.00563306253198351,0,0,0,0,0,0,0.0426879481550524,-0.0469148901554099,0,0.026289753336052,0,-0.0245322064723377,-0.0316818659503729,0,0,0,0.000825580727965246,0,-0.0257977562317841,0.0672736433943853,-0.000197325489382737,-0.0059047708358724,-0.0056426799911298,0,0,-0.0325427766850454,-0.0268938410643815,0.00678496447295634,0,-0.0384225368632223,-0.00552911786052003,0,0,0,0,-0.00193743316712578,0.00181480101220108,-0.00663668250990172,0,-0.0328608522591007,0,0,0,0,-0.0683981736540637,0,0.020132249745573,0,0.0263702061985094,0,0,0.0261753331133193,0,0,0.0100669664240702,-0.0162617222591867,0,0.0113604339677071,0,0.000582163841088579,0,0,0.00853561519179255,0,0,0,0,0,0,0,0,0,0,0,0,0.0005294148271825,0,0,-0.0107640131851263,0,-0.00178078992229325,0,-0.0154303623968546,0.0435040051562642,0,-0.0130426968434968,-0.00305122148093941,0,0,0,-0.00495390956576188,0,0.0521313282540579,0,-0.0297752237072418,0.0240824713513481,0,0.0277914166700486,-0.00781324208340424,0.00108960821918642,-0.0182865127829218
-0.0127182061178852,0.0483623740219341,-0.0163663637582805,0,-0.0407217295316652,0,0.0548125473586531,0.0109820346725964,0,-0.0264539694156529,0,0,0,0.0645655701209652,0.0442720421482596,-0.0093877856699117,-0.0328961876769176,-0.00715359075645505,-0.00781662221514321,0,-0.00323860632052929,0,-0.0201820773505784,0,0.00902886889205137,-0.001113699729635,0,0.0146340960773092,0,-0.0393251202538299,-0.0015764717238277,0,0,0,0,0,0,0,0,0,0,0.0185357578735653,0.0604399980173862,0.043090230516946,-0.0158386777070868,0.0653148103157683,0.0256316397874424,-0.0047272457067148,0,-0.00609320875444287,-0.00309168610443561,0,-0.0115572204426347,0.0588392788572283,0.00801842505211614,0,0.0243735325253479,0,0,0.00175717168853637,-0.0317809170772342,-0.0227584488581877,-0.00578704519688671,0,0.0121786854674301,-0.0113166977142059,0,-0.0268814519550642,0,0.0167153579241655,0,0,-0.00611284368848002,0,0,0,0,-0.00691746385116544,0.0290291466459365,0,-0.0152090129027831,-0.000470474008694389,0.019526610184892,-0.0136306139776152,0,-0.00457886041566978,0,0,0,0,-0.000299893870048711,0,0.0427483831755629,-0.0467657344250509,0,0.0248021528340484,0,-0.0248198849980392,-0.0309690930235116,0,0,0,0.00124443927219124,0,-0.0259922499167631,0.0670540024441427,-0.0000815857642628183,-0.00650694084970371,-0.00522997169497677,0,0,-0.0331459151959455,-0.0285522603894311,0.00779849869505663,0,-0.0392169101591014,-0.0036795724222772,0,0,0,0,-0.00269531061246362,0.00137006719770042,-0.00728917860336992,0,-0.032371706881925,0,0,0,0,-0.0690178758388584,0,0.0209586749337765,0,0.0255774092562495,0,0,0.0268121482069418,0,0,0.0120946697670063,-0.017818527641848,0,0.00954000052941588,0,0,0,0,0.00851127556104296,-0.00183987399480085,0,0,0,0,0,0,0,0,0,0,0,0,0,0,-0.0109717244812217,0,-0.00203857635014694,0,-0.0153396890379396,0.0430002961924309,0,-0.0130416402090562,-0.00266181180443795,0,0,0,-0.00491892572130643,0,0.0527096140303023,0,-0.0294517714256256,0.0249708336577915,0,0.0285691461650994,-0.00674049347088735,0.000956601787844335,-0.0233164080325477
-0.015269369373778,0.0513463690109082,-0.0198983266624973,0,-0.0381601602995008,0,0.0540306694344287,0.0100429980680265,0,-0.0270185091252268,0,0,0,0.0673076309163261,0.0435682496609909,-0.00843857714696604,-0.0322505607990568,-0.00621827597629324,-0.00444553019152173,0,-0.0055943447583168,0,-0.0201098765845378,0,0.00987482522198107,-0.0061561807726434,0,0.014876343357667,0,-0.0380402939435101,-0.00132034057292374,0,0,0,0,0,0,0,0,0,0,0.0180716361179904,0.0588552244763286,0.0384713486578406,-0.014833860225984,0.0673660254921168,0.0264222941975306,-0.00420278657299967,0,-0.00503441396122549,-0.003164033280014,0,-0.0107126713508826,0.0544611520956487,0,0.00275515521836105,0.0257446333711637,0,0,0.00136243240319898,-0.0310035548730173,-0.0240860916897409,-0.00580605339700929,0,0.0141775858345009,-0.0105181945899632,0,-0.0238511052895774,0,0.0190442325927735,0,0,-0.00558842461463437,0,0,0,0,-0.0067003527497195,0.0291414005398728,0,-0.0147519633526648,0,0.0199706149807891,-0.0128044109704376,0,-0.00413088741467092,0,0,0,0,0,0,0.0438729204906955,-0.0459486406770686,0,0.025453633647172,0,-0.0242261730659755,-0.0312172611984746,0,0,0,0.00578573485007715,0,-0.0257763595894076,0.0654700858589582,0,-0.00544326233227231,-0.005521584760916,0,0,-0.032371918442857,-0.0264251663272282,0.00695266554326528,0,-0.0392759073808647,-0.00357876999920276,0,0,0,0,-0.00110799357675487,0.00328189755183848,-0.00470495983201667,0,-0.0330563632913649,0,0,0,0,-0.0711452531887598,0,0.019137407943631,0,0.0252504783707789,0,0,0.0280224075917046,0,0,0.00960865141088796,-0.0156269166650301,0,0.0092178980733208,0,0.000129253660105909,0,0,0.00938384372599877,-0.000787484538621248,0,0,0,0,0,0,0,0,0,0,0,0,0,0,-0.00904921561890168,0,-0.00496548815808902,0,-0.0136804277540777,0.0434333782961778,0,-0.011545277993526,0,0,0,0,-0.00533959479691568,0,0.0506389480994871,0,-0.0300304488058326,0.0251411825257772,0,0.0283903222118793,-0.00822756385186701,0.00143549682013517,-0.0216361325669659
-0.0124251316827933,0.0479480416090684,-0.0230827015519203,0,-0.041717858347262,0,0.0552877112291767,0.0102520734426625,0,-0.0271109493788482,0,0,0,0.0657019978443675,0.0419017286035633,-0.00752743854405228,-0.0303739252498698,-0.00576545762082422,-0.0053994613497078,0,0,0,-0.0194561123604496,0,0.00976181012175679,-0.00746404646819773,0,0.0141974450923061,0,-0.0400409974972666,-0.00100101810067762,0,0,0,0,0,0,0,0,0,0,0.0190009237072937,0.0608189756574394,0.0364189200205352,-0.0161364522905018,0.0647665115378581,0.0266407299068189,-0.00406824857394567,0,-0.0063903343121536,-0.00364007178143119,0,-0.0114741753770512,0.0589558416881192,0.00469979146446639,0.0000756145660732107,0.0240507892055194,0,0,0.00158950369667781,-0.0319953796881869,-0.0187131481847558,-0.00616692259315184,0,0.0125511702506995,-0.0107337335706238,0,-0.0267162628123768,0,0.0175719059226655,-0.00120630845304172,0,-0.00485130214231067,0,0,0,0,-0.00619346209846679,0.0300483141082269,0,-0.0145003658321843,0,0.0196169712279322,-0.013691150914729,0,-0.00452796429275394,0,0,0,0,0,0,0.0428613540076006,-0.0463739703168693,0,0.0260695776412226,0,-0.023424935379485,-0.0319796684795336,0,0,0,0.0017894231474208,0,-0.0263011369614737,0.0677415995836214,-0.00000920642536566893,-0.00646645333576029,-0.00653155219724496,0,0,-0.0340399196070152,-0.0292388378196843,0.00862110832406281,0,-0.0396925788682831,-0.00535855410301578,0,0,-0.000686456962076205,0,-0.00236077258225012,0.00206535859516928,-0.00312907159764531,0,-0.0326888948761528,0,0,0,0,-0.070103601626642,0,0.0194909835114923,0,0.0251431943339967,0,0,0.0260718065380299,0,0,0.0101106768915882,-0.018530346237458,0,0.00896041078573485,0,0.0000262373357984348,0,0,0.00926381543572747,-0.000556786637636298,0,0,0,0,0,0,0,0,0,0,0,0,0,0,-0.0101610132200732,0,-0.00260413336226598,0,-0.0147753155145567,0.0415075596433682,0,-0.0105616668044389,-0.00176719609443101,0,0,-0.0000283599678848929,-0.00597904160203307,0,0.0548271377976938,0,-0.0307555487053118,0.0358083133655706,0,0.0291395357553846,-0.00694273074401336,0,-0.023856103423665
-0.0129053064504651,0.0494887787475109,-0.0200200677763356,0,-0.0417777752710355,0,0.0554292335517871,0.0107081737898948,0,-0.0279607790958847,0,0,0,0.0692400524617498,0.0414248665082716,-0.00146264527140884,-0.0327049682302095,-0.00622061729549913,-0.00721446596203357,0,-0.00182710019598649,0,-0.0187182757541273,0,0.00910663550633569,-0.00671506871416775,0,0.0139474080925169,0,-0.0393183494119288,-0.000909611135731396,0,0,0,0,0,0,0,0,0,0,0.0191638000797152,0.0602740423594277,0.0362428711295525,-0.0165965989868625,0.0649151112418343,0.0261171380215276,-0.00403684444691215,0,-0.00586785910179768,-0.00328527804628336,0,-0.00734513794315103,0.0588691319251399,0.00164209205767694,0.00291659530030098,0.0263404100228632,0,0,0.00152037114888394,-0.0322878928693669,-0.0231360597617391,-0.0063902259482084,0,0.013222581598798,-0.0115570181109255,0,-0.0265497150590344,0,0.0179154457631009,0,0,-0.00538556825643486,0,0,0,0,-0.00812454710608596,0.0293236518827056,0,-0.015099908413285,0,0.0196876716198426,-0.0133405141937989,0,-0.00478112910064669,0,0,0,0,-0.000413963313318285,0,0.0426889628090325,-0.0461102454610632,0,0.0250827984600923,0,-0.0240181828763457,-0.0316949368086859,0,0,0,0.00314494578991798,0,-0.0260792224156292,0.0674123969184191,-0.000330769454516543,-0.00656572077408561,-0.00779639254992708,0,0,-0.034005605044378,-0.0265772846208748,0.0080194820433275,0,-0.0400390517290012,-0.00465342302808833,0,0,0,0,-0.00224445301175158,0.00375394588058741,-0.00583322724304204,0,-0.0331175001982365,0,0,0,0,-0.0709899972961333,0,0.0206118985009499,0,0.024117161552,0,0,0.0251651965082318,0,0,0.0118661278384283,-0.0167405403593291,0,0.00955579467074001,0,0,0,0,0.00854152720118496,0,0,0,0,0,0,0,0,0,0,0,0,0.000656424096891186,0,0,-0.00965678952673306,0,-0.00389305560001955,0,-0.0147061899890802,0.0419881798654059,0,-0.0108863468680002,-0.00168877152686818,0,0,0,-0.00513328561481027,0,0.0476822934792232,0,-0.0291970251385746,0.0263349600720924,0,0.0284601879477923,-0.00798977305633906,0.00124965391294339,-0.0231896706640355
-0.0141353550873696,0.0504693932781898,-0.0187143511923718,0,-0.0392653648544138,0,0.0547940257105419,0.0107252194835951,0,-0.0270097945270019,0,0,0,0.0666650519598962,0.0436285033280602,-0.00970358830304558,-0.031498961952966,-0.00631905447026799,-0.00525188706669112,0,-0.00165398004694355,0,-0.019613903321315,0,0.0089538043770153,-0.00666240489271498,0,0.0147774313889738,0,-0.0386601280721178,-0.00111150374477218,0,0,0,0,0,0,0,0,0,0,0.0183348330424995,0.0594992919741081,0.0383725937053128,-0.0154379239012186,0.0661646924307886,0.0265544409178423,-0.0042496862354262,0,-0.00598215877864239,-0.00323904360838167,0,-0.0110884608879854,0.0570407072465543,0.00301733697198798,0.00235753486119895,0.0257180793646461,0,0,0.00219625066537142,-0.0313882534974039,-0.0226890183802507,-0.00664774637335818,0,0.0135660468676075,-0.0108830939543803,0,-0.0256077462459224,0,0.0183799708108018,0,0,-0.00586481727215326,0,0,0,0,-0.00681000294760892,0.0294418799709927,0,-0.0143257386008895,0,0.0195814870457059,-0.0128861743544578,0,-0.00464630056905713,0,0,0,0,0,0,0.0429537835953964,-0.0465345206295288,0,0.0260492496505739,0,-0.0241724825436212,-0.0313947479625148,0,0,0,0.00263614810349295,0,-0.0258960614479651,0.0662285913552059,-0.0000283754420787472,-0.00594913210830483,-0.00665660332903106,0,0,-0.0328685416454449,-0.027066737007139,0.00751096227928355,0,-0.0391138718813151,-0.00389997802218491,0,0,-0.000364031600719394,0,-0.00194822212844598,0.00255659241566984,-0.00521054952225015,0,-0.032860198193303,0,0,0,0,-0.0696518360612522,0,0.0208662113225884,0,0.0253855787739221,0,0,0.0268560640073609,0,0,0.0105214678554129,-0.0163553730001298,0,0.00912666915193171,0,0,0,0,0.00921464009961202,-0.000451556775013921,0,0,0,0,0,0,0,0,0,0,0,0,0,0,-0.00995276468471232,0,-0.00192660025135179,0,-0.0146469833795299,0.0423855292712745,0,-0.0120715948016315,-0.00169406057912392,0,0,0,-0.00527061851518491,0,0.050278785622332,0,-0.029153324953116,0.0256988623004848,0,0.0282965324633311,-0.0073453947468245,0.00116730889045728,-0.0223670406171009
-0.0137744196685494,0.0500977116365191,-0.0183232238063398,0,-0.0388458733807269,0,0.0547076570940324,0.0108266946913207,0,-0.0269667864999255,0,0,0,0.0660961074830521,0.043656310875515,-0.00921589766143315,-0.0318642167132267,-0.00612447465444364,-0.00558302968138896,0,0,0,-0.0202718881062745,0,0.0121974619371986,-0.00623244446829136,0,0.0147595469962689,0,-0.0387709345912673,-0.0012134736755893,0,0,0,0,0,0,0,0,0,0,0.0185124975931629,0.0590076348326955,0.0379831365320588,-0.0163135747199534,0.0659103059358313,0.0259934470193074,-0.00445738116364436,0,-0.00614374495739191,-0.00315938696908723,0,-0.0107593199955645,0.0564856877580379,0.00324657930246715,0.00332694281572684,0.0258448741944286,0,0,0.00230686787763055,-0.0307881796579348,-0.022999643003397,-0.00713449861255508,0,0.0136683699528201,-0.0108702566534996,0,-0.0253781375177038,0,0.0179870953625836,0,0,-0.00581087166485208,0,0,0,0,-0.00632393664425296,0.0296036114620613,0,-0.0137945066989516,0,0.0194074544410165,-0.0124522128233826,0,-0.00495086371446246,0,0,0,0,0,0,0.0427183519099747,-0.0467665152698067,0,0.0254021452418009,0,-0.0240862309457286,-0.0311128024802057,0,0,0,0.00222367269547674,0,-0.0258587796313938,0.0665251771556136,-0.0000903150435919567,-0.00579756786066963,-0.00690492540466204,0,0,-0.0327893107627974,-0.0272802287827498,0.0070694447125558,0,-0.0390485135885527,-0.0038086707396938,0,0,-0.000288616558812329,0,-0.00168163053214159,0.00159159644476068,-0.00555076679769807,0,-0.0329543879140904,0,0,0,0,-0.0691259208729152,0,0.0200568297906077,0,0.0251486578789604,0,0,0.0263464556908362,0,0,0.0106531743766502,-0.0167482236044349,0,0.00845860602292431,0,0,0,0,0.00994957994132602,-0.000666371542346209,0,0,0,0,0,0,0,0,0,0,0,0,0,0,-0.00926611413113359,0,-0.00180236742476416,0,-0.0146995868325433,0.0416926115981984,0,-0.0123692538678629,-0.00257549098729325,0,0,0,-0.00519980019491638,0,0.049684970875548,0,-0.0295059396777796,0.0249023793625703,0,0.0268143147987573,-0.00767697038179484,0.00068930202437143,-0.0225219776890999
-0.0140978133258575,0.0506202993625006,-0.0186994654879476,0,-0.0389801470695982,0,0.0546417856830143,0.0108284062780263,0,-0.0269697929057016,0,0,0,0.0662347174787074,0.0435295708551709,-0.00946394214070409,-0.0316038119235627,-0.00632237282663111,-0.00534883079957569,0,-0.00130260132836616,0,-0.0196958242027665,0,0.00907716526070637,-0.00655555112973096,0,0.0147294944154122,0,-0.0385975946265163,-0.00098530269444322,0,0,0,0,0,0,0,0,0,0,0.0185089030200008,0.059088599408971,0.0382536200144355,-0.0154960337965253,0.0658736299872138,0.0264076613182256,-0.00430505287247173,0,-0.00610296626298158,-0.00320894518027997,0,-0.0108878445264152,0.0571113826703392,0.00285808132448541,0.0026370033795543,0.0258156987588082,0,0,0.00210456286237574,-0.0310984626045218,-0.0227068235661102,-0.00692531335883388,0,0.013862811014949,-0.0109035609092759,0,-0.0254618978231315,0,0.0181751912936645,0,0,-0.00587244283165182,0,0,0,0,-0.00692760144853881,0.0293998975795181,0,-0.0142848518271839,0,0.0194721770780074,-0.0128874484847952,0,-0.00462372548020312,0,0,0,0,0,0,0.0427725672845885,-0.0464146387349457,0,0.0257974435686519,0,-0.0240669587253883,-0.0312173854060715,0,0,0,0.00241273451697658,0,-0.0257849368155168,0.066277454749265,-0.0000815689809626323,-0.00602199891613484,-0.00672272129910059,0,0,-0.0328891385390819,-0.0271522542056903,0.00759894908200152,0,-0.038875511885506,-0.00372964198850148,0,0,-0.000410113047792575,0,-0.00189567727409257,0.00232741159695729,-0.00519724839469288,0,-0.0327931904574961,0,0,0,0,-0.0695232623730061,0,0.020804122626617,0,0.0247944917651645,0,0,0.0264529096035539,0,0,0.0106064952669168,-0.0163570772452257,0,0.00902204898382228,0,0,0,0,0.00917302959454622,-0.000446992850115092,0,0,0,0,0,0,0,0,0,0,0,0,0,0,-0.00975628375169322,0,-0.00193679639712965,0,-0.0145526726098348,0.0420709561883593,0,-0.0119631106086946,-0.00176492663721139,0,0,0,-0.00519383135600201,0,0.0499044781866013,0,-0.0290566741642858,0.0256857650149217,0,0.0279121153367097,-0.00725535726470989,0.00110297884685828,-0.0225302385373248
-0.014701385572573,0.0506090519904625,-0.018788813615801,0,-0.0402467862245803,0,0.0542611081832366,0.0101128055670064,0,-0.0264338205877697,0,0,0,0.0655979283246242,0.0438021531501178,-0.00811463525277295,-0.0357723965022515,-0.00549795490440492,-0.00511874815179252,0,-0.00218598671157964,0,-0.0195866561558067,0,0.00883964953809256,-0.00638755691073547,0,0.0147593662816703,0,-0.0380122962407671,-0.000872573582301871,0,0,0,0,0,0,0,0,0,0,0.0181179358540812,0.0593193021607781,0.0386476003608907,-0.0158099377280875,0.0665534181429287,0.0261027109282576,-0.00419117592604048,0,-0.00569737879501554,-0.00310772578035805,0,-0.011799725681577,0.0574231754396763,0.00333769533631474,0.0024252127801946,0.0253204878016311,0,0,0.00238110334561102,-0.0311575542897707,-0.0223300357394861,-0.00647266434414584,0,0.0136743067029788,-0.0104656915100413,0,-0.0256675616093695,0,0.0177383588072995,0,0,-0.00546140168592237,0,0,0,0,-0.00676033329358691,0.0293382091115309,0,-0.0144506662786831,0,0.0195032907018957,-0.0125039402358771,0,-0.00485947202801975,0,0,0,0,-0.00248970810358467,0,0.0432283510404537,-0.0459161149316113,0,0.0249656361577547,0,-0.0241463543430562,-0.0312078904449902,0,0,0,0.0035128643979004,0,-0.025613139549968,0.0657553384538526,-0.000674866140446092,-0.00635630571984646,-0.00513571450894309,0,0,-0.0323695676075617,-0.0271857842544865,0.00727738830095821,0,-0.0384935440280663,-0.0033109921754464,0,0,0,0,-0.00224171503118307,0.00329225994331339,-0.00546568603165484,0,-0.0324025469896595,0,0,0,0,-0.0694649184374491,0,0.0223248097819369,0,0.0252707039127395,0,0,0.0269817476221346,0,0,0.0107296437124913,-0.0161040840848783,0,0.00896270581973643,0,0.000154403632522538,0,0,0.00853365866324626,-0.00117397793495903,0,0,0,0,0,0,0,0,0,0,0,0,0,0,-0.0101107091887956,0,-0.00238387426001476,0,-0.0135230908285643,0.0422594590622375,0,-0.0119081544566271,-0.00144181239448848,0,0,0,-0.00553058145674086,0,0.0498182408762307,0,-0.0286037959529083,0.025254184559741,0,0.0278481492133397,-0.0073479984290302,0.000202719139160855,-0.0229889984875854
-0.0143137658452573,0.0507255855135958,-0.0185993016859465,0,-0.0397295303814018,0,0.0545529177809657,0.0106463853333019,0,-0.0270058799286156,0,0,0,0.0659395221660418,0.0435611633342931,-0.00913194463250676,-0.0328240187989193,-0.006090941792396,-0.00514489647304966,0,-0.00149443620721824,0,-0.0196263771441287,0,0.00885920832929218,-0.00648382317489925,0,0.0147102912748727,0,-0.0385099879584744,-0.000754511106652211,0,0,0,0,0,0,0,0,0,0,0.0182866458938989,0.0590188232947624,0.0382233284487165,-0.0155132221966779,0.0660748457358262,0.026295741942918,-0.00421159246526795,0,-0.00591570504856709,-0.00316368897482788,0,-0.0108313564224072,0.0574399512675596,0.00262445184958834,0.00231889619844361,0.0258021149237322,0,0,0.00217469977074888,-0.0311238869877765,-0.0229448032237192,-0.00669297489889387,0,0.0135074609841985,-0.0107208398460136,0,-0.0255378180683332,0,0.0178796685205207,0,0,-0.00562311081921764,0,0,0,0,-0.0068081286413025,0.0292934033514024,0,-0.0144129751381477,0,0.0195916800679485,-0.0127481994059636,0,-0.00468810333449963,0,0,0,0,0,0,0.0430613677317299,-0.0462673278597794,0,0.0255053619106185,0,-0.0240406856149951,-0.0310331370717019,0,0,0,0.0025291105562567,0,-0.0258023774997822,0.0660805980714527,-0.0000461844161718739,-0.0060180707932947,-0.00654935280027491,0,0,-0.0327599329936691,-0.0271149145894541,0.00747650731092325,0,-0.0385590050121418,-0.0035561409569772,0,0,-0.0002440202986532,0,-0.0020277545583374,0.00267986381210528,-0.00521087650882528,0,-0.0325045663415661,0,0,0,0,-0.0695477264454492,0,0.0210330674079828,0,0.0247589384965965,0,0,0.0266024232646322,0,0,0.0107314038711557,-0.0165064774037944,0,0.00926215042817489,0,0,0,0,0.0093369095914876,-0.000766580721255847,0,0,0,0,0,0,0,0,0,0,0,0,0,0,-0.00976990375542312,0,-0.00216509004347547,0,-0.0143406671285278,0.0421158591284556,0,-0.0119323251811284,-0.00165070600476483,0,0,0,-0.00528508939158117,0,0.0501509656269272,0,-0.0288321676568267,0.0260761483865113,0,0.0280483064772881,-0.00719107944336343,0.0011476285804511,-0.0225255145946151
-0.0131030533569694,0.0497171747601009,-0.0169707440426426,0,-0.0398789784142387,0,0.0550872684178143,0.0115584651213368,0,-0.0274135026474213,0,0,0,0.0665431076540894,0.0434051400733931,-0.00985975179081845,-0.0311076313485602,-0.00666742998974923,-0.00610362229283856,0,-0.00235966986119208,0,-0.0196189284563018,0,0.0083140347804683,-0.00530361305010363,0,0.0146093090926087,0,-0.0384661290626957,0,0,0,0,0,0,0,0,0,0,0,0.0185531848947372,0.0594620257500271,0.0371910914757697,-0.0168803580929755,0.065518650846339,0.0263424203364276,-0.00440555933001576,0,-0.00637208483748082,-0.00373051839566084,0,-0.0114323154730084,0.0574971881979512,0.00376834029632772,0.00473639881259194,0.024718149102948,0,0,0.00209965077594682,-0.0318742766246775,-0.0227010946297321,-0.00766389460508558,0,0.0142401179385017,-0.0110114722074181,0,-0.026445744443257,0,0.0190463412935034,0,0,-0.00646920360510807,0,0,0,0,-0.00683872933171368,0.0292566859236928,0,-0.0147382182871014,0,0.0197421616582733,-0.0125150030754972,0,-0.0054878482622428,0,0,0,0,-0.000145146704639211,0,0.0420819102666171,-0.0471457223884472,0,0.0252012987760245,0,-0.0241405254466873,-0.0316617867852342,0,0,0,0.00212841263167993,0,-0.0261287472325607,0.0668311980528397,0,-0.00587560784842811,-0.00590910523657521,0,0,-0.034951165388435,-0.0278325743736678,0.00775340845455497,0,-0.0405751579042276,-0.00432787559188775,0,0,-0.000629798635037591,0,-0.0026451601032336,0.00243772644624444,-0.00629115421374538,0,-0.0333362463824586,0,0,0,0,-0.070684943992005,0,0.0196494588556469,0,0.024943221845653,0,0,0.0257490992252787,0,0,0.0109925976490295,-0.0157100785560041,0,0.00810789739104463,0,0,0,0,0.00946399273381182,-0.00102096810018051,0,0,0,0,0,0,0,0,0,0,0,0,0,0,-0.01015335781888,0,-0.00268686415802992,0,-0.0155710741160022,0.0430564356975292,0,-0.011878208793526,-0.00146592323606398,0,0,0,-0.00498267737565341,0,0.0492849782840815,0,-0.029610519733491,0.0261195780642533,0,0.0292765066666447,-0.00732322128286526,0.00045572311794897,-0.0223249899093281
-0.0139227822133753,0.0506163774794234,-0.0188140537920935,0,-0.0396666107355157,0,0.0549380543122792,0.0109996243309625,0,-0.0268936322713714,0,0,0,0.0656121520712953,0.0440011463539936,-0.00947789820834981,-0.0316622558506625,-0.00631878591744145,-0.00557390825711924,0,-0.00167336060553336,0,-0.0200534976018367,0,0.00856151769214664,-0.0059629881581014,0,0.0148389321734156,0,-0.0386148557303953,-0.000938379372291671,0,0,0,0,0,0,0,0,0,0,0.0183984393449755,0.0586002523173584,0.0405860310632012,-0.015162566190802,0.0660673670501142,0.0263035935005096,-0.0044040519030537,0,-0.00589011633045093,-0.00309404519989695,0,-0.0108843250342461,0.0572143047571836,0.00251034882172829,0.00212892544922184,0.0260126441844869,0,0,0.00226818498510434,-0.0310942401162032,-0.0229319659433398,-0.00696537947958394,0,0.0134787683720346,-0.0106354227338794,0,-0.0254675375669109,0,0.0179861381048559,0,0,-0.00629194519881043,0,0,0,0,-0.00690275605862646,0.0293564173583984,0,-0.0144541392023405,0,0.019519411255589,-0.0125962727404714,0,-0.0045356359714312,0,0,0,0,0,0,0.0430242984775519,-0.0461765210868672,0,0.0253801522630304,0,-0.0241430517432689,-0.0310921044107199,0,0,0,0.00202651310277659,0,-0.025957304020786,0.0665539784662934,0,-0.00631641954066455,-0.00668539400232056,0,0,-0.032867417955503,-0.0270870909251274,0.00762949611290495,0,-0.0385674914073347,-0.00405786874238691,0,0,-0.000242479098133518,0,-0.00197392944373611,0.0051866136699925,-0.00502729575904624,0,-0.03307906557548,0,0,0,0,-0.0690823044181515,0,0.019852420917643,0,0.0243851185227814,0,0,0.0268742917953117,0,0,0.0108767019017796,-0.016296315252093,0,0.00884017544186401,0,0,0,0,0.00948493500031854,-0.000992022145586094,0,0,0,0,0,0,0,0,0,0,0,0,0,0,-0.00982665746413422,0,-0.00193135922905173,0,-0.0142620094708678,0.0424358719355005,0,-0.0118058797063955,-0.00250794489770108,0,0,0,-0.00513439521231611,0,0.0500345987963779,0,-0.0290467828224742,0.0260857375581736,0,0.0279827588701211,-0.00702859414201045,0.00139060386524192,-0.0216022292705705
-0.0147423746388517,0.0501298659627823,-0.0189059097376939,0,-0.0489909109898748,0,0.0547889324470237,0.0108046542740537,0,-0.027216476538443,0,0,0,0.0659355924635695,0.0435187332799785,-0.00888564841170981,-0.0293163759231724,-0.00676858040627177,-0.00542237448825498,0,-0.00104151098487294,0,-0.0205491981360367,0,0.00865928653083247,-0.00559236761846897,0,0.0146789676504456,0,-0.0389519099352839,-0.00123557855832679,0,0,0,0,0,0,0,0,0,0,0.0190321965553787,0.0597787299698709,0.0383536591108135,-0.0154257982649772,0.0660223493439243,0.0265409931115331,-0.00463827782224302,0,-0.0056522749621263,-0.00291667764019557,0,-0.0103295242110379,0.0579116323176985,0.00330080038409585,0.00188656733975644,0.0256094616500624,0,0,0.00205553479146021,-0.0315930178123912,-0.0233870891597381,-0.00597241145125942,0,0.0138497907822616,-0.0114104768028009,0,-0.025942592276475,0,0.0178576257483589,0,0,-0.00559443913996611,0,0,0,0,-0.00677390865753847,0.0290862968823551,0,-0.0143666488408906,0,0.0198662291817376,-0.0119584770011952,0,-0.00486115209777348,0,0,0,0,0,0,0.0436343959294963,-0.0460375775404346,0,0.0250572336831923,0,-0.0240365410488284,-0.0308490440188127,0,0,0,0.00212625461738037,0,-0.0264648477577036,0.0653348908474914,0,-0.00590959354660958,-0.00633926075500593,0,0,-0.0327673330599758,-0.0269839910242516,0.00740829246090517,0,-0.0393455881421744,-0.00461892660755212,0,0,-0.000606399740616532,0,-0.00233004847368666,0.00278118803252235,-0.00546959872228863,0,-0.0329275416749511,0,0,0,0,-0.070564573597578,0,0.0208287743643832,0,0.0242706371101532,0,0,0.0259488513153747,0,0,0.00986065154613764,-0.016205199367033,0,0.00853373237680611,0,0,0,0,0.0113205070442515,-0.000801362179248948,0,0,0,0,0,0,0,0,0,0,0,0,0,0,-0.00932655423814271,0,-0.00276251708937541,0,-0.0147246241981357,0.0426928555269611,0,-0.0119609710865063,-0.00100980077762281,0,0,0,-0.00541808253368986,0,0.050030407866287,0,-0.0290088717010373,0.0257546121010365,0,0.0282125774949052,-0.00719422075995871,0.00149584594614072,-0.022383170391147
-0.0146719651490384,0.0510045310758519,-0.0199292061017608,0,-0.0417167525235505,0,0.054418231395335,0.0109092488873814,0,-0.0271771012636875,0,0,0,0.0661703990875127,0.0439234922878672,-0.00973022850364809,-0.0301743351203666,-0.00957288420866299,-0.00505281562747401,0,-0.00131915343390992,0,-0.0203538416396952,0,0.00972488156668682,-0.00584278566998924,0,0.0145529277459194,0,-0.0383410917670072,-0.00137839206021001,0,0,0,0,0,0,0,0,0,0,0.0188544818697007,0.059350835980453,0.0383044077241178,-0.0147509949884675,0.0670764240276776,0.0265221667148935,-0.00465943977707949,0,-0.00550688098881788,-0.00302012573065526,0,-0.0103716970762868,0.0577930246766748,0.00288737730498069,0.00203141036017711,0.0258644580233127,0,0,0.00222161231312319,-0.0313915800489841,-0.0222603023246079,-0.00680544007430105,0,0.0130649103896975,-0.0110697829945605,0,-0.0253201791368304,0,0.0185772896726223,0,0,-0.00592501731431476,0,0,0,0,-0.00662237414400051,0.02956872687223,0,-0.0142065538825011,0,0.0196552355478569,-0.0125837568369004,0,-0.00428335314640406,0,0,0,0,0,0,0.0424404148686941,-0.0459978180186331,0,0.025491136855042,0,-0.0240095513798298,-0.0315595665904021,0,0,0,0.00278517867952714,0,-0.0256946220647455,0.0661524976216236,0,-0.00613745225306824,-0.00654879686796994,0,0,-0.0328127566638033,-0.0276511760174209,0.00766425475511011,0,-0.0391430917550643,-0.00399153314101061,0,0,-0.000464763262456728,0,-0.00184860525067577,0.00348892136985349,-0.00499716147209874,0,-0.0324877950039521,0,0,0,0,-0.0705525182983734,0,0.0203638627221489,0,0.02513162398203,0,0,0.0267741117860097,0,0,0.0101854440566503,-0.0159856065876824,0,0.00975238969611682,0,0,0,0,0.00828635538615827,-0.000593835947270456,0,0,0,0,0,0,0,0,0,0,0,0,0,0,-0.00977210834068995,0,-0.00248467892679593,0,-0.0150584409450365,0.0436745559704754,0,-0.0114918854274242,-0.000945643674616629,0,0,0,-0.00521830639288653,0,0.0512581219204731,0,-0.0297741903504873,0.0266798599673526,0,0.0284373733464383,-0.0073989070145654,0.00126769117982599,-0.0223311854125111
-0.0132603729357504,0.0501631075102655,-0.0187653166147962,0,-0.0363897700171714,0,0.0547519258801273,0.0113451685162376,0,-0.0272762804138074,0,0,0,0.0652934312645059,0.0432618704425208,-0.00823008153800241,-0.0318281019877399,-0.00576786450839058,-0.00615631489827103,0,-0.00216812133652776,0,-0.0203485317954624,0,0.00911708716336109,-0.00498999610882925,0,0.0148028859252458,0,-0.0392868921951176,-0.00018659291029381,0,0,0,0,0,0,0,0,0,0,0.0181335710801225,0.0594437877770247,0.039321613163582,-0.0151317361593446,0.0673384584413193,0.0277931689752247,-0.0047056666070672,0,-0.00629805121294647,-0.00324843034999678,0,-0.01161322120284,0.056232722440305,0.00402600169292331,0.00167382252378907,0.0251051019204535,0,0,0.00149807723151919,-0.0299035872231398,-0.0228888546467332,-0.00721823048279751,0,0.0128834046314159,-0.0103170802285842,0,-0.0253553902169489,0,0.0183026815597918,0,0,-0.00558030954509918,0,0,0,0,-0.00680436734438203,0.0294740800035326,0,-0.0142925607980004,0,0.0196231433785081,-0.0129538464409586,0,-0.00484870257040629,0,0,0,0,0,0,0.0434950115199324,-0.0472940359184259,0,0.0252295714289641,0,-0.0243326686855996,-0.0307138597221082,0,0,0,0.00186007413888082,0,-0.0264005356115676,0.0671488379978016,0,-0.00622316029233152,-0.00657634727848444,0,0,-0.0330067801719662,-0.0281101880518963,0.00814133588241926,0,-0.0387959707916951,-0.00393814742570282,0,0,-0.000565726360536427,0,-0.00175474248442065,0.00311633659224264,-0.00408968716182387,0,-0.0336005018232267,0,0,0,0,-0.0679951357566222,0,0.01842963737228,0,0.0247917239504788,0,0,0.0267722848911096,0,0,0.010544840200099,-0.0175754139514269,0,0.00828873795986887,0,0,0,0,0.0101323566866272,-0.00186845603509931,0,0,0,0,0,0,0,0,0,0,0,0,0,0,-0.010429444404761,0,-0.00203701113468028,0,-0.0144585667946696,0.0430771061706463,0,-0.0120439953078031,-0.00418193160361285,0,0,0,-0.00551315512872104,0,0.0526441748684762,0,-0.0296577898455427,0.0255538564151539,0,0.0270712701705043,-0.00690395774348629,0.00168770840272527,-0.0221362910292284
-0.0136295021643079,0.050140695252228,-0.0191015703201273,0,-0.0386643148638631,0,0.0553083192847418,0.0114165849548804,0,-0.0274987308357841,0,0,0,0.0655519826246834,0.0431231624936187,-0.00680612162291025,-0.0308980076038289,-0.00679701601136206,-0.00590248374031614,0,-0.00235607855423116,0,-0.0198737352162987,0,0.00962891260189995,-0.00678156401162536,0,0.014773224556151,0,-0.0387241875683586,-0.00144578374750488,0,0,0,0,0,0,0,0,0,0,0.0186387939217522,0.0595821487292773,0.0377925063095935,-0.0152847240869928,0.0664822064040308,0.0269078475280549,-0.00443308303073889,0,-0.0061719457331278,-0.00321780424991683,0,-0.00950563408811328,0.0564072030139989,0.00328450672014591,0.00266199945989281,0.0248612845927633,0,0,0.00174936976766673,-0.031486051993765,-0.0225860278765219,-0.00589366603156939,0,0.0133672065966676,-0.0109547737393424,0,-0.0262730491313334,0,0.0179712343838777,0,0,-0.00558031102461247,0,0,0,0,-0.00751407229565215,0.0296557849560762,0,-0.0143275593488336,0,0.0199116883403188,-0.0129729492766618,0,-0.00468351083945316,0,0,0,0,0,0,0.0426628713622485,-0.0467153513775346,0,0.0255088745044725,0,-0.0239234863938555,-0.0310606676923684,0,0,0,0.00297737339093813,0,-0.0263795537396316,0.0668488855356326,0,-0.00637895750373106,-0.00711747327927061,0,0,-0.0332256401287744,-0.0271606979875351,0.00773072206017104,0,-0.0392064872371912,-0.00413039628110239,0,0,-0.000533414447731202,0,-0.00136905116320871,0.0034107180001459,-0.00477889871022922,0,-0.0330161708931139,0,0,0,0,-0.0692063160692133,0,0.0191254829715255,0,0.0246929093868149,0,0,0.0260360406833903,0,0,0.0106778803991659,-0.0167200886756462,0,0.00865570814599091,0,0,0,0,0.0114261682112793,-0.000186361270340863,0,0,0,0,0,0,0,0,0,0,0,0,0,0,-0.0107502994124772,0,-0.00203570926851624,0,-0.0141366957766501,0.0426479760778984,0,-0.0115587040625563,-0.00310399090220128,0,0,0,-0.00552667438941003,0,0.0512231507869171,0,-0.0293315241773225,0.0255435390934245,0,0.0267947007692113,-0.00740077239337252,0.00141500298113647,-0.0222829716662646
-0.0131716672790579,0.0500349106689151,-0.0174719589640871,0,-0.0390623564132408,0,0.0541012090115504,0.011165252048239,0,-0.0271392997728864,0,0,0,0.0658877333612568,0.0435612552313483,-0.0101264854701063,-0.0291539413510203,-0.00489811203387429,-0.00651539015540864,0,-0.00331213399406291,0,-0.0198687302913832,0,0.0106923004374045,-0.00749869920629077,0,0.0144409865250931,0,-0.0392516561757865,-0.00162928833738179,0,0,0,0,0,0,0,0,0,0,0.0185903479459195,0.0599943461148948,0.037876296412771,-0.0171711991939276,0.0669545046222533,0.0262653873131939,-0.00194749862347802,0,-0.00638176478738227,-0.00348004211286689,0,-0.0115119098130325,0.0582452562682949,0.00185940148458251,0.00237443777284094,0.0252304505344265,0,0,0.00202595790506191,-0.0307976808183163,-0.0224803019301928,-0.00660914238170028,0,0.0140098617214343,-0.0107313029702277,0,-0.0255699030678848,0,0.0180349466729812,0,0,-0.00605506684605405,0,0,0,0,-0.00682438738659798,0.0301264778564175,0,-0.0159262313598683,0,0.019630129797498,-0.012833695651732,0,-0.00476045083215575,0,0,0,0,0,0,0.04277922332704,-0.0468403437220444,0,0.0254205166071122,0,-0.0233993788181376,-0.031374630893113,0,0,0,0.0021871345350607,0,-0.0259258529100637,0.0666570226366097,0,-0.00588026160221507,-0.00683099881409788,0,0,-0.0334005071387289,-0.0272439582550108,0.00743009625892442,0,-0.0388775306047821,-0.00308257182882624,0,0,-0.000537637276632398,0,-0.00176757469504378,0.0025342960606243,-0.00601276637108988,0,-0.0320278652314354,0,0,0,0,-0.069677515696942,0,0.0196465181996067,0,0.0258431060714205,0,0,0.0267527492244908,0,0,0.00984776925851899,-0.0171478758447902,0,0.00854825667720396,0,0,0,0,0.00761054874947494,-0.0016504667743375,0,0,0,0,0,0,0,0,0,0,0,0,0,0,-0.010669323179443,0,-0.003149053606171,0,-0.0149770257610013,0.0420795365836385,0,-0.0113369981893403,-0.00317775091965307,0,0,0,-0.00514124231264029,0,0.0515525673034176,0,-0.0306428680910986,0.0248975980637729,0,0.0277830331802577,-0.0077829041335028,0.00116015765943401,-0.0225118872682932
-0.0136984171685599,0.0503515236624072,-0.0189470802226708,0,-0.0399334205610076,0,0.0542371782600111,0.0109915010956937,0,-0.0267233825175913,0,0,0,0.0657934461939122,0.0439631770720354,-0.00977677536552568,-0.0296752114333931,-0.00614797509802664,-0.00610224344779528,0,-0.00146018899012098,0,-0.0202486768273668,0,0.0115078621081381,-0.00648598084507193,0,0.0147328958979227,0,-0.0387379578716107,-0.00105113067004061,0,0,0,0,0,0,0,0,0,0,0.0186170736992127,0.0588958800988941,0.0385475286714574,-0.0165364926583251,0.0673478581135186,0.0259942820458154,-0.00385808863006342,0,-0.00604213643599181,-0.0031452601573951,0,-0.0109832278118297,0.0572424133044498,0.00273379878845156,0.0021823579482828,0.0259048372272692,0,0,0.00215748614286194,-0.0308219381070411,-0.022654425655451,-0.00674284498182632,0,0.0132331104718955,-0.0108476934820821,0,-0.0252170580118383,0,0.0179469894112517,0,0,-0.00629406941108302,0,0,0,0,-0.00704011256687257,0.0293159899887053,0,-0.0146683687547536,0,0.0195918303853657,-0.0126796495745601,0,-0.00459266101070055,0,0,0,0,0,0,0.0430501802250743,-0.0464128059247222,0,0.024892138579467,0,-0.024139704108246,-0.031133997869247,0,0,0,0.00223604873462738,0,-0.0258563790240072,0.0663980271569301,0,-0.00626661137888618,-0.00656936013553516,0,0,-0.0328724637920611,-0.0268596675710972,0.00719655021065848,0,-0.038903359040043,-0.00325438784107031,0,0,-0.000056788061334329,0,-0.00180361411696737,0.00324327366150546,-0.00575126623012874,0,-0.0323328110907251,0,0,0,0,-0.0699438244678458,0,0.0199901299119785,0,0.0238991688484712,0,0,0.0268776136570792,0,0,0.010566054712105,-0.0166924957769052,0,0.00851443072792221,0,0,0,0,0.00882760758843016,-0.00122721867959508,0,0,0,0,0,0,0,0,0,0,0,0,0,0,-0.0104832283901119,0,-0.00272131766959134,0,-0.0145258743217219,0.0419127127301642,0,-0.0119555910715191,-0.00196740298864964,0,0,0,-0.00520929314361023,0,0.04971416248116,0,-0.030005779689139,0.0248420829931125,0,0.028000575030566,-0.00722763963203096,0.000765461727835336,-0.0227485341051713
-0.013834511622484,0.0504228906176179,-0.0196358855123047,0,-0.0390714156860585,0,0.0541917181729486,0.0109010327449556,0,-0.0269466641322981,0,0,0,0.0658306572697044,0.0437197395628901,-0.00954622943193452,-0.0305673548690843,-0.00537725450043119,-0.00549199978511624,0,-0.00161981441795121,0,-0.0197093912369169,0,0.00941671716636832,-0.00613352855916395,0,0.0145834687552631,0,-0.0391805909305717,-0.00065390729948186,0,0,0,0,0,0,0,0,0,0,0.0182671552289136,0.0592171867747463,0.0382494100170689,-0.0161925755902435,0.0661653126991004,0.0260548621844387,-0.00386488046611635,0,-0.00599951533707421,-0.00333370855544867,0,-0.0111924546745926,0.0574016260628955,0.00263418827504453,0.00198250118030878,0.0259145497322848,0,0,0.00202700813080513,-0.0311251998975303,-0.0226862292062461,-0.0067987140136283,0,0.0133427642501405,-0.0106307207436935,0,-0.0253440526863171,0,0.0176800248603711,0,0,-0.00621984156291608,0,0,0,0,-0.00673841551785071,0.0293052172587283,0,-0.0149244983548287,0,0.0197390813174955,-0.0128472123951451,0,-0.00468819111974903,0,0,0,0,0,0,0.0431306871770166,-0.0469286425350356,0,0.0253940167564822,0,-0.0242386642890905,-0.0311724843803167,0,0,0,0.00247324500289932,0,-0.0259262312190707,0.0665220264070063,0,-0.00583851991865181,-0.00644983282533779,0,0,-0.0329285869432446,-0.0269852630295951,0.00739114794649822,0,-0.0386518472898967,-0.00365935091759137,0,0,-0.000233603239692673,0,-0.00206429037218972,0.00265827816366147,-0.00529263665668914,0,-0.032698197666661,0,0,0,0,-0.0701959903252612,0,0.0203507180654505,0,0.0245803727849771,0,0,0.0266291351449639,0,0,0.0107088600126349,-0.0165920871255714,0,0.00962884660650274,0,0,0,0,0.0087686233277046,-0.00130535538291967,0,0,0,0,0,0,0,0,0,0,0,0,0,0,-0.0101592511752099,0,-0.00198275259071842,0,-0.0147779917271669,0.0424326596793226,0,-0.0118354986283448,-0.00229229387350078,0,0,0,-0.00515341768248135,0,0.0500728612382724,0,-0.0291507149579045,0.0257936309912575,0,0.0284190498935444,-0.00730804893482334,0.0010154165522429,-0.0224889584141985
-0.0119901675715535,0.0485307256283267,-0.0187471833161123,0,-0.0433832276904578,0,0.0508635909772592,0.0117365303378515,0,-0.0262348538739806,0,0,0,0.0627354493995157,0.0442958142451077,-0.0101536800894718,-0.028828414937362,-0.000811078225077575,-0.00508975143031216,0,-0.00363688089084364,0,-0.0212556072425413,0,0.00988019216772164,-0.00755321518886984,0,0.0150101138708926,0,-0.0426919269455937,0,0,0,0,0,0,0,0,0,0,0,0.0166577297475757,0.0583362376093497,0.0424430893317159,-0.0184084618765173,0.082256892373438,0.0251000099972891,-0.00332819196451147,0,-0.00584025275048459,-0.00333942741695441,0,-0.0106270464964482,0.0551755190989716,0.00260830360743877,0.001165793916953,0.0270049428525611,0,0,0.00231822779028527,-0.031614565548714,-0.0222985110118368,-0.00711043181879095,0,0.0123167318492973,-0.0102102918331612,0,-0.0244693756789978,0,0.0173835655479285,0,0,-0.00430531293973385,0,0,0,0,-0.00724878444072853,0.028676005667115,0,-0.017882807530628,-0.0000899211527388535,0.0195857084142912,-0.0120803316305833,0,-0.00373769809921392,0,0,0,0,0,0,0.0437364768829997,-0.0465616777429423,0,0.0258295074212011,0,-0.0241140843005152,-0.0304929121410384,0,0,0,0.0024801831659152,0,-0.026685281163202,0.0659465905692219,0,-0.00538709422365649,-0.00681227817282628,0,0,-0.0321933904848433,-0.0276785425244164,0.00760644388677576,0,-0.0390710724091057,-0.00538692509468779,0,0,-0.00133744129507883,0,-0.00112814430427085,0.00247476199186251,-0.00739490659483939,0,-0.031474034703085,0,0,0,0,-0.0711185534633797,0,0.0185004423685645,0,0.0253927045644956,0,0,0.0282872785761161,0,0,0.0123433549920827,-0.0188050178878954,0,0.00843520497635887,0,0.00072530558988011,0,0,0.0057526977691778,-0.00492566409069027,0,0,0,0,0,0,0,0,0,0,0,0,0,0,-0.0114633950831432,0,-0.00184744294836406,0,-0.0144566450326698,0.0407913417162231,0,-0.0121612866195475,-0.00415118245213765,0,0,0,-0.00627252145706432,0,0.0485490697451994,0,-0.0323542268354214,0.0235057730600782,0,0.0291381138924079,-0.0080578315657812,0.000786438416720763,-0.0204509844144882
-0.0132880629890321,0.0508790184875657,-0.0174690722479158,0,-0.0397960615977424,0,0.054366321039643,0.0102300479451325,0,-0.0271176156794121,0,0,0,0.0650106326164216,0.0434970401004535,-0.00919296810212186,-0.0309063284304963,-0.00662180651414267,-0.0048836360676267,0,-0.00215255529570348,0,-0.0198302693473695,0,0.00946154233456695,-0.00678633566948857,0,0.014662806733942,0,-0.0395434088401736,0,0,0,0,0,0,0,0,0,0,0,0.0183822619342287,0.0588651238215804,0.0369113109634355,-0.0167595965336951,0.0669863097194222,0.0263944771830544,-0.00449567464017481,0,-0.00635937504119002,-0.00423488088969427,0,-0.0111530821912277,0.0576279510937445,0.0029619757141379,0.00270221383518369,0.0250785575058725,0,0,0.00244206540867117,-0.0313044494682537,-0.0226226566275859,-0.0076543384822771,0,0.0150338299861536,-0.0105317490854094,0,-0.0250480079720984,0,0.018711369004383,0,0,-0.00546020834500628,0,0,0,0,-0.0070578688907697,0.0293996237579606,0,-0.0149537464462263,0,0.0195616079703798,-0.0132234364327799,0,-0.00508938412200819,0,0,0,0,0,0,0.043520948101498,-0.0465116607088952,0,0.0247162153802658,0,-0.023647644544817,-0.0321453647744448,0,0,0,0.00157375380405029,0,-0.0263155967069733,0.0662819607658347,-0.000208015751208822,-0.00569567605110364,-0.00746497976693062,0,0,-0.0328101178728834,-0.0277205676755449,0.00715064332523862,0,-0.0384462663386989,-0.0030022354422425,0,0,-0.00057509417258679,0,-0.000395221096184978,0.00463892215234009,-0.00375117361537845,0,-0.031072909635199,0,0,0,0,-0.0698375479935868,0,0.0199379768205999,0,0.0312618780763475,0,0,0.0261375765414614,0,0,0.0113657169046088,-0.0169534649891074,0,0.00909733594691707,0,0.000742330473041869,0,0,0.00825171863275986,-0.00159515519111949,0,0,0,0,0,0,0,0,0,0,0,0,0,0,-0.00939950071474912,0,-0.00179382341864905,0,-0.0151690209298474,0.041553124140526,0,-0.0121938708785434,-0.00204569619415342,0,0,0,-0.00508151598880646,0,0.0490571240840727,0,-0.0281104949172107,0.0249180050331917,0,0.0283726294910551,-0.00938768059584563,0.000106081446911891,-0.0223572775967167
-0.0144848486564438,0.0506129797278693,-0.0189581550218965,0,-0.0394417288143314,0,0.0548770708272812,0.0112417411092682,0,-0.0269847428300871,0,0,0,0.0653775838481512,0.0438479628368079,-0.00901860977811876,-0.0322782986162309,-0.00656803077167544,-0.00563058533466061,0,-0.00128543117916042,0,-0.0198536075456814,0,0.0092158290272378,-0.00621274852124297,0,0.0147544376521952,0,-0.0393648352471715,-0.000668370431481955,0,0,0,0,0,0,0,0,0,0,0.0184886061173807,0.0589940432371643,0.0380322929588415,-0.0158152169977014,0.0668616469913844,0.0260576840061556,-0.00423690579749111,0,-0.00581558694124278,-0.00300771208832579,0,-0.0105000593419969,0.0578642318537754,0.00239093945088576,0.00238376767954343,0.0258079330327081,0,0,0.001914137281356,-0.030880011625689,-0.0225449776028247,-0.00708121191403619,0,0.0133995968716574,-0.0108574715337403,0,-0.0253892339326054,0,0.017599016890493,0,0,-0.00598784845551956,0,0,0,0,-0.00690184254773648,0.0298807758288698,0,-0.0142691983371033,0,0.019728546588641,-0.0126796136235432,0,-0.00449440204438508,0,0,0,0,0,0,0.04321673437633,-0.0465171949327906,0,0.0251217192212275,0,-0.0240223667346385,-0.0307673698879975,0,0,0,0.0022469148104838,0,-0.0258526494189622,0.0664472185045249,-0.000113484893403246,-0.00573456074934801,-0.00601317030408565,0,0,-0.0327461317162819,-0.0267095165261677,0.00784128545013323,0,-0.0388616230163962,-0.0039223227923305,0,0,0,0,-0.00203583713265745,0.0027615192117521,-0.00641592493781319,0,-0.0335188483529957,0,0,0,0,-0.0699103356971251,0,0.0205505984406355,0,0.0239161132548265,0,0,0.0264495731397332,0,0,0.0108771897531411,-0.01684207938342,0,0.00933479410959006,0,0,0,0,0.00928943296501207,-0.000715386820274151,0,0,0,0,0,0,0,0,0,0,0,0,0,0,-0.010077320061013,0,-0.00191069931900205,0,-0.0145609469359086,0.0415964559009611,0,-0.0121731323207364,-0.00273328196872405,0,0,0,-0.00529316465590015,0,0.0499600149078069,0,-0.0287792790706939,0.0254484259121503,0,0.0278271579904475,-0.00752848392454544,0.00132436899100463,-0.0224343103222431
-0.0158868957368412,0.0506131560082454,-0.0204935188034033,0,-0.038675465811054,0,0.0545740747047862,0.0103838480407769,0,-0.0268255071817475,0,0,0,0.0647979958848913,0.043957728580451,-0.00800262543419042,-0.0359925259813215,-0.00516257997876348,-0.00603524007146106,0,-0.000813308952015727,0,-0.0204703920993775,0,0.0083989961304916,-0.00556996953626246,0,0.0150620441239832,0,-0.0371731938847304,-0.00032438982380063,0,0,0,0,0,0,0,0,0,0,0.0186560583646124,0.0587766529421883,0.0372699907406485,-0.0152212250593211,0.0673955768317165,0.0257519809370844,-0.00410585484782707,0,-0.00473243375023915,-0.00242312661937603,0,-0.00979379545985743,0.0577086949032107,0.00210083696113249,0.00245162163407405,0.0274149730518952,0,0,0.00192959024066177,-0.0313743436734696,-0.0228800753244081,-0.00667624732873247,0,0.0134165635560649,-0.010621548515306,0,-0.0254311316527123,0,0.0164754871269288,0,0,-0.00615762474928288,0,0,0,0,-0.00640997600451333,0.0310552043376477,0,-0.0138115952993589,0,0.0198781200345668,-0.012201471083856,0,-0.00404996610664263,0,0,0,0,0,0,0.0426815493770346,-0.0466178109960609,0,0.0264882368288747,0,-0.0245833065082385,-0.0299145964703116,0,0,0,0.00354471988635494,0,-0.0261207085934962,0.0659759886986008,-0.000636555612515755,-0.00544175934153944,-0.00459246365248723,0,0,-0.0316408669527948,-0.0261828760119905,0.00793986689559811,0,-0.0386205052987186,-0.0161881838495638,0,0,0,0,-0.00159835296069509,0.00236502745662972,-0.00688313183200238,0,-0.0389292161511015,0,0,0,0,-0.0699021867599248,0,0.0207474093842082,0,0.0231689563018698,0,0,0.0249769948266823,0,0,0.0126593816046107,-0.0172214699648064,0,0.00793108761489489,0,0,0,0,0.00956698930275428,-0.000303982026792033,0,0,0,0,0,0,0,0,0,0,0,0,0,0,-0.00894255532232576,0,0,0,-0.0145632546806943,0.0493284484051863,0,-0.0111725105645398,-0.00480705337804581,0,0,0,-0.00527597860690339,0,0.0506029245111056,0,-0.0287811702264004,0.0267094515082528,0,0.0278554213790638,-0.00766370988685971,0.00263113500354601,-0.0186092568847919
-0.0145803390784322,0.0505887765316088,-0.0185402984748205,0,-0.0398868944026623,0,0.0546750285517185,0.0112556052704235,0,-0.0272358440816013,0,0,0,0.0659629581167816,0.0440548738566786,-0.00943044462646845,-0.0317055839043837,-0.00657251565487256,-0.00537312076744946,0,-0.00134948774903732,0,-0.0205741064614148,0,0.0095499398765685,-0.00592157588626961,0,0.0146978774189536,0,-0.0385127678262997,-0.00134115972864875,0,0,0,0,0,0,0,0,0,0,0.0192748322798942,0.0588285638389221,0.0389217483922749,-0.0151796312025489,0.0663517234240039,0.0272778431979385,-0.00425060764468136,0,-0.00584499660558043,-0.00300988392178059,0,-0.010349430400621,0.0578229457518722,0.0026508170173804,0.00183029846981276,0.025956134485449,0,0,0.00187643477583053,-0.0309638033232402,-0.0227106526077877,-0.00662560290441035,0,0.0133454714230839,-0.0111649435020369,0,-0.0257428711431052,0,0.018391095497621,0,0,-0.00574649932101111,0,0,0,0,-0.0070693790190718,0.0295079383798585,0,-0.0142133504004504,0,0.019869002085179,-0.0123210986576631,0,-0.00480978634721666,0,0,0,0,0,0,0.0426036812316771,-0.0461223107657886,0,0.0248362583676859,0,-0.0245329278703633,-0.031039945064348,0,0,0,0.00247445074767171,0,-0.0259997306738575,0.0666813376121096,0,-0.00606242226478518,-0.00655479624779255,0,0,-0.0329278838530508,-0.026605627412174,0.0079528518000814,0,-0.03897376202097,-0.00433995119189533,0,0,-0.000363983269664941,0,-0.00185699035276267,0.00236961032411843,-0.00462835634894824,0,-0.0334666966280178,0,0,0,0,-0.0698973985903517,0,0.0208038564554691,0,0.0240474849645308,0,0,0.027450596616783,0,0,0.0104239840782665,-0.0165329362867808,0,0.00905988183488178,0,0,0,0,0.0102815032637121,-0.0000743722044851447,0,0,0,0,0,0,0,0,0,0,0,0,0,0,-0.0110362508633103,0,-0.00210484461767171,0,-0.0148943643394243,0.0437629244630551,0,-0.0108944628846516,-0.00204699556359151,0,0,0,-0.00519361339750862,0,0.051052010217846,0,-0.0297269254661489,0.0263144638784033,0,0.0276202940479651,-0.00667381769321935,0.00124501720613268,-0.0221358652824981
-0.0124075661824818,0.0499875300137932,-0.0159527669318672,0,-0.0428341433649339,0,0.0563290896777422,0.011336939860543,0,-0.0262422941097278,0,0,0,0.0648472093199251,0.0430019145582497,-0.009110989040211,-0.0325881861528124,-0.0084356657655529,-0.00495220704162953,0,-0.0021298619532288,0,-0.0220311858506772,0,0.0112967777086409,-0.00572030885514503,0,0.0145498505346684,0,-0.039237574794367,-0.00221435776961978,0,0,0,0,0,0,0,0,0,0,0.0176626905695151,0.0601243151900626,0.0373918187666899,-0.0138991596840483,0.0664184653306362,0.0271384257859146,-0.00447529585200465,0,-0.00562289392119953,-0.00332685408983854,0,-0.0125061500027717,0.0570165156044028,0.00542572314274399,0.00275454910207,0.0225076117891637,0,0,0.000835082270791952,-0.031847214749993,-0.0200570394093451,-0.00882614395350991,0,0.0117171536937819,-0.0106711565214664,0,-0.0281139092803098,0,0.0180312407258299,0,0,-0.0068175172476036,0,0,0,0,-0.00789331028879167,0.0294085942435837,0,-0.0144869940958603,0,0.019984212259999,-0.0108249815329571,0,-0.00470607000671002,0,0,0,0,0,0,0.0414982043121009,-0.0475063946299893,0,0.024630964275607,0,-0.0241894854788378,-0.0310891947812724,0,0,0,0.00115277870075481,0,-0.0265132692792364,0.0675901421685372,0,-0.00689563562867918,-0.00428207610532747,0,0,-0.033014532358625,-0.0295366923782163,0.00771308307673507,0,-0.0412702092619757,-0.00141101543875269,0,0,-0.000392902094055567,0,-0.00272003580836537,0.00792491491586342,-0.00568729132897439,0,-0.031432554161514,0,0,0,0,-0.0710858314086441,0,0.0217542886680703,0,0.0247392060907949,0,0,0.0249408653438563,0,0,0.0121068319296917,-0.018172382508745,0,0.00742597520291861,0,0.000142374580609645,0,0,0.010293519487823,-0.000614016937589726,0,0,0,0,0,0,0,0,0,0,0,0,0,0,-0.0121331333743905,0,-0.00435034525649242,0,-0.0153593806778591,0.0439946087971092,0,-0.00987582262087903,-0.0000336678340410103,0,0,0,-0.00465517181732122,0,0.0629459997919522,0,-0.0271416985063863,0.0236843687882873,0,0.0266648597350962,-0.00621563638139899,0.00138407170431082,-0.0237011847121608
-0.0129904443722579,0.0496135393821605,-0.018818600448425,0,-0.0411900551317548,0,0.0547392414628092,0.0110721879034788,0,-0.027333400103034,0,0,0,0.0656269575765606,0.0440553747610458,-0.00909451042165133,-0.0323087992311729,-0.00632421643819957,-0.0057859077402752,0,-0.00282378140957209,0,-0.0202431507735636,0,0.0118186628414117,-0.006572300053785,0,0.0151700406681787,0,-0.0387264575539615,-0.00216376227047034,0,0,0,0,0,0,0,0,0,0,0.0178350063217346,0.0585930218551119,0.0420480580426623,-0.0157920109809635,0.0659790913236271,0.0266945531159119,-0.00416611326645066,0,-0.00632509394918799,-0.00339263236425667,0,-0.00912012709375919,0.0576268092386565,0.00341700937451754,0.00252404593329829,0.0261876920212541,0,0,0.00191637240605514,-0.0310476321762996,-0.0222859669336959,-0.00770141399921672,0,0.012429682091844,-0.0107217031208822,0,-0.0268848588253182,0,0.0176422226566219,0,0,-0.00684426872347847,0,0,0,0,-0.00773996620872386,0.029138669405323,0,-0.0144702916717337,0,0.0195873414297973,-0.0124002604849661,0,-0.00510133281005217,0,0,0,0,0,0,0.0439128889244818,-0.046766206456344,0,0.023961811170053,0,-0.024188549354251,-0.0312120042022125,0,0,0,0.00169067069411259,0,-0.0259864080259037,0.0662567610566096,0,-0.00675690781770668,-0.00574264623205653,0,0,-0.0329692230700298,-0.0269368971811641,0.00748921439383225,0,-0.0401865944270181,-0.000618793882047522,0,0,-0.000176233537370469,0,-0.00102344471031121,0.00374572175665542,-0.00546627158628944,0,-0.0332409598595881,0,0,0,0,-0.0714457869235131,0,0.0217745179104432,0,0.0244147453949923,0,0,0.0250015853773837,0,0,0.0112957736316462,-0.0170016101331904,0,0.00723605388945413,0,0,0,0,0.0101287879055719,-0.000739860842558808,0,0,0,0,0,0,0,0,0,0,0,0,0,0,-0.00925645704743847,0,-0.00371958696579507,0,-0.0153426206230631,0.0430199234097496,0,-0.0105874081891223,-0.0000472184104006831,0,0,0,-0.00459228320607065,0,0.0509627782344781,0,-0.0299693121649704,0.0249596259822065,0,0.0265435132705088,-0.00723419935024892,0.0019136638709611,-0.0225537119034383
-0.0193104186632742,0.0630953370904138,-0.0197373013434752,0,-0.0375076203737754,0,0.0597757183079354,0.0194604538984347,0,-0.0266092308625902,0,0,0,0.0633238419544815,0.0541751131932544,-0.00994122939423976,-0.0299959513547604,-0.00621564446232691,-0.00819801100222371,0,-0.000494337197805671,0,-0.0236738540486219,0,0,-0.000690013405108488,0,0.0140604572188232,0,-0.0390008953423502,0,0,0,0,0,0,0,0,0,0,0,0.0208470522781353,0.0598440161844903,0.0393710533717601,-0.0174921184308026,0.0639704842194288,0.0268030484913604,-0.00521876591333797,0,-0.00522715934798224,-0.00343032118386146,0,-0.0132339796886952,0.0514082126819585,0.000495244488970235,0,0.0129208145153135,0,0,0.00521652083518539,-0.0285697367031158,-0.0219948888574248,-0.0263354606985326,0,0.0198413184025973,-0.00885319406594461,0,-0.0199657466293982,0,0.0229308514628414,0,0,-0.0054353233598704,0,0,0,0,-0.00407362275331953,0.0285648105090896,0,-0.0172627927574549,0,0.0181355144111377,-0.019527350556518,0,-0.00387092274906391,0,0,0,0,0,0,0.039185158041306,-0.0446128601673776,0,0.0233439381059009,0,-0.025303553665971,-0.0293450691918354,0,0,0,0.00589743209259926,0,-0.0261211699421622,0.0647829801229716,0,-0.00393392096670645,-0.00527079296821854,0,0,-0.0377172056584255,-0.0235490493726441,0.01068864081565,0,-0.039148190880474,-0.0103145394914469,0,0,0,0,-0.00755556470563823,0.00476209742666242,-0.00396223830857981,0,-0.0352684667686801,0,0,0,0,-0.0687120137191407,0,0.0236492272055977,0,0.0202173710256443,0,0,0.0275591937179522,0,0,0.0103708044058786,-0.0158103185321327,0,0.0172389099848855,0,0,0,0,0.018604656241871,-0.00108200019346573,0,0,0,-0.00417377572089541,0,0,0,0,0,0,0,0,0,0,-0.00939039234440837,0,-0.000249251584573821,0,-0.0163717757388495,0.0470188735958645,0,-0.00385581525023,-0.0109821136043933,0,0,-0.00178830642549908,-0.0102947198353713,0,0.029730211902235,0,-0.0269317190010126,0.027520152393266,0,0.0282455142004666,-0.00650016195297388,0,-0.0251690413196157
-0.0120481634831674,0.0467859316264193,-0.0180286072630851,0,-0.0421698510610554,0,0.0539844078891712,0.0131501433723197,0,-0.0279076024321811,0,0,0,0.06462900400875,0.0454129631684878,-0.00986894791727796,-0.0349387281373156,-0.00757804873551153,-0.00598315848559881,0,-0.00232842810996649,0,-0.0199191215043855,0,0.0129711959888249,-0.00554294826783126,0,0.0140475656183749,0,-0.0386877633911681,-0.00312088713628532,0,0,0,0,0,0,0,0,0,0,0.0171217432637542,0.0583927462465819,0.0387586578850616,-0.0157779037175468,0.0671382868207671,0.0268439974564829,-0.00427119597384427,0,-0.00530171625141465,-0.00328885765375093,0,-0.0114184871238672,0.0625372138172074,0.00077708199707177,0,0.0346995623106698,0,0,0.0010574197499055,-0.0321635357880781,-0.0243124847863129,-0.00661106662648504,0,0.0104476163901045,-0.0113474872090969,0,-0.0289274315865347,0,0.0173268131375144,0,0,-0.00938736027604428,0,0,0,0,-0.00706771910512029,0.0291821104738041,0,-0.0144339841474752,0,0.0202895649871354,-0.0119251884291545,0,-0.00428648191275176,0,0,0,0,0,0,0.045875414762504,-0.0468682206488889,0,0.0248501444555065,0,-0.0242028906027772,-0.0313434868049982,0,0,0,0.000866132848209691,0,-0.0258311412905904,0.0667703409925323,-0.00123317892260014,-0.00825919142006405,-0.00541787217199637,0,0,-0.0334154680032481,-0.0264773233506238,0.00821753454022881,0,-0.0415992633113706,-0.0000860312862885818,0,0,-0.00131615293942869,0,-0.00236992394793137,0.00913537785359143,-0.0051840976084295,0,-0.0371411602818939,0,0,0,0,-0.0715815993745653,0,0.0203891694059931,0,0.024381954515247,0,0,0.0283983070290384,0,0,0.00885046610899471,-0.0174949002639239,0,0.00838143402834013,0,0,0,0,0.00965366022139637,-0.000911087798785372,0,0,0,0,0,0,0,0,0,0,0,0,0,0,-0.00830859897457644,0,-0.00605992517991149,0,-0.0155081969361181,0.043030761031604,0,-0.0113821938198397,-0.00365501268276693,0,0,0,-0.00381180573552019,0,0.0528383352825045,0,-0.0307430437625104,0.0255625011677706,0,0.0258566775079927,-0.00699796940241114,0.00199170846705117,-0.0224327348230103
-0.0151107526421423,0.0471857881803431,-0.0191984044244641,0,-0.0400825392548258,0,0.0553370683902049,0.0137889996600761,0,-0.0272884383651176,0,0,0,0.0644203638109026,0.0439239011167389,-0.00935604398757553,-0.0310355573739055,-0.00658079764426,-0.00557337707266397,0,-0.00261995936396313,0,-0.020804199180768,0,0.00951272517440493,-0.00583446804731303,0,0.0147702624284265,0,-0.0385350855900467,-0.00121135305950986,0,0,0,0,0,0,0,0,0,0,0.019916897149191,0.0594310893154528,0.0392902333738755,-0.0155355328221393,0.0649710128004774,0.0272458986473728,-0.00399848264295252,0,-0.00716441835411808,-0.00322572312855847,0,-0.0103999036036726,0.0572609369669227,0.00318596965364721,0.000845492180272983,0.0250476688619033,0,0,0.00176601083049715,-0.0319187901951507,-0.0228926613761098,-0.010848714560946,0,0.0138631062530752,-0.0101878023234722,0,-0.0253823207581218,0,0.0182260790264332,0,0,-0.00573887585699656,0,0,0,0,-0.00646109656979745,0.030287813157567,0,-0.0145102274208361,0,0.0203706555162296,-0.0119841933034418,0,-0.00603738542838874,0,0,0,0,0,0,0.0443937143285921,-0.0468517842543512,0,0.0249854370028033,0,-0.0241092939384035,-0.0314117266314516,0,0,0,0.0023393573789959,0,-0.0263697551374373,0.0687591581458413,0,-0.00604854476691865,-0.00475705237480374,0,0,-0.0339076516391552,-0.0278911747430747,0.00862017158962929,0,-0.0391519638482578,-0.00498669645330406,0,0,-0.0000103074525850271,0,-0.00263478153970132,0.00210363824912002,-0.00389211974333884,0,-0.0337740239721643,0,0,0,0,-0.0698652468660349,0,0.0222748068237887,0,0.0242466110986685,0,0,0.0245377256951579,0,0,0.009964937597858,-0.0165546187976887,0,0.00821006362989419,0,0,0,0,0.0102790263254985,-0.00139849637381377,0,0,0,0,0,0,0,0,0,0,0,0,0,0,-0.0114928799699325,0,-0.00139524987549885,0,-0.0150639421753196,0.044099329552574,0,-0.00949128652121397,-0.00288729824070268,0,0,0,-0.00627002608209225,0,0.0526417404744089,0,-0.0289765867933185,0.0254923203790933,0,0.0267259572656624,-0.00607578036150695,0.00234256598446927,-0.023167451346695
NA,NA,NA,NA,NA,NA,NA,NA,NA,NA,NA,NA,NA,NA,NA,NA,NA,NA,NA,NA,NA,NA,NA,NA,NA,NA,NA,NA,NA,NA,NA,NA,NA,NA,NA,NA,NA,NA,NA,NA,NA,NA,NA,NA,NA,NA,NA,NA,NA,NA,NA,NA,NA,NA,NA,NA,NA,NA,NA,NA,NA,NA,NA,NA,NA,NA,NA,NA,NA,NA,NA,NA,NA,NA,NA,NA,NA,NA,NA,NA,NA,NA,NA,NA,NA,NA,NA,NA,NA,NA,NA,NA,NA,NA,NA,NA,NA,NA,NA,NA,NA,NA,NA,NA,NA,NA,NA,NA,NA,NA,NA,NA,NA,NA,NA,NA,NA,NA,NA,NA,NA,NA,NA,NA,NA,NA,NA,NA,NA,NA,NA,NA,NA,NA,NA,NA,NA,NA,NA,NA,NA,NA,NA,NA,NA,NA,NA,NA,NA,NA,NA,NA,NA,NA,NA,NA,NA,NA,NA,NA,NA,NA,NA,NA,NA,NA,NA,NA,NA,NA,NA,NA,NA,NA,NA,NA,NA,NA,NA,NA,NA,NA,NA,NA,NA,NA,NA
-0.0150167293177684,0.0484711161807327,-0.0201028998103559,0,-0.0403977546113787,0,0.0570797405799465,0.0137436771702887,0,-0.0279915862356916,0,0,0,0.0652460057993289,0.0456396907995211,-0.00938358126310279,-0.0320289690221476,-0.0083338717451631,-0.00606177355013397,0,-0.00183391509029327,0,-0.0210375690690069,0,0.0110611294280924,-0.00545191467151322,0,0.0149194182751433,0,-0.0386577256379545,-0.00256083288089532,0,0,0,0,0,0,0,0,0,0,0.0205967474619367,0.0604209597570106,0.0410509072185082,-0.0152516707592199,0.0680189816947148,0.0281512257267947,-0.0040041980248031,0,-0.0058039275152271,-0.00283651890953799,0,-0.00891316921269196,0.0586327597687749,0.00387681141381782,0,0.0224604818719579,0,0,0.00183286134737841,-0.0316348392809295,-0.0243611446793917,-0.00733959042507102,0,0.014437577640818,-0.0109153805517808,0,-0.0260898992977642,0,0.0186552767720951,0,0,-0.0048292934374263,0,0,0,0,-0.006600313345868,0.0298237003377547,0,-0.0145714907792583,0,0.0206041027065568,-0.0124527960945672,0,-0.00555041909388406,0,0,0,0,0,0,0.0437199816668289,-0.0464916167425784,0,0.0249308716989595,0,-0.0250792910814267,-0.0321216097330427,0,0,0,0.00254243805407434,0,-0.0270327783577277,0.0675950627174223,0,-0.00568577030077931,-0.00540133146029216,0,0,-0.0335635602395656,-0.0270401350657964,0.00831458937872532,0,-0.0405340304391276,-0.00453443051362994,0,0,-0.000463404540256824,0,-0.00229426160400044,0.00245828547311858,-0.00388037993240315,0,-0.0340586859908449,0,0,0,0,-0.0708964556698817,0,0.0225045523860253,0,0.0244077989508508,0,0,0.0252294797859241,0,0,0.00878713543328391,-0.0162467233093021,0,0.00920768587413652,0,0,0,0,0.011579351490313,-0.00105929714308523,0,0,0,0,0,0,0,0,0,0,0,0,0,0,-0.0137144573112388,0,-0.00126926185101778,0,-0.0152773399272899,0.0453345683668736,0,-0.0100262208692935,-0.0010526730112522,0,0,0,-0.00562079982698231,0,0.0498299388087543,0,-0.0297754445995937,0.0263048507163381,0,0.0268387731303451,-0.00609031104892839,0.00310243619654544,-0.0232801283074023
NA,NA,NA,NA,NA,NA,NA,NA,NA,NA,NA,NA,NA,NA,NA,NA,NA,NA,NA,NA,NA,NA,NA,NA,NA,NA,NA,NA,NA,NA,NA,NA,NA,NA,NA,NA,NA,NA,NA,NA,NA,NA,NA,NA,NA,NA,NA,NA,NA,NA,NA,NA,NA,NA,NA,NA,NA,NA,NA,NA,NA,NA,NA,NA,NA,NA,NA,NA,NA,NA,NA,NA,NA,NA,NA,NA,NA,NA,NA,NA,NA,NA,NA,NA,NA,NA,NA,NA,NA,NA,NA,NA,NA,NA,NA,NA,NA,NA,NA,NA,NA,NA,NA,NA,NA,NA,NA,NA,NA,NA,NA,NA,NA,NA,NA,NA,NA,NA,NA,NA,NA,NA,NA,NA,NA,NA,NA,NA,NA,NA,NA,NA,NA,NA,NA,NA,NA,NA,NA,NA,NA,NA,NA,NA,NA,NA,NA,NA,NA,NA,NA,NA,NA,NA,NA,NA,NA,NA,NA,NA,NA,NA,NA,NA,NA,NA,NA,NA,NA,NA,NA,NA,NA,NA,NA,NA,NA,NA,NA,NA,NA,NA,NA,NA,NA,NA,NA
-0.0121733246161321,0.0507223784791012,-0.0199657281968358,0,-0.0429043389857481,0,0.0552553218390704,0.0122691006550727,0,-0.0285068467665963,0,0,0,0.0636928610187468,0.0439782455829736,-0.00936979310130706,-0.0326262533216461,-0.00715743069977797,-0.00656137029346819,0,-0.0017199679823745,0,-0.0213079663172695,0,0.0109243870073698,-0.00610982564806879,0,0.0146247670517661,0,-0.0383563242301415,-0.00172872775939004,0,0,0,0,0,0,0,0,0,0,0.0204715724733529,0.0580032578021246,0.0394377734886047,-0.0159802202068863,0.0672347308539028,0.0270126846263329,-0.00448998562349478,0,-0.00512308592268977,-0.00292969647451049,0,-0.00888197692995897,0.0571620177319693,0.00144823619598477,0.00486004493118364,0.0338455214756112,0,0,0.000859206360402707,-0.0304935898378368,-0.0248207379403128,-0.00898282612526515,0,0.0165552277767044,-0.0114869875084759,0,-0.0277803103169744,0,0.0175288938678357,0,0,-0.00895672248568775,0,0,0,0,-0.00725568176557846,0.0305084946050094,0,-0.0139830338730861,-0.000202515242856965,0.0199585901261706,-0.0126523329565488,0,-0.00654878174024262,0,0,0,0,0,0,0.0448682665707558,-0.0468612545779421,0,0.0258200200671596,0,-0.0238853299867688,-0.0307303782999762,0,0,0,0.000862711784259093,0,-0.0262724588581718,0.0675208581886204,-0.00125502083005423,-0.00838630717107005,-0.00472630025486051,0,0,-0.0338141754698748,-0.0273976377969944,0.00761208667101408,0,-0.0397230044348839,-0.00451228987898522,0,0,0,0,-0.00277313446346401,0.00707430215267097,-0.00358458509878614,0,-0.0338871892331339,0,0,0,0,-0.069686111154478,0,0.0185364980965057,0,0.0237204400962078,0,0,0.0281558692133927,0,0,0.00735955512512914,-0.0164051318479686,0,0.00829981885970072,0,0,0,0,0.0095286813437217,-0.000767274507589665,0,0,0,0,0,0,0,0,0,0,0,0,0,0,-0.00978771711388239,0,-0.00126007653871538,0,-0.0153775669415596,0.0435362835033737,0,-0.00999521755489749,-0.00537328220936137,0,0,0,-0.00571439160628914,0,0.0492562752981712,0,-0.0300531358139699,0.026075449526308,0,0.0265864904489319,-0.00752885542202908,0.00647244279127223,-0.0233780170326918
-0.0150851036176052,0.0490070161041899,-0.0189144290473888,0,-0.0405083876503,0,0.0576645508594208,0.0138615924852178,0,-0.0274217447831076,0,0,0,0.0663380947751168,0.0451327881207386,-0.00962597026008313,-0.0319346430855619,-0.00755780259735012,-0.00643811210614227,0,-0.00274360116396515,0,-0.019972217379548,0,0.011300721179044,-0.00516847500822688,0,0.0146864499419291,0,-0.0384987883810408,-0.00244742068542337,0,0,0,0,0,0,0,0,0,0,0.0171573660963799,0.0591810091352356,0.0399000542779014,-0.0153456112514597,0.0669239489656953,0.0276202642092289,-0.00377831748996104,0,-0.00579072983208442,-0.00308574830405205,0,-0.0094491353717609,0.0592668027486232,0.00190117978872696,0.000221900965530112,0.0250817974041122,0,0,0.00143377495469917,-0.0309303773271353,-0.0225387928301931,-0.00795453671016439,0,0.0115418107121856,-0.0111352940020052,0,-0.0257284513804257,0,0.0182555249987921,0,0,-0.00604701804375066,0,0,0,0,-0.00637257117632762,0.0303417739377141,0,-0.0146851863343695,0,0.0200233049908554,-0.0121888492497593,0,-0.004526082983134,0,0,0,0,0,0,0.0454043576259787,-0.0470524660139119,0,0.0242105525346696,0,-0.025674875204126,-0.0316917736003324,0,0,0,0.00287709978967674,0,-0.0267330147619524,0.0672061755810564,0,-0.00562063103027313,-0.00547001898058074,0,0,-0.0333370876675414,-0.0260063351494068,0.00901330830684669,0,-0.0395801139600192,-0.00370005080631673,0,0,-0.000323826280175617,0,-0.00250881670829143,0.00289288931331225,-0.00527464645780376,0,-0.0357553423039545,0,0,0,0,-0.0711016658282862,0,0.0233217114329194,0,0.0243576896717802,0,0,0.0243322241199322,0,0,0.0102736977281636,-0.0165631369468415,0,0.00950424324332862,0,0,0,0,0.0104994940644306,-0.000396976915619009,0,0,0,0,0,0,0,0,0,0,0,0,0,0,-0.0109359881816169,0,-0.00243031061732485,0,-0.014879247021966,0.0444714677212983,0,-0.00935242779244021,-0.00193028007785177,0,0,0,-0.00526137377372105,0,0.0501755037907019,0,-0.0304989958787874,0.0264791678735562,0,0.0262050102450666,-0.00614644206941299,0,-0.0232400338527264
-0.0225447522021169,0.0491899164858316,0,0,-0.0348009285942034,0,0.0672589938500158,0.00951747434021106,0,-0.0289789481270463,0,0,0,0.0825593486290833,0.0395469817407267,-0.00717356734209284,-0.0409374264364095,-0.00992636694545854,-0.0044048317549606,0,0,0,-0.0176792702633674,0,0.0015623896378808,-0.000623103294640461,0,0.0180077037968253,0,-0.0248848837226613,-0.00745478049478874,0,0,0,0,0,0,0,0,0,0,0.0255395711681241,0.0635966305147306,0.0359457135132437,-0.00743609743844704,0.0103034587990636,0.03019554923369,-0.00285357650235374,0,-0.00421267598989023,-0.00326771793393168,-0.000106786135717656,-0.0120500203543023,0.0613347359496454,0.00273029863411365,0.003671120433626,0.0185930308750733,0,0,0.00080447691372569,-0.0281460354406905,-0.0276761288014929,-0.00425114742166847,0,0.0151344846375564,-0.0129805044409215,0,-0.0313060121844511,0,0.0231939544188929,-0.0037120822307788,0,-0.0102335132039648,0,0,0,0,-0.00680445583958592,0.0333420113186004,0,-0.0066567415463704,0,0.0230377244259165,-0.0115673192194169,0,-0.00588523784130046,0,0,0,0,-0.0000189730574502911,0,0.0391207531510549,-0.0486166187727934,0,0.0232944302216581,0,-0.0257478834491462,-0.0317485211873561,0,0,0,0.00596286312201124,0,-0.0241407565650767,0.067541760031741,-0.00232001139322559,-0.00602135552653907,0,0,0,-0.0374856522599023,-0.020964290050533,0.00761347708194085,0,-0.0373111870551099,0,0,0,0,-0.0180248410936289,0,0.00689542171612648,-0.0135049182384021,0,-0.0421727747452579,0,0,0,0,-0.0637125556565241,0,0.0287375180650514,0.000152504424028025,0.0161666833845375,0,0,0.0280770240963568,0,0,0.00431815286129141,-0.00767459334765983,0,0,0,0,0,0,0.0261861992326939,0,0,0,0,0,0,0.00559951384005639,0,0,0,0,0,0.000719647788423443,0,0,-0.000610327860720088,0,-0.00565449980095777,0,-0.0165179083314241,0.0366470667584241,0,-0.00111100636869279,0,0,0,0,-0.00170429645758786,0,0.0514944163868643,0,-0.0280553191900896,0.0337730214279551,-0.000177427444850871,0.0229755023336427,-0.00218293645833314,0.00557092552208685,-0.0304800470174774
-0.0153320783426329,0.0479405061667961,-0.0183597822117934,0,-0.0408218791840424,0,0.0589525980089547,0.00864619038393786,0,-0.0271273157026694,0,0,0,0.0636525419050328,0.0435412328609977,-0.00936739643946181,-0.0334466919532715,-0.00739074812585807,-0.00512686240907673,0,-0.00256023203737352,0,-0.0206871881845446,0,0.0100615714136596,-0.00551913481433012,0,0.0149236130729933,0,-0.0388337056424578,-0.00272819721542867,0,0,0,0,0,0,0,0,0,0,0.019497081265596,0.0610964146062404,0.0404875998445441,-0.0139777664640691,0.0681939695211402,0.0282856343230697,-0.00460665509999277,0,-0.00610885788400445,-0.00332079053891824,0,-0.0091327509233877,0.0620143922867532,0.00257789347028842,0.00157181075726588,0.0155336936256325,0,0,0.00209984193861809,-0.0302437780183795,-0.0216931480263645,-0.00676517241858339,0,0.0111478893904735,-0.0113302411937831,0,-0.0261030734896703,0,0.0179231082555146,0,0,-0.0044664553987118,0,0,0,0,-0.00690322042383753,0.0296797180387433,0,-0.0150256454851062,0,0.0203727287686743,-0.0114005083555732,0,-0.00448486336907664,0,0,0,0,0,0,0.0434700433192646,-0.0470240610924441,0,0.0245366438600596,0,-0.0252522288963907,-0.0315125889570645,0,0,0,0.00276436161162723,0,-0.027331072047743,0.0686720801668424,0,-0.00459407611410329,-0.0046158378674382,0,0,-0.0343814525596996,-0.0273096130950683,0.00920440105775128,0,-0.0410447436715999,-0.00343559638166551,0,0,0,0,-0.00388676459572326,0.00368544154759999,-0.00461536010241576,0,-0.0333823926472509,0,0,0,0,-0.0712238105002318,0,0.0231408943707428,0,0.024685071224086,0,0,0.0283374427917271,0,0,0.0097944663491521,-0.0173191326194093,0,0.00943606954242851,0,0,0,0,0.0113069917614862,-0.000738780848901626,0,0,0,0,0,0,0,0,0,0,0,0,0,0,-0.0112493550037828,0,-0.00198515269605485,0,-0.0154642458713748,0.0418054774416957,0,-0.00936440204691317,-0.00171111577352636,0,0,0,-0.00591262868104604,0,0.0507770959520367,0,-0.0293602737735393,0.0265475186589824,0,0.0263418507676038,-0.00552202702121209,0,-0.0234750488432704
-0.0190809091963226,0.0283201389960284,-0.0113220592142449,0,-0.035000300238895,0,0.0599810667037681,0.00855625544851868,0,-0.0282053922267466,0,0,0,0.0659911976460305,0.0460803272928416,-0.0093742854284377,-0.0347416151142822,-0.00377889260166774,0,0,0,0,-0.0125618255552503,0,0,-0.00381083339591589,0,0.016283093124982,0,-0.0371661499292604,-0.00218965340701741,0,0,0,0,0,0,0,0,0,0,0.0061357932019434,0.058639057372048,0.04323099425491,-0.010774610234093,0.066373365404877,0.0285977006859129,-0.00715932369896988,0,-0.00563151068402108,-0.00291605392200726,0,-0.00731468249939424,0.0627850593394012,0.00391420293891888,0,0.0247562381244374,0,0,0.00364914448825288,-0.0302912883021405,-0.0218927062245737,-0.00696586496390534,0,0.0177434637679323,-0.0103369946790902,0,-0.0243763162544969,0,0.0229625999762363,0,0,-0.00509612432812185,0,0,0,0,-0.006120890837645,0.0309424601231291,0,-0.0140527625085264,0,0.0227003259447876,-0.00834952479855274,0,-0.0061204499808341,0,0,0,0,-0.000285892819713919,0,0.0470948280867143,-0.0453552867302685,0,0.0239199124182763,0,-0.0247600697460432,-0.0318619212365446,0,0,0,0.00190158449571817,0,-0.0259755189817561,0.062645844076844,0,-0.00208679172739692,-0.00628183795855329,0,0,-0.0322828292148232,-0.0254321433989019,0.0130010889836821,0,-0.0420415480093939,-0.00103038824410302,0,0,0,0,-0.000532031494259521,0.005241657484763,-0.00418446704096444,0,-0.0341388891225902,0,0,0,0,-0.0652820029109389,0,0.0243783939843836,0,0.0258772331331527,0,0,0.0367625577864201,0,0,0.0131029035357524,-0.0148824948885229,0,0.0162015242997441,0,0,0,0,0.00740025761621723,0,0,0,0,0,0,0,0,0,0,0,0,0,0,0,-0.0109635346516986,0,-0.00574161914415895,0,-0.0190366718497622,0.0414139976033964,0,-0.00843089960928388,-0.000983120243782011,0,0,0,-0.00584788452435821,0,0.046303232758892,0,-0.0301242832996922,0.0273286697843353,0,0.0279006620281565,-0.00856284824258603,0,-0.0226616330277508
-0.0142457095191249,0.0489005960948946,-0.0192014174958916,0,-0.0417703692730112,0,0.0568109388533545,0.0137443401025015,0,-0.0279362672057494,0,0,0,0.0644164337984565,0.0444081263704799,-0.0092109450580055,-0.0327296930271341,-0.00750027369728905,-0.00658691582840916,0,-0.00241993826949236,0,-0.0211702076229025,0,0.0107420147681899,-0.00534313108173717,0,0.0145085285177736,0,-0.0387284645504791,-0.00269227840904665,0,0,0,0,0,0,0,0,0,0,0.0199697135431817,0.0598825045013788,0.0396353757688445,-0.015639145028828,0.0670808549898551,0.0274461657748825,-0.00448564446920551,0,-0.00564119686553964,-0.00315310930221054,0,-0.00969846249782065,0.0590720751819529,0.00297301316123333,0.0000461101208899055,0.024913533367194,0,0,0.00113482373811007,-0.0315013340185576,-0.023508253552335,-0.00850386435574089,0,0.0136395718429879,-0.010907399222252,0,-0.0271834295618368,0,0.0179338550731565,0,0,-0.00643470639228169,0,0,0,0,-0.00667617589546084,0.0296719033747779,0,-0.0147593381164727,0,0.0203012943332931,-0.0125480621229223,0,-0.00529577489895225,0,0,0,0,0,0,0.0434519991500309,-0.0468452691890596,0,0.024810407589966,0,-0.0244014522901612,-0.0316855379730789,0,0,0,0.00254536959454722,0,-0.0267642829634113,0.0684084990192172,0,-0.00673483825837149,-0.00482561576023933,0,0,-0.0342464602761218,-0.0270826290113851,0.00896745928054346,0,-0.0407494273676202,-0.0042536412041833,0,0,-0.000817005394506856,0,-0.00284949919755976,0.00496322695130674,-0.00432775205666678,0,-0.0357150421072923,0,0,0,0,-0.071713831023375,0,0.0213050639082555,0,0.0239827859719443,0,0,0.0257339059611874,0,0,0.0102910872455296,-0.0168410465928072,0,0.00879081931046455,0,0,0,0,0.0111671465925222,-0.000894230468032467,0,0,0,0,0,0,0,0,0,0,0,0,0,0,-0.0113500992645992,0,-0.0027507491479279,0,-0.0149093750628532,0.0446072932318615,0,-0.0103964675022499,-0.00226141690652344,0,0,0,-0.00558165418179995,0,0.0500813184835497,0,-0.0295772871924517,0.0260764316267067,0,0.0261832787669123,-0.00661615936394963,0.0025495912767012,-0.0236472248572683
NA,NA,NA,NA,NA,NA,NA,NA,NA,NA,NA,NA,NA,NA,NA,NA,NA,NA,NA,NA,NA,NA,NA,NA,NA,NA,NA,NA,NA,NA,NA,NA,NA,NA,NA,NA,NA,NA,NA,NA,NA,NA,NA,NA,NA,NA,NA,NA,NA,NA,NA,NA,NA,NA,NA,NA,NA,NA,NA,NA,NA,NA,NA,NA,NA,NA,NA,NA,NA,NA,NA,NA,NA,NA,NA,NA,NA,NA,NA,NA,NA,NA,NA,NA,NA,NA,NA,NA,NA,NA,NA,NA,NA,NA,NA,NA,NA,NA,NA,NA,NA,NA,NA,NA,NA,NA,NA,NA,NA,NA,NA,NA,NA,NA,NA,NA,NA,NA,NA,NA,NA,NA,NA,NA,NA,NA,NA,NA,NA,NA,NA,NA,NA,NA,NA,NA,NA,NA,NA,NA,NA,NA,NA,NA,NA,NA,NA,NA,NA,NA,NA,NA,NA,NA,NA,NA,NA,NA,NA,NA,NA,NA,NA,NA,NA,NA,NA,NA,NA,NA,NA,NA,NA,NA,NA,NA,NA,NA,NA,NA,NA,NA,NA,NA,NA,NA,NA
-0.0122751268605249,0.0487595614126196,-0.0183504960740168,0,-0.043264865447267,0,0.0547296747372843,0.0172589550940457,0,-0.0284180619881004,0,0,0,0.0644244403009282,0.0440388774474504,-0.00960210849515268,-0.0320767626089261,-0.00660103940006801,-0.00648344484948697,0,-0.00318275503403511,0,-0.0226873695132747,0,0.0132845724781026,-0.00595389166917644,0,0.014322749485143,0,-0.0398852643353529,-0.00372923286016339,0,0,0,0,0,0,0,0,0,0,0.0197319351292985,0.060956706931694,0.0390336626139143,-0.0163690324042731,0.0664773175455823,0.0273572812591883,-0.00406741655888222,0,-0.00537940406462594,-0.00325050712786897,0,-0.00888346915047129,0.0584467256800383,0.000527337993145784,0.00198906317491679,0.0257862552714924,0,0,0.00171794951651188,-0.0322615399607627,-0.0238645089963504,-0.0103002805837646,0,0.01467877100331,-0.0109749412921687,0,-0.0276105352338784,0,0.0168878272716121,0,0,-0.00675308835599126,0,0,0,0,-0.00620419926664555,0.0294282604093373,0,-0.0147585975713465,0,0.0204350495902551,-0.0139159667576199,0,-0.00562674811788198,0,0,0,0,0,0,0.0498864364020232,-0.0474728154307945,0,0.0246111157768908,0,-0.0245847588865104,-0.0312092115576238,0,0,0,0.00143596983363088,0,-0.0265683726440059,0.0719468628091161,-0.000445095979522754,-0.00736988440986261,-0.0041420969520386,0,0,-0.0349230330770661,-0.0269053004014973,0.00932621494283119,0,-0.0407628975471015,-0.00308150927389904,0,0,-0.0000931515806247494,0,-0.00377070398944839,0.00494736005036834,-0.00380893160288853,0,-0.03548930497843,0,0,0,0,-0.0734169665527002,0,0.0208445680592101,0,0.0232032566050314,0,0,0.0273319568730997,0,0,0.00998245849890043,-0.0162465590592742,0,0.009123355895933,0,0,0,0,0.0125120291140203,-0.00102549917558799,0,0,0,0,0,0,0,0,0,0,0,0,0,0,-0.0133751121574065,0,-0.0025984884109655,0,-0.0147914363033789,0.0451724778311629,0,-0.00938792630987485,-0.00231338988663111,0,0,0,-0.00590182737570611,0,0.0533933551023681,0,-0.0293368133172674,0.0267171032592374,0,0.0249362119243073,-0.00634876620885264,0.0026428819146953,-0.0236958272390907
NA,NA,NA,NA,NA,NA,NA,NA,NA,NA,NA,NA,NA,NA,NA,NA,NA,NA,NA,NA,NA,NA,NA,NA,NA,NA,NA,NA,NA,NA,NA,NA,NA,NA,NA,NA,NA,NA,NA,NA,NA,NA,NA,NA,NA,NA,NA,NA,NA,NA,NA,NA,NA,NA,NA,NA,NA,NA,NA,NA,NA,NA,NA,NA,NA,NA,NA,NA,NA,NA,NA,NA,NA,NA,NA,NA,NA,NA,NA,NA,NA,NA,NA,NA,NA,NA,NA,NA,NA,NA,NA,NA,NA,NA,NA,NA,NA,NA,NA,NA,NA,NA,NA,NA,NA,NA,NA,NA,NA,NA,NA,NA,NA,NA,NA,NA,NA,NA,NA,NA,NA,NA,NA,NA,NA,NA,NA,NA,NA,NA,NA,NA,NA,NA,NA,NA,NA,NA,NA,NA,NA,NA,NA,NA,NA,NA,NA,NA,NA,NA,NA,NA,NA,NA,NA,NA,NA,NA,NA,NA,NA,NA,NA,NA,NA,NA,NA,NA,NA,NA,NA,NA,NA,NA,NA,NA,NA,NA,NA,NA,NA,NA,NA,NA,NA,NA,NA
NA,NA,NA,NA,NA,NA,NA,NA,NA,NA,NA,NA,NA,NA,NA,NA,NA,NA,NA,NA,NA,NA,NA,NA,NA,NA,NA,NA,NA,NA,NA,NA,NA,NA,NA,NA,NA,NA,NA,NA,NA,NA,NA,NA,NA,NA,NA,NA,NA,NA,NA,NA,NA,NA,NA,NA,NA,NA,NA,NA,NA,NA,NA,NA,NA,NA,NA,NA,NA,NA,NA,NA,NA,NA,NA,NA,NA,NA,NA,NA,NA,NA,NA,NA,NA,NA,NA,NA,NA,NA,NA,NA,NA,NA,NA,NA,NA,NA,NA,NA,NA,NA,NA,NA,NA,NA,NA,NA,NA,NA,NA,NA,NA,NA,NA,NA,NA,NA,NA,NA,NA,NA,NA,NA,NA,NA,NA,NA,NA,NA,NA,NA,NA,NA,NA,NA,NA,NA,NA,NA,NA,NA,NA,NA,NA,NA,NA,NA,NA,NA,NA,NA,NA,NA,NA,NA,NA,NA,NA,NA,NA,NA,NA,NA,NA,NA,NA,NA,NA,NA,NA,NA,NA,NA,NA,NA,NA,NA,NA,NA,NA,NA,NA,NA,NA,NA,NA
-0.0122298135564186,0.0489540553806276,-0.0173162110815405,0,-0.042602414553722,0,0.0550895926228177,0.0103160669505908,0,-0.0286658995667792,0,0,0,0.0640153349045705,0.0589266016127994,-0.00979957307925279,-0.0329197980485793,-0.00773422788581051,-0.0085947887023164,0,-0.0024322820231823,0,-0.0212587728121834,0,0.0123943469073229,-0.00515593433209833,0,0.0146893479919811,0,-0.0397983036160989,-0.00506508954869837,0,0,0,0,0,0,0,0,0,0,0.0186373412328272,0.0586553220539,0.0402279352229019,-0.0201488951010748,0.0672450712732236,0.0241506703206139,-0.0044543380509418,0,-0.00507526118681388,-0.00400552503139739,0,-0.0125223255908652,0.0587154634100133,0.00245395209653531,0.00276816382084749,0.0231848209418047,0,0,0,-0.0331429881871868,-0.0251779905307325,-0.00119958186565631,0,0.0115883629496851,-0.0114765824248488,0,-0.0288252316309881,0,0.0174014493317066,0,0,-0.00784199502744732,0,0,0,0,-0.00684775125766846,0.0291957370753728,0,-0.0141127939751554,0,0.0196236955252011,-0.013323901847119,0,-0.00440312779555567,0,0,0,0,0,0,0.0445213728796207,-0.0466003206487508,0,0.0254471582283865,0,-0.0270517056924112,-0.0314888703599057,0,0,0,0.00478099260752655,0,-0.0263931131966824,0.0726151247660842,-0.0000606211555570408,-0.00760980068145535,-0.00252778455214348,0,0,-0.0359466837403335,-0.0255220849444947,0.00688208871847902,0,-0.0410724211791592,-0.0046712824734282,0,0,-0.000957731767910236,0,-0.00167775846771467,0.00455912853995459,-0.00598276047844834,0,-0.0333052706077279,0,0,0,0,-0.0769239123063551,0,0.0187024147354739,0,0.0231882509837514,0,0,0.0294229705533122,0,0,0.0121016324860533,-0.014985595945907,0,0.00761856783173185,0,0,0,0,0.0108272442828743,0,0,0,0,0,0,0,0,0,0,0,0,0,0,0,-0.0124470603496408,0,-0.000797998128356783,0,-0.0130581945030359,0.043383152655516,0,-0.0115783682827879,0,0,0,0,-0.00545528776381327,0,0.0434610534971446,0,-0.02899949536677,0.0268066842033611,0,0.0271441639492432,-0.00709286582406403,0.00168244169371307,-0.0243474832887006
NA,NA,NA,NA,NA,NA,NA,NA,NA,NA,NA,NA,NA,NA,NA,NA,NA,NA,NA,NA,NA,NA,NA,NA,NA,NA,NA,NA,NA,NA,NA,NA,NA,NA,NA,NA,NA,NA,NA,NA,NA,NA,NA,NA,NA,NA,NA,NA,NA,NA,NA,NA,NA,NA,NA,NA,NA,NA,NA,NA,NA,NA,NA,NA,NA,NA,NA,NA,NA,NA,NA,NA,NA,NA,NA,NA,NA,NA,NA,NA,NA,NA,NA,NA,NA,NA,NA,NA,NA,NA,NA,NA,NA,NA,NA,NA,NA,NA,NA,NA,NA,NA,NA,NA,NA,NA,NA,NA,NA,NA,NA,NA,NA,NA,NA,NA,NA,NA,NA,NA,NA,NA,NA,NA,NA,NA,NA,NA,NA,NA,NA,NA,NA,NA,NA,NA,NA,NA,NA,NA,NA,NA,NA,NA,NA,NA,NA,NA,NA,NA,NA,NA,NA,NA,NA,NA,NA,NA,NA,NA,NA,NA,NA,NA,NA,NA,NA,NA,NA,NA,NA,NA,NA,NA,NA,NA,NA,NA,NA,NA,NA,NA,NA,NA,NA,NA,NA
-0.0117115728479235,0.0442360858254285,-0.0182079287855859,0,-0.0446724346628241,0,0.0615158967919568,0.0104386040195115,0,-0.0277559411310853,0,0,0,0.0619634790077712,0.0523366948309943,-0.00916011118260701,-0.0316826124661834,-0.00575277328773418,-0.00800220842309881,0,-0.0018896671491241,0,-0.0228771982013914,0,0.0121512460403096,-0.00369771750735163,0,0.0140451304549137,0,-0.0396840332366438,-0.00477228167231558,0,0,0,0,0,0,0,0,0,0,0.0181672833271817,0.0618294179650714,0.0404445114206204,-0.0166218849295617,0.0640948439571322,0.0274654864300471,-0.00461658467740332,0,-0.00473122008303082,0,0,-0.00976448487240553,0.058256318297098,0.00278688169389531,0,0.0209449888660776,0,0,0.00450524368649988,-0.0330881238081687,-0.0234543228085215,-0.0076962012688665,0,0.0115202142474392,-0.0110548457211612,0,-0.0277888323320369,0,0.0176170198786445,0,0,-0.00547350208694206,0,0,0,0,-0.00583373035749629,0.0292441781567608,0,-0.0142279294538609,-0.00012828371377466,0.0210794486516093,-0.0144205875828296,0,-0.00610614831848355,0,0,0,0,0,0,0.0562013670624726,-0.0469081769666437,0,0.0255061135903206,0,-0.0253879145958247,-0.0308426406798018,0,0,0,0.00116257720334767,0,-0.027235393378988,0.0778876496242106,-0.000134888457819921,-0.00699392238237328,-0.00405577479160981,0,0,-0.0361567413520339,-0.0265940649337907,0.00921413200505999,0,-0.0425781731293843,-0.0036200521507364,0,0,0,0,-0.00460757030940642,0.007424641671863,-0.00318815935448279,0,-0.0358879177340061,0,0,0,0,-0.0740260627133738,0,0.020732938040652,0,0.023660142625351,0,0,0.0299799668233104,0,0,0.0106615458305718,-0.0162972300639522,0,0.0105129481834901,0,0,0,0,0.0109429323435428,-0.00117600017056404,0,0,0,0,0,0,0,0,0,0,0,0,0,0,-0.0175778538601576,0,-0.00330012696621158,0,-0.014461890827367,0.044390132698524,0,-0.0135154072103381,-0.0000392593382528893,0,0,0,-0.00580280332128183,0,0.0538269028509825,0,-0.0277495813561746,0.0257402114025795,0,0.0253269900979964,-0.00585738403160702,0.00273888601165267,-0.0238344576801377
-0.0115867734540219,0.0545819134659977,-0.0180336012927586,0,-0.0413440986437235,0,0.0650852856801016,0.00983639876289341,0,-0.0277932771477228,0,0,0,0.0586251782272282,0.0659616801003074,-0.00976022799826051,-0.0311387397964203,-0.00806968825493292,-0.00882061777298388,0,-0.0030381572521972,0,-0.02167344926013,0,0.0132804409886578,-0.00403244304682042,0,0.0138232871460108,0,-0.0379743494579909,-0.00451926331253738,0,0,0,0,0,0,0,0,0,0,0.0176505145539318,0.0595018148746802,0.0413697065448929,-0.0199913191833326,0.0645593397677879,0.0235728338481943,-0.00367943944354225,0,-0.00604352535922762,-0.00370577164773356,0,-0.0138422883186422,0.0542284980971869,0,0.00364714632671423,0.0218108367072851,0,0,0.0000581861522636886,-0.0337003977463004,-0.0247686266025586,-0.00156177188282914,0,0.0117516310645687,-0.0117564130345198,0,-0.0222707457962205,0,0.017001427607798,0,0,-0.0084831511163337,0,0,0,0,-0.00576926401397831,0.0302394251154902,0,-0.0134299173753758,0,0.0195692601930591,-0.0150691131942031,0,-0.00374352016764316,0,0,0,0,0,0,0.0430836972271096,-0.0485549969747216,0,0.026073000007753,0,-0.0287561529257373,-0.0322219261243775,0,0,0,0.00436708853465795,0,-0.0283350856526991,0.0765914179035832,-0.000623504649794672,-0.00866450287024081,-0.00201080256036207,0,0,-0.0373890581457759,-0.0266403090235753,0.00957446780977263,0,-0.0416746603587236,-0.00395532413500294,0,0,0,0,-0.00695907053048335,0.00411849675849833,-0.00309572775819061,0,-0.0349837854579308,0,0,0,0,-0.0742565137361717,0,0.0208637620268651,0,0.0237866467453997,0,0,0.0324578788256198,0,0,0.00475261708824142,-0.0144790356104801,0,0.0101676345417636,0,0,0,0,0.0104274699947599,-0.000150570599761331,0,0,0,0,0,0,0,0,0,0,0,0,0,0,-0.0133934936895849,0,-0.000349491887159905,0,-0.0146697478473429,0.0459399993094846,0,-0.0111074650769738,-0.00518064203102692,0,0,0,-0.00653842324260865,0,0.053657228689252,0,-0.0274160894317987,0.0261205788677706,0,0.0249073706091045,-0.00527492439719802,0.00173953570686823,-0.0252665076834967
-0.0370257843432558,0.0721754567751708,-0.0156748018953737,0,-0.0235321844567448,0,0.00197420595802463,0,0,-0.0170328163350635,0,0,0,0.0671314284884943,0,-0.00747259001769602,-0.0369387109828576,-0.00919333640267133,0,0,-0.00507854917015939,0,-0.0106058835327596,0,0.00170729317796488,-0.00611858628018746,0,0.0178864846864621,0,-0.0354462644805896,0,0,0,0,0,0,0,0,0,0,0,0.0261267603047222,0.0348908367412409,0.0237465541058636,-0.00626820355580633,0.0913564703718267,0.0262714234991778,-0.00579595451457485,-0.00242137470190787,-0.00959310970451788,-0.000000557479641466672,0,-0.0240982634819577,0,0.0331639399010016,0.0189812781380312,0.0617725253454181,0,0,0.0047251967253838,-0.0134570025247195,-0.0217194686699235,0,0,0.0242437966864503,-0.00715751498844812,0,-0.00674368557597077,0,0.0190654755491539,-0.00384932199862096,0,0,0,0,0,0,-0.0123039455686587,0.0330514879574754,0,-0.013865411357568,0,0.0127580644555523,0,0,0,0,0,-0.00471548804972428,0,-0.00334682515170949,0,0.0175477706675737,-0.0375666894007725,0,0.0207661826461217,-0.00617843770949368,-0.0176216698615605,-0.0208520164812743,0,0,0,0,0,-0.0184610900138105,0,0,0,-0.0238564729953804,0,0,-0.00864432355667726,-0.0303087589938752,0,0,-0.022958918192388,-0.00846886198676213,0,0,0,0,0,0,-0.0170810834177482,0,-0.0184927516995643,0,0,0,0,-0.0465051859425135,0,0.0241855243611573,0,0.0233784075221085,0,0.000701252313594389,0.0109328355101071,0,0,0.00863160324909202,-0.0302457401611775,0,0.0120487944214984,0,0,0,0,0.00601928039827644,-0.00390099983175712,0,0,0,0,0,0,0,0,0,0,0,0,0,0,0,0,0,0,-0.0197498620354754,0.0491032762123463,0,-0.00124101849095896,-0.012437169879354,0,-0.00065579073490603,0,0,0,0.0489536394191506,0,-0.0312580870967319,0.0179635737009767,0,0.0303101218745725,-0.00491642865437074,0,-0.0146561759156305
-0.0152838325988243,0.0512397147370773,-0.0181995223874831,0,-0.0407142329323013,0,0.0573412775856825,0.0131962608009615,0,-0.0290883818474807,0,0,0,0.064949746918345,0.0462576277344604,-0.00980812303593439,-0.0322210927980252,-0.00824254096731254,-0.00941471108923913,0,-0.0030072123242477,0,-0.0218344067883245,0,0.0117899584981122,-0.00440024593212515,0,0.0140547782362487,0,-0.0376564442109605,-0.0031282476666124,0,0,0,0,0,0,0,0,0,0,0.0199802231293295,0.0557071122125622,0.0365710228616428,-0.0183520585991687,0.0657258956292917,0.0273874934859861,-0.00448409755629773,0,-0.00539716341525839,-0.00314749066099408,0,-0.0096877875861858,0.0598743531866307,0.00275410999341171,0,0.025691216422878,0,0,0.0012399763808068,-0.0308822607638869,-0.0226264042243543,-0.0089958254829849,0,0.0138118143866947,-0.0109638414818524,0,-0.0269834107674227,0,0.0195238686072155,0,0,-0.00711866275401,0,0,0,0,-0.00671432644470506,0.030388304807587,0,-0.0137071356945578,0,0.0196954328992377,-0.0117602541374974,0,-0.00488806447277927,0,0,0,0,0,0,0.0432536167239197,-0.0465377360319616,0,0.0255336101455912,0,-0.0243862490251265,-0.03129040135651,0,0,0,0.00189112608980178,0,-0.0258000272002032,0.0679553467523567,0,-0.00649656465437396,-0.0054105725248795,0,0,-0.0337113254900773,-0.0265568552566297,0.00895848775979966,0,-0.0398562117755165,-0.0036564489391375,0,0,0,0,-0.00235463159543283,0.00480868890496365,-0.00465544447481259,0,-0.0332659467097688,0,0,0,0,-0.0706705565627766,0,0.0211261372293597,0,0.0239921392359694,0,0,0.0247865989682397,0,0,0.00997691187488123,-0.0175755216989209,0,0.00975888736831692,0,0,0,0,0.00836335275673492,-0.0000929918695531703,0,0,0,0,0,0,0,0,0,0,0,0,0,0,-0.0104935083360819,0,-0.00417311149404579,0,-0.0149199752575243,0.0452255252239094,0,-0.010568392417196,-0.00433764622576961,0,0,0,-0.00520393144460006,0,0.0518041141067281,0,-0.0291432000594832,0.0254338031555489,0,0.0269171708368977,-0.00615440968508708,0.00146776059541727,-0.0236531208981646
-0.014229798550124,0.0514051679134869,-0.0191135433904281,0,-0.0403675581087237,0,0.0555037067232846,0.0123384736507144,0,-0.0270714010953182,0,0,0,0.0633770813109816,0.0433773917418352,-0.00907696958961928,-0.0315303854905961,-0.00708366690301569,-0.0063306931782672,0,-0.00312356162611441,0,-0.0202982519365725,0,0.0100006966735927,-0.00619920148438762,0,0.0144636962817274,0,-0.0380966881971915,-0.00151608726755624,0,0,0,0,0,0,0,0,0,0,0.0190287398227003,0.0594463013755877,0.0381723330573913,-0.0158421450742396,0.0665858373104799,0.0259322846591832,-0.00447802804237751,0,-0.00605110254009752,-0.00306062126434473,0,-0.00981201743853345,0.0575313728466413,0.00275422424420356,0.00208075278815248,0.025669142385505,0,0,0.00174377388819343,-0.0308947297623053,-0.0228602186835843,-0.00839907141147878,0,0.0137083517469623,-0.0102974497761147,0,-0.0257227516858019,0,0.0167093242116299,0,0,-0.00611383348084494,0,0,0,0,-0.00688649027016447,0.0297111979966083,0,-0.014605997142704,0,0.019485099834777,-0.0131359321404081,0,-0.00500298627396382,0,0,0,0,0,0,0.0433193815702736,-0.0465952797741902,0,0.024809903512114,0,-0.0240077377852301,-0.0309893629042783,0,0,0,0.00243941623462373,0,-0.026191180224867,0.0682482542748717,0,-0.00676931230184569,-0.00456642848076912,0,0,-0.0334092210982749,-0.0273453013944552,0.00839940891346272,0,-0.0388258681991516,-0.0040498235964904,0,0,0,0,-0.00235090264247737,0.00350111439275214,-0.00447291024551986,0,-0.0341009321946397,0,0,0,0,-0.0701094679130614,0,0.0205902888375471,0,0.0235266199150769,0,0,0.0250431249012247,0,0,0.0104427742055154,-0.017175699807627,0,0.00890075265271312,0,0,0,0,0.0100948565340209,-0.00153289385408107,0,0,0,0,0,0,0,0,0,0,0,0,0,0,-0.0105154931955116,0,-0.00223572932037183,0,-0.0143968006485491,0.041846435140969,0,-0.0108907846566871,-0.00262309506981091,0,0,-0.000692836159991853,-0.00627733991900399,0,0.0498030078504232,0,-0.028808280074011,0.0251572465470348,0,0.0263267261695605,-0.00682906536409518,0.00182965767965818,-0.0234062523823761
-0.0133084739169551,0.0484377255434063,-0.0180739621002848,0,-0.0411493591647708,0,0.0557073677172564,0.0146612423899589,0,-0.0279631246869955,0,0,0,0.0672223490787333,0.0450945623601507,-0.0099296036095485,-0.0325738693483944,-0.00734515476033061,-0.00763102333069466,0,-0.00204254572871574,0,-0.0215926758682838,0,0.0107873689155128,-0.00552395864488593,0,0.0143740446433156,0,-0.0390719863853736,-0.00249449803774369,0,0,0,0,0,0,0,0,0,0,0.0184990428176665,0.059500928430994,0.0392602311325984,-0.0158408937431758,0.0661935332129609,0.0269465338737933,-0.0039311253717128,0,-0.00612484212895981,-0.00322271340519239,0,-0.00798990962739192,0.0600446810895011,0.000995313684570093,0,0.0238689234691187,0,0,0.00206811649545511,-0.0304030725643808,-0.0222882749803784,-0.00956831442263177,0,0.0125462247944858,-0.0105830780300701,0,-0.0272781806008969,0,0.0180321823546672,0,0,-0.00598099625693367,0,0,0,0,-0.00731162845028971,0.0294278316437319,0,-0.0149690049481645,0,0.0200521907413441,-0.0122225473316212,0,-0.00584310425136572,0,0,0,0,0,0,0.0434872357915259,-0.0467665265228424,0,0.0242581051537892,0,-0.0246578193287363,-0.0314283562021062,0,0,0,0.00177887864870311,0,-0.0264747685401753,0.0672201212239861,-0.0000911219672091439,-0.00506888958210312,-0.00438956569459814,0,0,-0.033782954153307,-0.0261605585234168,0.00844170118069407,0,-0.0395706509637739,-0.00429712509827564,0,0,-0.000380800220036705,0,0,0.00507707410213987,-0.0046438858027918,0,-0.0362905739196706,0,0,0,0,-0.0699998647563968,0,0.0208019085616749,0,0.0235548591677232,0,0,0.0312404615816948,0,0,0.011532727308209,-0.0163013609709584,0,0.00863697927706204,0,0,0,0,0.0120498383756007,-0.000415495819305821,0,0,0,0,0,0,0,0,0,0,0,0,0,0,-0.0118295588443704,0,-0.00339848555369742,0,-0.0155929284681184,0.0420878632048715,0,-0.0110100211060641,-0.00317284753662817,0,0,-0.0000467648985000182,-0.0057047697938454,0,0.0515027521579362,0,-0.0293480286129328,0.0262517635485902,0,0.0270813059604449,-0.00750910746779398,0.00183266241041632,-0.0239966860011677
-0.0111146348840917,0.0518631144018812,-0.019926362344401,0,-0.0412186061555649,0,0.0509941250069668,0.0170488218405195,0,-0.0260033233027655,0,0,0,0.0660896055162628,0.0654053066255575,-0.00992962194211407,-0.0330463578697078,-0.0103012220713789,-0.00766753611795274,0,-0.000888055441450101,0,-0.0212093776576762,0,0.0103408044969167,-0.0054243083662881,0,0.0144077514131647,0,-0.0378519852850545,0,0,0,0,0,0,0,0,0,0,0,0.0125207154725867,0.0648714621375266,0.0418332845057742,-0.016744004627257,0.0666489198546251,0.0231782463041458,-0.000253455288293077,0,-0.00638096564513344,-0.00324594854452773,0,-0.00658015875881651,0.0700380996477831,0,0,0.0200198292944618,0,0,0.0000706945187765657,-0.0317612141036051,-0.0260529978485043,-0.0121378696369976,0,0.0100992103773115,-0.0118886575914165,0,-0.029853900163162,0,0.0177807679932533,0,0,-0.00566717472348121,0,0,0,0,-0.00645977969886583,0.0312300104173126,0,-0.0173796317420801,0,0.0198800357069585,-0.0145947343603709,0,-0.00593947922772569,0,0,0,0,0,0,0.039639202807853,-0.0464579611187153,0,0.0249251654368734,0,-0.0266379696785824,-0.0309213962232812,0,0,0,0.00229027267581688,0,-0.0246466009503628,0.0675547731786181,-0.00220727545526331,-0.00530034925406805,-0.00259621325769916,0,0,-0.033615334588905,-0.027775582589592,0.00793825777029496,0,-0.0407729906187301,-0.00443178124650248,0,0,-0.00146755546496359,0,0,0.00437484289186336,-0.00625997047879941,0,-0.031755195820967,0,0,0,0,-0.0685607453027934,0,0.0227425999282443,0,0.0256712460794064,0,0,0.0263496235527878,0,0,0.00979834260556844,-0.0139849425413053,0,0.00610097300005224,0,0,0,0,0.0106232208637761,0,0,0,0,0,0,0,0,0,0,0,0,0,0,0,-0.0109694309049778,0,-0.00234738445928903,0,-0.0154104949675774,0.0429517008005137,0,-0.0117409187177725,0,0,0,-0.000595125949873361,-0.000923978650853817,0,0.0498294742786206,0,-0.0299671152820952,0.0268763880083501,0,0.0270008128491288,-0.00766559130786709,0.000108190316550619,-0.0233728209748222
-0.0126034948522989,0.047571172789631,-0.020353725711476,0,-0.0412783688703477,0,0.0548373280708373,0.0133274956098291,0,-0.0277888072158024,0,0,0,0.0640849975254226,0.0466454830532543,-0.00923846725283101,-0.0329074777575954,-0.00852410415150786,-0.00674033408526133,0,-0.00113873671944154,0,-0.0207471355215583,0,0.00954521909983455,-0.0059495139600818,0,0.0146146780370843,0,-0.038032646640628,0,0,0,0,0,0,0,0,0,0,0,0.0180981403916225,0.0599718425896981,0.0397234935312507,-0.0150758559127768,0.0674025901106814,0.0264129749245826,-0.00342755581719922,0,-0.00647240450986139,-0.00323860191449119,0,-0.0100944478606425,0.0601956085344354,0.000649583680159783,0.00328066311332573,0.0241586992248506,0,0,0.000396839101739532,-0.031567903444087,-0.0240546933993121,-0.00915364260949759,0,0.0122364017946947,-0.00991906653771799,0,-0.0275420975411614,0,0.0178814074342785,0,0,-0.00592973780243594,0,0,0,0,-0.00674318922995774,0.0301020487021656,0,-0.0155117926820072,0,0.0205654466833305,-0.0133393227992721,0,-0.00651131543648812,0,0,0,0,0,0,0.0431277750148522,-0.046715663632094,0,0.025068074699884,0,-0.0246959558542644,-0.0316627396429818,0,0,0,0.00270343020233841,0,-0.0267283790932672,0.0685283490171174,0,-0.00617792912277398,-0.00446532284609604,0,0,-0.0343592163202305,-0.0276265635163709,0.011381727034572,0,-0.0410257926649136,-0.00356667779298985,0,0,-0.000977292679643695,0,-0.00201573711432989,0.00407295526112229,-0.00547146035795466,0,-0.0342393176397043,0,0,0,0,-0.0678621728503278,0,0.0211919384847139,0,0.0238758092912552,0,0,0.0271339840379736,0,0,0.00875289773627947,-0.0161232417670532,0,0.00815449034456738,0,0,0,0,0.010894580717737,-0.00107184157586894,0,0,0,0,0,0,0,0,0,0,0,0,0,0,-0.0120490948959065,0,-0.00487070798620715,0,-0.0150470866981445,0.0442462367378347,0,-0.0119877811774205,0,0,0,0,-0.00475467926339343,0,0.0534996119551164,0,-0.0305287592890812,0.0264110538929507,0,0.0265660946684013,-0.00701519413963424,0.000747452991833241,-0.0227894008466848
-0.0132959613908598,0.0478657616660662,-0.0193515729706225,0,-0.0419916283120404,0,0.0560582373346956,0.0130810217783286,0,-0.0281576448203943,0,0,0,0.0656445930814252,0.0432805872943039,-0.00898367040850899,-0.0315737444039359,-0.0067823908227228,-0.00591146328639714,0,-0.00262518780318821,0,-0.0201237162097419,0,0.0101500916432153,-0.00560711059978571,0,0.0144860370015709,0,-0.0382718951988838,-0.00261297606537607,0,0,0,0,0,0,0,0,0,0,0.0181991168490725,0.0600888551372918,0.0383534104458852,-0.0158009602577608,0.0656633975730227,0.0268515486574307,-0.0040235253655482,0,-0.00562980065769194,-0.00334001128917957,0,-0.00949501055942811,0.058902971359186,0.00291762800484268,0.00176904668189547,0.024109172797223,0,0,0.00147857051474573,-0.0313964127913997,-0.0236085538004631,-0.00749006844167847,0,0.0133528690078027,-0.0112211410498623,0,-0.0264491476275599,0,0.0174372824571283,0,0,-0.00642139020965599,0,0,0,0,-0.00686706496822798,0.0293490567388928,0,-0.0150664158242529,0,0.0200243266719672,-0.0129811782314449,0,-0.00537553761574401,0,0,0,0,0,0,0.0499280562406273,-0.0468146027072061,0,0.0250304389892179,0,-0.0242964960402505,-0.0315291883032352,0,0,0,0.00116423302988923,0,-0.0264368670463553,0.0674503175246067,0,-0.00593959893840662,-0.00572622183911505,0,0,-0.0340378987066932,-0.0266991359722049,0.00994486235664977,0,-0.0406347420338772,-0.00353784423212835,0,0,-0.0002296948588939,0,-0.00161226660771162,0.0041121154615198,-0.00431646376599943,0,-0.0342969076489392,0,0,0,0,-0.069861555277095,0,0.0210193748550337,0,0.0238780759541796,0,0,0.0266283887597546,0,0,0.00948909475555954,-0.0163639806782709,0,0.00987560846787078,0,0,0,0,0.0106141085400637,-0.000874191828438034,0,0,0,0,0,0,0,0,0,0,0,0,0,0,-0.0103579085549478,0,-0.00281679603652725,0,-0.0148051389726251,0.0427834369536029,0,-0.0112273330798135,-0.00202973048879577,0,0,0,-0.00565424163050118,0,0.0487353774109225,0,-0.0295048756337665,0.0263276862983395,0,0.0266327570134031,-0.00702557328408263,0.00174664414804822,-0.023340802875781
-0.0166783761175398,0.0515769883865984,-0.0147698789100595,0,-0.0407089948166309,0,0.0534793707096446,0.0124790561340334,0,-0.0266814370641661,0,0,0,0.0621054758851218,0.0427219993692682,-0.0106649267781091,-0.0320495899198917,-0.00560209127609004,-0.00249874456781376,0,-0.00161203765318388,0,-0.0204703726428033,0,0.0102227876929838,-0.00716527280779562,0,0.0146543780266858,0,-0.0513424642551439,0,0,0,0,0,0,0,0,0,0,0,0.018795688055606,0.0595299977881735,0.0425544984940348,-0.0189694616609825,0.06834896093956,0.0265839092445387,-0.00248662992080732,0,-0.00661600969594935,-0.00404400673667874,0,-0.0112057568297304,0.058931253229507,0.00342080278872528,0,0.0291335418245426,0,0,0.00365254427694365,-0.0323228136551247,-0.0211440800922573,-0.00782308713127039,0,0,-0.0112929459700672,0,-0.0270639590347207,0,0.0201262464184105,0,0,-0.00493489641215779,0,0,0,0,-0.0064922785762456,0.0311604164650757,0,-0.0168816196573793,0,0.0202444381583043,-0.0123984302192905,0,-0.00196276929611988,0,0,0,0,0,0,0.0359512988437212,-0.0476802214313265,0,0.0255439392077448,0,-0.0241055453647376,-0.0306833243064474,0,0,0,0.00259942713381372,0,-0.0262709865724277,0.0688146454862007,0,-0.00744852009169339,-0.00698673568174292,0,0,-0.0333339577582317,-0.0263192940596667,0.00387318977926164,0,-0.0388554001869775,-0.00408153200829625,0,0,0,0,-0.00463261914770449,0.00364147691012185,-0.00210217917602331,0,-0.0336673721211615,0,0,0,0,-0.0769582704065931,0,0.0193889150366389,0,0.02478957084117,0,0,0.028924865775557,0,0,0.0123740375156118,-0.0191051475969117,0,0.0082493990521809,0,0,0,0,0.00998808730274404,-0.00177359900205976,0,0,0,0,0,0,0,0,0,0,0,0,0,0,-0.0126335451251001,0,-0.00102361719019562,0,-0.0150185995569822,0.043026345136682,0,-0.00992291024279816,-0.0000382918657371217,0,0,0,-0.00310169651720032,0,0.0480474111023979,0,-0.0258428655980761,0.0259049206925612,0,0.0293692314232687,-0.00424118093304841,0,-0.0241112661255668
-0.0120757331652715,0.0490445512103947,-0.021015304541215,0,-0.041530454450347,0,0.056073759729957,0.0124503584685898,0,-0.0269580895493535,0,0,0,0.0670241274464068,0.0444720403852062,-0.00937220820103632,-0.0320509546762547,-0.00783966932139504,-0.00526568245801592,0,-0.00104201751115968,0,-0.0207418842786954,0,0.00810908205868909,-0.00585825443555558,0,0.0149145175181603,0,-0.03698834375143,-0.00389177140910297,0,0,0,0,0,0,0,0,0,0,0.0196766516581014,0.0605099558659876,0.0379547069025187,-0.0154458946706728,0.0669378982182473,0.0249130106280789,-0.00508587238073436,0,-0.00652543574569911,-0.0034741227946506,0,-0.00945648167290998,0.0569296280267759,0.00235015166632832,0.00000863890554135661,0.0247618245228669,0,0,0.00229874899656818,-0.0315240787656766,-0.0233932719898802,-0.00786056541479661,0,0.0129264885212107,-0.0119504456725875,0,-0.0267267608932461,0,0.0186672045522891,0,0,-0.0065546580889521,0,0,0,0,-0.00743088207007451,0.0295470520890836,0,-0.0154240430602095,0,0.0207357543326387,-0.0129770342108506,0,-0.00595540584458398,0,0,0,0,0,0,0.0446388607144043,-0.0467854211310795,0,0.0248788466093775,0,-0.0240429642800075,-0.0314878054323543,0,0,0,0.00326047731699124,0,-0.0265012523705741,0.0666455274328793,0,-0.00586401063538835,-0.00545004961030026,0,0,-0.0336925009291818,-0.0281849646668224,0.00667734979059078,0,-0.0408024167191783,-0.00507076637692309,0,0,-0.000618920423275166,0,-0.00200261606274746,0.00425315550022909,-0.00596914500824612,0,-0.0335209770578131,0,0,0,0,-0.0663286366347599,0,0.0215049019656966,0,0.0244815612090518,0,0.0131813665398723,0.0261881477173267,0,0,0.00588509319123026,-0.0155184743425751,0,0.00723355822722373,0,0,0,0,0.00911358124615998,-0.000437166387518256,0,0,0,0,0,0,0,0,0,0,0,0,0,0,-0.0101999280344785,0,-0.00278990692195406,0,-0.0152085709555564,0.0432975559583787,0,-0.0119053464922308,-0.00221326315270643,0,0,-0.000293520857573544,-0.00540809261744072,0,0.0532870740429301,0,-0.030302066450179,0.0257844549143348,0,0.0280732252561356,-0.00776572590697116,0.000594655282954641,-0.0236287125425763
-0.0121783618034281,0.0525539109108933,-0.0225892273210783,0,-0.0407956506621088,0,0.0548626956954095,0.0125042058596452,0,-0.0282020854174907,0,0,0,0.0689842897117443,0.0451987693105237,-0.00886673341224813,-0.0318310418125555,-0.00836408250252633,-0.00829572146530408,0,-0.00330948911388343,0,-0.0217461312785159,0,0.00883384206903575,-0.00624953520221791,0,0.0142532033885023,0,-0.0351329313039742,-0.00228714265640228,0,0,0,0,0,0,0,0,0,0,0.0247290814957043,0.0593923886283075,0.0377990794401903,-0.0164222007491555,0.0666000401447842,0.0244747339982487,-0.00537150477281818,0,-0.0064753730335713,-0.00316233243021511,0,-0.0108360933300321,0.0585971594526969,0.00237115802187651,0,0.0240559820143603,0,0,0.00177764084270534,-0.0315311410624788,-0.0199251888373492,-0.0099897164670575,0,0.0115557915048066,-0.0108132119567412,0,-0.026564363604606,0,0.016382014453264,0,0,-0.0073174347749733,0,0,0,0,-0.00699158148280848,0.0292098906294852,0,-0.013678276296803,0,0.0188989519881568,-0.0142579468090098,0,-0.00600213274218285,0,0,0,0,0,0,0.0426100018500504,-0.0466970911714801,0,0.0245529934153844,0,-0.0242409251153763,-0.0314692636194446,0,0,0,0.00298281182957966,0,-0.0258042047703202,0.0669643736728415,0,-0.00705779800859401,-0.00391957271592039,0,0,-0.0343103726609578,-0.0270258702017468,0.0067574178525785,0,-0.0388497486881612,-0.00519539793906179,0,0,-0.000449787948763343,0,-0.00275460746285761,0.00329774473529381,-0.0066159899360739,0,-0.0338449852196815,0,0,0,0,-0.0675701765140951,0,0.0210425148436749,0,0.0236052641130113,0,0,0.0229903380936403,0,0,0.0114757915669181,-0.0171445812898973,0,0.00495456779412373,0,0.000314541843244662,0,0,0.00969669256811275,-0.00104544664721053,0,0,0,0,0,0,0,0,0,0,0,0,0,0,-0.0106501934012878,0,-0.00220047190677401,0,-0.014843619823592,0.0432082071189038,0,-0.0120337420120989,-0.00597062160112448,0,0,-0.000316211080448726,-0.00597581952356011,0,0.0509992123705457,0,-0.0304218758285721,0.025188611261969,0,0.0281005146216268,-0.00771257508212817,0.00127888034828162,-0.0236926734651384
-0.0133865082092462,0.048667881374355,-0.0190992874161488,0,-0.0406694162657395,0,0.05566686596218,0.0114240304337629,0,-0.0273173479909807,0,0,0,0.0658045128938406,0.0461197377275916,-0.00925765174367666,-0.0320148904399727,-0.00698792729407244,-0.00476001387485452,0,-0.00148955302563673,0,-0.0200065457502744,0,0.00958986135586119,-0.00627403505507711,0,0.0145666790208911,0,-0.0377434112699902,-0.00135976942976143,0,0,0,0,0,0,0,0,0,0,0.0228414618362005,0.0595265753628721,0.0398936889336414,-0.0154939038031223,0.0667340308155714,0.0247814809808697,-0.00413482523718435,0,-0.00589830692730027,-0.00320628906950033,0,-0.0105851809975403,0.0581586219480763,0.00248573895968502,0.00121720880919698,0.0249462503812759,0,0,0.00143782677098974,-0.0317350815400811,-0.0231819566480699,-0.00743149290230334,0,0.0129909966838897,-0.0109727641336999,0,-0.0263233487954549,0,0.0177567224679413,0,0,-0.00666348832110326,0,0,0,0,-0.00652213835318251,0.0293125736038891,0,-0.014865900159791,-0.000224864916533917,0.0203080383725068,-0.0127817812699034,0,-0.00474326376141321,0,0,0,0,0,0,0.0424779073048935,-0.046800539413546,0,0.0253053050029217,0,-0.0244135206607262,-0.0314161594140704,0,0,0,0.00281301376107969,0,-0.0266896652030778,0.0663764694437426,0,-0.00621919184325375,-0.00543876283027367,0,0,-0.0342942658043392,-0.027135640619324,0.00770168461494797,0,-0.03983795924654,-0.00386183355574964,0,0,-0.000152260086870139,0,-0.00236145411709569,0.00336455457315337,-0.00505581665975919,0,-0.0349307493637422,0,0,0,0,-0.0709977126718836,0,0.0212881046405969,0,0.0244225946919111,0,0,0.02584764503115,0,0,0.0109533967243655,-0.0165045884963193,0,0.00795184143942139,0,0.0000057711942127569,0,0,0.00986549448341659,-0.00144620083637837,0,0,0,0,0,0,0,0,0,0,0,0,0,0,-0.00963033878426915,0,-0.00204362095627723,0,-0.0150256024632107,0.0435474419472932,0,-0.0116130908809755,-0.00290098367278186,0,0,0,-0.00502333703446989,0,0.0503703570432893,0,-0.0300790008533784,0.0256049771930364,0,0.0283761160556494,-0.00742804440042772,0.00169963741075194,-0.022947955658279
-0.0136273547706376,0.0487869099296892,-0.0187016169504976,0,-0.0406716613437972,0,0.0566510507128379,0.0122477216394585,0,-0.027593800540838,0,0,0,0.0649470053214789,0.0525947605523585,-0.0092053081820253,-0.0323353128308063,-0.00698201809471844,-0.00545391026657645,0,-0.00100784001220817,0,-0.0204539544954188,0,0.0101206745941152,-0.00560918490950713,0,0.0143108304330659,0,-0.038957546836906,-0.00261508708020788,0,0,0,0,0,0,0,0,0,0,0.0182657155057895,0.0601903571735907,0.0391431305783713,-0.0171081448714829,0.0666520648102406,0.0239051734487973,-0.00415642635744995,0,-0.00609940522068912,-0.00313742911683776,0,-0.00890885047711767,0.057981083627672,0.00212596329365819,0.00355645374756442,0.0248284691418343,0,0,0.00154005614277522,-0.0308423500200821,-0.0231161036284991,-0.00846346280817184,0,0.0130505616466322,-0.0110098080741656,0,-0.0265826866557896,0,0.0188697527418765,0,0,-0.00659446882277491,0,0,0,0,-0.00667478213466247,0.0300288809589667,0,-0.01450028461324,0,0.020102332012292,-0.0124067149469986,0,-0.00489997138645048,0,0,0,0,0,0,0.0427353570962109,-0.0462452854242594,0,0.0254624597982718,0,-0.0251882900560885,-0.0311506600452295,0,0,0,0.00258877169622025,0,-0.0260566284340056,0.0663233117029631,0,-0.00592288476061532,-0.00564646329661088,0,0,-0.033898828374267,-0.0265768490141194,0.00739446413759974,0,-0.0404827838539051,-0.0033111286336871,0,0,-0.000181483534081532,0,-0.00247233794964469,0.00443290389350802,-0.00515537216533915,0,-0.0340439440554795,0,0,0,0,-0.0711262456746423,0,0.0216629164645582,0,0.0247048094753075,0,0,0.0251309401500356,0,0,0.01090674879396,-0.0161911713705291,0,0.0104767659513001,0,0,0,0,0.00999697015922438,-0.000549401812922054,0,0,0,0,0,0,0,0,0,0,0,0,0,0,-0.0100898694246141,0,-0.00257674854096798,0,-0.0152380990163786,0.0430475312606755,0,-0.0116775750142959,-0.0025939798219027,0,0,0,-0.00543421901617795,0,0.0486774545720531,0,-0.0294543872008367,0.0256313833180232,0,0.0279078481992982,-0.00739852161483264,0.00164321985239353,-0.0233862168615032
-0.0141395980270094,0.0500897286925852,-0.0188770641934399,0,-0.0403196610109208,0,0.0554652743350796,0.0118327801330021,0,-0.0273732003899589,0,0,0,0.0652544264701333,0.043129197062967,-0.009353392558591,-0.0317237775563818,-0.00633608718210367,-0.00721208365491465,0,-0.00177407863260114,0,-0.0197167840013938,0,0.00939988841986705,-0.00620516706223711,0,0.0147341560004716,0,-0.0390832637012471,-0.000908798359093192,0,0,0,0,0,0,0,0,0,0,0.0184060317078929,0.0599428597957507,0.0387180361740561,-0.0163114446634655,0.0664457277915516,0.0259141905320879,-0.0038748386945392,0,-0.00591460275316598,-0.00319002163945836,0,-0.0104932774946758,0.0577363225797337,0.00263256642084717,0.00203635112030616,0.0255161843263044,0,0,0.00177788691268062,-0.0312195290244352,-0.022959439903287,-0.00774230691205716,0,0.0139454369707237,-0.010899010872599,0,-0.0257875445608354,0,0.0184260616993017,0,0,-0.00614343377396121,0,0,0,0,-0.00685729015291168,0.0299376456740747,0,-0.014975053379964,0,0.0201755220744217,-0.0127909747182958,0,-0.00470816931031447,0,0,0,0,0,0,0.0433202381217506,-0.0469873495759473,0,0.0253056252391553,0,-0.0239146428832603,-0.0311811952072201,0,0,0,0.00251283203176099,0,-0.026210542859007,0.0671856056009471,0,-0.00616546635652338,-0.0058788406759784,0,0,-0.03349384683023,-0.0267677768095087,0.00841845085060501,0,-0.0394887801825183,-0.00364364853319176,0,0,-0.000346544000403735,0,-0.00170612296121494,0.0033634883190433,-0.00505810035856608,0,-0.0337018961608558,0,0,0,0,-0.070506195591823,0,0.0209504211647152,0,0.0238692003890712,0,0,0.0260811301000716,0,0,0.0117192144523908,-0.0168644114682496,0,0.00924792356762719,0,0,0,0,0.00935995949228793,-0.000796168708956083,0,0,0,0,0,0,0,0,0,0,0,0,0,0,-0.0102341537261216,0,-0.00252201976775162,0,-0.0148068587858128,0.0428593199178848,0,-0.0119467153119941,-0.00203359692308652,0,0,0,-0.00549746967169954,0,0.0500312654593245,0,-0.0289682642056028,0.0257679760099235,0,0.028234927718344,-0.00728810592282671,0.0015142637521184,-0.0229913525967348
-0.0162820126756777,0.0504228878242137,-0.0210381071366361,0,-0.0409826237728419,0,0.0549223843264419,0.0114376661305435,0,-0.0272061971232236,0,0,0,0.0664448386223791,0.0444255831876114,-0.0103267611166473,-0.0319102812039344,-0.00568770634762786,-0.0172112362863797,0,-0.00164352063913687,0,-0.0185923597792378,0,0.010201404797291,-0.00522152902480266,0,0.0129433403819656,0,-0.0381248342771558,-0.00178024322515365,0,0,0,0,0,0,0,0,0,0,0.0178303718803067,0.0603607787934701,0.0368998309636366,-0.0161169532635281,0.0664716975628697,0.0214313086722282,-0.0117527644159188,0,-0.00598914114378118,-0.0028309586558066,0,-0.0108269136184788,0.0574889654977014,0.00189949847048718,0.00412241536168208,0.0250023067278846,0,0,0.00133082017009179,-0.0298698799480362,-0.0260896709232421,-0.00755320487800899,0,0.0155497311258278,-0.0102730897733242,0,-0.0255528402389645,0,0.0191363640948376,0,0,-0.00600682948623317,0,0,0,0,-0.00681368138201888,0.0309338624748805,0,-0.00970639850935259,0,0.0206437788828916,-0.011565597959617,0,-0.00415303702477101,0,0,0,0,0,0,0.0423985290457823,-0.0469247577793914,0,0.0257332337169736,0,-0.0238552194136058,-0.0308576799700966,0,0,0,0.00206309834028703,0,-0.0264217761648754,0.067291678598917,-0.000120656947924188,-0.00586893410570437,-0.0059891243810457,0,0,-0.0324419545192894,-0.0265718345206807,0.00764166658202792,0,-0.039131856867783,-0.00435399768230261,0,0,-0.0037218160338135,0,-0.00319093326285762,0.00340055414459626,-0.00393706813415977,0,-0.0325300301727029,0,0,0,0,-0.0698194629132822,0,0.0203479051310975,0,0.0233634937190546,0,0,0.0276233487682496,0,0,0.00537843013601131,-0.0164227070563254,0,0.0136999625900295,0,0,0,0,0.0105600179564033,0,0,0,0,0,0,0,0,0,0,0,0,0,0,0,-0.011479766896658,0,-0.00323283612949337,0,-0.0143582305612204,0.0421561036486506,0,-0.0125351447983466,-0.00103828873539772,0,0,0,-0.00670141066869877,0,0.0513817559312363,0,-0.0273693945362863,0.025530151934476,0,0.0272233836795792,-0.00645639037502964,0.00227036092494003,-0.0234517444207662
-0.0147088581626796,0.0498263524103392,-0.0184556069499528,0,-0.0402485443705994,0,0.055376534889968,0.0116734030578551,0,-0.0272533343561451,0,0,0,0.0654667798327163,0.0409933241198606,-0.00963889414765841,-0.0315532382988433,-0.00641123033436995,-0.00690822461691532,0,-0.00232757555177364,0,-0.0198418168485581,0,0.0103581467020829,-0.0057318389512501,0,0.0151796206066835,0,-0.0379237229761964,0,0,0,0,0,0,0,0,0,0,0,0.0194851520544951,0.0592753334139623,0.0394403277532005,-0.0158164141270559,0.0667810620483846,0.0232446745930063,-0.00411956651256805,0,-0.00550778253549211,-0.00314809047454492,0,-0.0104169715628896,0.0588429580451629,0.00304547836448778,0.00185603931135921,0.0258936697864077,0,0,0.00244640427463515,-0.0313413636360012,-0.0227464104377642,-0.00730752321812721,0,0.0122893915384017,-0.0110740124770156,0,-0.0260125467319855,0,0.0182573388911889,0,0,-0.00612656980396697,0,0,0,0,-0.00671379676040912,0.0299991719178619,0,-0.0145931545910509,0,0.0202434213397248,-0.0127577862623856,0,-0.00462118518663079,0,0,0,0,0,0,0.0447530723399864,-0.0471175297790773,0,0.0249596223456879,0,-0.0236988798933228,-0.0315520278388609,0,0,0,0.00235228046242809,0,-0.0263240687021024,0.0678923995484104,0,-0.0065054527954227,-0.0059036544479421,0,0,-0.0332340243380199,-0.0269331918949641,0.00859526675389517,0,-0.0385370295763887,-0.00362595942412776,0,0,0,0,-0.00113827596337665,0.0030773206511018,-0.00415327390653958,0,-0.033951971083934,0,0,0,0,-0.0701993084641681,0,0.020526210313865,0,0.0240581586324495,0,0,0.0269312648123942,0,0,0.0100166805395167,-0.016226212712727,0,0.00896797793256167,0,0,0,0,0.0102405767538174,-0.000848804365757342,0,0,0,0,0,0,0,0,0,0,0,0,0,0,-0.00992507311533437,0,-0.00182987638588498,0,-0.0141825525751402,0.0428154197504009,0,-0.0116611167100883,-0.00170846525913646,0,0,0,-0.00584251045029851,0,0.0486019257227874,0,-0.0293634493329762,0.0262895988136053,0,0.027938821628591,-0.00650283236563133,0.000176627960809175,-0.0229972581941038
-0.0115618386268411,0.0528814286159533,-0.0141611922085241,0,-0.0383038346269221,0,0.0538104526405175,0.0127946009936245,0,-0.0286297172055853,0,0,0,0.0659816528683575,0.0511540941624584,-0.00758572853642932,-0.0310167224194428,-0.00572449615666981,-0.0116413842737335,0,-0.000443403627830449,0,-0.0190652158016186,0,0.00843425758115799,-0.0101355699129995,0,0.0143901017383061,0,-0.0391159894619993,-0.00514673407250747,0,0,0,0,0,0,0,0,0,0,0.0147868401535978,0.06074316115106,0.0272158572644496,-0.0138277104521746,0.0649476481527585,0.0893548902441357,-0.00598520845153413,0,-0.00698050136627352,-0.00406846965142238,0,-0.00944434438382493,0.0574686970132576,0.00367544345914709,0,0.0241717177566577,0,0,0,-0.0308709875320622,-0.023039389162028,-0.0103504026435825,0,0.0136993370750952,-0.00973488871545345,0,-0.0278078803200529,0,0.016926356925909,0,0,-0.00753456889891049,0,0,0,0,-0.00737141615778304,0.0357038462491142,0,-0.0121157841397118,-0.00329033843571048,0.0193222905936354,-0.0101556438194812,0,-0.00610245056376752,0,0,0,0,-0.0000972852933987149,0,0.0420858912690011,-0.0476427185846018,0,0.0260657005272928,0,-0.0294256615125862,-0.0298548810390104,0,0,0,0.00182294714531325,0,-0.0265144467894927,0.0693514487799515,-0.000694834459591564,-0.00366361021048101,-0.00553472547890296,0,0,-0.0321679638638737,-0.0266076039206817,0.00503988739953631,0,-0.0413549538852929,-0.00201756325132299,0,0,-0.000832880080706656,0,0,0.00239371117324319,-0.00437860800519144,0,-0.0332109247219221,0,0,0,0,-0.0711027799629299,0,0.0187469159117328,0,0.0264918338849526,0,0,0.0245388257700027,0,0,0.00744508382871567,-0.0247198960609396,0,0.00738770847372341,0,0.00527351111337404,0,0,0.0123803482586172,0,0,0,0,0,0,0,0,0,0,0,0,0,0,0,-0.00994523758070682,0,0,0,-0.0153006787174323,0.040792832645107,0,-0.00916022324390341,-0.00157208923309404,0,0,0,-0.00645752758071704,0,0.0462777591109806,0,-0.0266086662986008,0.0264565005349355,0,0.0252709786984919,-0.00790132073207776,0.00142401633063001,-0.0241148674147343
NA,NA,NA,NA,NA,NA,NA,NA,NA,NA,NA,NA,NA,NA,NA,NA,NA,NA,NA,NA,NA,NA,NA,NA,NA,NA,NA,NA,NA,NA,NA,NA,NA,NA,NA,NA,NA,NA,NA,NA,NA,NA,NA,NA,NA,NA,NA,NA,NA,NA,NA,NA,NA,NA,NA,NA,NA,NA,NA,NA,NA,NA,NA,NA,NA,NA,NA,NA,NA,NA,NA,NA,NA,NA,NA,NA,NA,NA,NA,NA,NA,NA,NA,NA,NA,NA,NA,NA,NA,NA,NA,NA,NA,NA,NA,NA,NA,NA,NA,NA,NA,NA,NA,NA,NA,NA,NA,NA,NA,NA,NA,NA,NA,NA,NA,NA,NA,NA,NA,NA,NA,NA,NA,NA,NA,NA,NA,NA,NA,NA,NA,NA,NA,NA,NA,NA,NA,NA,NA,NA,NA,NA,NA,NA,NA,NA,NA,NA,NA,NA,NA,NA,NA,NA,NA,NA,NA,NA,NA,NA,NA,NA,NA,NA,NA,NA,NA,NA,NA,NA,NA,NA,NA,NA,NA,NA,NA,NA,NA,NA,NA,NA,NA,NA,NA,NA,NA
-0.0139465480149646,0.0499174174200211,-0.0190212895838699,0,-0.0407000088032941,0,0.0554415908809767,0.0121003961569141,0,-0.0275658227485132,0,0,0,0.065516991719081,0.0435150417790079,-0.00934089450285286,-0.0319532159340712,-0.00671913036704944,-0.00679054723911819,0,-0.00185320347743616,0,-0.0198729436945578,0,0.00974261232635735,-0.00605906237695316,0,0.014679803614624,0,-0.0390642419641653,-0.00108538921730575,0,0,0,0,0,0,0,0,0,0,0.0186661963026473,0.059942445745533,0.0387442377296021,-0.0164337215332686,0.0665406486786223,0.0261698978104894,-0.00378688050450442,0,-0.00594662514939302,-0.00319595113345498,0,-0.0103391443420224,0.0578973184579053,0.00261162867466348,0.00189506448232928,0.0253967219883299,0,0,0.00157679543261057,-0.0311841639724931,-0.0228248484269242,-0.00773282813970991,0,0.0136076906870633,-0.0110251960732354,0,-0.026131399380592,0,0.0181178725186155,0,0,-0.00620552912591965,0,0,0,0,-0.00680470225211849,0.0299345054248528,0,-0.0150314392767501,0,0.0201445098076164,-0.0126303452535627,0,-0.00491819389803143,0,0,0,0,0,0,0.043433254067767,-0.0470376389958646,0,0.0250539598943423,0,-0.0239819154276971,-0.0312694156912034,0,0,0,0.00257617294215229,0,-0.0262976379919903,0.0670879776125736,0,-0.00621130088126996,-0.0057073383058207,0,0,-0.033771445192337,-0.0267443745291892,0.00855699280607355,0,-0.0397304200634249,-0.00358190103781385,0,0,-0.00058468576056979,0,-0.00172552767841358,0.0036444387164833,-0.00521057212587571,0,-0.0338970737402321,0,0,0,0,-0.0708422406773644,0,0.0210005143780929,0,0.0237069151623466,0,0,0.0262356571340633,0,0,0.0113510693812708,-0.0167898651542185,0,0.00893294673558706,0,0,0,0,0.00954211883272804,-0.000773304032725538,0,0,0,0,0,0,0,0,0,0,0,0,0,0,-0.0105633818015813,0,-0.00255222318371869,0,-0.0150061157174424,0.0432559020507354,0,-0.0117749218188814,-0.00224671461846612,0,0,0,-0.00529411060974904,0,0.049899726788085,0,-0.0293279604569065,0.025875943656575,0,0.0278895295353006,-0.00723058135889879,0.00151778534093924,-0.0231317181464695
NA,NA,NA,NA,NA,NA,NA,NA,NA,NA,NA,NA,NA,NA,NA,NA,NA,NA,NA,NA,NA,NA,NA,NA,NA,NA,NA,NA,NA,NA,NA,NA,NA,NA,NA,NA,NA,NA,NA,NA,NA,NA,NA,NA,NA,NA,NA,NA,NA,NA,NA,NA,NA,NA,NA,NA,NA,NA,NA,NA,NA,NA,NA,NA,NA,NA,NA,NA,NA,NA,NA,NA,NA,NA,NA,NA,NA,NA,NA,NA,NA,NA,NA,NA,NA,NA,NA,NA,NA,NA,NA,NA,NA,NA,NA,NA,NA,NA,NA,NA,NA,NA,NA,NA,NA,NA,NA,NA,NA,NA,NA,NA,NA,NA,NA,NA,NA,NA,NA,NA,NA,NA,NA,NA,NA,NA,NA,NA,NA,NA,NA,NA,NA,NA,NA,NA,NA,NA,NA,NA,NA,NA,NA,NA,NA,NA,NA,NA,NA,NA,NA,NA,NA,NA,NA,NA,NA,NA,NA,NA,NA,NA,NA,NA,NA,NA,NA,NA,NA,NA,NA,NA,NA,NA,NA,NA,NA,NA,NA,NA,NA,NA,NA,NA,NA,NA,NA
-0.0120697971757163,0.0474511764392647,-0.0208275150444808,0,-0.0439854945092122,0,0.0546092199746986,0.0113060806357129,0,-0.0283782142868097,0,0,0,0.0655477690199314,0.0457257890935598,-0.00839924043198374,-0.0322727157312299,-0.00816130171486643,-0.0085897344183337,0,-0.000790330052871389,0,-0.02194346296544,0,0.0102360704627826,-0.00624105682745037,0,0.0139968295275024,0,-0.0391211444338669,-0.0031585168329251,0,0,0,0,0,0,0,0,0,0,0.0198370839033584,0.0609063510282737,0.0417235188589335,-0.0190095145266833,0.0655739242722501,0.027174259241815,-0.00488018121722195,0,-0.00357351991608006,-0.00374285852476847,0,-0.0102091940967194,0.0574660592947398,0.0018866356089231,0.0025272834760819,0.022314277088733,0,0,0.00110956004703295,-0.031539842478743,-0.0230184017625239,-0.00796450859698325,0,0.0125526048825803,-0.0112641857919814,0,-0.0241351162852994,0,0.0162610082579091,0,0,-0.00741412093879457,0,0,0,0,-0.00604104602723262,0.0284789068681471,0,-0.0144067622575775,0,0.0202710408412834,-0.0137478802687611,0,-0.00152340893462007,0,0,0,0,0,0,0.0427486055575808,-0.0465602000116201,0,0.0233163904678057,0,-0.0251631207173019,-0.0322380460098086,0,0,0,0.00247725793609772,0,-0.0184694068383364,0.0763986204227568,0,-0.00862863204575435,-0.0050467592431302,0,0,-0.0363681422932343,-0.0274113159084651,0.00965407161098007,0,-0.0382735192763086,-0.00519087780820744,0,0,-0.00384201859926349,0,-0.000408875195387148,0.00572476350929313,-0.00444689909596312,0,-0.0360743646106587,0,0,0,0,-0.0736116445042513,0,0.0187586277273876,0,0.0222133382081955,0,0,0.0298444622511476,0,0,0.0127232443250748,-0.0164346232535686,0,0.00993979634118065,0,0,0,0,0.0101205179207741,-0.0000465613788049006,0,0,0,0,0,0,0,0,0,0,0,0.00109816952086726,0,0,-0.0111938246452671,0,-0.00357854128261733,0,-0.0119169200341893,0.0465666574720559,0,-0.00935133367322916,-0.00237012915311802,0,0,0,-0.00679242209646399,0,0.0480820032731407,0,-0.0301504544021866,0.0272690977242114,0,0.0266120739487926,-0.00733324117691444,0.00191921139990365,-0.0261953107942547
-0.0130132982987443,0.0496372680328332,-0.0186276747322919,0,-0.0401547955212977,0,0.0536365190395399,0.013558317258626,0,-0.0267178173694629,0,0,0,0.0639089698183235,0.0410638822634392,-0.00891997181018729,-0.0308456034557806,-0.00828012904707221,-0.00118614139486641,0,-0.000746413112746404,0,-0.0206136027127114,0,0.0100249901614608,-0.00648777318370591,0,0.0156648144362828,0,-0.0387598287896456,-0.00132667737728353,0,0,0,0,0,0,0,0,0,0,0.0230508049118384,0.0588169547542255,0.0373378027649021,-0.0144883714883301,0.0674607622191756,0.0241754998765336,-0.00469212515999961,0,-0.00585612495931903,-0.00320251142123976,0,-0.0104702602727012,0.0586369220279835,0.00283324543217358,0,0.0251489573855892,0,0,0.00202692638254942,-0.031872714435847,-0.0221867326700592,-0.00792357117566632,0,0.0128382104774863,-0.0108158865660175,0,-0.0261473574629993,0,0.0170063599448324,0,0,-0.00640351183865064,0,0,0,0,-0.0063935252172589,0.0280399533146158,0,-0.0154081333908354,0,0.0200589498913695,-0.0135844723456483,0,-0.00451800590474426,0,0,0,0,0,0,0.0431845711079335,-0.0467066389283936,0,0.0247374472603892,0,-0.0239150180533262,-0.0314776145497138,0,0,0,0.00302387147335882,0,-0.0262563586800769,0.0664235046270838,0,-0.00654126486631813,-0.0055026805895215,0,0,-0.0327847592425043,-0.0268524705168568,0.00929328243936963,0,-0.0380656286790639,-0.00351689174885449,0,0,0,0,-0.00282084628715928,0.00358946337928185,-0.00674538449426253,0,-0.0339576247307309,0,0,0,0,-0.0728099800303531,0,0.0214575775245056,0,0.023743758356375,0,0,0.0261959535634485,0,0,0.017024697373726,-0.0160778089931162,0,0.0109837029641132,0,0,0,0,0.0096986465007817,-0.00188411335754754,0,0,0,0,0,0,0,0,0,0,0,0,0,0,-0.00976558964828913,0,-0.00160946256708487,0,-0.0146000367479944,0.0440686250287807,0,-0.0114995152846132,-0.00179764340776976,0,0,0,-0.00464424958617182,0,0.0496161740754448,0,-0.0299059613182607,0.0259260322787205,0,0.0277859063133882,-0.00770527085874959,0.00117781514159502,-0.0223244090181892
-0.0125755111132842,0.0484114026159182,-0.0211201485092976,0,-0.040421462991704,0,0.0541528350893731,0.0117396941835438,0,-0.0271854499286571,0,0,0,0.063793847489572,0.039066595848083,-0.0098182472697363,-0.0303746166206937,-0.00764371000531646,-0.0104090515833276,0,-0.000886601103879544,0,-0.0196261915720882,0,0.00538359448062044,-0.00849534069457511,0,0.0131923120469411,0,-0.0366047235722931,-0.000439218987598146,0,0,0,0,0,0,0,0,0,0,0.0217422967227483,0.0594931983924533,0.0392119866236903,-0.0140169243934019,0.0664670536527509,0.0337261046941736,-0.00425463636306236,0,-0.00566434568441242,-0.00284743366542791,0,-0.0113297837659578,0.0573901459038193,0.00217414481629397,0.000857391644632967,0.0255059595543361,0,0,0.000906158758759026,-0.0311709492245078,-0.0220771560773708,-0.00336462843690351,0,0.0127609195437486,-0.0109502412728387,0,-0.0257661211663452,0,0.0160871437779674,0,0,-0.00663943180861207,0,0,0,0,-0.00580955996132914,0.028287140912754,0,-0.0164079864845015,-0.000733613654587288,0.0197132583607349,-0.0138726410071375,0,-0.00400131169596331,0,0,0,0,0,0,0.0431359674853563,-0.046537534204643,0,0.0248579562268724,0,-0.0239465289760318,-0.0310191397541286,0,0,0,0.00384905399177059,0,-0.0261505087818524,0.066944660338673,0,-0.00597769210216654,-0.00605834441039352,0,0,-0.0320020604973147,-0.0266823486810799,0.00992751441319535,0,-0.036456479757465,-0.00383240484644465,0,0,0,0,-0.00229291242897907,0.00314759000935273,-0.00539966421429707,0,-0.0333686925514933,0,0,0,0,-0.0709271368018434,0,0.0206904101621762,0,0.0230473241824715,0,0,0.028086512547502,0,0,0.012812664807359,-0.0184793598719747,0,0.01641656204683,0,0,0,0,0.00757946514891793,-0.00209690000106977,0,0,0,0,0,0,0,0,0,0,0,0,0,0,-0.0103448323229597,0,-0.00235667200093614,0,-0.0143616155466458,0.0423805652222506,0,-0.0131234676629455,-0.00284424113202346,0,0,-0.000103769727565803,-0.00512782859455272,0,0.0515586377764911,0,-0.0312212216614197,0.026061153584608,0,0.0270481554744564,-0.00774658000601952,0.000473713852383358,-0.0225593665710462
-0.0138058500304602,0.0506225186965962,-0.0193121675311422,0,-0.0401014246587866,0,0.055179736507453,0.0112452879490549,0,-0.0271144556250593,0,0,0,0.0645650327278179,0.0434776829832205,-0.00917725694525801,-0.031638778150786,-0.00705689966913596,-0.00626277820733597,0,-0.00214421004622526,0,-0.0196434511613669,0,0.0087974775359891,-0.00661643957287238,0,0.0145677972983355,0,-0.0381711053878416,-0.000361901959866645,0,0,0,0,0,0,0,0,0,0,0.018316728285136,0.0589575945162198,0.0388819458741867,-0.016526636811448,0.065954775360016,0.0258696094810694,-0.00392303798988269,0,-0.00602989230418581,-0.00326275337453699,0,-0.0109034125872279,0.0571446063487792,0.00258670696840719,0.00199783170539977,0.025900921767948,0,0,0.00196588471819131,-0.0313581690744594,-0.0228541353276593,-0.00762654597843427,0,0.013349643839646,-0.0108850872598174,0,-0.0253438308229884,0,0.0184347476783429,0,0,-0.00606278811974775,0,0,0,0,-0.00687637838372012,0.0297472368366912,0,-0.0149623387825791,0,0.0196495401409749,-0.0126562382807269,0,-0.00464835056223467,0,0,0,0,0,0,0.0432150381601237,-0.0468419940975637,0,0.0251269743956183,0,-0.0239874742233718,-0.0313417251901148,0,0,0,0.00210983149319984,0,-0.0260901937131012,0.0665082361469257,0,-0.00604005785029663,-0.00592598833517798,0,0,-0.0335648448442037,-0.0268356071638184,0.00789322467294855,0,-0.0386186657732328,-0.00394553220304689,0,0,-0.000370775377121143,0,-0.0018348045185789,0.00319000162053723,-0.00519604507206994,0,-0.0332643539567721,0,0,0,0,-0.0696908603812813,0,0.0207112357420571,0,0.0239890164072796,0,0,0.0260426173829235,0,0,0.0106423292811278,-0.0171355640555253,0,0.00974266067497453,0,0.0000363728981568313,0,0,0.00920045784315382,-0.00208414716051036,0,0,0,0,0,0,0,0,0,0,0,0,0,0,-0.00983983092328227,0,-0.00273744737774741,0,-0.0147034066114939,0.0425147330605608,0,-0.0122071081663522,-0.00210096500672513,0,0,-0.0000698247717505377,-0.00550573861735002,0,0.0499061446826539,0,-0.0275726540138664,0.0253940368314462,0,0.0279834697666805,-0.00731999487194733,0.00130321153999615,-0.0226772790116127
-0.0136315785711179,0.0507380981444334,-0.0193539459612268,0,-0.0402403324730337,0,0.0552832559861784,0.0112039672628815,0,-0.0272675689031644,0,0,0,0.0646401713097137,0.0436457551175724,-0.00914291423863526,-0.0321843481678834,-0.00743565029456259,-0.00334240881135124,0,-0.00293368500678983,0,-0.0203494887371572,0,0.0105319671307735,-0.00627277950888871,0,0.0157433053865624,0,-0.0380955229554024,-0.00117680535516154,0,0,0,0,0,0,0,0,0,0,0.017888122568104,0.0587367908285368,0.039224050814617,-0.0160977573250406,0.0659185656326409,0.0253858837058566,-0.00348493540130255,0,-0.00591926632295577,-0.00324359073305581,0,-0.0106417354485366,0.0574316669805348,0.00254821482711867,0.00154644800939821,0.0260586782702822,0,0,0.00190182596580092,-0.0315549474151505,-0.0229180126336464,-0.00756764377642859,0,0.013337720535482,-0.0115671455084791,0,-0.0253292663987749,0,0.0175247426371315,0,0,-0.00619972231541102,0,0,0,0,-0.00704016813667122,0.0298158507447539,0,-0.0152083810965484,0,0.0197705616498622,-0.0126030789050869,0,-0.00468212181046295,0,0,0,0,0,0,0.0431973997234145,-0.0467867110307303,0,0.0252782620180949,0,-0.0239731760388635,-0.0315194273871608,0,0,0,0.00188790253680094,0,-0.0259718535191138,0.06629643507635,0,-0.00623566966808409,-0.00584059217214249,0,0,-0.0339457961442972,-0.0268574111420554,0.00749923896643558,0,-0.0409434269386327,-0.00389753635157552,0,0,0,0,-0.00188256875306922,0.00315807327790624,-0.00602068932600577,0,-0.033296368385417,0,0,0,0,-0.0695224609922972,0,0.0204447956697156,0,0.023730914322332,0,0,0.0256745991301836,0,0,0.00900172253495415,-0.0173856058729383,0,0.006849987996836,0,0,0,0,0.00954120653851233,-0.000953845422887662,0,0,0,0,0,0,0,0,0,0,0,0,0,0,-0.00981609019178487,0,-0.00315426694610479,0,-0.0149859327101279,0.0425793565318762,0,-0.0120651369110919,-0.00236105498746052,0,0,-0.00000621815643012862,-0.00537589673731163,0,0.0500029728079515,0,-0.0272086680949145,0.0253853067090528,0,0.0277632480109741,-0.00717232823690445,0.00115606955479601,-0.0227512989942395
-0.0131888171730444,0.0505247052025004,-0.0203162220011644,0,-0.0405102363477118,0,0.0545247460539944,0.0110187229733339,0,-0.0275630863440584,0,0,0,0.0649648777787266,0.0436822116644423,-0.00963269916776801,-0.0314780858385369,-0.00652521209503241,-0.00299125469638671,0,-0.00163046842078299,0,-0.0203004135461018,0,0.00747995293118932,-0.00683480631686515,0,0.0153292991867263,0,-0.0397445091718449,-0.000924426285872072,0,0,0,0,0,0,0,0,0,0,0.0173884611910253,0.0583305308440236,0.0404211290367292,-0.0167082513000917,0.0662361177801589,0.0257061929726249,-0.00381345374616501,0,-0.00602814453256337,-0.00334937448834542,0,-0.0107290517652773,0.0570136451987435,0.00222115652703614,0.00178736428131746,0.026153995863662,0,0,0.00157349383215388,-0.0297966055355914,-0.0234246483813172,-0.00762039756072153,0,0.0142310971044444,-0.012433974275308,0,-0.0257549184315082,0,0.0228652268332152,0,0,-0.00619982349793818,0,0,0,0,-0.0064996763821471,0.0299096146962221,0,-0.0150080440957627,0,0.0198563953379108,-0.0127243481880985,0,-0.00440533441859862,0,0,0,0,0,0,0.0421829585878818,-0.0473536934755275,0,0.0256200029639506,0,-0.024355970569537,-0.0301662196194794,0,0,0,0.0022401739794919,0,-0.0259967724057899,0.0654519672418107,-0.000243287858340294,-0.00561435686176162,-0.00576278185485888,0,0,-0.033167519323788,-0.0268391390754246,0.00794759078534273,0,-0.0388981994450589,-0.00356214850267417,0,0,-0.000825237491054899,0,-0.00089913150289044,0.00327772648041482,-0.00522770508256012,0,-0.0328754910089161,0,0,0,0,-0.0692570805923495,0,0.020169579504936,0,0.0238401086107206,0,0,0.025896128046722,0,0,0.00950886626809764,-0.0174625756692893,0,0.00699936853507719,0,0,0,0,0.00876254254630148,-0.00142015657939398,0,0,0,0,0,0,0,0,0,0,0,0,0,0,-0.00947271148948729,0,-0.00414097890315851,0,-0.0150703680733934,0.0423637555000866,0,-0.0123099672947444,-0.00189921341780324,0,0,0,-0.00550107555113996,0,0.0500272028229417,0,-0.0307939543213475,0.0263562794474122,0,0.0275487248880743,-0.00738073392144213,0.0010201994315738,-0.0230992303746912
NA,NA,NA,NA,NA,NA,NA,NA,NA,NA,NA,NA,NA,NA,NA,NA,NA,NA,NA,NA,NA,NA,NA,NA,NA,NA,NA,NA,NA,NA,NA,NA,NA,NA,NA,NA,NA,NA,NA,NA,NA,NA,NA,NA,NA,NA,NA,NA,NA,NA,NA,NA,NA,NA,NA,NA,NA,NA,NA,NA,NA,NA,NA,NA,NA,NA,NA,NA,NA,NA,NA,NA,NA,NA,NA,NA,NA,NA,NA,NA,NA,NA,NA,NA,NA,NA,NA,NA,NA,NA,NA,NA,NA,NA,NA,NA,NA,NA,NA,NA,NA,NA,NA,NA,NA,NA,NA,NA,NA,NA,NA,NA,NA,NA,NA,NA,NA,NA,NA,NA,NA,NA,NA,NA,NA,NA,NA,NA,NA,NA,NA,NA,NA,NA,NA,NA,NA,NA,NA,NA,NA,NA,NA,NA,NA,NA,NA,NA,NA,NA,NA,NA,NA,NA,NA,NA,NA,NA,NA,NA,NA,NA,NA,NA,NA,NA,NA,NA,NA,NA,NA,NA,NA,NA,NA,NA,NA,NA,NA,NA,NA,NA,NA,NA,NA,NA,NA
-0.0131471361769788,0.0488939436973892,-0.019227814138514,0,-0.0396334863501191,0,0.0542492136173748,0.011743226712603,0,-0.0273440129121277,0,0,0,0.0645307250521396,0.0441291886667512,-0.00952450192855248,-0.0323994499984931,-0.00673789252909618,-0.00378599806727764,0,-0.0021373000658931,0,-0.0191293824623712,0,0.00887673089780676,-0.00760039934574431,0,0.0150156116908763,0,-0.0380332761558349,-0.00112635993617924,0,0,0,0,0,0,0,0,0,0,0.0174757753655282,0.0601985312718383,0.0415470781051123,-0.016372397649586,0.0658910171487506,0.0251808998961198,-0.0039821243288186,0,-0.00594467726958918,-0.0031555407332197,0,-0.0113178755135609,0.0569389551157755,0.00316705051499508,0.00237829417463419,0.0255171171875002,0,0,0.00148788037890308,-0.0311318319666338,-0.0232209835288723,-0.00810018087939433,0,0.0130744757420885,-0.00159404477555352,0,-0.0254292826270212,0,0.0182286924013685,0,0,-0.00595427665415641,0,0,0,0,-0.00713623038176342,0.0296640236619103,0,-0.014887225365556,-0.000098342595551866,0.0200337406834221,-0.0138509402286674,0,-0.00417177571925397,0,0,0,0,0,0,0.0433835169618242,-0.0467439953156724,0,0.0251015400657669,0,-0.0236016441804475,-0.0322376076912438,0,0,0,0.0024558793475415,0,-0.0263918248478264,0.0665586660533924,0,-0.00670338952646467,-0.00650871443184644,0,0,-0.0333710713670016,-0.0258316980022763,0.00772440726167864,0,-0.0386864690049028,-0.00325306449921564,0,0,-0.0000030277932644983,0,-0.00178464868179647,0.00302639575050154,-0.00567381050440565,0,-0.0327133380790884,0,0,0,0,-0.0698759649008423,0,0.0203139203649392,0,0.0240705341499058,0,0,0.0267836928808256,0,0,0.00935202086880904,-0.0173928939854283,0,0.00969329467440366,0,0,0,0,0.00906018167700852,0,0,0,0,0,0,0,0,0,0,0,0,0,0,0,-0.0097005660349794,0,-0.00442496363588085,0,-0.0139849427599409,0.0427911572376674,0,-0.010965328232906,-0.00173554311281633,0,0,0,-0.0055871339534377,0,0.0500773548850231,0,-0.0309534663399396,0.0257294195212363,0,0.0272751862599835,-0.00732374083965856,0.00188042927287371,-0.021781992766084
NA,NA,NA,NA,NA,NA,NA,NA,NA,NA,NA,NA,NA,NA,NA,NA,NA,NA,NA,NA,NA,NA,NA,NA,NA,NA,NA,NA,NA,NA,NA,NA,NA,NA,NA,NA,NA,NA,NA,NA,NA,NA,NA,NA,NA,NA,NA,NA,NA,NA,NA,NA,NA,NA,NA,NA,NA,NA,NA,NA,NA,NA,NA,NA,NA,NA,NA,NA,NA,NA,NA,NA,NA,NA,NA,NA,NA,NA,NA,NA,NA,NA,NA,NA,NA,NA,NA,NA,NA,NA,NA,NA,NA,NA,NA,NA,NA,NA,NA,NA,NA,NA,NA,NA,NA,NA,NA,NA,NA,NA,NA,NA,NA,NA,NA,NA,NA,NA,NA,NA,NA,NA,NA,NA,NA,NA,NA,NA,NA,NA,NA,NA,NA,NA,NA,NA,NA,NA,NA,NA,NA,NA,NA,NA,NA,NA,NA,NA,NA,NA,NA,NA,NA,NA,NA,NA,NA,NA,NA,NA,NA,NA,NA,NA,NA,NA,NA,NA,NA,NA,NA,NA,NA,NA,NA,NA,NA,NA,NA,NA,NA,NA,NA,NA,NA,NA,NA
-0.0136413253585554,0.0503731298341381,-0.0186372882466602,0,-0.0401995262775246,0,0.0543513283980875,0.0109355826267945,0,-0.0270730042441309,0,0,0,0.0657118723774094,0.0434947357820947,-0.00940764199290391,-0.0315242339835725,-0.00671658172916222,-0.00534323797216068,0,-0.00197659066022851,0,-0.0189375598332935,0,0.00909004427452143,-0.00649091496757548,0,0.0150858585592026,0,-0.0388822253912379,-0.000273076287057635,0,0,0,0,0,0,0,0,0,0,0.0179497497567891,0.059628408294777,0.0376606698702849,-0.0173297128035,0.0659806200649023,0.025543569942753,-0.00355860698469319,0,-0.00613217895783279,-0.00323071197185138,0,-0.0109056610760953,0.0574818355923564,0.00273677629866927,0.00212582157328629,0.0258659638094088,0,0,0.00193109636956346,-0.0309825269233875,-0.0228653248378913,-0.00712743433396071,0,0.0137628836679364,-0.0111325542772528,0,-0.0258878165117171,0,0.0165064499789254,0,0,-0.00622577610898662,0,0,0,0,-0.00703224329694229,0.0299002913822148,0,-0.0149701835405644,0,0.0197581761535063,-0.0126261987393619,0,-0.00470288024932739,0,0,0,0,0,0,0.042651932740369,-0.0469187798477335,0,0.025434849642865,0,-0.0240473788260563,-0.0313383084203707,0,0,0,0.00223829366673206,0,-0.0260181089508546,0.0663586671194799,0,-0.00589319125434439,-0.00614455546912781,0,0,-0.0324698426564842,-0.0269090538138424,0.00861156040057274,0,-0.0368381099710157,-0.00383604631646195,0,0,-0.000368143466302973,0,-0.00151400991974391,0.00292491089776051,-0.0056968083384414,0,-0.0333585457978665,0,0,0,0,-0.0699565445266044,0,0.0206625566583888,0,0.0239842413695856,0,0,0.0261842027297338,0,0,0.0100529329481915,-0.0169659359080294,0,0.00835095473391982,0,0,0,0,0.00866296529282787,-0.00144749446193853,0,0,0,0,0,0,0,0,0,0,0,0,0,0,-0.0103041466151569,0,-0.00320607649231929,0,-0.0149718355687003,0.0424871788408838,0,-0.0123275462649677,-0.00177086851052495,0,0,0,-0.00538410785408732,0,0.0500681962614042,0,-0.0290143080533524,0.025357245575061,0,0.0289191410335356,-0.00726935749651767,0.000873854446290941,-0.0230942203672505
-0.0144001035361585,0.0499884246930302,-0.0185737194310739,0,-0.0397695830408838,0,0.0552158230810709,0.0114944690008169,0,-0.0276352850201991,0,0,0,0.0658530834573662,0.0438863481087539,-0.00939982500429555,-0.031923916035932,-0.00653190377383147,-0.00558153402837958,0,-0.00169506553708447,0,-0.0195199451501661,0,0.00968583571518008,-0.0062836405503156,0,0.0147360900816702,0,-0.0388312764453087,-0.000613724081259362,0,0,0,0,0,0,0,0,0,0,0.0184681800877452,0.0604444776785469,0.0374866909276845,-0.0152803610219894,0.0664560013762866,0.0264170538663016,-0.00411504534036621,0,-0.00596680189009179,-0.0032404929193502,0,-0.0104887329599466,0.057309854930743,0.00275964108816559,0.00223993452064191,0.0254585235222612,0,0,0.00176230898483671,-0.0314809022730958,-0.0228651531813679,-0.00711666171623536,0,0.0138493267610555,-0.0114018453327137,0,-0.025372681662215,0,0.0208481738680358,0,0,-0.0058715155139919,0,0,0,0,-0.00720627100912794,0.0298791587803917,0,-0.0151852254741607,0,0.0200024681285112,-0.0127752890886293,0,-0.00467448381373812,0,0,0,0,0,0,0.0434824022213176,-0.0468547739224371,0,0.0254755390805304,0,-0.0238395163741748,-0.0314618599332943,0,0,0,0.00224522645428274,0,-0.025908740316238,0.0663867037707809,0,-0.00611282067961309,-0.00634794217300181,0,0,-0.0338903041108701,-0.0269292194227739,0.00918574705783562,0,-0.0453693314480345,-0.00342003940066787,0,0,-0.000263791704980272,0,-0.00156951722943863,0.00327917543381535,-0.00550603930342522,0,-0.032650827927851,0,0,0,0,-0.0702972425341057,0,0.0212090762123944,0,0.0237515857947209,0,0,0.0255569479650223,0,0,0.0104501518361284,-0.0166833987183653,0,0.00895937518604267,0,0,0,0,0.00929816130725013,-0.00119936969502384,0,0,0,0,0,0,0,0,0,0,0,0,0,0,-0.00956932849774978,0,-0.00308347654043457,0,-0.0149227697471088,0.0423697868840019,0,-0.0118888376500228,-0.0019167822472441,0,0,0,-0.00577385955328402,0,0.0504334751591295,0,-0.0305255707271157,0.0256308004167219,0,0.0285228649227197,-0.00732617881854972,0.000974386805713109,-0.022728688979274
-0.0132375988532407,0.0497521904301415,-0.0187100865005205,0,-0.0409277525215996,0,0.0545797617540728,0.0115361884832013,0,-0.0274891583060692,0,0,0,0.0653643470017614,0.0435965665981524,-0.0087850319040126,-0.031518666721841,-0.006676881124571,-0.00604613570292369,0,-0.00179738074601364,0,-0.0207979208164372,0,0.00946105271722091,-0.00687227987422828,0,0.0147489111191856,0,-0.0389656686744249,-0.00125728486835784,0,0,0,0,0,0,0,0,0,0,0.0182894087473663,0.0631064290605188,0.038638480250666,-0.0127789040005494,0.0669264358837412,0.0265943807725469,-0.00436255409640924,0,-0.00614903177358048,-0.00294073857631677,0,-0.0105528584293989,0.0572688782664668,0.00317482192821308,0.00171327457533138,0.0250575067043455,0,0,0.00192403176533155,-0.0310700957296006,-0.0221281829016338,-0.00718386744139199,0,0.0135490825130363,-0.012237174349869,0,-0.0255787199140614,0,0.0218425379092937,0,0,-0.00624655233375329,0,0,0,0,-0.00679284907446793,0.0298413224896043,0,-0.0151317346126915,0,0.0200091016341775,-0.0128318195780962,0,-0.00484269504363189,0,0,0,0,0,0,0.0454636293071863,-0.0472115584271186,0,0.0254212412394925,0,-0.0242194959536436,-0.0314916031161427,0,0,0,0.00172646760371867,0,-0.0259656794660614,0.066525311617574,-0.000290205761079351,-0.00600599592429781,-0.00585411350460061,0,0,-0.0335403142138938,-0.02682247514876,0.00747671976824648,0,-0.0389312249748834,-0.00309235382052664,0,0,-0.000425968606065257,0,-0.00177516466598621,0.00388389220590115,-0.00492150054499145,0,-0.0328814946498336,0,0,0,0,-0.0696201012347175,0,0.0217492421476831,0,0.023844883416582,0,0,0.0256907721288596,0,0,0.0118282541498834,-0.0174457917022582,0,0.00821904339381508,0,0,0,0,0.00898865184229911,0,0,0,0,0,0,0,0,0,0,0,0,0,0,0,-0.00996108709858778,0,-0.00269572897306844,0,-0.0150030198406678,0.0424014832816704,0,-0.0120855609851716,-0.00192599470537166,0,0,0,-0.00573292166698155,0,0.050366123796408,0,-0.0289373343274509,0.0258115949107865,0,0.027242244239795,-0.00690205473190412,0.00158137792164417,-0.0226715848133935
NA,NA,NA,NA,NA,NA,NA,NA,NA,NA,NA,NA,NA,NA,NA,NA,NA,NA,NA,NA,NA,NA,NA,NA,NA,NA,NA,NA,NA,NA,NA,NA,NA,NA,NA,NA,NA,NA,NA,NA,NA,NA,NA,NA,NA,NA,NA,NA,NA,NA,NA,NA,NA,NA,NA,NA,NA,NA,NA,NA,NA,NA,NA,NA,NA,NA,NA,NA,NA,NA,NA,NA,NA,NA,NA,NA,NA,NA,NA,NA,NA,NA,NA,NA,NA,NA,NA,NA,NA,NA,NA,NA,NA,NA,NA,NA,NA,NA,NA,NA,NA,NA,NA,NA,NA,NA,NA,NA,NA,NA,NA,NA,NA,NA,NA,NA,NA,NA,NA,NA,NA,NA,NA,NA,NA,NA,NA,NA,NA,NA,NA,NA,NA,NA,NA,NA,NA,NA,NA,NA,NA,NA,NA,NA,NA,NA,NA,NA,NA,NA,NA,NA,NA,NA,NA,NA,NA,NA,NA,NA,NA,NA,NA,NA,NA,NA,NA,NA,NA,NA,NA,NA,NA,NA,NA,NA,NA,NA,NA,NA,NA,NA,NA,NA,NA,NA,NA
-0.0149835524737246,0.0501958156545742,-0.0183284942820196,0,-0.0392438539493978,0,0.0557667216543474,0.0114036376272803,0,-0.0274406247088232,0,0,0,0.0665447417768814,0.0441901520582787,-0.00923357306755558,-0.0321296647787495,-0.00649470942773431,-0.0047438375494589,0,-0.00137283553763559,0,-0.0192131912308883,0,0.00991771503167731,-0.00588778513294752,0,0.0152339535827969,0,-0.0381479591102057,-0.000410139074834054,0,0,0,0,0,0,0,0,0,0,0.0185418945633293,0.0587950862585141,0.0391426827257086,-0.0158361599519935,0.0660590259100798,0.0255873781667098,-0.00348736241038065,0,-0.00573026841601667,-0.00313353251895888,0,-0.0103931573666981,0.0575493540161146,0.00273016081215708,0.00207689683425037,0.0255868762565342,0,0,0.00188581136613446,-0.0318946742849911,-0.0227537798128803,-0.00712617333423427,0,0.0140931753240319,-0.0108733083324073,0,-0.0253226433348316,0,0.017834554472539,0,0,-0.00576605558675141,0,0,0,0,-0.00719003667607904,0.0297953286263245,0,-0.0147650553629671,0,0.0203469580591033,-0.0128144499530064,0,-0.00436613866337363,0,0,0,0,0,0,0.0437657029930427,-0.0468231047740253,0,0.0261506708521996,0,-0.0238351805520017,-0.0314057983908507,0,0,0,0.00243563064749918,0,-0.0259122314050584,0.0667813851887467,0,-0.00632581712984817,-0.00659595402578058,0,0,-0.0331345426527508,-0.0268379883335757,0.00916784202366954,0,-0.0444487952289723,-0.00329650158940346,0,0,0,0,-0.00189297729769282,0.0033498531335786,-0.00511306828614637,0,-0.0326120687622496,0,0,0,0,-0.0702492811025504,0,0.0216340029281097,0,0.0239374867766285,0,0,0.0266865878145069,0,0,0.011254593525668,-0.0157268879870813,0,0.00982832322765092,0,0.0000368605329721907,0,0,0.00973577659058943,-0.000684417693588348,0,0,0,0,0,0,0,0,0,0,0,0,0,0,-0.00896949001606825,0,-0.00135667388913833,0,-0.0148329268388388,0.043289621730846,0,-0.0117977326680896,-0.00193843955406668,0,0,0,-0.00498097838546459,0,0.0505891117550773,0,-0.0283089934641668,0.0264438128591588,0,0.0284327262872002,-0.00694046261303274,0.00124075048966063,-0.0223219234013721
NA,NA,NA,NA,NA,NA,NA,NA,NA,NA,NA,NA,NA,NA,NA,NA,NA,NA,NA,NA,NA,NA,NA,NA,NA,NA,NA,NA,NA,NA,NA,NA,NA,NA,NA,NA,NA,NA,NA,NA,NA,NA,NA,NA,NA,NA,NA,NA,NA,NA,NA,NA,NA,NA,NA,NA,NA,NA,NA,NA,NA,NA,NA,NA,NA,NA,NA,NA,NA,NA,NA,NA,NA,NA,NA,NA,NA,NA,NA,NA,NA,NA,NA,NA,NA,NA,NA,NA,NA,NA,NA,NA,NA,NA,NA,NA,NA,NA,NA,NA,NA,NA,NA,NA,NA,NA,NA,NA,NA,NA,NA,NA,NA,NA,NA,NA,NA,NA,NA,NA,NA,NA,NA,NA,NA,NA,NA,NA,NA,NA,NA,NA,NA,NA,NA,NA,NA,NA,NA,NA,NA,NA,NA,NA,NA,NA,NA,NA,NA,NA,NA,NA,NA,NA,NA,NA,NA,NA,NA,NA,NA,NA,NA,NA,NA,NA,NA,NA,NA,NA,NA,NA,NA,NA,NA,NA,NA,NA,NA,NA,NA,NA,NA,NA,NA,NA,NA
NA,NA,NA,NA,NA,NA,NA,NA,NA,NA,NA,NA,NA,NA,NA,NA,NA,NA,NA,NA,NA,NA,NA,NA,NA,NA,NA,NA,NA,NA,NA,NA,NA,NA,NA,NA,NA,NA,NA,NA,NA,NA,NA,NA,NA,NA,NA,NA,NA,NA,NA,NA,NA,NA,NA,NA,NA,NA,NA,NA,NA,NA,NA,NA,NA,NA,NA,NA,NA,NA,NA,NA,NA,NA,NA,NA,NA,NA,NA,NA,NA,NA,NA,NA,NA,NA,NA,NA,NA,NA,NA,NA,NA,NA,NA,NA,NA,NA,NA,NA,NA,NA,NA,NA,NA,NA,NA,NA,NA,NA,NA,NA,NA,NA,NA,NA,NA,NA,NA,NA,NA,NA,NA,NA,NA,NA,NA,NA,NA,NA,NA,NA,NA,NA,NA,NA,NA,NA,NA,NA,NA,NA,NA,NA,NA,NA,NA,NA,NA,NA,NA,NA,NA,NA,NA,NA,NA,NA,NA,NA,NA,NA,NA,NA,NA,NA,NA,NA,NA,NA,NA,NA,NA,NA,NA,NA,NA,NA,NA,NA,NA,NA,NA,NA,NA,NA,NA
-0.0172955419052827,0.0539176648285342,-0.0168897890388666,0,-0.0371942435378608,0,0.0562286267468044,0.0106831787813485,0,-0.0278024667314673,0,0,0,0.0667130686069448,0.0416730300765373,-0.00851139958698204,-0.0332502050862868,-0.00194961469306335,-0.00520323195578193,0,-0.0029701419731184,0,-0.0222610608686086,0,0.0107701605250663,-0.00724493603565931,0,0.0144306806777378,0,-0.0369430038946052,-0.000820681057716192,0,0,0,0,0,0,0,0,0,0,0.0194702376030211,0.0556459928608094,0.0366876249146565,-0.0146857325662348,0.0640988481582561,0.0240311541267031,-0.00591243587136926,0,-0.00560239892656337,-0.00238179500341979,0,-0.00928645056262773,0.0573038656212014,0.00254250721191816,0.00358832773296126,0.0271601714412049,0,0,0.00184575527410265,-0.0295049326195602,-0.0202758021203994,-0.00804318765954831,0,0.0130933800259687,-0.0114669076504305,0,-0.0260474093411229,0,0.0197602681255381,0,0,-0.00596362017613279,0,0,0,0,-0.00565387587955182,0.0283141881065634,0,-0.0120331414971591,0,0.0211896111012093,-0.0126906338582833,0,-0.00670273636609196,0,0,0,0,0,0,0.0455455017470481,-0.0471214631246484,0,0.0268569734297495,0,-0.0231502171259401,-0.0282846296438367,0,0,0,0.00533528004831124,0,-0.0248428144351285,0.068668907616858,0,-0.00710038597798655,-0.00496454188969228,0,0,-0.0317180154194253,-0.02659496631211,0,0,-0.0459805529653786,-0.00287485196929914,0,0,0,0,-0.00376963514731977,0.00295127882233533,-0.00705859368321673,0,-0.033080317301159,0,0,0,0,-0.0700802349598486,0,0.0199168282435009,0,0.0254605693240534,0,0,0.0249941167468505,0,0,0.0111297439084041,-0.0155939024958667,0,0.0161796677752595,0,0.000552342171984101,0,0,0.0107837859895193,0,0,0,0,0,0,0,0,0,0,0,0,0,0,0,-0.00901209791337748,0,0,0,-0.0150253803491506,0.0444496973743439,0,-0.0108391629951728,-0.00117249022116746,0,0,0,-0.00124423908839893,0,0.0494598020621268,0,-0.0294094263802732,0.028420291625275,-0.00063531670144834,0.0101173942337806,-0.00715890238725617,0.00181424121042352,-0.0217609340876282
NA,NA,NA,NA,NA,NA,NA,NA,NA,NA,NA,NA,NA,NA,NA,NA,NA,NA,NA,NA,NA,NA,NA,NA,NA,NA,NA,NA,NA,NA,NA,NA,NA,NA,NA,NA,NA,NA,NA,NA,NA,NA,NA,NA,NA,NA,NA,NA,NA,NA,NA,NA,NA,NA,NA,NA,NA,NA,NA,NA,NA,NA,NA,NA,NA,NA,NA,NA,NA,NA,NA,NA,NA,NA,NA,NA,NA,NA,NA,NA,NA,NA,NA,NA,NA,NA,NA,NA,NA,NA,NA,NA,NA,NA,NA,NA,NA,NA,NA,NA,NA,NA,NA,NA,NA,NA,NA,NA,NA,NA,NA,NA,NA,NA,NA,NA,NA,NA,NA,NA,NA,NA,NA,NA,NA,NA,NA,NA,NA,NA,NA,NA,NA,NA,NA,NA,NA,NA,NA,NA,NA,NA,NA,NA,NA,NA,NA,NA,NA,NA,NA,NA,NA,NA,NA,NA,NA,NA,NA,NA,NA,NA,NA,NA,NA,NA,NA,NA,NA,NA,NA,NA,NA,NA,NA,NA,NA,NA,NA,NA,NA,NA,NA,NA,NA,NA,NA
-0.0133921135372127,0.051214530068264,-0.0182230532299947,0,-0.0402368269258577,0,0.0552106067986649,0.0121387273409329,0,-0.0272980029020353,0,0,0,0.0640853442875919,0.0431105409194271,-0.00943863643977164,-0.0316086241494332,-0.00697039370358257,-0.00549235480131412,0,-0.00208478367480347,0,-0.0192932164068718,0,0.00935504703104971,-0.00668620401303877,0,0.0144967306520859,0,-0.0371627974506628,-0.0010966590384037,0,0,0,0,0,0,0,0,0,0,0.0182753704016119,0.0605115983038869,0.0377722104457065,-0.0151342338760513,0.0657731496482473,0.0259538535739112,-0.00431247301156473,0,-0.0061436823040162,-0.0032100391833066,0,-0.0108177299645471,0.0572941941472545,0.00310330304943935,0.00256483595574829,0.025596651425716,0,0,0.00154115224375771,-0.031259464943743,-0.0228595653171572,-0.0074347010670224,0,0.0135500302671693,-0.0112773760042799,0,-0.0260049829115034,0,0.0178960098350195,0,0,-0.00623087353422755,0,0,0,0,-0.00681179181861275,0.0295433582268737,0,-0.0150224313794155,0,0.0194903280045654,-0.0127084115225438,0,-0.00495142263798003,0,0,0,0,0,0,0.0428241114347659,-0.047121518564655,0,0.0250052775278124,0,-0.024151788210539,-0.0313252183364227,0,0,0,0.00296848657632825,0,-0.0262200174611911,0.0670425214201956,0,-0.00630151955047866,-0.00533557229669923,0,0,-0.0343815327776314,-0.0270433762157854,0.00844884431947922,0,-0.0382239482278521,-0.00383683678221274,0,0,-0.000530202479405903,0,-0.00213488968907932,0.00297900986910206,-0.00552855836023787,0,-0.0339168519607069,0,0,0,0,-0.0706013483373861,0,0.0211490791703177,0,0.0241855763069195,0,0,0.0251506211147869,0,0,0.011739223495526,-0.0163321060941792,0,0.0101321658845189,0,0,0,0,0.0103093395392719,-0.000680954817413712,0,0,0,0,0,0,0,0,0,0,0,0,0,0,-0.00969863093831308,0,-0.00188841848464182,0,-0.0148239779263396,0.0428528845604591,0,-0.011373276084117,-0.00245426823872835,0,0,-0.000039495598413897,-0.00563523341493359,0,0.0499332309705454,0,-0.0297575816470978,0.025740787153114,0,0.0275903179445573,-0.0070250004860779,0.00142092456062547,-0.0230332470766174
-0.0133824742221071,0.0504926942180132,-0.0171221515642583,0,-0.0401637842552102,0,0.0549751099558889,0.0114531358383809,0,-0.027375544018811,0,0,0,0.0650036754406102,0.0432918629028244,-0.0094415369890858,-0.0314838180724726,-0.00644018003311283,-0.0057438133569104,0,-0.00219736069396578,0,-0.0190453884256676,0,0.00875941193245016,-0.00658124818335698,0,0.0140045409667079,0,-0.0374207277626409,-0.000725118691262061,0,0,0,0,0,0,0,0,0,0,0.018160067258514,0.0602105493943976,0.0371872646588681,-0.0152211655439292,0.0652934032487752,0.0254313941705738,-0.00452944011862084,0,-0.00590690001850978,-0.00334210711277853,0,-0.0111776140283938,0.0571875823978683,0.00273463803517599,0.00217610192895279,0.0258620348474153,0,0,0.0019093448328115,-0.0314713092759977,-0.0223658028693016,-0.00731813792838162,0,0.0132582747408031,-0.0109995137752316,0,-0.0254574040667687,0,0.0172491699381025,0,0,-0.00604266821661323,0,0,0,0,-0.00719102068973208,0.0289702616421165,0,-0.0153356472619475,0,0.019339592470189,-0.0124975003370726,0,-0.00482370681125135,0,0,0,0,0,0,0.0429583378446257,-0.046753512087582,0,0.0247530516879222,0,-0.0239203223186961,-0.0312889399680586,0,0,0,0.0028533145067377,0,-0.0259658626734179,0.0658551193832194,0,-0.00604897101799521,-0.00637797829196423,0,0,-0.0343834553757371,-0.0267316942879262,0.00769657344048546,0,-0.0381413753051066,-0.00430057082372512,0,0,-0.000675340188041671,0,-0.00216861576849736,0.00274831400268198,-0.0061066157717804,0,-0.0332174130254061,0,0,0,0,-0.0699886647093043,0,0.0210945486653371,0,0.0240746782103733,0,0,0.0265248188715944,0,0,0.0116076546735748,-0.016400938780233,0,0.0121677708780358,0,0,0,0,0.00998447161848989,-0.000964458930789168,0,0,0,0,0,0,0,0,0,0,0,0,0,0,-0.00926694145867685,0,-0.0023823634707393,0,-0.0148056976149938,0.0421110617804717,0,-0.0114230681887919,-0.00208922412202448,0,0,0,-0.00552490636729015,0,0.0496036924398033,0,-0.0290754931200374,0.0255002974016169,0,0.0298860384090084,-0.00635590696630871,0.00116200842346178,-0.0230519645715592
-0.013436529816239,0.0501746597118148,-0.0176213984247004,0,-0.0398320895175083,0,0.0549417189509064,0.0111371185158707,0,-0.027175860352057,0,0,0,0.0653630574938164,0.0434429361420452,-0.00958170029418387,-0.0315722959678176,-0.00617470682693831,-0.00582550458461347,0,-0.00211403015375075,0,-0.018836956751278,0,0.00867859700299954,-0.00668675654483558,0,0.0140025790421286,0,-0.0382789139146071,-0.000374795015302916,0,0,0,0,0,0,0,0,0,0,0.0179648681216898,0.0601606876890119,0.0382277436751693,-0.0153872623974559,0.0654220395855475,0.0254578896767238,-0.00433952349099616,0,-0.00611229646400451,-0.00330879067981598,0,-0.0115547032783923,0.0570121883020773,0.00256799517573964,0.00249619993290658,0.0258407795411877,0,0,0.00189654483366029,-0.0311344946278135,-0.0228611262337337,-0.00695828370587189,0,0.0134392142157731,-0.0109465730838174,0,-0.0255367679910828,0,0.0177570050776705,0,0,-0.00587422869221616,0,0,0,0,-0.00676708233672366,0.0291920993273911,0,-0.0152099752945707,0,0.0196221004828158,-0.0125244863932473,0,-0.00475058531101726,0,0,0,0,0,0,0.0430403000905127,-0.046946458115938,0,0.0253726350386102,0,-0.0239447494608107,-0.0314218558554124,0,0,0,0.0028995106388932,0,-0.0259696851852409,0.0661358384683189,0,-0.00594792628472107,-0.00637980539897303,0,0,-0.0341182633140022,-0.0268525034185749,0.00786278373997863,0,-0.0377681250851747,-0.00369201665846138,0,0,-0.000715499245557016,0,-0.00166458633799429,0.00256414665978045,-0.00577527256217121,0,-0.0329901981856861,0,0,0,0,-0.0698219141025712,0,0.0210446991514488,0,0.0245292959547277,0,0,0.0268233726394927,0,0,0.0107555362262634,-0.0163526740045091,0,0.0117724595923485,0,0,0,0,0.00865616205872297,-0.00150774242091921,0,0,0,0,0,0,0,0,0,0,0,0,0,0,-0.00923968110004668,0,-0.00223751396584225,0,-0.0148677517129237,0.0418710890438506,0,-0.0122416479007376,-0.00192777558553705,0,0,0,-0.00564101102575193,0,0.0500755381173046,0,-0.0290402818666847,0.0254831084911703,0,0.0298402425426475,-0.00737165142212412,0.00123973786369053,-0.0228328749581977
-0.0135629762206895,0.0495871718873248,-0.0194292827009061,0,-0.0390514656782493,0,0.0546269452523151,0.0108136214348018,0,-0.0269362324422937,0,0,0,0.0658645947332748,0.0429535188151806,-0.00958088168249438,-0.0319811611899169,-0.00472797872512563,-0.00551444575027577,0,-0.00253182132635857,0,-0.0200843713372387,0,0.0140561361519014,-0.00703540369807967,0,0.0148176395667745,0,-0.0385376768884416,0,0,0,0,0,0,0,0,0,0,0,0.0183144798551466,0.0590388225623539,0.0389728518230587,-0.0157413870751466,0.0654851344239133,0.0283704839494936,-0.00384026222600126,0,-0.00580125017082408,-0.00324385278124643,0,-0.0104331785321975,0.0575477009484775,0.00196268664518196,0.00165395386410618,0.0262042550053583,0,0,0.00211209241130704,-0.0314086672710195,-0.0230425463435662,-0.00687943679898477,0,0.0141615207835692,-0.0109623048954767,0,-0.025160514132011,0,0.0169614366909905,0,0,-0.00583083423600405,0,0,0,0,-0.00714755789279905,0.0298414277255265,0,-0.0146033011337198,0,0.0200049478987808,-0.012779733657608,0,-0.00529756890103677,0,0,0,0,0,0,0.0433593524751836,-0.046779351182028,0,0.0251055734799445,0,-0.0243709669436203,-0.031433965211801,0,0,0,0.00235491953623749,0,-0.0254220404771049,0.0670010302827462,0,-0.00615167899611014,-0.00597097732400307,0,0,-0.0336018125992526,-0.0269152753964271,0.00773087983344768,0,-0.0390799143708783,-0.00316610638756724,0,0,0,0,-0.00137745061501867,0.00219504936939906,-0.00587266561683375,0,-0.0333013424753031,0,0,0,0,-0.0703408314392086,0,0.0211608554182917,0,0.0246145148398415,0,0,0.0272936441343039,0,0,0.00952657103527006,-0.0154628979245608,0,0.00935393337534155,0,0,0,0,0.00875655265883844,-0.000841536055218657,0,0,0,0,0,0,0,0,0,0,0,0,0,0,-0.00914262120535474,0,-0.00216095690806249,0,-0.0145611047498317,0.0426436899167098,0,-0.0120618105159821,-0.00154967525047521,0,0,0,-0.00613666891215309,0,0.0501100724425464,0,-0.0295823428164101,0.0254069351829975,0,0.0296052011612116,-0.00746582122792846,0.00130334706312769,-0.022380708025581
-0.0160649377930588,0.0514794306719683,-0.0238206941821132,0,-0.0388315904965184,0,0.0539181624481663,0.0100249833390707,0,-0.0258621695845808,0,0,0,0.0676358142295556,0.0435987372621365,-0.00916377512328727,-0.0311775491946661,-0.00887779622197793,-0.0090700764591348,0,-0.00157547800838854,0,-0.0191847450254482,0,0.0068190442924397,-0.00365941651429676,0,0.0174079204397197,0,-0.03809797167983,-0.0157615402143439,0,0,0,0,0,0,0,0,0,0,0.0195908339007168,0.0601032145247267,0.042808140104529,-0.0159033238365089,0.0669332343405814,0.023782179938463,-0.00267632855023342,0,-0.00604853254888524,-0.00344195913043437,0,-0.0129219902572636,0.0588724506969778,0.00272876780208963,0.00138141362215364,0.0245228780082726,0,0,0.00193352136090809,-0.0324587195759142,-0.0227674172177829,-0.00618068164588064,0,0.0151342471164234,-0.0102138079355082,0,-0.0247954152236789,0,0.0174479341317603,0,0,-0.00720943989898175,0,0,0,0,-0.0054462737654171,0.0315792552361219,0,-0.0149933571801091,0,0.0206255948702642,-0.0133950881416404,0,-0.00312760876436276,0,0,0,0,0,0,0.0441858458699331,-0.0471905644499711,0,0.0274782922525066,0,-0.0235100065837146,-0.0315310590636989,0,-0.00142007599261596,0,0.00149005408275208,0,-0.0269984620236145,0.06486366212633,-0.000689436255545112,-0.00617712692361261,-0.00550845685456013,0,0,-0.0300856007988243,-0.0269564178391657,0.00611599489995512,0,-0.0353258863394619,-0.00403454380603491,0,0,0,0,0,0.00302486673826672,-0.00132257961011654,0,-0.0324681162707296,0,0,0,0,-0.0662592976427728,0,0.0202831800860266,0,0.027070430904969,0,0,0.0269709213729027,0,0,0.014984983659205,-0.0177383024778987,0,0.00014958480378315,0,0.00168160617598015,0,0,0.00899489952902325,-0.00215756820927,0,0,0,0,0,0,0,0,0,0,0,0.000048993681817701,0,0,-0.0110234339312206,0,0,0,-0.0141200777093789,0.0421727334685286,0,-0.0116823740433155,-0.00355754611973447,0,0,0,-0.00265309317315869,0,0.0503609864029544,0,-0.0266275017929276,0.0269051430936136,0,0.0281475570163146,-0.00905930955370592,0.000777158739828545,-0.0228818819565996
-0.0149425058717158,0.0507183889756298,-0.0202407573459073,0,-0.0388635863462714,0,0.0543423923012106,0.0105191896876111,0,-0.0267842723936475,0,0,0,0.0664067097320747,0.0422420300863423,-0.008943180277671,-0.0311474756445357,-0.00718243143219027,-0.00483872905145542,0,-0.000450209884013356,0,-0.0182872443221678,0,0.00987836802923501,-0.00714415864091708,0,0.0158763010074816,0,-0.0362078208354652,-0.000157444010652009,0,0,0,0,0,0,0,0,0,0,0.0183452019704266,0.060201560386825,0.0365426850885998,-0.0164234281788665,0.0663340691197978,0.0270553497167136,-0.00362907762086066,0,-0.00601689566458654,-0.00301489464527347,0,-0.0100780060955058,0.0572343187309639,0.00316438876843074,0.00301332851643557,0.0257119510871361,0,-0.000822320408968592,0.00247234113856396,-0.0304916824972531,-0.0225455097015688,-0.00754825757210088,0,0.014028321003206,-0.0105421871314987,0,-0.0260520644246277,0,0.0145982352779385,0,0,-0.00639941514208604,0,0,0,0,-0.00664476126892916,0.0310205833728944,0,-0.0135590755843734,0,0.0199943311015851,-0.0127534027984948,0,-0.00519538132094718,0,0,0,0,0,0,0.0431377534609291,-0.0468369598041025,0,0.0263505759469268,0,-0.0233884086680312,-0.0312538220824364,0,0,0,0.00225091734903933,0,-0.0266406061800623,0.0665991519163874,0,-0.00636523899602346,-0.00627430575755555,0,0,-0.0319886603254542,-0.0274830798607728,0.00946825916528583,0,-0.0366060867659933,-0.00345942455843575,0,0,-0.000101559170515815,0,-0.00166171647896587,0.00238830045260441,-0.00446731680442278,0,-0.0334284835152455,0,0,0,0,-0.0694169751094142,0,0.0211662567934337,0,0.0254193736467693,0,0,0.0256863921094406,0,0,0.0108818236220421,-0.0157143491051796,0,0.00568001410098676,0,0,0,0,0.00925632788961591,-0.000498701284030994,0,0,0,0,0,0,0,0,0,0,0,0,0,0,-0.00985383451589568,0,-0.000875111870263039,0,-0.0145981061852827,0.0432511048238411,0,-0.0112060591049085,-0.00251082357366429,0,0,0,-0.00461700545066749,0,0.0509469161037384,0,-0.029904417158378,0.026199926679576,0,0.0255880568920513,-0.0076704034270853,0.000879808243011429,-0.0227712997725725
-0.0136886331696673,0.0509523949112674,-0.0178822458705753,0,-0.0398732749508321,0,0.0546773414228883,0.0116082108380864,0,-0.0271309525472675,0,0,0,0.0648502206780178,0.0433462092164048,-0.00986406327280234,-0.0316001853448742,-0.00654449349352265,-0.00603573810329626,0,-0.00277256633038613,0,-0.0198280453587172,0,0.00894713061213551,-0.00628106215458898,0,0.0145812114211224,0,-0.0391567679834755,-0.00148397809643122,0,0,0,0,0,0,0,0,0,0,0.0188414384224363,0.0583945739850231,0.0377679073148342,-0.0160687580086735,0.066155323145863,0.0258654200338485,-0.00450681850497992,0,-0.00623629785808162,-0.00336272335025136,0,-0.0104943204083486,0.0572649264569022,0.00286549072461738,0.00230429731148486,0.0254297314451224,0,0,0.00186401260682288,-0.0309368156906192,-0.0233168649565974,-0.00749442290873201,0,0.0137881288177641,-0.011407800190759,0,-0.0248343651277453,0,0.0191568189690358,0,0,-0.00581175312477483,0,0,0,0,-0.0054929081726178,0.0292789766973841,0,-0.0147291022928276,0,0.020077921042989,-0.0122039947721954,0,-0.00530949988921491,0,0,0,0,-0.000182294697023804,0,0.0431911578758295,-0.0472193320352792,0,0.0246711767240099,0,-0.0240909580078906,-0.0309570960232989,0,0,0,0.00160148698512261,0,-0.0259556638737446,0.0662053846393641,0,-0.00628875506822908,-0.00584995818147979,0,0,-0.0338071900476936,-0.0278932755422617,0.00687657874837931,0,-0.0394965073357641,-0.00450493812527914,0,0,-0.000342784947209367,0,-0.00125344233888653,0.00268352228945281,-0.00533132145065007,0,-0.0334644967372861,0,0,0,0,-0.0695891516274271,0,0.020512460593469,0,0.0244134900883933,0,0,0.0260007941595572,0,0,0.0111026699839009,-0.0166707298264712,0,0.00883633199781531,0,0,0,0,0.0087223144367318,-0.000780393763481726,0,0,0,0,0,0,0,0,0,0,0,0,0,0,-0.00971668668910994,0,-0.00160316572889893,0,-0.0148420404491175,0.0413611739323815,0,-0.012415336582548,-0.00202669446003596,0,0,-0.000265379005926791,-0.00535968777435176,0,0.0492498976573323,0,-0.0290851272852272,0.0253537722850442,0,0.0293688552333889,-0.00720704607133139,0.00105567592315931,-0.0226594408295947
-0.0133759588866442,0.0504286973965436,-0.0178511108962155,0,-0.0398249163316714,0,0.0549472327672164,0.0112630544766724,0,-0.0271910153205624,0,0,0,0.0653997724877472,0.0437900200463824,-0.0098203628630935,-0.0320325051150482,-0.00637568728508768,-0.00608449876782825,0,-0.00197389556054838,0,-0.0189233396575456,0,0.0099785065560681,-0.00667807689342062,0,0.01471122411189,0,-0.0394861161132528,-0.000966252430713507,0,0,0,0,0,0,0,0,0,0,0.0186189355228736,0.0593134435006721,0.0383422540680151,-0.0159698192257084,0.0660043503994528,0.0254612531874165,-0.0044202627865373,0,-0.00620823628349199,-0.0034776592474286,0,-0.011517469757271,0.0573931554325845,0.00283905513727415,0.00260423837953964,0.0252778585956428,0,0,0.00174436437691701,-0.0316760884621694,-0.0235872541513327,-0.0066852284226675,0,0.0144148190022449,-0.0110681702375448,0,-0.0254079331292004,0,0.0186450669115312,0,0,-0.00598641005826723,0,0,0,0,-0.00730412310525351,0.0293711364421468,0,-0.0146552741781745,0,0.0195975423667166,-0.0124667184429755,0,-0.00511653655158561,0,0,0,0,0,0,0.043241249855563,-0.0467612787113795,0,0.0254074280997227,0,-0.0243116672190983,-0.031597158050209,0,0,0,0.00236565852910588,0,-0.0261273016208871,0.0660932935044045,0,-0.00587202515854789,-0.00640208173620409,0,0,-0.0341697027303465,-0.0272298264090212,0.00714649442356159,0,-0.038709075209956,-0.00417070112926917,0,0,-0.00032767750118533,0,-0.00167085693448714,0.00276162259315252,-0.00581798515753663,0,-0.0333964549088917,0,0,0,0,-0.0707081199368481,0,0.0210476253715018,0,0.0250963716684735,0,0,0.0263709214098241,0,0,0.0114266317562551,-0.0155339194001687,0,0.00959797918075855,0,0,0,0,0.0087123155448872,-0.00123172966667312,0,0,0,0,0,0,0,0,0,0,0,0,0,0,-0.00985029871039942,0,-0.00157085118246628,0,-0.0149126483634833,0.0429268706142149,0,-0.0123680686794088,-0.00178193063604907,0,0,0,-0.00547037704277147,0,0.0497171742541543,0,-0.0292915847587031,0.0260917928481757,0,0.0297223070182531,-0.00730025614296192,0.00112494153403822,-0.0228066855330247
-0.0141628500418103,0.0500796665275463,-0.0191269669992963,0,-0.0393014143047109,0,0.0550648608017529,0.0107712829461618,0,-0.0271219044968796,0,0,0,0.0658935229705341,0.0432046674320392,-0.00949640455227314,-0.0317874947884678,-0.00627481344881424,-0.00502660527926393,0,-0.0011280698908694,0,-0.0196910471262328,0,0.00899110325154447,-0.00645257278197018,0,0.0150617000275276,0,-0.038741475429475,-0.000953738187119649,0,0,0,0,0,0,0,0,0,0,0.0185247489665496,0.059592615474293,0.0382824076460512,-0.0155600502163563,0.0662900906376944,0.0264291716922784,-0.00409506826402474,0,-0.00579962633618316,-0.00333304319360365,0,-0.0110497936874556,0.0570652627065288,0.00269752529863444,0.00196263152906676,0.0260658869000036,0,0,0.00213449316276979,-0.031641858999787,-0.0229953614017493,-0.00657188193633452,0,0.0137936286968383,-0.0107408077934021,0,-0.025514278611003,0,0.0181410793099965,0,0,-0.00595310799512728,0,0,0,0,-0.00683594195956686,0.0298739127216564,0,-0.0145379864778808,0,0.0198952998032613,-0.0127484635587901,0,-0.00472005656617115,0,0,0,0,0,0,0.0433327661656576,-0.0469278376506802,0,0.0256548857150521,0,-0.0239309255608454,-0.031512860568102,0,0,0,0.00238806978402451,0,-0.0261699756684807,0.066425066956471,0,-0.00604075924543469,-0.00646864051035021,0,0,-0.0330641306734219,-0.0270192292800918,0.00773813148507887,0,-0.0392035902605829,-0.00381001109261826,0,0,-0.000568243301562821,0,-0.00166677608549549,0.00270436603149448,-0.00502275781400239,0,-0.0334095698122076,0,0,0,0,-0.0696256356663097,0,0.020768743876859,0,0.0257823140973269,0,0,0.0265489727623634,0,0,0.0106427994064717,-0.0163999694474197,0,0.00894614800712657,0,0,0,0,0.0093664442064462,-0.00089405075844377,0,0,0,0,0,0,0,0,0,0,0,0,0,0,-0.00972367732563412,0,-0.00207103484464481,0,-0.0144668640540407,0.0427160815649046,0,-0.0119524969181724,-0.00173318288457465,0,0,0,-0.00516548374495861,0,0.0502452568110663,0,-0.0291029809091358,0.0259052984963595,0,0.0284353392129625,-0.00754270048076396,0.00140450102223235,-0.0225825160354845
-0.0129133646119554,0.0498912336239548,-0.0184220355557237,0,-0.0388953937565788,0,0.055658855272548,0.0110449054935676,0,-0.0282475313362574,0,0,0,0.0656087688758446,0.0435872482937539,-0.0105286656212922,-0.0323392095953284,-0.00819654988366896,-0.00702242014594316,0,-0.00292992559700873,0,-0.0202899303274921,0,0.0140192218137483,-0.00680830638650343,0,0.0146798268166131,0,-0.0399688529217826,0,0,0,0,0,0,0,0,0,0,0,0.0182209880976368,0.0593821036941128,0.0407632266777429,-0.0144371379422276,0.0671822395168283,0.024143099720638,-0.00530935223267353,0,-0.00585538890334966,-0.00317874757427866,0,-0.010504953584152,0.0555679400115692,0.00330880898545509,0.00363467741065554,0.0254323957011482,0,0,0.00187665122163127,-0.0308347961982212,-0.0226784831735735,-0.00744916934224554,0,0.0125740178391843,-0.0108983773558375,0,-0.0242005485255394,0,0.0203953545291728,0,0,-0.0048429920227732,0,0,0,0,-0.0065744156185519,0.0293210632555438,0,-0.0145503896350651,-0.0000620988251392693,0.0198362485626604,-0.0129865276607361,0,-0.00461246640962428,0,0,0,0,-0.00116835199469773,0,0.043049392731424,-0.0467001553153725,0,0.0245571211129343,0,-0.0243519008552399,-0.0310686525086442,0,0,0,0.00351031286591741,0,-0.0260730410220851,0.0671826972491342,0,-0.00604820170853625,-0.00625303799092982,0,0,-0.0341181433543264,-0.0273541292583052,0.00596757054440294,0,-0.0391701944789788,-0.00379449210472331,0,0,-0.000483895000783681,0,-0.00190071266058311,0.00292754692388428,-0.006114503176746,0,-0.0324642164121971,0,0,0,0,-0.0710250849099603,0,0.0204198501341536,0,0.0245191682549565,0,0,0.0275257749824715,0,0,0.0124912187206137,-0.0167427650770543,0,0.0105732313266945,0,0.00460203203999405,0,0,0.00907771906077423,-0.000564964168535572,0,0,0,0,0,0.0000733354228245056,0,0,0,0,0,0,0,0,-0.00872368441803116,0,-0.00191029800182257,0,-0.0147715822936883,0.0427216824967798,0,-0.0125079119201104,-0.00055857123813031,0,0,0,-0.00563426123959134,0,0.0507705687066831,0,-0.0299191369971642,0.0294806703791478,0,0.0287485247655896,-0.00735948020618954,0.000408336894109825,-0.0232631921252861
-0.0167746841745435,0.0505816753499554,-0.0201605410893756,0,-0.0400802105916456,0,0.0541891893692724,0.0105141050912943,0,-0.0244524355810923,0,0,0,0.0659048766530966,0.041141825829229,-0.00820818893481029,-0.0298734284739489,-0.0056688933554078,-0.00328176057363217,0,0,0,-0.0191356439054512,0,0.00916269866771268,-0.00619589507496876,0,0.015109094964082,0,-0.0344471086271688,-0.000360680707709807,0,0,0,0,0,0,0,0,0,0,0.0182417481396942,0.0615317693599121,0.0363380680427946,-0.0180341810072467,0.0633584433052994,0.0255320249092014,-0.00389680274480883,0,-0.00539631803109465,-0.00236279562324459,0,-0.00828055828347149,0.0560504428137136,0.00509149157477723,0.0021866637501459,0.0278832401013217,0,0,0.00359153914820039,-0.0299977472032793,-0.021158320467753,-0.00848836247957676,0,0.0100619642269214,-0.0107755120107717,0,-0.0257704491622868,0,0.0104736938982338,0,0,-0.00638903065441858,0,0,0,0,-0.00627308409992016,0.0298801872524852,0,-0.0136427723559495,0,0.0198508016654424,-0.0125712336119367,0,-0.00525643060654971,0,0,0,0,0,0,0.0408369606212922,-0.0471371010348102,0,0.0255192669534967,0,-0.0245937379104553,-0.0308054776516179,0,0,0,0.00170277740809326,0,-0.0257843951555444,0.0683672414202241,0,-0.00747832184713053,-0.00473341890774566,0,0,-0.0304511293239231,-0.0270563225601969,0.0123390527037103,0,-0.0363926197089818,-0.00242241646194964,0,0,-0.000823727366049911,0,-0.00380785907524653,0.00449538592562434,-0.00336602056005451,0,-0.0355993078006235,0,0,0,0,-0.068750934122115,0,0.0201982322987618,0,0.0263483557355382,0,0,0.0258928555934945,0,0,0.0102501976005804,-0.0161602935433706,0,0.00891154468779543,0,0,0,0,0.0115023995772344,-0.00196024247744758,0,0,0,0,0,0,0,0,0,0,0,0.00172534707096674,0,0,-0.0113652524584758,0,-0.00324123421384772,0,-0.0133017577114636,0.0435688745542698,0,-0.0117133503311386,-0.0037864607250586,0,0,-0.000905983559108668,-0.00396465692867859,0,0.0516424188359576,0,-0.0269956251448453,0.0118986444213266,0,0.0203165120299579,-0.00840681170340355,0.00343880626788384,-0.0234396996706925
-0.0168202782961803,0.0522314763447467,-0.0200401261433709,0,-0.0435190037277975,0,0.0526739259975737,0.0100711965847571,0,-0.0279643776368599,0,0,0,0.0659741470668097,0.0422416806636867,-0.00808878565555254,-0.029450824661553,-0.00438055046096949,-0.0042021632261191,0,-0.00143074905610544,0,-0.0168630828509636,0,0.00539867834965906,-0.00491736829344181,0,0.0110671171193306,0,-0.0371488928583015,0,0,0,0,0,0,0,0,0,0,0,0.018247057915962,0.0606739516664962,0.0282458217454742,-0.0260571179199089,0.0640102772613672,0.0264080680303235,-0.00236129544751264,0,-0.00616599829649704,-0.00353335168481648,0,-0.0113638797962997,0.0586724984598092,0,0.00240749041798625,0.0272148471994483,0,0,0.00297575141969345,-0.029516271971292,-0.0212233528707421,-0.00809025871737823,0,0.00983482875172871,-0.00925078643890324,0,-0.0244275165758751,0,0.0185390654009389,0,0,-0.00532091418050531,0,0,0,0,-0.00653350697265991,0.0300293648742264,0,-0.0124827670635879,0,0.0191569785735186,-0.012783585774553,0,-0.00329572684806406,0,0,0,0,0,0,0.0421887879209726,-0.0481628356608726,0,0.025126536288407,0,-0.0232328692504469,-0.0316048195677535,0,0,0,0.00244164888542686,0,-0.0257998547037788,0.0670472541400307,0,-0.00604042008583673,-0.00465343595721386,0,0,-0.0317086833550892,-0.0251106569043844,0.00747059342753397,0,-0.0361513720193559,-0.00631602644923758,0,0,-0.00106744802325582,0,-0.0029144570847542,0.00332373499552287,-0.00176554037681808,0,-0.033994482946693,0,0,0,0,-0.0692436690319772,0,0.0201594693595209,0,0.0258741357984174,0,0,0.0252370885167293,0,0,0.00912284729757413,-0.024388808801726,0,0.0112684708118704,0,0,0,0,0.00875373070012549,-0.00559654392795099,0,0,0,0,0,0,0,0,0,0,0,0,0,0,-0.00941527978937811,0,-0.00627215919055305,0,-0.0149713549968929,0.0414918155364469,0,-0.0122765860897709,-0.00146156417842663,0,0,0,-0.0045240143252176,0,0.0493680368827194,0,-0.0275713528991305,0.0253895308211986,0,0.027651854247195,-0.00814070262407274,0.00133129707402331,-0.0224948587780466
-0.0146012790873668,0.0495778110616609,-0.0195653036256473,0,-0.0411899141609911,0,0.0546178385291737,0.0113300459566437,0,-0.0271246255055351,0,0,0,0.0650196170558563,0.0429547761193664,-0.00924555129189276,-0.0304845218433616,-0.00697281790232688,-0.00552852955667644,0,-0.00244599841967201,0,-0.0193627708631253,0,0.00795540382861524,-0.00629671822217752,0,0.0147131301267915,0,-0.0385541330188998,-0.000961935411321499,0,0,0,0,0,0,0,0,0,0,0.0188530686704746,0.0591979503498074,0.0376522859381776,-0.0162661645386938,0.0663253242696744,0.0261434218062538,-0.00415964558681849,0,-0.00587039200749357,-0.003250592920636,0,-0.0109435241681235,0.0572267919983763,0.00302428188120361,0.00224638518947411,0.0256391072573805,0,0,0.00170542286832016,-0.0312695921752755,-0.0227909365973604,-0.00673884912325126,0,0.0137357408426641,-0.0108089359150011,0,-0.0257637922985468,0,0.0176086686874651,0,0,-0.00575393978716769,0,0,0,0,-0.00670629095230168,0.0295471626801923,0,-0.0145727136499445,0,0.0195920733449984,-0.012854452633905,0,-0.00481459344030287,0,0,0,0,0,0,0.0426626469637288,-0.046527268858246,0,0.0254415951214554,0,-0.0239858729929544,-0.0311512608001044,0,0,0,0.00259714462220565,0,-0.0261618282480592,0.0669252572706746,0,-0.0061480146331671,-0.00569650575620231,0,0,-0.032994163089856,-0.0271344419153723,0.00810395815017997,0,-0.0385971638540761,-0.00435426745532118,0,0,-0.000361812053939217,0,-0.00189988805130503,0.00296520269684788,-0.00473469432936693,0,-0.0335149451982368,0,0,0,0,-0.0699156699808368,0,0.0197228522476772,0,0.0246503211721739,0,0,0.0260164356739922,0,0,0.010916440961677,-0.0172536622833127,0,0.00921202104322021,0,0,0,0,0.00977097546820733,-0.00102227377644523,0,0,0,0,0,0,0,0,0,0,0,0,0,0,-0.00984662184222056,0,-0.00228258786144057,0,-0.0141167487455386,0.0424135502899833,0,-0.011860965173886,-0.00200047073112802,0,0,0,-0.00536879154711971,0,0.0504361391753811,0,-0.0286177441987171,0.0259945823941242,0,0.0279777452009737,-0.00733786129633053,0.00127613738516995,-0.0223229775316978
-0.01693271707975,0.046333644343483,-0.0198577907431773,0,-0.0398401445581634,0,0.0550477749166338,0.0121535307144654,0,-0.0269889137583276,0,0,0,0.0673814176478273,0.0421135348170916,-0.0130516896835801,-0.0297715414207695,-0.0101084898111387,-0.00702895044611575,0,0,0,-0.0190141197583548,0,0.0104352737715517,-0.003586539781946,0,0.0148315683177664,0,-0.0356444305624994,-0.00245863473978707,0,0,0,0,0,0,0,0,0,0,0.0202972826869861,0.0597681489009101,0.0363944687419957,-0.0150238345375311,0.0656058457985654,0.0283729785221876,-0.00446090829312195,0,-0.00397117518300632,-0.00262651236072172,0,-0.00932971307421617,0.0621273604955139,0.000347775540662593,0.00399096500455948,0.0235976809408524,0,0,0.00165678357332125,-0.0284885857493411,-0.0207432936192484,-0.00759605353248431,0,0.0130852209430658,-0.0100967977642487,0,-0.0259037100009075,0,0.0193768361123453,0,0,-0.00624013691806141,0,0,0,0,-0.0049778401029872,0.0304258215706189,0,-0.013849271095858,0,0.020145723585103,-0.0126381627004739,0,-0.00539450083571522,0,0,0,0,0,0,0.0400528043337149,-0.0470191628279112,0,0.0256616071068204,0,-0.0263154245149425,-0.0314938655020997,0,0,0,0.0056205574355943,0,-0.0255767846540855,0.0670683816366879,-0.000010281639807086,-0.00594841390140261,-0.00113972385324844,0,0,-0.0310599049248308,-0.0249639340016304,0.00236522122549321,0,-0.0380224516512619,-0.00374394300259848,0,0,-0.000187661707823275,0,-0.00126833298205665,0.00437776502905829,-0.00359756633614809,0,-0.0314658513623463,0,0,0,0,-0.0697212827571706,0,0.0117004760042614,0,0.0258881736037083,0,0,0.0284872429985819,0,0,0.0101570430781017,-0.0204942661864945,0,0.00890744949995034,0,0,0,0,0.0130499411383957,-0.00146631752745602,0,0,0,0,0,0.000255523076848765,0,0,0,0,0,0.00222223886784323,0,0,-0.00891283207892827,0,-0.00492957828451247,0,-0.0138323319332064,0.0381741273678366,0,-0.0129531882689831,-0.00367812559466122,0,0,0,-0.0041158507125177,0,0.0469025429385281,0,-0.032334857383869,0.0215639487304965,0,0.0250005992415657,-0.00876540112627788,0,-0.0219750206417122
-0.0135996831172181,0.0501609962874979,-0.0191064659236167,0,-0.0398630802819573,0,0.0545802621515609,0.0111880422373472,0,-0.0273624471855412,0,0,0,0.0653242703621723,0.0437752073134755,-0.00836185443409614,-0.0315777892634986,-0.0057702284678117,-0.00531357144927009,0,-0.00184639180836557,0,-0.0198526683511098,0,0.00885710229657622,-0.00697407199787764,0,0.01476228963633,0,-0.0390108985495277,-0.0007552742671262,0,0,0,0,0,0,0,0,0,0,0.0182899822816948,0.059358223460803,0.0389968167252832,-0.0162707530945592,0.065844269332687,0.0260870818679461,-0.00518126471085326,0,-0.00613065817212879,-0.00351509201756907,0,-0.0111386068533222,0.057091568730872,0.00242126405429522,0.00194859989951331,0.0256346375010172,0,0,0.00169810681591596,-0.0315361914836804,-0.0238110155860506,-0.00673241509224349,0,0.013827090480986,-0.0112834352152096,0,-0.0260601514791199,0,0.0183950642441048,0,0,-0.0058835192115995,0,0,0,0,-0.00696081072351539,0.0294056356019956,0,-0.0136706445729172,0,0.0196290274374735,-0.0124953207649652,0,-0.00479823678835054,0,0,0,0,0,0,0.042812408237103,-0.0462106035663797,0,0.0255078230482465,0,-0.0240660383341192,-0.0314691561163152,0,0,0,0.00220255260070995,0,-0.0261412920396584,0.0666400984249423,0,-0.0058876601198201,-0.00705728773882766,0,0,-0.0339779270444297,-0.027613486284169,0.011829661979494,0,-0.0392061370375471,-0.0036895610021457,0,0,-0.0005044842074202,0,-0.00111921887338102,0.00249554894393481,-0.00504461837281363,0,-0.033836252249662,0,0,0,0,-0.0707777756251041,0,0.0217472836419725,0,0.0248317774707769,0,0,0.0264510815297897,0,0,0.0113251672259503,-0.0149355025699746,0,0.00885833635305079,0,0,0,0,0.00901119421194333,-0.00053399072223443,0,0,0,0,0,0,0,0,0,0,0,0,0,0,-0.0097604816238351,0,-0.00171400265365109,0,-0.0143448946448177,0.0434519519677259,0,-0.0118458243637551,-0.00213623736531232,0,0,0,-0.00625452211095575,0,0.0507608245546934,0,-0.029778530322937,0.0265226183811789,0,0.0279384790278527,-0.00721803043667932,0.00108347320979983,-0.023344212917372
-0.0166314539307087,0.045100765860552,-0.0181923520064565,0,-0.044250917866783,0,0.0587034464367831,0.0142297668869463,0,-0.0271933796413661,0,0,0,0.0679026248946513,0.0443991070584914,-0.00768489769605173,-0.028122708039972,-0.00768950017842246,-0.00528940084745874,0,0,0,-0.0214046967618628,0,0.0113179287348776,-0.00346358464655662,0,0.0153435936931988,0,-0.0386005116953083,-0.00148233853230673,0,0,0,0,0,0,0,0,0,0,0.0195150309039041,0.0616021859458614,0.0416162634928059,-0.01207593788821,0.0679622126075572,0.0271418992923539,-0.00383904281656535,0,-0.00555629660156029,-0.00182086981393854,0,-0.0128426084633521,0.0572905213559778,0.00540365490828367,0.00216111139295473,0.0278501049114495,0,0,0.00281282944006252,-0.0317516621080574,-0.0218202663954025,-0.0120796571570483,0,0.0118909218033615,-0.0101752193925039,0,-0.0245099557896455,0,0.0198606609049371,0,0,-0.00657180632629256,0,0,0,0,-0.00694960690293457,0.0308924345477113,0,-0.0148885368718359,-0.0000512917852075926,0.0216609723562668,-0.0100835793394445,0,-0.00467273810558492,0,0,0,0,0,0,0.0454113267755552,-0.0491083524812985,0,0.0251782770126753,0,-0.0239129339305141,-0.0301421366274621,0,0,0,0,0,-0.0261106276902837,0.0660476491556254,0,-0.00533488177909581,-0.00395246706698994,0,0,-0.031296708253743,-0.0259138838123687,0.00474893532287241,0,-0.0406404747837265,-0.00213116680555378,0,0,0,0,0,0.00423464421652948,-0.00447366490947617,0,-0.0318997556951968,0,0,0,0,-0.0706340830733199,0,0.0208117946533467,0,0.0234709852334555,0,0,0.0265131901832106,0,0,0.0131605589901401,-0.0156939751940465,-0.000470807718940671,0.0113738541283435,0,0,0,0,0.0122583406597888,-0.000812343152139842,0,0,0,0,0,0,0,0,0,0,0,0,0,0,-0.0158399314480947,0,-0.000806672871543857,0,-0.0127106151708614,0.0397512721373885,0,-0.0136712698794177,0,0,0,0,-0.0037024176135075,0,0.0502818866477147,0,-0.029215270341625,0.0275462189981295,0,0.0305759777597051,-0.00562170909679612,0.00306306616163383,-0.0214459080261097
-0.0133661341346516,0.0504534227648495,-0.0191969081708797,0,-0.0402199796060629,0,0.0545717522047996,0.0108636308611036,0,-0.0275553235555422,0,0,0,0.0655275780837795,0.0443067280636792,-0.00956623816077651,-0.0310965204630728,-0.00672748483293373,-0.00358698519322033,0,-0.00230303525805853,0,-0.0187809541126264,0,0.00746382838508552,-0.0080984149810024,0,0.0148096582062994,0,-0.0399150242583131,-0.000861251711990126,0,0,0,0,0,0,0,0,0,0,0.0174656149368033,0.0588786027292453,0.0434424515759629,-0.0182453342634009,0.0652138232869898,0.0252904798930138,-0.00475519652878272,0,-0.00602892260228877,-0.0034664895922366,0,-0.0111649914965612,0.0575392776564893,0.00226219583794226,0.00173087716247543,0.0260269286995822,0,0,0.00185773806749855,-0.0315174121578451,-0.0237005924171716,-0.00718040408925272,0,0.0134330414213938,-0.0120640830697058,0,-0.0255264877234578,0,0.0185047597521263,0,0,-0.00622428710409693,0,0,0,0,-0.00688825584601735,0.0295061874690148,0,-0.010252059503081,0,0.0199243364704362,-0.0124532876402995,0,-0.00368889712483693,0,0,0,0,0,0,0.0427859159444996,-0.0470818189054714,0,0.025609871788962,0,-0.0241702425882724,-0.0313927932143513,0,0,0,0.0015062195216219,0,-0.0260709588566932,0.0664992298613867,0,-0.00524498475351647,-0.00601690172184395,0,0,-0.0322494685797485,-0.026850601304642,0.0105696896889305,0,-0.040261378776161,-0.00333473413799032,0,0,-0.0000689957339176171,0,-0.00169426462424018,0.00311079374539508,-0.00490278851807751,0,-0.0336678456254447,0,0,0,0,-0.0700476839576066,0,0.0210149823508543,0,0.0244868853411183,0,0,0.0262725270675886,0,0,0.00976945120288973,-0.016545427865481,0,0.00817530410521141,0,0,0,0,0.00944274725808474,0,0,0,0,0,0,0,0,0,0,0,0,0,0,0,-0.00890240079002269,0,-0.00253295792367553,0,-0.0154828454382813,0.0425820925210635,0,-0.0123572636339514,-0.00192570187751005,0,0,0,-0.00614624259403318,0,0.0499147079846479,0,-0.0271630024245766,0.0255810713502245,0,0.0275446018739206,-0.00705998368946549,0.00141923368136076,-0.0226005983137765
-0.0132901296821695,0.0512228077840116,-0.0167244041689676,0,-0.0409793873484565,0,0.0545966064521721,0.0109591555509403,0,-0.0275642074978181,0,0,0,0.063592428124748,0.0439632177280428,-0.0100223195620091,-0.0322100438501818,-0.00660581263727655,-0.00411372039432617,0,-0.00352324860490552,0,-0.0200634988443286,0,0.0083289827233386,-0.00805534363069773,0,0.0138457945635236,0,-0.0405736821269131,-0.00164857011783751,0,0,0,0,0,0,0,0,0,0,0.0189011101681312,0.0593607740358714,0.0378635642836331,-0.0167085075940635,0.0661588194215183,0.0251772474257252,-0.00476216377649819,0,-0.0063265118556225,-0.00353437668814912,0,-0.00878658973969855,0.0568048178241685,0.00238711024709586,0.00152634092518708,0.0250797106371778,0,0,0.00255418438559116,-0.0318827590656407,-0.0225781793821121,-0.00460380991907778,0,0.0130751776958866,-0.0113636186649334,0,-0.0255453377974362,0,0.0172099013810105,0,0,-0.00557877083325197,0,0,0,0,-0.00638929863044724,0.0292215968602059,0,-0.0147368073777324,0,0.01960172695787,-0.0131798132690264,0,-0.00418365763001749,0,0,0,0,-0.000856534765050663,0,0.0429980928524423,-0.0473692199162749,0,0.0250799582495623,0,-0.0222996221825486,-0.0315067233536723,0,0,0,0.0016737845441081,0,-0.0265697168562914,0.0670471592062367,0,-0.00645430027087367,-0.00690552715979419,0,0,-0.0340328127238612,-0.0272873696904154,0.0077896264461111,0,-0.0402394133148181,-0.00489411929658663,0,0,-0.00021984691119571,0,-0.0011381224919613,0.00294526268448841,-0.00510151138502803,0,-0.0345456830505593,0,0,0,0,-0.0708375111744062,0,0.0205981324612339,0,0.0247761965055174,0,0,0.026360879007106,0,0,0.00881190507184752,-0.0174795568802394,0,0.011107542721156,0,0,0,0,0.00870500161687218,-0.00124566542002031,0,0,0,0,0,0,0,0,0,0,0,0,0,0,-0.00855486467812595,0,-0.00267885282143488,0,-0.0150461014822096,0.0430388053180704,0,-0.0114022469603721,-0.00283039669370397,0,0,-0.000111305983897116,-0.00556349885505469,0,0.0507432964906317,0,-0.0250518383643238,0.0249464505085031,0,0.0269401989343655,-0.00758828182289668,0.00144553728949143,-0.0223269232926949
-0.0150492534055099,0.0505810754229956,-0.0201988199044009,0,-0.0388350907502662,0,0.054932236781022,0.0106303906063856,0,-0.0271586429630142,0,0,0,0.0674531332746831,0.0435254352577107,-0.00933001767814073,-0.0310257181525275,-0.0076841280223988,-0.00486457678139859,0,-0.00106857178996808,0,-0.0190730400509015,0,0.0109073115494126,-0.00537750118348737,0,0.0153068159470076,0,-0.0371471445756663,-0.00147208348730096,0,0,0,0,0,0,0,0,0,0,0.018761880217539,0.059711735707019,0.0370688507789948,-0.0150510722649306,0.0662350979534082,0.0268850855180852,-0.0033710322943239,0,-0.00516121526301657,-0.00279526009935306,0,-0.0111197835824657,0.0580479000349563,0.00427754076864979,0.00266709816166393,0.026321574217727,0,0,0.0023815583512727,-0.0308424518004488,-0.0222505207385367,-0.00618398305901962,0,0.01268658843942,-0.0109209611238063,0,-0.0263916859105068,0,0.0205528557282777,0,0,-0.00634941365691668,0,0,0,0,-0.00620271433858614,0.0302857692846801,0,-0.0149585703708852,0,0.0198597700063311,-0.0128829757858745,0,-0.00510889036680799,0,0,0,0,0,0,0.042662463590924,-0.0458950904169737,0,0.0260821519534129,0,-0.0248889557691987,-0.0316635323162839,0,0,0,0.00221639582334801,0,-0.0258553801853598,0.0665271028974936,-0.000088728848863382,-0.00579334854606937,-0.00511509245866233,0,0,-0.0323913318560318,-0.0269493088160549,0.00812177709660832,0,-0.0390027666348433,-0.00227446942142125,0,0,0,0,-0.00124617478534786,0.00469428779012661,-0.00380167192735686,0,-0.0331424756850941,0,0,0,0,-0.069963003809797,0,0.0192210704829007,0,0.0249800702536949,0,0,0.0271190429885828,0,0,0.0114165489997064,-0.0151847148123318,0,0.00801092707742688,0,0,0,0,0.0101825787003672,-0.000244980901748632,0,0,0,0,0,0,0,0,0,0,0,0,0,0,-0.0103189249401755,0,-0.00290216200545118,0,-0.0153950784248322,0.04181425082091,0,-0.0129500918450704,-0.00143844034871791,0,0,0,-0.00479555332327871,0,0.0492258744166152,0,-0.0315937478111456,0.0274424382110109,0,0.0285383696907734,-0.00737548447553941,0.00114095063526436,-0.0219305174984398
-0.0129763501959702,0.0500487291208572,-0.0174988843246248,0,-0.0398113967354643,0,0.0545538443611682,0.0109287732608303,0,-0.026954789288407,0,0,0,0.0639140091193521,0.0439167346840909,-0.00979417350997512,-0.0319907437528447,-0.00743939400254036,-0.00609167272285354,0,-0.000996695876485863,0,-0.0189798304437622,0,0.00738021985963256,-0.00612007580865568,0,0.013060050740917,0,-0.0376744568042913,-0.00130304743207001,0,0,0,0,0,0,0,0,0,0,0.018472899901968,0.0592150675578985,0.0364495171415714,-0.0169604863544659,0.069607010297124,0.025587154337198,-0.00312006807605686,0,-0.00611067472702515,-0.00352633276238275,0,-0.0109239345248416,0.0569359877885341,0.00287515805144762,0.00209422602604778,0.0260106465126156,0,0,0.00203490101547182,-0.0313389477496489,-0.0231800792042107,-0.00731934408337302,0,0.014059882610617,-0.0110593424766358,0,-0.0251838913006586,0,0.0178641644956415,0,0,-0.0055822988251258,0,0,0,0,-0.00651083486517214,0.028980607411184,0,-0.0168774837691269,0,0.0196826777196869,-0.012245252359556,0,-0.00479521012990276,0,0,0,0,0,0,0.0429422857041296,-0.0466347742873283,0,0.0256503338636657,0,-0.0236546479996367,-0.0310851549995875,0,0,0,0.00246462107336048,0,-0.0260883694817281,0.0663867499545411,0,-0.00590904679451398,-0.00622279023220698,0,0,-0.0334810575919625,-0.0281162712071536,0.008180093297902,0,-0.0389681165489393,-0.00632871989662413,0,0,-0.000251248050370304,0,-0.000483843918156743,0.002309056377669,0,0,-0.0337612875361374,0,0,0,0,-0.0703889510282014,0,0.0198199422715227,0,0.0268897731679682,0,0,0.0265584357995255,0,0,0.0095565397583708,-0.0178899945282815,0,0.0113750395978262,0,0,0,0,0.00842707923247483,0,0,0,0,0,0,0,0,0,0,0,0,0,0,0,-0.00963306973866558,0,-0.00233188053344364,0,-0.0141799148603699,0.0424202979088384,0,-0.0118631712423301,-0.00203984501950764,0,0,-0.0000713370750330412,-0.00539714095789424,0,0.050155877126506,0,-0.0295943802768996,0.0242376962483427,0,0.0285999789272592,-0.00866192971580792,0.00118418398171563,-0.0232406991720006
-0.0126315565380082,0.0519381543982718,-0.0162070448292066,0,-0.0411627617798787,0,0.0546940401976686,0.011606711667044,0,-0.0269890409235374,0,0,0,0.0627089973698987,0.0449566783821529,-0.0097236595443617,-0.0324474566916587,-0.00891960218205883,-0.00459362439597238,0,-0.00301897996674678,0,-0.0201014915360852,0,0.00699441052651169,0,0,0.0132761366987422,0,-0.0397852490312176,0,0,0,0,0,0,0,0,0,0,0,0.0184412158923305,0.0583690188661904,0.037480246614757,-0.0164976747809031,0.0713885737701596,0.0247116966874619,-0.00158908402537531,0,-0.00600993119262102,-0.00338110244379412,0,-0.0111389796821696,0.0567284936992278,0.00227335334037002,0.00110007673089429,0.0263549749857018,0,0,0.00206225673295834,-0.0318039270211356,-0.0223943607973082,-0.00761073912367399,0,0.0129666933580678,-0.0111806488270751,0,-0.0253148263229012,0,0.0167478599659088,0,0,-0.00593080535747522,0,0,0,0,-0.00734044336969758,0.0290632905117485,0,-0.0190550978984509,-0.000222939808283354,0.0193970690465766,-0.0124196293019737,0,-0.00434956005051589,0,0,0,0,0,0,0.0423007342328791,-0.0459840991385478,0,0.0262771091488583,0,-0.0234935371719937,-0.0311832560402499,0,0,0,0.00254283965364125,0,-0.026208170293841,0.0661178061577557,0,-0.00624715047968726,-0.00685365312843704,0,0,-0.033283943318027,-0.028288232398101,0.00891548688229218,0,-0.0395044022858556,-0.00622192295614157,0,0,-0.000351844807912223,0,-0.0023478602248461,0.001916361488591,0,0,-0.0332288440820299,0,0,0,0,-0.0704448637674986,0,0.0195107064262899,0,0.0276049713024669,0,0,0.0263280432298174,0,0,0.00750024167470793,-0.0193697581934386,0,0.00889211255300306,0,0,0,0,0.00886180592527998,0,0,0,0,0,0,0,0,0,0,0,0,0,0,0,-0.00977133600582178,0,-0.00217172217399152,0,-0.0135758885104388,0.0421766310290271,0,-0.0125431998908913,-0.00326336485855207,0,0,0,-0.00511388414687346,0,0.0510000691392141,0,-0.0304988890673837,0.0239304607373632,0,0.0288882636381637,-0.00827504272862823,0.000818542071920238,-0.0238764508327251
-0.0136500683854882,0.0501172369283487,-0.0183774877025367,0,-0.0397557228334001,0,0.0544190711791854,0.0106296497733765,0,-0.0270981709137835,0,0,0,0.0658090047444809,0.043420022324977,-0.0097932967875162,-0.031546119347813,-0.0052213745702696,-0.00596781801903169,0,0,0,-0.0198169790575,0,0.00793865414650169,-0.00604488029257084,0,0.0141215442258275,0,-0.0390390291516395,-0.000925738256671355,0,0,0,0,0,0,0,0,0,0,0.0181180490866317,0.0591844715925569,0.0364926541464888,-0.0161046038262058,0.0656434575203604,0.025827181649477,-0.00434865583801286,0,-0.0060727861640989,-0.00350104037682643,0,-0.0111467062160264,0.0567473879373251,0.00241168698502754,0.00267148068634408,0.0260333581366945,0,0,0.00216882681134236,-0.0312946754523753,-0.0230829925726635,-0.00680194402126101,0,0.0133617547990391,-0.0108905032714336,0,-0.0252595624011491,0,0.0190607778478008,0,0,-0.0057026518210537,0,0,0,0,-0.00679349419011395,0.0291125492391966,0,-0.0150823534971626,0,0.0193102222645643,-0.0127404303884919,0,-0.00469309903521039,0,0,0,0,0,0,0.0427422455193092,-0.0467351943837133,0,0.0257043498437909,0,-0.0240048441198499,-0.0311272497069649,0,0,0,0.00206857155136837,0,-0.0260202448797444,0.0665371125121985,-0.000148093874926331,-0.00579391177569115,-0.00655989900907661,0,0,-0.0335158674813967,-0.0270941520561938,0.0072208773678538,0,-0.0389917017357293,-0.00429941999006379,0,0,-0.000872059756564246,0,-0.00113470635878746,0.00225005758257716,-0.0057865689644664,0,-0.0330368222845492,0,0,0,0,-0.0694704027470027,0,0.0197771037234679,0,0.0252400272077547,0,0,0.0263743996321261,0,0,0.0105388657902314,-0.0168015559992378,0,0.0108473985569995,0,0.000116755913291267,0,0,0.00867678958376507,-0.00117567927017019,0,0,0,0,0,0,0,0,0,0,0,0,0,0,-0.00936279471353909,0,-0.0027956037563568,0,-0.0147423408182207,0.0417004852441838,0,-0.0125147143716047,-0.0020085785033913,0,0,-0.000135969891032266,-0.00528157787039138,0,0.0500029372006494,0,-0.0286245205625709,0.0253031101532682,0,0.0281500245832997,-0.00794516991797811,0.000969893137237012,-0.0219543277299058
-0.0138361670888785,0.0504349559491031,-0.0193383804095451,0,-0.0398582561064627,0,0.0538302772714042,0.01105627624931,0,-0.0272618515599929,0,0,0,0.0653022433892485,0.0436942981950912,-0.00947591463228897,-0.0316026132048524,-0.00671617695290053,-0.00494419267822419,0,-0.00153614646138375,0,-0.0206708788032009,0,0.00942806484264614,-0.00658155748208408,0,0.0145790356203231,0,-0.0417468342369948,-0.00111857879780488,0,0,0,0,0,0,0,0,0,0,0.0182332631338917,0.0593044168951284,0.0383902186036974,-0.0151893865160647,0.0701373533521743,0.0260572425898845,-0.00434310325315127,0,-0.00607577944789497,-0.00318025331523011,0,-0.0106309808250794,0.0570673099317864,0.00219376249673108,0.00239678160273819,0.0257001780766977,0,0,0.00207222259227137,-0.0310248821968203,-0.0227405336531042,-0.00701903851049627,0,0.0136842343958015,-0.0104580960334757,0,-0.0252097600893629,0,0.0181491579273699,0,0,-0.00544337620193812,0,0,0,0,-0.0068855729739861,0.0294970770794333,0,-0.0151147323621112,0,0.019454446851438,-0.012757074401984,0,-0.00441247280947639,0,0,0,0,0,0,0.0432209425391774,-0.0465970191608043,0,0.0256347314696729,0,-0.023808901017658,-0.0306073251011193,0,0,0,0.00203915961071537,0,-0.02606957324715,0.066050463145192,0,-0.00586828342346102,-0.00689824576530011,0,0,-0.0324297845662785,-0.0271422040033411,0.00739770927702109,0,-0.0390041333495218,-0.00311112167996987,0,0,-0.0007897556452637,0,-0.00174168858749313,0.00246075016492366,-0.00538930813170672,0,-0.0322000341865955,0,0,0,0,-0.069401309740603,0,0.0201076546877815,0,0.024279560262136,0,0,0.0263313292481931,0,0,0.0104653423953893,-0.0174669762729861,0,0.0100351833040954,0,0,0,0,0.00885738382545418,-0.00183326909902914,0,0,0,0,0,0,0,0,0,0,0,0,0,0,-0.0101135557506252,0,-0.00233235151008956,0,-0.0143816957171018,0.0418484190452796,0,-0.0120392862967042,-0.00142495929312757,0,0,0,-0.00549947911582987,0,0.0499589861285162,0,-0.0285530670959429,0.0272410244936897,0,0.0282553562677073,-0.00715464482206563,0.000877861411649921,-0.022767268760412
-0.0134966534184748,0.0508611130853455,-0.0190753763501489,0,-0.0396685779299895,0,0.0539233654841087,0.011232804963966,0,-0.0272558842703879,0,0,0,0.0651093236890466,0.0439319924353457,-0.00927118189142143,-0.0321068456789479,-0.00637154578657079,-0.00562172712365207,0,-0.00128328450688373,0,-0.0206756001684199,0,0.00907389889897442,-0.0061875909069856,0,0.0146203078467176,0,-0.0373686396372773,-0.000956555114631862,0,0,0,0,0,0,0,0,0,0,0.0183717366982432,0.058948620928845,0.0376113469502168,-0.0152397306742107,0.0705725202535638,0.0265797331991125,-0.00445521999052877,0,-0.00607983101431117,-0.00318167660543807,0,-0.0104200784199187,0.0570647361007298,0.00273251903289725,0.00239166969597814,0.0256388075056681,0,0,0.00222390075067735,-0.0310106786654016,-0.0226142383346658,-0.00725444147261795,0,0.0133947825689259,-0.0104308469475438,0,-0.0252856984846695,0,0.0186312067995098,0,0,-0.00522899152726001,0,0,0,0,-0.00660011122173123,0.0290979755639316,0,-0.0147827769411019,0,0.0193020895087668,-0.0126684987869484,0,-0.00448688465063034,0,0,0,0,-0.0000795934674308331,0,0.0433639972655345,-0.046557760241001,0,0.0251526947839863,0,-0.0240449282013563,-0.0309618369459689,0,0,0,0.00181930656497722,0,-0.0261066882220756,0.0659433191199846,-0.0000343098643176942,-0.00596912830417849,-0.00702182341864868,0,0,-0.0328502534437819,-0.0273512669862242,0.00743387294688466,0,-0.0389257216108047,-0.00128547780678417,0,0,-0.000574484592599413,0,-0.00103957397554284,0.00234855910464313,-0.0047059930848941,0,-0.0326760874809617,0,0,0,0,-0.0699960531165458,0,0.0203273142440405,0,0.0240471512420831,0,0,0.0261952224714683,0,0,0.0107676987207199,-0.0172069768614725,0,0.0103403644892309,0,0,0,0,0.00881426770375142,-0.00191877764251392,0,0,0,0,0,0,0,0,0,0,0,0,0,0,-0.00977966437301389,0,-0.00217441841956887,0,-0.0145345439541841,0.0423430655312576,0,-0.0122039589793315,-0.000831682801870443,0,0,0,-0.00535883413035128,0,0.049574572956429,0,-0.0276297543090495,0.0278034566335543,0,0.0274268863512901,-0.00708712189050095,0.000578764219613045,-0.0223537432773838
-0.0136812216982677,0.0495223087385639,-0.019518218827618,0,-0.0399743878942033,0,0.0545809706736385,0.0107567333755424,0,-0.0273195226331948,0,0,0,0.0672529641541294,0.0437824681157608,-0.00980956667630205,-0.0316045664784874,-0.00608935335221801,-0.00626861443868149,0,-0.00188935593511019,0,-0.0197774587114761,0,0.00813765124864874,-0.00606066299583012,0,0.0145982835968456,0,-0.0382619983362167,-0.00122384201426168,0,0,0,0,0,0,0,0,0,0,0.017817244114435,0.0600330410464237,0.0431771542280568,-0.0156782209108105,0.0653904260213558,0.0258562378188424,-0.004170572880931,0,-0.0059036774144483,-0.0032370601489892,0,-0.0107235984283274,0.0574114888352427,0.00225814486620172,0.00205914690305146,0.0256782547694294,0,0,0.00201369683667648,-0.0312074575255045,-0.0228272730799242,-0.00699716615840426,0,0.0133749764635038,-0.0112045318999666,0,-0.0253723589302224,0,0.0181593401652747,0,0,-0.00582944494588465,0,0,0,0,-0.00686872899838779,0.0294658918971746,0,-0.0148242493494875,0,0.0199761425003628,-0.0129600933294188,0,-0.00428165560188492,0,0,0,0,0,0,0.0425341925312514,-0.0468674574544622,0,0.0256595679746177,0,-0.0241813892497724,-0.0314777657288079,0,0,0,0.00332907964995291,0,-0.0260263738127718,0.0667582419985404,-0.0000205069856836907,-0.00584839969987568,-0.00611251638168442,0,0,-0.033226616596615,-0.0267963528263415,0.00792248067181936,0,-0.0387843199378715,-0.00371227215165945,0,0,-0.000544661601395853,0,-0.00127019246056524,0.00233994010161293,-0.00510648345657913,0,-0.0326846965304371,0,0,0,0,-0.0701407131702562,0,0.0210753846924593,0,0.0249549691737675,0,0,0.0270035079732968,0,0,0.0106054399360334,-0.0168324090641314,0,0.00861587833094497,0,0,0,0,0.00878545947576461,-0.00190355873406891,0,0,0,0,0,0,0,0,0,0,0,0,0,0,-0.0100522270657778,0,-0.00246182878420264,0,-0.0148311053383149,0.0423722516145615,0,-0.0122496138642032,-0.00167899479486474,0,0,0,-0.00513708852200753,0,0.0502225119851077,0,-0.0295821407746547,0.0257154258948091,0,0.0282589699923057,-0.00745664832680637,0.00154352503228915,-0.0226910163311665
-0.0152595752559107,0.0508230929343822,-0.0212426332823719,0,-0.0408178085214933,0,0.0554811189213749,0.0107793963552245,0,-0.0261741903467135,0,0,0,0.0665046441296286,0.0431707176733636,-0.00904450053101833,-0.0308782596043076,-0.00664543930981068,-0.00511580818598444,0,-0.000467442456932744,0,-0.0191953989667658,0,0.0103325455360235,-0.00865357460821119,0,0.0148923028292385,0,-0.040040847953691,0,0,0,0,0,0,0,0,0,0,0,0.0187588696148033,0.0585032103232096,0.0361040086412466,-0.0149367050790472,0.0671151009978648,0.0267467693231369,-0.00291011916195868,0,-0.00552798093723005,-0.00268896431462832,0,-0.0107631415701488,0.0576331939143881,0.00318254922059062,0.00268962027754063,0.0255080637761995,0,0,0.001962900000996,-0.0307382657337376,-0.0224140748518123,-0.00565311443446978,0,0.0143555924156694,-0.0105119941089571,0,-0.0254351554169849,0,0.0169168631421347,0,0,-0.00598897545997027,0,0,0,0,-0.00617936782793004,0.0306567060582873,0,-0.0156927396344544,0,0.0197793007949175,-0.0123272578868075,0,-0.00535975995053732,0,0,0,0,-0.0000307447473740673,0,0.0443527654686191,-0.0466851542879816,0,0.0256049273204056,0,-0.0234979944455027,-0.0304321143679621,0,0,0,0.00123822866814301,0,-0.0260075995254611,0.0653082377368982,0,-0.00761462179323227,-0.0069910581209476,0,0,-0.0330229530432251,-0.026991369147646,0.00760924560053804,0,-0.0380977772616627,-0.0021060579415088,0,0,-0.000400537519630837,0,-0.00204640611476607,0.00458438744470952,-0.00414137645220585,0,-0.033400848070912,0,0,0,0,-0.0696208504201166,0,0.0205239049535411,0,0.0227739243439948,0,0,0.0276874329303559,0,0,0.0103450751604451,-0.014894737415655,0,0.00998030542760494,0,0,0,0,0.00889320830333789,0,0,0,0,0,0,0,0,0,0,0,0,0,0,0,-0.00941659319315964,0,-0.000720354513535595,0,-0.0143397845166646,0.0428222723454501,0,-0.0137994119795571,-0.00247834588927021,0,0,0,-0.0045399392593892,0,0.0497844723385285,0,-0.0290132980207152,0.0272383038603974,0,0.0300697360966906,-0.00671255902352645,0.00111860610403352,-0.022337508407717
-0.014562545430906,0.0504379312617789,-0.0187468666564547,0,-0.0393006981562598,0,0.0548834781361134,0.0109033015515574,0,-0.0268459423907831,0,0,0,0.0656532342593462,0.0433305012869012,-0.00906925907683333,-0.0321618847151255,-0.00635990374517595,-0.00531298166550847,0,-0.00204094107489125,0,-0.0186604160643052,0,0.0095435622116778,-0.00967572840265028,0,0.0144928943528237,0,-0.038544269644912,-0.00123597827189992,0,0,0,0,0,0,0,0,0,0,0.0186423173048927,0.0590817837572112,0.0382940964115082,-0.0161531942516485,0.0662388057322592,0.0265250001475515,-0.00408298215328113,0,-0.00568598688705938,-0.00326571547132556,0,-0.0110998901827033,0.0575705830982943,0.00263412274758153,0.00273624977584364,0.0260049279160139,0,0,0.00200308262316763,-0.030658636473289,-0.0224181424508044,-0.00693986455987441,0,0.0135581137189824,-0.0113445223657067,0,-0.0254145436026482,0,0.0177751908494988,0,0,-0.00550797148636261,0,0,0,0,-0.00606997696481188,0.029854593676325,0,-0.0141468774217155,0,0.0195679492777044,-0.0127811036099231,0,-0.00500776449174336,0,0,0,0,0,0,0.0432265956421486,-0.0464503756210524,0,0.0254815297118158,0,-0.0245689173214025,-0.0309516742570376,0,0,0,0.00236596945719019,0,-0.0260581177258187,0.0665331670468862,0,-0.00735874362490702,-0.00598313282985728,0,0,-0.0327429865803329,-0.0270342224422661,0.00766213579532895,0,-0.0386816911518366,-0.00338916282108113,0,0,-0.000614341645170982,0,-0.00155403556535072,0.00280917262043591,-0.00496919536999363,0,-0.0325453566119224,0,0,0,0,-0.0694037189882922,0,0.0199622157788225,0,0.0248887103011274,0,0,0.0268038639105643,0,0,0.0103873933974834,-0.0159476426825055,0,0.00955195762114787,0,0,0,0,0.00861510680903083,-0.0000229824938559722,0,0,0,0,0,0,0,0,0,0,0,0,0,0,-0.00926013929691641,0,-0.00160691598320821,0,-0.0139733751157655,0.041607931818165,0,-0.0119447463554805,-0.00237259218282929,0,0,0,-0.00502314551565802,0,0.0498735938560225,0,-0.0294257003873808,0.026294138990618,0,0.0277652273545905,-0.00724794023322614,0.000927126076462936,-0.0231065171583838
-0.0144887495811408,0.050701451559922,-0.0187104268642889,0,-0.0414179289818708,0,0.0552730737910662,0.012128858860339,0,-0.0270348815861804,0,0,0,0.0654713629535743,0.0439238262540445,-0.00882120203581678,-0.0322640705567247,-0.00681369546472812,-0.00580865570856608,0,-0.00217791712885028,0,-0.0198162138480319,0,0.00965740540914914,-0.00660037969748023,0,0.0144856509433836,0,-0.038803885414707,-0.00117520341786267,0,0,0,0,0,0,0,0,0,0,0.018656826013328,0.0588202370767269,0.0383622735513999,-0.0157724202526759,0.066420208205063,0.0263552386703486,-0.00437707505710556,0,-0.00587969821736813,-0.00318118991956286,0,-0.0103281024558839,0.0580467368044803,0.00276264562853538,0.00226861856668702,0.0257994575074735,0,0,0.00198526278014856,-0.0307619425862131,-0.0226274507844441,-0.0102155075730601,0,0.0137086884966796,-0.0108381062313856,0,-0.0257058562531901,0,0.0178665988535978,0,0,-0.00579917436237791,0,0,0,0,-0.00673762076076889,0.0297731511719508,0,-0.0144758651752094,0,0.0194312378901968,-0.012233692784603,0,-0.00518289627716535,0,0,0,0,0,0,0.0432596296941457,-0.046312455657565,0,0.0251200003029745,0,-0.0247444110536581,-0.0307930051109286,0,0,0,0.00215058515787791,0,-0.0257753249693686,0.066697420096571,0,-0.00634790309839959,-0.00563199875317312,0,0,-0.032952725746342,-0.0272694412398955,0.00843783408672518,0,-0.0388386307285701,-0.00321178144116446,0,0,-0.000375185437657652,0,-0.00182617841728806,0.00303231619256705,-0.00516582917336283,0,-0.0326842115001016,0,0,0,0,-0.0697153801809601,0,0.021033478552218,0,0.024745400501858,0,0,0.0257310531840762,0,0,0.0103495301616855,-0.0164371712305128,0,0.00939922481389556,0,0,0,0,0.00972294487315517,-0.000665256223925459,0,0,0,0,0,0,0,0,0,0,0,0,0,0,-0.00937672958694464,0,-0.00213283972552099,0,-0.0143180609016513,0.0419438065900331,0,-0.0114261226316352,-0.00387560244788718,0,0,0,-0.00549776646591255,0,0.0500019246768213,0,-0.0296241904455913,0.0259512762409991,0,0.027264986723139,-0.00715432053379541,0.000813136183884864,-0.0232369080680474
-0.0137230206403777,0.0502655324659233,-0.0189820992699877,0,-0.0390836247477404,0,0.0543834710759786,0.0111618536416759,0,-0.0273385160088042,0,0,0,0.0663814312223199,0.0439268162394121,-0.00986033637990893,-0.031937659876295,-0.00646492820876419,-0.00535741757771864,0,-0.00125894752521005,0,-0.0203849157836354,0,0.00926874424095172,-0.0057505693252409,0,0.0147017562330549,0,-0.0385176120411594,-0.00138209533800414,0,0,0,0,0,0,0,0,0,0,0.0187381764158773,0.05942172998719,0.038337072608028,-0.0152227564830988,0.0653712517447586,0.0269053228966292,-0.0045542838491338,0,-0.0060090596862518,-0.0033894161547653,0,-0.0106686336634126,0.0581153790047833,0.00255533025944965,0.00165926011539969,0.0252185557035001,0,0,0.0016458788626244,-0.0312354608048807,-0.0229219631515337,-0.00678191692801254,0,0.0132201741066568,-0.0112138459283522,0,-0.0264594946066066,0,0.01870814224256,0,0,-0.0063616079988405,0,0,0,0,-0.00674964281597656,0.0298568843052189,0,-0.0142983798192078,0,0.0198858421382094,-0.0128834809091963,0,-0.00489457282899062,0,0,0,0,0,0,0.0425378518798651,-0.0465793846313472,0,0.025315446931802,0,-0.0237004138412931,-0.0312667293826909,0,0,0,0.00247131939137316,0,-0.0261055574235708,0.0668187650643259,0,-0.00595728185350079,-0.00637971030925883,0,0,-0.0335064465746029,-0.0270550457445487,0.00769949409694303,0,-0.0395921942507933,-0.004057748071234,0,0,-0.000695470784534646,0,-0.00128332858201288,0.0027480624077619,-0.0048448755044523,0,-0.033305715426807,0,0,0,0,-0.0707480683019323,0,0.0210585395049206,0,0.0248717366532448,0,0,0.0265424668034025,0,0,0.0100447906424971,-0.0164216447857157,0,0.00893835706090663,0,0,0,0,0.00957520427967506,-0.000412489401542552,0,0,0,0,0,0,0,0,0,0,0,0,0,0,-0.0101619762599172,0,-0.00193672016502059,0,-0.0147342716828948,0.0432249702233232,0,-0.0114379280536199,-0.00145324695324353,0,0,0,-0.00509765755938184,0,0.0507082656618002,0,-0.0297278842361754,0.0263242228255768,0,0.0275346133537886,-0.00725241143138444,0.00153198641893563,-0.0230081917762291
-0.0138946735313862,0.0502119510520067,-0.0189395015313983,0,-0.0393330671820732,0,0.0544804411278247,0.0108107836114087,0,-0.0272726182690383,0,0,0,0.0661207081473095,0.0438430663791311,-0.0095823443583776,-0.0316810960869361,-0.00642635091666676,-0.00542482319675811,0,-0.00136724780159751,0,-0.0197445672631224,0,0.00901339255230663,-0.0056692332864819,0,0.0145584259229404,0,-0.0381227120590544,-0.000950523793755754,0,0,0,0,0,0,0,0,0,0,0.0184320061692143,0.0594801658315023,0.03862934080451,-0.0158745424646555,0.0656019801129979,0.0263805388000548,-0.00445138906993697,0,-0.00606772830418597,-0.0033489543118295,0,-0.0109855716444213,0.057802720093079,0.00270117595504057,0.00198322476541223,0.0256410205149054,0,0,0.00201114864451765,-0.0310598654626242,-0.0227058447293302,-0.00711323415798712,0,0.0133993451806662,-0.0109030277067308,0,-0.0255657920629787,0,0.0181002966111027,0,0,-0.00600049156639444,0,0,0,0,-0.00671422860159563,0.0301209073965132,0,-0.0143063920367193,0,0.0198480555261169,-0.0128642442586973,0,-0.00487900343029989,0,0,0,0,0,0,0.0427385427567148,-0.0467296546171423,0,0.0255161894154303,0,-0.0240100430706523,-0.0314047615828614,0,0,0,0.00253158820559567,0,-0.0260211282654152,0.0666316593107171,0,-0.00589403555518388,-0.00619171095680794,0,0,-0.0331906567946592,-0.0272782437243147,0.00772833289849935,0,-0.0387183415213058,-0.0040290024233195,0,0,-0.000224740659720571,0,-0.00161353353738832,0.00252007269713232,-0.0048099075020997,0,-0.033260278175046,0,0,0,0,-0.0701517336299992,0,0.0211924360774862,0,0.0255330466804813,0,0,0.0265050711399736,0,0,0.0102577041076688,-0.0166040126718208,0,0.0091380876312678,0,0,0,0,0.00908002076690432,-0.00116575998915176,0,0,0,0,0,0,0,0,0,0,0,0,0,0,-0.0102124263918197,0,-0.00239196007551672,0,-0.0149027713980247,0.0426780545000999,0,-0.0118485918862315,-0.00118729062287913,0,0,0,-0.00507993884635349,0,0.0503915786878324,0,-0.0293261379533706,0.025858456990018,0,0.028031454090669,-0.00752780352989591,0.00145592510107748,-0.0227654518438245
-0.0135534954815043,0.0499839321686811,-0.0184628313152249,0,-0.0394193172397785,0,0.0543827104864336,0.0109105009467368,0,-0.0273614100942441,0,0,0,0.0670663295274441,0.0438202621454015,-0.00979713998338036,-0.0320471459503944,-0.00610733729312943,-0.00509270440224164,0,-0.000933961418995318,0,-0.0201149075546459,0,0.00875890658403499,-0.00525446837887608,0,0.0144796114490203,0,-0.0378589503829237,-0.00108583568819269,0,0,0,0,0,0,0,0,0,0,0.0183998992730382,0.0597670488051867,0.0385316726016467,-0.0155536869421425,0.0650967865345336,0.0266757102997399,-0.00465064926065589,0,-0.00599071146840757,-0.00333380768408517,0,-0.0107280010678969,0.0577818147657114,0.00247276409719672,0.00196158130298518,0.025036102079059,0,0,0.00193624028286356,-0.0308339045694107,-0.0232930671627917,-0.00645147326405184,0,0.0137867243915304,-0.0110404577457494,0,-0.0261169926288666,0,0.0179001360473385,0,0,-0.0059404328278508,0,0,0,0,-0.00687145424771495,0.0300088222820344,0,-0.0140575497828124,0,0.0199744509519066,-0.0129988713302511,0,-0.00484508105590704,0,0,0,0,0,0,0.0425800059364377,-0.0464609093258947,0,0.0255633864880706,0,-0.0243169992118468,-0.0315298612633705,0,0,0,0.00328144402644861,0,-0.0260517684463188,0.0668197084784029,-0.000209452983125353,-0.00589807963312174,-0.00638433970477258,0,0,-0.0332342044559725,-0.0272422717153869,0.00759201707279178,0,-0.0390443409830886,-0.00428068798894559,0,0,0,0,-0.00118303533046696,0.00294763278128609,-0.00495591688646806,0,-0.032970878514665,0,0,0,0,-0.0707992181397531,0,0.0206324342932218,0,0.0250235140880517,0,0,0.0266289535275658,0,0,0.0100059019365165,-0.0165975812558357,0,0.009031834739421,0,0,0,0,0.00918187579610727,-0.000669948283435697,0,0,0,0,0,0,0,0,0,0,0,0,0,0,-0.00995221415109497,0,-0.00177411322083366,0,-0.0145957578326445,0.0427443794077238,0,-0.0122530527296318,-0.00130118284470329,0,0,0,-0.00498959546594358,0,0.0504657042192551,0,-0.0288490732943161,0.0261861948099247,0,0.0277735622823376,-0.00731532362069498,0.00114166052930096,-0.0229220936078143
-0.0136927023890681,0.0499173920560994,-0.018363593617208,0,-0.0392634520476842,0,0.0549420200838522,0.0108391209455196,0,-0.0274398245456618,0,0,0,0.0667658620540621,0.0440174187935268,-0.0101189467971229,-0.0318491521572954,-0.00667087647631985,-0.00515077485770922,0,-0.00171991509323716,0,-0.0200530261632141,0,0.00931264669781919,-0.00563511438107508,0,0.0146968691700663,0,-0.0382367409136493,-0.00183069504138079,0,0,0,0,0,0,0,0,0,0,0.0185848793000035,0.0592366916801132,0.0388383456999702,-0.0146978255110095,0.0657963325321156,0.027244171048623,-0.00442963403743214,0,-0.00588656866239355,-0.00328903470587958,0,-0.0100436136850828,0.0578743137153328,0.00304056909740071,0.00160067944407608,0.0259133214434345,0,0,0.00199487795573678,-0.0312175324814644,-0.0228976653812415,-0.00623977831027169,0,0.0135605222329234,-0.0110974760029584,0,-0.0261423938531658,0,0.0182615996988361,0,0,-0.00630770518187539,0,0,0,0,-0.00707613618323442,0.0293453864655473,0,-0.0145385669638494,0,0.0198296448465161,-0.0128590037256476,0,-0.00472595696584802,0,0,0,0,0,0,0.0429766242397267,-0.0465968192993622,0,0.0253368368122535,0,-0.0244030067450963,-0.031439830305964,0,0,0,0.00216360110610811,0,-0.0261463350633368,0.066593222072465,-0.0000000657281197240417,-0.00623098396872206,-0.00619781277574631,0,0,-0.0332427581455001,-0.0271773360759246,0.00782148141757824,0,-0.0395765269737182,-0.00403072217780477,0,0,-0.000365834440290297,0,-0.000891673747286332,0.00359918028402303,-0.00480208150859866,0,-0.0332685926302924,0,0,0,0,-0.0705709122438678,0,0.0204982681401049,0,0.0247129758566792,0,0,0.0270039279394669,0,0,0.00967495785407439,-0.0166233339802544,0,0.00876513693113607,0,0,0,0,0.00903677193662154,-0.000367558769863137,0,0,0,0,0,0,0,0,0,0,0,0,0,0,-0.0101856292392842,0,-0.00186020722904937,0,-0.0144866611504086,0.043023501151211,0,-0.0109686160744865,-0.0018942366993259,0,0,0,-0.00499810559773827,0,0.0506593250913718,0,-0.0300454086593024,0.0261117129235771,0,0.027668955346593,-0.00696860220460123,0.00136692951360602,-0.022939782024485
-0.0141234539088741,0.0502945126808295,-0.0187056476062902,0,-0.0399955717618214,0,0.0545221608908439,0.0110108597762901,0,-0.0271248224806829,0,0,0,0.0666267187879328,0.044043010802764,-0.0095759294894857,-0.031714474013364,-0.00643538543003656,-0.00547264995938499,0,-0.00122719803129694,0,-0.0198324388576579,0,0.00926521120175866,-0.00610388684380894,0,0.0145327948591116,0,-0.0385959292454569,-0.00137512778733016,0,0,0,0,0,0,0,0,0,0,0.0185071302149585,0.0594896582068304,0.038291961365533,-0.0154525624243394,0.065791137569594,0.0267454102728102,-0.00434127522405759,0,-0.00585467960641811,-0.00325859254952921,0,-0.0108534011358673,0.0579348765690876,0.00286795838467868,0.00217673379676264,0.0252563682081961,0,0,0.00192122210805729,-0.0311650822135538,-0.0227077936869491,-0.00671834265028838,0,0.013330326060475,-0.0110982227615803,0,-0.0259592558506213,0,0.0185088790420821,0,0,-0.00601713344873242,0,0,0,0,-0.00683144242955537,0.02952043382002,0,-0.014362080326643,0,0.0197832093780052,-0.0126206707088087,0,-0.00476992809852865,0,0,0,0,0,0,0.0426056906990372,-0.0463020679730902,0,0.0253653589854693,0,-0.0242757076013708,-0.0313164975994387,0,0,0,0.00267384297603779,0,-0.0258661738352291,0.0664244888530519,-0.00000937490339460899,-0.00607162797784388,-0.00625949018668197,0,0,-0.0330900167076262,-0.0271579781522788,0.0076090235532156,0,-0.0392937085424461,-0.00402413075463321,0,0,-0.000439995243500405,0,-0.00151807631206601,0.00298325307585053,-0.00488615375906774,0,-0.0328916386529581,0,0,0,0,-0.070272628944675,0,0.0209277542118931,0,0.0249440130451654,0,0,0.0271741532814009,0,0,0.0102949984686211,-0.0164675379772928,0,0.00906252630256078,0,0,0,0,0.00933250590673545,-0.000234697189288996,0,0,0,0,0,0,0,0,0,0,0,0,0,0,-0.0101604822106875,0,-0.00209503935073241,0,-0.0148267008840578,0.0426768843516323,0,-0.0115393490496479,-0.00222481528342927,0,0,0,-0.00508728860398818,0,0.0503954529641649,0,-0.0298353239674982,0.0263179369260574,0,0.0278677376093698,-0.00725378829702883,0.00115884115905799,-0.0229420912271395
-0.0135216195678635,0.0493753708661538,-0.0190414618433854,0,-0.0391562789292752,0,0.0548912604747332,0.0115542207369029,0,-0.0275006004824255,0,0,0,0.066535834529841,0.0446409694240082,-0.0099931390483856,-0.0326387133742099,-0.00775652584307151,-0.00611936042509876,0,-0.0013333575229743,0,-0.0195968547906346,0,0.00969915178979662,-0.00612220129371934,0,0.0144622704143434,0,-0.0387958349437488,-0.00215445218627117,0,0,0,0,0,0,0,0,0,0,0.0187159794077924,0.0602680900156769,0.0386943519666447,-0.015241744828695,0.0669906408322869,0.0272314987713261,-0.00443907641594614,0,-0.00599543121890141,-0.00336064900232092,0,-0.00996422226268736,0.0585572390315624,0.00264342651103406,0.00150700790761632,0.0250835039847078,0,0,0.00163268401858011,-0.0314187596826003,-0.0227452482525909,-0.00635756218022828,0,0.012917134017685,-0.0111318639270269,0,-0.026732665448715,0,0.0184534537270022,0,0,-0.00654907436324714,0,0,0,0,-0.00701400001563614,0.029464757251175,0,-0.0147915268944316,0,0.0201384253218611,-0.0131074590273813,0,-0.00483947440037227,0,0,0,0,0,0,0.0426215548346522,-0.0460356181910323,0,0.0254418618358379,0,-0.0247108003673809,-0.0319156387200127,0,0,0,0.00307383059115207,0,-0.0264496573800096,0.0665550088895655,-0.0000308786521868872,-0.00645443356235853,-0.00646198175531124,0,0,-0.0335762007075515,-0.0272445904827327,0.007907256071761,0,-0.0401578816787937,-0.00465248867562697,0,0,-0.00045699753729112,0,-0.00138031690977177,0.00403894065351448,-0.00459059442402238,0,-0.0330560555176871,0,0,0,0,-0.0709784092908027,0,0.0210866617294262,0,0.024774733985504,0,0,0.0268428907591652,0,0,0.0100932786946176,-0.0166282077540971,0,0.00919720034672019,0,0,0,0,0.00967469610475934,-0.000356726403162625,0,0,0,0,0,0,0,0,0,0,0,0,0,0,-0.0107891818904287,0,-0.00158338831117093,0,-0.0145285722723469,0.0437658253318646,0,-0.0107478427906503,-0.00220207028687641,0,0,0,-0.00529088551664865,0,0.0503120889495804,0,-0.0299230098761116,0.0264600500652501,0,0.0275469677389974,-0.00707105927117804,0.00129748570818826,-0.0235514653780341
-0.011096086693902,0.0465747357111643,-0.014710005996304,0,-0.0350020367608491,0,0.052603437559317,0.014493586177442,0,-0.0287543418123711,0,0,0,0.0635736069228254,0.0440996289429559,-0.010036988581284,-0.035088398453409,-0.00955041088037277,-0.00601675507736222,0,-0.000505140537134793,0,-0.0200411231627644,0,0.0117945572591388,-0.00578733911447899,0,0.0134530803793203,0,-0.0393677682311133,-0.00431424996568961,0,0,0,0,0,0,0,0,0,0,0.0205503471041562,0.0620455910615393,0.0385306420062802,-0.0167356738630828,0.0694564266825812,0.0272687391361471,-0.00512038884415482,0,-0.00524478059790315,-0.00298629256423124,0,-0.00832044535140126,0.0630904923405539,0.0019738485165319,0.00135870442274134,0.0276180501325451,0,0,0.00233082038379517,-0.0331216862755356,-0.0238751819321034,-0.00945952968778188,0,0.014334860935048,-0.011170696914577,0,-0.0260528532548949,0,0.020738961056549,0,0,-0.0073703777735351,0,0,0,0,-0.00741942247098438,0.0301689659029406,0,-0.0136540512685032,0,0.020623802248324,-0.0151333210335611,0,-0.00538524961927882,0,0,0,0,0,0,0.0569769029927147,-0.0470624516052433,0,0.0257880669085411,0,-0.0255644250792172,-0.0325170985981373,0,0,0,0,0,-0.026480205190036,0.0778565646247544,-0.0000802008742240597,-0.00754365055556111,-0.00745689582651371,0,0,-0.0340846587734138,-0.025048095406868,0.00776996011309196,0,-0.0413620818116148,-0.0032045344564055,0,0,0,0,-0.00235829168454773,0.00610299912092969,-0.00222874331850707,0,-0.033455278761822,0,0,0,0,-0.0705601742335788,0,0.0217649063791126,0,0.0249903879985031,0,0,0.0251237276131056,0,0,0.00943443104581122,-0.0172535950145412,0,0.0143416278843127,0,0.00108448032159875,0,0,0.00618578375433212,-0.00127147309541191,0,0,0,0,0,0,0,0,0,0,0,0,0,0,-0.0118025423860398,0,-0.00400581795776252,0,-0.0149723746389114,0.0467083404300945,0,-0.0139204748277649,-0.00157896342432986,0,0,0,-0.00538079112153988,0,0.0465287527617981,0,-0.0283807626213172,0.0247644711172371,0,0.025669430046427,-0.0057152191453964,0.00220551390320173,-0.0230259763728627
-0.0129140241677262,0.0486193722987933,-0.0181572201892533,0,-0.0385466809800596,0,0.0544181917121004,0.0118086712849345,0,-0.0276451819641306,0,0,0,0.0657386308183495,0.0441297028617208,-0.00950641921349951,-0.0334836694109891,-0.00791259956777399,-0.00399792337211738,0,0,0,-0.0200123319758278,0,0.0100819318128456,-0.00627610432611032,0,0.0142392362963947,0,-0.0395472630798939,-0.00185320579978294,0,0,0,0,0,0,0,0,0,0,0.020613411357354,0.0607901368747721,0.0376442258711587,-0.0147676405517544,0.0686057104590719,0.0269851925339128,-0.00539947082454726,0,-0.00611509655519357,-0.00326022965988805,0,-0.0102923548161432,0.058624000581609,0.00293407402560952,0.000521948977596703,0.0243741773480535,0,0,0.00207179309285346,-0.0316652511702639,-0.0226452334888101,-0.00686401367587015,0,0.0126447999974875,-0.0111351047846781,0,-0.0260890860074899,0,0.0182738127878855,0,0,-0.00645257347842175,0,0,0,0,-0.00715362055136028,0.0303555975815272,0,-0.0140767796888528,0,0.0203370992906182,-0.0132139859971942,0,-0.0051551459720629,0,0,0,0,0,0,0.0438776776778564,-0.0466126487827538,0,0.0249781817018023,0,-0.0247847473686653,-0.0318651669103852,0,0,0,0.00185091939527848,0,-0.0269893623479425,0.068447465413208,0,-0.00584888610182547,-0.00667357867490256,0,0,-0.034169394511416,-0.0268099211953886,0.00806570619892667,0,-0.0411118908318939,-0.003227849015123,0,0,0,0,-0.00219879916154017,0.00392038352555353,-0.0047347634674359,0,-0.0342038053078601,0,0,0,0,-0.0719203454197057,0,0.021710976967979,0,0.0239403702728585,0,0,0.0272131011468982,0,0,0.0101734226539787,-0.0164007165807958,0,0.0104674195143368,0,0,0,0,0.0106427270353849,-0.00029395320524359,0,0,0,0,0,0,0,0,0,0,0,0,0,0,-0.0117586899421511,0,-0.00272583187466971,0,-0.0155376880167569,0.0441322891098001,0,-0.0110812504209112,-0.00120748136974933,0,0,0,-0.00522788068142774,0,0.0505730243722641,0,-0.028819229822874,0.0258583459506935,0,0.027522897586074,-0.00700541095080485,0.00157375971325166,-0.0229180612096412
-0.0127893434845247,0.0484552220002108,-0.0184623602353778,0,-0.0393187885594088,0,0.0526891674510852,0.0124399616975385,0,-0.0279593296631815,0,0,0,0.0656683802748437,0.0442665731549826,-0.00948181010159985,-0.0336496509877579,-0.00827153760173855,-0.00509895260747318,0,0,0,-0.0173945224254421,0,0.00896243965879121,-0.00706452222363039,0,0.0142881407020167,0,-0.0399128184330281,-0.00138494265995521,0,0,0,0,0,0,0,0,0,0,0.0176972914264451,0.0621148000327797,0.0363386702107919,-0.0172683762898707,0.06891533854005,0.0267805309238781,-0.00535037717288541,0,-0.00645802397015531,-0.00332906993564603,0,-0.00984824036912548,0.0578970665380959,0.00316082199281179,0.000555576121716066,0.0239484789061863,0,0,0.00183053083888771,-0.0320010162442899,-0.0225865555336108,-0.00756590394737107,0,0.013305993685068,-0.0112371779090308,0,-0.0266033927196815,0,0.0191347953667728,0,0,-0.00673769195282418,0,0,0,0,-0.00784254206575947,0.0311240584658869,0,-0.0133472469216589,0,0.0202905205122561,-0.0137719354324351,0,-0.00499077145058322,0,0,0,0,0,0,0.0428465131731354,-0.0459978363328225,0,0.0249227267278402,0,-0.0246323718708079,-0.0321204431410607,0,0,0,0.00293896486277338,0,-0.0263046967524635,0.0672972946421889,-0.000263813651175965,-0.00599458418604652,-0.00643838001968597,0,0,-0.0335755436820254,-0.0271440346865575,0.00768967502834837,0,-0.041367467568225,-0.0051430484054342,0,0,0,0,-0.00149263233541413,0.00437922743945264,-0.00564468955433628,0,-0.0320255103870842,0,0,0,0,-0.0713307069417312,0,0.0229077043120165,0,0.0230914296102847,0,0,0.0270510128024823,0,0,0.0108210619182595,-0.0173011756550849,0,0.0101722705200267,0,0,0,0,0.0109012512190568,-0.000670544314039562,0,0,0,0,0,0,0,0,0,0,0,0,0,0,-0.0125853033645626,0,-0.00255375031485395,0,-0.016011942240919,0.0440152565216171,0,-0.0112099040118494,-0.0019383175831256,0,0,0,-0.00593350482940632,0,0.0497175405516616,0,-0.028927954622257,0.0257458872229125,0,0.0276926073377323,-0.00744386611846595,0.00111854129442214,-0.0236853795053139
NA,NA,NA,NA,NA,NA,NA,NA,NA,NA,NA,NA,NA,NA,NA,NA,NA,NA,NA,NA,NA,NA,NA,NA,NA,NA,NA,NA,NA,NA,NA,NA,NA,NA,NA,NA,NA,NA,NA,NA,NA,NA,NA,NA,NA,NA,NA,NA,NA,NA,NA,NA,NA,NA,NA,NA,NA,NA,NA,NA,NA,NA,NA,NA,NA,NA,NA,NA,NA,NA,NA,NA,NA,NA,NA,NA,NA,NA,NA,NA,NA,NA,NA,NA,NA,NA,NA,NA,NA,NA,NA,NA,NA,NA,NA,NA,NA,NA,NA,NA,NA,NA,NA,NA,NA,NA,NA,NA,NA,NA,NA,NA,NA,NA,NA,NA,NA,NA,NA,NA,NA,NA,NA,NA,NA,NA,NA,NA,NA,NA,NA,NA,NA,NA,NA,NA,NA,NA,NA,NA,NA,NA,NA,NA,NA,NA,NA,NA,NA,NA,NA,NA,NA,NA,NA,NA,NA,NA,NA,NA,NA,NA,NA,NA,NA,NA,NA,NA,NA,NA,NA,NA,NA,NA,NA,NA,NA,NA,NA,NA,NA,NA,NA,NA,NA,NA,NA
-0.0137170890909596,0.0491188194521193,-0.018008544126533,0,-0.0413888565645978,0,0.0555027384024478,0.0117861794586259,0,-0.0278537901224787,0,0,0,0.0667939872252246,0.0450927305808129,-0.00977572651092109,-0.0331364488227751,-0.00696722638044195,-0.00596887901665723,0,-0.00130308766288312,0,-0.0198891619621335,0,0.00982395644535308,-0.00561460271305027,0,0.0144780487704812,0,-0.0390244846983094,-0.00203304247523448,0,0,0,0,0,0,0,0,0,0,0.0188071995514697,0.0596673275930802,0.0390756517200082,-0.015663215877661,0.0664429672380332,0.0275824735113888,-0.00430167769289825,0,-0.00582623710586159,-0.00320626647245114,0,-0.00974364404013283,0.0589536810163886,0.00259326683725878,0.00068094211360212,0.0253766848062148,0,0,0.00170425275864548,-0.0312735776864363,-0.0233101219330873,-0.00748590626469595,0,0.0131658522698429,-0.0113809644370854,0,-0.0270472570498858,0,0.0185167824527759,0,0,-0.0066608368965015,0,0,0,0,-0.00678188542760005,0.0300625049273944,0,-0.0144380723956657,0,0.0202695537906097,-0.0124347413127299,0,-0.00488916966152552,0,0,0,0,0,0,0.0429453126983531,-0.046983657217673,0,0.0249881173197198,0,-0.024802481308146,-0.0313065425565609,0,0,0,0.0021503081997968,0,-0.0263462876084497,0.0668014874535825,0,-0.00614193242310207,-0.00586365913951912,0,0,-0.0335183359351893,-0.0269168925866378,0.00821888899570181,0,-0.0400935818490314,-0.00425933509564437,0,0,-0.000939762676278013,0,-0.00187171577551786,0.00528951374944417,-0.00480314540530458,0,-0.0341952778140793,0,0,0,0,-0.0711347953376083,0,0.0215770834610674,0,0.0240717808340034,0,0,0.0274603831718914,0,0,0.0104100060691041,-0.0167646640210227,0,0.00869054708903552,0,0,0,0,0.0107610036722058,-0.000339059220399556,0,0,0,0,0,0,0,0,0,0,0,0,0,0,-0.011168694298368,0,-0.0025901668147331,0,-0.0155298226155192,0.0451035852441519,0,-0.0105644378102508,-0.0026466190390628,0,0,0,-0.00492899705451749,0,0.0507782223645943,0,-0.0296522150360699,0.026567964179865,0,0.0272284274815012,-0.00672808455706883,0.00165482807699061,-0.0234824085977902
NA,NA,NA,NA,NA,NA,NA,NA,NA,NA,NA,NA,NA,NA,NA,NA,NA,NA,NA,NA,NA,NA,NA,NA,NA,NA,NA,NA,NA,NA,NA,NA,NA,NA,NA,NA,NA,NA,NA,NA,NA,NA,NA,NA,NA,NA,NA,NA,NA,NA,NA,NA,NA,NA,NA,NA,NA,NA,NA,NA,NA,NA,NA,NA,NA,NA,NA,NA,NA,NA,NA,NA,NA,NA,NA,NA,NA,NA,NA,NA,NA,NA,NA,NA,NA,NA,NA,NA,NA,NA,NA,NA,NA,NA,NA,NA,NA,NA,NA,NA,NA,NA,NA,NA,NA,NA,NA,NA,NA,NA,NA,NA,NA,NA,NA,NA,NA,NA,NA,NA,NA,NA,NA,NA,NA,NA,NA,NA,NA,NA,NA,NA,NA,NA,NA,NA,NA,NA,NA,NA,NA,NA,NA,NA,NA,NA,NA,NA,NA,NA,NA,NA,NA,NA,NA,NA,NA,NA,NA,NA,NA,NA,NA,NA,NA,NA,NA,NA,NA,NA,NA,NA,NA,NA,NA,NA,NA,NA,NA,NA,NA,NA,NA,NA,NA,NA,NA
-0.0121394739122856,0.0497085514246115,-0.0188197339663863,0,-0.0416358011749512,0,0.0606692323169497,0.0124263721422264,0,-0.0276060868400312,0,0,0,0.0650511472193763,0.0451436419334893,-0.00982051909486233,-0.0343210355156954,-0.00672136377755906,-0.00507038076653233,0,-0.00113362717287821,0,-0.0208842062442743,0,0.0084139262041918,-0.00587270490473707,0,0.0139595755457273,0,-0.0405381952958023,-0.00230019428477394,0,0,0,0,0,0,0,0,0,0,0.0178207804363164,0.058994449970098,0.0385436494071702,-0.0162852741078877,0.0680037811049947,0.0270822022608534,-0.00503370702742021,0,-0.00553350705330728,-0.00354995816030484,0,-0.00936163157196657,0.0575677387162371,0.00207689890905931,0,0.0253359799008825,0,0,0.000992710384352451,-0.0317747664274472,-0.0229923724153878,-0.00874347809943605,0,0.0129189813435291,-0.011389853908429,0,-0.0278841276486833,0,0.0197213739790213,0,0,-0.00704797407282131,0,0,0,0,-0.00773094919983936,0.030041885016073,0,-0.0144347139524579,0,0.0199036056718614,-0.0125335228935742,0,-0.0043549627709451,0,0,0,0,0,0,0.0431493070565588,-0.0470300162897957,0,0.024681129258313,0,-0.0240991716391526,-0.0312417012367671,0,0,0,0.0027780668010509,0,-0.0259783903150781,0.0649528289513244,0,-0.00630730888734089,-0.00627103549847557,0,0,-0.0350674973301821,-0.0270474689424781,0.00793910215264191,0,-0.040945560388232,-0.0038584883983918,0,0,-0.00252535583316025,0,-0.000429995226861291,0.00567541587010981,-0.00592435728990206,0,-0.0346936341991287,0,0,0,0,-0.071501873427143,0,0.0215683165809833,0,0.0231783788960711,0,0,0.0255503209859697,0,0,0.00990904347190509,-0.0174654529488727,0,0.00948880068639159,0,0,0,0,0.0114233991167586,-0.00135905965643465,0,0,0,0,0,0,0,0,0,0,0,0,0,0,-0.0109453814101292,0,-0.00314761653549264,0,-0.015279779593329,0.044337346103319,0,-0.00939644165043515,-0.00431906524360043,0,0,0,-0.00613593013052472,0,0.0515246711457744,0,-0.0303269183763795,0.0259446676059574,0,0.0270120175062697,-0.00724446907928188,0.00177513439240983,-0.0245391233787516
-0.0125542454736776,0.0495514436998549,-0.0186016919890872,0,-0.0417701061395675,0,0.0649913795663964,0.0112688146380298,0,-0.0278296954098058,0,0,0,0.0654647247900936,0.0451456390421155,-0.00993361692212258,-0.0346677705341901,-0.00813152028564165,-0.00438775340966976,0,-0.0010330992243676,0,-0.0221647378502312,0,0.00992539055291343,-0.00495826028849641,0,0.0141926470040482,0,-0.0398746224076626,-0.00266585309432243,0,0,0,0,0,0,0,0,0,0,0.0190253506399551,0.0577845896424153,0.0387037527782439,-0.0142130554542469,0.0686632357899169,0.0275502658457271,-0.00531515731025478,0,-0.00543137834109273,-0.00303169885602909,0,-0.00768120590048457,0.0580467394724085,0.00181537036402937,0,0.0269422406611361,0,0,0.00120218147257777,-0.031159154696416,-0.0237411111931678,-0.00892415109782466,0,0.0129717864330064,-0.011725755309687,0,-0.0271212186927845,0,0.0195764227969255,0,0,-0.00628774506320324,0,0,0,0,-0.00720715553062138,0.0301995069754477,0,-0.0143921662601022,0,0.0203285278383091,-0.0129757714492963,0,-0.00500903526417817,0,0,0,0,0,0,0.0427073122801745,-0.0462120569208227,0,0.0252808338262605,0,-0.0242960400851553,-0.0315141093526219,0,0,0,0.00237251421535105,0,-0.026966413517474,0.0647240004110206,0,-0.0073319977887727,-0.00611137887683331,0,0,-0.0343979208910062,-0.0271442989519269,0.00840599430628629,0,-0.0410553762934541,-0.00263940671990534,0,0,-0.00193820799807454,0,-0.00033011966029592,0.00613994589026342,-0.00506851889168229,0,-0.0345510206373102,0,0,0,0,-0.0705443909541823,0,0.0222911566364849,0,0.0236464968736529,0,0,0.0277200287416504,0,0,0.00795480473045962,-0.0169881834267216,0,0.0100351638123746,0,0,0,0,0.0111095476089174,-0.00117699184283676,0,0,0,0,0,0,0,0,0,0,0,0,0,0,-0.0131101792108147,0,-0.00388266881303749,0,-0.0153464001600369,0.0436441581931763,0,-0.00976788788612707,-0.00350110367522038,0,0,0,-0.00584310166994556,0,0.0525938951886918,0,-0.0295933302319896,0.0261442278211907,0,0.0270134315372113,-0.00706206036052586,0.00205352621118935,-0.024251344645056
-0.0191625748771573,0.05247346987146,-0.0206666432028182,0,-0.0421688945884937,0,0.024213944286079,0.0154299459459988,0,-0.0286646563444286,0,0,0,0.0674454779483467,0.0484048822721942,-0.00823041949044605,-0.0276803673156025,-0.00614327263022323,-0.0116158718513476,0,-0.00225642202197415,0,-0.020014264691181,0,0.0115810409785454,-0.00469664630638086,0,0.0156477527142313,0,-0.0380031774019723,-0.00227705838951052,0,0,0,0,0,0,0,0,0,0,0.0194602745245818,0.0685210500860229,0.0446764842316962,-0.0173964822626491,0.0664502410611063,0.0276893886122202,-0.00147616427217992,0,-0.0061069157083928,-0.00289070776155985,0,-0.0123689101758535,0.0590415430360504,0.00418115009983126,0.00673632740698338,0.028307882800919,0,0,0.00222266158824976,-0.0319484720730089,-0.0220300105595142,-0.00554177386001218,0,0.0136791825974486,-0.0115484737369517,0,-0.021198462627956,0,0.0171525857712675,0,0,-0.00460871222648126,0,0,0,0,-0.00489508139466128,0.0276110614847531,0,-0.0168691152447838,0,0.0196596553881244,-0.0101463634802739,0,-0.00366503963388534,0,0,0,0,0,0,0.0408611800056916,-0.0458069989715894,0,0.0234433776503876,0,-0.0266000365134133,-0.0299729349682592,0,0,0,0.00206683386767577,0,-0.024793735513768,0.0752211304039154,-0.00179017636768317,-0.0060947098755388,-0.00166423998835965,0,0,-0.0305436727977592,-0.0267499831801041,0.00633650106514026,0,-0.041035058984316,-0.00951141673572172,0,0,0,0,-0.00508250845897361,0.000129827969819352,-0.00252302991604134,0,-0.0354835860660856,0,0,0,0,-0.0716689948021144,0,0.0203335198373495,0,0.0253789386976182,0,0,0.0250963790905841,0,0,0.0148128532212029,-0.0156011927810084,0,0.00789838440466637,0,0,0,0,0.0122831342817534,0,0,0,0,0,0,0,0,0,0,0,0,0,0,0,-0.00865462950788245,0,-0.000251813088322454,0,-0.0153556225020212,0.0455311347408394,0,-0.0101736273667939,0,0,0,0,-0.00398413948514603,0,0.0396555881680675,0,-0.0290620147875072,0.0275738695425693,0,0.027406805105218,-0.00531362401752845,0.00315293562615316,-0.0211156281657683
-0.013888101606824,0.0492191383361986,-0.018684359842342,0,-0.0417107830199097,0,0.0589411931127447,0.0126404871215947,0,-0.0278058428658663,0,0,0,0.0660115183559443,0.0458388181068724,-0.00950907697983339,-0.0331924085316008,-0.00771992794965411,-0.00621337030854449,0,-0.00141607473888135,0,-0.0213409230734764,0,0.0106166832881252,-0.00501832664788717,0,0.0143435428073544,0,-0.0386854138814638,-0.0024529235848296,0,0,0,0,0,0,0,0,0,0,0.0198000285143918,0.0592469573215948,0.0395135535968848,-0.0152440139338061,0.0667486359081073,0.0277925744801781,-0.00448534837520965,0,-0.00556866009961703,-0.00302476396969917,0,-0.00934169849336026,0.0597955901901926,0.00271374574174441,0.00045524903631509,0.0244022719625032,0,0,0.00133573144992751,-0.0313264670446823,-0.0234865399635396,-0.00820241124473752,0,0.0132357852820474,-0.0112012761425612,0,-0.0271521757891469,0,0.0186938118753421,0,0,-0.00655688502086012,0,0,0,0,-0.00680487199993723,0.0297104401876886,0,-0.0144309270543892,0,0.0203601230046896,-0.0126758041047071,0,-0.00506106111579415,0,0,0,0,0,0,0.0434212131643542,-0.0464885122638375,0,0.0246433729093643,0,-0.024812113226732,-0.0315282809844931,0,0,0,0.00239605904718124,0,-0.0266951054632637,0.0670217222252282,0,-0.0066062162252259,-0.00518698789887404,0,0,-0.0339739784426659,-0.0267734846105735,0.00874385101846626,0,-0.0406040716177278,-0.00343078791239273,0,0,-0.000768094288316741,0,-0.00249472367129665,0.00598930906996844,-0.00435327776575879,0,-0.0344858797005126,0,0,0,0,-0.0712791237893677,0,0.0217149546039453,0,0.0236879385469284,0,0,0.0279815187855409,0,0,0.00942549375716321,-0.0166021332853799,0,0.00924651045341425,0,0,0,0,0.0112822221566776,-0.000312590743722588,0,0,0,0,0,0,0,0,0,0,0,0,0,0,-0.0121242962396373,0,-0.00304234717608317,0,-0.0153441406713285,0.0443122326085363,0,-0.0100269779034515,-0.00292728448434668,0,0,0,-0.00531554997123808,0,0.0506114953188217,0,-0.0301301171983918,0.0265212531048144,0,0.0268643713921087,-0.00639915384338736,0.00192491227191885,-0.0238333448094476
-0.0139285781703089,0.050910339357896,-0.0197235608345691,0,-0.0404186301214013,0,0.0553920479722952,0.012990635649291,0,-0.0274995367843297,0,0,0,0.0638231332382384,0.0435786792316156,-0.00956448986964911,-0.0320982448075256,-0.00745680698134269,-0.00632005215469054,0,-0.00300939241275347,0,-0.0209471748702668,0,0.01029785017825,-0.00590100191042287,0,0.0143276496865259,0,-0.0386728228843972,-0.00182916703305448,0,0,0,0,0,0,0,0,0,0,0.0200520915369262,0.0591602822759138,0.0381776708294125,-0.0158650184018579,0.0672194969745631,0.0264843030904974,-0.00449034401146798,0,-0.00586291617122238,-0.00311381743723286,0,-0.00936525987387965,0.0581850945683283,0.00251079283313319,0.00151075595726241,0.0251337989127179,0,0,0.00134384093416128,-0.0309182649480849,-0.0234033390384056,-0.00755311019797208,0,0.0136981202794865,-0.0109884180192179,0,-0.0267288209618265,0,0.0175153079145617,0,0,-0.00641514421078009,0,0,0,0,-0.00689819849720618,0.0297565168802716,0,-0.0148910755306901,0,0.0194358013459794,-0.0130296614678644,0,-0.00503974635728394,0,0,0,0,0,0,0.0430893527593217,-0.0466191096517409,0,0.0250069840136854,0,-0.0241784992329927,-0.0312101870779758,0,0,0,0.00261127924430352,0,-0.0264587482324763,0.0673993384023685,0,-0.00676694739608935,-0.00498403822318126,0,0,-0.0337532384134654,-0.027249335085265,0.00888321648970167,0,-0.0390175360671688,-0.00397222854961775,0,0,-0.00035265457621938,0,-0.00195450403521248,0.00387406174773543,-0.00452454165071203,0,-0.0342733245922991,0,0,0,0,-0.0712451687194881,0,0.0213744431783101,0,0.0235030803737676,0,0,0.0250449025007351,0,0,0.0100553980923722,-0.016958787709091,0,0.00872257595421815,0,0,0,0,0.0101728854538362,-0.00117235451325537,0,0,0,0,0,0,0,0,0,0,0,0,0,0,-0.0106125964004144,0,-0.0022872899949304,0,-0.0148093117586143,0.0430717737306357,0,-0.0106472055016982,-0.00271460944630239,0,0,0,-0.00584653449970387,0,0.0497297702539464,0,-0.0299819059848027,0.0261600002293237,0,0.0263959108170478,-0.00661224895035166,0.0018554819166864,-0.0238024035402803
-0.0139578008692068,0.0500621293064918,-0.0192524156529295,0,-0.0408793743123924,0,0.0553357274098117,0.0124308613697098,0,-0.0276893315554573,0,0,0,0.0658487325847908,0.0448392962013422,-0.00954842494552732,-0.0326752899427044,-0.0072252506581182,-0.0062542021308361,0,-0.00199841000887028,0,-0.0212087899933193,0,0.0102765666014233,-0.00522936369251078,0,0.0145192996136162,0,-0.0389808728608239,-0.00190174998267584,0,0,0,0,0,0,0,0,0,0,0.0196557067928621,0.059509657754515,0.0389655429273163,-0.0154528973147454,0.067174454131357,0.0272461773872418,-0.00451246370468588,0,-0.00576601649694924,-0.00315528604854853,0,-0.0103215841787403,0.0587744742917586,0.0029665907306378,0.000874770305923885,0.0248574082449819,0,0,0.00140196371756186,-0.0313078377480981,-0.0232617064276714,-0.00777355934162967,0,0.0133556435152611,-0.0111456043661478,0,-0.0266871684492621,0,0.0185124433546645,0,0,-0.00644434380038758,0,0,0,0,-0.00670802210439724,0.0296740428945705,0,-0.0145362410374009,0,0.0199827427376555,-0.0125753519276732,0,-0.00496903009680298,0,0,0,0,0,0,0.0428195732169344,-0.0466088768290765,0,0.0249558045408367,0,-0.0245873462199614,-0.03127301458846,0,0,0,0.0026607163067845,0,-0.0262629980713854,0.0668298780068299,0,-0.00641603470834919,-0.00538331276414987,0,0,-0.0336872309868792,-0.0271996155030725,0.00847726976405042,0,-0.0399219948377008,-0.00392503749184011,0,0,-0.000675197047988441,0,-0.00233180991867398,0.00430379518578954,-0.00488434931237053,0,-0.0341207083643932,0,0,0,0,-0.0712112697427882,0,0.0215800658593691,0,0.0240097962231873,0,0,0.0269665577184026,0,0,0.0102962688623421,-0.0167802799635193,0,0.0087721543006032,0,0,0,0,0.0106389617900962,-0.00074070753863463,0,0,0,0,0,0,0,0,0,0,0,0,0,0,-0.0112000476936655,0,-0.00254572101455511,0,-0.0152212507298762,0.0444148596738547,0,-0.010672438495649,-0.0025958030403998,0,0,0,-0.00529510628162661,0,0.0505413465910049,0,-0.0301364551785571,0.0267935665302359,0,0.0272582999132447,-0.00657786966278547,0.00163031033276608,-0.0234584791342235
