"intercept","Bacteroidetes_919_1_tp_2","temperature_tp_2","Actinobacteria_410_1_tp_2","Actinobacteria_410_2_tp_2","Archaea_164_1_tp_2","Archaea_164_2_tp_2","Archaea_179_1_tp_2","Bacillariophyta_100_1_tp_2","Bacillariophyta_123_1_tp_2","Bacillariophyta_138_1_tp_2","Bacillariophyta_196_1_tp_2","Bacillariophyta_219_1_tp_2","Bacillariophyta_29_1_tp_2","Bacillariophyta_31_1_tp_2","Bacillariophyta_44_1_tp_2","Bacteroidetes_1151_1_tp_2","Bacteroidetes_1166_1_tp_2","Bacteroidetes_1166_2_tp_2","Bacteroidetes_1167_1_tp_2","Bacteroidetes_1178_1_tp_2","Bacteroidetes_1186_1_tp_2","Bacteroidetes_1194_1_tp_2","Bacteroidetes_1204_1_tp_2","Bacteroidetes_1224_1_tp_2","Bacteroidetes_1235_1_tp_2","Bacteroidetes_1249_1_tp_2","Bacteroidetes_1264_1_tp_2","Bacteroidetes_129_1_tp_2","Bacteroidetes_129_2_tp_2","Bacteroidetes_131_1_tp_2","Bacteroidetes_1349_1_tp_2","Bacteroidetes_1360_1_tp_2","Bacteroidetes_1360_2_tp_2","Bacteroidetes_1360_3_tp_2","Bacteroidetes_1360_4_tp_2","Bacteroidetes_1360_5_tp_2","Bacteroidetes_317_1_tp_2","Bacteroidetes_918_1_tp_2","Bacteroidetes_918_2_tp_2","Bacteroidetes_918_3_tp_2","Bacteroidetes_918_4_tp_2","Bacteroidetes_918_5_tp_2","Bacteroidetes_919_2_tp_2","Bacteroidetes_919_3_tp_2","Bacteroidetes_938_1_tp_2","Bacteroidetes_956_1_tp_2","Cercozoa_22_1_tp_2","Cercozoa_23_1_tp_2","Cercozoa_291_1_tp_2","Cercozoa_395_1_tp_2","Chlorophyta__streptophyta_120_1_tp_2","Chlorophyta__streptophyta_732_1_tp_2","Chlorophyta__streptophyta_751_1_tp_2","Chlorophyta__streptophyta_833_1_tp_2","Chlorophyta__streptophyta_845_1_tp_2","Chlorophyta__streptophyta_848_1_tp_2","Chlorophyta__streptophyta_895_1_tp_2","Chrysophyceae_16_1_tp_2","Ciliophora_1195_1_tp_2","Ciliophora_234_1_tp_2","Ciliophora_280_1_tp_2","Ciliophora_298_1_tp_2","Ciliophora_403_1_tp_2","Ciliophora_451_1_tp_2","Cryptophyta_108_1_tp_2","Cryptophyta_15_1_tp_2","Cryptophyta_15_2_tp_2","Cyanobacteria_48_1_tp_2","Cyanobacteria_65_1_tp_2","Cyanobacteria_73_1_tp_2","Cyanobacteria_85_1_tp_2","Dictyochophyceae_6_1_tp_2","Dinoflagellata_1009_1_tp_2","Dinoflagellata_1010_1_tp_2","Dinoflagellata_1014_1_tp_2","Dinoflagellata_1017_1_tp_2","Dinoflagellata_1098_1_tp_2","Dinoflagellata_1198_1_tp_2","Dinoflagellata_124_1_tp_2","Dinoflagellata_1496_1_tp_2","Dinoflagellata_1542_1_tp_2","Dinoflagellata_1555_1_tp_2","Dinoflagellata_1658_1_tp_2","Dinoflagellata_1711_1_tp_2","Dinoflagellata_1728_1_tp_2","Dinoflagellata_1728_2_tp_2","Dinoflagellata_1749_1_tp_2","Dinoflagellata_1758_1_tp_2","Dinoflagellata_1769_1_tp_2","Dinoflagellata_1771_1_tp_2","Dinoflagellata_1771_2_tp_2","Dinoflagellata_1793_1_tp_2","Dinoflagellata_1862_1_tp_2","Dinoflagellata_1968_1_tp_2","Dinoflagellata_874_1_tp_2","Dinoflagellata_955_1_tp_2","Dinoflagellata_982_1_tp_2","Div_reps_1600_1_tp_2","Div_reps_1600_2_tp_2","Div_reps_2942_1_tp_2","Haptophyta_148_1_tp_2","Haptophyta_203_1_tp_2","Katablepharidophyta_7_1_tp_2","Lobosa_11_1_tp_2","Nitrospirae_9_1_tp_2","Perkinsea_33_1_tp_2","Perkinsea_44_1_tp_2","Phylum_reps_1954_1_tp_2","Phylum_reps_1985_1_tp_2","Phylum_reps_2301_1_tp_2","Picozoa_18_1_tp_2","Picozoa_6_1_tp_2","Planctomycetes_27_1_tp_2","Planctomycetes_34_1_tp_2","Planctomycetes_61_1_tp_2","Proteobacteria_10091_1_tp_2","Proteobacteria_10114_1_tp_2","Proteobacteria_10168_1_tp_2","Proteobacteria_11120_1_tp_2","Proteobacteria_11155_1_tp_2","Proteobacteria_11155_2_tp_2","Proteobacteria_11190_1_tp_2","Proteobacteria_11210_1_tp_2","Proteobacteria_11210_2_tp_2","Proteobacteria_11428_1_tp_2","Proteobacteria_11429_1_tp_2","Proteobacteria_11429_2_tp_2","Proteobacteria_11429_3_tp_2","Proteobacteria_11429_4_tp_2","Proteobacteria_11431_1_tp_2","Proteobacteria_11431_2_tp_2","Proteobacteria_22_1_tp_2","Proteobacteria_5436_1_tp_2","Proteobacteria_5461_1_tp_2","Proteobacteria_6384_1_tp_2","Proteobacteria_6847_1_tp_2","Proteobacteria_7100_1_tp_2","Proteobacteria_7166_1_tp_2","Proteobacteria_7174_1_tp_2","Proteobacteria_7230_1_tp_2","Proteobacteria_7230_2_tp_2","Proteobacteria_7230_3_tp_2","Proteobacteria_7231_1_tp_2","Proteobacteria_7289_1_tp_2","Proteobacteria_7295_1_tp_2","Proteobacteria_7313_1_tp_2","Proteobacteria_7314_1_tp_2","Proteobacteria_7316_1_tp_2","Proteobacteria_7319_1_tp_2","Proteobacteria_7364_1_tp_2","Proteobacteria_7787_1_tp_2","Proteobacteria_7982_1_tp_2","Proteobacteria_7982_2_tp_2","Proteobacteria_7983_1_tp_2","Proteobacteria_7983_2_tp_2","Proteobacteria_7983_3_tp_2","Proteobacteria_7983_4_tp_2","Proteobacteria_7983_5_tp_2","Proteobacteria_7983_6_tp_2","Proteobacteria_7983_7_tp_2","Proteobacteria_7983_8_tp_2","Proteobacteria_7984_1_tp_2","Proteobacteria_8175_1_tp_2","Proteobacteria_8176_1_tp_2","Proteobacteria_8176_2_tp_2","Proteobacteria_8177_1_tp_2","Proteobacteria_8177_2_tp_2","Proteobacteria_8178_1_tp_2","Proteobacteria_8185_1_tp_2","Proteobacteria_8520_1_tp_2","Proteobacteria_9649_1_tp_2","Proteobacteria_9681_1_tp_2","Proteobacteria_9681_2_tp_2","Pseudofungi_43_1_tp_2","Radiolaria_104_1_tp_2","Raphidophyceae_3_1_tp_2","Rhodophyta_506_1_tp_2","Sagenista_53_1_tp_2","Sagenista_61_1_tp_2","Verrucomicrobia_18_1_tp_2","Verrucomicrobia_18_2_tp_2","Verrucomicrobia_18_3_tp_2","Verrucomicrobia_18_4_tp_2","Verrucomicrobia_22_1_tp_2","Verrucomicrobia_22_2_tp_2","Verrucomicrobia_23_1_tp_2"
NA,NA,NA,NA,NA,NA,NA,NA,NA,NA,NA,NA,NA,NA,NA,NA,NA,NA,NA,NA,NA,NA,NA,NA,NA,NA,NA,NA,NA,NA,NA,NA,NA,NA,NA,NA,NA,NA,NA,NA,NA,NA,NA,NA,NA,NA,NA,NA,NA,NA,NA,NA,NA,NA,NA,NA,NA,NA,NA,NA,NA,NA,NA,NA,NA,NA,NA,NA,NA,NA,NA,NA,NA,NA,NA,NA,NA,NA,NA,NA,NA,NA,NA,NA,NA,NA,NA,NA,NA,NA,NA,NA,NA,NA,NA,NA,NA,NA,NA,NA,NA,NA,NA,NA,NA,NA,NA,NA,NA,NA,NA,NA,NA,NA,NA,NA,NA,NA,NA,NA,NA,NA,NA,NA,NA,NA,NA,NA,NA,NA,NA,NA,NA,NA,NA,NA,NA,NA,NA,NA,NA,NA,NA,NA,NA,NA,NA,NA,NA,NA,NA,NA,NA,NA,NA,NA,NA,NA,NA,NA,NA,NA,NA,NA,NA,NA,NA,NA,NA,NA,NA,NA,NA,NA,NA,NA,NA,NA,NA,NA,NA,NA,NA,NA,NA,NA,NA
NA,NA,NA,NA,NA,NA,NA,NA,NA,NA,NA,NA,NA,NA,NA,NA,NA,NA,NA,NA,NA,NA,NA,NA,NA,NA,NA,NA,NA,NA,NA,NA,NA,NA,NA,NA,NA,NA,NA,NA,NA,NA,NA,NA,NA,NA,NA,NA,NA,NA,NA,NA,NA,NA,NA,NA,NA,NA,NA,NA,NA,NA,NA,NA,NA,NA,NA,NA,NA,NA,NA,NA,NA,NA,NA,NA,NA,NA,NA,NA,NA,NA,NA,NA,NA,NA,NA,NA,NA,NA,NA,NA,NA,NA,NA,NA,NA,NA,NA,NA,NA,NA,NA,NA,NA,NA,NA,NA,NA,NA,NA,NA,NA,NA,NA,NA,NA,NA,NA,NA,NA,NA,NA,NA,NA,NA,NA,NA,NA,NA,NA,NA,NA,NA,NA,NA,NA,NA,NA,NA,NA,NA,NA,NA,NA,NA,NA,NA,NA,NA,NA,NA,NA,NA,NA,NA,NA,NA,NA,NA,NA,NA,NA,NA,NA,NA,NA,NA,NA,NA,NA,NA,NA,NA,NA,NA,NA,NA,NA,NA,NA,NA,NA,NA,NA,NA,NA
0.00212958171563745,0.324319721233598,0,0,0,0,0,0,0,0,0,0,0,0.00435806812724599,0,0,0,0,0,0,0,0,-0.0160683387690549,0,0,0,0,0.00636632846160932,0,0.0302282542569814,0,0,0,0,0,0.0380651541620734,0,0.0574308691625668,0,0.0197082472431601,-0.0197876125704218,0,0,0,0,0,0,0,0,0,0,0,0,0,0,0,0,0.0236010573245896,0,-0.0179866566030997,0,0,0,0,0,0,0,0,0.00871915126832503,0,0,0,0,0,0,0,0,0,0,0,-0.0179463740305043,0,0,0,0,-0.00370991566328611,0,0.0310136768059328,-0.0319504802100913,-0.0181627118725105,0,0,0,0,0,0,0,0,-0.00947614051906651,0,0,0,0,0,0,0,0,0,0,0,0,0,-0.0191468125106371,0,0,0,0,0,-0.00692497150239332,-0.0167580201399687,0,0,0,0,0,0,0.0555731888315261,0,0,0.020227780944636,0,-0.000746964274417738,0,0,0,0,0,0,0,0,0,0,0,0.0123961383071592,0,0,0,0,0,0,0,0,0,0,0,0,0,0,0,0,0,0,0,0,0,0,0,0,0,0,0,0,0,0,0,0,0,0,0,0,0,0.0654278208416082,0.0632514573888688,0,0,0,-0.00707097838815758
NA,NA,NA,NA,NA,NA,NA,NA,NA,NA,NA,NA,NA,NA,NA,NA,NA,NA,NA,NA,NA,NA,NA,NA,NA,NA,NA,NA,NA,NA,NA,NA,NA,NA,NA,NA,NA,NA,NA,NA,NA,NA,NA,NA,NA,NA,NA,NA,NA,NA,NA,NA,NA,NA,NA,NA,NA,NA,NA,NA,NA,NA,NA,NA,NA,NA,NA,NA,NA,NA,NA,NA,NA,NA,NA,NA,NA,NA,NA,NA,NA,NA,NA,NA,NA,NA,NA,NA,NA,NA,NA,NA,NA,NA,NA,NA,NA,NA,NA,NA,NA,NA,NA,NA,NA,NA,NA,NA,NA,NA,NA,NA,NA,NA,NA,NA,NA,NA,NA,NA,NA,NA,NA,NA,NA,NA,NA,NA,NA,NA,NA,NA,NA,NA,NA,NA,NA,NA,NA,NA,NA,NA,NA,NA,NA,NA,NA,NA,NA,NA,NA,NA,NA,NA,NA,NA,NA,NA,NA,NA,NA,NA,NA,NA,NA,NA,NA,NA,NA,NA,NA,NA,NA,NA,NA,NA,NA,NA,NA,NA,NA,NA,NA,NA,NA,NA,NA
0.00201600222561327,0.39080281680081,0,0,0,0,0,0,0,0,0,0,0,0,0,0,0,0,0,0,0,0,-0.0283395926562449,0,0,0,0,0,0,0.0297462003063247,0,0,0,0,0,0.0397355182229232,0,0.0509309589841553,0,0.01084670695575,-0.00362077701834712,0,0,-0.00757270283364917,0,0,0,0,0,0,0,0,0,0,0,0,-0.00667104476234838,0.0205070037690819,0,0,0,0,0,0,0,0,0,0,0.0131518026697153,0,0,0,0,0,0,0,0,0,0,0,-0.0144256899632949,0,0,0,0,0,0,0.0327186165138839,-0.0276854454511323,-0.0156884977867536,0,0,0,0,-0.00240286709653466,0,0,0,-0.00692730267982116,0,0,0,0,0,0,0,0,0,0,0,0,0,-0.00797623804783171,0,0,0,0,0,0,-0.0150021399070648,0,0,0,0,0,0,0.0491555426949387,-0.00174226495694468,0,0.00460934799163715,-0.00188422034848176,-0.00167904175010598,0,-0.00381446603117305,0,0,0.00372234174649508,0,0,0,0,0,0,0.00669339951148246,0,0,0,0,0,0,0,0,0,0,0,0,0,0,0,0,0,0,0,0,0,0,0,0,0,0,0,0,-0.000776095795395132,0,0,0,0,0,0,0,0,0.0515170454388116,0.0582513719108906,0,0,0,-0.0115915368708678
0.00133152110702261,0.455139366842824,0,0,0,0,0,0,0,0,0,0,0,0,0,0,0,0,0,0,0,0,-0.0233346923694396,0,0,0,0,0.00603685980387899,0,0.0416220354777184,0,0.0082089171100844,0,0,0,0.0221340440233233,0,0.0325933875136599,0,0.00374784410788302,-0.000152913819642176,0,0,-0.001780182739808,0,0,0,-0.000225983719179678,0,0,0,0,0,0,0,0,-0.00604849816419429,0.0153210331485536,0,-0.00361071970296586,0,0,0,0,0,0,0,0,0.00921847692073144,0,0,0,0,0,0,0,0,0,0,0,-0.00724519701810996,0,0,0,0,0,0,0.0192149895090541,-0.0127668962513026,-0.00810959721380518,0,0,0,0,0,0,0,0,-0.0060656620111589,0,0,0,0,0,0,0,0,0,0,0,0,0,-0.015714980963522,0,0,0,0,0,0,-0.00349488517308331,0,0,0,0,0,0,0.0300560214976371,0,0,0,0,0,0,-0.00529172107554022,0,0,0.0105995382673175,0,0,0,0,0,0,0.00281173181939592,0,0,0,0,0,0,0,0,0,0,0,0,0,0,0,0,0,0,0,0,0,0,0,0,0,0,0,0,0,0,0,0,0,0,0,0,0,0.0416322831025378,0.00816810219765952,0,0,0,-0.0133278090294069
0.000227824756741182,0.483394033446353,0,0,0,-0.00337774303473056,0,0,0,0,0,0,0,0,0,0,0,0,0,0,0,0,-0.0302014136392822,0,0,0,0,0.00041233520066898,0,0.0396819010517492,0,0.00721159924046545,0,0.00168902540588254,0,0.0126948673321027,0,0.0231983896876672,0,0.00562362198030151,-0.0000970866074439855,0,0,0,0,0,0,0,0,0,0,0,0,0,0,0,-0.00457361592982372,0.0131157543457079,0,-0.000498558773047303,0,0,0,0,0,0,0,0,0.00396731252411434,0,0,0,0,0,0,0,0,0,0,0,-0.00837922546351853,0,0,0,0,0,0,0.0162203898735132,-0.00536641397313938,-0.00388978512622804,0,0,0,0,0,0,0,0,-0.00611708299249176,0,0,0,0,0,0,0,0,0,0,0,0,0,-0.0155437640150455,0,0,0,0,0,0,0,0,0,0,0,0,0,0.0317912540179512,0,0,0,0,0,0,0,0,0,0.00572262564393858,0,0,0,0,0,0,0.00323491842181896,0,0,0,0,0,0,0,0,0,0,0,0,0,0,0,0,0,0,0,0,0,0,0,0,0,0,0,0,0,0,0,0,0,0,0,0,0,0.0306621698034657,0,0,0,0,-0.0101218772511226
0.00217045242068521,0.458654308197855,0,0,0,0,0,0,0,0,0,0,0,0,0,0,0,0,0,0,0,0,-0.0155241331438263,0,0,0,0,0.00926581741529512,0,0.0502202081266223,0,0.00240368671733426,0,0.0000313621526697349,0,0.0125801048130937,0,0.039200818976394,0,0.00361286430560084,-0.00530253354829145,0,0,-0.0122971498611087,0,0,0,-0.00163708228722844,0,0,0,0,0,0,0,0,-0.00419375573713587,0.0159896875439384,0,-0.00429929402134535,0,0,0,0,0,0,0,0,0.00588841868124618,0,0,0,0,0,0,0,0,0,0,0,-0.00260846466591948,0,0,0,0,0,0,0.0171811390725785,-0.0147732585493542,-0.0104233967375894,0,0,0,0,0,0,0,0,-0.00872035403429666,0,0,0,0,0,0,0,0,0,0,0,0,0,-0.0152093980825306,0,0,0.00388228000744064,0,0,-0.00102680806637044,-0.00636198303673388,0,0,0,0,0,0,0.0407181686132146,0,0,0,0,-0.00740665276116228,0,-0.0000497590280371823,0,0,0.000100342847963405,0,0,0,0,0,0,0.00690505285859106,0,0,0,0,0,0,0,0,0,0,0,0,0,0,0,0,0,0,0,0,0,0,0,0,0,0,0,0,0,0,0,0,0,0,0,0,0,0.0465038987033803,0.0219138522805431,0,0,0,-0.0109408207821762
0.00229685389989469,0.439770323163929,0,0,0,0,0,0,0,0,0,0,0,0,0,0,0,0,0,0,0,0,-0.0158878275350005,0,0,0,0,0.0111414341566695,0,0.0498392753034166,0,0.000720301569571654,0,0,0,0.0245853309884709,0,0.0420238746616669,0,0.00243364533301134,-0.00548965403788526,0,0,-0.0110540316202765,0,0,0,-0.00636955880549883,0,0,0,0,0,0,0,0,-0.0020976530062662,0.0187414056134231,0,-0.00635865349909589,0,0,0,0,0,0,0,0,0,0,0,0,0,0,0,0,0,0,0,0,-0.00702895214659195,0,0,0,0,0,0,0.0150296069025304,-0.0214762634852191,-0.0175544560046531,0,0,0,0,0,0,0,0,-0.0124185373117585,0,0,0,0,0,0,0,-0.0000514534774276774,0,0,0,0,0,-0.0117338687699341,0,0,0.00464771184652688,0,0,-0.00262849361528115,-0.00911050513040239,0,0,0,0,0,0,0.035747610831673,0,0,0,0,-0.00285754625094034,0,-0.00232524403112209,0,0,0.000789836451037378,0,0,0,0,0,0,0.00657307342401305,0,0,0,0,0,0,0,0,0,0,0,0,0,0,0,0,0,0,0,0,0,0,0,0,0,0,0,0,0,0,0,0,0,0,0,0,0,0.0490662462384073,0.0318657098764646,0,0,0,-0.0106631917785532
0.00201098424534257,0.435858766349198,0,0,0,0,0,0,0,0,0,0,0,0,0,0,0,0,0,0,0,0,-0.00760704976955125,0,0,0,0,0.00230144567576835,0,0.0410779675244714,0,0,0,0,0,0.00984548396908095,0,0.0585655599641175,0,0.00956911984670669,-0.0147919989522061,0,0,-0.0137452626483581,0,0,0,-0.00740410172209535,0,0,0,0,0,0,0,0,0,0.0186669688924898,0,-0.00999241928632126,0,0,0,0,0,0,0,0,0.00905525885265846,0,0,0,0,0,0,0,0,0,0,0,-0.00521121453579339,0,0,0,0,0,0,0.015192757391244,-0.0202755383196559,-0.0125521340872156,0,0,0,0,-0.00393620864513037,0,0,0,-0.0159693018062169,0,0,0,0,0,0,0,0,0,0,0,0,0,-0.0163738656586994,0,0,0.00330729714504416,0,0,-0.0093518104651838,-0.00330067091580953,0,0,0,0,0,0,0.0347253213260677,0,0,0,0,-0.00141446250475883,0,0,0,0,0,0,0,0,0,0,0,0.0121650085115806,0,0,0,0,0,0,0,0,0,0,0,0,0,0,0,0,0,0,0,0,0,0,-0.0000841024933904332,0,0,0,0,0,0,0,0,0,0,0,0,0,0,0.0534433922121516,0.0362495800476557,0,0,0,-0.0142775127095378
0.00347832958515796,0.3821472991692,0,0,0,-0.00654384080475194,0,0,0,0,0,0,0,0,0,0,0,0,0,0,0,0,0,0,0,0,0,0.014819086392508,0,0.0467346692600711,-0.000962830034920035,0.0429377051697148,0,0,0,0.0592508274927069,0,0.0584514541887854,0,0.012170586905265,-0.0212745983027545,0,0,-0.0185076573137523,0,0,0,-0.00759056270386474,0,0,0,0,0,0,0,0,0,0.0200865042823752,0,0,0,0,0,0,0,0,0,0,0.00902804698080114,0,0,0,0,0,0,0,0,0,0,0,-0.0113567640066849,0,0,0,0,0,0,0.0159868273853199,-0.0173516525294069,-0.0270923335728567,0,0,0,0,-0.01065717801173,0,0,0,-0.019734159796817,0,0,0,0,0,0,0,-0.00430179857472777,0,0,0,0,0,-0.0145354702532776,0,0,0.00857659546068912,0,0,-0.00917485352728224,-0.0069765602757919,0,0,0,0,0,0,0.0387880522355621,-0.00147130256002926,0,0.00913948440262125,0,-0.000785891749264071,0,0,0,0,0,-0.0000704263316386593,0.00150346230832115,0,0,0,0,0,0,0,0,0,0,0,0,0,0,0,0,0,0,0,0,0,0,0,0,0,0,0,0,0,0,0,0,0,0,0,0,0,0,0,0,0,0,0.0573310565987353,0.0613293043615665,0,0,0,-0.0162447522330586
0.0021795812396032,0.460412966575753,0,0,0,0,0,0,0,0,0,0,0,0,0,0,0,0,0,0,0,0,-0.0298331047158473,0,0,0,0,0.0121689853913958,0,0.0578599475263287,0,0,0,0.00178821248766828,0,0.00719096934779687,0,0.0281092315009852,0,0.0153726516247335,-0.00259019663311522,0,0,-0.0061978189596985,0,0,0,-0.00873818319915049,0,0,0,0,0,0,0,0,0,0.0229716799670247,0,-0.00735463347589076,0,0,0,0,0,0,0,0,0,0,0,0,0,-0.0111266305984787,0,0,0,0,0,0,-0.00084597020557835,0,0,0,0,0,0,0.0119313631120226,-0.0319616720262767,-0.0123915452098477,0,0,0,0,-0.00118229748046553,0,0,0,-0.0252732285622969,0,0,0,0,0,0,0,0,0,0,0,0,0,-0.0114512558384484,0,0,0.00375580085948879,0,0,-0.000677034033159752,-0.00866276325109345,0,0,0,0,0,0,0.031596665463921,-0.00701098270490831,0,0.00920583186913258,0,0,0,0,0,0,0,0,0,0,0,0,0,0.00146763734288705,0,0,0,0,0,0,0,0,0,0,0,0,0,0,0,0,0,0,0,0,0,0,0,0,0,0,0,0,0,0,0,0,0,0,0,0,0,0.0571538047110148,0.048905731095165,0,0,0,-0.0000402306794592196
NA,NA,NA,NA,NA,NA,NA,NA,NA,NA,NA,NA,NA,NA,NA,NA,NA,NA,NA,NA,NA,NA,NA,NA,NA,NA,NA,NA,NA,NA,NA,NA,NA,NA,NA,NA,NA,NA,NA,NA,NA,NA,NA,NA,NA,NA,NA,NA,NA,NA,NA,NA,NA,NA,NA,NA,NA,NA,NA,NA,NA,NA,NA,NA,NA,NA,NA,NA,NA,NA,NA,NA,NA,NA,NA,NA,NA,NA,NA,NA,NA,NA,NA,NA,NA,NA,NA,NA,NA,NA,NA,NA,NA,NA,NA,NA,NA,NA,NA,NA,NA,NA,NA,NA,NA,NA,NA,NA,NA,NA,NA,NA,NA,NA,NA,NA,NA,NA,NA,NA,NA,NA,NA,NA,NA,NA,NA,NA,NA,NA,NA,NA,NA,NA,NA,NA,NA,NA,NA,NA,NA,NA,NA,NA,NA,NA,NA,NA,NA,NA,NA,NA,NA,NA,NA,NA,NA,NA,NA,NA,NA,NA,NA,NA,NA,NA,NA,NA,NA,NA,NA,NA,NA,NA,NA,NA,NA,NA,NA,NA,NA,NA,NA,NA,NA,NA,NA
0.00209274018035586,0.380593121915356,0,0,0,0,0,0,0,0,0,0,0,0.0000392243383892306,0,0,0,0,0,0,0,0,-0.0103586450584426,0,0,0,0,0.00110717226046818,0,0.0388137949170158,0,0.000153727924991395,0,0,0,0.0358976822518499,0,0.0613386194545742,0,0.0139907279894496,-0.00677738277877557,0,0,-0.00410167416309918,0,0,0,-0.00214213715023592,0,0,0,0,0,0,0,0,0,0.0248983660298847,0,-0.0103487506020991,0,0,0,0,0,0,0,0,0.0136807673740544,0,0,0,0,0,0,0,0,0,0,0,-0.0167874401148816,0,0,0,0,0,0,0.0301691164124002,-0.0332216900300427,-0.0184913990994979,0,0,0,0,-0.001149899763529,0,0,0,-0.0132367876616468,0,0,0,0,0,0,0,0,0,0,0,0,0,-0.0136597637653295,0,0,0,0,0,-0.00596315850970969,-0.00722402669789419,0,0,0,0,0,0,0.0404590056163229,-0.0022412491624008,0,0.00642633900080761,0,-0.00609805273820991,0,0,0,0,0.00293303643804961,0,0,0,0,0,0,0.0135322405563094,0,0,0,0,0,0,0,0,0,0,0,0,0.0029417778685646,0,0,0,0,0,0,0,0,0,0,0,0,0,0,0,0,0,0,0,0,0,0,0,0,0.0641355859171444,0.0581423252072426,0,0,0,-0.012761658558531
NA,NA,NA,NA,NA,NA,NA,NA,NA,NA,NA,NA,NA,NA,NA,NA,NA,NA,NA,NA,NA,NA,NA,NA,NA,NA,NA,NA,NA,NA,NA,NA,NA,NA,NA,NA,NA,NA,NA,NA,NA,NA,NA,NA,NA,NA,NA,NA,NA,NA,NA,NA,NA,NA,NA,NA,NA,NA,NA,NA,NA,NA,NA,NA,NA,NA,NA,NA,NA,NA,NA,NA,NA,NA,NA,NA,NA,NA,NA,NA,NA,NA,NA,NA,NA,NA,NA,NA,NA,NA,NA,NA,NA,NA,NA,NA,NA,NA,NA,NA,NA,NA,NA,NA,NA,NA,NA,NA,NA,NA,NA,NA,NA,NA,NA,NA,NA,NA,NA,NA,NA,NA,NA,NA,NA,NA,NA,NA,NA,NA,NA,NA,NA,NA,NA,NA,NA,NA,NA,NA,NA,NA,NA,NA,NA,NA,NA,NA,NA,NA,NA,NA,NA,NA,NA,NA,NA,NA,NA,NA,NA,NA,NA,NA,NA,NA,NA,NA,NA,NA,NA,NA,NA,NA,NA,NA,NA,NA,NA,NA,NA,NA,NA,NA,NA,NA,NA
-0.000719423266828995,0.454704477623341,0,0,0,0,0,0,0,0,0,0,0,0,0,0,0,0,0,0,0,0,-0.0171434080600834,0,0,0,0,0,0,0.0451275702726976,0,0.000696974200236817,0,0.00151117828315534,0,0.00885663863088679,0,0.0377571199939279,0,0.00594607095951442,-0.00833211645956158,0,0,-0.012333062668316,0,0,0,-0.00241456122562177,0,0,0,0,0,0,0,0,-0.00565560441163274,0.0151453840319072,0,-0.00675154222946805,0,0,0,0,0,0,0,0,0,0,0,0,0,0,0,0,0,0,0,0,-0.00790243188684743,0,0,0,0,0,0,0.0136391688645723,-0.0126844152898804,-0.00923988413569914,0,0,0,0,-0.00244427142900491,0,0,0,-0.0134505743893607,0,0,0,0,0,0,0,0,0,0,0,0,0,-0.0111707197940805,0,0,0,0,0,-0.0031740057611854,0,0,0,0,0,0,0,0.0272633999234423,0,0,0,0,-0.00151706099634528,0,0,0,0,0.00269140192522295,0,0,0,0,0,0,0.0117658578199069,0.000432582249997088,0,0,0,0,0,0,0.00173302120013831,0,0,0,0,0,0,0,0,0,0,0,0,0,0,0,0,0,0,0,0,0,0,0,0,0,0,0,0,0,0.044647996623082,0.00183134396750546,0,0,0,-0.0117645421045846
0.000300978078067075,0.427233751942161,0,0,0,0,0,0,0,0,0,0,0,0,0,0,0,0,0,0,0,0,-0.00943483812005938,0,0,0,0,0.00486416918129131,0,0.0571048160111468,0,0,0,0,0,0.0212929334123331,0,0.0437764556166555,0,0.0130990244120653,-0.011377026085744,0,0,-0.0141548067204916,0,0,0,-0.0050056123203702,0,0,0,0,0,0,0,0,0,0.0231950962096677,0,-0.00351504889605655,0,0,0,0,0,0,0,0,0,0,0,0,0,0,0,0,0,0,0,0,-0.00233169493998714,0,0,0,0,0,0,0.00877104292039406,-0.034628416647835,-0.0138299312514899,0,0,0,0,-0.00249092273325605,0,0,0,-0.022052459442947,0,0,0,0,0,0,0,0,0,0,0,0,0,-0.0108829823702612,0,0,0.00131534591492753,0,0,-0.00945559146578088,-0.00805260207512193,0,0,0,0,0,0,0.0299961967973063,0,0,0,0,0,0,0,0,0,0,0,0,0,0,0,0,0.00944149547117509,0,0,0,0,0,0,0,0,0,0,0,0,0,0,0,0,0,0,0,0,0,0,0,0,0,0,0,0,0,0,0,0,0,0,0,0,0,0.0460973950376215,0.0322507785340348,0,0,0,-0.0090806832485309
0.000960233757034127,0.438353162722265,0,0,0,0,0,0,0,0,0,0,0,0,0,0,0,0,0,0,0,0,-0.0127309667114279,0,0,0,0,0.00580686312633122,0,0.0664046723781061,0,0.00329788880891224,0,0,0,0.0169548060632409,0,0.0381251346347705,0,0.00532385119386181,-0.0112754021129762,0,0,-0.0188949014995619,0,0,0,-0.00676109251267833,0,0,0,0,0,0,0,0,-0.00186455929464404,0.0187818482356106,0,-0.00561744330469801,0,0,0,0,0,0,0,0,0,0,0,0,0,0,0,0,0,0,0,0,-0.00470036088310256,0,0,0,0,0,0,0.010757819341684,-0.0162913410985686,-0.0137709364183179,0,0,0,0,-0.0020056539426942,0,0,0,-0.0182752705565555,0,0,0,0,0,0,0,0,0,0,0,0,0,-0.00951449069370133,0,0,0.00373645535720333,0,0,-0.0067050045209895,-0.0027633766075205,0,0,0,0,0,0,0.026302249545591,0,0,0,0,-0.00104154283867918,0,0,0,0,0,0,0,0,0,0,0,0.00792372845866667,0.000887191934516499,0,0,0,0,0,0,0.00272035854980973,0,0,0,0,0,0,0,0,0,0,0,0,0,0,0,0,0,0,0,0,0,0,0,0,0,0,0,0,0.0010363519904299,0.0598214972850045,0.0129921786428237,0,0,0,-0.0139627472911982
-0.000790238860275528,0.486971785044153,0,0,0,0,0,0,0,0,0,0,0,0,0,0,0,0,0,0,0,0,-0.0115411162660305,0,0,0,0,0.00158431360432884,0,0.0424948017633614,0,0,0,0.00245865496047195,0,0.00642474336674455,0,0.0332117461059294,0,0.00575065560635686,-0.0034985771290065,0,0,-0.0207864112408491,0,0,0,-0.00186754669800854,0,0,0,0,0,0,0,0,0,0.0171733675909794,0,-0.00552771685944385,0,0,0,0,0,0,0,0,0,0,0,0,0,0,0,0,0,0,0,0,-0.00507834441596657,0,0,0,0,-0.00201958545249726,0,0.00715378715208991,-0.0154946027666618,-0.00960468520106628,0,0,0,0,-0.00638185223745185,0,0,0,-0.0195215249493966,0,0,0,0,0,0,0,0,0,0,0,0,0,-0.0107225190873101,0,0,0,0,0,0,-0.000559975068991201,0,0,0,0,0,0,0.0257505396593463,0,0,0,0,-0.00190588613839734,0,0,0,0,0.00235809848063353,0,0,0,0,0,0,0.00864727341708655,0,0,0,0,0,0,0,0.00429521017632545,0,0,0,0,0,0,0,0,0,0,0,0,0,0,0,0,0,0,0,0,0,0,0,0,0,0,0,0,0,0.0324729712686943,0.00131916826424973,0,0,0,-0.00714794680859723
0.00210947168939756,0.476224158594093,0,0,0,0,0,0,0,0,0,0,0,0,0,0,0,0,0,0,0,0,-0.0089185158384845,0,0,0,0,0.00419494070191086,0,0.0556101203954337,0,0,0,0.000611175902507339,0,0.00822078387281231,0,0.0366884236273751,0,0.0103891472278289,-0.0106998926042417,0,0,-0.0199560196959952,0,0,0,-0.0096203257436019,0,0,0,0,0,0,0,0,0,0.020954224302414,0,-0.00771815294513634,0,0,0,0,0,0,0,0,0,0,0,0,0,0,0,0,0,0,0,0,-0.00281328474494764,0,0,0,0,-0.00225848456464553,0,0.00625939880669289,-0.0183020435628154,-0.0141440727954413,0,0,0,0,-0.00908506649112505,0,0,0,-0.00456938945226287,0,0,0,0,0,0,0,0,0,0,0,0,0,-0.0100302139073429,0,0,0.0051543735708878,0,0,-0.00214311901718196,-0.00472225549318561,0,0,0,0,0,0,0.0296870443609766,0,0,0,0,0,0,0,0,0,0,0,0,0,0,0,0,0.0062419638647753,0,0,0,0,0,0,0,0.00565699643863941,0,0,0,0,0,0,0,0,0,0,0,0,0,0,0,0,0,0,0,0,0,0,0,0,0,0,0,0,0.000180702149957672,0.0455050366956873,0.0170209521838499,0,0,0,-0.0108195308967651
-0.000651214583892881,0.4797177028228,0,0,0,0,0,0,0,0,0,0,0,0,0,0,0,0,0,0,0,0,-0.0174106071358114,0,0,0,0,0,0,0.0453666144149204,0,0,0,0.00184203808489472,0,0.00532911075772263,0,0.0345664567707876,0,0.00653056264429805,-0.00552066009778609,0,0,-0.0177199318336895,0,0,0,-0.00336965881529599,0,0,0,0,0,0,0,0,-0.00185954218415102,0.0182505144476437,0,-0.00681354158022741,0,0,0,0,0,0,0,0,0,0,0,0,0,0,0,0,0,0,0,0,-0.00457052595207177,0,0,0,0,0,0,0.00989198001601455,-0.0115033840602768,-0.0109742809011793,0,0,0,0,-0.00565178294558698,0,0,0,-0.0161453745470311,0,0,0,0,0,0,0,0,0,0,0,0,0,-0.00731926462719297,0,0,0,0,0,-0.000986177352444096,-0.00151734185394395,0,0,0,0,0,0,0.0229147923869783,0,0,0,0,0,0,0,0,0,0.00455584070077768,0,0,0,0,0,0,0.0145471751942538,0.00018326673160395,0,0,0,0,0,0,0.00538506828263139,0,0,0,0,0,0,0,0,0,0,0,0,0,0,0,0,0,0,0,0,-0.00284059683697274,0,0,0,0,0,0,0,0,0.0389735612743203,0.00603326729314323,0,0,0,-0.0138540475790363
0.00230173568630841,0.445173204704021,0,0,0,0,0,0,0,0,0,0,0,0,0,0,0,0,0,0,0,0,-0.0131061046570711,0,0,0,0,0.00477443485961252,0,0.0471057741516719,0,0.0022152351540316,0,0,0,0.0187112870885363,0,0.0426572131262094,0,0.00960703519510327,-0.00944019400704916,0,0,-0.0121914429420606,0,0,0,-0.00906798374312496,0,0,0,0,0,0,0,0,0,0.0192748523754463,0,-0.000624750515079187,0,0,0,0,0,0,0,0,0,0,0,0,0,0,0,0,0,0,0,0,-0.0116012001795406,0,0,0,0,0,0,0.0131590240526655,-0.019833685354036,-0.013434674328292,0,0,0,0,-0.00717383094655139,0,0,0,-0.0200516649931232,0,0,0,0,0,0,0,0,0,0,0,0,0,-0.00931336806372474,0,0,0.00034363275796614,0,0,0,-0.00421046335548585,0,0,0,0,0,0,0.0320050986194936,0,0,0,0,0,0,0,0,0,0.000566722384626116,0,0,0,0,0,0,0.00968313990307098,0.00338783602269949,0,0,0,0,0,0,0.00316493725301049,0,0,0,0,0,0,0,0,0,0,0,0,0,0,0,0,0,0,0,0,0,0,0,0,0,0,0,0,0,0.043790334200401,0.0317072446244735,0,0,0,-0.0112653401730925
0.00212293354425671,0.417582913615816,0,0,0,0,0,0,0,0,0,0,0,0,0,0,0,0,0,0,0,0,-0.00735973555992586,0,0,0,0,0.00933540856781486,0,0.0328595925013795,0,0,0,0,0,0.042339514950509,0,0.0388439601620534,0,0.0139568704396824,-0.0158550060580604,0,0,-0.0071939740795115,0,0,0,-0.00818970199533967,0,0,0,0,0,0,0,0,0,0.0219005318556371,0,-0.0113084580848569,0,0,0,0,0,0,0,0,0,0,0,0,0,0,0,0,0,0,0,0,-0.013267163864104,0,0,0,0,0,0,0.00890421226468329,-0.0255857413477734,-0.014147199011568,0,0,0,0,-0.00610528209927407,0,0,0,-0.0303397889225187,0,0,0,0,0,0,0,-0.00129035698205455,0,0,0,0,0,-0.0119043810993924,0,0,0.00438734088869908,0,0,-0.00643407942554625,-0.00714041816877446,0,0,0,0,0,0,0.0353784500476868,0,0,0.00360538428664952,0,0,0,0,0,0,0.00149529054147527,0,0,0,0,0,0,0,0.00338077589289388,0,0,0,0,0,0,0.0058337542506214,0,0,0,0,0,0,0,0,0,0,0,0,0,0,-0.00107442085727778,0,0,0,0,0,0,0,0,0,0,0,0,0,0,0.0539430799448386,0.0406507043206532,0,0,0,-0.010361728743431
0.000854174081594427,0.500319983364223,0,0,0,0,0,0,0,0,0,0,0,0,0,0,0,0,0,0,0,0,-0.0205475810222442,0,0,0,0,0.00233825346681453,0,0.0436537848684262,0,0,0,0.00383555405812306,0,0.00284427171202458,0,0.0211026133620095,0,0.00339184460933129,-0.00561661650023655,0,0,-0.0187362644587034,0,0,0,-0.000705078503714065,0,0,0,0,0,0,0,0,-0.00503089684374447,0.0166521690833505,0,-0.00251827129185439,0,0,0,0,0,0,0,0,0,0,0,0,0,0,0,0,0,0,0,0,-0.0113877493748192,0,0,0,0,0,0,0.00369035255341574,-0.0122032043399282,-0.00977816935687743,0,0,0,0,0,0,0,0,-0.00970331473554297,0,0,0,0,0,0,0,0,0,0,0,0,0,-0.00888131312968798,0,0,0,0,0,0,-0.000564053081199196,0,0,0,0,0,0,0.0248869121019611,0,0,0,0,-0.00434200660326587,0,0,0,0,0.00586616481437771,0,0,0,0,0,0,0.00611350655926591,0,0,0,0,0,0,0,0.0105639086869832,0,0,0,0,0,0,0,0,0,0,0,0,0,0,0,0,0,0,0,0,0,0,0,0,0,0,0,0,0,0.0375511624554827,0,0,0,0,-0.0124684930337796
NA,NA,NA,NA,NA,NA,NA,NA,NA,NA,NA,NA,NA,NA,NA,NA,NA,NA,NA,NA,NA,NA,NA,NA,NA,NA,NA,NA,NA,NA,NA,NA,NA,NA,NA,NA,NA,NA,NA,NA,NA,NA,NA,NA,NA,NA,NA,NA,NA,NA,NA,NA,NA,NA,NA,NA,NA,NA,NA,NA,NA,NA,NA,NA,NA,NA,NA,NA,NA,NA,NA,NA,NA,NA,NA,NA,NA,NA,NA,NA,NA,NA,NA,NA,NA,NA,NA,NA,NA,NA,NA,NA,NA,NA,NA,NA,NA,NA,NA,NA,NA,NA,NA,NA,NA,NA,NA,NA,NA,NA,NA,NA,NA,NA,NA,NA,NA,NA,NA,NA,NA,NA,NA,NA,NA,NA,NA,NA,NA,NA,NA,NA,NA,NA,NA,NA,NA,NA,NA,NA,NA,NA,NA,NA,NA,NA,NA,NA,NA,NA,NA,NA,NA,NA,NA,NA,NA,NA,NA,NA,NA,NA,NA,NA,NA,NA,NA,NA,NA,NA,NA,NA,NA,NA,NA,NA,NA,NA,NA,NA,NA,NA,NA,NA,NA,NA,NA
0.00254328326596347,0.467408134161921,0,0,0,0,0,0,0,0,0,0,0,0,0,0,0,0,0,0,0,0,-0.0146099842896777,0,0,0,0,0.00977070404072183,0,0.0632971409096222,0,0.00115872599512856,0,0.00446639142965414,0,0.00896167997446251,0,0.0295799898921671,0,0.00577812112176595,-0.011754802784712,0,0,-0.0135437626642588,0,0,0,-0.0066374316913967,0,0,0,0,0,0,0,0,-0.00124706310179572,0.0192900283769041,0,-0.0030189780823625,0,0,0,0,0,0,0,0,0,0,0,0,0,0,0,0,0,0,0,0,-0.00708706362084234,0,0,0,0,0,0,0.00273149840119782,-0.0171136793412095,-0.0126597271178046,0,0,0,0,-0.00189322744425235,0,0,0,-0.0196743648014726,0,0,0,0,0,0,0,-0.000439296668517121,0,0,0,0,0,-0.00777390904477855,0,0,0.00515329898525057,0,0,-0.0064932189315086,-0.00282873576223403,0,0,0,0,0,0,0.0353891126817629,0,0,0,0,0,0,0,0,0,0,0,0,0,0,0,0,0.00071825482284098,0.000240581047650481,0,0,0,0,0,0,0.00837334409702129,0,0,0,0,0,0,0,0,0,0,0,0,0,0,0,0,0,0,0,0,0,0,0,0,0,0,0,0,0.00281333895111098,0.0495475513586082,0.00920648433910748,0,0,0,-0.0116314744606737
NA,NA,NA,NA,NA,NA,NA,NA,NA,NA,NA,NA,NA,NA,NA,NA,NA,NA,NA,NA,NA,NA,NA,NA,NA,NA,NA,NA,NA,NA,NA,NA,NA,NA,NA,NA,NA,NA,NA,NA,NA,NA,NA,NA,NA,NA,NA,NA,NA,NA,NA,NA,NA,NA,NA,NA,NA,NA,NA,NA,NA,NA,NA,NA,NA,NA,NA,NA,NA,NA,NA,NA,NA,NA,NA,NA,NA,NA,NA,NA,NA,NA,NA,NA,NA,NA,NA,NA,NA,NA,NA,NA,NA,NA,NA,NA,NA,NA,NA,NA,NA,NA,NA,NA,NA,NA,NA,NA,NA,NA,NA,NA,NA,NA,NA,NA,NA,NA,NA,NA,NA,NA,NA,NA,NA,NA,NA,NA,NA,NA,NA,NA,NA,NA,NA,NA,NA,NA,NA,NA,NA,NA,NA,NA,NA,NA,NA,NA,NA,NA,NA,NA,NA,NA,NA,NA,NA,NA,NA,NA,NA,NA,NA,NA,NA,NA,NA,NA,NA,NA,NA,NA,NA,NA,NA,NA,NA,NA,NA,NA,NA,NA,NA,NA,NA,NA,NA
0.00313765947164733,0.495057705214778,0,0,0,0,0,0,0,0,0,0,0,0,0,0,0,0,0,0,0,0,-0.0162415880444426,0,0,0,0,0.00832875894120491,0,0.0679368249009171,0,0,0,0,0,0,0,0.0289169792541843,0,0.00405071937918879,-0.00778432829633135,0,0,-0.0193464763225478,0,0,0,-0.00398681265445843,0,0,0,0,0,0,0,0,-0.00526128938115926,0.0165490469028385,0,0,0,0,0,0,0,0,0,0,0,0,0,0,0,0,0,0,0,0,0,0,-0.0169136198012186,0,0,0,0,0,0,0.00403619388453672,-0.0196523250299004,-0.0106821940330229,0,0,0,0,-0.000807975775616182,0,0,0,-0.0138677472810348,0,0,0,0,0,0,0,0,0,0,0,0,0,-0.00635282846518806,0,0,0.00238654694808661,0,0,0,-0.00223467827883342,0,0,0,0,0,0,0.0267495924862228,0,0,0,0,0,0,0,0,0,0,0,0,0,0,0,0,0,0,0,0,0,0,0,0,0.0176261312755202,0,0,0,0,0,0,0,0,0,0,0,0,0,0,0,0,0,0,0,0,0,0,0,0,0,0,0,0,0.0133900660260997,0.0390496221931804,0,0,0,0,-0.00927350338012415
0.00145504444483684,0.510947900677842,0,0,0,0,0,0,0,0,0,0,0,0,0,0,0,0,0,0,0,0,-0.0258909699170606,0,0,0,0,0.00355592320446359,0,0.0466516702630143,0,0,0,0,0,0,0,0.0257503424162947,0,0.00365684209918207,-0.00154383901710225,0,0,-0.0203037330275252,0,0,0,0,0,0,0,0,0,0,0,0,-0.00472578738377545,0.0181978270697259,0,0,0,0,0,0,0,0,0,0,0,0,0,0,0,0,0,0,0,0,0,0,-0.010518623979111,0,0,0,0,0,0,0.00690687515155372,-0.0176918795206814,-0.00659426275496027,0,0,0,0,0,0,0,0,-0.00985751457853625,0,0,0,0,0,0,0,0,0,0,0,0,0,-0.00554334653897158,0,0,0,0,0,0,0,0,0,0,0,0,0,0.0242711743131784,0,0,0,0,0,0,0,0,0,0.00399618843311048,0,0,0,0,0,0,0.00588310599609981,0,0,0,0,0,0,0,0.0133050445822769,0,0,0,0,0,0,0,0,0,0,0,0,0,0,0,0,0,0,0,0,0,0,0,0,0,0,0,0,0.0101668092340666,0.0425807753735593,0,0,0,0,-0.0116246973537533
0.00287797113838226,0.478312407489045,0,0,0,0,0,0,0,0,0,0,0,0,0,0,0,0,0,0,0,0,-0.0137550446339387,0,0,0,0,0.00654131114293563,0,0.0610141053880118,0,0.00100789937773284,0,0,0,0.00741739178658867,0,0.0311919335171849,0,0.0108685417699413,-0.00935980102308331,0,0,-0.00926599151270373,0,0,0,-0.00551935409518973,0,0,0,0,0,0,0,0,0,0.0221235091509641,0,-0.00079956831628914,0,0,0,0,0,0,0,0,0,0,0,0,0,0,0,0,0,0,0,0,-0.00982712033266646,0,0,0,0,0,0,0.00135416484682615,-0.021186602592984,-0.0131420126692438,0,0,0,0,-0.00231063098746626,0,0,0,-0.0182944405670967,0,0,0,0,0,0,0,0,0,0,0,0,0,-0.00867844822257253,0,0,0.0102600614133754,0,0,-0.00204054499374504,-0.00797862136293995,0,0,0,0,0,0,0.0341013793377404,0,0,0,0,0,0,0,0,0,0,0,0,0,0,0,0,0.00368983777516778,0,0,0,0,0,0,0,0.00939874477525742,0,0,0,0,0,0,0,0,0,0,0,0,0,0,0,0,0,0,0,0,0,0,0,0,0,0,0,0,0.00395883595448829,0.0477044280688254,0,0,0,0,-0.0140856769329677
0.000864831200101432,0.488856576703253,0,0,0,0,0,0,0,0,0,0,0,0,0,0,0,0,0,0,0,0,-0.014368237916508,0,0,0,0,0,0,0.045701949774403,0,0,0,0.00140921182042103,0,0,0,0.0299429797620945,0,0.00157315779390043,-0.0110147973487811,0,0,-0.01472999115672,0,0,0,-0.00159403859584537,0,0,0,0,0,0,0,0,-0.00728959068577729,0.0183622208712854,0,-0.000614324908175671,0,0,0,0,0,0,0,0,0,0,0,0,0,0,0,0,0,0,0,0,-0.0127580936034331,0,0,0,0,0,0,0.0124812398278003,-0.0108887939071425,-0.00847727261042831,0,0,0,0,0,0,0,0,-0.00373746890025424,0,0,0,0,0,0,0,0,0,0,0,0,0,-0.00787373339858244,0,0,0,0,0,-0.00183586753499311,-0.00421562859563273,0,0,0,0,0,0,0.0251535891997465,0,0,0,0,-0.00342427023466814,0,0,0,0,0.000672723225958611,0,0,0,0,0,0,0.0119275555231446,0.000963246614825455,0,0,0,0,0,0,0.0113123835843076,0,0,0,0,0,0,0,0,0,0,0,0,0,0,0,0,0,0,0,0,0,0,0,0,0,0,0,0,0,0.0461044768637042,0,0,0,0,-0.0170683487962175
-0.000488639887419283,0.505571148064124,0,0,0,0,0,0,0,0,0,0,0,0,0,0,0,0,0,0,0,0,-0.0242084927140095,0,0,0,0,0.000363891390270195,0,0.0426118996182096,0,0,0,0,0,0,0,0.0228177482293498,0,0.00253541292561886,-0.00225006219222985,0,0,-0.0232717392907261,0,0,0,0,0,0,0,0,0,0,0,0,-0.00458553294304692,0.0144666408264156,0,0,0,0,0,0,0,0,0,0,0,0,0,0,0,0,0,0,0,0,0,0,-0.0132574490689103,0,0,0,0,0,0,0.00965963942606492,-0.0129806046517378,-0.0069650460419084,0,0,0,0,0,0,0,0,-0.0122803612580291,0,0,0,0,0,0,0,0,0,0,0,0,0,-0.00573006091212147,0,0,0,0,0,0,-0.00119503605985944,0,0,0,0,0,0,0.0244342352400467,0,0,0,0,0,0,0,0,0,0.00388411737591408,0,0,0,0,0,0,0.00572497708380146,0,0,0,0,0,0,0,0.00910171656354685,0,0,0,0,0,0,0,0,0,0,0,0,0,0,0,0,0,0,0,0,0,0,0,0,0,0,0,0,0,0.0348053760733185,0,0,0,0,-0.0125331445803416
0.000747336489029402,0.497360806679442,0,0,0,0,0,0,0,0,0,0,0,0,0,0,0,0,0,0,0,0,-0.0235763555373755,0,0,0,0,0.000976936499000329,0,0.042981281089077,0,0,0,0,0,0.00034906032601019,0,0.0199742691201606,0,0.00220907147079173,-0.00172453161026767,0,0,-0.0219177037599384,0,0,0,0,0,0,0,0,0,0,0,0,-0.00790878697871318,0.013395002970623,0,0,0,0,0,0,0,0,0,0,0,0,0,0,0,0,0,0,0,0,0,0,-0.0171360489788975,0,0,0,0,0,0,0.00781877048249812,-0.0129452487472084,-0.00783104654099228,0,0,0,0,0,0,0,0,-0.00432946866241467,0,0,0,0,0,0,0,0,0,0,0,0,0,-0.0073740745780828,0,0,0,0,0,0,-0.00533691115749932,0,0,0,0,0,0,0.0269041219447131,0,0,0,0,0,0,0,0,0,0.0042116253214751,0,0,0,0,0,0,0.00302932840228675,0,0,0,0,0,0,0,0.0109077855991709,0,0,0,0,0,0,0,0,0,0,0,0,0,0,0,0,0,0,0,0,0,0,0,0,0,0,0,0,0.00576282843267433,0.0326785152585479,0,0,0,0,-0.0135302737902214
NA,NA,NA,NA,NA,NA,NA,NA,NA,NA,NA,NA,NA,NA,NA,NA,NA,NA,NA,NA,NA,NA,NA,NA,NA,NA,NA,NA,NA,NA,NA,NA,NA,NA,NA,NA,NA,NA,NA,NA,NA,NA,NA,NA,NA,NA,NA,NA,NA,NA,NA,NA,NA,NA,NA,NA,NA,NA,NA,NA,NA,NA,NA,NA,NA,NA,NA,NA,NA,NA,NA,NA,NA,NA,NA,NA,NA,NA,NA,NA,NA,NA,NA,NA,NA,NA,NA,NA,NA,NA,NA,NA,NA,NA,NA,NA,NA,NA,NA,NA,NA,NA,NA,NA,NA,NA,NA,NA,NA,NA,NA,NA,NA,NA,NA,NA,NA,NA,NA,NA,NA,NA,NA,NA,NA,NA,NA,NA,NA,NA,NA,NA,NA,NA,NA,NA,NA,NA,NA,NA,NA,NA,NA,NA,NA,NA,NA,NA,NA,NA,NA,NA,NA,NA,NA,NA,NA,NA,NA,NA,NA,NA,NA,NA,NA,NA,NA,NA,NA,NA,NA,NA,NA,NA,NA,NA,NA,NA,NA,NA,NA,NA,NA,NA,NA,NA,NA
NA,NA,NA,NA,NA,NA,NA,NA,NA,NA,NA,NA,NA,NA,NA,NA,NA,NA,NA,NA,NA,NA,NA,NA,NA,NA,NA,NA,NA,NA,NA,NA,NA,NA,NA,NA,NA,NA,NA,NA,NA,NA,NA,NA,NA,NA,NA,NA,NA,NA,NA,NA,NA,NA,NA,NA,NA,NA,NA,NA,NA,NA,NA,NA,NA,NA,NA,NA,NA,NA,NA,NA,NA,NA,NA,NA,NA,NA,NA,NA,NA,NA,NA,NA,NA,NA,NA,NA,NA,NA,NA,NA,NA,NA,NA,NA,NA,NA,NA,NA,NA,NA,NA,NA,NA,NA,NA,NA,NA,NA,NA,NA,NA,NA,NA,NA,NA,NA,NA,NA,NA,NA,NA,NA,NA,NA,NA,NA,NA,NA,NA,NA,NA,NA,NA,NA,NA,NA,NA,NA,NA,NA,NA,NA,NA,NA,NA,NA,NA,NA,NA,NA,NA,NA,NA,NA,NA,NA,NA,NA,NA,NA,NA,NA,NA,NA,NA,NA,NA,NA,NA,NA,NA,NA,NA,NA,NA,NA,NA,NA,NA,NA,NA,NA,NA,NA,NA
NA,NA,NA,NA,NA,NA,NA,NA,NA,NA,NA,NA,NA,NA,NA,NA,NA,NA,NA,NA,NA,NA,NA,NA,NA,NA,NA,NA,NA,NA,NA,NA,NA,NA,NA,NA,NA,NA,NA,NA,NA,NA,NA,NA,NA,NA,NA,NA,NA,NA,NA,NA,NA,NA,NA,NA,NA,NA,NA,NA,NA,NA,NA,NA,NA,NA,NA,NA,NA,NA,NA,NA,NA,NA,NA,NA,NA,NA,NA,NA,NA,NA,NA,NA,NA,NA,NA,NA,NA,NA,NA,NA,NA,NA,NA,NA,NA,NA,NA,NA,NA,NA,NA,NA,NA,NA,NA,NA,NA,NA,NA,NA,NA,NA,NA,NA,NA,NA,NA,NA,NA,NA,NA,NA,NA,NA,NA,NA,NA,NA,NA,NA,NA,NA,NA,NA,NA,NA,NA,NA,NA,NA,NA,NA,NA,NA,NA,NA,NA,NA,NA,NA,NA,NA,NA,NA,NA,NA,NA,NA,NA,NA,NA,NA,NA,NA,NA,NA,NA,NA,NA,NA,NA,NA,NA,NA,NA,NA,NA,NA,NA,NA,NA,NA,NA,NA,NA
NA,NA,NA,NA,NA,NA,NA,NA,NA,NA,NA,NA,NA,NA,NA,NA,NA,NA,NA,NA,NA,NA,NA,NA,NA,NA,NA,NA,NA,NA,NA,NA,NA,NA,NA,NA,NA,NA,NA,NA,NA,NA,NA,NA,NA,NA,NA,NA,NA,NA,NA,NA,NA,NA,NA,NA,NA,NA,NA,NA,NA,NA,NA,NA,NA,NA,NA,NA,NA,NA,NA,NA,NA,NA,NA,NA,NA,NA,NA,NA,NA,NA,NA,NA,NA,NA,NA,NA,NA,NA,NA,NA,NA,NA,NA,NA,NA,NA,NA,NA,NA,NA,NA,NA,NA,NA,NA,NA,NA,NA,NA,NA,NA,NA,NA,NA,NA,NA,NA,NA,NA,NA,NA,NA,NA,NA,NA,NA,NA,NA,NA,NA,NA,NA,NA,NA,NA,NA,NA,NA,NA,NA,NA,NA,NA,NA,NA,NA,NA,NA,NA,NA,NA,NA,NA,NA,NA,NA,NA,NA,NA,NA,NA,NA,NA,NA,NA,NA,NA,NA,NA,NA,NA,NA,NA,NA,NA,NA,NA,NA,NA,NA,NA,NA,NA,NA,NA
0.000968423010622029,0.480698827537701,0,0,0,0,0,0,0,0,0,0,0,0,0,0,0,0,0,0,0,0,-0.0263503281719122,0,0,0,0,0.00146779924714391,0,0.0503161025166438,0,0,0,0.0015038808184941,0,0.00310337791929472,0,0.0353128623367531,0,0.00271115848938722,-0.00892239862786434,0,0,-0.0156911890009798,0,0,0,0,0,0,0,0,0,0,0,0,-0.00642778401149514,0.0168868928320165,0,0,0,0,0,0,0,0,0,0,0,0,0,0,0,0,0,0,0,0,0,0,-0.0117973285352357,0,0,0,0,0,0,0.0149292919526353,-0.0183905112294072,-0.00825803293821343,0,0,0,0,0,0,0,0,-0.0000235520037443994,0,0,0,0,0,0,0,0,0,0,0,0,0,-0.00589781849345508,0,0,0,0,0,-0.00208958233056983,-0.00868319515107157,0,0,0,0,0,0,0.0421898971327924,0,0,0,0,-0.00168100301163752,0,0,0,0,0,0,0,0,0,0,0,0.00730798532857746,0,0,0,0,0,0,0,0.0129228246564481,0,0,0,0,0,0,0,0,0,0,0,0,0,0,0,0,0,0,0,0,0,0,0,0,0,0,0,0,0,0.0450525350706496,0,0,0,0,-0.0172138592593818
0.000746833332168401,0.492311189493666,0,0,0,0,0,0,0,0,0,0,0,0,0,0,0,0,0,0,0,0,-0.0217482655484003,0,0,0,0,0.000514177024525617,0,0.0399921279905591,0,0.00215072974119395,0,0,0,0,0,0.0329043433768378,0,0.00241626861638032,-0.00371699246395963,0,0,-0.0213614701910525,0,0,0,-0.00173445954014464,0,0,0,0,0,0,0,0,-0.00815405520878819,0.0180251381275078,0,0,0,0,0,0,0,0,0,0,0,0,0,0,0,0,0,0,0,0,0,0,-0.0149904229348166,0,0,0,0,0,0,0.0149427137183269,-0.0140712508591382,-0.00743925516634186,0,0,0,0,0,0,0,0,0,0,0,0,0,0,0,0,0,0,0,0,0,0,-0.00586995318314443,0,0,0,0,0,0,-0.00773073250812337,0,0,0,0,0,0,0.0300391011117558,0,0,0,0,0,0,0,0,0,0.000578907233891611,0,0,0,0,0,0,0.0103489967726488,0,0,0,0,0,0,0,0.0138465109465689,0,0,0,0,0,0,0,0,0,0,0,0,0,0,0,0,0,0,0,0,0,0,0,0,0,0,0,0,0,0.0300299016588361,0,0,0,0,-0.0132875854729026
0.000566340219845148,0.492274612866136,0,0,0,0,0,0,0,0,0,0,0,0,0,0,0,0,0,0,0,0,-0.021005772408193,0,0,0,0,0,0,0.0404080261448232,0,0.00233369947321934,0,0,0,0,0,0.0358822490991643,0,0.00239087988565912,-0.00387687418948864,0,0,-0.0216355625910205,0,0,0,-0.00160219536153171,0,0,0,0,0,0,0,0,-0.0067174330061886,0.0181816637751974,0,-0.000144850205154752,0,0,0,0,0,0,0,0,0,0,0,0,0,0,0,0,0,0,0,0,-0.0120320342658966,0,0,0,0,0,0,0.0163860772945267,-0.0169153970686315,-0.00803477114027381,0,0,0,0,-0.000556950989267012,0,0,0,0,0,0,0,0,0,0,0,0,0,0,0,0,0,-0.00538558620359019,0,0,0,0,0,0,-0.00923206458648675,0,0,0,0,0,0,0.033777334253421,0,0,0,0,0,0,0,0,0,0,0,0,0,0,0,0,0.0133591048890023,0,0,0,0,0,0,0,0.0145443571819527,0,0,0,0,0,0,0,0,0,0,0,0,0,0,0,0,0,0,0,0,0,0,0,0,0,0,0,0,0,0.0315391992682425,0,0,0,0,-0.0098616576275411
0.0021653806002603,0.500733237601119,0,0,0,0,0,0,0,0,0,0,0,0,0,0,0,0,0,0,0,0,-0.0210026948439764,0,0,0,0,0.00283154869163113,0,0.0483501336092443,0,0,0,0,0,0,0,0.0320873449347721,0,0.00314061417378976,-0.00501117287142969,0,0,-0.0225964900224946,0,0,0,-0.00398548776109038,0,0,0,0,0,0,0,0,-0.00555611269906071,0.0197420778224236,0,0,0,0,0,0,0,0,0,0,0,0,0,0,0,0,0,0,0,0,0,0,-0.0129527919984592,0,0,0,0,0,0,0.0107511300073294,-0.0178382218525855,-0.00893391348896302,0,0,0,0,0,0,0,0,0,0,0,0,0,0,0,0,0,0,0,0,0,0,-0.00519392512040018,0,0,0,0,0,0,-0.00674791331098343,0,0,0,0,0,0,0.0280245029728649,0,0,0,0,0,0,0,0,0,0.00013073671801369,0,0,0,0,0,0,0.0118518458499241,0.00265761213900235,0,0,0,0,0,0,0.0256691409991844,0,0,0,0,0,0,0,0,0,0,0,0,0,0,0,0,0,0,0,0,0,0,0,0,0,0,0,0,0.0114269926700612,0.0344635916303394,0,0,0,0,-0.0125100530165601
0.00211114498694069,0.5040509800911,0,0,0,0,0,0,0,0,0,0,0,0,0,0,0,0,0,0,0,0,-0.0220362538918204,0,0,0,0,0,0,0.0438344368745378,0,0,0,0.00111519594712294,0,0,0,0.0347381384940257,0,0.0017898922181806,-0.00857638110831788,0,0,-0.0225979341812925,0,0,0,-0.00369006903377065,0,0,0,0,0,0,0,0,-0.00837810113835773,0.0177834256121903,0,0,0,0,0,0,0,0,0,0,0,0,0,0,0,0,0,0,0,0,0,0,-0.017348348737399,0,0,0,0,0,0,0.0116785182338676,-0.0146955715859067,-0.00649415642924907,0,0,0,0,-0.000150867767812374,0,0,0,0,0,0,0,0,0,0,0,0,0,0,0,0,0,-0.0068579577960866,0,0,0,0,0,0,-0.0016634130405644,0,0,0,0,0,0,0.0301030331851534,0,0,0,0,-0.00127317383925831,0,0,0,0,0.00358272829330319,0,0,0,0,0,0,0.00975709924210806,0.00234153097633797,0,0,0,0,0,0,0.0258462702993555,0,0,0,0,0,0,0,0,0,0,0,0,0,0,0,0,0,0,0,0,0,0,0,0,0,0,0,0,0.00898816206330527,0.0321304279783555,0,0,0,0,-0.0121775298123784
0.00300645212368625,0.495833182239562,0,0,0,0,0,0,0,0,0,0,0,0,0,0,0,0,0,0,0,0,-0.0220061052349421,0,0,0,0,0.00338566551309835,0,0.0535495793866589,0,0,0,0.000321532601300865,0,0,0,0.0335494928942184,0,0.00416334650020271,-0.00664922984922458,0,0,-0.0186759794204875,0,0,0,-0.00253008334750058,0,0,0,0,0,0,0,0,-0.00531845609852559,0.0198812470419314,0,-0.00167413390539756,0,0,0,0,0,0,0,0,0,0,0,0,0,0,0,0,0,0,0,0,-0.018443541871486,0,0,0,0,0,0,0.0156902423065598,-0.018613234986908,-0.00840410216946255,0,0,0,0,0,0,0,0,0,0,0,0,0,0,0,0,0,0,0,0,0,0,-0.00501161069753018,0,0,0,0,0,-0.0030430952901101,-0.00706010136695099,0,0,0,0,0,0,0.0324063271567615,0,0,0,0,-0.00159385920991752,0,0,0,0,0.00367560126570799,0,0,0,0,0,0,0.015520017922257,0.0000583241129502219,0,0,0,0,0,0,0.0285142150783982,0,0,0,0,0,0,0,0,0,0,0,0,0,0,0,0,0,0,0,0,0,0,0,0,0,0,0,0,0.0173576868192706,0.0389582545140233,0,0,0,0,-0.0143691819918792
0.000576542253674905,0.502509373586608,0,0,0,0,0,0,0,0,0,0,0,0,0,0,0,0,0,0,0,0,-0.0135189406859061,0,0,0,0,0,0,0.0458449235048639,0,0,0,0,0,0,0,0.0396523193903541,0,0.00243191394253097,-0.00141319509636945,0,0,-0.0172777988620897,0,0,0,-0.00567350848003429,0,0,0,0,0,0,0,0,-0.00289757676509024,0.0177338807683642,0,0,0,0,0,0,0,0,0,0,0,0,0,0,0,0,0,0,0,0,0,0,-0.0121228318227916,0,0,0,0,0,0,0.0114490284523502,-0.0230037439282175,-0.013543328683329,0,0,0,0,-0.00266337529017064,0,0,0,-0.00199038057735997,0,0,0,0,0,0,0,0,0,0,0,0,0,-0.00777852886816553,0,0,0,0,0,0,0,0,0,0,0,0,0,0.0260320187075772,0,0,0,0,0,0,0,0,0,0.00105906750201085,0,0,0,0,0,0,0.0152119397685536,0.00571953775318902,0,0,0,0,0,0,0.0230913255276601,0,0,0,0,0,0,0,0,0,0,0,0,0,0,0,0,0,0,0,0,0,0,0,0,0,0,0,0,0.00770575403948691,0.0236998003421353,0,0,0,0,-0.00400476838409352
0.00280124125948066,0.475358385011962,0,0,0,0,0,0,0,0,0,0,0,0.006692906620169,0,0,0,0,0,0,0,0,-0.0145834323397323,0,0,0,0,0.00297893217594042,0,0.0757723525289102,0,0.00472747024208659,0,0.000615586798711191,0,0,0,0.0394230240113653,0,0.00680019835622904,-0.00697952291488944,0,0,-0.00918360086495279,0,0,0,-0.00922574454564251,0,0,0,0,0,0,0,0,0,0.0240035047518967,0,-0.0109118254137209,0,0,0,0,0,0,0,0,0.0053317209009905,0,0,0,0,0,0,0,0,0,0,0,-0.0100437214925232,0,0,0,0,0,0,0.0156235328496027,-0.0225517569873126,-0.0109443465786793,0,0,0,0,-0.00371208965304481,0,0,0,-0.00510497502244684,0,0,0,0,0,0,0,0,0,0,0,0,0,-0.00379152127356612,0,0,0,0,0,-0.00178568547129764,-0.00463738984453774,0,0,0,0,0,0,0.0362964565456426,-0.0157878599243979,0,0,0,-0.000489852971319039,0,0,0,0,0,0,0,0,0,0,0,0.0102781592396927,0,0,0,0,0,0,0,0.0112527034483072,0,0,0,0,0.0039266565529431,0,0,0,0,0,0,0,0,0,0,0,0,0,0,0,0,0,0,0,0,0,0,0,0.0174492526494904,0.0515789871079109,0,0,0,0,-0.00366008061435071
0.00196822140550287,0.444907548962956,0,0,0,0,0,0,0,0,0,0,0,0.000843071236930537,0,0,0,0,0,0,0,0,-0.0121658310489286,0,0,0,0,0,0,0.0610517216528724,0,0.00510829077725385,0,0.00372015213405243,0,0,0,0.0532984844480747,0,0.00702734560109408,-0.0038480208550106,0,0,-0.00172605095301105,0,0,0,-0.00427464776419498,0,0,0,0,0,0,0,0,-0.000987982478806231,0.0201132642514967,0,-0.0110894301528274,0,0,0,0,0,0,0,0,0.0142608579841102,0,0,0,0,0,0,0,0,0,0,0,-0.0179649321567977,0,0,0,0,0,0,0.0212147363732203,-0.0232054865365757,-0.0103209929590035,0,0,0,0,-0.00615284603467053,0,0,0,-0.000167649167040058,0,0,0,0,0,0,0,0,0,0,0,0,0,-0.0103691971464114,0,0,0,0,0,0,-0.00734746403477085,0,0,0,0,0,0,0.0416422853597211,-0.00188987535839194,0,0,0,-0.000142831542116203,0,0,0,0,0,0,0,0,0,0,0,0.0162307631892581,0,0,0,0,0,0,0,0.0127606751663253,0,0,0,0,0.000222375117057747,0,0,0,0,0,0,0,0,0,0,0,0,0,0,0,0,0,0,0,0,0,0,0,0.00158656483692804,0.0396956322277755,0.0168753777856649,0,0,0,-0.00764291414972417
NA,NA,NA,NA,NA,NA,NA,NA,NA,NA,NA,NA,NA,NA,NA,NA,NA,NA,NA,NA,NA,NA,NA,NA,NA,NA,NA,NA,NA,NA,NA,NA,NA,NA,NA,NA,NA,NA,NA,NA,NA,NA,NA,NA,NA,NA,NA,NA,NA,NA,NA,NA,NA,NA,NA,NA,NA,NA,NA,NA,NA,NA,NA,NA,NA,NA,NA,NA,NA,NA,NA,NA,NA,NA,NA,NA,NA,NA,NA,NA,NA,NA,NA,NA,NA,NA,NA,NA,NA,NA,NA,NA,NA,NA,NA,NA,NA,NA,NA,NA,NA,NA,NA,NA,NA,NA,NA,NA,NA,NA,NA,NA,NA,NA,NA,NA,NA,NA,NA,NA,NA,NA,NA,NA,NA,NA,NA,NA,NA,NA,NA,NA,NA,NA,NA,NA,NA,NA,NA,NA,NA,NA,NA,NA,NA,NA,NA,NA,NA,NA,NA,NA,NA,NA,NA,NA,NA,NA,NA,NA,NA,NA,NA,NA,NA,NA,NA,NA,NA,NA,NA,NA,NA,NA,NA,NA,NA,NA,NA,NA,NA,NA,NA,NA,NA,NA,NA
0.000734381801013758,0.443172218969049,0,0,0,0,0,0,0,0,0,0,0,0.00305819925450712,0,0,0,0,0,0,0,0,-0.0075189123602242,0,0,0,0,0,0,0.0609831369698102,0,0.00020629934806839,0,0.00643748603270352,0,0,0,0.0553782168185238,0,0.00382673754563933,0,0,0,0,0,0,0,-0.00577174361069717,0,0,0,0,0,0,0,0,-0.000829591103155892,0.0206710321299979,0,-0.0101963058250881,0,0,0,0,0,0,0,0,0.010988841580433,0,0,0,0,0,0,0,0,0,0,0,-0.0170287252859623,0,0,0,0,0,0,0.00764960661419325,-0.0216193602518249,-0.011365180351311,0,0,0,0,-0.0046218722652924,0,0,0,-0.010651578602373,0,0,0,0,0,0,0,0,0,0,0,0,0,-0.00775005851530487,0,0,0,0,0,0,-0.00330063196072339,0,0,0,0,0,0,0.035379478877857,-0.0046841482043661,0,0,0,0,0,0,0,0,0.000790686987005147,0,0,0,0,0,0,0.0139486753046077,0,0,0,0,0,0,0,0.0178649556202112,0,0,0,0,0,0,0,0,0,0,0,0,0,0,0,0,0,0,0,0,0,0,0,0,0,0,0,0,0.00269591130936182,0.0331208656671604,0.0164072545004512,0,0,0,-0.00634599386822879
NA,NA,NA,NA,NA,NA,NA,NA,NA,NA,NA,NA,NA,NA,NA,NA,NA,NA,NA,NA,NA,NA,NA,NA,NA,NA,NA,NA,NA,NA,NA,NA,NA,NA,NA,NA,NA,NA,NA,NA,NA,NA,NA,NA,NA,NA,NA,NA,NA,NA,NA,NA,NA,NA,NA,NA,NA,NA,NA,NA,NA,NA,NA,NA,NA,NA,NA,NA,NA,NA,NA,NA,NA,NA,NA,NA,NA,NA,NA,NA,NA,NA,NA,NA,NA,NA,NA,NA,NA,NA,NA,NA,NA,NA,NA,NA,NA,NA,NA,NA,NA,NA,NA,NA,NA,NA,NA,NA,NA,NA,NA,NA,NA,NA,NA,NA,NA,NA,NA,NA,NA,NA,NA,NA,NA,NA,NA,NA,NA,NA,NA,NA,NA,NA,NA,NA,NA,NA,NA,NA,NA,NA,NA,NA,NA,NA,NA,NA,NA,NA,NA,NA,NA,NA,NA,NA,NA,NA,NA,NA,NA,NA,NA,NA,NA,NA,NA,NA,NA,NA,NA,NA,NA,NA,NA,NA,NA,NA,NA,NA,NA,NA,NA,NA,NA,NA,NA
-0.000233577666831696,0.440632386273804,0,0,0,0,0,0,0,0,0,0,0,0,0,0,0,0,0,0,0,0,-0.00592725924890835,0,0,0,0,0,0,0.0564619366164425,0,0,0,0.00729876856571399,0,0.00156425254294077,0,0.05232554065496,0,0.00683744386431918,0,0,0,-0.00151402423831954,0,0,0,-0.00610919020525413,0,0,0,0,0,0,0,0,-0.00543493713670763,0.0191409313672661,0,-0.0101609582898768,-0.00331763345954834,0,0,0,0,0,0,0,0.00484769201032154,0,0,0,0,0,0,0,0,0,0,0,-0.0171569578011637,0,0,0,0,0,0,0.014442851578492,-0.020038164296327,-0.0101170278296589,0,0,0,0,-0.00480340804029576,0,0,0,-0.00634025110768225,0,0,0,0,0,0,0,0,0,0,0,0,0,-0.00706867545730254,0,0,0,0,0,0,0,0,0,0,0,0,0,0.0404353904828648,-0.00345578190724448,0,0,0,0,0,0,0,0,0.00247717972932235,0,0,0,0,0,0,0.00866391851407999,0,0,0,0,0,0,0,0.0106404553428121,0,0,0,0,0,0,0,0,0,0,0,0,0,0,0,0,0,0,0,0,0,0,0,0,0,0,0,0,0,0.0297873551193944,0.0174202345358587,0,0,0,-0.00469317050509394
0.00108001612858542,0.457717141777664,0,0,0,0,0,0,0,0,0,0,0,0,0,0,0,0,0,0,0,0,-0.0037913038285534,0,0,0,0,0,0,0.0698001027758091,0,0.000429706146835762,0,0.00555747362798145,0,0,0,0.0461479284675902,0,0.00931097843419307,0,0,0,-0.00181259731033837,0,0,0,-0.00747442914881998,0,0,0,0,0,0,0,0,-0.0012277111488525,0.0237705212403121,0,-0.00479363952918579,0,0,0,0,0,0,0,0,0.00874502879419776,0,0,0,0,0,0,0,0,0,0,0,-0.014610762849274,0,0,0,0,0,0,0.0162949832015632,-0.0200250493991657,-0.00914056297352302,0,0,0,0,-0.00716011513934789,0,0,0,-0.00915999071713225,0,0,0,0,0,0,0,0,0,0,0,0,0,-0.00842876567880642,0,0,0,0,0,0,-0.00160382026484516,0,0,0,0,0,0,0.031703239445207,0,0,0,0,0,0,0,0,0,0,0,0,0,0,0,0,0.00860825365508923,0,0,0,0,0,0,0,0.0148460811309853,0,0,0,0,0,0,0,0,0,0,0,0,0,0,0,0,0,0,0,0,0,0,0,0,0,0,0,0,0.00920346569869916,0.0190562737966375,0.00559998011435754,0,0,0,-0.000422849450915205
0.00211100123720576,0.464290436540906,0,0,0,0,0,0,0,0,0,0,0,0.00959730227808524,0,0,0,0,0,0,0,0,-0.0140143368305254,0,0,0,0,0,0,0.0659693255420624,0,0.000200189560953549,0,0.00220086251154637,0,0,0,0.0471400296609321,0,0.00254145740059507,-0.000401602155046466,0,0,-0.00593070686762497,0,0,0,-0.00689350357820635,0,0,0,0,0,0,0,0,-0.00326752597411372,0.0221197782402845,0,-0.0083331990524721,0,0,0,0,0,0,0,0,0.0106076040267741,0,0,0,0,0,0,0,0,0,0,0,-0.0215923165120061,0,0,0,0,0,0,0.0167608416859047,-0.0253833449487858,-0.0137731025867362,0,0,0,0,-0.00520098053317172,0,0,0,-0.00491856334250583,0,0,0,0,0,0,0,0,0,0,0,0,0,-0.00314919402224089,0,0,0,0,0,0,-0.00223015625747927,0,0,0,0,0,0,0.0371663869224481,0,0,0,0,-0.000697019031757171,0,0,0,0,0,0,0,0,0,0,0,0.0204553669771797,0.00159404650718144,0,0,0,0,0,0,0.0190381626049209,0,0,0,0,0,0,0,0,0,0,0,0,0,0,0,0,0,0,0,0,0,0,0,0,0,0,0,0,0.0100973176207121,0.0327812478904754,0.00550138890105984,0,0,0,-0.00312790127671515
0.000922010570217272,0.4757212669141,0,0,0,0,0,0,0,0,0,0,0,0,0,0,0,0,0,0,0,0,-0.00665585782849848,0,0,0,0,0,0,0.0754974318145958,0,0,0,0.00226622940784957,0,0,0,0.0365255247782076,0,0.00326199762397052,0,0,0,-0.00816332770902641,0,0,0,-0.00982641122031325,0,0,0,0,0,0,0,0,-0.00407533119102425,0.021078931637874,0,-0.00685642875073484,0,0,0,0,0,0,0,0,0.00536969440363207,0,0,0,0,0,0,0,0,0,0,0,-0.0187606879239534,0,0,0,0,0,0,0.00607176174270116,-0.0185437473308009,-0.00924732942143968,0,0,0,0,-0.00662853487698879,0,0,0,-0.00606707590569679,0,0,0,0,0,0,0,0,0,0,0,0,0,-0.00646704930836148,0,0,0,0,0,0,0,0,0,0,0,0,0,0.0268562512625656,-0.00191910124048415,0,0,0,0,0,0,0,0,0,0,0,0,0,0,0,0.00766676070165903,0,0,0,0,0,0,0,0.0258786025477245,0,0,0,0,0,0,0,0,0,0,0,0,0,0,0,0,0,0,0,0,0,0,0,0,0,0,0,0,0.0231938581352681,0.0215828675311864,0,0,0,0,0
0.00186796116141396,0.462345142631297,0,0,0,0,0,0,0.000380975251600526,0,0,0,0,0.00170757097635234,0,0,0,0,0,0,0,0,-0.00698618550136253,0,0,0,0,0.00136324362863632,0,0.0800696722711787,0,0.00045685845723547,0,0,0,0,0,0.0457035120095465,0,0.00621913429379702,0,0,0,-0.00871958672210133,0,0,0,-0.00330065732540146,0,0,0,0,0,0,0,0,0,0.028284929975566,0,-0.00749559687610624,0,0,0,0,0,0,0,0,0.00808629484537511,0,0,0,0,0,0,0,0,0,0,0,-0.0113000470902938,0,0,0,0,-0.00279075533485897,0,0.00929007968074459,-0.0306433094112653,-0.0143904966333173,0,0,0,0,-0.0127736972372289,0,0,0,-0.0150276744929957,0,0,0,0,0,0,0,0,0,0,0,0,0,-0.00493330424361407,0,0,0,0,0,0,-0.00190844933433456,0,0,0,0,0,0,0.030263730419804,-0.0024166993042304,0,0.00114748750395983,0,0,0,0,0,0,0,0,0,0,0,0,0,0.00593287548542314,0,0,0,0,0,0,0,0.0165980987523193,0,0,0,0,0,0,0,0,0,0,0,0,0,0,0,0,0,0,0,0,0,0,0,0,0,0,0,0,0.0261649676970669,0.0174682395854313,0.015564028884614,0,0,0,0
0.00148171797206454,0.449073391310266,0,0,0,0,0,0,0,0,0,0,0,0.00334315561330588,0,0,0,0,0,0,0,0,-0.00508803414221214,0,0,0,0,0.00378893826892311,0,0.0770036580803951,0,0,0,0,0,0.00520202306339033,0,0.0494685231971004,0,0.010423819488534,0,0,0,-0.00860557129087548,0,0,0,-0.0146461716999854,0,0,0,0,0,0,0,0,0,0.0256820330230336,0,-0.00539996682121268,0,0,0,0,0,0,0,0,0.00549429343249458,0,0,0,0,0,0,0,0,0,0,0,-0.00618894478126463,0,0,0,0,-0.00219527301582284,0,0.0124760304767557,-0.0222025622414819,-0.0136959969588685,0,0,0,0,-0.00918696616535044,0,0,0,-0.0139752815784115,0,0,0,0,0,0,0,0,0,0,0,0,0,-0.00112377804329849,0,0,0,0,0,0,-0.0056305148471905,0,0,0,0,0,0,0.0326322823865623,-0.00622283524733381,0,0.0043991146464721,0,0,0,0,0,0,0,0,0,0,0,0,0,0.0033827819699476,0,0,0,0,0,0,0,0.0110938229351808,0,0,0,0,0,0,0,0,0,0,0,0,0,0,0,0,0,0,0,0,0,0,0,0,0,0,0,0,0.0172836664070519,0.0278329799910654,0.034054548528991,0,0,0,0
0.00128132710068151,0.446907173338926,0,0,0,0,0,0,0,0,0,0,0,0,0,0,0,0,0,0,0,0,-0.00293241600777454,0,0,0,0,0.00479910887793709,0,0.0747663822302157,0,0.00490661992895576,0,0,0,0.0050160529993841,0,0.041174488471629,0,0.011462275316144,0,0,0,-0.0115353640021349,0,0,0,-0.00815656457510474,0,0,0,0,0,0,0,0,0,0.0266756510649402,0,-0.000932770519424782,0,0,0,0,0,0,0,0,0.00206217571641001,0,0,0,0,0,0,0,0,0,0,0,-0.00989245277074448,0,0,0,0,-0.00351395907780799,0,0.0106525169612389,-0.0236972050560231,-0.0124077884813824,0,0,0,0,-0.00729643856370423,0,0,0,-0.0132656022190827,0,0,0,0,0,0,0,0,0,0,0,0,0,-0.00440408902341476,0,0,0,0,0,0,-0.00836754346878701,0,0,0,0,0,0,0.0328222614103611,-0.00717030295106215,0,0.00651326616719485,0,0,0,0,0,0,0,0,0,0,0,0,0,0.00630587929209084,0,0,0,0,0,0,0,0.0127758339196481,0,0,0,0,0,0,0,0,0,0,0,0,0,0,0,0,0,0,0,0,0,0,0,0,0,0,0,0,0.017420247645069,0.0105516219730675,0.0286808947050468,0,0,0,0
0.00173709679104836,0.464370289603122,0,0,0,0,0,0,0,0,0,0,0,0,0,0,0,0,0,0,0,0,-0.00287056188370772,0,0,0,0,0.00345576736010849,0,0.0825998831659018,0,0.00289098255483411,0,0,0,0,0,0.0388392484136559,0,0.00646452485242636,0,0,0,-0.0121538845005397,0,0,0,-0.0103961230308876,0,0,0,0,0,0,0,0,0,0.0288998071144345,0,-0.000989484791395001,0,0,0,0,0,0,0,0,0.00466463998145855,0,0,0,0,0,0,0,0,0,0,0,-0.00923974977539683,0,0,0,0,-0.0037774712061293,0,0.00764628663992564,-0.0183671812653858,-0.0109757721119191,0,0,0,0,-0.00969632336464582,0,0,0,-0.0104070011374354,0,0,0,0,0,0,0,0,0,0,0,0,0,-0.00448984771015307,0,0,0,0,0,0,-0.00944102990115271,0,0,0,0,0,0,0.0297063489713756,-0.00418832419887829,0,0.00221645768815341,0,0,0,0,0,0,0,0,0,0,0,0,0,0.00437168220948405,0,0,0,0,0,0,0,0.0198301509920968,0,0,0,0,0,0,0,0,0,0,0,0,0,0,0,0,0,0,0,0,0,0,0,0,0,0,0,0,0.0260503752769147,0.00323527611298919,0.0135995249260896,0,0,0,0
0.00160217870298426,0.468553907418428,0,0,0,0,0,0,0,0,0,0,0,0.00198783883946088,0,0,0,0,0,0,0,0,-0.00438480580765517,0,0,0,0,0.00554056883043349,0,0.0826786138067608,0,0.00313660449128379,0,0.000993713331541975,0,0,0,0.0450482542492974,0,0.0110231814141436,0,0,0,-0.00929920616923193,0,0,0,-0.00781351345300072,0,0,0,0,0,0,0,0,0,0.0267445029253806,0,-0.00451803414526465,0,0,0,0,0,0,0,0,0.0087145908759419,0,0,0,0,0,0,0,0,0,0,0,-0.00387247320269531,0,0,0,0,-0.00378167561749425,0,0.0123467448588597,-0.025323370838912,-0.00990501793522363,0,0,0,0,-0.00810567748735599,0,0,0,-0.00521068313812065,0,0,0,0,0,0,0,0,0,0,0,0,0,-0.00726950751391297,0,0,0,0,0,0,-0.00647977494215821,0,0,0,0,0,0,0.0314921071365764,-0.00931898093345036,0,0,0,0,0,0,0,0,0,0,0,0,0,0,0,0.0048261133703813,0,0,0,0,0,0,0,0.0135066857613902,0,0,0,0,0,0,0,0,0,0,0,0,0,0,0,0,0,0,0,0,0,0,0,0,0,0,0,0,0.0270518329784439,0.00506493542271909,0.0175728305589876,0,0,0,0
0.0025184895122784,0.466077901054997,0,0,0,0,0,0,0,0,0,0,0,0,0,0,0,0,0,0,0,0,-0.00920091512517293,0,0,0,0,0.00769873916008352,0,0.0879030449883685,0,0.00270878759077417,0,0.000190370133265426,0,0,0,0.039686901882751,0,0.0121374477685589,0,0,0,-0.0111470021191881,0,0,0,-0.00531513781260263,0,0,0,0,0,0,0,0,0,0.0245403185888098,0,-0.00405123248538672,0,0,0,0,0,0,0,0,0.00054144290039175,0,0,0,0,0,0,0,0,0,0,0,-0.00586834679323669,0,0,0,0,-0.0019513143885935,0,0.00830099966983044,-0.0202554688154147,-0.0124036797769566,0,0,0,0,-0.00710108820299424,0,0,0,-0.00939108885237557,0,0,0,0,0,0,0,0,0,0,0,0,0,-0.00488249281132312,0,0,0,0,0,0,-0.00984191710523153,0,0,0,0,0,0,0.0315068640861533,-0.00518705794306343,0,0,0,0,0,0,0,0,0,0,0,0,0,0,0,0.00253726286832437,0,0,0,0,0,0,0,0.0159651774460686,0,0,0,0,0,0,0,0,0,0,0,0,0,0,0,0,0,0,0,0,0,0,0,0,0,0,0,0,0.030364149970483,0.0156094141626186,0.0132033569430998,0,0,0,0
0.00161610205438745,0.45677666054154,0,0,0,0,0,0,0,0,0,0,0,0.000249478011810692,0,0,0,0,0,0,0,0,-0.00951332316009072,0,0,0,0,0.00197419143490355,0,0.0666466857275549,0,0.00227277859928297,0,0.00294200556036048,0,0,0,0.050940286887517,0,0.00870976977843869,0,0,0,-0.00510690467293148,0,0,0,-0.00409838544399461,0,0,0,0,0,0,0,0,0,0.0254694542700194,0,-0.00723135113205278,0,0,0,0,0,0,0,0,0.00902319650576673,0,0,0,0,0,0,0,0,0,0,0,-0.00932177724536796,0,0,0,0,0,0,0.0138739428642989,-0.0224412193583179,-0.0116284175203199,0,0,0,0,-0.00941556033120692,0,0,0,-0.00551632231384371,0,0,0,0,0,0,0,0,0,0,0,0,0,-0.00712443544066236,0,0,0,0,0,0,-0.00996997987308488,0,0,0,0,0,0,0.0366217098187098,-0.00256014226504178,0,0,0,0,0,0,0,0,0,0,0,0,0,0,0,0.00736324392227771,0,0,0,0,0,0,0,0.0138769005958831,0,0,0,0,0,0,0,0,0,0,0,0,0,0,0,0,0,0,0,0,0,0,0,0,0,0,0,0,0.0103183938341075,0.0130890629301384,0.0238330897992373,0,0,0,0
0.00207147189578141,0.454544338127299,0,0,0,0,0,0,0,0,0,0,0,0,0,0,0,0,0,0,0,0,-0.00743230821200692,0,0,0,0,0.00485843138259248,0,0.0767181210969426,0,0.00568445667820492,0,0,0,0,0,0.0526086038874269,0,0.0114325308909744,0,0,0,-0.00827396852478536,0,0,0,-0.0102443276874173,0,0,0,0,0,0,0,0,0,0.0258849452713012,0,-0.00579076819504554,0,0,0,0,0,0,0,0,0.00263576160272942,0,0,0,0,0,0,0,0,0,0,0,-0.00685633555252781,0,0,0,0,-0.00322768286865961,0,0.0115099010643795,-0.022096855279791,-0.0121963909290129,0,0,0,0,-0.00643567949323261,0,0,0,-0.0104144474242595,0,0,0,0,0,0,0,0,0,0,0,0,0,-0.00604875906674068,0,0,0,0,0,0,-0.0123213939349026,0,0,0,0,0,0,0.0333498314556024,-0.00485906368864808,0,0.00309101157388266,0,0,0,0,0,0,0,0,0,0,0,0,0,0.0023805873790294,0,0,0,0,0,0,0,0.0112450354334692,0,0,0,0,0,0,0,0,0,0,0,0,0,0,0,0,0,0,0,0,0,0,0,0,0,0,0,0,0.0194614503953927,0.0091100600370825,0.0296959523966877,0,0,0,0
0.00190650725005988,0.459076533889336,0,0,0,0,0,0,0,0,0,0,0,0,0,0,0,0,0,0,0,0,-0.00913040733540107,0,0,0,0,0.00484625032796546,0,0.0805016002949921,0,0.00104592121110399,0,0.000315407494477377,0,0,0,0.0509184719095185,0,0.0130550207850041,0,0,0,-0.00812454355205975,0,0,0,-0.00477279263093466,0,0,0,0,0,0,0,0,0,0.0242409504579606,0,-0.000303681290235156,0,0,0,0,0,0,0,0,0.00495425473578385,0,0,0,0,0,0,0,0,0,0,0,-0.00488089531696063,0,0,0,0,-0.0020040375341015,0,0.0103378973518325,-0.01518205189744,-0.0128836941633886,0,0,0,0,-0.0116468544919822,0,0,0,-0.0124796116231967,0,0,0,0,0,0,0,0,0,0,0,0,0,-0.00797705740787324,0,0,0,0,0,0,-0.0128555062309987,0,0,0,0,0,0,0.0295492840786053,-0.00412898492497167,0,0,0,0,0,0,0,0,0,0,0,0,0,0,0,0,0,0,0,0,0,0,0,0.0118468211539765,0,0,0,0,0,0,0,0,0,0,0,0,0,0,0,0,0,0,0,0,0,0,0,0,0,0,0,0,0.0198741888677781,0.011229954322188,0.0252265784025199,0,0,0,0
0.00113051877436753,0.472326161503393,0,0,0,0,0,0,0,0,0,0,0,0,0,0,0,0,0,0,0,0,-0.00799579144443031,0,0,0,0,0.00183984962455724,0,0.0786725471687251,0,0.00153228211278733,0,0.0038728515307884,0,0,0,0.0419607411320431,0,0.0126453722627837,0,0,0,-0.00571827234167676,0,0,0,-0.00699219582064717,0,0,0,0,0,0,0,0,0,0.0214525175470146,0,-0.00979797036454359,0,0,0,0,0,0,0,0,0.00154530122020124,0,0,0,0,0,0,0,0,0,0,0,-0.0037152327336262,0,0,0,0,0,0,0.0100145085667863,-0.0287394367053666,-0.00907070532973692,0,0,0,0,-0.00545160447845526,0,0,0,-0.0125804838876214,0,0,0,0,0,0,0,0,0,0,0,0,0,-0.0032742443563216,0,0,0,0,0,0,-0.00476548165165791,0,0,0,0,0,0,0.028590957778754,-0.00626066775917261,0,0,0,0,0,0,0,0,0,0,0,0,0,0,0,0.0000527069989116263,0,0,0,0,0,0,0,0.0179123470866257,0,0,0,0,0,0,0,0,0,0,0,0,0,0,0,0,0,0,0,0,0,0,0,0,0,0,0,0,0.0242033670948954,0.0119812482524685,0.00945899556197703,0,0,0,0
0.00096997548829956,0.467607542301608,0,0,0,0,0,0,0,0,0,0,0,0,0,0,0,0,0,0,0,0,-0.00713480806732016,0,0,0,0,0.00289819656852173,0,0.0798704933338034,0,0,0,0.00200071394091015,0,0,0,0.0370881001453423,0,0.00940574923343383,0,0,0,-0.00400571716183894,0,0,0,-0.00338957890879046,0,0,0,0,0,0,0,0,-0.000844043835841863,0.021737098768482,0,-0.0027256045832702,0,0,0,0,0,0,0,0,0,0,0,0,0,0,0,0,0,0,0,0,-0.00914817010194185,0,0,0,0,0,0,0.0050170045001484,-0.0173152618497288,-0.0116142437203122,0,0,0,0,-0.00705851359117984,0,0,0,-0.0124915711654118,0,0,0,0,0,0,0,0,0,0,0,0,0,-0.00689966836064437,0,0,0,0,0,0,-0.00869118840768982,0,0,0,0,0,0,0.0284277154114663,-0.00156673514437783,0,0,0,0,0,0,0,0,0,0,0,0,0,0,0,0.000230331632808982,0,0,0,0,0,0,0,0.00974249165657169,0,0,0,0,0,0,0,0,0,0,0,0,0,0,0,0,0,0,0,0,0,0,0,0,0,0,0,0,0.0237260509647419,0.0169318823201485,0.0100250639622873,0,0,0,0
0.000181148797411221,0.457121646811688,0,0,0,0,0,0,0,0,0,0,0,0,0,0,0,0,0,0,0,0,-0.00769547540783322,0,0,0,0,0.00118902275009996,0,0.0807450969087718,0,0,0,0.00430424344167743,0,0,0,0.0464140405009267,0,0.0121647476966979,0,0,0,-0.00113309440345895,0,0,0,-0.0047330783296014,0,0,0,0,0,0,0,0,0,0.0198076129916155,0,-0.00734596346662394,0,0,0,0,0,0,0,0,0.00364681068980831,0,0,0,0,0,0,0,0,0,0,0,-0.00795692271410683,0,0,0,0,0,0,0.0112673303749787,-0.0184446345928256,-0.0100200780205986,0,0,0,0,-0.00262662362950929,0,0,0,-0.00950095685154375,0,0,0,0,0,0,0,0,0,0,0,0,0,-0.00697119583009224,0,0,0,0,0,0,-0.00326990615570321,0,0,0,0,0,0,0.0358770323817031,-0.000476690102489147,0,0,0,0,0,0,0,0,0,0,0,0,0,0,0,0.00441450804008721,0,0,0,0,0,0,0,0.0107528055533708,0,0,0,0,0,0,0,0,0,0,0,0,0,0,0,0,0,0,0,0,0,0,0,0,0,0,0,0,0.0151399974445865,0.0177499686316561,0.0112268331409727,0,0,0,0
-0.000561887310670096,0.468992350592756,0,0,0,0,0,0,0,0,0,0,0,0,0,0,0,0,0,0,0,0,-0.00650961096069924,0,0,0,0,0,0,0.0685785469253744,0,0,0,0.00770756181853221,0,0,0,0.0391385412567843,0,0.00809850723987509,0,0,0,-0.00123599764901263,0,0,0,-0.00827394711200195,0,0,0,0,0,0,0,0,-0.00110594061714704,0.0196320424386162,0,-0.00492633982849305,0,0,0,0,0,0,0,0,0.00102961545964888,0,0,0,0,0,0,0,0,0,0,0,-0.00780528766287558,0,0,0,0,0,0,0.00933893240677123,-0.0140284002026653,-0.00785792985317676,0,0,0,0,-0.00618082514487692,0,0,0,-0.0108740612840824,0,0,0,0,0,0,0,0,0,0,0,0,0,-0.00802760703577286,0,0,0,0,0,0,-0.0000393977796577455,0,0,0,0,0,0,0.0285519731083003,-0.00447182002223988,0,0,0,0,0,0,0,0,0,0,0,0,0,0,0,0.00163597900678664,0,0,0,0,0,0,0,0.00966609497947463,0,0,0,0,0,0,0,0,0,0,0,0,0,0,0,0,0,0,0,0,0,0,0,0,0,0,0,0,0.0136619032127193,0.013323792261038,0.0037900229475685,0,0,0,0
-0.0013434283606181,0.416088668610218,0,0,0,0,0,0,0,0,0,0,0,0,0,0,0,0,0,0,0,0,-0.00659480522372723,0,0,0,0,0,0,0.0573103772386203,0,0,0,0.00274684522888412,0,0.0105295993182525,0,0.0506352284842588,0,0.0149374243781126,0,0,0,0,0,0,0,-0.00425989873193909,0,0,0,0,0,0,0,0,-0.00589375334526967,0.0212225903904354,0,-0.00636238796377432,0,0,0,0,0,0,0,0,0.0026231269322918,0,0,0,0,0,0,0,0,0,0,0,-0.0115194478530034,0,0,0,0,0,0,0.0176361198619634,-0.0204072341737709,-0.00910438711990118,0,0,0,0,-0.00888904980669543,0,0,0,-0.0130537395998362,0,0,0,0,0,0,0,0,0,0,0,0,0,-0.00944218847006088,0,0,0,0,0,0,-0.00335001529510197,0,0,0,0,0,0,0.0388305187261445,0,0,0.00466386597342354,0,0,0,0,0,0,0,0,0,0,0,0,0,0.00774100168905423,0,0,0,0,0,0,0,0.00241835440243113,0,0,0,0,0,0,0,0,0,0,0,0,0,0,0,0,0,0,0,0,0,0,0,0,0,0,0,0,0,0.0177549064387976,0.0295652869826057,0,0,0,0
-0.00226966386847598,0.444723944727937,0,0,0,0,0,0,0,0,0,0,0,0,0,0,0,0,0,0,0,0,-0.0078138089434454,0,0,0,0,0,0,0.0532621220499159,0,0,0,0.00749274444368505,0,0,0,0.0449295303339752,0,0.0120828769418502,0,0,0,-0.000162637345257,0,0,0,-0.00373666145692994,0,0,0,0,0,0,0,0,-0.00343270769457714,0.0163204505822668,0,-0.00539310653937551,0,0,0,0,0,0,0,0,0.00335945351766518,0,0,0,0,0,0,0,0,0,0,0,-0.0144574528358348,0,0,0,0,0,0,0.0131511087451535,-0.0132140075937008,-0.00714515265627239,0,0,0,0,-0.00120803785462757,0,0,0,-0.0118052238415675,0,0,0,0,0,0,0,0,0,0,0,0,0,-0.00981718327075184,0,0,0,0,0,0,0,0,0,0,0,0,0,0.0353920205701585,0,0,0,0,0,0,0,0,0,0.000470018026896006,0,0,0,0,0,0,0.00866644133217891,0,0,0,0,0,0,0,0.00840506071393694,0,0,0,0,0,0,0,0,0,0,0,0,0,0,0,0,0,0,0,0,0,0,0,0,0,0,0,0,0,0.017996990235223,0,0,0,0,0
-0.000288114911888048,0.441694356823102,0,0,0,0,0,0,0,0,0,0,0,0,0,0,0,0,0,0,0,0,-0.0127008198801696,0,0,0,0,0,0,0.0623871821068475,0,0,0,0.00180874547448104,0,0.00379611199994132,0,0.0514958891420823,0,0.0128486955923197,0,0,0,0,0,0,0,-0.000825216994075177,0,0,0,0,0,0,0,0,-0.000744873875013026,0.0178789659137788,0,-0.00797542293803219,0,0,0,0,0,0,0,0,0.000642281374050936,0,0,0,0,0,0,0,0,0,0,0,-0.0116893536305698,0,0,0,0,0,0,0.0117206386459017,-0.0161647672596812,-0.010208805174129,0,0,0,0,-0.000680052420866036,0,0,0,-0.0124785096758631,0,0,0,0,0,0,0,0,0,0,0,0,0,-0.0093825387494657,0,0,0,0,0,0,-0.00358710032339413,0,0,0,0,0,0,0.0356146650866641,-0.00263742275242836,0,0,0,0,0,0,0,0,0,0,0,0,0,0,0,0.00687426548325587,0,0,0,0,0,0,0,0.00516822093018258,0,0,0,0,0,0,0,0,0,0,0,0,0,0,0,0,0,0,0,0,0,0,0,0,0,0,0,0,0.00271345318018392,0.0259070938802376,0.0205845998533212,0,0,0,0
-0.00063629150333787,0.445350558882357,0,0,0,0,0,0,0,0,0,0,0,0,0,0,0,0,0,0,0,0,-0.0113497260060736,0,0,0,0,0,0,0.0626337354240069,0,0,0,0.0117202959652945,0,0,0,0.0443916446539177,0,0.0150551980235587,0,0,0,0,0,0,0,-0.00355644689481468,0,0,0,0,0,0,0,0,-0.00691581655121184,0.0122045392219759,0,-0.00424961379441852,0,0,0,0,0,0,0,0,0.00121013220239605,0,0,0,0,0,0,0,0,0,0,0,-0.013975466553141,0,0,0,0,0,0,0.0124807359151899,-0.0164404262509406,-0.00801114110735022,0,0,0,0,0,0,0,0,-0.0104407086636849,0,0,0,0,0,0,0,0,0,0,0,0,0,-0.0114730064809635,0,0,0,0,0,0,0,0,0,0,0,0,0,0.0351381248512424,0,0,0,0,0,0,0,0,0,0.00129583807761434,0,0,0,0,0,0,0.0037638798869012,0,0,0,0,0,0,0,0.0110188612728776,0,0,0,0,0,0,0,0,0,0,0,0,0,0,0,0,0,0,0,0,0,0,0,0,0,0,0,0,0.00554741778753735,0.0296637296805021,0,0,0,0,0
-0.00138489398307759,0.468361379890665,0,0,0,0,0,0,0,0,0,0,0,0,0,0,0,0,0,0,0,0,-0.00410288366934573,0,0,0,0,0,0,0.0582858651434214,0,0,0,0.00686423399244986,0,0,0,0.0374495856129145,0,0.0129962955963443,0,0,0,-0.00174662949029811,0,0,0,-0.00657527650875573,0,0,0,0,0,0,0,0,-0.00624241042421981,0.0150055260927783,0,-0.00300271614037018,0,0,0,0,0,0,0,0,0.00431785902878828,0,0,0,0,0,0,0,0,0,0,0,-0.0126729597553292,0,0,0,0,0,0,0.00869480032397722,-0.0147491833817834,-0.00490438625760316,0,0,0,0,-0.00422662646194699,0,0,0,-0.00827853176568743,0,0,0,0,0,0,0,0,0,0,0,0,0,-0.0104700750698309,0,0,0,0,0,0,0,0,0,0,0,0,0,0.0291320121401089,0,0,0,0,0,0,0,0,0,0.000975170722058852,0,0,0,0,0,0,0.00670319039662193,0.00254731955235109,0,0,0,0,0,0,0.0133184200376129,0,0,0,0,0,0,0,0,0,0,0,0,0,0,0,0,0,0,0,0,0,0,0,0,0,0,0,0,0,0.0157713992448435,0,0,0,0,0
-0.00123839157217255,0.450645138366504,0,0,0,0,0,0,0,0,0,0,0,0,0,0,0,0,0,0,0,0,-0.0148576730873954,0,0,0,0,0,0,0.0507036099424967,0,0,0,0.00505670894087802,0,0.00196123336920652,0,0.0356933133026122,0,0.0135085994397197,0,0,0,-0.00433768763576372,0,0,0,-0.00117791219212923,0,0,0,0,0,0,0,0,-0.0051854433099885,0.0135099404869949,0,-0.00674981407625197,0,0,0,0,0,0,0,0,0.000877444668885107,0,0,0,0,0,0,0,0,0,0,0,-0.011229999101122,0,0,0,0,0,0,0.011816961049281,-0.0110295401393412,-0.00707684551121744,0,0,0,0,-0.00146886135077681,0,0,0,-0.0109534575429291,0,0,0,0,0,0,0,0,0,0,0,0,0,-0.0128177338902337,0,0,0,0,0,0,0,0,0,0,0,0,0,0.0353408443093512,0,0,0,0,0,0,0,0,0,0,0,0,0,0,0,0,0.00346586996556386,0,0,0,0,0,0,0,0.00579606140947498,0,0,0,0,0,0,0,0,0,0,0,0,0,0,0,0,0,0,0,0,0,0,0,0,0,0,0,0,0,0.0220174554366559,0,0,0,0,-0.00272584757999626
-0.00153201945843053,0.480877357368483,0,0,0,0,0,0,0,0,0,0,0,0,0,0,0,0,0,0,0,0,-0.0263573939796904,0,0,0,0,0,0,0.0393583464096187,0,0,0,0.00826553006580292,0,0,0,0.0397462759823856,0,0.00568048174190284,-0.00489802715179156,0,0,-0.00189992961099716,0,0,0,0,0,0,0,0,0,0,0,0,-0.00779052463541394,0.0124818730343654,0,0,0,0,0,0,0,0,0,0,0.00522340899080781,0,0,0,0,0,0,0,0,0,0,0,-0.0115267400833558,0,0,0,0,0,0,0.0138410636093392,-0.00726336699310047,-0.00434644119707546,0,0,0,0,0,0,0,0,-0.00216208203092792,0,0,0,0,0,0,0,0,0,0,0,0,0,-0.0127751776608037,0,0,0,0,0,0,0,0,0,0,0,0,0,0.0337263167999822,0,0,0,0,0,0,0,0,0,0,0,0,0,0,0,0,0.00859867258642616,0,0,0,0,0,0,0,0.00329426166086815,0,0,0,0,0,0,0,0,0,0,0,0,0,0,0,0,0,0,0,0,0,0,0,0,0,0,0,0,0,0.0339623547802169,0,0,0,0,-0.0118375346122763
-0.00228876069784438,0.484797341971858,0,0,0,-0.00183357230982596,0,0,0,0,0,0,0,0,0,0,0,0,0,0,0,0,-0.0152822502668683,0,0,0,0,0,0,0.0444818403495175,0,0,0,0.00212299950588028,0,0,0,0.0308893611067027,0,0.00633804183412895,-0.000270587158793785,0,0,-0.00941913127391534,0,0,0,0,0,0,0,0,0,0,0,0,-0.00771602725011356,0.0137534588080756,0,0,0,0,0,0,0,0,0,0,0.000374929955615647,0,0,0,0,0,0,0,0,0,0,0,-0.0157971573093621,0,0,0,0,0,0,0.00562931663619798,-0.00417749613787195,-0.00563154864813866,0,0,0,0,-0.000215112084492867,0,0,0,-0.00885328918594693,0,0,0,0,0,0,0,0,0,0,0,0,0,-0.014285757800203,0,0,0,0,0,0,0,0,0,0,0,0,0,0.0237990222305795,0,0,0,0,0,0,0,0,0,0.00248096963704308,0,0,0,0,0,0,0.00670744137097483,0.00361300537543434,0,0,0,0,0,0,0.00755630378277825,0,0,0,0,0,0,0,0,0,0,0,0,0,0,0,0,0,0,0,0,0,0,0,0,0,0,0,0,0,0.0241123426164995,0,0,0,0,-0.00929697939162478
-0.00198861000344469,0.50432068523801,0,0,0,-0.00316537217453742,0,0,0,0,0,0,0,0,0,0,0,0,0,0,0,0,-0.0222871787395284,0,0,0,0,0,0,0.0399869086190151,0,0,0,0.000187387610208901,0,0,0,0.0273754454152241,0,0.00577020156712973,-0.0025268524803744,0,0,-0.00634603405963267,0,0,0,0,0,0,0,0,0,0,0,0,-0.00973683138802634,0.0131557553020617,0,0,0,0,0,0,0,0,0,0,0,0,0,0,0,0,0,0,0,0,0,0,-0.0145600198675237,0,0,0,0,0,0,0.00512782544054283,-0.00232427873465264,-0.00478401928678074,0,0,0,0,0,0,0,0,-0.00514376510212512,0,0,0,0,0,0,0,0,0,0,0,0,0,-0.0188505260782015,0,0,0,0,0,0,0,0,0,0,0,0,0,0.0240336192623442,0,0,0,0,0,0,0,0,0,0.00126725184219753,0,0,0,0,0,0,0.00524205677283984,0.00149608366552795,0,0,0,0,0,0,0.0108967108712887,0,0,0,0,0,0,0,0,0,0,0,0,0,0,0,0,0,0,0,0,0,0,0,0,0,0,0,0,0,0.0269794711671562,0,0,0,0,-0.0108396375827388
-0.00142921884966163,0.479947051597966,0,0,0,0,0,0,0,0,0,0,0,0,0,0,0,0,0,0,0,0,-0.0210963552909465,0,0,0,0,0,0,0.0450736643707208,0,0,0,0.00732120677898431,0,0,0,0.0357146741567246,0,0.00872307656532306,-0.00332762011131978,0,0,-0.00025381582059552,0,0,0,0,0,0,0,0,0,0,0,0,-0.00851499876317434,0.0140169963297695,0,-0.000339986717895387,0,0,0,0,0,0,0,0,0.00321545753851788,0,0,0,0,0,0,0,0,0,0,0,-0.010282908421714,0,0,0,0,0,0,0.00782710122392635,-0.00664162099559907,-0.00499623037173201,0,0,0,0,0,0,0,0,-0.00359294677296271,0,0,0,0,0,0,0,0,0,0,0,0,0,-0.0200569447388122,0,0,0,0,0,0,0,0,0,0,0,0,0,0.0285424134067217,0,0,0,0,0,0,0,0,0,0,0,0,0,0,0,0,0.00399099357224959,0,0,0,0,0,0,0,0.00718608674763426,0,0,0,0,0,0,0,0,0,0,0,0,0,0,0,0,0,0,0,0,0,0,0,0,0,0,0,0,0,0.0310929677953124,0,0,0,0,-0.0111459045107991
-0.000867827452149729,0.466826342234695,0,0,0,0,0,0,0,0,0,0,0,0,0,0,0,0,0,0,0,0,-0.0214851259723079,0,0,0,0,0,0,0.0456768617232953,0,0,0,0.00869677845040595,0,0,0,0.0424569787193116,0,0.0097559727208128,-0.00584890032752254,0,0,0,0,0,0,0,0,0,0,0,0,0,0,0,-0.00921625022664695,0.0140097912739982,0,-0.00156556970356873,0,0,0,0,0,0,0,0,0.00820571035457998,0,0,0,0,0,0,0,0,0,0,0,-0.0112407063461907,0,0,0,0,0,0,0.00811155625551302,-0.0107508735323769,-0.0053288325708936,0,0,0,0,0,0,0,0,-0.00392285616178715,0,0,0,0,0,0,0,0,0,0,0,0,0,-0.0213795050796888,0,0,0,0,0,0,0,0,0,0,0,0,0,0.0338106723131521,0,0,0,0,0,0,0,0,0,0,0,0,0,0,0,0,0.00625802026548371,0,0,0,0,0,0,0,0.00544179692665145,0,0,0,0,0,0,0,0,0,0,0,0,0,0,0,0,0,0,0,0,0,0,0,0,0,0,0,0,0,0.0338110289600383,0,0,0,0,-0.0094648157380733
-0.00192848930220791,0.472491325323557,0,0,0,-0.002413011463572,0,0,0,0,0,0,0,0,0,0,0,0,0,0,0,0,-0.0194132427337511,0,0,0,0,0,0,0.0476177767161747,0,0,0,0.00627000628129915,0,0,0,0.0342776422775515,0,0.00577150339491044,-0.0000134887036220949,0,0,-0.00264728407735435,0,0,0,-0.000873036830654104,0,0,0,0,0,0,0,0,-0.00656243967570249,0.0145764925079922,0,-0.000953281624370016,0,0,0,0,0,0,0,0,0,0,0,0,0,0,0,0,0,0,0,0,-0.0126653617623884,0,0,0,0,0,0,0.0164624433781052,-0.00590990361327213,-0.00497229011720461,0,0,0,0,0,0,0,0,-0.00703163254207948,0,0,0,0,0,0,0,0,0,0,0,0,0,-0.0127603061923724,0,0,0,0,0,0,0,0,0,0,0,0,0,0.025695455826032,0,0,0,0,0,0,0,0,0,0.00156886964423697,0,0,0,0,0,0,0.00654763556274191,0.00179044650063535,0,0,0,0,0,0,0.00637163614743747,0,0,0,0,0,0,0,0,0,0,0,0,0,0,0,0,0,0,0,0,0,0,0,0,0,0,0,0,0,0.0316736290236757,0,0,0,0,-0.00783028595333832
NA,NA,NA,NA,NA,NA,NA,NA,NA,NA,NA,NA,NA,NA,NA,NA,NA,NA,NA,NA,NA,NA,NA,NA,NA,NA,NA,NA,NA,NA,NA,NA,NA,NA,NA,NA,NA,NA,NA,NA,NA,NA,NA,NA,NA,NA,NA,NA,NA,NA,NA,NA,NA,NA,NA,NA,NA,NA,NA,NA,NA,NA,NA,NA,NA,NA,NA,NA,NA,NA,NA,NA,NA,NA,NA,NA,NA,NA,NA,NA,NA,NA,NA,NA,NA,NA,NA,NA,NA,NA,NA,NA,NA,NA,NA,NA,NA,NA,NA,NA,NA,NA,NA,NA,NA,NA,NA,NA,NA,NA,NA,NA,NA,NA,NA,NA,NA,NA,NA,NA,NA,NA,NA,NA,NA,NA,NA,NA,NA,NA,NA,NA,NA,NA,NA,NA,NA,NA,NA,NA,NA,NA,NA,NA,NA,NA,NA,NA,NA,NA,NA,NA,NA,NA,NA,NA,NA,NA,NA,NA,NA,NA,NA,NA,NA,NA,NA,NA,NA,NA,NA,NA,NA,NA,NA,NA,NA,NA,NA,NA,NA,NA,NA,NA,NA,NA,NA
-0.00214469235067347,0.49289955605994,0,0,0,-0.00100466799267717,0,0,0,0,0,0,0,0,0,0,0,0,0,0,0,0,-0.0209960432757097,0,0,0,0,0,0,0.039722599680597,0,0,0,0.00233741571168674,0,0,0,0.0256367134104458,0,0.00825170345720488,-0.00214054420335746,0,0,-0.00650120732228767,0,0,0,0,0,0,0,0,0,0,0,0,-0.00756649108101118,0.01169928301698,0,0,0,0,0,0,0,0,0,0,0,0,0,0,0,0,0,0,0,0,0,0,-0.0140506428400343,0,0,0,0,0,0,0.0053495288186784,-0.00307518413104695,-0.00630867293874413,0,0,0,0,0,0,0,0,-0.00671922125746301,0,0,0,0,0,0,0,0,0,0,0,0,0,-0.0173003336796455,0,0,0,0,0,0,0,0,0,0,0,0,0,0.0256822803500004,0,0,0,0,0,0,0,0,0,0.00138497984508921,0,0,0,0,0,0,0.00249980276173267,0,0,0,0,0,0,0,0.00732357317490229,0,0,0,0,0,0,0,0,0,0,0,0,0,0,0,0,0,0,0,0,0,0,0,0,0,0,0,0,0,0.0237103729791705,0,0,0,0,-0.00857563073777987
NA,NA,NA,NA,NA,NA,NA,NA,NA,NA,NA,NA,NA,NA,NA,NA,NA,NA,NA,NA,NA,NA,NA,NA,NA,NA,NA,NA,NA,NA,NA,NA,NA,NA,NA,NA,NA,NA,NA,NA,NA,NA,NA,NA,NA,NA,NA,NA,NA,NA,NA,NA,NA,NA,NA,NA,NA,NA,NA,NA,NA,NA,NA,NA,NA,NA,NA,NA,NA,NA,NA,NA,NA,NA,NA,NA,NA,NA,NA,NA,NA,NA,NA,NA,NA,NA,NA,NA,NA,NA,NA,NA,NA,NA,NA,NA,NA,NA,NA,NA,NA,NA,NA,NA,NA,NA,NA,NA,NA,NA,NA,NA,NA,NA,NA,NA,NA,NA,NA,NA,NA,NA,NA,NA,NA,NA,NA,NA,NA,NA,NA,NA,NA,NA,NA,NA,NA,NA,NA,NA,NA,NA,NA,NA,NA,NA,NA,NA,NA,NA,NA,NA,NA,NA,NA,NA,NA,NA,NA,NA,NA,NA,NA,NA,NA,NA,NA,NA,NA,NA,NA,NA,NA,NA,NA,NA,NA,NA,NA,NA,NA,NA,NA,NA,NA,NA,NA
NA,NA,NA,NA,NA,NA,NA,NA,NA,NA,NA,NA,NA,NA,NA,NA,NA,NA,NA,NA,NA,NA,NA,NA,NA,NA,NA,NA,NA,NA,NA,NA,NA,NA,NA,NA,NA,NA,NA,NA,NA,NA,NA,NA,NA,NA,NA,NA,NA,NA,NA,NA,NA,NA,NA,NA,NA,NA,NA,NA,NA,NA,NA,NA,NA,NA,NA,NA,NA,NA,NA,NA,NA,NA,NA,NA,NA,NA,NA,NA,NA,NA,NA,NA,NA,NA,NA,NA,NA,NA,NA,NA,NA,NA,NA,NA,NA,NA,NA,NA,NA,NA,NA,NA,NA,NA,NA,NA,NA,NA,NA,NA,NA,NA,NA,NA,NA,NA,NA,NA,NA,NA,NA,NA,NA,NA,NA,NA,NA,NA,NA,NA,NA,NA,NA,NA,NA,NA,NA,NA,NA,NA,NA,NA,NA,NA,NA,NA,NA,NA,NA,NA,NA,NA,NA,NA,NA,NA,NA,NA,NA,NA,NA,NA,NA,NA,NA,NA,NA,NA,NA,NA,NA,NA,NA,NA,NA,NA,NA,NA,NA,NA,NA,NA,NA,NA,NA
-0.00000168846827153582,0.47560323258267,0,0,0,0,0,0,0,0,0,0,0,0,0,0,0,0,0,0,0,0,-0.0181569533262741,0,0,0,0,0,0,0.0437275819283388,0,0,0,0.00649805413490322,0,0,0,0.0356364711462782,0,0.0108634229870304,-0.00377455203288273,0,0,-0.000153998023056325,0,0,0,0,0,0,0,0,0,0,0,0,-0.00798876643567838,0.0135321656128653,0,-0.00273914078717542,0,0,0,0,0,0,0,0,0.00501651441291444,0,0,0,0,0,0,0,0,0,0,0,-0.0125058480751684,0,0,0,0,0,0,0.00937996140788015,-0.00782725124493065,-0.00585475567643811,0,0,0,0,0,0,0,0,-0.00169425051455172,0,0,0,0,0,0,0,0,0,0,0,0,0,-0.0192723594533254,0,0,0,0,0,0,0,0,0,0,0,0,0,0.033145166431713,0,0,0,0,0,0,0,0,0,0.0036646217075013,0,0,0,0,0,0,0.00240491904253768,0,0,0,0,0,0,0,0.00484050647451979,0,0,0,0,0,0,0,0,0,0,0,0,0,0,0,0,0,0,0,0,0,0,0,0,0,0,0,0,0,0.0287935426034771,0,0,0,0,-0.00650414126994859
NA,NA,NA,NA,NA,NA,NA,NA,NA,NA,NA,NA,NA,NA,NA,NA,NA,NA,NA,NA,NA,NA,NA,NA,NA,NA,NA,NA,NA,NA,NA,NA,NA,NA,NA,NA,NA,NA,NA,NA,NA,NA,NA,NA,NA,NA,NA,NA,NA,NA,NA,NA,NA,NA,NA,NA,NA,NA,NA,NA,NA,NA,NA,NA,NA,NA,NA,NA,NA,NA,NA,NA,NA,NA,NA,NA,NA,NA,NA,NA,NA,NA,NA,NA,NA,NA,NA,NA,NA,NA,NA,NA,NA,NA,NA,NA,NA,NA,NA,NA,NA,NA,NA,NA,NA,NA,NA,NA,NA,NA,NA,NA,NA,NA,NA,NA,NA,NA,NA,NA,NA,NA,NA,NA,NA,NA,NA,NA,NA,NA,NA,NA,NA,NA,NA,NA,NA,NA,NA,NA,NA,NA,NA,NA,NA,NA,NA,NA,NA,NA,NA,NA,NA,NA,NA,NA,NA,NA,NA,NA,NA,NA,NA,NA,NA,NA,NA,NA,NA,NA,NA,NA,NA,NA,NA,NA,NA,NA,NA,NA,NA,NA,NA,NA,NA,NA,NA
-0.00141479326061412,0.468267779318784,0,0,0,-0.000150689960744661,0,0,0,0,0,0,0,0,0,0,0,0,0,0,0,0,-0.0233925839856701,0,0,0,0,0,0,0.0375718170543391,0,0,0,0.00444683406681774,0,0.00045828124645892,0,0.0316684039398102,0,0.0110705395884988,-0.00268984355413689,0,0,0,0,0,0,0,0,0,0,0,0,0,0,0,-0.00523297997330171,0.014298655897841,0,-0.00184265817986624,0,0,0,0,0,0,0,0,0.00659083425591953,0,0,0,0,0,0,0,0,0,0,0,-0.00966171145599267,0,0,0,0,0,0,0.0163581111906169,-0.00530165183427904,-0.00409530915921009,0,0,0,0,0,0,0,0,-0.00433978144702701,0,0,0,0,0,0,0,0,0,0,0,0,0,-0.021757413975231,0,0,0,0,0,0,0,0,0,0,0,0,0,0.0301752766279943,0,0,0,0,0,0,0,0,0,0.00413776787033175,0,0,0,0,0,0,0.00418609655439693,0,0,0,0,0,0,0,0,0,0,0,0,0,0,0,0,0,0,0,0,0,0,0,0,0,0,0,0,0,0,0,0,0,0,0,0,0,0.0271213952820364,0,0,0,0,-0.00964817564251874
-0.000231846196092657,0.465681354125402,0,0,0,0,0,0,0,0,0,0,0,0,0,0,0,0,0,0,0,0,-0.0202981110006775,0,0,0,0,0.000741316433861607,0,0.0484271518626727,0,0,0,0.00625039371113306,0,0.00629157183548506,0,0.0327386350684731,0,0.0125832195526747,-0.00133358796725882,0,0,-0.00367243835058431,0,0,0,0,0,0,0,0,0,0,0,0,-0.00292484971491274,0.012901654791652,0,-0.00115506931601377,0,0,0,0,0,0,0,0,0.00079771923619708,0,0,0,0,0,0,0,0,0,0,0,-0.00804015640600796,0,0,0,0,0,0,0.0089375190747087,-0.0095740343942433,-0.00731437587297272,0,0,0,0,0,0,0,0,-0.00645111683612376,0,0,0,0,0,0,0,0,0,0,0,0,0,-0.0167429670337494,0,0,0,0,0,0,0,0,0,0,0,0,0,0.0388396693968229,0,0,0,0,0,0,0,0,0,0.00185915852911655,0,0,0,0,0,0,0.00142611625487369,0,0,0,0,0,0,0,0,0,0,0,0,0,0,0,0,0,0,0,0,0,0,0,0,0,0,0,0,0,0,0,0,0,0,0,0,0.000393431405061959,0.028810354524958,0.00309335039487873,0,0,0,-0.00433935388506218
-0.0021094850644015,0.483716986048902,0,0,0,-0.00250270822010034,0,0,0,0,0,0,0,0,0,0,0,0,0,0,0,0,-0.0263794659525502,0,0,0,0,0,0,0.0358413442562419,0,0.000480305833704544,0,0.00268083453033364,0,0.00273452012477041,0,0.0234458556974075,0,0.0104620396604252,0,0,0,0,0,0,0,0,0,0,0,0,0,0,0,0,-0.00726334621691713,0.0104741617493767,0,0,0,0,0,0,0,0,0,0,0.00664390224626655,0,0,0,0,0,0,0,0,0,0,0,-0.0101457101546981,0,0,0,0,0,0,0.00795222034542291,-0.000238315737333816,-0.00352486574406559,0,0,0,0,0,0,0,0,-0.00726550440299139,0,0,0,0,0,0,0,0,0,0,0,0,0,-0.0210162699196157,0,0,0,0,0,0,0,0,0,0,0,0,0,0.0262867728580839,0,0,0,0,0,0,0,0,0,0.0120624247659983,0,0,0,0,0,0,0.00120993888730915,0,0,0,0,0,0,0,0,0,0,0,0,0,0,0,0,0,0,0,0,0,0,0,0,0,0,0,0,0,0,0,0,0,0,0,0,0,0.0283644960222299,0,0,0,0,-0.00993377793368243
-0.000259451539448674,0.505866392333073,0,0,0,-0.000813713545617992,0,0,0,0,0,0,0,0,0,0,0,0,0,0,0,0,-0.0290678473957558,0,0,0,0,0,0,0.0343129936980957,0,0,0,0.00353347183121952,0,0,0,0.0332438941345606,0,0.00209035115984838,-0.00902434529180655,0,0,-0.0105615600421277,0,0,0,0,0,0,0,0,0,0,0,0,-0.00901544321047747,0.0145318079073194,0,0,0,0,0,0,0,0,0,0,0,0,0,0,0,0,0,0,0,0,0,0,-0.0104164663514952,0,0,0,0,0,0,0.0118507377371333,-0.00581449679020787,-0.00480855752986148,0,0,0,0,0,0,0,0,0,0,0,0,0,0,0,0,0,0,0,0,0,0,-0.0217822569385964,0,0,0,0,0,0,0,0,0,0,0,0,0,0.0288587871165205,0,0,0,0,0,0,0,0,0,0,0,0,0,0,0,0,0.0066287879921277,0,0,0,0,0,0,0,0.0112576751552526,0,0,0,0,0,0,0,0,0,0,0,0,0,0,0,0,0,0,0,0,0,0,0,0,0,0,0,0,0,0.0363023970756372,0,0,0,0,-0.0178949497643217
-0.000107496406728217,0.449783675393801,0,0,0,0,0,0,0,0,0,0,0,0,0,0,0,0,0,0,0,0,-0.027271680467503,0,0,0,0,0.000483446422827586,0,0.0467355838518787,0,0,0,0.00501051249415546,0,0.014125643761906,0,0.0341921318560291,0,0.00988120591837713,-0.00495807766733994,0,0,0,0,0,0,0,0,0,0,0,0,0,0,0,-0.00560190444643897,0.0142877996556099,0,-0.00172218416223016,0,0,0,0,0,0,0,0,0.00882549480203271,0,0,0,0,0,0,0,0,0,0,0,-0.00577395628519912,0,0,0,0,0,0,0.0152075652274417,-0.00910107568894747,-0.00540605347152048,0,0,0,0,0,0,0,0,-0.00209745367045015,0,0,0,0,0,0,0,0,0,0,0,0,0,-0.0181101579777517,0,0,0,0,0,0,0,0,0,0,0,0,0,0.0373515654524196,0,0,0,0,-0.00113808182962124,0,0,0,0,0.00490218198114951,0,0,0,0,0,0,0.000625500266965654,0,0,0,0,0,0,0,0,0,0,0,0,0,0,0,0,0,0,0,0,0,0,0,0,0,0,0,0,0,0,0,0,0,0,0,0,0,0.0398965014064122,0,0,0,0,-0.00969675101371788
-0.0014809260245875,0.487546479101941,0,0,0,-0.00270355190735744,0,0,0,0,0,0,0,0,0,0,0,0,0,0,0,0,-0.0295658221890643,0,0,0,0,0,0,0.036784564956834,0,0.00911062200455069,0,0.00389317303412524,0,0,0,0.0238816601913476,0,0.00503413756736732,-0.00194873070124622,0,0,0,0,0,0,0,0,0,0,0,0,0,0,0,-0.00540908435544872,0.0121883609699752,0,0,0,0,0,0,0,0,0,0,0.00255877541402829,0,0,0,0,0,0,0,0,0,0,0,-0.00922890606909658,0,0,0,0,0,0,0.0124080974416074,-0.00148306598694558,-0.00248004297221161,0,0,0,0,0,0,0,0,-0.00298035207138901,0,0,0,0,0,0,0,0,0,0,0,0,0,-0.0192502795314905,0,0,0,0,0,0,0,0,0,0,0,0,0,0.0234632187609123,0,0,0,0,-0.00000786056237666501,0,0,0,0,0.00895064186995901,0,0,0,0,0,0,0.00130644670009266,0,0,0,0,0,0,0,0,0,0,0,0,0,0,0,0,0,0,0,0,0,0,0,0,0,0,0,0,0,0,0,0,0,0,0,0,0,0.0334955914485809,0,0,0,0,-0.0125420521360162
NA,NA,NA,NA,NA,NA,NA,NA,NA,NA,NA,NA,NA,NA,NA,NA,NA,NA,NA,NA,NA,NA,NA,NA,NA,NA,NA,NA,NA,NA,NA,NA,NA,NA,NA,NA,NA,NA,NA,NA,NA,NA,NA,NA,NA,NA,NA,NA,NA,NA,NA,NA,NA,NA,NA,NA,NA,NA,NA,NA,NA,NA,NA,NA,NA,NA,NA,NA,NA,NA,NA,NA,NA,NA,NA,NA,NA,NA,NA,NA,NA,NA,NA,NA,NA,NA,NA,NA,NA,NA,NA,NA,NA,NA,NA,NA,NA,NA,NA,NA,NA,NA,NA,NA,NA,NA,NA,NA,NA,NA,NA,NA,NA,NA,NA,NA,NA,NA,NA,NA,NA,NA,NA,NA,NA,NA,NA,NA,NA,NA,NA,NA,NA,NA,NA,NA,NA,NA,NA,NA,NA,NA,NA,NA,NA,NA,NA,NA,NA,NA,NA,NA,NA,NA,NA,NA,NA,NA,NA,NA,NA,NA,NA,NA,NA,NA,NA,NA,NA,NA,NA,NA,NA,NA,NA,NA,NA,NA,NA,NA,NA,NA,NA,NA,NA,NA,NA
-0.00153923608254304,0.473773206487981,0,0,0,-0.00160229684893177,0,0,0,0,0,0,0,0,0,0,0,0,0,0,0,0,-0.0301183460595149,0,0,0,0,0,0,0.0338970719690842,0,0.00344340973492683,0,0.000600119511253996,0,0.00693708796655676,0,0.0199519602723588,0,0.00928250593217152,0,0,0,0,0,0,0,0,0,0,0,0,0,0,0,0,-0.00216561164093941,0.0114234512280217,0,0,0,0,0,0,0,0,0,0,0.00145642172287379,0,0,0,0,0,0,0,0,0,0,0,-0.0130606613989939,0,0,0,0,0,0,0.0144786032806323,-0.00136666924706528,-0.00267578100722612,0,0,0,0,0,0,0,0,-0.0080283289977328,0,0,0,0,0,0,0,0,0,0,0,0,0,-0.018340578491436,0,0,0,0,0,0,0,0,0,0,0,0,0,0.0216217324374888,0,0,0,0,0,0,-0.000865487850191527,0,0,0.013025299754526,0,0,0,0,0,0,0,0,0,0,0,0,0,0,0,0,0,0,0,0,0,0,0,0,0,0,0,0,0,0,0,0,0,0,0,0,0,0,0,0,0,0,0,0,0.0302471432189211,0,0,0,0,-0.0135067036190939
NA,NA,NA,NA,NA,NA,NA,NA,NA,NA,NA,NA,NA,NA,NA,NA,NA,NA,NA,NA,NA,NA,NA,NA,NA,NA,NA,NA,NA,NA,NA,NA,NA,NA,NA,NA,NA,NA,NA,NA,NA,NA,NA,NA,NA,NA,NA,NA,NA,NA,NA,NA,NA,NA,NA,NA,NA,NA,NA,NA,NA,NA,NA,NA,NA,NA,NA,NA,NA,NA,NA,NA,NA,NA,NA,NA,NA,NA,NA,NA,NA,NA,NA,NA,NA,NA,NA,NA,NA,NA,NA,NA,NA,NA,NA,NA,NA,NA,NA,NA,NA,NA,NA,NA,NA,NA,NA,NA,NA,NA,NA,NA,NA,NA,NA,NA,NA,NA,NA,NA,NA,NA,NA,NA,NA,NA,NA,NA,NA,NA,NA,NA,NA,NA,NA,NA,NA,NA,NA,NA,NA,NA,NA,NA,NA,NA,NA,NA,NA,NA,NA,NA,NA,NA,NA,NA,NA,NA,NA,NA,NA,NA,NA,NA,NA,NA,NA,NA,NA,NA,NA,NA,NA,NA,NA,NA,NA,NA,NA,NA,NA,NA,NA,NA,NA,NA,NA
-0.00171960783853014,0.477330883566561,0,0,0,-0.0011635862458997,0,0,0,0,0,0,0,0,0,0,0,0,0,0,0,0,-0.0284558877158001,0,0,0,0,0,0,0.042296017540911,0,0.00585299606306987,0,0.00532300082139299,0,0.00375211055251535,0,0.0233170420853433,0,0.00458858557074771,-0.00293642536724831,0,0,0,0,0,0,0,0,0,0,0,0,0,0,0,-0.00197081280490164,0.011934762160598,0,0,0,0,0,0,0,0,0,0,0.00166814698915963,0,0,0,0,0,0,0,0,0,0,0,-0.00599030296091502,0,0,0,0,0,0,0.0111546901851046,-0.00325024049855658,-0.00646666797842373,0,0,0,0,0,0,0,0,-0.00840312845499383,0,0,0,0,0,0,0,0,0,0,0,0,0,-0.0138361684981453,0,0,0,0,0,0,0,0,0,0,0,0,0,0.02455047129263,0,0,0,0,-0.00380286893367248,0,-0.00131323456389822,0,0,0.00778177927708443,0,0,0,0,0,0,0.00124745786044952,0,0,0,0,0,0,0,0,0,0,0,0,0,0,0,0,0,0,0,0,0,0,0,0,0,0,0,0,0,0,0,0,0,0,0,0,0.00140658176511766,0.0355620559887819,0,0,0,0,-0.016128221494522
-0.000972905951280786,0.485566526910964,0,0,0,-0.00183013260109912,0,0,0,0,0,0,0,0,0,0,0,0,0,0,0,0,-0.0287002789322988,0,0,0,0,0,0,0.0361200077004951,0,0.00103872969995464,0,0.00502632193452262,0,0.00135811066473854,0,0.0236189280900675,0,0.00953644088112107,-0.000851650082767509,0,0,0,0,0,0,0,0,0,0,0,0,0,0,0,-0.00383369832602388,0.0111817000127674,0,0,0,0,0,0,0,0,0,0,0.00210515038913829,0,0,0,0,0,0,0,0,0,0,0,-0.00988509105171627,0,0,0,0,0,0,0.0131096820116917,0,-0.00541163537300201,0,0,0,0,0,0,0,0,-0.00402311797086277,0,0,0,0,0,0,0,0,0,0,0,0,0,-0.0195668680879031,0,0,0,0,0,0,0,0,0,0,0,0,0,0.0236108628994013,0,0,0,0,-0.000689097589492695,0,0,0,0,0.00729447941858163,0,0,0,0,0,0,0,0,0,0,0,0,0,0,0,0,0,0,0,0,0,0,0,0,0,0,0,0,0,0,0,0,0,0,0,0,0,0,0,0,0,0,0,0,0.0291367835627,0,0,0,0,-0.0129184266973158
0.000917200303891301,0.508999124590422,0,0,0,0,0,0,0,0,0,0,0,0,0,0,0,0,0,0,0,0,-0.0284458616884753,0,0,0,0,0,0,0.0378152236738832,0,0.0026306581034024,0,0.00334769117659131,0,0,0,0.0346813185530278,0,0.0031525276460301,-0.00897126295500578,0,0,-0.0121387998843644,0,0,0,0,0,0,0,0,0,0,0,0,-0.0101318927851641,0.014555872227682,0,0,0,0,0,0,0,0,0,0,0,0,0,0,0,0,0,0,0,0,0,0,-0.00998022765199576,0,0,0,0,0,0,0.0112154675603808,-0.00725213235431759,-0.00586094782455784,0,0,0,0,0,0,0,0,0,0,0,0,0,0,0,0,0,0,0,0,0,0,-0.016297565679395,0,0,0,0,0,0,0,0,0,0,0,0,0,0.0279272051973876,0,0,0,0,0,0,0,0,0,0,0,0,0,0,0,0,0.0087417836432818,0.000513533890505534,0,0,0,0,0,0,0.00999108931521339,0,0,0,0,0,0,0,0,0,0,0,0,0,0,0,0,0,0,0,0,0,0,0,0,0,0,0,0,0,0.0351132442308617,0,0,0,0,-0.013992688702662
-0.000486553797006847,0.465352769959094,0,0,0,-0.00103707243682909,0,0,0,0,0,0,0,0,0,0,0,0,0,0,0,0,-0.0224758255369467,0,0,0,0,0,0,0.0391760764655033,0,0,0,0.00138345528843958,0,0.0102292011932879,0,0.0251933369064021,0,0.0145721673788554,0,0,0,0,0,0,0,0,0,0,0,0,0,0,0,0,-0.00209180748527873,0.0145770719651603,0,-0.00164431773934775,0,0,0,0,0,0,0,0,0.00359684420028043,0,0,0,0,0,0,0,0,0,0,0,-0.0105852512736746,0,0,0,0,0,0,0.0141262968407409,-0.00805237804872567,-0.00366652954615845,0,0,0,0,0,0,0,0,-0.00978558683764236,0,0,0,0,0,0,0,0,0,0,0,0,0,-0.0208224766164263,0,0,0,0,0,0,0,0,0,0,0,0,0,0.0271260282912035,0,0,0,0,0,0,0,0,0,0.00809312296940144,0,0,0,0,0,0,0,0,0,0,0,0,0,0,0,0,0,0,0,0,0,0,0,0,0,0,0,0,0,0,0,0,0,0,0,0,0,0,0,0,0,0,0,0,0.0290344571268205,0.000973369713204256,0,0,0,-0.00892619278394157
0.000327890186612365,0.465356078732523,0,0,0,0,0,0,0,0,0,0,0,0,0,0,0,0,0,0,0,0,-0.0237319090737037,0,0,0,0,0.00012765718715877,0,0.0426206172246157,0,0.00531510649572626,0,0.00340422368258777,0,0.00964890568304881,0,0.0296423682530959,0,0.0128638608328995,0,0,0,0,0,0,0,0,0,0,0,0,0,0,0,0,-0.00248152485809689,0.0140082889912233,0,-0.00210248701242534,0,0,0,0,0,0,0,0,0.00485055829531408,0,0,0,0,0,0,0,0,0,0,0,-0.0088797977081106,0,0,0,0,0,0,0.011847827660158,-0.00556760154627297,-0.00431317774833334,0,0,0,0,0,0,0,0,-0.00969843239949916,0,0,0,0,0,0,0,0,0,0,0,0,0,-0.0195659227973388,0,0,0,0,0,0,0,0,0,0,0,0,0,0.0260901239303023,0,0,0,0,0,0,0,0,0,0.00624536975001898,0,0,0,0,0,0,0,0,0,0,0,0,0,0,0,0,0,0,0,0,0,0,0,0,0,0,0,0,0,0,0,0,0,0,0,0,0,0,0,0,0,0,0,0.0000407122410239249,0.0269804023852257,0.00326315853986486,0,0,0,-0.0097251471384117
-0.00290712223641619,0.469174547356921,0,0,0,-0.00145660931085894,0,0,0,0,0,0,0,0,0,0,0,0,0,0,0,0,-0.0292426524888797,0,0,0,0,0,0,0.0437217084979553,0,0,0,0,0,0.012393564156732,0,0.0237035994089695,0,0.00954260271371908,-0.00131681523345775,0,0,-0.0137431549067628,0,0,0,0,0,0,0,0,0,0,0,0,-0.00234173112604874,0.0142201271546329,0,-0.00178518223045202,0,0,0,0,0,0,0,0,0.00203493799732905,0,0,0,0,0,0,0,0,0,0,0,-0.00378898854320389,0,0,0,0,0,0,0.00747194762570124,-0.006539446728569,-0.00362462292336832,0,0,0,0,0,0,0,0,-0.0106687538323862,0,0,0,0,0,0,0,0,0,0,0,0,0,-0.0174284120508461,0,0,0,0,0,0,-0.00221087482129559,0,0,0,0,0,0,0.0316529473155924,0,0,0,0,-0.00283690535214601,0,0,0,0,0,0,0,0,0,0,0,0.00147270679280771,0,0,0,0,0,0,0,0,0,0,0,0,0,0,0,0,0,0,0,0,0,0,0,0,0,0,0,0,0,0,0,0,0,0,0,0,0,0.0290582181530038,0,0,0,0,-0.0110381099085633
-0.00278978882055056,0.466315472536542,0,0,0,-0.00402182218838909,0,0,0,0,0,0,0,0,0,0,0,0,0,0,0,0,-0.0352458515435426,0,0,0,0,0,0,0.0356222484558927,0,0.0170855353570631,0,0,0,0.0175466952316387,0,0.00991064317117058,0,0.00802578733328509,0,0,0,0,0,0,0,0,0,0,0,0,0,0,0,0,-0.00273476962904273,0.0117588585569863,0,0,0,0,0,0,0,0,0,0,0.000359210532080277,0,0,0,0,0,0,0,0,0,0,0,-0.0112642852055411,0,0,0,0,0,0,0.0202259644115021,-0.00427340547619603,-0.0039027254802851,0,0,0,0,0,0,0,0,-0.013300044205802,0,0,0,0,0,0,0,0,0,0,0,0,0,-0.0113131746704587,0,0,0,0,0,0,0,0,0,0,0,0,0,0.013806987207873,0,0,0,0,0,0,-0.00714422859982934,0,0,0.0189648285729353,0,0,0,0,0,0,0,0,0,0,0,0,0,0,0,0,0,0,0,0,0,0,0,0,0,0,0,0,0,0,0,0,0,0,0,0,0,0,0,0,0,0,0,0.0130214907757246,0.0298566856803807,0,0,0,0,-0.0153027272391232
0.000618286709174736,0.369346739606853,0,0,0,0,0,0,0,0,0,0,0,0,0,0,0,0,0,0,0,0,-0.0236924644231893,0,0,0,0,0.00347545520916829,0,0.0460079150112556,0,0.00733948072517328,0,0,0,0.0324207933262384,0,0.0501086044372393,0,0.0153150408954814,-0.00260810961544718,0,0,-0.00743767428702855,0,0,0,0,0,0,0,0,0,0,0,0,0,0.0223655259181381,0,-0.00273922477627801,0,0,0,0,0,0,0,0,0.00735369916615721,0,0,0,0,0,0,0,0,0,0,0,-0.00649674709349762,0,0,0,0,0,0,0.0249256057587413,-0.024949773732952,-0.0118937415178799,0,0,0,0,0,0,0,0,-0.0116792776039333,0,0,0,0,0,0,0,0,0,0,0,0,0,-0.0130874281894886,0,0,0,0,0,-0.00443052214845971,-0.00895006088297375,0,0,0,0,0,0,0.0460014530578616,0,0,0.00410393042509783,0,-0.00483888810561,0,-0.00316715759162443,0,0,0.000419988641146494,0,0,0,0,0,0,0.0113680703303423,0,0,0,0,0,0,0,0,0,0,0,0,0,0,0,0,0,0,0,0,0,0,0,0,0,0,0,0,0,0,0,0,0,0,0,0,0,0.0543284377676733,0.0503124649953441,0,0,0,-0.00888433273997601
-0.0000200921333441424,0.44238247111134,0,0,0,0,0,0,0,0,0,0,0,0,0,0,0,0,0,0,0,0,-0.0274764556927431,0,0,0,0,0,0,0.0397480915626682,0,0.0051215145880726,0,0.00660731269300745,0,0.0132104896336235,0,0.0332486661277837,0,0.0109963505543327,0,0,0,0,0,0,0,0,0,0,0,0,0,0,0,0,-0.0080349184921641,0.0143354506832923,0,-0.0067187890433936,0,0,0,0,0,0,0,0,0.00813414582871356,0,0,0,0,0,0,0,0,0,0,0,-0.00673123130746395,0,0,0,0,0,0,0.0178008700077979,-0.0136911371057673,-0.00750842212139176,0,0,0,0,0,0,0,0,-0.00568514069866952,0,0,0,0,0,0,0,0,0,0,0,0,0,-0.0190826177342655,0,0,0,0,0,0,-0.000248482271690799,0,0,0,0,0,0,0.0378212176515605,0,0,0,0,0,0,0,0,0,0.00718188721070334,0,0,0,0,0,0,0.00621552101373305,0,0,0,0,0,0,0,0,0,0,0,0,0,0,0,0,0,0,0,0,0,0,0,0,0,0,0,0,0,0,0,0,0,0,0,0,0,0.0376587066940434,0.00375504513118534,0,0,0,-0.0123746182301363
NA,NA,NA,NA,NA,NA,NA,NA,NA,NA,NA,NA,NA,NA,NA,NA,NA,NA,NA,NA,NA,NA,NA,NA,NA,NA,NA,NA,NA,NA,NA,NA,NA,NA,NA,NA,NA,NA,NA,NA,NA,NA,NA,NA,NA,NA,NA,NA,NA,NA,NA,NA,NA,NA,NA,NA,NA,NA,NA,NA,NA,NA,NA,NA,NA,NA,NA,NA,NA,NA,NA,NA,NA,NA,NA,NA,NA,NA,NA,NA,NA,NA,NA,NA,NA,NA,NA,NA,NA,NA,NA,NA,NA,NA,NA,NA,NA,NA,NA,NA,NA,NA,NA,NA,NA,NA,NA,NA,NA,NA,NA,NA,NA,NA,NA,NA,NA,NA,NA,NA,NA,NA,NA,NA,NA,NA,NA,NA,NA,NA,NA,NA,NA,NA,NA,NA,NA,NA,NA,NA,NA,NA,NA,NA,NA,NA,NA,NA,NA,NA,NA,NA,NA,NA,NA,NA,NA,NA,NA,NA,NA,NA,NA,NA,NA,NA,NA,NA,NA,NA,NA,NA,NA,NA,NA,NA,NA,NA,NA,NA,NA,NA,NA,NA,NA,NA,NA
NA,NA,NA,NA,NA,NA,NA,NA,NA,NA,NA,NA,NA,NA,NA,NA,NA,NA,NA,NA,NA,NA,NA,NA,NA,NA,NA,NA,NA,NA,NA,NA,NA,NA,NA,NA,NA,NA,NA,NA,NA,NA,NA,NA,NA,NA,NA,NA,NA,NA,NA,NA,NA,NA,NA,NA,NA,NA,NA,NA,NA,NA,NA,NA,NA,NA,NA,NA,NA,NA,NA,NA,NA,NA,NA,NA,NA,NA,NA,NA,NA,NA,NA,NA,NA,NA,NA,NA,NA,NA,NA,NA,NA,NA,NA,NA,NA,NA,NA,NA,NA,NA,NA,NA,NA,NA,NA,NA,NA,NA,NA,NA,NA,NA,NA,NA,NA,NA,NA,NA,NA,NA,NA,NA,NA,NA,NA,NA,NA,NA,NA,NA,NA,NA,NA,NA,NA,NA,NA,NA,NA,NA,NA,NA,NA,NA,NA,NA,NA,NA,NA,NA,NA,NA,NA,NA,NA,NA,NA,NA,NA,NA,NA,NA,NA,NA,NA,NA,NA,NA,NA,NA,NA,NA,NA,NA,NA,NA,NA,NA,NA,NA,NA,NA,NA,NA,NA
NA,NA,NA,NA,NA,NA,NA,NA,NA,NA,NA,NA,NA,NA,NA,NA,NA,NA,NA,NA,NA,NA,NA,NA,NA,NA,NA,NA,NA,NA,NA,NA,NA,NA,NA,NA,NA,NA,NA,NA,NA,NA,NA,NA,NA,NA,NA,NA,NA,NA,NA,NA,NA,NA,NA,NA,NA,NA,NA,NA,NA,NA,NA,NA,NA,NA,NA,NA,NA,NA,NA,NA,NA,NA,NA,NA,NA,NA,NA,NA,NA,NA,NA,NA,NA,NA,NA,NA,NA,NA,NA,NA,NA,NA,NA,NA,NA,NA,NA,NA,NA,NA,NA,NA,NA,NA,NA,NA,NA,NA,NA,NA,NA,NA,NA,NA,NA,NA,NA,NA,NA,NA,NA,NA,NA,NA,NA,NA,NA,NA,NA,NA,NA,NA,NA,NA,NA,NA,NA,NA,NA,NA,NA,NA,NA,NA,NA,NA,NA,NA,NA,NA,NA,NA,NA,NA,NA,NA,NA,NA,NA,NA,NA,NA,NA,NA,NA,NA,NA,NA,NA,NA,NA,NA,NA,NA,NA,NA,NA,NA,NA,NA,NA,NA,NA,NA,NA
NA,NA,NA,NA,NA,NA,NA,NA,NA,NA,NA,NA,NA,NA,NA,NA,NA,NA,NA,NA,NA,NA,NA,NA,NA,NA,NA,NA,NA,NA,NA,NA,NA,NA,NA,NA,NA,NA,NA,NA,NA,NA,NA,NA,NA,NA,NA,NA,NA,NA,NA,NA,NA,NA,NA,NA,NA,NA,NA,NA,NA,NA,NA,NA,NA,NA,NA,NA,NA,NA,NA,NA,NA,NA,NA,NA,NA,NA,NA,NA,NA,NA,NA,NA,NA,NA,NA,NA,NA,NA,NA,NA,NA,NA,NA,NA,NA,NA,NA,NA,NA,NA,NA,NA,NA,NA,NA,NA,NA,NA,NA,NA,NA,NA,NA,NA,NA,NA,NA,NA,NA,NA,NA,NA,NA,NA,NA,NA,NA,NA,NA,NA,NA,NA,NA,NA,NA,NA,NA,NA,NA,NA,NA,NA,NA,NA,NA,NA,NA,NA,NA,NA,NA,NA,NA,NA,NA,NA,NA,NA,NA,NA,NA,NA,NA,NA,NA,NA,NA,NA,NA,NA,NA,NA,NA,NA,NA,NA,NA,NA,NA,NA,NA,NA,NA,NA,NA
-0.00297983152678944,0.481983923517633,0,0,0,-0.000259178767886441,0,0,0,0,0,0,0,0,0,0,0,0,0,0,0,0,-0.034860996908503,0,0,0,0,0,0,0.0362903258927345,0,0.015517064787324,0,0.000191484248750337,0,0.00348129317274326,0,0.0118040577510376,0,0.00490615138418744,0,0,0,-0.00732279073060919,0,0,0,0,0,0,0,0,0,0,0.00259255509196825,0,-0.00532257787236656,0.010662622429333,0,-0.00244295595583277,0,0,0,0,0,0,0,0,0,0,0,0,0,0,0,0,0,0,0,0,-0.0137845499619576,0,0,0,0,0,0,0.013453443733283,-0.00219471444936204,-0.00688990862003048,0,0,0,0,0,0,0,0,-0.0150882357088428,0,0,0,0,0,0,0,0,0,0,0,0,0,-0.0107330573069162,0,0,0,0,0,0,0,0,0,0,0,0,0,0.0164162863923386,0,0,0,0,-0.00431856301714073,0,-0.0017202352876933,0,0,0.0115001733479105,0,0,0,0,0,0,0,0,0,0,0,0,0,0,0,0,0,0,0,0,0,0,0,0,0,0,0,0,0,0,0,0,0,0,0,0,0,0,0,0,0,0,0,0,0.0274717967532026,0,0,0,0,-0.0196123241335705
-0.000655973519460782,0.436002794599212,0,0,0,0,0,0,0,0,0,0,0,0,0,0,0,0,0,0,0,0,-0.0195829843221072,0,0,0,0,0.00537748695646357,0,0.0501249461107717,0,0.00476995760154493,0,0.000193970778328407,0,0.00649395548521751,0,0.0342971809121775,0,0.00590887323240115,-0.000924222283148822,0,0,-0.0104927187500181,0,0,0,-0.00124090486542264,0,0,0,0,0,0,0,0,-0.00114048379361509,0.0184342017127873,0,0,0,0,0,0,0,0,0,0,0.00058521971598507,0,0,0,0,0,0,0,0,0,0,0,0,0,0,0,0,-0.00280888653693252,0,0.013620519215592,-0.0133422311878866,-0.0118275451085467,0,0,0,0,0,0,0,0,-0.00917197770289571,0,0,0,0,0,0,0,0,0,0,0,0,0,-0.0104001430220216,0,0,0,0,0,0,-0.00991964031596322,0,0,0,0,0,0,0.0348778176882267,0,0,0,0,-0.00611776818291287,0,0,0,0,0,0,0,0,0,0,0,0.0168275759183094,0,0,0,0,0,0,0,0,0,0,0,0,0,0,0,0,0,0,0,0,0,0,0,0,0,0,0,0,0,0,0,0,0,0,0,0,0,0.0421743081851882,0.0157032795855542,0,0,0,-0.0123998015299443
-0.000972584198735419,0.435737511185866,0,0,0,0,0,0,0,0,0,0,0,0,0,0,0,0,0,0,0,0,-0.0189806355787008,0,0,0,0,0.00479774905064359,0,0.0535036696486536,0,0.000644927127828094,0,0.00428240701193897,0,0.016930120876637,0,0.0325867825043682,0,0.013233681045482,-0.00128920862366553,0,0,-0.0196020552159011,0,0,0,-0.000974534183412538,0,0,0,0,0,0,0,0,0,0.0204474002401278,0,-0.000767592629203084,0,0,0,0,0,0,0,0,0,0,0,0,0,0,0,0,0,0,0,0,-0.0501099027685647,0,0,0,0,-0.00308027190014648,0,0.0085219376616454,-0.0180735577294634,-0.00968107398687509,0,0,0,0,-0.00100017592865273,0,0,0,-0.00614100470314668,0,0,0,0,0,0,0,0,0,0,0,0,0,-0.00887272936274121,0,0,0,0,0,0,-0.00736225822616897,0,0,0,0,0,0,0.0404912152303755,0,0,0,0,-0.00162278700536507,0,0,0,0,0,0,0,0,0,0,0,0.00903656045478974,0,0,0,0,0,0,0,0,0,0,0,0,0,0,0,0,0,0,0,0,0,0,0,0,0,0,0,0,0,0,0,0,0,0,0,0,0.00255406637838743,0.0341707474937268,0.0254529807348639,0,0,0,-0.0037001412514686
0.000191166425690139,0.475885273293637,0,0,0,0,0,0,0,0,0,0,0,0,0,0,0,0,0,0,0,0,-0.0201234004003208,0,0,0,0,0.000759604527234739,0,0.0486639031173298,0,0.00300668507869775,0,0.00573883360729011,0,0,0,0.0283846626557699,0,0.00802680760286104,-0.000235160496860684,0,0,-0.018835539673469,0,0,0,-0.000302665939898918,0,0,0,0,0,0,0,0,-0.00431947708863133,0.0180291495020849,0,-0.00131643754333436,0,0,0,0,0,0,0,0,0,0,0,0,0,0,0,0,0,0,0,0,0,0,0,0,0,-0.00206032106508439,0,0.00854510443599702,-0.0126618842688628,-0.0104569355654739,0,0,0,0,0,0,0,0,-0.00837443022008986,0,0,0,0,0,0,0,0,0,0,0,0,0,-0.0113114245889741,0,0,0,0,0,0,-0.00271392228660124,0,0,0,0,0,0,0.0336743852000429,0,0,0,0,-0.00401266041098006,0,0,0,0,0,0,0,0,0,0,0,0.00840727574447727,0,0,0,0,0,0,0,0.00326247512361028,0,0,0,0,0,0,0,0,0,0,0,0,0,0,0,0,0,0,0,0,0,0,0,0,0,0,0,0,0.00198659481485793,0.0302504335207433,0.00400371864266283,0,0,0,-0.00950648967074849
0.00269915635099787,0.504839952346492,0,0,0,0,0,0,0,0,0,0,0,0,0,0,0,0,0,0,0,0,-0.0260220667885327,0,0,0,0,0,0,0.0422489826858341,0,0,0,0.0000456704177378781,0,0,0,0.0368626581880371,0,0.00311798652941009,-0.0126671635802081,0,0,-0.0134755881225561,0,0,0,-0.0023886734032886,0,0,0,0,0,0,0,0,-0.00629852029721377,0.0171870703693225,0,-0.000165354203133764,0,0,0,0,0,0,0,0,0,0,0,0,0,0,0,0,0,0,0,0,-0.00677263228764676,0,0,0,0,0,0,0.0101803915232434,-0.0134552562031091,-0.00963380044512243,0,0,0,0,0,0,0,0,0,0,0,0,0,0,0,0,0,0,0,0,0,0,-0.0124227686463457,0,0,0,0,0,-0.00159037302299123,0,0,0,0,0,0,0,0.0301670029685763,0,0,0,0,0,0,0,0,0,0,0,0,0,0,0,0,0.0161969167311354,0.014223215155001,0,0,0,0,0,0,0.015892731202477,0,0,0,0,0.00135667142413661,0,0,0,0,0,0,0,0,0,0,0,0,0,0,0,0,0,0,0,0,0,0,0,0.00391095215846262,0.0370262257490924,0,0,0,0,-0.0187454102366752
-0.00080958251897743,0.502690303237114,0,0,0,0,0,0,0,0,0,0,0,0,0,0,0,0,0,0,0,0,-0.0240770009519597,0,0,0,0,0,0,0.0479956887299678,0,0.00169954580040331,0,0.00348766495476238,0,0,0,0.0197946590730692,0,0.00504329376284634,0,0,0,-0.0252517815226327,0,0,0,0,0,0,0,0,0,0,0,0,-0.00572575268970047,0.0150354919373717,0,-0.0020072301856015,0,0,0,0,0,0,0,0,0,0,0,0,0,0,0,0,0,0,0,0,-0.00383008475871154,0,0,0,0,-0.00981055606203237,0,0.00400649106596685,-0.0108756146210105,-0.0096759903521103,0,0,0,0,-0.002359950366594,0,0,0,-0.00941127259773201,0,0,0,0,0,0,0,0,0,0,0,0,0,-0.0106352342071623,0,0,0,0,0,0,0,0,0,0,0,0,0,0.0239428049756662,0,0,0,0,-0.00155491652043587,0,-0.00329193198641052,0,0,0,0,0,0,0,0,0,0.00744627690487032,0,0,0,0,0,0,0,0,0,0,0,0,0,0,0,0,0,0,0,0,0,0,0,0,0,0,0,0,0,0,0,0,0,0,0,0,0,0.0354310735442475,0,0,0,0,-0.0097654827964482
-0.000728273810421322,0.497361604419697,0,0,0,0,0,0,0,0,0,0,0,0,0,0,0,0,0,0,0,0,-0.0258453333029126,0,0,0,0,0,0,0.041122824797824,0,0.000589713827532234,0,0.00129932589585376,0,0,0,0.0196877949847157,0,0.00490118412159836,-0.000799181007049046,0,0,-0.0200378232423552,0,0,0,0,0,0,0,0,0,0,0,0,-0.0068327450595363,0.0135910390544222,0,0,0,0,0,0,0,0,0,0,0,0,0,0,0,0,0,0,0,0,0,0,-0.00768484718878103,0,0,0,0,0,0,0.0060871059794395,-0.00927953224511553,-0.00707191490403631,0,0,0,0,0,0,0,0,-0.00795132432711977,0,0,0,0,0,0,0,0,0,0,0,0,0,-0.013258866928585,0,0,0,0,0,0,-0.000297523745039217,0,0,0,0,0,0,0.0261353284403073,0,0,0,0,-0.00432361201199774,0,0,0,0,0.00529660839529799,0,0,0,0,0,0,0.0116719207154747,0,0,0,0,0,0,0,0,0,0,0,0,0,0,0,0,0,0,0,0,0,0,0,0,0,0,0,0,0,0,0,0,0,0,0,0,0,0.0302022199137972,0,0,0,0,-0.0128207454433304
0.00230824955999595,0.432449245922227,0,0,0,0,0,0,0,0,0,0,0,0,0,0,0,0,0,0,0,0,-0.0119258723521512,0,0,0,0,0.00993361337709494,0,0.0617009374026413,0,0,0,0,0,0.036301496467371,0,0.0373435119920599,0,0.0104275913992211,-0.0109582295305661,0,0,-0.0103269088604179,0,0,0,-0.00266619763786849,0,0,0,0,0,0,0,0,0,0.021871353494931,0,-0.00294775263235237,0,0,0,0,0,0,0,0,0,0,0,0,0,0,0,0,0,0,0,0,-0.00221648088275004,0,0,0,0,-0.00155902417181257,0,0.0080585596241597,-0.0247685257546092,-0.0154929663693991,0,0,0,0,-0.00157016642307035,0,0,0,-0.0269216651393215,0,0,0,0,0,0,0,0,0,0,0,0,0,-0.0154847315571342,0,0,0.00212395579712836,0,0,-0.00740382954311782,-0.00472698231067955,0,0,0,0,0,0,0.039707721641148,-0.000979883814104453,0,0.000748326252126742,0,0,0,0,0,0,0,0,0,0,0,0,0,0.00334111791677677,0,0,0,0,0,0,0,0,0,0,0,0,0,0,0,0,0,0,0,0,0,0,0,0,0,0,0,0,0,0,0,0,0,0,0,0,0.00395872192515732,0.0585743867932871,0.0410276751198637,0,0,0,-0.0106108053468615
0.00120659206097429,0.509672189213057,0,0,0,0,0,0,0,0,0,0,0,0,0,0,0,0,0,0,0,0,-0.0196153964960774,0,0,0,0,0.00126924641057423,0,0.039849004989225,0,0,0,0.00273339527576372,0,0,0,0.0286548405510483,0,0,-0.00749815113108281,0,0,-0.0198800222315475,0,0,0,0,0,0,0,0,0,0,0,0,-0.00643060110284265,0.0166627936832723,0,-0.000405720132189281,0,0,0,0,0,0,0,0,0,0,0,0,0,0,0,0,0,0,0,0,0,0,0,0,0,0,0,0.00322791927847635,-0.00973470992777742,-0.0104846938989418,0,0,0,0,-0.00145446907148316,0,0,0,-0.00384735170697394,0,0,0,0,0,0,0,0,0,0,0,0,0,-0.0131654792911314,0,0,0,0,0,0,-0.00518621215084822,0,0,0,0,0,0,0.0312840173931691,0,0,0,0,-0.00306750491464509,0,0,0,0,0.0010371437588643,0,0,0,0,0,0,0.0137865603438689,0,0,0,0,0,0,0,0,0,0,0,0,0,0,0,0,0,0,0,0,0,0,0,0,0,0,0,0,0,0,0,0,0,0,0,0,0,0.0301261875345177,0,0,0,0,-0.0128856032269613
0.00121834203106938,0.472379322261941,0,0,0,0,0,0,0,0,0,0,0,0,0,0,0,0,0,0,0,0,-0.0223827395287829,0,0,0,0,0.00641491759383912,0,0.0540699208918723,0,0.00406388646201162,0,0,0,0.00458076621639112,0,0.0263166985238381,0,0.00822487637461546,-0.00734486804514565,0,0,-0.0178041714505748,0,0,0,-0.00212142426182003,0,0,0,0,0,0,0,0,-0.00759395607371048,0.0216577377533279,0,0,0,0,0,0,0,0,0,0,0,0,0,0,0,0,0,0,0,0,0,0,-0.00138596662127706,0,0,0,0,-0.00198225943482439,0,0.00394606976630324,-0.0175758602584725,-0.0134520357965784,0,0,0,0,0,0,0,0,-0.0130658565738915,0,0,0,0,0,0,0,0,0,0,0,0,0,-0.0148800296860862,0,0,0,0,0,-0.000363696133546953,-0.00579197569621409,0,0,0,0,0,0,0.0306929940300924,0,0,0,0,-0.000219001497608487,0,0,0,0,0,0,0,0,0,0,0,0.0130643133682865,0,0,0,0,0,0,0,0.00314709385162269,0,0,0,0,0,0,0,0,0,0,0,0,0,0,0,0,0,0,0,0,0,0,0,0,0,0,0,0,0.000449543628624379,0.0486599594899777,0.00445758160214747,0,0,0,-0.012442182380852
0.000224121204921095,0.514807853472798,0,0,0,0,0,0,0,0,0,0,0,0,0,0,0,0,0,0,0,0,-0.0193064427938461,0,0,0,0,0.00128387406217024,0,0.0428630103639606,0,0.00175737091046872,0,0,0,0,0,0.025299068082941,0,0.0043441801270993,-0.00389426448508621,0,0,-0.020178728643783,0,0,0,-0.00294382475447472,0,0,0,0,0,0,0,0,-0.00576697722554676,0.0183512187542443,0,0,0,0,0,0,0,0,0,0,0,0,0,0,0,0,0,0,0,0,0,0,-0.00440412860219959,0,0,0,0,-0.00619055455328027,0,0.00175092761933171,-0.0139453064027339,-0.00971967685579697,0,0,0,0,-0.000357810479495144,0,0,0,-0.00976893956286415,0,0,0,0,0,0,0,0,0,0,0,0,0,-0.0112199429308947,0,0,0,0,0,0,0,0,0,0,0,0,0,0.0212363307962917,0,0,0,0,0,0,0,0,0,0,0,0,0,0,0,0,0.00799907399146103,0,0,0,0,0,0,0,0.00622209926762292,0,0,0,0,0,0,0,0,0,0,0,0,0,0,0,0,0,0,0,0,0,0,0,0,0,0,0,0,0.00169279813728527,0.0308362351179444,0,0,0,0,-0.012180011683201
-0.00102695534665942,0.508579193178537,0,0,0,0,0,0,0,0,0,0,0,0,0,0,0,0,0,0,0,0,-0.02665008315024,0,0,0,0,0,0,0.0364207543142646,0,0.0000790644052602148,0,0,0,0,0,0.0273733793234959,0,0.00432744579316154,-0.00581010086535609,0,0,-0.0165659717132643,0,0,0,0,0,0,0,0,0,0,0,0,-0.00956790647844256,0.0164952474049877,0,0,0,0,0,0,0,0,0,0,0,0,0,0,0,0,0,0,0,0,0,0,-0.00939887985039819,0,0,0,0,0,0,0.00721572627127663,-0.00952392722836337,-0.00967182413898628,0,0,0,0,0,0,0,0,-0.0017893655077156,0,0,0,0,0,0,0,0,0,0,0,0,0,-0.0127033024494554,0,0,0,0,0,0,-0.000619548232182423,0,0,0,0,0,0,0.0279747259382725,0,0,0,-0.000489359620908942,-0.00132409272004945,0,0,0,0,0,0,0,0,0,0,0,0.0123145628341466,0,0,0,0,0,0,0,0.00309401070793066,0,0,0,0,0,0,0,0,0,0,0,0,0,0,0,0,0,0,0,0,0,0,0,0,0,0,0,0,0,0.0354093842332478,0,0,0,0,-0.0135315271920828
NA,NA,NA,NA,NA,NA,NA,NA,NA,NA,NA,NA,NA,NA,NA,NA,NA,NA,NA,NA,NA,NA,NA,NA,NA,NA,NA,NA,NA,NA,NA,NA,NA,NA,NA,NA,NA,NA,NA,NA,NA,NA,NA,NA,NA,NA,NA,NA,NA,NA,NA,NA,NA,NA,NA,NA,NA,NA,NA,NA,NA,NA,NA,NA,NA,NA,NA,NA,NA,NA,NA,NA,NA,NA,NA,NA,NA,NA,NA,NA,NA,NA,NA,NA,NA,NA,NA,NA,NA,NA,NA,NA,NA,NA,NA,NA,NA,NA,NA,NA,NA,NA,NA,NA,NA,NA,NA,NA,NA,NA,NA,NA,NA,NA,NA,NA,NA,NA,NA,NA,NA,NA,NA,NA,NA,NA,NA,NA,NA,NA,NA,NA,NA,NA,NA,NA,NA,NA,NA,NA,NA,NA,NA,NA,NA,NA,NA,NA,NA,NA,NA,NA,NA,NA,NA,NA,NA,NA,NA,NA,NA,NA,NA,NA,NA,NA,NA,NA,NA,NA,NA,NA,NA,NA,NA,NA,NA,NA,NA,NA,NA,NA,NA,NA,NA,NA,NA
0.00158813518319665,0.463993005577802,0,0,0,0,0,0,0,0,0,0,0,0,0,0,0,0,0,0,0,0,-0.019836023706289,0,0,0,0,0.004034422902742,0,0.0527599822928503,0,0,0,0,0,0.0187898621375585,0,0.0322179897929004,0,0.00489368498984888,-0.00522002824656638,0,0,-0.0108113491353519,0,0,0,-0.00364850200740049,0,0,0,0,0,0,0,0,-0.00385590199839169,0.021290191658606,0,-0.00165517876136875,0,0,0,0,0,0,0,0,0,0,0,0,0,0,0,0,0,0,0,0,-0.00781038808007805,0,0,0,0,0,0,0.00624325675998911,-0.0195129710608564,-0.0128898107876983,0,0,0,0,-0.00132505699255746,0,0,0,-0.0179035680045552,0,0,0,0,0,0,0,0,0,0,0,0,0,-0.00741978300397421,0,0,0,0,0,-0.00230250796924361,-0.0074116631244182,0,0,0,0,0,0,0.037609458833097,0,0,0,0,0,0,0,0,0,0,0,0,0,0,0,0,0.0130727275233426,0,0,0,0,0,0,0,0.000779760287480953,0,0,0,0,0,0,0,0,0,0,0,0,0,0,0,0,0,0,0,0,0,0,0,0,0,0,0,0,0,0.0428817056387601,0.0214847693842055,0,0,0,-0.0107115438480133
NA,NA,NA,NA,NA,NA,NA,NA,NA,NA,NA,NA,NA,NA,NA,NA,NA,NA,NA,NA,NA,NA,NA,NA,NA,NA,NA,NA,NA,NA,NA,NA,NA,NA,NA,NA,NA,NA,NA,NA,NA,NA,NA,NA,NA,NA,NA,NA,NA,NA,NA,NA,NA,NA,NA,NA,NA,NA,NA,NA,NA,NA,NA,NA,NA,NA,NA,NA,NA,NA,NA,NA,NA,NA,NA,NA,NA,NA,NA,NA,NA,NA,NA,NA,NA,NA,NA,NA,NA,NA,NA,NA,NA,NA,NA,NA,NA,NA,NA,NA,NA,NA,NA,NA,NA,NA,NA,NA,NA,NA,NA,NA,NA,NA,NA,NA,NA,NA,NA,NA,NA,NA,NA,NA,NA,NA,NA,NA,NA,NA,NA,NA,NA,NA,NA,NA,NA,NA,NA,NA,NA,NA,NA,NA,NA,NA,NA,NA,NA,NA,NA,NA,NA,NA,NA,NA,NA,NA,NA,NA,NA,NA,NA,NA,NA,NA,NA,NA,NA,NA,NA,NA,NA,NA,NA,NA,NA,NA,NA,NA,NA,NA,NA,NA,NA,NA,NA
-0.000799007519905453,0.510134278976073,0,0,0,0,0,0,0,0,0,0,0,0,0,0,0,0,0,0,0,0,-0.0169832174905663,0,0,0,0,0,0,0.0361693844663937,0,0,0,0,0,0,0,0.0291928837910326,0,0.000154427811164541,-0.00433297045543357,0,0,-0.0190915376928247,0,0,0,-0.0010231666775543,0,0,0,0,0,0,0,0,-0.00619109166086094,0.0148370021794107,0,0,0,0,0,0,0,0,0,0,0,0,0,0,0,0,0,0,0,0,0,0,-0.0158049638770116,0,0,0,0,0,0,0.00868323242203247,-0.00880324405260215,-0.00854902361595429,0,0,0,0,-0.00236477041403202,0,0,0,-0.00700477998787087,0,0,0,0,0,0,0,0,0,0,0,0,0,-0.00752655061258069,0,0,0,0,0,0,0,0,0,0,0,0,0,0.0236948555545368,0,0,0,0,0,0,0,0,0,0,0,0,0,0,0,0,0.00752893718066942,0.0039207976354576,0,0,0,0,0,0,0.0101548217071373,0,0,0,0,0,0,0,0,0,0,0,0,0,0,0,0,0,0,0,0,0,0,0,0,0,0,0,0,0,0.022500960160241,0,0,0,0,-0.00880982531084089
0.000482381001703235,0.503940038059112,0,0,0,0,0,0,0,0,0,0,0,0,0,0,0,0,0,0,0,0,-0.0180050710809657,0,0,0,0,0,0,0.0421095534693698,0,0,0,0,0,0,0,0.0366911286210941,0,0.00222921547855035,-0.00140578260567079,0,0,-0.0183423674652356,0,0,0,0,0,0,0,0,0,0,0,0,-0.00251359226532133,0.0163763383515395,0,0,0,0,0,0,0,0,0,0,0.000197941713397747,0,0,0,0,0,0,0,0,0,0,0,-0.0122139397490666,0,0,0,0,0,0,0.00789811574446608,-0.00819088510146373,-0.00503630688278088,0,0,0,0,-0.00269768000009266,0,0,0,-0.012417379621808,0,0,0,0,0,0,0,0,0,0,0,0,0,-0.00689152185770259,0,0,0.000974089437054316,0,0,0,0,0,0,0,0,0,0,0.0286599306368045,0,0,0,0,-0.000231158904412607,0,0,0,0,0,0,0,0,0,0,0,0.00765384636424374,0.00465603771893068,0,0,0,0,0,0,0.00892492271154656,0,0,0,0,0,0,0,0,0,0,0,0,0,0,0,0,0,0,0,0,0,0,0,0,0,0,0,0,0,0.0284002983554708,0,0,0,0,-0.0107845938250092
-0.0000507000671460013,0.503163165124095,0,0,0,0,0,0,0,0,0,0,0,0,0,0,0,0,0,0,0,0,-0.020498560342474,0,0,0,0,0,0,0.0454633312512214,0,0,0,0,0,0.00196155886946324,0,0.0278830404745961,0,0.00112000610163242,-0.00686131028297946,0,0,-0.0168712734995291,0,0,0,0,0,0,0,0,0,0,0,0,-0.00591122643172752,0.0131748109137475,0,0,0,0,0,0,0,0,0,0,0,0,0,0,0,0,0,0,0,0,0,0,-0.01491448251109,0,0,0,0,0,0,0.00817671661592303,-0.0117701665705289,-0.00773468510121178,0,0,0,0,0,0,0,0,-0.00999715753173186,0,0,0,0,0,0,0,0,0,0,0,0,0,-0.00723765134045007,0,0,0,0,0,0,0,0,0,0,0,0,0,0.0261371556414982,0,0,0,0,0,0,0,0,0,0.00373320613463201,0,0,0,0,0,0,0.00654397960801221,0,0,0,0,0,0,0,0.00741080992949543,0,0,0,0,0,0,0,0,0,0,0,0,0,0,0,0,0,0,0,0,0,0,0,0,0,0,0,0,0,0.0314893235050924,0,0,0,0,-0.0137407599113377
-0.00264717529661296,0.493489246539299,0,0,0,0,0,0,0,0,0,0,0,0,0,0,0,0,0,0,0,0,-0.0219168472510279,0,0,0,0,0,0,0.041000642838503,0,0,0,0,0,0.00326885400965361,0,0.0281058642192852,0,0.0034058439546303,0,0,0,-0.0143964106416948,0,0,0,0,0,0,0,0,0,0,0,0,-0.00416496172684491,0.012345143084905,0,0,0,0,0,0,0,0,0,0,0,0,0,0,0,0,0,0,0,0,0,0,-0.0151953973211579,0,0,0,0,0,0,0.0119636393689366,-0.00911445018323073,-0.00410621151038075,0,0,0,0,-0.00115011178672581,0,0,0,-0.0146341480843748,0,0,0,0,0,0,0,0,0,0,0,0,0,-0.00942091506248789,0,0,0,0,0,0,-0.00000501049134989481,0,0,0,0,0,0,0.0248432423249621,0,0,0,0,0,0,0,0,0,0.00386971072482367,0,0,0,0,0,0,0.00603693628865799,0,0,0,0,0,0,0,0,0,0,0,0,0,0,0,0,0,0,0,0,0,0,0,0,0,0,0,0,0,0,0,0,0,0,0,0,0,0.0250853573035722,0,0,0,0,-0.012912613750293
-0.00111270223614738,0.497815774247562,0,0,0,0,0,0,0,0,0,0,0,0,0,0,0,0,0,0,0,0,-0.0285248299521081,0,0,0,0,0,0,0.0404149350683989,0,0,0,0.000141788661480488,0,0,0,0.0287562182830231,0,0.000665666641271058,-0.00241209392198231,0,0,-0.0152640139259089,0,0,0,0,0,0,0,0,0,0,0,0,-0.0075611121168967,0.0134432809342942,0,0,0,0,0,0,0,0,0,0,0,0,0,0,0,0,0,0,0,0,0,0,-0.0170701812612475,0,0,0,0,0,0,0.012243148629864,-0.00895405702521251,-0.00553897638747807,0,0,0,0,0,0,0,0,-0.00421250233174985,0,0,0,0,0,0,0,0,0,0,0,0,0,-0.0106884347085809,0,0,0,0,0,0,0,0,0,0,0,0,0,0.0306078281866618,0,0,0,0,0,0,0,0,0,0,0,0,0,0,0,0,0.00739955913459968,0,0,0,0,0,0,0,0.00637872810954663,0,0,0,0,0,0,0,0,0,0,0,0,0,0,0,0,0,0,0,0,0,0,0,0,0,0,0,0,0,0.0306795503499098,0,0,0,0,-0.0149066664477844
-0.0000863607099162202,0.480695177532876,0,0,0,0,0,0,0,0,0,0,0,0,0,0,0,0,0,0,0,0,-0.019289564974943,0,0,0,0,0,0,0.0518670839124268,0,0,0,0,0,0,0,0.0392524225322068,0,0.00398958807413292,-0.00639949682560483,0,0,-0.0130808166450208,0,0,0,-0.00146115145733228,0,0,0,0,0,0,0,0,-0.00371726569892669,0.0187234182631454,0,0,0,0,0,0,0,0,0,0,0,0,0,0,0,0,0,0,0,0,0,0,-0.0134959927930821,0,0,0,0,0,0,0.0101232261530656,-0.0157916621234389,-0.0083521942771501,0,0,0,0,0,0,0,0,-0.0107657742157358,0,0,0,0,0,0,0,0,0,0,0,0,0,-0.00919733906136528,0,0,0,0,0,0,0,0,0,0,0,0,0,0.0305196106786955,0,0,0,0,0,0,0,0,0,0,0,0,0,0,0,0,0.0124121171256536,0.006343498155551,0,0,0,0,0,0,0.00857211735800773,0,0,0,0,0,0,0,0,0,0,0,0,0,0,0,0,0,0,0,0,0,0,0,0,0,0,0,0,0,0.0379511126895048,0,0,0,0,-0.0130607509422661
NA,NA,NA,NA,NA,NA,NA,NA,NA,NA,NA,NA,NA,NA,NA,NA,NA,NA,NA,NA,NA,NA,NA,NA,NA,NA,NA,NA,NA,NA,NA,NA,NA,NA,NA,NA,NA,NA,NA,NA,NA,NA,NA,NA,NA,NA,NA,NA,NA,NA,NA,NA,NA,NA,NA,NA,NA,NA,NA,NA,NA,NA,NA,NA,NA,NA,NA,NA,NA,NA,NA,NA,NA,NA,NA,NA,NA,NA,NA,NA,NA,NA,NA,NA,NA,NA,NA,NA,NA,NA,NA,NA,NA,NA,NA,NA,NA,NA,NA,NA,NA,NA,NA,NA,NA,NA,NA,NA,NA,NA,NA,NA,NA,NA,NA,NA,NA,NA,NA,NA,NA,NA,NA,NA,NA,NA,NA,NA,NA,NA,NA,NA,NA,NA,NA,NA,NA,NA,NA,NA,NA,NA,NA,NA,NA,NA,NA,NA,NA,NA,NA,NA,NA,NA,NA,NA,NA,NA,NA,NA,NA,NA,NA,NA,NA,NA,NA,NA,NA,NA,NA,NA,NA,NA,NA,NA,NA,NA,NA,NA,NA,NA,NA,NA,NA,NA,NA
-0.0000826371787899065,0.48276754641005,0,0,0,0,0,0,0,0,0,0,0,0,0,0,0,0,0,0,0,0,-0.0216966107961893,0,0,0,0,0,0,0.0489587582980039,0,0,0,0,0,0,0,0.0382812633515386,0,0.00201132643985592,-0.00572602433040084,0,0,-0.018311241595976,0,0,0,-0.00348757618054733,0,0,0,0,0,0,0,0,-0.0041296147611003,0.0195511950979173,0,0,0,0,0,0,0,0,0,0,0,0,0,0,0,0,0,0,0,0,0,0,-0.0130819869815872,0,0,0,0,0,0,0.01265528172852,-0.0170800876582512,-0.00933186926144867,0,0,0,0,0,0,0,0,-0.00565368665216857,0,0,0,0,0,0,0,0,0,0,0,0,0,-0.00727156123040423,0,0,0,0,0,-0.000442109953654935,0,0,0,0,0,0,0,0.0338363165499699,0,0,0,0,0,0,0,0,0,0,0,0,0,0,0,0,0.014780509609365,0.00608510035847264,0,0,0,0,0,0,0.012645195000814,0,0,0,0,0,0,0,0,0,0,0,0,0,0,0,0,0,0,0,0,0,0,0,0,0,0,0,0,0.00120544836637082,0.0376120410669221,0,0,0,0,-0.0125558521568198
NA,NA,NA,NA,NA,NA,NA,NA,NA,NA,NA,NA,NA,NA,NA,NA,NA,NA,NA,NA,NA,NA,NA,NA,NA,NA,NA,NA,NA,NA,NA,NA,NA,NA,NA,NA,NA,NA,NA,NA,NA,NA,NA,NA,NA,NA,NA,NA,NA,NA,NA,NA,NA,NA,NA,NA,NA,NA,NA,NA,NA,NA,NA,NA,NA,NA,NA,NA,NA,NA,NA,NA,NA,NA,NA,NA,NA,NA,NA,NA,NA,NA,NA,NA,NA,NA,NA,NA,NA,NA,NA,NA,NA,NA,NA,NA,NA,NA,NA,NA,NA,NA,NA,NA,NA,NA,NA,NA,NA,NA,NA,NA,NA,NA,NA,NA,NA,NA,NA,NA,NA,NA,NA,NA,NA,NA,NA,NA,NA,NA,NA,NA,NA,NA,NA,NA,NA,NA,NA,NA,NA,NA,NA,NA,NA,NA,NA,NA,NA,NA,NA,NA,NA,NA,NA,NA,NA,NA,NA,NA,NA,NA,NA,NA,NA,NA,NA,NA,NA,NA,NA,NA,NA,NA,NA,NA,NA,NA,NA,NA,NA,NA,NA,NA,NA,NA,NA
0.00302936624278617,0.456946634324119,0,0,0,0,0,0,0,0,0,0,0,0,0,0,0,0,0,0,0,0,-0.01469420309467,0,0,0,0,0.00103220259160823,0,0.0575560215553412,0,0.00251182364206244,0,0,0,0,0,0.0384518864983889,0,0.0120139369242867,-0.0145501603274647,0,0,-0.00836360596151156,0,0,0,-0.00772068354489657,0,0,0,0,0,0,0,0,0,0.0259215533795563,0,-0.00583565096394326,0,0,0,0,0,0,0,0,0,0,0,0,0,0,0,0,0,0,0,0,-0.00877147596954767,0,0,0,0,-0.00273710937944333,0,0.00769565140418117,-0.018994579207842,-0.0196474506405192,0,0,0,0,-0.00245751638786489,0,0,0,-0.0110734528254269,0,0,0,0,0,0,0,0,0,0,0,0,0,-0.0067115277028572,0,0,0.00720597232405877,0,0,-0.000721502622226977,-0.00518075782897267,0,0,0,0,0,0,0.0337324059239063,0,0,0,0,-0.0000114569683105737,0,0,0,0,0,-0.000192672735283277,0,0,0,0,0,0.0271884083191822,0.00795430867215083,0,0,0,0,0,0,0.0126283911955945,0,0,0,0,0.004597122547293,0,0,0,0,0,0,0,0,0,-0.00197376187415953,0,0,0,0,0,0,0,0,0,0,0,0,0,0.00951080498733823,0.0434708904749904,0.00965251006224259,0,0,0,-0.0151099307217305
0.00311756079320883,0.463448949339187,0,0,0,0,0,0,0,0,0,0,0,0.00127189643403726,0,0,0,0,0,0,0,0,-0.0155150313766303,0,0,0,0,0.00344869667967032,0,0.0589518147644023,0,0.000426918714104423,0,0,0,0,0,0.0446096680459502,0,0.00644003078462094,-0.0146789663259331,0,0,-0.0139173304831545,0,0,0,-0.00971422747879897,0,0,0,0,0,0,0,0,0,0.0241146180686521,0,-0.00643088544995991,0,0,0,0,0,0,0,0,0.00767295562139044,0,0,0,0,0,0,0,0,0,0,0,-0.00888557056724617,0,0,0,0,-0.00224119883149293,0,0.0158101748352264,-0.0306372910118969,-0.0189041335676306,0,0,0,0,-0.0013414871594189,0,0,0,-0.00893999117890021,0,0,0,0,0,0,0,0,0,0,0,0,0,-0.00722642444271007,0,0,0.000796017220160303,0,0,-0.00444889320112604,-0.0104148089394077,0,0,0,0,0,0,0.0340935299445529,-0.00804210269035202,0,0,0,-0.00103696763310414,0,0,0,0,0,0,0,0,0,0,0,0.0134002174207649,0.00649622131873565,0,0,0,0,0,0,0.0166355740450122,0,0,0,0,0.00329474501761854,0,0,0,0,0,0,0,0,0,0,0,0,0,0,0,0,0,0,0,0,0,0,0,0.013069255229303,0.0515944836916158,0.0145561925267642,0,0,0,-0.0135369500175167
0.00328449744873295,0.498564291754966,0,0,0,0,0,0,0,0,0,0,0,0,0,0,0,0,0,0,0,0,-0.0118843130386058,0,0,0,0,0.000301452680225393,0,0.0589380164825623,0,0,0,0,0,0,0,0.0344147134731026,0,0.00785252492045947,-0.00889102537378388,0,0,-0.0175069803407676,0,0,0,-0.0108729202874622,0,0,0,0,0,0,0,0,0,0.0197019832446561,0,-0.000550005414584417,0,0,0,0,0,0,0,0,0,0,0,0,0,0,0,0,0,0,0,0,-0.0132360095724036,0,0,0,0,-0.0020160876216891,0,0.00821841980577266,-0.0199696213765937,-0.0117693579025402,0,0,0,0,-0.00508864146908002,0,0,0,-0.0112428531287585,0,0,0,0,0,0,0,0,0,0,0,0,0,-0.0046357107746274,0,0,0,0,0,0,-0.00189205868044532,0,0,0,0,0,0,0.0224760331819964,0,0,0,0,0,0,0,0,0,0,0,0,0,0,0,0,0.00912159701916652,0.0124666622330168,0,0,0,0,0,0,0.0166806481778756,0,0,0,0,0,0,0,0,0,0,0,0,0,0,0,0,0,0,0,0,0,0,0,0,0,0,0,0,0.0185031904393716,0.0373557658357633,0,0,0,0,-0.00775246088916509
0.00209138919474043,0.446134886057715,0,0,0,0,0,0,0,0,0,0,0,0.00707773850283007,0,0,0,0,0,0,0,0,-0.00992620713310481,0,0,0,0,0.00195829789417443,0,0.0608927003810367,0,0.00856531696795384,0,0,0,0,0,0.0483482274343864,0,0.00265469723997697,-0.0127240920542073,0,0,-0.00865190343135541,0,0,0,-0.00589437063551419,0,0,0,0,0,0,0,0,0,0.0238826118797527,0,-0.00811832239632583,0,0,0,0,0,0,0,0,0.00557614130349994,0,0,0,0,0,0,0,0,0,0,0,-0.0173532993947552,0,0,0,0,-0.000583665639686491,0,0.0232638906005091,-0.0373378188665395,-0.0149920836889594,0,0,0,0,-0.0104148958612277,0,0,0,-0.0128767529104324,0,0,0,0,0,0,0,0,0,0,0,0,0,-0.00842300936264716,0,0,0,0,0,-0.0133729465541246,-0.0137553928414436,0,0,0,0,0,0,0.0414223549511977,-0.00502176230058222,0,0,-0.000105210608107809,-0.000606979795932202,0,0,0,0,0.0032893733780171,0,0,0,0,0,0,0.00807532940854098,0,0,0,0,0,0,0,0.0193993605023414,0,0,0,0,0,0,0,0,0,0,0,0,0,0,0,0,0,0,0,0,0,0,0,0,0,0,0,0,0,0.0554794588033969,0.018400625903436,0,0,0,-0.0104528790455589
0.00322629355691698,0.473477764935631,0,0,0,0,0,0,0,0,0,0,0,0,0,0,0,0,0,0,0,0,-0.0111058616254824,0,0,0,0,0,0,0.0611319339399358,0,0.00662742140446699,0,0.00290868598914006,0,0,0,0.0487131064386426,0,0.0038234668819313,-0.0119169548403231,0,0,-0.0129053515432213,0,0,0,-0.0117349562343258,0,0,0,0,0,0,0,0,0,0.0201892705156909,0,-0.00564760614184995,0,0,0,0,0,0,0,0,0.01067524624464,0,0,0,0,0,0,0,0,0,0,0,-0.0227742793257513,0,0,0,0,0,0,0.0226264637574488,-0.0217981427688763,-0.0152266610147367,0,0,0,0,0,0,0,0,0,0,0,0,0,0,0,0,0,0,0,0,0,0,-0.0117160122755796,0,0,0,0,0,-0.00336012969906629,-0.000609757120840989,0,0,0,0,0,0,0.0384653611539882,0,0,0,0,-0.00185823851274353,0,0,0,0,0,0,0,0,0,0,0,0.0244833439569397,0.0049674734835626,0,0,0,0,0,0,0.0173966804108094,0,0,0,0,0.00617922987223208,0,0,0,0,0,0,0,0,0,-0.0024632501752441,0,0,0,0,0,0,0,0,0,0,0,0,0,0.00390516995557696,0.0482344705425419,0.00574605657311687,0,0,0,-0.0122318721564694
0.00398927636901818,0.372039766649217,0,0,0,0,0,0,0,0,0,0,0,0.0259137098212689,0,0,0,0,0,0,0,0,-0.0194173606457199,0,0.0076697510455449,0,0,0.00495582983081135,0,0.049263949618926,-0.0102465440403021,0.000056137614806266,0,0,0,0.0393701893571409,0,0.064894867467877,0,0.0123889974673164,-0.0107450599083491,0,0,0,0,0,0,-0.00108050318371169,0,0,0,0,0,0,0,0,0,0.0244932255923388,0,-0.0103328430412171,0,0,0,0,0,0,0,0,0.00854597533189282,0,0,0,0,0,0,0,0,0.0116568641141128,0,0,-0.0156115261667357,0,0,0,0,-0.000226622888259651,0,0.0437889133600248,-0.0364401029947436,-0.0248775258757962,0,0,0,0,0,0,0,0,-0.0168885217950028,0,0,0,0,0,0,0,0,0,0,0,0,0,-0.00765644259461321,0,0,0,0,0,-0.00869518428061603,-0.0192793109665325,-0.00187048166803999,0,0,0,0,0,0.0464654362529935,-0.0169733963739606,0,0.0151930072030442,0,-0.00199029563939738,0,0,-0.00990653310924543,0,0.00730677717447597,0,0,0,0,0,0,0.00871580932630104,0,0,0,0,0,0,0,0,0,0,0,0.00694239518754016,0.0102403281297999,0,0,0,0,0,0,0,0,0,0,0,0,0,0,0,0,0,0,0,0,0,0,0,0,0.0844419419444745,0.076731655316147,0,0,0,-0.00986576432358422
NA,NA,NA,NA,NA,NA,NA,NA,NA,NA,NA,NA,NA,NA,NA,NA,NA,NA,NA,NA,NA,NA,NA,NA,NA,NA,NA,NA,NA,NA,NA,NA,NA,NA,NA,NA,NA,NA,NA,NA,NA,NA,NA,NA,NA,NA,NA,NA,NA,NA,NA,NA,NA,NA,NA,NA,NA,NA,NA,NA,NA,NA,NA,NA,NA,NA,NA,NA,NA,NA,NA,NA,NA,NA,NA,NA,NA,NA,NA,NA,NA,NA,NA,NA,NA,NA,NA,NA,NA,NA,NA,NA,NA,NA,NA,NA,NA,NA,NA,NA,NA,NA,NA,NA,NA,NA,NA,NA,NA,NA,NA,NA,NA,NA,NA,NA,NA,NA,NA,NA,NA,NA,NA,NA,NA,NA,NA,NA,NA,NA,NA,NA,NA,NA,NA,NA,NA,NA,NA,NA,NA,NA,NA,NA,NA,NA,NA,NA,NA,NA,NA,NA,NA,NA,NA,NA,NA,NA,NA,NA,NA,NA,NA,NA,NA,NA,NA,NA,NA,NA,NA,NA,NA,NA,NA,NA,NA,NA,NA,NA,NA,NA,NA,NA,NA,NA,NA
NA,NA,NA,NA,NA,NA,NA,NA,NA,NA,NA,NA,NA,NA,NA,NA,NA,NA,NA,NA,NA,NA,NA,NA,NA,NA,NA,NA,NA,NA,NA,NA,NA,NA,NA,NA,NA,NA,NA,NA,NA,NA,NA,NA,NA,NA,NA,NA,NA,NA,NA,NA,NA,NA,NA,NA,NA,NA,NA,NA,NA,NA,NA,NA,NA,NA,NA,NA,NA,NA,NA,NA,NA,NA,NA,NA,NA,NA,NA,NA,NA,NA,NA,NA,NA,NA,NA,NA,NA,NA,NA,NA,NA,NA,NA,NA,NA,NA,NA,NA,NA,NA,NA,NA,NA,NA,NA,NA,NA,NA,NA,NA,NA,NA,NA,NA,NA,NA,NA,NA,NA,NA,NA,NA,NA,NA,NA,NA,NA,NA,NA,NA,NA,NA,NA,NA,NA,NA,NA,NA,NA,NA,NA,NA,NA,NA,NA,NA,NA,NA,NA,NA,NA,NA,NA,NA,NA,NA,NA,NA,NA,NA,NA,NA,NA,NA,NA,NA,NA,NA,NA,NA,NA,NA,NA,NA,NA,NA,NA,NA,NA,NA,NA,NA,NA,NA,NA
NA,NA,NA,NA,NA,NA,NA,NA,NA,NA,NA,NA,NA,NA,NA,NA,NA,NA,NA,NA,NA,NA,NA,NA,NA,NA,NA,NA,NA,NA,NA,NA,NA,NA,NA,NA,NA,NA,NA,NA,NA,NA,NA,NA,NA,NA,NA,NA,NA,NA,NA,NA,NA,NA,NA,NA,NA,NA,NA,NA,NA,NA,NA,NA,NA,NA,NA,NA,NA,NA,NA,NA,NA,NA,NA,NA,NA,NA,NA,NA,NA,NA,NA,NA,NA,NA,NA,NA,NA,NA,NA,NA,NA,NA,NA,NA,NA,NA,NA,NA,NA,NA,NA,NA,NA,NA,NA,NA,NA,NA,NA,NA,NA,NA,NA,NA,NA,NA,NA,NA,NA,NA,NA,NA,NA,NA,NA,NA,NA,NA,NA,NA,NA,NA,NA,NA,NA,NA,NA,NA,NA,NA,NA,NA,NA,NA,NA,NA,NA,NA,NA,NA,NA,NA,NA,NA,NA,NA,NA,NA,NA,NA,NA,NA,NA,NA,NA,NA,NA,NA,NA,NA,NA,NA,NA,NA,NA,NA,NA,NA,NA,NA,NA,NA,NA,NA,NA
NA,NA,NA,NA,NA,NA,NA,NA,NA,NA,NA,NA,NA,NA,NA,NA,NA,NA,NA,NA,NA,NA,NA,NA,NA,NA,NA,NA,NA,NA,NA,NA,NA,NA,NA,NA,NA,NA,NA,NA,NA,NA,NA,NA,NA,NA,NA,NA,NA,NA,NA,NA,NA,NA,NA,NA,NA,NA,NA,NA,NA,NA,NA,NA,NA,NA,NA,NA,NA,NA,NA,NA,NA,NA,NA,NA,NA,NA,NA,NA,NA,NA,NA,NA,NA,NA,NA,NA,NA,NA,NA,NA,NA,NA,NA,NA,NA,NA,NA,NA,NA,NA,NA,NA,NA,NA,NA,NA,NA,NA,NA,NA,NA,NA,NA,NA,NA,NA,NA,NA,NA,NA,NA,NA,NA,NA,NA,NA,NA,NA,NA,NA,NA,NA,NA,NA,NA,NA,NA,NA,NA,NA,NA,NA,NA,NA,NA,NA,NA,NA,NA,NA,NA,NA,NA,NA,NA,NA,NA,NA,NA,NA,NA,NA,NA,NA,NA,NA,NA,NA,NA,NA,NA,NA,NA,NA,NA,NA,NA,NA,NA,NA,NA,NA,NA,NA,NA
-0.000347971208863547,0.489703111029122,0,0,0,0,0,0,0,0,0,0,0,0,0,0,0,0,0,0,0,0,-0.0183834880447191,0,0,0,0,0,0,0.0502096626247542,0,0,0,0.00154524497988582,0,0,0,0.0241238967905773,0,0.00163924326288995,-0.000312173159751055,0,0,-0.0202497646744059,0,0,0,0,0,0,0,0,0,0,0,0,-0.0105366125013045,0.0148223711497878,0,-0.00251933101688901,0,0,0,0,0,0,0,0,0,0,0,0,0,0,0,0,0,0,0,0,-0.0181944489896595,0,0,0,0,0,0,0.0117109820374142,-0.00932019474305025,-0.00774236047961957,0,0,0,0,-0.00172835395463978,0,0,0,-0.0055448009455027,0,0,0,0,0,0,0,0,0,0,0,0,0,-0.00534574529563253,0,0,0,0,0,0,0,0,0,0,0,0,0,0.0317589159635981,0,0,0,0,0,0,0,0,0,0.00574045743645805,0,0,0,0,0,0,0.00789435236910062,0,0,0,0,0,0,0,0.0139287752915288,0,0,0,0,0,0,0,0,0,0,0,0,0,0,0,0,0,0,0,0,0,0,0,0,0,0,0,0,0.00710432756661063,0.0292013020488955,0,0,0,0,-0.00934994076686434
NA,NA,NA,NA,NA,NA,NA,NA,NA,NA,NA,NA,NA,NA,NA,NA,NA,NA,NA,NA,NA,NA,NA,NA,NA,NA,NA,NA,NA,NA,NA,NA,NA,NA,NA,NA,NA,NA,NA,NA,NA,NA,NA,NA,NA,NA,NA,NA,NA,NA,NA,NA,NA,NA,NA,NA,NA,NA,NA,NA,NA,NA,NA,NA,NA,NA,NA,NA,NA,NA,NA,NA,NA,NA,NA,NA,NA,NA,NA,NA,NA,NA,NA,NA,NA,NA,NA,NA,NA,NA,NA,NA,NA,NA,NA,NA,NA,NA,NA,NA,NA,NA,NA,NA,NA,NA,NA,NA,NA,NA,NA,NA,NA,NA,NA,NA,NA,NA,NA,NA,NA,NA,NA,NA,NA,NA,NA,NA,NA,NA,NA,NA,NA,NA,NA,NA,NA,NA,NA,NA,NA,NA,NA,NA,NA,NA,NA,NA,NA,NA,NA,NA,NA,NA,NA,NA,NA,NA,NA,NA,NA,NA,NA,NA,NA,NA,NA,NA,NA,NA,NA,NA,NA,NA,NA,NA,NA,NA,NA,NA,NA,NA,NA,NA,NA,NA,NA
-0.00100097360523366,0.46482254535567,0,0,0,0,0,0,0,0,0,0,0,0,0,0,0,0,0,0,0,0,-0.00817328087550399,0,0,0,0,0,0,0.0557602892591983,0,0,0,0.00609495209872702,0,0,0,0.030577173291224,0,0.00342205762661698,0,0,0,-0.0161134356119208,0,0,0,-0.00431664360015082,0,0,0,0,0,0,0,0,-0.00689731911188884,0.0137913113785256,0,-0.00154903310825775,-0.000620937675722398,0,0,0,0,0,0,0,0,0,0,0,0,0,0,0,0,0,0,0,-0.0228952386895665,0,0,0,0,0,0,0.00998980238678022,-0.0109433075516918,-0.0093598156738064,0,0,0,0,-0.00184465362501838,0,0,0,-0.00902106938019518,0,0,0,0,0,0,0,0,0,0,0,0,0,-0.00969208978828866,0,0,0,0,0,0,0,0,0,0,0,0,0,0.0321413226169391,-0.000982703487842313,0,0,0,0,0,0,0,0,0.00159553067419116,0,0,0,0,0,0,0.00294936878529925,0,0,0,0,0,0,0,0.013355300414746,0,0,0,0,0,0,0,0,0,0,0,0,0,0,0,0,0,0,0,0,0,0,0,0,0,0,0,0,0.00840108810043476,0.0282308856634025,0,0,0,0,-0.00558661147901215
NA,NA,NA,NA,NA,NA,NA,NA,NA,NA,NA,NA,NA,NA,NA,NA,NA,NA,NA,NA,NA,NA,NA,NA,NA,NA,NA,NA,NA,NA,NA,NA,NA,NA,NA,NA,NA,NA,NA,NA,NA,NA,NA,NA,NA,NA,NA,NA,NA,NA,NA,NA,NA,NA,NA,NA,NA,NA,NA,NA,NA,NA,NA,NA,NA,NA,NA,NA,NA,NA,NA,NA,NA,NA,NA,NA,NA,NA,NA,NA,NA,NA,NA,NA,NA,NA,NA,NA,NA,NA,NA,NA,NA,NA,NA,NA,NA,NA,NA,NA,NA,NA,NA,NA,NA,NA,NA,NA,NA,NA,NA,NA,NA,NA,NA,NA,NA,NA,NA,NA,NA,NA,NA,NA,NA,NA,NA,NA,NA,NA,NA,NA,NA,NA,NA,NA,NA,NA,NA,NA,NA,NA,NA,NA,NA,NA,NA,NA,NA,NA,NA,NA,NA,NA,NA,NA,NA,NA,NA,NA,NA,NA,NA,NA,NA,NA,NA,NA,NA,NA,NA,NA,NA,NA,NA,NA,NA,NA,NA,NA,NA,NA,NA,NA,NA,NA,NA
0.00204323938114755,0.454348208423229,0,0,0,0,0,0,0,0,0,0,0,0,0,0,0,0,0,0,0,0,-0.0103458296115733,0,0,0,0,0,0,0.0662786466976907,0,0,0,0.00252577945656222,0,0,0,0.0535564977331521,0,0.0124022438067546,0,0,0,-0.00938577929695142,0,0,0,-0.00997455387480485,0,0,0,0,0,0,0,0,-0.00506957083833883,0.0199297802703789,0,-0.0095272181013436,0,0,0,0,0,0,0,0,0.00384435143311943,0,0,0,0,0,0,0,0,0,0,0,-0.022073309967547,0,0,0,0,0,0,0.00899723180683252,-0.0235975924511526,-0.0111381160092214,0,0,0,0,-0.00854414036392368,0,0,0,-0.0117237525417597,0,0,0,0,0,0,0,0,0,0,0,0,0,-0.00916098488240887,0,0,0,0,0,0,0,0,0,0,0,0,0,0.0336963036058588,-0.00189663248513864,0,0,0,0,0,0,0,0,0,0,0,0,0,0,0,0.00336381608622875,0,0,0,0,0,0,0,0.0182132280281771,0,0,0,0,0,0,0,0,0,0,0,0,0,0,0,0,0,0,0,0,0,0,0,0,0,0,0,0,0.0136632789172419,0.0360455034581258,0,0,0,0,-0.00513541063192623
0.000554956253848308,0.460407716565277,0,0,0,0,0,0,0,0,0,0,0,0,0,0,0,0,0,0,0,0,-0.00621481264059018,0,0,0,0,0,0,0.0609241868400559,0,0,0,0.00365455378316809,0,0,0,0.0461802137318521,0,0.00550895824275065,0,0,0,-0.00505661115781188,0,0,0,-0.00972802135209523,0,0,0,0,0,0,0,0,-0.00383443404095964,0.0224948130597742,0,-0.00960272754946151,0,0,0,0,0,0,0,0,0.00420452496845655,0,0,0,0,0,0,0,0,0,0,0,-0.0192804587362635,0,0,0,0,0,0,0.0144440064794661,-0.0190069748498339,-0.0128978033155674,0,0,0,0,-0.00622106575732998,0,0,0,-0.00658221294292824,0,0,0,0,0,0,0,0,0,0,0,0,0,-0.00373649457534835,0,0,0,0,0,0,0,0,0,0,0,0,0,0.034369084627562,-0.00622333614884861,0,0,0,0,0,0,0,0,0,0,0,0,0,0,0,0.0102940045661677,0.0000310973934896767,0,0,0,0,0,0,0.0177122253910519,0,0,0,0,0,0,0,0,0,0,0,0,0,0,0,0,0,0,0,0,0,0,0,0,0,0,0,0,0.00460758745534072,0.0277339652962393,0.00754801450676349,0,0,0,-0.00122092479877246
-0.000185274309078165,0.465749120918352,0,0,0,0,0,0,0,0,0,0,0,0,0,0,0,0,0,0,0,0,-0.00618532647862565,0,0,0,0,0,0,0.0613755029897382,0,0,0,0.00480674234961938,0,0,0,0.0356545368310389,0,0,0,0,0,-0.0127309564796359,0,0,0,-0.0108079456623774,0,0,0,0,0,0,0,0,-0.00494329197830459,0.0204537177895786,0,-0.00524172776798617,-0.00364594550581634,0,0,0,0,0,0,0,0.0025520318128692,0,0,0,0,0,0,0,0,0,0,0,-0.016909228492093,0,0,0,0,0,0,0.00818551342321181,-0.0142155929131483,-0.0105220957429616,0,0,0,0,-0.00809718984872475,0,0,0,-0.00933012974685339,0,0,0,0,0,0,0,0,0,0,0,0,0,-0.00289031448161908,0,0,0,0,0,0,0,0,0,0,0,0,0,0.0291358434179666,-0.00465264073109098,0,0,0,0,0,0,0,0,0,0,0,0,0,0,0,0.00702812064676492,0,0,0,0,0,0,0,0.0181266163900244,0,0,0,0,0,0,0,0,0,0,0,0,0,0,0,0,0,0,0,0,0,0,0,0,0,0,0,0,0.0112557170080758,0.017499156857038,0,0,0,0,0
-0.000764912531877167,0.465121810687372,0,0,0,0,0,0,0,0,0,0,0,0,0,0,0,0,0,0,0,0,-0.00535183690349531,0,0,0,0,0,0,0.0551115464962835,0,0,0,0.00639046613945557,0,0,0,0.0371309962583941,0,0,0,0,0,-0.0159605408045356,0,0,0,-0.0068232832836859,0,0,0,0,0,0,0,0,-0.00488053688760336,0.0176545785433333,0,-0.00474346047779935,0,0,0,0,0,0,0,0,0.00561785973157443,0,0,0,0,0,0,0,0,0,0,0,-0.0205267175966944,0,0,0,0,0,0,0.00921410638127246,-0.00909027264237041,-0.00706162045370782,0,0,0,0,-0.00460210754165994,0,0,0,-0.00839061018444783,0,0,0,0,0,0,0,0,0,0,0,0,0,-0.015932095705104,0,0,0,0,0,0,0,0,0,0,0,0,0,0.0289357541315945,-0.00507529185410406,0,0,0,0,0,0,0,0,0.00176991880632228,0,0,0,0,0,0,0.00928564614327995,0.0061098208298934,0,0,0,0,0,0,0.0202445500586995,0,0,0,0,0,0,0,0,0,0,0,0,0,0,0,0,0,0,0,0,0,0,0,0,0,0,0,0,0.0101967341692601,0.0222723142014169,0,0,0,0,-0.00330158028704019
0.00029173894470793,0.500392537824139,0,0,0,0,0,0,0,0,0,0,0,0,0,0,0,0,0,0,0,0,-0.0101372631918679,0,0,0,0,0,0,0.0596314490910782,0,0.000938175278459268,0,0.00577567530094945,0,0,0,0.031570068905456,0,0.00606748391704537,0,0,0,-0.0142734856436383,0,0,0,-0.00551357692343152,0,0,0,0,0,0,0,0,-0.00524978863621255,0.0187555607643985,0,-0.000103447011203966,0,0,0,0,0,0,0,0,0,0,0,0,0,0,0,0,0,0,0,0,-0.0159263478298995,0,0,0,0,0,0,0.0090887639870673,-0.00767479005766094,-0.0070547361606761,0,0,0,0,-0.00399976193501225,0,0,0,-0.00734495351483105,0,0,0,0,0,0,0,0,0,0,0,0,0,-0.00472080779198479,0,0,0,0,0,0,0,0,0,0,0,0,0,0.0256335170036326,0,0,0,0,0,0,0,0,0,0.0000717985072170563,0,0,0,0,0,0,0.00133876883199459,0.000178025475642557,0,0,0,0,0,0,0.020547373735984,0,0,0,0,0,0,0,0,0,0,0,0,0,0,0,0,0,0,0,0,0,0,0,0,0,0,0,0,0.0130260637338704,0.0149115988945835,0,0,0,0,-0.0113072462163695
-0.000615977168370226,0.453030503387429,0,0,0,0,0,0,0,0,0,0,0,0,0,0,0,0,0,0,0,0,-0.0052550552492853,0,0,0,0,0,0,0.0598377874196562,0,0,0,0.00622220881917722,0,0,0,0.0442980733933313,0,0,0,0,0,-0.00939046338012828,0,0,0,-0.0107128708219774,0,0,0,0,0,0,0,0,-0.0034412967051695,0.0204582088307881,0,-0.0092159848460727,0,0,0,0,0,0,0,0,0.00854460372198496,0,0,0,0,0,0,0,0,0,0,0,-0.019213245032445,0,0,0,0,0,0,0.013572769814167,-0.016895502032896,-0.0124763295068428,0,0,0,0,-0.00596110459967699,0,0,0,-0.00932713219559553,0,0,0,0,0,0,0,0,0,0,0,0,0,-0.00352323420956949,0,0,0,0,0,0,0,0,0,0,0,0,0,0.031848876498662,-0.00509955010617791,0,0,0,0,0,0,0,0,0.00102953881128978,0,0,0,0,0,0,0.0134085674874433,0.00424176237701565,0,0,0,0,0,0,0.0247367828428724,0,0,0,0,0,0,0,0,0,0,0,0,0,0,0,0,0,0,0,0,0,0,0,0,0,0,0,0,0.00802005356755922,0.0271116613579731,0,0,0,0,-0.00244456418506009
0.000563187209251478,0.408638676416859,0,0,0,0,0,0,0,0,0,0,0,0.00836894961503047,0,0,0,0,0,0,0,0,-0.00531111044742797,0,0,0,0,0,0,0.0615935424567365,0,0,0,0.0112486156424823,0,0.0010436106736852,0,0.0555439533246287,0,0.0107190673343993,0,0,0,0,0,0,0,-0.00929673015552865,0,0,0,0,0,0,0,0,-0.00125941246483695,0.0228789699286607,0,-0.00963651647534069,0,0,0,0,0,0,0,0,0.0173081845524218,0,0,0,0,0,0,0,0,0,0,0,-0.0208462221000947,0,0,0,0,0,0,0.0228934118941131,-0.0252444158914808,-0.0107473909370487,0,0,0,0,-0.00706834328345062,0,0,0,-0.00741526693547905,0,0,0,0,0,0,0,0,0,0,0,0,0,-0.014439165180295,0,0,0,0,0,0,-0.00245038024991704,0,0,0,0,0,0,0.0416423672170463,0,0,0.00165487250219199,0,0,0,0,0,0,0.00340025922530706,0,0,0,0,0,0,0.0187327654026159,0.00282782473405046,0,0,0,0,0,0,0.00211691689411876,0,0,0,0,0,0,0,0,0,0,0,0,0,0,-0.00158340529581699,0,0,0,0,0,0,0,0,0,0,0,0,0,0.00227758488307691,0.0428974458750354,0.0192254779610333,0,0,0,-0.00043986046455198
0.000452406024760064,0.471302715073976,0,0,0,0,0,0,0,0,0,0,0,0,0,0,0,0,0,0,0,0,-0.0167463888417136,0,0,0,0,0,0,0.058256891702727,0,0,0,0.00441550204084579,0,0,0,0.0425025400502883,0,0.000875633609895124,-0.00452795544408577,0,0,-0.0125304590844298,0,0,0,-0.00593142841007125,0,0,0,0,0,0,0,0,-0.00594318763389315,0.0187229831811069,0,-0.00709251408253888,0,0,0,0,0,0,0,0,0.000454903289870539,0,0,0,0,0,0,0,0,0,0,0,-0.0156271482398202,0,0,0,0,0,0,0.0104903324859348,-0.0143135042114802,-0.00894493578598664,0,0,0,0,-0.00394419673471331,0,0,0,-0.00438619306532467,0,0,0,0,0,0,0,0,0,0,0,0,0,-0.00652444583068983,0,0,0,0,0,0,0,0,0,0,0,0,0,0.0299019657347418,0,0,0,0,0,0,0,0,0,0.000127600733067334,0,0,0,0,0,0,0.0117895913592341,0.000226783337476493,0,0,0,0,0,0,0.0224124683263701,0,0,0,0,0,0,0,0,0,0,0,0,0,0,0,0,0,0,0,0,0,0,0,0,0,0,0,0,0.000987167718069227,0.037950958132352,0,0,0,0,-0.013797240237664
0.0029058733826298,0.392908754160978,0,0,0,-0.00112187568053706,0,0,0,0,0,0,0,0.00286549810396955,0,0,0,0,0,0,0,0,-0.00788114459940597,0,0.00120522950031333,0,0,0.00782341243758228,0,0.0917550582799757,0,0,0,0,0,0.0312149549747298,0,0.0557047998634258,0,0.0111528646142745,-0.0127342407162067,0,0,-0.00697185596875513,0,0,0,-0.0114605963789143,0,0,0,0,0,0,0,0,0,0.0212809411304722,0,-0.00376077786115849,0,0,0,0,-0.00164942722593942,0,0,0,0,0,0,0,0,0,0,0,0,0,0,0,-0.0200549540862573,0,0,0,0,0,0,0.017338887182904,-0.0334812344297355,-0.0229229546881039,0,0,0,0,-0.00481099031295194,0,0,0,-0.0108851102803034,0,0,0,0,0,0,0,0,0,0,0,0,0,-0.00529401176106854,0,0,0,0,0,-0.0142277528649872,-0.00861537795038276,0,0,0,0,0,0,0.0351695178159934,-0.00652063750986677,0,0.00763051392440698,0,0,0,0,0,0,0,0,0,0,0,0,0,0,0,0,0,0,0,0,0,0,0,0,0,0,0,0,0,0,0,0,0,0,0,0,0,0,0,0,0,0,0,0,0,0,0,0,0,0,0,0.0674700723139886,0.0547404875316612,0,0,0,-0.00930912183933054
0.00150892280676221,0.46870992447,0,0,0,0,0,0,0,0,0,0,0,0,0,0,0,0,0,0,0,0,-0.00492466748463497,0,0,0,0,0,0,0.0688478664048632,0,0,0,0.00543817590977452,0,0,0,0.0566159859329901,0,0.0080323572524223,0,0,0,-0.00540384403631462,0,0,0,-0.00963001548719506,0,0,0,0,0,0,0,0,-0.000086916701763449,0.0211123747488533,0,-0.00765776567469716,0,0,0,0,0,0,0,0,0.00727325319944023,0,0,0,0,0,0,0,0,0,0,0,-0.0137122062620728,0,0,0,0,0,0,0.00687516579852516,-0.0180909399759169,-0.0105244985638102,0,0,0,0,-0.0114717179089258,0,0,0,-0.0106402596299542,0,0,0,0,0,0,0,0,0,0,0,0,0,-0.00729383443879629,0,0,0,0,0,0,-0.00233302511927463,0,0,0,0,0,0,0.0255281658384174,-0.00350605276116478,0,0,0,0,0,0,0,0,0,0,0,0,0,0,0,0.00468236044133494,0,0,0,0,0,0,0,0.0178619404604589,0,0,0,0,0,0,0,0,0,0,0,0,0,0,0,0,0,0,0,0,0,0,0,0,0,0,0,0,0.0149207787885313,0.0213108810738575,0.00240616502499265,0,0,0,0
0.00131169215417466,0.458746604100856,0,0,0,0,0,0,0,0,0,0,0,0.0023267300267619,0,0,0,0,0,0,0,0,-0.00238689796902353,0,0,0,0,0.00184845096968841,0,0.0789942218070711,0,0.00280655137535439,0,0,0,0,0,0.0408512378393068,0,0.00781832689071285,0,0,0,-0.0105261383791249,0,0,0,-0.00854950677143242,0,0,0,0,0,0,0,0,0,0.0297715740975803,0,-0.00515909199668977,0,0,0,0,0,0,0,0,0.00635725020103645,0,0,0,0,0,0,0,0,0,0,0,-0.0117730543294472,0,0,0,0,-0.00458600229202874,0,0.0109348010316579,-0.0215894048031438,-0.0140295253936498,0,0,0,0,-0.00986794581773136,0,0,0,-0.0107451335381781,0,0,0,0,0,0,0,0,0,0,0,0,0,-0.00407626548648868,0,0,0,0,0,0,-0.00510141122282599,0,0,0,0,0,0,0.0300250081903421,-0.00411517634605214,0,0.0011409864237542,0,0,0,0,0,0,0,0,0,0,0,0,0,0.00770647656650099,0,0,0,0,0,0,0,0.0182371166860141,0,0,0,0,0,0,0,0,0,0,0,0,0,0,0,0,0,0,0,0,0,0,0,0,0,0,0,0,0.0212772582674615,0.0103709318198797,0.0206155732572126,0,0,0,0
0.0006439651485678,0.462515509229819,0,0,0,0,0,0,0,0,0,0,0,0,0,0,0,0,0,0,0,0,-0.00298101396919217,0,0,0,0,0.00108781786903299,0,0.0769119935571907,0,0,0,0,0,0,0,0.0436580970684491,0,0.00449198579355685,0,0,0,-0.00971619465797987,0,0,0,-0.0121027599822542,0,0,0,0,0,0,0,0,0,0.0263094188220902,0,-0.00289967887296268,0,0,0,0,0,0,0,0,0.00205851895681764,0,0,0,0,0,0,0,0,0,0,0,-0.00904405467811237,0,0,0,0,-0.00346000710274789,0,0.0103188767154148,-0.0207728094710969,-0.0119872331371805,0,0,0,0,-0.0104685016910706,0,0,0,-0.0122716096178726,0,0,0,0,0,0,0,0,0,0,0,0,0,-0.00149472298972277,0,0,0,0,0,0,-0.00448598787820593,0,0,0,0,0,0,0.0281741438938004,-0.00562918806871991,0,0,0,0,0,0,0,0,0,0,0,0,0,0,0,0.00844640747383228,0,0,0,0,0,0,0,0.0112290778309226,0,0,0,0,0,0,0,0,0,0,0,0,0,0,0,0,0,0,0,0,0,0,0,0,0,0,0,0,0.0207181767021759,0.0125073756533528,0.0173805696898861,0,0,0,0
-0.0000935834385781507,0.477557228722401,0,0,0,0,0,0,0,0,0,0,0,0,0,0,0,0,0,0,0,0,-0.00319571242438667,0,0,0,0,0.00104576483183446,0,0.076682056473837,0,0,0,0.0016922866498992,0,0,0,0.0333167082330889,0,0.00129259640860921,0,0,0,-0.00977927922382016,0,0,0,-0.00634461354536646,0,0,0,0,0,0,0,0,-0.00340496451241748,0.020338612200719,0,-0.00179847185027692,0,0,0,0,0,0,0,0,0,0,0,0,0,0,0,0,0,0,0,0,-0.0140369150290359,0,0,0,0,0,0,0.0104372605570865,-0.0162748184557472,-0.00808558435940874,0,0,0,0,-0.00962459824147427,0,0,0,-0.00947872493893225,0,0,0,0,0,0,0,0,0,0,0,0,0,-0.0050125105751359,0,0,0,0,0,0,0,0,0,0,0,0,0,0.0308813471512964,-0.00211909607058887,0,0,0,0,0,0,0,0,0,0,0,0,0,0,0,0.00803340832201285,0,0,0,0,0,0,0,0.0111460221338538,0,0,0,0,0,0,0,0,0,0,0,0,0,0,0,0,0,0,0,0,0,0,0,0,0,0,0,0,0.0249714574801562,0.0129996008472221,0,0,0,0,0
-0.000177905636140892,0.463945859260079,0,0,0,0,0,0,0,0,0,0,0,0,0,0,0,0,0,0,0,0,-0.00444007243735927,0,0,0,0,0,0,0.065470111336837,0,0,0,0.00175630203830388,0,0,0,0.037036535583474,0,0.00574244463641419,0,0,0,-0.00782943637160023,0,0,0,-0.0073348025760622,0,0,0,0,0,0,0,0,-0.00714525461229915,0.0190221730950946,0,-0.00251552577801051,0,0,0,0,0,0,0,0,0.000913958095536893,0,0,0,0,0,0,0,0,0,0,0,-0.0159056448943286,0,0,0,0,0,0,0.0128561043849656,-0.0125692879559376,-0.00873933065581607,0,0,0,0,-0.0108155598451003,0,0,0,-0.0116749157171768,0,0,0,0,0,0,0,0,0,0,0,0,0,-0.00803092778319052,0,0,0,0,0,0,0,0,0,0,0,0,0,0.0333208020720382,-0.00584548275043942,0,0,0,0,0,0,0,0,0,0,0,0,0,0,0,0.00556281491485937,0,0,0,0,0,0,0,0.0126456680911522,0,0,0,0,0,0,0,0,0,0,0,0,0,0,0,0,0,0,0,0,0,0,0,0,0,0,0,0,0.0116664300399217,0.0142158198200582,0.00441177398417468,0,0,0,0
-0.00119241381185499,0.469207175208471,0,0,0,0,0,0,0,0,0,0,0,0,0,0,0,0,0,0,0,0,-0.00859590631670672,0,0,0,0,0,0,0.0605446626902397,0,0,0,0.00282808281088831,0,0,0,0.0327261960626464,0,0.00678039489736179,0,0,0,-0.00714198262643097,0,0,0,0,0,0,0,0,0,0,0,0,-0.00544668920359027,0.0151458760510569,0,-0.00425104136230398,0,0,0,0,0,0,0,0,0.00530203071877793,0,0,0,0,0,0,0,0,0,0,0,-0.0166980691225434,0,0,0,0,0,0,0.0111061232570011,-0.0117320346003406,-0.00726871199023382,0,0,0,0,-0.0076419733778785,0,0,0,-0.00978450069824835,0,0,0,0,0,0,0,0,0,0,0,0,0,-0.0103503191101814,0,0,0,0,0,0,0,0,0,0,0,0,0,0.0335871312616513,0,0,0,0,0,0,0,0,0,0.000634983775240097,0,0,0,0,0,0,0.00634489489375192,0.000373808203013423,0,0,0,0,0,0,0.00978681449603043,0,0,0,0,0,0,0,0,0,0,0,0,0,0,0,0,0,0,0,0,0,0,0,0,0,0,0,0,0.00410781713229286,0.0202637710100452,0,0,0,0,-0.005620261226559
-0.00184614231066436,0.480014226639274,0,0,0,0,0,0,0,0,0,0,0,0,0,0,0,0,0,0,0,0,-0.00731010957522532,0,0,0,0,0,0,0.0574799503403977,0,0,0,0.00659137782331889,0,0,0,0.0321066220477761,0,0.0039759820418411,0,0,0,-0.00853734847534507,0,0,0,-0.0119922543617005,0,0,0,0,0,0,0,0,-0.010802968749558,0.0133731346229874,0,0,0,0,0,0,0,0,0,0,0,0,0,0,0,0,0,0,0,0,0,0,-0.0165345298642382,0,0,0,0,0,0,0.00976913411644154,-0.00887005220748874,-0.00676011159251786,0,0,0,0,-0.00414609018192035,0,0,0,-0.00754436652722429,0,0,0,0,0,0,0,0,0,0,0,0,0,-0.0098102338767131,0,0,0,0,0,0,0,0,0,0,0,0,0,0.0304184455473194,0,0,0,0,0,0,0,0,0,0,0,0,0,0,0,0,0.00368689328778287,0.000506854358018878,0,0,0,0,0,0,0.00992569041153054,0,0,0,0,0,0,0,0,0,0,0,0,0,0,0,0,0,0,0,0,0,0,0,0,0,0,0,0,0.0091392645012884,0.0195087481760598,0,0,0,0,-0.00583502771508425
-0.0028568458346003,0.476062629575756,0,0,0,0,0,0,0,0,0,0,0,0,0,0,0,0,0,0,0,0,-0.00539952870434797,0,0,0,0,0,0,0.049032402720825,0,0,0,0.0077176281404697,0,0,0,0.0300438849120231,0,0.00655016799036036,0,0,0,-0.00839420532373887,0,0,0,0,0,0,0,0,0,0,0,0,-0.00953558178322755,0.0109792156001953,0,0,0,0,0,0,0,0,0,0,0,0,0,0,0,0,0,0,0,0,0,0,-0.020536626073745,0,0,0,0,0,0,0.0106036641965017,-0.0078170305260151,-0.00737370500141366,0,0,0,0,-0.00505402901785978,0,0,0,-0.0121084836850476,0,0,0,0,0,0,0,0,0,0,0,0,0,-0.0104808942590876,0,0,0,0,0,0,0,0,0,0,0,0,0,0.0314510162716759,-0.00240832970479984,0,0,0,0,0,0,0,0,0.0026678989275363,0,0,0,0,0,0,0.00339143547747427,0,0,0,0,0,0,0,0.00439614733044737,0,0,0,0,0,0,0,0,0,0,0,0,0,0,0,0,0,0,0,0,0,0,0,0,0,0,0,0,0.000553344421734411,0.0166077559052208,0,0,0,0,-0.00487504074039961
-0.00278869884960526,0.452619084027563,0,0,0,0,0,0,0,0,0,0,0,0,0,0,0,0,0,0,0,0,-0.00806890761515292,0,0,0,0,0,0,0.0538033768143555,0,0,0,0.0105971287955071,0,0,0,0.0342812007946513,0,0.00858596405519516,0,0,0,-0.00512546164781097,0,0,0,0,0,0,0,0,0,0,0,0,-0.0101577342928856,0.0115591263881734,0,-0.00243832125551067,0,0,0,0,0,0,0,0,0.00328966935784504,0,0,0,0,0,0,0,0,0,0,0,-0.0171826978572289,0,0,0,0,0,0,0.0126752362424031,-0.00919658777320574,-0.0042761471580846,0,0,0,0,-0.00480909861689285,0,0,0,-0.0115052748775004,0,0,0,0,0,0,0,0,0,0,0,0,0,-0.0114368244256899,0,0,0,0,0,0,0,0,0,0,0,0,0,0.0344124589839103,-0.0018872619195381,0,0,0,0,0,0,0,0,0.000778380141933434,0,0,0,0,0,0,0.0042586612613203,0,0,0,0,0,0,0,0.00582778864930771,0,0,0,0,0,0,0,0,0,0,0,0,0,0,0,0,0,0,0,0,0,0,0,0,0,0,0,0,0,0.0245251823179186,0,0,0,0,-0.00701847659184084
-0.00111955055929433,0.449959170265315,0,0,0,0,0,0,0,0,0,0,0,0,0,0,0,0,0,0,0,0,-0.00817555772183392,0,0,0,0,0,0,0.0594897181603908,0,0,0,0.0065635458473957,0,0,0,0.0410893090558782,0,0.00897578261115658,0,0,0,-0.00020420366690903,0,0,0,-0.0050863624057648,0,0,0,0,0,0,0,0,-0.00767334588335758,0.0161668594785763,0,-0.0063050081699363,0,0,0,0,0,0,0,0,0.00723981718746275,0,0,0,0,0,0,0,0,0,0,0,-0.01444021230645,0,0,0,0,0,0,0.013568733864225,-0.0116410545022785,-0.00750294984116087,0,0,0,0,-0.00565920021701417,0,0,0,-0.00981702400173421,0,0,0,0,0,0,0,0,0,0,0,0,0,-0.0124596540446769,0,0,0,0,0,0,0,0,0,0,0,0,0,0.036223782163334,-0.00250407877301051,0,0,0,0,0,0,0,0,0.000771712041055086,0,0,0,0,0,0,0.00795363336634078,0,0,0,0,0,0,0,0.00468403642299173,0,0,0,0,0,0,0,0,0,0,0,0,0,0,0,0,0,0,0,0,0,0,0,0,0,0,0,0,0.00187221051025569,0.0267852372071571,0.00451680374446897,0,0,0,-0.00343552608647713
-0.00383617953490845,0.471736610662431,0,0,0,0,0,0,0,0,0,0,0,0,0,0,0,0,0,0,0,0,-0.0111524213563995,0,0,0,0,0,0,0.0450187730390411,0,0,0,0.00769028797615191,0,0,0,0.0302632151508717,0,0.00622853562386898,0,0,0,-0.0102262973384001,0,0,0,0,0,0,0,0,0,0,0,0,-0.00849320277230078,0.010060120978233,0,-0.0000904693714951107,0,0,0,0,0,0,0,0,0.00266775705071123,0,0,0,0,0,0,0,0,0,0,0,-0.0208185828335164,0,0,0,0,0,0,0.0099415266308041,-0.00464354272552255,-0.00710383097379923,0,0,0,0,-0.00564954963799569,0,0,0,-0.0143907710539746,0,0,0,0,0,0,0,0,0,0,0,0,0,-0.0121000028251579,0,0,0,0,0,0,0,0,0,0,0,0,0,0.0270304730627612,0,0,0,0,0,0,0,0,0,0.00456470112132064,0,0,0,0,0,0,0.00365596986201336,0,0,0,0,0,0,0,0.00219420349910599,0,0,0,0,0,0,0,0,0,0,0,0,0,0,0,0,0,0,0,0,-0.00153596204350686,0,0,0,0,0,0,0,0,0.0234243396884672,0,0,0,0,-0.0102590055243322
-0.00197048116027415,0.474867225480238,0,0,0,0,0,0,0,0,0,0,0,0,0,0,0,0,0,0,0,0,-0.0120383903848912,0,0,0,0,0,0,0.0543819395128419,0,0,0,0.00551589015280462,0,0,0,0.0284068520430729,0,0.00580883796670058,0,0,0,-0.00805751364697895,0,0,0,-0.0021787277926319,0,0,0,0,0,0,0,0,-0.00823355351737612,0.0132857112051952,0,-0.000652181995851669,0,0,0,0,0,0,0,0,0.00239465180982188,0,0,0,0,0,0,0,0,0,0,0,-0.0180252511452509,0,0,0,0,0,0,0.00912168247453795,-0.00551780118315382,-0.00680746270978661,0,0,0,0,-0.00772313912625116,0,0,0,-0.0122438563264708,0,0,0,0,0,0,0,0,0,0,0,0,0,-0.0113672682121479,0,0,0,0,0,0,0,0,0,0,0,0,0,0.025536003077547,0,0,0,0,0,0,0,0,0,0.00338002897096915,0,0,0,0,0,0,0.0028806326330082,0.00140026144370551,0,0,0,0,0,0,0.00939813725767498,0,0,0,0,0,0,0,0,0,0,0,0,0,0,0,0,0,0,0,0,0,0,0,0,0,0,0,0,0.00300181859499887,0.0256604667945637,0,0,0,0,-0.00945992272440352
NA,NA,NA,NA,NA,NA,NA,NA,NA,NA,NA,NA,NA,NA,NA,NA,NA,NA,NA,NA,NA,NA,NA,NA,NA,NA,NA,NA,NA,NA,NA,NA,NA,NA,NA,NA,NA,NA,NA,NA,NA,NA,NA,NA,NA,NA,NA,NA,NA,NA,NA,NA,NA,NA,NA,NA,NA,NA,NA,NA,NA,NA,NA,NA,NA,NA,NA,NA,NA,NA,NA,NA,NA,NA,NA,NA,NA,NA,NA,NA,NA,NA,NA,NA,NA,NA,NA,NA,NA,NA,NA,NA,NA,NA,NA,NA,NA,NA,NA,NA,NA,NA,NA,NA,NA,NA,NA,NA,NA,NA,NA,NA,NA,NA,NA,NA,NA,NA,NA,NA,NA,NA,NA,NA,NA,NA,NA,NA,NA,NA,NA,NA,NA,NA,NA,NA,NA,NA,NA,NA,NA,NA,NA,NA,NA,NA,NA,NA,NA,NA,NA,NA,NA,NA,NA,NA,NA,NA,NA,NA,NA,NA,NA,NA,NA,NA,NA,NA,NA,NA,NA,NA,NA,NA,NA,NA,NA,NA,NA,NA,NA,NA,NA,NA,NA,NA,NA
-0.00398243080319144,0.468762400056646,0,0,0,0,0,0,0,0,0,0,0,0,0,0,0,0,0,0,0,0,-0.0214767850220405,0,0,0,0,0,0,0.0414800364696707,0,0,0,0.00639004126763153,0,0.00186540641858484,0,0.0321075056393631,0,0.0086755271273321,0,0,0,-0.0128520428174476,0,0,0,0,0,0,0,0,0,0,0,0,-0.00444067214855283,0.0112058258603306,0,-0.000221544408888355,0,0,0,0,0,0,0,0,0.0033705208412302,0,0,0,0,0,0,0,0,0,0,0,-0.013889870177183,0,0,0,0,0,0,0.0117961326283861,-0.00336618935264787,-0.00165314672881125,0,0,0,0,-0.00610531906745015,0,0,0,-0.0166045763297593,0,0,0,0,0,0,0,0,0,0,0,0,0,-0.0083108206604968,0,0,0,0,0,0,0,0,0,0,0,0,0,0.0290948643171619,0,0,0,0,-0.000615379305194462,0,0,0,0,0.00540645481576192,0,0,0,0,0,0,0.00716120569533649,0,0,0,0,0,0,0,0,0,0,0,0,0,0,0,0,0,0,0,0,0,0,0,0,0,0,0,0,-0.00227905143266372,0,0,0,0,0,0,0,0,0.0277673295420444,0,0,0,0,-0.0138412292261255
NA,NA,NA,NA,NA,NA,NA,NA,NA,NA,NA,NA,NA,NA,NA,NA,NA,NA,NA,NA,NA,NA,NA,NA,NA,NA,NA,NA,NA,NA,NA,NA,NA,NA,NA,NA,NA,NA,NA,NA,NA,NA,NA,NA,NA,NA,NA,NA,NA,NA,NA,NA,NA,NA,NA,NA,NA,NA,NA,NA,NA,NA,NA,NA,NA,NA,NA,NA,NA,NA,NA,NA,NA,NA,NA,NA,NA,NA,NA,NA,NA,NA,NA,NA,NA,NA,NA,NA,NA,NA,NA,NA,NA,NA,NA,NA,NA,NA,NA,NA,NA,NA,NA,NA,NA,NA,NA,NA,NA,NA,NA,NA,NA,NA,NA,NA,NA,NA,NA,NA,NA,NA,NA,NA,NA,NA,NA,NA,NA,NA,NA,NA,NA,NA,NA,NA,NA,NA,NA,NA,NA,NA,NA,NA,NA,NA,NA,NA,NA,NA,NA,NA,NA,NA,NA,NA,NA,NA,NA,NA,NA,NA,NA,NA,NA,NA,NA,NA,NA,NA,NA,NA,NA,NA,NA,NA,NA,NA,NA,NA,NA,NA,NA,NA,NA,NA,NA
-0.000864565083415595,0.476431968476879,0,0,0,0,0,0,0,0,0,0,0,0,0,0,0,0,0,0,0,0,-0.0124721980115173,0,0,0,0,0,0,0.0594196094184254,0,0,0,0.0102131557574827,0,0,0,0.033255707673599,0,0.0114743002190409,0,0,0,-0.00483513888749957,0,0,0,0,0,0,0,0,0,0,0,0,-0.00438862579108681,0.0120505686039634,0,-0.00190570572849654,0,0,0,0,0,0,0,0,0.00334797171733263,0,0,0,0,0,0,0,0,0,0,0,-0.0116502239613834,0,0,0,0,0,0,0.00841564041423047,-0.00773611671977352,-0.00459454136946071,0,0,0,0,-0.00441522992999355,0,0,0,-0.0138540369721487,0,0,0,0,0,0,0,0,0,0,0,0,0,-0.0149966980692593,0,0,0,0,0,0,0,0,0,0,0,0,0,0.0266913770587653,0,0,0,0,0,0,0,0,0,0.00115635801245504,0,0,0,0,0,0,0.00015920822445752,0,0,0,0,0,0,0,0.00502751200996182,0,0,0,0,0,0,0,0,0,0,0,0,0,0,0,0,0,0,0,0,0,0,0,0,0,0,0,0,0.0046681476735439,0.0239310006479415,0,0,0,0,-0.00623867253942961
NA,NA,NA,NA,NA,NA,NA,NA,NA,NA,NA,NA,NA,NA,NA,NA,NA,NA,NA,NA,NA,NA,NA,NA,NA,NA,NA,NA,NA,NA,NA,NA,NA,NA,NA,NA,NA,NA,NA,NA,NA,NA,NA,NA,NA,NA,NA,NA,NA,NA,NA,NA,NA,NA,NA,NA,NA,NA,NA,NA,NA,NA,NA,NA,NA,NA,NA,NA,NA,NA,NA,NA,NA,NA,NA,NA,NA,NA,NA,NA,NA,NA,NA,NA,NA,NA,NA,NA,NA,NA,NA,NA,NA,NA,NA,NA,NA,NA,NA,NA,NA,NA,NA,NA,NA,NA,NA,NA,NA,NA,NA,NA,NA,NA,NA,NA,NA,NA,NA,NA,NA,NA,NA,NA,NA,NA,NA,NA,NA,NA,NA,NA,NA,NA,NA,NA,NA,NA,NA,NA,NA,NA,NA,NA,NA,NA,NA,NA,NA,NA,NA,NA,NA,NA,NA,NA,NA,NA,NA,NA,NA,NA,NA,NA,NA,NA,NA,NA,NA,NA,NA,NA,NA,NA,NA,NA,NA,NA,NA,NA,NA,NA,NA,NA,NA,NA,NA
-0.001875948866363,0.469631048457483,0,0,0,-0.00228539678056649,0,0,0,0,0,0,0,0,0,0,0,0,0,0,0,0,-0.0174257344051074,0,0,0,0,0,0,0.0489798518101144,0,0,0,0.00871316037545651,0,0,0,0.0392728527556345,0,0.00892698908587729,0,0,0,-0.00482127041099842,0,0,0,0,0,0,0,0,0,0,0,0,-0.00742406328964447,0.0136952051811036,0,-0.00549870636527007,0,0,0,0,0,0,0,0,0.00733629928858128,0,0,0,0,0,0,0,0,0,0,0,-0.00911417607539164,0,0,0,0,0,0,0.0108921237875043,-0.00682667256523156,-0.00617705133780898,0,0,0,0,-0.00881529874686438,0,0,0,-0.00965913669303659,0,0,0,0,0,0,0,0,0,0,0,0,0,-0.0136896372278966,0,0,0,0,0,0,0,0,0,0,0,0,0,0.0315797635036874,0,0,0,0,0,0,0,0,0,0.000946695765792273,0,0,0,0,0,0,0.00617565767988088,0,0,0,0,0,0,0,0.00431613906982449,0,0,0,0,0,0,0,0,0,0,0,0,0,0,0,0,0,0,0,0,-0.00234101116387671,0,0,0,0,0,0,0,0,0.0307883333215975,0,0,0,0,-0.0111339263641981
NA,NA,NA,NA,NA,NA,NA,NA,NA,NA,NA,NA,NA,NA,NA,NA,NA,NA,NA,NA,NA,NA,NA,NA,NA,NA,NA,NA,NA,NA,NA,NA,NA,NA,NA,NA,NA,NA,NA,NA,NA,NA,NA,NA,NA,NA,NA,NA,NA,NA,NA,NA,NA,NA,NA,NA,NA,NA,NA,NA,NA,NA,NA,NA,NA,NA,NA,NA,NA,NA,NA,NA,NA,NA,NA,NA,NA,NA,NA,NA,NA,NA,NA,NA,NA,NA,NA,NA,NA,NA,NA,NA,NA,NA,NA,NA,NA,NA,NA,NA,NA,NA,NA,NA,NA,NA,NA,NA,NA,NA,NA,NA,NA,NA,NA,NA,NA,NA,NA,NA,NA,NA,NA,NA,NA,NA,NA,NA,NA,NA,NA,NA,NA,NA,NA,NA,NA,NA,NA,NA,NA,NA,NA,NA,NA,NA,NA,NA,NA,NA,NA,NA,NA,NA,NA,NA,NA,NA,NA,NA,NA,NA,NA,NA,NA,NA,NA,NA,NA,NA,NA,NA,NA,NA,NA,NA,NA,NA,NA,NA,NA,NA,NA,NA,NA,NA,NA
-0.00525076355927685,0.46692287334595,0,0,0,0,0,0,0,0,0,0,0,0,0,0,0,0,0,0,0,0,-0.0230257952743086,0,0,0,0,0,0,0.0357428893952378,0,0,0,0.00962707493587921,0,0,0,0.0321357271525452,0,0.00996081586346159,0,0,0,-0.00774491837405375,0,0,0,0,0,0,0,0,0,0,0,0,-0.0050819510264172,0.010005406113251,0,-0.00113743613195428,0,0,0,0,0,0,0,0,0,0,0,0,0,0,0,0,0,0,0,0,-0.0174435195671954,0,0,0,0,0,0,0.0126250131176874,-0.00366657013570266,-0.00308723380052995,0,0,0,0,-0.00150739542292209,0,0,0,-0.0170194814148374,0,0,0,0,0,0,0,0,0,0,0,0,0,-0.0121795816078735,0,0,0,0,0,0,0,0,0,0,0,0,0,0.0312929796153946,0,0,0,0,0,0,0,0,0,0.0068287372558764,0,0,0,0,0,0,0.00554872920382317,0,0,0,0,0,0,0,0,0,0,0,0,0,0,0,0,0,0,0,0,0,0,0,0,0,0,0,0,-0.00346232966112262,0,0,0,0,0,0,0,0,0.0266989897263073,0,0,0,0,-0.0166837255479675
-0.00436889220952704,0.471377041884969,0,0,0,-0.000721569369089475,0,0,0,0,0,0,0,0,0,0,0,0,0,0,0,0,-0.0293645722124178,0,0,0,0,0,0,0.036906352431383,0,0,0,0.00531224263935684,0,0.00776202201687352,0,0.0254676407000425,0,0.00534160246537446,0,0,0,-0.00873587646916479,0,0,0,0,0,0,0,0,0,0,0,0,-0.00462144828498797,0.0108757315208454,0,0,0,0,0,0,0,0,0,0,0,0,0,0,0,0,0,0,0,0,0,0,-0.0178338905932089,0,0,0,0,0,0,0.0139069190419157,-0.00500868988993711,-0.00677253047664474,0,0,0,0,0,0,0,0,-0.0192261664948399,0,0,0,0,0,0,0,0,0,0,0,0,0,-0.00721932574088869,0,0,0,0,0,0,0,0,0,0,0,0,0,0.0297457531419161,0,0,0,0,-0.00432759275788404,0,-0.00215108985142946,0,0,0.00721960647211239,0,0,0,0,0,0,0.00357825460506029,0,0,0,0,0,0,0,0,0,0,0,0,0,0,0,0,0,0,0,0,0,0,0,0,0,0,0,0,0,0,0,0,0,0,0,0,0,0.026106863568966,0,0,0,0,-0.0200535138793202
NA,NA,NA,NA,NA,NA,NA,NA,NA,NA,NA,NA,NA,NA,NA,NA,NA,NA,NA,NA,NA,NA,NA,NA,NA,NA,NA,NA,NA,NA,NA,NA,NA,NA,NA,NA,NA,NA,NA,NA,NA,NA,NA,NA,NA,NA,NA,NA,NA,NA,NA,NA,NA,NA,NA,NA,NA,NA,NA,NA,NA,NA,NA,NA,NA,NA,NA,NA,NA,NA,NA,NA,NA,NA,NA,NA,NA,NA,NA,NA,NA,NA,NA,NA,NA,NA,NA,NA,NA,NA,NA,NA,NA,NA,NA,NA,NA,NA,NA,NA,NA,NA,NA,NA,NA,NA,NA,NA,NA,NA,NA,NA,NA,NA,NA,NA,NA,NA,NA,NA,NA,NA,NA,NA,NA,NA,NA,NA,NA,NA,NA,NA,NA,NA,NA,NA,NA,NA,NA,NA,NA,NA,NA,NA,NA,NA,NA,NA,NA,NA,NA,NA,NA,NA,NA,NA,NA,NA,NA,NA,NA,NA,NA,NA,NA,NA,NA,NA,NA,NA,NA,NA,NA,NA,NA,NA,NA,NA,NA,NA,NA,NA,NA,NA,NA,NA,NA
-0.00416049879835526,0.458853235739545,0,0,0,-0.000808968676435529,0,0,0,0,0,0,0,0,0,0,0,0,0,0,0,0,-0.0271328614419751,0,0,0,0,0,0,0.0423122590678062,0,0,0,0.00775343538494986,0,0.00803554208306177,0,0.0278776490342587,0,0.00933329291827827,0,0,0,-0.00921706697952127,0,0,0,0,0,0,0,0,0,0,0,0,-0.00247578239820762,0.0100433518518859,0,0,0,0,0,0,0,0,0,0,0,0,0,0,0,0,0,0,0,0,0,0,-0.0133877157494583,0,0,0,0,0,0,0.0118121924527176,-0.00419635136564388,-0.0048995221987869,0,0,0,0,0,0,0,0,-0.0185737675253841,0,0,0,0,0,0,0,0,0,0,0,0,0,-0.0103128454203689,0,0,0,0,0,0,0,0,0,0,0,0,0,0.0291376065481123,0,0,0,0,-0.00435085287772457,0,-0.0033292536506458,0,0,0.00807291046580749,0,0,0,0,0,0,0.00196860293353495,0,0,0,0,0,0,0,0,0,0,0,0,0,0,0,0,0,0,0,0,0,0,0,0,0,0,0,0,0,0,0,0,0,0,0,0,0,0.0306824830470529,0,0,0,0,-0.0209907481750741
NA,NA,NA,NA,NA,NA,NA,NA,NA,NA,NA,NA,NA,NA,NA,NA,NA,NA,NA,NA,NA,NA,NA,NA,NA,NA,NA,NA,NA,NA,NA,NA,NA,NA,NA,NA,NA,NA,NA,NA,NA,NA,NA,NA,NA,NA,NA,NA,NA,NA,NA,NA,NA,NA,NA,NA,NA,NA,NA,NA,NA,NA,NA,NA,NA,NA,NA,NA,NA,NA,NA,NA,NA,NA,NA,NA,NA,NA,NA,NA,NA,NA,NA,NA,NA,NA,NA,NA,NA,NA,NA,NA,NA,NA,NA,NA,NA,NA,NA,NA,NA,NA,NA,NA,NA,NA,NA,NA,NA,NA,NA,NA,NA,NA,NA,NA,NA,NA,NA,NA,NA,NA,NA,NA,NA,NA,NA,NA,NA,NA,NA,NA,NA,NA,NA,NA,NA,NA,NA,NA,NA,NA,NA,NA,NA,NA,NA,NA,NA,NA,NA,NA,NA,NA,NA,NA,NA,NA,NA,NA,NA,NA,NA,NA,NA,NA,NA,NA,NA,NA,NA,NA,NA,NA,NA,NA,NA,NA,NA,NA,NA,NA,NA,NA,NA,NA,NA
-0.00389686793446512,0.482115363254653,0,0,0,-0.00107363611593876,0,0,0,0,0,0,0,0,0,0,0,0,0,0,0,0,-0.0287929023597077,0,0,0,0,0,0,0.0400313497885044,0,0,0,0.0065420865390151,0,0.00488335046904595,0,0.021763833133328,0,0.00916505076553399,0,0,0,-0.00589374193341381,0,0,0,0,0,0,0,0,0,0,0,0,-0.00446009985154076,0.00851124827254967,0,0,0,0,0,0,0,0,0,0,0.000976329123501844,0,0,0,0,0,0,0,0,0,0,0,-0.0131723069491629,0,0,0,0,0,0,0.0112118135591575,-0.00122102059839084,-0.00480592141595291,0,0,0,0,-0.00101066498858168,0,0,0,-0.0151059515186593,0,0,0,0,0,0,0,0,0,0,0,0,0,-0.0126517123252357,0,0,0,0,0,0,0,0,0,0,0,0,0,0.0275934670149449,0,0,0,0,-0.00256182093067954,0,-0.00322145522056927,0,0,0.00784446397208357,0,0,0,0,0,0,0.000063774679067425,0,0,0,0,0,0,0,0,0,0,0,0,0,0,0,0,0,0,0,0,0,0,0,0,0,0,0,0,0,0,0,0,0,0,0,0,0,0.0303961147816067,0,0,0,0,-0.0210217073124242
-0.00234493200096874,0.483522045835938,0,0,0,0,0,0,0,0,0,0,0,0,0,0,0,0,0,0,0,0,-0.022717126059913,0,0,0,0,0,0,0.0432938081184755,0,0,0,0.00816417623528604,0,0,0,0.0276719053372733,0,0.00852024020638486,-0.00151228987593245,0,0,-0.00672778439435578,0,0,0,0,0,0,0,0,0,0,0,0,-0.00522355247783338,0.0103413457103305,0,0,0,0,0,0,0,0,0,0,0,0,0,0,0,0,0,0,0,0,0,0,-0.0126990645767541,0,0,0,0,0,0,0.0102617252887398,-0.00259582165245053,-0.00549040344263091,0,0,0,0,-0.00105628528297267,0,0,0,-0.0121031226293593,0,0,0,0,0,0,0,0,0,0,0,0,0,-0.013829500332948,0,0,0,0,0,0,0,0,0,0,0,0,0,0.0293670785582855,0,0,0,0,-0.00239788833207795,0,-0.000212442543526535,0,0,0.00696446297213786,0,0,0,0,0,0,0,0,0,0,0,0,0,0,0,0,0,0,0,0,0,0,0,0,0,0,0,0,0,0,0,0,0,0,0,0,0,0,0,0,0,0,0,0,0.0298877141682973,0,0,0,0,-0.015447335517052
-0.00361700091952983,0.46978681030443,0,0,0,0,0,0,0,0,0,0,0,0,0,0,0,0,0,0,0,0,-0.0254353930267999,0,0,0,0,0,0,0.0324893013926387,0,0,0,0.00535640127528972,0,0.0111561603324898,0,0.0253722861668138,0,0.00941440125994504,0,0,0,-0.00833392804710401,0,0,0,0,0,0,0,0,0,0,0,0,-0.000756861512574332,0.0126821901692521,0,-0.00100154269918917,0,0,0,0,0,0,0,0,0,0,0,0,0,0,0,0,0,0,0,0,-0.0152558099667092,0,0,0,0,0,0,0.0104257950340621,-0.00739041489007671,-0.00446144119058339,0,0,0,0,-0.00253167560195455,0,0,0,-0.0219924280423563,0,0,0,0,0,0,0,0,0,0,0,0,0,-0.00723038362268164,0,0,0,0,0,0,0,0,0,0,0,0,0,0.025468630184417,0,0,0,0,-0.00375561770679117,0,-0.00135904140748009,0,0,0.00922462547285802,0,0,0,0,0,0,0.0030951199714523,0,0,0,0,0,0,0,0,0,0,0,0,0,0,0,0,0,0,0,0,0,0,0,0,0,0,0,0,0,0,0,0,0,0,0,0,0,0.0280183622802162,0.0029872829940944,0,0,0,-0.0199158472329258
-0.00441288939789819,0.473991991605943,0,0,0,-0.00111522311243435,0,0,0,0,0,0,0,0,0,0,0,0,0,0,0,0,-0.0269345367070396,0,0,0,0,0,0,0.036250954418198,0,0.00215666625442809,0,0.00538713815655674,0,0.00727827809089497,0,0.0213711728548203,0,0.00753836707822809,0,0,0,-0.00994584308551168,0,0,0,0,0,0,0,0,0,0,0,0,-0.00550762016904102,0.0121555657050817,0,-0.0037807061484968,0,0,0,0,0,0,0,0,0,0,0,0,0,0,0,0,0,0,0,0,-0.0159700840272701,0,0,0,0,0,0,0.0137338668596861,-0.000381089413190463,-0.00563730825257353,0,0,0,0,-0.000200434990498632,0,0,0,-0.0159162224378955,0,0,0,0,0,0,0,0,0,0,0,0,0,-0.00582657187845622,0,0,0,0,0,0,-0.0000461046038118322,0,0,0,0,0,0,0.0235490172526614,0,0,0,0,-0.0067579203779044,0,-0.00219249928225445,0,0,0.0116671802290926,0,0,0,0,0,0,0.00413659930155274,0,0,0,0,0,0,0,0,0,0,0,0,0,0,0,0,0,0,0,0,0,0,0,0,0,0,0,0,0,0,0,0,0,0,0,0,0,0.0261307985576336,0,0,0,0,-0.0160694684194825
NA,NA,NA,NA,NA,NA,NA,NA,NA,NA,NA,NA,NA,NA,NA,NA,NA,NA,NA,NA,NA,NA,NA,NA,NA,NA,NA,NA,NA,NA,NA,NA,NA,NA,NA,NA,NA,NA,NA,NA,NA,NA,NA,NA,NA,NA,NA,NA,NA,NA,NA,NA,NA,NA,NA,NA,NA,NA,NA,NA,NA,NA,NA,NA,NA,NA,NA,NA,NA,NA,NA,NA,NA,NA,NA,NA,NA,NA,NA,NA,NA,NA,NA,NA,NA,NA,NA,NA,NA,NA,NA,NA,NA,NA,NA,NA,NA,NA,NA,NA,NA,NA,NA,NA,NA,NA,NA,NA,NA,NA,NA,NA,NA,NA,NA,NA,NA,NA,NA,NA,NA,NA,NA,NA,NA,NA,NA,NA,NA,NA,NA,NA,NA,NA,NA,NA,NA,NA,NA,NA,NA,NA,NA,NA,NA,NA,NA,NA,NA,NA,NA,NA,NA,NA,NA,NA,NA,NA,NA,NA,NA,NA,NA,NA,NA,NA,NA,NA,NA,NA,NA,NA,NA,NA,NA,NA,NA,NA,NA,NA,NA,NA,NA,NA,NA,NA,NA
-0.00369713036702218,0.49379962530046,0,0,0,0,0,0,0,0,0,0,0,0,0,0,0,0,0,0,0,0,-0.025974978586701,0,0,0,0,0,0,0.0464543720092953,0,0.000202632301802512,0,0.00694659710609227,0,0,0,0.0231716521251697,0,0.00988768297899268,-0.000377669394639478,0,0,-0.00682824488629001,0,0,0,0,0,0,0,0,0,0,0,0,0,0.00832903222604956,0,0,0,0,0,0,0,0,0,0,0,0,0,0,0,0,0,0,0,0,0,0,-0.0104830179561466,0,0,0,0,0,0,0.00871384051809013,-0.00187273050259929,-0.00425313600497486,0,0,0,0,0,0,0,0,-0.0175133616293026,0,0,0,0,0,0,0,0,0,0,0,0,0,-0.00908818246786366,0,0,0,0,0,0,0,0,0,0,0,0,0,0.0238448940600754,0,0,0,0,-0.00404143619014043,0,-0.00369786983401684,0,0,0.0089518911190959,0,0,0,0,0,0,0,0,0,0,0,0,0,0,0,0,0,0,0,0,0,0,0,0,0,0,0,0,0,0,0,0,0,0,0,0,0,0,0,0,0,0,0,0.00000784666667969498,0.0281043872741947,0,0,0,0,-0.0191474874957567
NA,NA,NA,NA,NA,NA,NA,NA,NA,NA,NA,NA,NA,NA,NA,NA,NA,NA,NA,NA,NA,NA,NA,NA,NA,NA,NA,NA,NA,NA,NA,NA,NA,NA,NA,NA,NA,NA,NA,NA,NA,NA,NA,NA,NA,NA,NA,NA,NA,NA,NA,NA,NA,NA,NA,NA,NA,NA,NA,NA,NA,NA,NA,NA,NA,NA,NA,NA,NA,NA,NA,NA,NA,NA,NA,NA,NA,NA,NA,NA,NA,NA,NA,NA,NA,NA,NA,NA,NA,NA,NA,NA,NA,NA,NA,NA,NA,NA,NA,NA,NA,NA,NA,NA,NA,NA,NA,NA,NA,NA,NA,NA,NA,NA,NA,NA,NA,NA,NA,NA,NA,NA,NA,NA,NA,NA,NA,NA,NA,NA,NA,NA,NA,NA,NA,NA,NA,NA,NA,NA,NA,NA,NA,NA,NA,NA,NA,NA,NA,NA,NA,NA,NA,NA,NA,NA,NA,NA,NA,NA,NA,NA,NA,NA,NA,NA,NA,NA,NA,NA,NA,NA,NA,NA,NA,NA,NA,NA,NA,NA,NA,NA,NA,NA,NA,NA,NA
-0.00332301724137009,0.475882458969707,0,0,0,0,0,0,0,0,0,0,0,0,0,0,0,0,0,0,0,0,-0.0295233348987945,0,0,0,0,0,0,0.0451551488529221,0,0,0,0.00252185695170315,0,0.00823381241345729,0,0.0216699322462916,0,0.00740115952170625,0,0,0,-0.0112355905197163,0,0,0,0,0,0,0,0,0,0,0,0,-0.00604548589355691,0.010311369228135,0,-0.0027244643349948,0,0,0,0,0,0,0,0,0,0,0,0,0,0,0,0,0,0,0,0,-0.0118468698264742,0,0,0,0,0,0,0.0107759872306934,-0.00439856211585804,-0.00558197221381107,0,0,0,0,0,0,0,0,-0.01477254930273,0,0,0,0,0,0,0,0,0,0,0,0,0,-0.00818399390532825,0,0,0,0,0,0,0,0,0,0,0,0,0,0.0281419110539185,0,0,0,0,-0.00598618568535446,0,-0.0000133091524802439,0,0,0.00778584578256703,0,0,0,0,0,0,0.00129762713611368,0,0,0,0,0,0,0,0,0,0,0,0,0,0,0,0,0,0,0,0,0,0,0,0,0,0,0,0,0,0,0,0,0,0,0,0,0,0.0349921245842779,0,0,0,0,-0.0186481815034706
-0.00379836768360851,0.481419145302351,0,0,0,-0.000731197910732907,0,0,0,0,0,0,0,0,0,0,0,0,0,0,0,0,-0.02631236602216,0,0,0,0,0,0,0.0400861381737381,0,0.000743949442220842,0,0.0054796957111803,0,0,0,0.0237198355944174,0,0.00657750611662689,0,0,0,-0.00762702097442,0,0,0,0,0,0,0,0,0,0,0,0,-0.00104988353404409,0.010006598598082,0,0,0,0,0,0,0,0,0,0,0.000635960261343715,0,0,0,0,0,0,0,0,0,0,0,-0.0134694107023959,0,0,0,0,0,0,0.0102661017352936,-0.00242365532916988,-0.00649551657523361,0,0,0,0,0,0,0,0,-0.0154561645933408,0,0,0,0,0,0,0,0,0,0,0,0,0,-0.0119647151424709,0,0,0,0,0,0,0,0,0,0,0,0,0,0.0248895102401765,0,0,0,0,-0.00317102107545567,0,-0.00343759544233301,0,0,0.00876456363990799,0,0,0,0,0,0,0.0024815871818859,0,0,0,0,0,0,0,0,0,0,0,0,0,0,0,0,0,0,0,0,0,0,0,0,0,0,0,0,0,0,0,0,0,0,0,0,0,0.0282160969474652,0,0,0,0,-0.0203689751813401
-0.00166765410516743,0.474665514142313,0,0,0,0,0,0,0,0,0,0,0,0,0,0,0,0,0,0,0,0,-0.0187627523561369,0,0,0,0,0,0,0.048082255943566,0,0,0,0.00647676911213186,0,0.00191563421577616,0,0.0264844690563957,0,0.0121755529733457,0,0,0,-0.00764477390811141,0,0,0,0,0,0,0,0,0,0,0,0,-0.00334841871659893,0.0101067108029147,0,0,0,0,0,0,0,0,0,0,0.00079412477340223,0,0,0,0,0,0,0,0,0,0,0,-0.0145480554036212,0,0,0,0,0,0,0.0115605636318651,-0.00560152935491462,-0.00582381844864715,0,0,0,0,0,0,0,0,-0.0139328111281766,0,0,0,0,0,0,0,0,0,0,0,0,0,-0.0144463091859051,0,0,0,0,0,0,0,0,0,0,0,0,0,0.0322618598495672,0,0,0,0,0,0,0,0,0,0.00480624876771318,0,0,0,0,0,0,0,0,0,0,0,0,0,0,0,0,0,0,0,0,0,0,0,0,0,0,0,0,0,0,0,0,0,0,0,0,0,0,0,0,0,0,0,0,0.0246387702959282,0,0,0,0,-0.0108597483016596
-0.0034480041168475,0.474106470577988,0,0,0,0,0,0,0,0,0,0,0,0,0,0,0,0,0,0,0,0,-0.0265061975290511,0,0,0,0,0,0,0.0365653650302425,0,0.00599891897146973,0,0.00527377016897581,0,0.00401708481062462,0,0.0236565461222076,0,0.00731344672093099,0,0,0,-0.00896184601448938,0,0,0,0,0,0,0,0,0,0,0,0,-0.00387434470493413,0.011564794199732,0,-0.00171162395418508,0,0,0,0,0,0,0,0,0.00280799276207371,0,0,0,0,0,0,0,0,0,0,0,-0.0161081429192084,0,0,0,0,0,0,0.0140815187186533,-0.00234662955223958,-0.00646049151447822,0,0,0,0,0,0,0,0,-0.0160253733452171,0,0,0,0,0,0,0,0,0,0,0,0,0,-0.0120095351740027,0,0,0,0,0,0,0,0,0,0,0,0,0,0.0280789427557009,0,0,0,0,-0.00193496908728366,0,-0.00200716075850371,0,0,0.00958109009702934,0,0,0,0,0,0,0.00142572376516212,0,0,0,0,0,0,0,0,0,0,0,0,0,0,0,0,0,0,0,0,0,0,0,0,0,0,0,0,0,0,0,0,0,0,0,0,0,0.0296389443542225,0,0,0,0,-0.0156307706839381
-0.00389511796123419,0.46888590150858,0,0,0,-0.0016883850502033,0,0,0,0,0,0,0,0,0,0,0,0,0,0,0,0,-0.0323895397713707,0,0,0,0,0,0,0.0376603419933183,0,0.00539570153615977,0,0.00698797252480805,0,0.0026277805955145,0,0.0240240792415562,0,0.00923398586924511,-0.00201783137430013,0,0,-0.00932060189713222,0,0,0,0,0,0,0,0,0,0,0,0,0,0.0101486984742259,0,0,0,0,0,0,0,0,0,0,0.0045683400765114,0,0,0,0,0,0,0,0,0,0,0,-0.0129506763721244,0,0,0,0,0,0,0.014760026862715,-0.00129440513584806,-0.003758916156539,0,0,0,0,0,0,0,0,-0.0141542889628987,0,0,0,0,0,0,0,0,0,0,0,0,0,-0.0149685832051107,0,0,0,0,0,0,0,0,0,0,0,0,0,0.0292873655356954,0,0,0,0,-0.00339376867453436,0,-0.00254038850984041,0,0,0.00994860986874642,0,0,0,0,0,0,0.00285775812385674,0,0,0,0,0,0,0,0,0,0,0,0,0,0,0,0,0,0,0,0,0,0,0,0,0,0,0,0,0,0,0,0,0,0,0,0,0,0.0369218645884715,0,0,0,0,-0.0212471007912893
-0.00355713475030203,0.466465970091609,0,0,0,0,0,0,0,0,0,0,0,0,0,0,0,0,0,0,0,0,-0.028446441611993,0,0,0,0,0,0,0.04063574177805,0,0,0,0.00731373932056197,0,0.00405529984697195,0,0.0248818697098181,0,0.010361922343213,0,0,0,-0.00445956863364673,0,0,0,0,0,0,0,0,0,0,0,0,-0.00146970470830929,0.00940803679180947,0,-0.00344102847702937,0,0,0,0,0,0,0,0,0.00334762365796677,0,0,0,0,0,0,0,0,0,0,0,-0.00948456296835788,0,0,0,0,0,0,0.0136974240061824,-0.00254928899633198,-0.00610070768006038,0,0,0,0,0,0,0,0,-0.0146691268785306,0,0,0,0,0,0,0,0,0,0,0,0,0,-0.0155726296480698,0,0,0,0,0,0,0,0,0,0,0,0,0,0.0288166659416889,0,0,0,0,-0.00183709063295646,0,-0.00570764582097273,0,0,0.00754663908318886,0,0,0,0,0,0,0.00186970028657129,0,0,0,0,0,0,0,0,0,0,0,0,0,0,0,0,0,0,0,0,0,0,0,0,0,0,0,0,0,0,0,0,0,0,0,0,0,0.035805083754649,0,0,0,0,-0.0209511538324978
-0.00295804378146458,0.465409790284336,0,0,0,0,0,0,0,0,0,0,0,0,0,0,0,0,0,0,0,0,-0.0307348926919436,0,0,0,0,0,0,0.0365158302559303,0,0,0,0.00301467523447712,0,0.0158767609459566,0,0.0231662318460828,0,0.0095484188889979,0,0,0,-0.00708293111125092,0,0,0,0,0,0,0,0,0,0,0,0,-0.00269594040866275,0.0110126726609887,0,-0.00371091182937443,0,0,0,0,0,0,0,0,0.00468429465473651,0,0,0,0,0,0,0,0,0,0,0,-0.00896624057038309,0,0,0,0,0,0,0.0125070359906051,-0.00320019445620946,-0.0040192464976634,0,0,0,0,0,0,0,0,-0.013876224702107,0,0,0,0,0,0,0,0,0,0,0,0,0,-0.0129827299810028,0,0,0,0,0,0,0,0,0,0,0,0,0,0.0286065343263263,0,0,0,0,-0.00152831134274251,0,-0.00413692864380248,0,0,0.00640006954028797,0,0,0,0,0,0,0.00218980938967197,0,0,0,0,0,0,0,0,0,0,0,0,0,0,0,0,0,0,0,0,0,0,0,0,0,0,0,0,0,0,0,0,0,0,0,0,0,0.0324816568775202,0,0,0,0,-0.0224210713896407
-0.00273542389828824,0.48945998805886,0,0,0,-0.0015335171045051,0,0,0,0,0,0,0,0,0,0,0,0,0,0,0,0,-0.0267323377126467,0,0,0,0,0,0,0.0382234468503685,0,0,0,0.00604760681515352,0,0,0,0.0232945166674537,0,0.00999319445178188,0,0,0,-0.00839696556661702,0,0,0,0,0,0,0,0,0,0,0,0,0,0.00810476425320042,0,-0.0000686007662651788,0,0,0,0,0,0,0,0,0.00266432300813968,0,0,0,0,0,0,0,0,0,0,0,-0.0109691250568202,0,0,0,0,0,0,0.0135497788371854,0,-0.00722807689591095,0,0,0,0,0,0,0,0,-0.014490853262282,0,0,0,0,0,0,0,0,0,0,0,0,0,-0.0174204642353944,0,0,0,0,0,0,0,0,0,0,0,0,0,0.0234060502062432,0,0,0,0,-0.000271494334368016,0,-0.00295453008648335,0,0,0.00711662077487703,0,0,0,0,0,0,0.000075450055102973,0,0,0,0,0,0,0,0,0,0,0,0,0,0,0,0,0,0,0,0,0,0,0,0,0,0,0,0,0,0,0,0,0,0,0,0,0,0.0274250915485292,0,0,0,0,-0.0188099562628789
-0.00196095752711633,0.483128023004515,0,0,0,0,0,0,0,0,0,0,0,0,0,0,0,0,0,0,0,0,-0.0255135409959643,0,0,0,0,0,0,0.0412267816696435,0,0.00313075901089333,0,0.00344805426123215,0,0,0,0.021000824017707,0,0.00782867012970516,0,0,0,-0.0047646322494119,0,0,0,0,0,0,0,0,0,0,0,0,-0.000543259181134291,0.0105958577636233,0,-0.00259733700296991,0,0,0,0,0,0,0,0,0.000225118505579118,0,0,0,0,0,0,0,0,0,0,0,-0.0116035167337627,0,0,0,0,0,0,0.0124642074248926,-0.00261474781094862,-0.00723677974774263,0,0,0,0,0,0,0,0,-0.0141205824945103,0,0,0,0,0,0,0,0,0,0,0,0,0,-0.0158170195834969,0,0,0,0,0,0,0,0,0,0,0,0,0,0.0260463805438995,0,0,0,0,0,0,-0.00233779173557142,0,0,0.00645072130442787,0,0,0,0,0,0,0,0,0,0,0,0,0,0,0,0,0,0,0,0,0,0,0,0,0,0,0,0,0,0,0,0,0,0,0,0,0,0,0,0,0,0,0,0,0.0241665694511371,0,0,0,0,-0.0118778129432574
-0.00317428911814727,0.473293270120882,0,0,0,-0.00062083669400854,0,0,0,0,0,0,0,0,0,0,0,0,0,0,0,0,-0.0296054235503097,0,0,0,0,0,0,0.0370679520338564,0,0.0070772040346106,0,0.00317003877761278,0,0.0059270541326517,0,0.0173670151843335,0,0.00776524533413303,0,0,0,-0.00528082737143865,0,0,0,0,0,0,0,0,0,0,0.00227375047207791,0,0,0.0101763685935,0,-0.000378222867484246,0,0,0,0,0,0,0,0,0.0019100813944605,0,0,0,0,0,0,0,0,0,0,0,-0.0148571175766067,0,0,0,0,0,0,0.0150412169272623,-0.00285174506430533,-0.0059530975256644,0,0,0,0,0,0,0,0,-0.0184566211236245,0,0,0,0,0,0,0,0,0,0,0,0,0,-0.011833856793963,0,0,0,0,0,0,0,0,0,0,0,0,0,0.0226140993254067,0,0,0,0,-0.00253446549571002,0,-0.00453155478654211,0,0,0.00845324035689008,0,0,0,0,0,0,0.000920068142110129,0,0,0,0,0,0,0,0,0,0,0,0,0,0,0,0,0,0,0,0,0,0,0,0,0,0,0,0,0,0,0,0,0,0,0,0,0,0.0266151000692585,0,0,0,0,-0.0199067460750513
-0.00248108081184872,0.498799736411409,0,0,0,-0.00873026275608366,0,0,0,0,0,0,0,0,0,0,0,0,0,0,0,0,-0.0285159688307048,0,0,0,0,0,0,0.0417351764049891,0,0.00109754891338312,0,0.00830654768416128,0,0,0,0.0192289597468602,0,0.00876211288740382,0,0,0,-0.00611384285973585,0,0,0,-0.000799221473560548,0,0,0,0,0,0,0,0,0,0.00961800830468739,0,0,0,0,0,0,0,0,0,0,0,0,0,0,0,0,0,0,0,0,0,0,-0.00913020518331584,0,0,0,0,0,0,0.0116378138742338,0,-0.00317908621992613,0,0,0,0,0,0,0,0,-0.0140246988529399,0,0,0,0,0,0,0,0,0,0,0,0,0,-0.0138460619149967,0,0,0,0,0,0,0,0,0,0,0,0,0,0.0265373848008712,0,0,0,0,-0.00539098890827129,0,-0.000538363317491652,0,0,0.00617871830380656,0,0,0,0,0,0,0.000109943628690912,0,0,0,0,0,0,0,0,0,0,0,0,0,0,0,0,0,0,0,0,0,0,0,0,0,0,0,0,0,0,0,0,0,0,0,0,0,0.0289353178552533,0,0,0,0,-0.0162626208127997
-0.00231258910427513,0.492138564845576,0,0,0,0,0,0,0,0,0,0,0,0,0,0,0,0,0,0,0,0,-0.0234892418019574,0,0,0,0,0,0,0.0391252918856351,0,0,0,0.00446774907200209,0,0,0,0.0238174530246917,0,0.0110507413637927,-0.00355438107184371,0,0,-0.0110474574000719,0,0,0,0,0,0,0,0,0,0,0,0,-0.00418667339700235,0.00886119025260898,0,0,0,0,0,0,0,0,0,0,0,0,0,0,0,0,0,0,0,0,0,0,-0.0106005498148146,0,0,0,0,0,0,0.00873822649321789,-0.00176936135204675,-0.00395797108219485,0,0,0,0,-0.000283634736927928,0,0,0,-0.0096112448655827,0,0,0,0,0,0,0,0,0,0,0,0,0,-0.0140720159416251,0,0,0,0,0,0,0,0,0,0,0,0,0,0.0260477117122597,0,0,0,0,0,0,-0.0000230241118782099,0,0,0.002742870893822,0,0,0,0,0,0,0,0,0,0,0,0,0,0,0,0,0,0,0,0,0,0,0,0,0,0,0,0,0,0,0,0,0,0,0,0,0,0,0,0,0,0,0,0,0.029882625737525,0,0,0,0,-0.0187544609332663
-0.00371364837073167,0.458153439189087,0,0,0,0,0,0,0,0,0,0,0,0,0,0,0,0,0,0,0,0,-0.0286419147284566,0,0,0,0,0,0,0.0391303621306886,0,0,0,0.000873359035829783,0,0.0161182899223541,0,0.0236913232496721,0,0.0115605491909011,0,0,0,-0.0118210508068034,0,0,0,0,0,0,0,0,0,0,0,0,-0.00202784611520707,0.0109919349407171,0,-0.00407941522614938,0,0,0,0,0,0,0,0,0.0030198254790522,0,0,0,0,0,0,0,0,0,0,0,-0.0128132359198992,0,0,0,0,0,0,0.0150648837125074,-0.00379620120124874,-0.00346719456330277,0,0,0,0,0,0,0,0,-0.0173303872789935,0,0,0,0,0,0,0,0,0,0,0,0,0,-0.0133820317582653,0,0,0,0,0,0,0,0,0,0,0,0,0,0.0291916551719974,0,0,0,0,0,0,-0.0015837994190732,0,0,0.00784442702773627,0,0,0,0,0,0,0.00146212143881362,0,0,0,0,0,0,0,0,0,0,0,0,0,0,0,0,0,0,0,0,0,0,0,0,0,0,0,0,0,0,0,0,0,0,0,0,0,0.0336358192930759,0.00395289989399837,0,0,0,-0.0212814204827771
-0.00353038735863151,0.488594869521628,0,0,0,0,0,0,0,0,0,0,0,0,0,0,0,0,0,0,0,0,-0.0237408583576684,0,0,0,0,0,0,0.0368221974641801,0,0,0,0.00413721155405262,0,0,0,0.0175746943164228,0,0.0101355167276492,0,0,0,-0.0104850787624876,0,0,0,0,0,0,0,0,0,0,0,0,-0.00247882617638495,0.00888511267788024,0,-0.00185088476200913,0,0,0,0,0,0,0,0,0,0,0,0,0,0,0,0,0,0,0,0,-0.0119175900919631,0,0,0,0,0,0,0.0120729450698906,-0.00228833013612094,-0.00553204215224437,0,0,0,0,0,0,0,0,-0.0133816761678284,0,0,0,0,0,0,0,0,0,0,0,0,0,-0.0127765341495981,0,0,0,0,0,0,0,0,0,0,0,0,0,0.0266016526855811,0,0,0,0,0,0,-0.000712630397983332,0,0,0.00714968292070713,0,0,0,0,0,0,0,0,0,0,0,0,0,0,0,0,0,0,0,0,0,0,0,0,0,0,0,0,0,0,0,0,0,0,0,0,0,0,0,0,0,0,0,0,0.0223972198842447,0,0,0,0,-0.0157036123588748
-0.00411555037067968,0.487214694058393,0,0,0,0,0,0,0,0,0,0,0,0,0,0,0,0,0,0,0,0,-0.0245301052154833,0,0,0,0,0,0,0.0369502676017353,0,0,0,0.00312855997822087,0,0,0,0.019599652717072,0,0.00937782776907576,0,0,0,-0.01331251183725,0,0,0,0,0,0,0,0,0,0,0,0,-0.00357401915287375,0.00881237162115476,0,-0.000511688488601295,0,0,0,0,0,0,0,0,0,0,0,0,0,0,0,0,0,0,0,0,-0.0123602167574068,0,0,0,0,0,0,0.0135583031641298,-0.00190138596414636,-0.00681340461465921,0,0,0,0,-0.00202082539427381,0,0,0,-0.0126682375509294,0,0,0,0,0,0,0,0,0,0,0,0,0,-0.0119235388649136,0,0,0,0,0,0,0,0,0,0,0,0,0,0.0264754939260588,0,0,0,0,-0.00352368403798309,0,-0.00139976932797929,0,0,0.00752601028647635,0,0,0,0,0,0,0.00342920650566128,0,0,0,0,0,0,0,0,0,0,0,0,0,0,0,0,0,0,0,0,0,0,0,0,0,0,0,0,0,0,0,0,0,0,0,0,0,0.0289219922469219,0,0,0,0,-0.0180482171059323
-0.00347642603928378,0.504327128846234,0,0,0,0,0,0,0,0,0,0,0,0,0,0,0,0,0,0,0,0,-0.0220862302958535,0,0,0,0,0,0,0.0409849647429105,0,0,0,0.00254919225004406,0,0,0,0.0178473657147838,0,0.00664564839938426,0,0,0,-0.0174663977513451,0,0,0,0,0,0,0,0,0,0,0,0,-0.00213650440266161,0.00872682616012256,0,0,0,0,0,0,0,0,0,0,0,0,0,0,0,0,0,0,0,0,0,0,-0.0122975747252147,0,0,0,0,0,0,0.0088730280639283,-0.000878505746263616,-0.00665599954483953,0,0,0,0,-0.00311552245339604,0,0,0,-0.0148150026756668,0,0,0,0,0,0,0,0,0,0,0,0,0,-0.00959670473082419,0,0,0,0,0,0,0,0,0,0,0,0,0,0.0217049728616771,0,0,0,0,0,0,0,0,0,0.00716736178516812,0,0,0,0,0,0,0.000558319765155846,0,0,0,0,0,0,0,0,0,0,0,0,0,0,0,0,0,0,0,0,0,0,0,0,0,0,0,0,-0.00180191000219113,0,0,0,0,0,0,0,0,0.0269702220856628,0,0,0,0,-0.0184049193339883
-0.00290105191151262,0.479141258751594,0,0,0,0,0,0,0,0,0,0,0,0,0,0,0,0,0,0,0,0,-0.0196826742422653,0,0,0,0,0,0,0.043838604605158,0,0,0,0.00500249629487103,0,0,0,0.0266088624274971,0,0.00900766551491409,-0.00143580964572219,0,0,-0.0133926121777126,0,0,0,0,0,0,0,0,0,0,0,0,-0.00245621916815092,0.0113708327553943,0,-0.00146090482102333,0,0,0,0,0,0,0,0,0,0,0,0,0,0,0,0,0,0,0,0,-0.00708326791042807,0,0,0,0,0,0,0.0101782655130788,-0.00434093977340787,-0.00669914242973451,0,0,0,0,-0.00492626279388183,0,0,0,-0.0114476531330088,0,0,0,0,0,0,0,0,0,0,0,0,0,-0.0120373949831424,0,0,0,0,0,0,0,0,0,0,0,0,0,0.0277895147378885,0,0,0,0,0,0,0,0,0,0.00525858858944115,0,0,0,0,0,0,0.00329560843363527,0,0,0,0,0,0,0,0,0,0,0,0,0,0,0,0,0,0,0,0,0,0,0,0,0,0,0,0,-0.00164943260683225,0,0,0,0,0,0,0,0,0.032750028707423,0,0,0,0,-0.0164030750793663
-0.0023099912844271,0.512733273235639,0,0,0,0,0,0,0,0,0,0,0,0,0,0,0,0,0,0,0,0,-0.0248822919572619,0,0,0,0,0,0,0.0394692585801906,0,0,0,0.00536868643169743,0,0,0,0.0212540312543754,0,0.00561915031423123,-0.00146086992941015,0,0,-0.0204860008468261,0,0,0,0,0,0,0,0,0,0,0,0,-0.00228232342061993,0.0122641427330485,0,-0.000770960357874565,0,0,0,0,0,0,0,0,0,0,0,0,0,0,0,0,0,0,0,0,-0.0106790661232871,0,0,0,0,0,0,0.00851909264544489,-0.00294735924215736,-0.00674445858460166,0,0,0,0,-0.00393474258920007,0,0,0,-0.00739597001718656,0,0,0,0,0,0,0,0,0,0,0,0,0,-0.0133221950138066,0,0,0,0,0,-0.000907022216108232,0,0,0,0,0,0,0,0.0252070379446405,0,0,0,0,-0.0012556638754068,0,0,0,0,0.00556790834193419,0,0,0,0,0,0,0.00688213580949861,0,0,0,0,0,0,0,0,0,0,0,0,0,0,0,0,0,0,0,0,0,0,0,0,0,0,0,0,-0.0000216043131311494,0,0,0,0,0,0,0,0,0.0338219187656405,0,0,0,0,-0.0119913042545342
-0.00262158569112913,0.476309245952608,0,0,0,0,0,0,0,0,0,0,0,0,0,0,0,0,0,0,0,0,-0.0185654180746229,0,0,0,0,0,0,0.0491721923805162,0,0.000284498337048625,0,0.00559291249067649,0,0,0,0.024194388890256,0,0.0067629526988229,0,0,0,-0.0151123141962128,0,0,0,-0.000535395929474715,0,0,0,0,0,0,0,0,-0.0140942921440075,0.015572515858907,0,-0.00387367318607341,0,0,0,0,0,0,0,0,0.0013348672241756,0,0,0,0,0,0,0,0,0,0,0,-0.0066603647501825,0,0,0,0,0,0,0.0130510814170825,-0.00272759326567562,-0.00393181643079773,0,0,0,0,-0.0118062215178752,0,0,0,-0.00754909232004392,0,0,0,0,0,0,0,0,0,0,0,0,0,-0.0130285800640378,0,0,0,0,0,-0.00022943700300327,0,0,0,0,0,0,0,0.0243845243433357,0,0,0,0,-0.0000569325674920064,0,0,0,0,0.005601385144641,0,0,0,0,0,0,0.00591917821639098,0.00220679510019623,0,0,0,0,0,0,0,0,0,0,0,0,0,0,0,0,0,0,0,0,0,0,0,0,0,0,0,-0.00302844975002816,0,0,0,0,0,0,0,0,0.0363463474897193,0,0,0,0,-0.0185266853418172
-0.00156531678105237,0.453908685627633,0,0,0,0,0,0,0,0,0,0,0,0,0,0,0,0,0,0,0,0,-0.016545135727622,0,0,0,0,0,0,0.0500589780173226,0,0,0,0,0,0.00545787095690211,0,0.0317815012494088,0,0.00750833949455499,-0.00467591831634705,0,0,-0.0107072836722634,0,0,0,-0.00154748053426304,0,0,0,0,0,0,0,0,0,0.0133387641455032,0,-0.00925389665334373,0,0,0,0,0,0,0,0,0,0,0,0,0,0,0,0,0,0,0,0,-0.0107123112230228,0,0,0,0,0,0,0.0145171583183598,-0.0143081648990794,-0.0108810838285749,0,0,0,0,-0.000482277265062435,0,0,0,-0.00929446930849128,0,0,0,0,0,0,0,0,0,0,0,0,0,-0.0086312431275165,0,0,0,0,0,0,0,0,0,0,0,0,0,0.0383551991082298,0,0,0,0,0,0,0,0,0,0.00275639014125986,0,0,0,0,0,0,0.013747622503838,0,0,0,0,0,0,0,0.000467996990212241,0,0,0,0,0,0,0,0,0,0,0,0,0,0,0,0,0,0,0,0,0,0,0,0,0,0,0,0,0,0.0422314002427838,0.0125264796664345,0,0,0,-0.0111096187611149
-0.000187732147401186,0.48049024278947,0,0,0,0,0,0,0,0,0,0,0,0,0,0,0,0,0,0,0,0,-0.0185622925926821,0,0,0,0,0,0,0.0491199324065665,0,0,0,0.0063311553251949,0,0,0,0.0315075508241237,0,0.00420397718205998,-0.00602413798811931,0,0,-0.0181382964295971,0,0,0,0,0,0,0,0,0,0,0,0,-0.00722664474943248,0.0127828168897254,0,-0.006114321959953,0,0,0,0,0,0,0,0,0.0016387096646722,0,0,0,0,0,0,0,0,0,0,0,-0.0110759499478444,0,0,0,0,0,0,0.0114553708118813,-0.00950527763622682,-0.00731152712542158,0,0,0,0,-0.00878270701327817,0,0,0,-0.00436799439139562,0,0,0,0,0,0,0,0,0,0,0,0,0,-0.0122135020677655,0,0,0,0,0,-0.0015222000507064,0,0,0,0,0,0,0,0.0340712461574974,0,0,0,0,0,0,0,0,0,0.00481057817096694,0,0,0,0,0,0,0.00881244009023652,0,0,0,0,0,0,0,0.00868920700029338,0,0,0,0,0,0,0,0,0,0,0,0,0,0,0,0,0,0,0,0,-0.00267756887456263,0,0,0,0,0,0,0,0.000749085192146342,0.0405809046244685,0,0,0,0,-0.0142928474797319
-0.00051405039611345,0.493540352221148,0,0,0,0,0,0,0,0,0,0,0,0,0,0,0,0,0,0,0,0,-0.0152767111483249,0,0,0,0,0,0,0.0480945752250936,0,0,0,0.00213227147567853,0,0,0,0.0316674825386357,0,0.00650411417603792,-0.0000596411528098509,0,0,-0.0191123018580205,0,0,0,-0.00121097174372225,0,0,0,0,0,0,0,0,-0.00351090142893245,0.0117946711871964,0,-0.00215230267937402,0,0,0,0,0,0,0,0,0,0,0,0,0,0,0,0,0,0,0,0,-0.0116602299756528,0,0,0,0,0,0,0.0108119349519854,-0.00483574301841993,-0.00737912123304567,0,0,0,0,-0.00707943581147147,0,0,0,-0.0104000217427396,0,0,0,0,0,0,0,0,0,0,0,0,0,-0.01004656733358,0,0,0,0,0,0,0,0,0,0,0,0,0,0.027929092895847,0,0,0,0,0,0,0,0,0,0.00220591320704013,0,0,0,0,0,0,0.00622324881384236,0,0,0,0,0,0,0,0,0,0,0,0,0,0,0,0,0,0,0,0,0,0,0,0,0,0,0,0,0,0,0,0,0,0,0,0,0,0.0287013274919113,0,0,0,0,-0.0119619062589817
NA,NA,NA,NA,NA,NA,NA,NA,NA,NA,NA,NA,NA,NA,NA,NA,NA,NA,NA,NA,NA,NA,NA,NA,NA,NA,NA,NA,NA,NA,NA,NA,NA,NA,NA,NA,NA,NA,NA,NA,NA,NA,NA,NA,NA,NA,NA,NA,NA,NA,NA,NA,NA,NA,NA,NA,NA,NA,NA,NA,NA,NA,NA,NA,NA,NA,NA,NA,NA,NA,NA,NA,NA,NA,NA,NA,NA,NA,NA,NA,NA,NA,NA,NA,NA,NA,NA,NA,NA,NA,NA,NA,NA,NA,NA,NA,NA,NA,NA,NA,NA,NA,NA,NA,NA,NA,NA,NA,NA,NA,NA,NA,NA,NA,NA,NA,NA,NA,NA,NA,NA,NA,NA,NA,NA,NA,NA,NA,NA,NA,NA,NA,NA,NA,NA,NA,NA,NA,NA,NA,NA,NA,NA,NA,NA,NA,NA,NA,NA,NA,NA,NA,NA,NA,NA,NA,NA,NA,NA,NA,NA,NA,NA,NA,NA,NA,NA,NA,NA,NA,NA,NA,NA,NA,NA,NA,NA,NA,NA,NA,NA,NA,NA,NA,NA,NA,NA
-0.00291830966667091,0.504799334425555,0,0,0,0,0,0,0,0,0,0,0,0,0,0,0,0,0,0,0,0,-0.0268728301061261,0,0,0,0,0,0,0.0378844420092651,0,0,0,0.00320100777763477,0,0,0,0.0218644599664584,0,0.00276817253480282,-0.00064580005279485,0,0,-0.0178167371904111,0,0,0,0,0,0,0,0,0,0,0,0,-0.00269957849886231,0.0118834651818567,0,-0.00292696383537511,0,0,0,0,0,0,0,0,0,0,0,0,0,0,0,0,0,0,0,0,-0.0139508609510275,0,0,0,0,0,0,0.0104836668197326,-0.00100025861361252,-0.00631426799806518,0,0,0,0,-0.00159519021650928,0,0,0,-0.0133227322707118,0,0,0,0,0,0,0,0,0,0,0,0,0,-0.00448000318606535,0,0,0,0,0,0,0,0,0,0,0,0,0,0.0243069996140223,0,0,0,0,-0.00554957099665135,0,0,0,0,0.00795593506304756,0,0,0,0,0,0,0.00603610831280766,0,0,0,0,0,0,0,0,0,0,0,0,0,0,0,0,0,0,0,0,0,0,0,0,0,0,0,0,0,0,0,0,0,0,0,0,0,0.0304180553668197,0,0,0,0,-0.0161645901077429
NA,NA,NA,NA,NA,NA,NA,NA,NA,NA,NA,NA,NA,NA,NA,NA,NA,NA,NA,NA,NA,NA,NA,NA,NA,NA,NA,NA,NA,NA,NA,NA,NA,NA,NA,NA,NA,NA,NA,NA,NA,NA,NA,NA,NA,NA,NA,NA,NA,NA,NA,NA,NA,NA,NA,NA,NA,NA,NA,NA,NA,NA,NA,NA,NA,NA,NA,NA,NA,NA,NA,NA,NA,NA,NA,NA,NA,NA,NA,NA,NA,NA,NA,NA,NA,NA,NA,NA,NA,NA,NA,NA,NA,NA,NA,NA,NA,NA,NA,NA,NA,NA,NA,NA,NA,NA,NA,NA,NA,NA,NA,NA,NA,NA,NA,NA,NA,NA,NA,NA,NA,NA,NA,NA,NA,NA,NA,NA,NA,NA,NA,NA,NA,NA,NA,NA,NA,NA,NA,NA,NA,NA,NA,NA,NA,NA,NA,NA,NA,NA,NA,NA,NA,NA,NA,NA,NA,NA,NA,NA,NA,NA,NA,NA,NA,NA,NA,NA,NA,NA,NA,NA,NA,NA,NA,NA,NA,NA,NA,NA,NA,NA,NA,NA,NA,NA,NA
0.000333370138678296,0.47691652230772,0,0,0,0,0,0,0,0,0,0,0,0,0,0,0,0,0,0,0,0,-0.0135585199804905,0,0,0,0,0.00202414631731653,0,0.0526943556759613,0,0,0,0.00549475127411217,0,0,0,0.0298282117359848,0,0.00621768529487711,-0.00287426181866812,0,0,-0.0184753725775124,0,0,0,0,0,0,0,0,0,0,0,0,0,0.0167912752114565,0,-0.00456165342756363,0,0,0,0,0,0,0,0,0,0,0,0,0,0,0,0,0,0,0,0,-0.00320427501993524,0,0,0,0,-0.000885476903997982,0,0.00714202659913557,-0.0110273850022754,-0.00987368137734814,0,0,0,0,-0.00958357600446564,0,0,0,-0.00523053164291833,0,0,0,0,0,0,0,0,0,0,0,0,0,-0.0125740588111418,0,0,0,0,0,0,-0.00404376039835692,0,0,0,0,0,0,0.038901431127652,0,0,0,0,-0.0021095391721916,0,0,0,0,0,0,0,0,0,0,0,0.0116171188268754,0,0,0,0,0,0,0,0,0,0,0,0,0,0,0,0,0,0,0,0,0,0,0,0,0,0,0,0,0,0,0,0,0,0,0,0,0.00812691392737164,0.0327859094123664,0.0165313971063335,0,0,0,-0.00880968649642745
0.00252594947616066,0.463554129405363,0,0,0,0,0,0,0,0,0,0,0,0,0,0,0,0,0,0,0,0,-0.0188499539796983,0,0,0,0,0.00242681567533412,0,0.0488435091107884,0,0.00214022441557352,0,0.00886222603134702,0,0.000893049038970692,0,0.0265437043537423,0,0.0038954429808681,-0.00539798173770074,0,0,-0.0210982447046725,0,0,0,-0.00346965949832556,0,0,0,0,0,0,0,0,-0.0047482310564861,0.016814839173176,0,-0.00407497089399078,0,0,0,0,0,0,0,0,0,0,0,0,0,0,0,0,0,0.00115698245302838,0,0,-0.0115087753020653,0,0,0,0,-0.00276742826614867,0,0.00611647046225647,-0.0152976822828471,-0.0137950568839109,0,0,0,0,-0.00652796165679056,0,0,0,0,0,0,0,0,0,0,0,0,0,0,0,0,0,-0.0127768152150602,0,0,0,0,0,0,-0.00775512740027818,0,0,0,0,0,0,0.0394888524156859,0,0,0,0,-0.00127088356576777,0,0,0,0,0.0135660843825698,0,0,0,0,0,0,0.021950945015888,0,0,0,0,0,0,0,0.00266181804100688,0,0,0,0,0,0,0,0,0,0,0,0,0,0,0,0,0,0,0,0,0,0,0,0,0,0,0,0,0.00521333958186064,0.04099460281212,0.013721988683352,0,0,0,-0.00766510058597032
0.00159015464996885,0.466309800228851,0,0,0,-0.00276356146549003,0,0,0,0,0,0,0,0,0,0,0,0,0,0,0,0,-0.0202148105633576,0,0,0,0,0.00534534102026101,0,0.0584186314847105,0,0,0,0.00921376472192452,0,0.00121957410204938,0,0.0206835652154036,0,0.00779911123449883,-0.00149747288501938,0,0,-0.0227933278357376,0,0,0,0,0,0,0,0,0,0,0,0,-0.00134705159665906,0.0175613389196476,0,-0.00213985514931311,0,0,0,0,0,0,0,0,0,0,0,0,0,0,0,0,0,0.00537726830356343,0,0,-0.00671174481182087,0,0,0,0,-0.000296432551639687,0,0.00396914902391484,-0.0150140731864986,-0.00920814752194496,0,0,0,0,-0.00636952428412856,0,0,0,-0.0071558184109948,0,0,0,0,0,0,0,0,0,0,0,0,0,-0.0147050346774541,0,0,0,0,0,0,-0.00929816017732348,0,0,0,0,0,0,0.0399905803613202,0,0,0,0,-0.00536467519739593,0,0,0,0,0.00351292945136605,0,0,0,0,0,0,0.0117880905765376,0,0,0,0,0,0,0,0,0,0,0,0,0,0,0,0,0,0,0,0,0,0,0,0,0,0,0,0,0,0,0,0,0,0,0,0,0.016590834650922,0.0435410593424929,0.00567707748101768,0,0,0,-0.0153220702064223
0.00138954769001421,0.451087118186106,0,0,0,0,0,0,0,0,0,0,0,0,0,0,0,0,0,0,0,0,-0.0180758617415587,0,0,0,0,0.00611081834326894,0,0.0615290161209105,0,0.0020521945603441,0,0.00669266972529686,0,0.00647955823286089,0,0.0200264423914585,0,0.00861605140271739,-0.000844660992828553,0,0,-0.0366554485869655,0,0,0,-0.0019460925135213,0,0,0,0,0,0,0,0,-0.00316603002263089,0.018031078140785,0,-0.00415257791868591,0,0,0,0,0,0,0,0,0,0,0,0,0,0,0,0,0,0.00000474640955990558,0,0,-0.00415688144687327,0,0,0,0,-0.000807334944083159,0,0.00185663120748838,-0.0196904109543533,-0.0142664750664919,0,0,0,0,-0.00107328050916381,0,0,0,0,0,0,0,0,0,0,0,0,0,0,0,0,0,-0.0128032669632172,0,0,0,0,0,0,-0.00809017476911627,0,0,0,0,0,0,0.0435198041902654,0,0,0,0,-0.00509938264877527,0,0,0,0,0.012832874685173,0,0,0,0,0,0,0.0128834287322889,0,0,0,0,0,0,0,0,0,0,0,0,0,0,0,0,0,0,0,0,0,0,0,0,0,0,0,0,0,0,0,0,0,0,0,0,0.0196698170194949,0.0445740625208878,0.0113890574060731,0,0,0,-0.00313244909337765
0.00187754263438674,0.409157837672523,0,0,0,0,0,0,0,0,0,0,0,0.00361954066781422,0,0,0,0,0,0,0,0,-0.00822928660843687,0,0,0,0,0.00857389883656025,0,0.0627764230412502,0,0.00245912776153753,0,0,0,0.029910349095619,0,0.0401976324265566,0,0.0189016314598382,0,0,0,-0.030479231218838,0,0,0,-0.00129511277740189,0,0,0,0,0,0,0,0,0,0.024254487811529,0,-0.00333413110776315,0,0,0,0,0,0,0,0,0,0,0,0,0,0,0,0,0,0,0,0,-0.00555565881659545,0,0,0,0,-0.0032099296441088,0,0.016145212709594,-0.0317118418565263,-0.018879104494991,0,0,0,0,-0.000686767410514554,0,0,0,-0.0089641418348773,0,0,0,0,0,0,0,0,0,0,0,0,0,-0.00648305198975081,0,0,0,0,0,0,-0.00776533279564728,0,0,0,0,0,0,0.0520881331290662,-0.00416489263568497,0,0.00180850469553289,0,0,0,0,-0.000669304378783714,0,0.00421615421359937,0,0,0,0,0,0,0.0104617217587941,0,0,0,0,0,0,0,0,0,0,0,0,0,0,0,0,0,0,0,0,0,0,0,0,0,0,0,0,0,0,0,0,0,0,0,0,0.00844514741348159,0.050640248123818,0.0543342328641184,0,0,0,0
0.00201052412612524,0.420433085034213,0,0,0,0,0,0,0,0,0,0,0,0.00580790744083517,0,0,0,0,0,0,0,0,-0.00934235529385504,0,0,0,0,0.0124456149187988,0,0.0715873299862819,0,0.00363405010763584,0,0,0,0.0255740395975623,0,0.0404157455310071,0,0.0165407053172327,0,0,0,-0.0305972517474743,0,0,0,-0.000624853611764156,0,0,0,0,0,0,0,0,0,0.0244069455881202,0,-0.00317770875649388,0,0,0,0,0,0,0,0,0,0,0,0,0,0,0,0,0,0,0,0,-0.00366884432224941,0,0,0,0,-0.00347968322024537,0,0.0145550332579127,-0.0284370423695951,-0.0188685533606077,0,0,0,0,0,0,0,0,-0.00975691813517438,0,0,0,0,0,0,0,0,0,0,0,0,0,-0.00573894166003015,0,0,0,0,0,0,-0.00993483611347435,0,0,0,0,0,0,0.0485184349697876,-0.0126337770397143,0,0.0063065514993459,0,0,0,0,0,0,0,0,0,0,0,0,0,0,0,0,0,0,0,0,0,0,0,0,0,0,0,0,0,0,0,0,0,0,0,0,0,0,0,0,0,0,0,0,0,0,0,0,0,0,0.0105874561798212,0.0484027863851825,0.0495379406126602,0,0,0,0
0.0022669450100111,0.476134187994797,0,0,0,0,0,0,0,0,0,0,0,0.000927422925078216,0,0,0,0,0,0,0,0,-0.00401913527127306,0,0,0,0,0.0135576207369831,0,0.0723968310414378,0,0.000672871094349795,0,0.00250893669972495,0,0.00807724426654324,0,0.0353613792324281,0,0.012897330821849,0,0,0,-0.0386136308362874,0,0,0,0,0,0,0,0,0,0,0,0,0,0.0215446867857601,0,-0.0000638167954818523,0,0,0,0,0,0,0,0,0,0,0,0,0,0,0,0,0,0,0,0,-0.00281783621199387,0,0,0,0,-0.00175138887289405,0,0.00842087559308382,-0.0226975337363591,-0.0153193447538915,0,0,0,0,0,0,0,0,-0.00565192668697966,0,0,0,0,0,0,0,0,0,0,0,0,0,-0.00385679511918731,0,0,0.00863052901381924,0,0,0,-0.00237734163052191,0,0,0,0,0,0,0.045753199904091,-0.000924209389094924,0,0.000864865053876258,0,0,0,0,0,0,0,0,0,0,0,0,0,0.0134829710785183,0,0,0,0,0,0,0,0,0,0,0,0,0,0,0,0,0,0,0,0,0,0,0,0,0,0,0,0,0,0,-0.000152765644333086,0,0,0,0,0,0.0143774813216256,0.0364960439678892,0.0330438821189468,0,0,0,0
0.00315808160083641,0.477024011646739,0,0,0,0,0,0,0,0,0,0,0,0.000664273194810479,0,0,0,0,0,0,0,0,-0.00952201861189282,0,0,0,0,0.0211553515946113,0,0.0737001564030977,0,0.000982502314849686,0,0.000718454994488312,0,0.00498601988519095,0,0.0319937757629743,0,0.00997433686281156,0,0,0,-0.0201503788220206,0,0,0,-0.0000417725154529767,0,0,0,0,0,0,0,0,0,0.0209167041137201,0,-0.00210074789331973,0,0,0,0,0,0,0,0,0,0,0,0,0,0,0,0,0,0,0,0,-0.00289810984462907,0,0,0,0,-0.00745262243726743,0,0.00734309426580663,-0.0210325266891659,-0.0192618852931221,0,0,0,0,-0.000274237582935779,0,0,0,-0.00333112943365777,0,0,0,0,0,0,0,0,0,0,0,0,0,-0.00605674076534426,0,0,0.00774659617474186,0,0,0,-0.00561981954596211,0,0,0,0,0,0,0.0402045129892096,-0.00483909774326909,0,0,0,-0.000645756550359659,0,0,0,0,0,0,0,0,0,0,0,0.0139277435409696,0,0,0,0,0,0,0,0,0,0,0,0,0,0,0,0,0,0,0,0,0,0,0,0,0,0,0,0,0,0,0,0,0,0,0,0,0.0162639988289768,0.0368385424983944,0.0270806408258333,0,0,0,0
0.00244382280246935,0.468577171535143,0,0,0,0,0,0,0,0,0,0,0,0.00554836328951135,0,0,0,0,0,0,0,0,-0.0105759682110144,0,0,0,0,0.0103090464891463,0,0.0752176167300924,0,0.0031063093408449,0,0,0,0.000730460989054712,0,0.033557681254824,0,0.00628447717111937,0,0,0,-0.0225588823851257,0,0,0,-0.00201409978300563,0,0,0,0,0,0,0,0,0,0.0239957174534557,0,-0.00368400323101536,0,0,0,0,0,0,0,0,0,0,0,0,0,0,0,0,0,0,0,0,-0.00626544720850398,0,0,0,0,-0.00110916332284947,0,0.0157269837677058,-0.0258392812767538,-0.0124028841959822,0,0,0,0,-0.00419423529261468,0,0,0,-0.00896334553145245,0,0,0,0,0,0,0,0,0,0,0,0,0,-0.00473993206796336,0,0,0,0,0,0,-0.00893638823483795,0,0,0,0,0,0,0.0402768840722991,-0.00126964945117719,0,0,0,0,0,0,0,0,0,0,0,0,0,0,0,0.0201039108905216,0,0,0,0,0,0,0,0,0,0,0,0,0,0,0,0,0,0,0,0,0,0,0,0,0,0,0,0,0,0,0,0,0,0,0,0,0.0193598027893637,0.0315612625603641,0.0261254135539169,0,0,0,0
NA,NA,NA,NA,NA,NA,NA,NA,NA,NA,NA,NA,NA,NA,NA,NA,NA,NA,NA,NA,NA,NA,NA,NA,NA,NA,NA,NA,NA,NA,NA,NA,NA,NA,NA,NA,NA,NA,NA,NA,NA,NA,NA,NA,NA,NA,NA,NA,NA,NA,NA,NA,NA,NA,NA,NA,NA,NA,NA,NA,NA,NA,NA,NA,NA,NA,NA,NA,NA,NA,NA,NA,NA,NA,NA,NA,NA,NA,NA,NA,NA,NA,NA,NA,NA,NA,NA,NA,NA,NA,NA,NA,NA,NA,NA,NA,NA,NA,NA,NA,NA,NA,NA,NA,NA,NA,NA,NA,NA,NA,NA,NA,NA,NA,NA,NA,NA,NA,NA,NA,NA,NA,NA,NA,NA,NA,NA,NA,NA,NA,NA,NA,NA,NA,NA,NA,NA,NA,NA,NA,NA,NA,NA,NA,NA,NA,NA,NA,NA,NA,NA,NA,NA,NA,NA,NA,NA,NA,NA,NA,NA,NA,NA,NA,NA,NA,NA,NA,NA,NA,NA,NA,NA,NA,NA,NA,NA,NA,NA,NA,NA,NA,NA,NA,NA,NA,NA
0.00220885246862074,0.459725937063126,0,0,0,0,0,0,0,0,0,0,0,0.00326365067355502,0,0,0,0,0,0,0,0,-0.00742285080532884,0,0,0,0,0.0183452951556774,0,0.0688118173510322,0,0.00157897519984866,0,0,0,0.0130135402960069,0,0.0359111064848166,0,0.0100510910733032,0,0,0,-0.0238533323804895,0,0,0,-0.00185681842867784,0,0,0,0,0,0,0,0,0,0.0239944778049381,0,-0.000616831301950874,0,0,0,0,0,0,0,0,0,0,0,0,0,0,0,0,0,0,0,0,-0.00300259715045959,0,0,0,0,-0.00579980345577191,0,0.0107003147159823,-0.0255402396478315,-0.0184489023911486,0,0,0,0,-0.00336796216996259,0,0,0,-0.01298914997936,0,0,0,0,0,0,0,0,0,0,0,0,0,-0.00531859201668948,0,0,0.00183012064401463,0,0,0,-0.00461218615754289,0,0,0,0,0,0,0.043976098006285,-0.00308531012888544,0,0.000460216491760977,0,0,0,0,0,0,0,0,0,0,0,0,0,0.00809630206614143,0,0,0,0,0,0,0,0,0,0,0,0,0,0,0,0,0,0,0,0,0,0,0,0,0,0,0,0,0,0,0,0,0,0,0,0,0.0140048297886836,0.0370379831037459,0.0409278100111608,0,0,0,0
NA,NA,NA,NA,NA,NA,NA,NA,NA,NA,NA,NA,NA,NA,NA,NA,NA,NA,NA,NA,NA,NA,NA,NA,NA,NA,NA,NA,NA,NA,NA,NA,NA,NA,NA,NA,NA,NA,NA,NA,NA,NA,NA,NA,NA,NA,NA,NA,NA,NA,NA,NA,NA,NA,NA,NA,NA,NA,NA,NA,NA,NA,NA,NA,NA,NA,NA,NA,NA,NA,NA,NA,NA,NA,NA,NA,NA,NA,NA,NA,NA,NA,NA,NA,NA,NA,NA,NA,NA,NA,NA,NA,NA,NA,NA,NA,NA,NA,NA,NA,NA,NA,NA,NA,NA,NA,NA,NA,NA,NA,NA,NA,NA,NA,NA,NA,NA,NA,NA,NA,NA,NA,NA,NA,NA,NA,NA,NA,NA,NA,NA,NA,NA,NA,NA,NA,NA,NA,NA,NA,NA,NA,NA,NA,NA,NA,NA,NA,NA,NA,NA,NA,NA,NA,NA,NA,NA,NA,NA,NA,NA,NA,NA,NA,NA,NA,NA,NA,NA,NA,NA,NA,NA,NA,NA,NA,NA,NA,NA,NA,NA,NA,NA,NA,NA,NA,NA
0.000590232805169948,0.462629568653743,0,0,0,0,0,0,0,0,0,0,0,0.000311962201928568,0,0,0,0,0,0,0,0,-0.00992700672337172,0,0,0,0,0.00727188739804158,0,0.0610890503411982,0,0,0,0,0,0.0128145230868237,0,0.0358411665869791,0,0.00769458232045107,0,0,0,-0.0199697646511895,0,0,0,-0.00212246712618419,0,0,0,0,0,0,0,0,0,0.0202579802345116,0,-0.000842898629562215,0,0,0,0,0,0,0,0,0,0,0,0,0,0,0,0,0,0,0,0,-0.005211842230065,0,0,0,0,-0.00990948824059674,0,0.0109215055134316,-0.0196099023481893,-0.0142975684309399,0,0,0,0,-0.00444203102233593,0,0,0,-0.0134580220812425,0,0,0,0,0,0,0,0,0,0,0,0,0,-0.00829875315024097,0,0,0,0,0,0,-0.00309016142332723,0,0,0,0,0,0,0.0355887503333578,-0.00110170463166248,0,0,0,0,0,0,0,0,0,0,0,0,0,0,0,0.00641760343977013,0,0,0,0,0,0,0,0.00084640050276845,0,0,0,0,0,0,0,0,0,0,0,0,0,0,0,0,0,0,0,0,0,0,0,0,0,0,0,0,0.0151130549270081,0.0268330454173379,0.0302662437287252,0,0,0,0
0.000500129642718892,0.499312187924378,0,0,0,0,0,0,0,0,0,0,0,0,0,0,0,0,0,0,0,0,-0.015366117688895,0,0,0,0,0.00443467353541255,0,0.0539490047408746,0,0,0,0.00142744209145451,0,0,0,0.0312572019788639,0,0.00326498676639014,0,0,0,-0.0183372218418199,0,0,0,0,0,0,0,0,0,0,0,0,-0.00184519668361281,0.0175697468665979,0,-0.00290339009784235,0,0,0,0,0,0,0,0,0,0,0,0,0,0,0,0,0,0,0,0,-0.00776811260822049,0,0,0,0,-0.00417823468854795,0,0.00876439446254334,-0.013233306499372,-0.0118378944963646,0,0,0,0,-0.00248345473198415,0,0,0,-0.0073341931097895,0,0,0,0,0,0,0,0,0,0,0,0,0,-0.00649512635039855,0,0,0,0,0,0,-0.00343979080477219,0,0,0,0,0,0,0.0354306929202047,0,0,0,0,0,0,0,0,0,0.000302023990196047,0,0,0,0,0,0,0.0106234608195592,0,0,0,0,0,0,0,0.00551125627820359,0,0,0,0,0,0,0,0,0,0,0,0,0,0,0,0,0,0,0,0,0,0,0,0,0,0,0,0,0.010224426119897,0.0303528668649498,0.000863995622465732,0,0,0,-0.00413515379070864
0.00100206897908492,0.482893902507053,0,0,0,0,0,0,0,0,0,0,0,0,0,0,0,0,0,0,0,0,-0.00744940477339029,0,0,0,0,0.00515734267608541,0,0.0635382423189143,0,0,0,0.000078137555770184,0,0,0,0.0356576896091962,0,0.00925641072307662,0,0,0,-0.019073630083115,0,0,0,-0.00452128705552604,0,0,0,0,0,0,0,0,0,0.0211200634448926,0,-0.00157781533808592,0,0,0,0,0,0,0,0,0,0,0,0,0,0,0,0,0,0,0,0,-0.00448407664679059,0,0,0,0,-0.00703234111272789,0,0.00824168498450705,-0.0159880486556555,-0.0110578873730577,0,0,0,0,-0.00701898000681542,0,0,0,-0.0111578350285109,0,0,0,0,0,0,0,0,0,0,0,0,0,-0.00524449867881973,0,0,0,0,0,0,-0.00372614699315361,0,0,0,0,0,0,0.0332689774882719,-0.000665663659608206,0,0,0,0,0,0,0,0,0,0,0,0,0,0,0,0.00771532323733693,0,0,0,0,0,0,0,0.00767737041074962,0,0,0,0,0,0,0,0,0,0,0,0,0,0,0,0,0,0,0,0,0,0,0,0,0,0,0,0,0.0155512487413269,0.0177671692800483,0.0142565382241732,0,0,0,0
-0.00000317029761111656,0.505074851785121,0,0,0,0,0,0,0,0,0,0,0,0,0,0,0,0,0,0,0,0,-0.0107491663745941,0,0,0,0,0,0,0.0576819895286241,0,0,0,0,0,0,0,0.0321420970405992,0,0.000212434451342353,0,0,0,-0.0200912970922791,0,0,0,-0.00459139446505037,0,0,0,0,0,0,0,0,-0.00408668554548128,0.0192836472451958,0,-0.000451136773635591,0,0,0,0,0,0,0,0,0,0,0,0,0,0,0,0,0,0,0,0,-0.0125396110147278,0,0,0,0,-0.00279279804028759,0,0.0104703271164908,-0.00843279935450954,-0.0102922049770278,0,0,0,0,-0.0075089618479114,0,0,0,-0.00821570748180564,0,0,0,0,0,0,0,0,0,0,0,0,0,-0.00503975200261057,0,0,0,0,0,0,0,0,0,0,0,0,0,0.0272132737296154,0,0,0,0,0,0,0,0,0,0,0,0,0,0,0,0,0.007101869956726,0.00580392298154974,0,0,0,0,0,0,0.0184966779394632,0,0,0,0,0,0,0,0,0,0,0,0,0,0,0,0,0,0,0,0,0,0,0,0,0,0,0,0,0.0111652273046451,0.0178730143483594,0,0,0,0,-0.00128533531918336
-0.00123054823824829,0.499906078863227,0,0,0,0,0,0,0.00024460550804379,0,0,0,0,0,0,0,0,0,0,0,0,0,-0.00643919537056276,0,0,0,0,0,0,0.0509285685924054,0,0,0,0.00164066078635609,0,0,0,0.0312033175697604,0,0,0,0,0,-0.021253759232035,0,0,0,-0.00496851346581595,0,0,0,0,0,0,0,0,-0.00295394396852013,0.0174755880299169,0,0,0,0,0,0,0,0,0,0,0,0,0,0,0,0,0,0,0,0,0,0,-0.0117894280146461,0,0,0,0,-0.00137443041225443,0,0.0114152581639057,-0.0119584706365883,-0.0081587219483652,0,0,0,0,-0.00729244258251396,0,0,0,-0.011028057655559,0,0,0,0,0,0,0,0,0,0,0,0,0,-0.00405364037747231,0,0,0,0,0,0,0,0,0,0,0,0,0,0.026801042486527,0,0,0,0,0,0,0,0,0,0.000657267594597855,0,0,0,0,0,0,0.00752586054166345,0.00469761821991246,0,0,0,0,0,0,0.0145355442835931,0,0,0,0,0,0,0,0,0,0,0,0,0,0,0,0,0,0,0,0,0,0,0,0,0,0,0,0,0.00795599564946185,0.00926934986946405,0,0,0,0,-0.000041929175624047
-0.00109626161033737,0.490942817579211,0,0,0,0,0,0,0.000733506053042122,0,0,0,0,0,0,0,0,0,0,0,0,0,-0.00865929613582848,0,0,0,0,0,0,0.0573213811995189,0,0,0,0.00369988364703797,0,0,0,0.0353501858765971,0,0.000387651106589777,0,0,0,-0.0157275849467765,0,0,0,-0.00650144814088465,0,0,0,0,0,0,0,0,-0.00539961877867739,0.0187077283109119,0,-0.00107228467279501,0,0,0,0,0,0,0,0,0.00373705735902501,0,0,0,0,0,0,0,0,0,0,0,-0.0158954093151184,0,0,0,0,0,0,0.011781638015181,-0.00722143157099553,-0.00905601379999684,0,0,0,0,-0.00546769114602598,0,0,0,-0.0103095199262933,0,0,0,0,0,0,0,0,0,0,0,0,0,-0.00437555870571795,0,0,0,0,0,0,0,0,0,0,0,0,0,0.0278827804255185,0,0,0,0,0,0,0,0,0,0,0,0,0,0,0,0,0.00907985116427405,0.00686203475849928,0,0,0,0,0,0,0.0170745403123929,0,0,0,0,0,0,0,0,0,0,0,0,0,0,0,0,0,0,0,0,0,0,0,0,0,0,0,0,0.00646828618033984,0.0203934711803406,0,0,0,0,-0.00184703654129331
0.000495840506999521,0.486425367687303,0,0,0,0,0,0,0,0,0,0,0,0,0,0,0,0,0,0,0,0,-0.00991519195340296,0,0,0,0,0,0,0.0606249452092161,0,0,0,0.00178982519295773,0,0,0,0.0385171011102264,0,0.0020452600415974,0,0,0,-0.014604341575707,0,0,0,-0.0041767374520893,0,0,0,0,0,0,0,0,-0.00367149794559687,0.0204584926666941,0,-0.00300915560801206,0,0,0,0,0,0,0,0,0.00847186845392225,0,0,0,0,0,0,0,0,0,0,0,-0.0109123530331927,0,0,0,0,0,0,0.0153723761549792,-0.0133512613008282,-0.0129294815059028,0,0,0,0,-0.00678954671709106,0,0,0,-0.00806167518366958,0,0,0,0,0,0,0,0,0,0,0,0,0,-0.0112563256059135,0,0,0,0,0,0,0,0,0,0,0,0,0,0.0318619772581015,-0.000261556460022068,0,0,0,0,0,0,0,0,0,0,0,0,0,0,0,0.0128377041692635,0.0017534313500063,0,0,0,0,0,0,0.0155266356684614,0,0,0,0,0,0,0,0,0,0,0,0,0,0,0,0,0,0,0,0,0,0,0,0,0,0,0,0,0.01122455566894,0.0215251657114471,0,0,0,0,-0.000429575545578212
-0.00063797743862436,0.473004032515803,0,0,0,0,0,0,0,0,0,0,0,0,0,0,0,0,0,0,0,0,-0.00905234573374213,0,0,0,0,0,0,0.0571868077639754,0,0,0,0.00208700278751821,0,0,0,0.0391181524542964,0,0.00288073293087789,0,0,0,-0.0139832053891545,0,0,0,-0.00697331452320812,0,0,0,0,0,0,0,0,-0.000891295127285422,0.0186189344680424,0,-0.00592598788152612,0,0,0,0,0,0,0,0,0.00311877567719382,0,0,0,0,0,0,0,0,0,0,0,-0.0142905930741295,0,0,0,0,0,0,0.0137328279455703,-0.0133693475644606,-0.00656189222441758,0,0,0,0,-0.00614269948444883,0,0,0,-0.00987264179946751,0,0,0,0,0,0,0,0,0,0,0,0,0,-0.00432293371800987,0,0,0,0,0,0,0,0,0,0,0,0,0,0.0315115721677275,0,0,0,0,0,0,0,0,0,0,0,0,0,0,0,0,0.012783940122403,0.00521305664392087,0,0,0,0,0,0,0.0174724579753721,0,0,0,0,0,0,0,0,0,0,0,0,0,0,0,0,0,0,0,0,0,0,0,0,0,0,0,0,0.0100760573164251,0.0292705376666986,0,0,0,0,-0.00613818094986475
-0.00199208630817761,0.488453530431949,0,0,0,0,0,0,0,0,0,0,0,0,0,0,0,0,0,0,0,0,-0.0068696696165213,0,0,0,0,0,0,0.0540101330184089,0,0,0,0.00282049317279234,0,0,0,0.030379047975788,0,0,0,0,0,-0.0104048562320888,0,0,0,0,0,0,0,0,0,0,0,0,-0.00550622763983169,0.0153761515858318,0,-0.000730143097929521,0,0,0,0,0,0,0,0,0.00366386917530923,0,0,0,0,0,0,0,0,0,0,0,-0.016017634952846,0,0,0,0,0,0,0.0117209643388447,-0.00899214507548811,-0.00478451694587553,0,0,0,0,-0.00859459402161545,0,0,0,-0.0100831822542755,0,0,0,0,0,0,0,0,0,0,0,0,0,-0.00492299005440875,0,0,0,0,0,0,0,0,0,0,0,0,0,0.0292905209086947,0,0,0,0,0,0,0,0,0,0.000562998356615896,0,0,0,0,0,0,0.00747328406860182,0.00484933538843329,0,0,0,0,0,0,0.0097681998307957,0,0,0,0,0,0,0,0,0,0,0,0,0,0,0,0,0,0,0,0,0,0,0,0,0,0,0,0,0.00378740086871429,0.0185013725987321,0,0,0,0,0
-0.00226393557498083,0.480837664376749,0,0,0,0,0,0,0.000740429190493261,0,0,0,0,0,0,0,0,0,0,0,0,0,-0.00521892779145415,0,0,0,0,0,0,0.0564348195363292,0,0,0,0.00525202270652163,0,0,0,0.0302406142459189,0,0.00169691467264639,0,0,0,-0.0215560827613039,0,0,0,-0.00737388622652085,0,0,0,0,0,0,0,0,-0.00592354519548675,0.0151033843487403,0,0,0,0,0,0,0,0,0,0,0,0,0,0,0,0,0,0,0,0,0,0,-0.0152363361591292,0,0,0,0,0,0,0.0117733529337304,-0.00621084945194319,-0.0151448129215255,0,0,0,0,-0.00473448601359039,0,0,0,-0.0122229360573648,0,0,0,0,0,0,0,0,0,0,0,0,0,-0.00348405519673856,0,0,0,0,0,0,0,0,0,0,0,0,0,0.0285789133475476,-0.00200961003849268,0,0,0,0,0,0,0,0,0.00205636279732762,0,0,0,0,0,0,0.00847345569255599,0.00607477004125803,0,0,0,0,0,0,0.00876390280759027,0,0,0,0,0,0,0,0,0,0,0,0,0,0,0,0,0,0,0,0,0,0,0,0,0,0,0,0,0.00678287372427847,0.0183502688535723,0,0,0,0,-0.00658854861101873
-0.00112358686324162,0.485073201104368,0,0,0,0,0,0,0.000763280681256135,0,0,0,0,0,0,0,0,0,0,0,0,0,-0.00492315689293345,0,0,0,0,0,0,0.0540505405193301,0,0,0,0.00407584859294765,0,0,0,0.0310281688338178,0,0.00100621332137731,0,0,0,-0.0208943797233988,0,0,0,-0.00764740840318133,0,0,0,0,0,0,0,0,-0.0041842968204926,0.0175517501759583,0,-0.000744099263017942,0,0,0,0,0,0,0,0,0.0000672088573694111,0,0,0,0,0,0,0,0,0,0,0,-0.0188690372977396,0,0,0,0,0,0,0.0110421557622147,-0.00816298267845613,-0.00833811044135916,0,0,0,0,-0.00715076746146495,0,0,0,-0.0112749354693402,0,0,0,0,0,0,0,0,0,0,0,0,0,-0.0043420690712091,0,0,0,0,0,0,0,0,0,0,0,0,0,0.0278874462769227,0,0,0,0,0,0,0,0,0,0.00198981107860818,0,0,0,0,0,0,0.00882412893663942,0.00297741099043357,0,0,0,0,0,0,0.013913827252659,0,0,0,0,0,0,0,0,0,0,0,0,0,0,0,0,0,0,0,0,0,0,0,0,0,0,0,0,0.00919294145229398,0.0100251014303956,0,0,0,0,-0.000820292487483085
-0.000595902424582333,0.476341810357617,0,0,0,0,0,0,0,0,0,0,0,0,0,0,0,0,0,0,0,0,-0.00335613437662221,0,0,0,0,0,0,0.0589744244901686,0,0,0,0.00127552787618936,0,0,0,0.0371877430120785,0,0.00132997756547603,0,0,0,-0.0153386762961914,0,0,0,-0.00800747865815077,0,0,0,0,0,0,0,0,-0.00596697584866791,0.0185699980489168,0,-0.00238892457437376,0,0,0,0,0,0,0,0,0.000107329694227298,0,0,0,0,0,0,0,0,0,0,0,-0.0222828671918615,0,0,0,0,0,0,0.0159095017356215,-0.0113257095832444,-0.0105654864292133,0,0,0,0,-0.00668526200670586,0,0,0,-0.00845094138913874,0,0,0,0,0,0,0,0,0,0,0,0,0,-0.00172405258084509,0,0,0,0,0,0,0,0,0,0,0,0,0,0.0336881528643456,-0.00322639083399263,0,0,0,0,0,0,0,0,0.0000441358448142187,0,0,0,0,0,0,0.0124672624579504,0.00405449921972807,0,0,0,0,0,0,0.0156097790184753,0,0,0,0,0,0,0,0,0,0,0,0,0,0,0,0,0,0,0,0,0,0,0,0,0,0,0,0,0.010945859948012,0.0182884225028643,0,0,0,0,-0.00113586157084387
0.000737909051703557,0.472057454938754,0,0,0,0,0,0,0,0,0,0,0,0,0,0,0,0,0,0,0,0,-0.00304733938810889,0,0,0,0,0,0,0.0718543735584546,0,0,0,0.000247483655316557,0,0,0,0.0364663821826211,0,0.00292481169696698,0,0,0,-0.00998097505782218,0,0,0,-0.00711521047091111,0,0,0,0,0,0,0,0,-0.0029438022194278,0.0223570795702043,0,-0.00588651666351121,0,0,0,0,0,0,0,0,0.00323421065198632,0,0,0,0,0,0,0,0,0,0,0,-0.0207683385472486,0,0,0,0,0,0,0.0135625095188517,-0.0154608658900936,-0.00962593673920194,0,0,0,0,-0.00832595503860654,0,0,0,-0.00886877058952944,0,0,0,0,0,0,0,0,0,0,0,0,0,-0.00494308198871267,0,0,0,0,0,0,0,0,0,0,0,0,0,0.0311233856600069,-0.00552071994853989,0,0,0,0,0,0,0,0,0,0,0,0,0,0,0,0.00951995066564316,0.00352758803028164,0,0,0,0,0,0,0.020041035274589,0,0,0,0,0,0,0,0,0,0,0,0,0,0,0,0,0,0,0,0,0,0,0,0,0,0,0,0,0.0194026677605722,0.0223047308541375,0,0,0,0,0
-0.00271507285322037,0.489680949842068,0,0,0,0,0,0,0,0,0,0,0,0,0,0,0,0,0,0,0,0,-0.0223323908462881,0,0,0,0,0,0,0.0354091336892225,0,0,0,0.00430210984849099,0,0,0,0.0293237863843136,0,0.00227195152486321,0,0,0,-0.0186724510693054,0,0,0,0,0,0,0,0,0,0,0,0,-0.00421175392649841,0.0125429757720368,0,-0.000298545893195966,0,0,0,0,0,0,0,0,0,0,0,0,0,0,0,0,0,0,0,0,-0.0208531721786636,0,0,0,0,0,0,0.01250336727883,-0.0125661188475574,-0.00423327362073532,0,0,0,0,-0.0021286262618138,0,0,0,-0.00628469400362416,0,0,0,0,0,0,0,0,0,0,0,0,0,-0.00445276141252759,0,0,0,0,0,0,0,0,0,0,0,0,0,0.0271104637454765,0,0,0,0,-0.00367353000181669,0,0,0,0,0.00360272988650657,0,0,0,0,0,0,0.0104933466134211,0,0,0,0,0,0,0,0.000174053733199034,0,0,0,0,0,0,0,0,0,0,0,0,0,0,0,0,0,0,0,0,0,0,0,0,0,0,0,0,0,0.0281946766977523,0,0,0,0,-0.0138905216659679
-0.00267469793022902,0.493767211668309,0,0,0,0,0,0,0,0,0,0,0,0,0,0,0,0,0,0,0,0,-0.0136255362838322,0,0,0,0,0,0,0.0378286390944211,0,0,0,0,0,0,0,0.0290783438068969,0,0.00148975886647357,0,0,0,-0.0200250327014773,0,0,0,-0.00348228555899968,0,0,0,0,0,0,0,0,-0.00703746749697949,0.0154879219391577,0,-0.00116900541131405,0,0,0,0,0,0,0,0,0,0,0,0,0,0,0,0,0,0,0,0,-0.0195439339586612,0,0,0,0,0,0,0.0136870486448587,-0.00645469374241022,-0.00646641160883418,0,0,0,0,-0.0051385255439871,0,0,0,-0.00955495226455928,0,0,0,0,0,0,0,0,0,0,0,0,0,-0.00501453185095802,0,0,0,0,0,0,0,0,0,0,0,0,0,0.0272047808942127,0,0,0,0,0,0,0,0,0,0.00451741551107636,0,0,0,0,0,0,0.00930605457572843,0.00189406419125795,0,0,0,0,0,0,0.00589076706770373,0,0,0,0,0,0,0,0,0,0,0,0,0,0,0,0,0,0,0,0,0,0,0,0,0,0,0,0,0,0.021952235555569,0,0,0,0,-0.00906988626410839
-0.00137927722084094,0.490889199195103,0,0,0,0,0,0,0,0,0,0,0,0,0,0,0,0,0,0,0,0,-0.00746241289941862,0,0,0,0,0,0,0.0460376433309892,0,0,0,0,0,0,0,0.0329799140958058,0,0,0,0,0,-0.0172054773370978,0,0,0,-0.00789760804439071,0,0,0,0,0,0,0,0,-0.00568794779619156,0.0196092342693403,0,-0.00371500874946499,0,0,0,0,0,0,0,0,0,0,0,0,0,0,0,0,0,0,0,0,-0.0170304240491339,0,0,0,0,0,0,0.0142801523053931,-0.00556455577766415,-0.00726850363978348,0,0,0,0,-0.00985365527864846,0,0,0,-0.00792769284433541,0,0,0,0,0,0,0,0,0,0,0,0,0,-0.00452199106780996,0,0,0,0,0,0,0,0,0,0,0,0,0,0.0285998746280497,0,0,0,0,0,0,0,0,0,0.00266239442469203,0,0,0,0,0,0,0.0117544450829282,0.00422929490697576,0,0,0,0,0,0,0.0163682456465809,0,0,0,0,0,0,0,0,0,0,0,0,0,0,0,0,0,0,0,0,0,0,0,0,0,0,0,0,0.00487874197376549,0.0187369856421931,0,0,0,0,-0.00506492271971983
-0.00310179979316651,0.471530250745853,0,0,0,0,0,0,0,0,0,0,0,0,0,0,0,0,0,0,0,0,-0.0204804934761833,0,0,0,0,0,0,0.0348513561345607,0,0,0,0.0025033473441625,0,0.00511652413895956,0,0.0322506965829681,0,0.00148538506347473,0,0,0,-0.0150243445958275,0,0,0,0,0,0,0,0,0,0,0,0,-0.00408476227690925,0.0160767907169949,0,-0.00270868172649814,0,0,0,0,0,0,0,0,0,0,0,0,0,0,0,0,0,0,0,0,-0.0186219852021751,0,0,0,0,0,0,0.0147537330493991,-0.00641082529836154,-0.00861042632991648,0,0,0,0,-0.00198879797076281,0,0,0,-0.0209880384416576,-0.00580190644433244,0,0,0,0,0,0,0,0,0,0,0,0,-0.00286085431412323,0,0,0,0,0,-0.00344976797599582,0,0,0,0,0,0,0,0.0322433810730945,0,0,0,0,-0.00217416125278486,0,0,0,0,0.00678324748646001,0,0,0,0,0,0,0.0131348632556058,0,0,0,0,0,0,0,0.00486466725824407,0,0,0,0,0,0,0,0,0,0,0,0,0,0,0,0,0,0,0,0,-0.000811272057860268,0,0,0,0,0,0,0,0,0.0287601179687477,0,0,0,0,-0.0111085444972209
-0.00103207320680089,0.494637078926141,0,0,0,0,0,0,0,0,0,0,0,0,0,0,0,0,0,0,0,0,-0.0203109349708678,0,0,0,0,0,0,0.0362239957264013,0,0,0,0.00290378830475915,0,0,0,0.0292682969897219,0,0.00222979485230211,-0.00302936181485884,0,0,-0.0140039045105955,0,0,0,-0.00150282666201931,0,0,0,0,0,0,0,0,-0.00813066933781958,0.0149253702338198,0,-0.00226164789713622,0,0,0,0,0,0,0,0,0.000362585770984694,0,0,0,0,0,0,0,0,0,0,0,-0.0183234631448959,0,0,0,0,0,0,0.0162318341000824,-0.00748712176472899,-0.0045358945164088,0,0,0,0,-0.00267062036457676,0,0,0,-0.00471822567727468,0,0,0,0,0,0,0,0,0,0,0,0,0,-0.00811869574040497,0,0,0,0,0,0,0,0,0,0,0,0,0,0.0339528702654176,0,0,0,0,0,0,0,0,0,0.00449691081129833,0,0,0,0,0,0,0.0109142424386589,0,0,0,0,0,0,0,0.00574400558713521,0,0,0,0,0,0,0,0,0,0,0,0,0,0,0,0,0,0,0,0,0,0,0,0,0,0,0,0,0,0.028511610396392,0,0,0,0,-0.0108440799878941
-0.000796736042763906,0.468377657888209,0,0,0,0,0,0,0,0,0,0,0,0,0,0,0,0,0,0,0,0,-0.0160012081188035,0,0,0,0,0,0,0.0447979501514583,0,0,0,0.00710105687497488,0,0,0,0.0442586775481401,0,0.0076694807355785,0,0,0,-0.00788487786936199,0,0,0,0,0,0,0,0,0,0,0,0,-0.00383197991573342,0.0158305677285436,0,-0.00288619947155208,0,0,0,0,0,0,0,0,0.00489127845035658,0,0,0,0,0,0,0,0,0,0,0,-0.0167230953210733,0,0,0,0,0,0,0.0133767158886578,-0.0152445545054809,-0.0067062192862697,0,0,0,0,-0.00652936523271732,0,0,0,-0.00833758373158206,0,0,0,0,0,0,0,0,0,0,0,0,0,-0.00921251616753967,0,0,0,0,0,0,0,0,0,0,0,0,0,0.0371653302236805,0,0,0,0,0,0,0,0,0,0.00184896057422843,0,0,0,0,0,0,0.0116675845172501,0,0,0,0,0,0,0,0.00804996634037731,0,0,0,0,0,0,0,0,0,0,0,0,0,0,0,0,0,0,0,0,0,0,0,0,0,0,0,0,0,0.0265370447222804,0.000252005919745787,0,0,0,-0.00697867018306339
-0.00207370853178593,0.478597781701045,0,0,0,0,0,0,0,0,0,0,0,0,0,0,0,0,0,0,0,0,-0.0156459373877183,0,0,0,0,0,0,0.0476753257245171,0,0,0,0.00346040111128673,0,0,0,0.0346817427091467,0,0.00566424489830792,0,0,0,-0.0191444084657829,0,0,0,-0.0025014722336747,0,0,0,0,0,0,0,0,-0.00733710645652041,0.0153772587709206,0,-0.00272544573406507,0,0,0,0,0,0,0,0,0,0,0,0,0,0,0,0,0,0,0,0,-0.0205284774381373,0,0,0,0,0,0,0.014038836005526,-0.00626410163518214,-0.00476660383033108,0,0,0,0,-0.000115535993337411,0,0,0,-0.00811689022701841,0,0,0,0,0,0,0,0,0,0,0,0,0,-0.00530500818120824,0,0,0,0,0,0,0,0,0,0,0,0,0,0.0295795087790984,0,0,0,0,0,0,0,0,0,0,0,0,0,0,0,0,0.0135101880511213,0,0,0,0,0,0,0,0.0113978000942886,0,0,0,0,0,0,0,0,0,0,0,0,0,0,0,0,0,0,0,0,0,0,0,0,0,0,0,0,0,0.0248759276263888,0,0,0,0,-0.00812325640847256
-0.000500992513471781,0.462718879476383,0,0,0,0,0,0,0,0,0,0,0,0,0,0,0,0,0,0,0,0,-0.00785963187048596,0,0,0,0,0,0,0.0550760952378614,0,0,0,0.00613162754921392,0,0.00184799027907648,0,0.0361253107501404,0,0.00981139049253441,0,0,0,-0.0106677918386639,0,0,0,-0.00310966284452021,0,0,0,0,0,0,0,0,-0.00556406175876745,0.0144382834613338,0,-0.00196569580044095,0,0,0,0,0,0,0,0,0,0,0,0,0,0,0,0,0,0,0,0,-0.0173500795609565,0,0,0,0,0,0,0.00854688607594199,-0.012263877993393,-0.00726775148688283,0,0,0,0,-0.00683465271148402,0,0,0,-0.0110183342708651,0,0,0,0,0,0,0,0,0,0,0,0,0,-0.010484197292669,0,0,0,0,0,0,0,0,0,0,0,0,0,0.0335277424198041,0,0,0,0,0,0,0,0,0,0,0,0,0,0,0,0,0.00128126648270955,0,0,0,0,0,0,0,0.00571959890534631,0,0,0,0,0,0,0,0,0,0,0,0,0,0,0,0,0,0,0,0,0,0,0,0,0,0,0,0,0.00418506953350646,0.0188185366777186,0.00692242077364324,0,0,0,-0.00392998042592776
0.000344096199126915,0.451119681383055,0,0,0,0,0,0,0,0,0,0,0,0,0,0,0,0,0,0,0,0,-0.00175877399405673,0,0,0,0,0,0,0.0615558794164024,0,0,0,0.00449868737547762,0,0.000169809463764511,0,0.0428279734794336,0,0.00677353937069207,0,0,0,-0.00912103773645787,0,0,0,-0.00653128081037269,0,0,0,0,0,0,0,0,-0.00126666261517792,0.0213308622332375,0,-0.0044903294410638,0,0,0,0,0,0,0,0,0.00248180184990608,0,0,0,0,0,0,0,0,0,0,0,-0.0150277952253075,0,0,0,0,0,0,0.0091561254126547,-0.017198058656808,-0.0117381379016136,0,0,0,0,-0.0099744232554252,0,0,0,-0.0118375428994489,0,0,0,0,0,0,0,0,0,0,0,0,0,-0.00803598716236543,0,0,0,0,0,0,0,0,0,0,0,0,0,0.0363892513648456,-0.0000822771169593516,0,0.000881725806192131,0,0,0,0,0,0,0,0,0,0,0,0,0,0.00847268267392142,0,0,0,0,0,0,0,0.0064653792672215,0,0,0,0,0,0,0,0,0,0,0,0,0,0,0,0,0,0,0,0,0,0,0,0,0,0,0,0,0.00684244036774876,0.0152674044938399,0.0176007748059556,0,0,0,0
0.00039270400582741,0.458442052277538,0,0,0,0,0,0,0,0,0,0,0,0,0,0,0,0,0,0,0,0,-0.00257504599734898,0,0,0,0,0,0,0.0698962439371252,0,0,0,0.00690215512543334,0,0,0,0.0459071327013921,0,0.00700634914660557,0,0,0,-0.0042449210100201,0,0,0,-0.00625469748125103,0,0,0,0,0,0,0,0,-0.00249893929867533,0.022660755988582,0,-0.00763214427788626,0,0,0,0,0,0,0,0,0.00549465941375065,0,0,0,0,0,0,0,0,0,0,0,-0.0127107326419177,0,0,0,0,0,0,0.0107733735956133,-0.0180710128359222,-0.00978688557282534,0,0,0,0,-0.00940812666807179,0,0,0,-0.00882347400256267,0,0,0,0,0,0,0,0,0,0,0,0,0,-0.00650864042374769,0,0,0,0,0,0,0,0,0,0,0,0,0,0.0355364104082169,-0.00410738093177063,0,0,0,0,0,0,0,0,0,0,0,0,0,0,0,0.00564398067694209,0,0,0,0,0,0,0,0.0120880810854074,0,0,0,0,0,0,0,0,0,0,0,0,0,0,0,0,0,0,0,0,0,0,0,0,0,0,0,0,0.0126892201320121,0.0171145880259071,0.0101391432050799,0,0,0,0
-0.00206836885913071,0.48543496309469,0,0,0,0,0,0,0,0,0,0,0,0,0,0,0,0,0,0,0,0,-0.0184342322955181,0,0,0,0,0,0,0.0461310441761043,0,0,0,0.00605561293069478,0,0,0,0.0312898567417574,0,0.00511010763002013,0,0,0,-0.0138076869431124,0,0,0,0,0,0,0,0,0,0,0,0,-0.00578884387248567,0.0117388572229673,0,0,0,0,0,0,0,0,0,0,0,0,0,0,0,0,0,0,0,0,0,0,-0.0224418838241174,0,0,0,0,0,0,0.0147940497617924,-0.00718893166693624,-0.00419318227588671,0,0,0,0,0,0,0,0,-0.020707805099339,0,0,0,0,0,0,0,0,0,0,0,0,0,-0.00586362322782726,0,0,0,0,0,0,0,0,0,0,0,0,0,0.0315928065712795,0,0,0,0,-0.000758440338175009,0,0,0,0,0.00388157608885935,0,0,0,0,0,0,0.00696257636995685,0,0,0,0,0,0,0,0.00470548848675552,0,0,0,0,0,0,0,0,0,0,0,0,0,0,0,0,0,0,0,0,0,0,0,0,0,0,0,0,0.00126403896498824,0.0264523207982777,0,0,0,0,-0.0112139614672852
-0.0045395703956153,0.470369883877183,0,0,0,0,0,0,0,0,0,0,0,0,0,0,0,0,0,0,0,0,-0.0220940367632778,0,0,0,0,0,0,0.0345887619600806,0,0,0,0.00662953069681603,0,0.00133421194838702,0,0.032140414488429,0,0.00631152857170937,-0.000501251419541165,0,0,-0.00914106720934799,0,0,0,0,0,0,0,0,0,0,0,0,-0.0079063224511069,0.0118102841633522,0,-0.000206434506636708,0,0,0,0,0,0,0,0,0.00103598129980439,0,0,0,0,0,0,0,0,0,0,0,-0.0224014341586392,0,0,0,0,0,0,0.0143156298691207,-0.00326524073238097,-0.00489212987007694,0,0,0,0,0,0,0,0,-0.00836395926851473,0,0,0,0,0,0,0,0,0,0,0,0,0,-0.0114657449141914,0,0,0,0,0,0,0,0,0,0,0,0,0,0.0338890856781493,0,0,0,0,-0.00101510507429195,0,0,0,0,0.00508277862659165,0,0,0,0,0,0,0.00642014817536406,0,0,0,0,0,0,0,0,0,0,0,0,0,0,0,0,0,0,0,0,0,0,0,0,0,0,0,0,-0.00136301113845212,0,0,0,0,0,0,0,0,0.0246940656433671,0,0,0,0,-0.0167001675634587
-0.00265020423281459,0.464171741029282,0,0,0,0,0,0,0,0,0,0,0,0,0,0,0,0,0,0,0,0,-0.0134338635137807,0,0,0,0,0,0,0.0426112957869161,0,0,0,0.00621690814503744,0,0,0,0.0362089016871309,0,0.00483683112614878,0,0,0,-0.00932857801913072,0,0,0,-0.00223957216823094,0,0,0,0,0,0,0,0,-0.00939657213566486,0.0145773723521949,0,-0.00261965905873309,0,0,0,0,0,0,0,0,0.00415173734684244,0,0,0,0,0,0,0,0,0,0,0,-0.0188469506395239,0,0,0,0,0,0,0.015795055548209,-0.00736255386474678,-0.0032704686307543,0,0,0,0,-0.00720723077140786,0,0,0,-0.00507928819305357,0,0,0,0,0,0,0,0,0,0,0,0,0,-0.00950274112884882,0,0,0,0,0,0,0,0,0,0,0,0,0,0.0362899446832301,0,0,0,0,0,0,0,0,0,0.00322319821436187,0,0,0,0,0,0,0.00922261538622471,0,0,0,0,0,0,0,0.00493399311369562,0,0,0,0,0,0,0,0,0,0,0,0,0,0,0,0,0,0,0,0,0,0,0,0,0,0,0,0,0,0.0225027456911473,0,0,0,0,-0.0110388986309302
-0.0018604189555198,0.453140756559022,0,0,0,0,0,0,0,0,0,0,0,0,0,0,0,0,0,0,0,0,-0.00986543127344873,0,0,0,0,0,0,0.0512169463010412,0,0,0,0.0125624457530679,0,0,0,0.0495848879889137,0,0.0076922090564601,0,0,0,-0.00432105810460564,0,0,0,-0.0000455812339750869,0,0,0,0,0,0,0,0,-0.00475870822464542,0.0160433444998322,0,-0.00567762868977305,0,0,0,0,0,0,0,0,0.00941323620482614,0,0,0,0,0,0,0,0,0,0,0,-0.0126250599260252,0,0,0,0,0,0,0.01535860164013,-0.0121943944117001,-0.00474714507634131,0,0,0,0,-0.00683064149216268,0,0,0,-0.012028282738619,0,0,0,0,0,0,0,0,0,0,0,0,0,-0.0101714625566433,0,0,0,0,0,0,0,0,0,0,0,0,0,0.0363484421515216,-0.00159910960819385,0,0,0,0,0,0,0,0,0.00163797748018024,0,0,0,0,0,0,0.00751554682419957,0,0,0,0,0,0,0,0.00397004567084051,0,0,0,0,0,0,0,0,0,0,0,0,0,0,0,0,0,0,0,0,-0.000441773543352344,0,0,0,0,0,0,0,0,0.0251299133611005,0.00508951324239011,0,0,0,-0.00543064087923689
-0.000808233585236684,0.456667995256658,0,0,0,0,0,0,0,0,0,0,0,0,0,0,0,0,0,0,0,0,-0.00591806906050861,0,0,0,0,0,0,0.0598220732842736,0,0,0,0.0110687162765851,0,0,0,0.0450570506900645,0,0.0126503881288226,0,0,0,-0.00560728870445692,0,0,0,-0.0103749990636551,0,0,0,0,0,0,0,0,-0.003967846589978,0.0190451280045396,0,-0.0114195366883152,0,0,0,0,0,0,0,0,0.00683936491879953,0,0,0,0,0,0,0,0,0,0,0,-0.00949238603265568,0,0,0,0,0,0,0.0178324261408125,-0.0130587120406712,-0.00982289908589578,0,0,0,0,-0.00424172936852281,0,0,0,-0.00612311864416178,0,0,0,0,0,0,0,0,0,0,0,0,0,-0.00731818184529331,0,0,0,0,0,0,0,0,0,0,0,0,0,0.0390522815181012,-0.00718795364460436,0,0,0,0,0,0,0,0,0.00148011755357028,0,0,0,0,0,0,0.00500106689185294,0,0,0,0,0,0,0,0.00956281734624832,0,0,0,0,0,0,0,0,0,0,0,0,0,0,0,0,0,0,0,0,0,0,0,0,0,0,0,0,0.00642500408680488,0.026559201281748,0.00683476933853063,0,0,0,-0.00225530751393258
-0.00063023434523499,0.457654582855329,0,0,0,0,0,0,0,0,0,0,0,0,0,0,0,0,0,0,0,0,-0.00932613751796788,0,0,0,0,0,0,0.0552140809714303,0,0.00174280073258297,0,0.0124433218308411,0,0,0,0.0476841717111751,0,0.00742167703807821,0,0,0,-0.00163361929903914,0,0,0,0,0,0,0,0,0,0,0,0,-0.00585669974040652,0.0168924526465933,0,-0.00264743331269783,0,0,0,0,0,0,0,0,0.00891799483007546,0,0,0,0,0,0,0,0,0,0,0,-0.0141055242284737,0,0,0,0,0,0,0.0156736011916138,-0.0137530577909831,-0.00559416802065189,0,0,0,0,-0.00713379799047247,0,0,0,-0.0128994262222705,0,0,0,0,0,0,0,0,0,0,0,0,0,-0.0114097838465307,0,0,0,0,0,0,0,0,0,0,0,0,0,0.036472426734431,0,0,0,0,0,0,0,0,0,0.000871014181776815,0,0,0,0,0,0,0.00523094533621696,0,0,0,0,0,0,0,0.0126643547690169,0,0,0,0,0,0,0,0,0,0,0,0,0,0,0,0,0,0,0,0,0,0,0,0,0,0,0,0,0.000979705752856007,0.019070510039708,0,0,0,0,0
-0.000077847920881953,0.440642602216454,0,0,0,0,0,0,0,0,0,0,0,0,0,0,0,0,0,0,0,0,-0.0123528329679571,0,0,0,0,0,0,0.0586836096908506,0,0,0,0.00624465848065071,0,0.00368574947645466,0,0.0484730012401908,0,0.00824067257477729,0,0,0,-0.00333005018960901,0,0,0,-0.0024587326571278,0,0,0,0,0,0,0,0,-0.00761524706258336,0.0166075080166602,0,-0.00787182171892223,0,0,0,0,0,0,0,0,0.0096052172614597,0,0,0,0,0,0,0,0,0,0,0,-0.0155346384514389,0,0,0,0,0,0,0.0183722238340156,-0.0216793372598366,-0.00581895130799747,0,0,0,0,-0.00260408702426732,0,0,0,-0.0106090446044605,0,0,0,0,0,0,0,0,0,0,0,0,0,-0.00974695877064361,0,0,0,0,0,0,0,0,0,0,0,0,0,0.041623992812255,0,0,0,0,0,0,0,0,0,0,0,0,0,0,0,0,0.00648295226293692,0,0,0,0,0,0,0,0.00631045566263383,0,0,0,0,0,0,0,0,0,0,0,0,0,0,0,0,0,0,0,0,0,0,0,0,0,0,0,0,0,0.0281986871441094,0.011273699500282,0,0,0,-0.00348917758943769
-0.0026523499682354,0.48221084138771,0,0,0,0,0,0,0,0,0,0,0,0,0,0,0,0,0,0,0,0,-0.0142712448850255,0,0,0,0,0,0,0.0475458865988676,0,0,0,0.00689389502710164,0,0,0,0.0312975261003674,0,0.00836151270368122,0,0,0,-0.00932933317090728,0,0,0,0,0,0,0,0,0,0,0,0,-0.0037233747191632,0.0122528967351895,0,-0.000597518720612532,0,0,0,0,0,0,0,0,0.000934973725224354,0,0,0,0,0,0,0,0,0,0,0,-0.0181612126581,0,0,0,0,0,0,0.0171593160901868,-0.00558265295008722,-0.00406833484535658,0,0,0,0,-0.00131393730653534,0,0,0,-0.0106437034088338,0,0,0,0,0,0,0,0,0,0,0,0,0,-0.0109725264741599,0,0,0,0,0,0,0,0,0,0,0,0,0,0.032282101135331,0,0,0,0,0,0,0,0,0,0.00238964835469337,0,0,0,0,0,0,0.0051475587046122,0,0,0,0,0,0,0,0.0028741914995808,0,0,0,0,0,0,0,0,0,0,0,0,0,0,0,0,0,0,0,0,0,0,0,0,0,0,0,0,0,0.0205515773619358,0,0,0,0,-0.00698792611561381
-0.00240263786573319,0.468236395925876,0,0,0,0,0,0,0,0,0,0,0,0,0,0,0,0,0,0,0,0,-0.0100348494878924,0,0,0,0,0,0,0.0546804610937809,0,0,0,0.00910924813764222,0,0,0,0.0374233337345756,0,0.0078901378707454,0,0,0,-0.00798932427903612,0,0,0,0,0,0,0,0,0,0,0,0,-0.00603405741671431,0.0152362122804659,0,-0.00258998761850699,0,0,0,0,0,0,0,0,0.00470842011547922,0,0,0,0,0,0,0,0,0,0,0,-0.0125734456127864,0,0,0,0,0,0,0.013769314121127,-0.00996132650691316,-0.00443043160598728,0,0,0,0,-0.00706996658493819,0,0,0,-0.0120375870802064,0,0,0,0,0,0,0,0,0,0,0,0,0,-0.00948108492202261,0,0,0,0,0,0,0,0,0,0,0,0,0,0.0323135607152191,0,0,0,0,0,0,0,0,0,0.00101406240644034,0,0,0,0,0,0,0.00609742362780954,0,0,0,0,0,0,0,0.00504676280449242,0,0,0,0,0,0,0,0,0,0,0,0,0,0,0,0,0,0,0,0,0,0,0,0,0,0,0,0,0.000730710261005232,0.019085189187231,0,0,0,0,-0.00591301691069396
-0.00353781124034083,0.476120572041016,0,0,0,0,0,0,0,0,0,0,0,0,0,0,0,0,0,0,0,0,-0.0140603940588312,0,0,0,0,0,0,0.0494689793383244,0,0,0,0.00807593712799149,0,0,0,0.0364593173048631,0,0.00664834964863435,0,0,0,-0.0168429287191918,0,0,0,-0.000887655716683004,0,0,0,0,0,0,0,0,-0.00445449949215224,0.0135400905337816,0,-0.00139632526580258,0,0,0,0,0,0,0,0,0.00155816027715968,0,0,0,0,0,0,0,0,0,0,0,-0.0152985447571225,0,0,0,0,0,0,0.0180233626452919,-0.00539480256480619,-0.00505346214811246,0,0,0,0,-0.00476629411140577,0,0,0,-0.0144919500099295,0,0,0,0,0,0,0,0,0,0,0,0,0,-0.00681910203971134,0,0,0,0,0,0,0,0,0,0,0,0,0,0.0299117274012717,0,0,0,0,0,0,0,0,0,0.00479327649431342,0,0,0,0,0,0,0.0092862198523338,0.00159421557637818,0,0,0,0,0,0,0.00218876174471928,0,0,0,0,0,0,0,0,0,0,0,0,0,0,0,0,0,0,0,0,-0.000442682690034663,0,0,0,0,0,0,0,0,0.0226783666127244,0,0,0,0,-0.00928473074006622
-0.00281113105407369,0.477557753455773,0,0,0,0,0,0,0,0,0,0,0,0,0,0,0,0,0,0,0,0,-0.0122635942817532,0,0,0,0,0,0,0.0507761774418946,0,0,0,0.00913192025535597,0,0,0,0.0322101557369636,0,0.00752212289538305,0,0,0,-0.0169022781266489,0,0,0,0,0,0,0,0,0,0,0,0,-0.00536928425054504,0.0119639495747832,0,0,0,0,0,0,0,0,0,0,0,0,0,0,0,0,0,0,0,0,0,0,-0.0155514219399427,0,0,0,0,0,0,0.0137098399839591,-0.00484316446248004,-0.00526477430259136,0,0,0,0,-0.00460248879252256,0,0,0,-0.0124930011739719,0,0,0,0,0,0,0,0,0,0,0,0,0,-0.00856034616546939,0,0,0,0,0,0,0,0,0,0,0,0,0,0.0259659832786348,0,0,0,0,0,0,0,0,0,0.00261239757612401,0,0,0,0,0,0,0.00264205241037989,0.00100261834704298,0,0,0,0,0,0,0.00746757093226894,0,0,0,0,0,0,0,0,0,0,0,0,0,0,0,0,0,0,0,0,0,0,0,0,0,0,0,0,0,0.0218278734174672,0,0,0,0,-0.0106161017261915
-0.00275085007322176,0.458516571452031,0,0,0,0,0,0,0,0,0,0,0,0,0,0,0,0,0,0,0,0,-0.00995706687134399,0,0,0,0,0,0,0.0526252347615319,0,0,0,0.00992975677680421,0,0,0,0.0393078338263257,0,0.0120838634277116,0,0,0,-0.00689710502431901,0,0,0,-0.000375523840065057,0,0,0,0,0,0,0,0,-0.00491098159903374,0.0114913143110703,0,-0.00352618574596067,0,0,0,0,0,0,0,0,0.00168789576450973,0,0,0,0,0,0,0,0,0,0,0,-0.0157088095084234,0,0,0,0,0,0,0.0134157388482822,-0.0106014256516483,-0.00431075774923983,0,0,0,0,-0.00225958103713174,0,0,0,-0.0127433347157609,0,0,0,0,0,0,0,0,0,0,0,0,0,-0.0103751839309499,0,0,0,0,0,0,0,0,0,0,0,0,0,0.0318267565739292,0,0,0,0,0,0,0,0,0,0.00247728814770176,0,0,0,0,0,0,0.00568022737119828,0,0,0,0,0,0,0,0.00512698976894074,0,0,0,0,0,0,0,0,0,0,0,0,0,0,0,0,0,0,0,0,0,0,0,0,0,0,0,0,0,0.0237264711045358,0,0,0,0,-0.00725815983011852
-0.00245897798854317,0.452243610434651,0,0,0,0,0,0,0,0,0,0,0,0,0,0,0,0,0,0,0,0,-0.0070217442280199,0,0,0,0,0,0,0.0554372591595636,0,0,0,0.00759361294524348,0,0.000388360527604389,0,0.0373879382975277,0,0.0145415010242159,0,0,0,-0.00910083018337167,0,0,0,-0.000525241552503607,0,0,0,0,0,0,0,0,-0.00401391097361645,0.0107637009593644,0,-0.00331295351367542,0,0,0,0,0,0,0,0,0.00152507812927546,0,0,0,0,0,0,0,0,0,0,0,-0.012378596558255,0,0,0,0,0,0,0.0104639991293949,-0.0091654302011374,-0.00707332732452273,0,0,0,0,-0.00180451938560335,0,0,0,-0.0152224711335784,0,0,0,0,0,0,0,0,0,0,0,0,0,-0.0107060931300616,0,0,0,0,0,0,0,0,0,0,0,0,0,0.0330569215892547,-0.000882238595286311,0,0,0,0,0,0,0,0,0.00124080810137349,0,0,0,0,0,0,0.00434022633991699,0,0,0,0,0,0,0,0.000795736457436629,0,0,0,0,0,0,0,0,0,0,0,0,0,0,0,0,0,0,0,0,0,0,0,0,0,0,0,0,0.0000902871213487664,0.0195494941225332,0,0,0,0,-0.00523224887950154
-0.00310830518476227,0.468961969676572,0,0,0,0,0,0,0,0,0,0,0,0,0,0,0,0,0,0,0,0,-0.00384901927566122,0,0,0,0,0,0,0.0565943841027279,0,0,0,0.00512546645283764,0,0,0,0.0352746974457186,0,0.0108470487715661,0,0,0,-0.00847007937042339,0,0,0,-0.00145845074707431,0,0,0,0,0,0,0,0,-0.00915652580222162,0.0116198400622669,0,-0.00176895140960134,0,0,0,0,0,0,0,0,0.00281617353492949,0,0,0,0,0,0,0,0,0,0,0,-0.0130824507491273,0,0,0,0,0,0,0.0138968948611305,-0.0105784799959999,-0.00488748636220571,0,0,0,0,-0.0121598025827314,0,0,0,-0.0112024560119283,0,0,0,0,0,0,0,0,0,0,0,0,0,-0.00814076861853563,0,0,0,0,0,0,0,0,0,0,0,0,0,0.0308895044605089,-0.00353179165049665,0,0,0,0,0,0,0,0,0.00202977530678184,0,0,0,0,0,0,0.00618882981123692,0.000646191583620595,0,0,0,0,0,0,0.00308129036963167,0,0,0,0,0,0,0,0,0,0,0,0,0,0,0,0,0,0,0,0,0,0,0,0,0,0,0,0,0.000614765824353979,0.0210360877329686,0,0,0,0,-0.00429027477093856
-0.00311296411085537,0.464671164374103,0,0,0,0,0,0,0,0,0,0,0,0,0,0,0,0,0,0,0,0,-0.00883983393838284,0,0,0,0,0,0,0.0538203761341717,0,0,0,0.00675191670203235,0,0,0,0.0330503231506403,0,0.0100557696253167,0,0,0,-0.00847655975271891,0,0,0,-0.0012937019531711,0,0,0,0,0,0,0,0,-0.00911478851927532,0.0132113571204957,0,-0.0036387041369476,0,0,0,0,0,0,0,0,0.00043774706248198,0,0,0,0,0,0,0,0,0,0,0,-0.0129503349480131,0,0,0,0,0,0,0.011027568881699,-0.00622829286136272,-0.00745065772190227,0,0,0,0,-0.00947060358534886,0,0,0,-0.0132466688213561,0,0,0,0,0,0,0,0,0,0,0,0,0,-0.00830291453582059,0,0,0,0,0,0,0,0,0,0,0,0,0,0.0298792269912849,0,0,0,0,0,0,0,0,0,0.0024955715217816,0,0,0,0,0,0,0.0038557687584051,0,0,0,0,0,0,0,0.00273603983705524,0,0,0,0,0,0,0,0,0,0,0,0,0,0,0,0,0,0,0,0,0,0,0,0,0,0,0,0,0,0.0188436881777713,0,0,0,0,-0.00850076700905928
-0.00253704186710966,0.449488689462363,0,0,0,0,0,0,0,0,0,0,0,0,0,0,0,0,0,0,0,0,-0.0149322051357289,0,0,0,0,0,0,0.0525256045696006,0,0,0,0.00516025738190088,0,0.00682826396503878,0,0.034959966991139,0,0.0108650116593763,0,0,0,-0.00407139419176168,0,0,0,-0.000177904180412289,0,0,0,0,0,0,0,0,-0.00416057149267138,0.0139004290250966,0,0,0,0,0,0,0,0,0,0,0,0,0,0,0,0,0,0,0,0,0,0,-0.0140211192831544,0,0,0,0,0,0,0.014238877221464,-0.0143883925924815,-0.00429217624962708,0,0,0,0,-0.00528765778072788,0,0,0,-0.0174517933608509,0,0,0,0,0,0,0,0,0,0,0,0,0,-0.0104013965027595,0,0,0,0,0,0,0,0,0,0,0,0,0,0.0314524200929215,0,0,0,0,0,0,0,0,0,0.00227827886954429,0,0,0,0,0,0,0.00433691538748041,0,0,0,0,0,0,0,0,0,0,0,0,0,0,0,0,0,0,0,0,0,0,0,0,0,0,0,0,-0.00164861327491829,0,0,0,0,0,0,0,0,0.0282466652754599,0.0164607450684273,0,0,0,-0.00760989574184653
-0.00355334677522412,0.466484812437595,0,0,0,0,0,0,0,0,0,0,0,0,0,0,0,0,0,0,0,0,-0.0180460949526582,0,0,0,0,0,0,0.0477180189211626,0,0,0,0.00432051298776242,0,0.00221377511228488,0,0.0280954475004508,0,0.00907446229911728,0,0,0,-0.0120182640588296,0,0,0,0,0,0,0,0,0,0,0,0,-0.00226627915821537,0.0120750117915399,0,-0.00167472280768973,0,0,0,0,0,0,0,0,0,0,0,0,0,0,0,0,0,0,0,0,-0.0189453271266997,0,0,0,0,0,0,0.0139063756757329,-0.00882818010058129,-0.00716537041725156,0,0,0,0,-0.00718439430254114,0,0,0,-0.0182921013388429,0,0,0,0,0,0,0,0,0,0,0,0,0,-0.00621076069163844,0,0,0,0,0,0,0,0,0,0,0,0,0,0.0286862175095857,0,0,0,0,0,0,-0.0000500557315457454,0,0,0.00467822148922321,0,0,0,0,0,0,0.000525651063200312,0,0,0,0,0,0,0,0,0,0,0,0,0,0,0,0,0,0,0,0,0,0,0,0,0,0,0,0,0,0,0,0,0,0,0,0,0,0.0237515869790712,0.00255229284221054,0,0,0,-0.0102443602812662
-0.00328190013765322,0.476294128124962,0,0,0,0,0,0,0,0,0,0,0,0,0,0,0,0,0,0,0,0,-0.0183793334970694,0,0,0,0,0,0,0.0466908129336786,0,0,0,0.00490347765926715,0,0.00185632595198408,0,0.025119525400968,0,0.00940919457659179,0,0,0,-0.0119058508394661,0,0,0,0,0,0,0,0,0,0,0,0,-0.00492177332643369,0.0112487088841969,0,0,0,0,0,0,0,0,0,0,0,0,0,0,0,0,0,0,0,0,0,0,-0.0186258199329926,0,0,0,0,0,0,0.0112036367956804,-0.00696567430479257,-0.00702334027467758,0,0,0,0,-0.00493375882514696,0,0,0,-0.0166522679511506,0,0,0,0,0,0,0,0,0,0,0,0,0,-0.0055811032277001,0,0,0,0,0,0,0,0,0,0,0,0,0,0.027039396346025,0,0,0,0,0,0,-0.000202549587294276,0,0,0.00447450931785663,0,0,0,0,0,0,0,0,0,0,0,0,0,0,0,0,0,0,0,0,0,0,0,0,0,0,0,0,0,0,0,0,0,0,0,0,0,0,0,0,0,0,0,0,0.0218937801291101,0.000149978666463304,0,0,0,-0.0143537796353309
-0.00226075081636982,0.447917769796218,0,0,0,0,0,0,0,0,0,0,0,0,0,0,0,0,0,0,0,0,-0.0213958712115313,0,0,0,0,0,0,0.0498167860289687,0,0,0,0.00458199790568077,0,0.0087287475572391,0,0.0350205680785755,0,0.0136150008197677,0,0,0,-0.0157951910639648,0,0,0,0,0,0,0,0,0,0,0,0,-0.00241268623603753,0.0155512275243472,0,-0.0037952181535202,0,0,0,0,0,0,0,0,0.000836038216511343,0,0,0,0,0,0,0,0,0,0,0,-0.0095909976646652,0,0,0,0,0,0,0.0162266482257686,-0.0100437467590901,-0.00547594082965331,0,0,0,0,-0.00487107150020347,0,0,0,-0.0159475479437444,0,0,0,0,0,0,0,0,0,0,0,0,0,-0.00750560836526992,0,0,0,0,0,0,-0.00103157087319186,0,0,0,0,0,0,0.0373352162297775,0,0,0,0,0,0,0,0,0,0.00265177442509895,0,0,0,0,0,0,0.00496431059308727,0,0,0,0,0,0,0,0,0,0,0,0,0,0,0,0,0,0,0,0,0,0,0,0,0,0,0,0,0,0,0,0,0,0,0,0,0,0.0278793194371152,0.0120795947925407,0,0,0,-0.0125612862534288
-0.00347812958085236,0.448086503661692,0,0,0,-0.0016044402316016,0,0,0,0,0,0,0,0,0,0,0,0,0,0,0,0,-0.0208494996338562,0,0,0,0,0,0,0.0444606644212166,0,0.0015207989720496,0,0.00483448586922606,0,0.00708502898321616,0,0.03065954218967,0,0.0110555514850933,0,0,0,-0.0139667282713401,0,0,0,0,0,0,0,0,0,0,0,0,-0.00284423128296881,0.014194843007668,0,-0.00252938031847288,0,0,0,0,0,0,0,0,0.000285603508551414,0,0,0,0,0,0,0,0,0,0,0,-0.0122762579375029,0,0,0,0,0,0,0.0162010603609179,-0.00870496937214818,-0.00874074192617764,0,0,0,0,-0.00683616051797581,0,0,0,-0.0228300062402953,0,0,0,0,0,0,0,0,0,0,0,0,0,-0.0052757920230741,0,0,0,0,0,0,0,0,0,0,0,0,0,0.0304703625354155,0,0,0,0,-0.000650236993052496,0,-0.00227235491658257,0,0,0.00632788460336644,0,0,0,0,0,0,0.00633191820747652,0,0,0,0,0,0,0,0,0,0,0,0,0,0,0,0,0,0,0,0,0,0,0,0,0,0,0,0,0,0,0,0,0,0,0,0,0,0.030031610552182,0.0153290275417418,0,0,0,-0.012690918699761
-0.00300638597905921,0.433836664194339,0,0,0,0,0,0,0,0,0,0,0,0,0,0,0,0,0,0,0,0,-0.0219053171656072,0,0,0,0,0,0,0.0377903934584054,0,0,0,0.00258487124266504,0,0.017545618807402,0,0.037169144315133,0,0.00938227551539381,0,0,0,-0.00866453752357275,0,0,0,0,0,0,0,0,0,0,0,0,0,0.0164913832599855,0,-0.00108926333656666,0,0,0,0,0,0,0,0,0,0,0,0,0,0,0,0,0,0,0,0,-0.0147279882587096,0,0,0,0,0,0,0.0191930294049031,-0.0128604954835668,-0.0064340268122561,0,0,0,0,-0.00551632584273168,0,0,0,-0.0166083629939232,0,0,0,0,0,0,0,0,0,0,0,0,0,-0.00602986742863582,0,0,0,0,0,0,-0.00111782278812366,0,0,0,0,0,0,0.0331521394367044,0,0,0.00334353782702032,0,-0.00410236596134093,0,0,0,0,0.00372135902538103,0,0,0,0,0,0,0.00826218335607376,0,0,0,0,0,0,0,0,0,0,0,0,0,0,0,0,0,0,0,0,0,0,0,0,0,0,0,0,-0.00186594401678021,0,0,0,0,0,0,0,0,0.0358358623060818,0.0291197327247365,0,0,0,-0.0113748216466235
NA,NA,NA,NA,NA,NA,NA,NA,NA,NA,NA,NA,NA,NA,NA,NA,NA,NA,NA,NA,NA,NA,NA,NA,NA,NA,NA,NA,NA,NA,NA,NA,NA,NA,NA,NA,NA,NA,NA,NA,NA,NA,NA,NA,NA,NA,NA,NA,NA,NA,NA,NA,NA,NA,NA,NA,NA,NA,NA,NA,NA,NA,NA,NA,NA,NA,NA,NA,NA,NA,NA,NA,NA,NA,NA,NA,NA,NA,NA,NA,NA,NA,NA,NA,NA,NA,NA,NA,NA,NA,NA,NA,NA,NA,NA,NA,NA,NA,NA,NA,NA,NA,NA,NA,NA,NA,NA,NA,NA,NA,NA,NA,NA,NA,NA,NA,NA,NA,NA,NA,NA,NA,NA,NA,NA,NA,NA,NA,NA,NA,NA,NA,NA,NA,NA,NA,NA,NA,NA,NA,NA,NA,NA,NA,NA,NA,NA,NA,NA,NA,NA,NA,NA,NA,NA,NA,NA,NA,NA,NA,NA,NA,NA,NA,NA,NA,NA,NA,NA,NA,NA,NA,NA,NA,NA,NA,NA,NA,NA,NA,NA,NA,NA,NA,NA,NA,NA
-0.00311397824206448,0.486041596391184,0,0,0,0,0,0,0,0,0,0,0,0,0,0,0,0,0,0,0,0,-0.0269923311179724,0,0,0,0,0,0,0.0433748864206696,0,0,0,0.00733597395997857,0,0.00205974431968984,0,0.0298086328095212,0,0.00449328122874029,0,0,0,-0.0170950830524586,0,0,0,0,0,0,0,0,0,0,0,0,0,0.0122127644727142,0,-0.000851371674321409,0,0,0,0,0,0,0,0,0,0,0,0,0,0,0,0,0,0,0,0,-0.0114854693915529,0,0,0,0,0,0,0.0120235820021121,-0.00267706992225798,-0.0105535769698659,0,0,0,0,-0.00215269465480407,0,0,0,-0.0159906591732922,0,0,0,0,0,0,0,0,0,0,0,0,0,-0.00586702110091697,0,0,0,0,0,0,0,0,0,0,0,0,0,0.0312925173900169,0,0,0,0,-0.00397342448620145,0,-0.00104459619634072,0,0,0.00221450216972814,0,0,0,0,0,0,0.00532247051081156,0,0,0,0,0,0,0,0,0,0,0,0,0,0,0,0,0,0,0,0,0,0,0,0,0,0,0,0,-0.00116871799488576,0,0,0,0,0,0,0,0,0.0253346099440049,0,0,0,0,-0.0142553714992426
NA,NA,NA,NA,NA,NA,NA,NA,NA,NA,NA,NA,NA,NA,NA,NA,NA,NA,NA,NA,NA,NA,NA,NA,NA,NA,NA,NA,NA,NA,NA,NA,NA,NA,NA,NA,NA,NA,NA,NA,NA,NA,NA,NA,NA,NA,NA,NA,NA,NA,NA,NA,NA,NA,NA,NA,NA,NA,NA,NA,NA,NA,NA,NA,NA,NA,NA,NA,NA,NA,NA,NA,NA,NA,NA,NA,NA,NA,NA,NA,NA,NA,NA,NA,NA,NA,NA,NA,NA,NA,NA,NA,NA,NA,NA,NA,NA,NA,NA,NA,NA,NA,NA,NA,NA,NA,NA,NA,NA,NA,NA,NA,NA,NA,NA,NA,NA,NA,NA,NA,NA,NA,NA,NA,NA,NA,NA,NA,NA,NA,NA,NA,NA,NA,NA,NA,NA,NA,NA,NA,NA,NA,NA,NA,NA,NA,NA,NA,NA,NA,NA,NA,NA,NA,NA,NA,NA,NA,NA,NA,NA,NA,NA,NA,NA,NA,NA,NA,NA,NA,NA,NA,NA,NA,NA,NA,NA,NA,NA,NA,NA,NA,NA,NA,NA,NA,NA
-0.00241002009759415,0.491040379893798,0,0,0,0,0,0,0,0,0,0,0,0,0,0,0,0,0,0,0,0,-0.0273444953402056,0,0,0,0,0,0,0.0383210535463391,0,0,0,0.00542010459530126,0,0.000450623450026997,0,0.0223223317255098,0,0.00718573335375085,0,0,0,-0.00927102761824576,0,0,0,0,0,0,0,0,0,0,0,0,0,0.0110419499643452,0,0,0,0,0,0,0,0,0,0,0,0,0,0,0,0,0,0,0,0,0,0,-0.0147092574056155,0,0,0,0,0,0,0.0119279404214945,-0.00235295852012475,-0.00419497821850699,0,0,0,0,0,0,0,0,-0.014662156514575,0,0,0,0,0,0,0,0,0,0,0,0,0,-0.0112832579051084,0,0,0,0,0,0,0,0,0,0,0,0,0,0.0252184060358523,0,0,0,0,-0.000181069496497723,0,0,0,0,0.0048527642807222,0,0,0,0,0,0,0.000227237434950832,0,0,0,0,0,0,0,0,0,0,0,0,0,0,0,0,0,0,0,0,0,0,0,0,0,0,0,0,0,0,0,0,0,0,0,0,0,0.0279135526902759,0,0,0,0,-0.0143213248290674
-0.00310876484090656,0.485062495639321,0,0,0,-0.000766783271021214,0,0,0,0,0,0,0,0,0,0,0,0,0,0,0,0,-0.0305361732613067,0,0,0,0,0,0,0.0418466492344705,0,0,0,0.00273300877991702,0,0,0,0.0203901257065223,0,0.00918535573802589,0,0,0,-0.0122815023466483,0,0,0,0,0,0,0,0,0,0,0,0,0,0.00853925148435459,0,0,0,0,0,0,0,0,0,0,0,0,0,0,0,0,0,0,0,0,0,0,-0.0162954709503595,0,0,0,0,0,0,0.0150470962796771,-0.00420578791633149,-0.00295400869727947,0,0,0,0,0,0,0,0,-0.0158465271230379,0,0,0,0,0,0,0,0,0,0,0,0,0,-0.010788534554849,0,0,0,0,0,0,0,0,0,0,0,0,0,0.0233251468736051,0,0,0,0,0,0,-0.00281055297477949,0,0,0.00635792711651007,0,0,0,0,0,0,0,0,0,0,0,0,0,0,0,0,0,0,0,0,0,0,0,0,0,0,0,0,0,0,0,0,0,0,0,0,0,0,0,0,0,0,0,0,0.0259626021775276,0,0,0,0,-0.0187902864532285
-0.00259188378645028,0.490458052497071,0,0,0,0,0,0,0,0,0,0,0,0,0,0,0,0,0,0,0,0,-0.0238059139185557,0,0,0,0,0,0,0.040930553397207,0,0,0,0.00194673582785582,0,0.00541338398529026,0,0.0219811238785313,0,0.00984955113187968,0,0,0,-0.00765967638003012,0,0,0,0,0,0,0,0,0,0,0,0,-0.00219705623867603,0.0103573477222898,0,0,0,0,0,0,0,0,0,0,0,0,0,0,0,0,0,0,0,0,0,0,-0.0142646608281538,0,0,0,0,0,0,0.0125162597395532,-0.00808878866378517,-0.00641073602365844,0,0,0,0,0,0,0,0,-0.0139098966570429,0,0,0,0,0,0,0,0,0,0,0,0,0,-0.00984330732767519,0,0,0,0,0,0,0,0,0,0,0,0,0,0.0272880059465586,0,0,0,0,0,0,0,0,0,0.00348006777461165,0,0,0,0,0,0,0,0,0,0,0,0,0,0,0,0,0,0,0,0,0,0,0,0,0,0,0,0,0,0,0,0,0,0,0,0,0,0,0,0,0,0,0,0,0.0184605096835462,0,0,0,0,-0.00843481165414739
-0.00456623476571147,0.462913081693209,0,0,0,-0.00361774365480105,0,0,0,0,0,0,0,0,0,0,0,0,0,0,0,0,-0.027629882588739,0,0,0,0,0,0,0.0376691737984408,0,0,0,0.00416487462658469,0,0.00419371732313862,0,0.0253396331990222,0,0.00720077987992348,0,0,0,-0.0141437250645164,0,0,0,0,0,0,0,0,0,0,0,0,-0.00912978280986215,0.0114438602607803,0,-0.00589825820444751,0,0,0,0,0,0,0,0,0.00097562882836252,0,0,0,0,0,0,0,0,0,0,0,-0.0169611039746294,0,0,0,0,0,0,0.0165632146723999,-0.0030497425889386,-0.00358691377899687,0,0,0,0,-0.00963826135621627,0,0,0,-0.0147426950276151,0,0,0,0,0,0,0,0,0,0,0,0,0,-0.00961977778377238,0,0,0,0,0,0,0,0,0,0,0,0,0,0.0290773027399811,0,0,0,0,-0.00261836870159161,0,-0.00566231264440328,0,0,0.00852081654915284,0,0,0,0,0,0,0.00122335903933492,0,0,0,0,0,0,0,0,0,0,0,0,0,0,0,0,0,0,0,0,0,0,0,0,0,0,0,0,0,0,0,0,0,0,0,0,0,0.0256121501134547,0,0,0,0,-0.0147614788667713
NA,NA,NA,NA,NA,NA,NA,NA,NA,NA,NA,NA,NA,NA,NA,NA,NA,NA,NA,NA,NA,NA,NA,NA,NA,NA,NA,NA,NA,NA,NA,NA,NA,NA,NA,NA,NA,NA,NA,NA,NA,NA,NA,NA,NA,NA,NA,NA,NA,NA,NA,NA,NA,NA,NA,NA,NA,NA,NA,NA,NA,NA,NA,NA,NA,NA,NA,NA,NA,NA,NA,NA,NA,NA,NA,NA,NA,NA,NA,NA,NA,NA,NA,NA,NA,NA,NA,NA,NA,NA,NA,NA,NA,NA,NA,NA,NA,NA,NA,NA,NA,NA,NA,NA,NA,NA,NA,NA,NA,NA,NA,NA,NA,NA,NA,NA,NA,NA,NA,NA,NA,NA,NA,NA,NA,NA,NA,NA,NA,NA,NA,NA,NA,NA,NA,NA,NA,NA,NA,NA,NA,NA,NA,NA,NA,NA,NA,NA,NA,NA,NA,NA,NA,NA,NA,NA,NA,NA,NA,NA,NA,NA,NA,NA,NA,NA,NA,NA,NA,NA,NA,NA,NA,NA,NA,NA,NA,NA,NA,NA,NA,NA,NA,NA,NA,NA,NA
-0.00313231478778925,0.438943006941373,0,0,0,0,0,0,0,0,0,0,0,0,0,0,0,0,0,0,0,0,-0.0286341434271602,0,0,0,0,0,0,0.0410684265520408,0,0,0,0.00493115480591404,0,0.0170607921066862,0,0.0322176847947257,0,0.0100458909478802,0,0,0,-0.0151365741005036,0,0,0,0,0,0,0,0,0,0,0,0,-0.00304165909665556,0.0142107195494969,0,-0.00177650925260923,0,0,0,0,0,0,0,0,0,0,0,0,0,0,0,0,0,0,0,0,-0.0113263750938849,0,0,0,0,0,0,0.0165860081039526,-0.00902381600466525,-0.00360089619615566,0,0,0,0,0,0,0,0,-0.0172677641009361,0,0,0,0,0,0,0,0,0,0,0,0,0,-0.00692245338670911,0,0,0,0,0,0,0,0,0,0,0,0,0,0.0366928614813902,0,0,0,0,-0.00427717965514585,0,-0.000974942146210002,0,0,0.00520268427363665,0,0,0,0,0,0,0.00683551842191442,0,0,0,0,0,0,0,0,0,0,0,0,0,0,0,0,0,0,0,0,0,0,0,0,0,0,0,0,0,0,0,0,0,0,0,0,0,0.0367995523402875,0.021785918548918,0,0,0,-0.0181314716128485
NA,NA,NA,NA,NA,NA,NA,NA,NA,NA,NA,NA,NA,NA,NA,NA,NA,NA,NA,NA,NA,NA,NA,NA,NA,NA,NA,NA,NA,NA,NA,NA,NA,NA,NA,NA,NA,NA,NA,NA,NA,NA,NA,NA,NA,NA,NA,NA,NA,NA,NA,NA,NA,NA,NA,NA,NA,NA,NA,NA,NA,NA,NA,NA,NA,NA,NA,NA,NA,NA,NA,NA,NA,NA,NA,NA,NA,NA,NA,NA,NA,NA,NA,NA,NA,NA,NA,NA,NA,NA,NA,NA,NA,NA,NA,NA,NA,NA,NA,NA,NA,NA,NA,NA,NA,NA,NA,NA,NA,NA,NA,NA,NA,NA,NA,NA,NA,NA,NA,NA,NA,NA,NA,NA,NA,NA,NA,NA,NA,NA,NA,NA,NA,NA,NA,NA,NA,NA,NA,NA,NA,NA,NA,NA,NA,NA,NA,NA,NA,NA,NA,NA,NA,NA,NA,NA,NA,NA,NA,NA,NA,NA,NA,NA,NA,NA,NA,NA,NA,NA,NA,NA,NA,NA,NA,NA,NA,NA,NA,NA,NA,NA,NA,NA,NA,NA,NA
-0.00422066586356181,0.474752008920445,0,0,0,0,0,0,0,0,0,0,0,0,0,0,0,0,0,0,0,0,-0.0252583918737147,0,0,0,0,0,0,0.0389842042430936,0,0,0,0.00368613180115721,0,0.00747070189717874,0,0.020603285312984,0,0.00956688490650082,0,0,0,-0.0203952664294413,0,0,0,0,0,0,0,0,0,0,0,0,-0.00255771210600083,0.00930409591665646,0,-0.00445136698615511,0,0,0,0,0,0,0,0,0,0,0,0,0,0,0,0,0,0,0,0,-0.0183909782275235,0,0,0,0,0,0,0.0121971806385681,-0.00379745001098761,-0.00738849094462435,0,0,0,0,-0.00371452385157908,0,0,0,-0.0188134375185082,0,0,0,0,0,0,0,0,0,0,0,0,0,-0.0026689250511905,0,0,0,0,0,0,0,0,0,0,0,0,0,0.0269005167410589,0,0,0,0,-0.00692181795633332,0,-0.00506572769880687,0,0,0.0112587740537942,0,0,0,0,0,0,0.00190480948285896,0,0,0,0,0,0,0,0,0,0,0,0,0,0,0,0,0,0,0,0,0,0,0,0,0,0,0,0,0,0,0,0,0,0,0,0,0,0.0301652414374534,0,0,0,0,-0.0198697765323343
-0.00385405523645236,0.471978443900895,0,0,0,0,0,0,0,0,0,0,0,0,0,0,0,0,0,0,0,0,-0.0253936416296108,0,0,0,0,0,0,0.0403678109229866,0,0,0,0.00379451392327208,0,0.0103365826858252,0,0.0242115669023028,0,0.00759886602817203,0,0,0,-0.0191548659298225,0,0,0,0,0,0,0,0,0,0,0,0,-0.00388685913530921,0.0108533507070477,0,-0.00406382725417543,0,0,0,0,0,0,0,0,0,0,0,0,0,0,0,0,0,0,0,0,-0.0190336345784766,0,0,0,0,0,0,0.0116957483361977,-0.00601341288939189,-0.00720948816453441,0,0,0,0,-0.00508366597347948,0,0,0,-0.0168747518555685,0,0,0,0,0,0,0,0,0,0,0,0,0,0,0,0,0,0,0,0,0,0,0,0,0,0,0,0.0295408755186314,0,0,0,0,-0.00860907729763052,0,-0.00335878481128134,0,0,0.0100012167413664,0,0,0,0,0,0,0.00366005079393527,0,0,0,0,0,0,0,0,0,0,0,0,0,0,0,0,0,0,0,0,0,0,0,0,0,0,0,0,0,0,0,0,0,0,0,0,0,0.0305741178009077,0.00100131231821188,0,0,0,-0.0189538626221785
-0.00400703874033536,0.474215844743897,0,0,0,0,0,0,0,0,0,0,0,0,0,0,0,0,0,0,0,0,-0.0279079249010412,0,0,0,0,0,0,0.0415988681904805,0,0,0,0.00459203409982417,0,0.0108629889301378,0,0.0239072659496919,0,0.0062893872910121,0,0,0,-0.0180562349836132,0,0,0,0,0,0,0,0,0,0,0,0,-0.0027058461062171,0.0108106484448056,0,-0.00513785826974998,0,0,0,0,0,0,0,0,0,0,0,0,0,0,0,0,0,0,0,0,-0.0212331194997453,0,0,0,0,0,0,0.0126896024150452,-0.00409209170968728,-0.00481973793264824,0,0,0,0,-0.00582268687981082,0,0,0,-0.018978916936435,0,0,0,0,0,0,0,0,0,0,0,0,0,0,0,0,0,0,0,0,0,0,0,0,0,0,0,0.0280267235555199,0,0,0,0,-0.00972991834277206,0,-0.00501285240879293,0,0,0.0108512243111501,0,0,0,0,0,0,0.00467250040145624,0,0,0,0,0,0,0,0,0,0,0,0,0,0,0,0,0,0,0,0,0,0,0,0,0,0,0,0,0,0,0,0,0,0,0,0,0,0.0313804909123454,0,0,0,0,-0.0189425492871979
-0.00376321771255396,0.483391726818894,0,0,0,0,0,0,0,0,0,0,0,0,0,0,0,0,0,0,0,0,-0.028065679060365,0,0,0,0,0,0,0.0374993943693081,0,0,0,0.00416645621245402,0,0.008552195465527,0,0.0210856554913241,0,0.0059916843558232,0,0,0,-0.0188604921529006,0,0,0,0,0,0,0,0,0,0,0,0,-0.00451310457802779,0.0101415193433278,0,-0.00388696790856414,0,0,0,0,0,0,0,0,0,0,0,0,0,0,0,0,0,0,0,0,-0.020973178883009,0,0,0,0,0,0,0.00920035838483951,-0.00400158549557018,-0.00684591097561478,0,0,0,0,-0.00192463337999423,0,0,0,-0.0181143378517772,0,0,0,0,0,0,0,0,0,0,0,0,0,0,0,0,0,0,0,0,0,0,0,0,0,0,0,0.0259874880542359,0,0,0,0,-0.00938427449170023,0,-0.00459983322105324,0,0,0.0113311080972265,0,0,0,0,0,0,0.00294157339753743,0,0,0,0,0,0,0,0,0,0,0,0,0,0,0,0,0,0,0,0,0,0,0,0,0,0,0,0,0,0,0,0,0,0,0,0,0,0.0286050211987449,0,0,0,0,-0.0214595906627289
-0.00396575288921441,0.484384820050796,0,0,0,0,0,0,0,0,0,0,0,0,0,0,0,0,0,0,0,0,-0.0281177039681256,0,0,0,0,0,0,0.0409025051883081,0,0,0,0.00479338617701463,0,0.0053451172408965,0,0.0208093892767502,0,0.00675462873396288,0,0,0,-0.0161386381217933,0,0,0,0,0,0,0,0,0,0,0,0,-0.00319017365933163,0.010644927437497,0,0,0,0,0,0,0,0,0,0,0,0,0,0,0,0,0,0,0,0,0,0,-0.0164213587566397,0,0,0,0,0,0,0.0114456963012093,-0.00484191072108703,-0.00854005285359124,0,0,0,0,-0.00349248521124328,0,0,0,-0.0173746723516914,0,0,0,0,0,0,0,0,0,0,0,0,0,-0.000072816480025535,0,0,0,0,0,0,0,0,0,0,0,0,0,0.0256798103580837,0,0,0,0,-0.00636404144859062,0,-0.00218056344184236,0,0,0.00992991347754718,0,0,0,0,0,0,0.00458535125677574,0,0,0,0,0,0,0,0,0,0,0,0,0,0,0,0,0,0,0,0,0,0,0,0,0,0,0,0,0,0,0,0,0,0,0,0,0,0.0291240617825727,0,0,0,0,-0.0204363530827862
-0.00427001492278415,0.492070296465145,0,0,0,0,0,0,0,0,0,0,0,0,0,0,0,0,0,0,0,0,-0.0237490753937993,0,0,0,0,0,0,0.0386109525033548,0,0,0,0.00500590742933158,0,0,0,0.0221230741275897,0,0.00706710334615631,0,0,0,-0.0209409641372874,0,0,0,0,0,0,0,0,0,0,0,0,-0.00155300644884179,0.0098032286760856,0,-0.00484169418115572,0,0,0,0,0,0,0,0,0,0,0,0,0,0,0,0,0,0,0,0,-0.0178208616819118,0,0,0,0,0,0,0.0101590667444053,-0.00255326386842457,-0.00685626507787399,0,0,0,0,-0.00518342185073255,0,0,0,-0.0163625165832303,0,0,0,0,0,0,0,0,0,0,0,0,0,-0.00196514358968293,0,0,0,0,0,0,0,0,0,0,0,0,0,0.0241259423939622,0,0,0,0,-0.00652738600721583,0,-0.00500029935691627,0,0,0.00960819202128685,0,0,0,0,0,0,0.0046233308179777,0,0,0,0,0,0,0,0,0,0,0,0,0,0,0,0,0,0,0,0,0,0,0,0,0,0,0,0,0,0,0,0,0,0,0,0,0,0.0268279225293237,0,0,0,0,-0.0188795079923133
-0.0035590295487913,0.480280460784866,0,0,0,0,0,0,0,0,0,0,0,0,0,0,0,0,0,0,0,0,-0.0196211902620772,0,0,0,0,0,0,0.0420264405165566,0,0,0,0.00573251564467482,0,0.00257141318680799,0,0.0241364900576619,0,0.010786952086075,0,0,0,-0.0174877675608232,0,0,0,0,0,0,0,0,0,0,0,0,-0.000430218993467389,0.0104814004339358,0,-0.000334307555620117,0,0,0,0,0,0,0,0,0,0,0,0,0,0,0,0,0,0,0,0,-0.0162659166172493,0,0,0,0,0,0,0.0110675523870337,-0.00579385161532838,-0.00571726185409088,0,0,0,0,-0.00579489319046431,0,0,0,-0.0179816219799254,0,0,0,0,0,0,0,0,0,0,0,0,0,-0.00505474063360794,0,0,0,0,0,0,0,0,0,0,0,0,0,0.0265965145726097,0,0,0,0,-0.0037421975260409,0,-0.0049249562967614,0,0,0.00459141995746942,0,0,0,0,0,0,0.00189272178017039,0,0,0,0,0,0,0,0,0,0,0,0,0,0,0,0,0,0,0,0,0,0,0,0,0,0,0,0,0,0,0,0,0,0,0,0,0,0.0234786878447463,0,0,0,0,-0.0168580704250257
-0.00360395140682909,0.503190235593896,0,0,0,0,0,0,0,0,0,0,0,0,0,0,0,0,0,0,0,0,-0.0280879126883239,0,0,0,0,0,0,0.0368321124275815,0,0,0,0.00583271153710117,0,0,0,0.0189569054620535,0,0.00496483395436881,-0.000401500085538338,0,0,-0.0201186226841592,0,0,0,0,0,0,0,0,0,0,0,0,-0.00521395121904999,0.00754903057885341,0,-0.000707446848722817,0,0,0,0,0,0,0,0,0,0,0,0,0,0,0,0,0,0,0,0,-0.0216883766315739,0,0,0,0,0,0,0.0128918610293493,-0.000192208521283114,-0.00552829647695529,0,0,0,0,-0.00177532324570362,0,0,0,-0.0160485867151841,0,0,0,0,0,0,0,0,0,0,0,0,0,-0.00330554421114122,0,0,0,0,0,0,0,0,0,0,0,0,0,0.0227342116836617,0,0,0,0,-0.0097781666070693,0,-0.00603732589017353,0,0,0.0103925184129487,0,0,0,0,0,0,0.00220519965850765,0,0,0,0,0,0,0,0,0,0,0,0,0,0,0,0,0,0,0,0,0,0,0,0,0,0,0,0,0,0,0,0,0,0,0,0,0,0.0302343868142535,0,0,0,0,-0.0229733127556657
-0.00426219442470614,0.484757152761957,0,0,0,0,0,0,0,0,0,0,0,0,0,0,0,0,0,0,0,0,-0.0310810916027979,0,0,0,0,0,0,0.0350634641539473,0,0,0,0.00416896357519362,0,0.00701134290819011,0,0.0222125542342088,0,0.00669539977963428,-0.00107372946678723,0,0,-0.0227815876288169,0,0,0,0,0,0,0,0,0,0,0,0,0,0.00867857529146618,0,-0.0042539054320722,0,0,0,0,0,0,0,0,0,0,0,0,0,0,0,0,0,0,0,0,-0.0209534247391082,0,0,0,0,0,0,0.0140342853306498,-0.00247524904621842,-0.00448352131683926,0,0,0,0,-0.000268172887942557,0,0,0,-0.0180516873404859,0,0,0,0,0,0,0,0,0,0,0,0,0,-0.00367774018715389,0,0,0,0,0,0,0,0,0,0,0,0,0,0.0255522739232584,0,0,0,0,-0.00621805896860721,0,-0.00492759853270147,0,0,0.0088211705367998,0,0,0,0,0,0,0.0041673598646727,0,0,0,0,0,0,0,0,0,0,0,0,0,0,0,0,0,0,0,0,0,0,0,0,0,0,0,0,0,0,0,0,0,0,0,0,0,0.0312394904186089,0,0,0,0,-0.0240344474403125
-0.00364788642947397,0.484464648162604,0,0,0,-0.000530830699697515,0,0,0,0,0,0,0,0,0,0,0,0,0,0,0,0,-0.0329858421376097,0,0,0,0,0,0,0.0352401462676876,0,0,0,0.00349551194614487,0,0.0110723868409139,0,0.0217380953050079,0,0.00618316649932794,-0.000109994391936296,0,0,-0.0195688245891447,0,0,0,0,0,0,0,0,0,0,0,0,-0.00332808994342752,0.0105839625155303,0,-0.00272186284012425,0,0,0,0,0,0,0,0,0,0,0,0,0,0,0,0,0,0,0,0,-0.0106904485285289,0,0,0,0,0,0,0.0131244291657258,-0.00488262375383889,-0.0038917837162943,0,0,0,0,0,0,0,0,-0.0164040617556964,0,0,0,0,0,0,0,0,0,0,0,0,0,-0.00421063911225395,0,0,0,0,0,0,0,0,0,0,0,0,0,0.0227461291774405,0,0,0,0,-0.00719259901074681,0,-0.0048606076499071,0,0,0.00884692422697789,0,0,0,0,0,0,0.00194433184509325,0,0,0,0,0,0,0,0,0,0,0,0,0,0,0,0,0,0,0,0,0,0,0,0,0,0,0,0,0,0,0,0,0,0,0,0,0,0.0329411503825623,0,0,0,0,-0.02297272253631
-0.00397293583947292,0.49695057356818,0,0,0,0,0,0,0,0,0,0,0,0,0,0,0,0,0,0,0,0,-0.032945890925364,0,0,0,0,0,0,0.0347456681211016,0,0,0,0.00376730616455931,0,0.0072506872180921,0,0.0157652004835115,0,0.00306173848564384,-0.000601565770738682,0,0,-0.0247781165482323,0,0,0,0,0,0,0,0,0,0,0,0,-0.00284702376327442,0.0110539692457956,0,-0.00322437990124844,0,0,0,0,0,0,0,0,0,0,0,0,0,0,0,0,0,0,0,0,-0.0142353800123475,0,0,0,0,0,0,0.012384282908959,-0.00252333597538815,-0.0046468459341006,0,0,0,0,0,0,0,0,-0.018729800649244,0,0,0,0,0,0,0,0,0,0,0,0,0,-0.0018059526678762,0,0,0,0,0,0,-0.000344902838243932,0,0,0,0,0,0,0.0229270415170235,0,0,0,0,-0.00979136125918462,0,-0.00359864210379249,0,0,0.00916517612427708,0,0,0,0,0,0,0.000176449386311327,0,0,0,0,0,0,0,0,0,0,0,0,0,0,0,0,0,0,0,0,0,0,0,0,0,0,0,0,0,0,0,0,0,0,0,0,0,0.0286669918114608,0,0,0,0,-0.0248915464584422
-0.00349815404026302,0.502336973673897,0,0,0,0,0,0,0,0,0,0,0,0,0,0,0,0,0,0,0,0,-0.025954822182467,0,0,0,0,0,0,0.0383315105762177,0,0,0,0.000428528769993148,0,0.00111082560631544,0,0.0179934523952417,0,0.00623091481005227,0,0,0,-0.0239633472192987,0,0,0,0,0,0,0,0,0,0,0,0,-0.00259985356979439,0.00988979949682023,0,-0.00209412455791009,0,0,0,0,0,0,0,0,0,0,0,0,0,0,0,0,0,0,0,0,-0.0168351947556071,0,0,0,0,0,0,0.0108908338091853,-0.00372432172561437,-0.00913415961386575,0,0,0,0,-0.00216286607531981,0,0,0,-0.0148120983773657,0,0,0,0,0,0,0,0,0,0,0,0,0,-0.00336775790415981,0,0,0,0,0,0,0,0,0,0,0,0,0,0.0245455527113108,0,0,0,0,-0.00635321565555769,0,-0.00374075685205716,0,0,0.00776817922643198,0,0,0,0,0,0,0.00216625061036111,0,0,0,0,0,0,0,0,0,0,0,0,0,0,0,0,0,0,0,0,0,0,0,0,0,0,0,0,0,0,0,0,0,0,0,0,0,0.0250031275905706,0,0,0,0,-0.018220857152626
-0.0021539226291669,0.509910035546257,0,0,0,0,0,0,0,0,0,0,0,0,0,0,0,0,0,0,0,0,-0.0218053353345284,0,0,0,0,0,0,0.0372527440375144,0,0,0,0.00295655382545563,0,0,0,0.0214538068417559,0,0.00337987813310878,-0.00115637403638057,0,0,-0.0256361785286676,0,0,0,0,0,0,0,0,0,0,0,0,-0.00302529383465209,0.010968701891327,0,-0.000505766594112945,0,0,0,0,0,0,0,0,0,0,0,0,0,0,0,0,0,0,0,0,-0.00743820901073883,0,0,0,0,0,0,0.00640914160636408,-0.00211878564661087,-0.00978406694073428,0,0,0,0,-0.00367869976797251,0,0,0,-0.0108515679855884,0,0,0,0,0,0,0,0,0,0,0,0,0,-0.00189211996134605,0,0,0,0,0,0,0,0,0,0,0,0,0,0.0270145663626287,0,0,0,0,-0.00313936996076977,0,0,0,0,0.00629000691086564,0,0,0,0,0,0,0.0063912095647426,0,0,0,0,0,0,0,0,0,0,0,0,0,0,0,0,0,0,0,0,0,0,0,0,0,0,0,0,0,0,0,0,0,0,0,0,0,0.0243271480832835,0,0,0,0,-0.013560912603435
NA,NA,NA,NA,NA,NA,NA,NA,NA,NA,NA,NA,NA,NA,NA,NA,NA,NA,NA,NA,NA,NA,NA,NA,NA,NA,NA,NA,NA,NA,NA,NA,NA,NA,NA,NA,NA,NA,NA,NA,NA,NA,NA,NA,NA,NA,NA,NA,NA,NA,NA,NA,NA,NA,NA,NA,NA,NA,NA,NA,NA,NA,NA,NA,NA,NA,NA,NA,NA,NA,NA,NA,NA,NA,NA,NA,NA,NA,NA,NA,NA,NA,NA,NA,NA,NA,NA,NA,NA,NA,NA,NA,NA,NA,NA,NA,NA,NA,NA,NA,NA,NA,NA,NA,NA,NA,NA,NA,NA,NA,NA,NA,NA,NA,NA,NA,NA,NA,NA,NA,NA,NA,NA,NA,NA,NA,NA,NA,NA,NA,NA,NA,NA,NA,NA,NA,NA,NA,NA,NA,NA,NA,NA,NA,NA,NA,NA,NA,NA,NA,NA,NA,NA,NA,NA,NA,NA,NA,NA,NA,NA,NA,NA,NA,NA,NA,NA,NA,NA,NA,NA,NA,NA,NA,NA,NA,NA,NA,NA,NA,NA,NA,NA,NA,NA,NA,NA
-0.00193050407196954,0.520925537718555,0,0,0,0,0,0,0,0,0,0,0,0,0,0,0,0,0,0,0,0,-0.0285447892648358,0,0,0,0,0,0,0.0313872990343608,0,0,0,0.00044935295421917,0,0,0,0.015110428048252,0,0.00153522779648754,-0.00275825354896745,0,0,-0.029472931673507,0,0,0,0,0,0,0,0,0,0,0,0,-0.00366104581914965,0.0103427313386003,0,-0.00179637169399583,0,0,0,0,0,0,0,0,0,0,0,0,0,0,0,0,0,0,0,0,-0.0186642911057346,0,0,0,0,0,0,0.0092496746985106,-0.00422104214387681,-0.00748839253324225,0,0,0,0,0,0,0,0,-0.010439880717543,0,0,0,0,0,0,0,0,0,0,0,0,0,-0.00384639212999353,0,0,0,0,0,0,0,0,0,0,0,0,0,0.0220363356750795,0,0,0,0,-0.00503142559116472,0,0,0,0,0.0106358069977323,0,0,0,0,0,0,0,0,0,0,0,0,0,0,0,0,0,0,0,0,0,0,0,0,0,0,0,0,0,0,0,0,0,0,0,0,0,0,0,0,0,0,0,0,0.0276771479136899,0,0,0,0,-0.0173958813669747
NA,NA,NA,NA,NA,NA,NA,NA,NA,NA,NA,NA,NA,NA,NA,NA,NA,NA,NA,NA,NA,NA,NA,NA,NA,NA,NA,NA,NA,NA,NA,NA,NA,NA,NA,NA,NA,NA,NA,NA,NA,NA,NA,NA,NA,NA,NA,NA,NA,NA,NA,NA,NA,NA,NA,NA,NA,NA,NA,NA,NA,NA,NA,NA,NA,NA,NA,NA,NA,NA,NA,NA,NA,NA,NA,NA,NA,NA,NA,NA,NA,NA,NA,NA,NA,NA,NA,NA,NA,NA,NA,NA,NA,NA,NA,NA,NA,NA,NA,NA,NA,NA,NA,NA,NA,NA,NA,NA,NA,NA,NA,NA,NA,NA,NA,NA,NA,NA,NA,NA,NA,NA,NA,NA,NA,NA,NA,NA,NA,NA,NA,NA,NA,NA,NA,NA,NA,NA,NA,NA,NA,NA,NA,NA,NA,NA,NA,NA,NA,NA,NA,NA,NA,NA,NA,NA,NA,NA,NA,NA,NA,NA,NA,NA,NA,NA,NA,NA,NA,NA,NA,NA,NA,NA,NA,NA,NA,NA,NA,NA,NA,NA,NA,NA,NA,NA,NA
-0.000129899608705838,0.522505833767093,0,0,0,0,0,0,0,0,0,0,0,0,0,0,0,0,0,0,0,0,-0.0213052691412042,0,0,0,0,0,0,0.0439368741054529,0,0,0,0.00535851131088146,0,0,0,0.0170385567489164,0,0,-0.00645099932343392,0,0,-0.0281674223225436,0,0,0,0,0,0,0,0,0,0,0,0,-0.0067524413351653,0.0118583845099521,0,-0.00206243008719345,0,0,0,0,0,0,0,0,0,0,0,0,0,0,0,0,0,0,0,0,-0.0125905298253489,0,0,0,0,0,0,0.0047296670430354,-0.00660299082398007,-0.00891866760881474,0,0,0,0,0,0,0,0,-0.00267386433853172,0,0,0,0,0,0,0,0,0,0,0,0,0,-0.00634684423553545,0,0,0,0,0,0,0,0,0,0,0,0,0,0.0248858807732974,0,0,0,0,-0.00410586876640972,0,0,0,0,0.00870107943755194,0,0,0,0,0,0,0.0116059131910716,0,0,0,0,0,0,0,0.0102846025208976,0,0,0,0,0,0,0,0,0,0,0,0,0,0,0,0,0,0,0,0,0,0,0,0,0,0,0,0,0,0.0335486872426101,0,0,0,0,-0.0157542435637406
NA,NA,NA,NA,NA,NA,NA,NA,NA,NA,NA,NA,NA,NA,NA,NA,NA,NA,NA,NA,NA,NA,NA,NA,NA,NA,NA,NA,NA,NA,NA,NA,NA,NA,NA,NA,NA,NA,NA,NA,NA,NA,NA,NA,NA,NA,NA,NA,NA,NA,NA,NA,NA,NA,NA,NA,NA,NA,NA,NA,NA,NA,NA,NA,NA,NA,NA,NA,NA,NA,NA,NA,NA,NA,NA,NA,NA,NA,NA,NA,NA,NA,NA,NA,NA,NA,NA,NA,NA,NA,NA,NA,NA,NA,NA,NA,NA,NA,NA,NA,NA,NA,NA,NA,NA,NA,NA,NA,NA,NA,NA,NA,NA,NA,NA,NA,NA,NA,NA,NA,NA,NA,NA,NA,NA,NA,NA,NA,NA,NA,NA,NA,NA,NA,NA,NA,NA,NA,NA,NA,NA,NA,NA,NA,NA,NA,NA,NA,NA,NA,NA,NA,NA,NA,NA,NA,NA,NA,NA,NA,NA,NA,NA,NA,NA,NA,NA,NA,NA,NA,NA,NA,NA,NA,NA,NA,NA,NA,NA,NA,NA,NA,NA,NA,NA,NA,NA
0.000797483073589197,0.496989799289766,0,0,0,0,0,0,0,0,0,0,0,0,0,0,0,0,0,0,0,0,-0.0177448966823058,0,0,0,0,0.00281136275718634,0,0.0534853254592117,0,0,0,0.000082006017136813,0,0,0,0.0210703014351653,0,0.00117812423616571,-0.00286603612771657,0,0,-0.0236915070841761,0,0,0,0,0,0,0,0,0,0,0,0,-0.00701501240837257,0.0161956849519148,0,-0.00242853244921416,0,0,0,0,0,0,0,0,0,0,0,0,0,0,0,0,0,0,0,0,-0.0108461109458031,0,0,0,0,0,0,0.00524109170845583,-0.0126016062368538,-0.0111769758204403,0,0,0,0,-0.00270111301134573,0,0,0,-0.00511476629693593,0,0,0,0,0,0,0,0,0,0,0,0,0,-0.00722687710492919,0,0,0,0,0,-0.00151710291993757,-0.00302924839931977,0,0,0,0,0,0,0.0346026023627256,0,0,0,0,-0.0031464053948456,0,0,0,0,0.00245736105455409,0,0,0,0,0,0,0.0154568375167549,0,0,0,0,0,0,0,0.00679972179280605,0,0,0,0,0,0,0,0,0,0,0,0,0,0,0,0,0,0,0,0,0,0,0,0,0,0,0,0,0.00501370698063535,0.0354876209648183,0,0,0,0,-0.012018069334574
-0.000348022056512687,0.504657743624665,0,0,0,0,0,0,0,0,0,0,0,0,0,0,0,0,0,0,0,0,-0.0175963937995196,0,0,0,0,0,0,0.0436465348062312,0,0,0,0.00020301656673662,0,0,0,0.024697016537449,0,0.000903462386572729,-0.0000701309775393837,0,0,-0.0260320290144173,0,0,0,0,0,0,0,0,0,0,0,0,-0.00457008687243079,0.014734717149074,0,-0.00377133608914225,0,0,0,0,0,0,0,0,0,0,0,0,0,0,0,0,0,0,0,0,-0.0152402740520291,0,0,0,0,-0.00179556337784533,0,0.00747530883885982,-0.00949629517456558,-0.00942650566058444,0,0,0,0,-0.00772090460654306,0,0,0,-0.00772995950558766,0,0,0,0,0,0,0,0,0,0,0,0,0,-0.00569761510044717,0,0,0,0,0,0,-0.0014950176006138,0,0,0,0,0,0,0.0301604930415245,0,0,0,0,-0.000838994933688338,0,0,0,0,0.00444573756019597,0,0,0,0,0,0,0.0133683754761784,0,0,0,0,0,0,0,0.0091174855332154,0,0,0,0,0,0,0,0,0,0,0,0,0,0,0,0,0,0,0,0,0,0,0,0,0,0,0,0,0.00400341355161924,0.0294935272952044,0,0,0,0,-0.010372948815283
0.00220135287438875,0.49394035887141,0,0,0,0,0,0,0,0,0,0,0,0,0,0,0,0,0,0,0,0,-0.0248293080128238,0,0,0,0,0.00136663376196532,0,0.0577654947000749,0,0,0,0.00505401242971428,0,0,0,0.0156068530826556,0,0.00102976242459235,-0.0045805016157771,0,0,-0.0248818836960898,0,0,0,0,0,0,0,0,0,0,0,0,-0.00746785310115287,0.0163432431068963,0,-0.00250152789609695,0,0,0,0,0,0,0,0,0,0,0,0,0,0,0,0,0,0,0,0,-0.0174039768817986,0,0,0,0,0,0,0.00408202905600049,-0.0163592129401869,-0.00990135358194905,0,0,0,0,0,0,0,0,-0.00102536018602349,0,0,0,0,0,0,0,0,0,0,0,0,0,-0.0066798304049841,0,0,0,0,0,0,-0.00766186874820631,0,0,0,0,0,0,0.0313486609754532,0,0,0,0,-0.00292511082734382,0,0,0,0,0.0093295886826577,0,0,0,0,0,0,0.0157597397237491,0,0,0,0,0,0,0,0.0164063215014799,0,0,0,0,0,0,0,0,0,0,0,0,0,0,0,0,0,0,0,0,0,0,0,0,0,0,0,0,0.0149344678534731,0.045405561539119,0,0,0,0,-0.014946481931747
0.00209030655786868,0.487607210438985,0,0,0,0,0,0,0,0,0,0,0,0,0,0,0,0,0,0,0,0,-0.0240888269852308,0,0,0,0,0.00492511566153163,0,0.0595871864392708,0,0,0,0.00430310456373689,0,0,0,0.0193996248584182,0,0.00467641919673565,-0.0046057863607218,0,0,-0.0215298306175585,0,0,0,0,0,0,0,0,0,0,0,0,-0.00518095661814597,0.0180718396751367,0,-0.00119622562491526,0,0,0,0,0,0,0,0,0,0,0,0,0,0,0,0,0,0,0,0,-0.00965736111903144,0,0,0,0,0,0,0.00105420028994599,-0.0159734897465514,-0.0125778575172593,0,0,0,0,0,0,0,0,0,0,0,0,0,0,0,0,0,0,0,0,0,0,-0.00625624058384197,0,0,0,0,0,-0.00228581997861847,-0.0105233925968096,0,0,0,0,0,0,0.0396909223395454,0,0,0,0,-0.00604690958830211,0,0,0,0,0.00509621537224351,0,0,0,0,0,0,0.0199124557954691,0,0,0,0,0,0,0,0.00771309487212336,0,0,0,0,0,0,0,0,0,0,0,0,0,0,0,0,0,0,0,0,0,0,0,0,0,0,0,0,0.0106354018384122,0.0470152359632723,0,0,0,0,-0.0143264602072984
0.00217351291638358,0.500009518842103,0,0,0,0,0,0,0,0,0,0,0,0,0,0,0,0,0,0,0,0,-0.0153600768357164,0,0,0,0,0.00756714996388237,0,0.0530845455521162,0,0,0,0.00586695415398857,0,0,0,0.0274319144671063,0,0.0044546663548626,-0.00364978590208062,0,0,-0.0212002025780549,0,0,0,0,0,0,0,0,0,0,0,0,-0.00356032397742888,0.0164964899344067,0,-0.00362687593276896,0,0,0,0,0,0,0,0,0,0,0,0,0,0,0,0,0,0,0,0,-0.00749021968957936,0,0,0,0,-0.0028116706487638,0,0.00464966732622493,-0.0139793923536933,-0.0127661619721087,0,0,0,0,-0.00503069323323928,0,0,0,-0.00041272107520866,0,0,0,0,0,0,0,0,0,0,0,0,0,-0.00913049607334688,0,0,0,0,0,-0.00261600796817815,-0.00837145845404856,0,0,0,0,0,0,0.0381282901319085,0,0,0,0,0,0,0,0,0,0.00192897863181768,0,0,0,0,0,0,0.0161095431857013,0,0,0,0,0,0,0,0.00489416989995643,0,0,0,0,0,0,0,0,0,0,0,0,0,0,0,0,0,0,0,0,0,0,0,0,0,0,0,0,0.00434944411919045,0.035488828171926,0.00157260669271319,0,0,0,-0.011582128298967
0.00384360639178541,0.476866435881799,0,0,0,0,0,0,0,0,0,0,0,0.00605079979621762,0,0,0,0,0,0,0,0,-0.0159961038605454,0,0,0,0,0.0110188891689449,0,0.0605668291108971,0,0.0034895185717766,0,0.00061718432078792,0,0,0,0.0297828764749517,0,0.00478430893654618,-0.00449084919343703,0,0,-0.0245870029923765,0,0,0,-0.0008170728213475,0,0,0,0,0,0,0,0,-0.0031934297261457,0.0200684273141932,0,-0.00438454283469341,0,0,0,0,0,0,0,0,0,0,0,0,0,0,0,0,0,0.00201188910363123,0,0,-0.0099554628117173,0,0,0,0,-0.00335382249337901,0,0.0135658290039639,-0.0201427851691702,-0.0169785037747146,0,0,0,0,-0.006592380582129,0,0,0,0,0,0,0,0,0,0,0,0,0,0,0,0,0,-0.00754604259316577,0,0,0,0,0,0,-0.0132740633285266,0,0,0,0,0,0,0.0379164887038197,-0.00306866617184394,0,0,0,-0.00373821113276813,0,0,0,0,0,0,0,0,0,0,0,0.0184336014771132,0,0,0,0,0,0,0,0.00497189827026478,0,0,0,0,0,0,0,0,0,0,0,0,0,0,0,0,0,0,0,0,0,0,0,0,0,0,0,0,0.00495396861909884,0.0450860464860144,0.0217531315634979,0,0,0,-0.00789826614363611
0.00220259803617558,0.484207399691067,0,0,0,0,0,0,0,0,0,0,0,0,0,0,0,0,0,0,0,0,-0.0180066314443938,0,0,0,0,0.00492456595556075,0,0.0534362671459165,0,0.00206311396272791,0,0,0,0,0,0.026115419379947,0,0.00501862908518441,-0.00436459050530457,0,0,-0.0240314984439199,0,0,0,0,0,0,0,0,0,0,0,0,-0.00428105403656092,0.019558671090978,0,-0.00708989689883923,0,0,0,0,0,0,0,0,0,0,0,0,0,0,0,0,0,0,0,0,-0.014375384152095,0,0,0,0,-0.0000483461291180713,0,0.0152464636629961,-0.0188144750557534,-0.0128460946238167,0,0,0,0,-0.00737916894429182,0,0,0,-0.00245158424684997,0,0,0,0,0,0,0,0,0,0,0,0,0,-0.00639295796267418,0,0,0,0,0,0,-0.0079105232277895,0,0,0,0,0,0,0.0354482097600232,0,0,0,0,-0.000775718582692415,0,0,0,0,0.000762298611628463,0,0,0,0,0,0,0.0170638263541679,0,0,0,0,0,0,0,0.00962930563370045,0,0,0,0,0,0,0,0,0,0,0,0,0,0,0,0,0,0,0,0,0,0,0,0,0,0,0,0,0.00135940452636579,0.0406369662179012,0.000383821648658594,0,0,0,-0.0122148022829472
0.0008216735012356,0.50004205080673,0,0,0,0,0,0,0,0,0,0,0,0,0,0,0,0,0,0,0,0,-0.020082360301329,0,0,0,0,0,0,0.0456659905449298,0,0.0000466497949439189,0,0,0,0,0,0.0310027416779493,0,0.00595354765651834,-0.00194798700792587,0,0,-0.0240596653474872,0,0,0,-0.000907100209466441,0,0,0,0,0,0,0,0,-0.0044244464917517,0.0179612716179125,0,-0.0021230018932373,0,0,0,0,0,0,0,0,0,0,0,0,0,0,0,0,0,0,0,0,-0.0089423434552202,0,0,0,0,0,0,0.00753564693272277,-0.0118390157927676,-0.0103152174569966,0,0,0,0,-0.00418529089703705,0,0,0,-0.0031526459992204,0,0,0,0,0,0,0,0,0,0,0,0,0,-0.00733087628110177,0,0,0,0,0,0,-0.00269274513341264,0,0,0,0,0,0,0.0339947064960929,0,0,0,0,0,0,0,0,0,0.00790777227771104,0,0,0,0,0,0,0.01569059215044,0,0,0,0,0,0,0,0.00916959945995144,0,0,0,0,0,0,0,0,0,0,0,0,0,0,0,0,0,0,0,0,0,0,0,0,0,0,0,0,0,0.035053668054244,0,0,0,0,-0.0108219944727872
0.00121482554824077,0.507549858129773,0,0,0,0,0,0,0,0,0,0,0,0,0,0,0,0,0,0,0,0,-0.015324236301546,0,0,0,0,0,0,0.0482806130017015,0,0,0,0.00519013477895161,0,0,0,0.0246078074705577,0,0.000801920339897454,-0.00100834203976344,0,0,-0.0322478930927855,0,0,0,-0.00156308434371629,0,0,0,0,0,0,0,0,-0.00649340531454106,0.0170881420349075,0,-0.00415218131446092,0,0,0,0,0,0,0,0,0,0,0,0,0,0,0,0,0,0,0,0,-0.0196710105787295,0,0,0,0,-0.00199344209235282,0,0.00634808307904896,-0.0130578911379788,-0.0130775635992167,0,0,0,0,-0.00355097579981799,0,0,0,-0.00488923700913011,0,0,0,0,0,0,0,0,0,0,0,0,0,-0.00580117102878443,0,0,0,0,0,0,-0.00135134501815631,0,0,0,0,0,0,0.0268205454352491,0,0,0,0,0,0,0,0,0,0.0117667097048625,0,0,0,0,0,0,0.012895759059665,0.0032091571088683,0,0,0,0,0,0,0.0259133055220266,0,0,0,0,0,0,0,0,0,0,0,0,0,0,0,0,0,0,0,0,0,0,0,0,0,0,0,0,0.00964982123879815,0.0352635044830488,0,0,0,0,-0.0129442561960703
0.000515683891394947,0.50731445982442,0,0,0,0,0,0,0,0,0,0,0,0,0,0,0,0,0,0,0,0,-0.0146125948311667,0,0,0,0,0,0,0.0461655520977725,0,0,0,0.00145214390399872,0,0,0,0.0246065354949659,0,0.00167148012175877,-0.00117792497369722,0,0,-0.0261889512667288,0,0,0,-0.00336739230893314,0,0,0,0,0,0,0,0,-0.0071753234454341,0.0161651049294075,0,0,0,0,0,0,0,0,0,0,0,0,0,0,0,0,0,0,0,0,0,0,-0.0171141930047548,0,0,0,0,0,0,0.00796857126435168,-0.0126631604121509,-0.0103279515377738,0,0,0,0,-0.00434975353318853,0,0,0,-0.00598796526027024,0,0,0,0,0,0,0,0,0,0,0,0,0,-0.00355896691488288,0,0,0,0,0,0,0,0,0,0,0,0,0,0.0270877755911763,0,0,0,0,0,0,0,0,0,0.00654247236066279,0,0,0,0,0,0,0.00968112244107965,0.00784483677495562,0,0,0,0,0,0,0.0186949227845051,0,0,0,0,0,0,0,0,0,0,0,0,0,0,0,0,0,0,0,0,0,0,0,0,0,0,0,0,0.0120905350488434,0.0276772390095042,0,0,0,0,-0.00545307941598846
0.00125268358880756,0.516248839221191,0,0,0,0,0,0,0,0,0,0,0,0,0,0,0,0,0,0,0,0,-0.020662809515934,0,0,0,0,0.00168588254864355,0,0.0466774320776222,0,0,0,0.00109200961397696,0,0,0,0.0301139945290189,0,0,-0.00408376034352937,0,0,-0.0212828021373027,0,0,0,-0.00124784440602728,0,0,0,0,0,0,0,0,-0.00619143626935011,0.0154955017214677,0,0,0,0,0,0,0,0,0,0,0,0,0,0,0,0,0,0,0,0,0,0,-0.0192736708390471,0,0,0,0,0,0,0.0122165273141154,-0.0124755488580618,-0.00839279774371311,0,0,0,0,-0.00175733723735623,0,0,0,-0.00249474740275678,0,0,0,0,0,0,0,0,0,0,0,0,0,-0.00613661914083867,0,0,0,0,0,-0.00210398660942538,0,0,0,0,0,0,0,0.0290940021749265,0,0,0,0,0,0,0,0,0,0,0,0,0,0,0,0,0.0146051637204548,0.00261665391703748,0,0,0,0,0,0,0.0196946714373442,0,0,0,0,0,0,0,0,0,0,0,0,0,0,0,0,0,0,0,0,-0.000205960649541103,0,0,0,0,0,0,0,0,0.0318867903812962,0,0,0,0,-0.00943403609728537
-0.00204038616785716,0.517631539307605,0,0,0,0,0,0,0,0,0,0,0,0,0,0,0,0,0,0,0,0,-0.020680948518949,0,0,0,0,0,0,0.0346467653756582,0,0,0,0,0,0,0,0.0231209773220623,0,0,0,0,0,-0.0251062712893657,0,0,0,0,0,0,0,0,0,0,0,0,-0.00648047499364697,0.0130012293704103,0,0,0,0,0,0,0,0,0,0,0,0,0,0,0,0,0,0,0,0,0,0,-0.0216277668290906,0,0,0,0,0,0,0.0131508439117903,-0.00650055409380113,-0.00913682428074366,0,0,0,0,-0.00139344518418335,0,0,0,-0.0103558292149849,0,0,0,0,0,0,0,0,0,0,0,0,0,-0.00572950024777629,0,0,0,0,0,0,0,0,0,0,0,0,0,0.0231711907495366,0,0,0,0,0,0,0,0,0,0.00453913412257501,0,0,0,0,0,0,0.000778849512467386,0,0,0,0,0,0,0,0.0106320230539248,0,0,0,0,0,0,0,0,0,0,0,0,0,0,0,0,0,0,0,0,0,0,0,0,0,0,0,0,0,0.025192404491226,0,0,0,0,-0.00902818926058609
-0.00100486333221343,0.525610697381889,0,0,0,0,0,0,0,0,0,0,0,0,0,0,0,0,0,0,0,0,-0.0205075810296351,0,0,0,0,0,0,0.0354204632279541,0,0,0,0,0,0,0,0.026612654763291,0,0,-0.000822197043631967,0,0,-0.0241144441415312,0,0,0,0,0,0,0,0,0,0,0,0,-0.00651576814494272,0.0152337298872989,0,0,0,0,0,0,0,0,0,0,0,0,0,0,0,0,0,0,0,0,0,0,-0.0179918585958512,0,0,0,0,0,0,0.0117357153738338,-0.00660612822847481,-0.00874340831975188,0,0,0,0,-0.000975280943042051,0,0,0,-0.00732948274559164,0,0,0,0,0,0,0,0,0,0,0,0,0,-0.00685737828202734,0,0,0,0,0,0,0,0,0,0,0,0,0,0.0244097582191678,0,0,0,0,0,0,0,0,0,0.00316231965179617,0,0,0,0,0,0,0.00613575393330284,0.000824853943295441,0,0,0,0,0,0,0.0139903736779243,0,0,0,0,0,0,0,0,0,0,0,0,0,0,0,0,0,0,0,0,0,0,0,0,0,0,0,0,0,0.0291802006842674,0,0,0,0,-0.0101665164792947
-0.000290892799047923,0.505183234874202,0,0,0,0,0,0,0,0,0,0,0,0,0,0,0,0,0,0,0,0,-0.013669442031284,0,0,0,0,0,0,0.0427452598703951,0,0,0,0,0,0,0,0.031846140607703,0,0,-0.0000477985098869848,0,0,-0.0241869860751699,0,0,0,-0.0034976059880688,0,0,0,0,0,0,0,0,-0.0049017667419598,0.0172140507979807,0,0,0,0,0,0,0,0,0,0,0,0,0,0,0,0,0,0,0,0,0,0,-0.0143710143934462,0,0,0,0,-0.0014547977029173,0,0.0106675782187445,-0.0109679285183513,-0.010532486168869,0,0,0,0,-0.00309697429114892,0,0,0,-0.00501637693309369,0,0,0,0,0,0,0,0,0,0,0,0,0,-0.00468941316747904,0,0,0,0,0,0,0,0,0,0,0,0,0,0.028027220224312,0,0,0,0,0,0,0,0,0,0.00210606039224043,0,0,0,0,0,0,0.00914169488151107,0.00390312782056846,0,0,0,0,0,0,0.0152400143641534,0,0,0,0,0,0,0,0,0,0,0,0,0,0,0,0,0,0,0,0,0,0,0,0,0,0,0,0,0.00247454562502516,0.0259964356392134,0,0,0,0,-0.00733277618316803
0.00106155832112318,0.491794724732086,0,0,0,0,0,0,0,0,0,0,0,0,0,0,0,0,0,0,0,0,-0.0127661185423974,0,0,0,0,0.00212333884758915,0,0.0564508866017935,0,0,0,0,0,0,0,0.033909557940464,0,0.00193215838310428,-0.000148970859445174,0,0,-0.0204326268657227,0,0,0,-0.0049617107660088,0,0,0,0,0,0,0,0,-0.00210026855988413,0.0195048321259501,0,-0.00147555223444345,0,0,0,0,0,0,0,0,0,0,0,0,0,0,0,0,0,0,0,0,-0.0116047017247668,0,0,0,0,-0.00222518807528281,0,0.0102359161377614,-0.0155549139095559,-0.0111288678567568,0,0,0,0,-0.00729845295651526,0,0,0,-0.00900278836773867,0,0,0,0,0,0,0,0,0,0,0,0,0,-0.00668580741051528,0,0,0,0,0,0,-0.00232143363936489,0,0,0,0,0,0,0.0328444702656299,0,0,0,0,0,0,0,0,0,0.00170739509440125,0,0,0,0,0,0,0.00977757317891471,0.000288858544623266,0,0,0,0,0,0,0.0163043472562676,0,0,0,0,0,0,0,0,0,0,0,0,0,0,0,0,0,0,0,0,0,0,0,0,0,0,0,0,0.0137041225328317,0.0276180927343096,0,0,0,0,-0.00258056697657032
0.000102578033169844,0.50284325213213,0,0,0,0,0,0,0.00127711189267551,0,0,0,0,0,0,0,0,0,0,0,0,0,-0.0133474458504154,0,0,0,0,0,0,0.0445855214843961,0,0,0,0,0,0,0,0.0291168378883499,0,0,-0.000515549394475073,0,0,-0.0240901004734222,0,0,0,-0.00510454678313061,0,0,0,0,0,0,0,0,-0.00600379556757264,0.0169045237058847,0,0,0,0,0,0,0,0,0,0,0,0,0,0,0,0,0,0,0,0,0,0,-0.0243852001621376,0,0,0,0,0,0,0.0115095397624843,-0.0113780159473308,-0.00754164668887965,0,0,0,0,-0.00415518921054771,0,0,0,-0.00683166608711421,0,0,0,0,0,0,0,0,0,0,0,0,0,-0.00211761075768771,0,0,0,0,0,0,0,0,0,0,0,0,0,0.0238352337590916,0,0,0,0,0,0,0,0,0,0.00529804685268702,0,0,0,0,0,0,0.00974189683748609,0.00438318556788452,0,0,0,0,0,0,0.0226313882142055,0,0,0,0,0,0,0,0,0,0,0,0,0,0,0,0,0,0,0,0,0,0,0,0,0,0,0,0,0.00402293439869013,0.0221201966931271,0,0,0,0,-0.00494706716701865
0.00140009848082426,0.494302559401344,0,0,0,0,0,0,0,0,0,0,0,0,0,0,0,0,0,0,0,0,-0.0158288783728175,0,0,0,0,0.00329874957582031,0,0.0564661606871202,0,0,0,0.00111711958388442,0,0,0,0.0301740831436732,0,0.0016259708105019,-0.00211688760421059,0,0,-0.016801030335564,0,0,0,-0.00385444590856431,0,0,0,0,0,0,0,0,-0.00372340697438317,0.018516397068939,0,-0.00183868043264563,0,0,0,0,0,0,0,0,0,0,0,0,0,0,0,0,0,0,0,0,-0.0200820011552478,0,0,0,0,0,0,0.00516089423009978,-0.0167888809092313,-0.00829550340007475,0,0,0,0,-0.00276812282633378,0,0,0,-0.0113079108367288,0,0,0,0,0,0,0,0,0,0,0,0,0,-0.0058751965341552,0,0,0,0,0,0,-0.000274661589962019,0,0,0,0,0,0,0.0303147666458591,0,0,0,0,0,0,0,0,0,0.00133609290298538,0,0,0,0,0,0,0.0111626116648143,0.00150455636739575,0,0,0,0,0,0,0.0182118160968143,0,0,0,0,0,0,0,0,0,0,0,0,0,0,0,0,0,0,0,0,0,0,0,0,0,0,0,0,0.0096475926693945,0.0351124019183359,0,0,0,0,-0.0090058683706277
0.000866227245436318,0.488625630475228,0,0,0,0,0,0,0,0,0,0,0,0,0,0,0,0,0,0,0,0,-0.0188563091765442,0,0,0,0,0.0000983674621349733,0,0.0602652318896936,0,0,0,0,0,0,0,0.0252412353633825,0,0,0,0,0,-0.018127486864225,0,0,0,-0.00230768758560682,0,0,0,0,0,0,0,0,-0.00589260897557695,0.0182159044242142,0,0,0,0,0,0,0,0,0,0,0,0,0,0,0,0,0,0,0,0,0,0,-0.0225776066759157,0,0,0,0,0,0,0.0128967920928445,-0.0154620178041152,-0.00864912347849444,0,0,0,0,0,0,0,0,-0.00560863745338529,0,0,0,0,0,0,0,0,0,0,0,0,0,-0.00574142266250211,0,0,0,0,0,0,0,0,0,0,0,0,0,0.0325796084719106,0,0,0,0,0,0,0,0,0,0,0,0,0,0,0,0,0.0129089743205731,0.00376710040308851,0,0,0,0,0,0,0.0260225762824721,0,0,0,0,0,0,0,0,0,0,0,0,0,0,0,0,0,0,0,0,0,0,0,0,0,0,0,0,0.0133734610427759,0.0393988199835972,0,0,0,0,-0.0101465336911158
0.000119681460807364,0.484472126249059,0,0,0,0,0,0,0.00113746674574046,0,0,0,0,0,0,0,0,0,0,0,0,0,-0.0138364864124511,0,0,0,0,0,0,0.0499430971368171,0,0,0,0,0,0,0,0.0319983105519531,0,0,-0.000412421892700019,0,0,-0.0195606993994825,0,0,0,-0.00506865461838805,0,0,0,0,0,0,0,0,-0.00509188256073412,0.017402257331524,0,0,0,0,0,0,0,0,0,0,0,0,0,0,0,0,0,0,0,0,0,0,-0.0234543026524894,0,0,0,0,0,0,0.0162413400771115,-0.0136665832181074,-0.00823360345694923,0,0,0,0,-0.00139482209369011,0,0,0,-0.00769379404015465,0,0,0,0,0,0,0,0,0,0,0,0,0,-0.00307174672721207,0,0,0,0,0,0,0,0,0,0,0,0,0,0.0325602490859538,0,0,0,0,0,0,0,0,0,0.000422797244489757,0,0,0,0,0,0,0.0111968642306545,0.00549029959288952,0,0,0,0,0,0,0.0180495553652854,0,0,0,0,0,0,0,0,0,0,0,0,0,0,0,0,0,0,0,0,0,0,0,0,0,0,0,0,0.0014336601248167,0.0290804215693388,0,0,0,0,-0.00609741807664998
0.000661903260488331,0.47704039242322,0,0,0,0,0,0,0,0,0,0,0,0,0,0,0,0,0,0,0,0,-0.0121793656963992,0,0,0,0,0,0,0.0444606955118892,0,0.000738670755468871,0,0,0,0,0,0.0396797774076955,0,0.0018995430173431,0,0,0,-0.0192762680693005,0,0,0,-0.00656195292626628,0,0,0,0,0,0,0,0,-0.00395832748157585,0.0166045549601625,0,-0.00100478017941057,0,0,0,0,0,0,0,0,0.00290838357407925,0,0,0,0,0,0,0,0,0,0,0,-0.0200510031436349,0,0,0,0,0,0,0.0153907767170685,-0.0162362067998895,-0.00871844421688824,0,0,0,0,-0.00349898634115285,0,0,0,-0.0107928614286582,0,0,0,0,0,0,0,0,0,0,0,0,0,-0.00789630744124317,0,0,0,0,0,0,0,0,0,0,0,0,0,0.0330656546031079,0,0,0,0,0,0,0,0,0,0.000975031234473654,0,0,0,0,0,0,0.0113117974880057,0.00154817936607152,0,0,0,0,0,0,0.0127356807448842,0,0,0,0,0,0,0,0,0,0,0,0,0,0,0,0,0,0,0,0,0,0,0,0,0,0,0,0,0,0.035448794367028,0.00706357057202314,0,0,0,-0.00690042669205546
0.00237726681086567,0.474776576328307,0,0,0,0,0,0,0,0,0,0,0,0,0,0,0,0,0,0,0,0,-0.0140511447904137,0,0,0,0,0,0,0.0665199242825132,0,0,0,0,0,0,0,0.0405747714368665,0,0.000192777720927447,-0.00258568899097671,0,0,-0.0139784488372839,0,0,0,-0.00797396848777209,0,0,0,0,0,0,0,0,-0.00225192952144409,0.0199237606798599,0,-0.00084243108500673,0,0,0,0,0,0,0,0,0.00518087223955366,0,0,0,0,0,0,0,0,0,0,0,-0.021486792858627,0,0,0,0,0,0,0.0180870780542953,-0.0220537438051635,-0.0100342534109097,0,0,0,0,-0.00397746737210365,0,0,0,-0.00859730575609998,0,0,0,0,0,0,0,0,0,0,0,0,0,-0.00531432550760482,0,0,0,0,0,0,0,0,0,0,0,0,0,0.0334099232463,0,0,0,0,0,0,0,0,0,0,0,0,0,0,0,0,0.0123067063381663,0.00958627690777319,0,0,0,0,0,0,0.0234977811055621,0,0,0,0,0,0,0,0,0,0,0,0,0,0,0,0,0,0,0,0,0,0,0,0,0,0,0,0,0.0129643088963262,0.0420176788695298,0,0,0,0,-0.00557668243051863
0.00282467965633979,0.454234570457423,0,0,0,0,0,0,0,0,0,0,0,0.00900559183101068,0,0,0,0,0,0,0,0,-0.0160447443727022,0,0,0,0,0.000955312255643586,0,0.075455490260601,0,0,0,0,0,0,0,0.0425041388719685,0,0.0022450372564427,-0.00687997578959702,0,0,-0.00860919190059124,0,0,0,-0.0101399747154316,0,0,0,0,0,0,0,0,0,0.0204061324636388,0,-0.00550697823054841,0,0,0,0,0,0,0,0,0.00187726995773028,0,0,0,0,0,0,0,0,0,0,0,-0.0161870416937818,0,0,0,0,0,0,0.0196323958089519,-0.0233797029269513,-0.0154848682051425,0,0,0,0,-0.00246751313070279,0,0,0,-0.0136181318484896,0,0,0,0,0,0,0,0,0,0,0,0,0,-0.00650617984544835,0,0,0,0,0,-0.00535951960730923,-0.00858897641540707,0,0,0,0,0,0,0.0368989811799332,-0.00136471086345203,0,0,0,-0.0000288083413180117,0,0,0,0,0,0,0,0,0,0,0,0.00835163304609031,0.00259582711615875,0,0,0,0,0,0,0.0180075645226364,0,0,0,0,0,0,0,0,0,0,0,0,0,0,0,0,0,0,0,0,0,0,0,0,0,0,0,0,0.0138902050838296,0.0532500679441143,0.0104310997097131,0,0,0,-0.00905869621597071
0.00250897942364939,0.477775539053513,0,0,0,0,0,0,0,0,0,0,0,0.00267524064558323,0,0,0,0,0,0,0,0,-0.0156432306969496,0,0,0,0,0.000649430428297091,0,0.0738836552315448,0,0,0,0,0,0,0,0.0278547082769449,0,0,0,0,0,-0.0160913486514502,0,0,0,-0.00384344232619182,0,0,0,0,0,0,0,0,-0.00253465682844675,0.0221920330215129,0,-0.00165487137603466,0,0,0,0,0,0,0,0,0,0,0,0,0,0,0,0,0,0,0,0,-0.0205193411137975,0,0,0,0,0,0,0.0117670289029971,-0.0230699587686275,-0.00828918191761325,0,0,0,0,-0.00448634078470925,0,0,0,-0.00930281764836649,0,0,0,0,0,0,0,0,0,0,0,0,0,-0.00488442601153757,0,0,0,0,0,0,-0.00578167816691002,0,0,0,0,0,0,0.0341284427583521,0,0,0,0,0,0,0,0,0,0,0,0,0,0,0,0,0.0150583094543655,0.00580661703951958,0,0,0,0,0,0,0.0276100534624398,0,0,0,0,0,0,0,0,0,0,0,0,0,0,0,0,0,0,0,0,0,0,0,0,0,0,0,0,0.0216207398776479,0.0399884401368191,0,0,0,0,-0.00677136648613898
0.00278149565788099,0.482971300778605,0,0,0,0,0,0,0,0,0,0,0,0.0033373356958667,0,0,0,0,0,0,0,0,-0.0174732324150545,0,0,0,0,0,0,0.0634895822787537,0,0,0,0,0,0,0,0.0320697806795461,0,0.00138288725269752,-0.00606420822372269,0,0,-0.0199461098143399,0,0,0,-0.00751775559978229,0,0,0,0,0,0,0,0,-0.00598633306263265,0.0189538153972662,0,0,0,0,0,0,0,0,0,0,0,0,0,0,0,0,0,0,0,0,0,0,-0.023343592018271,0,0,0,0,0,0,0.0205778397824167,-0.0193616900423545,-0.0116140485046607,0,0,0,0,-0.00144339092124755,0,0,0,-0.00430991221952698,0,0,0,0,0,0,0,0,0,0,0,0,0,-0.00452322630872265,0,0,0,0,0,0,0,0,0,0,0,0,0,0.033010001729958,0,0,0,0,-0.000521750410598176,0,0,0,0,0.00142375864410047,0,0,0,0,0,0,0.0169453755989477,0.00267203863659088,0,0,0,0,0,0,0.0261185654394438,0,0,0,0,0,0,0,0,0,0,0,0,0,0,0,0,0,0,0,0,0,0,0,0,0,0,0,0,0.0104343019579441,0.0383834346560128,0,0,0,0,-0.0103201106173824
NA,NA,NA,NA,NA,NA,NA,NA,NA,NA,NA,NA,NA,NA,NA,NA,NA,NA,NA,NA,NA,NA,NA,NA,NA,NA,NA,NA,NA,NA,NA,NA,NA,NA,NA,NA,NA,NA,NA,NA,NA,NA,NA,NA,NA,NA,NA,NA,NA,NA,NA,NA,NA,NA,NA,NA,NA,NA,NA,NA,NA,NA,NA,NA,NA,NA,NA,NA,NA,NA,NA,NA,NA,NA,NA,NA,NA,NA,NA,NA,NA,NA,NA,NA,NA,NA,NA,NA,NA,NA,NA,NA,NA,NA,NA,NA,NA,NA,NA,NA,NA,NA,NA,NA,NA,NA,NA,NA,NA,NA,NA,NA,NA,NA,NA,NA,NA,NA,NA,NA,NA,NA,NA,NA,NA,NA,NA,NA,NA,NA,NA,NA,NA,NA,NA,NA,NA,NA,NA,NA,NA,NA,NA,NA,NA,NA,NA,NA,NA,NA,NA,NA,NA,NA,NA,NA,NA,NA,NA,NA,NA,NA,NA,NA,NA,NA,NA,NA,NA,NA,NA,NA,NA,NA,NA,NA,NA,NA,NA,NA,NA,NA,NA,NA,NA,NA,NA
0.00026559256245396,0.500876220320617,0,0,0,0,0,0,0,0,0,0,0,0,0,0,0,0,0,0,0,0,-0.00821860340223498,0,0,0,0,0,0,0.0496719215010246,0,0,0,0,0,0,0,0.0317514060128301,0,0,0,0,0,-0.0187314852477286,0,0,0,-0.00552023680252183,0,0,0,0,0,0,0,0,-0.0024353456153548,0.0184891264790794,0,-0.00425885774038586,0,0,0,0,0,0,0,0,0.00147471174466934,0,0,0,0,0,0,0,0,0,0,0,-0.0239325764356367,0,0,0,0,0,0,0.0123522533351819,-0.00883084047415886,-0.0072906801461562,0,0,0,0,-0.00509485173364024,0,0,0,-0.00547384930844424,0,0,0,0,0,0,0,0,0,0,0,0,0,-0.00831655108751044,0,0,0,0,0,0,0,0,0,0,0,0,0,0.0278927807156469,0,0,0,0,0,0,0,0,0,0,0,0,0,0,0,0,0.0111775408685343,0.0136168120121968,0,0,0,0,0,0,0.0224433996942383,0,0,0,0,0,0,0,0,0,0,0,0,0,0,0,0,0,0,0,0,0,0,0,0,0,0,0,0,0.00466305777916616,0.0243696097566756,0,0,0,0,-0.00783842422151128
NA,NA,NA,NA,NA,NA,NA,NA,NA,NA,NA,NA,NA,NA,NA,NA,NA,NA,NA,NA,NA,NA,NA,NA,NA,NA,NA,NA,NA,NA,NA,NA,NA,NA,NA,NA,NA,NA,NA,NA,NA,NA,NA,NA,NA,NA,NA,NA,NA,NA,NA,NA,NA,NA,NA,NA,NA,NA,NA,NA,NA,NA,NA,NA,NA,NA,NA,NA,NA,NA,NA,NA,NA,NA,NA,NA,NA,NA,NA,NA,NA,NA,NA,NA,NA,NA,NA,NA,NA,NA,NA,NA,NA,NA,NA,NA,NA,NA,NA,NA,NA,NA,NA,NA,NA,NA,NA,NA,NA,NA,NA,NA,NA,NA,NA,NA,NA,NA,NA,NA,NA,NA,NA,NA,NA,NA,NA,NA,NA,NA,NA,NA,NA,NA,NA,NA,NA,NA,NA,NA,NA,NA,NA,NA,NA,NA,NA,NA,NA,NA,NA,NA,NA,NA,NA,NA,NA,NA,NA,NA,NA,NA,NA,NA,NA,NA,NA,NA,NA,NA,NA,NA,NA,NA,NA,NA,NA,NA,NA,NA,NA,NA,NA,NA,NA,NA,NA
0.00215297105147075,0.424724642812048,0,0,0,0,0,0,0,0,0,0,0,0.00891365339666293,0,0,0,0,0,0,0,0,-0.0127470018890496,0,0,0,0,0.0059450871240853,0,0.0554547106254278,0,0.00646400334925359,0,0,0,0.00809506696068063,0,0.0452907196974294,0,0.00697203175530211,-0.012608514797796,0,0,-0.00441101697002023,0,0,0,-0.00478347355848836,0,0,0,0,0,0,0,0,0,0.0218235774355053,0,-0.00431710953855585,0,0,0,0,0,0,0,0,0,0,0,0,0,0,0,0,0,0,0,0,-0.0196154654634967,0,0,0,0,0,0,0.0322390081737721,-0.0266185285550606,-0.0132034862992027,0,0,0,0,0,0,0,0,-0.0177806065751683,0,0,0,0,0,0,0,0,0,0,0,0,0,-0.0078769522075958,0,0,0.00485608249702844,0,0,-0.00757444859293363,-0.010325697130147,0,0,0,0,0,0,0.0423529721427483,-0.00295798026924456,0,0,0,-0.000518130459594617,0,0,-0.000334164902402587,0,0,0,0,0,0,0,0,0.0203609028031465,0.0130049974122616,0,0,0,0,0,0,0.00968910957137184,0,0,0,0,0.00423090750284134,0,0,0,0,0,0,0,0,0,0,0,0,0,0,0,0,0,0,0,0,0,0,0,0,0.0552812716247005,0.0388398213713452,0,0,0,-0.00783705812670089
NA,NA,NA,NA,NA,NA,NA,NA,NA,NA,NA,NA,NA,NA,NA,NA,NA,NA,NA,NA,NA,NA,NA,NA,NA,NA,NA,NA,NA,NA,NA,NA,NA,NA,NA,NA,NA,NA,NA,NA,NA,NA,NA,NA,NA,NA,NA,NA,NA,NA,NA,NA,NA,NA,NA,NA,NA,NA,NA,NA,NA,NA,NA,NA,NA,NA,NA,NA,NA,NA,NA,NA,NA,NA,NA,NA,NA,NA,NA,NA,NA,NA,NA,NA,NA,NA,NA,NA,NA,NA,NA,NA,NA,NA,NA,NA,NA,NA,NA,NA,NA,NA,NA,NA,NA,NA,NA,NA,NA,NA,NA,NA,NA,NA,NA,NA,NA,NA,NA,NA,NA,NA,NA,NA,NA,NA,NA,NA,NA,NA,NA,NA,NA,NA,NA,NA,NA,NA,NA,NA,NA,NA,NA,NA,NA,NA,NA,NA,NA,NA,NA,NA,NA,NA,NA,NA,NA,NA,NA,NA,NA,NA,NA,NA,NA,NA,NA,NA,NA,NA,NA,NA,NA,NA,NA,NA,NA,NA,NA,NA,NA,NA,NA,NA,NA,NA,NA
0.00232360576463945,0.364177249773861,0,0,0,-0.00180017899945326,0,0,0,0,0,0,0,0.0262659509192255,0,0,0,0,0,0,0,0,-0.00445733665484835,0,0,0,0,0.00274781206202238,0,0.0464973700018425,0,0,0,0,0,0.0244812107089719,0,0.0596770132387365,0,0.018906661379334,-0.00942897558466405,0,0,0,0,0,0,-0.00982610423381824,0,0,0,0,0,0,0,0,0,0.0259975361895465,0,-0.0107609836282985,0,0,0,0,0,0,0,0,0.0110450482621528,0,0,0,0,-0.000694598578482532,0,0,0,0,0,0,-0.0248751003491191,0,0,0,0,0,0,0.0438238714884394,-0.0440295937587692,-0.0267635426693621,0,0,0,0,0,0,0,0,-0.0264998464591267,0,0,0,0,0,0,0,0,0,0,0,0,0,-0.00652413720581342,0,0,0,0,0,-0.00811148056142132,-0.015815716614111,0,0,0,0,0,0,0.0409568628376853,-0.00209027178329329,0,0.00883609321466502,0,-0.00314654346504826,0,0,0,0,0,0,0,0,0,0,0,0.0125612848468144,0,0,0,0,0,0,0,0,0,0,0,0.00241185769504163,0,0,0,0,0,0,0,0,-0.00158504729266269,0,0,0,0,0,0,0,0,0,0,0,0,0,0,0,0,0.0605382329879984,0.0611779770321711,0,0,0,-0.00374561108000866
0.000710553756738773,0.405659999768678,0,0,0,0,0,0,0,0,0,0,0,0.0159880624638669,0,0,0,0,0,0,0,0,-0.0134981422058545,0,0,0,0,0,0,0.0568401208905668,0,0,0,0,0,0.00912545330779104,0,0.0563182075988986,0,0.0126341547203371,-0.00256891487045381,0,0,-0.00533645580230781,0,0,0,-0.00779665220135681,0,0,0,0,0,0,0,0,-0.00451715124014578,0.0251813375878072,0,-0.00433600081647279,0,0,0,0,0,0,0,0,0.00729692792664798,0,0,0,0,0,0,0,0,0,0,0,-0.0184776424851956,0,0,0,0,0,0,0.0224593492041242,-0.0281817019670903,-0.0188030137607047,0,0,0,0,-0.00768689861226146,0,0,0,-0.022762776917395,0,0,0,0,0,0,0,0,0,0,0,0,0,-0.00219220079953837,0,0,0,0,0,-0.00118001815181972,-0.00415291880563799,0,0,0,0,0,0,0.0397372379593779,-0.00534264758984694,0,0.00175046852027123,0,0,0,0,0,0,0,0,0,0,0,0,0,0.0193572900138811,0.00668274562623649,0,0,0,0,0,0,0.00461082963214168,0,0,0,0,0,0,0,0,0,0,0,0,0,0,0,0,0,0,0,0,0,0,0,0,0,0,0,0,0,0.0486737283766484,0.0362302605331201,0,0,0,0
0.00332823932841196,0.400520166198762,0,0,0,0,0,0,0,0,0,0,0,0.0264371124777228,0,0,0,0,0,0,0,0,-0.00961734544920439,0,0,0,0,0,0,0.0631729087739702,0,0.00664684915524282,0,0,0,0.00247887499406951,0,0.0690881178296624,0,0.00934773385032115,-0.00749157934044244,0,0,-0.000093927567681441,0,0,0,-0.0106831955646316,0,0,0,0,0,0,0,0,0,0.0270193318998062,0,-0.0159313932062212,0,0,0,0,0,0,0,0,0.0167946256868133,0,0,0,0,0,0,0,0,0,0,0,-0.0175473914484945,0,0,0,0,0,0,0.0349967868878558,-0.0422462104901027,-0.025693642591572,0,0,0,0,-0.00180412307289259,0,0,0,-0.0148982686235338,0,0,0,0,0,0,0,0,0,0,0,0,0,-0.00264760855978333,0,0,0,0,0,-0.00119807981857763,-0.00969278682414931,0,0,0,0,0,0,0.038428651017444,0,0,0.00226528587177053,0,-0.00249466576659163,0,0,0,0,0,0,0,0,0,0,0,0.0154831774318653,0,0,0,0,0,0,0,0.00649395738702832,0,0,0,0,0,0,0,0,0,0,0,0,-0.00313764563477543,0,0,0,0,0,0,0,0,0,0,0,0,0,0,0,0,0.0532187880838539,0.0462064486527147,0,0,0,-0.00514510194688029
0.00303573623711558,0.395479348103529,0,0,0,0,0,0,0,0,0,0,0,0.0146861374244366,0,0,0,0,0,0,0,0,-0.0105664930802041,0,0,0,0,0,0,0.0684992315337963,0,0.00665591222667444,0,0,0,0.0126803065241422,0,0.0566560264584168,0,0.0141079648854339,-0.00520900286479124,0,0,-0.000808749599211278,0,0,0,-0.0119961073520488,0,0,0,0,0,0,0,0,0,0.0280320362580597,0,-0.0124708916977509,0,0,0,0,0,0,0,0,0.00361649188044577,0,0,0,0,0,0,0,0,0,0,0,-0.0263931938527771,0,0,0,0,-0.00195360132133706,0,0.0263237505807325,-0.0362517078078506,-0.00771091797713908,0,0,0,0,-0.00180517962669054,0,0,0,-0.0312221396763608,0,0,0,0,0,0,0,0,0,0,0,0,0,-0.00844263993845235,0,0,0,0,0,-0.0012342417587201,-0.0140037344909731,0,0,0,0,0,0,0.0378915414934268,-0.00683562237886775,0,0.00919182138046852,0,0,0,0,0,0,0,0,0,0,0,0,0,0.00721003715278718,0,0,0,0,0,0,0,0.0139419157092848,0,0,0,0,0,0,0,0,0,0,0,0,0,0,0,0,0,0,0,0,0,0,0,0,0,0,0,0,0.00819494935085579,0.0565536007658186,0.0509562897978451,0,0,0,0
NA,NA,NA,NA,NA,NA,NA,NA,NA,NA,NA,NA,NA,NA,NA,NA,NA,NA,NA,NA,NA,NA,NA,NA,NA,NA,NA,NA,NA,NA,NA,NA,NA,NA,NA,NA,NA,NA,NA,NA,NA,NA,NA,NA,NA,NA,NA,NA,NA,NA,NA,NA,NA,NA,NA,NA,NA,NA,NA,NA,NA,NA,NA,NA,NA,NA,NA,NA,NA,NA,NA,NA,NA,NA,NA,NA,NA,NA,NA,NA,NA,NA,NA,NA,NA,NA,NA,NA,NA,NA,NA,NA,NA,NA,NA,NA,NA,NA,NA,NA,NA,NA,NA,NA,NA,NA,NA,NA,NA,NA,NA,NA,NA,NA,NA,NA,NA,NA,NA,NA,NA,NA,NA,NA,NA,NA,NA,NA,NA,NA,NA,NA,NA,NA,NA,NA,NA,NA,NA,NA,NA,NA,NA,NA,NA,NA,NA,NA,NA,NA,NA,NA,NA,NA,NA,NA,NA,NA,NA,NA,NA,NA,NA,NA,NA,NA,NA,NA,NA,NA,NA,NA,NA,NA,NA,NA,NA,NA,NA,NA,NA,NA,NA,NA,NA,NA,NA
0.000937299535014453,0.461292111323072,0,0,0,0,0,0,0,0,0,0,0,0.00425666415898287,0,0,0,0,0,0,0,0,-0.00565737992377906,0,0,0,0,0,0,0.0763117281578332,0,0,0,0.000576504680431548,0,0,0,0.0425140383399391,0,0.00924105797432336,0,0,0,-0.0066557443708024,0,0,0,-0.0106805023046165,0,0,0,0,0,0,0,0,0,0.0238249965245462,0,-0.00298746837153073,0,0,0,0,0,0,0,0,0,0,0,0,0,0,0,0,0,0,0,0,-0.0153247287361683,0,0,0,0,0,0,0.0149025481587167,-0.0231715712407694,-0.0132170804474069,0,0,0,0,-0.0055247613831281,0,0,0,-0.0139876550867265,0,0,0,0,0,0,0,0,0,0,0,0,0,-0.00116916064084908,0,0,0,0,0,0,-0.00052487737489012,0,0,0,0,0,0,0.0331503698668735,-0.0029972962039783,0,0.00127327398242461,0,0,0,0,0,0,0,0,0,0,0,0,0,0.00874347166069834,0.00384541497530773,0,0,0,0,0,0,0.0129028673088272,0,0,0,0,0,0,0,0,0,0,0,0,0,0,0,0,0,0,0,0,0,0,0,0,0,0,0,0,0.0173389921750216,0.0265230086521236,0.00742490761337873,0,0,0,-0.00390936299642288
NA,NA,NA,NA,NA,NA,NA,NA,NA,NA,NA,NA,NA,NA,NA,NA,NA,NA,NA,NA,NA,NA,NA,NA,NA,NA,NA,NA,NA,NA,NA,NA,NA,NA,NA,NA,NA,NA,NA,NA,NA,NA,NA,NA,NA,NA,NA,NA,NA,NA,NA,NA,NA,NA,NA,NA,NA,NA,NA,NA,NA,NA,NA,NA,NA,NA,NA,NA,NA,NA,NA,NA,NA,NA,NA,NA,NA,NA,NA,NA,NA,NA,NA,NA,NA,NA,NA,NA,NA,NA,NA,NA,NA,NA,NA,NA,NA,NA,NA,NA,NA,NA,NA,NA,NA,NA,NA,NA,NA,NA,NA,NA,NA,NA,NA,NA,NA,NA,NA,NA,NA,NA,NA,NA,NA,NA,NA,NA,NA,NA,NA,NA,NA,NA,NA,NA,NA,NA,NA,NA,NA,NA,NA,NA,NA,NA,NA,NA,NA,NA,NA,NA,NA,NA,NA,NA,NA,NA,NA,NA,NA,NA,NA,NA,NA,NA,NA,NA,NA,NA,NA,NA,NA,NA,NA,NA,NA,NA,NA,NA,NA,NA,NA,NA,NA,NA,NA
0.00363998332380503,0.390368531065715,0,0,0,0,0,0,0,0,0,0,0,0.018310748299852,0,0,0,0,0,0,0,0,-0.0149641742408462,0,0,0,0,0.0130019882225106,0,0.0499480473821577,-0.00722274122607345,0,0.000718119846672547,0,0,0.0347377629278868,0,0.0519084852532714,0,0.00633873114083197,-0.01524771607512,0,0,-0.0054916955593683,0,0,0,-0.0049490162310208,0,0,0,0,0,0,0,0,0,0.0228788635052723,0,-0.00973149015277746,0,0,0,0,-0.00118880891584386,0,0,0,0,0,0,0,0,0,0,0,0,0,0,0,-0.0197123162661867,0,0,0,0,0,0,0.0296468363605884,-0.0319852680108603,-0.0213542184794837,0,0,0,0,-0.00262326387835859,0,0,0,-0.0238623832265155,0,0,0,0,0,0,0,0,0,0,0,0,0,-0.00982872505239396,0,0,0.000580912984229726,0,0,-0.015392816399446,-0.0154757675736018,0,0,0,0,0,0,0.0436363971050208,-0.00516036194903986,0,0.00531835533633056,-0.00200473200440324,-0.00452767081837037,0,0,0,0,0,0,0,0,0,0,0,0.0116775512627481,0.00141784091817459,0,0,0,0,0,0,0,0,0,0,0,0.00895852638027074,0,0,0,0,0,0,0,0,0,0,0,0,0,0,0,0,0,0,0,0,0,0,0,0,0.0674237905812532,0.0543443669925273,0,0,0,-0.0113248784203095
0.00238476870414618,0.329551654690115,0,0,0,-0.00143827161953739,0,0,0,0,0,0,0,0.0113776506673667,0,0,0,0,0,0,0,0,-0.00833411192351449,0,0,0,0,0.00915305189351459,0,0.0244979790824169,0,0,0,0,0,0.0630799995262764,0,0.0635587576522111,0,0.019370077952163,-0.0145245677053105,0,0,-0.0113987021499931,0,0,0,-0.00251767293988136,0,0,0,0,0,0,0,0,0,0.0278077154698506,0,-0.00485205834048667,0,0,0,0,-0.00336756094004982,0,0,0,0,0,0,0,0,0,0,0,0,0,0,0,0,0,0,0,0,-0.00179221762178465,0,0.0290280962863263,-0.0314450324712065,-0.019139344604767,0,0,0,0,-0.0010631550438909,0,0,0,-0.0262997084565414,0,0,0,0,0,0,0,0,0,0,0,0,0,-0.0124044892106466,0,0,0,0,0,-0.00422236916993641,-0.0191685786543905,0,0,0,0,0,0,0.0453122017045449,-0.00512072869265551,0,0.0283181122025163,-0.00284568428510642,-0.00429113336200505,0,0,0,0,0,0,0,0,0,0,0,0.00227349837483903,0,0,0,0,0,0,0,0,0,0,0,0,0,0,0,0,0,0,0,0,0,0,0,0,0,0,0,0,0,0,0,0,0,0,0,0,0,0.0621142564839104,0.0778631185553008,0,0,0,-0.00518191634254404
NA,NA,NA,NA,NA,NA,NA,NA,NA,NA,NA,NA,NA,NA,NA,NA,NA,NA,NA,NA,NA,NA,NA,NA,NA,NA,NA,NA,NA,NA,NA,NA,NA,NA,NA,NA,NA,NA,NA,NA,NA,NA,NA,NA,NA,NA,NA,NA,NA,NA,NA,NA,NA,NA,NA,NA,NA,NA,NA,NA,NA,NA,NA,NA,NA,NA,NA,NA,NA,NA,NA,NA,NA,NA,NA,NA,NA,NA,NA,NA,NA,NA,NA,NA,NA,NA,NA,NA,NA,NA,NA,NA,NA,NA,NA,NA,NA,NA,NA,NA,NA,NA,NA,NA,NA,NA,NA,NA,NA,NA,NA,NA,NA,NA,NA,NA,NA,NA,NA,NA,NA,NA,NA,NA,NA,NA,NA,NA,NA,NA,NA,NA,NA,NA,NA,NA,NA,NA,NA,NA,NA,NA,NA,NA,NA,NA,NA,NA,NA,NA,NA,NA,NA,NA,NA,NA,NA,NA,NA,NA,NA,NA,NA,NA,NA,NA,NA,NA,NA,NA,NA,NA,NA,NA,NA,NA,NA,NA,NA,NA,NA,NA,NA,NA,NA,NA,NA
NA,NA,NA,NA,NA,NA,NA,NA,NA,NA,NA,NA,NA,NA,NA,NA,NA,NA,NA,NA,NA,NA,NA,NA,NA,NA,NA,NA,NA,NA,NA,NA,NA,NA,NA,NA,NA,NA,NA,NA,NA,NA,NA,NA,NA,NA,NA,NA,NA,NA,NA,NA,NA,NA,NA,NA,NA,NA,NA,NA,NA,NA,NA,NA,NA,NA,NA,NA,NA,NA,NA,NA,NA,NA,NA,NA,NA,NA,NA,NA,NA,NA,NA,NA,NA,NA,NA,NA,NA,NA,NA,NA,NA,NA,NA,NA,NA,NA,NA,NA,NA,NA,NA,NA,NA,NA,NA,NA,NA,NA,NA,NA,NA,NA,NA,NA,NA,NA,NA,NA,NA,NA,NA,NA,NA,NA,NA,NA,NA,NA,NA,NA,NA,NA,NA,NA,NA,NA,NA,NA,NA,NA,NA,NA,NA,NA,NA,NA,NA,NA,NA,NA,NA,NA,NA,NA,NA,NA,NA,NA,NA,NA,NA,NA,NA,NA,NA,NA,NA,NA,NA,NA,NA,NA,NA,NA,NA,NA,NA,NA,NA,NA,NA,NA,NA,NA,NA
NA,NA,NA,NA,NA,NA,NA,NA,NA,NA,NA,NA,NA,NA,NA,NA,NA,NA,NA,NA,NA,NA,NA,NA,NA,NA,NA,NA,NA,NA,NA,NA,NA,NA,NA,NA,NA,NA,NA,NA,NA,NA,NA,NA,NA,NA,NA,NA,NA,NA,NA,NA,NA,NA,NA,NA,NA,NA,NA,NA,NA,NA,NA,NA,NA,NA,NA,NA,NA,NA,NA,NA,NA,NA,NA,NA,NA,NA,NA,NA,NA,NA,NA,NA,NA,NA,NA,NA,NA,NA,NA,NA,NA,NA,NA,NA,NA,NA,NA,NA,NA,NA,NA,NA,NA,NA,NA,NA,NA,NA,NA,NA,NA,NA,NA,NA,NA,NA,NA,NA,NA,NA,NA,NA,NA,NA,NA,NA,NA,NA,NA,NA,NA,NA,NA,NA,NA,NA,NA,NA,NA,NA,NA,NA,NA,NA,NA,NA,NA,NA,NA,NA,NA,NA,NA,NA,NA,NA,NA,NA,NA,NA,NA,NA,NA,NA,NA,NA,NA,NA,NA,NA,NA,NA,NA,NA,NA,NA,NA,NA,NA,NA,NA,NA,NA,NA,NA
NA,NA,NA,NA,NA,NA,NA,NA,NA,NA,NA,NA,NA,NA,NA,NA,NA,NA,NA,NA,NA,NA,NA,NA,NA,NA,NA,NA,NA,NA,NA,NA,NA,NA,NA,NA,NA,NA,NA,NA,NA,NA,NA,NA,NA,NA,NA,NA,NA,NA,NA,NA,NA,NA,NA,NA,NA,NA,NA,NA,NA,NA,NA,NA,NA,NA,NA,NA,NA,NA,NA,NA,NA,NA,NA,NA,NA,NA,NA,NA,NA,NA,NA,NA,NA,NA,NA,NA,NA,NA,NA,NA,NA,NA,NA,NA,NA,NA,NA,NA,NA,NA,NA,NA,NA,NA,NA,NA,NA,NA,NA,NA,NA,NA,NA,NA,NA,NA,NA,NA,NA,NA,NA,NA,NA,NA,NA,NA,NA,NA,NA,NA,NA,NA,NA,NA,NA,NA,NA,NA,NA,NA,NA,NA,NA,NA,NA,NA,NA,NA,NA,NA,NA,NA,NA,NA,NA,NA,NA,NA,NA,NA,NA,NA,NA,NA,NA,NA,NA,NA,NA,NA,NA,NA,NA,NA,NA,NA,NA,NA,NA,NA,NA,NA,NA,NA,NA
NA,NA,NA,NA,NA,NA,NA,NA,NA,NA,NA,NA,NA,NA,NA,NA,NA,NA,NA,NA,NA,NA,NA,NA,NA,NA,NA,NA,NA,NA,NA,NA,NA,NA,NA,NA,NA,NA,NA,NA,NA,NA,NA,NA,NA,NA,NA,NA,NA,NA,NA,NA,NA,NA,NA,NA,NA,NA,NA,NA,NA,NA,NA,NA,NA,NA,NA,NA,NA,NA,NA,NA,NA,NA,NA,NA,NA,NA,NA,NA,NA,NA,NA,NA,NA,NA,NA,NA,NA,NA,NA,NA,NA,NA,NA,NA,NA,NA,NA,NA,NA,NA,NA,NA,NA,NA,NA,NA,NA,NA,NA,NA,NA,NA,NA,NA,NA,NA,NA,NA,NA,NA,NA,NA,NA,NA,NA,NA,NA,NA,NA,NA,NA,NA,NA,NA,NA,NA,NA,NA,NA,NA,NA,NA,NA,NA,NA,NA,NA,NA,NA,NA,NA,NA,NA,NA,NA,NA,NA,NA,NA,NA,NA,NA,NA,NA,NA,NA,NA,NA,NA,NA,NA,NA,NA,NA,NA,NA,NA,NA,NA,NA,NA,NA,NA,NA,NA
0.00294736674552197,0.458708108122042,0,0,0,0,0,0,0,0,0,0,0,0,0,0,0,0,0,0,0,0,-0.0134886627079455,0,0,0,0,0.00392939518977815,0,0.0935313763948301,0,0,0,0,0,0,0,0.03268514563191,0,0.0113831373792256,0,0,0,-0.0131001418244102,0,0,0,-0.00788672327827601,0,0,0,0,0,0,0,0,0,0.020897232692319,0,-0.00534308567716068,0,0,0,0,0,0,0,0,0,0,0,0,0,0,0,0,0,0,0,0,-0.0179549227208047,0,0,0,0,0,0,0.00938711006449317,-0.0264597829120336,-0.0133696107497506,0,0,0,0,-0.00889633838812898,0,0,0,-0.0102036670053901,0,0,0,0,0,0,0,0,0,0,0,0,0,-0.00453929311979675,0,0,0,0,0,0,-0.003379414039547,0,0,0,0,0,0,0.0303992462724876,0,0,0,0,0,0,0,0,0,0,0,0,0,0,0,0,0.00678855606446716,0.00245726549602045,0,0,0,0,0,0,0.0260936579040284,0,0,0,0,0,0,0,0,0,0,0,0,0,0,0,0,0,0,0,0,0,0,0,0,0,0,0,0,0.0436643782360529,0.0464351286635578,0,0,0,0,-0.00340437004058358
0.00218796429685263,0.473821963528161,0,0,0,0,0,0,0,0,0,0,0,0,0,0,0,0,0,0,0,0,-0.00840093664275818,0,0,0,0,0.00726629719771902,0,0.0574848987564791,0,0,0,0.0063654849561732,0,0,0,0.0407142611384185,0,0.00727932259020526,-0.00246895325029151,0,0,-0.0124550406127354,0,0,0,-0.00643350785620183,0,0,0,0,0,0,0,0,0,0.018764082391796,0,-0.00437446365347508,0,0,0,0,0,0,0,0,0.00175741252370487,0,0,0,0,0,0,0,0,0,0,0,-0.014111133122112,0,0,0,0,0,0,0.0107355273633232,-0.0170285029872946,-0.0109088595398667,0,0,0,0,-0.00276123205896007,0,0,0,-0.0104098154239491,0,0,0,0,0,0,0,0,0,0,0,0,0,-0.00849578418989383,0,0,0.00109650725297663,0,0,0,-0.000439369096951599,0,0,0,0,0,0,0.0392442660828724,0,0,0,0,-0.00032272158350693,0,0,0,0,0,0,0,0,0,0,0,0.0121672401817054,0.0004945224318313,0,0,0,0,0,0,0.00937052818272784,0,0,0,0,0,0,0,0,0,0,0,0,0,0,0,0,0,0,0,0,0,0,0,0,0,0,0,0,0.000342742327261509,0.0273259435024899,0.00124183808524672,0,0,0,-0.000406362892595319
NA,NA,NA,NA,NA,NA,NA,NA,NA,NA,NA,NA,NA,NA,NA,NA,NA,NA,NA,NA,NA,NA,NA,NA,NA,NA,NA,NA,NA,NA,NA,NA,NA,NA,NA,NA,NA,NA,NA,NA,NA,NA,NA,NA,NA,NA,NA,NA,NA,NA,NA,NA,NA,NA,NA,NA,NA,NA,NA,NA,NA,NA,NA,NA,NA,NA,NA,NA,NA,NA,NA,NA,NA,NA,NA,NA,NA,NA,NA,NA,NA,NA,NA,NA,NA,NA,NA,NA,NA,NA,NA,NA,NA,NA,NA,NA,NA,NA,NA,NA,NA,NA,NA,NA,NA,NA,NA,NA,NA,NA,NA,NA,NA,NA,NA,NA,NA,NA,NA,NA,NA,NA,NA,NA,NA,NA,NA,NA,NA,NA,NA,NA,NA,NA,NA,NA,NA,NA,NA,NA,NA,NA,NA,NA,NA,NA,NA,NA,NA,NA,NA,NA,NA,NA,NA,NA,NA,NA,NA,NA,NA,NA,NA,NA,NA,NA,NA,NA,NA,NA,NA,NA,NA,NA,NA,NA,NA,NA,NA,NA,NA,NA,NA,NA,NA,NA,NA
-0.000527670404908231,0.476440540848504,0,0,0,0,0,0,0,0,0,0,0,0,0,0,0,0,0,0,0,0,-0.0144894138719546,0,0,0,0,0,0,0.0522774566273164,0,0,0,0.00459984362519559,0,0,0,0.0369229491614294,0,0.00321622385027252,-0.00106591344898774,0,0,-0.0200413616925271,0,0,0,-0.00228335771182556,0,0,0,0,0,0,0,0,-0.00387797748733276,0.0154474844241986,0,0,0,0,0,0,0,0,0,0,0,0,0,0,0,0,0,0,0,0,0,0,-0.0222107706504615,0,0,0,0,0,0,0.0152381494498251,-0.00893018610756853,-0.00484533856064152,0,0,0,0,-0.00419103996484783,0,0,0,-0.0085910114049909,0,0,0,0,0,0,0,0,0,0,0,0,0,-0.00758793118195756,0,0,0,0,0,0,0,0,0,0,0,0,0,0.0292823882840406,0,0,0,0,0,0,0,0,0,0.00164797925719507,0,0,0,0,0,0,0.00995539164719702,0.00184363392720562,0,0,0,0,0,0,0.0179176418178051,0,0,0,0,0,0,0,0,0,0,0,0,0,0,0,0,0,0,0,0,0,0,0,0,0,0,0,0,0.000591503538419487,0.0293471984560411,0,0,0,0,-0.0105792716465017
NA,NA,NA,NA,NA,NA,NA,NA,NA,NA,NA,NA,NA,NA,NA,NA,NA,NA,NA,NA,NA,NA,NA,NA,NA,NA,NA,NA,NA,NA,NA,NA,NA,NA,NA,NA,NA,NA,NA,NA,NA,NA,NA,NA,NA,NA,NA,NA,NA,NA,NA,NA,NA,NA,NA,NA,NA,NA,NA,NA,NA,NA,NA,NA,NA,NA,NA,NA,NA,NA,NA,NA,NA,NA,NA,NA,NA,NA,NA,NA,NA,NA,NA,NA,NA,NA,NA,NA,NA,NA,NA,NA,NA,NA,NA,NA,NA,NA,NA,NA,NA,NA,NA,NA,NA,NA,NA,NA,NA,NA,NA,NA,NA,NA,NA,NA,NA,NA,NA,NA,NA,NA,NA,NA,NA,NA,NA,NA,NA,NA,NA,NA,NA,NA,NA,NA,NA,NA,NA,NA,NA,NA,NA,NA,NA,NA,NA,NA,NA,NA,NA,NA,NA,NA,NA,NA,NA,NA,NA,NA,NA,NA,NA,NA,NA,NA,NA,NA,NA,NA,NA,NA,NA,NA,NA,NA,NA,NA,NA,NA,NA,NA,NA,NA,NA,NA,NA
0.00131987291392751,0.477157111339884,0,0,0,0,0,0,0,0,0,0,0,0,0,0,0,0,0,0,0,0,-0.017450952475042,0,0,0,0,0,0,0.0594933091094135,0,0,0,0,0,0,0,0.0378200049304348,0,0.00421089371953122,-0.00344204501534374,0,0,-0.0134831477645675,0,0,0,-0.00165300002373824,0,0,0,0,0,0,0,0,-0.00511984504642011,0.0169089859265386,0,0,0,0,0,0,0,0,0,0,0,0,0,0,0,0,0,0,0,0,0,0,-0.0244512896713808,0,0,0,0,0,0,0.0174863860265836,-0.0145713820219878,-0.0055793938395547,0,0,0,0,0,0,0,0,-0.0052711827226046,0,0,0,0,0,0,0,0,0,0,0,0,0,-0.00672841724475402,0,0,0,0,0,-0.00437830981019975,0,0,0,0,0,0,0,0.031100149215834,0,0,0,0,0,0,0,0,0,0.000613173308821048,0,0,0,0,0,0,0.0134349524205266,0.00388087213380586,0,0,0,0,0,0,0.0214960860963401,0,0,0,0,0,0,0,0,0,0,0,0,0,0,0,0,0,0,0,0,0,0,0,0,0,0,0,0,0.00111635057282156,0.0445675560360723,0,0,0,0,-0.0111665115822565
0.00226680802329609,0.419113979579697,0,0,0,0,0,0,0,0,0,0,0,0.00664730867969383,0,0,0,0,0,0,0,0,-0.0162691031753119,0,0,0,0,0,0,0.0628946376690183,0,0,0,0.00160497063423389,0,0.00459282240877941,0,0.0567231916320917,0,0.00533421917634113,-0.00797621471301739,0,0,-0.0027112678289547,0,0,0,-0.00709381980808634,0,0,0,0,0,0,0,0,0,0.017401373859021,0,-0.00655785321613783,0,0,0,0,0,0,0,0,0.00645238801832132,0,0,0,0,0,0,0,0,0,0,0,-0.0230479174529039,0,0,0,0,0,0,0.0252639418534594,-0.0223721432348376,-0.0093103546953601,0,0,0,0,-0.00151779471517753,0,0,0,-0.0136503165476291,0,0,0,0,0,0,0,0,0,0,0,0,0,-0.00788977812264674,0,0,0,0,0,-0.0102680228690949,-0.00451527384268783,0,0,0,0,0,0,0.043033330922577,-0.00220658452890822,0,0,0,-0.00264060321569144,0,0,0,0,0,0,0,0,0,0,0,0.0174979736608924,0,0,0,0,0,0,0,0.0113714642751689,0,0,0,0,0,0,0,0,0,0,0,0,0,0,-0.00171053046470418,0,0,0,0,0,0,0,0,0,0,0,0,0,0,0.0482273407235397,0.0202922504279595,0,0,0,-0.0104723989909354
0.00135407965898588,0.447750370997045,0,0,0,0,0,0,0,0,0,0,0,0,0,0,0,0,0,0,0,0,-0.0215378905811308,0,0,0,0,0,0,0.0585356612733501,0,0,0,0.00512596936240596,0,0,0,0.0482022505383106,0,0.00473915027387445,-0.00169584492112102,0,0,-0.0140098029154074,0,0,0,-0.00355322983684474,0,0,0,0,0,0,0,0,-0.000384432584759018,0.0158925582190336,0,0,0,0,0,0,0,0,0,0,0,0,0,0,0,0,0,0,0,0,0,0,-0.0245158632393596,0,0,0,0,0,0,0.0248040313873929,-0.0118660496735504,0,0,0,0,0,-0.00184786566199135,0,0,0,-0.0120250619972798,0,0,0,0,0,0,0,0,0,0,0,0,0,-0.0114888286030409,0,0,0,0,0,-0.0068384073675595,-0.000249551103232801,0,0,0,0,0,0,0.0350662974148178,-0.00166733578922798,0,0,-0.00133237133865408,-0.00244387663699745,0,0,0,0,0,0,0,0,0,0,0,0.0167017982630165,0.0026852623195324,0,0,0,0,0,0,0.0137443291804153,0,0,0,0,0,0,0,0,0,0,0,0,0,0,0,0,0,0,0,0,-0.000247514398238846,0,0,0,0,0,0,0,0,0.0433205884995185,0,0,0,0,-0.0163060612838788
0.0016275796174889,0.461032457377512,0,0,0,0,0,0,0,0,0,0,0,0,0,0,0,0,0,0,0,0,-0.0146128527558764,0,0,0,0,0,0,0.0589092298506431,0,0,0,0.0015496473923237,0,0,0,0.0414827065055103,0,0.00596061119601606,-0.00183457056395022,0,0,-0.00660717941285461,0,0,0,-0.00465123177363058,0,0,0,0,0,0,0,0,-0.0021141175686863,0.0177689352958905,0,-0.00798148919006882,0,0,0,0,0,0,0,0,0,0,0,0,0,0,0,0,0,0,0,0,-0.0229899422260278,0,0,0,0,0,0,0.016725454806503,-0.0180943245777942,-0.00730588091668765,0,0,0,0,-0.000978741062599886,0,0,0,-0.0121318283886804,0,0,0,0,0,0,0,0,0,0,0,0,0,-0.00938603344790274,0,0,0,0,0,-0.000349000089921404,0,0,0,0,0,0,0,0.036796805120287,0,0,0,0,0,0,0,0,0,0,0,0,0,0,0,0,0.0134183568370654,0.000538493726666157,0,0,0,0,0,0,0.0166928341198825,0,0,0,0,0,0,0,0,0,0,0,0,0,0,0,0,0,0,0,0,0,0,0,0,0,0,0,0,0.00232237374680561,0.0389748817299792,0,0,0,0,-0.00739521813196941
-0.00111883568812655,0.46897618739974,0,0,0,0,0,0,0,0,0,0,0,0,0,0,0,0,0,0,0,0,-0.00983014363127201,0,0,0,0,0,0,0.0511423031811614,0,0,0,0.00562461084681823,0,0,0,0.041121923742397,0,0.00563826142377578,0,0,0,-0.00615074443076914,0,0,0,-0.00144624787315159,0,0,0,0,0,0,0,0,-0.00803848992690333,0.0139658867807552,0,0,0,0,0,0,0,0,0,0,0,0,0,0,0,0,0,0,0,0,0,0,-0.0192870760232563,0,0,0,0,0,0,0.0177557465551159,-0.00761656560792229,-0.00490158489362316,0,0,0,0,-0.000694593320894732,0,0,0,-0.015792445663443,0,0,0,0,0,0,0,0,0,0,0,0,0,-0.00731211888011759,0,0,0,0,0,0,0,0,0,0,0,0,0,0.0306363927340956,0,0,0,0,0,0,0,0,0,0.00264569554691973,0,0,0,0,0,0,0.00976003880878325,0.00604352802635296,0,0,0,0,0,0,0.00852223146806907,0,0,0,0,0,0,0,0,0,0,0,0,0,0,0,0,0,0,0,0,0,0,0,0,0,0,0,0,0.000789828265792203,0.029485662700464,0,0,0,0,-0.00244987460237652
-0.000163923498977963,0.426636802607011,0,0,0,0,0,0,0,0,0,0,0,0,0,0,0,0,0,0,0,0,-0.014540102636248,0,0,0,0,0,0,0.0546400928547193,0,0,0,0.00155888657582122,0,0.00322708401854201,0,0.0487910831483931,0,0.00508485168253884,-0.00417413823838746,0,0,-0.00497615134319139,0,0,0,-0.00296415998759075,0,0,0,0,0,0,0,0,0,0.0169331464756292,0,-0.00467720618308316,0,0,0,0,0,0,0,0,0.000843641068978886,0,0,0,0,0,0,0,0,0,0,0,-0.0138814680122256,0,0,0,0,0,0,0.0158139651215861,-0.0270464793421791,-0.0154919918232518,0,0,0,0,-0.00284536085097372,0,0,0,-0.0161448728390608,0,0,0,0,0,0,0,0,0,0,0,0,0,-0.00880850603096977,0,0,0,0,0,-0.00671057077971714,0,0,0,0,0,0,0,0.041795167801619,0,0,0,0,-0.0023337879025546,0,0,0,0,0,0,0,0,0,0,0,0.0104950949655203,0,0,0,0,0,0,0,0.00883900179036874,0,0,0,0,0,0,0,0,0,0,0,0,0,0,0,0,0,0,0,0,0,0,0,0,0,0,0,0,0,0.0431453730454507,0.0157600078231587,0,0,0,-0.0123264465582177
0.00125588112763024,0.399039620154535,0,0,0,0,0,0,0,0,0,0,0,0.00510018343386772,0,0,0,0,0,0,0,0,-0.0217670221206532,0,0,0,0,0,0,0.0545887552609447,0,0,0,0.000643466592840027,0,0.0149095394060047,0,0.0550495644958278,0,0.00955829731933008,-0.00452475169221177,0,0,-0.00168891938024149,0,0,0,-0.000951101114700773,0,0,0,0,0,0,0,0,-0.00237263498730579,0.0194294708979675,0,-0.0064268621471757,0,0,0,0,0,0,0,0,0.00732049722837564,0,0,0,0,0,0,0,0,0,0,0,-0.0143596519978778,0,0,0,0,0,0,0.0278508589810012,-0.0239372304412049,-0.00920423060987936,0,0,0,0,-0.00103589081045097,0,0,0,-0.0142564315688897,0,0,0,0,0,0,0,0,0,0,0,0,0,-0.00901305610761378,0,0,0,0,0,-0.00572415874141277,-0.00858702827306603,0,0,0,0,0,0,0.0477575745287832,0,0,0,0,-0.00239619092432302,0,0,0,0,0,0,0,0,0,0,0,0.0169286374477265,0,0,0,0,0,0,0,0.00618245403524375,0,0,0,0,0,0,0,0,0,0,0,0,0,0,0,0,0,0,0,0,0,0,0,0,0,0,0,0,0,0.0563372540687049,0.0308219265792974,0,0,0,-0.0135636833989348
0.00428067938228071,0.38228174942198,0,0,0,0,0,0,0,0,0,0,0,0.0197960710379316,0,0,0,0,0,0,0,0,-0.016051900883402,0,0,0,0,0,0,0.0573951184938733,0,0.00392885400713942,0,0,0,0.0119872300972728,0,0.0633748859767823,0,0.00826418617807064,-0.0104618386665131,0,0,0,0,0,0,0,0,0,0,0,0,0,0,0,0,0.0190085661396303,0,-0.0132134888956914,0,0,0,0,0,0,0,0,0.0212315225321316,0,0,0,0,0,0,0,0,0,0,0,-0.020158501543502,0,0,0,0,0,0,0.038599142508184,-0.0388559054428612,-0.017118591408274,0,0,0,0,0,0,0,0,-0.0133898279469009,0,0,0,0,0,0,0,0,0,0,0,0,0,-0.0062979061009426,0,0,0,0,0,-0.0202243145710607,-0.0183212864673802,0,0,0,0,0,0,0.0484377185638052,-0.0126277449943016,0,0.0028871739705021,0,-0.00721976715017706,0,0,0,0,0.00411059647316248,0,0,0,0,0,0,0.0138009572320572,0,0,0,0,0,0,0,0.000175200050139835,0,0,0,0,0.00678720407591291,0,0,0,0.00415954146090318,0,0,0,-0.00131747737634151,0,0,0,0,0,0,0,0,0,0,0,0,0,0,0,0,0.0764544904367904,0.0520194274904324,0,0,0,-0.0141554558325439
0.00343720574154763,0.42880414974241,0,0,0,0,0,0,0,0,0,0,0,0.0112514933837441,0,0,0,0,0,0,0,0,-0.013806802592501,0,0,0,0,0.00249601331609285,0,0.0698926045928622,0,0.00616632746726337,0,0,0,0,0,0.0501972598597745,0,0.00877139973110189,-0.00942852459718707,0,0,-0.00451158811521219,0,0,0,-0.00677674710483613,0,0,0,0,0,0,0,0,0,0.0242424641360433,0,-0.00978452830220158,0,0,0,0,0,0,0,0,0.0161378150492816,0,0,0,0,0,0,0,0,0,0,0,-0.0121029458158753,0,0,0,0,0,0,0.0266970036438555,-0.0288882920148225,-0.0184394129576941,0,0,0,0,-0.00586541318058537,0,0,0,-0.00976871455737641,0,0,0,0,0,0,0,0,0,0,0,0,0,-0.00716378604688323,0,0,0,0,0,-0.00697113580008198,-0.00738685839919125,0,0,0,0,0,0,0.0385281548114233,-0.00114802238668778,0,0,0,-0.000900262111584743,0,0,-0.00566889240992567,0,0,0,0,0,0,0,0,0.0146384333007275,0,0,0,0,0,0,0,0.00092583852849363,0,0,0,0,0.00551803610993065,0,0,0,0,0,0,0,0,0,0,0,0,0,0,0,0,0,0,0,0,0,0,0,0.00415838093424691,0.0570521014234956,0.0329698554209176,0,0,0,-0.00599904510391039
0.000553375540863058,0.426986562434865,0,0,0,0,0,0,0,0,0,0,0,0,0,0,0,0,0,0,0,0,-0.0101024031304428,0,0,0,0,0.00178675379319605,0,0.0531865071741186,0,0,0,0,0,0.0165025092456454,0,0.0509994271377506,0,0.011814584830454,-0.00212771121736913,0,0,-0.00756659447241386,0,0,0,-0.00431961655810035,0,0,0,0,0,0,0,0,0,0.0212139625870514,0,-0.00469096440651968,0,0,0,0,0,0,0,0,0.000827414248567646,0,0,0,0,0,0,0,0,0,0,0,-0.0107321275636747,0,0,0,0,0,0,0.0170668768761033,-0.0231232286058087,-0.0135882160542142,0,0,0,0,-0.00775964278944241,0,0,0,-0.0154827244280126,0,0,0,0,0,0,0,0,0,0,0,0,0,-0.0085017782725603,0,0,0,0,0,0,-0.00602722915423021,0,0,0,0,0,0,0.0391944877354729,0,0,0.00434859432972229,0,0,0,0,0,0,0,0,0,0,0,0,0,0.0104969152303082,0,0,0,0,0,0,0,0,0,0,0,0,0,0,0,0,0,0,0,0,0,0,0,0,0,0,0,0,0,0,0,0,0,0,0,0,0,0.0329730386188157,0.0426962617085366,0,0,0,-0.00147773102863497
0.00223217933029243,0.408473897217644,0,0,0,0,0,0,0,0,0,0,0,0.00861956473895154,0,0,0,0,0,0,0,0,-0.0174869650095411,0,0,0,0,0,0,0.0512422135192021,0,0.000691489195502554,0,0,0,0.0131428175537766,0,0.0501247171378913,0,0.012084446305843,-0.00569029253001842,0,0,-0.00067768400785364,0,0,0,0,0,0,0,0,0,0,0,0,0,0.0198355230951176,0,-0.00895566910708486,0,0,0,0,0,0,0,0,0.00505968566646603,0,0,0,0,0,0,0,0,0,0,0,-0.0157097853206896,0,0,0,0,0,0,0.0276750384047555,-0.0227963855754304,-0.00608083238722715,0,0,0,0,0,0,0,0,-0.0103466909447182,0,0,0,0,0,0,0,0,0,0,0,0,0,-0.0115442962358735,0,0,0,0,0,-0.00856793288184626,-0.0125347136596578,0,0,0,0,0,0,0.0446708572638959,-0.000540513767330633,0,0,-0.00184488348557258,-0.00655178779975852,0,0,0,0,0.000786371114545248,0,0,0,0,0,0,0.0188177485419129,0,0,0,0,0,0,0,0,0,0,0,0,0,0,0,0,0,0,0,0,0,0,0,0,0,0,0,0,0,0,0,0,0,0,0,0,0,0.0570077927931091,0.0362665831501651,0,0,0,-0.0128601238921545
NA,NA,NA,NA,NA,NA,NA,NA,NA,NA,NA,NA,NA,NA,NA,NA,NA,NA,NA,NA,NA,NA,NA,NA,NA,NA,NA,NA,NA,NA,NA,NA,NA,NA,NA,NA,NA,NA,NA,NA,NA,NA,NA,NA,NA,NA,NA,NA,NA,NA,NA,NA,NA,NA,NA,NA,NA,NA,NA,NA,NA,NA,NA,NA,NA,NA,NA,NA,NA,NA,NA,NA,NA,NA,NA,NA,NA,NA,NA,NA,NA,NA,NA,NA,NA,NA,NA,NA,NA,NA,NA,NA,NA,NA,NA,NA,NA,NA,NA,NA,NA,NA,NA,NA,NA,NA,NA,NA,NA,NA,NA,NA,NA,NA,NA,NA,NA,NA,NA,NA,NA,NA,NA,NA,NA,NA,NA,NA,NA,NA,NA,NA,NA,NA,NA,NA,NA,NA,NA,NA,NA,NA,NA,NA,NA,NA,NA,NA,NA,NA,NA,NA,NA,NA,NA,NA,NA,NA,NA,NA,NA,NA,NA,NA,NA,NA,NA,NA,NA,NA,NA,NA,NA,NA,NA,NA,NA,NA,NA,NA,NA,NA,NA,NA,NA,NA,NA
0.0009577588838077,0.454821394997944,0,0,0,0,0,0,0,0,0,0,0,0,0,0,0,0,0,0,0,0,-0.0174103125122067,0,0,0,0,0.0025513293084569,0,0.0617894548834224,0,0,0,0,0,0.0122370204146125,0,0.0329438381789132,0,0.00813213502290426,-0.00171950299196912,0,0,-0.0140168811319553,0,0,0,-0.00137805597826866,0,0,0,0,0,0,0,0,-0.00291002441753697,0.0162820048555884,0,-0.00336205876443561,0,0,0,0,0,0,0,0,0,0,0,0,0,0,0,0,0,0,0,0,-0.00935630861040805,0,0,0,0,0,0,0.00842599891175673,-0.0190246568563389,-0.0110268739894937,0,0,0,0,-0.00280404490255074,0,0,0,-0.0136695507536977,0,0,0,0,0,0,0,0,0,0,0,0,0,-0.00851612986880785,0,0,0,0,0,0,-0.00305911995452913,0,0,0,0,0,0,0.0368543873842102,0,0,0,0,-0.00181246476933431,0,0,0,0,0.00158921990826345,0,0,0,0,0,0,0.00408644549081374,0,0,0,0,0,0,0,0.00515526050066509,0,0,0,0,0,0,0,0,0,0,0,0,0,0,0,0,0,0,0,0,0,0,0,0,0,0,0,0,0.0115097218210408,0.0401414960120291,0.0175329845888905,0,0,0,-0.0074679112036502
NA,NA,NA,NA,NA,NA,NA,NA,NA,NA,NA,NA,NA,NA,NA,NA,NA,NA,NA,NA,NA,NA,NA,NA,NA,NA,NA,NA,NA,NA,NA,NA,NA,NA,NA,NA,NA,NA,NA,NA,NA,NA,NA,NA,NA,NA,NA,NA,NA,NA,NA,NA,NA,NA,NA,NA,NA,NA,NA,NA,NA,NA,NA,NA,NA,NA,NA,NA,NA,NA,NA,NA,NA,NA,NA,NA,NA,NA,NA,NA,NA,NA,NA,NA,NA,NA,NA,NA,NA,NA,NA,NA,NA,NA,NA,NA,NA,NA,NA,NA,NA,NA,NA,NA,NA,NA,NA,NA,NA,NA,NA,NA,NA,NA,NA,NA,NA,NA,NA,NA,NA,NA,NA,NA,NA,NA,NA,NA,NA,NA,NA,NA,NA,NA,NA,NA,NA,NA,NA,NA,NA,NA,NA,NA,NA,NA,NA,NA,NA,NA,NA,NA,NA,NA,NA,NA,NA,NA,NA,NA,NA,NA,NA,NA,NA,NA,NA,NA,NA,NA,NA,NA,NA,NA,NA,NA,NA,NA,NA,NA,NA,NA,NA,NA,NA,NA,NA
0.000717926776257701,0.473839383298969,0,0,0,0,0,0,0,0,0,0,0,0,0,0,0,0,0,0,0,0,-0.0247890692014705,0,0,0,0,0,0,0.0500623969680222,0,0,0,0.000831008796637466,0,0,0,0.027220326520125,0,0.00495205987613409,-0.00542772719449952,0,0,-0.0201281376037391,0,0,0,0,0,0,0,0,0,0,0,0,-0.00752694691703043,0.0141436879131918,0,-0.00243574386229246,0,0,0,0,0,0,0,0,0,0,0,0,0,0,0,0,0,0,0,0,-0.0178264697077848,0,0,0,0,0,0,0.0115573178477829,-0.0143182182520982,-0.00757342466755121,0,0,0,0,0,0,0,0,-0.00560668854571207,0,0,0,0,0,0,0,0,0,0,0,0,0,-0.00701334546337905,0,0,0,0,0,-0.00191027100275106,0,0,0,0,0,0,0,0.0319007827181539,0,0,0,0,-0.00231018446190084,0,0,0,0,0.00805485978192593,0,0,0,0,0,0,0.0105322282265262,0,0,0,0,0,0,0,0.0136330801250131,0,0,0,0,0,0,0,0,0,0,0,0,0,0,0,0,0,0,0,0,0,0,0,0,0,0,0,0,0.00222103894192321,0.0427119548898202,0,0,0,0,-0.0180434943864042
NA,NA,NA,NA,NA,NA,NA,NA,NA,NA,NA,NA,NA,NA,NA,NA,NA,NA,NA,NA,NA,NA,NA,NA,NA,NA,NA,NA,NA,NA,NA,NA,NA,NA,NA,NA,NA,NA,NA,NA,NA,NA,NA,NA,NA,NA,NA,NA,NA,NA,NA,NA,NA,NA,NA,NA,NA,NA,NA,NA,NA,NA,NA,NA,NA,NA,NA,NA,NA,NA,NA,NA,NA,NA,NA,NA,NA,NA,NA,NA,NA,NA,NA,NA,NA,NA,NA,NA,NA,NA,NA,NA,NA,NA,NA,NA,NA,NA,NA,NA,NA,NA,NA,NA,NA,NA,NA,NA,NA,NA,NA,NA,NA,NA,NA,NA,NA,NA,NA,NA,NA,NA,NA,NA,NA,NA,NA,NA,NA,NA,NA,NA,NA,NA,NA,NA,NA,NA,NA,NA,NA,NA,NA,NA,NA,NA,NA,NA,NA,NA,NA,NA,NA,NA,NA,NA,NA,NA,NA,NA,NA,NA,NA,NA,NA,NA,NA,NA,NA,NA,NA,NA,NA,NA,NA,NA,NA,NA,NA,NA,NA,NA,NA,NA,NA,NA,NA
-0.000845774504425767,0.471117476135427,0,0,0,0,0,0,0,0,0,0,0,0,0,0,0,0,0,0,0,0,-0.0267213612269358,0,0,0,0,0,0,0.0510034090452599,0,0,0,0,0,0.00209157555695009,0,0.0316881540415234,0,0.00203237375003405,-0.00364442997152647,0,0,-0.00652411167157753,0,0,0,0,0,0,0,0,0,0,0,0,-0.00597187940018582,0.014547993815317,0,-0.00402814183359021,0,0,0,0,0,0,0,0,0,0,0,0,0,0,0,0,0,0,0,0,-0.0172960671142134,0,0,0,0,0,0,0.0144511772521178,-0.0094817664247953,-0.00575155451053768,0,0,0,0,-0.00528667487404545,0,0,0,-0.00324429921491829,0,0,0,0,0,0,0,0,0,0,0,0,0,-0.00704541738835037,0,0,0,0,0,0,0,0,0,0,0,0,0,0.0354884836157188,0,0,0,0,0,0,0,0,0,0.00806842191483359,0,0,0,0,0,0,0.00574387990911212,0,0,0,0,0,0,0,0.00882995415394536,0,0,0,0,0,0,0,0,0,0,0,0,0,0,0,0,0,0,0,0,-0.00293597924834389,0,0,0,0,0,0,0,0,0.034716939491162,0,0,0,0,-0.00894762293877916
NA,NA,NA,NA,NA,NA,NA,NA,NA,NA,NA,NA,NA,NA,NA,NA,NA,NA,NA,NA,NA,NA,NA,NA,NA,NA,NA,NA,NA,NA,NA,NA,NA,NA,NA,NA,NA,NA,NA,NA,NA,NA,NA,NA,NA,NA,NA,NA,NA,NA,NA,NA,NA,NA,NA,NA,NA,NA,NA,NA,NA,NA,NA,NA,NA,NA,NA,NA,NA,NA,NA,NA,NA,NA,NA,NA,NA,NA,NA,NA,NA,NA,NA,NA,NA,NA,NA,NA,NA,NA,NA,NA,NA,NA,NA,NA,NA,NA,NA,NA,NA,NA,NA,NA,NA,NA,NA,NA,NA,NA,NA,NA,NA,NA,NA,NA,NA,NA,NA,NA,NA,NA,NA,NA,NA,NA,NA,NA,NA,NA,NA,NA,NA,NA,NA,NA,NA,NA,NA,NA,NA,NA,NA,NA,NA,NA,NA,NA,NA,NA,NA,NA,NA,NA,NA,NA,NA,NA,NA,NA,NA,NA,NA,NA,NA,NA,NA,NA,NA,NA,NA,NA,NA,NA,NA,NA,NA,NA,NA,NA,NA,NA,NA,NA,NA,NA,NA
0.000730396887870972,0.368145171889898,0,0,0,0,0,0,0,0,0,0,0,0.0000177131287673824,0,0,0,0,0,0,0,0,-0.0260495153704903,0,0,0,0,0,0,0.0380229287705795,0,0,0.000618596532711008,0.000928130647977388,0,0.0294961441440292,0,0.0478371368596023,0,0.0142359876989636,-0.00649261246741169,0,0,-0.0132072101345927,0,0,0,0,0,0,0,0,0,0,0,0,-0.00418015817889103,0.0181082068189845,0,-0.0080156293121961,0,0,0,0,0,0,0,0,0.0128889294040633,0,0,0,0,0,0,0,0,0,0,0,-0.0170941043659645,0,0,0,0,0,0,0.0297422469944375,-0.0263658865928034,-0.00803770672840028,0,0,0,0,0,0,0,0,-0.00657158038767901,0,0,0,0,0,0,0,0,0,0,0,0,0,-0.0106428670524958,0,0,0,0,0,-0.00243992842939996,-0.00801889873379887,0,0,0,0,0,0,0.0561624734510645,0,0,0,0,-0.00419933624375982,0,-0.000231106390684618,0,0,0.00453305516377328,0,0,0,0,0,0,0.0153537047357782,0,0,0,0,0,0,0,0,0,0,0.00359241692872607,0,0,0,0,0,0,0,0,0,0,0,0,0,0,0,0,0,0,0,0,0,0,0,0,0,0,0.0529273666949552,0.0384457932492508,0,0,0,-0.014231262413709
-0.00108715145722582,0.452147313171236,0,0,0,0,0,0,0,0,0,0,0,0,0,0,0,0,0,0,0,0,-0.028984235681153,0,0,0,0,0,0,0.0450584338025874,0,0,0,0.00650294643786262,0,0.0172733410354401,0,0.0229517696613069,0,0.00798280433443683,-0.00438050711047572,0,0,-0.0190213277511457,0,0,0,0,0,0,0,0,0,0,0,0,-0.00473462599593942,0.0115653146097451,0,-0.00264928631654675,0,0,0,0,0,0,0,0,0,0,0,0,0,0,0,0,0,0,0,0,-0.0162040294869241,0,0,0,0,0,0,0.0149521461549749,-0.012555796937308,-0.00850778288945167,0,0,0,0,0,0,0,0,-0.00640900313235665,0,0,0,0,0,0,0,0,0,0,0,0,0,-0.00525614463190497,0,0,0,0,0,0,0,0,0,0,0,0,0,0.0379810755825319,0,0,0,0,-0.00720051828452784,0,0,0,0,0.0125157990171831,0,0,0,0,0,0,0.00515183813867633,0,0,0,0,0,0,0,0.00375000135219867,0,0,0,0,0,0,0,0,0,0,0,0,0,0,0,0,0,0,0,0,0,0,0,0,0,0,0,0,0,0.0441220051994799,0,0,0,0,-0.017391530684195
-0.0000573838424726171,0.459790592207392,0,0,0,0,0,0,0,0,0,0,0,0,0,0,0,0,0,0,0,0,-0.0288623842943615,0,0,0,0,0,0,0.0458645035709943,0,0,0,0.00542472447936492,0,0.0199289352383031,0,0.0242755889865767,0,0.00891867088801942,-0.00654498045774572,0,0,-0.0153500547753668,0,0,0,0,0,0,0,0,0,0,0,0,-0.00601322853495627,0.0120059295487846,0,-0.00496839169908326,0,0,0,0,0,0,0,0,0,0,0,0,0,0,0,0,0,0,0,0,-0.0120546781200239,0,0,0,0,0,0,0.0185529415900292,-0.0122618764170218,-0.00628085995256278,0,0,0,0,0,0,0,0,-0.00392981281750155,0,0,0,0,0,0,0,0,0,0,0,0,0,-0.0103622533416391,0,0,0,0,0,0,0,0,0,0,0,0,0,0.0398483546331896,0,0,0,0,-0.00375005751487255,0,-0.00161956325240824,0,0,0.00578535936143443,0,0,0,0,0,0,0.00603556022826475,0,0,0,0,0,0,0,0,0,0,0.00940677291156089,0,0,0,0,0,0,0,0,0,0,0,0,0,0,0,0,0,0,0,0,0,0,0,0,0,0,0.0404751927502528,0,0,0,0,-0.0185085822640542
NA,NA,NA,NA,NA,NA,NA,NA,NA,NA,NA,NA,NA,NA,NA,NA,NA,NA,NA,NA,NA,NA,NA,NA,NA,NA,NA,NA,NA,NA,NA,NA,NA,NA,NA,NA,NA,NA,NA,NA,NA,NA,NA,NA,NA,NA,NA,NA,NA,NA,NA,NA,NA,NA,NA,NA,NA,NA,NA,NA,NA,NA,NA,NA,NA,NA,NA,NA,NA,NA,NA,NA,NA,NA,NA,NA,NA,NA,NA,NA,NA,NA,NA,NA,NA,NA,NA,NA,NA,NA,NA,NA,NA,NA,NA,NA,NA,NA,NA,NA,NA,NA,NA,NA,NA,NA,NA,NA,NA,NA,NA,NA,NA,NA,NA,NA,NA,NA,NA,NA,NA,NA,NA,NA,NA,NA,NA,NA,NA,NA,NA,NA,NA,NA,NA,NA,NA,NA,NA,NA,NA,NA,NA,NA,NA,NA,NA,NA,NA,NA,NA,NA,NA,NA,NA,NA,NA,NA,NA,NA,NA,NA,NA,NA,NA,NA,NA,NA,NA,NA,NA,NA,NA,NA,NA,NA,NA,NA,NA,NA,NA,NA,NA,NA,NA,NA,NA
NA,NA,NA,NA,NA,NA,NA,NA,NA,NA,NA,NA,NA,NA,NA,NA,NA,NA,NA,NA,NA,NA,NA,NA,NA,NA,NA,NA,NA,NA,NA,NA,NA,NA,NA,NA,NA,NA,NA,NA,NA,NA,NA,NA,NA,NA,NA,NA,NA,NA,NA,NA,NA,NA,NA,NA,NA,NA,NA,NA,NA,NA,NA,NA,NA,NA,NA,NA,NA,NA,NA,NA,NA,NA,NA,NA,NA,NA,NA,NA,NA,NA,NA,NA,NA,NA,NA,NA,NA,NA,NA,NA,NA,NA,NA,NA,NA,NA,NA,NA,NA,NA,NA,NA,NA,NA,NA,NA,NA,NA,NA,NA,NA,NA,NA,NA,NA,NA,NA,NA,NA,NA,NA,NA,NA,NA,NA,NA,NA,NA,NA,NA,NA,NA,NA,NA,NA,NA,NA,NA,NA,NA,NA,NA,NA,NA,NA,NA,NA,NA,NA,NA,NA,NA,NA,NA,NA,NA,NA,NA,NA,NA,NA,NA,NA,NA,NA,NA,NA,NA,NA,NA,NA,NA,NA,NA,NA,NA,NA,NA,NA,NA,NA,NA,NA,NA,NA
NA,NA,NA,NA,NA,NA,NA,NA,NA,NA,NA,NA,NA,NA,NA,NA,NA,NA,NA,NA,NA,NA,NA,NA,NA,NA,NA,NA,NA,NA,NA,NA,NA,NA,NA,NA,NA,NA,NA,NA,NA,NA,NA,NA,NA,NA,NA,NA,NA,NA,NA,NA,NA,NA,NA,NA,NA,NA,NA,NA,NA,NA,NA,NA,NA,NA,NA,NA,NA,NA,NA,NA,NA,NA,NA,NA,NA,NA,NA,NA,NA,NA,NA,NA,NA,NA,NA,NA,NA,NA,NA,NA,NA,NA,NA,NA,NA,NA,NA,NA,NA,NA,NA,NA,NA,NA,NA,NA,NA,NA,NA,NA,NA,NA,NA,NA,NA,NA,NA,NA,NA,NA,NA,NA,NA,NA,NA,NA,NA,NA,NA,NA,NA,NA,NA,NA,NA,NA,NA,NA,NA,NA,NA,NA,NA,NA,NA,NA,NA,NA,NA,NA,NA,NA,NA,NA,NA,NA,NA,NA,NA,NA,NA,NA,NA,NA,NA,NA,NA,NA,NA,NA,NA,NA,NA,NA,NA,NA,NA,NA,NA,NA,NA,NA,NA,NA,NA
NA,NA,NA,NA,NA,NA,NA,NA,NA,NA,NA,NA,NA,NA,NA,NA,NA,NA,NA,NA,NA,NA,NA,NA,NA,NA,NA,NA,NA,NA,NA,NA,NA,NA,NA,NA,NA,NA,NA,NA,NA,NA,NA,NA,NA,NA,NA,NA,NA,NA,NA,NA,NA,NA,NA,NA,NA,NA,NA,NA,NA,NA,NA,NA,NA,NA,NA,NA,NA,NA,NA,NA,NA,NA,NA,NA,NA,NA,NA,NA,NA,NA,NA,NA,NA,NA,NA,NA,NA,NA,NA,NA,NA,NA,NA,NA,NA,NA,NA,NA,NA,NA,NA,NA,NA,NA,NA,NA,NA,NA,NA,NA,NA,NA,NA,NA,NA,NA,NA,NA,NA,NA,NA,NA,NA,NA,NA,NA,NA,NA,NA,NA,NA,NA,NA,NA,NA,NA,NA,NA,NA,NA,NA,NA,NA,NA,NA,NA,NA,NA,NA,NA,NA,NA,NA,NA,NA,NA,NA,NA,NA,NA,NA,NA,NA,NA,NA,NA,NA,NA,NA,NA,NA,NA,NA,NA,NA,NA,NA,NA,NA,NA,NA,NA,NA,NA,NA
-0.00177258821605444,0.480357304798541,0,0,0,0,0,0,0,0,0,0,0,0,0.00426680620722348,0,0,0,0,0,0,0,-0.0369833753381752,0,0,0,0,0,0,0.0410925089497547,0,0,0,0,0,0.0213429343589526,0,0.0135137666541174,0,0.00735544554421912,-0.00629533446261219,0,0,-0.0131848831654222,0,0,0,0,0,0,0,0,0,0,0,0,-0.00518951227948898,0.00978392431139355,0,0,0,0,0,0,0,0,0,0,0,0,0,0,0,0,0,0,0,0,0,0,-0.0163024077722213,0,0,0,0,0,0,0.0167814670246066,-0.00555611618712046,-0.00136997828339386,0,0,0,0,0,0,0,0,-0.00768294423397886,0,0,0,0,0,0,0,0,0,0,0,0,0,-0.00740137071389377,0,0,0,0,0,0,0,0,0,0,0,0,0,0.025905038513624,0,0,0,0,-0.00560297216919484,0,-0.00391256953354137,0,0,0.00912028688320237,0,0,0,0,0,0,0,0,0,0,0,0,0,0,0,0,0,0.00153643643214968,0,0,0,0,0,0,0,0,0,0,0,0,0,0,0,0,0,0,0,0,0,0,0,0,0,0,0.0364684845622541,0,0,0,0,-0.0197073940681507
-0.00166075224422761,0.443701478326277,0,0,0,0,0,0,0,0,0,0,0,0,0.00511332929640782,0,0,0,0,0,0,0,-0.036713706923874,0,0,0,0,0,0,0.0493038301792387,0,0,0,0,0,0.0350103888155626,0,0.0172017845926919,0,0.0095447976652287,-0.00469135570495568,0,0,-0.00802529091429669,0,0,0,0,0,0,0,0,0,0,0,0,-0.00343988820009137,0.0127746041213782,0,-0.000395114504514422,0,0,0,0,0,0,0,0,0,0,0,0,0,0,0,0,0,0,0,0,-0.0133727078330334,0,0,0,0,0,0,0.0158996196052811,-0.011618749111759,-0.00263832859661777,0,0,0,0,0,0,0,0,-0.0105357396295878,0,0,0,0,0,0,0,0,0,0,0,0,0,-0.00498937921749405,0,0,0,0,0,0,-0.000931584684690618,0,0,0,0,0,0,0.0336351927429616,0,0,0,0,-0.00497342704493409,0,-0.00878187955915627,0,0,0.00471578270553177,0,0,0,0,0,0,0,0,0,0,0,0,0,0,0,0,0,0,0,0,0,0,0,0,0,0,0,0,0,0,0,0,0,0,0,0,0,0,0,0,0,0,0,0,0.0414786645135142,0.00409154423759721,0,0,0,-0.0177243580447591
-0.00216354580613821,0.4665757679412,0,0,0,-0.00172816883038815,0,0,0,0,0,0,0,0,0.00833339867131673,0,0,0,0,0,0,0,-0.0385958150390441,0,0,0,0,0,0,0.0345397947501849,0,0,0.00093776756765235,0,0,0.0318102068863196,0,0.0144941980207753,0,0.0106155250217547,-0.0032289797877268,0,0,-0.013638905327158,0,0,0,0,0,0,0,0,0,0,0,0,-0.00273505175871839,0.0105487061757496,0,0,0,0,0,0,0,0,0,0,0,0,0,0,0,0,0,0,0,0,0,0,-0.0152530093950543,0,0,0,0,0,0,0.0154866504576871,-0.00915955116051205,-0.000403689299271386,0,0,0,0,0,0,0,0,-0.0117242156864764,0,0,0,0,0,0,0,0,0,0,0,0,0,-0.00389680425363876,0,0,0,0,0,0,0,0,0,0,0,0,0,0.0248492573658749,0,0,0,0,-0.00653799041333711,0,-0.00981956638867211,0,0,0.0102261070144053,0,0,0,0,0,0,0,0,0,0,0,0,0,0,0,0,0,0,0,0,0,0,0,0,0,0,0,0,0,0,0,0,0,0,0,0,0,0,0,0,0,0,0,0,0.0316705781661324,0,0,0,0,-0.0198505180119887
-0.00173846432265555,0.467017799804713,0,0,0,0,0,0,0,0,0,0,0,0,0.0126385225685085,0,0,0,0,0,0,0,-0.0452024300851654,0,0,0,0,0,0,0.0319152380749624,0,0,0,0,0,0.0338076069824506,0,0.00599409478071556,0,0.00863296691395039,-0.00230824695345001,0,0,-0.0167977650350895,0,0,0,0,0,0,0,0,0,0,0.000859158266469372,0,-0.00560094565063433,0.0116695100291981,0,-0.00454622811712453,0,0,0,0,0,0,0,0,0,0,0,0,0,0,0,0,0,0,0,0,-0.0223682868364707,0,0,0,0,0,0,0.0152115937793553,-0.00877308792593872,-0.00321324389366514,0,0,0,0,0,0,0,0,-0.0117010962142719,0,0,0,0,0,0,0,0,0,0,0,0,0,-0.0037744209854355,0,0,0,0,0,0,-0.00113212035749534,0,0,0,0,0,0,0.022647048872923,0,0,0,-0.0035623524803991,0,0,-0.00561730138029144,0,0,0.0077315894946494,0,0,0,0,0,0,0,0,0,0,0,0,0,0,0,0,0,0.00157984320653497,0,0,0,0,0,0,0,0,0,0,0,0,0,0,0,0,0,0,0,0,0,0,0,0,0,0,0.0326503044110983,0,0,0,0,-0.02172566204999
-0.000660463490344321,0.47796324951798,0,0,0,0,0,0,0,0,0,0,0,0,0.00244483597541918,0,0,0,0,0,0,0,-0.039368801448111,0,0,0,0,0,0,0.0364050628010556,0,0.000442326313589703,0,0,0,0.0304221673091336,0,0.00992512470254949,0,0.00914762199495261,-0.0011933330002702,0,0,-0.0113295953753179,0,0,0,0,0,0,0,0,0,0,0.010969500438781,0,-0.00482895775427622,0.0112569938901014,0,-0.00063090820863781,0,0,0,0,0,0,0,0,0,0,0,0,0,0,0,0,0,0,0,0,-0.014031869136678,0,0,0,0,0,0,0.0150924982471524,-0.00587606072780167,-0.00318643154417301,0,0,0,0,0,0,0,0,-0.00958688031182329,0,0,0,0,0,0,0,0,0,0,0,0,0,-0.00998613934239589,0,0,0,0,0,0,0,0,0,0,0,0,0,0.02723581347874,0,0,0,0,-0.00302360779512016,0,-0.00614420464415228,0,0,0.00473477795846975,0,0,0,0,0,0,0,0,0,0,0,0,0,0,0,0,0,0.00765868285689443,0,0,0,0,0,0,0,0,0,0,0,0,0,0,0,0,0,0,0,0,0,0,0,0,0,0,0.0285557207038382,0,0,0,0,-0.0179986760656139
-0.0000325338017690378,0.487155552727708,0,0,0,0,0,0,0,0,0,0,0,0,0,0,0,0,0,0,0,0,-0.024507971565134,0,0,0,0,0,0,0.0391408361127647,0,0,0,0.000360291179681075,0,0.0127515685607292,0,0.0228355558532413,0,0.0148789879121998,-0.00206431141095741,0,0,-0.00798031364971302,0,0,0,0,0,0,0,0,0,0,0,0,-0.00369481388611909,0.0119314433593232,0,-0.00209079111243156,0,0,0,0,0,0,0,0,0,0,0,0,0,0,0,0,0,0,0,0,-0.0111863171231603,0,0,0,0,0,0,0.0142822191498548,-0.00832942186482855,-0.00498938802319997,0,0,0,0,0,0,0,0,-0.00846070489305577,0,0,0,0,0,0,0,0,0,0,0,0,0,-0.0137015141058583,0,0,0,0,0,0,0,0,0,0,0,0,0,0.0326622480532793,0,0,0,0,-0.000797081186443946,0,-0.00215150164428142,0,0,0.00730763932035977,0,0,0,0,0,0,0.000179350645080555,0,0,0,0,0,0,0,0,0,0,0,0,0,0,0,0,0,0,0,0,0,0,0,0,0,0,0,0,0,0,0,0,0,0,0,0,0,0.0246366761048617,0,0,0,0,-0.00878233508009643
-0.000165630747086119,0.497961085956086,0,0,0,0,0,0,0,0,0,0,0,0,0,0,0,0,0,0,0,0,-0.0317070327731274,0,0,0,0,0,0,0.037149136087015,0,0,0,0,0,0.0114248955922273,0,0.0164034647984929,0,0.00948154154301755,-0.00373226112678421,0,0,-0.0112866625886061,0,0,0,0,0,0,0,0,0,0,0,0,-0.00545422461741591,0.0101816318979676,0,-0.00138191220563055,0,0,0,0,0,0,0,0,0,0,0,0,0,0,0,0,0,0,0,0,-0.0159512896304726,0,0,0,0,0,0,0.0141995826924749,-0.00544351735547237,-0.00351271375114373,0,0,0,0,0,0,0,0,-0.0094842413893645,0,0,0,0,0,0,0,0,0,0,0,0,0,-0.0105344605175919,0,0,0,0,0,0,0,0,0,0,0,0,0,0.026440910018582,0,0,0,0,0,0,-0.000746360505902834,0,0,0.00939898041915773,0,0,0,0,0,0,0,0,0,0,0,0,0,0,0,0,0,0,0,0,0,0,0,0,0,0,0,0,0,0,0,0,0,0,0,0,0,0,0,0,0,0,0,0,0.0243417416504752,0,0,0,0,-0.0163483918686893
0.000331145082756924,0.513199009167205,0,0,0,0,0,0,0,0,0,0,0,0,0,0,0,0,0,0,0,0,-0.0359342707581347,0,0,0,0,0,0,0.0323327924867179,0,0,0,0,0,0.0132400211109083,0,0.0100825323192901,0,0.00573733728798242,-0.0066060765278899,0,0,-0.0180018263039977,0,0,0,0,0,0,0,0,0,0,0,0,-0.0085906478842804,0.0106556627988942,0,-0.000925003706328273,0,0,0,0,0,0,0,0,0,0,0,0,0,0,0,0,0,0,0,0,-0.0174220541504285,0,0,0,0,0,0,0.0133999468381846,-0.00513179220415057,-0.00341353463025085,0,0,0,0,0,0,0,0,-0.00580779799388581,0,0,0,0,0,0,0,0,0,0,0,0,0,-0.0122205222210143,0,0,0,0,0,0,0,0,0,0,0,0,0,0.0242239474740906,0,0,0,0,0,0,-0.00068567356277004,0,0,0.00875906500322389,0,0,0,0,0,0,0,0,0,0,0,0,0.00130694773680579,0,0,0,0,0.00305311379687663,0,0,0,0,0,0,0,0,0,0,0,0,0,0,0,0,0,0,0,0,0,0,0,0,0,0,0.0308310872421431,0,0,0,0,-0.0215459406203039
-0.0016929249603378,0.497005890522103,0,0,0,0,0,0,0,0,0,0,0,0,0,0,0,0,0,0,0,0,-0.0280847276221665,0,0,0,0,0,0,0.0319236514356239,0,0,0,0,0,0.014132977474036,0,0.0115118663718401,0,0.00952682774665801,-0.00118166375995233,0,0,-0.01396312474764,0,0,0,0,0,0,0,0,0,0,0,0,-0.00219807111682694,0.00680734917655113,0,0,0,0,0,0,0,0,0,0,0,0,0,0,0,0,0,0,0,0,0,0,-0.0218677081935872,0,0,0,0,0,0,0.0137731224506668,-0.00576138592629306,-0.00384104621607259,0,0,0,0,0,0,0,0,-0.0106519630046148,0,0,0,0,0,0,0,0,0,0,0,0,0,-0.0125557630380868,0,0,0,0,0,0,0,0,0,0,0,0,0,0.024128781534474,0,0,0,0,0,0,0,0,0,0.00622585031037569,0,0,0,0,0,0,0,0,0,0,0,0,0,0,0,0,0,0,0,0,0,0,0,0,0,0,0,0,0,0,0,0,0,0,0,0,0,0,0,0,0,0,0,0,0.028881063949131,0,0,0,0,-0.0157725057566561
-0.000424136500463726,0.468905528419058,0,0,0,0,0,0,0,0,0,0,0,0,0,0,0,0,0,0,0,0,-0.0387213861443327,0,0,0,0,0,0,0.0238511958824561,0,0,0,0,0,0.0429301506598687,0,0.0136546438376485,0,0.0127666640504684,-0.00452272940043849,0,0,-0.0124577341865625,0,0,0,0,0,0,0,0,0,0,0.00646382460507696,0,-0.00736219833279649,0.0111580617268267,0,-0.00818655699472676,0,0,0,0,0,0,0,0,0.0057546398896434,0,0,0,0,0,0,0,0,0,0,0,-0.0159767828680169,0,0,0,0,0,0,0.0230855317318667,-0.0147841617371278,-0.00193942095213399,0,0,0,0,0,0,0,0,-0.00943604836256485,0,0,0,0,0,0,0,0,0,0,0,0,0,-0.016772235154564,0,0,0,0,0,0,0,0,0,0,0,0,0,0.030308773817477,0,0,0,0,0,0,-0.00535964199449928,0,0,0,0,0,0,0,0,0,0,0,0,0,0,0,0,0,0,0,0,0.0161218183850483,0,0,0,0,0,0,0,0,0,0,0,0,0,0,0,0,0,0,0,0,0,0,0,0,0,0,0.0319973421599871,0,0,0,0,-0.0219172363982642
-0.00242905487746292,0.433380829897252,0,0,0,-0.00254202596847106,0,0,0,0,0,0,0,0,0,0,0,0,0,0,0,0,-0.0373194248126257,0,0,0,0,0,0,0.0361772967569725,0,0,0,0.00398617383203642,0,0.0126242764148671,0,0.0300631199603831,0,0.00874815583759456,-0.00609771632018115,0,0,-0.00389958571872619,0,0,0,0,0,0,0,0,0,0,0,0,-0.00451176540629429,0.0125548892048394,0,0,0,0,0,0,0,0,0,0,0.00388906240748673,0,0,0,0,0,0,0,0,0,0,0,-0.0209733233098034,0,0,0,0,0,0,0.021420532701128,-0.0131720333073969,-0.00856034247465908,0,0,0,0,0,0,0,0,-0.00775444786302621,0,0,0,0,0,0,0,0,0,0,0,0,0,-0.00566807728379626,0,0,0,0,0,0,-0.00498146895914607,0,0,0,0,0,0,0.0508916903419701,0,0,0,0,-0.000564159299355584,0,-0.00300234972412614,0,0,0.0109824040197323,0,0,0,0,0,0,0,0,0,0,0,0,0,0,0,0,0,0.00612103930553431,0,0,0,0,0,0,0,0,0,0,0,0,0,0,0,0,0,0,0,0,0,0,0,0,0,0,0.0421816294430154,0.00683328615676606,0,0,0,-0.0178558689484639
-0.00240624297872673,0.413308442651691,0,0,0,0,0,0,0,0,0,0,0,0,0,0,0,0,0,0,0,0,-0.0273000370415162,0,0,0,0,0,0,0.0394978129608685,0,0.00242894675094155,0.00289724254601523,0.00395728802700419,0,0.0269758547505516,0,0.0325139077978434,0,0.0117309995777844,-0.00644846085963517,0,0,-0.00920888871801265,0,0,0,0,0,0,0,0,0,0,0,0,-0.00743580066429379,0.0158674120864404,0,-0.00163418236362278,0,0,0,0,0,0,0,0,0,0,0,0,0,0,0,0,0,0,0,0,-0.0103010610512633,0,0,0,0,0,0,0.0244139804607551,-0.00804797151435905,0,0,0,0,0,0,0,0,0,-0.00318660829711805,0,0,0,0,0,0,0,0,0,0,0,0,0,-0.0133222368051011,0,0,0,0,0,0,0,0,0,0,0,0,0,0.0322545649711869,0,0,0,0,-0.0126949206386574,0,-0.00207571229393518,0,0,0.0115025170508275,0,0,0,0,0,0,0.00638769441527346,0,0,0,0,0,0,0,0,0,0,0,0,0,0,0,0,0,0,0,0,0,0,0,0,0,0,0,0,0,0,0,0,0,0,0,0,0,0.0390024715007065,0.0132228376869305,0,0,0,-0.0163384368149912
0.00232189524486971,0.359504307052493,0,0,0,0,0,0,0,0,0,0,0,0.00411174409271488,0,0,0,0,0,-0.00187284057895278,0,0,-0.027548799308067,0,0,0,0,0.00323071764177683,0,0.0310418623178331,-0.00148021802383623,0,0,0,0,0.0582073891812835,0,0.0450540565944118,0,0.0143510780671429,-0.00876582571150615,0,0,-0.013183604249778,0,0,0,0,0,0,0,0,0,0,0,0,-0.00093392533950138,0.022507974252008,0,-0.015755082368309,0,0,0,0,0,0,0,0,0.0145696834777088,0,0,0,0,0,0,0,0,0,0,0,-0.010247252166415,0,0,0,0,0,0,0.0302685810282402,-0.0343590327423364,-0.00623066430643297,0,0,0,0,0,0,0,0,-0.00673159162711713,0,0,0,0,0,0,0,0,0,0,0,0,0,-0.0148147381571059,0,0,0,0,0,-0.00664630739250959,-0.0125816725830174,0,0,0,0,0,0,0.0497259692969137,0,0,0.00487836908192085,-0.0053574064171836,0,0,-0.000474075284665282,0,0,0.00525641769360867,0,0,0,0,0,0,0.0120004797545263,0,0,0,0,0,0,0,0,0,0,0.000626248740798997,0,0,0,0,0,0,0,0,0,0,0,0,0,0,0,0,0,0,0,0,0,0,0,0,0,0,0.060395274651778,0.0575157141914461,0,0,0,-0.0116008068157584
0.00125554014674031,0.337281135286846,0,0,0,0,0,0,0,0,0,0,0,0.00150411036525118,0,0,0,0,0,-0.000694613615132665,0,0,-0.019348659126706,0,0,0,0,0.00452725882663515,0,0.0279870470212804,0,0,0.000071288177806531,0,0,0.04858937113427,0,0.0545028831738816,0,0.0183585378017206,-0.0116542843513903,0,0,-0.0129662478761756,0,0,0,0,0,0,0,0,0,0,0,0,0,0.0229899542673765,0,-0.00482430572036292,0,0,0,0,0,0,0,0,0.00458127524448368,0,0,0,0,0,0,0,0,0,0,0,-0.0160276084996516,0,0,0,0,0,0,0.034974602323915,-0.0260500679813582,-0.0143800754944475,0,0,0,0,0,0,0,0,-0.0150967633170031,0,0,0,0,0,0,0,0,0,0,0,0,0,-0.00924976666826493,0,0,0,0,0,-0.00653470567947974,-0.0131360153894396,0,0,0,0,0,0,0.0495864483290934,0,0,0.0160889756551638,-0.00336889913857143,-0.00498915828682124,0,0,0,0,0.00213336777436004,0,0,0,0,0,0,0.010827789542376,0,0,0,0,0,0,0,0,0,0,0,0,0,0,0,0,0,0,0,0,0,0,0,0,0,0,0,0,-0.00113954241886683,0,0,0,0,0,0,0,0,0.0587673600813601,0.0635792835995778,0,0,0,-0.0104856089726419
-0.00224259674871134,0.468876570481055,0,0,0,0,0,0,0,0,0,0,0,0,0,0,0,0,0,0,0,0,-0.0271590342170691,0,0,0,0,0,0,0.0341829146634077,0,0,0,0,0,0.0145345070694644,0,0.0244737944426217,0,0.00881922600759986,-0.00361775519973783,0,0,-0.0160994135454361,0,0,0,0,0,0,0,0,0,0,0,0,-0.00538669284601175,0.0129208029824857,0,-0.00512129699416015,0,0,0,0,0,0,0,0,0,0,0,0,0,0,0,0,0,0,0,0,-0.0119233270751994,0,0,0,0,0,0,0.0125272586621013,-0.00963003464710674,-0.00628871483002689,0,0,0,0,0,0,0,0,-0.00990254227948498,0,0,0,0,0,0,0,0,0,0,0,0,0,-0.0080742470760738,0,0,0,0,0,0,0,0,0,0,0,0,0,0.0306328246102736,0,0,0,0,-0.00424099319601167,0,-0.00142638377529672,0,0,0.00946573347444116,0,0,0,0,0,0,0.00623238749986104,0,0,0,0,0,0,0,0,0,0,0,0,0,0,0,0,0,0,0,0,0,0,0,0,0,0,0,0,0,0,0,0,0,0,0,0,0,0.032661757778979,0,0,0,0,-0.0156550297588562
0.00123718237758739,0.44906408896301,0,0,0,0,0,0,0,0,0,0,0,0,0,0,0,0,0,0,0,0,-0.0183965911431986,0,0,0,0,0.00251091047711902,0,0.0423213550468319,0,0,0,0.00836185058731547,0,0.0141852026739049,0,0.030323405816802,0,0.00980802913858128,-0.0104782824620438,0,0,-0.0177650561911069,0,0,0,0,0,0,0,0,0,0,0,0,-0.0036338164542275,0.0159268877718624,0,-0.00813372411990979,0,0,0,0,0,0,0,0,0,0,0,0,0,0,0,0,0,0,0,0,-0.0170011608704418,0,0,0,0,0,0,0.0125621493649747,-0.0180008084863624,-0.0112382200788502,0,0,0,0,0,0,0,0,-0.0067341005346847,0,0,0,0,0,0,0,0,0,0,0,0,0,-0.00938973666388588,0,0,0,0,0,-0.00105287917254753,-0.00314267626554228,0,0,0,0,0,0,0.0367213176282459,0,0,0,0,-0.000727400815006855,0,0,0,0,0.0151567722524457,0,0,0,0,0,0,0.0150609449281981,0,0,0,0,0,0,0,0.00721366277646188,0,0,0,0,0,0,0,0,0,0,0,0,0,0,0,0,0,0,0,0,0,0,0,0,0,0,0,0,0,0.0433182603104477,0.0085295212911971,0,0,0,-0.015652106645288
0.000979449594498947,0.455206163948049,0,0,0,0,0,0,0,0,0,0,0,0,0,0,0,0,0,0,0,0,-0.0216596196361334,0,0,0,0,0.000131057967559389,0,0.0411424721509283,-0.00177475622242639,0,0,0.0124006822179772,0,0.00940210034252398,0,0.0213117735930203,0,0.00762032595955723,-0.00677376407818427,0,0,-0.0256752968264058,0,0,0,0,0,0,0,0,0,0,0,0,-0.00596441225696442,0.0167054879292348,0,-0.00942102291176724,0,0,0,0,0,0,0,0,0,0,0,0,0,0,0,0,0,0.00495505657412765,0,0,-0.013488285694789,0,0,0,0,0,0,0.00807910928541294,-0.0153152950573095,-0.0108804687237049,0,0,0,0,0,0,0,0,-0.0014636357723105,0,0,0,0,0,0,0,0,0,0,0,0,0,-0.011253615246186,0,0,0,0,0,-0.00507694441611708,-0.0042647459533161,0,0,0,0,0,0,0.0327952446736029,0,0,0,-0.000281103629547369,-0.00799958645976986,0,0,0,0,0.0234600777130788,0,0,0,0,0,0,0.0151979667747116,0,0,0,0,0,0,0,0.0164647574675059,0,0,0.00621053009006469,0,0,0,0,0,0,0,0,0,0,0,0,0,0,0,0,0,0,0,0,0,0,0,0,0,0.000112300677644905,0.0465500679667611,0,0,0,0,-0.0211423588672005
0.00167315198373314,0.437404609753056,0,0,0,0,0,0,0,0,0,0,0,0,0,0,0,0,0,0,0,0,-0.019104327219231,0,0,0,0,0.0037729602955614,0,0.0469877168416568,0,0,0,0.00939580026432256,0,0.0107815598527707,0,0.0252756550624222,0,0.00694131998585569,-0.00914221609170474,0,0,-0.0220891812569329,0,0,0,0,0,0,0,0,0,0,0,0,-0.0042890400779856,0.0169765136926081,0,-0.00525202015537925,0,0,0,0,0,0,0,0,0,0,0,0,0,0,0,0,0,0.00644669210889691,0,0,-0.0166068203788507,0,0,0,0,0,0,0.0111243323929822,-0.0160574287551857,-0.0132359997559305,0,0,0,0,-0.00353987680597734,0,0,0,-0.00897237105064553,0,0,0,0,0,0,0,0,0,0,0,0,0,-0.0108238137628034,0,0,0,0,0,-0.00352149403987828,-0.00941940471886878,0,0,0,0,0,0,0.0375410987700733,0,0,0,0,-0.00169960909566149,0,0,0,0,0.018291089351674,0,0,0,0,0,0,0.0161899381812338,0,0,0,0,0,0,0,0.0114649550230656,0,0,0,0,0,0,0,0,0,0,0,0,0,0,0,0,0,0,0,0,0,0,0,0,0,0,0,0,0,0.0516885922308765,0.0153032933275956,0,0,0,-0.0192347717508549
0.00369710723796344,0.432099631110347,0,0,0,0,0,0,0,0,0,0,0,0,0,0,0,0,0,0,0,0,-0.0173082147397976,0,0,0,0,0.00936715302416428,0,0.0489716983961016,-0.00425597091943556,0,0,0.00811665272132492,0,0.0174876620012585,0,0.0215450803546199,0,0.00468050920646132,-0.00765565992545082,0,0,-0.0206156437210942,0,0,0,0,0,0,0,0,0,0,0,0,-0.00423208530437896,0.0178342325247972,0,-0.0132173042260912,0,0,0,0,0,0,0,0,0,0,0,0,0,0,0,0,0,0.0189444837669386,0,0,-0.0167274656981608,0,0,0,0,0,0,0.013805988047983,-0.0270741900901712,-0.017617944729041,0,0,0,0,0,0,0,0,-0.000429325137451077,0,0,0,0,0,0,0,0,0,0,0,0,0,-0.0123051537736737,0,0,0,0,0,-0.0105748005800801,-0.0168495945337452,0,0,0,0,0,0,0.0531116715737219,-0.00511226842029954,0,0,0,-0.0106885854665683,0,0,0,0,0.017204011663397,0,0,0,0,0,0,0.023383591532957,0,0,0,0,0,0,0,0.00569125005417036,0,0,0.011252162253813,0,0,0,0,0,0,0,0,0,0,0,0,0,0,0,0,0,0,0,0,0,0,0,0,0,0.00237736005858095,0.0555104701844712,0.032450772732654,0,0,0,-0.0177166922400259
0.00289050670114789,0.453453011663337,0,0,0,0,0,0,0,0,0,0,0,0,0,0,0,0,0,0,0,0,-0.0220498605836393,0,0,0,0,0.00505357400387066,0,0.0506939147532163,-0.00207499555865537,0,0,0.0132443952274737,0,0.00895748372941584,0,0.0160892387139663,0,0.00703827486525073,-0.00437737510055531,0,0,-0.0263661295738127,0,0,0,0,0,0,0,0,0,0,0,0,-0.00512183837975308,0.0191461742442231,0,-0.00934493210730783,0,0,0,0,0,0,0,0,0,0,0,0,0,0,0,0,0,0.0222149892144932,0,0,-0.0177507304219422,0,0,0,0,0,0,0.00432877090815628,-0.0184474125165346,-0.0157684573722582,0,0,0,0,-0.0017665724243848,0,0,0,0,0,0,0,0,0,0,0,0,0,0,0,0,0,-0.0155240035011987,0,0,0,0,0,-0.00217307688678866,-0.0133570253731098,0,0,0,0,0,0,0.0348381535538095,0,0,0,0,-0.0051339032822035,0,0,0,0,0.024717611930866,0,0,0,0,0,0,0.0186398471454774,0,0,0,0,0,0,0,0.0192014883276451,0,0,0.00918054747880531,0,0,0,0,0,0,0,0,0,0,0,0,0,0,0,0,0,0,0,0,0,0,0,0,0,0.0132121995011531,0.0510523922975234,0.0103682761761333,0,0,0,-0.0202154091873076
0.00321811983898203,0.484990962012179,0,0,0,0,0,0,0,0,0,0,0,0,0,0,0,0,0,0,0,0,-0.0166843977871861,0,0,0,0,0.00912866754003348,0,0.061331392629907,0,0,0,0.00746240574190318,0,0,0,0.025577747398471,0,0.00631211342395592,-0.0124805423992771,0,0,-0.0137494685888769,0,0,0,0,0,0,0,0,0,0,0,0,-0.00584955094886355,0.018837841268122,0,-0.00618944913582192,0,0,0,0,0,0,0,0,0,0,0,0,0,0,0,0,0,0,0,0,-0.0123634942913764,0,0,0,0,0,0,0.0141479868632277,-0.0234508987727199,-0.0161322435119755,0,0,0,0,0,0,0,0,-0.00169725089456976,0,0,0,0,0,0,0,0,0,0,0,0,0,-0.0104602057727607,0,0,0,0,0,-0.00290943236491372,-0.00759569053752693,0,0,0,0,0,0,0.0348681574940675,0,0,0,0,-0.00253146170298424,0,0,0,0,0,0,0,0,0,0,0,0.0119727194617271,0,0,0,0,0,0,0,0.0130269084471783,0,0,0,0,0,0,0,0,0,0,0,0,0,0,0,0,0,0,0,0,0,0,0,0,0,0,0,0,0.00240341485681799,0.0486072309262219,0.0234953538559704,0,0,0,-0.0142510283176931
0.00335013523594009,0.434009676193404,0,0,0,0,0,0,0,0,0,0,0,0,0,0,0,0,0,0,0,0,-0.0172036426432766,0,0,0,0,0.00687183902543734,0,0.0508230873289178,-0.000674985952595026,0,0,0.001423110818589,0,0.0121368294704506,0,0.0264127279956196,0,0.0114955608119596,-0.00668082142705963,0,0,-0.0267977299613095,0,0,0,0,0,0,0,0,0,0,0,0,0,0.0196991297038796,0,-0.00935617504265045,0,0,0,0,0,0,0,0,0,0,0,0,0,0,0,0,0,0.0189075387783742,0,0,-0.0138788900682426,0,0,0,0,-0.00343192915314122,0,0.0134167913834162,-0.0237009353251364,-0.0217805625145384,0,0,0,0,-0.00700663419483203,0,0,0,-0.000613333414256728,0,0,0,0,0,0,0,0,0,0,0,0,0,-0.0102669201542348,0,0,0,0,0,-0.00874284209548158,-0.0207613173873045,0,0,0,0,0,0,0.0456858959367664,-0.00849241001873397,0,0,0,-0.00940296961152453,0,0,0,0,0.028425911699506,0,0,0,0,0,0,0.0142426713406291,0,0,0,0,0,0,0,0,0,0,0.00482554080752449,0,0,0,0,0,0,0,0,0,0,0,0,0,0,0,0,0,0,0,0,0,0,0,0,0,0.00805646496188212,0.0591862841903257,0.0355175180724377,0,0,0,-0.0170350939297119
0.00333959001973219,0.351224913454714,0,0,0,-0.00211781999392314,0,0,0,0,0,0,0,0.0109075040718561,0,0,0,0,0,0,0,0,-0.0167447605320484,0,0,0,0,0.00908130949172713,0,0.0280650528094671,-0.0101209761030391,0,0,0,0,0.0628090126961338,0,0.0554159419818576,0,0.0210197055796509,-0.0157298695186157,0,0,0,0,0,0,0,0,0,0,0,0,0,0,0,0,0.0233299189853935,0,-0.00316578951031592,-0.00041103668837539,0,0,0,-0.0087320587125836,0,0,0,0,0,0,0,0,0,0,0,0,0.00283670234896474,0,0,-0.0236036731270081,0,0,0,0,0,0,0.0318152241659998,-0.0373238192189663,-0.0250911424174738,0,0,0,0,0,0,0,0,-0.0257540829453986,0,0,0,0,0,0,0,0,0,0,0,0,0,-0.00612399100409496,0,0,0,0,0,-0.0194499372925784,-0.0234086682997114,-0.00399483906619134,0,0,-0.00310895964375318,0,0,0.0496263700434773,-0.0209215089292607,0,0.0197200534412379,0,-0.00533931244421683,0,0,-0.00284520574426975,0,0.00155337813208431,0,0,0,0,0,0,0,0,0,0,0,0,0,0,0,0,0,0,0,0,0,0,0,0.00766701456266633,0,0,-0.00070564541730861,-0.00361435890367787,0,0,0,0,0,0,0,0,0,0,0,0,0,0,0,0,0.0748039180354133,0.0704182421948091,0,0,0,-0.0101245515577302
0.00313037506244178,0.400644291243051,0,0,0,-0.00416547386047032,0,0,0,0,0,0,0,0.0147068827508189,0,0,0,0,0,0,0,0,-0.0179965342034294,0,0,0,0,0,0,0.036617940780848,0,0,0,0,0,0.0232124096169182,0,0.047370041209691,0,0.0051825994873569,-0.00929723021908398,0,0,-0.00927085568563195,0,0,0,0,0,0,0,0,0,0,0,0,0,0.0212731553723071,0,-0.0155496202805927,0,0,0,0,0,0,0,0,0,0,0,0,0,0,0,0,0,0.0182553398458478,0,0,-0.0158663863427456,0,0,0,0,0,0,0.0287609451168094,-0.0315577187601158,-0.0193045851575502,0,0,0,0,-0.00306997132656224,0,0,0,-0.00415993486265536,0,0,0,0,0,0,0,0,0,0,0,0,0,-0.0056808368271505,0,0,0,0,0,-0.0183013057259659,-0.0233867964273439,0,0,0,0,0,0,0.059266470942331,-0.0167844462290446,0,0,0,-0.00562381066245368,0,0,0,0,0.00854438431303645,0,0,0,0,0,0,0.010227959279669,0,0,0,0,0,0,0,0,0,0,0.00308935621622035,0,0,0,0,0,0.00426311022104945,0,0,0,-0.0000954702841125444,0,0,0,0,0,0,0,0,0,0,0,0,0,0,0,0,0.0595715761323309,0.0555048307797818,0,0,0,-0.0131592410178409
0.00357344095127794,0.391976651438511,0,0,0,0,0,0,0,0,0,0,0,0.010474073878817,0,0,0,0,0,0,0,0,-0.0185317463565418,0,0,0,0,0.00239537254114382,0,0.0359803847804207,-0.0108716629474492,0.000226775894331709,0,0,0,0.0299353931862514,0,0.0444290341709742,0,0.00553526969600038,-0.0161301636627547,0,0,-0.00848563467047572,0,0,0,0,0,0,0,0,0,0,0,0,0,0.0213805335478941,0,-0.00405376454412182,0,0,0,0,-0.000431687565460739,0,0,0,0,0,0,0,0,0,0,0,0,0.0085545088660442,0,0,-0.0141179370186805,0,0,0,0,0,0,0.0295955028807243,-0.0330084635912519,-0.0234821118060624,0,0,0,0,-0.00369471785125136,0,0,0,-0.00355490623222958,0,0,0,0,0,0,0,0,0,0,0,0,0,-0.0149594894417586,0,0,0,0,0,-0.0130830813977455,-0.0229046564101272,-0.00103454495418576,0,0,0,0,0,0.0478014289418882,-0.0205921533399215,0,0.00695870620574018,-0.00525787954896835,-0.00953498449780223,0,0,-0.00420900673232025,0,0.0104085368525911,0,0,0,0,0,0,0.0117749930813052,0,0,0,0,0,0,0,0,0,0,0,0,0.00110786296650868,0,0,0,0.00234675652964219,0,0,-0.00320171997412183,-0.00561662725355413,0,0,0,0,0,0,0,0,0,0,0,0,0,0,0,0,0.0646904875610081,0.0653880153070218,0,0,0,-0.0144961048154374
0.00349045976091555,0.411818562917662,0,0,0,0,0,0,0,0,0,0,0,0.0122113971023468,0,0,0,0,0,0,0,0,-0.0161484635894674,0,0,0,0,0.00515768781752876,0,0.0349905595293009,-0.000111756031418704,0,0,0,0,0.0240133669822774,0,0.0431203839776288,0,0.0118073154439754,-0.0105976101586598,0,0,-0.0107729157949083,0,0,0,0,0,0,0,0,0,0,0,0,0,0.0199220060560908,0,-0.00887631972932167,0,0,0,0,0,0,0,0,0,0,0,0,0,0,0,0,0,0.0117657010912719,0,0,-0.0186285832165311,0,0,0,0,0,0,0.0322682375420186,-0.0336290544790194,-0.0235154565783462,0,0,0,0,-0.00433254160903561,0,0,0,-0.00419663109777546,0,0,0,0,0,0,0,0,0,0,0,0,0,-0.00753528929925325,0,0,0,0,0,-0.0152688693258994,-0.0242115044039165,-0.00195206096797486,0,0,0,0,0,0.0479213380463743,-0.0179158115440013,0,0,0,-0.00720136100990235,0,0,-0.000281505464474123,0,0.0119841164729578,0,0,0,0,0,0,0.014698156192446,0,0,0,0,0,0,0,0,0,0,0.00407626063668369,0,0.000751954643098578,0,0,0,0.00575519718486287,0,0,-0.000841369105405108,-0.00288066139331966,0,0,0,0,0,0,0,0,0,0,0,0,0,0,0,0,0.0595058365006735,0.0644202651676102,0,0,0,-0.0107019762442928
0.00322366803399542,0.388552406713064,0,0,0,0,0,0,0,0,0,0,0,0.0110610901267804,0,0,0,0,0,0,0,0,-0.0185962149189051,0,0,0,0,0.00550887250304127,0,0.0313858799907833,-0.00234782947142622,0,0,0,0,0.0306106468582157,0,0.0471096732105482,0,0.0141194171008251,-0.0113231579623406,0,0,-0.0114664036113423,0,0,0,0,0,0,0,0,0,0,0,0,0,0.0205999226341345,0,-0.00787520411041428,0,0,0,0,-0.000574834527820315,0,0,0,0,0,0,0,0,0,0,0,0,0.0179551341118778,0,0,-0.0182958614339184,0,0,0,0,0,0,0.0317360534594682,-0.0336605289328426,-0.024229550658959,0,0,0,0,-0.0000340008860137895,0,0,0,-0.00152175666086768,0,0,0,0,0,0,0,0,0,0,0,0,0,-0.00690407162575286,0,0,0,0,0,-0.0170115388544818,-0.0264665139409977,-0.00635261677313069,0,0,0,0,0,0.0518311691590434,-0.0189365040666559,0,0.0013671236132487,0,-0.0110579719911565,0,0,-0.00257234060757788,0,0.0161940078762356,0,0,0,0,0,0,0.0137519950772232,0,0,0,0,0,0,0,0,0,0,0.00556510689023026,0,0,0,0,0,0.00703876854712628,0,0,-0.00307488804371091,-0.00516795550431401,0,0,0,0,0,0,0,-0.000171181774385099,0,0,0,0,0,0,0,0,0.0623458611386925,0.0683759429011412,0,0,0,-0.0115844022242178
0.00468169254479108,0.424574012873533,0,0,0,0,0,0,0,0,0,0,0,0.0120229441736604,0,0,0,0,0,0,0,0,-0.0182089409849187,0,0,0,0,0.0154727730189634,0,0.0390153966524184,-0.0101523327112556,0,0,0,0,0.0350103263144858,0,0.0395562983445029,0,0.00893597887500724,-0.0112703295783849,0,0,-0.000523737065641474,0,0,0,0,0,0,0,0,0,0,0,0,-0.00169978730979496,0.0195285726476775,0,-0.00564302852058852,0,0,0,0,-0.00141002225267149,0,0,0,0,0,0,0,0,0,0,0,0,0.0092224605126241,0,0,-0.0131995214016824,0,0,0,0,0,0,0.0281931588324684,-0.0352977123310055,-0.0251311462155719,0,0,0,0,-0.00353318248333346,0,0,0,0,0,0,0,0,0,0,0,0,0,0,0,0,0,-0.0100558749973694,0,0,0,0,0,-0.0189771348232431,-0.0228103988151768,0,0,0,0,0,0,0.0526986719137987,-0.0243591688859246,0,0.00345104454469813,0,-0.0105002633067588,0,0,-0.00540850369757978,0,0.00880413137202258,-0.0012420178390445,0,0,0,0,0,0.00797884074814936,0,0,0,0,0,0,0,0,0,0,0,0,0.00119648502676339,0,0,0,0,0,0,-0.00117100499520271,-0.00377030316625058,0,0,0,0,0,0,0,0,0,0,0,0,0,0,0,0,0.0603016998065458,0.0645058551550865,0,0,0,-0.0102330204992282
0.00385865625186403,0.445051716672372,0,0,0,0,0,0,0,0,0,0,0,0.00629153506804969,0,0,0,0,0,0,0,0,-0.0170218336420121,0,0,0,0,0.0135092125082443,0,0.0372590525551689,-0.000842846421042274,0,0,0,0,0.0102587029471423,0,0.0404984826725238,0,0.00879426234622674,-0.00861073683909983,0,0,-0.00871057158220285,0,0,0,0,0,0,0,0,0,0,0,0,-0.0019113851938689,0.0194221338630176,0,-0.00769151003170378,0,0,0,0,0,0,0,0,0,0,0,0,0,0,0,0,0,0.0111130246443656,0,0,-0.0146417113295195,0,0,0,0,-0.00171447232853992,0,0.0223671974207249,-0.0304279479584782,-0.0200046998346845,0,0,0,0,-0.00473651583194492,0,0,0,-0.00393489160140496,0,0,0,0,0,0,0,0,0,0,0,0,0,-0.0106617258500745,0,0,0.000676882056970445,0,0,-0.0122332107232354,-0.0193644827543897,0,0,0,0,0,0,0.0483773883000489,-0.0157064120008042,0,0,0,-0.00677530188313886,0,0,0,0,0.0137247697209933,0,0,0,0,0,0,0.00794302145792646,0,0,0,0,0,0,0,0,0,0,0,0,0.00176426312984434,0,0,0,0,0,0,-0.00015584426934257,-0.00000620433498485939,0,0,0,0,0,0,0,0,0,0,0,0,0,0,0,0,0.0517879867568377,0.0612250524398784,0,0,0,-0.0110199046280395
0.00476091584005743,0.438348057681477,0,0,0,0,0,0,0,0,0,0,0,0.00956019505121989,0,0,0,0,0,0,0,0,-0.0183439768651115,0,0,0,0,0.0143231740589953,0,0.0576815481135683,-0.00792465017368839,0,0,0,0,0.0292696103698347,0,0.0339249842621528,0,0.00710051633829153,-0.00840020099150346,0,0,-0.00971642838481893,0,0,0,0,0,0,0,0,0,0,0,0,-0.000644074917045234,0.0205061987539715,0,-0.00956604701794713,0,0,0,0,0,0,0,0,0,0,0,0,0,0,0,0,0,0.00840551011052728,0,0,-0.0145649948988041,0,0,0,0,0,0,0.0214389340809337,-0.0284891764799226,-0.020919884641849,0,0,0,0,-0.0038940964335462,0,0,0,-0.0043928851896623,0,0,0,0,0,0,0,0,0,0,0,0,0,-0.0114804757433418,0,0,0.000281178694964692,0,0,-0.0130163808411302,-0.019846975389423,0,0,0,0,0,0,0.0435023885735339,-0.0127832590710093,0,0,0,-0.00537625096630801,0,0,0,0,0.00661815545982013,0,0,0,0,0,0,0.0181625901761751,0,0,0,0,0,0,0,0,0,0,0,0,0,0,0,0,0,0,0,0,0,0,0,0,0,0,0,0,0,0,0,0,0,0,0,0,0,0.0547373904256481,0.0580309748445472,0,0,0,-0.0106162969565738
0.0019213797176116,0.43326555435826,0,0,0,0,0,0,0,0,0,0,0,0,0,0,0,0,0,0,0,0,-0.0105795635246769,0,0,0,0,0.00527273492180275,0,0.0417679580375685,-0.00591294468529789,0,0,0,0,0.0166248425608982,0,0.0382317249873794,0,0.0152272063118768,-0.00697248438932643,0,0,-0.0130028118811529,0,0,0,-0.0106620155768442,0,0,0,0,0,0,0,0,0,0.0212828504669098,0,-0.00833722154673627,0,0,0,0,0,0,0,0,0,0,0,0,0,0,0,0,0,0.0108761304843909,0,0,-0.0190757480131722,0,0,0,0,0,0,0.0166008916839592,-0.0230297227390877,-0.0177257882155015,0,0,0,0,-0.00623869415360267,0,0,0,-0.00294547044964062,0,0,0,0,0,0,0,0,0,0,0,0,0,-0.0113275328209261,0,0,0,0,0,-0.00156014829234382,-0.0165715364314517,0,0,0,0,0,0,0.035695733064528,-0.00688384438679934,0,0,0,-0.00149205755553488,0,0,0,0,0.0102697007785137,0,0,0,0,0,0,0.0101311565071481,0,0,0,0,0,0,0,0.00660673065274454,0,0,0,0,0,0,0,0,0,0,0,0,0,0,0,0,0,0,0,0,0,0,0,0,0,0,0,0,0,0.0486738247152017,0.0512620512961294,0,0,0,-0.0106402562564925
0.00375686488944246,0.472765190409189,0,0,0,0,0,0,0,0,0,0,0,0.00171062487745805,0,0,0,0,0,0,0,0,-0.0135964525229176,0,0,0,0,0.0149181393627698,0,0.0448118960699015,-0.00125656624376439,0,0,0.00105091123358245,0,0.00568029844238705,0,0.0315332652856038,0,0.00885972883724324,-0.00407117489923764,0,0,-0.0184746748583052,0,0,0,0,0,0,0,0,0,0,0,0,-0.00110884348483744,0.0189752947924756,0,-0.00616980299382349,0,0,0,0,0,0,0,0,0,0,0,0,0,0,0,0,0,0.0112738161587936,0,0,-0.00876534631500515,0,0,0,0,-0.000791012599434845,0,0.0148588556525444,-0.0259818894383108,-0.0202980583006473,0,0,0,0,-0.00497732005372123,0,0,0,0,0,0,0,0,0,0,0,0,0,0,0,0,0,-0.0101113548322039,0,0,0.00353460885193574,0,0,-0.00113600401709112,-0.0165721462320249,0,0,0,0,0,0,0.0482354153073227,-0.0130436527701357,0,0,0,-0.00707283611201392,0,0,0,0,0.0079293307296227,0,0,0,0,0,0,0.0130728350194095,0,0,0,0,0,0,0,0,0,0,0,0,0,0,0,0,0,0,0,0,0,0,0,0,0,0,0,0,0,0,0,0,0,0,0,0,0,0.0449377475182857,0.0502089052739307,0,0,0,-0.00500999925280913
0.00500914747414061,0.417114777731836,0,0,0,-0.00454283959820981,0,0,0,0,0,0,0,0.00770980827587339,0,0,0,0,0,0,0,0,-0.0164657740037521,0,0,0,0,0.0152371594848531,0,0.043895235697683,0,0,0,0,0,0.0487448117132321,0,0.0541373563461482,0,0.00561129679436405,-0.010547384227347,0,0,-0.00614575207995665,0,0,0,0,0,0,0,0,0,0,0,0,0,0.0156813528368706,0,-0.00580083795481106,-0.00105450454797051,0,0,0,-0.00460203865927504,0,0,0,0,0,0,0,0,0,0,0,0,0,0,0,-0.0237185042800978,0,0,0,0,0,0,0.0256326875470162,-0.0362989716342959,-0.0238031811103931,0,0,0,0,-0.00445467444704266,0,0,0,-0.0172960740223063,0,0,0,0,0,0,0,0,0,0,0,0,0,-0.00470707697761512,0,0,0.0017002953216335,0,0,-0.00918371229599372,-0.0251256970830205,-0.00186169468556879,0,0,0,0,0,0.0459408803619048,-0.0173059522577901,0,0.0319342989389484,0,0,0,0,-0.00468354205998582,0,0.00571955815686698,0,0,0,0,0,0,0.00421692535108921,0,0,0,0,0,0,0,0,0,0,0,0,0.00227663668665434,0,0,0,0,0,0,0,0,0,0,0,0,0,0,0,0,0,0,0,0,0,0,0,0,0.0697511924319561,0.0513556604909977,0,0,0,-0.00779890239690629
0.00437149788144157,0.442919623715495,0,0,0,0,0,0,0,0,0,0,0,0.0176631387032812,0,0,0,0,0,0,0,0,-0.00917844289374923,0,0,0,0,0.00674971822355821,0,0.0581261343643189,-0.00617022623535339,0.00604387770056337,0,0,0,0.00701904623219862,0,0.0366891356662512,0,0.00718909751812328,-0.015294270154724,0,0,-0.00915206159700684,0,0,0,0,0,0,0,0,0,0,0,0,0,0.0202127259624233,0,-0.0115143358026248,0,0,0,0,0,0,0,0,0,0,0,0,0,0,0,0,0,0,0,0,-0.016478421176891,0,0,0,0,-0.000873861605272954,0,0.0259189175750925,-0.0320980625428445,-0.0215941358658306,0,0,0,0,-0.00576681201176505,0,0,0,-0.0156865250776025,0,0,0,0,0,0,0,0,0,0,0,0,0,-0.00985801265082705,0,0,0.000284442335054126,0,0,-0.0111746335340064,-0.0074301264118799,0,0,0,0,0,0,0.0351710371732507,-0.0084090105340824,0,0,0,-0.00253628543720531,0,0,0,0,0.00146861713764833,0,0,0,0,0,0,0.0117095431487571,0.00503019608956151,0,0,0,0,0,0,0.00331104877530296,0,0,0,0,0.00534372690688437,0,0,0,0,0,0,0,-0.00246538517512051,0,0,0,0,0,0,0,0,0,0,0,0,0,0,0,0,0.0543610036442278,0.0452393046161288,0,0,0,-0.0131397114041486
0.00357387559323249,0.475179692072473,0,0,0,0,0,0,0,0,0,0,0,0,0,0,0,0,0,0,0,0,-0.0102490035884361,0,0,0,0,0.00953490045639241,0,0.0743289562119702,0,0.00135761024102052,0,0,0,0,0,0.0353983342138159,0,0,-0.00803940020246268,0,0,-0.0133680730704425,0,0,0,-0.00501602911742538,0,0,0,0,0,0,0,0,0,0.0217180970611307,0,-0.00704653548747504,0,0,0,0,0,0,0,0,0,0,0,0,0,0,0,0,0,0,0,0,-0.0164989864248904,0,0,0,0,0,0,0.0225074115966335,-0.0281139697149881,-0.0180995631502943,0,0,0,0,-0.00564242250076849,0,0,0,-0.00742272207434195,0,0,0,0,0,0,0,0,0,0,0,0,0,-0.00413707020904897,0,0,0,0,0,-0.00292068790444291,-0.0115215111081857,0,0,0,0,0,0,0.0396529307451565,0,0,0,0,-0.00263837477186119,0,0,0,0,0,0,0,0,0,0,0,0.0152310908135737,0,0,0,0,0,0,0,0.000599182068945276,0,0,0,0,0,0,0,0,0,0,0,0,0,0,-0.0000554098063277613,0,0,0,0,0,0,0,0,0,0,0,0,0,0.0163169879974374,0.0523909153284688,0.00705053596252001,0,0,0,-0.00483317684186518
NA,NA,NA,NA,NA,NA,NA,NA,NA,NA,NA,NA,NA,NA,NA,NA,NA,NA,NA,NA,NA,NA,NA,NA,NA,NA,NA,NA,NA,NA,NA,NA,NA,NA,NA,NA,NA,NA,NA,NA,NA,NA,NA,NA,NA,NA,NA,NA,NA,NA,NA,NA,NA,NA,NA,NA,NA,NA,NA,NA,NA,NA,NA,NA,NA,NA,NA,NA,NA,NA,NA,NA,NA,NA,NA,NA,NA,NA,NA,NA,NA,NA,NA,NA,NA,NA,NA,NA,NA,NA,NA,NA,NA,NA,NA,NA,NA,NA,NA,NA,NA,NA,NA,NA,NA,NA,NA,NA,NA,NA,NA,NA,NA,NA,NA,NA,NA,NA,NA,NA,NA,NA,NA,NA,NA,NA,NA,NA,NA,NA,NA,NA,NA,NA,NA,NA,NA,NA,NA,NA,NA,NA,NA,NA,NA,NA,NA,NA,NA,NA,NA,NA,NA,NA,NA,NA,NA,NA,NA,NA,NA,NA,NA,NA,NA,NA,NA,NA,NA,NA,NA,NA,NA,NA,NA,NA,NA,NA,NA,NA,NA,NA,NA,NA,NA,NA,NA
0.00510754930410771,0.405640584652461,0,0,0,0,0,0,0,0,0,0,0,0.0346792478930363,0,0,0,0,0,0,0,0,-0.0220358661447805,0,0,0,0,0.0248998759663806,0,0.0547917140908658,-0.0104372799281204,0.00927588952490956,0,0,0,0.016735270741866,0,0.0475079779561889,0,0.0253843704272689,-0.0097202691751428,0,0,-0.0105746731237132,0,0,0,0,0,0,0,0,0,0,0,0,0,0.0152525022944662,0,-0.0114397202010367,0,0,0,0,0,0,0,0,0.00479426579655736,0,0,0,0,0,0,0,0,0,0,0,-0.0223219119092259,0,0,0,0,0,0,0.0472322621227817,-0.0430063252902726,-0.0283117154565597,0,0,0,0,0,0,0,0,-0.0042725478418892,0,0,0,0,0,0,0,0,0,0,0,0,0,-0.00528943790984888,0,0,0.0143206873031102,0,0,-0.018164479879846,-0.0232864928648015,-0.000767623153224379,0,0,0,0,0,0.0456575121093989,-0.0235400218814677,0,0,0,-0.00829468651086497,0,0,-0.0132359737234599,0,0,-0.000635751879933943,0,0,0,0,0,0.0374871927419903,0.000222225307123875,0,0,0,0,0,0,0,0,0,0,0,0.0189188831656223,0,0,0,0,0,0,0,-0.0040659230657808,0,0,0,0,0,0,0,0,0,0,0,0,0,0,0,0,0.0700525496322935,0.0712909383075627,0,0,0,-0.00784689340169233
NA,NA,NA,NA,NA,NA,NA,NA,NA,NA,NA,NA,NA,NA,NA,NA,NA,NA,NA,NA,NA,NA,NA,NA,NA,NA,NA,NA,NA,NA,NA,NA,NA,NA,NA,NA,NA,NA,NA,NA,NA,NA,NA,NA,NA,NA,NA,NA,NA,NA,NA,NA,NA,NA,NA,NA,NA,NA,NA,NA,NA,NA,NA,NA,NA,NA,NA,NA,NA,NA,NA,NA,NA,NA,NA,NA,NA,NA,NA,NA,NA,NA,NA,NA,NA,NA,NA,NA,NA,NA,NA,NA,NA,NA,NA,NA,NA,NA,NA,NA,NA,NA,NA,NA,NA,NA,NA,NA,NA,NA,NA,NA,NA,NA,NA,NA,NA,NA,NA,NA,NA,NA,NA,NA,NA,NA,NA,NA,NA,NA,NA,NA,NA,NA,NA,NA,NA,NA,NA,NA,NA,NA,NA,NA,NA,NA,NA,NA,NA,NA,NA,NA,NA,NA,NA,NA,NA,NA,NA,NA,NA,NA,NA,NA,NA,NA,NA,NA,NA,NA,NA,NA,NA,NA,NA,NA,NA,NA,NA,NA,NA,NA,NA,NA,NA,NA,NA
0.00334124492434441,0.475636204254659,0,0,0,0,0,0,0,0,0,0,0,0.0154554034479904,0,0,0,0,0,0,0,0,-0.00891539025244245,0,0,0,0,0,0,0.0728015577890313,0,0.00297653836012178,0,0,0,0.00852592946861759,0,0.0363518699666283,0,0.0061797717491921,-0.00277185411439832,0,0,-0.0133817726319347,0,0,0,-0.0017525659074549,0,0,0,0,0,0,0,0,0,0.0204560874273921,0,-0.00472757950716271,0,0,0,0,0,0,0,0,0,0,0,0,0,0,0,0,0,0,0,0,-0.0103681351092012,0,0,0,0,-0.000815987677453609,0,0.0238322625241049,-0.0254603623926559,-0.0169569838917662,0,0,0,0,-0.000459134262912699,0,0,0,-0.00643153964213019,0,0,0,0,0,0,0,0,0,0,0,0,0,-0.0100600467248512,0,0,0.00666047670991246,0,0,0,-0.00696177174786556,0,0,0,0,0,0,0.0502184560524161,-0.000655172425005616,0,0,0,-0.00339537172790007,0,0,0,0,0,0,0,0,0,0,0,0.0000724356045741661,0,0,0,0,0,0,0,0,0,0,0,0,0.0000852849489507161,0,0,0,0,0,0,0,0,0,0,0,0,0,0,0,0,0,0,0,0,0,0,0,0.0106988350732569,0.0461088099214262,0.0339246241748597,0,0,0,0
0.00304931738437903,0.35192486597535,0,0,0,-0.00473852617815279,0,0,0,0,0,0,0,0,0,0,0,0,0,0,0,0,-0.00773165688126616,0,0,0,0,0,0,0.0424752994951039,-0.00242895613024852,0.00778601477733392,0,0,0,0.0174648176181026,0,0.0441472545580709,0,0.0130043207038171,-0.012128259038117,0,0,0,0,0,0,-0.00439229833961469,0,0,0,0,0,0,0,0,0,0.0270674635408447,0,-0.00928672352928213,0,0,0,0,0,0,0,0,0.0218595527352093,0,0,0,0,0,0,0,0,0,0,0,-0.0176176128679209,0,0,0,0,-0.00298399575040141,0,0.00912132699846843,-0.0364306364997105,-0.0266548385604297,0,0,0,0,0,0,0,0,-0.0111066609525557,0,0,0,0,0,0,0,0,0,0,0,0,0,-0.00310323283621008,0,0,0,0,0,-0.0129961256058029,-0.0223782644564918,0,0,0,0,0,0,0.0481679668933654,-0.0203441687604891,0,0.00740182021351692,0,-0.00623519457060365,0,0,-0.00378261359442904,0,0,0,0,0,0,0,0,0,0,0,0,0,0,0,0,0.00979584515508909,0,0,0,0.00181370454889948,0,0,0,0,0.0175127789817931,0,0,0,0,0,0,0,0,0,0,0,0,0,0,0,0,0,0,0,0,0.0736308038450559,0.059348910422456,0.00182218728085035,0,0,-0.0103876050576327
0.00400973033946085,0.386534481289203,0,0,0,-0.00338528361211026,0,0,0,0,0,0,0,0.0633496774984638,0,0,0,0,0,0,0,0,-0.0135463021452956,0,0,0,0,0.014332747251098,0,0.0536470768438999,-0.0111505470086149,0.0050202741928464,0.00386075129540475,0,0,0.0269949818926239,0,0.0551491250138625,0,0.00107966501687541,-0.00846204407318685,0,0,-0.0134144784824182,0,0,0,0,0,0,0,0,0,0,0,0,0,0.0243052242332813,0,-0.00925845943950293,0,0,0,0,0,0,0,0,0,0,0,0,0,0,0,0,0,0.0017846215720032,0,0,-0.0229030998030042,0,0,0,0,0,0,0.0621485322526907,-0.0400472728047568,-0.0241804593636688,0,0,0,0,0,0,0,0,-0.0112030322629279,0,0,0,0,0,0,0,0,0,0,0,0,0,-0.00682666708583963,0,0,0,0,0,-0.0122627262333419,-0.0188735954979999,0,0,0,0,0,0,0.0464954356854888,-0.018917223557788,0,0.00278265024677671,-0.00178833258491583,-0.00374878608426596,0,0,-0.00683431879298948,0,0,0,0,0,0,0,0,0.0245051376376765,0,0,0,0,0,0,0,0,0,0,0,0,0.0153649329450257,0,0,0,0,0,0,0,0,0,0,0,0,0,0,0,0,0,0,0,0,0,0.000196297169840856,0,0,0.0678002221582989,0.0780385365950887,0,0,0,-0.000403715380720249
NA,NA,NA,NA,NA,NA,NA,NA,NA,NA,NA,NA,NA,NA,NA,NA,NA,NA,NA,NA,NA,NA,NA,NA,NA,NA,NA,NA,NA,NA,NA,NA,NA,NA,NA,NA,NA,NA,NA,NA,NA,NA,NA,NA,NA,NA,NA,NA,NA,NA,NA,NA,NA,NA,NA,NA,NA,NA,NA,NA,NA,NA,NA,NA,NA,NA,NA,NA,NA,NA,NA,NA,NA,NA,NA,NA,NA,NA,NA,NA,NA,NA,NA,NA,NA,NA,NA,NA,NA,NA,NA,NA,NA,NA,NA,NA,NA,NA,NA,NA,NA,NA,NA,NA,NA,NA,NA,NA,NA,NA,NA,NA,NA,NA,NA,NA,NA,NA,NA,NA,NA,NA,NA,NA,NA,NA,NA,NA,NA,NA,NA,NA,NA,NA,NA,NA,NA,NA,NA,NA,NA,NA,NA,NA,NA,NA,NA,NA,NA,NA,NA,NA,NA,NA,NA,NA,NA,NA,NA,NA,NA,NA,NA,NA,NA,NA,NA,NA,NA,NA,NA,NA,NA,NA,NA,NA,NA,NA,NA,NA,NA,NA,NA,NA,NA,NA,NA
0.00396171641998975,0.43211487426036,0,0,0,0,0,0,0,0,0,0,0,0.0314106412449996,0,0,0,0,0,0,0,0,-0.0110629317028301,0,0,0,0,0.00266878158971943,0,0.0581390190991164,0,0.0013815291102901,0,0,0,0,0,0.0529356767696682,0,0.00423487084815653,-0.0104286649588886,0,0,-0.00278427785454291,0,0,0,-0.00496118078755833,0,0,0,0,0,0,0,0,0,0.0168704847002652,0,-0.0138765933466236,0,0,0,0,0,0,0,0,0.01325861726588,0,0,0,0,0,0,0,0,0,0,0,-0.029634795075898,0,0,0,0,0,0,0.0188567456665443,-0.0314136801695886,-0.0168997058271576,0,0,0,0,0,0,0,0,-0.00153079388634006,0,0,0,0,0,0,0,0,0,0,0,0,0,-0.00280458473236875,0,0,0,0,0,-0.00943219969152863,-0.015958829857434,0,0,0,0,0,0,0.0442762925514384,-0.000317707444247882,0,0,0,-0.0000838090770358124,0,0,0,0,0.000615991168237097,0,0,0,0,0,0,0.0247231760765443,0.00742982199285799,0,0,0,0,0,0,0,0,0,0,0,0.0121796552807462,0,0,0,0,0,0,0,0,0,-0.0025946354759272,0,0,0,0,0,0,0,0,0,0,0,0,0,0,0.0649044606459023,0.0321867183058124,0,0,0,-0.0121596348978556
NA,NA,NA,NA,NA,NA,NA,NA,NA,NA,NA,NA,NA,NA,NA,NA,NA,NA,NA,NA,NA,NA,NA,NA,NA,NA,NA,NA,NA,NA,NA,NA,NA,NA,NA,NA,NA,NA,NA,NA,NA,NA,NA,NA,NA,NA,NA,NA,NA,NA,NA,NA,NA,NA,NA,NA,NA,NA,NA,NA,NA,NA,NA,NA,NA,NA,NA,NA,NA,NA,NA,NA,NA,NA,NA,NA,NA,NA,NA,NA,NA,NA,NA,NA,NA,NA,NA,NA,NA,NA,NA,NA,NA,NA,NA,NA,NA,NA,NA,NA,NA,NA,NA,NA,NA,NA,NA,NA,NA,NA,NA,NA,NA,NA,NA,NA,NA,NA,NA,NA,NA,NA,NA,NA,NA,NA,NA,NA,NA,NA,NA,NA,NA,NA,NA,NA,NA,NA,NA,NA,NA,NA,NA,NA,NA,NA,NA,NA,NA,NA,NA,NA,NA,NA,NA,NA,NA,NA,NA,NA,NA,NA,NA,NA,NA,NA,NA,NA,NA,NA,NA,NA,NA,NA,NA,NA,NA,NA,NA,NA,NA,NA,NA,NA,NA,NA,NA
0.00364851821546833,0.348391552690155,0,0,0,0,0,0,0,0,0,0,0,0.0364897097874242,0,0,0,0,0,0,0,0,-0.0143560689345225,0,0,0,0,0,0,0.0498302492131197,-0.00289586379996723,0.0120223711995584,0,0,0,0.0194228765557973,0,0.0603385628196492,0,0.00995810600499272,-0.015735133464375,0,0,0,0,0,0,-0.00031216728658522,0,0,0,0,0,0,0,0,0,0.0246106568671382,0,-0.013974424518737,0,0,0,0,0,0,0,0,0.0123022114453121,0,0,0,0,0,0,0,0,0,0,0,-0.0265904218828607,0,0,0,0,0,0,0.0510346316258935,-0.0424081546923071,-0.0240665852378335,0,0,0,0,0,0,0,0,-0.013992769812562,0,0,0,0,0,0,0,0,0,0,0,0,0,-0.00857972742618535,0,0,0,0,0,-0.0195157063269037,-0.02122485482067,0,0,0,0,0,0,0.0525488802103612,-0.00957630264808243,0,0.00156205606550903,-0.00378594334955137,-0.00537190546953242,0,0,-0.00159260360649246,0,0.00230666385054235,0,0,0,0,0,0,0.0200884001204467,0,0,0,0,0,0,0,0,0,0,0,0.005848614870732,0.00689981291323439,0,0,0,0,0,0,0,-0.00850732714560753,0,-0.00137204441472215,0,0,0,0,0,0,0,0,0,0,0,0,0,0,0.0740482685713783,0.0609605913758271,0,0,0,-0.0133169650434793
0.00360592792874126,0.419563568090409,0,0,0,0,0,0,0,0,0,0,0,0.0203341400325103,0,0,0,0,0,0,0,0,-0.00844012039524587,0,0,0,0,0,0,0.0464226957463459,-0.00324912808442937,0.00639111113901494,0,0,0,0.000409336496872286,0,0.0555022040435512,0,0,-0.0195469781271429,0,0,-0.00394708142897447,0,0,0,0,0,0,0,0,0,0,0,0,0,0.0203972553982565,0,-0.0153887142360996,0,0,0,0,0,0,0,0,0.00788368471664633,0,0,0,0,0,0,0,0,0,0,0,-0.0235832094599123,0,0,0,0,0,0,0.0390990477699878,-0.0418623850811477,-0.01845266647738,0,0,0,0,-0.000978660332068807,0,0,0,-0.00536270676119929,0,0,0,0,0,0,0,0,0,0,0,0,0,-0.00665378096490513,0,0,0,0,0,-0.0123266821598706,-0.0108914300461191,0,0,0,0,0,0,0.0590910970920828,-0.00748941340593151,0,0,-0.00684954105309155,-0.00806282900142478,0,0,0,0,0.00677471926019403,0,0,0,0,0,0,0.0266837501444328,0.0000572360520913194,0,0,0,0,0,0,0,0,0,0,0,0.0159346410117061,0,0,0,0,0,0,-0.00249238894686944,-0.00184188639295853,0,0,0,0,0,0,0,-0.00178065327554315,0,0,0,0,0,0.0109545668371049,0,0,0.055308288968002,0.0377692729379781,0,0,0,-0.0147806746076971
0.00348396023408998,0.380702570773945,0,0,0,0,0,0,0,0,0,0,0,0.026138635749764,0,0,0,0,0,0,0,0,-0.0201242332609312,0,0,0,0,0.00137772763963349,0,0.0462219556246748,0,0.0119083470520784,0,0,0,0.0139325036850485,0,0.062482261045834,0,0.00862909902855019,-0.0133524958453072,0,0,0,0,0,0,0,0,0,0,0,0,0,0,0,-0.00204948452590466,0.0239668798943854,0,-0.0114047570577313,0,0,0,0,0,0,0,0,0.00535539750098972,0,0,0,0,0,0,0,0,0,0,0,-0.0310754546895217,0,0,0,0,0,0,0.0478729960054027,-0.0335290829935562,-0.0216755681270193,0,0,0,0,0,0,0,0,-0.00318305811129992,0,0,0,0,0,0,0,0,0,0,0,0,0,-0.00206454516745719,0,0,0,0,0,-0.0172293489856642,-0.0187479952515369,0,0,0,0,0,0,0.0478606051130876,-0.00812020595559895,0,0,0,-0.00530061121743586,0,0,0,0,0.00435275734282196,0,0,0,0,0,0,0.0195824571420242,0.00132458776844576,0,0,0,0,0,0,0.00414434091187301,0,0,0,0,0.00608728177839238,0,0,0,0,0,0,0,-0.00526231777695737,0,-0.00780975631042788,0,0,0,0,0,0,0,0,0,0,0,0,0,0,0.0684088465385372,0.052178352667539,0,0,0,-0.0143064171112205
0.00408361944719253,0.433541789866115,0,0,0,0,0,0,0,0,0,0,0,0.0110102650134023,0,0,0,0,0,0,0,0,-0.00472466409360676,0,0,0,0,0,0,0.0696475433079214,0,0.0051828732888467,0,0,0,0,0,0.0518240587630458,0,0.0100135727977322,-0.00605123295243318,0,0,-0.00738339751219086,0,0,0,-0.0144029760931083,0,0,0,0,0,0,0,0,0,0.02749000078993,0,-0.0117923681299698,0,0,0,0,0,0,0,0,0.00499247898952085,0,0,0,0,0,0,0,0,0,0,0,-0.0276303879794506,0,0,0,0,-0.000335657680817653,0,0.0240583157887324,-0.0351652450954871,-0.0194280364426477,0,0,0,0,-0.00495106413040834,0,0,0,-0.0142197008761524,0,0,0,0,0.00824633402647473,0,0,0,0,0,0,0,0,-0.00593840836150207,0,0,0,0,0,-0.000944356084511138,-0.00851589486569078,0,0,0,0,0,0,0.0432092816746151,-0.000993207523117665,0,0.00204069183905475,0,-0.00119019885052798,0,0,0,0,0.000788760098955916,0,0,0,0,0,0,0.0187527524813428,0.000306669243348621,0,0,0,0,0,0,0.0170708251842336,0,0,0,0,0.00494538568303505,0,0,0,0,0,0,0,0,0,-0.00295081291903099,0,0,0,0,0,0,0,0,0,0,0,0,0,0.00433948610451863,0.0546907942686763,0.0193956646903587,0,0,0,-0.000676156965971013
0.0041603576922048,0.397978813740067,0,0,0,0,0,0,0,0,0,0,0,0.0329060952940045,0,0,0,0,0,0,0,0,-0.0112222671503519,0,0,0,0,0.0014765356344534,0,0.0645184668243646,-0.00341283487300013,0.00690003458347468,0,0,0,0.00701729626539413,0,0.06305325698984,0,0.00338754577243937,-0.0152683118779376,0,0,-0.00220554334766503,0,0,0,-0.00231331379896057,0,0,0,0,0,0,0,0,0,0.0242271000174884,0,-0.0178671939902826,0,0,0,0,0,0,0,0,0.00892608903255455,0,0,0,0,0,0,0,0,0,0,0,-0.0273288127373271,0,0,0,0,0,0,0.0409067041943099,-0.0469151136940733,-0.0279176712770507,0,0,0,0,-0.00171405908481495,0,0,0,-0.00982598574612582,0,0,0,0,0,0,0,0,0,0,0,0,0,-0.00406489849268248,0,0,0,0,0,-0.0136877889108992,-0.023905531367886,-0.00195878386880374,0,0,0,0,0,0.0569896471405851,-0.01390598101759,0,0,0,-0.00679861159233047,0,0,-0.00455420310291938,0,0.000578597488490601,0,0,0,0,0,0,0.010442496662207,0,0,0,0,0,0,0,0,0,0,0,0.00267104493955036,0.00178153244137951,0,0,0,0,0,0,0,-0.00730987973350091,0,-0.00623379819770182,0,0,0,0,0,0,0,0,0,0,0,0,0,0,0.070629793529927,0.0528670290180619,0,0,0,-0.00763468318203356
NA,NA,NA,NA,NA,NA,NA,NA,NA,NA,NA,NA,NA,NA,NA,NA,NA,NA,NA,NA,NA,NA,NA,NA,NA,NA,NA,NA,NA,NA,NA,NA,NA,NA,NA,NA,NA,NA,NA,NA,NA,NA,NA,NA,NA,NA,NA,NA,NA,NA,NA,NA,NA,NA,NA,NA,NA,NA,NA,NA,NA,NA,NA,NA,NA,NA,NA,NA,NA,NA,NA,NA,NA,NA,NA,NA,NA,NA,NA,NA,NA,NA,NA,NA,NA,NA,NA,NA,NA,NA,NA,NA,NA,NA,NA,NA,NA,NA,NA,NA,NA,NA,NA,NA,NA,NA,NA,NA,NA,NA,NA,NA,NA,NA,NA,NA,NA,NA,NA,NA,NA,NA,NA,NA,NA,NA,NA,NA,NA,NA,NA,NA,NA,NA,NA,NA,NA,NA,NA,NA,NA,NA,NA,NA,NA,NA,NA,NA,NA,NA,NA,NA,NA,NA,NA,NA,NA,NA,NA,NA,NA,NA,NA,NA,NA,NA,NA,NA,NA,NA,NA,NA,NA,NA,NA,NA,NA,NA,NA,NA,NA,NA,NA,NA,NA,NA,NA
0.00372742174322055,0.445420957361462,0,0,0,0,0,0,0,0,0,0,0,0.0115805267784224,0,0,0,0,0,0,0,0,-0.0162348155755646,0,0,0,0,0,0,0.0537091581456639,0,0.00622531008004662,0,0,0,0,0,0.048940577540808,0,0.00146654656348714,-0.00995669352642842,0,0,-0.00912165267304003,0,0,0,-0.00471793668418862,0,0,0,0,0,0,0,0,0,0.0216628055484394,0,-0.0106213788292566,0,0,0,0,0,0,0,0,0.00455333162226864,0,0,0,0,0,0,0,0,0,0,0,-0.0320769607259761,0,0,0,0,0,0,0.031666092052728,-0.0266936423586919,-0.0143101676685112,0,0,0,0,-0.00199994046662835,0,0,0,-0.0017937838674445,0,0,0,0,0,0,0,0,0,0,0,0,0,-0.00698525899701368,0,0,0,0,0,-0.00789033412617426,-0.00671923227137179,0,0,0,0,0,0,0.0464106878357381,-0.000190832818823122,0,0,0,-0.00367353901602882,0,0,0,0,0.00537456272027721,0,0,0,0,0,0,0.0232956201371494,0.00128840374279448,0,0,0,0,0,0,0.019200315514167,0,0,0,0,0.00892117375956997,0,0,0,0,0,0,0,0,0,-0.00108875753777651,0,0,0,0,0,-0.00155331864322647,0,0,0,0,0,0,0,0,0.0504830414705721,0.0113902429477233,0,0,0,-0.0155835266592613
NA,NA,NA,NA,NA,NA,NA,NA,NA,NA,NA,NA,NA,NA,NA,NA,NA,NA,NA,NA,NA,NA,NA,NA,NA,NA,NA,NA,NA,NA,NA,NA,NA,NA,NA,NA,NA,NA,NA,NA,NA,NA,NA,NA,NA,NA,NA,NA,NA,NA,NA,NA,NA,NA,NA,NA,NA,NA,NA,NA,NA,NA,NA,NA,NA,NA,NA,NA,NA,NA,NA,NA,NA,NA,NA,NA,NA,NA,NA,NA,NA,NA,NA,NA,NA,NA,NA,NA,NA,NA,NA,NA,NA,NA,NA,NA,NA,NA,NA,NA,NA,NA,NA,NA,NA,NA,NA,NA,NA,NA,NA,NA,NA,NA,NA,NA,NA,NA,NA,NA,NA,NA,NA,NA,NA,NA,NA,NA,NA,NA,NA,NA,NA,NA,NA,NA,NA,NA,NA,NA,NA,NA,NA,NA,NA,NA,NA,NA,NA,NA,NA,NA,NA,NA,NA,NA,NA,NA,NA,NA,NA,NA,NA,NA,NA,NA,NA,NA,NA,NA,NA,NA,NA,NA,NA,NA,NA,NA,NA,NA,NA,NA,NA,NA,NA,NA,NA
0.00394629716122214,0.440696254613971,0,0,0,0,0,0,0,0,0,0,0,0.0138474014874961,0,0,0,0,0,0,0,0,-0.00686505050580085,0,0,0,0,0.00279958269541818,0,0.0624533285696509,0,0.00703781205338849,0,0,0,0,0,0.0608781259424692,0,0.0136900195196039,-0.0045935477730142,0,0,-0.00880596050382152,0,0,0,-0.00921374018454586,0,0,0,0,0,0,0,0,0,0.0255281251892677,0,-0.0126318150196262,0,0,0,0,0,0,0,0,0.0156430682157094,0,0,0,0,0,0,0,0,0,0,0,-0.0182017530079143,0,0,0,0,-0.00182788516027325,0,0.03091452634342,-0.0323977080859143,-0.0170734257157065,0,0,0,0,-0.004506927912111,0,0,0,-0.00614846249504273,0,0,0,0,0,0,0,0,0,0,0,0,0,-0.00568721230186725,0,0,0,0,0,0,-0.00802938667117249,0,0,0,0,0,0,0.0370558477004438,-0.00621681571035423,0,0,0,-0.00357758483423838,0,0,0,0,0.00106157019244837,0,0,0,0,0,0,0.0138385328015081,0,0,0,0,0,0,0,0.00406493587176632,0,0,0,0,0.00795599715811181,0,0,0,0,0,0,0,0,0,0,0,0,0,0,0,0,0,0,0,0,0,0,0,0,0.0535465534320006,0.0376165368248108,0,0,0,-0.00797633519512525
0.00393708396084667,0.343581457077229,0,0,0,-0.00447518418833639,0,0,0,0,0,0,0,0.0296968026365673,0,0,0,0,0,0,0,0,-0.0159998665369906,0,0.0104984177158325,0,0,0,0,0.0325578948159562,-0.00208052795325414,0.00256647262051704,0,0,0,0.0362617284679709,0,0.0701487639673757,0,0.0160523646636173,-0.00746206989455627,0,0,-0.00113412394937075,0,0,0,-0.000898678608097242,0,0,0,0,0,0,0,0,0,0.0294215525810046,0,-0.0100703883512922,0,0,0,0,0,0,0,0,0.0166269363819682,0,0,0,0,-0.000651268547030631,0,0,0,0,0,0,-0.0279809514151705,0,0,0,0,0,0,0.0465398768785526,-0.0552120444328354,-0.0297210194648305,0,0,0,0,0,0,0,0,-0.0114397099783315,0,0,0,0,0,0,0,0,0,0,0,0,0,-0.00753462926423042,0,0,0,0,0,-0.00865168202604708,-0.0205567449009493,-0.00997545269808496,0,0,0,0,0,0.046691754185196,-0.0100040373089194,0,0.0146146716266425,0,-0.00346454145500903,0,0,-0.0099228051184618,0,0.00085408985225408,0,0,0,0,0,0,0.018137066427854,0,0,0,0,0,0,0,0,0,0,0,0.0235558521209734,0.00472964132958894,0,0,0,0.00691214286853561,0,0,-0.0000994992082394946,-0.00605932669433673,0,0,0,0,0,0,0,0,0,0,0,0,0,0.0160744029490114,0,0,0.0829491551637048,0.0809005701073286,0,0,0,-0.00638257042902954
0.00350900187675555,0.423348702110866,0,0,0,0,0,0,0,0,0,0,0,0.0116800431486014,0,0,0,0,0,0,0,0,-0.00963166676383388,0,0,0,0,0,0,0.0697261503188795,0,0.00536444778452786,0,0.00159131670213634,0,0,0,0.0745451523842555,0,0.0124173860977358,-0.00504470944336402,0,0,0,0,0,0,-0.0101771390359604,0,0,0,0,0,0,0,0,0,0.0279338440693233,0,-0.0179090789451026,0,0,0,0,0,0,0,0,0.0162472389580218,0,0,0,0,0,0,0,0,0,0,0,-0.0211261693045556,0,0,0,0,0,0,0.0252730738418442,-0.0429016533566901,-0.0216389012797587,0,0,0,0,-0.00533955871981596,0,0,0,-0.00644639272021457,0,0,0,0,0,0,0,0,0,0,0,0,0,-0.00503232995991127,0,0,0,0,0,0,-0.0117826351043537,0,0,0,0,0,0,0.0441134763927303,-0.00384595872958825,0,0.00352504692451653,0,0,0,0,0,0,0,0,0,0,0,0,0,0.0132560231761614,0,0,0,0,0,0,0,0.00645466284767418,0,0,0,0,0,0,0,0,0,0,0,0,0,0,-0.000149926181298584,0,0,0,0,0,0,0,0,0,0,0,0,0,0,0.0551648677303493,0.0312177238079078,0,0,0,-0.00102564775553273
0.00360134486659137,0.431918135245815,0,0,0,0,0,0,0,0,0,0,0,0.0158727131568583,0,0,0,0,0,0,0,0,-0.00896838564160919,0,0,0,0,0.00138788209671641,0,0.0936342297068197,0,0.00664006982527845,0,0,0,0,0,0.0609228920566699,0,0.0164794288827103,-0.00582808138260905,0,0,0,0,0,0,-0.0116443166992045,0,0,0,0,0,0,0,0,0,0.0232369392538548,0,-0.0111163386973888,-0.00661455834331421,0,0,0,0,0,0,0,0.0179277074286319,0,0,0,0,-0.000384419836408397,0,0,0,0,0,0,-0.0200818865795222,0,0,0,0,-0.00177765500792686,0,0.026080992510793,-0.0347388981125459,-0.0221949908590771,0,0,0,0,-0.0010949313178419,0,0,0,-0.0172937866753951,0,0,0,0,0,0,0,0,0,0,0,0,0,-0.000467764524746389,0,0,0,0,0,0,-0.0125357936508991,0,0,0,0,0,0,0.0284128437770851,-0.0109698030953936,0,0,0,-0.000717359854836737,0,0,0,0,0,0,0,0,0,0,0,0.0103968383933542,0.00296197221439404,0,0,0,0,0,0,0.00491910974405773,0,0,0,0,0,0,0,0,0,0,0,0,0,0,0,0,0,0,0,0,0,0,0,0,0,0,0,0,0.0163686627551089,0.0355632327138252,0.038961002649962,0,0,0,0
0.00406281030222449,0.449778913793242,0,0,0,0,0,0,0,0,0,0,0,0.00937961544337449,0,0,0,0,0,0,0,0,-0.0109206474106545,0,0,0,0,0.0065961529533721,0,0.072975786150885,0,0.0100700497118379,0.0000902975253455885,0,0,0,0,0.0504071390621322,0,0.00819972788303127,-0.0071265103866322,0,0,-0.00226750105453325,0,0,0,-0.00947554691840472,0,0,0,0,0,0,0,0,-0.000812936623992343,0.0234442535061066,0,-0.00988943446370179,0,0,0,0,0,0,0,0,0.00546849224105596,0,0,0,0,0,0,0,0,0,0,0,-0.0222120899169149,0,0,0,0,0,0,0.0283311655635106,-0.0340953660754274,-0.0180538939298403,0,0,0,0,-0.00729412680389644,0,0,0,-0.00530033506959475,0,0,0,0,0,0,0,0,0,0,0,0,0,-0.00417655725926006,0,0,0,0,0,-0.0057651807353319,-0.00929966757398787,0,0,0,0,0,0,0.0334806026946533,-0.00368150250277028,0,0,0,-0.00459482263291751,0,0,0,0,0,0,0,0,0,0,0,0.0180245179321756,0.00753054823697648,0,0,0,0,0,0,0.0142262205830102,0,0,0,0,0,0,0,0,0,0,0,0,0,0,0,0,0,0,0,0,0,0,0,0,0,0,0,0,0.00277909132426215,0.0531723076693673,0.0242370775813271,0,0,0,-0.00837810867959271
0.00348030602983322,0.352104439795644,0,0,0,0,0,0,0,0,0,0,0,0.025870653659323,0,0,0,0,0,0,0,0,-0.00931148527440048,0,0,0,0,0,0,0.0483308223552776,0,0.00346422706435017,0,0,0,0.0206164124734014,0,0.0798734786693093,0,0.0180124828861926,-0.0104497308359832,0,0,0,0,0,0,-0.00273763130657442,0,0,0,0,0,-0.000462278123836275,0,-0.000386138816633752,0,0.0274698181469734,0,-0.0176033910169032,0,0,0,0,0,0,0,0,0.0218995161039536,0,0,0,0,0,0,0,0,0,0,0,-0.0229388209720223,0,0,0,0,0,0,0.0408875553104837,-0.0512581504204578,-0.0283639541039587,0,0,0,0,0,0,0,0,-0.0123916531085878,0,0,0,0,0,0,0,0,0,0,0,0,0,-0.0037182421573337,0,0,0,0,0,-0.00902101611333856,-0.0219552203605567,-0.0069421063045365,0,0,0,0,0,0.0493098129786097,-0.0133429910389318,0,0.00866631565285263,0,-0.00594926996252872,0,0,-0.000364311047375134,0,0.0039127221952218,0,0,0,0,0,0,0.00853101845668251,0,0,0,0,0,0,0,0,0,0,0,0.00226276119385066,0,0,0,0,0,0,0,0,-0.00614494387469217,0,-0.00226961366201774,0,0,0,0,0,0,0,0,0,0,0,0,0,0,0.0716637639341909,0.0652348169273242,0,0,0,-0.00261951932590675
0.00336500994979399,0.398587725056354,0,0,0,0,0,0,0,0,0,0,0,0.0234466765939905,0,0,0,0,0,0,0,0,-0.0134670850999921,0,0.0146152712950593,0,0,0,0,0.0605296617870628,0,0.00024230147477279,0,0,0,0.0089900526379137,0,0.0690709510018911,0,0.0164641272374726,-0.00762541479949491,0,0,0,0,0,0,-0.0103146384726151,0,0,0,0,0,0,0,0,0,0.02780834120304,0,-0.0160187332839702,0,0,0,0,0,0,0,0,0.0067377911562633,0,0,0,0,0,0,0,0,0,0,0,-0.024757655528263,0,0,0,0,0,0,0.0315511853648168,-0.0380338252473107,-0.026612746192337,0,0,0,0,-0.00132987433738123,0,0,0,-0.0208200647408636,0,0,0,0,0,0,0,0,0,0,0,0,0,-0.0037703159751691,0,0,0,0,0,-0.00589557897854164,-0.01812755382251,0,0,0,0,0,0,0.0435044810706941,-0.0110691763466217,0,0.00470367648906113,0,0,0,0,0,0,0,0,0,0,0,0,0,0.0100857311590264,0,0,0,0,0,0,0,0,0,0,0,0,0,0,0,0,0,0,0,0,-0.00143248564360467,0,-0.00100115862213998,0,0,0,0,0,0,0,0,0,0,0,0,0,0,0.060200922485888,0.0518030914870503,0,0,0,-0.0016410326834627
0.00314571088341173,0.405941379968835,0,0,0,0,0,0,0,0,0,0,0,0.0154692333846327,0,0,0,0,0,0,0,0,-0.0121876875708881,0,0,0,0,0,0,0.0700641189202627,0,0,0,0,0,0,0,0.0801030754029467,0,0.017684058069508,-0.00963235937149863,0,0,0,0,0,0,-0.00625049145303861,0,0,0,0,0,0,0,0,0,0.0211805667669801,0,-0.0182390932418652,0,0,0,0,0,0,0,0,0.0115632744558662,0,0,0,0,0,0,0,0,0,0,0,-0.021400016097287,0,0,0,0,0,0,0.0309869922884025,-0.0394548360692142,-0.0238263218652723,0,0,0,0,-0.00229700808344163,0,0,0,-0.0129181809084076,0,0,0,0,0,0,0,0,0,0,0,0,0,-0.00358523648871592,0,0,0,0,0,-0.00287100756236865,-0.0127241451791476,-0.00932244977910353,0,0,0,0,0,0.0374811140002059,-0.00203985187228808,0,0,0,-0.00654912393350019,0,0,0,0,0.00390259991628936,0,0,0,0,0,0,0.00695370073481266,0,0,0,0,0,0,0,0,0,0,0,0,0,0,0,0,0,0,0,0,-0.00116294226422325,0,-0.0101498116803709,0,0,0,0,0,0,0,0,0,0,0,0,0,0,0.0739076786206458,0.0480229393313891,0,0,0,-0.0105151796902873
0.00397104370673644,0.454161215544615,0,0,0,0,0,0,0,0,0,0,0,0.00356208999803875,0,0,0,0,0,0,0,0,-0.00666232518821952,0,0,0,0,0.00662647028716007,0,0.0846083745897811,0,0,0,0.00261930449355645,0,0,0,0.0754656427635905,0,0.0164634524523517,-0.00319055763951021,0,0,-0.0062846491271981,0,0,0,-0.0138679080140858,0,0,0,0,0,0,0,0,0,0.0225904348702664,0,-0.0135232193076346,0,0,0,0,0,0,0,0,0.00609967215969894,0,0,0,0,0,0,0,0,0,0,0,-0.0125291578165164,0,0,0,0,0,0,0.0135012588633703,-0.0342277245623586,-0.0192787474800475,0,0,0,0,-0.00816769726522553,0,0,0,-0.0145343389513304,0,0,0,0,0,0,0,0,-0.000362147112569438,0,0,0,0,-0.00641465962783407,0,0,0,0,0,0,-0.00967548921301083,0,0,0,0,0,0,0.0266768722848741,-0.00664391382449067,0,0.00320858943827998,0,0,0,0,0,0,0,0,0,0,0,0,0,0,0,0,0,0,0,0,0,0.00748297165581659,0,0,0,0,0,0,0,0,0,0,0,0,0,0,0,0,0,0,0,0,0,0,0,0,0,0,0,0,0.0185273082231536,0.0532939132510474,0.0234214283508739,0,0,0,0
0.00281278781436149,0.39371236697118,0,0,0,-0.0000944124017328775,0,0,0,0,0,0,0,0.0137990894934356,0,0,0,0,0,0,0,0,-0.00934542000543149,0,0,0,0,0.000226864713225534,0,0.071083412874564,0,0.0131916940857198,0,0,0,0.0107316585249643,0,0.034553334092893,0,0.0157327348294608,-0.00885914005982287,0,0,0,0,0,0,-0.00900524575175094,0,0,0,0,0,0,0,0,0,0.0271459012345413,0,-0.0134461512800398,0,0,0,0,0,0,0,0,0.0243895404172567,0,0,0,0,0,0,0,0,0,0,0,-0.0193081455245566,0,0,0,0,0,0,0.0287320619003504,-0.0414650812926266,-0.0198729880776722,0,0,0,0,-0.00209546715299455,0,0,0,-0.0176643465861836,0,0,0,0,0,0,0,0,0,0,0,0,0,-0.0155071962192816,0,0,0,0,0,-0.0109006469498544,-0.0102252471474548,0,0,0,0,0,0,0.0447037736560875,-0.00524688387045042,0,0.00860151576837354,0,-0.00490519301189805,0,0,0,0,0,0,0,0,0,0,0,0.00274625287254578,0,0,0,0,0,0,0,0,0,0,0,0.0129757071457669,0,0,0,0,0.000633200570680528,0,0,0,0,0,-0.00189891473264789,0,0,0,0,0,0,0,0,0,0,0,0.000487836360747292,0,0,0.0488082518659919,0.0610727913005289,0,0,0,-0.00274459530901436
0.00547847288802975,0.467251669308783,0,0,0,0,0,0,0,0,0,0,0,0.00211890172283175,0,0,0,0,0,0,0,0,-0.0186867095335772,0,0,0,0,0.00837647925419342,0,0.0663333655234826,0,0.00595053320267926,0,0.00728193392133765,0,0,0,0.0492911421461544,0,0.0015498292629232,-0.0170949764515957,0,0,-0.00279920135665455,0,0,0,-0.00303465287510788,0,0,0,0,0,0,0,0,-0.000542906047468389,0.0187509480988053,0,-0.00915737981099177,0,0,0,0,0,0,0,0,0.00214708332819728,0,0,0,0,0,0,0,0,0,0,0,-0.0180725975967915,0,0,0,0,0,0,0.0240583497167166,-0.0258488489290375,-0.0139086069229295,0,0,0,0,0,0,0,0,0,0,0,0,0,0,0,0,0,0,0,0,0,0,-0.0117472584668793,0,0,0.00155207513974209,0,0,-0.013547168918886,-0.00792453201090398,0,0,0,0,0,0,0.0490479723708543,0,0,0,0,-0.00643623567833326,0,0,0,0,0.000679045909531553,0,0,0,0,0,0,0.0121517619598727,0,0,0,0,0,0,0,0.00841940474117127,0,0,0,0,0.00320794149473494,0,0,0,0,0,0,0,0,0,0,0,0,0,0,0,0,0,0,0,0,0,0,0,0.00105910260626712,0.0579838267418353,0.00974401295817708,0,0,0,-0.0167251086713125
0.00274166109294841,0.317584835751105,0,0,0,-0.00115675854761397,0,0,0,0,0,0,0,0.0121878276326884,0,0,0,0,0,0,0,0,-0.0118469129560843,0,0.00668905996738985,0,0,0,0,0.0308064685187389,0,0.00247627164057817,0,0,0,0.0486595146481533,0,0.0795204703473479,0,0.0246173208958399,-0.00759670639499215,0,0,-0.00462900189546963,0,0,0,-0.00420947130701251,0,0,0,0,0,0,0,0,0,0.0332148307900883,0,-0.00931309108525797,0,0,0,0,0,0,0,0,0.014001478919582,0,0.00122059985270175,0,0,0,0,0,0,0,0,0,-0.0198478539659768,0,0,0,0,0,0,0.0355166812317604,-0.0449935940932503,-0.0220440936739252,0,0,0,0,0,0,0,0,-0.0171561535424725,0,0,0,0,0,0,0,0,0,0,0,0,0,-0.0105465300548858,0,0,0,0,0,-0.00672357989247979,-0.0238452794634743,-0.000432245716492243,0,0,0,0,0,0.0477328365221474,-0.0104467567108579,0,0.0242069006902897,0,-0.000705929166799299,0,0,-0.00228508974053415,0,0,0,0,0,0,0,0,0.000282706646044912,0,0,0,0,0,0,0,0,0,0,0,0,0,0,0,0,0.0043014724292321,0,0,0,0,0,0,0,0,0,0,0,0,0,0,0,0,0,0,0,0,0.0720911249096307,0.0772888364123393,0,0,0,-0.00381508022874546
0.00378586071666283,0.436248722941926,0,0,0,0,0,0,0,0,0,0,0,0.00360730694988516,0,0,0,0,0,0,0,0,-0.0192063651602044,0,0,0,0,0.0025739971808298,0,0.061141159047281,0,0,0,0.00301757049748184,0,0,0,0.068757459769115,0,0.0152285109505931,-0.0118821078450109,0,0,-0.0025823722225592,0,0,0,-0.00466628424767152,0,0,0,0,0,0,0,0,0,0.0168280107647024,0,-0.0148512023992839,0,0,0,0,0,0,0,0,0.0138442250334363,0,0,0,0,0,0,0,0,0,0,0,-0.0131532446618655,0,0,0,0,0,0,0.0253977921099724,-0.0300577244710839,-0.015285078198167,0,0,0,0,-0.00466943667223147,0,0,0,-0.00590466187501468,0,0,0,0,0,0,0,0,0,0,0,0,0,-0.0111461349921048,0,0,0,0,0,-0.00380151629888122,-0.0129165957109286,0,0,0,0,0,0,0.0432079220258428,-0.00500989223434763,0,0,0,-0.00286584688683426,0,0,0,0,0,0,0,0,0,0,0,0,0,0,0,0,0,0,0,0,0,0,0,0,0,0,0,0,0,0,0,0,0,0,0,0,0,0,0,0,0,0,0,0,0,0,0,0,0,0.0633321494736689,0.0406396565851743,0,0,0,-0.00828453488284988
0.00390082971916648,0.387967353200501,0,0,0,0,0,0,0,0,0,0,0,0.0293865239407097,0,0,0,0,0,0,0,0,-0.0156824573776796,0,0,0,0,0.000953917273247991,0,0.0598232031911948,0,0.00110290470147965,0,0,0,0.00488907533551797,0,0.066209557995704,0,0.00747282096451735,-0.0105112636005598,0,0,-0.00376472346115167,0,0,0,-0.00114054089407969,0,0,0,0,0,0,0,0,0,0.0228970016119674,0,-0.0145535960457726,0,0,0,0,0,0,0,0,0.0177616893536273,0,0,0,0,0,0,0,0,0,0,0,-0.0165837717748768,0,0,0,0,0,0,0.0397920195165343,-0.042429920933701,-0.0205145666710161,0,0,0,0,-0.00334001209565436,0,0,0,-0.0047217152374498,0,0,0,0,0,0,0,0,0,0,0,0,0,-0.00763116045266166,0,0,0,0,0,-0.0128741013505315,-0.0188272401369006,0,0,0,0,0,0,0.0503091896285788,-0.0055806390945405,0,0,0,-0.00774038772089218,0,0,0,0,0,0,0,0,0,0,0,0.0132267763184062,0,0,0,0,0,0,0,0,0,0,0,0,0.00573661226525099,0,0,0,0,0,0,0,0,0,0,0,0,0,0,0,0,0,0,0,0,0,0,0,0,0.0629218786518606,0.0530574352459676,0,0,0,-0.00423357993023107
0.00435931714147066,0.376268457217317,0,0,0,0,0,0,0,0,0,0,0,0.0250346837576341,0,0,0,0,0,0,0,0,-0.0204974025851801,0,0,0,0,0,0,0.0579423326874387,0,0.000913858776617102,0,0,0,0.00935405838808442,0,0.0719667662712257,0,0.014917495157453,-0.00961945561307612,0,0,-0.000517245033653608,0,0,0,-0.00136509655822975,0,0,0,0,0,0,0,0,0,0.0236890578661071,0,-0.0189097440463605,0,0,0,0,0,0,0,0,0.0218712383774336,0,0,0,0,0,0,0,0,0,0,0,-0.0165709957833469,0,0,0,0,0,0,0.0390928840652881,-0.0417951054718644,-0.0211245202898824,0,0,0,0,-0.00356055787214384,0,0,0,-0.00306484655595377,0,0,0,0,0,0,0,0,0,0,0,0,0,-0.0105833449697016,0,0,0,0,0,-0.0139478508113886,-0.022491990052429,0,0,0,0,0,0,0.0484754024725137,-0.0105166589362887,0,0,0,-0.00785704534189517,0,0,-0.00154359052143296,0,0.00410361339859853,0,0,0,0,0,0,0.00411151544438922,0,0,0,0,0,0,0,0,0,0,0,0,0.002414591089025,0,0,0,0.000126984206700551,0,0,0,-0.00250813558213688,0,0,0,0,0,0,0,0,0,0,0,0,0,0,0,0,0.0719908577941336,0.0577767276802718,0,0,0,-0.00555523803291753
0.00275395114110083,0.432707632240128,0,0,0,0,0,0,0,0,0,0,0,0.0125384458923113,0,0,0,0,0,0,0,0,-0.0175284247801147,0,0,0,0,0.00323175111536136,0,0.0722152720150926,0,0.00159216615786958,0,0.00252273236235422,0,0,0,0.0548935901674788,0,0.0136276758251093,-0.00510567250408782,0,0,-0.00366831806297984,0,0,0,-0.00378338429272314,0,0,0,0,0,0,0,0,-0.000183897018949744,0.0188495041793107,0,-0.0105375160126629,0,0,0,0,0,0,0,0,0.00911532749177336,0,0,0,0,0,0,0,0,0,0,0,-0.0145176182711253,0,0,0,0,0,0,0.0268398298032817,-0.0283798310352677,-0.0164279008663351,0,0,0,0,-0.00126007269649874,0,0,0,-0.00470422115720973,0,0,0,0,0,0,0,0,0,0,0,0,0,-0.00731011633656418,0,0,0,0,0,-0.00170209900935787,-0.00474795857128503,0,0,0,0,0,0,0.044990432847349,-0.00324472473679375,0,0,0,-0.0035171827170459,0,0,0,0,0,0,0,0,0,0,0,0.0133933254044321,0,0,0,0,0,0,0,0.00421173596290089,0,0,0,0,0,0,0,0,0,0,0,0,0,0,0,0,0,0,0,0,0,0,0,0,0,0,0,0,0.00156639769767194,0.0516437045608912,0.0242881096847945,0,0,0,-0.00282297304369591
0.00346755663349763,0.419636729185357,0,0,0,0,0,0,0,0,0,0,0,0.0282679047056317,0,0,0,0,0,0,0,0,-0.0237673076663157,0,0,0,0,0.00478095515315345,0,0.0854050043071513,0,0.0026901649488142,0,0,0,0,0,0.059553681940849,0,0.0104943625883117,-0.0104701078201353,0,0,0,0,0,0,-0.00473947705844919,0,0,0,0,0,0,0,0,0,0.0240662225654609,0,-0.0188576363868445,0,0,0,0,0,0,0,0,0.0116444440778776,0,0,0,0,0,0,0,0,0,0,0,-0.0134038179236281,0,0,0,0,0,0,0.032646661567909,-0.0376116356873969,-0.0214911310785219,0,0,0,0,-0.00162123094864912,0,0,0,-0.00669456841152413,0,0,0,0,0,0,0,0,0,0,0,0,0,-0.00701674395414657,0,0,0,0,0,-0.0111259508327346,-0.0165140403445495,0,0,0,0,0,0,0.0367965787885762,-0.00946303696451184,0,0,0,-0.00669079556288798,0,0,-0.00703828799951316,0,0.00138510052024458,0,0,0,0,0,0,0.000231163457604411,0,0,0,0,0,0,0,0.00100590991999507,0,0,0,0,0,0,0,0,0,0,0,0,0,0,0,0,0,0,0,0,0,0,0,0,0,0,0,0,0.0115885882229488,0.0788508592845011,0.0355563175085323,0,0,0,-0.00774800991616639
0.00338181740107082,0.368612643934812,0,0,0,0,0,0,0,0,0,0,0,0.0279726225930404,0,0,0,0,0,0,0,0,-0.0219175710161381,0,0,0,0,0,0,0.0715929355320673,0,0.00748778441809159,0,0,0,0.00470361489273891,0,0.0570745187631783,0,0,-0.00757151807429554,0,0,0,0,0,0,-0.00225336338012528,0,0,0,0,0,0,0,0,0,0.0258583478193132,0,-0.0184408959523131,0,0,0,0,0,0,0,0,0.0219878362774352,0,0,0,0,0,0,0,0,0,0,0,-0.0133759400810635,0,0,0,0,0,0,0.0391112763810992,-0.0385924271849454,-0.0225268364209351,0,0,0,0,-0.000202717414403457,0,0,0,-0.0140526262304673,0,0,0,0,0,0,0,0,0,0,0,0,0,-0.00439515936672847,0,0,0,0,0,-0.0160091464012719,-0.0208740480749622,-0.00330881770531011,0,0,0,0,0,0.0485174640398112,-0.0159102687014994,0,0.00461691490745503,0,-0.00221339625416261,0,0,-0.00185524361766656,0,0,0,0,0,0,0,0,0.00885843501362489,0,0,0,0,0,0,0,0.00548643442697188,0,0,0,0,0.00351356808270886,0,0,0,0.00719696739833541,0,0,0,0,0,0,0,0,0,0,0,0,0,0,0,0,0,0,0,0,0.100714275957771,0.0551057257685525,0,0,0,-0.00208235160852522
0.00515198682699446,0.376610003211983,0,0,0,0,0,0,0,0,0,0,0,0.0325485447183909,0,0,0.0162244025053038,0,0,0,0,0,-0.0205535553575417,0,0.012470679057908,0,0,0.00250797909614901,0,0.0655133386689183,-0.0163453396809827,0.000936392121332144,0,0,0,0.0102522884234094,0,0.0824758661368216,0,0.0125816753290851,-0.0143748750970451,0,0,-0.0111656296940945,0,0,0,-0.00102820565679506,0,0,0,0,0,0,0,-0.00615795703655605,0,0.0175632510543153,0,-0.0158526243823298,0,0,0,0,0,0,0,0,0.00510452086077073,0,0,0,0,0,0,0,0,0,0,0,-0.0123401079802734,0,0,0,0,0,0,0.0430329551875112,-0.0454583758843487,-0.0287371923663952,0,0,0,0,-0.00123161267910417,0,0,0,-0.015244783889943,0,0,0,0,0,0,0,0,-0.00266356829430042,0,0,0,0,-0.0116158443612693,0,0,0,0,0,-0.0196340007104945,-0.0267249616735844,-0.0135363496963853,0,0,0,0,0,0.0383152873944334,-0.0247210943575298,0,0.00381403730881827,0,-0.0102395979289973,0,0,-0.0204858278585437,0,0,-0.000818791456180059,0,0,0,0,0,0.00237642450071769,0,0,0,0,0,0,0,0,0,0,0,0.010249568864531,0,0,0,0,0.0002354421527813,0,0,0,-0.0115379984536066,0,0,0,0,0,0,0,0,0,0,0,0,0,0,0,0,0.0866927501566785,0.0653365198439275,0,0,0,-0.0169633689840031
0.00481368399549075,0.338358002729742,0,0,0,-0.0137594383833291,0,0,0,0,0,0,0,0.0399500861110705,0,0,0,0,0,0,0,0,-0.015668008116045,0,0.00491275330208936,-0.000877729144777084,0,0.00824833817815068,0,0.0667721094458775,-0.00595292493076725,0.00219962301947159,0,0,0,0.0406001781131334,0,0.0491452501394813,0,0.0174007203741445,-0.0122575407322764,0,0,-0.00705618465002434,0,0,0,0,0,0,0,0,0,0,0,0,0,0.0257156800034704,0,-0.0116603908737963,0,0,0,0,-0.00255052991308276,0,0,0,0.00650574012369972,0,0,0,0,0,0,0,0,0,0,0,-0.0169497081539109,0,0,0,0,0,0,0.05191397229889,-0.0469791745847459,-0.0276671614506158,0,0,0,0,0,0,0,0,-0.0181301129592641,0,0,0,0,0,0,0,0,0,0,0,0,0,-0.00794551571864179,0,0,0,0,0,-0.0203674872892267,-0.0276710597093256,-0.00459044917692891,0,0,-0.00340555890196591,0,0,0.0486194283307094,-0.0213391284561294,0,0.0186895620581348,0,-0.00103986807482607,0,0,-0.0109680047842522,0,0,0,0,0,0,0,0,0,0,0,0,0,0,0,0,0,0,0,0,0.02269300590007,0.00133196032283101,0,0,0,0,0,0,0,-0.00136272024084711,0,0,0,0,0,0,0,0,0,0,0,0,0,0,0,0,0.0942582983228037,0.0743733628899563,0,0,0,-0.00455558406638166
0.00284054596433647,0.456330146606199,0,0,0,0,0,0,0,0,0,0,0,0.00219670215946043,0,0,0,0,0,0,0,0,-0.0205735238312497,0,0,0,0,0.00669191492247923,0,0.0845653754187925,0,0.000737475647009409,0,0.00074951733388488,0,0,0,0.032976251553378,0,0.00678761841088944,-0.00210438769103556,0,0,-0.0123614792681075,0,0,0,-0.00298584270655576,0,0,0,0,0,0,0,0,-0.00310661159424733,0.0194831225206012,0,-0.0108459956172423,0,0,0,0,0,0,0,0,0,0,0,0,0,0,0,0,0,0,0,0,-0.00665086591161005,0,0,0,0,-0.000383299373157341,0,0.0127533456581677,-0.0238322476314301,-0.0130283049209592,0,0,0,0,-0.00564987543820913,0,0,0,-0.0055736567478799,0,0,0,0,0,0,0,0,0,0,0,0,0,-0.00918423410581158,0,0,0,0,0,-0.00170295663734907,-0.00708154615190371,0,0,0,0,0,0,0.0309208470172904,0,0,0,0,-0.00457988834977235,0,0,0,0,0.000333418970274093,0,0,0,0,0,0,0.00503795479947254,0,0,0,0,0,0,0,0.0132704795700289,0,0,0,0,0,0,0,0,0,0,0,0,0,0,0,0,0,0,0,0,0,0,0,0,0,0,0,0,0.0331183543020623,0.0582571431354469,0.00626507552076187,0,0,0,-0.00837318549261277
0.00286085289643856,0.433840691711489,0,0,0,0,0,0,0,0,0,0,0,0.000080755417458097,0,0,0,0,0,0,0,0,-0.0257621662856813,0,0,0,0,0.00548440929661974,0,0.0968779156768799,0,0.00211501837920773,0,0.00174512144204964,0,0,0,0.0318909084551655,0,0.00284084946871185,-0.00352013986210915,0,0,-0.00567127480351666,0,0,0,-0.00411596027799005,0,0,0,0,0,0,0,0,-0.00522133469645793,0.0227781766060189,0,-0.0106999930472133,0,0,0,0,0,0,0,0,0,0,0,0,0,0,0,0,0,0,0,0,-0.00989642257686956,0,0,0,0,0,0,0.0137544369928956,-0.0293499856986245,-0.0161300803886345,0,0,0,0,0,0,0,0,-0.0102887483926553,0,0,0,0,0,0,0,0,0,0,0,0,0,-0.00887793284422251,0,0,0,0,0,-0.00546961665078536,-0.013183013134683,0,0,0,0,0,0,0.0348218363904027,-0.00266281822631506,0,0,0,-0.00320989516614438,0,0,0,0,0.00207017649788505,0,0,0,0,0,0,0.0124001213534226,0,0,0,0,0,0,0,0.0153865604918871,0,0,0,0,0,0,0,0,0,0,0,0,0,0,0,0,0,0,0,0,0,0,0,0,0,0,0,0,0.0327867357480302,0.0677159393246682,0.00907575887297591,0,0,0,-0.0100815118511029
0.00279111630148137,0.435176352279025,0,0,0,0,0,0,0,0,0,0,0,0.000876672739143364,0,0,0,0,0,0,0,0,-0.0253835534576601,0,0,0,0,0.00307295047579443,0,0.0841430337442054,0,0,0,0.0041936760967546,0,0,0,0.0325598104166108,0,0.00988596483149888,-0.00279288223718156,0,0,-0.00307768484996298,0,0,0,-0.00231523411463395,0,0,0,0,0,0,0,0,-0.00629526809822287,0.0211975192809341,0,-0.0117903625299483,0,0,0,0,0,0,0,0,0,0,0,0,0,0,0,0,0,0,0,0,-0.0102738310085259,0,0,0,0,0,0,0.0144058269962554,-0.0281223406458619,-0.0141956978997578,0,0,0,0,0,0,0,0,-0.00758903438216261,0,0,0,0,0,0,0,0,0,0,0,0,0,-0.00831582652956854,0,0,0,0,0,-0.00829474128412763,-0.00931846647686902,0,0,0,0,0,0,0.0329784559420337,0,0,0,0,-0.00323319492338693,0,0,0,0,0.00398115577825909,0,0,0,0,0,0,0.00879411462823529,0,0,0,0,0,0,0,0.0210147272528294,0,0,0,0,0,0,0,0,0,0,0,0,0,0,0,0,0,0,0,0,0,0,0,0,0,0,0,0,0.0381746513297897,0.0717902450493706,0,0,0,0,-0.0168231642972712
0.00130818801150692,0.477780363505289,0,0,0,0,0,0,0,0,0,0,0,0,0,0,0,0,0,0,0,0,-0.0180511802105646,0,0,0,0,0.000318236166734267,0,0.0591479777061614,0,0,0,0.0101497903674037,0,0,0,0.0405769385832172,0,0,0,0,0,0,0,0,0,0,0,0,0,0,0,0,0,0,-0.00486245945992003,0.0152841385179068,0,-0.00387978252834246,0,0,0,0,0,0,0,0,0.00731181010359346,0,0,0,0,0,0,0,0,0,0,0,-0.00997558295223677,0,0,0,0,0,0,0.0146795927725169,-0.00864545575292433,-0.00582572044214042,0,0,0,0,0,0,0,0,0,0,0,0,0,0,0,0,0,0,0,0,0,0,-0.0110745796092086,0,0,0,0,0,0,0,0,0,0,0,0,0,0.0423738812711304,0,0,0,0,0,0,0,0,0,0.00625956045321001,0,0,0,0,0,0,0.0087743977522429,0,0,0,0,0,0,0,0.0136447422166357,0,0,0,0,0,0,0,0,0,0,0,0,0,0,0,0,0,0,0,0,0,0,0,0,0,0,0,0,0.00502125621129276,0.0446174636927397,0,0,0,0,-0.00143358360014797
0.00226218234229402,0.45299606738558,0,0,0,0,0,0,0,0,0,0,0,0,0,0,0,0,0,0,0,0,-0.0270824472696186,0,0,0,0,0,0,0.0646742579356967,0,0.00214815241860416,0,0.0103255155841686,0,0,0,0.0457951435501938,0,0.00978136624151844,-0.00850145651812447,0,0,-0.0104476774021042,0,0,0,-0.000281156259019769,0,0,0,0,0,0,0,0,-0.0142393717839576,0.0173276929456625,0,-0.00611800775002147,0,0,0,0,0,0,0,0,0,0,0,0,0,0,0,0,0,0,0,0,-0.0105497712977727,0,0,0,0,0,0,0.0204504521718085,-0.0157211436775036,-0.00606182242509947,0,0,0,0,0,0,0,0,0,0,0,0,0,0,0,0,0,0,0,0,0,0,-0.0158432941235217,0,0,0,0,0,-0.00501686839805006,0,0,0,0,0,0,0,0.0357581622565176,0,0,0,0,-0.00248188520721558,0,0,0,0,0.00298445337864152,0,0,0,0,0,0,0.00366120411974326,0,0,0,0,0,0,0,0.0114888214794199,0,0,0,0,0,0,0,0,0,0,0,0,0,0,0,0,0,0,0,0,0,0,0,0,0,0,0,0,0.00628462783485769,0.0474287795219913,0,0,0,0,-0.0144886513773225
0.00295235526855272,0.389227935796376,0,0,0,0,0,0,0,0,0,0,0,0.0112279892704782,0,0,0,0,0,0,0,0,-0.0239846226772014,0,0,0,0,0,0,0.0548259533253139,0,0.0000612112316756892,0,0.00322098799721321,0,0.00555720725765338,0,0.0581592098025971,0,0.00861990369298491,-0.0171941244575893,0,0,-0.00412605600268429,0,0,0,-0.000221644580358538,0,0,0,0,0,0,0,0,-0.00616174688759408,0.0203789254643982,0,-0.0188671299334924,0,0,0,0,0,0,0,0,0.0102012360740484,0,0,0,0,0,0,0,0,0,0,0,-0.017308672142514,0,0,0,0,0,0,0.0353816759925447,-0.0326215539661351,-0.0159559959149034,0,0,0,0,0,0,0,0,-0.00147416651741503,0,0,0,0,0,0,0,0,0,0,0,0,0,-0.0100029172477231,0,0,0,0,0,-0.0112506705636543,-0.0131186313342012,0,0,0,0,0,0,0.0554764369049724,0,0,0,0,-0.0056545768186475,0,0,0,0,0.00410498495326361,0,0,0,0,0,0,0.00898709996366174,0,0,0,0,0,0,0,0,0,0,0,0,0,0,0,0,0,0,0,0,0,0,0,0,0,0,0,0,0,0,0,0,0,0,0,0,0,0.0597596004261243,0.0403743923972572,0,0,0,-0.0107338408776917
0.000202584913545538,0.445575994388504,0,0,0,0,0,0,0,0,0,0,0,0,0,0,0,0,0,0,0,0,-0.0283763033453356,0,0,0,0,0,0,0.0490687503531978,0,0.00458072324512842,0,0.00476493450221955,0,0.00640225076769866,0,0.0416445645396396,0,0.00772945810605492,-0.00463268302451078,0,0,-0.00641734885400481,0,0,0,0,0,0,0,0,0,0,0,0,-0.0106115962861027,0.0168599040619533,0,-0.00333273176495384,0,0,0,0,0,0,0,0,0.00471221142741614,0,0,0,0,0,0,0,0,0,0,0,-0.010949798153222,0,0,0,0,0,0,0.0252688594585762,-0.0129891567521354,-0.00644782666618527,0,0,0,0,0,0,0,0,-0.00333824748716473,0,0,0,0,0,0,0,0,0,0,0,0,0,-0.00933498077564787,0,0,0,0,0,0,0,0,0,0,0,0,0,0.0417890706884912,0,0,0,0,-0.00261989941602019,0,-0.000756814854202515,0,0,0.00528535542510464,0,0,0,0,0,0,0.00568412036791586,0,0,0,0,0,0,0,0.0027832764813916,0,0,0,0,0,0,0,0,0,0,0,0,0,0,0,0,0,0,0,0,0,0,0,0,0,0,0,0,0,0.0395036577560068,0,0,0,0,-0.00966049553960108
0.000624969544191341,0.468445897508598,0,0,0,0,0,0,0,0,0,0,0,0,0,0,0,0,0,0,0,0,-0.0294373848578803,0,0,0,0,0,0,0.0445848362307649,0,0,0,0.00394715412176059,0,0.00497515314425157,0,0.0350392659107219,0,0.0143696760681966,-0.00704836905626025,0,0,-0.00966907728695806,0,0,0,0,0,0,0,0,0,0,0,0,-0.0114899622202674,0.0132288593381065,0,-0.00216357291154913,0,0,0,0,0,0,0,0,0,0,0,0,0,0,0,0,0,0,0,0,-0.0158647589834557,0,0,0,0,0,0,0.0234009686359187,-0.00763437659782413,-0.00275646739283707,0,0,0,0,0,0,0,0,-0.00291866729777523,0,0,0,0,0,0,0,0,0,0,0,0,0,-0.0165771033720935,0,0,0,0,0,0,0,0,0,0,0,0,0,0.0297456332729546,0,0,0,0,0,0,0,0,0,0.00422462759976673,0,0,0,0,0,0,0,0,0,0,0,0,0,0,0.000580496991855067,0,0,0,0,0,0,0,0,0,0,0,0,0,0,0,0,0,0,0,0,0,0,0,0,0,0,0,0,0,0.0307679907629141,0,0,0,0,-0.00962705859494313
0.00240460009120951,0.455360919905825,0,0,0,0,0,0,0,0,0,0,0,0,0,0,0,0,0,0,0,0,-0.0277905090796233,0,0,0,0,0.000619361670194242,0,0.0606990384096335,0,0.0057433022942599,0,0.0069610286509496,0,0,0,0.0391429151158019,0,0.00420514270021287,-0.0106374819225563,0,0,-0.00667308938967343,0,0,0,0,0,0,0,0,0,0,0,0,-0.00199663543609497,0.0160406358783156,0,-0.00457644334464485,0,0,0,0,0,0,0,0,0,0,0,0,0,0,0,0,0,0,0,0,-0.0118812410649329,0,0,0,0,0,0,0.0185301847073664,-0.017710316598717,-0.0104122771228381,0,0,0,0,0,0,0,0,0,0,0,0,0,0,0,0,0,0,0,0,0,0,-0.0126071181008247,0,0,0,0,0,-0.00139526713353693,-0.000772887981782035,0,0,0,0,0,0,0.040514048182857,0,0,0,0,-0.00709690252376385,0,0,0,0,0,0,0,0,0,0,0,0.00942163534546481,0,0,0,0,0,0,0,0.00725329738521104,0,0,0,0,0,0,0,0,0,0,0,0,0,0,0,0,0,0,0,0,0,0,0,0,0,0,0,0,0,0.0457428532684189,0,0,0,0,-0.0134028559034136
NA,NA,NA,NA,NA,NA,NA,NA,NA,NA,NA,NA,NA,NA,NA,NA,NA,NA,NA,NA,NA,NA,NA,NA,NA,NA,NA,NA,NA,NA,NA,NA,NA,NA,NA,NA,NA,NA,NA,NA,NA,NA,NA,NA,NA,NA,NA,NA,NA,NA,NA,NA,NA,NA,NA,NA,NA,NA,NA,NA,NA,NA,NA,NA,NA,NA,NA,NA,NA,NA,NA,NA,NA,NA,NA,NA,NA,NA,NA,NA,NA,NA,NA,NA,NA,NA,NA,NA,NA,NA,NA,NA,NA,NA,NA,NA,NA,NA,NA,NA,NA,NA,NA,NA,NA,NA,NA,NA,NA,NA,NA,NA,NA,NA,NA,NA,NA,NA,NA,NA,NA,NA,NA,NA,NA,NA,NA,NA,NA,NA,NA,NA,NA,NA,NA,NA,NA,NA,NA,NA,NA,NA,NA,NA,NA,NA,NA,NA,NA,NA,NA,NA,NA,NA,NA,NA,NA,NA,NA,NA,NA,NA,NA,NA,NA,NA,NA,NA,NA,NA,NA,NA,NA,NA,NA,NA,NA,NA,NA,NA,NA,NA,NA,NA,NA,NA,NA
0.00122442733726372,0.483556857386254,0,0,0,0,0,0,0,0,0,0,0,0,0,0,0,0,0,0,0,0,-0.0272394451959568,0,0,0,0,0,0,0.0461902184877108,0,0,0,0.00247873316889668,0,0.000591667881583516,0,0.0294058916172296,0,0.0138512274429075,-0.00647467182436859,0,0,-0.0106667109605964,0,0,0,0,0,0,0,0,0,0,0,0,-0.00959068119621389,0.0132409657043455,0,-0.000713207796831262,0,0,0,0,0,0,0,0,0,0,0,0,0,0,0,0,0,0,0,0,-0.0139591695729149,0,0,0,0,0,0,0.0204723307288206,-0.00624768143922207,-0.00395998903464713,0,0,0,0,0,0,0,0,-0.00217499769954734,0,0,0,0,0,0,0,0,0,0,0,0,0,-0.0152204275172533,0,0,0,0,0,0,0,0,0,0,0,0,0,0.0298724771296429,0,0,0,0,0,0,0,0,0,0.00422528179338382,0,0,0,0,0,0,0,0,0,0,0,0,0,0,0,0,0,0,0,0,0,0,0,0,0,0,0,0,0,0,0,0,0,0,0,0,0,0,0,0,0,0,0,0,0.0264517248444509,0,0,0,0,-0.00722534370647147
NA,NA,NA,NA,NA,NA,NA,NA,NA,NA,NA,NA,NA,NA,NA,NA,NA,NA,NA,NA,NA,NA,NA,NA,NA,NA,NA,NA,NA,NA,NA,NA,NA,NA,NA,NA,NA,NA,NA,NA,NA,NA,NA,NA,NA,NA,NA,NA,NA,NA,NA,NA,NA,NA,NA,NA,NA,NA,NA,NA,NA,NA,NA,NA,NA,NA,NA,NA,NA,NA,NA,NA,NA,NA,NA,NA,NA,NA,NA,NA,NA,NA,NA,NA,NA,NA,NA,NA,NA,NA,NA,NA,NA,NA,NA,NA,NA,NA,NA,NA,NA,NA,NA,NA,NA,NA,NA,NA,NA,NA,NA,NA,NA,NA,NA,NA,NA,NA,NA,NA,NA,NA,NA,NA,NA,NA,NA,NA,NA,NA,NA,NA,NA,NA,NA,NA,NA,NA,NA,NA,NA,NA,NA,NA,NA,NA,NA,NA,NA,NA,NA,NA,NA,NA,NA,NA,NA,NA,NA,NA,NA,NA,NA,NA,NA,NA,NA,NA,NA,NA,NA,NA,NA,NA,NA,NA,NA,NA,NA,NA,NA,NA,NA,NA,NA,NA,NA
0.000646682873328006,0.514055717891207,0,0,0,0,0,0,0,0,0,0,0,0,0,0,0,0,0,0,0,0,-0.0326878600937697,0,0,0,0,0,0,0.038892445010896,0,0.00382644413832414,0,0.00637482454708586,0,0.0022590930567554,0,0.0257057411013563,0,0,-0.00655440010079224,0,0,-0.0101079205825323,0,0,0,0,0,0,0,0,0,0,0,0,-0.00584999500548412,0.0136237936318794,0,0,0,0,0,0,0,0,0,0,0,0,0,0,0,0,0,0,0,0,0,0,-0.00998238652074327,0,0,0,0,0,0,0.00216939335367759,-0.000274394764301702,-0.00080133946812685,0,0,0,0,0,0,0,0,0,0,0,0,0,0,0,0,0,0,0,0,0,0,-0.00488478879837756,0,0,0,0,0,0,-0.000055827032450175,0,0,0,0,0,0,0.0302341775401242,0,0,0,0,-0.0000213963608428225,0,-0.000993014250368738,0,0,0,0,0,0,0,0,0,0.00486277516280263,0,0,0,0,0,0,0,0,0,0,0.00175100425729344,0,0,0,0,0,0,0,0,0,0,0,0,0,0,0,0,0,0,0,0,0,0,0,0,0,0,0.0247604144187386,0,0,0,0,-0.0112799826543899
0.00207884261614257,0.484875524454119,0,0,0,0,0,0,0,0,0,0,0,0,0,0,0,0,0,-0.00193553672981178,0,0,-0.0312691158364268,0,0,0,0,0,0,0.0409838497528653,0,0,0,0.002996893268256,0,0.00762265261150476,0,0.0281724691986618,0,0.00977010357309427,-0.010823191370675,0,0,-0.0166737474412989,0,0,0,0,0,0,0,0,0,0,0,0,-0.0138779285348143,0.0138862440606172,0,0,0,0,0,0,0,0,0,0,0,0,0,0,0,0,0,0,0,0,0,0,-0.0137386726152752,0,0,0,0,0,0,0.0254043689087708,-0.00900909363732773,-0.00619565214353668,0,0,0,0,0,0,0,0,0,0,0,0,0,0,0,0,0,0,0,0,0,0,-0.0125914435983323,0,0,0,0,0,0,0,0,0,0,0,0,0,0.0372222245334339,0,0,0,0,-0.00129778858342771,0,0,0,0,0.00784519859877431,0,0,0,0,0,0,0.00353488754180909,0,0,0,0,0,0,0,0.000194137694608454,0,0,0.00119540057210466,0,0,0,0,0,0,0,0,0,0,0,0,0,0,0,0,0,0,0,0,0,0,0,0,0,0,0.0358208935143114,0,0,0,0,-0.0126354565398672
0.00480137399395697,0.372422771298892,0,0,0,-0.00648340097126403,0,0,0,0,0,0,0,0.0322882974752923,0,0,0,0,0,0,0,0,-0.0167297617181139,0,0,0,0,0.00938300359614019,0,0.0820817341075627,-0.00495691960062595,0.00662874127913646,0,0,0,0.0164899424386526,0,0.0361609015872425,0,0.00921545715164647,-0.00911981532062617,0,0,-0.013819085299553,0,0,0,0,0,0,0,0,0,0,0,0,0,0.0246355995048027,0,-0.0125590352675525,0,0,0,0,0,0,0,0,0.0111377843251102,0,0,0,0,0,0,0,0,0,0,0,-0.00941932234195873,0,0,0,0,-0.000207225105149905,0,0.042890051932766,-0.0435788466818643,-0.0254945238917892,0,0,0,0,-0.000514829721140287,0,0,0,-0.00987140298553931,0,0,0,0,0,0,0,0,0,0,0,0,0,-0.0103477822046872,0,0,0,0,0,-0.0156254814450581,-0.0234974243962167,0,0,0,0,0,0,0.0426542285271982,-0.0121578218313785,0,0,0,-0.0080222486163581,0,0,-0.00129180064211896,0,0,-0.000159288425751372,0,0,0,0,0,0.0121668626637525,0,0,0,0,0,0,0,0,0,0,0,0,0.00542170536482629,0,0,0,0,0,0,0,-0.000796150124365257,0,0,0,0,0,0,0,0,0,0,0,0,0,0.000236520718352701,0,0.0095254470390318,0.0818790545133813,0.0633213089444251,0,0,0,-0.00536920308155524
0.00056037454461615,0.495930280628617,0,0,0,-0.00335485267580668,0,0,0,0,0,0,0,0,0.00177677760125892,0,0,0,0,0,0,0,-0.0357161367344992,0,0,0,0,0.0000111139315485602,0,0.0340659152823062,0,0.000757511183727546,0,0,0,0.010037657932646,0,0.0166616480994808,0,0.00153036253430912,-0.00396367563364016,0,0,-0.0150821724230839,0,0,0,0,0,0,0,0,0,0,0,0,-0.00754718413202126,0.0132047308715785,0,0,0,0,0,0,0,0,0,0,0,0,0,0,0,0,0,0,0,0,0,0,-0.0185706170740596,0,0,0,0,0,0,0.0234146711520885,-0.00355626281031865,-0.00643065910876666,0,0,0,0,0,0,0,0,-0.00632273266500948,0,0,0,0,0,0,0,0,0,0,0,0,0,-0.00838576451728633,0,0,0,0,0,0,0,0,0,0,0,0,0,0.0259341470658764,0,0,0,0,-0.00226286803925515,0,0,0,0,0.00433072863262072,0,0,0,0,0,0,0,0,0,0,0,0,0,0,0,0,0,0,0,0,0,0,0,0,0,0,0,0,0,0,0,0,0,0,0,0,0,0,0,0,0,0,0,0,0.0244201461045723,0,0,0,0,-0.0149137477784358
0.0019896188295999,0.492067216610762,0,0,0,0,0,0,0,0,0,0,0,0,0,0,0,0,0,0,0,0,-0.0347432861309094,0,0,0,0,0.000932332973733807,0,0.0406414724511041,0,0.000256033110345812,0,0.00639998920361426,0,0.00577274947837403,0,0.0269796938092637,0,0.00166219241444521,-0.00624809748495067,0,0,-0.0099895734798161,0,0,0,0,0,0,0,0,0,0,0,0,-0.00794948888524292,0.0161803421990879,0,0,0,0,0,0,0,0,0,0,0,0,0,0,0,0,0,0,0,0,0,0,-0.0105775662124806,0,0,0,0,0,0,0.0143238379926404,-0.00745141529081289,-0.0058334983706083,0,0,0,0,0,0,0,0,0,0,0,0,0,0,0,0,0,0,0,0,0,0,-0.0128163705293278,0,0,0,0,0,0,0,0,0,0,0,0,0,0.0385816645690201,0,0,0,0,-0.00447777622573631,0,0,0,0,0.00333429388149098,0,0,0,0,0,0,0.00371783081514129,0,0,0,0,0,0,0,0,0,0,0,0,0,0,0,0,0,0,0,0,0,0,0,0,0,0,0,0,0,0,0,0,0,0,0,0,0,0.0314297075135112,0,0,0,0,-0.013782479347357
0.00118832618454066,0.497469950982246,0,0,0,-0.00441468625931361,0,0,0,0,0,0,0,0,0,0,0,0,0,-0.00115281069198352,0,0,-0.0341640496579828,0,0,0,0,0,0,0.0379464828106755,0,0.000720906967791652,0,0.00220263492631211,0,0.00354607987626377,0,0.0204975459065704,0,0.00142816381740711,-0.00682065874475261,0,0,-0.013091592977747,0,0,0,0,0,0,0,0,0,0,0,0,-0.00874635220248514,0.0138582844042302,0,0,0,0,0,0,0,0,0,0,0,0,0,0,0,0,0,0,0,0,0,0,-0.0155808757372041,0,0,0,0,0,0,0.0202865814838914,-0.0038444433484074,-0.00353165225239856,0,0,0,0,0,0,0,0,-0.000991972726548661,0,0,0,0,0,0,0,0,0,0,0,0,0,-0.00896638423906926,0,0,0,0,0,0,0,0,0,0,0,0,0,0.030451408902492,0,0,0,0,-0.000194525380000705,0,0,0,0,0.00571194954043871,0,0,0,0,0,0,0.00193608263912654,0,0,0,0,0,0,0,0,0,0,0.000253724081792878,0,0,0,0,0,0,0,0,0,0,0,0,0,0,0,0,0,0,0,0,0,0,0,0,0,0,0.0270458917055422,0,0,0,0,-0.0133943612211116
NA,NA,NA,NA,NA,NA,NA,NA,NA,NA,NA,NA,NA,NA,NA,NA,NA,NA,NA,NA,NA,NA,NA,NA,NA,NA,NA,NA,NA,NA,NA,NA,NA,NA,NA,NA,NA,NA,NA,NA,NA,NA,NA,NA,NA,NA,NA,NA,NA,NA,NA,NA,NA,NA,NA,NA,NA,NA,NA,NA,NA,NA,NA,NA,NA,NA,NA,NA,NA,NA,NA,NA,NA,NA,NA,NA,NA,NA,NA,NA,NA,NA,NA,NA,NA,NA,NA,NA,NA,NA,NA,NA,NA,NA,NA,NA,NA,NA,NA,NA,NA,NA,NA,NA,NA,NA,NA,NA,NA,NA,NA,NA,NA,NA,NA,NA,NA,NA,NA,NA,NA,NA,NA,NA,NA,NA,NA,NA,NA,NA,NA,NA,NA,NA,NA,NA,NA,NA,NA,NA,NA,NA,NA,NA,NA,NA,NA,NA,NA,NA,NA,NA,NA,NA,NA,NA,NA,NA,NA,NA,NA,NA,NA,NA,NA,NA,NA,NA,NA,NA,NA,NA,NA,NA,NA,NA,NA,NA,NA,NA,NA,NA,NA,NA,NA,NA,NA
-0.000403229341826905,0.483623367636899,0,0,0,-0.00602887794793132,0,0,0,0,0,0,0,0,0.0117234889306239,0,0,0,0,-0.000494666303397264,0,0,-0.0401117749067582,0,0,0,0,0,0,0.0342694728200521,0,0,0,0,0,0.0123045655899713,0,0.0141910225261052,0,0,-0.00272765446438526,0,0,-0.0226781391033208,0,0,0,0,0,0,0,0,0,0,0,0,-0.00947197568650521,0.0136694132427265,0,0,0,0,0,0,0,0,0,0,0,0,0,0,0,0,0,0,0,0,0,0,-0.0226607470403139,0,0,0,0,0,0,0.0152421039385172,-0.00548434337085033,-0.00496509719137946,0,0,0,0,0,0,0,0,-0.00603667959459611,0,0,0,0,0,0,0,0,0,0,0,0,0,-0.00281954284056863,0,0,0,0,0,0,-0.0019385916810869,0,0,0,0,0,0,0.0245087193079272,0,0,0,-0.00131643259411977,-0.00289184062137153,0,0,0,0,0.00366458624273436,0,0,0,0,0,0,0,0,0,0,0,0,0,0,0,0,0,0,0,0,0,0,0,0,0,0,0,0,0,0,0,0,0,0,0,0,0,0,0,0,0,0,0,0,0.0301504805180609,0,0,0,0,-0.0184266166621905
NA,NA,NA,NA,NA,NA,NA,NA,NA,NA,NA,NA,NA,NA,NA,NA,NA,NA,NA,NA,NA,NA,NA,NA,NA,NA,NA,NA,NA,NA,NA,NA,NA,NA,NA,NA,NA,NA,NA,NA,NA,NA,NA,NA,NA,NA,NA,NA,NA,NA,NA,NA,NA,NA,NA,NA,NA,NA,NA,NA,NA,NA,NA,NA,NA,NA,NA,NA,NA,NA,NA,NA,NA,NA,NA,NA,NA,NA,NA,NA,NA,NA,NA,NA,NA,NA,NA,NA,NA,NA,NA,NA,NA,NA,NA,NA,NA,NA,NA,NA,NA,NA,NA,NA,NA,NA,NA,NA,NA,NA,NA,NA,NA,NA,NA,NA,NA,NA,NA,NA,NA,NA,NA,NA,NA,NA,NA,NA,NA,NA,NA,NA,NA,NA,NA,NA,NA,NA,NA,NA,NA,NA,NA,NA,NA,NA,NA,NA,NA,NA,NA,NA,NA,NA,NA,NA,NA,NA,NA,NA,NA,NA,NA,NA,NA,NA,NA,NA,NA,NA,NA,NA,NA,NA,NA,NA,NA,NA,NA,NA,NA,NA,NA,NA,NA,NA,NA
NA,NA,NA,NA,NA,NA,NA,NA,NA,NA,NA,NA,NA,NA,NA,NA,NA,NA,NA,NA,NA,NA,NA,NA,NA,NA,NA,NA,NA,NA,NA,NA,NA,NA,NA,NA,NA,NA,NA,NA,NA,NA,NA,NA,NA,NA,NA,NA,NA,NA,NA,NA,NA,NA,NA,NA,NA,NA,NA,NA,NA,NA,NA,NA,NA,NA,NA,NA,NA,NA,NA,NA,NA,NA,NA,NA,NA,NA,NA,NA,NA,NA,NA,NA,NA,NA,NA,NA,NA,NA,NA,NA,NA,NA,NA,NA,NA,NA,NA,NA,NA,NA,NA,NA,NA,NA,NA,NA,NA,NA,NA,NA,NA,NA,NA,NA,NA,NA,NA,NA,NA,NA,NA,NA,NA,NA,NA,NA,NA,NA,NA,NA,NA,NA,NA,NA,NA,NA,NA,NA,NA,NA,NA,NA,NA,NA,NA,NA,NA,NA,NA,NA,NA,NA,NA,NA,NA,NA,NA,NA,NA,NA,NA,NA,NA,NA,NA,NA,NA,NA,NA,NA,NA,NA,NA,NA,NA,NA,NA,NA,NA,NA,NA,NA,NA,NA,NA
-0.00146493765693603,0.461030119115538,0,0,0,-0.0114070037431162,0,0,0,0,0,0,0,0,0.0326656987159843,0,0,0,0,0,0,0,-0.03822635750496,0,0,0,0,0,0,0.0362169751087664,-0.0110284249595959,0,0,0,0,0.00284299366228246,0,0.0138041696730459,0,0,0,0,0,-0.0357133397413708,0,0,0,-0.0000950000287384532,0,0,0,0,0,0,0.00192863734956933,0,-0.0172579582580869,0.0130329694950341,0,-0.000071604877862145,0,0.007492125438857,0,0,0,0,0,0,0,0,0,0,0,0,0,0,0,0,0,0,-0.0254279808080341,0,0,0,0,0,0,0.0114307625555861,-0.0105394697028193,-0.0104338724528421,0,0,0,0,0,0,0,0,-0.00891815124502272,0,0,0,0,0,0,0,0,0,0,0,0,0,-0.000604114656102837,0,0,0,0,0,0,-0.014650855138785,0,0,0,0,0,0,0.0235295243194172,0,0,0,-0.0102551458541568,-0.00104096146010913,0,0,0,0,0.000969748888147706,0,0,0,0,0,0,0,0,0,0,0,0,0,0,0,0,0,0,0,0,0,0,0,0,0,0,0,0,0,0,0,0,0,0,0,0,0,0,0,0,0,0,0,0,0.0226585356696316,0,0,0,0,-0.0183988544961807
NA,NA,NA,NA,NA,NA,NA,NA,NA,NA,NA,NA,NA,NA,NA,NA,NA,NA,NA,NA,NA,NA,NA,NA,NA,NA,NA,NA,NA,NA,NA,NA,NA,NA,NA,NA,NA,NA,NA,NA,NA,NA,NA,NA,NA,NA,NA,NA,NA,NA,NA,NA,NA,NA,NA,NA,NA,NA,NA,NA,NA,NA,NA,NA,NA,NA,NA,NA,NA,NA,NA,NA,NA,NA,NA,NA,NA,NA,NA,NA,NA,NA,NA,NA,NA,NA,NA,NA,NA,NA,NA,NA,NA,NA,NA,NA,NA,NA,NA,NA,NA,NA,NA,NA,NA,NA,NA,NA,NA,NA,NA,NA,NA,NA,NA,NA,NA,NA,NA,NA,NA,NA,NA,NA,NA,NA,NA,NA,NA,NA,NA,NA,NA,NA,NA,NA,NA,NA,NA,NA,NA,NA,NA,NA,NA,NA,NA,NA,NA,NA,NA,NA,NA,NA,NA,NA,NA,NA,NA,NA,NA,NA,NA,NA,NA,NA,NA,NA,NA,NA,NA,NA,NA,NA,NA,NA,NA,NA,NA,NA,NA,NA,NA,NA,NA,NA,NA
-0.00114841341080628,0.444486247486104,0,0,0,-0.0123839711017072,0,0,0,0,0,0,0,0,0.0348202223841407,0,0,0,0,0,0,0,-0.0428059835671866,0,0,0,0,0,0,0.0375218092017207,-0.0108800532681605,0,0,0,0,0.0181028417381927,0,0.0163355875120463,0,0,0,0,0,-0.0322731568087285,0,0,0,0,0,0,0,0,0,0,0,0,-0.0131296493877147,0.0148367019904339,0,-0.0000803817505155428,0,0,0,0,0,0,0,0,0,0,0,0,0,0,0,0,0,0,0,0,-0.0229657454062326,0,0,0,0,0,0,0.0132634776614507,-0.0132125443391347,-0.00966729647300071,0,0,0,0,0,0,0,0,-0.00814656643553116,0,0,0,0,0.000678554772967093,0,0,0,0,0,0,0,0,0,0,0,0,0,0,0,-0.0147949209263761,0,0,0,0,0,0,0.0292991552777918,0,0,0,-0.0141193585735974,-0.00357831673064923,0,0,0,0,0,0,0,0,0,0,0,0,0,0,0,0,0,0,0,0,0,0,0,0,0,0,0,0,0,0,0,0,0,0,0,0,0,0,0,0,0,0,0,0,0,0,0,0,0,0.0297818082154781,0,0,0,0,-0.0206254282181777
-0.00255567738145621,0.492737155617848,0,0,0,0,0,0,0,0,0,0,0,0,0,0,0,0,0,0,0,0,-0.0313383260158712,0,0,0,0,0,0,0.0409872349179614,0,0,0,0,0,0.0143945355637279,0,0.0153546983107214,0,0.0050784836426729,-0.0024186729746944,0,0,-0.0138400576655603,0,0,0,0,0,0,0,0,0,0,0,0,-0.00351188283670141,0.0117212210650404,0,0,0,0,0,0,0,0,0,0,0,0,0,0,0,0,0,0,0,0,0,0,-0.0183594735437897,0,0,0,0,0,0,0.00996987478985658,-0.00523776961574202,-0.00290800029706074,0,0,0,0,0,0,0,0,-0.00863528710999539,0,0,0,0,0,0,0,0,0,0,0,0,0,0,0,0,0,0,0,0,0,0,0,0,0,0,0,0.0225416837879735,0,0,0,0,-0.0102351621413155,0,0,0,0,0.00924257016524206,0,0,0,0,0,0,0,0,0,0,0,0,0,0,0,0,0,0,0,0,0,0,0,0,0,0,0,0,0,0,0,0,0,0,0,0,0,0,0,0,0,0,0,0,0.0271300379854193,0,0,0,0,-0.0118718424593164
-0.00268982418201957,0.439817806356076,0,0,0,-0.0072710726615049,0,0,0,0,0,0,0,0,0.0262917171321563,0,0,0,0,0,0,0,-0.0402042759059484,0,0,0,0,0,0,0.0376617502818391,-0.00837998145644333,0,0,0,0,0.0220760955271219,0,0.0170825750832118,0,0.00222712157625845,0,0,0,-0.0333345447752667,0,0,0,0,0,0,0,0,0,0,0.00347225676715729,0,-0.00909488775536415,0.0149093065111141,0,0,0,0.00916483182387007,0,0,0,0,0,0,0,0,0,0,0,0,0,0,0,0,0,0,-0.0236669657341525,0,0,0,0,0,0,0.00879784486900063,-0.0088310397528649,-0.00634156933109867,0,0,0,0,0,0,0,0,-0.0109381183610958,0,0,0,0,0.0061007876341569,0,0,0,0,0,0,0,0,0,0,0,0,0,0,0,-0.0107789635255349,0,0,0,0,0,0,0.0292928416445826,0,0,0,-0.00982343300196015,-0.00765467216136532,0,-0.00173435593726608,0,0,0,0,0,0,0,0,0,0,0,0,0,0,0,0,0,0,0,0,0,0,0,0,0,0,0,0,0,0,0,0,0,0,0,0,0,0,0,0,0,0,0,0,0,0,0,0.0308528503442474,0,0,0,0,-0.0227698878787774
0.00168026956024781,0.362464219332064,0,0,0,0,0,0,0,0,0,0,0,0.0066521960471014,0,0,0,0,0,0,0,0,-0.0220559511181812,0,0,0,0,0.00236007424441999,0,0.0339569552960063,0,0,0,0,0,0.0379779378123565,0,0.0464428552651874,0,0.0110506264945075,-0.00551655980482667,0,0,-0.00244363121799668,0,0,0,0,0,0,0,0,0,0,0,0,-0.00181668306057016,0.021730700519664,0,-0.00662359819689636,0,0,0,0,0,0,0,0,0,0,0,0,0,0,0,0,0,0,0,0,-0.0183120517385301,0,0,0,0,0,0,0.0276357119599196,-0.0291094943323181,-0.0190528473333166,0,0,0,0,0,0,0,0,-0.00992922176316444,0,0,0,0,0,0,0,0,0,0,0,0,0,-0.00600675536457194,0,0,0,0,0,0,-0.0161347328961089,0,0,0,0,0,0,0.0549794082553736,0,0,0.0102018058296977,-0.00169021863771394,-0.00498711552975734,0,0,0,0,0,0,0,0,0,0,0,0.0116451940170543,0,0,0,0,0,0,0,0,0,0,0,0,0,0,0,0,0,0,0,0,0,0,0,0,0,0,0,0,0,0,0,0,0,0,0,0,0,0.0630636625921335,0.0615680425616971,0,0,0,-0.0104944553452075
-0.00067035065883104,0.404220185995283,0,0,0,0,0,0,0,0,0,0,0,0,0.00312942133452997,0,0,0,0,-0.00101939846826592,0,0,-0.0370169142204466,0,0,0,0,0,0,0.041820517378442,-0.00438085208721388,0,0.00195145561550335,0,0,0.0290294194430926,0,0.0278373802523724,0,0.00538255638374351,-0.00920832728226088,0,0,-0.0249558296265516,0,0,0,0,0,0,0,0,0,0,0,0,-0.00635819850014249,0.0194251197013109,0,-0.000565692420155167,0,0,0,0,0,0,0,0,0,0,0,0,0,0,0,0,0,0,0,0,-0.0165096019874551,0,0,0,0,0,0,0.0171188017423841,-0.0130410649270921,-0.00894645039518147,0,0,0,0,0,0,0,0,-0.00651613342538018,0,0,0,0,0,0,0,0,0,0,0,0,0,-0.000208437090973423,0,0,0,0,0,0,-0.012457349257969,0,0,0,0,0,0,0.0429568090376366,0,0,0,-0.00464095975811014,-0.00785508843960383,0,0,0,0,0.00105959694130348,0,0,0,0,0,0,0.00643555933410329,0,0,0,0,0,0,0,0,0,0,0,0,0,0,0,0,0,0,0,0,0,0,0,0,0,0,0,0,0,0,0,0,0,0,0,0,0,0.0406832121128811,0.0199709320735986,0,0,0,-0.019003962962597
-0.000499304646540071,0.477101574294578,0,0,0,-0.000243540517022366,0,0,0,0,0,0,0,0,0,0,0,0,0,0,0,0,-0.0307218045698068,0,0,0,0,0.0015872319793461,0,0.0360084122210431,-0.00513235960288925,0,0.000246911305391516,0,0,0.00758938291866239,0,0.0196792007930925,0,0.00435035274941179,-0.000260955378741788,0,0,-0.0248373653245706,0,0,0,0,0,0,0,0,0,0,0,0,-0.00912399166108673,0.0144367702238912,0,0,0,0,0,0,0,0,0,0,0,0,0,0,0,0,0,0,0,0,0,0,-0.0137510467019791,0,0,0,0,0,0,0.017486071376872,-0.00845169864385711,-0.0101218795545399,0,0,0,0,0,0,0,0,-0.00579582771439645,0,0,0,0,0,0,0,0,0,0,0,0,0,-0.00330462746973943,0,0,0,0,0,0,-0.0050332226224628,0,0,0,0,0,0,0.0303175609706529,0,0,0,-0.00207193408503807,-0.00794718028866346,0,0,0,0,0.0054740778777363,0,0,0,0,0,0,0.00845767363879961,0,0,0,0,0,0,0,0,0,0,0,0,0,0,0,0,0,0,0,0,0,0,0,0,0,0,0,0,0,0,0,0,0,0,0,0,0,0.0268535953459942,0,0,0,0,-0.0141161610042767
0.000321171604848819,0.467054021108545,0,0,0,0,0,0,0,0,0,0,0,0,0.0147793055263985,0,0,0,0,0,0,0,-0.0335393118085116,0,0,0,0,0.00223780459602424,0,0.0403995633238177,0,0,0,0,0,0.00655728110391653,0,0.0216232387185434,0,0.000148277845712824,-0.00286271066509842,0,0,-0.0267932355000225,0,0,0,0,0,0,0,0,0,0,0,0,-0.00835248637270388,0.0165009428375472,0,-0.000795350014678108,0,0,0,0,0,0,0,0,0,0,0,0,0,0,0,0,0,0,0,0,-0.0154942800944672,0,0,0,0,0,0,0.0152978519687362,-0.0127271445295662,-0.0116363673084784,0,0,0,0,0,0,0,0,-0.00256787255902372,0,0,0,0,0,0,0,0,0,0,0,0,0,-0.00486030131275829,0,0,0,0,0,0,-0.0108874411783884,0,0,0,0,0,0,0.033463800176274,0,0,0,-0.00159225546191359,-0.00895292687756025,0,0,0,0,0,0,0,0,0,0,0,0.00943172444502001,0,0,0,0,0,0,0,0,0,0,0,0,0,0,0,0,0,0,0,0,0,0,0,0,0,0,0,0,0,0,0,0,0,0,0,0,0,0.0342104046665576,0,0,0,0,-0.0150733449118071
0.000939751151380451,0.479769003306124,0,0,0,0,0,0,0,0,0,0,0,0,0,0,0,0,0,-0.00141112014855901,0,0,-0.0302469449793136,0,0,0,0,0.00215269134910882,0,0.0417534213596846,-0.00438497728643071,0.00287206295840706,0,0.00242389740578439,0,0.00438229735905885,0,0.0193870491082405,0,0.00104563348148923,-0.00329607374786847,0,0,-0.0228750652678198,0,0,0,0,0,0,0,0,0,0,0,0,-0.00995903281351886,0.0159245532050328,0,0,0,0,0,0,0,0,0,0,0,0,0,0,0,0,0,0,0,0,0,0,-0.00923339548529242,0,0,0,0,0,0,0.00767219769406981,-0.00920983635323415,-0.0104113406960125,0,0,0,0,0,0,0,0,-0.00119131452109666,0,0,0,0,0,0,0,0,0,0,0,0,0,-0.00495370942104314,0,0,0,0,0,0,-0.00751642302091694,0,0,0,0,0,0,0.0315393735469177,0,0,0,0,-0.00865081905234672,0,0,0,0,0.00605601283383647,0,0,0,0,0,0,0.00829397318196282,0,0,0,0,0,0,0,0,0,0,0,0,0,0,0,0,0,0,0,0,0,0,0,0,0,0,0,0,0,0,0,0,0,0,0,0,0,0.035302445929199,0,0,0,0,-0.0135132427247713
0.00221919805801773,0.482199821496712,0,0,0,0,0,0,0,0,0,0,0,0,0,0,0,0,0,0,0,0,-0.0280849177278473,0,0,0,0,0.00494223562726683,0,0.0476893022502378,-0.00373179894469573,0.00405678182651447,0,0.00247706594016954,0,0.00188901701386925,0,0.016652052485919,0,0,-0.00574628353202983,0,0,-0.0211998694678913,0,0,0,-0.000717484040336412,0,0,0,0,0,0,0,0,-0.00821881406268236,0.0157867402701173,0,0,0,0,0,0,0,0,0,0,0,0,0,0,0,0,0,0,0,0,0,0,-0.0120262886615184,0,0,0,0,0,0,0.00388648776878861,-0.0104851717353135,-0.0116160417632188,0,0,0,0,0,0,0,0,-0.00322745015697298,0,0,0,0,0,0,0,0,0,0,0,0,0,-0.00508690437704796,0,0,0,0,0,0,-0.00700703210867741,0,0,0,0,0,0,0.0358389574638689,0,0,0,0,-0.00852857375750448,0,0,0,0,0.00617957113011398,0,0,0,0,0,0,0.00976064645338983,0,0,0,0,0,0,0,0.00173480393574276,0,0,0,0,0,0,0,0,0,0,0,0,0,0,0,0,0,0,0,0,0,0,0,0,0,0,0,0,0,0.0372637636761418,0,0,0,0,-0.0136995905621925
0.00319057425894732,0.451187660837631,0,0,0,0,0,0,0,0,0,0,0,0.0022732493420106,0,0,0,0,0,0,0,0,-0.0210184768157656,0,0,0,0,0.0105886907823315,0,0.0686828086092163,-0.00245101683553635,0.00429459920010141,0,0,0,0.0109823469688468,0,0.0269164568941758,0,0.000774892470426874,-0.00309082735746448,0,0,-0.0200615352959972,0,0,0,-0.00326929724491548,0,0,0,0,0,0,0,0,-0.000268124548611185,0.0172881160451361,0,0,0,0,0,0,0,0,0,0,0,0,0,0,0,0,0,0,0,0,0,0,-0.00842107459517005,0,0,0,0,-0.00339216939841173,0,0.0107759032269307,-0.0207789070525889,-0.0150629943617121,0,0,0,0,-0.00298825027312258,0,0,0,-0.0104993513369218,0,0,0,0,0,0,0,0,0,0,0,0,0,-0.0120486309087309,0,0,0,0,0,0,-0.0115765235908528,0,0,0,0,0,0,0.0499845638656818,0,0,0,0,-0.00222518326490939,0,0,0,0,0.0225016532048516,0,0,0,0,0,0,0.0105614262924086,0,0,0,0,0,0,0,0,0,0,0,0,0,0,0,0,0,0,0,0,0,0,0,0,0,0,0,0,0,0,0,0,0,0,0,0,0,0.0380722093893791,0.0244455641735521,0,0,0,-0.00614561021003338
0.00217149426393259,0.487610825428413,0,0,0,-0.000033479093842718,0,0,0,0,0,0,0,0,0,0,0,0,0,0,0,0,-0.0246053231590191,0,0,0,0,0.00722141904853356,0,0.0257780363635095,0,0.00043457603647204,0,0.0123328032379006,0,0.00933582961017204,0,0.0210345898315782,0,0.00439989076222429,-0.00228907025533021,0,0,-0.0213238500276155,0,0,0,-0.000138984778444741,0,0,0,0,0,0,0,0,-0.00474049126379113,0.01756612467643,0,0,0,0,0,0,0,0,0,0,0,0,0,0,0,0,0,0,0,0,0,0,-0.00686094732085051,0,0,0,0,0,0,0.0036791238161036,-0.0133691117737397,-0.0120594405718586,0,0,0,0,0,0,0,0,-0.00158836759191539,0,0,0,0,0,0,0,0,0,0,0,0,0,-0.0100759746950411,0,0,0,0,0,0,-0.00975602563455018,0,0,0,0,0,0,0.0300294474495734,0,0,0,-0.00178275325190331,-0.00427740415674364,0,0,0,0,0,0,0,0,0,0,0,0.0194177949900252,0,0,0,0,0,0,0,0,0,0,0,0,0,0,0,0,0,0,0,0,0,0,0,0,0,0,0,0,0,0,0,0,0,0,0,0,0.00821398605591185,0.0375398830096188,0.0150433423963627,0,0,0,-0.00826947587033561
0.00360311065568589,0.464052086228576,0,0,0,0,0,0,0,0,0,0,0,0.00718494427030751,0,0,0,0,0,0,0,0,-0.0249140421454287,0,0,0,0,0.00764712527280821,0,0.0530546482140343,-0.00228812458819186,0.00569397131139437,0,0.00869714820997682,0,0.000315462088726276,0,0.0239094886010936,0,0,-0.00673241780883623,0,0,-0.0186076711142621,0,0,0,0,0,0,0,0,0,0,0,0,-0.00795724648598357,0.0165705567862889,0,0,0,0,0,0,0,0,0,0,0,0,0,0,0,0,0,0,0,0,0,0,-0.00866094956116184,0,0,0,0,0,0,0.00827620558704623,-0.0177310246552017,-0.0162811294564195,0,0,0,0,0,0,0,0,0,0,0,0,0,0,0,0,0,0,0,0,0,0,-0.0131227663065713,0,0,0,0,0,0,-0.0154764570774743,0,0,0,0,0,0,0.0490501610162513,0,0,0,0,-0.0095269597921305,0,0,0,0,0.00454636724546415,0,0,0,0,0,0,0.0194831008042424,0,0,0,0,0,0,0,0,0,0,0,0,0,0,0,0,0,0,0,0,0,0,0,0,0,0,0,0,0,0,0,0,0,0,0,0,0,0.0381439564866205,0.0124041089535655,0,0,0,-0.0116143123429993
0.00361022888567625,0.407064643124168,0,0,0,-0.00538722347861094,0,0,0,0,0,0,0,0.0105188579891996,0,0,0,0,0,0,0,0,-0.0237178611835684,0,0,0,0,0.00686239377848,0,0.0556917444797402,-0.00796883433903556,0.00832620723117025,0,0.00336395610178571,0,0.0233334189017123,0,0.0425944178138772,0,0.0035445485767595,-0.00945303039507354,0,0,-0.00717696452423413,0,0,0,0,0,0,0,0,0,0,0,0,0,0.0203404261085176,0,-0.000757146031474214,0,0,0,0,0,0,0,0,0,0,0,0,0,0,0,0,0,0,0,0,-0.011434573108811,0,0,0,0,0,0,0.0224896870311674,-0.026261381231398,-0.0238902181953822,0,0,0,0,-0.000371974857979611,0,0,0,-0.00106995210256776,0,0,0,0,0,0,0,0,0,0,0,0,0,-0.00821054765687264,0,0,0.0033354399657256,0,0,-0.00750012355446653,-0.0292934263589456,0,0,0,0,0,0,0.0527031509965499,-0.0179153792771596,0,0,0,-0.0104378377066978,0,0,0,0,0,0,0,0,0,0,0,0.0230650328031981,0,0,0,0,0,0,0,0,0,0,0.00284648154171782,0,0,0,0,0,0,0,0,0,0,0,0,0,0,0,0,0,0,0,0,0,0,0,0,0,0,0.0590035335632047,0.0490702663733437,0,0,0,-0.00965520712888284
0.00261694750135499,0.472422058252239,0,0,0,0,0,0,0,0,0,0,0,0,0,0,0,0,0,0,0,0,-0.0255524651254269,0,0,0,0,0.0129317046300642,0,0.0463904012818361,-0.00388479154232767,0.0064499323330575,0.00615468354609422,0.0121173752979233,0,0.00855418865551601,0,0.0295709090958277,0,0.00310328772140185,0,0,0,-0.0197051506870005,0,0,0,0,0,0,0,0,0,0,0,0,-0.00461842303043814,0.0201353494118016,0,-0.00623728380200411,0,0,0,0,0,0,0,0,0,0,0,0,0,0,0,0,0,0,0,0,-0.0079374205938791,0,0,0,0,0,0,0.00808117564540923,-0.0143051544461732,-0.0148521244500307,0,0,0,0,0,0,0,0,0,0,0,0,0,0,0,0,0,0,0,0,0,0,-0.00674656132575817,0,0,0,0,0,0,-0.0108410389736327,0,0,0,0,0,0,0.0441111059430011,-0.00203030192000659,0,0,-0.00219923229490859,-0.00256661895505915,0,0,0,0,0,0,0,0,0,0,0,0.01119585238503,0,0,0,0,0,0,0,0,0,0,0,0,0,0,0,0,0,0,0,0,0,0,0,0,0,0,0,0,0,0,0,0,0,0,0,0,0.000116207857008871,0.0417804264159293,0.0190418435998305,0,0,0,-0.0063146578273337
0.00449660957019502,0.429808483634319,0,0,0,-0.00786652885195391,0,0,0,0,0,0,0,0.0169125341083266,0,0,0,0,0,0,0,0,-0.019705577847329,0,0,0,0,0.015116122107343,0,0.0556832959975094,-0.00838917069767884,0.00673991546661017,0,0.00385911811234743,0,0.0194692991604272,0,0.0373208674499443,0,0.00311284202966925,-0.00469991210591169,0,0,-0.00908141506866341,0,0,0,0,0,0,0,0,0,0,0,0,0,0.0196031959463089,0,-0.00123970326658449,0,0,0,0,0,0,0,0,0,0,0,0,0,0,0,0,0,0.000887055828786669,0,0,-0.00898747391020161,0,0,0,0,0,0,0.0149796388863584,-0.0255068939876895,-0.0249571695725872,0,0,0,0,-0.000704873959011795,0,0,0,0,0,0,0,0,0,0,0,0,0,0,0,0,0,-0.0075556770228329,0,0,0.00814977397447788,0,0,-0.00557014223210617,-0.027254125735957,0,0,0,0,0,0,0.0484204430009861,-0.0192041706665317,0,0,0,-0.00991737498930317,0,0,0,0,0,0,0,0,0,0,0,0.0261282758020206,0,0,0,0,0,0,0,0,0,0,0,0,0.000895538289973441,0,0,0,0,0,0,0,0,0,0,0,0,0,0,0,0,0,0,0,0,0,0,0,0,0.0526616710444028,0.0456906111572038,0,0,0,-0.00481203018247581
0.00437858977970621,0.404768777916979,0,0,0,0,0,0,0,0,0,0,0,0.00387915565689243,0,0,0,0,0,0,0,0,-0.0155768526933457,0,0,0,0,0.0107811074184603,0,0.046070809968249,-0.00275286406241455,0.00217791724604988,0,0,0,0.0419915705224951,0,0.0429614558691557,0,0.00860820320569307,-0.0117747559343821,0,0,-0.00453474128636829,0,0,0,0,0,0,0,0,0,0,0,0,0,0.0213366794590795,0,-0.00577336931408909,0,0,0,0,-0.00504327582815521,0,0,0,0,0,0,0,0,0,0,0,0,0,0,0,-0.0123474505372737,0,0,0,0,0,0,0.027690329395861,-0.0384508306377705,-0.0254444536694458,0,0,0,0,0,0,0,0,-0.00522283373483329,0,0,0,0,0,0,0,0,0,0,0,0,0,-0.0120948021197854,0,0,0.00688847815101943,0,0,-0.0126987391444175,-0.0160524714594689,0,0,0,0,0,0,0.0498645918096464,-0.0260304811032397,0,0.0144771921858967,0,-0.014961192268034,0,0,-0.00563606637374475,0,0,-0.0010591629853867,0,0,0,0,0,0.0130692469485262,0,0,0,0,0,0,0,0,0,0,0,0,0,0,0,0,0,0,0,0,-0.00483212454222981,0,0,0,0,0,0,0,0,0,0,0,0,0,0,0,0,0.0640458628106484,0.0602399967450938,0,0,0,-0.00388187126546829
0.00510553279369744,0.441759352683939,0,0,0,0,0,0,0,0,0,0,0,0,0,0,0,0,0,0,0,0,-0.0177183139897881,0,0,0,0,0.0115978148992641,0,0.0523460244948363,-0.00508703050091992,0.00636955147341883,0,0.00304416857441482,0,0.0192578214029385,0,0.0327042518163369,0,0.00801626612658051,-0.00453705438152535,0,0,-0.0148261111357928,0,0,0,0,0,0,0,0,0,0,0,0,0,0.0200660202152557,0,-0.0011766871218931,0,0,0,0,0,0,0,0,0,0,0,0,0,0,0,0,0,0.00552966435104095,0,0,-0.00817814025305859,0,0,0,0,-0.0037962217430825,0,0.00922520571836057,-0.02541298414171,-0.0235672020630781,0,0,0,0,-0.00614383302472341,0,0,0,-0.0022119105289498,0,0,0,0,0,0,0,0,0,0,0,0,0,-0.012293306498993,0,0,0.00325995846925271,0,0,0,-0.0243356799309037,0,0,0,0,0,0,0.0503815290990839,-0.0144815639272765,0,0,0,-0.00799734529437973,0,0,0,0,0,0,0,0,0,0,0,0.0200154716889503,0,0,0,0,0,0,0,0,0,0,0,0,0,0,0,0,0,0,0,0,0,0,0,0,0,0,0,0,0,0,0,0,0,0,0,0,0,0.046093673821189,0.0411998849059556,0,0,0,-0.00704276948553258
0.00551360376881816,0.457307749212108,0,0,0,-0.006301494732655,0,0,0,0,0,0,0,0,0,0,0,0,0,0,0,0,-0.0152402975894585,0,0,0,0,0.0143208872403191,0,0.0562915164504214,-0.00176467034293704,0.00705568718622993,0,0.00461224555375495,0,0.0139933009193813,0,0.0326919160357462,0,0.00465255634596396,-0.00290232328961939,0,0,-0.0151366873369062,0,0,0,-0.00209430257770738,0,0,0,0,0,0,0,0,0,0.0201758342297073,0,0,0,0,0,0,0,0,0,0,0,0,0,0,0,0,0,0,0,0.00232837648160929,0,0,-0.0065507381699788,0,0,0,0,-0.00514836767102907,0,0.00444593435984154,-0.0240994370009026,-0.0219748714932686,0,0,0,0,-0.00425722540032028,0,0,0,-0.0035789863611325,0,0,0,0,0,0,0,0,0,0,0,0,0,-0.0130565990342564,0,0,0.00936546779458373,0,0,0,-0.0167605585120259,0,0,0,0,0,0,0.0440200649587706,-0.0156312567276152,0,0,0,-0.00690496752505607,0,0,0,0,0,0,0,0,0,0,0,0.0186335558416677,0,0,0,0,0,0,0,0,0,0,0,0,0,0,0,0,0,0,0,0,0,0,0,0,0,0,0,0,0,0,0,0,0,0,0,0,0,0.0468468077338879,0.0392181496678615,0,0,0,-0.00607669823540164
NA,NA,NA,NA,NA,NA,NA,NA,NA,NA,NA,NA,NA,NA,NA,NA,NA,NA,NA,NA,NA,NA,NA,NA,NA,NA,NA,NA,NA,NA,NA,NA,NA,NA,NA,NA,NA,NA,NA,NA,NA,NA,NA,NA,NA,NA,NA,NA,NA,NA,NA,NA,NA,NA,NA,NA,NA,NA,NA,NA,NA,NA,NA,NA,NA,NA,NA,NA,NA,NA,NA,NA,NA,NA,NA,NA,NA,NA,NA,NA,NA,NA,NA,NA,NA,NA,NA,NA,NA,NA,NA,NA,NA,NA,NA,NA,NA,NA,NA,NA,NA,NA,NA,NA,NA,NA,NA,NA,NA,NA,NA,NA,NA,NA,NA,NA,NA,NA,NA,NA,NA,NA,NA,NA,NA,NA,NA,NA,NA,NA,NA,NA,NA,NA,NA,NA,NA,NA,NA,NA,NA,NA,NA,NA,NA,NA,NA,NA,NA,NA,NA,NA,NA,NA,NA,NA,NA,NA,NA,NA,NA,NA,NA,NA,NA,NA,NA,NA,NA,NA,NA,NA,NA,NA,NA,NA,NA,NA,NA,NA,NA,NA,NA,NA,NA,NA,NA
0.0048922262577335,0.469668560797901,0,0,0,0,0,0,0,0,0,0,0,0,0,0,0,0,0,0,0,0,-0.01968369548136,0,0,0,0,0.0117720956198647,0,0.0523611120488581,-0.0036350523360702,0.00337964998132186,0,0.00383053936120127,0,0.00897845401441085,0,0.0219097557059076,0,0.00742532272753321,-0.00670866503858479,0,0,-0.00804617511848541,0,0,0,0,0,0,0,0,0,0,0,0,-0.00546687628176752,0.0161559980791338,0,0,0,0,0,0,0,0,0,0,0,0,0,0,0,0,0,0,0,0.000805838248429072,0,0,-0.0126967263483532,0,0,0,0,-0.000062253467256371,0,0.00389109973917179,-0.0205891572255355,-0.0195183662715014,0,0,0,0,-0.000447061461199604,0,0,0,0,0,0,0,0,0,0,0,0,0,0,0,0,0,-0.0132890912930429,0,0,0.00456006576300124,0,0,-0.00497292847884983,-0.0216026781878381,0,0,0,0,0,0,0.0479157360327525,-0.00503941444744909,0,0,0,-0.00952284823411344,0,0,0,0,0.000504458571351781,0,0,0,0,0,0,0.0267468374843946,0,0,0,0,0,0,0,0,0,0,0.00386519033479769,0,0,0,0,0,0,0,0,0,0,0,0,0,0,0,0,0,0,0,0,0,0,0,0,0,0,0.0417897302047615,0.0176881732865847,0,0,0,-0.0144001470379315
NA,NA,NA,NA,NA,NA,NA,NA,NA,NA,NA,NA,NA,NA,NA,NA,NA,NA,NA,NA,NA,NA,NA,NA,NA,NA,NA,NA,NA,NA,NA,NA,NA,NA,NA,NA,NA,NA,NA,NA,NA,NA,NA,NA,NA,NA,NA,NA,NA,NA,NA,NA,NA,NA,NA,NA,NA,NA,NA,NA,NA,NA,NA,NA,NA,NA,NA,NA,NA,NA,NA,NA,NA,NA,NA,NA,NA,NA,NA,NA,NA,NA,NA,NA,NA,NA,NA,NA,NA,NA,NA,NA,NA,NA,NA,NA,NA,NA,NA,NA,NA,NA,NA,NA,NA,NA,NA,NA,NA,NA,NA,NA,NA,NA,NA,NA,NA,NA,NA,NA,NA,NA,NA,NA,NA,NA,NA,NA,NA,NA,NA,NA,NA,NA,NA,NA,NA,NA,NA,NA,NA,NA,NA,NA,NA,NA,NA,NA,NA,NA,NA,NA,NA,NA,NA,NA,NA,NA,NA,NA,NA,NA,NA,NA,NA,NA,NA,NA,NA,NA,NA,NA,NA,NA,NA,NA,NA,NA,NA,NA,NA,NA,NA,NA,NA,NA,NA
-0.0026898578632001,0.481742985117214,0,0,0,-0.000119152002832825,0,0,0,0,0,0,0,0,0.00788862350695658,0,0,0,0,0,0,0,-0.0391170015523101,0,0,0,0,0,0,0.0340108052026208,0,0,0,0.00272472321227132,0,0.0167543004690532,0,0.0182475868470597,0,0.00476748607100833,-0.00204235688751876,0,0,-0.0183897254341475,0,0,0,0,0,0,0,0,0,0,0,0,-0.00323437497245543,0.0120630323320291,0,-0.00251070401152367,0,0,0,0,0,0,0,0,0,0,0,0,0,0,0,0,0,0,0,0,-0.0180833682554753,0,0,0,0,0,0,0.0123605852671993,-0.007474202664246,-0.00251870410194577,0,0,0,0,0,0,0,0,-0.00774087386299725,0,0,0,0,0,0,0,0,0,0,0,0,0,-0.00581918127393643,0,0,0,0,0,0,0,0,0,0,0,0,0,0.029601821496407,0,0,0,0,-0.00249280559306251,0,-0.00297019922487597,0,0,0.00163176962775768,0,0,0,0,0,0,0,0,0,0,0,0,0,0,0,0,0,0,0,0,0,0,0,0,0,0,0,0,0,0,0,0,0,0,0,0,0,0,0,0,0,0,0,0,0.0332956995862579,0,0,0,0,-0.0182290257566922
0.00285549634706243,0.44497456225735,0,0,0,-0.00888547330016493,0,0,0,0,0,0,0,0.0026976372145516,0,0,0,0,0,0,0,0,-0.0265031471521095,0,0,0,0,0.0118891159060364,0,0.0563543136347707,-0.00108574878906304,0.00513307330710648,0,0.0147713913191543,0,0.0179366774958741,0,0.0365657235506955,0,0,-0.0110049453786827,0,0,-0.0188858435666963,0,0,0,0,0,0,0,0,0,0,0,0,0,0.0239437891710272,0,0,0,0,0,0,0,0,0,0,0,0,0,0,0,0,0,0,0,0.00235901809385124,0,0,-0.00604520844750266,0,0,0,0,0,0,0.0129367714573888,-0.0212144622264655,-0.0187545645770292,0,0,0,0,0,0,0,0,-0.00286734629634678,0,0,0,0,0,0,0,0,0,0,0,0,0,-0.00653415118417486,0,0,0.00600823330044842,0,0,-0.00433978945057173,-0.0118203794564267,0,0,0,0,0,0,0.0644849450252951,-0.00765762936012904,0,0,0,-0.0000372308459940754,0,0,0,0,0.00591715376323728,0,0,0,0,0,0,0.00359498603716182,0,0,0,0,0,0,0,0,0,0,0,0,0,0,0,0,0,0,0,0,0,0,0,0,0,0,0,0,0,0,0,0,0,0,0,0,0.00137519508196234,0.0539330441751002,0.0471339702684071,0,0,0,-0.00754836231585118
0.00392655447921178,0.387203772012145,0,0,0,-0.00709504488759898,0,0,0,0,0,0,0,0.0151984910996804,0,0,0,0,0,0,0,0,-0.00860710158339619,0,0,0,0,0.0172588543227261,0,0.0389375328741101,-0.0149591041486795,0.00236188873004107,0,0.000678180501730828,0,0.0415210184645834,0,0.0482255763433207,0,0.0103068723611565,-0.00738643468375881,0,0,-0.00501797508664326,0,0,0,0,0,0,0,0,0,0,0,0,0,0.0246664735404907,0,-0.00458030023670211,0,0,0,0,-0.00366467901733625,0,0,0,0.00118895552625839,0,0,0,0,0,0,0,0,0.00783075180263505,0,0,-0.0119742227038481,0,0,0,0,0,0,0.0306143635031054,-0.0322139599565718,-0.028362380077429,0,0,0,0,0,0,0,0,-0.00623841818983152,0,0,0,0,0,0,0,0,0,0,0,0,0,-0.00897151440076391,0,0,0,0,0,-0.00694441019079584,-0.0347350605097083,0,0,0,0,0,0,0.0613970105981232,-0.0267502991459132,0,0,0,-0.0108209721030406,0,0,-0.00366204333027815,0,0,0,0,0,0,0,0,0,0,0,0,0,0,0,0,0,0,0,0,0,0.00954553603651792,0,0,0,0,0,0,0,-0.00103925632370575,0,0,0,0,0,0,0,0,0,0,0,0,0,0,0,0,0.0673804678057918,0.0671449385439304,0,0,0,-0.00508753490113896
0.0039734086005377,0.371128134754839,0,0,0,-0.00803620125088272,0,0,0,0,0,0,0,0,0,0,0,0,0,-0.0271577131787928,0,0,-0.0237132919642819,0,0,0,0,0.0310308524007122,0,0.0585232843851054,-0.0381051169865086,0,0,0,0,0.0921797650530891,0,0.0588217183630914,0,0,-0.00410495292950863,0,0,0,0,0,0,0,0,0,0,0,0,0,0,0,0,0.0102011712824152,0,0,0,0,0,0,-0.0214143445316372,0,0,0,0,0,0,0,0,0,0,0,0,0,0,0,-0.0182851670822563,0,0,0,0,0,0,0.0238320456237362,-0.0558158250273257,-0.0182051735029627,0,0,0,0,0,0,0,0,-0.0432955052292182,0,0,0,0,0,0,0,0,0,0,0,0,0,-0.0057205055043338,0,0,0,0,0,-0.00684895343449682,-0.00259970871078044,0,0,0,-0.0189040717997714,0,0,0.0851624145288647,-0.0280987426638587,0,0.0758301337608339,0,0,0,0,-0.00233508647466556,0,0,0,0.00734318324842053,0,0,0,0,0,0,0,0,0,0,0,0,0,0,0,0,0.00606659692330291,0,0,0,0,0,0,0,0,0,0,0,0,0,0,0,0,0,0,0,0,0,0,0,0,0,0.0919269574816425,0.146142321943157,0,0,0,0
0.000661330034819111,0.381894925288359,0,0,0,-0.00221182589172367,0,0,0,0,0,0,0,0.00194054170616588,0,0,0,0,0,0,0,0,-0.0101650861031483,0,0,0,0,0.0111970632362432,0,0.0403696903868358,-0.00395053166067096,0,0,0,0,0.0104531947200743,0,0.0587193823162185,0,0.0212014326813897,-0.0148873126758046,0,0,-0.0209645745951299,0,0,0,-0.00480722882962267,0,0,0,0,0,0,0,0,0,0.0210140111925449,0,0,-0.00532918772448044,0,0,0,-0.0149959089984271,0,0,0,0.0211268487404636,0,0,0,0,0,0,0,0,0,0,0,-0.0211243365632795,0,0,0,0,0,0,0.0194270891191761,-0.0187338670286215,-0.0268570255913473,0,0,0,0,0,0,0,0,-0.0162530681524359,0,0,0,0,0,0,0,0,0,0,0,0,0,-0.0150232393454635,0,0,0.0164252878958681,0,0,-0.0114615439938918,-0.0223681041138196,-0.00378428720670098,0,0,0,0,0,0.0243175933702175,-0.025854104560245,0,0.00867140324453785,0,-0.00546915540497064,0,0,-0.00301529904030328,0,0.00655232175376026,0,0,0,0,0,0,0.0119609065031075,0,0,0,0,0,0,0,0,0,0,0,0,0,0,0,0,0.00884704242926528,0,0,0,-0.00026110690973449,0,0,0,0,0,0,0,0,0,0,0,0,0,0,0,0,0.065869298519484,0.0196469847489013,0,0,0,-0.0112918407560371
0.00287815815037265,0.340411187406418,0,0,0,-0.00477359162764271,0,0,0,0,0,0,0,0.0103696154492042,0,0,0,0,0,-0.000715548507546027,0,0,-0.00770219971842747,0,0.0173168977221091,0,0,0.0207012456629401,0,0.026150260475617,-0.0194034098734963,0,0,0,0,0.0931064137104762,0,0.0551086406538244,0,0.0179262238957351,-0.00975738765892131,0,0,0,0,0,0,-0.0037868441257529,0,0,0,0,0,0,0,0,0,0.0220738536347927,0,-0.00936946823707377,0,0,0,0,-0.0165809650328044,0,0,0,0,0,0,0,0,0,0,0,0,0,0,0,-0.0190433137855672,0,0,0,0,0,0,0.032346789100223,-0.0592280563778972,-0.0217312392962786,0,0,0,0,0,0,0,0,-0.0343732401023502,0,0,0,0,0,0,0,0,0,0,0,0,0,-0.011479140213995,0,0,0,0,0,-0.013024393320759,-0.0123761518437263,0,0,0,-0.00723719837747941,0,0,0.0520254600118803,-0.0181900960427845,0,0.039113898449772,0,0,0,0,-0.00349715362108534,0,0,0,0,0,0,0,0,0,0,0,0,0,0,0,0,0,0,0,0,0.0162182671240896,0.00292231232899843,0,0,0,0,0,0,0,0,0,0,0,0,0,0,0,0,0,0,0,0,0,0,0,0,0.0842340057995384,0.0620903980527866,0,0,0,-0.00276450634450244
NA,NA,NA,NA,NA,NA,NA,NA,NA,NA,NA,NA,NA,NA,NA,NA,NA,NA,NA,NA,NA,NA,NA,NA,NA,NA,NA,NA,NA,NA,NA,NA,NA,NA,NA,NA,NA,NA,NA,NA,NA,NA,NA,NA,NA,NA,NA,NA,NA,NA,NA,NA,NA,NA,NA,NA,NA,NA,NA,NA,NA,NA,NA,NA,NA,NA,NA,NA,NA,NA,NA,NA,NA,NA,NA,NA,NA,NA,NA,NA,NA,NA,NA,NA,NA,NA,NA,NA,NA,NA,NA,NA,NA,NA,NA,NA,NA,NA,NA,NA,NA,NA,NA,NA,NA,NA,NA,NA,NA,NA,NA,NA,NA,NA,NA,NA,NA,NA,NA,NA,NA,NA,NA,NA,NA,NA,NA,NA,NA,NA,NA,NA,NA,NA,NA,NA,NA,NA,NA,NA,NA,NA,NA,NA,NA,NA,NA,NA,NA,NA,NA,NA,NA,NA,NA,NA,NA,NA,NA,NA,NA,NA,NA,NA,NA,NA,NA,NA,NA,NA,NA,NA,NA,NA,NA,NA,NA,NA,NA,NA,NA,NA,NA,NA,NA,NA,NA
0.0035591352557751,0.333910260326473,0,0,0,-0.00637361525368166,0,0,0,0,0,0,0,0.00613094550295775,0,0,0,0,0,-0.00443673114374559,0,0,-0.0122242789001072,0,0.00832137357675577,-0.00438283494990611,0,0.0179882511994665,0,0.0265270255634034,-0.0131707815623567,0,0,0.010167233712017,0,0.0760019082829164,0,0.0613735067875836,0,0.0159973152513365,-0.01161851752016,0,0,-0.0114436702357521,0,0,0,-0.00191960735053714,0,0,0,0,0,0,0,0,0,0.0244531291171907,0,0,-0.00583316904106569,0,0,0,0,0,0,0,0,0,0,0,0,0,0,0,0,0,0,0,-0.0269910804861501,0,0,0,0,0,0,0.0319488173781485,-0.0358763989673647,-0.0264743536485675,0,0,0,0,0,0,0,0,-0.0242442802634057,0,0,0,0,0,0,0,0,0,0,0,0,0,-0.00838360778839058,0,0,0,0,0,-0.0140662900801104,-0.0201005115101924,-0.00433205679792223,0,0,-0.00479002562038048,0,0,0.0483852758392941,-0.0221805902074606,0,0.0421174419338914,-0.000357181474911926,-0.0040870675985041,0,0,-0.00768743745991855,0,0,0,0,0,0,0,0,0,0,0,0,0,0,0,0,0,0,0,0,0.00644435374321708,0,0,0,0,0,0,0,0,0,0,0,0,0,0,0,0,0,0,0,0,0,0,0,0,0,0.0781988634328182,0.0748077406392656,0,0,0,-0.00693641800303697
NA,NA,NA,NA,NA,NA,NA,NA,NA,NA,NA,NA,NA,NA,NA,NA,NA,NA,NA,NA,NA,NA,NA,NA,NA,NA,NA,NA,NA,NA,NA,NA,NA,NA,NA,NA,NA,NA,NA,NA,NA,NA,NA,NA,NA,NA,NA,NA,NA,NA,NA,NA,NA,NA,NA,NA,NA,NA,NA,NA,NA,NA,NA,NA,NA,NA,NA,NA,NA,NA,NA,NA,NA,NA,NA,NA,NA,NA,NA,NA,NA,NA,NA,NA,NA,NA,NA,NA,NA,NA,NA,NA,NA,NA,NA,NA,NA,NA,NA,NA,NA,NA,NA,NA,NA,NA,NA,NA,NA,NA,NA,NA,NA,NA,NA,NA,NA,NA,NA,NA,NA,NA,NA,NA,NA,NA,NA,NA,NA,NA,NA,NA,NA,NA,NA,NA,NA,NA,NA,NA,NA,NA,NA,NA,NA,NA,NA,NA,NA,NA,NA,NA,NA,NA,NA,NA,NA,NA,NA,NA,NA,NA,NA,NA,NA,NA,NA,NA,NA,NA,NA,NA,NA,NA,NA,NA,NA,NA,NA,NA,NA,NA,NA,NA,NA,NA,NA
0.00372315498773718,0.439798975949797,0,0,0,0,0,0,0,0,0,0,0,0.00599085783400152,0,0,0,0,0,0,0,0,-0.0106865667367742,0,0,0,0,0.0143843318126147,0,0.0616852657644104,-0.00507429292492867,0,0,0,0,0.0331360437903658,0,0.0418824271431323,0,0.00995336347699398,-0.0174943721573981,0,0,-0.00625367545256852,0,0,0,-0.00583477278670555,0,0,0,0,0,0,0,0,0,0.0251994949871407,0,-0.00240029493556635,0,0,0,0,-0.0073360870418593,0,0,0,0.000140316138567175,0,0,0,0,0,0,0,0,0,0,0,-0.0124380861427292,0,0,0,0,0,0,0.012644637067271,-0.0355645357373799,-0.021146842499654,0,0,0,0,-0.000850026530745287,0,0,0,-0.0210770963046282,0,0,0,0,0,0,0,0,0,0,0,0,0,-0.0106725301787878,0,0,0.00887314062147409,0,0,-0.0119558211496978,-0.0128416150188709,0,0,0,0,0,0,0.0398389393573224,-0.00848000121069548,0,0.00180915586567954,0,-0.00406176788107105,0,0,0,0,0,-0.000925627581840869,0,0,0,0,0,0.00642315146106032,0,0,0,0,0,0,0,0,0,0,0,0,0,0,0,0,0,0,0,0,0,0,0,0,0,0,0,0,0,0,0,0,0,0,0,0,0.00618101823036615,0.0620410106060899,0.054628405992145,0,0,0,-0.00993776935134995
0.003700333942647,0.424780495289178,0,0,0,-0.00198263533446826,0,0,0,0,0,0,0,0,0,0,0,0,0,0,0,0,-0.00725376909471053,0,0,0,0,0.0205330871820065,0,0.0566226567930716,-0.00473303716761601,0.00146969587104305,0,0,0,0.03709372131663,0,0.0360983833896035,0,0.0100315711798911,-0.0151284753056954,0,0,-0.0161136867800655,0,0,0,-0.0116843039519776,0,0,0,0,0,0,0,0,0,0.0188061234400878,0,-0.00322629889092475,-0.00331312333073192,0,0,0,-0.00795658103311694,0,0,0,0,0,0,0,0,0,0,0,0,0,0,0,-0.0159844147785362,0,0,0,0,0,0,0.00670281263779124,-0.0267143407734868,-0.0219062995293566,0,0,0,0,0,0,0,0,-0.0340462187719805,0,0,0,0,0,0,0,0,0,0,0,0,0,-0.0131160538675489,0,0,0,0,0,-0.0159006604826578,-0.0107663394686764,0,0,0,0,0,0,0.0404443678295007,-0.00977871613860583,0,0.0172019564246415,0,0,0,-0.000615066323629683,0,0,0,-0.00357681271730505,0,0,0,0,0,0,0,0,0,0,0,0,0,0,0,0,0,0,0,0,0,0,0,0,0,0,0,0,-0.00523328776547824,0,0,0,0,0,0,0,0,0,0,0,0,0,0,0.0631162534386925,0.0454578178952498,0,0,0,-0.0107313097306985
0.00384427874351879,0.368363072724476,0,0,0,-0.00245502789839664,0,0,0,0,0,0,0,0.00291713914402338,0,0,0,0,0,0,0,0,-0.0151120199029908,0,0,0,0,0.0137676727691433,0,0.0476566223206374,-0.00835394792405838,0,0,0,0,0.0625572053739159,0,0.0537838457777064,0,0.0124321148896856,-0.0224356649101118,0,0,-0.00162115574567849,0,0,0,-0.00388176163315421,0,0,0,0,0,0,0,0,0,0.0186060876816077,0,0,0,0,0,0,-0.020942732414189,0,0,0,0.00816373669298848,0,0,0,0,0,0,0,0,0,0,0,-0.0161858780121212,0,0,0,0,0,0,0.0237358207771744,-0.0364385320490124,-0.0223792716228695,0,0,0,0,0,0,0,0,-0.0306229948778172,0,0,0,0,0,0,0,-0.000740761239138195,0,0,0,0,0,-0.0134842879263596,0,0,0.0365551830399575,0,0,-0.0147269481393947,-0.0136034172786962,0,0,0,0,0,0,0.0514298254355687,-0.0137089623817153,0,0.0211509549765608,0,0,0,0,-0.00102294388288707,0,0,0,0,0,0,0,0,0,0,0,0,0,0,0,0,0,0,0,0,0.0016318551127822,0,0,0,0,0,0,0,0,0,0,0,0,0,0,0,0,0,0,0,0,0,0,0,0,0,0.0741895680358203,0.063504076037205,0,0,0,-0.00813565701100696
NA,NA,NA,NA,NA,NA,NA,NA,NA,NA,NA,NA,NA,NA,NA,NA,NA,NA,NA,NA,NA,NA,NA,NA,NA,NA,NA,NA,NA,NA,NA,NA,NA,NA,NA,NA,NA,NA,NA,NA,NA,NA,NA,NA,NA,NA,NA,NA,NA,NA,NA,NA,NA,NA,NA,NA,NA,NA,NA,NA,NA,NA,NA,NA,NA,NA,NA,NA,NA,NA,NA,NA,NA,NA,NA,NA,NA,NA,NA,NA,NA,NA,NA,NA,NA,NA,NA,NA,NA,NA,NA,NA,NA,NA,NA,NA,NA,NA,NA,NA,NA,NA,NA,NA,NA,NA,NA,NA,NA,NA,NA,NA,NA,NA,NA,NA,NA,NA,NA,NA,NA,NA,NA,NA,NA,NA,NA,NA,NA,NA,NA,NA,NA,NA,NA,NA,NA,NA,NA,NA,NA,NA,NA,NA,NA,NA,NA,NA,NA,NA,NA,NA,NA,NA,NA,NA,NA,NA,NA,NA,NA,NA,NA,NA,NA,NA,NA,NA,NA,NA,NA,NA,NA,NA,NA,NA,NA,NA,NA,NA,NA,NA,NA,NA,NA,NA,NA
0.00388410493179431,0.446644959814427,0,0,0,0,0,0,0,0,0,0,0,0,0,0,0,0,0,0,0,0,-0.00578637278322377,0,0,0,0,0.0200692363643817,0,0.0705329327995532,-0.000254896021272662,0.00410168825527837,0.00292545348852123,0.00817082287204689,0,0.0149786291062309,0,0.0361577228923627,0,0.00903603575874717,-0.0157950485309349,0,0,-0.0263613926694048,0,0,0,-0.00811432110528433,0,0,0,0,0,0,0,0,0,0.0241050601579886,0,-0.00194941998350652,0,0,0,0,-0.00403268380500007,0,0,0,0,0,0,0,0,0,0,0,0,0,0,0,-0.0142909860340863,0,0,0,0,0,0,0.0030703248570216,-0.0265228317357228,-0.0204462749408004,0,0,0,0,0,0,0,0,-0.0239405337902154,0,0,0,0,0,0,0,0,0,0,0,0,0,-0.00869364743899094,0,0,0.0108745000889445,0,0,-0.0126189588757427,-0.0116301279335905,0,0,0,0,0,0,0.0523511616057419,-0.00585166693531553,0,0.0110640521445678,0,-0.00164827113372387,0,-0.00195810121320493,0,0,0,0,0,0,0,0,0,0.00228295070461536,0,0,0,0,0,0,0,0,0,0,0,0,0,0,0,0,0,0,0,0,0,0,-0.0029643641284669,0,0,0,0,0,0,0,0,0,0,0,0,0,0.00872369651617119,0.0573185549415648,0.0229706476613006,0,0,0,-0.0106615975194546
NA,NA,NA,NA,NA,NA,NA,NA,NA,NA,NA,NA,NA,NA,NA,NA,NA,NA,NA,NA,NA,NA,NA,NA,NA,NA,NA,NA,NA,NA,NA,NA,NA,NA,NA,NA,NA,NA,NA,NA,NA,NA,NA,NA,NA,NA,NA,NA,NA,NA,NA,NA,NA,NA,NA,NA,NA,NA,NA,NA,NA,NA,NA,NA,NA,NA,NA,NA,NA,NA,NA,NA,NA,NA,NA,NA,NA,NA,NA,NA,NA,NA,NA,NA,NA,NA,NA,NA,NA,NA,NA,NA,NA,NA,NA,NA,NA,NA,NA,NA,NA,NA,NA,NA,NA,NA,NA,NA,NA,NA,NA,NA,NA,NA,NA,NA,NA,NA,NA,NA,NA,NA,NA,NA,NA,NA,NA,NA,NA,NA,NA,NA,NA,NA,NA,NA,NA,NA,NA,NA,NA,NA,NA,NA,NA,NA,NA,NA,NA,NA,NA,NA,NA,NA,NA,NA,NA,NA,NA,NA,NA,NA,NA,NA,NA,NA,NA,NA,NA,NA,NA,NA,NA,NA,NA,NA,NA,NA,NA,NA,NA,NA,NA,NA,NA,NA,NA
NA,NA,NA,NA,NA,NA,NA,NA,NA,NA,NA,NA,NA,NA,NA,NA,NA,NA,NA,NA,NA,NA,NA,NA,NA,NA,NA,NA,NA,NA,NA,NA,NA,NA,NA,NA,NA,NA,NA,NA,NA,NA,NA,NA,NA,NA,NA,NA,NA,NA,NA,NA,NA,NA,NA,NA,NA,NA,NA,NA,NA,NA,NA,NA,NA,NA,NA,NA,NA,NA,NA,NA,NA,NA,NA,NA,NA,NA,NA,NA,NA,NA,NA,NA,NA,NA,NA,NA,NA,NA,NA,NA,NA,NA,NA,NA,NA,NA,NA,NA,NA,NA,NA,NA,NA,NA,NA,NA,NA,NA,NA,NA,NA,NA,NA,NA,NA,NA,NA,NA,NA,NA,NA,NA,NA,NA,NA,NA,NA,NA,NA,NA,NA,NA,NA,NA,NA,NA,NA,NA,NA,NA,NA,NA,NA,NA,NA,NA,NA,NA,NA,NA,NA,NA,NA,NA,NA,NA,NA,NA,NA,NA,NA,NA,NA,NA,NA,NA,NA,NA,NA,NA,NA,NA,NA,NA,NA,NA,NA,NA,NA,NA,NA,NA,NA,NA,NA
0.00389661352391654,0.390776890209189,0,0,0,-0.00450913166449065,0,0,0,0,0,0,0,0.00181139015939682,0,0,0,0,0,0,0,0,-0.0107748097392117,0,0,0,0,0.016156556569949,0,0.042089180586146,-0.00968805450177786,0.00295534672123957,0,0,0,0.0450832997290573,0,0.0444454595150416,0,0.0105668359877065,-0.0197397121400471,0,0,-0.0121940111489224,0,0,0,-0.0126262710920452,0,0,0,0,0,0,0,0,0,0.0222532480368977,0,-0.00419912674672958,-0.00639327650374764,0,0,0,-0.00806219355878821,0,0,0,0,0,0,0,0,0,0,0,0,0,0,0,-0.0150899517610594,0,0,0,0,0,0,0.0162520453841155,-0.0341927429684504,-0.0257479517371783,0,0,0,0,0,0,0,0,-0.042479965171525,0,0,0,0,0,0,0,0,0,0,0,0,0,-0.0133187848438424,0,0,0.0100725885083458,0,0,-0.0179217685392146,-0.0173657153886347,0,0,0,0,0,0,0.0492266002670056,-0.0176723527855793,0,0.0187082324472993,0,0,0,-0.00392001934732225,0,0,0,-0.00734928568687539,0,0,0,0,0,0,0,0,0,0,0,0,0,0,0,0,0,0.00288350418790489,0,0,0,0,0,0,0,0,0,0,-0.00439572237455942,0,0,0,0,0,0,0,0,0,0,0,0,0,0,0.0710128521914534,0.0571614792565754,0,0,0,-0.0116683072418837
NA,NA,NA,NA,NA,NA,NA,NA,NA,NA,NA,NA,NA,NA,NA,NA,NA,NA,NA,NA,NA,NA,NA,NA,NA,NA,NA,NA,NA,NA,NA,NA,NA,NA,NA,NA,NA,NA,NA,NA,NA,NA,NA,NA,NA,NA,NA,NA,NA,NA,NA,NA,NA,NA,NA,NA,NA,NA,NA,NA,NA,NA,NA,NA,NA,NA,NA,NA,NA,NA,NA,NA,NA,NA,NA,NA,NA,NA,NA,NA,NA,NA,NA,NA,NA,NA,NA,NA,NA,NA,NA,NA,NA,NA,NA,NA,NA,NA,NA,NA,NA,NA,NA,NA,NA,NA,NA,NA,NA,NA,NA,NA,NA,NA,NA,NA,NA,NA,NA,NA,NA,NA,NA,NA,NA,NA,NA,NA,NA,NA,NA,NA,NA,NA,NA,NA,NA,NA,NA,NA,NA,NA,NA,NA,NA,NA,NA,NA,NA,NA,NA,NA,NA,NA,NA,NA,NA,NA,NA,NA,NA,NA,NA,NA,NA,NA,NA,NA,NA,NA,NA,NA,NA,NA,NA,NA,NA,NA,NA,NA,NA,NA,NA,NA,NA,NA,NA
0.00389817714232506,0.397539950981811,0,0,0,0,0,0,0,0,0,0,0,0.00401985131087121,0,0,0,0,0,0,0,0,-0.0150675072074762,0,0,0,0,0.00874794394830873,0,0.066626919394793,-0.00978895789916331,0.0143550332584331,0.00180785525870432,0,0,0.0207318332085612,0,0.0361914336687482,0,0.0134508581258867,-0.0203604035398553,0,0,0,0,0,0,-0.00231935739965433,0,0,0,0,0,0,0,0,0,0.0319958862276027,0,-0.00602736512977235,0,0,0,0,0,0,0,0,0,0,0,0,0,0,0,0,0,0,0,0,-0.0147860437396637,0,0,0,0,0,0,0.0250661700563028,-0.0344131287094995,-0.0258633844068167,0,0,0,0,0,0,0,0,-0.0150022591969158,0,0,0,0,0,0,0,0,0,0,0,0,0,-0.00867058703905297,0,0,0.00941433685397212,0,0,-0.0229994042583738,-0.0203851621430417,0,0,0,0,0,0,0.0529849589703574,-0.015162783635637,0,0.00139428929739407,0,-0.0026938229162848,0,0,-0.00187953196978136,0,0,-0.00509762937761694,0,0,0,0,0,0.0219903551599806,0.00201929969303036,0,0,0,0,0,0,0,0,0,0,0.00351436614564506,0.00428194195807464,0,0,0,0,0,0,0,0,0,-0.000557663288720141,0,0,0,0,0,-0.003030313640973,0,0,0,0,0,0,0,0,0.0679160763052786,0.0487778123568742,0,0,0,-0.0158618711744118
0.00319321434337907,0.448456018236393,0,0,0,0,0,0,0,0,0,0,0,0.0140107162314836,0,0,0,0,0,0,0,0,-0.011281525347843,0,0,0,0,0.013703300858314,0,0.0522949056158199,0,0.00775224585607111,0,0,0,0.0199350583939892,0,0.0394581565967657,0,0,-0.018650698966493,0,0,-0.0126102871898435,0,0,0,-0.00908029254334031,0,0,0,0,0,0,0,0,0,0.00580930637987439,0,-0.00635085803045005,0,0,0,0,0,0,0,0,0.00128363654496659,0,0,0,0,0,0,0,0,0,0,0,-0.0117544562534282,0,0,0,0,0,0,0.0207261957075168,-0.0308355647128938,-0.0229230742646909,0,-0.00409669541684897,0,0,-0.00139551964239949,0,0,0,-0.0207358903743359,0,0,0,0,0,0,0,0,0,0,0,0,0,-0.00990486543916749,0,0,0.0117692689131371,0,0,-0.0109623970813818,-0.0119208263181233,0,0,0,0,0,0,0.0345875077181774,-0.00924800097712121,0,0,0,-0.0084701984773764,0,0,0,0,0,-0.00234573084908204,0,0,0,0,0,0.000588550432436341,0,0,0,0,0,0,0,0.00560528174591328,0,0,0,0.00110470461994538,0,0,0,0,0,0,0,0,-0.00287861161905788,0,-0.00145369422897793,0,0,0,0,0,0,0,0,0,0,0,0,0,0.00464361188550469,0.0767045385763623,0.0420127331635988,0,0,0,-0.0140901446638846
0.00427470787902761,0.390800659166306,0,0,0,-0.00304496426742625,0,0,0,0,0,0,0,0.00671361209330141,0,0,0,0,0,0,0,0,-0.00671748491112321,0,0.0032883132674111,-0.00527219979104801,0,0.0016622265010518,0,0.0652029338392048,-0.0165985609744023,0.0167647439275735,0,0,0,0.0229648670815004,0,0.0542120086149262,0,0.0196205703830139,-0.0205284575311068,0,0,0,0,0,0,-0.000442803906523602,0,0,0,0,0,0,0,0,0,0.0239664285422273,0,-0.00744492034769108,0,0,0,0,-0.00209859483122893,0,0,0,0,0,0,0,0,0,0,0,0,0,0,0,-0.0181046650256625,0,0,0,0,0,0,0.0308325493501911,-0.0403647416892921,-0.0316215906397801,0,0,0,0,0,0,0,0,-0.027328068167881,0,0,0,0,0,0,0,0,0,0,0,0,0,-0.0112245380357292,0,0,0.0110859181875878,0,0,-0.0237076910968273,-0.0285861542994198,-0.00403037934831961,0,0,0,0,0,0.0521299062980385,-0.0364190320569119,0,0.00574226304564356,0,0,0,0,-0.0123621217102217,0,0.00246284449205874,-0.00889163878940744,0,0,0,0,0,0.0278673842352451,0,0,0,0,0,0,0,0,0,0,0,0.0267683200230739,0.00480984883052281,0,0,0,0,0,0,-0.000740168637173518,-0.000253518145104683,0,0,0,0,0,0,0,0,0,0,0,0,0,0,0,0,0.0717276335639703,0.0587618873355624,0.00357972076416563,0,0,-0.0174868508272911
0.00288809497908817,0.312619341358902,0,0,0,-0.0112082606506751,0,0,0,0,0,0,0,0.016309496119916,0,0,0,0,0,0,0,0,-0.00892523600839645,0,0,0,0,0.011826075260976,0,0.0258375631267336,-0.0118655391627211,0.00225394913371989,0,0,0,0.0802607019288527,0,0.0544970663650853,0,0.0205225101440122,-0.0159236465150264,0,0,-0.00458295661696302,0,0,0,-0.0077153822180389,0,0,0,0,0,0,0,0,0,0.0272312626473873,0,-0.0000830151537633722,-0.00023044714563722,0,0,0,-0.0101292529471137,0,0,0,0,0,0,0,0,-0.00171986521955083,0,0,0,0,0,0,-0.0175413711906644,0,0,0,0,0,0,0.0348197183676136,-0.0478958532310268,-0.0292662950206369,0,0,0,0,0,0,0,0,-0.0343135070180931,0,0,0,0,0,0,0,0,0,0,0,0,0,-0.0155524089029668,0,0,0,0,0,-0.0166751438304658,-0.0206068658777117,-0.00506859802846437,0,0,-0.00948859721666321,0,0,0.0468791134934863,-0.0188264929143147,0,0.0290685576801027,0,0,0,0,-0.0102676008218702,0,0,-0.00265652241240927,0,0,0,0,0,0,0,0,0,0,0,0,0,0,0,0,0,0.0287896265165159,0,0,0,0,0.00397414293919074,0,0,0,0,0,0,0,0,0,0,0,0,0,0,0,0,0,0,0,0,0.0883171561070672,0.0813368037241275,0,0,0,-0.0105751986729744
0.00493198519277479,0.413452995172824,0,0,0,-0.00270643655169385,0,0,0,0,0,0,0,0.00438664777147997,0,0,0,0,0,0,0,0,-0.00842827370955123,0,0.000075238383512086,0,0,0.009567709882703,0,0.056836894761605,-0.00889780048734912,0.00883306817514749,0,0,0,0.0185032215598766,0,0.0412324651907439,0,0.0156497427202947,-0.0199824687444439,0,0,0,0,0,0,-0.00393015885270609,0,0,0,0,0,0,0,0,0,0.0253791550645505,0,-0.00794531245370837,0,0,0,0,-0.00213401137747721,0,0,0,0,0,0,0,0,0,0,0,0,0,0,0,-0.0136251596869019,0,0,0,0,0,0,0.0229955212209977,-0.03416872026655,-0.0277292292009749,0,0,0,0,0,0,0,0,-0.0219622645231422,0,0,0,0,0,0,0,0,0,0,0,0,0,-0.0087819829547551,0,0,0.0144836776837632,0,0,-0.0229780066476086,-0.0253525036424159,0,0,0,0,0,0,0.0503770466501186,-0.0287804469437849,0,0.00073356094064091,0,-0.00201450685965788,0,0,-0.00488939390793728,0,0,-0.00981821019476338,0,0,0,0,0,0.0230439952691887,0,0,0,0,0,0,0,0,0,0,0,0.00681869867960012,0.00721717433136504,0,0,0,0,0,0,0,-0.00237563669763201,0,-0.00335760366628924,0,0,0,0,0,0,0,0,0,0,0,0,0,0,0.0668893576180138,0.0568609290329748,0,0,0,-0.0144923209103975
0.00381149110290819,0.36290657062675,0,0,0,-0.00218741551028909,0,0,0,0,0,0,0,0.0160289322800344,0,0,0,0,0,0,0,0,-0.00989759673561037,0,0.0148346573068945,0,0,0.00454179209783906,0,0.0223903564918174,-0.00761753585488397,0.00475938064424779,0,0,0,0.0601850251077143,0,0.059603932454141,0,0.025807516461912,-0.015738601042928,0,0,0,0,0,0,-0.00443622401659241,0,0,0,0,0,0,0,0,0,0.0698203450617274,0,-0.00479677734876457,0,0,0,0,-0.00735858600757105,0,0,0,0.0085476764894238,0,0,0,0,-0.00146121380053846,0,0,0,0,0,0,-0.024021983011511,0,0,0,0,0,0,0.0358843252460035,-0.049324904350532,-0.0288196320531982,0,0,0,0,0,0,0,0,-0.0250214011598203,0,0,0,0,0,0,0,0,0,0,0,0,0,-0.0096958030012565,0,0,0,0,0,-0.0116567399828379,-0.017900174271371,-0.00948627609039077,0,0,0,0,0,0.0471332438215548,-0.019245930318065,0,0.0169341623453578,-0.00319837835471033,0,0,0,-0.0081612868937916,0,0,0,0,0,0,0,0,0.0079475709684126,0,0,0,0,0,0,0,0,0,0,0,0.0308926646093202,0.00403318531980787,0,0,0,0,0,0,0,0,0,0,0,0,0,0,0,0,0,0,0,0,0,0,0,0,0.0882741794801173,0.0786139531931248,0,0,0,-0.0141807118427698
0.00393886055754617,0.460990705229441,0,0,0,0,0,0,0,0,0,0,0,0.00244071673017665,0,0,0,0,0,0,0,0,-0.00983991588963887,0,0,0,0,0.000230529155902897,0,0.0469741877723362,0,0.014933333889597,0,0,0,0,0,0.0614002035679987,0,0.00858386129917522,-0.00992646328744338,0,0,-0.00157582170346137,0,0,0,-0.00864320100581821,0,0,0,0,0,0,0,0,0,0.0249025243918317,0,-0.00904522883797445,0,0,0,0,0,0,0,0,0.015761551817297,0,0,0,0,0,0,0,0,0,0,0,-0.0200784954044219,0,0,0,0,-0.00163207105873598,0,0.0239866510209869,-0.0304247060748325,-0.0180153613143662,0,0,0,0,-0.00372452410509067,0,0,0,-0.00583810607789193,0,0,0,0,0,0,0,0,0,0,0,0,0,-0.00723334396338818,0,0,0.000612452198285511,0,0,-0.0038803614882576,-0.00739085888174528,0,0,0,0,0,0,0.0438489344106282,-0.00777533264080302,0,0,0,0,0,0,0,0,0.0011303593093629,0,0,0,0,0,0,0.0262249404846527,0.00897003767407989,0,0,0,0,0,0,0.00329585971462034,0,0,0,0,0.00658171186483819,0,0,0,0,0,0,0,0,0,0,0,0,0,0,0,0,0,0,0,0,0,0,0,0,0.0441715734580677,0.0292299489507389,0,0,0,-0.0089328202263883
0.00337151356796403,0.404723643124283,0,0,0,-0.0229472137850442,0,0,0,0,0,0,0,0.0255771310252017,0,0,0,0,0,0,0,0,-0.0205162960710195,0,0,0,0,0,0,0.0473499312236191,0,0.0102926805652894,0,0,0,0.0264527103679834,0,0.054922753632646,0,0.0100301461551008,-0.0163058554176436,0,0,-0.00294186368627982,0,0,0,-0.0036442159929554,0,0,0,0,0,0,0,0,0,0.0270028735755674,0,-0.0101687064751973,0,0,0,0,0,0,0,0,0.0116621825192765,0,0,0,0,0,0,0,0,0,0,0,-0.0217176202810439,0,0,0,0,0,0,0.0408969067615653,-0.0439054678876276,-0.0267899674885315,0,0,0,0,0,0,0,0,-0.00543955325239799,0,0,0,0,0,0,0,0,0,0,0,0,0,-0.00283717435854718,0,0,0,0,0,-0.0138321389168213,-0.0197255412900629,-0.0032745314837475,0,0,0,0,0,0.0418388510331504,-0.0112243343194897,0,0,0,-0.00197483755155261,0,0,-0.00280900342671244,0,0,-0.00162984215175073,0,0,0,0,0,0.00895657740653169,0,0,0,0,0,0,0,0,0,0,0,0.00495551238139484,0.00957603746295995,0,0,0,0,0,0,0,-0.00456254517213529,0,-0.00527888049320371,0,0,0,0,0,0,0,0,0,0,0,0,0,0,0.0773013539024151,0.0614052680600647,0,0,0,-0.0150601165872155
0.00514164932855631,0.474691329705934,0,0,0,0,0,0,0,0,0,0,0,0.00387407175489185,0,0,0,0,0,0,0,0,-0.00381887750543182,0,0,0,0,0.00811345832025591,0,0.0565078510430237,0,0.00823700575551145,0,0,0,0.00512984361489074,0,0.0594228289323484,0,0.0115683721037279,-0.0132258614739059,0,0,0,0,0,0,-0.00992928894075439,0,0,0,0,0,0,0,0,0,0.0182451490201609,0,-0.0162263869439349,0,0,0,0,0,0,0,0,0.0142330405954516,0,0,0,0,0,0,0,0,0,0,0,-0.0176291206355664,0,0,0,0,-0.000618894644693527,0,0.0236751539433427,-0.0367852864235348,-0.0237548540951116,0,0,0,0,-0.000369512708095395,0,0,0,-0.00979232725286748,0,0,0,0,0,0,0,0,0,0,0,0,0,-0.00920146705246629,0,0,0.00929705092555197,0,0,-0.00345725542915175,-0.0111212129319712,0,0,0,0,0,0,0.0406139144147812,-0.00801011252115821,0,0,0,-0.00261754355904114,0,0,0,0,0,0,0,0,0,0,0,0.0156420995671774,0,0,0,0,0,0,0,0,0,0,0,0,0.011077082833435,0,0,0,0,0,0,0,0,0,0,0,0,0,0,0,0,0,0,0,0,0,0,0,0,0.0609424943070168,0.0444379189057579,0,0,0,-0.00721119002757799
0.00320544044943344,0.30716790040549,0,0,0,-0.00152759582206698,0,0,0,0,0,0,0,0.0147857284386762,0,0,0,0,0,0,0,0,0,0,0,0,0,0.00372390226903298,0,0.0451795207429115,-0.0133005579356505,0,0,0,0,0.0526603857754191,0,0.0760340363072465,0,0.0159502809385595,-0.0174351921481913,0,0,-0.00391157670814602,0,0,0,-0.00484899992075418,0,0,0,0,0,0,0,0,0,0,0,-0.0159593847381021,0,0,0,0,-0.000609376115368224,0,0,0,0.00705743110645508,0,0,0,0,-0.00130624560348933,0,0,0,0,0,0,-0.0219940560848452,0,0,0,0,-0.0030455472106206,0,0.0394502869683891,-0.0395930256429623,-0.0310944057081387,0,0,0,0,-0.0110844730926208,0,0,0,-0.0266714743221571,0,0,0,0,0,0,0,-0.000493759338155405,0,0,0,0,0,-0.00748230080324856,0,0,0,0,0,-0.019701298160469,-0.0247886336228068,0,0,0,0,0,0,0.0493783817330468,-0.0303709221067071,0,0.0256110823546672,0,-0.00211494276577061,0,0,-0.00371940235740505,0,0,-0.00579522494073651,0,0,0,0,0,0,0,0,0,0,0,0,0,0,0,0,0,0.000805795552550954,0,0,0,0,0.00225503047571928,0,0,-0.000679043549559725,-0.00491130916181775,0,0,0,0,0,0,0,0,0,0,0,0,0,0,0,0,0.0624408864113657,0.0695581830253957,0.00875142363737515,0,0,-0.00229128285039648
0.00347284948218159,0.393388573769064,0,0,0,0,0,0,0,0,0,0,0,0.0120345328723025,0,0,0,0,0,0,0,0,-0.0024353776027034,0,0.0145783449117992,0,0,0.0039736184478535,0,0.0489510579836331,0,0,0,0,0,0.030215035974916,0,0.0735960564222057,0,0.0125787189095275,-0.0127505797290743,0,0,0,0,0,0,-0.00755374720242385,0,0,0,0,0,0,0,0,0,0.0216680701447833,0,-0.0082034956523251,0,0,0,0,-0.00253060163914564,0,0,0,0.010410238452068,0,0,0,0,-0.00457707810125291,0,0,0,0,0,0,-0.0266901983272248,0,0,0,0,0,0,0.0346989817009184,-0.0446491571107826,-0.0302893412070123,0,0,0,0,0,0,0,0,-0.0196312393694327,0,0,0,0,0,0,0,0,0,0,0,0,0,-0.00996567553683047,0,0,0,0,0,-0.0103936741363414,-0.0199850412908161,-0.0085089070053537,0,0,0,0,0,0.0436957705218075,-0.0120391277779047,0,0.0164750880097975,0,0,0,0,-0.00543793691135509,0,0,0,0,0,0,0,0,0.00647055037503956,0,0,0,0,0,0,0,0,0,0,0,0.0269427429918806,0.00943996312081801,0,0,0,0,0,0,0,-0.000623026012199289,0,0,0,0,0,0,0,0,0,0,0,0,0,0,0,0,0.0693991283416443,0.0689044224350409,0,0,0,-0.0173861103242607
0.0029665987403219,0.307083855792003,0,0,0,-0.00366110886596033,0,0,0,0,0,0,0,0.014960922415098,0,0,0,0,0,0,0,0,-0.0129014307156838,0,0.0227268289042905,0,0,0.00972236744221111,0,0.0149413002616577,0,0.0178165415150376,0,0,0,0.0695207780765939,0,0.0635793216938294,0,0.0320706831607162,-0.0104763319352641,0,0,0,0,0,0,-0.0039480341265817,0,0,0,0,0,0,0,0,0,0.037028067537051,0,-0.00323177701592744,-0.00316045078758793,0,0,0,-0.00304311998092515,0,0,0,0.0059521479751329,0,0.0103959659914644,0,0,-0.003650658278588,0,0,0,0,0,0,-0.022409452355316,0,0,0,0,0,0,0.0422116682066098,-0.0538527180080818,-0.027130226315926,0,0,0,0,0,0,0,0,-0.0169196670028522,0,0,0,0,0,0,0,0,0,0,0,0,0,-0.0113341056248977,0,0,0,0,0,-0.00420995355438958,-0.0185137322877071,0,0,0,0,0,0,0.0443925922718138,-0.00881139090944094,0,0.0344414217231207,-0.00273695980564048,0,0,0,-0.00585698136797685,0,0,0,0,0,0,0,0,0.00341967311294603,0,0,0,0,0,0,0,0,0,0,0,0.0238615244631649,0,0,0,0,0,0,0,0,0,0,0,0,0,0,0,0,0,0,0,0,0,0,0,0,0,0.0833092092355171,0.0836344249987502,0,0,0,-0.00645053316620192
0.00336512512538685,0.345764628075121,0,0,0,0,0,0,0,0,0,0,0,0.0208546979703468,0,0,0,0,0,0,0,0,-0.00880278962889803,0,0.0123820134405743,0,0,0,0,0.0418886849751456,0,0.00363480534011184,0,0,0,0.0359042953204067,0,0.0749654339202635,0,0.0218334753401469,-0.0116239263723464,0,0,0,0,0,0,-0.00437250407728541,0,0,0,0,0,0,0,-0.000512887602823446,0,0.0315921488180443,0,-0.00963556508047143,0,0,0,0,0,0,0,0,0.0260009307888883,0,0.00163552377915728,0,0,-0.00380532558234931,0,0,0,0,0,0,-0.0234006636481041,0,0,0,0,0,0,0.0383129068308445,-0.0522958470955662,-0.0324546879429225,0,0,0,0,0,0,0,0,-0.0175403109167515,0,0,0,0,0,0,0,0,0,0,0,0,0,-0.00820672798592112,0,0,0,0,0,-0.0108508000685359,-0.0215973358121462,-0.0111467927368925,0,0,0,0,0,0.0488991275997023,-0.00750149587479395,0,0.0147134506523079,-0.00107792723835418,-0.0010972158289058,0,0,-0.00752455188780844,0,0.000447170353613142,0,0,0,0,0,0,0.0073625293670596,0,0,0,0,0,0,0,0,0,0,0,0.0326946572571615,0,0,0,0,0.00168940457882088,0,0,0,-0.0024799939264495,0,-0.00113547024626656,0,0,0,0,0,0,0,0,0,0,0,0,0,0,0.0800438372084805,0.071849858577283,0,0,0,-0.0129184597903443
0.00493749241455053,0.431813373936788,0,0,0,0,0,0,0,0,0,0,0,0.00273989263613969,0,0.00440617700646149,0,0,0,0,0,0,-0.0146613278971646,0,0,-0.00241745133729284,0,0,0,0.0528734779461107,-0.000265678480987329,0.00221713058566205,0,0,0,0.00227502070191981,0,0.0381267259695522,0,0.0182109959938143,-0.0142901536414348,0,0,0,0,0,0,-0.00157543825300753,0,0,0,0,0,0,0,0,-0.000234449764673553,0.0154388444459667,0,-0.0192938029676861,-0.0119631673178597,0,0,0,-0.000280123400360994,0,0,0,0.0128634587283315,0,0.030150316391978,0,0,0,0,0,0,0,0,0,-0.0217149197044045,0,0,0,0,0,0,0.0257549633891528,-0.047946422264732,-0.0322110585822124,0,-0.000737311970863487,0,0,-0.00407416364926513,0,0,0,-0.0124692429269401,0,0,0,0,0,0,0,0,0,0,0,0,0,-0.00250263821309738,0.0355698515166253,0,0,0,0,-0.0108221733689985,-0.0203724148821012,0,0,0,0,0,0,0.05440257937308,-0.0224312944893949,0,0,0,-0.000815502365959281,0,0,-0.0156335230270867,0,0.0035222233999117,0,0,0,0,0,0,0,0.0225833942869738,0,0,0,0,0,0,0.0587918361194499,0,0,0,0,0,0,0,0,0,0,0,0,0,0,-0.00612653949766932,0,0,0,0,0,0,0,0,0,0,0,0,0,0,0.0965200466806608,0.0349904506674799,0.00293171066536943,0,0,-0.0157353976085083
0.00198121414875937,0.35255706020198,0,0,0,0,0,0,0,0,0,0,0,0.0297812107886588,0,0,0,0,0,0,0,0,-0.00839783664006911,0,0,0,0,0.00512458278244517,0,0.084045971643734,0,0.00226561141092178,0,0,0,0.0280320174226556,0,0.0832436401717123,0,0,-0.00409988879277472,0,0,0,0,0,0,-0.00398805372036555,0,0,0,0,0,0,0,0,0,0.0299026384911536,0,-0.00428036488734807,0,0,0,0,0,0,0,0,0.00857635504136828,0,0,0,0,0,0,0,0,0,0,0,-0.0135070042155169,0,0,0,0,0,0,0.0404641195664815,-0.034790038128713,-0.0193929791609181,0,0,0,0,0,0,0,0,-0.0222426652456885,0,0,0,0,0,0,0,0,0,0,0,0,0,-0.0048719195910377,0,0,0,0,0,-0.0149557222336151,-0.0120515646240435,0,0,0,0,0,0,0.0309800783369388,-0.00130796409480586,0,0.00902503779766144,0,-0.000287821286619418,0,0,0,0,0,0,0,0,0,0,0,0.0157727782798558,0,0,0,0,0,0,0,0,0,0,0,0.00659303730871752,0.0277575697499541,0,0,0,0.00659108712772788,0,0,0,0,0,0,0,0,0,0,0,0,0,0,0,0,0,0,0,0,0.042137537943109,0.0561774148314619,0,0,0,-0.00350870915502613
0.00120069757217376,0.49616009047002,0,0,0,0,0,0,0,0,0,0,0,0,0,0,0,0,0,0,0,0,-0.0134220222087599,0,0,0,0,0.0000617361002249451,0,0.0504198294359052,0,0,0,0.00636485689472451,0,0,0,0.0314292070028925,0,0.00758166945812625,-0.00278933712441561,0,0,-0.00935640118018416,0,0,0,-0.000823165233176478,0,0,0,0,0,0,0,0,-0.00161028231147821,0.0127525605406915,0,0,0,0,0,0,0,0,0,0,0,0,0,0,0,0,0,0,0,0,0,0,-0.0177253545698872,0,0,0,0,0,0,0.0129935284350003,-0.0093726110624602,-0.00547345539156518,0,0,0,0,0,0,0,0,-0.00551067955451609,0,0,0,0,0,0,0,0,0,0,0,0,0,-0.00984844984772692,0,0,0,0,0,0,0,0,0,0,0,0,0,0.0240246045305124,0,0,0,0,-0.00109402804658414,0,0,0,0,0.00456657424468031,0,0,0,0,0,0,0.00440444462876815,0,0,0,0,0,0,0,0.00913202521125472,0,0,0,0,0,0,0,0,0,0,0,0,0,0,0,0,0,0,0,0,0,0,0,0,0,0,0,0,0,0.0309632015641826,0,0,0,0,-0.00196002422028008
0.00344243498372258,0.286163721806156,0,0,0,-0.00704998850087987,0,0,0,0,0,0,0,0.0131780219581721,0,0,0,0,0,-0.00346156614267832,0,0,-0.0106008568681767,0,0.00813055749382545,0,0,0.011552876640583,0,0.0193017434273832,-0.0126201397587688,0,0,0,0,0.0788364999392014,0,0.0610489403988998,0,0.0232020069819061,-0.0175297783408531,0,0,-0.0064171877684429,0,0,0,-0.00353586885086881,0,0,0,0,0,0,0,0,0,0.0278976844924581,0,-0.000768846852958635,-0.00743563987785865,0,0,0,-0.0127708544421223,0,0,0,0,0,0,0,0,-0.00195749547836924,0,0,0,0,0,0,-0.0210932563736478,0,0,0,0,0,0,0.0360263034827875,-0.0404808975961254,-0.0247976689373387,0,0,0,0,0,0,0,0,-0.0267196577689664,0,0,0,0,0,0,0,0,0,0,0,0,0,-0.0110458040480505,0,0,0,0,0,-0.0165121455426378,-0.0207061659393888,0,0,0,0,0,0,0.055401102224406,-0.0145300205395331,0,0.037994174471842,-0.00348489130330025,-0.00239603977552471,0,-0.000247964890803359,-0.00604620083830872,0,0,-0.000000442515043028148,0,0,0,0,0,0,0,0,0,0,0,0,0,0,0,0,0,0.00708694578701595,0,0,0,0,0,0,0,0,0,0,0,0,0,0,0,0,0,0,0,0,0,0,0,0,0,0.0858204536304097,0.0748480793767105,0,0,0,-0.0104719558786613
0.00386313356452817,0.431934339393761,0,0,0,0,0,0,0,0,0,0,0,0.00346168588098669,0,0,0,0,0,0,0,0,-0.00776233523003169,0,0,0,0,0.0107267898506355,0,0.0705542226790594,0,0.00505849829723076,0,0,0,0.00664283480128873,0,0.0382376146191079,0,0.00586564951900111,-0.0168839254062623,0,0,-0.00390033605286182,0,0,0,-0.00743765023005533,0,0,0,0,0,0,0,0,0,0.018631370377229,0,-0.00927350501865972,0,0,0,0,0,0,0,0,0,0,0,0,0,0,0,0,0,0,0,0,-0.0174100149953354,0,0,0,0,0,0,0.0205825622059277,-0.026128481628029,-0.018464894889341,0,0,0,0,-0.000586553714896978,0,0,0,-0.0184948423894138,0,0,0,0,0,0,0,0,0,0,0,0,0,-0.00766957076867987,0,0,0.00461735612282142,0,0,-0.0139672631169643,-0.00827967290094768,0,0,0,0,0,0,0.0425816320484978,-0.00204151779700361,0,0,0,-0.00563890990751161,0,0,0,0,0.00185419983696853,0,0,0,0,0,0,0.00946262835167746,0.00241831566920274,0,0,0,0,0,0,0.00978095637861708,0,0,0,0,0.00304678711916563,0,0,0,0,0,0,0,0,0,-0.000113850126382771,0,0,0,0,0,0,0,0,0,0,0,0,0,0,0.0572244251560932,0.0251590584850553,0,0,0,-0.00980045257939668
0.00275086643301293,0.397931006909268,0,0,0,0,0,0,0,0,0,0,0,0.0139570529895102,0,0,0,0,0,0,0,0,-0.0119399852005153,0,0,0,0,0.000795668261554918,0,0.0583882450614498,0,0.00469222546578185,0,0,0,0.011193644537439,0,0.0596579911821289,0,0.00791774690232478,-0.0121609295112173,0,0,0,0,0,0,0,0,0,0,0,0,0,0,0,0,0.0184392623134201,0,-0.0136961010565699,0,0,0,0,0,0,0,0,0.0113128975154629,0,0,0,0,0,0,0,0,0,0,0,-0.0211123604360831,0,0,0,0,0,0,0.0258810043789282,-0.0333642000703405,-0.0175479601915638,0,0,0,0,-0.000613230105840835,0,0,0,-0.00255189116785279,0,0,0,0,0,0,0,0,0,0,0,0,0,-0.00817687601958353,0,0,0,0,0,-0.00826149950476477,-0.0135428049860223,0,0,0,0,0,0,0.0502545598976913,-0.00345480502574529,0,0,0,-0.00678330376317542,0,0,0,0,0.0105525028169672,0,0,0,0,0,0,0.0119887423925155,0.000132237766164629,0,0,0,0,0,0,0.000385326949902276,0,0,0,0,0.0025246231003735,0,0,0,0,0,0,0,0,0,-0.000525105477962713,0,0,0,0,0,0,0,0,0,0,0,0,0,0,0.0598117926433701,0.0377073641818389,0,0,0,-0.00982723569599752
0.00541566997539566,0.414175410367209,0,0,0,0,0,0,0,0,0,0,0,0.0187005225968266,0,0,0,0,0,0,0,0,-0.0114529228667864,0,0,0,0,0.015750808343822,0,0.0991024752546144,-0.00643882633517457,0,0,0,0,0.00292841774054024,0,0.0475166899328085,0,0.00983842522389878,-0.00772102377760296,0,0,-0.0154655963739202,0,0,0,-0.00565185328105775,0,0,0,0,0,0,0,0,0,0.0218908280390202,0,-0.0114700981588148,0,0,0,0,0,0,0,0,0.000583658710696607,0,0,0,0,0,0,0,0,0,0,0,-0.00969483670672393,0,0,0,0,-0.00296962778289542,0,0.0315270098812819,-0.0338727374692237,-0.0214311418364667,0,0,0,0,-0.00480838509565213,0,0,0,-0.0142415598560013,0,0,0,0,0,0,0,0,0,0,0,0,0,-0.010112355878392,0,0,0.0039508834205671,0,0,-0.00719050039410827,-0.0142207742946958,0,0,0,0,0,0,0.0378528869847992,-0.0118829238874249,0,0.00315122386316368,0,-0.00269240813085612,0,0,-0.00000527220345840288,0,0,-0.00151483710361731,0,0,0,0,0,0.00585760116206433,0,0,0,0,0,0,0,0.0000541805527287922,0,0,0,0,0.00995607310367599,0,0,0,0,0,0,0,0,0,0,0,0,0,0,0,0,0,0,0,0,0,0,0,0.0211431601646234,0.0779416320768541,0.0567301511855686,0,0,0,-0.00930878812604371
0.00419544025440551,0.39491053513311,0,0,0,-0.00164788389674494,0,0,0,0,0,0,0,0.0214030029963267,0,0,0,0,0,0,0,0,-0.0114662627410679,0,0,0,0,0.015894587120977,0,0.0650446252426777,-0.00666549116683938,0,0,0,0,0.0331180616296064,0,0.0299792737808276,0,0.0105957161785434,-0.00903848602469272,0,0,-0.0143000893904682,0,0,0,-0.00181529796496986,0,0,0,0,0,0,0,0,0,0.0254414341942464,0,-0.00862703852408985,0,0,0,0,-0.0048564061891528,0,0,0,0.000293373053632388,0,0,0,0,0,0,0,0,0,0,0,-0.0152257861160248,0,0,0,0,0,0,0.0339784192363898,-0.034791899380699,-0.0214536596638251,0,0,0,0,-0.00115880630375951,0,0,0,-0.013728868032627,0,0,0,0,0,0,0,0,0,0,0,0,0,-0.00725930633027442,0,0,0,0,0,-0.00849587393490419,-0.016841924485043,0,0,0,0,0,0,0.0473548168607555,-0.0178641596643383,0,0.0164192848210136,0,-0.0026273050855769,0,0,-0.00360371210338738,0,0,0,0,0,0,0,0,0,0,0,0,0,0,0,0,0,0,0,0,0,0.00332450318685045,0,0,0,0,0,0,0,0,0,0,0,0,0,0,0,0,0,0,0,0,0,0,0,0.00200427017028193,0.0785925579324275,0.0711980186079273,0,0,0,-0.000825647132804299
0.00510992962736961,0.427967499569915,0,0,0,0,0,0,0,0,0,0,0,0.0115235905404959,0,0,0,0,0,0,0,0,-0.0162208050223599,0,0,0,0,0.011195616215001,0,0.104349965853777,0,0.0159098346083247,0,0,0,0,0,0.0387636806286708,0,0.015276469644153,-0.00989880276869125,0,0,-0.00465018439751346,0,0,0,-0.0111933735048825,0,0,0,0,0,0,0,0,0,0.0228360191144307,0,-0.0137057815985137,0,0,0,0,0,0,0,0,0.00916981756209491,0,0,0,0,0,0,0,0,0,0,0,-0.0119517800997101,0,0,0,0,-0.00035709084724541,0,0.018137140153624,-0.0433120187202942,-0.0211769705029416,0,0,0,0,-0.00800890152218443,0,0,0,-0.0196052538627838,0,0,0,0,0,0,0,0,0,0,0,0,0,-0.00853924726137482,0,0,0,0,0,-0.00351232861879412,-0.0129340502294814,0,0,0,0,0,0,0.0305902817195008,-0.000240652375304123,0,0,0,-0.00182362254146884,0,0,0,0,0,0,0,0,0,0,0,0.00555822588472928,0.00181618667751511,0,0,0,0,0,0,0.0172635969728664,0,0,0,0,0.00230859131946742,0,0,0,0,0,0,0,0,0,0,0,0,0,0,0,0,0,0,0,0,0,0,0,0.044087622460515,0.0720327926626773,0.0254740557033069,0,0,0,-0.00138970606785734
0.000557822872344979,0.418017820871697,0,0,0,0,0,0,0,0,0,0,0,0.0148342560389665,0,0,0,0,0,0,0,0,-0.0122334237749563,0,0,0,0,0.00400099760504613,0,0.0430098764270791,0,0,0,0,0,0,0,0.0377440019704365,0,0.0117195828860896,-0.0102729335148946,0,0,-0.0169504385350931,0,0,0,-0.0104811294913792,0,0,0,0,0,0,0,0,0,0.0291979124241544,0,-0.00909137983286784,0,0,0,0,0,0,0,0,0.00184942762118311,0,0,0,0,0,0,0,0,0,0,0,-0.0112216911468457,0,0,0,0,-0.000636427143907623,0,0.0135983734979806,-0.0325503781329644,-0.0192875957643061,0,0,0,0,-0.00627393032328209,0,0,0,-0.0189930471458642,0,0,0,0,0,0,0,0,0,0,0,0,0,-0.00855380189114572,0,0,0,0,0,-0.00897591897632371,-0.0127696227825397,0,0,0,0,0,0,0.0335457914261019,-0.0112383868089772,0,0.00381633220042725,0,-0.0107964257089097,0,0,0,0,0,0,0,0,0,0,0,0.0167136672125731,0,0,0,0,0,0,0,0,0,0,0,0,0,0,0,0,0,0,0,0,0,0,0,0,0,0,0,0,0,0,0,0,0,0,0,0,0.016396372192921,0.0499711011669736,0.0308657110381652,0,0,0,0
0.00224313927924901,0.425069000314018,0,0,0,0,0,0,0,0,0,0,0,0,0,0,0,0,0,0,0,0,-0.0322894494042412,0,0,0,0,0.0121147066220935,0,0.151495703212794,0,0,0,0,0,0,0,0.0100020417373369,0,0.0163141866574395,-0.00545896237826305,0,0,0,0.0298108836749252,0,0,-0.0046207283205606,0,0,0,0,0,0,0,0,0,0.0221146352779479,0,-0.0123565417619684,0,0,0,0,0,0,0,0,0,0,0,0,0,0,0,0,0,0,0,0,-0.0112313535441447,0,0,0,0,0,0,0.0102946681120143,-0.0408370250847785,-0.0136198563656363,0,0,0,0,-0.00485024023126538,0,0,0,-0.0173194387738216,0,0,0,0,0,0,0,0,0,0,0,0,0,-0.00361018542507891,0,0,0,0,0,-0.0000972512137109136,-0.00863493300434885,0,0,0,0,0,0,0.0173898999805818,-0.000647455587193481,0,0.000054551900372473,0,0,0,0,-0.00474596498569528,0,0,0,0,0,0,0,0,0,0,0,0,0,0,0,0,0.0383189462095674,0,0,0,0,0,0,0,0,0,0,0,0,0,0,0,0,0,0,0,0,0,0,0,0,0,0,0,0,0.0947448709890032,0.102304688540435,0,0,0,0,-0.00900724553661098
0.00275206182001709,0.318154290516892,0,0,0,-0.00757174921644737,0,0,0,0,0,0,0,0.0226023620173304,0,0,0,0,0,0,0,0,-0.0178704780699835,0,0,0,0,0.00196794894735367,0,0.0479721368791095,-0.00851949191738661,0,0,0,0,0.0616463608297435,0,0.0562232681502915,0,0.0233735625072206,-0.00260838316608679,0,0,-0.00290437885459989,0,0,0,-0.0000627377886702701,0,0,0,0,0,0,0,0,0,0.0310959142735639,0,0,-0.000802510878252433,0,0,0,-0.00613244034401823,0,0,0,0,0,0,0,0,0,0,0,0,0,0,0,-0.0267566155270566,0,0,0,0,0,0,0.0401892782927615,-0.0426366688139325,-0.024211847220089,0,0,0,0,0,0,0,0,-0.028148214777811,0,0,0,0,0,0,0,0,0,0,0,0,0,-0.00288526198909031,0,0,0,0,0,-0.0110250668718471,-0.0175384175525677,0,0,0,0,0,0,0.0452880543399883,-0.0106697951803329,0,0.0376936044307995,-0.000387327474581327,-0.00158002907648174,0,0,0,0,0,0,0,0,0,0,0,0.00164276466318288,0,0,0,0,0,0,0,0,0,0,0,0.00411852940766838,0,0,0,0,0,0,0,0,0,0,0,0,0,0,0,0,0,0,0,0,0,0,0,0,0,0.077086614312443,0.0757252452696617,0,0,0,-0.00142726980568966
0.00400534988273633,0.354547662338615,0,0,0,0,0,0,0,0,0,0,0,0.0218158622005166,0,0,0,0,0,0,0,0,-0.0142533769511281,0,0,0,0,0.00135138024182558,0,0.0658922601750794,-0.0055044877590573,0.00586398361719893,0,0,0,0.0198486718707927,0,0.0486842124223693,0,0.00318745432905899,-0.0189470851909423,0,0,0,0,0,0,-0.00385630274008539,0,0,0,0,0,0,0,0,0,0.0214482561861836,0,-0.0148897534176383,0,0,0,0,0,0,0,0,0.00789601692205007,0,0,0,0,0,0,0,0,0,0,0,-0.0212730607892654,0,0,0,0,0,0,0.0352706571574486,-0.0393490004681979,-0.0238651996306854,0,0,0,0,0,0,0,0,-0.0238376879285858,0,0,0,0,0,0,0,0,0,0,0,0,0,-0.00754168958201403,0,0,0,0,0,-0.0227180123072231,-0.0198726384399971,0,0,0,0,0,0,0.0477740027416967,-0.0114116968292108,0,0.00824225092924188,0,-0.00782967978389373,0,0,-0.00435718338748674,0,0.00201952292723746,-0.00121042952607436,0,0,0,0,0,0.0105638620951473,0,0,0,0,0,0,0,0.00294284543343979,0,0,0,0.0112647276515458,0.00108715171629656,0,0,0,0,0,0,-0.000968546068614975,-0.0061708222589928,0,0,0,0,0,0,0,0,0,0,0,0,0,0,0,0,0.0908958970151979,0.0566434735615108,0,0,0,-0.0188324459470817
0.00337470907169331,0.409917357269285,0,0,0,0,0,0,0,0,0,0,0,0.0144441453499043,0,0,0,0,0,0,0,0,-0.0168615326240715,0,0,0,0,0.000410085960840446,0,0.0882354233200574,0,0.000997600697935496,0,0,0,0,0,0.0582060430210581,0,0.0092604686651753,-0.0125290630754984,0,0,0,0,0,0,-0.0096291151601293,0,0,0,0,0,0,0,0,0,0.0199442487535273,0,-0.0190310204433196,0,0,0,0,0,0,0,0,0.0112870716636605,0,0,0,0,0,0,0,0,0,0,0,-0.0202760037080487,0,0,0,0,0,0,0.0277491316040662,-0.0363665379293277,-0.0208974650336653,0,0,0,0,0,0,0,0,-0.0129059144362159,0,0,0,0,0,0,0,0,0,0,0,0,0,-0.00535620030975164,0,0,0,0,0,-0.0125862232221629,-0.0132280867853798,0,0,0,0,0,0,0.0399285376818992,-0.00658587637917759,0,0,0,-0.00395049101753522,0,0,-0.000619168672365993,0,0.00252678770665781,0,0,0,0,0,0,0.00456652180861956,0,0,0,0,0,0,0,0.00915538132563194,0,0,0,0,0.00497749721636859,0,0,0,0,0,0,0,-0.000156154030065275,0,-0.00382441008528147,0,0,0,0,0,0,0,0,0,0,0,0,0,0.0143789965917501,0.070498060707833,0.0249857733174581,0,0,0,-0.00632736358626265
0.00194623308446668,0.416874823972787,0,0,0,0,0,0,0,0,0,0,0,0.00319514252500777,0,0,0,0,0,0,0,0,-0.0156528141694601,0,0,0,0,0.00031722150943771,0,0.0858888933261151,0,0.00251582853118016,0,0.00234978154005423,0,0,0,0.0549520870297821,0,0,-0.00556589522825384,0,0,0,0,0,0,-0.00611715680298455,0,0,0,0,0,0,0,0,-0.000334565383179219,0.020089676013193,0,-0.0108249034868771,0,0,0,0,0,0,0,0,0,0,0,0,0,0,0,0,0,0,0,0,-0.0151475302687076,0,0,0,0,0,0,0.0202242824938873,-0.0288381057708067,-0.0155921144397716,0,0,0,0,0,0,0,0,-0.0119657250562231,0,0,0,0,0,0,0,0,0,0,0,0,0,-0.00438011799725449,0,0,0,0,0,-0.00759512678206303,-0.0108580079678406,0,0,0,0,0,0,0.0383444391001076,0,0,0.000139148867546744,0,-0.00442408093544433,0,0,0,0,0.0043054580816802,0,0,0,0,0,0,0.0103002281353324,0,0,0,0,0,0,0,0.0176110895538603,0,0,0,0,0,0,0,0,0,0,0,0,0,0,0,0,0,0,0,0,0,0,0,0,0,0,0,0,0.0080912265421903,0.0615088958207364,0.0145901037954839,0,0,0,-0.0124381764409109
0.00324763316499561,0.441804709868684,0,0,0,0,0,0,0,0,0,0,0,0.00145316976273171,0,0,0,0,0,0,0,0,-0.0183123999225553,0,0,0,0,0.000332737016196542,0,0.0728193839751207,0,0.00400098023941498,0,0.0140652186362137,0,0,0,0.0479345106787786,0,0,-0.0126700498328649,0,0,-0.00230654251601375,0,0,0,-0.000899722488473267,0,0,0,0,0,0,0,0,-0.00210681040828256,0.0203176717701297,0,-0.00826895925671823,0,0,0,0,0,0,0,0,0.00156114866011079,0,0,0,0,0,0,0,0,0,0,0,-0.0151943363837266,0,0,0,0,0,0,0.0225481495020518,-0.0197108179281141,-0.0101842624803698,0,0,0,0,0,0,0,0,0,0,0,0,0,0,0,0,0,0,0,0,0,0,-0.0076343111707995,0,0,0,0,0,-0.0136215662941628,-0.00154261049555116,0,0,0,0,0,0,0.0463747792121404,0,0,0,0,-0.00936797568405545,0,0,0,0,0.00550293993641738,0,0,0,0,0,0,0.00731633173357885,0,0,0,0,0,0,0,0.0215778621347721,0,0,0,0,0,0,0,0,0,0,0,0,0,0,0,0,0,0,0,0,0,0,0,0,0,0,0,0,0.00380417839211328,0.0627632879698632,0,0,0,0,-0.0121546485351717
0.00379619275541847,0.375219360913212,0,0,0,0,0,0,0,0,0,0,0,0.0165464531978164,0,0,0,0,0,0,0,0,-0.0176903131084331,0,0,0,0,0.00129093532170867,0,0.0884348823067572,-0.000503763576299138,0.00531973011951508,0,0,0,0.0114478043476477,0,0.0468647862713658,0,0.011292967220365,-0.0174361473027391,0,0,0,0,0,0,-0.00245328452658748,0,0,0,0,0,0,0,0,0,0.02188678972366,0,-0.0131984245530542,0,0,0,0,0,0,0,0,0,0,0,0,0,0,0,0,0,0,0,0,-0.0155131035940855,0,0,0,0,0,0,0.0322185205705411,-0.0327770330721759,-0.0206611528450179,0,0,0,0,0,0,0,0,-0.019172309112064,0,0,0,0,0,0,0,0,0,0,0,0,0,-0.00530759933359988,0,0,0,0,0,-0.0237036795585079,-0.0199697383039663,0,0,0,0,0,0,0.0486932476390515,-0.0095273688861209,0,0.00122281823138462,0,-0.00535167594496997,0,0,-0.00405825399293514,0,0.00143900806159845,0,0,0,0,0,0,0.00728698151497423,0,0,0,0,0,0,0,0.00601944435391056,0,0,0,0,0,0,0,0,0,0,0,0,-0.00194794613896633,0,0,0,0,0,0,0,0,0,0,0,0,0,0,0,0.00588849967625969,0.0898992393497026,0.0421116668464323,0,0,0,-0.0138867692241265
0.00407596644145885,0.413391875551016,0,0,0,0,0,0,0,0,0,0,0,0.0135294553423842,0,0,0,0,0,0,0,0,-0.0211911680905175,0,0,0,0,0,0,0.0744331114698291,0,0.00217625468369425,0,0.00801155269340274,0,0,0,0.0551444377171798,0,0.00478072596475277,-0.0162799230711726,0,0,0,0,0,0,-0.00323910185951888,0,0,0,0,0,0,0,0,-0.0015204190544666,0.0186913905149,0,-0.0147830033453929,0,0,0,0,0,0,0,0,0.00763946040263346,0,0,0,0,0,0,0,0,0,0,0,-0.0195911419896045,0,0,0,0,0,0,0.0271458828207812,-0.0307215730638527,-0.0183447294628626,0,0,0,0,0,0,0,0,-0.00208304038771683,0,0,0,0,0,0,0,0,0,0,0,0,0,-0.00698371452567843,0,0,0,0,0,-0.0209685749328979,-0.0104458105071724,0,0,0,0,0,0,0.0459612892393571,-0.0051524771751734,0,0,0,-0.00865758714669143,0,0,0,0,0.00467643468748609,0,0,0,0,0,0,0.0102545149183729,0,0,0,0,0,0,0,0.00883122608042772,0,0,0,0,0.00201572769606251,0,0,0,0,0,0,0,0,0,0,0,0,0,0,0,0,0,0,0,0,0,0,0,0.00371809425598345,0.0697249595769817,0.0162284657770609,0,0,0,-0.0157544815305212
0.00282435209532092,0.428504203737631,0,0,0,0,0,0,0,0,0,0,0,0.00256169975349467,0,0,0,0,0,0,0,0,-0.0229848074806229,0,0,0,0,0,0,0.0628847848698131,0,0.00279388259237906,0,0.012203025034113,0,0,0,0.0557003422177693,0,0.0041689498369386,-0.012612414916322,0,0,-0.000709587975099873,0,0,0,-0.00407960753535419,0,0,0,0,0,0,0,0,-0.00648721439583099,0.0173321924577125,0,-0.0123873894253086,0,0,0,0,0,0,0,0,0.00274896648371397,0,0,0,0,0,0,0,0,0,0,0,-0.0189081207333227,0,0,0,0,0,0,0.0234708338677738,-0.0229246915354478,-0.0127196839837657,0,0,0,0,0,0,0,0,0,0,0,0,0,0,0,0,0,0,0,0,0,0,-0.0111366093756266,0,0,0,0,0,-0.0122771814671482,-0.00239431412201929,0,0,0,0,0,0,0.0451844082759824,-0.00138586251444013,0,0,0,-0.00607799862643767,0,0,0,0,0.00353240182055153,0,0,0,0,0,0,0.00487268924428723,0,0,0,0,0,0,0,0.0111467103741848,0,0,0,0,0,0,0,0,0,0,0,0,0,0,0,0,0,0,0,0,0,0,0,0,0,0,0,0,0,0.0529299343177534,0,0,0,0,-0.0128842123777786
0.0029584151458821,0.444004285992766,0,0,0,0,0,0,0,0,0,0,0,0,0,0,0,0,0,0,0,0,-0.0183508027170018,0,0,0,0,0.000515604085914332,0,0.0769686998631888,0,0,0,0.0105633570120292,0,0,0,0.0478453701422226,0,0.00207284591520754,-0.0104675361022648,0,0,-0.00409965279819486,0,0,0,-0.00460048324138888,0,0,0,0,0,0,0,0,-0.00199482870907393,0.0175217405030441,0,-0.00848429961363133,0,0,0,0,0,0,0,0,0,0,0,0,0,0,0,0,0,0,0,0,-0.0173184283021201,0,0,0,0,0,0,0.0170183575532009,-0.0216863237121153,-0.0104533773739204,0,0,0,0,0,0,0,0,-0.00209958497224649,0,0,0,0,0,0,0,0,0,0,0,0,0,-0.00931354700421928,0,0,0,0,0,-0.0105511669426197,-0.0010278979404025,0,0,0,0,0,0,0.0387556353497367,0,0,0,0,-0.0072821067141435,0,0,0,0,0.00340370442591742,0,0,0,0,0,0,0.00316641754839253,0,0,0,0,0,0,0,0.0191945472586737,0,0,0,0,0,0,0,0,0,0,0,0,0,0,0,0,0,0,0,0,0,0,0,0,0,0,0,0,0.00609829547862971,0.0581149032109344,0,0,0,0,-0.0114499143273727
0.0027420690454439,0.461893273821588,0,0,0,0,0,0,0,0,0,0,0,0,0,0,0,0,0,0,0,0,-0.0206078055183859,0,0,0,0,0.00246054907744384,0,0.0631669941171755,0,0.000960340396785549,0,0.00981595267421345,0,0,0,0.0415486118124023,0,0.00054282150386633,-0.0131432835335051,0,0,-0.00866184876542661,0,0,0,-0.000468927108260397,0,0,0,0,0,0,0,0,-0.0039859653415999,0.0162244138126117,0,-0.00267512686716088,0,0,0,0,0,0,0,0,0,0,0,0,0,0,0,0,0,0,0,0,-0.0141050893288462,0,0,0,0,0,0,0.0172802606106528,-0.0149323595498888,-0.00724480923419446,0,0,0,0,0,0,0,0,0,0,0,0,0,0,0,0,0,0,0,0,0,0,-0.00927465976465361,0,0,0,0,0,-0.00851014365664259,0,0,0,0,0,0,0,0.0388256156021602,0,0,0,0,-0.00945520783490106,0,0,0,0,0.00521432516590403,0,0,0,0,0,0,0.00167504119983847,0,0,0,0,0,0,0,0.0161468716762234,0,0,0,0,0,0,0,0,0,0,0,0,0,0,0,0,0,0,0,0,0,0,0,0,0,0,0,0,0,0.0504080951144835,0,0,0,0,-0.0123492347063155
0.00210800461143688,0.466535589805545,0,0,0,0,0,0,0,0,0,0,0,0,0,0,0,0,0,0,0,0,-0.0310706707685287,0,0,0,0,0.00081922862040891,0,0.0484803414509309,0,0.00178319295076908,0,0.00108170829798279,0,0.0202834907872959,0,0.037664872043319,0,0.000503574780741504,-0.00755435523876015,0,0,-0.0111939662356307,0,0,0,0,0,0,0,0,0,0,0,0,-0.00453606996477531,0.0147087302207495,0,-0.00306786851044669,0,0,0,0,0,0,0,0,0.00203335236075579,0,0,0,0,0,0,0,0,0,0,0,-0.0137545486628794,0,0,0,0,0,0,0.0241127016833492,-0.0119882724836311,-0.00398511226074636,0,0,0,0,0,0,0,0,-0.00401566422178545,0,0,0,0,0,0,0,0,0,0,0,0,0,-0.0105598010038466,0,0,0,0,0,0,0,0,0,0,0,0,0,0.0385185245100917,0,0,0,0,-0.00265316649307667,0,-0.00438761062979565,0,0,0.00187726873692595,0,0,0,0,0,0,0,0,0,0,0,0,0,0,0,0,0,0.00328288410676851,0,0,0,0,0,0,0,0,0,0,0,0,0,0,0,0,0,0,0,0,0,0,0,0,0,0,0.043900137687022,0,0,0,0,-0.0160134288168817
0.00339544075060219,0.455147038694435,0,0,0,0,0,0,0,0,0,0,0,0,0,0,0,0,0,0,0,0,-0.0216628622237768,0,0,0,0,0.00640327851060351,0,0.0736813319251829,0,0.00338316928642551,0,0.0115667091642513,0,0,0,0.0265434940630911,0,0.00510316882011505,-0.00804959625526534,0,0,-0.00483333017290319,0,0,0,0,0,0,0,0,0,0,0,0,-0.00631023288785026,0.0163055897202414,0,-0.00245249607546856,0,0,0,0,0,0,0,0,0,0,0,0,0,0,0,0,0,0,0,0,-0.0113387754269499,0,0,0,0,0,0,0.0129396442961036,-0.0148471985494209,-0.00983257419873955,0,0,0,0,0,0,0,0,-0.000919064807040732,0,0,0,0,0,0,0,0,0,0,0,0,0,-0.00522981504733986,0,0,0,0,0,-0.00785261068510408,-0.00116670942633335,0,0,0,0,0,0,0.038237691563459,0,0,0,0,-0.00407723431680746,0,-0.00163742356729294,0,0,0.00199545590032008,0,0,0,0,0,0,0.0138358266640943,0,0,0,0,0,0,0,0.0107402989686811,0,0,0,0,0,0,0,0,0,0,0,0,0,0,0,0,0,0,0,0,0,0,0,0,0,0,0,0,0.00924627675270919,0.0631222837024731,0,0,0,0,-0.0138728321359293
0.00179239517483068,0.480101209644314,0,0,0,0,0,0,0,0,0,0,0,0,0,0,0,0,0,0,0,0,-0.0248097870979829,0,0,0,0,0.00866331881407135,0,0.0766476549921556,0,0.00284068881449027,0,0.00501290295018537,0,0,0,0.0243191949467567,0,0,-0.0150444948826135,0,0,-0.0116225764774993,0,0,0,0,0,0,0,0,0,0,0,0,0,0.0154578169228805,0,0,0,0,0,0,0,0,0,0,0,0,0,0,0,0,0,0,0,0,0,0,-0.00664211247774127,0,0,0,0,0,0,0.0073962109099497,-0.0119050076957897,-0.00753936652987534,0,0,0,0,0,0,0,0,-0.000911651055525432,0,0,0,0,0,0,0,0,0,0,0,0,0,-0.00137747606472059,0,0,0,0,0,-0.0000659284233648737,0,0,0,0,0,0,0,0.0267838529111851,0,0,0,0,-0.0168738302528298,0,0,0,0,0.00801905409750143,0,0,0,0,0,0,0,0,0,0,0,0,0,0,0.0156792162319847,0,0,0,0,0,0,0,0,0,0,0,0,0,0,0,0,0,0,0,0,0,0,0,0,0,0,0,0,0.0062257578110352,0.056249946790243,0,0,0,0,-0.00996748279785273
NA,NA,NA,NA,NA,NA,NA,NA,NA,NA,NA,NA,NA,NA,NA,NA,NA,NA,NA,NA,NA,NA,NA,NA,NA,NA,NA,NA,NA,NA,NA,NA,NA,NA,NA,NA,NA,NA,NA,NA,NA,NA,NA,NA,NA,NA,NA,NA,NA,NA,NA,NA,NA,NA,NA,NA,NA,NA,NA,NA,NA,NA,NA,NA,NA,NA,NA,NA,NA,NA,NA,NA,NA,NA,NA,NA,NA,NA,NA,NA,NA,NA,NA,NA,NA,NA,NA,NA,NA,NA,NA,NA,NA,NA,NA,NA,NA,NA,NA,NA,NA,NA,NA,NA,NA,NA,NA,NA,NA,NA,NA,NA,NA,NA,NA,NA,NA,NA,NA,NA,NA,NA,NA,NA,NA,NA,NA,NA,NA,NA,NA,NA,NA,NA,NA,NA,NA,NA,NA,NA,NA,NA,NA,NA,NA,NA,NA,NA,NA,NA,NA,NA,NA,NA,NA,NA,NA,NA,NA,NA,NA,NA,NA,NA,NA,NA,NA,NA,NA,NA,NA,NA,NA,NA,NA,NA,NA,NA,NA,NA,NA,NA,NA,NA,NA,NA,NA
0.00127017796877906,0.464093467911488,0,0,0,0,0,0,0,0,0,0,0,0,0,0,0,0,0,0,0,0,-0.0255403689829837,0,0,0,0,0.0037751642851749,0,0.0488285181282463,0,0,0,0.0119779085418564,0,0.00957481288719529,0,0.0373942069207336,0,0.0028065681253384,-0.0157200231365575,0,0,-0.00894507469501387,0,0,0,0,0,0,0,0,0,0,0,0,-0.00292095473649608,0.0140744947993103,0,0,0,0,0,0,0,0,0,0,0,0,0,0,0,0,0,0,0,0,0,0,-0.00871650336814454,0,0,0,0,0,0,0.0158838746448369,-0.00584996669570105,-0.003897132739488,0,0,0,0,0,0,0,0,0,0,0,0,0,0,0,0,0,0,0,0,0,0,-0.00763456642719324,0,0,0,0,0,0,0,0,0,0,0,0,0,0.0405276458086387,0,0,0,0,-0.00884034849940516,0,-0.00373869356428016,0,0,0.00918688624186103,0,0,0,0,0,0,0,0,0,0,0,0,0,0,0.00644574012750265,0,0,0.00586286398398377,0,0,0,0,0,0,0,0,0,0,0,0,0,0,0,0,0,0,0,0,0,0,0,0,0,0,0.0421681008772837,0,0,0,0,-0.0125053125038927
NA,NA,NA,NA,NA,NA,NA,NA,NA,NA,NA,NA,NA,NA,NA,NA,NA,NA,NA,NA,NA,NA,NA,NA,NA,NA,NA,NA,NA,NA,NA,NA,NA,NA,NA,NA,NA,NA,NA,NA,NA,NA,NA,NA,NA,NA,NA,NA,NA,NA,NA,NA,NA,NA,NA,NA,NA,NA,NA,NA,NA,NA,NA,NA,NA,NA,NA,NA,NA,NA,NA,NA,NA,NA,NA,NA,NA,NA,NA,NA,NA,NA,NA,NA,NA,NA,NA,NA,NA,NA,NA,NA,NA,NA,NA,NA,NA,NA,NA,NA,NA,NA,NA,NA,NA,NA,NA,NA,NA,NA,NA,NA,NA,NA,NA,NA,NA,NA,NA,NA,NA,NA,NA,NA,NA,NA,NA,NA,NA,NA,NA,NA,NA,NA,NA,NA,NA,NA,NA,NA,NA,NA,NA,NA,NA,NA,NA,NA,NA,NA,NA,NA,NA,NA,NA,NA,NA,NA,NA,NA,NA,NA,NA,NA,NA,NA,NA,NA,NA,NA,NA,NA,NA,NA,NA,NA,NA,NA,NA,NA,NA,NA,NA,NA,NA,NA,NA
0.00230571311659731,0.481224592392104,0,0,0,0,0,0,0,0,0,0,0,0,0,0,0,0,0,0,0,0,-0.0264156129722676,0,0,0,0,0.00359943303163809,0,0.054510578147673,0,0,0,0.00596026917587696,0,0.000957888553817464,0,0.0255101523870274,0,0,-0.00888412644585245,0,0,-0.0152279138737816,0,0,0,0,0,0,0,0,0,0,0,0,-0.0057010336755226,0.0147500856858523,0,-0.00390745743102553,0,0,0,0,0,0,0,0,0,0,0,0,0,0,0,0,0,0,0,0,-0.0120072458638424,0,0,0,0,0,0,0.0155211032360929,-0.0112317539349712,-0.00501404967567151,0,0,0,0,0,0,0,0,0,0,0,0,0,0,0,0,0,0,0,0,0,0,-0.00707460364731999,0,0,0,0,0,-0.00361386398572256,-0.00180157961455085,0,0,0,0,0,0,0.0411895641069725,0,0,0,0,-0.00301675930889171,0,0,0,0,0.00629567256172959,0,0,0,0,0,0,0.00503078714323529,0,0,0,0,0,0,0,0.00628303643377313,0,0,0.00248434156781564,0,0,0,0,0,0,0,0,0,0,0,0,0,0,0,0,0,0,0,0,0,0,0,0,0,0,0.0473344437627116,0,0,0,0,-0.0152338091988876
0.0011177965696218,0.495172330217064,0,0,0,0,0,0,0,0,0,0,0,0,0,0,0,0,0,0,0,0,-0.029191803616889,0,0,0,0,0.00185187109707325,0,0.0555678139615129,0,0,0,0.00367246748791592,0,0.0050491900714031,0,0.0188680384592707,0,0.00184443995454011,-0.00738360548947883,0,0,-0.0134107804063493,0,0,0,0,0,0,0,0,0,0,0,0,-0.00337695018802963,0.0118481544899257,0,0,0,0,0,0,0,0,0,0,0,0,0,0,0,0,0,0,0,0,0,0,-0.0144524482321721,0,0,0,0,0,0,0.0125960518021188,-0.00470400281496977,-0.00536944949638419,0,0,0,0,0,0,0,0,-0.00202427484239068,0,0,0,0,0,0,0,0,0,0,0,0,0,-0.00309385152644068,0,0,0,0,0,0,0,0,0,0,0,0,0,0.0288637165884409,0,0,0,0,-0.00707632072066332,0,-0.000675808416195101,0,0,0.0106764584069635,0,0,0,0,0,0,0,0,0,0,0,0,0,0,0.00620043629224021,0,0,0.00188248684665418,0,0,0,0,0,0,0,0,0,0,0,0,0,0,0,0,0,0,0,0,0,0,0,0,0,0,0.0428595806923151,0,0,0,0,-0.0152905726273286
0.0000574413233186827,0.504933613961579,0,0,0,0,0,0,0,0,0,0,0,0,0.00802122774174874,0,0,0,0,0,0,0,-0.0301973118061906,0,0,0,0,0,0,0.0505891333290002,0,0,0,0.00425371173524818,0,0,0,0.0174964815193362,0,0.00461348635284749,-0.00328371645031801,0,0,-0.0177894651503822,0,0,0,0,0,0,0,0,0,0,0.000678002084537632,0,-0.00400654479441201,0.00937150543185798,0,0,0,0,0,0,0,0,0,0,0,0,0,0,0,0,0,0,0,0,0,0,-0.0167485235783504,0,0,0,0,0,0,0.00932706535480829,-0.00175504777616308,-0.00379868775337348,0,0,0,0,0,0,0,0,-0.0050522917847746,0,0,0,0,0,0,0,0,0,0,0,0,0,-0.00216730218585575,0,0,0,0,0,0,0,0,0,0,0,0,0,0.0238579596332875,0,0,0,0,-0.010069055924285,0,0,0,0,0.0102602814274764,0,0,0,0,0,0,0,0,0,0,0,0,0,0,0.00213627333966559,0,0,0,0,0,0,0,0,0,0,0,0,0,0,0,0,0,0,0,0,0,0,0,0,0,0,0,0,0,0.0345003639661814,0,0,0,0,-0.0151841316463019
-0.0000476881953452198,0.498060591242588,0,0,0,0,0,0,0,0,0,0,0,0,0.00815621418296644,0,0,0,0,0,0,0,-0.0333273134107928,0,0,0,0,0,0,0.0477503171212224,0,0,0,0.00275358381358363,0,0.00578840287930309,0,0.019031176471321,0,0.00652644348873845,-0.00362707890443588,0,0,-0.0163873537061652,0,0,0,0,0,0,0,0,0,0,0.00244399047778012,0,-0.00453697755954959,0.00925194848047733,0,0,0,0,0,0,0,0,0,0,0,0,0,0,0,0,0,0,0,0,0,0,-0.0171712846447039,0,0,0,0,0,0,0.0132988619524714,-0.00241533020074938,-0.00273626806218725,0,0,0,0,0,0,0,0,-0.00562454435449241,0,0,0,0,0,0,0,0,0,0,0,0,0,-0.00388460917603201,0,0,0,0,0,0,0,0,0,0,0,0,0,0.0232780917427605,0,0,0,0,-0.00822885345770832,0,-0.000080205346582005,0,0,0.00975820372317944,0,0,0,0,0,0,0,0,0,0,0,0,0,0,0.000460926722491265,0,0,0,0,0,0,0,0,0,0,0,0,0,0,0,0,0,0,0,0,0,0,0,0,0,0,0,0,0,0.0364155880033223,0,0,0,0,-0.015718421951968
0.00272020056045811,0.477940937597949,0,0,0,0,0,0,0,0,0,0,0,0,0,0,0,0,0,0,0,0,-0.0205765433636672,0,0,0,0,0.00583825680028301,0,0.065199480496844,0,0.00251227075063708,0,0.00569965157200536,0,0,0,0.0277603294926255,0,0.00288779366931819,-0.00658089072406267,0,0,-0.00994275682128299,0,0,0,-0.000838634348412609,0,0,0,0,0,0,0,0,-0.000198724700687703,0.0165431631774032,0,-0.000646331587405166,0,0,0,0,0,0,0,0,0,0,0,0,0,0,0,0,0,0,0,0,-0.0112919151429428,0,0,0,0,0,0,0.00997420293203765,-0.0123851311755431,-0.00926111624111463,0,0,0,0,0,0,0,0,-0.00839504302583272,0,0,0,0,0,0,0,0,0,0,0,0,0,-0.0051526866432114,0,0,0,0,0,-0.000253688669840363,0,0,0,0,0,0,0,0.0324284636363646,0,0,0,0,-0.00687040526980864,0,-0.00326374317855074,0,0,0.00493046162066997,0,0,0,0,0,0,0,0,0,0,0,0,0,0,0.00916299027457292,0,0,0,0,0,0,0,0,0,0,0,0,0,0,0,0,0,0,0,0,0,0,0,0,0,0,0,0,0.00288869522038056,0.0466489318215576,0,0,0,0,-0.0107192922457236
0.00363024084547845,0.482727781343594,0,0,0,0,0,0,0,0,0,0,0,0,0,0,0,0,0,0,0,0,-0.0226947601771478,0,0,0,0,0.00490273961755665,0,0.0645517709571026,0,0.00352168821222114,0,0.00797501772010614,0,0.00154417992035086,0,0.0317334956352966,0,0.00564277550263069,-0.00959792114240926,0,0,-0.00913068815829024,0,0,0,0,0,0,0,0,0,0,0,0,-0.00371358162635881,0.0131242252946783,0,-0.000363538840405738,0,0,0,0,0,0,0,0,0,0,0,0,0,0,0,0,0,0,0,0,-0.010729506089864,0,0,0,0,0,0,0.0117424240985935,-0.00992883526024158,-0.00554227968124865,0,0,0,0,0,0,0,0,-0.00170032984581833,0,0,0,0,0,0,0,0,0,0,0,0,0,-0.00947275851228066,0,0,0,0,0,-0.0000799432910148273,0,0,0,0,0,0,0,0.0351349873566535,0,0,0,0,-0.00728557691081567,0,-0.00231603847283282,0,0,0.00239595112789441,0,0,0,0,0,0,0,0,0,0,0,0,0,0,0.00675599862383445,0,0,0,0,0,0,0,0,0,0,0,0,0,0,0,0,0,0,0,0,0,0,0,0,0,0,0,0,0.00197912834845303,0.0466378679010716,0,0,0,0,-0.012888980092691
